received_at,device_id,f_port,rssi,snr,payload_json
2025-09-18 00:04:35.909909113+00:00,dds75-lb-04,2,-41,7.5,"{""Bat"": 3.256, ""Distance_mm"": 933, ""Interrupt_flag"": 0, ""Node_type"": ""DDS75-LB"", ""Sensor_flag"": 1, ""TempC_DS18B20"": 32.76}"
2025-09-18 00:24:35.690789331+00:00,dds75-lb-04,2,-39,10.75,"{""Bat"": 3.256, ""Distance_mm"": 933, ""Interrupt_flag"": 0, ""Node_type"": ""DDS75-LB"", ""Sensor_flag"": 1, ""TempC_DS18B20"": 32.76}"
2025-09-18 00:44:35.438214470+00:00,dds75-lb-04,2,-123,-4.75,"{""Bat"": 3.256, ""Distance_mm"": 933, ""Interrupt_flag"": 0, ""Node_type"": ""DDS75-LB"", ""Sensor_flag"": 1, ""TempC_DS18B20"": 32.76}"
2025-09-18 01:04:35.200065517+00:00,dds75-lb-04,2,-39,9.5,"{""Bat"": 3.256, ""Distance_mm"": 933, ""Interrupt_flag"": 0, ""Node_type"": ""DDS75-LB"", ""Sensor_flag"": 1, ""TempC_DS18B20"": 32.76}"
2025-09-18 01:24:34.951131853+00:00,dds75-lb-04,2,-37,9.0,"{""Bat"": 3.256, ""Distance_mm"": 933, ""Interrupt_flag"": 0, ""Node_type"": ""DDS75-LB"", ""Sensor_flag"": 1, ""TempC_DS18B20"": 32.76}"
2025-09-18 01:44:34.720012933+00:00,dds75-lb-04,2,-41,8.25,"{""Bat"": 3.256, ""Distance_mm"": 933, ""Interrupt_flag"": 0, ""Node_type"": ""DDS75-LB"", ""Sensor_flag"": 1, ""TempC_DS18B20"": 32.76}"
2025-09-18 02:04:34.481683827+00:00,dds75-lb-04,2,-39,8.75,"{""Bat"": 3.256, ""Distance_mm"": 933, ""Interrupt_flag"": 0, ""Node_type"": ""DDS75-LB"", ""Sensor_flag"": 1, ""TempC_DS18B20"": 32.76}"
2025-09-18 02:24:34.256458010+00:00,dds75-lb-04,2,-41,9.75,"{""Bat"": 3.256, ""Distance_mm"": 933, ""Interrupt_flag"": 0, ""Node_type"": ""DDS75-LB"", ""Sensor_flag"": 1, ""TempC_DS18B20"": 32.76}"
2025-09-18 02:44:34.007234822+00:00,dds75-lb-04,2,-41,7.5,"{""Bat"": 3.256, ""Distance_mm"": 933, ""Interrupt_flag"": 0, ""Node_type"": ""DDS75-LB"", ""Sensor_flag"": 1, ""TempC_DS18B20"": 32.76}"
2025-09-18 03:04:33.776356651+00:00,dds75-lb-04,2,-41,9.75,"{""Bat"": 3.256, ""Distance_mm"": 932, ""Interrupt_flag"": 0, ""Node_type"": ""DDS75-LB"", ""Sensor_flag"": 1, ""TempC_DS18B20"": 32.76}"
2025-09-18 03:24:33.531060472+00:00,dds75-lb-04,2,-41,9.25,"{""Bat"": 3.256, ""Distance_mm"": 932, ""Interrupt_flag"": 0, ""Node_type"": ""DDS75-LB"", ""Sensor_flag"": 1, ""TempC_DS18B20"": 32.76}"
2025-09-18 03:44:33.316677047+00:00,dds75-lb-04,2,-38,7.5,"{""Bat"": 3.256, ""Distance_mm"": 932, ""Interrupt_flag"": 0, ""Node_type"": ""DDS75-LB"", ""Sensor_flag"": 1, ""TempC_DS18B20"": 32.76}"
2025-09-18 04:04:33.049039164+00:00,dds75-lb-04,2,-37,9.25,"{""Bat"": 3.256, ""Distance_mm"": 932, ""Interrupt_flag"": 0, ""Node_type"": ""DDS75-LB"", ""Sensor_flag"": 1, ""TempC_DS18B20"": 32.76}"
2025-09-18 04:24:32.816647559+00:00,dds75-lb-04,2,-112,2.5,"{""Bat"": 3.256, ""Distance_mm"": 932, ""Interrupt_flag"": 0, ""Node_type"": ""DDS75-LB"", ""Sensor_flag"": 1, ""TempC_DS18B20"": 32.76}"
2025-09-18 04:44:32.610690305+00:00,dds75-lb-04,2,-37,9.0,"{""Bat"": 3.256, ""Distance_mm"": 932, ""Interrupt_flag"": 0, ""Node_type"": ""DDS75-LB"", ""Sensor_flag"": 1, ""TempC_DS18B20"": 32.76}"
2025-09-18 05:04:32.339302295+00:00,dds75-lb-04,2,-39,9.25,"{""Bat"": 3.256, ""Distance_mm"": 932, ""Interrupt_flag"": 0, ""Node_type"": ""DDS75-LB"", ""Sensor_flag"": 1, ""TempC_DS18B20"": 32.76}"
2025-09-18 05:24:32.087298970+00:00,dds75-lb-04,2,-45,8.25,"{""Bat"": 3.256, ""Distance_mm"": 851, ""Interrupt_flag"": 0, ""Node_type"": ""DDS75-LB"", ""Sensor_flag"": 1, ""TempC_DS18B20"": 32.76}"
2025-09-18 05:44:31.861157693+00:00,dds75-lb-04,2,-41,9.75,"{""Bat"": 3.256, ""Distance_mm"": 851, ""Interrupt_flag"": 0, ""Node_type"": ""DDS75-LB"", ""Sensor_flag"": 1, ""TempC_DS18B20"": 32.76}"
2025-09-18 06:04:31.639353115+00:00,dds75-lb-04,2,-44,9.5,"{""Bat"": 3.256, ""Distance_mm"": 851, ""Interrupt_flag"": 0, ""Node_type"": ""DDS75-LB"", ""Sensor_flag"": 1, ""TempC_DS18B20"": 32.76}"
2025-09-18 06:24:31.410961219+00:00,dds75-lb-04,2,-113,3.25,"{""Bat"": 3.256, ""Distance_mm"": 851, ""Interrupt_flag"": 0, ""Node_type"": ""DDS75-LB"", ""Sensor_flag"": 1, ""TempC_DS18B20"": 32.76}"
2025-09-18 06:44:31.169996566+00:00,dds75-lb-04,2,-114,,"{""Bat"": 3.256, ""Distance_mm"": 851, ""Interrupt_flag"": 0, ""Node_type"": ""DDS75-LB"", ""Sensor_flag"": 1, ""TempC_DS18B20"": 32.76}"
2025-09-18 07:04:30.931313159+00:00,dds75-lb-04,2,-47,7.25,"{""Bat"": 3.256, ""Distance_mm"": 851, ""Interrupt_flag"": 0, ""Node_type"": ""DDS75-LB"", ""Sensor_flag"": 1, ""TempC_DS18B20"": 32.76}"
2025-09-18 07:24:30.689438426+00:00,dds75-lb-04,2,-44,10.0,"{""Bat"": 3.256, ""Distance_mm"": 851, ""Interrupt_flag"": 0, ""Node_type"": ""DDS75-LB"", ""Sensor_flag"": 1, ""TempC_DS18B20"": 32.76}"
2025-09-18 07:44:30.478504146+00:00,dds75-lb-04,2,-45,9.5,"{""Bat"": 3.256, ""Distance_mm"": 851, ""Interrupt_flag"": 0, ""Node_type"": ""DDS75-LB"", ""Sensor_flag"": 1, ""TempC_DS18B20"": 32.76}"
2025-09-18 08:04:30.233545137+00:00,dds75-lb-04,2,-50,6.75,"{""Bat"": 3.256, ""Distance_mm"": 851, ""Interrupt_flag"": 0, ""Node_type"": ""DDS75-LB"", ""Sensor_flag"": 1, ""TempC_DS18B20"": 32.76}"
2025-09-18 08:24:30.002254111+00:00,dds75-lb-04,2,-43,9.0,"{""Bat"": 3.256, ""Distance_mm"": 851, ""Interrupt_flag"": 0, ""Node_type"": ""DDS75-LB"", ""Sensor_flag"": 1, ""TempC_DS18B20"": 32.76}"
2025-09-18 08:44:29.730748297+00:00,dds75-lb-04,2,-44,10.75,"{""Bat"": 3.256, ""Distance_mm"": 851, ""Interrupt_flag"": 0, ""Node_type"": ""DDS75-LB"", ""Sensor_flag"": 1, ""TempC_DS18B20"": 32.76}"
2025-09-18 09:04:29.491994162+00:00,dds75-lb-04,2,-116,-1.0,"{""Bat"": 3.256, ""Distance_mm"": 851, ""Interrupt_flag"": 0, ""Node_type"": ""DDS75-LB"", ""Sensor_flag"": 1, ""TempC_DS18B20"": 32.76}"
2025-09-18 09:24:29.263361888+00:00,dds75-lb-04,2,-45,9.25,"{""Bat"": 3.256, ""Distance_mm"": 851, ""Interrupt_flag"": 0, ""Node_type"": ""DDS75-LB"", ""Sensor_flag"": 1, ""TempC_DS18B20"": 32.76}"
2025-09-18 09:44:29.034416831+00:00,dds75-lb-04,2,-116,-1.5,"{""Bat"": 3.256, ""Distance_mm"": 852, ""Interrupt_flag"": 0, ""Node_type"": ""DDS75-LB"", ""Sensor_flag"": 1, ""TempC_DS18B20"": 32.76}"
2025-09-18 10:04:28.812749658+00:00,dds75-lb-04,2,-45,9.75,"{""Bat"": 3.256, ""Distance_mm"": 852, ""Interrupt_flag"": 0, ""Node_type"": ""DDS75-LB"", ""Sensor_flag"": 1, ""TempC_DS18B20"": 32.76}"
2025-09-18 10:24:28.557935849+00:00,dds75-lb-04,2,-115,,"{""Bat"": 3.256, ""Distance_mm"": 852, ""Interrupt_flag"": 0, ""Node_type"": ""DDS75-LB"", ""Sensor_flag"": 1, ""TempC_DS18B20"": 32.76}"
2025-09-18 10:44:28.298091925+00:00,dds75-lb-04,2,-45,7.0,"{""Bat"": 3.256, ""Distance_mm"": 852, ""Interrupt_flag"": 0, ""Node_type"": ""DDS75-LB"", ""Sensor_flag"": 1, ""TempC_DS18B20"": 32.76}"
2025-09-18 11:04:28.068902615+00:00,dds75-lb-04,2,-43,9.0,"{""Bat"": 3.256, ""Distance_mm"": 851, ""Interrupt_flag"": 0, ""Node_type"": ""DDS75-LB"", ""Sensor_flag"": 1, ""TempC_DS18B20"": 32.76}"
2025-09-18 11:24:27.829641938+00:00,dds75-lb-04,2,-45,9.5,"{""Bat"": 3.256, ""Distance_mm"": 851, ""Interrupt_flag"": 0, ""Node_type"": ""DDS75-LB"", ""Sensor_flag"": 1, ""TempC_DS18B20"": 32.76}"
2025-09-18 11:44:27.604770702+00:00,dds75-lb-04,2,-49,6.5,"{""Bat"": 3.256, ""Distance_mm"": 851, ""Interrupt_flag"": 0, ""Node_type"": ""DDS75-LB"", ""Sensor_flag"": 1, ""TempC_DS18B20"": 32.76}"
2025-09-18 12:04:27.358734653+00:00,dds75-lb-04,2,-44,10.25,"{""Bat"": 3.256, ""Distance_mm"": 852, ""Interrupt_flag"": 0, ""Node_type"": ""DDS75-LB"", ""Sensor_flag"": 1, ""TempC_DS18B20"": 32.76}"
2025-09-18 12:24:27.146311466+00:00,dds75-lb-04,2,-44,9.5,"{""Bat"": 3.256, ""Distance_mm"": 852, ""Interrupt_flag"": 0, ""Node_type"": ""DDS75-LB"", ""Sensor_flag"": 1, ""TempC_DS18B20"": 32.76}"
2025-09-18 12:44:26.893446579+00:00,dds75-lb-04,2,-44,9.75,"{""Bat"": 3.256, ""Distance_mm"": 852, ""Interrupt_flag"": 0, ""Node_type"": ""DDS75-LB"", ""Sensor_flag"": 1, ""TempC_DS18B20"": 32.76}"
2025-09-18 13:04:26.645136781+00:00,dds75-lb-04,2,-45,9.5,"{""Bat"": 3.256, ""Distance_mm"": 851, ""Interrupt_flag"": 0, ""Node_type"": ""DDS75-LB"", ""Sensor_flag"": 1, ""TempC_DS18B20"": 32.76}"
2025-09-18 13:24:26.405237618+00:00,dds75-lb-04,2,-114,0.25,"{""Bat"": 3.256, ""Distance_mm"": 851, ""Interrupt_flag"": 0, ""Node_type"": ""DDS75-LB"", ""Sensor_flag"": 1, ""TempC_DS18B20"": 32.76}"
2025-09-18 13:44:26.190647002+00:00,dds75-lb-04,2,-45,9.5,"{""Bat"": 3.256, ""Distance_mm"": 851, ""Interrupt_flag"": 0, ""Node_type"": ""DDS75-LB"", ""Sensor_flag"": 1, ""TempC_DS18B20"": 32.76}"
2025-09-18 14:04:25.926012711+00:00,dds75-lb-04,2,-122,-4.75,"{""Bat"": 3.256, ""Distance_mm"": 851, ""Interrupt_flag"": 0, ""Node_type"": ""DDS75-LB"", ""Sensor_flag"": 1, ""TempC_DS18B20"": 32.76}"
2025-09-18 14:24:25.688850231+00:00,dds75-lb-04,2,-43,9.25,"{""Bat"": 3.256, ""Distance_mm"": 852, ""Interrupt_flag"": 0, ""Node_type"": ""DDS75-LB"", ""Sensor_flag"": 1, ""TempC_DS18B20"": 32.76}"
2025-09-18 14:44:25.443497264+00:00,dds75-lb-04,2,-42,9.5,"{""Bat"": 3.256, ""Distance_mm"": 852, ""Interrupt_flag"": 0, ""Node_type"": ""DDS75-LB"", ""Sensor_flag"": 1, ""TempC_DS18B20"": 32.76}"
2025-09-18 15:04:25.222913023+00:00,dds75-lb-04,2,-45,6.75,"{""Bat"": 3.256, ""Distance_mm"": 852, ""Interrupt_flag"": 0, ""Node_type"": ""DDS75-LB"", ""Sensor_flag"": 1, ""TempC_DS18B20"": 32.76}"
2025-09-18 15:24:24.984604755+00:00,dds75-lb-04,2,-43,9.75,"{""Bat"": 3.256, ""Distance_mm"": 852, ""Interrupt_flag"": 0, ""Node_type"": ""DDS75-LB"", ""Sensor_flag"": 1, ""TempC_DS18B20"": 32.76}"
2025-09-18 15:44:24.736386933+00:00,dds75-lb-04,2,-45,9.25,"{""Bat"": 3.256, ""Distance_mm"": 852, ""Interrupt_flag"": 0, ""Node_type"": ""DDS75-LB"", ""Sensor_flag"": 1, ""TempC_DS18B20"": 32.76}"
2025-09-18 16:04:24.506392753+00:00,dds75-lb-04,2,-43,7.0,"{""Bat"": 3.256, ""Distance_mm"": 851, ""Interrupt_flag"": 0, ""Node_type"": ""DDS75-LB"", ""Sensor_flag"": 1, ""TempC_DS18B20"": 32.76}"
2025-09-18 16:24:24.284495428+00:00,dds75-lb-04,2,-45,10.0,"{""Bat"": 3.256, ""Distance_mm"": 851, ""Interrupt_flag"": 0, ""Node_type"": ""DDS75-LB"", ""Sensor_flag"": 1, ""TempC_DS18B20"": 32.76}"
2025-09-18 16:44:24.037838984+00:00,dds75-lb-04,2,-45,9.5,"{""Bat"": 3.256, ""Distance_mm"": 851, ""Interrupt_flag"": 0, ""Node_type"": ""DDS75-LB"", ""Sensor_flag"": 1, ""TempC_DS18B20"": 32.76}"
2025-09-18 17:04:23.808931179+00:00,dds75-lb-04,2,-44,9.5,"{""Bat"": 3.256, ""Distance_mm"": 851, ""Interrupt_flag"": 0, ""Node_type"": ""DDS75-LB"", ""Sensor_flag"": 1, ""TempC_DS18B20"": 32.76}"
2025-09-18 17:24:23.565327028+00:00,dds75-lb-04,2,-43,9.25,"{""Bat"": 3.256, ""Distance_mm"": 851, ""Interrupt_flag"": 0, ""Node_type"": ""DDS75-LB"", ""Sensor_flag"": 1, ""TempC_DS18B20"": 32.76}"
2025-09-18 17:44:23.334061558+00:00,dds75-lb-04,2,-44,7.75,"{""Bat"": 3.256, ""Distance_mm"": 851, ""Interrupt_flag"": 0, ""Node_type"": ""DDS75-LB"", ""Sensor_flag"": 1, ""TempC_DS18B20"": 32.76}"
2025-09-18 18:04:23.086156712+00:00,dds75-lb-04,2,-43,9.5,"{""Bat"": 3.256, ""Distance_mm"": 851, ""Interrupt_flag"": 0, ""Node_type"": ""DDS75-LB"", ""Sensor_flag"": 1, ""TempC_DS18B20"": 32.76}"
2025-09-18 18:24:22.883100766+00:00,dds75-lb-04,2,-43,8.75,"{""Bat"": 3.256, ""Distance_mm"": 851, ""Interrupt_flag"": 0, ""Node_type"": ""DDS75-LB"", ""Sensor_flag"": 1, ""TempC_DS18B20"": 32.76}"
2025-09-18 18:44:22.617433320+00:00,dds75-lb-04,2,-45,9.75,"{""Bat"": 3.256, ""Distance_mm"": 851, ""Interrupt_flag"": 0, ""Node_type"": ""DDS75-LB"", ""Sensor_flag"": 1, ""TempC_DS18B20"": 32.76}"
2025-09-18 19:04:22.367930453+00:00,dds75-lb-04,2,-45,10.5,"{""Bat"": 3.256, ""Distance_mm"": 851, ""Interrupt_flag"": 0, ""Node_type"": ""DDS75-LB"", ""Sensor_flag"": 1, ""TempC_DS18B20"": 32.76}"
2025-09-18 19:24:22.145695399+00:00,dds75-lb-04,2,-119,-4.75,"{""Bat"": 3.256, ""Distance_mm"": 851, ""Interrupt_flag"": 0, ""Node_type"": ""DDS75-LB"", ""Sensor_flag"": 1, ""TempC_DS18B20"": 32.76}"
2025-09-18 19:44:21.901143755+00:00,dds75-lb-04,2,-43,7.25,"{""Bat"": 3.256, ""Distance_mm"": 851, ""Interrupt_flag"": 0, ""Node_type"": ""DDS75-LB"", ""Sensor_flag"": 1, ""TempC_DS18B20"": 32.76}"
2025-09-18 20:04:21.668155895+00:00,dds75-lb-04,2,-43,7.5,"{""Bat"": 3.256, ""Distance_mm"": 851, ""Interrupt_flag"": 0, ""Node_type"": ""DDS75-LB"", ""Sensor_flag"": 1, ""TempC_DS18B20"": 32.76}"
2025-09-18 20:24:21.424278468+00:00,dds75-lb-04,2,-45,11.5,"{""Bat"": 3.256, ""Distance_mm"": 851, ""Interrupt_flag"": 0, ""Node_type"": ""DDS75-LB"", ""Sensor_flag"": 1, ""TempC_DS18B20"": 32.76}"
2025-09-18 20:44:21.193888951+00:00,dds75-lb-04,2,-44,10.0,"{""Bat"": 3.256, ""Distance_mm"": 851, ""Interrupt_flag"": 0, ""Node_type"": ""DDS75-LB"", ""Sensor_flag"": 1, ""TempC_DS18B20"": 32.76}"
2025-09-18 21:04:20.947721862+00:00,dds75-lb-04,2,-45,9.25,"{""Bat"": 3.256, ""Distance_mm"": 851, ""Interrupt_flag"": 0, ""Node_type"": ""DDS75-LB"", ""Sensor_flag"": 1, ""TempC_DS18B20"": 32.76}"
2025-09-18 21:24:20.724908035+00:00,dds75-lb-04,2,-44,9.0,"{""Bat"": 3.256, ""Distance_mm"": 851, ""Interrupt_flag"": 0, ""Node_type"": ""DDS75-LB"", ""Sensor_flag"": 1, ""TempC_DS18B20"": 32.76}"
2025-09-18 21:44:20.500433274+00:00,dds75-lb-04,2,-44,9.75,"{""Bat"": 3.256, ""Distance_mm"": 851, ""Interrupt_flag"": 0, ""Node_type"": ""DDS75-LB"", ""Sensor_flag"": 1, ""TempC_DS18B20"": 32.76}"
2025-09-18 22:04:20.234780291+00:00,dds75-lb-04,2,-45,9.75,"{""Bat"": 3.256, ""Distance_mm"": 851, ""Interrupt_flag"": 0, ""Node_type"": ""DDS75-LB"", ""Sensor_flag"": 1, ""TempC_DS18B20"": 32.76}"
2025-09-18 22:24:19.996475509+00:00,dds75-lb-04,2,-44,9.5,"{""Bat"": 3.256, ""Distance_mm"": 851, ""Interrupt_flag"": 0, ""Node_type"": ""DDS75-LB"", ""Sensor_flag"": 1, ""TempC_DS18B20"": 32.76}"
2025-09-18 22:44:19.774161200+00:00,dds75-lb-04,2,-116,0.25,"{""Bat"": 3.256, ""Distance_mm"": 851, ""Interrupt_flag"": 0, ""Node_type"": ""DDS75-LB"", ""Sensor_flag"": 1, ""TempC_DS18B20"": 32.76}"
2025-09-18 23:04:19.535189714+00:00,dds75-lb-04,2,-117,-1.75,"{""Bat"": 3.256, ""Distance_mm"": 851, ""Interrupt_flag"": 0, ""Node_type"": ""DDS75-LB"", ""Sensor_flag"": 1, ""TempC_DS18B20"": 32.76}"
2025-09-18 23:24:19.292730665+00:00,dds75-lb-04,2,-120,-8.75,"{""Bat"": 3.256, ""Distance_mm"": 851, ""Interrupt_flag"": 0, ""Node_type"": ""DDS75-LB"", ""Sensor_flag"": 1, ""TempC_DS18B20"": 32.76}"
2025-09-18 23:44:19.059901195+00:00,dds75-lb-04,2,-43,8.5,"{""Bat"": 3.256, ""Distance_mm"": 852, ""Interrupt_flag"": 0, ""Node_type"": ""DDS75-LB"", ""Sensor_flag"": 1, ""TempC_DS18B20"": 32.76}"
2025-09-19 00:04:18.819918933+00:00,dds75-lb-04,2,-44,9.25,"{""Bat"": 3.256, ""Distance_mm"": 852, ""Interrupt_flag"": 0, ""Node_type"": ""DDS75-LB"", ""Sensor_flag"": 1, ""TempC_DS18B20"": 32.76}"
2025-09-19 00:24:18.585771424+00:00,dds75-lb-04,2,-116,-0.75,"{""Bat"": 3.256, ""Distance_mm"": 851, ""Interrupt_flag"": 0, ""Node_type"": ""DDS75-LB"", ""Sensor_flag"": 1, ""TempC_DS18B20"": 32.76}"
2025-09-19 00:44:18.348031602+00:00,dds75-lb-04,2,-45,9.5,"{""Bat"": 3.256, ""Distance_mm"": 851, ""Interrupt_flag"": 0, ""Node_type"": ""DDS75-LB"", ""Sensor_flag"": 1, ""TempC_DS18B20"": 32.76}"
2025-09-19 01:04:18.111539949+00:00,dds75-lb-04,2,-43,7.5,"{""Bat"": 3.256, ""Distance_mm"": 851, ""Interrupt_flag"": 0, ""Node_type"": ""DDS75-LB"", ""Sensor_flag"": 1, ""TempC_DS18B20"": 32.76}"
2025-09-19 01:24:17.873687199+00:00,dds75-lb-04,2,-42,7.75,"{""Bat"": 3.256, ""Distance_mm"": 851, ""Interrupt_flag"": 0, ""Node_type"": ""DDS75-LB"", ""Sensor_flag"": 1, ""TempC_DS18B20"": 32.76}"
2025-09-19 01:44:17.628796893+00:00,dds75-lb-04,2,-118,-1.0,"{""Bat"": 3.256, ""Distance_mm"": 851, ""Interrupt_flag"": 0, ""Node_type"": ""DDS75-LB"", ""Sensor_flag"": 1, ""TempC_DS18B20"": 32.76}"
2025-09-19 02:04:17.390434392+00:00,dds75-lb-04,2,-43,9.0,"{""Bat"": 3.256, ""Distance_mm"": 851, ""Interrupt_flag"": 0, ""Node_type"": ""DDS75-LB"", ""Sensor_flag"": 1, ""TempC_DS18B20"": 32.76}"
2025-09-19 02:24:17.148975287+00:00,dds75-lb-04,2,-120,-8.25,"{""Bat"": 3.256, ""Distance_mm"": 851, ""Interrupt_flag"": 0, ""Node_type"": ""DDS75-LB"", ""Sensor_flag"": 1, ""TempC_DS18B20"": 32.76}"
2025-09-19 02:44:16.915764853+00:00,dds75-lb-04,2,-117,-1.75,"{""Bat"": 3.256, ""Distance_mm"": 851, ""Interrupt_flag"": 0, ""Node_type"": ""DDS75-LB"", ""Sensor_flag"": 1, ""TempC_DS18B20"": 32.76}"
2025-09-19 03:04:16.685920687+00:00,dds75-lb-04,2,-44,9.25,"{""Bat"": 3.256, ""Distance_mm"": 851, ""Interrupt_flag"": 0, ""Node_type"": ""DDS75-LB"", ""Sensor_flag"": 1, ""TempC_DS18B20"": 32.76}"
2025-09-19 03:24:16.452532925+00:00,dds75-lb-04,2,-43,9.25,"{""Bat"": 3.256, ""Distance_mm"": 851, ""Interrupt_flag"": 0, ""Node_type"": ""DDS75-LB"", ""Sensor_flag"": 1, ""TempC_DS18B20"": 32.76}"
2025-09-19 03:44:16.203780159+00:00,dds75-lb-04,2,-115,0.5,"{""Bat"": 3.256, ""Distance_mm"": 851, ""Interrupt_flag"": 0, ""Node_type"": ""DDS75-LB"", ""Sensor_flag"": 1, ""TempC_DS18B20"": 32.76}"
2025-09-19 04:04:15.967407529+00:00,dds75-lb-04,2,-47,8.0,"{""Bat"": 3.256, ""Distance_mm"": 851, ""Interrupt_flag"": 0, ""Node_type"": ""DDS75-LB"", ""Sensor_flag"": 1, ""TempC_DS18B20"": 32.76}"
2025-09-19 04:24:15.746627159+00:00,dds75-lb-04,2,-45,7.0,"{""Bat"": 3.256, ""Distance_mm"": 851, ""Interrupt_flag"": 0, ""Node_type"": ""DDS75-LB"", ""Sensor_flag"": 1, ""TempC_DS18B20"": 32.76}"
2025-09-19 04:44:15.498243903+00:00,dds75-lb-04,2,-113,2.5,"{""Bat"": 3.256, ""Distance_mm"": 851, ""Interrupt_flag"": 0, ""Node_type"": ""DDS75-LB"", ""Sensor_flag"": 1, ""TempC_DS18B20"": 32.76}"
2025-09-19 05:04:15.261607395+00:00,dds75-lb-04,2,-47,9.5,"{""Bat"": 3.256, ""Distance_mm"": 851, ""Interrupt_flag"": 0, ""Node_type"": ""DDS75-LB"", ""Sensor_flag"": 1, ""TempC_DS18B20"": 32.76}"
2025-09-19 05:24:15.022611456+00:00,dds75-lb-04,2,-44,9.5,"{""Bat"": 3.256, ""Distance_mm"": 851, ""Interrupt_flag"": 0, ""Node_type"": ""DDS75-LB"", ""Sensor_flag"": 1, ""TempC_DS18B20"": 32.76}"
2025-09-19 05:44:14.780156829+00:00,dds75-lb-04,2,-42,9.5,"{""Bat"": 3.256, ""Distance_mm"": 851, ""Interrupt_flag"": 0, ""Node_type"": ""DDS75-LB"", ""Sensor_flag"": 1, ""TempC_DS18B20"": 32.76}"
2025-09-19 06:04:14.559658681+00:00,dds75-lb-04,2,-45,9.25,"{""Bat"": 3.256, ""Distance_mm"": 851, ""Interrupt_flag"": 0, ""Node_type"": ""DDS75-LB"", ""Sensor_flag"": 1, ""TempC_DS18B20"": 32.76}"
2025-09-19 06:24:14.315138342+00:00,dds75-lb-04,2,-47,7.75,"{""Bat"": 3.256, ""Distance_mm"": 852, ""Interrupt_flag"": 0, ""Node_type"": ""DDS75-LB"", ""Sensor_flag"": 1, ""TempC_DS18B20"": 32.76}"
2025-09-19 06:44:14.082853338+00:00,dds75-lb-04,2,-43,9.0,"{""Bat"": 3.256, ""Distance_mm"": 852, ""Interrupt_flag"": 0, ""Node_type"": ""DDS75-LB"", ""Sensor_flag"": 1, ""TempC_DS18B20"": 32.76}"
2025-09-19 07:04:13.837888707+00:00,dds75-lb-04,2,-45,7.25,"{""Bat"": 3.256, ""Distance_mm"": 852, ""Interrupt_flag"": 0, ""Node_type"": ""DDS75-LB"", ""Sensor_flag"": 1, ""TempC_DS18B20"": 32.76}"
2025-09-19 07:24:13.618844837+00:00,dds75-lb-04,2,-113,0.25,"{""Bat"": 3.256, ""Distance_mm"": 851, ""Interrupt_flag"": 0, ""Node_type"": ""DDS75-LB"", ""Sensor_flag"": 1, ""TempC_DS18B20"": 32.76}"
2025-09-19 07:44:50.128277672+00:00,dds75-lb-04,2,-113,0.75,"{""Bat"": 3.256, ""Distance_mm"": 852, ""Interrupt_flag"": 0, ""Node_type"": ""DDS75-LB"", ""Sensor_flag"": 1, ""TempC_DS18B20"": 32.76}"
2025-09-19 08:04:48.453068078+00:00,dds75-lb-04,2,-45,9.75,"{""Bat"": 3.256, ""Distance_mm"": 852, ""Interrupt_flag"": 0, ""Node_type"": ""DDS75-LB"", ""Sensor_flag"": 1, ""TempC_DS18B20"": 32.76}"
2025-09-19 08:24:48.216814960+00:00,dds75-lb-04,2,-44,9.0,"{""Bat"": 3.256, ""Distance_mm"": 852, ""Interrupt_flag"": 0, ""Node_type"": ""DDS75-LB"", ""Sensor_flag"": 1, ""TempC_DS18B20"": 32.76}"
2025-09-19 08:44:47.982583990+00:00,dds75-lb-04,2,-47,10.0,"{""Bat"": 3.256, ""Distance_mm"": 852, ""Interrupt_flag"": 0, ""Node_type"": ""DDS75-LB"", ""Sensor_flag"": 1, ""TempC_DS18B20"": 32.76}"
2025-09-19 09:04:47.724168120+00:00,dds75-lb-04,2,-45,9.25,"{""Bat"": 3.256, ""Distance_mm"": 852, ""Interrupt_flag"": 0, ""Node_type"": ""DDS75-LB"", ""Sensor_flag"": 1, ""TempC_DS18B20"": 32.76}"
2025-09-19 09:24:47.483049991+00:00,dds75-lb-04,2,-47,8.75,"{""Bat"": 3.256, ""Distance_mm"": 852, ""Interrupt_flag"": 0, ""Node_type"": ""DDS75-LB"", ""Sensor_flag"": 1, ""TempC_DS18B20"": 32.76}"
2025-09-19 09:44:47.254857629+00:00,dds75-lb-04,2,-119,-3.25,"{""Bat"": 3.256, ""Distance_mm"": 852, ""Interrupt_flag"": 0, ""Node_type"": ""DDS75-LB"", ""Sensor_flag"": 1, ""TempC_DS18B20"": 32.76}"
2025-09-19 10:04:47.022472499+00:00,dds75-lb-04,2,-47,9.5,"{""Bat"": 3.256, ""Distance_mm"": 851, ""Interrupt_flag"": 0, ""Node_type"": ""DDS75-LB"", ""Sensor_flag"": 1, ""TempC_DS18B20"": 32.76}"
2025-09-19 10:24:46.788529605+00:00,dds75-lb-04,2,-43,9.0,"{""Bat"": 3.256, ""Distance_mm"": 851, ""Interrupt_flag"": 0, ""Node_type"": ""DDS75-LB"", ""Sensor_flag"": 1, ""TempC_DS18B20"": 32.76}"
2025-09-19 10:44:46.559532348+00:00,dds75-lb-04,2,-43,7.5,"{""Bat"": 3.256, ""Distance_mm"": 851, ""Interrupt_flag"": 0, ""Node_type"": ""DDS75-LB"", ""Sensor_flag"": 1, ""TempC_DS18B20"": 32.76}"
2025-09-19 11:04:46.314833927+00:00,dds75-lb-04,2,-47,9.5,"{""Bat"": 3.256, ""Distance_mm"": 851, ""Interrupt_flag"": 0, ""Node_type"": ""DDS75-LB"", ""Sensor_flag"": 1, ""TempC_DS18B20"": 32.76}"
2025-09-19 11:24:46.084629421+00:00,dds75-lb-04,2,-116,,"{""Bat"": 3.256, ""Distance_mm"": 852, ""Interrupt_flag"": 0, ""Node_type"": ""DDS75-LB"", ""Sensor_flag"": 1, ""TempC_DS18B20"": 32.76}"
2025-09-19 11:44:45.826732035+00:00,dds75-lb-04,2,-47,9.5,"{""Bat"": 3.256, ""Distance_mm"": 852, ""Interrupt_flag"": 0, ""Node_type"": ""DDS75-LB"", ""Sensor_flag"": 1, ""TempC_DS18B20"": 32.76}"
2025-09-19 12:04:45.614068501+00:00,dds75-lb-04,2,-116,-6.25,"{""Bat"": 3.256, ""Distance_mm"": 851, ""Interrupt_flag"": 0, ""Node_type"": ""DDS75-LB"", ""Sensor_flag"": 1, ""TempC_DS18B20"": 32.76}"
2025-09-19 12:24:45.374470093+00:00,dds75-lb-04,2,-120,-4.25,"{""Bat"": 3.256, ""Distance_mm"": 851, ""Interrupt_flag"": 0, ""Node_type"": ""DDS75-LB"", ""Sensor_flag"": 1, ""TempC_DS18B20"": 32.76}"
2025-09-19 12:44:45.119536705+00:00,dds75-lb-04,2,-47,10.5,"{""Bat"": 3.256, ""Distance_mm"": 852, ""Interrupt_flag"": 0, ""Node_type"": ""DDS75-LB"", ""Sensor_flag"": 1, ""TempC_DS18B20"": 32.76}"
2025-09-19 13:04:44.880906713+00:00,dds75-lb-04,2,-44,9.5,"{""Bat"": 3.256, ""Distance_mm"": 852, ""Interrupt_flag"": 0, ""Node_type"": ""DDS75-LB"", ""Sensor_flag"": 1, ""TempC_DS18B20"": 32.76}"
2025-09-19 13:24:44.642087203+00:00,dds75-lb-04,2,-45,7.75,"{""Bat"": 3.256, ""Distance_mm"": 852, ""Interrupt_flag"": 0, ""Node_type"": ""DDS75-LB"", ""Sensor_flag"": 1, ""TempC_DS18B20"": 32.76}"
2025-09-19 13:44:44.406487188+00:00,dds75-lb-04,2,-47,10.75,"{""Bat"": 3.256, ""Distance_mm"": 852, ""Interrupt_flag"": 0, ""Node_type"": ""DDS75-LB"", ""Sensor_flag"": 1, ""TempC_DS18B20"": 32.76}"
2025-09-19 14:04:44.171549864+00:00,dds75-lb-04,2,-114,0.75,"{""Bat"": 3.256, ""Distance_mm"": 852, ""Interrupt_flag"": 0, ""Node_type"": ""DDS75-LB"", ""Sensor_flag"": 1, ""TempC_DS18B20"": 32.76}"
2025-09-19 14:24:43.934951028+00:00,dds75-lb-04,2,-47,9.5,"{""Bat"": 3.256, ""Distance_mm"": 852, ""Interrupt_flag"": 0, ""Node_type"": ""DDS75-LB"", ""Sensor_flag"": 1, ""TempC_DS18B20"": 32.76}"
2025-09-19 14:44:43.700873676+00:00,dds75-lb-04,2,-50,9.5,"{""Bat"": 3.256, ""Distance_mm"": 852, ""Interrupt_flag"": 0, ""Node_type"": ""DDS75-LB"", ""Sensor_flag"": 1, ""TempC_DS18B20"": 32.76}"
2025-09-19 15:04:43.474583237+00:00,dds75-lb-04,2,-48,9.5,"{""Bat"": 3.256, ""Distance_mm"": 851, ""Interrupt_flag"": 0, ""Node_type"": ""DDS75-LB"", ""Sensor_flag"": 1, ""TempC_DS18B20"": 32.76}"
2025-09-19 15:24:43.233939144+00:00,dds75-lb-04,2,-51,10.25,"{""Bat"": 3.256, ""Distance_mm"": 852, ""Interrupt_flag"": 0, ""Node_type"": ""DDS75-LB"", ""Sensor_flag"": 1, ""TempC_DS18B20"": 32.76}"
2025-09-19 15:44:42.979053502+00:00,dds75-lb-04,2,-115,-0.5,"{""Bat"": 3.256, ""Distance_mm"": 852, ""Interrupt_flag"": 0, ""Node_type"": ""DDS75-LB"", ""Sensor_flag"": 1, ""TempC_DS18B20"": 32.76}"
2025-09-19 16:04:42.757471860+00:00,dds75-lb-04,2,-49,7.5,"{""Bat"": 3.256, ""Distance_mm"": 852, ""Interrupt_flag"": 0, ""Node_type"": ""DDS75-LB"", ""Sensor_flag"": 1, ""TempC_DS18B20"": 32.76}"
2025-09-19 16:24:42.521433788+00:00,dds75-lb-04,2,-49,7.5,"{""Bat"": 3.256, ""Distance_mm"": 852, ""Interrupt_flag"": 0, ""Node_type"": ""DDS75-LB"", ""Sensor_flag"": 1, ""TempC_DS18B20"": 32.76}"
2025-09-19 16:44:42.277961462+00:00,dds75-lb-04,2,-47,9.5,"{""Bat"": 3.256, ""Distance_mm"": 852, ""Interrupt_flag"": 0, ""Node_type"": ""DDS75-LB"", ""Sensor_flag"": 1, ""TempC_DS18B20"": 32.76}"
2025-09-19 17:04:42.005007996+00:00,dds75-lb-04,2,-127,-6.5,"{""Bat"": 3.256, ""Distance_mm"": 852, ""Interrupt_flag"": 0, ""Node_type"": ""DDS75-LB"", ""Sensor_flag"": 1, ""TempC_DS18B20"": 32.76}"
2025-09-19 17:24:41.804658567+00:00,dds75-lb-04,2,-50,9.5,"{""Bat"": 3.256, ""Distance_mm"": 852, ""Interrupt_flag"": 0, ""Node_type"": ""DDS75-LB"", ""Sensor_flag"": 1, ""TempC_DS18B20"": 32.76}"
2025-09-19 17:44:41.560350971+00:00,dds75-lb-04,2,-48,9.0,"{""Bat"": 3.256, ""Distance_mm"": 852, ""Interrupt_flag"": 0, ""Node_type"": ""DDS75-LB"", ""Sensor_flag"": 1, ""TempC_DS18B20"": 32.76}"
2025-09-19 18:04:41.320831302+00:00,dds75-lb-04,2,-49,9.25,"{""Bat"": 3.256, ""Distance_mm"": 852, ""Interrupt_flag"": 0, ""Node_type"": ""DDS75-LB"", ""Sensor_flag"": 1, ""TempC_DS18B20"": 32.76}"
2025-09-19 18:24:41.089958549+00:00,dds75-lb-04,2,-49,9.75,"{""Bat"": 3.256, ""Distance_mm"": 851, ""Interrupt_flag"": 0, ""Node_type"": ""DDS75-LB"", ""Sensor_flag"": 1, ""TempC_DS18B20"": 32.76}"
2025-09-19 18:44:40.868504580+00:00,dds75-lb-04,2,-44,7.75,"{""Bat"": 3.256, ""Distance_mm"": 851, ""Interrupt_flag"": 0, ""Node_type"": ""DDS75-LB"", ""Sensor_flag"": 1, ""TempC_DS18B20"": 32.76}"
2025-09-19 19:04:40.608898307+00:00,dds75-lb-04,2,-49,9.25,"{""Bat"": 3.256, ""Distance_mm"": 851, ""Interrupt_flag"": 0, ""Node_type"": ""DDS75-LB"", ""Sensor_flag"": 1, ""TempC_DS18B20"": 32.76}"
2025-09-19 19:24:40.364245142+00:00,dds75-lb-04,2,-47,9.0,"{""Bat"": 3.256, ""Distance_mm"": 851, ""Interrupt_flag"": 0, ""Node_type"": ""DDS75-LB"", ""Sensor_flag"": 1, ""TempC_DS18B20"": 32.76}"
2025-09-19 19:44:40.133097508+00:00,dds75-lb-04,2,-121,-6.5,"{""Bat"": 3.256, ""Distance_mm"": 851, ""Interrupt_flag"": 0, ""Node_type"": ""DDS75-LB"", ""Sensor_flag"": 1, ""TempC_DS18B20"": 32.76}"
2025-09-19 20:04:39.861713513+00:00,dds75-lb-04,2,-117,-2.5,"{""Bat"": 3.256, ""Distance_mm"": 851, ""Interrupt_flag"": 0, ""Node_type"": ""DDS75-LB"", ""Sensor_flag"": 1, ""TempC_DS18B20"": 32.76}"
2025-09-19 20:24:39.671450061+00:00,dds75-lb-04,2,-49,10.0,"{""Bat"": 3.256, ""Distance_mm"": 851, ""Interrupt_flag"": 0, ""Node_type"": ""DDS75-LB"", ""Sensor_flag"": 1, ""TempC_DS18B20"": 32.76}"
2025-09-19 20:44:39.435723078+00:00,dds75-lb-04,2,-49,9.25,"{""Bat"": 3.256, ""Distance_mm"": 851, ""Interrupt_flag"": 0, ""Node_type"": ""DDS75-LB"", ""Sensor_flag"": 1, ""TempC_DS18B20"": 32.76}"
2025-09-19 21:04:39.188293869+00:00,dds75-lb-04,2,-47,7.75,"{""Bat"": 3.256, ""Distance_mm"": 851, ""Interrupt_flag"": 0, ""Node_type"": ""DDS75-LB"", ""Sensor_flag"": 1, ""TempC_DS18B20"": 32.76}"
2025-09-19 21:24:38.942975930+00:00,dds75-lb-04,2,-49,9.5,"{""Bat"": 3.256, ""Distance_mm"": 852, ""Interrupt_flag"": 0, ""Node_type"": ""DDS75-LB"", ""Sensor_flag"": 1, ""TempC_DS18B20"": 32.76}"
2025-09-19 21:44:38.719336720+00:00,dds75-lb-04,2,-51,9.75,"{""Bat"": 3.256, ""Distance_mm"": 852, ""Interrupt_flag"": 0, ""Node_type"": ""DDS75-LB"", ""Sensor_flag"": 1, ""TempC_DS18B20"": 32.76}"
2025-09-19 22:04:38.475138407+00:00,dds75-lb-04,2,-51,9.0,"{""Bat"": 3.256, ""Distance_mm"": 852, ""Interrupt_flag"": 0, ""Node_type"": ""DDS75-LB"", ""Sensor_flag"": 1, ""TempC_DS18B20"": 32.76}"
2025-09-19 22:24:38.254417289+00:00,dds75-lb-04,2,-51,9.75,"{""Bat"": 3.256, ""Distance_mm"": 852, ""Interrupt_flag"": 0, ""Node_type"": ""DDS75-LB"", ""Sensor_flag"": 1, ""TempC_DS18B20"": 32.76}"
2025-09-19 22:44:37.987853932+00:00,dds75-lb-04,2,-51,7.25,"{""Bat"": 3.256, ""Distance_mm"": 851, ""Interrupt_flag"": 0, ""Node_type"": ""DDS75-LB"", ""Sensor_flag"": 1, ""TempC_DS18B20"": 32.76}"
2025-09-19 23:04:37.774712069+00:00,dds75-lb-04,2,-51,9.25,"{""Bat"": 3.256, ""Distance_mm"": 851, ""Interrupt_flag"": 0, ""Node_type"": ""DDS75-LB"", ""Sensor_flag"": 1, ""TempC_DS18B20"": 32.76}"
2025-09-19 23:24:37.521457372+00:00,dds75-lb-04,2,-51,10.5,"{""Bat"": 3.256, ""Distance_mm"": 851, ""Interrupt_flag"": 0, ""Node_type"": ""DDS75-LB"", ""Sensor_flag"": 1, ""TempC_DS18B20"": 32.76}"
2025-09-19 23:44:37.293825760+00:00,dds75-lb-04,2,-116,-0.25,"{""Bat"": 3.256, ""Distance_mm"": 851, ""Interrupt_flag"": 0, ""Node_type"": ""DDS75-LB"", ""Sensor_flag"": 1, ""TempC_DS18B20"": 32.76}"
2025-09-20 00:04:37.048481425+00:00,dds75-lb-04,2,-48,8.0,"{""Bat"": 3.256, ""Distance_mm"": 851, ""Interrupt_flag"": 0, ""Node_type"": ""DDS75-LB"", ""Sensor_flag"": 1, ""TempC_DS18B20"": 32.76}"
2025-09-20 00:24:36.812115545+00:00,dds75-lb-04,2,-48,9.25,"{""Bat"": 3.256, ""Distance_mm"": 851, ""Interrupt_flag"": 0, ""Node_type"": ""DDS75-LB"", ""Sensor_flag"": 1, ""TempC_DS18B20"": 32.76}"
2025-09-20 00:44:36.563296964+00:00,dds75-lb-04,2,-49,9.75,"{""Bat"": 3.256, ""Distance_mm"": 851, ""Interrupt_flag"": 0, ""Node_type"": ""DDS75-LB"", ""Sensor_flag"": 1, ""TempC_DS18B20"": 32.76}"
2025-09-20 01:04:36.342249014+00:00,dds75-lb-04,2,-53,8.75,"{""Bat"": 3.256, ""Distance_mm"": 852, ""Interrupt_flag"": 0, ""Node_type"": ""DDS75-LB"", ""Sensor_flag"": 1, ""TempC_DS18B20"": 32.76}"
2025-09-20 01:24:36.108503805+00:00,dds75-lb-04,2,-48,8.75,"{""Bat"": 3.256, ""Distance_mm"": 852, ""Interrupt_flag"": 0, ""Node_type"": ""DDS75-LB"", ""Sensor_flag"": 1, ""TempC_DS18B20"": 32.76}"
2025-09-20 01:44:35.860757332+00:00,dds75-lb-04,2,-51,9.25,"{""Bat"": 3.256, ""Distance_mm"": 851, ""Interrupt_flag"": 0, ""Node_type"": ""DDS75-LB"", ""Sensor_flag"": 1, ""TempC_DS18B20"": 32.76}"
2025-09-20 02:04:35.633686567+00:00,dds75-lb-04,2,-51,10.25,"{""Bat"": 3.256, ""Distance_mm"": 851, ""Interrupt_flag"": 0, ""Node_type"": ""DDS75-LB"", ""Sensor_flag"": 1, ""TempC_DS18B20"": 32.76}"
2025-09-20 02:24:35.372938054+00:00,dds75-lb-04,2,-50,11.0,"{""Bat"": 3.256, ""Distance_mm"": 851, ""Interrupt_flag"": 0, ""Node_type"": ""DDS75-LB"", ""Sensor_flag"": 1, ""TempC_DS18B20"": 32.76}"
2025-09-20 02:44:35.154194676+00:00,dds75-lb-04,2,-49,7.5,"{""Bat"": 3.256, ""Distance_mm"": 851, ""Interrupt_flag"": 0, ""Node_type"": ""DDS75-LB"", ""Sensor_flag"": 1, ""TempC_DS18B20"": 32.76}"
2025-09-20 03:04:34.919828574+00:00,dds75-lb-04,2,-121,-5.5,"{""Bat"": 3.256, ""Distance_mm"": 851, ""Interrupt_flag"": 0, ""Node_type"": ""DDS75-LB"", ""Sensor_flag"": 1, ""TempC_DS18B20"": 32.76}"
2025-09-20 03:24:34.675325745+00:00,dds75-lb-04,2,-49,9.25,"{""Bat"": 3.256, ""Distance_mm"": 851, ""Interrupt_flag"": 0, ""Node_type"": ""DDS75-LB"", ""Sensor_flag"": 1, ""TempC_DS18B20"": 32.76}"
2025-09-20 03:44:34.439331458+00:00,dds75-lb-04,2,-49,9.0,"{""Bat"": 3.256, ""Distance_mm"": 851, ""Interrupt_flag"": 0, ""Node_type"": ""DDS75-LB"", ""Sensor_flag"": 1, ""TempC_DS18B20"": 32.76}"
2025-09-20 04:04:34.204874601+00:00,dds75-lb-04,2,-53,9.75,"{""Bat"": 3.256, ""Distance_mm"": 852, ""Interrupt_flag"": 0, ""Node_type"": ""DDS75-LB"", ""Sensor_flag"": 1, ""TempC_DS18B20"": 32.76}"
2025-09-20 04:24:33.964063054+00:00,dds75-lb-04,2,-55,10.25,"{""Bat"": 3.256, ""Distance_mm"": 852, ""Interrupt_flag"": 0, ""Node_type"": ""DDS75-LB"", ""Sensor_flag"": 1, ""TempC_DS18B20"": 32.76}"
2025-09-20 04:44:33.741131501+00:00,dds75-lb-04,2,-53,9.5,"{""Bat"": 3.256, ""Distance_mm"": 851, ""Interrupt_flag"": 0, ""Node_type"": ""DDS75-LB"", ""Sensor_flag"": 1, ""TempC_DS18B20"": 32.76}"
2025-09-20 05:04:33.488731830+00:00,dds75-lb-04,2,-51,7.25,"{""Bat"": 3.256, ""Distance_mm"": 851, ""Interrupt_flag"": 0, ""Node_type"": ""DDS75-LB"", ""Sensor_flag"": 1, ""TempC_DS18B20"": 32.76}"
2025-09-20 05:24:33.257246774+00:00,dds75-lb-04,2,-49,7.25,"{""Bat"": 3.256, ""Distance_mm"": 851, ""Interrupt_flag"": 0, ""Node_type"": ""DDS75-LB"", ""Sensor_flag"": 1, ""TempC_DS18B20"": 32.76}"
2025-09-20 05:44:33.013456248+00:00,dds75-lb-04,2,-51,8.25,"{""Bat"": 3.256, ""Distance_mm"": 851, ""Interrupt_flag"": 0, ""Node_type"": ""DDS75-LB"", ""Sensor_flag"": 1, ""TempC_DS18B20"": 32.76}"
2025-09-20 06:04:32.788244790+00:00,dds75-lb-04,2,-53,10.0,"{""Bat"": 3.256, ""Distance_mm"": 851, ""Interrupt_flag"": 0, ""Node_type"": ""DDS75-LB"", ""Sensor_flag"": 1, ""TempC_DS18B20"": 32.76}"
2025-09-20 06:24:32.530179333+00:00,dds75-lb-04,2,-50,8.75,"{""Bat"": 3.256, ""Distance_mm"": 851, ""Interrupt_flag"": 0, ""Node_type"": ""DDS75-LB"", ""Sensor_flag"": 1, ""TempC_DS18B20"": 32.76}"
2025-09-20 06:44:32.287722822+00:00,dds75-lb-04,2,-51,8.0,"{""Bat"": 3.256, ""Distance_mm"": 851, ""Interrupt_flag"": 0, ""Node_type"": ""DDS75-LB"", ""Sensor_flag"": 1, ""TempC_DS18B20"": 32.76}"
2025-09-20 07:04:32.084340846+00:00,dds75-lb-04,2,-53,9.25,"{""Bat"": 3.256, ""Distance_mm"": 855, ""Interrupt_flag"": 0, ""Node_type"": ""DDS75-LB"", ""Sensor_flag"": 1, ""TempC_DS18B20"": 32.76}"
2025-09-20 07:24:31.835060369+00:00,dds75-lb-04,2,-51,8.75,"{""Bat"": 3.256, ""Distance_mm"": 852, ""Interrupt_flag"": 0, ""Node_type"": ""DDS75-LB"", ""Sensor_flag"": 1, ""TempC_DS18B20"": 32.76}"
2025-09-20 07:44:31.609936926+00:00,dds75-lb-04,2,-50,7.25,"{""Bat"": 3.256, ""Distance_mm"": 851, ""Interrupt_flag"": 0, ""Node_type"": ""DDS75-LB"", ""Sensor_flag"": 1, ""TempC_DS18B20"": 32.76}"
2025-09-20 08:04:31.356065181+00:00,dds75-lb-04,2,-50,6.5,"{""Bat"": 3.256, ""Distance_mm"": 851, ""Interrupt_flag"": 0, ""Node_type"": ""DDS75-LB"", ""Sensor_flag"": 1, ""TempC_DS18B20"": 32.76}"
2025-09-20 08:24:31.117749208+00:00,dds75-lb-04,2,-50,8.75,"{""Bat"": 10.817, ""Distance_mm"": 851, ""Interrupt_flag"": 0, ""Node_type"": ""DDS75-LB"", ""Sensor_flag"": 1, ""TempC_DS18B20"": 32.76}"
2025-09-20 08:44:30.871898300+00:00,dds75-lb-04,2,-53,10.0,"{""Bat"": 3.256, ""Distance_mm"": 851, ""Interrupt_flag"": 0, ""Node_type"": ""DDS75-LB"", ""Sensor_flag"": 1, ""TempC_DS18B20"": 32.76}"
2025-09-20 09:04:30.629207958+00:00,dds75-lb-04,2,-53,9.25,"{""Bat"": 3.256, ""Distance_mm"": 851, ""Interrupt_flag"": 0, ""Node_type"": ""DDS75-LB"", ""Sensor_flag"": 1, ""TempC_DS18B20"": 32.76}"
2025-09-20 09:24:30.396913175+00:00,dds75-lb-04,2,-121,-7.0,"{""Bat"": 3.256, ""Distance_mm"": 851, ""Interrupt_flag"": 0, ""Node_type"": ""DDS75-LB"", ""Sensor_flag"": 1, ""TempC_DS18B20"": 32.76}"
2025-09-20 09:44:30.167225470+00:00,dds75-lb-04,2,-51,9.0,"{""Bat"": 3.256, ""Distance_mm"": 851, ""Interrupt_flag"": 0, ""Node_type"": ""DDS75-LB"", ""Sensor_flag"": 1, ""TempC_DS18B20"": 32.76}"
2025-09-20 10:04:29.908555528+00:00,dds75-lb-04,2,-55,9.0,"{""Bat"": 3.256, ""Distance_mm"": 851, ""Interrupt_flag"": 0, ""Node_type"": ""DDS75-LB"", ""Sensor_flag"": 1, ""TempC_DS18B20"": 32.76}"
2025-09-20 10:24:29.686186921+00:00,dds75-lb-04,2,-47,6.75,"{""Bat"": 3.256, ""Distance_mm"": 851, ""Interrupt_flag"": 0, ""Node_type"": ""DDS75-LB"", ""Sensor_flag"": 1, ""TempC_DS18B20"": 32.76}"
2025-09-20 10:44:29.459883867+00:00,dds75-lb-04,2,-51,9.0,"{""Bat"": 3.256, ""Distance_mm"": 851, ""Interrupt_flag"": 0, ""Node_type"": ""DDS75-LB"", ""Sensor_flag"": 1, ""TempC_DS18B20"": 32.76}"
2025-09-20 11:04:29.218861455+00:00,dds75-lb-04,2,-55,8.75,"{""Bat"": 3.256, ""Distance_mm"": 852, ""Interrupt_flag"": 0, ""Node_type"": ""DDS75-LB"", ""Sensor_flag"": 1, ""TempC_DS18B20"": 32.76}"
2025-09-20 11:24:28.969634668+00:00,dds75-lb-04,2,-51,9.5,"{""Bat"": 3.256, ""Distance_mm"": 851, ""Interrupt_flag"": 0, ""Node_type"": ""DDS75-LB"", ""Sensor_flag"": 1, ""TempC_DS18B20"": 32.76}"
2025-09-20 11:44:28.758724910+00:00,dds75-lb-04,2,-55,9.25,"{""Bat"": 3.256, ""Distance_mm"": 851, ""Interrupt_flag"": 0, ""Node_type"": ""DDS75-LB"", ""Sensor_flag"": 1, ""TempC_DS18B20"": 32.76}"
2025-09-20 12:04:28.515104234+00:00,dds75-lb-04,2,-53,9.0,"{""Bat"": 3.256, ""Distance_mm"": 851, ""Interrupt_flag"": 0, ""Node_type"": ""DDS75-LB"", ""Sensor_flag"": 1, ""TempC_DS18B20"": 32.76}"
2025-09-20 12:24:28.261475464+00:00,dds75-lb-04,2,-52,9.0,"{""Bat"": 3.256, ""Distance_mm"": 851, ""Interrupt_flag"": 0, ""Node_type"": ""DDS75-LB"", ""Sensor_flag"": 1, ""TempC_DS18B20"": 32.76}"
2025-09-20 12:44:28.078299432+00:00,dds75-lb-04,2,-56,9.5,"{""Bat"": 3.256, ""Distance_mm"": 852, ""Interrupt_flag"": 0, ""Node_type"": ""DDS75-LB"", ""Sensor_flag"": 1, ""TempC_DS18B20"": 32.76}"
2025-09-20 13:04:27.794907286+00:00,dds75-lb-04,2,-53,10.25,"{""Bat"": 3.256, ""Distance_mm"": 852, ""Interrupt_flag"": 0, ""Node_type"": ""DDS75-LB"", ""Sensor_flag"": 1, ""TempC_DS18B20"": 32.76}"
2025-09-20 13:24:27.557009717+00:00,dds75-lb-04,2,-51,8.75,"{""Bat"": 3.256, ""Distance_mm"": 851, ""Interrupt_flag"": 0, ""Node_type"": ""DDS75-LB"", ""Sensor_flag"": 1, ""TempC_DS18B20"": 32.76}"
2025-09-20 13:44:27.330161478+00:00,dds75-lb-04,2,-55,7.25,"{""Bat"": 3.256, ""Distance_mm"": 851, ""Interrupt_flag"": 0, ""Node_type"": ""DDS75-LB"", ""Sensor_flag"": 1, ""TempC_DS18B20"": 32.76}"
2025-09-20 14:04:27.082500557+00:00,dds75-lb-04,2,-124,-8.75,"{""Bat"": 3.256, ""Distance_mm"": 851, ""Interrupt_flag"": 0, ""Node_type"": ""DDS75-LB"", ""Sensor_flag"": 1, ""TempC_DS18B20"": 32.76}"
2025-09-20 14:24:26.838778674+00:00,dds75-lb-04,2,-56,9.0,"{""Bat"": 3.256, ""Distance_mm"": 852, ""Interrupt_flag"": 0, ""Node_type"": ""DDS75-LB"", ""Sensor_flag"": 1, ""TempC_DS18B20"": 32.76}"
2025-09-20 14:44:26.608115632+00:00,dds75-lb-04,2,-55,10.0,"{""Bat"": 3.256, ""Distance_mm"": 852, ""Interrupt_flag"": 0, ""Node_type"": ""DDS75-LB"", ""Sensor_flag"": 1, ""TempC_DS18B20"": 32.76}"
2025-09-20 15:04:26.365431566+00:00,dds75-lb-04,2,-52,9.0,"{""Bat"": 3.256, ""Distance_mm"": 852, ""Interrupt_flag"": 0, ""Node_type"": ""DDS75-LB"", ""Sensor_flag"": 1, ""TempC_DS18B20"": 32.76}"
2025-09-20 15:24:26.116283748+00:00,dds75-lb-04,2,-56,9.5,"{""Bat"": 3.256, ""Distance_mm"": 852, ""Interrupt_flag"": 0, ""Node_type"": ""DDS75-LB"", ""Sensor_flag"": 1, ""TempC_DS18B20"": 32.76}"
2025-09-20 15:44:25.889922867+00:00,dds75-lb-04,2,-50,9.0,"{""Bat"": 3.256, ""Distance_mm"": 852, ""Interrupt_flag"": 0, ""Node_type"": ""DDS75-LB"", ""Sensor_flag"": 1, ""TempC_DS18B20"": 32.76}"
2025-09-20 16:04:25.648044722+00:00,dds75-lb-04,2,-53,7.5,"{""Bat"": 3.256, ""Distance_mm"": 852, ""Interrupt_flag"": 0, ""Node_type"": ""DDS75-LB"", ""Sensor_flag"": 1, ""TempC_DS18B20"": 32.76}"
2025-09-20 16:24:25.410784481+00:00,dds75-lb-04,2,-54,7.25,"{""Bat"": 3.256, ""Distance_mm"": 851, ""Interrupt_flag"": 0, ""Node_type"": ""DDS75-LB"", ""Sensor_flag"": 1, ""TempC_DS18B20"": 32.76}"
2025-09-20 16:44:25.191056550+00:00,dds75-lb-04,2,-55,9.75,"{""Bat"": 3.256, ""Distance_mm"": 851, ""Interrupt_flag"": 0, ""Node_type"": ""DDS75-LB"", ""Sensor_flag"": 1, ""TempC_DS18B20"": 32.76}"
2025-09-20 17:04:24.942751816+00:00,dds75-lb-04,2,-53,9.75,"{""Bat"": 3.256, ""Distance_mm"": 851, ""Interrupt_flag"": 0, ""Node_type"": ""DDS75-LB"", ""Sensor_flag"": 1, ""TempC_DS18B20"": 32.76}"
2025-09-20 17:24:24.704952098+00:00,dds75-lb-04,2,-57,7.75,"{""Bat"": 3.256, ""Distance_mm"": 851, ""Interrupt_flag"": 0, ""Node_type"": ""DDS75-LB"", ""Sensor_flag"": 1, ""TempC_DS18B20"": 32.76}"
2025-09-20 17:44:24.459767884+00:00,dds75-lb-04,2,-55,9.75,"{""Bat"": 3.256, ""Distance_mm"": 851, ""Interrupt_flag"": 0, ""Node_type"": ""DDS75-LB"", ""Sensor_flag"": 1, ""TempC_DS18B20"": 32.76}"
2025-09-20 18:04:24.228975572+00:00,dds75-lb-04,2,-56,10.25,"{""Bat"": 3.256, ""Distance_mm"": 851, ""Interrupt_flag"": 0, ""Node_type"": ""DDS75-LB"", ""Sensor_flag"": 1, ""TempC_DS18B20"": 32.76}"
2025-09-20 18:24:23.979211613+00:00,dds75-lb-04,2,-50,7.25,"{""Bat"": 3.256, ""Distance_mm"": 851, ""Interrupt_flag"": 0, ""Node_type"": ""DDS75-LB"", ""Sensor_flag"": 1, ""TempC_DS18B20"": 32.76}"
2025-09-20 18:44:23.758381201+00:00,dds75-lb-04,2,-53,8.0,"{""Bat"": 3.256, ""Distance_mm"": 851, ""Interrupt_flag"": 0, ""Node_type"": ""DDS75-LB"", ""Sensor_flag"": 1, ""TempC_DS18B20"": 32.76}"
2025-09-20 19:04:23.518677028+00:00,dds75-lb-04,2,-54,7.5,"{""Bat"": 3.256, ""Distance_mm"": 851, ""Interrupt_flag"": 0, ""Node_type"": ""DDS75-LB"", ""Sensor_flag"": 1, ""TempC_DS18B20"": 32.76}"
2025-09-20 19:24:23.296123406+00:00,dds75-lb-04,2,-55,10.0,"{""Bat"": 3.256, ""Distance_mm"": 851, ""Interrupt_flag"": 0, ""Node_type"": ""DDS75-LB"", ""Sensor_flag"": 1, ""TempC_DS18B20"": 32.76}"
2025-09-20 19:44:23.059853330+00:00,dds75-lb-04,2,-56,8.75,"{""Bat"": 3.256, ""Distance_mm"": 851, ""Interrupt_flag"": 0, ""Node_type"": ""DDS75-LB"", ""Sensor_flag"": 1, ""TempC_DS18B20"": 32.76}"
2025-09-20 20:04:22.791885277+00:00,dds75-lb-04,2,-54,9.5,"{""Bat"": 3.256, ""Distance_mm"": 851, ""Interrupt_flag"": 0, ""Node_type"": ""DDS75-LB"", ""Sensor_flag"": 1, ""TempC_DS18B20"": 32.76}"
2025-09-20 20:24:22.567755806+00:00,dds75-lb-04,2,-56,9.5,"{""Bat"": 3.256, ""Distance_mm"": 851, ""Interrupt_flag"": 0, ""Node_type"": ""DDS75-LB"", ""Sensor_flag"": 1, ""TempC_DS18B20"": 32.76}"
2025-09-20 20:25:32.770071761+00:00,dds75-lb-04,2,-55,10.0,"{""Bat"": 3.256, ""Distance_mm"": 851, ""Interrupt_flag"": 0, ""Node_type"": ""DDS75-LB"", ""Sensor_flag"": 1, ""TempC_DS18B20"": 32.76}"
2025-09-20 20:26:32.760259961+00:00,dds75-lb-04,2,-53,10.0,"{""Bat"": 3.256, ""Distance_mm"": 851, ""Interrupt_flag"": 0, ""Node_type"": ""DDS75-LB"", ""Sensor_flag"": 1, ""TempC_DS18B20"": 32.76}"
2025-09-20 20:27:32.756375681+00:00,dds75-lb-04,2,-51,8.25,"{""Bat"": 3.256, ""Distance_mm"": 851, ""Interrupt_flag"": 0, ""Node_type"": ""DDS75-LB"", ""Sensor_flag"": 1, ""TempC_DS18B20"": 32.76}"
2025-09-20 21:27:42.262556979+00:00,dds75-lb-04,2,-124,-8.75,"{""Bat"": 3.256, ""Distance_mm"": 851, ""Interrupt_flag"": 0, ""Node_type"": ""DDS75-LB"", ""Sensor_flag"": 1, ""TempC_DS18B20"": 32.76}"
2025-09-20 22:27:41.561837402+00:00,dds75-lb-04,2,-51,9.5,"{""Bat"": 3.256, ""Distance_mm"": 851, ""Interrupt_flag"": 0, ""Node_type"": ""DDS75-LB"", ""Sensor_flag"": 1, ""TempC_DS18B20"": 32.76}"
2025-09-20 23:27:40.823041543+00:00,dds75-lb-04,2,-53,9.0,"{""Bat"": 3.256, ""Distance_mm"": 851, ""Interrupt_flag"": 0, ""Node_type"": ""DDS75-LB"", ""Sensor_flag"": 1, ""TempC_DS18B20"": 32.76}"
2025-09-21 00:27:40.129338494+00:00,dds75-lb-04,2,-56,7.0,"{""Bat"": 3.256, ""Distance_mm"": 851, ""Interrupt_flag"": 0, ""Node_type"": ""DDS75-LB"", ""Sensor_flag"": 1, ""TempC_DS18B20"": 32.76}"
2025-09-21 01:27:39.408364619+00:00,dds75-lb-04,2,-53,9.25,"{""Bat"": 3.256, ""Distance_mm"": 851, ""Interrupt_flag"": 0, ""Node_type"": ""DDS75-LB"", ""Sensor_flag"": 1, ""TempC_DS18B20"": 32.76}"
2025-09-21 02:27:38.706884331+00:00,dds75-lb-04,2,-55,9.25,"{""Bat"": 3.256, ""Distance_mm"": 851, ""Interrupt_flag"": 0, ""Node_type"": ""DDS75-LB"", ""Sensor_flag"": 1, ""TempC_DS18B20"": 32.76}"
2025-09-21 03:27:37.974006853+00:00,dds75-lb-04,2,-53,8.75,"{""Bat"": 3.256, ""Distance_mm"": 851, ""Interrupt_flag"": 0, ""Node_type"": ""DDS75-LB"", ""Sensor_flag"": 1, ""TempC_DS18B20"": 32.76}"
2025-09-21 04:27:37.268100054+00:00,dds75-lb-04,2,-53,7.5,"{""Bat"": 3.256, ""Distance_mm"": 851, ""Interrupt_flag"": 0, ""Node_type"": ""DDS75-LB"", ""Sensor_flag"": 1, ""TempC_DS18B20"": 32.76}"
2025-09-21 05:27:36.561353287+00:00,dds75-lb-04,2,-57,9.5,"{""Bat"": 3.256, ""Distance_mm"": 851, ""Interrupt_flag"": 0, ""Node_type"": ""DDS75-LB"", ""Sensor_flag"": 1, ""TempC_DS18B20"": 32.76}"
2025-09-21 06:27:35.821411124+00:00,dds75-lb-04,2,-56,10.25,"{""Bat"": 3.256, ""Distance_mm"": 851, ""Interrupt_flag"": 0, ""Node_type"": ""DDS75-LB"", ""Sensor_flag"": 1, ""TempC_DS18B20"": 32.76}"
2025-09-21 07:27:35.110978771+00:00,dds75-lb-04,2,-56,9.0,"{""Bat"": 3.256, ""Distance_mm"": 850, ""Interrupt_flag"": 0, ""Node_type"": ""DDS75-LB"", ""Sensor_flag"": 1, ""TempC_DS18B20"": 32.76}"
2025-09-21 08:27:34.410792034+00:00,dds75-lb-04,2,-57,9.5,"{""Bat"": 3.256, ""Distance_mm"": 851, ""Interrupt_flag"": 0, ""Node_type"": ""DDS75-LB"", ""Sensor_flag"": 1, ""TempC_DS18B20"": 32.76}"
2025-09-21 09:27:33.713654750+00:00,dds75-lb-04,2,-56,9.5,"{""Bat"": 3.256, ""Distance_mm"": 850, ""Interrupt_flag"": 0, ""Node_type"": ""DDS75-LB"", ""Sensor_flag"": 1, ""TempC_DS18B20"": 32.76}"
2025-09-21 10:27:32.969661005+00:00,dds75-lb-04,2,-54,9.25,"{""Bat"": 3.256, ""Distance_mm"": 851, ""Interrupt_flag"": 0, ""Node_type"": ""DDS75-LB"", ""Sensor_flag"": 1, ""TempC_DS18B20"": 32.76}"
2025-09-21 11:27:32.270005708+00:00,dds75-lb-04,2,-53,8.25,"{""Bat"": 3.256, ""Distance_mm"": 851, ""Interrupt_flag"": 0, ""Node_type"": ""DDS75-LB"", ""Sensor_flag"": 1, ""TempC_DS18B20"": 32.76}"
2025-09-21 12:27:31.545329194+00:00,dds75-lb-04,2,-53,9.25,"{""Bat"": 3.256, ""Distance_mm"": 851, ""Interrupt_flag"": 0, ""Node_type"": ""DDS75-LB"", ""Sensor_flag"": 1, ""TempC_DS18B20"": 32.76}"
2025-09-21 13:27:30.831005641+00:00,dds75-lb-04,2,-56,6.75,"{""Bat"": 3.256, ""Distance_mm"": 851, ""Interrupt_flag"": 0, ""Node_type"": ""DDS75-LB"", ""Sensor_flag"": 1, ""TempC_DS18B20"": 32.76}"
2025-09-21 14:27:30.116665909+00:00,dds75-lb-04,2,-56,9.75,"{""Bat"": 3.256, ""Distance_mm"": 851, ""Interrupt_flag"": 0, ""Node_type"": ""DDS75-LB"", ""Sensor_flag"": 1, ""TempC_DS18B20"": 32.76}"
2025-09-21 15:27:29.417541202+00:00,dds75-lb-04,2,-57,9.5,"{""Bat"": 3.256, ""Distance_mm"": 851, ""Interrupt_flag"": 0, ""Node_type"": ""DDS75-LB"", ""Sensor_flag"": 1, ""TempC_DS18B20"": 32.76}"
2025-09-21 16:27:28.702879612+00:00,dds75-lb-04,2,-57,9.25,"{""Bat"": 3.256, ""Distance_mm"": 851, ""Interrupt_flag"": 0, ""Node_type"": ""DDS75-LB"", ""Sensor_flag"": 1, ""TempC_DS18B20"": 32.76}"
2025-09-21 17:27:27.967936271+00:00,dds75-lb-04,2,-56,9.5,"{""Bat"": 3.256, ""Distance_mm"": 851, ""Interrupt_flag"": 0, ""Node_type"": ""DDS75-LB"", ""Sensor_flag"": 1, ""TempC_DS18B20"": 32.76}"
2025-09-21 18:27:27.255791679+00:00,dds75-lb-04,2,-59,10.0,"{""Bat"": 3.256, ""Distance_mm"": 851, ""Interrupt_flag"": 0, ""Node_type"": ""DDS75-LB"", ""Sensor_flag"": 1, ""TempC_DS18B20"": 32.76}"
2025-09-21 19:27:26.565919089+00:00,dds75-lb-04,2,-53,7.5,"{""Bat"": 3.256, ""Distance_mm"": 851, ""Interrupt_flag"": 0, ""Node_type"": ""DDS75-LB"", ""Sensor_flag"": 1, ""TempC_DS18B20"": 32.76}"
2025-09-21 20:27:25.848009921+00:00,dds75-lb-04,2,-54,9.75,"{""Bat"": 3.256, ""Distance_mm"": 851, ""Interrupt_flag"": 0, ""Node_type"": ""DDS75-LB"", ""Sensor_flag"": 1, ""TempC_DS18B20"": 32.76}"
2025-09-21 21:27:25.121535995+00:00,dds75-lb-04,2,-56,7.0,"{""Bat"": 3.256, ""Distance_mm"": 851, ""Interrupt_flag"": 0, ""Node_type"": ""DDS75-LB"", ""Sensor_flag"": 1, ""TempC_DS18B20"": 32.76}"
2025-09-21 22:27:24.401909284+00:00,dds75-lb-04,2,-53,9.25,"{""Bat"": 3.256, ""Distance_mm"": 851, ""Interrupt_flag"": 0, ""Node_type"": ""DDS75-LB"", ""Sensor_flag"": 1, ""TempC_DS18B20"": 32.76}"
2025-09-21 23:27:23.699701953+00:00,dds75-lb-04,2,-57,9.5,"{""Bat"": 3.256, ""Distance_mm"": 851, ""Interrupt_flag"": 0, ""Node_type"": ""DDS75-LB"", ""Sensor_flag"": 1, ""TempC_DS18B20"": 32.76}"
2025-09-22 00:27:22.985398992+00:00,dds75-lb-04,2,-57,7.75,"{""Bat"": 3.256, ""Distance_mm"": 851, ""Interrupt_flag"": 0, ""Node_type"": ""DDS75-LB"", ""Sensor_flag"": 1, ""TempC_DS18B20"": 32.76}"
2025-09-22 01:27:22.273923320+00:00,dds75-lb-04,2,-59,9.5,"{""Bat"": 3.256, ""Distance_mm"": 851, ""Interrupt_flag"": 0, ""Node_type"": ""DDS75-LB"", ""Sensor_flag"": 1, ""TempC_DS18B20"": 32.76}"
2025-09-22 02:27:21.553971700+00:00,dds75-lb-04,2,-59,10.5,"{""Bat"": 3.256, ""Distance_mm"": 851, ""Interrupt_flag"": 0, ""Node_type"": ""DDS75-LB"", ""Sensor_flag"": 1, ""TempC_DS18B20"": 32.76}"
2025-09-22 03:27:20.866219924+00:00,dds75-lb-04,2,-59,9.25,"{""Bat"": 3.256, ""Distance_mm"": 851, ""Interrupt_flag"": 0, ""Node_type"": ""DDS75-LB"", ""Sensor_flag"": 1, ""TempC_DS18B20"": 32.76}"
2025-09-22 04:27:20.145717712+00:00,dds75-lb-04,2,-57,7.25,"{""Bat"": 3.256, ""Distance_mm"": 851, ""Interrupt_flag"": 0, ""Node_type"": ""DDS75-LB"", ""Sensor_flag"": 1, ""TempC_DS18B20"": 32.76}"
2025-09-22 05:27:19.434674065+00:00,dds75-lb-04,2,-59,7.5,"{""Bat"": 3.256, ""Distance_mm"": 851, ""Interrupt_flag"": 0, ""Node_type"": ""DDS75-LB"", ""Sensor_flag"": 1, ""TempC_DS18B20"": 32.76}"
2025-09-22 06:27:18.707847378+00:00,dds75-lb-04,2,-59,10.0,"{""Bat"": 3.256, ""Distance_mm"": 851, ""Interrupt_flag"": 0, ""Node_type"": ""DDS75-LB"", ""Sensor_flag"": 1, ""TempC_DS18B20"": 32.76}"
2025-09-22 07:27:18.000501389+00:00,dds75-lb-04,2,-59,9.25,"{""Bat"": 3.256, ""Distance_mm"": 851, ""Interrupt_flag"": 0, ""Node_type"": ""DDS75-LB"", ""Sensor_flag"": 1, ""TempC_DS18B20"": 32.76}"
2025-09-22 08:27:17.282931820+00:00,dds75-lb-04,2,-56,7.75,"{""Bat"": 3.256, ""Distance_mm"": 851, ""Interrupt_flag"": 0, ""Node_type"": ""DDS75-LB"", ""Sensor_flag"": 1, ""TempC_DS18B20"": 32.76}"
2025-09-22 09:27:16.564242011+00:00,dds75-lb-04,2,-56,9.5,"{""Bat"": 3.256, ""Distance_mm"": 851, ""Interrupt_flag"": 0, ""Node_type"": ""DDS75-LB"", ""Sensor_flag"": 1, ""TempC_DS18B20"": 32.76}"
2025-09-22 10:27:15.874725687+00:00,dds75-lb-04,2,-57,9.5,"{""Bat"": 3.256, ""Distance_mm"": 928, ""Interrupt_flag"": 0, ""Node_type"": ""DDS75-LB"", ""Sensor_flag"": 1, ""TempC_DS18B20"": 32.76}"
2025-09-22 11:27:15.151738317+00:00,dds75-lb-04,2,-56,9.0,"{""Bat"": 3.256, ""Distance_mm"": 928, ""Interrupt_flag"": 0, ""Node_type"": ""DDS75-LB"", ""Sensor_flag"": 1, ""TempC_DS18B20"": 32.76}"
2025-09-22 12:27:14.430029098+00:00,dds75-lb-04,2,-53,9.25,"{""Bat"": 3.256, ""Distance_mm"": 928, ""Interrupt_flag"": 0, ""Node_type"": ""DDS75-LB"", ""Sensor_flag"": 1, ""TempC_DS18B20"": 32.76}"
2025-09-22 13:27:13.726568051+00:00,dds75-lb-04,2,-55,7.5,"{""Bat"": 3.256, ""Distance_mm"": 928, ""Interrupt_flag"": 0, ""Node_type"": ""DDS75-LB"", ""Sensor_flag"": 1, ""TempC_DS18B20"": 32.76}"
2025-09-22 14:27:13.013761093+00:00,dds75-lb-04,2,-56,10.25,"{""Bat"": 3.256, ""Distance_mm"": 928, ""Interrupt_flag"": 0, ""Node_type"": ""DDS75-LB"", ""Sensor_flag"": 1, ""TempC_DS18B20"": 32.76}"
2025-09-22 15:27:12.307655953+00:00,dds75-lb-04,2,-59,9.75,"{""Bat"": 3.256, ""Distance_mm"": 928, ""Interrupt_flag"": 0, ""Node_type"": ""DDS75-LB"", ""Sensor_flag"": 1, ""TempC_DS18B20"": 32.76}"
2025-09-22 16:27:11.589271164+00:00,dds75-lb-04,2,-56,8.75,"{""Bat"": 3.256, ""Distance_mm"": 928, ""Interrupt_flag"": 0, ""Node_type"": ""DDS75-LB"", ""Sensor_flag"": 1, ""TempC_DS18B20"": 32.76}"
2025-09-22 17:27:10.891583838+00:00,dds75-lb-04,2,-56,9.5,"{""Bat"": 3.256, ""Distance_mm"": 928, ""Interrupt_flag"": 0, ""Node_type"": ""DDS75-LB"", ""Sensor_flag"": 1, ""TempC_DS18B20"": 32.76}"
2025-09-22 18:27:10.177856320+00:00,dds75-lb-04,2,-57,10.0,"{""Bat"": 3.256, ""Distance_mm"": 929, ""Interrupt_flag"": 0, ""Node_type"": ""DDS75-LB"", ""Sensor_flag"": 1, ""TempC_DS18B20"": 32.76}"
2025-09-22 19:27:09.450961915+00:00,dds75-lb-04,2,-53,9.25,"{""Bat"": 3.256, ""Distance_mm"": 928, ""Interrupt_flag"": 0, ""Node_type"": ""DDS75-LB"", ""Sensor_flag"": 1, ""TempC_DS18B20"": 32.76}"
2025-09-22 20:27:08.733146962+00:00,dds75-lb-04,2,-56,10.25,"{""Bat"": 3.256, ""Distance_mm"": 932, ""Interrupt_flag"": 0, ""Node_type"": ""DDS75-LB"", ""Sensor_flag"": 1, ""TempC_DS18B20"": 32.76}"
2025-09-22 21:27:08.024809027+00:00,dds75-lb-04,2,-56,9.0,"{""Bat"": 3.256, ""Distance_mm"": 933, ""Interrupt_flag"": 0, ""Node_type"": ""DDS75-LB"", ""Sensor_flag"": 1, ""TempC_DS18B20"": 32.76}"
2025-09-22 22:27:07.324265270+00:00,dds75-lb-04,2,-56,9.25,"{""Bat"": 3.256, ""Distance_mm"": 928, ""Interrupt_flag"": 0, ""Node_type"": ""DDS75-LB"", ""Sensor_flag"": 1, ""TempC_DS18B20"": 32.76}"
2025-09-22 23:27:06.615445853+00:00,dds75-lb-04,2,-57,9.25,"{""Bat"": 3.256, ""Distance_mm"": 932, ""Interrupt_flag"": 0, ""Node_type"": ""DDS75-LB"", ""Sensor_flag"": 1, ""TempC_DS18B20"": 32.76}"
2025-09-23 00:27:05.881104775+00:00,dds75-lb-04,2,-56,7.5,"{""Bat"": 3.256, ""Distance_mm"": 932, ""Interrupt_flag"": 0, ""Node_type"": ""DDS75-LB"", ""Sensor_flag"": 1, ""TempC_DS18B20"": 32.76}"
2025-09-23 01:27:05.192438840+00:00,dds75-lb-04,2,-55,8.75,"{""Bat"": 3.256, ""Distance_mm"": 933, ""Interrupt_flag"": 0, ""Node_type"": ""DDS75-LB"", ""Sensor_flag"": 1, ""TempC_DS18B20"": 32.76}"
2025-09-23 02:27:04.481077388+00:00,dds75-lb-04,2,-57,8.5,"{""Bat"": 3.256, ""Distance_mm"": 933, ""Interrupt_flag"": 0, ""Node_type"": ""DDS75-LB"", ""Sensor_flag"": 1, ""TempC_DS18B20"": 32.76}"
2025-09-23 03:27:03.754446805+00:00,dds75-lb-04,2,-55,9.25,"{""Bat"": 3.256, ""Distance_mm"": 932, ""Interrupt_flag"": 0, ""Node_type"": ""DDS75-LB"", ""Sensor_flag"": 1, ""TempC_DS18B20"": 32.76}"
2025-09-23 04:27:03.058541450+00:00,dds75-lb-04,2,-56,10.25,"{""Bat"": 3.256, ""Distance_mm"": 933, ""Interrupt_flag"": 0, ""Node_type"": ""DDS75-LB"", ""Sensor_flag"": 1, ""TempC_DS18B20"": 32.76}"
2025-09-23 05:27:02.332935460+00:00,dds75-lb-04,2,-53,9.75,"{""Bat"": 3.256, ""Distance_mm"": 930, ""Interrupt_flag"": 0, ""Node_type"": ""DDS75-LB"", ""Sensor_flag"": 1, ""TempC_DS18B20"": 32.76}"
2025-09-23 06:27:01.667498955+00:00,dds75-lb-04,2,-57,10.5,"{""Bat"": 3.256, ""Distance_mm"": 928, ""Interrupt_flag"": 0, ""Node_type"": ""DDS75-LB"", ""Sensor_flag"": 1, ""TempC_DS18B20"": 32.76}"
2025-09-23 07:27:00.920454804+00:00,dds75-lb-04,2,-55,6.75,"{""Bat"": 3.256, ""Distance_mm"": 928, ""Interrupt_flag"": 0, ""Node_type"": ""DDS75-LB"", ""Sensor_flag"": 1, ""TempC_DS18B20"": 32.76}"
2025-09-23 08:27:00.206063098+00:00,dds75-lb-04,2,-55,9.75,"{""Bat"": 3.256, ""Distance_mm"": 928, ""Interrupt_flag"": 0, ""Node_type"": ""DDS75-LB"", ""Sensor_flag"": 1, ""TempC_DS18B20"": 32.76}"
2025-09-23 09:26:59.493447963+00:00,dds75-lb-04,2,-59,10.0,"{""Bat"": 3.256, ""Distance_mm"": 928, ""Interrupt_flag"": 0, ""Node_type"": ""DDS75-LB"", ""Sensor_flag"": 1, ""TempC_DS18B20"": 32.76}"
2025-09-23 10:26:58.783129776+00:00,dds75-lb-04,2,-54,6.75,"{""Bat"": 3.256, ""Distance_mm"": 928, ""Interrupt_flag"": 0, ""Node_type"": ""DDS75-LB"", ""Sensor_flag"": 1, ""TempC_DS18B20"": 32.76}"
2025-09-23 11:26:58.070789848+00:00,dds75-lb-04,2,-52,9.0,"{""Bat"": 3.256, ""Distance_mm"": 929, ""Interrupt_flag"": 0, ""Node_type"": ""DDS75-LB"", ""Sensor_flag"": 1, ""TempC_DS18B20"": 32.76}"
2025-09-23 12:26:57.371816819+00:00,dds75-lb-04,2,-54,9.75,"{""Bat"": 3.256, ""Distance_mm"": 929, ""Interrupt_flag"": 0, ""Node_type"": ""DDS75-LB"", ""Sensor_flag"": 1, ""TempC_DS18B20"": 32.76}"
2025-09-23 13:26:56.659613707+00:00,dds75-lb-04,2,-52,9.5,"{""Bat"": 3.256, ""Distance_mm"": 929, ""Interrupt_flag"": 0, ""Node_type"": ""DDS75-LB"", ""Sensor_flag"": 1, ""TempC_DS18B20"": 32.76}"
2025-09-23 14:26:55.912207084+00:00,dds75-lb-04,2,-59,11.0,"{""Bat"": 3.256, ""Distance_mm"": 928, ""Interrupt_flag"": 0, ""Node_type"": ""DDS75-LB"", ""Sensor_flag"": 1, ""TempC_DS18B20"": 32.76}"
2025-09-23 15:26:55.214910201+00:00,dds75-lb-04,2,-56,7.5,"{""Bat"": 3.256, ""Distance_mm"": 928, ""Interrupt_flag"": 0, ""Node_type"": ""DDS75-LB"", ""Sensor_flag"": 1, ""TempC_DS18B20"": 32.76}"
2025-09-23 16:26:54.521050380+00:00,dds75-lb-04,2,-56,9.25,"{""Bat"": 3.256, ""Distance_mm"": 929, ""Interrupt_flag"": 0, ""Node_type"": ""DDS75-LB"", ""Sensor_flag"": 1, ""TempC_DS18B20"": 32.76}"
2025-09-23 17:26:53.814936419+00:00,dds75-lb-04,2,-59,10.0,"{""Bat"": 3.256, ""Distance_mm"": 929, ""Interrupt_flag"": 0, ""Node_type"": ""DDS75-LB"", ""Sensor_flag"": 1, ""TempC_DS18B20"": 32.76}"
2025-09-23 18:26:53.068904500+00:00,dds75-lb-04,2,-55,7.75,"{""Bat"": 3.256, ""Distance_mm"": 928, ""Interrupt_flag"": 0, ""Node_type"": ""DDS75-LB"", ""Sensor_flag"": 1, ""TempC_DS18B20"": 32.76}"
2025-09-23 19:26:52.367837174+00:00,dds75-lb-04,2,-56,9.75,"{""Bat"": 3.256, ""Distance_mm"": 928, ""Interrupt_flag"": 0, ""Node_type"": ""DDS75-LB"", ""Sensor_flag"": 1, ""TempC_DS18B20"": 32.76}"
2025-09-23 20:26:51.650791664+00:00,dds75-lb-04,2,-57,7.5,"{""Bat"": 3.256, ""Distance_mm"": 928, ""Interrupt_flag"": 0, ""Node_type"": ""DDS75-LB"", ""Sensor_flag"": 1, ""TempC_DS18B20"": 32.76}"
2025-09-23 21:26:50.949940601+00:00,dds75-lb-04,2,-55,9.5,"{""Bat"": 3.256, ""Distance_mm"": 929, ""Interrupt_flag"": 0, ""Node_type"": ""DDS75-LB"", ""Sensor_flag"": 1, ""TempC_DS18B20"": 32.76}"
2025-09-23 22:26:50.221122979+00:00,dds75-lb-04,2,-56,9.0,"{""Bat"": 3.256, ""Distance_mm"": 928, ""Interrupt_flag"": 0, ""Node_type"": ""DDS75-LB"", ""Sensor_flag"": 1, ""TempC_DS18B20"": 32.76}"
2025-09-23 23:26:49.521178162+00:00,dds75-lb-04,2,-57,7.25,"{""Bat"": 3.256, ""Distance_mm"": 928, ""Interrupt_flag"": 0, ""Node_type"": ""DDS75-LB"", ""Sensor_flag"": 1, ""TempC_DS18B20"": 32.76}"
2025-09-24 00:26:48.814518035+00:00,dds75-lb-04,2,-55,9.75,"{""Bat"": 3.256, ""Distance_mm"": 928, ""Interrupt_flag"": 0, ""Node_type"": ""DDS75-LB"", ""Sensor_flag"": 1, ""TempC_DS18B20"": 32.76}"
2025-09-24 01:26:48.120187202+00:00,dds75-lb-04,2,-56,9.0,"{""Bat"": 3.256, ""Distance_mm"": 928, ""Interrupt_flag"": 0, ""Node_type"": ""DDS75-LB"", ""Sensor_flag"": 1, ""TempC_DS18B20"": 32.76}"
2025-09-24 02:26:47.403884804+00:00,dds75-lb-04,2,-56,10.0,"{""Bat"": 3.256, ""Distance_mm"": 928, ""Interrupt_flag"": 0, ""Node_type"": ""DDS75-LB"", ""Sensor_flag"": 1, ""TempC_DS18B20"": 32.76}"
2025-09-24 03:26:46.678511280+00:00,dds75-lb-04,2,-55,10.0,"{""Bat"": 3.256, ""Distance_mm"": 928, ""Interrupt_flag"": 0, ""Node_type"": ""DDS75-LB"", ""Sensor_flag"": 1, ""TempC_DS18B20"": 32.76}"
2025-09-24 04:26:45.985394286+00:00,dds75-lb-04,2,-56,7.75,"{""Bat"": 3.256, ""Distance_mm"": 928, ""Interrupt_flag"": 0, ""Node_type"": ""DDS75-LB"", ""Sensor_flag"": 1, ""TempC_DS18B20"": 32.76}"
2025-09-24 05:26:45.259081759+00:00,dds75-lb-04,2,-55,10.0,"{""Bat"": 3.256, ""Distance_mm"": 928, ""Interrupt_flag"": 0, ""Node_type"": ""DDS75-LB"", ""Sensor_flag"": 1, ""TempC_DS18B20"": 32.76}"
2025-09-24 06:26:44.563377066+00:00,dds75-lb-04,2,-54,9.5,"{""Bat"": 3.256, ""Distance_mm"": 928, ""Interrupt_flag"": 0, ""Node_type"": ""DDS75-LB"", ""Sensor_flag"": 1, ""TempC_DS18B20"": 32.76}"
2025-09-24 07:26:43.838350684+00:00,dds75-lb-04,2,-56,9.0,"{""Bat"": 3.256, ""Distance_mm"": 928, ""Interrupt_flag"": 0, ""Node_type"": ""DDS75-LB"", ""Sensor_flag"": 1, ""TempC_DS18B20"": 32.76}"
2025-09-24 08:26:43.144945093+00:00,dds75-lb-04,2,-55,9.75,"{""Bat"": 3.256, ""Distance_mm"": 928, ""Interrupt_flag"": 0, ""Node_type"": ""DDS75-LB"", ""Sensor_flag"": 1, ""TempC_DS18B20"": 32.76}"
2025-09-24 09:26:42.436084827+00:00,dds75-lb-04,2,-54,6.5,"{""Bat"": 3.256, ""Distance_mm"": 928, ""Interrupt_flag"": 0, ""Node_type"": ""DDS75-LB"", ""Sensor_flag"": 1, ""TempC_DS18B20"": 32.76}"
2025-09-24 10:26:41.772557066+00:00,dds75-lb-04,2,-55,9.5,"{""Bat"": 3.256, ""Distance_mm"": 929, ""Interrupt_flag"": 0, ""Node_type"": ""DDS75-LB"", ""Sensor_flag"": 1, ""TempC_DS18B20"": 32.76}"
2025-09-24 11:26:40.994375702+00:00,dds75-lb-04,2,-55,6.75,"{""Bat"": 3.256, ""Distance_mm"": 928, ""Interrupt_flag"": 0, ""Node_type"": ""DDS75-LB"", ""Sensor_flag"": 1, ""TempC_DS18B20"": 32.76}"
2025-09-24 12:26:40.279742991+00:00,dds75-lb-04,2,-55,9.25,"{""Bat"": 3.256, ""Distance_mm"": 928, ""Interrupt_flag"": 0, ""Node_type"": ""DDS75-LB"", ""Sensor_flag"": 1, ""TempC_DS18B20"": 32.76}"
2025-09-24 13:26:39.579507580+00:00,dds75-lb-04,2,-56,9.25,"{""Bat"": 3.256, ""Distance_mm"": 929, ""Interrupt_flag"": 0, ""Node_type"": ""DDS75-LB"", ""Sensor_flag"": 1, ""TempC_DS18B20"": 32.76}"
2025-09-24 14:26:38.876513897+00:00,dds75-lb-04,2,-57,9.0,"{""Bat"": 3.256, ""Distance_mm"": 929, ""Interrupt_flag"": 0, ""Node_type"": ""DDS75-LB"", ""Sensor_flag"": 1, ""TempC_DS18B20"": 32.76}"
2025-09-24 15:26:38.162427806+00:00,dds75-lb-04,2,-54,9.25,"{""Bat"": 3.256, ""Distance_mm"": 929, ""Interrupt_flag"": 0, ""Node_type"": ""DDS75-LB"", ""Sensor_flag"": 1, ""TempC_DS18B20"": 32.76}"
2025-09-24 16:26:37.446693363+00:00,dds75-lb-04,2,-57,9.5,"{""Bat"": 3.256, ""Distance_mm"": 928, ""Interrupt_flag"": 0, ""Node_type"": ""DDS75-LB"", ""Sensor_flag"": 1, ""TempC_DS18B20"": 32.76}"
2025-09-24 17:26:36.746821895+00:00,dds75-lb-04,2,-56,9.75,"{""Bat"": 3.256, ""Distance_mm"": 928, ""Interrupt_flag"": 0, ""Node_type"": ""DDS75-LB"", ""Sensor_flag"": 1, ""TempC_DS18B20"": 32.76}"
2025-09-24 18:26:36.029175869+00:00,dds75-lb-04,2,-53,6.75,"{""Bat"": 3.256, ""Distance_mm"": 928, ""Interrupt_flag"": 0, ""Node_type"": ""DDS75-LB"", ""Sensor_flag"": 1, ""TempC_DS18B20"": 32.76}"
2025-09-24 19:26:35.316329701+00:00,dds75-lb-04,2,-57,10.75,"{""Bat"": 3.256, ""Distance_mm"": 928, ""Interrupt_flag"": 0, ""Node_type"": ""DDS75-LB"", ""Sensor_flag"": 1, ""TempC_DS18B20"": 32.76}"
2025-09-24 20:26:34.609770453+00:00,dds75-lb-04,2,-57,9.5,"{""Bat"": 3.256, ""Distance_mm"": 928, ""Interrupt_flag"": 0, ""Node_type"": ""DDS75-LB"", ""Sensor_flag"": 1, ""TempC_DS18B20"": 32.76}"
2025-09-24 21:26:33.898873204+00:00,dds75-lb-04,2,-57,10.0,"{""Bat"": 3.256, ""Distance_mm"": 929, ""Interrupt_flag"": 0, ""Node_type"": ""DDS75-LB"", ""Sensor_flag"": 1, ""TempC_DS18B20"": 32.76}"
2025-09-24 22:26:33.200366259+00:00,dds75-lb-04,2,-57,7.75,"{""Bat"": 3.256, ""Distance_mm"": 928, ""Interrupt_flag"": 0, ""Node_type"": ""DDS75-LB"", ""Sensor_flag"": 1, ""TempC_DS18B20"": 32.76}"
2025-09-24 23:26:32.472258126+00:00,dds75-lb-04,2,-55,9.5,"{""Bat"": 3.256, ""Distance_mm"": 928, ""Interrupt_flag"": 0, ""Node_type"": ""DDS75-LB"", ""Sensor_flag"": 1, ""TempC_DS18B20"": 32.76}"
2025-09-25 00:26:31.755935289+00:00,dds75-lb-04,2,-57,10.0,"{""Bat"": 3.256, ""Distance_mm"": 933, ""Interrupt_flag"": 0, ""Node_type"": ""DDS75-LB"", ""Sensor_flag"": 1, ""TempC_DS18B20"": 32.76}"
2025-09-25 02:26:30.337927614+00:00,dds75-lb-04,2,-54,9.5,"{""Bat"": 3.256, ""Distance_mm"": 932, ""Interrupt_flag"": 0, ""Node_type"": ""DDS75-LB"", ""Sensor_flag"": 1, ""TempC_DS18B20"": 32.76}"
2025-09-25 03:26:29.630869410+00:00,dds75-lb-04,2,-57,9.75,"{""Bat"": 3.256, ""Distance_mm"": 928, ""Interrupt_flag"": 0, ""Node_type"": ""DDS75-LB"", ""Sensor_flag"": 1, ""TempC_DS18B20"": 32.76}"
2025-09-25 04:26:28.918711215+00:00,dds75-lb-04,2,-56,9.75,"{""Bat"": 3.256, ""Distance_mm"": 928, ""Interrupt_flag"": 0, ""Node_type"": ""DDS75-LB"", ""Sensor_flag"": 1, ""TempC_DS18B20"": 32.76}"
2025-09-25 05:26:28.201326234+00:00,dds75-lb-04,2,-54,9.25,"{""Bat"": 3.256, ""Distance_mm"": 928, ""Interrupt_flag"": 0, ""Node_type"": ""DDS75-LB"", ""Sensor_flag"": 1, ""TempC_DS18B20"": 32.76}"
2025-09-25 06:26:27.496134886+00:00,dds75-lb-04,2,-57,6.75,"{""Bat"": 3.256, ""Distance_mm"": 928, ""Interrupt_flag"": 0, ""Node_type"": ""DDS75-LB"", ""Sensor_flag"": 1, ""TempC_DS18B20"": 32.76}"
2025-09-25 07:26:26.788862238+00:00,dds75-lb-04,2,-55,9.75,"{""Bat"": 3.256, ""Distance_mm"": 928, ""Interrupt_flag"": 0, ""Node_type"": ""DDS75-LB"", ""Sensor_flag"": 1, ""TempC_DS18B20"": 32.76}"
2025-09-25 08:26:26.082735119+00:00,dds75-lb-04,2,-56,10.5,"{""Bat"": 3.256, ""Distance_mm"": 928, ""Interrupt_flag"": 0, ""Node_type"": ""DDS75-LB"", ""Sensor_flag"": 1, ""TempC_DS18B20"": 32.76}"
2025-09-25 09:26:25.370717872+00:00,dds75-lb-04,2,-51,7.75,"{""Bat"": 3.256, ""Distance_mm"": 928, ""Interrupt_flag"": 0, ""Node_type"": ""DDS75-LB"", ""Sensor_flag"": 1, ""TempC_DS18B20"": 32.76}"
2025-09-25 10:26:24.660441851+00:00,dds75-lb-04,2,-51,7.25,"{""Bat"": 3.256, ""Distance_mm"": 928, ""Interrupt_flag"": 0, ""Node_type"": ""DDS75-LB"", ""Sensor_flag"": 1, ""TempC_DS18B20"": 32.76}"
2025-09-25 11:26:23.940687044+00:00,dds75-lb-04,2,-51,10.0,"{""Bat"": 3.256, ""Distance_mm"": 928, ""Interrupt_flag"": 0, ""Node_type"": ""DDS75-LB"", ""Sensor_flag"": 1, ""TempC_DS18B20"": 32.76}"
2025-09-25 12:26:23.244309835+00:00,dds75-lb-04,2,-50,9.0,"{""Bat"": 3.256, ""Distance_mm"": 928, ""Interrupt_flag"": 0, ""Node_type"": ""DDS75-LB"", ""Sensor_flag"": 1, ""TempC_DS18B20"": 32.76}"
2025-09-25 13:26:22.520268800+00:00,dds75-lb-04,2,-51,8.5,"{""Bat"": 3.256, ""Distance_mm"": 928, ""Interrupt_flag"": 0, ""Node_type"": ""DDS75-LB"", ""Sensor_flag"": 1, ""TempC_DS18B20"": 32.76}"
2025-09-25 14:26:21.818194950+00:00,dds75-lb-04,2,-50,9.75,"{""Bat"": 3.256, ""Distance_mm"": 928, ""Interrupt_flag"": 0, ""Node_type"": ""DDS75-LB"", ""Sensor_flag"": 1, ""TempC_DS18B20"": 32.76}"
2025-09-25 15:26:21.111800140+00:00,dds75-lb-04,2,-50,8.75,"{""Bat"": 3.256, ""Distance_mm"": 928, ""Interrupt_flag"": 0, ""Node_type"": ""DDS75-LB"", ""Sensor_flag"": 1, ""TempC_DS18B20"": 32.76}"
2025-09-25 16:26:20.404402113+00:00,dds75-lb-04,2,-51,7.0,"{""Bat"": 3.256, ""Distance_mm"": 928, ""Interrupt_flag"": 0, ""Node_type"": ""DDS75-LB"", ""Sensor_flag"": 1, ""TempC_DS18B20"": 32.76}"
2025-09-25 17:26:19.694686311+00:00,dds75-lb-04,2,-49,9.0,"{""Bat"": 3.256, ""Distance_mm"": 928, ""Interrupt_flag"": 0, ""Node_type"": ""DDS75-LB"", ""Sensor_flag"": 1, ""TempC_DS18B20"": 32.76}"
2025-09-25 18:26:18.982553305+00:00,dds75-lb-04,2,-49,9.25,"{""Bat"": 3.256, ""Distance_mm"": 928, ""Interrupt_flag"": 0, ""Node_type"": ""DDS75-LB"", ""Sensor_flag"": 1, ""TempC_DS18B20"": 32.76}"
2025-09-25 19:26:18.283118219+00:00,dds75-lb-04,2,-50,9.0,"{""Bat"": 3.256, ""Distance_mm"": 928, ""Interrupt_flag"": 0, ""Node_type"": ""DDS75-LB"", ""Sensor_flag"": 1, ""TempC_DS18B20"": 32.76}"
2025-09-25 20:26:17.563428015+00:00,dds75-lb-04,2,-53,9.0,"{""Bat"": 3.256, ""Distance_mm"": 928, ""Interrupt_flag"": 0, ""Node_type"": ""DDS75-LB"", ""Sensor_flag"": 1, ""TempC_DS18B20"": 32.76}"
2025-09-25 21:26:16.858949520+00:00,dds75-lb-04,2,-50,9.25,"{""Bat"": 3.256, ""Distance_mm"": 928, ""Interrupt_flag"": 0, ""Node_type"": ""DDS75-LB"", ""Sensor_flag"": 1, ""TempC_DS18B20"": 32.76}"
2025-09-25 22:26:16.131307909+00:00,dds75-lb-04,2,-53,10.0,"{""Bat"": 3.256, ""Distance_mm"": 928, ""Interrupt_flag"": 0, ""Node_type"": ""DDS75-LB"", ""Sensor_flag"": 1, ""TempC_DS18B20"": 32.76}"
2025-09-25 23:26:15.447233199+00:00,dds75-lb-04,2,-51,10.0,"{""Bat"": 3.256, ""Distance_mm"": 927, ""Interrupt_flag"": 0, ""Node_type"": ""DDS75-LB"", ""Sensor_flag"": 1, ""TempC_DS18B20"": 32.76}"
2025-09-26 00:26:14.733254025+00:00,dds75-lb-04,2,-50,6.75,"{""Bat"": 3.256, ""Distance_mm"": 927, ""Interrupt_flag"": 0, ""Node_type"": ""DDS75-LB"", ""Sensor_flag"": 1, ""TempC_DS18B20"": 32.76}"
2025-09-26 01:26:14.010524815+00:00,dds75-lb-04,2,-51,9.75,"{""Bat"": 3.256, ""Distance_mm"": 877, ""Interrupt_flag"": 0, ""Node_type"": ""DDS75-LB"", ""Sensor_flag"": 1, ""TempC_DS18B20"": 32.76}"
2025-09-26 02:26:13.315811606+00:00,dds75-lb-04,2,-53,10.25,"{""Bat"": 3.256, ""Distance_mm"": 927, ""Interrupt_flag"": 0, ""Node_type"": ""DDS75-LB"", ""Sensor_flag"": 1, ""TempC_DS18B20"": 32.76}"
2025-09-26 03:26:12.599046130+00:00,dds75-lb-04,2,-51,9.75,"{""Bat"": 3.256, ""Distance_mm"": 927, ""Interrupt_flag"": 0, ""Node_type"": ""DDS75-LB"", ""Sensor_flag"": 1, ""TempC_DS18B20"": 32.76}"
2025-09-26 04:26:11.877044328+00:00,dds75-lb-04,2,-53,10.0,"{""Bat"": 3.256, ""Distance_mm"": 927, ""Interrupt_flag"": 0, ""Node_type"": ""DDS75-LB"", ""Sensor_flag"": 1, ""TempC_DS18B20"": 32.76}"
2025-09-26 05:26:11.179652919+00:00,dds75-lb-04,2,-51,9.25,"{""Bat"": 3.256, ""Distance_mm"": 928, ""Interrupt_flag"": 0, ""Node_type"": ""DDS75-LB"", ""Sensor_flag"": 1, ""TempC_DS18B20"": 32.76}"
2025-09-26 06:26:10.480949530+00:00,dds75-lb-04,2,-50,9.75,"{""Bat"": 3.256, ""Distance_mm"": 928, ""Interrupt_flag"": 0, ""Node_type"": ""DDS75-LB"", ""Sensor_flag"": 1, ""TempC_DS18B20"": 32.76}"
2025-09-26 07:26:09.762532167+00:00,dds75-lb-04,2,-50,9.25,"{""Bat"": 3.256, ""Distance_mm"": 928, ""Interrupt_flag"": 0, ""Node_type"": ""DDS75-LB"", ""Sensor_flag"": 1, ""TempC_DS18B20"": 32.76}"
2025-09-26 08:26:09.040201416+00:00,dds75-lb-04,2,-51,9.0,"{""Bat"": 3.256, ""Distance_mm"": 928, ""Interrupt_flag"": 0, ""Node_type"": ""DDS75-LB"", ""Sensor_flag"": 1, ""TempC_DS18B20"": 32.76}"
2025-09-26 09:26:08.332679845+00:00,dds75-lb-04,2,-50,6.5,"{""Bat"": 3.256, ""Distance_mm"": 928, ""Interrupt_flag"": 0, ""Node_type"": ""DDS75-LB"", ""Sensor_flag"": 1, ""TempC_DS18B20"": 32.76}"
2025-09-26 10:26:07.644994609+00:00,dds75-lb-04,2,-51,8.75,"{""Bat"": 3.256, ""Distance_mm"": 928, ""Interrupt_flag"": 0, ""Node_type"": ""DDS75-LB"", ""Sensor_flag"": 1, ""TempC_DS18B20"": 32.76}"
2025-09-26 11:26:06.938301399+00:00,dds75-lb-04,2,-53,9.25,"{""Bat"": 3.256, ""Distance_mm"": 928, ""Interrupt_flag"": 0, ""Node_type"": ""DDS75-LB"", ""Sensor_flag"": 1, ""TempC_DS18B20"": 32.76}"
2025-09-26 12:26:06.220349383+00:00,dds75-lb-04,2,-49,8.75,"{""Bat"": 3.256, ""Distance_mm"": 928, ""Interrupt_flag"": 0, ""Node_type"": ""DDS75-LB"", ""Sensor_flag"": 1, ""TempC_DS18B20"": 32.76}"
2025-09-26 13:26:05.511810039+00:00,dds75-lb-04,2,-48,9.0,"{""Bat"": 3.256, ""Distance_mm"": 928, ""Interrupt_flag"": 0, ""Node_type"": ""DDS75-LB"", ""Sensor_flag"": 1, ""TempC_DS18B20"": 32.76}"
2025-09-26 14:26:04.803826683+00:00,dds75-lb-04,2,-53,9.75,"{""Bat"": 3.256, ""Distance_mm"": 928, ""Interrupt_flag"": 0, ""Node_type"": ""DDS75-LB"", ""Sensor_flag"": 1, ""TempC_DS18B20"": 32.76}"
2025-09-26 15:26:04.087028586+00:00,dds75-lb-04,2,-53,6.75,"{""Bat"": 3.256, ""Distance_mm"": 523, ""Interrupt_flag"": 0, ""Node_type"": ""DDS75-LB"", ""Sensor_flag"": 1, ""TempC_DS18B20"": 32.76}"
2025-09-26 16:26:03.385956611+00:00,dds75-lb-04,2,-49,9.25,"{""Bat"": 3.256, ""Distance_mm"": 928, ""Interrupt_flag"": 0, ""Node_type"": ""DDS75-LB"", ""Sensor_flag"": 1, ""TempC_DS18B20"": 32.76}"
2025-09-26 17:26:02.679261396+00:00,dds75-lb-04,2,-51,7.75,"{""Bat"": 3.256, ""Distance_mm"": 928, ""Interrupt_flag"": 0, ""Node_type"": ""DDS75-LB"", ""Sensor_flag"": 1, ""TempC_DS18B20"": 32.76}"
2025-09-26 18:26:01.959403802+00:00,dds75-lb-04,2,-48,9.75,"{""Bat"": 3.256, ""Distance_mm"": 928, ""Interrupt_flag"": 0, ""Node_type"": ""DDS75-LB"", ""Sensor_flag"": 1, ""TempC_DS18B20"": 32.76}"
2025-09-26 19:26:01.263101654+00:00,dds75-lb-04,2,-53,9.0,"{""Bat"": 3.256, ""Distance_mm"": 927, ""Interrupt_flag"": 0, ""Node_type"": ""DDS75-LB"", ""Sensor_flag"": 1, ""TempC_DS18B20"": 32.76}"
2025-09-26 20:26:00.548620156+00:00,dds75-lb-04,2,-49,9.0,"{""Bat"": 3.256, ""Distance_mm"": 928, ""Interrupt_flag"": 0, ""Node_type"": ""DDS75-LB"", ""Sensor_flag"": 1, ""TempC_DS18B20"": 32.76}"
2025-09-26 21:25:59.850797815+00:00,dds75-lb-04,2,-53,10.5,"{""Bat"": 3.256, ""Distance_mm"": 928, ""Interrupt_flag"": 0, ""Node_type"": ""DDS75-LB"", ""Sensor_flag"": 1, ""TempC_DS18B20"": 32.76}"
2025-09-26 22:25:59.138237304+00:00,dds75-lb-04,2,-53,9.0,"{""Bat"": 3.256, ""Distance_mm"": 928, ""Interrupt_flag"": 0, ""Node_type"": ""DDS75-LB"", ""Sensor_flag"": 1, ""TempC_DS18B20"": 32.76}"
2025-09-26 23:25:58.434620484+00:00,dds75-lb-04,2,-51,6.75,"{""Bat"": 3.256, ""Distance_mm"": 928, ""Interrupt_flag"": 0, ""Node_type"": ""DDS75-LB"", ""Sensor_flag"": 1, ""TempC_DS18B20"": 32.76}"
2025-09-27 00:25:57.708323566+00:00,dds75-lb-04,2,-48,7.0,"{""Bat"": 3.256, ""Distance_mm"": 927, ""Interrupt_flag"": 0, ""Node_type"": ""DDS75-LB"", ""Sensor_flag"": 1, ""TempC_DS18B20"": 32.76}"
2025-09-27 01:25:57.014055249+00:00,dds75-lb-04,2,-51,7.25,"{""Bat"": 3.256, ""Distance_mm"": 927, ""Interrupt_flag"": 0, ""Node_type"": ""DDS75-LB"", ""Sensor_flag"": 1, ""TempC_DS18B20"": 32.76}"
2025-09-27 02:25:56.305541188+00:00,dds75-lb-04,2,-50,9.25,"{""Bat"": 3.256, ""Distance_mm"": 927, ""Interrupt_flag"": 0, ""Node_type"": ""DDS75-LB"", ""Sensor_flag"": 1, ""TempC_DS18B20"": 32.76}"
2025-09-27 03:25:55.591447829+00:00,dds75-lb-04,2,-50,9.5,"{""Bat"": 3.256, ""Distance_mm"": 928, ""Interrupt_flag"": 0, ""Node_type"": ""DDS75-LB"", ""Sensor_flag"": 1, ""TempC_DS18B20"": 32.76}"
2025-09-27 04:25:54.885746009+00:00,dds75-lb-04,2,-51,7.5,"{""Bat"": 3.256, ""Distance_mm"": 928, ""Interrupt_flag"": 0, ""Node_type"": ""DDS75-LB"", ""Sensor_flag"": 1, ""TempC_DS18B20"": 32.76}"
2025-09-27 05:25:54.178556185+00:00,dds75-lb-04,2,-53,10.0,"{""Bat"": 3.256, ""Distance_mm"": 928, ""Interrupt_flag"": 0, ""Node_type"": ""DDS75-LB"", ""Sensor_flag"": 1, ""TempC_DS18B20"": 32.76}"
2025-09-27 06:25:53.452473448+00:00,dds75-lb-04,2,-53,10.5,"{""Bat"": 3.256, ""Distance_mm"": 815, ""Interrupt_flag"": 0, ""Node_type"": ""DDS75-LB"", ""Sensor_flag"": 1, ""TempC_DS18B20"": 32.76}"
2025-09-27 07:25:52.763687718+00:00,dds75-lb-04,2,-47,7.5,"{""Bat"": 3.256, ""Distance_mm"": 928, ""Interrupt_flag"": 0, ""Node_type"": ""DDS75-LB"", ""Sensor_flag"": 1, ""TempC_DS18B20"": 32.76}"
2025-09-27 08:25:52.049251074+00:00,dds75-lb-04,2,-48,6.5,"{""Bat"": 3.256, ""Distance_mm"": 928, ""Interrupt_flag"": 0, ""Node_type"": ""DDS75-LB"", ""Sensor_flag"": 1, ""TempC_DS18B20"": 32.76}"
2025-09-27 09:25:51.349449578+00:00,dds75-lb-04,2,-50,9.5,"{""Bat"": 3.256, ""Distance_mm"": 928, ""Interrupt_flag"": 0, ""Node_type"": ""DDS75-LB"", ""Sensor_flag"": 1, ""TempC_DS18B20"": 32.76}"
2025-09-27 10:25:50.636086502+00:00,dds75-lb-04,2,-51,10.5,"{""Bat"": 3.256, ""Distance_mm"": 928, ""Interrupt_flag"": 0, ""Node_type"": ""DDS75-LB"", ""Sensor_flag"": 1, ""TempC_DS18B20"": 32.76}"
2025-09-27 11:25:49.938099453+00:00,dds75-lb-04,2,-53,10.25,"{""Bat"": 3.256, ""Distance_mm"": 928, ""Interrupt_flag"": 0, ""Node_type"": ""DDS75-LB"", ""Sensor_flag"": 1, ""TempC_DS18B20"": 32.76}"
2025-09-27 12:25:49.233814338+00:00,dds75-lb-04,2,-50,7.0,"{""Bat"": 3.256, ""Distance_mm"": 928, ""Interrupt_flag"": 0, ""Node_type"": ""DDS75-LB"", ""Sensor_flag"": 1, ""TempC_DS18B20"": 32.76}"
2025-09-27 13:25:48.517703147+00:00,dds75-lb-04,2,-53,10.5,"{""Bat"": 3.256, ""Distance_mm"": 928, ""Interrupt_flag"": 0, ""Node_type"": ""DDS75-LB"", ""Sensor_flag"": 1, ""TempC_DS18B20"": 32.76}"
2025-09-27 14:25:47.812369557+00:00,dds75-lb-04,2,-45,6.75,"{""Bat"": 3.256, ""Distance_mm"": 927, ""Interrupt_flag"": 0, ""Node_type"": ""DDS75-LB"", ""Sensor_flag"": 1, ""TempC_DS18B20"": 32.76}"
2025-09-27 15:25:47.093152724+00:00,dds75-lb-04,2,-53,6.75,"{""Bat"": 3.256, ""Distance_mm"": 927, ""Interrupt_flag"": 0, ""Node_type"": ""DDS75-LB"", ""Sensor_flag"": 1, ""TempC_DS18B20"": 32.76}"
2025-09-27 16:25:46.395944126+00:00,dds75-lb-04,2,-49,7.5,"{""Bat"": 3.256, ""Distance_mm"": 927, ""Interrupt_flag"": 0, ""Node_type"": ""DDS75-LB"", ""Sensor_flag"": 1, ""TempC_DS18B20"": 32.76}"
2025-09-27 17:25:45.672288349+00:00,dds75-lb-04,2,-51,9.5,"{""Bat"": 3.256, ""Distance_mm"": 927, ""Interrupt_flag"": 0, ""Node_type"": ""DDS75-LB"", ""Sensor_flag"": 1, ""TempC_DS18B20"": 32.76}"
2025-09-27 18:25:44.960770141+00:00,dds75-lb-04,2,-51,10.25,"{""Bat"": 3.256, ""Distance_mm"": 927, ""Interrupt_flag"": 0, ""Node_type"": ""DDS75-LB"", ""Sensor_flag"": 1, ""TempC_DS18B20"": 32.76}"
2025-09-27 19:25:44.247213333+00:00,dds75-lb-04,2,-51,7.25,"{""Bat"": 3.256, ""Distance_mm"": 927, ""Interrupt_flag"": 0, ""Node_type"": ""DDS75-LB"", ""Sensor_flag"": 1, ""TempC_DS18B20"": 32.76}"
2025-09-27 20:25:43.559946232+00:00,dds75-lb-04,2,-51,9.5,"{""Bat"": 3.256, ""Distance_mm"": 927, ""Interrupt_flag"": 0, ""Node_type"": ""DDS75-LB"", ""Sensor_flag"": 1, ""TempC_DS18B20"": 32.76}"
2025-09-27 21:25:42.840027168+00:00,dds75-lb-04,2,-53,10.0,"{""Bat"": 3.256, ""Distance_mm"": 927, ""Interrupt_flag"": 0, ""Node_type"": ""DDS75-LB"", ""Sensor_flag"": 1, ""TempC_DS18B20"": 32.76}"
2025-09-27 22:25:42.129735738+00:00,dds75-lb-04,2,-51,11.0,"{""Bat"": 3.256, ""Distance_mm"": 927, ""Interrupt_flag"": 0, ""Node_type"": ""DDS75-LB"", ""Sensor_flag"": 1, ""TempC_DS18B20"": 32.76}"
2025-09-27 23:25:41.428910876+00:00,dds75-lb-04,2,-51,6.5,"{""Bat"": 3.256, ""Distance_mm"": 927, ""Interrupt_flag"": 0, ""Node_type"": ""DDS75-LB"", ""Sensor_flag"": 1, ""TempC_DS18B20"": 32.76}"
2025-09-28 00:25:40.727907529+00:00,dds75-lb-04,2,-51,7.75,"{""Bat"": 3.256, ""Distance_mm"": 928, ""Interrupt_flag"": 0, ""Node_type"": ""DDS75-LB"", ""Sensor_flag"": 1, ""TempC_DS18B20"": 32.76}"
2025-09-28 01:25:40.010036811+00:00,dds75-lb-04,2,-48,8.75,"{""Bat"": 3.256, ""Distance_mm"": 928, ""Interrupt_flag"": 0, ""Node_type"": ""DDS75-LB"", ""Sensor_flag"": 1, ""TempC_DS18B20"": 32.76}"
2025-09-28 02:25:39.306030108+00:00,dds75-lb-04,2,-50,9.0,"{""Bat"": 3.256, ""Distance_mm"": 928, ""Interrupt_flag"": 0, ""Node_type"": ""DDS75-LB"", ""Sensor_flag"": 1, ""TempC_DS18B20"": 32.76}"
2025-09-28 03:25:38.598782572+00:00,dds75-lb-04,2,-51,7.75,"{""Bat"": 3.256, ""Distance_mm"": 927, ""Interrupt_flag"": 0, ""Node_type"": ""DDS75-LB"", ""Sensor_flag"": 1, ""TempC_DS18B20"": 32.76}"
2025-09-28 04:25:37.893113683+00:00,dds75-lb-04,2,-51,9.75,"{""Bat"": 3.256, ""Distance_mm"": 927, ""Interrupt_flag"": 0, ""Node_type"": ""DDS75-LB"", ""Sensor_flag"": 1, ""TempC_DS18B20"": 32.76}"
2025-09-28 05:25:37.173274678+00:00,dds75-lb-04,2,-53,9.75,"{""Bat"": 3.256, ""Distance_mm"": 927, ""Interrupt_flag"": 0, ""Node_type"": ""DDS75-LB"", ""Sensor_flag"": 1, ""TempC_DS18B20"": 32.76}"
2025-09-28 06:25:36.567373966+00:00,dds75-lb-04,2,-49,9.25,"{""Bat"": 3.256, ""Distance_mm"": 927, ""Interrupt_flag"": 0, ""Node_type"": ""DDS75-LB"", ""Sensor_flag"": 1, ""TempC_DS18B20"": 32.76}"
2025-09-28 07:25:35.761543872+00:00,dds75-lb-04,2,-51,9.25,"{""Bat"": 3.256, ""Distance_mm"": 927, ""Interrupt_flag"": 0, ""Node_type"": ""DDS75-LB"", ""Sensor_flag"": 1, ""TempC_DS18B20"": 32.76}"
2025-09-28 08:25:35.070333689+00:00,dds75-lb-04,2,-51,7.5,"{""Bat"": 3.256, ""Distance_mm"": 927, ""Interrupt_flag"": 0, ""Node_type"": ""DDS75-LB"", ""Sensor_flag"": 1, ""TempC_DS18B20"": 32.76}"
2025-09-28 09:25:34.341014895+00:00,dds75-lb-04,2,-50,8.5,"{""Bat"": 3.256, ""Distance_mm"": 927, ""Interrupt_flag"": 0, ""Node_type"": ""DDS75-LB"", ""Sensor_flag"": 1, ""TempC_DS18B20"": 32.76}"
2025-09-28 10:25:33.632448837+00:00,dds75-lb-04,2,-53,9.75,"{""Bat"": 3.256, ""Distance_mm"": 928, ""Interrupt_flag"": 0, ""Node_type"": ""DDS75-LB"", ""Sensor_flag"": 1, ""TempC_DS18B20"": 32.76}"
2025-09-28 11:25:32.945547473+00:00,dds75-lb-04,2,-49,7.5,"{""Bat"": 3.256, ""Distance_mm"": 927, ""Interrupt_flag"": 0, ""Node_type"": ""DDS75-LB"", ""Sensor_flag"": 1, ""TempC_DS18B20"": 32.76}"
2025-09-28 12:25:32.236951427+00:00,dds75-lb-04,2,-50,9.75,"{""Bat"": 3.256, ""Distance_mm"": 928, ""Interrupt_flag"": 0, ""Node_type"": ""DDS75-LB"", ""Sensor_flag"": 1, ""TempC_DS18B20"": 32.76}"
2025-09-28 13:25:31.506238114+00:00,dds75-lb-04,2,-53,10.0,"{""Bat"": 3.256, ""Distance_mm"": 928, ""Interrupt_flag"": 0, ""Node_type"": ""DDS75-LB"", ""Sensor_flag"": 1, ""TempC_DS18B20"": 32.76}"
2025-09-28 14:25:30.826854184+00:00,dds75-lb-04,2,-49,7.25,"{""Bat"": 3.256, ""Distance_mm"": 928, ""Interrupt_flag"": 0, ""Node_type"": ""DDS75-LB"", ""Sensor_flag"": 1, ""TempC_DS18B20"": 32.76}"
2025-09-28 15:25:30.102241696+00:00,dds75-lb-04,2,-53,7.5,"{""Bat"": 3.256, ""Distance_mm"": 927, ""Interrupt_flag"": 0, ""Node_type"": ""DDS75-LB"", ""Sensor_flag"": 1, ""TempC_DS18B20"": 32.76}"
2025-09-28 16:25:29.404114883+00:00,dds75-lb-04,2,-49,9.75,"{""Bat"": 3.256, ""Distance_mm"": 928, ""Interrupt_flag"": 0, ""Node_type"": ""DDS75-LB"", ""Sensor_flag"": 1, ""TempC_DS18B20"": 32.76}"
2025-09-28 17:25:28.678875365+00:00,dds75-lb-04,2,-51,8.5,"{""Bat"": 3.256, ""Distance_mm"": 928, ""Interrupt_flag"": 0, ""Node_type"": ""DDS75-LB"", ""Sensor_flag"": 1, ""TempC_DS18B20"": 32.76}"
2025-09-28 18:25:27.975137579+00:00,dds75-lb-04,2,-53,10.25,"{""Bat"": 3.256, ""Distance_mm"": 927, ""Interrupt_flag"": 0, ""Node_type"": ""DDS75-LB"", ""Sensor_flag"": 1, ""TempC_DS18B20"": 32.76}"
2025-09-28 19:25:27.272808878+00:00,dds75-lb-04,2,-53,9.75,"{""Bat"": 3.256, ""Distance_mm"": 927, ""Interrupt_flag"": 0, ""Node_type"": ""DDS75-LB"", ""Sensor_flag"": 1, ""TempC_DS18B20"": 32.76}"
2025-09-28 20:25:26.556043715+00:00,dds75-lb-04,2,-50,9.0,"{""Bat"": 3.256, ""Distance_mm"": 927, ""Interrupt_flag"": 0, ""Node_type"": ""DDS75-LB"", ""Sensor_flag"": 1, ""TempC_DS18B20"": 32.76}"
2025-09-28 21:25:25.839471214+00:00,dds75-lb-04,2,-51,9.75,"{""Bat"": 3.256, ""Distance_mm"": 928, ""Interrupt_flag"": 0, ""Node_type"": ""DDS75-LB"", ""Sensor_flag"": 1, ""TempC_DS18B20"": 32.76}"
2025-09-28 22:25:25.125406823+00:00,dds75-lb-04,2,-50,5.75,"{""Bat"": 3.256, ""Distance_mm"": 928, ""Interrupt_flag"": 0, ""Node_type"": ""DDS75-LB"", ""Sensor_flag"": 1, ""TempC_DS18B20"": 32.76}"
2025-09-28 23:25:24.424047997+00:00,dds75-lb-04,2,-50,7.5,"{""Bat"": 3.256, ""Distance_mm"": 927, ""Interrupt_flag"": 0, ""Node_type"": ""DDS75-LB"", ""Sensor_flag"": 1, ""TempC_DS18B20"": 32.76}"
2025-09-29 00:25:23.730965146+00:00,dds75-lb-04,2,-49,9.5,"{""Bat"": 3.256, ""Distance_mm"": 927, ""Interrupt_flag"": 0, ""Node_type"": ""DDS75-LB"", ""Sensor_flag"": 1, ""TempC_DS18B20"": 32.76}"
2025-09-29 01:25:23.024105281+00:00,dds75-lb-04,2,-51,9.0,"{""Bat"": 3.256, ""Distance_mm"": 928, ""Interrupt_flag"": 0, ""Node_type"": ""DDS75-LB"", ""Sensor_flag"": 1, ""TempC_DS18B20"": 32.76}"
2025-09-29 02:25:22.304545069+00:00,dds75-lb-04,2,-51,7.0,"{""Bat"": 3.256, ""Distance_mm"": 928, ""Interrupt_flag"": 0, ""Node_type"": ""DDS75-LB"", ""Sensor_flag"": 1, ""TempC_DS18B20"": 32.76}"
2025-09-29 03:25:21.590741984+00:00,dds75-lb-04,2,-53,9.5,"{""Bat"": 3.256, ""Distance_mm"": 927, ""Interrupt_flag"": 0, ""Node_type"": ""DDS75-LB"", ""Sensor_flag"": 1, ""TempC_DS18B20"": 32.76}"
2025-09-29 04:25:20.897711462+00:00,dds75-lb-04,2,-51,9.25,"{""Bat"": 3.256, ""Distance_mm"": 928, ""Interrupt_flag"": 0, ""Node_type"": ""DDS75-LB"", ""Sensor_flag"": 1, ""TempC_DS18B20"": 32.76}"
2025-09-29 05:25:20.169077882+00:00,dds75-lb-04,2,-48,7.5,"{""Bat"": 3.256, ""Distance_mm"": 928, ""Interrupt_flag"": 0, ""Node_type"": ""DDS75-LB"", ""Sensor_flag"": 1, ""TempC_DS18B20"": 32.76}"
2025-09-29 06:25:19.461056626+00:00,dds75-lb-04,2,-50,9.0,"{""Bat"": 3.256, ""Distance_mm"": 928, ""Interrupt_flag"": 0, ""Node_type"": ""DDS75-LB"", ""Sensor_flag"": 1, ""TempC_DS18B20"": 32.76}"
2025-09-29 07:25:18.767423532+00:00,dds75-lb-04,2,-51,8.5,"{""Bat"": 3.256, ""Distance_mm"": 928, ""Interrupt_flag"": 0, ""Node_type"": ""DDS75-LB"", ""Sensor_flag"": 1, ""TempC_DS18B20"": 32.76}"
2025-09-29 08:25:18.044975325+00:00,dds75-lb-04,2,-125,-8.75,"{""Bat"": 3.256, ""Distance_mm"": 928, ""Interrupt_flag"": 0, ""Node_type"": ""DDS75-LB"", ""Sensor_flag"": 1, ""TempC_DS18B20"": 32.76}"
2025-09-29 09:25:17.348366330+00:00,dds75-lb-04,2,-51,9.75,"{""Bat"": 3.256, ""Distance_mm"": 928, ""Interrupt_flag"": 0, ""Node_type"": ""DDS75-LB"", ""Sensor_flag"": 1, ""TempC_DS18B20"": 32.76}"
2025-09-29 10:25:16.629411706+00:00,dds75-lb-04,2,-53,9.5,"{""Bat"": 3.256, ""Distance_mm"": 928, ""Interrupt_flag"": 0, ""Node_type"": ""DDS75-LB"", ""Sensor_flag"": 1, ""TempC_DS18B20"": 32.76}"
2025-09-29 11:25:15.936725002+00:00,dds75-lb-04,2,-51,8.0,"{""Bat"": 3.256, ""Distance_mm"": 928, ""Interrupt_flag"": 0, ""Node_type"": ""DDS75-LB"", ""Sensor_flag"": 1, ""TempC_DS18B20"": 32.76}"
2025-09-29 12:25:15.216124705+00:00,dds75-lb-04,2,-50,9.0,"{""Bat"": 3.256, ""Distance_mm"": 929, ""Interrupt_flag"": 0, ""Node_type"": ""DDS75-LB"", ""Sensor_flag"": 1, ""TempC_DS18B20"": 32.76}"
2025-09-29 13:25:14.502973353+00:00,dds75-lb-04,2,-47,7.25,"{""Bat"": 3.256, ""Distance_mm"": 928, ""Interrupt_flag"": 0, ""Node_type"": ""DDS75-LB"", ""Sensor_flag"": 1, ""TempC_DS18B20"": 32.76}"
2025-09-29 14:25:13.785112092+00:00,dds75-lb-04,2,-50,9.5,"{""Bat"": 3.256, ""Distance_mm"": 928, ""Interrupt_flag"": 0, ""Node_type"": ""DDS75-LB"", ""Sensor_flag"": 1, ""TempC_DS18B20"": 32.76}"
2025-09-29 15:25:13.085629463+00:00,dds75-lb-04,2,-50,7.5,"{""Bat"": 3.256, ""Distance_mm"": 928, ""Interrupt_flag"": 0, ""Node_type"": ""DDS75-LB"", ""Sensor_flag"": 1, ""TempC_DS18B20"": 32.76}"
2025-09-29 16:25:12.380768261+00:00,dds75-lb-04,2,-51,9.75,"{""Bat"": 3.256, ""Distance_mm"": 928, ""Interrupt_flag"": 0, ""Node_type"": ""DDS75-LB"", ""Sensor_flag"": 1, ""TempC_DS18B20"": 32.76}"
2025-09-29 17:25:11.677135323+00:00,dds75-lb-04,2,-51,9.0,"{""Bat"": 3.256, ""Distance_mm"": 928, ""Interrupt_flag"": 0, ""Node_type"": ""DDS75-LB"", ""Sensor_flag"": 1, ""TempC_DS18B20"": 32.76}"
2025-09-29 18:25:10.963136356+00:00,dds75-lb-04,2,-48,9.25,"{""Bat"": 3.256, ""Distance_mm"": 928, ""Interrupt_flag"": 0, ""Node_type"": ""DDS75-LB"", ""Sensor_flag"": 1, ""TempC_DS18B20"": 32.76}"
2025-09-29 19:25:10.245986590+00:00,dds75-lb-04,2,-50,9.25,"{""Bat"": 3.256, ""Distance_mm"": 928, ""Interrupt_flag"": 0, ""Node_type"": ""DDS75-LB"", ""Sensor_flag"": 1, ""TempC_DS18B20"": 32.76}"
2025-09-29 20:25:09.544789637+00:00,dds75-lb-04,2,-50,6.5,"{""Bat"": 3.256, ""Distance_mm"": 928, ""Interrupt_flag"": 0, ""Node_type"": ""DDS75-LB"", ""Sensor_flag"": 1, ""TempC_DS18B20"": 32.76}"
2025-09-29 21:25:08.806538776+00:00,dds75-lb-04,2,-47,6.75,"{""Bat"": 3.256, ""Distance_mm"": 928, ""Interrupt_flag"": 0, ""Node_type"": ""DDS75-LB"", ""Sensor_flag"": 1, ""TempC_DS18B20"": 32.76}"
2025-09-29 22:25:08.113200007+00:00,dds75-lb-04,2,-50,8.75,"{""Bat"": 3.256, ""Distance_mm"": 928, ""Interrupt_flag"": 0, ""Node_type"": ""DDS75-LB"", ""Sensor_flag"": 1, ""TempC_DS18B20"": 32.76}"
2025-09-29 23:25:07.415628970+00:00,dds75-lb-04,2,-51,9.25,"{""Bat"": 3.256, ""Distance_mm"": 928, ""Interrupt_flag"": 0, ""Node_type"": ""DDS75-LB"", ""Sensor_flag"": 1, ""TempC_DS18B20"": 32.76}"
2025-09-30 00:25:06.698397496+00:00,dds75-lb-04,2,-53,10.5,"{""Bat"": 3.256, ""Distance_mm"": 928, ""Interrupt_flag"": 0, ""Node_type"": ""DDS75-LB"", ""Sensor_flag"": 1, ""TempC_DS18B20"": 32.76}"
2025-09-30 01:25:05.971982910+00:00,dds75-lb-04,2,-50,9.0,"{""Bat"": 3.256, ""Distance_mm"": 927, ""Interrupt_flag"": 0, ""Node_type"": ""DDS75-LB"", ""Sensor_flag"": 1, ""TempC_DS18B20"": 32.76}"
2025-09-30 02:25:05.270148566+00:00,dds75-lb-04,2,-50,9.5,"{""Bat"": 3.256, ""Distance_mm"": 927, ""Interrupt_flag"": 0, ""Node_type"": ""DDS75-LB"", ""Sensor_flag"": 1, ""TempC_DS18B20"": 32.76}"
2025-09-30 03:25:04.571441502+00:00,dds75-lb-04,2,-53,10.5,"{""Bat"": 3.256, ""Distance_mm"": 927, ""Interrupt_flag"": 0, ""Node_type"": ""DDS75-LB"", ""Sensor_flag"": 1, ""TempC_DS18B20"": 32.76}"
2025-09-30 04:25:03.858361096+00:00,dds75-lb-04,2,-50,9.75,"{""Bat"": 3.256, ""Distance_mm"": 927, ""Interrupt_flag"": 0, ""Node_type"": ""DDS75-LB"", ""Sensor_flag"": 1, ""TempC_DS18B20"": 32.76}"
2025-09-30 05:25:03.146372629+00:00,dds75-lb-04,2,-51,10.0,"{""Bat"": 3.256, ""Distance_mm"": 927, ""Interrupt_flag"": 0, ""Node_type"": ""DDS75-LB"", ""Sensor_flag"": 1, ""TempC_DS18B20"": 32.76}"
2025-09-30 06:25:02.444040028+00:00,dds75-lb-04,2,-49,7.75,"{""Bat"": 3.256, ""Distance_mm"": 928, ""Interrupt_flag"": 0, ""Node_type"": ""DDS75-LB"", ""Sensor_flag"": 1, ""TempC_DS18B20"": 32.76}"
2025-09-30 07:25:01.733447416+00:00,dds75-lb-04,2,-51,9.25,"{""Bat"": 3.256, ""Distance_mm"": 928, ""Interrupt_flag"": 0, ""Node_type"": ""DDS75-LB"", ""Sensor_flag"": 1, ""TempC_DS18B20"": 32.76}"
2025-09-30 08:25:01.017209788+00:00,dds75-lb-04,2,-51,9.0,"{""Bat"": 3.256, ""Distance_mm"": 928, ""Interrupt_flag"": 0, ""Node_type"": ""DDS75-LB"", ""Sensor_flag"": 1, ""TempC_DS18B20"": 32.76}"
2025-09-30 09:25:00.303399305+00:00,dds75-lb-04,2,-51,9.0,"{""Bat"": 3.256, ""Distance_mm"": 928, ""Interrupt_flag"": 0, ""Node_type"": ""DDS75-LB"", ""Sensor_flag"": 1, ""TempC_DS18B20"": 32.76}"
2025-09-30 10:24:59.573185720+00:00,dds75-lb-04,2,-53,11.5,"{""Bat"": 3.256, ""Distance_mm"": 928, ""Interrupt_flag"": 0, ""Node_type"": ""DDS75-LB"", ""Sensor_flag"": 1, ""TempC_DS18B20"": 32.76}"
2025-09-30 11:24:58.875593965+00:00,dds75-lb-04,2,-51,9.5,"{""Bat"": 3.256, ""Distance_mm"": 928, ""Interrupt_flag"": 0, ""Node_type"": ""DDS75-LB"", ""Sensor_flag"": 1, ""TempC_DS18B20"": 32.76}"
2025-09-30 12:24:58.164455605+00:00,dds75-lb-04,2,-50,8.0,"{""Bat"": 3.256, ""Distance_mm"": 928, ""Interrupt_flag"": 0, ""Node_type"": ""DDS75-LB"", ""Sensor_flag"": 1, ""TempC_DS18B20"": 32.76}"
2025-09-30 13:24:57.462493625+00:00,dds75-lb-04,2,-51,9.25,"{""Bat"": 3.256, ""Distance_mm"": 928, ""Interrupt_flag"": 0, ""Node_type"": ""DDS75-LB"", ""Sensor_flag"": 1, ""TempC_DS18B20"": 32.76}"
2025-09-30 14:24:56.736383218+00:00,dds75-lb-04,2,-55,8.75,"{""Bat"": 3.256, ""Distance_mm"": 928, ""Interrupt_flag"": 0, ""Node_type"": ""DDS75-LB"", ""Sensor_flag"": 1, ""TempC_DS18B20"": 32.76}"
2025-09-30 15:24:56.042594697+00:00,dds75-lb-04,2,-53,9.75,"{""Bat"": 3.256, ""Distance_mm"": 928, ""Interrupt_flag"": 0, ""Node_type"": ""DDS75-LB"", ""Sensor_flag"": 1, ""TempC_DS18B20"": 32.76}"
2025-09-30 16:24:55.330184292+00:00,dds75-lb-04,2,-56,9.5,"{""Bat"": 3.256, ""Distance_mm"": 928, ""Interrupt_flag"": 0, ""Node_type"": ""DDS75-LB"", ""Sensor_flag"": 1, ""TempC_DS18B20"": 32.76}"
2025-09-30 17:24:54.626732054+00:00,dds75-lb-04,2,-56,7.0,"{""Bat"": 3.256, ""Distance_mm"": 928, ""Interrupt_flag"": 0, ""Node_type"": ""DDS75-LB"", ""Sensor_flag"": 1, ""TempC_DS18B20"": 32.76}"
2025-09-30 18:24:53.918925186+00:00,dds75-lb-04,2,-56,9.5,"{""Bat"": 3.256, ""Distance_mm"": 928, ""Interrupt_flag"": 0, ""Node_type"": ""DDS75-LB"", ""Sensor_flag"": 1, ""TempC_DS18B20"": 32.76}"
2025-09-30 19:24:53.223150417+00:00,dds75-lb-04,2,-55,8.25,"{""Bat"": 3.256, ""Distance_mm"": 928, ""Interrupt_flag"": 0, ""Node_type"": ""DDS75-LB"", ""Sensor_flag"": 1, ""TempC_DS18B20"": 32.76}"
2025-09-30 20:24:52.493362180+00:00,dds75-lb-04,2,-55,10.25,"{""Bat"": 3.256, ""Distance_mm"": 928, ""Interrupt_flag"": 0, ""Node_type"": ""DDS75-LB"", ""Sensor_flag"": 1, ""TempC_DS18B20"": 32.76}"
2025-09-30 21:24:51.770305002+00:00,dds75-lb-04,2,-55,8.75,"{""Bat"": 3.256, ""Distance_mm"": 927, ""Interrupt_flag"": 0, ""Node_type"": ""DDS75-LB"", ""Sensor_flag"": 1, ""TempC_DS18B20"": 32.76}"
2025-09-30 22:24:51.061767720+00:00,dds75-lb-04,2,-126,-9.75,"{""Bat"": 3.256, ""Distance_mm"": 928, ""Interrupt_flag"": 0, ""Node_type"": ""DDS75-LB"", ""Sensor_flag"": 1, ""TempC_DS18B20"": 32.76}"
2025-09-30 23:24:50.350309409+00:00,dds75-lb-04,2,-56,9.75,"{""Bat"": 3.256, ""Distance_mm"": 927, ""Interrupt_flag"": 0, ""Node_type"": ""DDS75-LB"", ""Sensor_flag"": 1, ""TempC_DS18B20"": 32.76}"
2025-10-01 00:24:49.641793736+00:00,dds75-lb-04,2,-55,7.0,"{""Bat"": 3.256, ""Distance_mm"": 928, ""Interrupt_flag"": 0, ""Node_type"": ""DDS75-LB"", ""Sensor_flag"": 1, ""TempC_DS18B20"": 32.76}"
2025-10-01 01:24:48.936422872+00:00,dds75-lb-04,2,-54,9.75,"{""Bat"": 3.256, ""Distance_mm"": 928, ""Interrupt_flag"": 0, ""Node_type"": ""DDS75-LB"", ""Sensor_flag"": 1, ""TempC_DS18B20"": 32.76}"
2025-10-01 02:24:48.226332489+00:00,dds75-lb-04,2,-57,9.5,"{""Bat"": 3.256, ""Distance_mm"": 927, ""Interrupt_flag"": 0, ""Node_type"": ""DDS75-LB"", ""Sensor_flag"": 1, ""TempC_DS18B20"": 32.76}"
2025-10-01 03:24:47.505710161+00:00,dds75-lb-04,2,-54,9.75,"{""Bat"": 3.256, ""Distance_mm"": 928, ""Interrupt_flag"": 0, ""Node_type"": ""DDS75-LB"", ""Sensor_flag"": 1, ""TempC_DS18B20"": 32.76}"
2025-10-01 04:24:46.806014288+00:00,dds75-lb-04,2,-53,7.75,"{""Bat"": 3.256, ""Distance_mm"": 928, ""Interrupt_flag"": 0, ""Node_type"": ""DDS75-LB"", ""Sensor_flag"": 1, ""TempC_DS18B20"": 32.76}"
2025-10-01 05:24:46.088969443+00:00,dds75-lb-04,2,-54,8.0,"{""Bat"": 3.256, ""Distance_mm"": 928, ""Interrupt_flag"": 0, ""Node_type"": ""DDS75-LB"", ""Sensor_flag"": 1, ""TempC_DS18B20"": 32.76}"
2025-10-01 06:24:45.400736392+00:00,dds75-lb-04,2,-53,9.0,"{""Bat"": 3.256, ""Distance_mm"": 927, ""Interrupt_flag"": 0, ""Node_type"": ""DDS75-LB"", ""Sensor_flag"": 1, ""TempC_DS18B20"": 32.76}"
2025-10-01 07:24:44.675773420+00:00,dds75-lb-04,2,-54,9.25,"{""Bat"": 3.256, ""Distance_mm"": 928, ""Interrupt_flag"": 0, ""Node_type"": ""DDS75-LB"", ""Sensor_flag"": 1, ""TempC_DS18B20"": 32.76}"
2025-10-01 08:24:43.975311625+00:00,dds75-lb-04,2,-56,8.5,"{""Bat"": 3.256, ""Distance_mm"": 928, ""Interrupt_flag"": 0, ""Node_type"": ""DDS75-LB"", ""Sensor_flag"": 1, ""TempC_DS18B20"": 32.76}"
2025-10-01 09:24:43.258954258+00:00,dds75-lb-04,2,-59,10.0,"{""Bat"": 3.256, ""Distance_mm"": 928, ""Interrupt_flag"": 0, ""Node_type"": ""DDS75-LB"", ""Sensor_flag"": 1, ""TempC_DS18B20"": 32.76}"
2025-10-01 10:24:42.549264061+00:00,dds75-lb-04,2,-56,9.5,"{""Bat"": 3.256, ""Distance_mm"": 928, ""Interrupt_flag"": 0, ""Node_type"": ""DDS75-LB"", ""Sensor_flag"": 1, ""TempC_DS18B20"": 32.76}"
2025-10-01 11:24:41.846580420+00:00,dds75-lb-04,2,-57,9.25,"{""Bat"": 3.256, ""Distance_mm"": 927, ""Interrupt_flag"": 0, ""Node_type"": ""DDS75-LB"", ""Sensor_flag"": 1, ""TempC_DS18B20"": 32.76}"
2025-10-01 12:24:41.146384911+00:00,dds75-lb-04,2,-56,7.25,"{""Bat"": 3.256, ""Distance_mm"": 928, ""Interrupt_flag"": 0, ""Node_type"": ""DDS75-LB"", ""Sensor_flag"": 1, ""TempC_DS18B20"": 32.76}"
2025-10-01 13:24:40.444157976+00:00,dds75-lb-04,2,-59,10.0,"{""Bat"": 3.256, ""Distance_mm"": 928, ""Interrupt_flag"": 0, ""Node_type"": ""DDS75-LB"", ""Sensor_flag"": 1, ""TempC_DS18B20"": 32.76}"
2025-10-01 14:24:39.717797436+00:00,dds75-lb-04,2,-56,9.5,"{""Bat"": 3.256, ""Distance_mm"": 928, ""Interrupt_flag"": 0, ""Node_type"": ""DDS75-LB"", ""Sensor_flag"": 1, ""TempC_DS18B20"": 32.76}"
2025-10-01 15:24:38.989781124+00:00,dds75-lb-04,2,-61,10.5,"{""Bat"": 3.256, ""Distance_mm"": 928, ""Interrupt_flag"": 0, ""Node_type"": ""DDS75-LB"", ""Sensor_flag"": 1, ""TempC_DS18B20"": 32.76}"
2025-10-01 16:24:38.311509508+00:00,dds75-lb-04,2,-57,8.25,"{""Bat"": 3.256, ""Distance_mm"": 928, ""Interrupt_flag"": 0, ""Node_type"": ""DDS75-LB"", ""Sensor_flag"": 1, ""TempC_DS18B20"": 32.76}"
2025-10-01 17:24:37.596726566+00:00,dds75-lb-04,2,-59,9.0,"{""Bat"": 3.256, ""Distance_mm"": 927, ""Interrupt_flag"": 0, ""Node_type"": ""DDS75-LB"", ""Sensor_flag"": 1, ""TempC_DS18B20"": 32.76}"
2025-10-01 18:24:36.886163475+00:00,dds75-lb-04,2,-60,10.5,"{""Bat"": 3.256, ""Distance_mm"": 928, ""Interrupt_flag"": 0, ""Node_type"": ""DDS75-LB"", ""Sensor_flag"": 1, ""TempC_DS18B20"": 32.76}"
2025-10-01 19:24:36.174605631+00:00,dds75-lb-04,2,-57,9.0,"{""Bat"": 3.256, ""Distance_mm"": 928, ""Interrupt_flag"": 0, ""Node_type"": ""DDS75-LB"", ""Sensor_flag"": 1, ""TempC_DS18B20"": 32.76}"
2025-10-01 20:24:35.472628054+00:00,dds75-lb-04,2,-57,9.0,"{""Bat"": 3.256, ""Distance_mm"": 927, ""Interrupt_flag"": 0, ""Node_type"": ""DDS75-LB"", ""Sensor_flag"": 1, ""TempC_DS18B20"": 32.76}"
2025-10-01 21:24:34.760369720+00:00,dds75-lb-04,2,-59,9.5,"{""Bat"": 3.256, ""Distance_mm"": 928, ""Interrupt_flag"": 0, ""Node_type"": ""DDS75-LB"", ""Sensor_flag"": 1, ""TempC_DS18B20"": 32.76}"
2025-10-01 22:24:34.044320561+00:00,dds75-lb-04,2,-60,10.5,"{""Bat"": 3.256, ""Distance_mm"": 928, ""Interrupt_flag"": 0, ""Node_type"": ""DDS75-LB"", ""Sensor_flag"": 1, ""TempC_DS18B20"": 32.76}"
2025-10-01 23:24:33.337558939+00:00,dds75-lb-04,2,-61,8.0,"{""Bat"": 3.256, ""Distance_mm"": 927, ""Interrupt_flag"": 0, ""Node_type"": ""DDS75-LB"", ""Sensor_flag"": 1, ""TempC_DS18B20"": 32.76}"
2025-10-02 00:24:32.625462232+00:00,dds75-lb-04,2,-61,10.0,"{""Bat"": 3.256, ""Distance_mm"": 928, ""Interrupt_flag"": 0, ""Node_type"": ""DDS75-LB"", ""Sensor_flag"": 1, ""TempC_DS18B20"": 32.76}"
2025-10-02 01:24:31.925622795+00:00,dds75-lb-04,2,-61,9.0,"{""Bat"": 3.256, ""Distance_mm"": 927, ""Interrupt_flag"": 0, ""Node_type"": ""DDS75-LB"", ""Sensor_flag"": 1, ""TempC_DS18B20"": 32.76}"
2025-10-02 02:24:31.200665292+00:00,dds75-lb-04,2,-56,7.0,"{""Bat"": 3.256, ""Distance_mm"": 928, ""Interrupt_flag"": 0, ""Node_type"": ""DDS75-LB"", ""Sensor_flag"": 1, ""TempC_DS18B20"": 32.76}"
2025-10-02 03:24:30.502246820+00:00,dds75-lb-04,2,-55,7.5,"{""Bat"": 3.256, ""Distance_mm"": 928, ""Interrupt_flag"": 0, ""Node_type"": ""DDS75-LB"", ""Sensor_flag"": 1, ""TempC_DS18B20"": 32.76}"
2025-10-02 04:24:29.810095528+00:00,dds75-lb-04,2,-59,8.0,"{""Bat"": 3.256, ""Distance_mm"": 927, ""Interrupt_flag"": 0, ""Node_type"": ""DDS75-LB"", ""Sensor_flag"": 1, ""TempC_DS18B20"": 32.76}"
2025-10-02 05:24:29.101405748+00:00,dds75-lb-04,2,-123,-6.5,"{""Bat"": 3.256, ""Distance_mm"": 927, ""Interrupt_flag"": 0, ""Node_type"": ""DDS75-LB"", ""Sensor_flag"": 1, ""TempC_DS18B20"": 32.76}"
2025-10-02 06:24:28.404341154+00:00,dds75-lb-04,2,-59,9.75,"{""Bat"": 3.256, ""Distance_mm"": 928, ""Interrupt_flag"": 0, ""Node_type"": ""DDS75-LB"", ""Sensor_flag"": 1, ""TempC_DS18B20"": 32.76}"
2025-10-02 07:24:27.685126126+00:00,dds75-lb-04,2,-56,6.5,"{""Bat"": 3.256, ""Distance_mm"": 928, ""Interrupt_flag"": 0, ""Node_type"": ""DDS75-LB"", ""Sensor_flag"": 1, ""TempC_DS18B20"": 32.76}"
2025-10-02 08:24:26.988929083+00:00,dds75-lb-04,2,-59,10.5,"{""Bat"": 3.256, ""Distance_mm"": 928, ""Interrupt_flag"": 0, ""Node_type"": ""DDS75-LB"", ""Sensor_flag"": 1, ""TempC_DS18B20"": 32.76}"
2025-10-02 09:24:26.275101278+00:00,dds75-lb-04,2,-59,10.0,"{""Bat"": 3.256, ""Distance_mm"": 928, ""Interrupt_flag"": 0, ""Node_type"": ""DDS75-LB"", ""Sensor_flag"": 1, ""TempC_DS18B20"": 32.76}"
2025-10-02 10:24:25.575713607+00:00,dds75-lb-04,2,-57,7.25,"{""Bat"": 3.256, ""Distance_mm"": 928, ""Interrupt_flag"": 0, ""Node_type"": ""DDS75-LB"", ""Sensor_flag"": 1, ""TempC_DS18B20"": 32.76}"
2025-10-02 11:24:24.858814508+00:00,dds75-lb-04,2,-56,7.5,"{""Bat"": 3.256, ""Distance_mm"": 928, ""Interrupt_flag"": 0, ""Node_type"": ""DDS75-LB"", ""Sensor_flag"": 1, ""TempC_DS18B20"": 32.76}"
2025-10-02 12:24:24.158598373+00:00,dds75-lb-04,2,-57,7.75,"{""Bat"": 3.256, ""Distance_mm"": 928, ""Interrupt_flag"": 0, ""Node_type"": ""DDS75-LB"", ""Sensor_flag"": 1, ""TempC_DS18B20"": 32.76}"
2025-10-02 13:24:23.454731081+00:00,dds75-lb-04,2,-59,11.0,"{""Bat"": 3.256, ""Distance_mm"": 928, ""Interrupt_flag"": 0, ""Node_type"": ""DDS75-LB"", ""Sensor_flag"": 1, ""TempC_DS18B20"": 32.76}"
2025-10-02 14:24:22.761671521+00:00,dds75-lb-04,2,-61,10.5,"{""Bat"": 3.256, ""Distance_mm"": 928, ""Interrupt_flag"": 0, ""Node_type"": ""DDS75-LB"", ""Sensor_flag"": 1, ""TempC_DS18B20"": 32.76}"
2025-10-02 15:24:22.033674375+00:00,dds75-lb-04,2,-59,9.5,"{""Bat"": 3.256, ""Distance_mm"": 928, ""Interrupt_flag"": 0, ""Node_type"": ""DDS75-LB"", ""Sensor_flag"": 1, ""TempC_DS18B20"": 32.76}"
2025-10-02 16:24:21.336469624+00:00,dds75-lb-04,2,-56,9.5,"{""Bat"": 3.256, ""Distance_mm"": 928, ""Interrupt_flag"": 0, ""Node_type"": ""DDS75-LB"", ""Sensor_flag"": 1, ""TempC_DS18B20"": 32.76}"
2025-10-02 17:24:20.622556941+00:00,dds75-lb-04,2,-61,9.25,"{""Bat"": 3.256, ""Distance_mm"": 928, ""Interrupt_flag"": 0, ""Node_type"": ""DDS75-LB"", ""Sensor_flag"": 1, ""TempC_DS18B20"": 32.76}"
2025-10-02 18:24:19.908888300+00:00,dds75-lb-04,2,-54,9.0,"{""Bat"": 3.256, ""Distance_mm"": 928, ""Interrupt_flag"": 0, ""Node_type"": ""DDS75-LB"", ""Sensor_flag"": 1, ""TempC_DS18B20"": 32.76}"
2025-10-02 19:24:19.193577682+00:00,dds75-lb-04,2,-57,9.5,"{""Bat"": 3.256, ""Distance_mm"": 928, ""Interrupt_flag"": 0, ""Node_type"": ""DDS75-LB"", ""Sensor_flag"": 1, ""TempC_DS18B20"": 32.76}"
2025-10-02 20:24:18.500613922+00:00,dds75-lb-04,2,-56,8.25,"{""Bat"": 3.256, ""Distance_mm"": 927, ""Interrupt_flag"": 0, ""Node_type"": ""DDS75-LB"", ""Sensor_flag"": 1, ""TempC_DS18B20"": 32.76}"
2025-10-02 21:24:17.792380197+00:00,dds75-lb-04,2,-57,10.25,"{""Bat"": 3.256, ""Distance_mm"": 928, ""Interrupt_flag"": 0, ""Node_type"": ""DDS75-LB"", ""Sensor_flag"": 1, ""TempC_DS18B20"": 32.76}"
2025-10-02 22:24:17.099702531+00:00,dds75-lb-04,2,-59,10.0,"{""Bat"": 3.256, ""Distance_mm"": 927, ""Interrupt_flag"": 0, ""Node_type"": ""DDS75-LB"", ""Sensor_flag"": 1, ""TempC_DS18B20"": 32.76}"
2025-10-02 23:24:16.380090091+00:00,dds75-lb-04,2,-57,8.5,"{""Bat"": 3.256, ""Distance_mm"": 927, ""Interrupt_flag"": 0, ""Node_type"": ""DDS75-LB"", ""Sensor_flag"": 1, ""TempC_DS18B20"": 32.76}"
2025-10-03 00:24:15.678214867+00:00,dds75-lb-04,2,-59,11.5,"{""Bat"": 3.256, ""Distance_mm"": 928, ""Interrupt_flag"": 0, ""Node_type"": ""DDS75-LB"", ""Sensor_flag"": 1, ""TempC_DS18B20"": 32.76}"
2025-10-03 01:24:14.976871892+00:00,dds75-lb-04,2,-56,10.0,"{""Bat"": 3.256, ""Distance_mm"": 928, ""Interrupt_flag"": 0, ""Node_type"": ""DDS75-LB"", ""Sensor_flag"": 1, ""TempC_DS18B20"": 32.76}"
2025-10-03 02:24:14.254330005+00:00,dds75-lb-04,2,-56,6.5,"{""Bat"": 3.256, ""Distance_mm"": 927, ""Interrupt_flag"": 0, ""Node_type"": ""DDS75-LB"", ""Sensor_flag"": 1, ""TempC_DS18B20"": 32.76}"
2025-10-03 03:24:13.576063493+00:00,dds75-lb-04,2,-57,10.25,"{""Bat"": 3.256, ""Distance_mm"": 927, ""Interrupt_flag"": 0, ""Node_type"": ""DDS75-LB"", ""Sensor_flag"": 1, ""TempC_DS18B20"": 32.76}"
2025-10-03 04:24:12.854016669+00:00,dds75-lb-04,2,-59,9.25,"{""Bat"": 3.256, ""Distance_mm"": 928, ""Interrupt_flag"": 0, ""Node_type"": ""DDS75-LB"", ""Sensor_flag"": 1, ""TempC_DS18B20"": 32.76}"
2025-10-03 05:24:12.169228591+00:00,dds75-lb-04,2,-56,8.75,"{""Bat"": 3.256, ""Distance_mm"": 928, ""Interrupt_flag"": 0, ""Node_type"": ""DDS75-LB"", ""Sensor_flag"": 1, ""TempC_DS18B20"": 32.76}"
2025-10-03 06:24:11.457983317+00:00,dds75-lb-04,2,-59,9.75,"{""Bat"": 3.256, ""Distance_mm"": 928, ""Interrupt_flag"": 0, ""Node_type"": ""DDS75-LB"", ""Sensor_flag"": 1, ""TempC_DS18B20"": 32.76}"
2025-10-03 07:24:10.748840655+00:00,dds75-lb-04,2,-54,9.25,"{""Bat"": 3.256, ""Distance_mm"": 928, ""Interrupt_flag"": 0, ""Node_type"": ""DDS75-LB"", ""Sensor_flag"": 1, ""TempC_DS18B20"": 32.76}"
2025-10-03 08:24:10.042186812+00:00,dds75-lb-04,2,-57,10.5,"{""Bat"": 3.256, ""Distance_mm"": 928, ""Interrupt_flag"": 0, ""Node_type"": ""DDS75-LB"", ""Sensor_flag"": 1, ""TempC_DS18B20"": 32.76}"
2025-10-03 09:24:09.322636350+00:00,dds75-lb-04,2,-122,-6.25,"{""Bat"": 3.256, ""Distance_mm"": 928, ""Interrupt_flag"": 0, ""Node_type"": ""DDS75-LB"", ""Sensor_flag"": 1, ""TempC_DS18B20"": 32.76}"
2025-10-03 10:24:08.629631198+00:00,dds75-lb-04,2,-55,7.5,"{""Bat"": 3.256, ""Distance_mm"": 927, ""Interrupt_flag"": 0, ""Node_type"": ""DDS75-LB"", ""Sensor_flag"": 1, ""TempC_DS18B20"": 32.76}"
2025-10-03 11:24:07.951971537+00:00,dds75-lb-04,2,-57,7.0,"{""Bat"": 3.256, ""Distance_mm"": 927, ""Interrupt_flag"": 0, ""Node_type"": ""DDS75-LB"", ""Sensor_flag"": 1, ""TempC_DS18B20"": 32.76}"
2025-10-03 12:24:07.229054822+00:00,dds75-lb-04,2,-57,10.25,"{""Bat"": 3.256, ""Distance_mm"": 927, ""Interrupt_flag"": 0, ""Node_type"": ""DDS75-LB"", ""Sensor_flag"": 1, ""TempC_DS18B20"": 32.76}"
2025-10-03 13:24:06.511864550+00:00,dds75-lb-04,2,-57,10.0,"{""Bat"": 3.256, ""Distance_mm"": 928, ""Interrupt_flag"": 0, ""Node_type"": ""DDS75-LB"", ""Sensor_flag"": 1, ""TempC_DS18B20"": 32.76}"
2025-10-03 14:24:05.827159048+00:00,dds75-lb-04,2,-59,10.0,"{""Bat"": 3.256, ""Distance_mm"": 928, ""Interrupt_flag"": 0, ""Node_type"": ""DDS75-LB"", ""Sensor_flag"": 1, ""TempC_DS18B20"": 32.76}"
2025-10-03 15:24:05.102854153+00:00,dds75-lb-04,2,-57,10.25,"{""Bat"": 3.256, ""Distance_mm"": 928, ""Interrupt_flag"": 0, ""Node_type"": ""DDS75-LB"", ""Sensor_flag"": 1, ""TempC_DS18B20"": 32.76}"
2025-10-03 16:24:04.470748109+00:00,dds75-lb-04,2,-57,9.5,"{""Bat"": 3.256, ""Distance_mm"": 928, ""Interrupt_flag"": 0, ""Node_type"": ""DDS75-LB"", ""Sensor_flag"": 1, ""TempC_DS18B20"": 32.76}"
2025-10-03 17:24:03.702688068+00:00,dds75-lb-04,2,-57,10.25,"{""Bat"": 3.256, ""Distance_mm"": 928, ""Interrupt_flag"": 0, ""Node_type"": ""DDS75-LB"", ""Sensor_flag"": 1, ""TempC_DS18B20"": 32.76}"
2025-10-03 18:24:03.015441600+00:00,dds75-lb-04,2,-56,7.0,"{""Bat"": 3.256, ""Distance_mm"": 928, ""Interrupt_flag"": 0, ""Node_type"": ""DDS75-LB"", ""Sensor_flag"": 1, ""TempC_DS18B20"": 32.76}"
2025-10-03 19:24:02.300280176+00:00,dds75-lb-04,2,-59,7.75,"{""Bat"": 3.256, ""Distance_mm"": 928, ""Interrupt_flag"": 0, ""Node_type"": ""DDS75-LB"", ""Sensor_flag"": 1, ""TempC_DS18B20"": 32.76}"
2025-10-03 20:24:01.583959689+00:00,dds75-lb-04,2,-55,8.75,"{""Bat"": 3.256, ""Distance_mm"": 927, ""Interrupt_flag"": 0, ""Node_type"": ""DDS75-LB"", ""Sensor_flag"": 1, ""TempC_DS18B20"": 32.76}"
2025-10-03 21:24:00.881218197+00:00,dds75-lb-04,2,-57,9.0,"{""Bat"": 3.256, ""Distance_mm"": 927, ""Interrupt_flag"": 0, ""Node_type"": ""DDS75-LB"", ""Sensor_flag"": 1, ""TempC_DS18B20"": 32.76}"
2025-10-03 22:24:00.174577864+00:00,dds75-lb-04,2,-57,9.25,"{""Bat"": 3.256, ""Distance_mm"": 927, ""Interrupt_flag"": 0, ""Node_type"": ""DDS75-LB"", ""Sensor_flag"": 1, ""TempC_DS18B20"": 32.76}"
2025-10-03 23:23:59.471267525+00:00,dds75-lb-04,2,-56,9.5,"{""Bat"": 3.256, ""Distance_mm"": 927, ""Interrupt_flag"": 0, ""Node_type"": ""DDS75-LB"", ""Sensor_flag"": 1, ""TempC_DS18B20"": 32.76}"
2025-10-04 00:23:58.766863908+00:00,dds75-lb-04,2,-61,9.5,"{""Bat"": 3.256, ""Distance_mm"": 927, ""Interrupt_flag"": 0, ""Node_type"": ""DDS75-LB"", ""Sensor_flag"": 1, ""TempC_DS18B20"": 32.76}"
2025-10-04 01:23:58.077644402+00:00,dds75-lb-04,2,-57,9.5,"{""Bat"": 3.256, ""Distance_mm"": 927, ""Interrupt_flag"": 0, ""Node_type"": ""DDS75-LB"", ""Sensor_flag"": 1, ""TempC_DS18B20"": 32.76}"
2025-10-04 02:23:57.373271850+00:00,dds75-lb-04,2,-59,7.25,"{""Bat"": 3.256, ""Distance_mm"": 927, ""Interrupt_flag"": 0, ""Node_type"": ""DDS75-LB"", ""Sensor_flag"": 1, ""TempC_DS18B20"": 32.76}"
2025-10-04 03:23:56.678795466+00:00,dds75-lb-04,2,-57,9.75,"{""Bat"": 3.256, ""Distance_mm"": 927, ""Interrupt_flag"": 0, ""Node_type"": ""DDS75-LB"", ""Sensor_flag"": 1, ""TempC_DS18B20"": 32.76}"
2025-10-04 04:23:55.967363256+00:00,dds75-lb-04,2,-57,9.25,"{""Bat"": 3.256, ""Distance_mm"": 927, ""Interrupt_flag"": 0, ""Node_type"": ""DDS75-LB"", ""Sensor_flag"": 1, ""TempC_DS18B20"": 32.76}"
2025-10-04 05:23:55.270007063+00:00,dds75-lb-04,2,-59,10.0,"{""Bat"": 3.256, ""Distance_mm"": 927, ""Interrupt_flag"": 0, ""Node_type"": ""DDS75-LB"", ""Sensor_flag"": 1, ""TempC_DS18B20"": 32.76}"
2025-10-04 06:23:54.556849539+00:00,dds75-lb-04,2,-56,8.75,"{""Bat"": 3.256, ""Distance_mm"": 927, ""Interrupt_flag"": 0, ""Node_type"": ""DDS75-LB"", ""Sensor_flag"": 1, ""TempC_DS18B20"": 32.76}"
2025-10-04 07:23:53.880037104+00:00,dds75-lb-04,2,-59,10.0,"{""Bat"": 3.256, ""Distance_mm"": 927, ""Interrupt_flag"": 0, ""Node_type"": ""DDS75-LB"", ""Sensor_flag"": 1, ""TempC_DS18B20"": 32.76}"
2025-10-04 08:23:53.144144560+00:00,dds75-lb-04,2,-74,8.0,"{""Bat"": 3.256, ""Distance_mm"": 927, ""Interrupt_flag"": 0, ""Node_type"": ""DDS75-LB"", ""Sensor_flag"": 1, ""TempC_DS18B20"": 32.76}"
2025-10-04 09:23:52.447677244+00:00,dds75-lb-04,2,-57,6.75,"{""Bat"": 3.256, ""Distance_mm"": 927, ""Interrupt_flag"": 0, ""Node_type"": ""DDS75-LB"", ""Sensor_flag"": 1, ""TempC_DS18B20"": 32.76}"
2025-10-04 10:23:51.760910176+00:00,dds75-lb-04,2,-59,7.25,"{""Bat"": 3.256, ""Distance_mm"": 927, ""Interrupt_flag"": 0, ""Node_type"": ""DDS75-LB"", ""Sensor_flag"": 1, ""TempC_DS18B20"": 32.76}"
2025-10-04 11:23:51.040869112+00:00,dds75-lb-04,2,-55,8.25,"{""Bat"": 3.256, ""Distance_mm"": 927, ""Interrupt_flag"": 0, ""Node_type"": ""DDS75-LB"", ""Sensor_flag"": 1, ""TempC_DS18B20"": 32.76}"
2025-10-04 12:23:50.349274996+00:00,dds75-lb-04,2,-56,8.75,"{""Bat"": 3.256, ""Distance_mm"": 927, ""Interrupt_flag"": 0, ""Node_type"": ""DDS75-LB"", ""Sensor_flag"": 1, ""TempC_DS18B20"": 32.76}"
2025-10-04 13:23:49.644776987+00:00,dds75-lb-04,2,-59,9.25,"{""Bat"": 3.256, ""Distance_mm"": 927, ""Interrupt_flag"": 0, ""Node_type"": ""DDS75-LB"", ""Sensor_flag"": 1, ""TempC_DS18B20"": 32.76}"
2025-10-04 14:23:48.939952616+00:00,dds75-lb-04,2,-56,8.75,"{""Bat"": 3.256, ""Distance_mm"": 927, ""Interrupt_flag"": 0, ""Node_type"": ""DDS75-LB"", ""Sensor_flag"": 1, ""TempC_DS18B20"": 32.76}"
2025-10-04 15:23:48.242259189+00:00,dds75-lb-04,2,-59,9.75,"{""Bat"": 3.256, ""Distance_mm"": 927, ""Interrupt_flag"": 0, ""Node_type"": ""DDS75-LB"", ""Sensor_flag"": 1, ""TempC_DS18B20"": 32.76}"
2025-10-04 16:23:47.533699942+00:00,dds75-lb-04,2,-57,7.75,"{""Bat"": 3.256, ""Distance_mm"": 927, ""Interrupt_flag"": 0, ""Node_type"": ""DDS75-LB"", ""Sensor_flag"": 1, ""TempC_DS18B20"": 32.76}"
2025-10-04 17:23:46.842309742+00:00,dds75-lb-04,2,-49,7.75,"{""Bat"": 3.256, ""Distance_mm"": 927, ""Interrupt_flag"": 0, ""Node_type"": ""DDS75-LB"", ""Sensor_flag"": 1, ""TempC_DS18B20"": 32.76}"
2025-10-04 18:23:46.126830780+00:00,dds75-lb-04,2,-51,7.25,"{""Bat"": 3.256, ""Distance_mm"": 927, ""Interrupt_flag"": 0, ""Node_type"": ""DDS75-LB"", ""Sensor_flag"": 1, ""TempC_DS18B20"": 32.76}"
2025-10-04 19:23:45.413609086+00:00,dds75-lb-04,2,-50,10.5,"{""Bat"": 3.256, ""Distance_mm"": 927, ""Interrupt_flag"": 0, ""Node_type"": ""DDS75-LB"", ""Sensor_flag"": 1, ""TempC_DS18B20"": 32.76}"
2025-10-04 20:23:44.706122136+00:00,dds75-lb-04,2,-51,8.75,"{""Bat"": 3.256, ""Distance_mm"": 927, ""Interrupt_flag"": 0, ""Node_type"": ""DDS75-LB"", ""Sensor_flag"": 1, ""TempC_DS18B20"": 32.76}"
2025-10-04 21:23:44.016328570+00:00,dds75-lb-04,2,-51,9.5,"{""Bat"": 3.256, ""Distance_mm"": 927, ""Interrupt_flag"": 0, ""Node_type"": ""DDS75-LB"", ""Sensor_flag"": 1, ""TempC_DS18B20"": 32.76}"
2025-10-05 06:23:37.712877807+00:00,dds75-lb-04,2,-125,-9.25,"{""Bat"": 3.256, ""Distance_mm"": 927, ""Interrupt_flag"": 0, ""Node_type"": ""DDS75-LB"", ""Sensor_flag"": 1, ""TempC_DS18B20"": 32.76}"
2025-10-06 02:24:25.069505627+00:00,dds75-lb-04,2,-112,0.75,"{""Bat"": 3.256, ""Distance_mm"": 927, ""Interrupt_flag"": 0, ""Node_type"": ""DDS75-LB"", ""Sensor_flag"": 1, ""TempC_DS18B20"": 32.76}"
2025-10-06 03:24:23.710133506+00:00,dds75-lb-04,2,-117,-2.5,"{""Bat"": 3.256, ""Distance_mm"": 927, ""Interrupt_flag"": 0, ""Node_type"": ""DDS75-LB"", ""Sensor_flag"": 1, ""TempC_DS18B20"": 32.76}"
2025-10-06 04:24:22.899962115+00:00,dds75-lb-04,2,-125,-9.0,"{""Bat"": 3.256, ""Distance_mm"": 928, ""Interrupt_flag"": 0, ""Node_type"": ""DDS75-LB"", ""Sensor_flag"": 1, ""TempC_DS18B20"": 32.76}"
2025-10-06 05:24:22.224617476+00:00,dds75-lb-04,2,-118,-2.75,"{""Bat"": 3.256, ""Distance_mm"": 927, ""Interrupt_flag"": 0, ""Node_type"": ""DDS75-LB"", ""Sensor_flag"": 1, ""TempC_DS18B20"": 32.76}"
2025-10-06 06:24:21.521330200+00:00,dds75-lb-04,2,-118,-4.5,"{""Bat"": 3.256, ""Distance_mm"": 927, ""Interrupt_flag"": 0, ""Node_type"": ""DDS75-LB"", ""Sensor_flag"": 1, ""TempC_DS18B20"": 32.76}"
2025-10-06 07:24:20.802732700+00:00,dds75-lb-04,2,-118,-5.75,"{""Bat"": 3.256, ""Distance_mm"": 928, ""Interrupt_flag"": 0, ""Node_type"": ""DDS75-LB"", ""Sensor_flag"": 1, ""TempC_DS18B20"": 32.76}"
2025-10-06 10:24:18.681029568+00:00,dds75-lb-04,2,-115,-0.25,"{""Bat"": 3.256, ""Distance_mm"": 928, ""Interrupt_flag"": 0, ""Node_type"": ""DDS75-LB"", ""Sensor_flag"": 1, ""TempC_DS18B20"": 32.76}"
2025-10-06 11:24:17.965610191+00:00,dds75-lb-04,2,-121,-7.2,"{""Bat"": 3.256, ""Distance_mm"": 928, ""Interrupt_flag"": 0, ""Node_type"": ""DDS75-LB"", ""Sensor_flag"": 1, ""TempC_DS18B20"": 32.76}"
2025-10-06 12:24:17.252205076+00:00,dds75-lb-04,2,-124,-10.0,"{""Bat"": 3.256, ""Distance_mm"": 928, ""Interrupt_flag"": 0, ""Node_type"": ""DDS75-LB"", ""Sensor_flag"": 1, ""TempC_DS18B20"": 32.76}"
2025-10-06 13:24:16.578762802+00:00,dds75-lb-04,2,-121,-6.75,"{""Bat"": 3.256, ""Distance_mm"": 928, ""Interrupt_flag"": 0, ""Node_type"": ""DDS75-LB"", ""Sensor_flag"": 1, ""TempC_DS18B20"": 32.76}"
2025-10-06 14:24:15.854433429+00:00,dds75-lb-04,2,-124,-9.0,"{""Bat"": 3.256, ""Distance_mm"": 928, ""Interrupt_flag"": 0, ""Node_type"": ""DDS75-LB"", ""Sensor_flag"": 1, ""TempC_DS18B20"": 32.76}"
2025-10-06 15:24:15.255480464+00:00,dds75-lb-04,2,-116,-1.25,"{""Bat"": 3.256, ""Distance_mm"": 897, ""Interrupt_flag"": 0, ""Node_type"": ""DDS75-LB"", ""Sensor_flag"": 1, ""TempC_DS18B20"": 32.76}"
2025-10-06 16:24:14.441426129+00:00,dds75-lb-04,2,-115,-3.75,"{""Bat"": 3.256, ""Distance_mm"": 928, ""Interrupt_flag"": 0, ""Node_type"": ""DDS75-LB"", ""Sensor_flag"": 1, ""TempC_DS18B20"": 32.76}"
2025-10-06 17:24:13.729336232+00:00,dds75-lb-04,2,-115,0.5,"{""Bat"": 3.256, ""Distance_mm"": 928, ""Interrupt_flag"": 0, ""Node_type"": ""DDS75-LB"", ""Sensor_flag"": 1, ""TempC_DS18B20"": 32.76}"
2025-10-06 18:24:13.022874687+00:00,dds75-lb-04,2,-121,-5.75,"{""Bat"": 3.256, ""Distance_mm"": 928, ""Interrupt_flag"": 0, ""Node_type"": ""DDS75-LB"", ""Sensor_flag"": 1, ""TempC_DS18B20"": 32.76}"
2025-10-06 19:24:12.301253632+00:00,dds75-lb-04,2,-121,-7.5,"{""Bat"": 3.256, ""Distance_mm"": 927, ""Interrupt_flag"": 0, ""Node_type"": ""DDS75-LB"", ""Sensor_flag"": 1, ""TempC_DS18B20"": 32.76}"
2025-10-06 20:24:11.621954828+00:00,dds75-lb-04,2,-119,-9.5,"{""Bat"": 3.256, ""Distance_mm"": 927, ""Interrupt_flag"": 0, ""Node_type"": ""DDS75-LB"", ""Sensor_flag"": 1, ""TempC_DS18B20"": 32.76}"
2025-10-06 21:24:10.914226777+00:00,dds75-lb-04,2,-119,-1.0,"{""Bat"": 3.256, ""Distance_mm"": 927, ""Interrupt_flag"": 0, ""Node_type"": ""DDS75-LB"", ""Sensor_flag"": 1, ""TempC_DS18B20"": 32.76}"
2025-10-06 22:24:10.213712206+00:00,dds75-lb-04,2,-125,-9.0,"{""Bat"": 3.256, ""Distance_mm"": 927, ""Interrupt_flag"": 0, ""Node_type"": ""DDS75-LB"", ""Sensor_flag"": 1, ""TempC_DS18B20"": 32.76}"
2025-10-06 23:24:09.485515539+00:00,dds75-lb-04,2,-114,-0.75,"{""Bat"": 3.256, ""Distance_mm"": 928, ""Interrupt_flag"": 0, ""Node_type"": ""DDS75-LB"", ""Sensor_flag"": 1, ""TempC_DS18B20"": 32.76}"
2025-10-07 00:24:08.797060992+00:00,dds75-lb-04,2,-116,-4.0,"{""Bat"": 3.256, ""Distance_mm"": 918, ""Interrupt_flag"": 0, ""Node_type"": ""DDS75-LB"", ""Sensor_flag"": 1, ""TempC_DS18B20"": 32.76}"
2025-10-07 01:24:08.148402023+00:00,dds75-lb-04,2,-116,-1.0,"{""Bat"": 3.256, ""Distance_mm"": 927, ""Interrupt_flag"": 0, ""Node_type"": ""DDS75-LB"", ""Sensor_flag"": 1, ""TempC_DS18B20"": 32.76}"
2025-10-07 02:24:07.371544943+00:00,dds75-lb-04,2,-119,-2.75,"{""Bat"": 3.256, ""Distance_mm"": 927, ""Interrupt_flag"": 0, ""Node_type"": ""DDS75-LB"", ""Sensor_flag"": 1, ""TempC_DS18B20"": 32.76}"
2025-10-07 03:24:06.744698297+00:00,dds75-lb-04,2,-118,-2.25,"{""Bat"": 3.256, ""Distance_mm"": 927, ""Interrupt_flag"": 0, ""Node_type"": ""DDS75-LB"", ""Sensor_flag"": 1, ""TempC_DS18B20"": 32.76}"
2025-10-07 04:24:05.958588908+00:00,dds75-lb-04,2,-118,-3.75,"{""Bat"": 3.256, ""Distance_mm"": 927, ""Interrupt_flag"": 0, ""Node_type"": ""DDS75-LB"", ""Sensor_flag"": 1, ""TempC_DS18B20"": 32.76}"
2025-10-07 05:24:05.341892950+00:00,dds75-lb-04,2,-119,-5.5,"{""Bat"": 3.256, ""Distance_mm"": 928, ""Interrupt_flag"": 0, ""Node_type"": ""DDS75-LB"", ""Sensor_flag"": 1, ""TempC_DS18B20"": 32.76}"
2025-10-07 06:24:04.551558365+00:00,dds75-lb-04,2,-120,-6.5,"{""Bat"": 3.256, ""Distance_mm"": 927, ""Interrupt_flag"": 0, ""Node_type"": ""DDS75-LB"", ""Sensor_flag"": 1, ""TempC_DS18B20"": 32.76}"
2025-10-07 07:24:03.926416700+00:00,dds75-lb-04,2,-119,-9.5,"{""Bat"": 3.256, ""Distance_mm"": 927, ""Interrupt_flag"": 0, ""Node_type"": ""DDS75-LB"", ""Sensor_flag"": 1, ""TempC_DS18B20"": 32.76}"
2025-10-07 08:24:03.223408962+00:00,dds75-lb-04,2,-119,-6.25,"{""Bat"": 3.256, ""Distance_mm"": 928, ""Interrupt_flag"": 0, ""Node_type"": ""DDS75-LB"", ""Sensor_flag"": 1, ""TempC_DS18B20"": 32.76}"
2025-10-07 09:24:02.405832344+00:00,dds75-lb-04,2,-122,-8.0,"{""Bat"": 3.256, ""Distance_mm"": 927, ""Interrupt_flag"": 0, ""Node_type"": ""DDS75-LB"", ""Sensor_flag"": 1, ""TempC_DS18B20"": 32.76}"
2025-10-07 10:24:01.718626835+00:00,dds75-lb-04,2,-117,-3.25,"{""Bat"": 3.256, ""Distance_mm"": 928, ""Interrupt_flag"": 0, ""Node_type"": ""DDS75-LB"", ""Sensor_flag"": 1, ""TempC_DS18B20"": 32.76}"
2025-10-07 11:24:01.002313167+00:00,dds75-lb-04,2,-121,-5.5,"{""Bat"": 3.256, ""Distance_mm"": 928, ""Interrupt_flag"": 0, ""Node_type"": ""DDS75-LB"", ""Sensor_flag"": 1, ""TempC_DS18B20"": 32.76}"
2025-10-07 12:24:00.289025938+00:00,dds75-lb-04,2,-123,-14.75,"{""Bat"": 3.256, ""Distance_mm"": 928, ""Interrupt_flag"": 0, ""Node_type"": ""DDS75-LB"", ""Sensor_flag"": 1, ""TempC_DS18B20"": 32.76}"
2025-10-07 13:23:59.601325264+00:00,dds75-lb-04,2,-124,-9.25,"{""Bat"": 3.256, ""Distance_mm"": 928, ""Interrupt_flag"": 0, ""Node_type"": ""DDS75-LB"", ""Sensor_flag"": 1, ""TempC_DS18B20"": 32.76}"
2025-10-07 14:23:58.898785290+00:00,dds75-lb-04,2,-121,-8.75,"{""Bat"": 3.256, ""Distance_mm"": 928, ""Interrupt_flag"": 0, ""Node_type"": ""DDS75-LB"", ""Sensor_flag"": 1, ""TempC_DS18B20"": 32.76}"
2025-10-07 15:23:58.216953130+00:00,dds75-lb-04,2,-115,-8.25,"{""Bat"": 3.256, ""Distance_mm"": 928, ""Interrupt_flag"": 0, ""Node_type"": ""DDS75-LB"", ""Sensor_flag"": 1, ""TempC_DS18B20"": 32.76}"
2025-10-07 16:23:57.470136697+00:00,dds75-lb-04,2,-116,-3.75,"{""Bat"": 3.256, ""Distance_mm"": 928, ""Interrupt_flag"": 0, ""Node_type"": ""DDS75-LB"", ""Sensor_flag"": 1, ""TempC_DS18B20"": 32.76}"
2025-10-07 17:23:56.752386091+00:00,dds75-lb-04,2,-120,-6.0,"{""Bat"": 3.256, ""Distance_mm"": 928, ""Interrupt_flag"": 0, ""Node_type"": ""DDS75-LB"", ""Sensor_flag"": 1, ""TempC_DS18B20"": 32.76}"
2025-10-07 18:23:56.041823878+00:00,dds75-lb-04,2,-114,0.5,"{""Bat"": 3.256, ""Distance_mm"": 928, ""Interrupt_flag"": 0, ""Node_type"": ""DDS75-LB"", ""Sensor_flag"": 1, ""TempC_DS18B20"": 32.76}"
2025-10-07 19:23:55.336391376+00:00,dds75-lb-04,2,-119,-7.0,"{""Bat"": 3.256, ""Distance_mm"": 928, ""Interrupt_flag"": 0, ""Node_type"": ""DDS75-LB"", ""Sensor_flag"": 1, ""TempC_DS18B20"": 32.76}"
2025-10-07 21:23:53.933266227+00:00,dds75-lb-04,2,-123,-7.75,"{""Bat"": 3.256, ""Distance_mm"": 927, ""Interrupt_flag"": 0, ""Node_type"": ""DDS75-LB"", ""Sensor_flag"": 1, ""TempC_DS18B20"": 32.76}"
2025-10-07 22:23:53.200951725+00:00,dds75-lb-04,2,-117,-2.25,"{""Bat"": 3.256, ""Distance_mm"": 927, ""Interrupt_flag"": 0, ""Node_type"": ""DDS75-LB"", ""Sensor_flag"": 1, ""TempC_DS18B20"": 32.76}"
2025-10-07 23:23:52.497260026+00:00,dds75-lb-04,2,-113,1.0,"{""Bat"": 3.256, ""Distance_mm"": 927, ""Interrupt_flag"": 0, ""Node_type"": ""DDS75-LB"", ""Sensor_flag"": 1, ""TempC_DS18B20"": 32.76}"
2025-10-08 00:23:51.417062871+00:00,dds75-lb-04,2,-128,-12.5,"{""Bat"": 3.256, ""Distance_mm"": 927, ""Interrupt_flag"": 0, ""Node_type"": ""DDS75-LB"", ""Sensor_flag"": 1, ""TempC_DS18B20"": 32.76}"
2025-10-08 03:23:49.291443213+00:00,dds75-lb-04,2,-119,-3.0,"{""Bat"": 3.256, ""Distance_mm"": 928, ""Interrupt_flag"": 0, ""Node_type"": ""DDS75-LB"", ""Sensor_flag"": 1, ""TempC_DS18B20"": 32.76}"
2025-10-08 04:23:48.574426641+00:00,dds75-lb-04,2,-119,-3.25,"{""Bat"": 3.256, ""Distance_mm"": 928, ""Interrupt_flag"": 0, ""Node_type"": ""DDS75-LB"", ""Sensor_flag"": 1, ""TempC_DS18B20"": 32.76}"
2025-10-08 05:23:47.947736786+00:00,dds75-lb-04,2,-118,-0.5,"{""Bat"": 3.256, ""Distance_mm"": 927, ""Interrupt_flag"": 0, ""Node_type"": ""DDS75-LB"", ""Sensor_flag"": 1, ""TempC_DS18B20"": 32.76}"
2025-10-08 06:23:47.163999799+00:00,dds75-lb-04,2,-115,-1.25,"{""Bat"": 3.256, ""Distance_mm"": 928, ""Interrupt_flag"": 0, ""Node_type"": ""DDS75-LB"", ""Sensor_flag"": 1, ""TempC_DS18B20"": 32.76}"
2025-10-08 07:23:46.471805306+00:00,dds75-lb-04,2,-112,0.5,"{""Bat"": 3.256, ""Distance_mm"": 927, ""Interrupt_flag"": 0, ""Node_type"": ""DDS75-LB"", ""Sensor_flag"": 1, ""TempC_DS18B20"": 32.76}"
2025-10-08 08:23:45.744273794+00:00,dds75-lb-04,2,-116,-0.75,"{""Bat"": 3.256, ""Distance_mm"": 927, ""Interrupt_flag"": 0, ""Node_type"": ""DDS75-LB"", ""Sensor_flag"": 1, ""TempC_DS18B20"": 32.76}"
2025-10-08 09:23:45.026250527+00:00,dds75-lb-04,2,-32,7.25,"{""Bat"": 3.256, ""Distance_mm"": 928, ""Interrupt_flag"": 0, ""Node_type"": ""DDS75-LB"", ""Sensor_flag"": 1, ""TempC_DS18B20"": 32.76}"
2025-10-08 10:23:44.152252889+00:00,dds75-lb-04,2,-115,,"{""Bat"": 3.256, ""Distance_mm"": 927, ""Interrupt_flag"": 0, ""Node_type"": ""DDS75-LB"", ""Sensor_flag"": 1, ""TempC_DS18B20"": 32.76}"
2025-10-08 11:23:43.288896821+00:00,dds75-lb-04,2,-38,10.25,"{""Bat"": 3.256, ""Distance_mm"": 928, ""Interrupt_flag"": 0, ""Node_type"": ""DDS75-LB"", ""Sensor_flag"": 1, ""TempC_DS18B20"": 32.76}"
2025-10-08 12:23:42.585828901+00:00,dds75-lb-04,2,-38,6.5,"{""Bat"": 3.256, ""Distance_mm"": 928, ""Interrupt_flag"": 0, ""Node_type"": ""DDS75-LB"", ""Sensor_flag"": 1, ""TempC_DS18B20"": 32.76}"
2025-10-08 13:23:41.881657285+00:00,dds75-lb-04,2,-35,9.25,"{""Bat"": 3.256, ""Distance_mm"": 928, ""Interrupt_flag"": 0, ""Node_type"": ""DDS75-LB"", ""Sensor_flag"": 1, ""TempC_DS18B20"": 32.76}"
2025-10-08 14:23:41.163052784+00:00,dds75-lb-04,2,-117,-1.0,"{""Bat"": 3.256, ""Distance_mm"": 928, ""Interrupt_flag"": 0, ""Node_type"": ""DDS75-LB"", ""Sensor_flag"": 1, ""TempC_DS18B20"": 32.76}"
2025-10-08 15:23:40.457101452+00:00,dds75-lb-04,2,-116,-1.25,"{""Bat"": 3.256, ""Distance_mm"": 928, ""Interrupt_flag"": 0, ""Node_type"": ""DDS75-LB"", ""Sensor_flag"": 1, ""TempC_DS18B20"": 32.76}"
2025-10-08 16:23:39.737848082+00:00,dds75-lb-04,2,-36,10.0,"{""Bat"": 3.256, ""Distance_mm"": 927, ""Interrupt_flag"": 0, ""Node_type"": ""DDS75-LB"", ""Sensor_flag"": 1, ""TempC_DS18B20"": 32.76}"
2025-10-08 17:23:39.019758844+00:00,dds75-lb-04,2,-39,9.25,"{""Bat"": 3.256, ""Distance_mm"": 927, ""Interrupt_flag"": 0, ""Node_type"": ""DDS75-LB"", ""Sensor_flag"": 1, ""TempC_DS18B20"": 32.76}"
2025-10-08 18:23:38.315717714+00:00,dds75-lb-04,2,-115,-0.25,"{""Bat"": 3.256, ""Distance_mm"": 927, ""Interrupt_flag"": 0, ""Node_type"": ""DDS75-LB"", ""Sensor_flag"": 1, ""TempC_DS18B20"": 32.76}"
2025-10-08 19:23:37.619978244+00:00,dds75-lb-04,2,-39,10.0,"{""Bat"": 3.256, ""Distance_mm"": 927, ""Interrupt_flag"": 0, ""Node_type"": ""DDS75-LB"", ""Sensor_flag"": 1, ""TempC_DS18B20"": 32.76}"
2025-10-08 20:23:36.910271496+00:00,dds75-lb-04,2,-37,9.25,"{""Bat"": 3.256, ""Distance_mm"": 927, ""Interrupt_flag"": 0, ""Node_type"": ""DDS75-LB"", ""Sensor_flag"": 1, ""TempC_DS18B20"": 32.76}"
2025-10-08 21:23:36.218986878+00:00,dds75-lb-04,2,-36,9.25,"{""Bat"": 3.256, ""Distance_mm"": 927, ""Interrupt_flag"": 0, ""Node_type"": ""DDS75-LB"", ""Sensor_flag"": 1, ""TempC_DS18B20"": 32.76}"
2025-10-08 22:23:35.500206320+00:00,dds75-lb-04,2,-37,9.25,"{""Bat"": 3.256, ""Distance_mm"": 927, ""Interrupt_flag"": 0, ""Node_type"": ""DDS75-LB"", ""Sensor_flag"": 1, ""TempC_DS18B20"": 32.76}"
2025-10-08 23:23:34.794490225+00:00,dds75-lb-04,2,-36,9.75,"{""Bat"": 3.256, ""Distance_mm"": 928, ""Interrupt_flag"": 0, ""Node_type"": ""DDS75-LB"", ""Sensor_flag"": 1, ""TempC_DS18B20"": 32.76}"
2025-10-09 00:23:34.115618892+00:00,dds75-lb-04,2,-36,8.0,"{""Bat"": 3.256, ""Distance_mm"": 927, ""Interrupt_flag"": 0, ""Node_type"": ""DDS75-LB"", ""Sensor_flag"": 1, ""TempC_DS18B20"": 32.76}"
2025-10-09 01:23:33.378994220+00:00,dds75-lb-04,2,-38,10.0,"{""Bat"": 3.256, ""Distance_mm"": 927, ""Interrupt_flag"": 0, ""Node_type"": ""DDS75-LB"", ""Sensor_flag"": 1, ""TempC_DS18B20"": 32.76}"
2025-10-09 02:23:32.653464691+00:00,dds75-lb-04,2,-37,9.5,"{""Bat"": 3.256, ""Distance_mm"": 927, ""Interrupt_flag"": 0, ""Node_type"": ""DDS75-LB"", ""Sensor_flag"": 1, ""TempC_DS18B20"": 32.76}"
2025-10-09 03:23:31.950143227+00:00,dds75-lb-04,2,-38,9.5,"{""Bat"": 3.256, ""Distance_mm"": 927, ""Interrupt_flag"": 0, ""Node_type"": ""DDS75-LB"", ""Sensor_flag"": 1, ""TempC_DS18B20"": 32.76}"
2025-10-09 04:23:31.255215869+00:00,dds75-lb-04,2,-38,7.5,"{""Bat"": 3.256, ""Distance_mm"": 927, ""Interrupt_flag"": 0, ""Node_type"": ""DDS75-LB"", ""Sensor_flag"": 1, ""TempC_DS18B20"": 32.76}"
2025-10-09 05:23:30.544601216+00:00,dds75-lb-04,2,-41,9.75,"{""Bat"": 3.256, ""Distance_mm"": 864, ""Interrupt_flag"": 0, ""Node_type"": ""DDS75-LB"", ""Sensor_flag"": 1, ""TempC_DS18B20"": 32.76}"
2025-10-09 06:23:29.847241096+00:00,dds75-lb-04,2,-117,-1.25,"{""Bat"": 3.256, ""Distance_mm"": 864, ""Interrupt_flag"": 0, ""Node_type"": ""DDS75-LB"", ""Sensor_flag"": 1, ""TempC_DS18B20"": 32.76}"
2025-10-09 07:23:29.117460777+00:00,dds75-lb-04,2,-38,7.75,"{""Bat"": 3.256, ""Distance_mm"": 864, ""Interrupt_flag"": 0, ""Node_type"": ""DDS75-LB"", ""Sensor_flag"": 1, ""TempC_DS18B20"": 32.76}"
2025-10-09 08:23:28.412514638+00:00,dds75-lb-04,2,-119,-9.75,"{""Bat"": 3.256, ""Distance_mm"": 864, ""Interrupt_flag"": 0, ""Node_type"": ""DDS75-LB"", ""Sensor_flag"": 1, ""TempC_DS18B20"": 32.76}"
2025-10-09 09:23:27.693760433+00:00,dds75-lb-04,2,-36,7.75,"{""Bat"": 3.256, ""Distance_mm"": 869, ""Interrupt_flag"": 0, ""Node_type"": ""DDS75-LB"", ""Sensor_flag"": 1, ""TempC_DS18B20"": 32.76}"
2025-10-09 10:23:26.988822976+00:00,dds75-lb-04,2,-115,0.75,"{""Bat"": 3.256, ""Distance_mm"": 869, ""Interrupt_flag"": 0, ""Node_type"": ""DDS75-LB"", ""Sensor_flag"": 1, ""TempC_DS18B20"": 32.76}"
2025-10-09 11:23:26.270251707+00:00,dds75-lb-04,2,-38,9.0,"{""Bat"": 3.256, ""Distance_mm"": 864, ""Interrupt_flag"": 0, ""Node_type"": ""DDS75-LB"", ""Sensor_flag"": 1, ""TempC_DS18B20"": 32.76}"
2025-10-09 12:23:25.579729197+00:00,dds75-lb-04,2,-39,9.75,"{""Bat"": 3.256, ""Distance_mm"": 864, ""Interrupt_flag"": 0, ""Node_type"": ""DDS75-LB"", ""Sensor_flag"": 1, ""TempC_DS18B20"": 32.76}"
2025-10-09 13:23:24.856673452+00:00,dds75-lb-04,2,-36,9.5,"{""Bat"": 3.256, ""Distance_mm"": 864, ""Interrupt_flag"": 0, ""Node_type"": ""DDS75-LB"", ""Sensor_flag"": 1, ""TempC_DS18B20"": 32.76}"
2025-10-09 14:23:24.141645885+00:00,dds75-lb-04,2,-120,-4.5,"{""Bat"": 3.256, ""Distance_mm"": 868, ""Interrupt_flag"": 0, ""Node_type"": ""DDS75-LB"", ""Sensor_flag"": 1, ""TempC_DS18B20"": 32.76}"
2025-10-09 15:23:23.438551361+00:00,dds75-lb-04,2,-37,9.25,"{""Bat"": 3.256, ""Distance_mm"": 865, ""Interrupt_flag"": 0, ""Node_type"": ""DDS75-LB"", ""Sensor_flag"": 1, ""TempC_DS18B20"": 32.76}"
2025-10-09 16:23:22.712988546+00:00,dds75-lb-04,2,-112,2.5,"{""Bat"": 3.256, ""Distance_mm"": 865, ""Interrupt_flag"": 0, ""Node_type"": ""DDS75-LB"", ""Sensor_flag"": 1, ""TempC_DS18B20"": 32.76}"
2025-10-09 17:23:22.024667674+00:00,dds75-lb-04,2,-38,7.0,"{""Bat"": 3.256, ""Distance_mm"": 864, ""Interrupt_flag"": 0, ""Node_type"": ""DDS75-LB"", ""Sensor_flag"": 1, ""TempC_DS18B20"": 32.76}"
2025-10-09 18:23:21.334099883+00:00,dds75-lb-04,2,-113,2.75,"{""Bat"": 3.256, ""Distance_mm"": 864, ""Interrupt_flag"": 0, ""Node_type"": ""DDS75-LB"", ""Sensor_flag"": 1, ""TempC_DS18B20"": 32.76}"
2025-10-09 19:23:20.608095077+00:00,dds75-lb-04,2,-39,9.0,"{""Bat"": 3.256, ""Distance_mm"": 864, ""Interrupt_flag"": 0, ""Node_type"": ""DDS75-LB"", ""Sensor_flag"": 1, ""TempC_DS18B20"": 32.76}"
2025-10-09 20:23:19.884381838+00:00,dds75-lb-04,2,-38,10.25,"{""Bat"": 3.256, ""Distance_mm"": 864, ""Interrupt_flag"": 0, ""Node_type"": ""DDS75-LB"", ""Sensor_flag"": 1, ""TempC_DS18B20"": 32.76}"
2025-10-09 21:23:19.190640282+00:00,dds75-lb-04,2,-39,8.25,"{""Bat"": 3.256, ""Distance_mm"": 864, ""Interrupt_flag"": 0, ""Node_type"": ""DDS75-LB"", ""Sensor_flag"": 1, ""TempC_DS18B20"": 32.76}"
2025-10-09 22:23:18.468012455+00:00,dds75-lb-04,2,-38,10.0,"{""Bat"": 3.256, ""Distance_mm"": 864, ""Interrupt_flag"": 0, ""Node_type"": ""DDS75-LB"", ""Sensor_flag"": 1, ""TempC_DS18B20"": 32.76}"
2025-10-09 23:23:17.767715798+00:00,dds75-lb-04,2,-37,10.0,"{""Bat"": 3.256, ""Distance_mm"": 864, ""Interrupt_flag"": 0, ""Node_type"": ""DDS75-LB"", ""Sensor_flag"": 1, ""TempC_DS18B20"": 32.76}"
2025-10-10 00:23:17.059999735+00:00,dds75-lb-04,2,-37,9.25,"{""Bat"": 3.256, ""Distance_mm"": 864, ""Interrupt_flag"": 0, ""Node_type"": ""DDS75-LB"", ""Sensor_flag"": 1, ""TempC_DS18B20"": 32.76}"
2025-10-10 01:23:16.384422899+00:00,dds75-lb-04,2,-113,1.5,"{""Bat"": 3.256, ""Distance_mm"": 864, ""Interrupt_flag"": 0, ""Node_type"": ""DDS75-LB"", ""Sensor_flag"": 1, ""TempC_DS18B20"": 32.76}"
2025-10-10 02:23:15.641579540+00:00,dds75-lb-04,2,-112,3.25,"{""Bat"": 3.256, ""Distance_mm"": 864, ""Interrupt_flag"": 0, ""Node_type"": ""DDS75-LB"", ""Sensor_flag"": 1, ""TempC_DS18B20"": 32.76}"
2025-10-10 03:23:14.929091607+00:00,dds75-lb-04,2,-38,9.25,"{""Bat"": 3.256, ""Distance_mm"": 864, ""Interrupt_flag"": 0, ""Node_type"": ""DDS75-LB"", ""Sensor_flag"": 1, ""TempC_DS18B20"": 32.76}"
2025-10-10 04:23:14.211347434+00:00,dds75-lb-04,2,-36,9.25,"{""Bat"": 3.256, ""Distance_mm"": 863, ""Interrupt_flag"": 0, ""Node_type"": ""DDS75-LB"", ""Sensor_flag"": 1, ""TempC_DS18B20"": 32.76}"
2025-10-10 05:23:13.521191294+00:00,dds75-lb-04,2,-37,9.25,"{""Bat"": 3.256, ""Distance_mm"": 864, ""Interrupt_flag"": 0, ""Node_type"": ""DDS75-LB"", ""Sensor_flag"": 1, ""TempC_DS18B20"": 32.76}"
2025-10-10 06:23:12.828246900+00:00,dds75-lb-04,2,-39,9.5,"{""Bat"": 3.256, ""Distance_mm"": 864, ""Interrupt_flag"": 0, ""Node_type"": ""DDS75-LB"", ""Sensor_flag"": 1, ""TempC_DS18B20"": 32.76}"
2025-10-10 07:23:12.096232659+00:00,dds75-lb-04,2,-34,6.5,"{""Bat"": 3.256, ""Distance_mm"": 869, ""Interrupt_flag"": 0, ""Node_type"": ""DDS75-LB"", ""Sensor_flag"": 1, ""TempC_DS18B20"": 32.76}"
2025-10-10 08:23:11.383651253+00:00,dds75-lb-04,2,-38,7.5,"{""Bat"": 3.256, ""Distance_mm"": 927, ""Interrupt_flag"": 0, ""Node_type"": ""DDS75-LB"", ""Sensor_flag"": 1, ""TempC_DS18B20"": 32.76}"
2025-10-10 09:23:10.686729311+00:00,dds75-lb-04,2,-37,8.0,"{""Bat"": 3.256, ""Distance_mm"": 927, ""Interrupt_flag"": 0, ""Node_type"": ""DDS75-LB"", ""Sensor_flag"": 1, ""TempC_DS18B20"": 32.76}"
2025-10-10 10:23:09.965827340+00:00,dds75-lb-04,2,-41,9.5,"{""Bat"": 3.256, ""Distance_mm"": 927, ""Interrupt_flag"": 0, ""Node_type"": ""DDS75-LB"", ""Sensor_flag"": 1, ""TempC_DS18B20"": 32.76}"
2025-10-10 11:23:09.259424672+00:00,dds75-lb-04,2,-41,10.25,"{""Bat"": 3.256, ""Distance_mm"": 927, ""Interrupt_flag"": 0, ""Node_type"": ""DDS75-LB"", ""Sensor_flag"": 1, ""TempC_DS18B20"": 32.76}"
2025-10-10 12:23:08.548465724+00:00,dds75-lb-04,2,-41,9.5,"{""Bat"": 3.256, ""Distance_mm"": 927, ""Interrupt_flag"": 0, ""Node_type"": ""DDS75-LB"", ""Sensor_flag"": 1, ""TempC_DS18B20"": 32.76}"
2025-10-10 13:23:07.843590545+00:00,dds75-lb-04,2,-36,9.25,"{""Bat"": 3.256, ""Distance_mm"": 928, ""Interrupt_flag"": 0, ""Node_type"": ""DDS75-LB"", ""Sensor_flag"": 1, ""TempC_DS18B20"": 32.76}"
2025-10-10 14:23:07.147230898+00:00,dds75-lb-04,2,-123,-6.5,"{""Bat"": 3.256, ""Distance_mm"": 928, ""Interrupt_flag"": 0, ""Node_type"": ""DDS75-LB"", ""Sensor_flag"": 1, ""TempC_DS18B20"": 32.76}"
2025-10-10 15:23:06.449355031+00:00,dds75-lb-04,2,-35,7.5,"{""Bat"": 3.256, ""Distance_mm"": 927, ""Interrupt_flag"": 0, ""Node_type"": ""DDS75-LB"", ""Sensor_flag"": 1, ""TempC_DS18B20"": 32.76}"
2025-10-10 16:23:05.715725519+00:00,dds75-lb-04,2,-117,-1.5,"{""Bat"": 3.256, ""Distance_mm"": 927, ""Interrupt_flag"": 0, ""Node_type"": ""DDS75-LB"", ""Sensor_flag"": 1, ""TempC_DS18B20"": 32.76}"
2025-10-10 17:23:05.004317445+00:00,dds75-lb-04,2,-37,7.5,"{""Bat"": 3.256, ""Distance_mm"": 927, ""Interrupt_flag"": 0, ""Node_type"": ""DDS75-LB"", ""Sensor_flag"": 1, ""TempC_DS18B20"": 32.76}"
2025-10-10 18:23:04.296140620+00:00,dds75-lb-04,2,-38,8.75,"{""Bat"": 3.256, ""Distance_mm"": 927, ""Interrupt_flag"": 0, ""Node_type"": ""DDS75-LB"", ""Sensor_flag"": 1, ""TempC_DS18B20"": 32.76}"
2025-10-10 19:23:03.573214573+00:00,dds75-lb-04,2,-38,9.0,"{""Bat"": 3.256, ""Distance_mm"": 927, ""Interrupt_flag"": 0, ""Node_type"": ""DDS75-LB"", ""Sensor_flag"": 1, ""TempC_DS18B20"": 32.76}"
2025-10-10 20:23:02.872826839+00:00,dds75-lb-04,2,-117,-2.5,"{""Bat"": 3.256, ""Distance_mm"": 928, ""Interrupt_flag"": 0, ""Node_type"": ""DDS75-LB"", ""Sensor_flag"": 1, ""TempC_DS18B20"": 32.76}"
2025-10-10 21:23:02.155730932+00:00,dds75-lb-04,2,-119,-3.5,"{""Bat"": 3.256, ""Distance_mm"": 927, ""Interrupt_flag"": 0, ""Node_type"": ""DDS75-LB"", ""Sensor_flag"": 1, ""TempC_DS18B20"": 32.76}"
2025-10-10 22:23:01.473219568+00:00,dds75-lb-04,2,-117,-1.5,"{""Bat"": 3.256, ""Distance_mm"": 927, ""Interrupt_flag"": 0, ""Node_type"": ""DDS75-LB"", ""Sensor_flag"": 1, ""TempC_DS18B20"": 32.76}"
2025-10-10 23:23:00.752093113+00:00,dds75-lb-04,2,-37,7.75,"{""Bat"": 3.256, ""Distance_mm"": 927, ""Interrupt_flag"": 0, ""Node_type"": ""DDS75-LB"", ""Sensor_flag"": 1, ""TempC_DS18B20"": 32.76}"
2025-10-11 00:23:00.048939613+00:00,dds75-lb-04,2,-39,9.25,"{""Bat"": 3.256, ""Distance_mm"": 927, ""Interrupt_flag"": 0, ""Node_type"": ""DDS75-LB"", ""Sensor_flag"": 1, ""TempC_DS18B20"": 32.76}"
2025-10-11 01:22:59.356209300+00:00,dds75-lb-04,2,-119,-3.0,"{""Bat"": 3.256, ""Distance_mm"": 927, ""Interrupt_flag"": 0, ""Node_type"": ""DDS75-LB"", ""Sensor_flag"": 1, ""TempC_DS18B20"": 32.76}"
2025-10-11 02:22:58.632915139+00:00,dds75-lb-04,2,-114,2.0,"{""Bat"": 3.256, ""Distance_mm"": 927, ""Interrupt_flag"": 0, ""Node_type"": ""DDS75-LB"", ""Sensor_flag"": 1, ""TempC_DS18B20"": 32.76}"
2025-10-11 03:22:57.911796328+00:00,dds75-lb-04,2,-41,10.75,"{""Bat"": 3.256, ""Distance_mm"": 927, ""Interrupt_flag"": 0, ""Node_type"": ""DDS75-LB"", ""Sensor_flag"": 1, ""TempC_DS18B20"": 32.76}"
2025-10-11 04:22:57.207951913+00:00,dds75-lb-04,2,-118,-4.0,"{""Bat"": 3.256, ""Distance_mm"": 927, ""Interrupt_flag"": 0, ""Node_type"": ""DDS75-LB"", ""Sensor_flag"": 1, ""TempC_DS18B20"": 32.76}"
2025-10-11 05:22:56.513223785+00:00,dds75-lb-04,2,-41,9.75,"{""Bat"": 3.256, ""Distance_mm"": 927, ""Interrupt_flag"": 0, ""Node_type"": ""DDS75-LB"", ""Sensor_flag"": 1, ""TempC_DS18B20"": 32.76}"
2025-10-11 06:22:55.797967257+00:00,dds75-lb-04,2,-41,9.75,"{""Bat"": 3.256, ""Distance_mm"": 927, ""Interrupt_flag"": 0, ""Node_type"": ""DDS75-LB"", ""Sensor_flag"": 1, ""TempC_DS18B20"": 32.76}"
2025-10-11 07:22:55.098574629+00:00,dds75-lb-04,2,-114,1.25,"{""Bat"": 3.256, ""Distance_mm"": 927, ""Interrupt_flag"": 0, ""Node_type"": ""DDS75-LB"", ""Sensor_flag"": 1, ""TempC_DS18B20"": 32.76}"
2025-10-11 08:22:54.359053379+00:00,dds75-lb-04,2,-123,-8.0,"{""Bat"": 3.256, ""Distance_mm"": 927, ""Interrupt_flag"": 0, ""Node_type"": ""DDS75-LB"", ""Sensor_flag"": 1, ""TempC_DS18B20"": 32.76}"
2025-10-11 09:22:53.654070605+00:00,dds75-lb-04,2,-39,9.75,"{""Bat"": 3.256, ""Distance_mm"": 927, ""Interrupt_flag"": 0, ""Node_type"": ""DDS75-LB"", ""Sensor_flag"": 1, ""TempC_DS18B20"": 32.76}"
2025-10-11 10:22:52.960004083+00:00,dds75-lb-04,2,-41,10.25,"{""Bat"": 3.256, ""Distance_mm"": 927, ""Interrupt_flag"": 0, ""Node_type"": ""DDS75-LB"", ""Sensor_flag"": 1, ""TempC_DS18B20"": 32.76}"
2025-10-11 11:22:52.254638070+00:00,dds75-lb-04,2,-118,-3.75,"{""Bat"": 3.256, ""Distance_mm"": 927, ""Interrupt_flag"": 0, ""Node_type"": ""DDS75-LB"", ""Sensor_flag"": 1, ""TempC_DS18B20"": 32.76}"
2025-10-11 12:22:51.548918879+00:00,dds75-lb-04,2,-41,7.5,"{""Bat"": 3.256, ""Distance_mm"": 927, ""Interrupt_flag"": 0, ""Node_type"": ""DDS75-LB"", ""Sensor_flag"": 1, ""TempC_DS18B20"": 32.76}"
2025-10-11 13:22:50.841312503+00:00,dds75-lb-04,2,-38,9.25,"{""Bat"": 3.256, ""Distance_mm"": 927, ""Interrupt_flag"": 0, ""Node_type"": ""DDS75-LB"", ""Sensor_flag"": 1, ""TempC_DS18B20"": 32.76}"
2025-10-11 14:22:50.133588298+00:00,dds75-lb-04,2,-41,9.25,"{""Bat"": 10.817, ""Distance_mm"": 927, ""Interrupt_flag"": 0, ""Node_type"": ""DDS75-LB"", ""Sensor_flag"": 1, ""TempC_DS18B20"": 32.76}"
2025-10-11 15:22:49.415905114+00:00,dds75-lb-04,2,-39,7.25,"{""Bat"": 3.256, ""Distance_mm"": 927, ""Interrupt_flag"": 0, ""Node_type"": ""DDS75-LB"", ""Sensor_flag"": 1, ""TempC_DS18B20"": 32.76}"
2025-10-11 16:22:48.716111822+00:00,dds75-lb-04,2,-39,7.5,"{""Bat"": 3.256, ""Distance_mm"": 927, ""Interrupt_flag"": 0, ""Node_type"": ""DDS75-LB"", ""Sensor_flag"": 1, ""TempC_DS18B20"": 32.76}"
2025-10-11 17:22:48.005448558+00:00,dds75-lb-04,2,-43,11.25,"{""Bat"": 3.256, ""Distance_mm"": 927, ""Interrupt_flag"": 0, ""Node_type"": ""DDS75-LB"", ""Sensor_flag"": 1, ""TempC_DS18B20"": 32.76}"
2025-10-11 18:22:47.277827452+00:00,dds75-lb-04,2,-41,9.25,"{""Bat"": 3.256, ""Distance_mm"": 927, ""Interrupt_flag"": 0, ""Node_type"": ""DDS75-LB"", ""Sensor_flag"": 1, ""TempC_DS18B20"": 32.76}"
2025-10-11 19:22:46.593194644+00:00,dds75-lb-04,2,-118,-2.75,"{""Bat"": 3.256, ""Distance_mm"": 927, ""Interrupt_flag"": 0, ""Node_type"": ""DDS75-LB"", ""Sensor_flag"": 1, ""TempC_DS18B20"": 32.76}"
2025-10-11 20:22:45.884619177+00:00,dds75-lb-04,2,-39,7.5,"{""Bat"": 3.256, ""Distance_mm"": 927, ""Interrupt_flag"": 0, ""Node_type"": ""DDS75-LB"", ""Sensor_flag"": 1, ""TempC_DS18B20"": 32.76}"
2025-10-11 21:22:45.170910157+00:00,dds75-lb-04,2,-123,-6.75,"{""Bat"": 3.256, ""Distance_mm"": 927, ""Interrupt_flag"": 0, ""Node_type"": ""DDS75-LB"", ""Sensor_flag"": 1, ""TempC_DS18B20"": 32.76}"
2025-10-11 22:22:44.467876828+00:00,dds75-lb-04,2,-44,9.25,"{""Bat"": 3.256, ""Distance_mm"": 927, ""Interrupt_flag"": 0, ""Node_type"": ""DDS75-LB"", ""Sensor_flag"": 1, ""TempC_DS18B20"": 32.76}"
2025-10-11 23:22:43.765018616+00:00,dds75-lb-04,2,-41,7.25,"{""Bat"": 3.256, ""Distance_mm"": 927, ""Interrupt_flag"": 0, ""Node_type"": ""DDS75-LB"", ""Sensor_flag"": 1, ""TempC_DS18B20"": 32.76}"
2025-10-12 00:22:43.039509066+00:00,dds75-lb-04,2,-39,9.25,"{""Bat"": 3.256, ""Distance_mm"": 927, ""Interrupt_flag"": 0, ""Node_type"": ""DDS75-LB"", ""Sensor_flag"": 1, ""TempC_DS18B20"": 32.76}"
2025-10-12 01:22:42.351218400+00:00,dds75-lb-04,2,-119,-1.75,"{""Bat"": 3.256, ""Distance_mm"": 927, ""Interrupt_flag"": 0, ""Node_type"": ""DDS75-LB"", ""Sensor_flag"": 1, ""TempC_DS18B20"": 32.76}"
2025-10-12 02:22:41.650209908+00:00,dds75-lb-04,2,-117,-1.25,"{""Bat"": 3.256, ""Distance_mm"": 927, ""Interrupt_flag"": 0, ""Node_type"": ""DDS75-LB"", ""Sensor_flag"": 1, ""TempC_DS18B20"": 32.76}"
2025-10-12 04:22:40.222012383+00:00,dds75-lb-04,2,-42,9.25,"{""Bat"": 3.256, ""Distance_mm"": 927, ""Interrupt_flag"": 0, ""Node_type"": ""DDS75-LB"", ""Sensor_flag"": 1, ""TempC_DS18B20"": 32.76}"
2025-10-12 05:22:39.510434764+00:00,dds75-lb-04,2,-43,10.25,"{""Bat"": 3.256, ""Distance_mm"": 927, ""Interrupt_flag"": 0, ""Node_type"": ""DDS75-LB"", ""Sensor_flag"": 1, ""TempC_DS18B20"": 32.76}"
2025-10-12 06:22:38.814694815+00:00,dds75-lb-04,2,-42,9.5,"{""Bat"": 3.256, ""Distance_mm"": 927, ""Interrupt_flag"": 0, ""Node_type"": ""DDS75-LB"", ""Sensor_flag"": 1, ""TempC_DS18B20"": 32.76}"
2025-10-12 07:22:38.101877798+00:00,dds75-lb-04,2,-41,9.0,"{""Bat"": 3.256, ""Distance_mm"": 927, ""Interrupt_flag"": 0, ""Node_type"": ""DDS75-LB"", ""Sensor_flag"": 1, ""TempC_DS18B20"": 32.76}"
2025-10-12 08:22:37.399399225+00:00,dds75-lb-04,2,-43,9.0,"{""Bat"": 3.256, ""Distance_mm"": 927, ""Interrupt_flag"": 0, ""Node_type"": ""DDS75-LB"", ""Sensor_flag"": 1, ""TempC_DS18B20"": 32.76}"
2025-10-12 09:22:36.678384622+00:00,dds75-lb-04,2,-120,-3.0,"{""Bat"": 3.256, ""Distance_mm"": 927, ""Interrupt_flag"": 0, ""Node_type"": ""DDS75-LB"", ""Sensor_flag"": 1, ""TempC_DS18B20"": 32.76}"
2025-10-12 10:22:35.973308202+00:00,dds75-lb-04,2,-43,9.25,"{""Bat"": 3.256, ""Distance_mm"": 927, ""Interrupt_flag"": 0, ""Node_type"": ""DDS75-LB"", ""Sensor_flag"": 1, ""TempC_DS18B20"": 32.76}"
2025-10-12 11:22:35.277007757+00:00,dds75-lb-04,2,-41,9.25,"{""Bat"": 3.256, ""Distance_mm"": 927, ""Interrupt_flag"": 0, ""Node_type"": ""DDS75-LB"", ""Sensor_flag"": 1, ""TempC_DS18B20"": 32.76}"
2025-10-12 12:22:34.562846176+00:00,dds75-lb-04,2,-43,10.0,"{""Bat"": 3.256, ""Distance_mm"": 927, ""Interrupt_flag"": 0, ""Node_type"": ""DDS75-LB"", ""Sensor_flag"": 1, ""TempC_DS18B20"": 32.76}"
2025-10-12 13:22:33.853029281+00:00,dds75-lb-04,2,-119,-3.75,"{""Bat"": 3.256, ""Distance_mm"": 927, ""Interrupt_flag"": 0, ""Node_type"": ""DDS75-LB"", ""Sensor_flag"": 1, ""TempC_DS18B20"": 32.76}"
2025-10-12 14:22:33.147605813+00:00,dds75-lb-04,2,-43,9.5,"{""Bat"": 3.256, ""Distance_mm"": 927, ""Interrupt_flag"": 0, ""Node_type"": ""DDS75-LB"", ""Sensor_flag"": 1, ""TempC_DS18B20"": 32.76}"
2025-10-12 15:22:32.443416044+00:00,dds75-lb-04,2,-41,7.25,"{""Bat"": 3.256, ""Distance_mm"": 927, ""Interrupt_flag"": 0, ""Node_type"": ""DDS75-LB"", ""Sensor_flag"": 1, ""TempC_DS18B20"": 32.76}"
2025-10-12 16:22:31.741570074+00:00,dds75-lb-04,2,-123,-7.0,"{""Bat"": 3.256, ""Distance_mm"": 927, ""Interrupt_flag"": 0, ""Node_type"": ""DDS75-LB"", ""Sensor_flag"": 1, ""TempC_DS18B20"": 32.76}"
2025-10-12 17:22:31.020638013+00:00,dds75-lb-04,2,-122,-5.5,"{""Bat"": 3.256, ""Distance_mm"": 927, ""Interrupt_flag"": 0, ""Node_type"": ""DDS75-LB"", ""Sensor_flag"": 1, ""TempC_DS18B20"": 32.76}"
2025-10-12 18:22:30.321713636+00:00,dds75-lb-04,2,-122,-6.75,"{""Bat"": 3.256, ""Distance_mm"": 927, ""Interrupt_flag"": 0, ""Node_type"": ""DDS75-LB"", ""Sensor_flag"": 1, ""TempC_DS18B20"": 32.76}"
2025-10-12 19:22:29.617763408+00:00,dds75-lb-04,2,-45,10.0,"{""Bat"": 3.256, ""Distance_mm"": 927, ""Interrupt_flag"": 0, ""Node_type"": ""DDS75-LB"", ""Sensor_flag"": 1, ""TempC_DS18B20"": 32.76}"
2025-10-12 20:22:28.889933346+00:00,dds75-lb-04,2,-121,-8.5,"{""Bat"": 3.256, ""Distance_mm"": 927, ""Interrupt_flag"": 0, ""Node_type"": ""DDS75-LB"", ""Sensor_flag"": 1, ""TempC_DS18B20"": 32.76}"
2025-10-12 21:22:28.197319457+00:00,dds75-lb-04,2,-44,9.5,"{""Bat"": 3.256, ""Distance_mm"": 927, ""Interrupt_flag"": 0, ""Node_type"": ""DDS75-LB"", ""Sensor_flag"": 1, ""TempC_DS18B20"": 32.76}"
2025-10-12 22:22:27.487117071+00:00,dds75-lb-04,2,-45,8.75,"{""Bat"": 3.256, ""Distance_mm"": 927, ""Interrupt_flag"": 0, ""Node_type"": ""DDS75-LB"", ""Sensor_flag"": 1, ""TempC_DS18B20"": 32.76}"
2025-10-12 23:22:26.778766458+00:00,dds75-lb-04,2,-44,7.0,"{""Bat"": 3.256, ""Distance_mm"": 927, ""Interrupt_flag"": 0, ""Node_type"": ""DDS75-LB"", ""Sensor_flag"": 1, ""TempC_DS18B20"": 32.76}"
2025-10-13 00:22:26.079260253+00:00,dds75-lb-04,2,-42,9.25,"{""Bat"": 3.256, ""Distance_mm"": 927, ""Interrupt_flag"": 0, ""Node_type"": ""DDS75-LB"", ""Sensor_flag"": 1, ""TempC_DS18B20"": 32.76}"
2025-10-13 01:22:25.355187185+00:00,dds75-lb-04,2,-41,7.25,"{""Bat"": 3.256, ""Distance_mm"": 927, ""Interrupt_flag"": 0, ""Node_type"": ""DDS75-LB"", ""Sensor_flag"": 1, ""TempC_DS18B20"": 32.76}"
2025-10-13 02:22:24.652522092+00:00,dds75-lb-04,2,-45,9.0,"{""Bat"": 3.256, ""Distance_mm"": 927, ""Interrupt_flag"": 0, ""Node_type"": ""DDS75-LB"", ""Sensor_flag"": 1, ""TempC_DS18B20"": 32.76}"
2025-10-13 03:22:23.945750494+00:00,dds75-lb-04,2,-43,8.5,"{""Bat"": 3.256, ""Distance_mm"": 926, ""Interrupt_flag"": 0, ""Node_type"": ""DDS75-LB"", ""Sensor_flag"": 1, ""TempC_DS18B20"": 32.76}"
2025-10-13 04:22:23.250101029+00:00,dds75-lb-04,2,-123,-8.0,"{""Bat"": 3.256, ""Distance_mm"": 927, ""Interrupt_flag"": 0, ""Node_type"": ""DDS75-LB"", ""Sensor_flag"": 1, ""TempC_DS18B20"": 32.76}"
2025-10-13 05:22:22.535852236+00:00,dds75-lb-04,2,-43,9.5,"{""Bat"": 3.256, ""Distance_mm"": 927, ""Interrupt_flag"": 0, ""Node_type"": ""DDS75-LB"", ""Sensor_flag"": 1, ""TempC_DS18B20"": 32.76}"
2025-10-13 06:22:21.835134652+00:00,dds75-lb-04,2,-45,9.25,"{""Bat"": 3.256, ""Distance_mm"": 927, ""Interrupt_flag"": 0, ""Node_type"": ""DDS75-LB"", ""Sensor_flag"": 1, ""TempC_DS18B20"": 32.76}"
2025-10-13 07:22:21.122695304+00:00,dds75-lb-04,2,-41,7.25,"{""Bat"": 3.256, ""Distance_mm"": 927, ""Interrupt_flag"": 0, ""Node_type"": ""DDS75-LB"", ""Sensor_flag"": 1, ""TempC_DS18B20"": 32.76}"
2025-10-13 08:22:20.424437481+00:00,dds75-lb-04,2,-42,9.25,"{""Bat"": 3.256, ""Distance_mm"": 927, ""Interrupt_flag"": 0, ""Node_type"": ""DDS75-LB"", ""Sensor_flag"": 1, ""TempC_DS18B20"": 32.76}"
2025-10-13 09:22:19.706975504+00:00,dds75-lb-04,2,-45,7.0,"{""Bat"": 3.256, ""Distance_mm"": 927, ""Interrupt_flag"": 0, ""Node_type"": ""DDS75-LB"", ""Sensor_flag"": 1, ""TempC_DS18B20"": 32.76}"
2025-10-13 10:22:18.983124974+00:00,dds75-lb-04,2,-125,-9.0,"{""Bat"": 3.256, ""Distance_mm"": 927, ""Interrupt_flag"": 0, ""Node_type"": ""DDS75-LB"", ""Sensor_flag"": 1, ""TempC_DS18B20"": 32.76}"
2025-10-13 11:22:18.301627537+00:00,dds75-lb-04,2,-45,9.75,"{""Bat"": 3.256, ""Distance_mm"": 928, ""Interrupt_flag"": 0, ""Node_type"": ""DDS75-LB"", ""Sensor_flag"": 1, ""TempC_DS18B20"": 32.76}"
2025-10-13 12:22:17.571915667+00:00,dds75-lb-04,2,-45,9.5,"{""Bat"": 3.256, ""Distance_mm"": 928, ""Interrupt_flag"": 0, ""Node_type"": ""DDS75-LB"", ""Sensor_flag"": 1, ""TempC_DS18B20"": 32.76}"
2025-10-13 13:22:16.877176219+00:00,dds75-lb-04,2,-45,9.5,"{""Bat"": 3.256, ""Distance_mm"": 927, ""Interrupt_flag"": 0, ""Node_type"": ""DDS75-LB"", ""Sensor_flag"": 1, ""TempC_DS18B20"": 32.76}"
2025-10-13 14:22:16.173967464+00:00,dds75-lb-04,2,-49,9.75,"{""Bat"": 3.256, ""Distance_mm"": 927, ""Interrupt_flag"": 0, ""Node_type"": ""DDS75-LB"", ""Sensor_flag"": 1, ""TempC_DS18B20"": 32.76}"
2025-10-13 15:22:15.444804241+00:00,dds75-lb-04,2,-123,-7.0,"{""Bat"": 3.256, ""Distance_mm"": 928, ""Interrupt_flag"": 0, ""Node_type"": ""DDS75-LB"", ""Sensor_flag"": 1, ""TempC_DS18B20"": 32.76}"
2025-10-13 16:22:14.761714186+00:00,dds75-lb-04,2,-47,7.25,"{""Bat"": 3.256, ""Distance_mm"": 928, ""Interrupt_flag"": 0, ""Node_type"": ""DDS75-LB"", ""Sensor_flag"": 1, ""TempC_DS18B20"": 32.76}"
2025-10-13 17:22:14.017782041+00:00,dds75-lb-04,2,-47,9.75,"{""Bat"": 3.256, ""Distance_mm"": 928, ""Interrupt_flag"": 0, ""Node_type"": ""DDS75-LB"", ""Sensor_flag"": 1, ""TempC_DS18B20"": 32.76}"
2025-10-13 18:22:13.324386592+00:00,dds75-lb-04,2,-47,9.25,"{""Bat"": 3.256, ""Distance_mm"": 927, ""Interrupt_flag"": 0, ""Node_type"": ""DDS75-LB"", ""Sensor_flag"": 1, ""TempC_DS18B20"": 32.76}"
2025-10-13 19:22:12.607975305+00:00,dds75-lb-04,2,-47,9.25,"{""Bat"": 3.256, ""Distance_mm"": 928, ""Interrupt_flag"": 0, ""Node_type"": ""DDS75-LB"", ""Sensor_flag"": 1, ""TempC_DS18B20"": 32.76}"
2025-10-13 20:22:11.905331165+00:00,dds75-lb-04,2,-45,7.75,"{""Bat"": 3.256, ""Distance_mm"": 928, ""Interrupt_flag"": 0, ""Node_type"": ""DDS75-LB"", ""Sensor_flag"": 1, ""TempC_DS18B20"": 32.76}"
2025-10-13 21:22:11.201744994+00:00,dds75-lb-04,2,-44,9.75,"{""Bat"": 3.256, ""Distance_mm"": 927, ""Interrupt_flag"": 0, ""Node_type"": ""DDS75-LB"", ""Sensor_flag"": 1, ""TempC_DS18B20"": 32.76}"
2025-10-13 22:22:10.499728330+00:00,dds75-lb-04,2,-47,9.5,"{""Bat"": 3.256, ""Distance_mm"": 927, ""Interrupt_flag"": 0, ""Node_type"": ""DDS75-LB"", ""Sensor_flag"": 1, ""TempC_DS18B20"": 32.76}"
2025-10-14 00:22:09.059805740+00:00,dds75-lb-04,2,-49,9.5,"{""Bat"": 3.256, ""Distance_mm"": 927, ""Interrupt_flag"": 0, ""Node_type"": ""DDS75-LB"", ""Sensor_flag"": 1, ""TempC_DS18B20"": 32.76}"
2025-10-14 02:22:07.655081129+00:00,dds75-lb-04,2,-47,9.75,"{""Bat"": 3.256, ""Distance_mm"": 927, ""Interrupt_flag"": 0, ""Node_type"": ""DDS75-LB"", ""Sensor_flag"": 1, ""TempC_DS18B20"": 32.76}"
2025-10-14 03:22:06.960479748+00:00,dds75-lb-04,2,-47,10.25,"{""Bat"": 3.256, ""Distance_mm"": 927, ""Interrupt_flag"": 0, ""Node_type"": ""DDS75-LB"", ""Sensor_flag"": 1, ""TempC_DS18B20"": 32.76}"
2025-10-14 04:22:06.221797169+00:00,dds75-lb-04,2,-47,10.25,"{""Bat"": 3.256, ""Distance_mm"": 927, ""Interrupt_flag"": 0, ""Node_type"": ""DDS75-LB"", ""Sensor_flag"": 1, ""TempC_DS18B20"": 32.76}"
2025-10-14 05:22:05.533818466+00:00,dds75-lb-04,2,-47,10.5,"{""Bat"": 3.256, ""Distance_mm"": 927, ""Interrupt_flag"": 0, ""Node_type"": ""DDS75-LB"", ""Sensor_flag"": 1, ""TempC_DS18B20"": 32.76}"
2025-10-14 06:22:04.820113880+00:00,dds75-lb-04,2,-47,10.25,"{""Bat"": 3.256, ""Distance_mm"": 928, ""Interrupt_flag"": 0, ""Node_type"": ""DDS75-LB"", ""Sensor_flag"": 1, ""TempC_DS18B20"": 32.76}"
2025-10-14 07:22:04.109524815+00:00,dds75-lb-04,2,-47,9.75,"{""Bat"": 3.256, ""Distance_mm"": 927, ""Interrupt_flag"": 0, ""Node_type"": ""DDS75-LB"", ""Sensor_flag"": 1, ""TempC_DS18B20"": 32.76}"
2025-10-14 08:22:03.415032471+00:00,dds75-lb-04,2,-47,7.0,"{""Bat"": 3.256, ""Distance_mm"": 927, ""Interrupt_flag"": 0, ""Node_type"": ""DDS75-LB"", ""Sensor_flag"": 1, ""TempC_DS18B20"": 32.76}"
2025-10-14 09:22:02.700669964+00:00,dds75-lb-04,2,-45,7.0,"{""Bat"": 3.256, ""Distance_mm"": 928, ""Interrupt_flag"": 0, ""Node_type"": ""DDS75-LB"", ""Sensor_flag"": 1, ""TempC_DS18B20"": 32.76}"
2025-10-14 10:22:01.991860343+00:00,dds75-lb-04,2,-47,8.5,"{""Bat"": 3.256, ""Distance_mm"": 928, ""Interrupt_flag"": 0, ""Node_type"": ""DDS75-LB"", ""Sensor_flag"": 1, ""TempC_DS18B20"": 32.76}"
2025-10-14 11:22:01.284017363+00:00,dds75-lb-04,2,-49,10.0,"{""Bat"": 3.256, ""Distance_mm"": 928, ""Interrupt_flag"": 0, ""Node_type"": ""DDS75-LB"", ""Sensor_flag"": 1, ""TempC_DS18B20"": 32.76}"
2025-10-14 12:22:00.571279297+00:00,dds75-lb-04,2,-47,9.5,"{""Bat"": 3.256, ""Distance_mm"": 928, ""Interrupt_flag"": 0, ""Node_type"": ""DDS75-LB"", ""Sensor_flag"": 1, ""TempC_DS18B20"": 32.76}"
2025-10-14 13:21:59.852994470+00:00,dds75-lb-04,2,-45,9.25,"{""Bat"": 3.256, ""Distance_mm"": 928, ""Interrupt_flag"": 0, ""Node_type"": ""DDS75-LB"", ""Sensor_flag"": 1, ""TempC_DS18B20"": 32.76}"
2025-10-14 14:21:59.140782088+00:00,dds75-lb-04,2,-123,-6.75,"{""Bat"": 3.256, ""Distance_mm"": 928, ""Interrupt_flag"": 0, ""Node_type"": ""DDS75-LB"", ""Sensor_flag"": 1, ""TempC_DS18B20"": 32.76}"
2025-10-14 15:21:58.446430047+00:00,dds75-lb-04,2,-45,10.0,"{""Bat"": 3.256, ""Distance_mm"": 928, ""Interrupt_flag"": 0, ""Node_type"": ""DDS75-LB"", ""Sensor_flag"": 1, ""TempC_DS18B20"": 32.76}"
2025-10-14 16:21:57.730995108+00:00,dds75-lb-04,2,-45,7.25,"{""Bat"": 3.256, ""Distance_mm"": 928, ""Interrupt_flag"": 0, ""Node_type"": ""DDS75-LB"", ""Sensor_flag"": 1, ""TempC_DS18B20"": 32.76}"
2025-10-14 17:21:57.013162881+00:00,dds75-lb-04,2,-47,7.75,"{""Bat"": 3.256, ""Distance_mm"": 928, ""Interrupt_flag"": 0, ""Node_type"": ""DDS75-LB"", ""Sensor_flag"": 1, ""TempC_DS18B20"": 32.76}"
2025-10-14 18:21:56.320428228+00:00,dds75-lb-04,2,-47,9.5,"{""Bat"": 3.256, ""Distance_mm"": 928, ""Interrupt_flag"": 0, ""Node_type"": ""DDS75-LB"", ""Sensor_flag"": 1, ""TempC_DS18B20"": 32.76}"
2025-10-14 19:21:55.590030226+00:00,dds75-lb-04,2,-47,10.5,"{""Bat"": 3.256, ""Distance_mm"": 926, ""Interrupt_flag"": 0, ""Node_type"": ""DDS75-LB"", ""Sensor_flag"": 1, ""TempC_DS18B20"": 32.76}"
2025-10-14 20:21:54.894506693+00:00,dds75-lb-04,2,-123,-8.0,"{""Bat"": 3.256, ""Distance_mm"": 927, ""Interrupt_flag"": 0, ""Node_type"": ""DDS75-LB"", ""Sensor_flag"": 1, ""TempC_DS18B20"": 32.76}"
2025-10-14 21:21:54.149743175+00:00,dds75-lb-04,2,-44,9.0,"{""Bat"": 3.256, ""Distance_mm"": 927, ""Interrupt_flag"": 0, ""Node_type"": ""DDS75-LB"", ""Sensor_flag"": 1, ""TempC_DS18B20"": 32.76}"
2025-10-14 22:21:53.494227282+00:00,dds75-lb-04,2,-45,5.5,"{""Bat"": 3.256, ""Distance_mm"": 927, ""Interrupt_flag"": 0, ""Node_type"": ""DDS75-LB"", ""Sensor_flag"": 1, ""TempC_DS18B20"": 32.76}"
2025-10-14 23:21:52.757574711+00:00,dds75-lb-04,2,-45,9.25,"{""Bat"": 3.256, ""Distance_mm"": 928, ""Interrupt_flag"": 0, ""Node_type"": ""DDS75-LB"", ""Sensor_flag"": 1, ""TempC_DS18B20"": 32.76}"
2025-10-15 00:21:52.042174745+00:00,dds75-lb-04,2,-47,10.25,"{""Bat"": 3.256, ""Distance_mm"": 927, ""Interrupt_flag"": 0, ""Node_type"": ""DDS75-LB"", ""Sensor_flag"": 1, ""TempC_DS18B20"": 32.76}"
2025-10-15 01:21:51.305748236+00:00,dds75-lb-04,2,-49,9.25,"{""Bat"": 3.256, ""Distance_mm"": 927, ""Interrupt_flag"": 0, ""Node_type"": ""DDS75-LB"", ""Sensor_flag"": 1, ""TempC_DS18B20"": 32.76}"
2025-10-15 02:21:50.623820744+00:00,dds75-lb-04,2,-47,9.0,"{""Bat"": 3.256, ""Distance_mm"": 927, ""Interrupt_flag"": 0, ""Node_type"": ""DDS75-LB"", ""Sensor_flag"": 1, ""TempC_DS18B20"": 32.76}"
2025-10-15 03:21:49.908326296+00:00,dds75-lb-04,2,-49,9.0,"{""Bat"": 3.256, ""Distance_mm"": 927, ""Interrupt_flag"": 0, ""Node_type"": ""DDS75-LB"", ""Sensor_flag"": 1, ""TempC_DS18B20"": 32.76}"
2025-10-15 04:21:49.205614421+00:00,dds75-lb-04,2,-45,7.25,"{""Bat"": 3.256, ""Distance_mm"": 905, ""Interrupt_flag"": 0, ""Node_type"": ""DDS75-LB"", ""Sensor_flag"": 1, ""TempC_DS18B20"": 32.76}"
2025-10-15 05:21:48.510230538+00:00,dds75-lb-04,2,-45,9.0,"{""Bat"": 3.256, ""Distance_mm"": 927, ""Interrupt_flag"": 0, ""Node_type"": ""DDS75-LB"", ""Sensor_flag"": 1, ""TempC_DS18B20"": 32.76}"
2025-10-15 06:21:47.783224425+00:00,dds75-lb-04,2,-45,9.5,"{""Bat"": 10.817, ""Distance_mm"": 928, ""Interrupt_flag"": 0, ""Node_type"": ""DDS75-LB"", ""Sensor_flag"": 1, ""TempC_DS18B20"": 32.76}"
2025-10-15 07:21:47.079185870+00:00,dds75-lb-04,2,-47,7.5,"{""Bat"": 3.256, ""Distance_mm"": 928, ""Interrupt_flag"": 0, ""Node_type"": ""DDS75-LB"", ""Sensor_flag"": 1, ""TempC_DS18B20"": 32.76}"
2025-10-15 08:21:46.350881961+00:00,dds75-lb-04,2,-124,-8.0,"{""Bat"": 3.256, ""Distance_mm"": 927, ""Interrupt_flag"": 0, ""Node_type"": ""DDS75-LB"", ""Sensor_flag"": 1, ""TempC_DS18B20"": 32.76}"
2025-10-15 09:21:45.644263525+00:00,dds75-lb-04,2,-46,7.5,"{""Bat"": 3.256, ""Distance_mm"": 927, ""Interrupt_flag"": 0, ""Node_type"": ""DDS75-LB"", ""Sensor_flag"": 1, ""TempC_DS18B20"": 32.76}"
2025-10-15 10:21:44.917798762+00:00,dds75-lb-04,2,-44,10.25,"{""Bat"": 3.256, ""Distance_mm"": 928, ""Interrupt_flag"": 0, ""Node_type"": ""DDS75-LB"", ""Sensor_flag"": 1, ""TempC_DS18B20"": 32.76}"
2025-10-15 11:21:44.204687385+00:00,dds75-lb-04,2,-44,9.25,"{""Bat"": 3.256, ""Distance_mm"": 928, ""Interrupt_flag"": 0, ""Node_type"": ""DDS75-LB"", ""Sensor_flag"": 1, ""TempC_DS18B20"": 32.76}"
2025-10-15 12:21:43.508343632+00:00,dds75-lb-04,2,-43,9.25,"{""Bat"": 3.256, ""Distance_mm"": 928, ""Interrupt_flag"": 0, ""Node_type"": ""DDS75-LB"", ""Sensor_flag"": 1, ""TempC_DS18B20"": 32.76}"
2025-10-15 13:21:42.799577596+00:00,dds75-lb-04,2,-44,9.75,"{""Bat"": 3.256, ""Distance_mm"": 927, ""Interrupt_flag"": 0, ""Node_type"": ""DDS75-LB"", ""Sensor_flag"": 1, ""TempC_DS18B20"": 32.76}"
2025-10-15 14:21:42.094837729+00:00,dds75-lb-04,2,-44,9.25,"{""Bat"": 3.256, ""Distance_mm"": 928, ""Interrupt_flag"": 0, ""Node_type"": ""DDS75-LB"", ""Sensor_flag"": 1, ""TempC_DS18B20"": 32.76}"
2025-10-15 15:21:41.374856700+00:00,dds75-lb-04,2,-44,7.5,"{""Bat"": 3.256, ""Distance_mm"": 928, ""Interrupt_flag"": 0, ""Node_type"": ""DDS75-LB"", ""Sensor_flag"": 1, ""TempC_DS18B20"": 32.76}"
2025-10-15 16:21:40.658564886+00:00,dds75-lb-04,2,-44,7.0,"{""Bat"": 3.256, ""Distance_mm"": 928, ""Interrupt_flag"": 0, ""Node_type"": ""DDS75-LB"", ""Sensor_flag"": 1, ""TempC_DS18B20"": 32.76}"
2025-10-15 17:21:39.951134415+00:00,dds75-lb-04,2,-47,10.0,"{""Bat"": 3.256, ""Distance_mm"": 928, ""Interrupt_flag"": 0, ""Node_type"": ""DDS75-LB"", ""Sensor_flag"": 1, ""TempC_DS18B20"": 32.76}"
2025-10-15 18:21:39.243691198+00:00,dds75-lb-04,2,-43,9.0,"{""Bat"": 3.256, ""Distance_mm"": 928, ""Interrupt_flag"": 0, ""Node_type"": ""DDS75-LB"", ""Sensor_flag"": 1, ""TempC_DS18B20"": 32.76}"
2025-10-15 19:21:38.527659141+00:00,dds75-lb-04,2,-44,9.0,"{""Bat"": 3.256, ""Distance_mm"": 927, ""Interrupt_flag"": 0, ""Node_type"": ""DDS75-LB"", ""Sensor_flag"": 1, ""TempC_DS18B20"": 32.76}"
2025-10-15 20:21:37.833874776+00:00,dds75-lb-04,2,-45,10.25,"{""Bat"": 3.256, ""Distance_mm"": 927, ""Interrupt_flag"": 0, ""Node_type"": ""DDS75-LB"", ""Sensor_flag"": 1, ""TempC_DS18B20"": 32.76}"
2025-10-15 21:21:37.117312372+00:00,dds75-lb-04,2,-45,9.0,"{""Bat"": 3.256, ""Distance_mm"": 928, ""Interrupt_flag"": 0, ""Node_type"": ""DDS75-LB"", ""Sensor_flag"": 1, ""TempC_DS18B20"": 32.76}"
2025-10-15 22:21:36.407263226+00:00,dds75-lb-04,2,-44,8.75,"{""Bat"": 3.256, ""Distance_mm"": 927, ""Interrupt_flag"": 0, ""Node_type"": ""DDS75-LB"", ""Sensor_flag"": 1, ""TempC_DS18B20"": 32.76}"
2025-10-15 23:21:35.677441159+00:00,dds75-lb-04,2,-44,9.5,"{""Bat"": 3.256, ""Distance_mm"": 927, ""Interrupt_flag"": 0, ""Node_type"": ""DDS75-LB"", ""Sensor_flag"": 1, ""TempC_DS18B20"": 32.76}"
2025-10-16 00:21:35.008896234+00:00,dds75-lb-04,2,-125,-9.25,"{""Bat"": 3.256, ""Distance_mm"": 927, ""Interrupt_flag"": 0, ""Node_type"": ""DDS75-LB"", ""Sensor_flag"": 1, ""TempC_DS18B20"": 32.76}"
2025-10-16 01:21:34.279938792+00:00,dds75-lb-04,2,-44,7.0,"{""Bat"": 3.256, ""Distance_mm"": 927, ""Interrupt_flag"": 0, ""Node_type"": ""DDS75-LB"", ""Sensor_flag"": 1, ""TempC_DS18B20"": 32.76}"
2025-10-16 02:21:33.565373529+00:00,dds75-lb-04,2,-44,10.0,"{""Bat"": 3.256, ""Distance_mm"": 927, ""Interrupt_flag"": 0, ""Node_type"": ""DDS75-LB"", ""Sensor_flag"": 1, ""TempC_DS18B20"": 32.76}"
2025-10-16 03:21:32.865934944+00:00,dds75-lb-04,2,-47,9.25,"{""Bat"": 3.256, ""Distance_mm"": 927, ""Interrupt_flag"": 0, ""Node_type"": ""DDS75-LB"", ""Sensor_flag"": 1, ""TempC_DS18B20"": 32.76}"
2025-10-16 04:21:32.149312379+00:00,dds75-lb-04,2,-120,-7.5,"{""Bat"": 3.256, ""Distance_mm"": 927, ""Interrupt_flag"": 0, ""Node_type"": ""DDS75-LB"", ""Sensor_flag"": 1, ""TempC_DS18B20"": 32.76}"
2025-10-16 05:21:31.428959126+00:00,dds75-lb-04,2,-44,9.0,"{""Bat"": 3.256, ""Distance_mm"": 927, ""Interrupt_flag"": 0, ""Node_type"": ""DDS75-LB"", ""Sensor_flag"": 1, ""TempC_DS18B20"": 32.76}"
2025-10-16 06:21:30.729833526+00:00,dds75-lb-04,2,-47,9.5,"{""Bat"": 3.256, ""Distance_mm"": 927, ""Interrupt_flag"": 0, ""Node_type"": ""DDS75-LB"", ""Sensor_flag"": 1, ""TempC_DS18B20"": 32.76}"
2025-10-16 07:21:30.023151498+00:00,dds75-lb-04,2,-45,9.75,"{""Bat"": 3.256, ""Distance_mm"": 927, ""Interrupt_flag"": 0, ""Node_type"": ""DDS75-LB"", ""Sensor_flag"": 1, ""TempC_DS18B20"": 32.76}"
2025-10-16 08:21:29.312294496+00:00,dds75-lb-04,2,-44,9.5,"{""Bat"": 3.256, ""Distance_mm"": 928, ""Interrupt_flag"": 0, ""Node_type"": ""DDS75-LB"", ""Sensor_flag"": 1, ""TempC_DS18B20"": 32.76}"
2025-10-16 09:21:28.592545678+00:00,dds75-lb-04,2,-47,10.5,"{""Bat"": 3.256, ""Distance_mm"": 927, ""Interrupt_flag"": 0, ""Node_type"": ""DDS75-LB"", ""Sensor_flag"": 1, ""TempC_DS18B20"": 32.76}"
2025-10-16 10:21:27.909615658+00:00,dds75-lb-04,2,-45,9.75,"{""Bat"": 3.256, ""Distance_mm"": 927, ""Interrupt_flag"": 0, ""Node_type"": ""DDS75-LB"", ""Sensor_flag"": 1, ""TempC_DS18B20"": 32.76}"
2025-10-16 11:21:27.184792982+00:00,dds75-lb-04,2,-123,-6.5,"{""Bat"": 3.256, ""Distance_mm"": 928, ""Interrupt_flag"": 0, ""Node_type"": ""DDS75-LB"", ""Sensor_flag"": 1, ""TempC_DS18B20"": 32.76}"
2025-10-16 12:21:26.461089866+00:00,dds75-lb-04,2,-44,7.25,"{""Bat"": 3.256, ""Distance_mm"": 928, ""Interrupt_flag"": 0, ""Node_type"": ""DDS75-LB"", ""Sensor_flag"": 1, ""TempC_DS18B20"": 32.76}"
2025-10-16 13:21:25.742286586+00:00,dds75-lb-04,2,-123,-7.0,"{""Bat"": 3.256, ""Distance_mm"": 928, ""Interrupt_flag"": 0, ""Node_type"": ""DDS75-LB"", ""Sensor_flag"": 1, ""TempC_DS18B20"": 32.76}"
2025-10-16 14:21:25.037942384+00:00,dds75-lb-04,2,-49,9.5,"{""Bat"": 3.256, ""Distance_mm"": 928, ""Interrupt_flag"": 0, ""Node_type"": ""DDS75-LB"", ""Sensor_flag"": 1, ""TempC_DS18B20"": 32.76}"
2025-10-16 15:21:24.330252515+00:00,dds75-lb-04,2,-45,7.5,"{""Bat"": 3.256, ""Distance_mm"": 928, ""Interrupt_flag"": 0, ""Node_type"": ""DDS75-LB"", ""Sensor_flag"": 1, ""TempC_DS18B20"": 32.76}"
2025-10-16 16:21:23.613204690+00:00,dds75-lb-04,2,-44,7.25,"{""Bat"": 3.256, ""Distance_mm"": 928, ""Interrupt_flag"": 0, ""Node_type"": ""DDS75-LB"", ""Sensor_flag"": 1, ""TempC_DS18B20"": 32.76}"
2025-10-16 17:21:22.970905209+00:00,dds75-lb-04,2,-47,9.5,"{""Bat"": 3.256, ""Distance_mm"": 928, ""Interrupt_flag"": 0, ""Node_type"": ""DDS75-LB"", ""Sensor_flag"": 1, ""TempC_DS18B20"": 32.76}"
2025-10-16 18:21:22.203049559+00:00,dds75-lb-04,2,-47,10.75,"{""Bat"": 3.256, ""Distance_mm"": 928, ""Interrupt_flag"": 0, ""Node_type"": ""DDS75-LB"", ""Sensor_flag"": 1, ""TempC_DS18B20"": 32.76}"
2025-10-16 19:21:21.486831159+00:00,dds75-lb-04,2,-45,9.25,"{""Bat"": 3.256, ""Distance_mm"": 928, ""Interrupt_flag"": 0, ""Node_type"": ""DDS75-LB"", ""Sensor_flag"": 1, ""TempC_DS18B20"": 32.76}"
2025-10-16 20:21:20.772477807+00:00,dds75-lb-04,2,-44,7.5,"{""Bat"": 3.256, ""Distance_mm"": 927, ""Interrupt_flag"": 0, ""Node_type"": ""DDS75-LB"", ""Sensor_flag"": 1, ""TempC_DS18B20"": 32.76}"
2025-10-16 21:21:20.070818347+00:00,dds75-lb-04,2,-47,9.25,"{""Bat"": 3.256, ""Distance_mm"": 927, ""Interrupt_flag"": 0, ""Node_type"": ""DDS75-LB"", ""Sensor_flag"": 1, ""TempC_DS18B20"": 32.76}"
2025-10-16 22:21:19.342831996+00:00,dds75-lb-04,2,-47,9.5,"{""Bat"": 3.256, ""Distance_mm"": 928, ""Interrupt_flag"": 0, ""Node_type"": ""DDS75-LB"", ""Sensor_flag"": 1, ""TempC_DS18B20"": 32.76}"
2025-10-16 23:21:18.646683894+00:00,dds75-lb-04,2,-47,10.25,"{""Bat"": 3.256, ""Distance_mm"": 927, ""Interrupt_flag"": 0, ""Node_type"": ""DDS75-LB"", ""Sensor_flag"": 1, ""TempC_DS18B20"": 32.76}"
2025-10-17 00:21:17.919541265+00:00,dds75-lb-04,2,-45,7.5,"{""Bat"": 3.256, ""Distance_mm"": 927, ""Interrupt_flag"": 0, ""Node_type"": ""DDS75-LB"", ""Sensor_flag"": 1, ""TempC_DS18B20"": 32.76}"
2025-10-17 01:21:17.236499958+00:00,dds75-lb-04,2,-44,7.25,"{""Bat"": 3.256, ""Distance_mm"": 927, ""Interrupt_flag"": 0, ""Node_type"": ""DDS75-LB"", ""Sensor_flag"": 1, ""TempC_DS18B20"": 32.76}"
2025-10-17 02:21:16.522181082+00:00,dds75-lb-04,2,-47,9.0,"{""Bat"": 3.256, ""Distance_mm"": 927, ""Interrupt_flag"": 0, ""Node_type"": ""DDS75-LB"", ""Sensor_flag"": 1, ""TempC_DS18B20"": 32.76}"
2025-10-17 03:21:15.795016294+00:00,dds75-lb-04,2,-49,9.25,"{""Bat"": 3.256, ""Distance_mm"": 927, ""Interrupt_flag"": 0, ""Node_type"": ""DDS75-LB"", ""Sensor_flag"": 1, ""TempC_DS18B20"": 32.76}"
2025-10-17 04:21:15.103520040+00:00,dds75-lb-04,2,-45,9.25,"{""Bat"": 3.256, ""Distance_mm"": 927, ""Interrupt_flag"": 0, ""Node_type"": ""DDS75-LB"", ""Sensor_flag"": 1, ""TempC_DS18B20"": 32.76}"
2025-10-17 05:21:14.388326653+00:00,dds75-lb-04,2,-47,9.75,"{""Bat"": 3.256, ""Distance_mm"": 928, ""Interrupt_flag"": 0, ""Node_type"": ""DDS75-LB"", ""Sensor_flag"": 1, ""TempC_DS18B20"": 32.76}"
2025-10-17 06:21:13.680611950+00:00,dds75-lb-04,2,-50,9.75,"{""Bat"": 3.256, ""Distance_mm"": 927, ""Interrupt_flag"": 0, ""Node_type"": ""DDS75-LB"", ""Sensor_flag"": 1, ""TempC_DS18B20"": 32.76}"
2025-10-17 07:21:12.951142027+00:00,dds75-lb-04,2,-47,7.75,"{""Bat"": 3.256, ""Distance_mm"": 927, ""Interrupt_flag"": 0, ""Node_type"": ""DDS75-LB"", ""Sensor_flag"": 1, ""TempC_DS18B20"": 32.76}"
2025-10-17 08:21:12.243351320+00:00,dds75-lb-04,2,-47,9.75,"{""Bat"": 3.256, ""Distance_mm"": 928, ""Interrupt_flag"": 0, ""Node_type"": ""DDS75-LB"", ""Sensor_flag"": 1, ""TempC_DS18B20"": 32.76}"
2025-10-17 09:21:11.555077356+00:00,dds75-lb-04,2,-49,10.25,"{""Bat"": 3.256, ""Distance_mm"": 928, ""Interrupt_flag"": 0, ""Node_type"": ""DDS75-LB"", ""Sensor_flag"": 1, ""TempC_DS18B20"": 32.76}"
2025-10-17 10:21:10.828990097+00:00,dds75-lb-04,2,-47,9.25,"{""Bat"": 3.256, ""Distance_mm"": 927, ""Interrupt_flag"": 0, ""Node_type"": ""DDS75-LB"", ""Sensor_flag"": 1, ""TempC_DS18B20"": 32.76}"
2025-10-17 11:21:10.200267919+00:00,dds75-lb-04,2,-48,9.5,"{""Bat"": 3.256, ""Distance_mm"": 928, ""Interrupt_flag"": 0, ""Node_type"": ""DDS75-LB"", ""Sensor_flag"": 1, ""TempC_DS18B20"": 32.76}"
2025-10-17 12:21:09.400562452+00:00,dds75-lb-04,2,-47,8.0,"{""Bat"": 3.256, ""Distance_mm"": 928, ""Interrupt_flag"": 0, ""Node_type"": ""DDS75-LB"", ""Sensor_flag"": 1, ""TempC_DS18B20"": 32.76}"
2025-10-17 13:21:08.707056604+00:00,dds75-lb-04,2,-48,10.5,"{""Bat"": 3.256, ""Distance_mm"": 928, ""Interrupt_flag"": 0, ""Node_type"": ""DDS75-LB"", ""Sensor_flag"": 1, ""TempC_DS18B20"": 32.76}"
2025-10-17 14:21:07.980696469+00:00,dds75-lb-04,2,-49,9.25,"{""Bat"": 3.256, ""Distance_mm"": 928, ""Interrupt_flag"": 0, ""Node_type"": ""DDS75-LB"", ""Sensor_flag"": 1, ""TempC_DS18B20"": 32.76}"
2025-10-17 15:21:07.276397199+00:00,dds75-lb-04,2,-47,7.5,"{""Bat"": 3.256, ""Distance_mm"": 928, ""Interrupt_flag"": 0, ""Node_type"": ""DDS75-LB"", ""Sensor_flag"": 1, ""TempC_DS18B20"": 32.76}"
2025-10-17 16:21:06.562553481+00:00,dds75-lb-04,2,-45,9.0,"{""Bat"": 3.256, ""Distance_mm"": 928, ""Interrupt_flag"": 0, ""Node_type"": ""DDS75-LB"", ""Sensor_flag"": 1, ""TempC_DS18B20"": 32.76}"
2025-10-17 17:21:05.851983790+00:00,dds75-lb-04,2,-46,9.0,"{""Bat"": 3.256, ""Distance_mm"": 928, ""Interrupt_flag"": 0, ""Node_type"": ""DDS75-LB"", ""Sensor_flag"": 1, ""TempC_DS18B20"": 32.76}"
2025-10-17 18:21:05.148798933+00:00,dds75-lb-04,2,-49,9.0,"{""Bat"": 3.256, ""Distance_mm"": 928, ""Interrupt_flag"": 0, ""Node_type"": ""DDS75-LB"", ""Sensor_flag"": 1, ""TempC_DS18B20"": 32.76}"
2025-10-17 19:21:04.424601758+00:00,dds75-lb-04,2,-47,10.0,"{""Bat"": 3.256, ""Distance_mm"": 928, ""Interrupt_flag"": 0, ""Node_type"": ""DDS75-LB"", ""Sensor_flag"": 1, ""TempC_DS18B20"": 32.76}"
2025-10-17 20:21:03.723578540+00:00,dds75-lb-04,2,-49,7.5,"{""Bat"": 3.256, ""Distance_mm"": 927, ""Interrupt_flag"": 0, ""Node_type"": ""DDS75-LB"", ""Sensor_flag"": 1, ""TempC_DS18B20"": 32.76}"
2025-10-17 21:21:03.006908120+00:00,dds75-lb-04,2,-47,10.0,"{""Bat"": 3.256, ""Distance_mm"": 928, ""Interrupt_flag"": 0, ""Node_type"": ""DDS75-LB"", ""Sensor_flag"": 1, ""TempC_DS18B20"": 32.76}"
2025-10-17 22:21:02.297707743+00:00,dds75-lb-04,2,-50,9.25,"{""Bat"": 3.256, ""Distance_mm"": 927, ""Interrupt_flag"": 0, ""Node_type"": ""DDS75-LB"", ""Sensor_flag"": 1, ""TempC_DS18B20"": 32.76}"
2025-10-17 23:21:01.580515820+00:00,dds75-lb-04,2,-49,7.25,"{""Bat"": 3.256, ""Distance_mm"": 927, ""Interrupt_flag"": 0, ""Node_type"": ""DDS75-LB"", ""Sensor_flag"": 1, ""TempC_DS18B20"": 32.76}"
2025-10-18 00:21:00.867486506+00:00,dds75-lb-04,2,-50,9.75,"{""Bat"": 3.256, ""Distance_mm"": 928, ""Interrupt_flag"": 0, ""Node_type"": ""DDS75-LB"", ""Sensor_flag"": 1, ""TempC_DS18B20"": 32.76}"
2025-10-18 01:21:00.172167437+00:00,dds75-lb-04,2,-50,9.25,"{""Bat"": 3.256, ""Distance_mm"": 927, ""Interrupt_flag"": 0, ""Node_type"": ""DDS75-LB"", ""Sensor_flag"": 1, ""TempC_DS18B20"": 32.76}"
2025-10-18 02:20:59.466509791+00:00,dds75-lb-04,2,-51,9.25,"{""Bat"": 3.256, ""Distance_mm"": 927, ""Interrupt_flag"": 0, ""Node_type"": ""DDS75-LB"", ""Sensor_flag"": 1, ""TempC_DS18B20"": 32.76}"
2025-10-18 03:20:58.757352659+00:00,dds75-lb-04,2,-49,8.75,"{""Bat"": 3.256, ""Distance_mm"": 927, ""Interrupt_flag"": 0, ""Node_type"": ""DDS75-LB"", ""Sensor_flag"": 1, ""TempC_DS18B20"": 32.76}"
2025-10-18 04:20:58.051825533+00:00,dds75-lb-04,2,-53,6.75,"{""Bat"": 3.256, ""Distance_mm"": 927, ""Interrupt_flag"": 0, ""Node_type"": ""DDS75-LB"", ""Sensor_flag"": 1, ""TempC_DS18B20"": 32.76}"
2025-10-18 05:20:57.341322748+00:00,dds75-lb-04,2,-51,9.25,"{""Bat"": 3.256, ""Distance_mm"": 927, ""Interrupt_flag"": 0, ""Node_type"": ""DDS75-LB"", ""Sensor_flag"": 1, ""TempC_DS18B20"": 32.76}"
2025-10-18 06:20:56.623860181+00:00,dds75-lb-04,2,-50,9.0,"{""Bat"": 3.256, ""Distance_mm"": 927, ""Interrupt_flag"": 0, ""Node_type"": ""DDS75-LB"", ""Sensor_flag"": 1, ""TempC_DS18B20"": 32.76}"
2025-10-18 07:20:55.906149156+00:00,dds75-lb-04,2,-49,7.5,"{""Bat"": 3.256, ""Distance_mm"": 927, ""Interrupt_flag"": 0, ""Node_type"": ""DDS75-LB"", ""Sensor_flag"": 1, ""TempC_DS18B20"": 32.76}"
2025-10-18 08:20:55.200538279+00:00,dds75-lb-04,2,-48,8.25,"{""Bat"": 3.256, ""Distance_mm"": 927, ""Interrupt_flag"": 0, ""Node_type"": ""DDS75-LB"", ""Sensor_flag"": 1, ""TempC_DS18B20"": 32.76}"
2025-10-18 09:20:54.491471044+00:00,dds75-lb-04,2,-49,6.5,"{""Bat"": 3.256, ""Distance_mm"": 927, ""Interrupt_flag"": 0, ""Node_type"": ""DDS75-LB"", ""Sensor_flag"": 1, ""TempC_DS18B20"": 32.76}"
2025-10-18 10:20:53.804051228+00:00,dds75-lb-04,2,-50,10.25,"{""Bat"": 3.256, ""Distance_mm"": 927, ""Interrupt_flag"": 0, ""Node_type"": ""DDS75-LB"", ""Sensor_flag"": 1, ""TempC_DS18B20"": 32.76}"
2025-10-18 11:20:53.090726713+00:00,dds75-lb-04,2,-51,10.25,"{""Bat"": 3.256, ""Distance_mm"": 927, ""Interrupt_flag"": 0, ""Node_type"": ""DDS75-LB"", ""Sensor_flag"": 1, ""TempC_DS18B20"": 32.76}"
2025-10-18 12:20:52.368837850+00:00,dds75-lb-04,2,-50,6.75,"{""Bat"": 3.256, ""Distance_mm"": 927, ""Interrupt_flag"": 0, ""Node_type"": ""DDS75-LB"", ""Sensor_flag"": 1, ""TempC_DS18B20"": 32.76}"
2025-10-18 13:20:51.664515678+00:00,dds75-lb-04,2,-48,9.25,"{""Bat"": 3.256, ""Distance_mm"": 927, ""Interrupt_flag"": 0, ""Node_type"": ""DDS75-LB"", ""Sensor_flag"": 1, ""TempC_DS18B20"": 32.76}"
2025-10-18 14:20:50.992553549+00:00,dds75-lb-04,2,-53,10.25,"{""Bat"": 3.256, ""Distance_mm"": 927, ""Interrupt_flag"": 0, ""Node_type"": ""DDS75-LB"", ""Sensor_flag"": 1, ""TempC_DS18B20"": 32.76}"
2025-10-18 15:20:50.250363845+00:00,dds75-lb-04,2,-50,7.5,"{""Bat"": 3.256, ""Distance_mm"": 927, ""Interrupt_flag"": 0, ""Node_type"": ""DDS75-LB"", ""Sensor_flag"": 1, ""TempC_DS18B20"": 32.76}"
2025-10-18 16:20:49.540472466+00:00,dds75-lb-04,2,-50,10.75,"{""Bat"": 3.256, ""Distance_mm"": 927, ""Interrupt_flag"": 0, ""Node_type"": ""DDS75-LB"", ""Sensor_flag"": 1, ""TempC_DS18B20"": 32.76}"
2025-10-18 17:20:48.856558134+00:00,dds75-lb-04,2,-51,10.5,"{""Bat"": 3.256, ""Distance_mm"": 927, ""Interrupt_flag"": 0, ""Node_type"": ""DDS75-LB"", ""Sensor_flag"": 1, ""TempC_DS18B20"": 32.76}"
2025-10-18 18:20:48.115216959+00:00,dds75-lb-04,2,-51,9.25,"{""Bat"": 3.256, ""Distance_mm"": 927, ""Interrupt_flag"": 0, ""Node_type"": ""DDS75-LB"", ""Sensor_flag"": 1, ""TempC_DS18B20"": 32.76}"
2025-10-18 19:20:47.412254009+00:00,dds75-lb-04,2,-51,9.75,"{""Bat"": 3.256, ""Distance_mm"": 927, ""Interrupt_flag"": 0, ""Node_type"": ""DDS75-LB"", ""Sensor_flag"": 1, ""TempC_DS18B20"": 32.76}"
2025-10-18 20:20:46.696772506+00:00,dds75-lb-04,2,-51,9.0,"{""Bat"": 3.256, ""Distance_mm"": 927, ""Interrupt_flag"": 0, ""Node_type"": ""DDS75-LB"", ""Sensor_flag"": 1, ""TempC_DS18B20"": 32.76}"
2025-10-18 21:20:45.988738791+00:00,dds75-lb-04,2,-50,9.5,"{""Bat"": 3.256, ""Distance_mm"": 927, ""Interrupt_flag"": 0, ""Node_type"": ""DDS75-LB"", ""Sensor_flag"": 1, ""TempC_DS18B20"": 32.76}"
2025-10-18 22:20:45.297976475+00:00,dds75-lb-04,2,-48,9.25,"{""Bat"": 3.256, ""Distance_mm"": 927, ""Interrupt_flag"": 0, ""Node_type"": ""DDS75-LB"", ""Sensor_flag"": 1, ""TempC_DS18B20"": 32.76}"
2025-10-18 23:20:44.592353606+00:00,dds75-lb-04,2,-48,10.0,"{""Bat"": 3.256, ""Distance_mm"": 927, ""Interrupt_flag"": 0, ""Node_type"": ""DDS75-LB"", ""Sensor_flag"": 1, ""TempC_DS18B20"": 32.76}"
2025-10-19 00:20:43.880371194+00:00,dds75-lb-04,2,-47,7.5,"{""Bat"": 3.256, ""Distance_mm"": 927, ""Interrupt_flag"": 0, ""Node_type"": ""DDS75-LB"", ""Sensor_flag"": 1, ""TempC_DS18B20"": 32.76}"
2025-10-19 01:20:43.169143986+00:00,dds75-lb-04,2,-50,9.25,"{""Bat"": 3.256, ""Distance_mm"": 927, ""Interrupt_flag"": 0, ""Node_type"": ""DDS75-LB"", ""Sensor_flag"": 1, ""TempC_DS18B20"": 32.76}"
2025-10-19 02:20:42.480310171+00:00,dds75-lb-04,2,-50,9.25,"{""Bat"": 3.256, ""Distance_mm"": 927, ""Interrupt_flag"": 0, ""Node_type"": ""DDS75-LB"", ""Sensor_flag"": 1, ""TempC_DS18B20"": 32.76}"
2025-10-19 03:20:41.766795685+00:00,dds75-lb-04,2,-50,9.25,"{""Bat"": 3.256, ""Distance_mm"": 927, ""Interrupt_flag"": 0, ""Node_type"": ""DDS75-LB"", ""Sensor_flag"": 1, ""TempC_DS18B20"": 32.76}"
2025-10-19 04:20:41.055821602+00:00,dds75-lb-04,2,-48,8.0,"{""Bat"": 3.256, ""Distance_mm"": 927, ""Interrupt_flag"": 0, ""Node_type"": ""DDS75-LB"", ""Sensor_flag"": 1, ""TempC_DS18B20"": 32.76}"
2025-10-19 05:20:40.337977389+00:00,dds75-lb-04,2,-49,9.75,"{""Bat"": 3.256, ""Distance_mm"": 928, ""Interrupt_flag"": 0, ""Node_type"": ""DDS75-LB"", ""Sensor_flag"": 1, ""TempC_DS18B20"": 32.76}"
2025-10-19 06:20:39.648167474+00:00,dds75-lb-04,2,-50,10.0,"{""Bat"": 3.256, ""Distance_mm"": 928, ""Interrupt_flag"": 0, ""Node_type"": ""DDS75-LB"", ""Sensor_flag"": 1, ""TempC_DS18B20"": 32.76}"
2025-10-19 07:20:38.928189870+00:00,dds75-lb-04,2,-48,10.0,"{""Bat"": 3.256, ""Distance_mm"": 928, ""Interrupt_flag"": 0, ""Node_type"": ""DDS75-LB"", ""Sensor_flag"": 1, ""TempC_DS18B20"": 32.76}"
2025-10-19 08:20:38.223688622+00:00,dds75-lb-04,2,-50,7.25,"{""Bat"": 3.256, ""Distance_mm"": 928, ""Interrupt_flag"": 0, ""Node_type"": ""DDS75-LB"", ""Sensor_flag"": 1, ""TempC_DS18B20"": 32.76}"
2025-10-19 09:20:37.516674527+00:00,dds75-lb-04,2,-51,11.25,"{""Bat"": 3.256, ""Distance_mm"": 927, ""Interrupt_flag"": 0, ""Node_type"": ""DDS75-LB"", ""Sensor_flag"": 1, ""TempC_DS18B20"": 32.76}"
2025-10-19 10:20:36.806310529+00:00,dds75-lb-04,2,-49,9.5,"{""Bat"": 3.256, ""Distance_mm"": 927, ""Interrupt_flag"": 0, ""Node_type"": ""DDS75-LB"", ""Sensor_flag"": 1, ""TempC_DS18B20"": 32.76}"
2025-10-19 11:20:36.111600034+00:00,dds75-lb-04,2,-48,6.75,"{""Bat"": 3.256, ""Distance_mm"": 927, ""Interrupt_flag"": 0, ""Node_type"": ""DDS75-LB"", ""Sensor_flag"": 1, ""TempC_DS18B20"": 32.76}"
2025-10-19 12:20:35.412898615+00:00,dds75-lb-04,2,-50,9.25,"{""Bat"": 3.256, ""Distance_mm"": 927, ""Interrupt_flag"": 0, ""Node_type"": ""DDS75-LB"", ""Sensor_flag"": 1, ""TempC_DS18B20"": 32.76}"
2025-10-19 13:20:34.699160557+00:00,dds75-lb-04,2,-51,9.75,"{""Bat"": 3.256, ""Distance_mm"": 927, ""Interrupt_flag"": 0, ""Node_type"": ""DDS75-LB"", ""Sensor_flag"": 1, ""TempC_DS18B20"": 32.76}"
2025-10-19 14:20:33.990137467+00:00,dds75-lb-04,2,-50,10.0,"{""Bat"": 3.256, ""Distance_mm"": 928, ""Interrupt_flag"": 0, ""Node_type"": ""DDS75-LB"", ""Sensor_flag"": 1, ""TempC_DS18B20"": 32.76}"
2025-10-19 15:20:33.275009045+00:00,dds75-lb-04,2,-50,10.0,"{""Bat"": 10.817, ""Distance_mm"": 927, ""Interrupt_flag"": 0, ""Node_type"": ""DDS75-LB"", ""Sensor_flag"": 1, ""TempC_DS18B20"": 32.76}"
2025-10-19 16:20:32.576888169+00:00,dds75-lb-04,2,-55,7.25,"{""Bat"": 3.256, ""Distance_mm"": 927, ""Interrupt_flag"": 0, ""Node_type"": ""DDS75-LB"", ""Sensor_flag"": 1, ""TempC_DS18B20"": 32.76}"
2025-10-19 17:20:31.870383152+00:00,dds75-lb-04,2,-48,8.75,"{""Bat"": 3.256, ""Distance_mm"": 927, ""Interrupt_flag"": 0, ""Node_type"": ""DDS75-LB"", ""Sensor_flag"": 1, ""TempC_DS18B20"": 32.76}"
2025-10-19 18:20:31.172988815+00:00,dds75-lb-04,2,-51,9.5,"{""Bat"": 3.256, ""Distance_mm"": 927, ""Interrupt_flag"": 0, ""Node_type"": ""DDS75-LB"", ""Sensor_flag"": 1, ""TempC_DS18B20"": 32.76}"
2025-10-19 19:20:30.465402150+00:00,dds75-lb-04,2,-51,10.25,"{""Bat"": 3.256, ""Distance_mm"": 927, ""Interrupt_flag"": 0, ""Node_type"": ""DDS75-LB"", ""Sensor_flag"": 1, ""TempC_DS18B20"": 32.76}"
2025-10-19 20:20:29.753823844+00:00,dds75-lb-04,2,-49,10.25,"{""Bat"": 3.256, ""Distance_mm"": 927, ""Interrupt_flag"": 0, ""Node_type"": ""DDS75-LB"", ""Sensor_flag"": 1, ""TempC_DS18B20"": 32.76}"
2025-10-19 21:20:29.040831874+00:00,dds75-lb-04,2,-51,9.25,"{""Bat"": 3.256, ""Distance_mm"": 927, ""Interrupt_flag"": 0, ""Node_type"": ""DDS75-LB"", ""Sensor_flag"": 1, ""TempC_DS18B20"": 32.76}"
2025-10-19 22:20:28.341020886+00:00,dds75-lb-04,2,-49,9.75,"{""Bat"": 3.256, ""Distance_mm"": 927, ""Interrupt_flag"": 0, ""Node_type"": ""DDS75-LB"", ""Sensor_flag"": 1, ""TempC_DS18B20"": 32.76}"
2025-10-19 23:20:27.633299201+00:00,dds75-lb-04,2,-48,7.75,"{""Bat"": 3.256, ""Distance_mm"": 927, ""Interrupt_flag"": 0, ""Node_type"": ""DDS75-LB"", ""Sensor_flag"": 1, ""TempC_DS18B20"": 32.76}"
2025-10-20 00:20:26.939724988+00:00,dds75-lb-04,2,-53,7.0,"{""Bat"": 3.256, ""Distance_mm"": 926, ""Interrupt_flag"": 0, ""Node_type"": ""DDS75-LB"", ""Sensor_flag"": 1, ""TempC_DS18B20"": 32.76}"
2025-10-20 01:20:26.225751224+00:00,dds75-lb-04,2,-49,10.0,"{""Bat"": 3.256, ""Distance_mm"": 927, ""Interrupt_flag"": 0, ""Node_type"": ""DDS75-LB"", ""Sensor_flag"": 1, ""TempC_DS18B20"": 32.76}"
2025-10-20 02:20:25.536450415+00:00,dds75-lb-04,2,-49,9.0,"{""Bat"": 3.256, ""Distance_mm"": 927, ""Interrupt_flag"": 0, ""Node_type"": ""DDS75-LB"", ""Sensor_flag"": 1, ""TempC_DS18B20"": 32.76}"
2025-10-20 03:20:24.822109448+00:00,dds75-lb-04,2,-50,7.5,"{""Bat"": 3.256, ""Distance_mm"": 927, ""Interrupt_flag"": 0, ""Node_type"": ""DDS75-LB"", ""Sensor_flag"": 1, ""TempC_DS18B20"": 32.76}"
2025-10-20 04:20:24.130111067+00:00,dds75-lb-04,2,-49,9.75,"{""Bat"": 3.256, ""Distance_mm"": 927, ""Interrupt_flag"": 0, ""Node_type"": ""DDS75-LB"", ""Sensor_flag"": 1, ""TempC_DS18B20"": 32.76}"
2025-10-20 05:20:23.413303360+00:00,dds75-lb-04,2,-51,10.0,"{""Bat"": 3.256, ""Distance_mm"": 927, ""Interrupt_flag"": 0, ""Node_type"": ""DDS75-LB"", ""Sensor_flag"": 1, ""TempC_DS18B20"": 32.76}"
2025-10-20 06:20:22.719046423+00:00,dds75-lb-04,2,-50,7.75,"{""Bat"": 3.256, ""Distance_mm"": 927, ""Interrupt_flag"": 0, ""Node_type"": ""DDS75-LB"", ""Sensor_flag"": 1, ""TempC_DS18B20"": 32.76}"
2025-10-20 07:20:22.005403566+00:00,dds75-lb-04,2,-49,7.0,"{""Bat"": 3.256, ""Distance_mm"": 928, ""Interrupt_flag"": 0, ""Node_type"": ""DDS75-LB"", ""Sensor_flag"": 1, ""TempC_DS18B20"": 32.76}"
2025-10-20 08:20:21.317294986+00:00,dds75-lb-04,2,-49,10.25,"{""Bat"": 3.256, ""Distance_mm"": 927, ""Interrupt_flag"": 0, ""Node_type"": ""DDS75-LB"", ""Sensor_flag"": 1, ""TempC_DS18B20"": 32.76}"
2025-10-20 09:20:20.589138598+00:00,dds75-lb-04,2,-49,9.25,"{""Bat"": 3.256, ""Distance_mm"": 928, ""Interrupt_flag"": 0, ""Node_type"": ""DDS75-LB"", ""Sensor_flag"": 1, ""TempC_DS18B20"": 32.76}"
2025-10-20 10:20:19.889064070+00:00,dds75-lb-04,2,-47,6.25,"{""Bat"": 3.256, ""Distance_mm"": 927, ""Interrupt_flag"": 0, ""Node_type"": ""DDS75-LB"", ""Sensor_flag"": 1, ""TempC_DS18B20"": 32.76}"
2025-10-20 11:20:19.192434297+00:00,dds75-lb-04,2,-50,9.0,"{""Bat"": 3.256, ""Distance_mm"": 928, ""Interrupt_flag"": 0, ""Node_type"": ""DDS75-LB"", ""Sensor_flag"": 1, ""TempC_DS18B20"": 32.76}"
2025-10-20 12:20:18.475307831+00:00,dds75-lb-04,2,-51,9.5,"{""Bat"": 3.256, ""Distance_mm"": 928, ""Interrupt_flag"": 0, ""Node_type"": ""DDS75-LB"", ""Sensor_flag"": 1, ""TempC_DS18B20"": 32.76}"
2025-10-20 13:20:17.755068474+00:00,dds75-lb-04,2,-49,7.0,"{""Bat"": 3.256, ""Distance_mm"": 928, ""Interrupt_flag"": 0, ""Node_type"": ""DDS75-LB"", ""Sensor_flag"": 1, ""TempC_DS18B20"": 32.76}"
2025-10-20 14:20:17.042228266+00:00,dds75-lb-04,2,-50,9.5,"{""Bat"": 3.256, ""Distance_mm"": 928, ""Interrupt_flag"": 0, ""Node_type"": ""DDS75-LB"", ""Sensor_flag"": 1, ""TempC_DS18B20"": 32.76}"
2025-10-20 15:20:16.429437367+00:00,dds75-lb-04,2,-50,7.5,"{""Bat"": 3.256, ""Distance_mm"": 927, ""Interrupt_flag"": 0, ""Node_type"": ""DDS75-LB"", ""Sensor_flag"": 1, ""TempC_DS18B20"": 32.76}"
2025-10-20 16:20:15.622563995+00:00,dds75-lb-04,2,-53,9.75,"{""Bat"": 3.256, ""Distance_mm"": 928, ""Interrupt_flag"": 0, ""Node_type"": ""DDS75-LB"", ""Sensor_flag"": 1, ""TempC_DS18B20"": 32.76}"
2025-10-20 17:20:14.921965403+00:00,dds75-lb-04,2,-51,10.75,"{""Bat"": 3.256, ""Distance_mm"": 928, ""Interrupt_flag"": 0, ""Node_type"": ""DDS75-LB"", ""Sensor_flag"": 1, ""TempC_DS18B20"": 32.76}"
2025-10-20 18:20:14.223854765+00:00,dds75-lb-04,2,-50,6.5,"{""Bat"": 3.256, ""Distance_mm"": 928, ""Interrupt_flag"": 0, ""Node_type"": ""DDS75-LB"", ""Sensor_flag"": 1, ""TempC_DS18B20"": 32.76}"
2025-10-20 19:20:13.506125221+00:00,dds75-lb-04,2,-50,9.75,"{""Bat"": 3.256, ""Distance_mm"": 927, ""Interrupt_flag"": 0, ""Node_type"": ""DDS75-LB"", ""Sensor_flag"": 1, ""TempC_DS18B20"": 32.76}"
2025-10-20 20:20:12.805397940+00:00,dds75-lb-04,2,-49,8.75,"{""Bat"": 3.256, ""Distance_mm"": 928, ""Interrupt_flag"": 0, ""Node_type"": ""DDS75-LB"", ""Sensor_flag"": 1, ""TempC_DS18B20"": 32.76}"
2025-10-20 21:20:12.073562570+00:00,dds75-lb-04,2,-48,9.75,"{""Bat"": 3.256, ""Distance_mm"": 927, ""Interrupt_flag"": 0, ""Node_type"": ""DDS75-LB"", ""Sensor_flag"": 1, ""TempC_DS18B20"": 32.76}"
2025-10-20 22:20:11.396592562+00:00,dds75-lb-04,2,-44,7.75,"{""Bat"": 3.256, ""Distance_mm"": 927, ""Interrupt_flag"": 0, ""Node_type"": ""DDS75-LB"", ""Sensor_flag"": 1, ""TempC_DS18B20"": 32.76}"
2025-10-20 23:20:10.653794900+00:00,dds75-lb-04,2,-51,10.75,"{""Bat"": 3.256, ""Distance_mm"": 927, ""Interrupt_flag"": 0, ""Node_type"": ""DDS75-LB"", ""Sensor_flag"": 1, ""TempC_DS18B20"": 32.76}"
2025-10-21 00:20:09.954293607+00:00,dds75-lb-04,2,-50,10.75,"{""Bat"": 3.256, ""Distance_mm"": 927, ""Interrupt_flag"": 0, ""Node_type"": ""DDS75-LB"", ""Sensor_flag"": 1, ""TempC_DS18B20"": 32.76}"
2025-10-21 01:20:09.287475543+00:00,dds75-lb-04,2,-51,10.25,"{""Bat"": 3.256, ""Distance_mm"": 927, ""Interrupt_flag"": 0, ""Node_type"": ""DDS75-LB"", ""Sensor_flag"": 1, ""TempC_DS18B20"": 32.76}"
2025-10-21 02:20:08.515105617+00:00,dds75-lb-04,2,-48,9.25,"{""Bat"": 3.256, ""Distance_mm"": 927, ""Interrupt_flag"": 0, ""Node_type"": ""DDS75-LB"", ""Sensor_flag"": 1, ""TempC_DS18B20"": 32.76}"
2025-10-21 03:20:07.804221798+00:00,dds75-lb-04,2,-47,9.0,"{""Bat"": 3.256, ""Distance_mm"": 927, ""Interrupt_flag"": 0, ""Node_type"": ""DDS75-LB"", ""Sensor_flag"": 1, ""TempC_DS18B20"": 32.76}"
2025-10-21 04:20:07.106786287+00:00,dds75-lb-04,2,-50,9.0,"{""Bat"": 3.256, ""Distance_mm"": 927, ""Interrupt_flag"": 0, ""Node_type"": ""DDS75-LB"", ""Sensor_flag"": 1, ""TempC_DS18B20"": 32.76}"
2025-10-21 05:20:06.395403106+00:00,dds75-lb-04,2,-49,9.75,"{""Bat"": 3.256, ""Distance_mm"": 927, ""Interrupt_flag"": 0, ""Node_type"": ""DDS75-LB"", ""Sensor_flag"": 1, ""TempC_DS18B20"": 32.76}"
2025-10-21 06:20:05.694273493+00:00,dds75-lb-04,2,-49,7.5,"{""Bat"": 3.256, ""Distance_mm"": 927, ""Interrupt_flag"": 0, ""Node_type"": ""DDS75-LB"", ""Sensor_flag"": 1, ""TempC_DS18B20"": 32.76}"
2025-10-21 07:20:04.987268012+00:00,dds75-lb-04,2,-50,9.5,"{""Bat"": 3.256, ""Distance_mm"": 927, ""Interrupt_flag"": 0, ""Node_type"": ""DDS75-LB"", ""Sensor_flag"": 1, ""TempC_DS18B20"": 32.76}"
2025-10-21 08:20:04.277500649+00:00,dds75-lb-04,2,-49,10.75,"{""Bat"": 3.256, ""Distance_mm"": 928, ""Interrupt_flag"": 0, ""Node_type"": ""DDS75-LB"", ""Sensor_flag"": 1, ""TempC_DS18B20"": 32.76}"
2025-10-21 09:20:03.553982906+00:00,dds75-lb-04,2,-53,6.25,"{""Bat"": 3.256, ""Distance_mm"": 927, ""Interrupt_flag"": 0, ""Node_type"": ""DDS75-LB"", ""Sensor_flag"": 1, ""TempC_DS18B20"": 32.76}"
2025-10-21 10:20:02.851843338+00:00,dds75-lb-04,2,-47,8.75,"{""Bat"": 3.256, ""Distance_mm"": 928, ""Interrupt_flag"": 0, ""Node_type"": ""DDS75-LB"", ""Sensor_flag"": 1, ""TempC_DS18B20"": 32.76}"
2025-10-21 11:20:02.197236442+00:00,dds75-lb-04,2,-50,9.5,"{""Bat"": 3.256, ""Distance_mm"": 928, ""Interrupt_flag"": 0, ""Node_type"": ""DDS75-LB"", ""Sensor_flag"": 1, ""TempC_DS18B20"": 32.76}"
2025-10-21 12:20:01.428195229+00:00,dds75-lb-04,2,-49,9.75,"{""Bat"": 3.256, ""Distance_mm"": 928, ""Interrupt_flag"": 0, ""Node_type"": ""DDS75-LB"", ""Sensor_flag"": 1, ""TempC_DS18B20"": 32.76}"
