received_at,device_id,f_port,rssi,snr,payload_json
2025-09-18 00:04:15.952261648+00:00,dds75-lb-17,2,-41,9.25,"{""Bat"": 3.277, ""Distance_mm"": 2213, ""Interrupt_flag"": 0, ""Node_type"": ""DDS75-LB"", ""Sensor_flag"": 1, ""TempC_DS18B20"": 32.76}"
2025-09-18 00:24:15.719741709+00:00,dds75-lb-17,2,-39,7.75,"{""Bat"": 3.277, ""Distance_mm"": 2212, ""Interrupt_flag"": 0, ""Node_type"": ""DDS75-LB"", ""Sensor_flag"": 1, ""TempC_DS18B20"": 32.76}"
2025-09-18 00:44:15.482873011+00:00,dds75-lb-17,2,-37,8.75,"{""Bat"": 3.277, ""Distance_mm"": 2215, ""Interrupt_flag"": 0, ""Node_type"": ""DDS75-LB"", ""Sensor_flag"": 1, ""TempC_DS18B20"": 32.76}"
2025-09-18 01:04:15.245087552+00:00,dds75-lb-17,2,-122,-6.25,"{""Bat"": 3.277, ""Distance_mm"": 2209, ""Interrupt_flag"": 0, ""Node_type"": ""DDS75-LB"", ""Sensor_flag"": 1, ""TempC_DS18B20"": 32.76}"
2025-09-18 01:24:15.017061160+00:00,dds75-lb-17,2,-115,1.25,"{""Bat"": 3.277, ""Distance_mm"": 2209, ""Interrupt_flag"": 0, ""Node_type"": ""DDS75-LB"", ""Sensor_flag"": 1, ""TempC_DS18B20"": 32.76}"
2025-09-18 01:44:14.772732998+00:00,dds75-lb-17,2,-41,10.0,"{""Bat"": 3.277, ""Distance_mm"": 2214, ""Interrupt_flag"": 0, ""Node_type"": ""DDS75-LB"", ""Sensor_flag"": 1, ""TempC_DS18B20"": 32.76}"
2025-09-18 02:04:14.527590345+00:00,dds75-lb-17,2,-116,-1.25,"{""Bat"": 3.277, ""Distance_mm"": 2214, ""Interrupt_flag"": 0, ""Node_type"": ""DDS75-LB"", ""Sensor_flag"": 1, ""TempC_DS18B20"": 32.76}"
2025-09-18 02:24:14.292643608+00:00,dds75-lb-17,2,-39,9.0,"{""Bat"": 3.277, ""Distance_mm"": 2213, ""Interrupt_flag"": 0, ""Node_type"": ""DDS75-LB"", ""Sensor_flag"": 1, ""TempC_DS18B20"": 32.76}"
2025-09-18 02:44:14.039540922+00:00,dds75-lb-17,2,-41,9.25,"{""Bat"": 3.277, ""Distance_mm"": 2212, ""Interrupt_flag"": 0, ""Node_type"": ""DDS75-LB"", ""Sensor_flag"": 1, ""TempC_DS18B20"": 32.76}"
2025-09-18 03:04:13.807967966+00:00,dds75-lb-17,2,-37,7.75,"{""Bat"": 3.277, ""Distance_mm"": 2210, ""Interrupt_flag"": 0, ""Node_type"": ""DDS75-LB"", ""Sensor_flag"": 1, ""TempC_DS18B20"": 32.76}"
2025-09-18 03:24:13.561885490+00:00,dds75-lb-17,2,-37,8.0,"{""Bat"": 3.277, ""Distance_mm"": 2215, ""Interrupt_flag"": 0, ""Node_type"": ""DDS75-LB"", ""Sensor_flag"": 1, ""TempC_DS18B20"": 32.76}"
2025-09-18 03:44:13.338196743+00:00,dds75-lb-17,2,-38,9.75,"{""Bat"": 3.277, ""Distance_mm"": 2212, ""Interrupt_flag"": 0, ""Node_type"": ""DDS75-LB"", ""Sensor_flag"": 1, ""TempC_DS18B20"": 32.76}"
2025-09-18 04:04:13.087400042+00:00,dds75-lb-17,2,-38,9.25,"{""Bat"": 3.277, ""Distance_mm"": 2213, ""Interrupt_flag"": 0, ""Node_type"": ""DDS75-LB"", ""Sensor_flag"": 1, ""TempC_DS18B20"": 32.76}"
2025-09-18 04:24:12.851990223+00:00,dds75-lb-17,2,-39,9.5,"{""Bat"": 3.277, ""Distance_mm"": 2217, ""Interrupt_flag"": 0, ""Node_type"": ""DDS75-LB"", ""Sensor_flag"": 1, ""TempC_DS18B20"": 32.76}"
2025-09-18 04:44:12.631717219+00:00,dds75-lb-17,2,-38,7.5,"{""Bat"": 3.277, ""Distance_mm"": 2209, ""Interrupt_flag"": 0, ""Node_type"": ""DDS75-LB"", ""Sensor_flag"": 1, ""TempC_DS18B20"": 32.76}"
2025-09-18 05:04:12.381199844+00:00,dds75-lb-17,2,-39,10.25,"{""Bat"": 3.277, ""Distance_mm"": 2210, ""Interrupt_flag"": 0, ""Node_type"": ""DDS75-LB"", ""Sensor_flag"": 1, ""TempC_DS18B20"": 32.76}"
2025-09-18 05:24:12.143390869+00:00,dds75-lb-17,2,-38,10.5,"{""Bat"": 3.277, ""Distance_mm"": 2182, ""Interrupt_flag"": 0, ""Node_type"": ""DDS75-LB"", ""Sensor_flag"": 1, ""TempC_DS18B20"": 32.76}"
2025-09-18 05:44:11.920389181+00:00,dds75-lb-17,2,-36,8.0,"{""Bat"": 3.277, ""Distance_mm"": 2182, ""Interrupt_flag"": 0, ""Node_type"": ""DDS75-LB"", ""Sensor_flag"": 1, ""TempC_DS18B20"": 32.76}"
2025-09-18 06:04:11.650496251+00:00,dds75-lb-17,2,-37,9.75,"{""Bat"": 3.277, ""Distance_mm"": 2182, ""Interrupt_flag"": 0, ""Node_type"": ""DDS75-LB"", ""Sensor_flag"": 1, ""TempC_DS18B20"": 32.76}"
2025-09-18 06:24:11.441574610+00:00,dds75-lb-17,2,-119,-4.25,"{""Bat"": 3.277, ""Distance_mm"": 2182, ""Interrupt_flag"": 0, ""Node_type"": ""DDS75-LB"", ""Sensor_flag"": 1, ""TempC_DS18B20"": 32.76}"
2025-09-18 06:44:11.187855166+00:00,dds75-lb-17,2,-36,9.5,"{""Bat"": 3.277, ""Distance_mm"": 2183, ""Interrupt_flag"": 0, ""Node_type"": ""DDS75-LB"", ""Sensor_flag"": 1, ""TempC_DS18B20"": 32.76}"
2025-09-18 07:04:10.952325001+00:00,dds75-lb-17,2,-37,9.5,"{""Bat"": 3.277, ""Distance_mm"": 2182, ""Interrupt_flag"": 0, ""Node_type"": ""DDS75-LB"", ""Sensor_flag"": 1, ""TempC_DS18B20"": 32.76}"
2025-09-18 07:24:10.721287110+00:00,dds75-lb-17,2,-43,6.75,"{""Bat"": 3.277, ""Distance_mm"": 2182, ""Interrupt_flag"": 0, ""Node_type"": ""DDS75-LB"", ""Sensor_flag"": 1, ""TempC_DS18B20"": 32.76}"
2025-09-18 07:44:10.474249371+00:00,dds75-lb-17,2,-35,9.5,"{""Bat"": 3.277, ""Distance_mm"": 2182, ""Interrupt_flag"": 0, ""Node_type"": ""DDS75-LB"", ""Sensor_flag"": 1, ""TempC_DS18B20"": 32.76}"
2025-09-18 08:04:10.252461248+00:00,dds75-lb-17,2,-37,10.0,"{""Bat"": 3.277, ""Distance_mm"": 2182, ""Interrupt_flag"": 0, ""Node_type"": ""DDS75-LB"", ""Sensor_flag"": 1, ""TempC_DS18B20"": 32.76}"
2025-09-18 08:24:09.990383795+00:00,dds75-lb-17,2,-35,9.0,"{""Bat"": 3.277, ""Distance_mm"": 2182, ""Interrupt_flag"": 0, ""Node_type"": ""DDS75-LB"", ""Sensor_flag"": 1, ""TempC_DS18B20"": 32.76}"
2025-09-18 08:44:09.751721797+00:00,dds75-lb-17,2,-34,9.5,"{""Bat"": 3.277, ""Distance_mm"": 2182, ""Interrupt_flag"": 0, ""Node_type"": ""DDS75-LB"", ""Sensor_flag"": 1, ""TempC_DS18B20"": 32.76}"
2025-09-18 09:04:09.529426566+00:00,dds75-lb-17,2,-37,10.0,"{""Bat"": 3.277, ""Distance_mm"": 2183, ""Interrupt_flag"": 0, ""Node_type"": ""DDS75-LB"", ""Sensor_flag"": 1, ""TempC_DS18B20"": 32.76}"
2025-09-18 09:24:09.269910494+00:00,dds75-lb-17,2,-36,9.0,"{""Bat"": 3.277, ""Distance_mm"": 2183, ""Interrupt_flag"": 0, ""Node_type"": ""DDS75-LB"", ""Sensor_flag"": 1, ""TempC_DS18B20"": 32.76}"
2025-09-18 09:44:09.052959258+00:00,dds75-lb-17,2,-38,10.0,"{""Bat"": 3.277, ""Distance_mm"": 2182, ""Interrupt_flag"": 0, ""Node_type"": ""DDS75-LB"", ""Sensor_flag"": 1, ""TempC_DS18B20"": 32.76}"
2025-09-18 10:04:08.803597836+00:00,dds75-lb-17,2,-39,6.25,"{""Bat"": 3.277, ""Distance_mm"": 2183, ""Interrupt_flag"": 0, ""Node_type"": ""DDS75-LB"", ""Sensor_flag"": 1, ""TempC_DS18B20"": 32.76}"
2025-09-18 10:24:08.572811797+00:00,dds75-lb-17,2,-38,10.0,"{""Bat"": 3.277, ""Distance_mm"": 2182, ""Interrupt_flag"": 0, ""Node_type"": ""DDS75-LB"", ""Sensor_flag"": 1, ""TempC_DS18B20"": 32.76}"
2025-09-18 10:44:08.332052834+00:00,dds75-lb-17,2,-38,10.0,"{""Bat"": 3.277, ""Distance_mm"": 2182, ""Interrupt_flag"": 0, ""Node_type"": ""DDS75-LB"", ""Sensor_flag"": 1, ""TempC_DS18B20"": 32.76}"
2025-09-18 11:04:08.076768129+00:00,dds75-lb-17,2,-37,8.5,"{""Bat"": 3.277, ""Distance_mm"": 2183, ""Interrupt_flag"": 0, ""Node_type"": ""DDS75-LB"", ""Sensor_flag"": 1, ""TempC_DS18B20"": 32.76}"
2025-09-18 11:24:07.838426591+00:00,dds75-lb-17,2,-35,7.75,"{""Bat"": 3.277, ""Distance_mm"": 2183, ""Interrupt_flag"": 0, ""Node_type"": ""DDS75-LB"", ""Sensor_flag"": 1, ""TempC_DS18B20"": 32.76}"
2025-09-18 11:44:07.596122892+00:00,dds75-lb-17,2,-35,6.75,"{""Bat"": 3.277, ""Distance_mm"": 2182, ""Interrupt_flag"": 0, ""Node_type"": ""DDS75-LB"", ""Sensor_flag"": 1, ""TempC_DS18B20"": 32.76}"
2025-09-18 12:04:07.371062900+00:00,dds75-lb-17,2,-117,-0.25,"{""Bat"": 3.277, ""Distance_mm"": 2182, ""Interrupt_flag"": 0, ""Node_type"": ""DDS75-LB"", ""Sensor_flag"": 1, ""TempC_DS18B20"": 32.76}"
2025-09-18 12:24:07.137295095+00:00,dds75-lb-17,2,-38,9.0,"{""Bat"": 3.277, ""Distance_mm"": 2183, ""Interrupt_flag"": 0, ""Node_type"": ""DDS75-LB"", ""Sensor_flag"": 1, ""TempC_DS18B20"": 32.76}"
2025-09-18 12:44:06.894101519+00:00,dds75-lb-17,2,-37,7.75,"{""Bat"": 3.277, ""Distance_mm"": 2183, ""Interrupt_flag"": 0, ""Node_type"": ""DDS75-LB"", ""Sensor_flag"": 1, ""TempC_DS18B20"": 32.76}"
2025-09-18 13:04:06.650900803+00:00,dds75-lb-17,2,-37,10.0,"{""Bat"": 3.277, ""Distance_mm"": 2183, ""Interrupt_flag"": 0, ""Node_type"": ""DDS75-LB"", ""Sensor_flag"": 1, ""TempC_DS18B20"": 32.76}"
2025-09-18 13:24:06.412312491+00:00,dds75-lb-17,2,-38,9.25,"{""Bat"": 3.277, ""Distance_mm"": 2183, ""Interrupt_flag"": 0, ""Node_type"": ""DDS75-LB"", ""Sensor_flag"": 1, ""TempC_DS18B20"": 32.76}"
2025-09-18 13:44:06.208214747+00:00,dds75-lb-17,2,-117,-1.25,"{""Bat"": 3.277, ""Distance_mm"": 2183, ""Interrupt_flag"": 0, ""Node_type"": ""DDS75-LB"", ""Sensor_flag"": 1, ""TempC_DS18B20"": 32.76}"
2025-09-18 14:04:05.943086724+00:00,dds75-lb-17,2,-35,7.0,"{""Bat"": 3.277, ""Distance_mm"": 2183, ""Interrupt_flag"": 0, ""Node_type"": ""DDS75-LB"", ""Sensor_flag"": 1, ""TempC_DS18B20"": 32.76}"
2025-09-18 14:24:05.705389699+00:00,dds75-lb-17,2,-36,9.5,"{""Bat"": 3.277, ""Distance_mm"": 2183, ""Interrupt_flag"": 0, ""Node_type"": ""DDS75-LB"", ""Sensor_flag"": 1, ""TempC_DS18B20"": 32.76}"
2025-09-18 14:44:05.451425156+00:00,dds75-lb-17,2,-37,9.25,"{""Bat"": 3.277, ""Distance_mm"": 2182, ""Interrupt_flag"": 0, ""Node_type"": ""DDS75-LB"", ""Sensor_flag"": 1, ""TempC_DS18B20"": 32.76}"
2025-09-18 15:04:05.211032490+00:00,dds75-lb-17,2,-116,-7.5,"{""Bat"": 3.277, ""Distance_mm"": 2183, ""Interrupt_flag"": 0, ""Node_type"": ""DDS75-LB"", ""Sensor_flag"": 1, ""TempC_DS18B20"": 32.76}"
2025-09-18 15:24:04.965825572+00:00,dds75-lb-17,2,-32,7.25,"{""Bat"": 3.277, ""Distance_mm"": 2183, ""Interrupt_flag"": 0, ""Node_type"": ""DDS75-LB"", ""Sensor_flag"": 1, ""TempC_DS18B20"": 32.76}"
2025-09-18 15:44:04.730674774+00:00,dds75-lb-17,2,-36,9.0,"{""Bat"": 3.277, ""Distance_mm"": 2183, ""Interrupt_flag"": 0, ""Node_type"": ""DDS75-LB"", ""Sensor_flag"": 1, ""TempC_DS18B20"": 32.76}"
2025-09-18 16:04:04.496220815+00:00,dds75-lb-17,2,-39,10.0,"{""Bat"": 3.277, ""Distance_mm"": 2183, ""Interrupt_flag"": 0, ""Node_type"": ""DDS75-LB"", ""Sensor_flag"": 1, ""TempC_DS18B20"": 32.76}"
2025-09-18 16:24:04.260546060+00:00,dds75-lb-17,2,-36,7.0,"{""Bat"": 3.277, ""Distance_mm"": 2183, ""Interrupt_flag"": 0, ""Node_type"": ""DDS75-LB"", ""Sensor_flag"": 1, ""TempC_DS18B20"": 32.76}"
2025-09-18 16:44:04.023445543+00:00,dds75-lb-17,2,-36,6.75,"{""Bat"": 3.277, ""Distance_mm"": 2183, ""Interrupt_flag"": 0, ""Node_type"": ""DDS75-LB"", ""Sensor_flag"": 1, ""TempC_DS18B20"": 32.76}"
2025-09-18 17:04:03.784959313+00:00,dds75-lb-17,2,-35,9.25,"{""Bat"": 3.277, ""Distance_mm"": 2183, ""Interrupt_flag"": 0, ""Node_type"": ""DDS75-LB"", ""Sensor_flag"": 1, ""TempC_DS18B20"": 32.76}"
2025-09-18 17:24:03.523564027+00:00,dds75-lb-17,2,-36,9.0,"{""Bat"": 3.277, ""Distance_mm"": 2183, ""Interrupt_flag"": 0, ""Node_type"": ""DDS75-LB"", ""Sensor_flag"": 1, ""TempC_DS18B20"": 32.76}"
2025-09-18 17:44:03.294421510+00:00,dds75-lb-17,2,-38,9.25,"{""Bat"": 3.277, ""Distance_mm"": 2183, ""Interrupt_flag"": 0, ""Node_type"": ""DDS75-LB"", ""Sensor_flag"": 1, ""TempC_DS18B20"": 32.76}"
2025-09-18 18:04:03.066140404+00:00,dds75-lb-17,2,-38,10.0,"{""Bat"": 3.277, ""Distance_mm"": 2183, ""Interrupt_flag"": 0, ""Node_type"": ""DDS75-LB"", ""Sensor_flag"": 1, ""TempC_DS18B20"": 32.76}"
2025-09-18 18:24:02.851834307+00:00,dds75-lb-17,2,-38,9.0,"{""Bat"": 3.277, ""Distance_mm"": 2183, ""Interrupt_flag"": 0, ""Node_type"": ""DDS75-LB"", ""Sensor_flag"": 1, ""TempC_DS18B20"": 32.76}"
2025-09-18 18:44:02.584870189+00:00,dds75-lb-17,2,-37,9.5,"{""Bat"": 3.277, ""Distance_mm"": 2183, ""Interrupt_flag"": 0, ""Node_type"": ""DDS75-LB"", ""Sensor_flag"": 1, ""TempC_DS18B20"": 32.76}"
2025-09-18 19:04:02.358882084+00:00,dds75-lb-17,2,-35,10.25,"{""Bat"": 3.277, ""Distance_mm"": 2183, ""Interrupt_flag"": 0, ""Node_type"": ""DDS75-LB"", ""Sensor_flag"": 1, ""TempC_DS18B20"": 32.76}"
2025-09-18 19:24:02.101429679+00:00,dds75-lb-17,2,-119,-4.5,"{""Bat"": 3.277, ""Distance_mm"": 2183, ""Interrupt_flag"": 0, ""Node_type"": ""DDS75-LB"", ""Sensor_flag"": 1, ""TempC_DS18B20"": 32.76}"
2025-09-18 19:44:01.844380828+00:00,dds75-lb-17,2,-112,0.5,"{""Bat"": 3.277, ""Distance_mm"": 2183, ""Interrupt_flag"": 0, ""Node_type"": ""DDS75-LB"", ""Sensor_flag"": 1, ""TempC_DS18B20"": 32.76}"
2025-09-18 20:04:01.621158633+00:00,dds75-lb-17,2,-111,0.5,"{""Bat"": 3.277, ""Distance_mm"": 2183, ""Interrupt_flag"": 0, ""Node_type"": ""DDS75-LB"", ""Sensor_flag"": 1, ""TempC_DS18B20"": 32.76}"
2025-09-18 20:24:01.393079265+00:00,dds75-lb-17,2,-39,10.25,"{""Bat"": 3.277, ""Distance_mm"": 2183, ""Interrupt_flag"": 0, ""Node_type"": ""DDS75-LB"", ""Sensor_flag"": 1, ""TempC_DS18B20"": 32.76}"
2025-09-18 20:44:01.170822865+00:00,dds75-lb-17,2,-119,-3.25,"{""Bat"": 3.277, ""Distance_mm"": 2183, ""Interrupt_flag"": 0, ""Node_type"": ""DDS75-LB"", ""Sensor_flag"": 1, ""TempC_DS18B20"": 32.76}"
2025-09-18 21:04:00.918144195+00:00,dds75-lb-17,2,-38,8.75,"{""Bat"": 3.277, ""Distance_mm"": 2183, ""Interrupt_flag"": 0, ""Node_type"": ""DDS75-LB"", ""Sensor_flag"": 1, ""TempC_DS18B20"": 32.76}"
2025-09-18 21:24:00.675448743+00:00,dds75-lb-17,2,-37,9.0,"{""Bat"": 3.277, ""Distance_mm"": 2183, ""Interrupt_flag"": 0, ""Node_type"": ""DDS75-LB"", ""Sensor_flag"": 1, ""TempC_DS18B20"": 32.76}"
2025-09-18 21:44:00.429700842+00:00,dds75-lb-17,2,-36,9.75,"{""Bat"": 3.277, ""Distance_mm"": 2183, ""Interrupt_flag"": 0, ""Node_type"": ""DDS75-LB"", ""Sensor_flag"": 1, ""TempC_DS18B20"": 32.76}"
2025-09-18 22:04:00.202282484+00:00,dds75-lb-17,2,-119,-3.75,"{""Bat"": 3.277, ""Distance_mm"": 2183, ""Interrupt_flag"": 0, ""Node_type"": ""DDS75-LB"", ""Sensor_flag"": 1, ""TempC_DS18B20"": 32.76}"
2025-09-18 22:23:59.946401533+00:00,dds75-lb-17,2,-37,9.0,"{""Bat"": 3.277, ""Distance_mm"": 2183, ""Interrupt_flag"": 0, ""Node_type"": ""DDS75-LB"", ""Sensor_flag"": 1, ""TempC_DS18B20"": 32.76}"
2025-09-18 22:43:59.709195670+00:00,dds75-lb-17,2,-36,8.5,"{""Bat"": 3.277, ""Distance_mm"": 2183, ""Interrupt_flag"": 0, ""Node_type"": ""DDS75-LB"", ""Sensor_flag"": 1, ""TempC_DS18B20"": 32.76}"
2025-09-18 23:03:59.473859232+00:00,dds75-lb-17,2,-39,10.0,"{""Bat"": 3.277, ""Distance_mm"": 2183, ""Interrupt_flag"": 0, ""Node_type"": ""DDS75-LB"", ""Sensor_flag"": 1, ""TempC_DS18B20"": 32.76}"
2025-09-18 23:23:59.242443945+00:00,dds75-lb-17,2,-37,8.75,"{""Bat"": 3.277, ""Distance_mm"": 2183, ""Interrupt_flag"": 0, ""Node_type"": ""DDS75-LB"", ""Sensor_flag"": 1, ""TempC_DS18B20"": 32.76}"
2025-09-18 23:43:58.989220867+00:00,dds75-lb-17,2,-36,9.5,"{""Bat"": 3.277, ""Distance_mm"": 2181, ""Interrupt_flag"": 0, ""Node_type"": ""DDS75-LB"", ""Sensor_flag"": 1, ""TempC_DS18B20"": 32.76}"
2025-09-19 00:03:58.759378450+00:00,dds75-lb-17,2,-38,9.75,"{""Bat"": 3.277, ""Distance_mm"": 2182, ""Interrupt_flag"": 0, ""Node_type"": ""DDS75-LB"", ""Sensor_flag"": 1, ""TempC_DS18B20"": 32.76}"
2025-09-19 00:23:58.510768190+00:00,dds75-lb-17,2,-34,7.5,"{""Bat"": 3.277, ""Distance_mm"": 1841, ""Interrupt_flag"": 0, ""Node_type"": ""DDS75-LB"", ""Sensor_flag"": 1, ""TempC_DS18B20"": 32.76}"
2025-09-19 00:43:58.267042991+00:00,dds75-lb-17,2,-34,8.75,"{""Bat"": 3.277, ""Distance_mm"": 2182, ""Interrupt_flag"": 0, ""Node_type"": ""DDS75-LB"", ""Sensor_flag"": 1, ""TempC_DS18B20"": 32.76}"
2025-09-19 01:03:58.034057061+00:00,dds75-lb-17,2,-119,-3.0,"{""Bat"": 3.277, ""Distance_mm"": 2183, ""Interrupt_flag"": 0, ""Node_type"": ""DDS75-LB"", ""Sensor_flag"": 1, ""TempC_DS18B20"": 32.76}"
2025-09-19 01:23:57.803729042+00:00,dds75-lb-17,2,-35,9.5,"{""Bat"": 3.277, ""Distance_mm"": 2183, ""Interrupt_flag"": 0, ""Node_type"": ""DDS75-LB"", ""Sensor_flag"": 1, ""TempC_DS18B20"": 32.76}"
2025-09-19 01:43:57.557856654+00:00,dds75-lb-17,2,-117,-7.75,"{""Bat"": 3.277, ""Distance_mm"": 2183, ""Interrupt_flag"": 0, ""Node_type"": ""DDS75-LB"", ""Sensor_flag"": 1, ""TempC_DS18B20"": 32.76}"
2025-09-19 02:03:57.312277660+00:00,dds75-lb-17,2,-36,10.0,"{""Bat"": 3.277, ""Distance_mm"": 910, ""Interrupt_flag"": 0, ""Node_type"": ""DDS75-LB"", ""Sensor_flag"": 1, ""TempC_DS18B20"": 32.76}"
2025-09-19 02:23:57.088459473+00:00,dds75-lb-17,2,-120,-4.25,"{""Bat"": 3.277, ""Distance_mm"": 1113, ""Interrupt_flag"": 0, ""Node_type"": ""DDS75-LB"", ""Sensor_flag"": 1, ""TempC_DS18B20"": 32.76}"
2025-09-19 02:43:56.862453110+00:00,dds75-lb-17,2,-36,9.5,"{""Bat"": 3.277, ""Distance_mm"": 1060, ""Interrupt_flag"": 0, ""Node_type"": ""DDS75-LB"", ""Sensor_flag"": 1, ""TempC_DS18B20"": 32.76}"
2025-09-19 03:03:56.601930204+00:00,dds75-lb-17,2,-36,9.25,"{""Bat"": 3.277, ""Distance_mm"": 1226, ""Interrupt_flag"": 0, ""Node_type"": ""DDS75-LB"", ""Sensor_flag"": 1, ""TempC_DS18B20"": 32.76}"
2025-09-19 03:23:56.374098857+00:00,dds75-lb-17,2,-34,9.75,"{""Bat"": 3.277, ""Distance_mm"": 1457, ""Interrupt_flag"": 0, ""Node_type"": ""DDS75-LB"", ""Sensor_flag"": 1, ""TempC_DS18B20"": 32.76}"
2025-09-19 03:43:56.113176592+00:00,dds75-lb-17,2,-119,-1.75,"{""Bat"": 3.277, ""Distance_mm"": 1828, ""Interrupt_flag"": 0, ""Node_type"": ""DDS75-LB"", ""Sensor_flag"": 1, ""TempC_DS18B20"": 32.76}"
2025-09-19 04:03:55.900525884+00:00,dds75-lb-17,2,-35,9.5,"{""Bat"": 3.277, ""Distance_mm"": 1798, ""Interrupt_flag"": 0, ""Node_type"": ""DDS75-LB"", ""Sensor_flag"": 1, ""TempC_DS18B20"": 32.76}"
2025-09-19 04:23:55.657381960+00:00,dds75-lb-17,2,-119,-5.5,"{""Bat"": 3.277, ""Distance_mm"": 1857, ""Interrupt_flag"": 0, ""Node_type"": ""DDS75-LB"", ""Sensor_flag"": 1, ""TempC_DS18B20"": 32.76}"
2025-09-19 04:43:55.410830026+00:00,dds75-lb-17,2,-36,9.25,"{""Bat"": 3.277, ""Distance_mm"": 1780, ""Interrupt_flag"": 0, ""Node_type"": ""DDS75-LB"", ""Sensor_flag"": 1, ""TempC_DS18B20"": 32.76}"
2025-09-19 05:03:55.184938393+00:00,dds75-lb-17,2,-36,9.75,"{""Bat"": 3.277, ""Distance_mm"": 2025, ""Interrupt_flag"": 0, ""Node_type"": ""DDS75-LB"", ""Sensor_flag"": 1, ""TempC_DS18B20"": 32.76}"
2025-09-19 05:23:54.961094744+00:00,dds75-lb-17,2,-38,9.75,"{""Bat"": 3.277, ""Distance_mm"": 2169, ""Interrupt_flag"": 0, ""Node_type"": ""DDS75-LB"", ""Sensor_flag"": 1, ""TempC_DS18B20"": 32.76}"
2025-09-19 05:43:54.689717973+00:00,dds75-lb-17,2,-35,9.5,"{""Bat"": 3.277, ""Distance_mm"": 2179, ""Interrupt_flag"": 0, ""Node_type"": ""DDS75-LB"", ""Sensor_flag"": 1, ""TempC_DS18B20"": 32.76}"
2025-09-19 06:03:54.479853321+00:00,dds75-lb-17,2,-35,8.0,"{""Bat"": 3.277, ""Distance_mm"": 1699, ""Interrupt_flag"": 0, ""Node_type"": ""DDS75-LB"", ""Sensor_flag"": 1, ""TempC_DS18B20"": 32.76}"
2025-09-19 06:23:54.213835165+00:00,dds75-lb-17,2,-36,9.5,"{""Bat"": 3.277, ""Distance_mm"": 2181, ""Interrupt_flag"": 0, ""Node_type"": ""DDS75-LB"", ""Sensor_flag"": 1, ""TempC_DS18B20"": 32.76}"
2025-09-19 06:43:53.981944089+00:00,dds75-lb-17,2,-37,9.0,"{""Bat"": 3.277, ""Distance_mm"": 1872, ""Interrupt_flag"": 0, ""Node_type"": ""DDS75-LB"", ""Sensor_flag"": 1, ""TempC_DS18B20"": 32.76}"
2025-09-19 07:03:53.748611345+00:00,dds75-lb-17,2,-37,10.0,"{""Bat"": 3.277, ""Distance_mm"": 1751, ""Interrupt_flag"": 0, ""Node_type"": ""DDS75-LB"", ""Sensor_flag"": 1, ""TempC_DS18B20"": 32.76}"
2025-09-19 07:23:53.507870140+00:00,dds75-lb-17,2,-35,7.5,"{""Bat"": 3.277, ""Distance_mm"": 1719, ""Interrupt_flag"": 0, ""Node_type"": ""DDS75-LB"", ""Sensor_flag"": 1, ""TempC_DS18B20"": 32.76}"
2025-09-19 07:43:53.277048907+00:00,dds75-lb-17,2,-36,10.0,"{""Bat"": 3.277, ""Distance_mm"": 2183, ""Interrupt_flag"": 0, ""Node_type"": ""DDS75-LB"", ""Sensor_flag"": 1, ""TempC_DS18B20"": 32.76}"
2025-09-19 08:03:53.044678141+00:00,dds75-lb-17,2,-38,9.75,"{""Bat"": 3.277, ""Distance_mm"": 2178, ""Interrupt_flag"": 0, ""Node_type"": ""DDS75-LB"", ""Sensor_flag"": 1, ""TempC_DS18B20"": 32.76}"
2025-09-19 08:23:52.782363005+00:00,dds75-lb-17,2,-120,-3.75,"{""Bat"": 3.277, ""Distance_mm"": 1754, ""Interrupt_flag"": 0, ""Node_type"": ""DDS75-LB"", ""Sensor_flag"": 1, ""TempC_DS18B20"": 32.76}"
2025-09-19 08:43:52.542194756+00:00,dds75-lb-17,2,-35,10.0,"{""Bat"": 3.277, ""Distance_mm"": 1756, ""Interrupt_flag"": 0, ""Node_type"": ""DDS75-LB"", ""Sensor_flag"": 1, ""TempC_DS18B20"": 32.76}"
2025-09-19 09:03:52.301281306+00:00,dds75-lb-17,2,-35,7.75,"{""Bat"": 3.277, ""Distance_mm"": 1974, ""Interrupt_flag"": 0, ""Node_type"": ""DDS75-LB"", ""Sensor_flag"": 1, ""TempC_DS18B20"": 32.76}"
2025-09-19 09:23:52.060176748+00:00,dds75-lb-17,2,-35,8.5,"{""Bat"": 3.277, ""Distance_mm"": 2012, ""Interrupt_flag"": 0, ""Node_type"": ""DDS75-LB"", ""Sensor_flag"": 1, ""TempC_DS18B20"": 32.76}"
2025-09-19 09:43:51.837283401+00:00,dds75-lb-17,2,-38,10.0,"{""Bat"": 3.277, ""Distance_mm"": 2132, ""Interrupt_flag"": 0, ""Node_type"": ""DDS75-LB"", ""Sensor_flag"": 1, ""TempC_DS18B20"": 32.76}"
2025-09-19 10:03:51.590850648+00:00,dds75-lb-17,2,-37,7.5,"{""Bat"": 3.277, ""Distance_mm"": 2088, ""Interrupt_flag"": 0, ""Node_type"": ""DDS75-LB"", ""Sensor_flag"": 1, ""TempC_DS18B20"": 32.76}"
2025-09-19 10:23:51.342525109+00:00,dds75-lb-17,2,-117,-2.0,"{""Bat"": 3.277, ""Distance_mm"": 2183, ""Interrupt_flag"": 0, ""Node_type"": ""DDS75-LB"", ""Sensor_flag"": 1, ""TempC_DS18B20"": 32.76}"
2025-09-19 10:43:51.114282320+00:00,dds75-lb-17,2,-116,0.75,"{""Bat"": 3.277, ""Distance_mm"": 2183, ""Interrupt_flag"": 0, ""Node_type"": ""DDS75-LB"", ""Sensor_flag"": 1, ""TempC_DS18B20"": 32.76}"
2025-09-19 11:03:50.880647531+00:00,dds75-lb-17,2,-36,10.25,"{""Bat"": 3.277, ""Distance_mm"": 2183, ""Interrupt_flag"": 0, ""Node_type"": ""DDS75-LB"", ""Sensor_flag"": 1, ""TempC_DS18B20"": 32.76}"
2025-09-19 11:23:50.620061875+00:00,dds75-lb-17,2,-35,7.75,"{""Bat"": 3.277, ""Distance_mm"": 2182, ""Interrupt_flag"": 0, ""Node_type"": ""DDS75-LB"", ""Sensor_flag"": 1, ""TempC_DS18B20"": 32.76}"
2025-09-19 11:43:50.404414171+00:00,dds75-lb-17,2,-118,-2.75,"{""Bat"": 3.277, ""Distance_mm"": 2183, ""Interrupt_flag"": 0, ""Node_type"": ""DDS75-LB"", ""Sensor_flag"": 1, ""TempC_DS18B20"": 32.76}"
2025-09-19 12:03:50.150493392+00:00,dds75-lb-17,2,-37,10.25,"{""Bat"": 3.277, ""Distance_mm"": 2183, ""Interrupt_flag"": 0, ""Node_type"": ""DDS75-LB"", ""Sensor_flag"": 1, ""TempC_DS18B20"": 32.76}"
2025-09-19 12:23:49.937659831+00:00,dds75-lb-17,2,-38,9.5,"{""Bat"": 3.277, ""Distance_mm"": 2183, ""Interrupt_flag"": 0, ""Node_type"": ""DDS75-LB"", ""Sensor_flag"": 1, ""TempC_DS18B20"": 32.76}"
2025-09-19 12:43:49.682268663+00:00,dds75-lb-17,2,-37,6.75,"{""Bat"": 3.277, ""Distance_mm"": 2183, ""Interrupt_flag"": 0, ""Node_type"": ""DDS75-LB"", ""Sensor_flag"": 1, ""TempC_DS18B20"": 32.76}"
2025-09-19 13:03:49.499299694+00:00,dds75-lb-17,2,-118,-7.25,"{""Bat"": 3.277, ""Distance_mm"": 2183, ""Interrupt_flag"": 0, ""Node_type"": ""DDS75-LB"", ""Sensor_flag"": 1, ""TempC_DS18B20"": 32.76}"
2025-09-19 13:23:49.192164211+00:00,dds75-lb-17,2,-38,9.0,"{""Bat"": 3.277, ""Distance_mm"": 2183, ""Interrupt_flag"": 0, ""Node_type"": ""DDS75-LB"", ""Sensor_flag"": 1, ""TempC_DS18B20"": 32.76}"
2025-09-19 13:43:48.962074849+00:00,dds75-lb-17,2,-114,-0.5,"{""Bat"": 3.277, ""Distance_mm"": 2183, ""Interrupt_flag"": 0, ""Node_type"": ""DDS75-LB"", ""Sensor_flag"": 1, ""TempC_DS18B20"": 32.76}"
2025-09-19 14:03:48.723785448+00:00,dds75-lb-17,2,-35,10.25,"{""Bat"": 3.277, ""Distance_mm"": 2183, ""Interrupt_flag"": 0, ""Node_type"": ""DDS75-LB"", ""Sensor_flag"": 1, ""TempC_DS18B20"": 32.76}"
2025-09-19 14:23:48.470353109+00:00,dds75-lb-17,2,-36,9.25,"{""Bat"": 3.277, ""Distance_mm"": 2183, ""Interrupt_flag"": 0, ""Node_type"": ""DDS75-LB"", ""Sensor_flag"": 1, ""TempC_DS18B20"": 32.76}"
2025-09-19 14:43:48.245294222+00:00,dds75-lb-17,2,-35,9.5,"{""Bat"": 3.277, ""Distance_mm"": 2183, ""Interrupt_flag"": 0, ""Node_type"": ""DDS75-LB"", ""Sensor_flag"": 1, ""TempC_DS18B20"": 32.76}"
2025-09-19 15:03:48.000840484+00:00,dds75-lb-17,2,-38,10.0,"{""Bat"": 3.277, ""Distance_mm"": 2183, ""Interrupt_flag"": 0, ""Node_type"": ""DDS75-LB"", ""Sensor_flag"": 1, ""TempC_DS18B20"": 32.76}"
2025-09-19 15:23:47.791519+00:00,dds75-lb-17,2,-38,9.25,"{""Bat"": 3.277, ""Distance_mm"": 2183, ""Interrupt_flag"": 0, ""Node_type"": ""DDS75-LB"", ""Sensor_flag"": 1, ""TempC_DS18B20"": 32.76}"
2025-09-19 15:43:47.513024699+00:00,dds75-lb-17,2,-36,9.75,"{""Bat"": 3.277, ""Distance_mm"": 2183, ""Interrupt_flag"": 0, ""Node_type"": ""DDS75-LB"", ""Sensor_flag"": 1, ""TempC_DS18B20"": 32.76}"
2025-09-19 16:03:47.276987256+00:00,dds75-lb-17,2,-37,9.75,"{""Bat"": 3.277, ""Distance_mm"": 2183, ""Interrupt_flag"": 0, ""Node_type"": ""DDS75-LB"", ""Sensor_flag"": 1, ""TempC_DS18B20"": 32.76}"
2025-09-19 16:23:47.047049167+00:00,dds75-lb-17,2,-36,9.75,"{""Bat"": 3.277, ""Distance_mm"": 2183, ""Interrupt_flag"": 0, ""Node_type"": ""DDS75-LB"", ""Sensor_flag"": 1, ""TempC_DS18B20"": 32.76}"
2025-09-19 16:43:46.788096447+00:00,dds75-lb-17,2,-34,8.25,"{""Bat"": 3.277, ""Distance_mm"": 2183, ""Interrupt_flag"": 0, ""Node_type"": ""DDS75-LB"", ""Sensor_flag"": 1, ""TempC_DS18B20"": 32.76}"
2025-09-19 17:03:46.586297521+00:00,dds75-lb-17,2,-35,7.0,"{""Bat"": 3.277, ""Distance_mm"": 2183, ""Interrupt_flag"": 0, ""Node_type"": ""DDS75-LB"", ""Sensor_flag"": 1, ""TempC_DS18B20"": 32.76}"
2025-09-19 17:23:46.341023749+00:00,dds75-lb-17,2,-115,,"{""Bat"": 3.277, ""Distance_mm"": 2183, ""Interrupt_flag"": 0, ""Node_type"": ""DDS75-LB"", ""Sensor_flag"": 1, ""TempC_DS18B20"": 32.76}"
2025-09-19 17:43:46.078802938+00:00,dds75-lb-17,2,-37,9.5,"{""Bat"": 3.277, ""Distance_mm"": 2183, ""Interrupt_flag"": 0, ""Node_type"": ""DDS75-LB"", ""Sensor_flag"": 1, ""TempC_DS18B20"": 32.76}"
2025-09-19 18:03:45.860585162+00:00,dds75-lb-17,2,-37,10.5,"{""Bat"": 3.277, ""Distance_mm"": 2183, ""Interrupt_flag"": 0, ""Node_type"": ""DDS75-LB"", ""Sensor_flag"": 1, ""TempC_DS18B20"": 32.76}"
2025-09-19 18:23:45.602278951+00:00,dds75-lb-17,2,-35,9.25,"{""Bat"": 3.277, ""Distance_mm"": 2183, ""Interrupt_flag"": 0, ""Node_type"": ""DDS75-LB"", ""Sensor_flag"": 1, ""TempC_DS18B20"": 32.76}"
2025-09-19 18:43:45.357245924+00:00,dds75-lb-17,2,-36,9.75,"{""Bat"": 3.277, ""Distance_mm"": 2183, ""Interrupt_flag"": 0, ""Node_type"": ""DDS75-LB"", ""Sensor_flag"": 1, ""TempC_DS18B20"": 32.76}"
2025-09-19 19:03:45.121292168+00:00,dds75-lb-17,2,-33,7.5,"{""Bat"": 3.277, ""Distance_mm"": 2183, ""Interrupt_flag"": 0, ""Node_type"": ""DDS75-LB"", ""Sensor_flag"": 1, ""TempC_DS18B20"": 32.76}"
2025-09-19 19:23:44.887914079+00:00,dds75-lb-17,2,-35,7.5,"{""Bat"": 3.277, ""Distance_mm"": 2183, ""Interrupt_flag"": 0, ""Node_type"": ""DDS75-LB"", ""Sensor_flag"": 1, ""TempC_DS18B20"": 32.76}"
2025-09-19 19:43:44.644871907+00:00,dds75-lb-17,2,-37,7.25,"{""Bat"": 3.277, ""Distance_mm"": 2183, ""Interrupt_flag"": 0, ""Node_type"": ""DDS75-LB"", ""Sensor_flag"": 1, ""TempC_DS18B20"": 32.76}"
2025-09-19 20:03:44.416832458+00:00,dds75-lb-17,2,-37,9.0,"{""Bat"": 3.277, ""Distance_mm"": 2183, ""Interrupt_flag"": 0, ""Node_type"": ""DDS75-LB"", ""Sensor_flag"": 1, ""TempC_DS18B20"": 32.76}"
2025-09-19 20:23:44.164711424+00:00,dds75-lb-17,2,-38,10.0,"{""Bat"": 3.277, ""Distance_mm"": 2183, ""Interrupt_flag"": 0, ""Node_type"": ""DDS75-LB"", ""Sensor_flag"": 1, ""TempC_DS18B20"": 32.76}"
2025-09-19 20:43:43.931908744+00:00,dds75-lb-17,2,-36,7.25,"{""Bat"": 3.277, ""Distance_mm"": 2183, ""Interrupt_flag"": 0, ""Node_type"": ""DDS75-LB"", ""Sensor_flag"": 1, ""TempC_DS18B20"": 32.76}"
2025-09-19 21:03:43.690354266+00:00,dds75-lb-17,2,-36,9.25,"{""Bat"": 3.277, ""Distance_mm"": 2183, ""Interrupt_flag"": 0, ""Node_type"": ""DDS75-LB"", ""Sensor_flag"": 1, ""TempC_DS18B20"": 32.76}"
2025-09-19 21:23:43.471907179+00:00,dds75-lb-17,2,-38,9.75,"{""Bat"": 3.277, ""Distance_mm"": 2183, ""Interrupt_flag"": 0, ""Node_type"": ""DDS75-LB"", ""Sensor_flag"": 1, ""TempC_DS18B20"": 32.76}"
2025-09-19 21:43:43.228037533+00:00,dds75-lb-17,2,-33,7.75,"{""Bat"": 3.277, ""Distance_mm"": 2183, ""Interrupt_flag"": 0, ""Node_type"": ""DDS75-LB"", ""Sensor_flag"": 1, ""TempC_DS18B20"": 32.76}"
2025-09-19 22:03:42.985075074+00:00,dds75-lb-17,2,-36,9.25,"{""Bat"": 3.277, ""Distance_mm"": 2182, ""Interrupt_flag"": 0, ""Node_type"": ""DDS75-LB"", ""Sensor_flag"": 1, ""TempC_DS18B20"": 32.76}"
2025-09-19 22:23:42.731364673+00:00,dds75-lb-17,2,-37,7.25,"{""Bat"": 3.277, ""Distance_mm"": 2183, ""Interrupt_flag"": 0, ""Node_type"": ""DDS75-LB"", ""Sensor_flag"": 1, ""TempC_DS18B20"": 32.76}"
2025-09-19 22:43:42.493828920+00:00,dds75-lb-17,2,-117,-0.25,"{""Bat"": 3.277, ""Distance_mm"": 2183, ""Interrupt_flag"": 0, ""Node_type"": ""DDS75-LB"", ""Sensor_flag"": 1, ""TempC_DS18B20"": 32.76}"
2025-09-19 23:03:42.263314986+00:00,dds75-lb-17,2,-38,9.25,"{""Bat"": 3.277, ""Distance_mm"": 2183, ""Interrupt_flag"": 0, ""Node_type"": ""DDS75-LB"", ""Sensor_flag"": 1, ""TempC_DS18B20"": 32.76}"
2025-09-19 23:23:42.019080359+00:00,dds75-lb-17,2,-37,9.5,"{""Bat"": 3.277, ""Distance_mm"": 2183, ""Interrupt_flag"": 0, ""Node_type"": ""DDS75-LB"", ""Sensor_flag"": 1, ""TempC_DS18B20"": 32.76}"
2025-09-19 23:43:41.759041717+00:00,dds75-lb-17,2,-119,-4.25,"{""Bat"": 3.277, ""Distance_mm"": 2183, ""Interrupt_flag"": 0, ""Node_type"": ""DDS75-LB"", ""Sensor_flag"": 1, ""TempC_DS18B20"": 32.76}"
2025-09-20 00:03:41.546431467+00:00,dds75-lb-17,2,-38,9.5,"{""Bat"": 3.277, ""Distance_mm"": 2183, ""Interrupt_flag"": 0, ""Node_type"": ""DDS75-LB"", ""Sensor_flag"": 1, ""TempC_DS18B20"": 32.76}"
2025-09-20 00:23:41.324898533+00:00,dds75-lb-17,2,-33,7.75,"{""Bat"": 3.277, ""Distance_mm"": 2183, ""Interrupt_flag"": 0, ""Node_type"": ""DDS75-LB"", ""Sensor_flag"": 1, ""TempC_DS18B20"": 32.76}"
2025-09-20 00:43:41.048615911+00:00,dds75-lb-17,2,-33,7.5,"{""Bat"": 3.277, ""Distance_mm"": 2183, ""Interrupt_flag"": 0, ""Node_type"": ""DDS75-LB"", ""Sensor_flag"": 1, ""TempC_DS18B20"": 32.76}"
2025-09-20 01:03:40.812675399+00:00,dds75-lb-17,2,-37,10.0,"{""Bat"": 3.277, ""Distance_mm"": 2183, ""Interrupt_flag"": 0, ""Node_type"": ""DDS75-LB"", ""Sensor_flag"": 1, ""TempC_DS18B20"": 32.76}"
2025-09-20 01:23:40.588441523+00:00,dds75-lb-17,2,-33,9.5,"{""Bat"": 3.277, ""Distance_mm"": 2183, ""Interrupt_flag"": 0, ""Node_type"": ""DDS75-LB"", ""Sensor_flag"": 1, ""TempC_DS18B20"": 32.76}"
2025-09-20 01:43:40.354153085+00:00,dds75-lb-17,2,-37,10.0,"{""Bat"": 3.277, ""Distance_mm"": 2141, ""Interrupt_flag"": 0, ""Node_type"": ""DDS75-LB"", ""Sensor_flag"": 1, ""TempC_DS18B20"": 32.76}"
2025-09-20 02:03:40.101712155+00:00,dds75-lb-17,2,-36,10.0,"{""Bat"": 3.277, ""Distance_mm"": 2183, ""Interrupt_flag"": 0, ""Node_type"": ""DDS75-LB"", ""Sensor_flag"": 1, ""TempC_DS18B20"": 32.76}"
2025-09-20 02:23:39.831388403+00:00,dds75-lb-17,2,-109,1.8,"{""Bat"": 3.277, ""Distance_mm"": 2183, ""Interrupt_flag"": 0, ""Node_type"": ""DDS75-LB"", ""Sensor_flag"": 1, ""TempC_DS18B20"": 32.76}"
2025-09-20 02:43:39.629053930+00:00,dds75-lb-17,2,-36,9.5,"{""Bat"": 3.277, ""Distance_mm"": 2183, ""Interrupt_flag"": 0, ""Node_type"": ""DDS75-LB"", ""Sensor_flag"": 1, ""TempC_DS18B20"": 32.76}"
2025-09-20 03:03:39.387230789+00:00,dds75-lb-17,2,-120,-3.75,"{""Bat"": 3.277, ""Distance_mm"": 2183, ""Interrupt_flag"": 0, ""Node_type"": ""DDS75-LB"", ""Sensor_flag"": 1, ""TempC_DS18B20"": 32.76}"
2025-09-20 03:23:39.170681828+00:00,dds75-lb-17,2,-33,8.0,"{""Bat"": 3.277, ""Distance_mm"": 2183, ""Interrupt_flag"": 0, ""Node_type"": ""DDS75-LB"", ""Sensor_flag"": 1, ""TempC_DS18B20"": 32.76}"
2025-09-20 03:43:38.908009788+00:00,dds75-lb-17,2,-35,7.25,"{""Bat"": 3.277, ""Distance_mm"": 2183, ""Interrupt_flag"": 0, ""Node_type"": ""DDS75-LB"", ""Sensor_flag"": 1, ""TempC_DS18B20"": 32.76}"
2025-09-20 04:03:38.673774436+00:00,dds75-lb-17,2,-33,8.75,"{""Bat"": 3.277, ""Distance_mm"": 2184, ""Interrupt_flag"": 0, ""Node_type"": ""DDS75-LB"", ""Sensor_flag"": 1, ""TempC_DS18B20"": 32.76}"
2025-09-20 04:23:38.427169618+00:00,dds75-lb-17,2,-36,8.5,"{""Bat"": 3.277, ""Distance_mm"": 2183, ""Interrupt_flag"": 0, ""Node_type"": ""DDS75-LB"", ""Sensor_flag"": 1, ""TempC_DS18B20"": 32.76}"
2025-09-20 04:43:38.194218231+00:00,dds75-lb-17,2,-35,7.75,"{""Bat"": 3.277, ""Distance_mm"": 2183, ""Interrupt_flag"": 0, ""Node_type"": ""DDS75-LB"", ""Sensor_flag"": 1, ""TempC_DS18B20"": 32.76}"
2025-09-20 05:03:37.968739558+00:00,dds75-lb-17,2,-37,10.25,"{""Bat"": 3.277, ""Distance_mm"": 2183, ""Interrupt_flag"": 0, ""Node_type"": ""DDS75-LB"", ""Sensor_flag"": 1, ""TempC_DS18B20"": 32.76}"
2025-09-20 05:23:37.719382768+00:00,dds75-lb-17,2,-123,-7.25,"{""Bat"": 3.277, ""Distance_mm"": 2145, ""Interrupt_flag"": 0, ""Node_type"": ""DDS75-LB"", ""Sensor_flag"": 1, ""TempC_DS18B20"": 32.76}"
2025-09-20 05:43:37.499228053+00:00,dds75-lb-17,2,-33,7.5,"{""Bat"": 3.277, ""Distance_mm"": 2183, ""Interrupt_flag"": 0, ""Node_type"": ""DDS75-LB"", ""Sensor_flag"": 1, ""TempC_DS18B20"": 32.76}"
2025-09-20 06:03:37.250405299+00:00,dds75-lb-17,2,-35,7.25,"{""Bat"": 3.277, ""Distance_mm"": 2183, ""Interrupt_flag"": 0, ""Node_type"": ""DDS75-LB"", ""Sensor_flag"": 1, ""TempC_DS18B20"": 32.76}"
2025-09-20 06:23:37.007375171+00:00,dds75-lb-17,2,-37,10.0,"{""Bat"": 3.277, ""Distance_mm"": 2183, ""Interrupt_flag"": 0, ""Node_type"": ""DDS75-LB"", ""Sensor_flag"": 1, ""TempC_DS18B20"": 32.76}"
2025-09-20 06:43:36.767533403+00:00,dds75-lb-17,2,-34,9.0,"{""Bat"": 3.277, ""Distance_mm"": 2183, ""Interrupt_flag"": 0, ""Node_type"": ""DDS75-LB"", ""Sensor_flag"": 1, ""TempC_DS18B20"": 32.76}"
2025-09-20 07:03:36.522255709+00:00,dds75-lb-17,2,-38,9.5,"{""Bat"": 3.277, ""Distance_mm"": 1050, ""Interrupt_flag"": 0, ""Node_type"": ""DDS75-LB"", ""Sensor_flag"": 1, ""TempC_DS18B20"": 32.76}"
2025-09-20 07:23:36.286937109+00:00,dds75-lb-17,2,-35,7.25,"{""Bat"": 3.277, ""Distance_mm"": 2183, ""Interrupt_flag"": 0, ""Node_type"": ""DDS75-LB"", ""Sensor_flag"": 1, ""TempC_DS18B20"": 32.76}"
2025-09-20 07:43:36.041982016+00:00,dds75-lb-17,2,-34,9.0,"{""Bat"": 3.277, ""Distance_mm"": 2182, ""Interrupt_flag"": 0, ""Node_type"": ""DDS75-LB"", ""Sensor_flag"": 1, ""TempC_DS18B20"": 32.76}"
2025-09-20 08:03:35.800218180+00:00,dds75-lb-17,2,-37,8.5,"{""Bat"": 3.277, ""Distance_mm"": 2182, ""Interrupt_flag"": 0, ""Node_type"": ""DDS75-LB"", ""Sensor_flag"": 1, ""TempC_DS18B20"": 32.76}"
2025-09-20 08:23:35.584063915+00:00,dds75-lb-17,2,-35,8.0,"{""Bat"": 3.277, ""Distance_mm"": 2182, ""Interrupt_flag"": 0, ""Node_type"": ""DDS75-LB"", ""Sensor_flag"": 1, ""TempC_DS18B20"": 32.76}"
2025-09-20 08:43:35.321936912+00:00,dds75-lb-17,2,-36,9.25,"{""Bat"": 3.277, ""Distance_mm"": 2182, ""Interrupt_flag"": 0, ""Node_type"": ""DDS75-LB"", ""Sensor_flag"": 1, ""TempC_DS18B20"": 32.76}"
2025-09-20 09:03:35.078268204+00:00,dds75-lb-17,2,-117,-1.5,"{""Bat"": 3.277, ""Distance_mm"": 2183, ""Interrupt_flag"": 0, ""Node_type"": ""DDS75-LB"", ""Sensor_flag"": 1, ""TempC_DS18B20"": 32.76}"
2025-09-20 09:23:34.831143795+00:00,dds75-lb-17,2,-116,,"{""Bat"": 3.277, ""Distance_mm"": 2183, ""Interrupt_flag"": 0, ""Node_type"": ""DDS75-LB"", ""Sensor_flag"": 1, ""TempC_DS18B20"": 32.76}"
2025-09-20 09:43:34.620412974+00:00,dds75-lb-17,2,-37,10.0,"{""Bat"": 3.277, ""Distance_mm"": 2183, ""Interrupt_flag"": 0, ""Node_type"": ""DDS75-LB"", ""Sensor_flag"": 1, ""TempC_DS18B20"": 32.76}"
2025-09-20 10:03:34.369941994+00:00,dds75-lb-17,2,-114,-2.25,"{""Bat"": 3.277, ""Distance_mm"": 2183, ""Interrupt_flag"": 0, ""Node_type"": ""DDS75-LB"", ""Sensor_flag"": 1, ""TempC_DS18B20"": 32.76}"
2025-09-20 10:23:34.125945428+00:00,dds75-lb-17,2,-36,9.5,"{""Bat"": 3.277, ""Distance_mm"": 2183, ""Interrupt_flag"": 0, ""Node_type"": ""DDS75-LB"", ""Sensor_flag"": 1, ""TempC_DS18B20"": 32.76}"
2025-09-20 10:43:33.881540221+00:00,dds75-lb-17,2,-120,-3.5,"{""Bat"": 3.277, ""Distance_mm"": 1876, ""Interrupt_flag"": 0, ""Node_type"": ""DDS75-LB"", ""Sensor_flag"": 1, ""TempC_DS18B20"": 32.76}"
2025-09-20 11:03:33.648901609+00:00,dds75-lb-17,2,-117,-1.5,"{""Bat"": 3.277, ""Distance_mm"": 2182, ""Interrupt_flag"": 0, ""Node_type"": ""DDS75-LB"", ""Sensor_flag"": 1, ""TempC_DS18B20"": 32.76}"
2025-09-20 11:23:33.408077761+00:00,dds75-lb-17,2,-36,9.5,"{""Bat"": 3.277, ""Distance_mm"": 2183, ""Interrupt_flag"": 0, ""Node_type"": ""DDS75-LB"", ""Sensor_flag"": 1, ""TempC_DS18B20"": 32.76}"
2025-09-20 11:43:33.158030003+00:00,dds75-lb-17,2,-119,-3.75,"{""Bat"": 3.277, ""Distance_mm"": 2183, ""Interrupt_flag"": 0, ""Node_type"": ""DDS75-LB"", ""Sensor_flag"": 1, ""TempC_DS18B20"": 32.76}"
2025-09-20 12:03:32.936383116+00:00,dds75-lb-17,2,-37,9.5,"{""Bat"": 3.277, ""Distance_mm"": 2183, ""Interrupt_flag"": 0, ""Node_type"": ""DDS75-LB"", ""Sensor_flag"": 1, ""TempC_DS18B20"": 32.76}"
2025-09-20 12:23:32.710810332+00:00,dds75-lb-17,2,-37,10.25,"{""Bat"": 3.277, ""Distance_mm"": 2183, ""Interrupt_flag"": 0, ""Node_type"": ""DDS75-LB"", ""Sensor_flag"": 1, ""TempC_DS18B20"": 32.76}"
2025-09-20 12:43:32.457944376+00:00,dds75-lb-17,2,-37,7.5,"{""Bat"": 3.277, ""Distance_mm"": 2183, ""Interrupt_flag"": 0, ""Node_type"": ""DDS75-LB"", ""Sensor_flag"": 1, ""TempC_DS18B20"": 32.76}"
2025-09-20 13:03:32.215263952+00:00,dds75-lb-17,2,-120,-5.5,"{""Bat"": 3.277, ""Distance_mm"": 2183, ""Interrupt_flag"": 0, ""Node_type"": ""DDS75-LB"", ""Sensor_flag"": 1, ""TempC_DS18B20"": 32.76}"
2025-09-20 13:23:31.987303944+00:00,dds75-lb-17,2,-38,9.25,"{""Bat"": 3.277, ""Distance_mm"": 2183, ""Interrupt_flag"": 0, ""Node_type"": ""DDS75-LB"", ""Sensor_flag"": 1, ""TempC_DS18B20"": 32.76}"
2025-09-20 13:43:31.737128749+00:00,dds75-lb-17,2,-37,9.25,"{""Bat"": 3.277, ""Distance_mm"": 2183, ""Interrupt_flag"": 0, ""Node_type"": ""DDS75-LB"", ""Sensor_flag"": 1, ""TempC_DS18B20"": 32.76}"
2025-09-20 14:03:31.506620271+00:00,dds75-lb-17,2,-35,10.0,"{""Bat"": 3.277, ""Distance_mm"": 2183, ""Interrupt_flag"": 0, ""Node_type"": ""DDS75-LB"", ""Sensor_flag"": 1, ""TempC_DS18B20"": 32.76}"
2025-09-20 14:23:31.275979823+00:00,dds75-lb-17,2,-35,7.75,"{""Bat"": 3.277, ""Distance_mm"": 1498, ""Interrupt_flag"": 0, ""Node_type"": ""DDS75-LB"", ""Sensor_flag"": 1, ""TempC_DS18B20"": 32.76}"
2025-09-20 14:43:31.023969481+00:00,dds75-lb-17,2,-119,-4.75,"{""Bat"": 3.277, ""Distance_mm"": 2183, ""Interrupt_flag"": 0, ""Node_type"": ""DDS75-LB"", ""Sensor_flag"": 1, ""TempC_DS18B20"": 32.76}"
2025-09-20 15:03:30.795781078+00:00,dds75-lb-17,2,-35,9.5,"{""Bat"": 3.277, ""Distance_mm"": 2183, ""Interrupt_flag"": 0, ""Node_type"": ""DDS75-LB"", ""Sensor_flag"": 1, ""TempC_DS18B20"": 32.76}"
2025-09-20 15:23:30.556544742+00:00,dds75-lb-17,2,-36,6.75,"{""Bat"": 3.277, ""Distance_mm"": 2183, ""Interrupt_flag"": 0, ""Node_type"": ""DDS75-LB"", ""Sensor_flag"": 1, ""TempC_DS18B20"": 32.76}"
2025-09-20 15:43:30.311955166+00:00,dds75-lb-17,2,-35,9.25,"{""Bat"": 3.277, ""Distance_mm"": 2183, ""Interrupt_flag"": 0, ""Node_type"": ""DDS75-LB"", ""Sensor_flag"": 1, ""TempC_DS18B20"": 32.76}"
2025-09-20 16:03:30.054195918+00:00,dds75-lb-17,2,-37,10.0,"{""Bat"": 3.277, ""Distance_mm"": 2183, ""Interrupt_flag"": 0, ""Node_type"": ""DDS75-LB"", ""Sensor_flag"": 1, ""TempC_DS18B20"": 32.76}"
2025-09-20 16:23:29.824095473+00:00,dds75-lb-17,2,-115,,"{""Bat"": 3.277, ""Distance_mm"": 2183, ""Interrupt_flag"": 0, ""Node_type"": ""DDS75-LB"", ""Sensor_flag"": 1, ""TempC_DS18B20"": 32.76}"
2025-09-20 16:43:29.582223332+00:00,dds75-lb-17,2,-35,7.5,"{""Bat"": 3.277, ""Distance_mm"": 2183, ""Interrupt_flag"": 0, ""Node_type"": ""DDS75-LB"", ""Sensor_flag"": 1, ""TempC_DS18B20"": 32.76}"
2025-09-20 17:03:29.349886229+00:00,dds75-lb-17,2,-37,7.0,"{""Bat"": 3.277, ""Distance_mm"": 2183, ""Interrupt_flag"": 0, ""Node_type"": ""DDS75-LB"", ""Sensor_flag"": 1, ""TempC_DS18B20"": 32.76}"
2025-09-20 17:23:29.100992940+00:00,dds75-lb-17,2,-35,9.0,"{""Bat"": 3.277, ""Distance_mm"": 2183, ""Interrupt_flag"": 0, ""Node_type"": ""DDS75-LB"", ""Sensor_flag"": 1, ""TempC_DS18B20"": 32.76}"
2025-09-20 17:43:28.877535005+00:00,dds75-lb-17,2,-37,10.25,"{""Bat"": 3.277, ""Distance_mm"": 2183, ""Interrupt_flag"": 0, ""Node_type"": ""DDS75-LB"", ""Sensor_flag"": 1, ""TempC_DS18B20"": 32.76}"
2025-09-20 18:03:28.622181728+00:00,dds75-lb-17,2,-37,9.25,"{""Bat"": 3.277, ""Distance_mm"": 986, ""Interrupt_flag"": 0, ""Node_type"": ""DDS75-LB"", ""Sensor_flag"": 1, ""TempC_DS18B20"": 32.76}"
2025-09-20 18:23:28.380947282+00:00,dds75-lb-17,2,-34,9.25,"{""Bat"": 3.277, ""Distance_mm"": 2183, ""Interrupt_flag"": 0, ""Node_type"": ""DDS75-LB"", ""Sensor_flag"": 1, ""TempC_DS18B20"": 32.76}"
2025-09-20 18:43:28.166269196+00:00,dds75-lb-17,2,-37,9.0,"{""Bat"": 3.277, ""Distance_mm"": 2183, ""Interrupt_flag"": 0, ""Node_type"": ""DDS75-LB"", ""Sensor_flag"": 1, ""TempC_DS18B20"": 32.76}"
2025-09-20 19:03:27.908811444+00:00,dds75-lb-17,2,-35,7.5,"{""Bat"": 3.277, ""Distance_mm"": 2183, ""Interrupt_flag"": 0, ""Node_type"": ""DDS75-LB"", ""Sensor_flag"": 1, ""TempC_DS18B20"": 32.76}"
2025-09-20 19:23:27.668963787+00:00,dds75-lb-17,2,-33,7.75,"{""Bat"": 3.277, ""Distance_mm"": 2183, ""Interrupt_flag"": 0, ""Node_type"": ""DDS75-LB"", ""Sensor_flag"": 1, ""TempC_DS18B20"": 32.76}"
2025-09-20 19:43:27.420770635+00:00,dds75-lb-17,2,-35,7.25,"{""Bat"": 3.277, ""Distance_mm"": 2183, ""Interrupt_flag"": 0, ""Node_type"": ""DDS75-LB"", ""Sensor_flag"": 1, ""TempC_DS18B20"": 32.76}"
2025-09-20 20:03:27.202617851+00:00,dds75-lb-17,2,-35,10.25,"{""Bat"": 3.277, ""Distance_mm"": 2183, ""Interrupt_flag"": 0, ""Node_type"": ""DDS75-LB"", ""Sensor_flag"": 1, ""TempC_DS18B20"": 32.76}"
2025-09-20 20:23:26.946365060+00:00,dds75-lb-17,2,-35,9.0,"{""Bat"": 3.277, ""Distance_mm"": 2183, ""Interrupt_flag"": 0, ""Node_type"": ""DDS75-LB"", ""Sensor_flag"": 1, ""TempC_DS18B20"": 32.76}"
2025-09-20 20:43:26.701344056+00:00,dds75-lb-17,2,-37,9.25,"{""Bat"": 3.277, ""Distance_mm"": 2183, ""Interrupt_flag"": 0, ""Node_type"": ""DDS75-LB"", ""Sensor_flag"": 1, ""TempC_DS18B20"": 32.76}"
2025-09-20 20:44:36.931617446+00:00,dds75-lb-17,2,-35,9.5,"{""Bat"": 3.277, ""Distance_mm"": 2183, ""Interrupt_flag"": 0, ""Node_type"": ""DDS75-LB"", ""Sensor_flag"": 1, ""TempC_DS18B20"": 32.76}"
2025-09-20 20:45:36.946251830+00:00,dds75-lb-17,2,-119,-7.5,"{""Bat"": 3.277, ""Distance_mm"": 2183, ""Interrupt_flag"": 0, ""Node_type"": ""DDS75-LB"", ""Sensor_flag"": 1, ""TempC_DS18B20"": 32.76}"
2025-09-20 20:46:36.913899812+00:00,dds75-lb-17,2,-33,9.25,"{""Bat"": 3.277, ""Distance_mm"": 2183, ""Interrupt_flag"": 0, ""Node_type"": ""DDS75-LB"", ""Sensor_flag"": 1, ""TempC_DS18B20"": 32.76}"
2025-09-20 20:47:36.893460306+00:00,dds75-lb-17,2,-34,9.25,"{""Bat"": 3.277, ""Distance_mm"": 2183, ""Interrupt_flag"": 0, ""Node_type"": ""DDS75-LB"", ""Sensor_flag"": 1, ""TempC_DS18B20"": 32.76}"
2025-09-20 20:48:36.874139909+00:00,dds75-lb-17,2,-37,8.75,"{""Bat"": 3.277, ""Distance_mm"": 2183, ""Interrupt_flag"": 0, ""Node_type"": ""DDS75-LB"", ""Sensor_flag"": 1, ""TempC_DS18B20"": 32.76}"
2025-09-20 20:49:36.871429104+00:00,dds75-lb-17,2,-36,10.25,"{""Bat"": 3.277, ""Distance_mm"": 2183, ""Interrupt_flag"": 0, ""Node_type"": ""DDS75-LB"", ""Sensor_flag"": 1, ""TempC_DS18B20"": 32.76}"
2025-09-20 20:50:36.871965257+00:00,dds75-lb-17,2,-35,9.0,"{""Bat"": 3.277, ""Distance_mm"": 2183, ""Interrupt_flag"": 0, ""Node_type"": ""DDS75-LB"", ""Sensor_flag"": 1, ""TempC_DS18B20"": 32.76}"
2025-09-20 20:51:36.831979253+00:00,dds75-lb-17,2,-36,7.0,"{""Bat"": 3.277, ""Distance_mm"": 2183, ""Interrupt_flag"": 0, ""Node_type"": ""DDS75-LB"", ""Sensor_flag"": 1, ""TempC_DS18B20"": 32.76}"
2025-09-20 20:52:36.823232860+00:00,dds75-lb-17,2,-37,10.0,"{""Bat"": 3.277, ""Distance_mm"": 2183, ""Interrupt_flag"": 0, ""Node_type"": ""DDS75-LB"", ""Sensor_flag"": 1, ""TempC_DS18B20"": 32.76}"
2025-09-20 20:53:36.811381734+00:00,dds75-lb-17,2,-36,8.75,"{""Bat"": 3.277, ""Distance_mm"": 2183, ""Interrupt_flag"": 0, ""Node_type"": ""DDS75-LB"", ""Sensor_flag"": 1, ""TempC_DS18B20"": 32.76}"
2025-09-20 20:54:36.794757786+00:00,dds75-lb-17,2,-35,8.0,"{""Bat"": 3.277, ""Distance_mm"": 2183, ""Interrupt_flag"": 0, ""Node_type"": ""DDS75-LB"", ""Sensor_flag"": 1, ""TempC_DS18B20"": 32.76}"
2025-09-20 20:55:36.791398701+00:00,dds75-lb-17,2,-34,10.0,"{""Bat"": 3.277, ""Distance_mm"": 2183, ""Interrupt_flag"": 0, ""Node_type"": ""DDS75-LB"", ""Sensor_flag"": 1, ""TempC_DS18B20"": 32.76}"
2025-09-20 20:56:36.783865960+00:00,dds75-lb-17,2,-36,10.5,"{""Bat"": 3.277, ""Distance_mm"": 2183, ""Interrupt_flag"": 0, ""Node_type"": ""DDS75-LB"", ""Sensor_flag"": 1, ""TempC_DS18B20"": 32.76}"
2025-09-20 20:57:36.773632103+00:00,dds75-lb-17,2,-32,9.25,"{""Bat"": 3.277, ""Distance_mm"": 2183, ""Interrupt_flag"": 0, ""Node_type"": ""DDS75-LB"", ""Sensor_flag"": 1, ""TempC_DS18B20"": 32.76}"
2025-09-20 20:58:36.765086364+00:00,dds75-lb-17,2,-39,10.0,"{""Bat"": 3.277, ""Distance_mm"": 2183, ""Interrupt_flag"": 0, ""Node_type"": ""DDS75-LB"", ""Sensor_flag"": 1, ""TempC_DS18B20"": 32.76}"
2025-09-20 20:59:36.744385246+00:00,dds75-lb-17,2,-35,9.0,"{""Bat"": 3.277, ""Distance_mm"": 2183, ""Interrupt_flag"": 0, ""Node_type"": ""DDS75-LB"", ""Sensor_flag"": 1, ""TempC_DS18B20"": 32.76}"
2025-09-20 21:00:36.736592102+00:00,dds75-lb-17,2,-36,9.75,"{""Bat"": 3.277, ""Distance_mm"": 2183, ""Interrupt_flag"": 0, ""Node_type"": ""DDS75-LB"", ""Sensor_flag"": 1, ""TempC_DS18B20"": 32.76}"
2025-09-20 21:01:36.711808+00:00,dds75-lb-17,2,-36,8.5,"{""Bat"": 3.277, ""Distance_mm"": 2183, ""Interrupt_flag"": 0, ""Node_type"": ""DDS75-LB"", ""Sensor_flag"": 1, ""TempC_DS18B20"": 32.76}"
2025-09-20 21:02:36.725088234+00:00,dds75-lb-17,2,-35,7.5,"{""Bat"": 3.277, ""Distance_mm"": 2183, ""Interrupt_flag"": 0, ""Node_type"": ""DDS75-LB"", ""Sensor_flag"": 1, ""TempC_DS18B20"": 32.76}"
2025-09-20 21:03:36.711884040+00:00,dds75-lb-17,2,-119,-4.5,"{""Bat"": 3.277, ""Distance_mm"": 2183, ""Interrupt_flag"": 0, ""Node_type"": ""DDS75-LB"", ""Sensor_flag"": 1, ""TempC_DS18B20"": 32.76}"
2025-09-20 21:04:36.703901513+00:00,dds75-lb-17,2,-120,-4.75,"{""Bat"": 3.277, ""Distance_mm"": 2183, ""Interrupt_flag"": 0, ""Node_type"": ""DDS75-LB"", ""Sensor_flag"": 1, ""TempC_DS18B20"": 32.76}"
2025-09-20 21:05:36.701689842+00:00,dds75-lb-17,2,-116,-1.25,"{""Bat"": 3.277, ""Distance_mm"": 2183, ""Interrupt_flag"": 0, ""Node_type"": ""DDS75-LB"", ""Sensor_flag"": 1, ""TempC_DS18B20"": 32.76}"
2025-09-20 21:06:36.671947093+00:00,dds75-lb-17,2,-122,-7.25,"{""Bat"": 3.277, ""Distance_mm"": 2183, ""Interrupt_flag"": 0, ""Node_type"": ""DDS75-LB"", ""Sensor_flag"": 1, ""TempC_DS18B20"": 32.76}"
2025-09-20 21:07:36.652710150+00:00,dds75-lb-17,2,-35,9.25,"{""Bat"": 3.277, ""Distance_mm"": 2183, ""Interrupt_flag"": 0, ""Node_type"": ""DDS75-LB"", ""Sensor_flag"": 1, ""TempC_DS18B20"": 32.76}"
2025-09-20 21:08:36.641800665+00:00,dds75-lb-17,2,-122,-7.25,"{""Bat"": 3.277, ""Distance_mm"": 2183, ""Interrupt_flag"": 0, ""Node_type"": ""DDS75-LB"", ""Sensor_flag"": 1, ""TempC_DS18B20"": 32.76}"
2025-09-20 21:09:36.635173342+00:00,dds75-lb-17,2,-38,9.25,"{""Bat"": 3.277, ""Distance_mm"": 2183, ""Interrupt_flag"": 0, ""Node_type"": ""DDS75-LB"", ""Sensor_flag"": 1, ""TempC_DS18B20"": 32.76}"
2025-09-20 21:10:36.627583687+00:00,dds75-lb-17,2,-36,9.5,"{""Bat"": 3.277, ""Distance_mm"": 2183, ""Interrupt_flag"": 0, ""Node_type"": ""DDS75-LB"", ""Sensor_flag"": 1, ""TempC_DS18B20"": 32.76}"
2025-09-20 21:11:36.637632985+00:00,dds75-lb-17,2,-33,7.5,"{""Bat"": 3.277, ""Distance_mm"": 2183, ""Interrupt_flag"": 0, ""Node_type"": ""DDS75-LB"", ""Sensor_flag"": 1, ""TempC_DS18B20"": 32.76}"
2025-09-20 21:12:36.615567343+00:00,dds75-lb-17,2,-34,9.25,"{""Bat"": 3.277, ""Distance_mm"": 2183, ""Interrupt_flag"": 0, ""Node_type"": ""DDS75-LB"", ""Sensor_flag"": 1, ""TempC_DS18B20"": 32.76}"
2025-09-20 21:13:36.585660839+00:00,dds75-lb-17,2,-36,10.0,"{""Bat"": 3.277, ""Distance_mm"": 2183, ""Interrupt_flag"": 0, ""Node_type"": ""DDS75-LB"", ""Sensor_flag"": 1, ""TempC_DS18B20"": 32.76}"
2025-09-20 21:14:36.588031587+00:00,dds75-lb-17,2,-37,10.0,"{""Bat"": 3.277, ""Distance_mm"": 2183, ""Interrupt_flag"": 0, ""Node_type"": ""DDS75-LB"", ""Sensor_flag"": 1, ""TempC_DS18B20"": 32.76}"
2025-09-20 21:15:36.579467218+00:00,dds75-lb-17,2,-37,7.0,"{""Bat"": 3.277, ""Distance_mm"": 2183, ""Interrupt_flag"": 0, ""Node_type"": ""DDS75-LB"", ""Sensor_flag"": 1, ""TempC_DS18B20"": 32.76}"
2025-09-20 21:16:36.558753008+00:00,dds75-lb-17,2,-117,-1.75,"{""Bat"": 3.277, ""Distance_mm"": 2183, ""Interrupt_flag"": 0, ""Node_type"": ""DDS75-LB"", ""Sensor_flag"": 1, ""TempC_DS18B20"": 32.76}"
2025-09-20 21:17:36.545277505+00:00,dds75-lb-17,2,-37,9.5,"{""Bat"": 3.277, ""Distance_mm"": 2183, ""Interrupt_flag"": 0, ""Node_type"": ""DDS75-LB"", ""Sensor_flag"": 1, ""TempC_DS18B20"": 32.76}"
2025-09-20 21:18:36.535002348+00:00,dds75-lb-17,2,-33,7.5,"{""Bat"": 3.277, ""Distance_mm"": 2183, ""Interrupt_flag"": 0, ""Node_type"": ""DDS75-LB"", ""Sensor_flag"": 1, ""TempC_DS18B20"": 32.76}"
2025-09-20 21:19:36.536753968+00:00,dds75-lb-17,2,-36,10.25,"{""Bat"": 3.277, ""Distance_mm"": 2183, ""Interrupt_flag"": 0, ""Node_type"": ""DDS75-LB"", ""Sensor_flag"": 1, ""TempC_DS18B20"": 32.76}"
2025-09-20 21:20:36.526036683+00:00,dds75-lb-17,2,-36,8.75,"{""Bat"": 3.277, ""Distance_mm"": 2183, ""Interrupt_flag"": 0, ""Node_type"": ""DDS75-LB"", ""Sensor_flag"": 1, ""TempC_DS18B20"": 32.76}"
2025-09-20 21:21:36.500191798+00:00,dds75-lb-17,2,-118,-2.5,"{""Bat"": 3.277, ""Distance_mm"": 2183, ""Interrupt_flag"": 0, ""Node_type"": ""DDS75-LB"", ""Sensor_flag"": 1, ""TempC_DS18B20"": 32.76}"
2025-09-20 21:22:36.486675343+00:00,dds75-lb-17,2,-38,9.75,"{""Bat"": 3.277, ""Distance_mm"": 2183, ""Interrupt_flag"": 0, ""Node_type"": ""DDS75-LB"", ""Sensor_flag"": 1, ""TempC_DS18B20"": 32.76}"
2025-09-20 21:23:36.475181166+00:00,dds75-lb-17,2,-36,7.0,"{""Bat"": 3.277, ""Distance_mm"": 2183, ""Interrupt_flag"": 0, ""Node_type"": ""DDS75-LB"", ""Sensor_flag"": 1, ""TempC_DS18B20"": 32.76}"
2025-09-20 21:24:36.455826786+00:00,dds75-lb-17,2,-36,9.75,"{""Bat"": 3.277, ""Distance_mm"": 2182, ""Interrupt_flag"": 0, ""Node_type"": ""DDS75-LB"", ""Sensor_flag"": 1, ""TempC_DS18B20"": 32.76}"
2025-09-20 21:25:36.445799001+00:00,dds75-lb-17,2,-35,8.75,"{""Bat"": 3.277, ""Distance_mm"": 2183, ""Interrupt_flag"": 0, ""Node_type"": ""DDS75-LB"", ""Sensor_flag"": 1, ""TempC_DS18B20"": 32.76}"
2025-09-20 21:26:36.459324570+00:00,dds75-lb-17,2,-119,-3.25,"{""Bat"": 3.277, ""Distance_mm"": 2183, ""Interrupt_flag"": 0, ""Node_type"": ""DDS75-LB"", ""Sensor_flag"": 1, ""TempC_DS18B20"": 32.76}"
2025-09-20 21:27:36.453543538+00:00,dds75-lb-17,2,-35,8.25,"{""Bat"": 3.277, ""Distance_mm"": 2183, ""Interrupt_flag"": 0, ""Node_type"": ""DDS75-LB"", ""Sensor_flag"": 1, ""TempC_DS18B20"": 32.76}"
2025-09-20 21:28:36.426357963+00:00,dds75-lb-17,2,-37,6.75,"{""Bat"": 3.277, ""Distance_mm"": 2183, ""Interrupt_flag"": 0, ""Node_type"": ""DDS75-LB"", ""Sensor_flag"": 1, ""TempC_DS18B20"": 32.76}"
2025-09-20 21:29:36.392335704+00:00,dds75-lb-17,2,-34,8.75,"{""Bat"": 3.277, ""Distance_mm"": 2183, ""Interrupt_flag"": 0, ""Node_type"": ""DDS75-LB"", ""Sensor_flag"": 1, ""TempC_DS18B20"": 32.76}"
2025-09-20 21:30:36.395081700+00:00,dds75-lb-17,2,-37,10.0,"{""Bat"": 3.277, ""Distance_mm"": 937, ""Interrupt_flag"": 0, ""Node_type"": ""DDS75-LB"", ""Sensor_flag"": 1, ""TempC_DS18B20"": 32.76}"
2025-09-20 21:31:36.384215401+00:00,dds75-lb-17,2,-37,7.5,"{""Bat"": 3.277, ""Distance_mm"": 2183, ""Interrupt_flag"": 0, ""Node_type"": ""DDS75-LB"", ""Sensor_flag"": 1, ""TempC_DS18B20"": 32.76}"
2025-09-20 21:32:36.394495304+00:00,dds75-lb-17,2,-36,9.5,"{""Bat"": 3.277, ""Distance_mm"": 939, ""Interrupt_flag"": 0, ""Node_type"": ""DDS75-LB"", ""Sensor_flag"": 1, ""TempC_DS18B20"": 32.76}"
2025-09-20 21:33:36.372929983+00:00,dds75-lb-17,2,-38,9.75,"{""Bat"": 3.277, ""Distance_mm"": 1200, ""Interrupt_flag"": 0, ""Node_type"": ""DDS75-LB"", ""Sensor_flag"": 1, ""TempC_DS18B20"": 32.76}"
2025-09-20 21:34:36.347615066+00:00,dds75-lb-17,2,-33,7.75,"{""Bat"": 3.277, ""Distance_mm"": 1242, ""Interrupt_flag"": 0, ""Node_type"": ""DDS75-LB"", ""Sensor_flag"": 1, ""TempC_DS18B20"": 32.76}"
2025-09-20 21:35:36.372447602+00:00,dds75-lb-17,2,-120,-5.5,"{""Bat"": 3.277, ""Distance_mm"": 1423, ""Interrupt_flag"": 0, ""Node_type"": ""DDS75-LB"", ""Sensor_flag"": 1, ""TempC_DS18B20"": 32.76}"
2025-09-20 21:36:36.331491044+00:00,dds75-lb-17,2,-117,-6.75,"{""Bat"": 3.277, ""Distance_mm"": 1478, ""Interrupt_flag"": 0, ""Node_type"": ""DDS75-LB"", ""Sensor_flag"": 1, ""TempC_DS18B20"": 32.76}"
2025-09-20 21:37:36.323690039+00:00,dds75-lb-17,2,-36,10.0,"{""Bat"": 3.277, ""Distance_mm"": 1478, ""Interrupt_flag"": 0, ""Node_type"": ""DDS75-LB"", ""Sensor_flag"": 1, ""TempC_DS18B20"": 32.76}"
2025-09-20 21:38:36.306522403+00:00,dds75-lb-17,2,-38,9.0,"{""Bat"": 3.277, ""Distance_mm"": 1589, ""Interrupt_flag"": 0, ""Node_type"": ""DDS75-LB"", ""Sensor_flag"": 1, ""TempC_DS18B20"": 32.76}"
2025-09-20 21:39:36.314725670+00:00,dds75-lb-17,2,-37,9.75,"{""Bat"": 3.277, ""Distance_mm"": 1708, ""Interrupt_flag"": 0, ""Node_type"": ""DDS75-LB"", ""Sensor_flag"": 1, ""TempC_DS18B20"": 32.76}"
2025-09-20 21:40:36.295959355+00:00,dds75-lb-17,2,-35,9.5,"{""Bat"": 3.277, ""Distance_mm"": 1920, ""Interrupt_flag"": 0, ""Node_type"": ""DDS75-LB"", ""Sensor_flag"": 1, ""TempC_DS18B20"": 32.76}"
2025-09-20 21:41:36.276148359+00:00,dds75-lb-17,2,-37,8.75,"{""Bat"": 3.277, ""Distance_mm"": 1974, ""Interrupt_flag"": 0, ""Node_type"": ""DDS75-LB"", ""Sensor_flag"": 1, ""TempC_DS18B20"": 32.76}"
2025-09-20 21:42:36.256514111+00:00,dds75-lb-17,2,-36,7.75,"{""Bat"": 3.277, ""Distance_mm"": 2183, ""Interrupt_flag"": 0, ""Node_type"": ""DDS75-LB"", ""Sensor_flag"": 1, ""TempC_DS18B20"": 32.76}"
2025-09-20 21:43:36.266061809+00:00,dds75-lb-17,2,-35,7.25,"{""Bat"": 3.277, ""Distance_mm"": 2183, ""Interrupt_flag"": 0, ""Node_type"": ""DDS75-LB"", ""Sensor_flag"": 1, ""TempC_DS18B20"": 32.76}"
2025-09-20 21:44:36.243308945+00:00,dds75-lb-17,2,-117,-1.75,"{""Bat"": 3.277, ""Distance_mm"": 2183, ""Interrupt_flag"": 0, ""Node_type"": ""DDS75-LB"", ""Sensor_flag"": 1, ""TempC_DS18B20"": 32.76}"
2025-09-20 21:45:36.223660793+00:00,dds75-lb-17,2,-36,9.75,"{""Bat"": 3.277, ""Distance_mm"": 2183, ""Interrupt_flag"": 0, ""Node_type"": ""DDS75-LB"", ""Sensor_flag"": 1, ""TempC_DS18B20"": 32.76}"
2025-09-20 21:46:36.227035955+00:00,dds75-lb-17,2,-35,9.25,"{""Bat"": 3.277, ""Distance_mm"": 2183, ""Interrupt_flag"": 0, ""Node_type"": ""DDS75-LB"", ""Sensor_flag"": 1, ""TempC_DS18B20"": 32.76}"
2025-09-20 21:47:36.204657020+00:00,dds75-lb-17,2,-37,7.0,"{""Bat"": 3.277, ""Distance_mm"": 2183, ""Interrupt_flag"": 0, ""Node_type"": ""DDS75-LB"", ""Sensor_flag"": 1, ""TempC_DS18B20"": 32.76}"
2025-09-20 21:48:36.207974028+00:00,dds75-lb-17,2,-35,9.5,"{""Bat"": 3.277, ""Distance_mm"": 2183, ""Interrupt_flag"": 0, ""Node_type"": ""DDS75-LB"", ""Sensor_flag"": 1, ""TempC_DS18B20"": 32.76}"
2025-09-20 21:49:36.190520150+00:00,dds75-lb-17,2,-122,-5.75,"{""Bat"": 3.277, ""Distance_mm"": 2183, ""Interrupt_flag"": 0, ""Node_type"": ""DDS75-LB"", ""Sensor_flag"": 1, ""TempC_DS18B20"": 32.76}"
2025-09-20 21:50:36.193624615+00:00,dds75-lb-17,2,-36,9.75,"{""Bat"": 3.277, ""Distance_mm"": 2183, ""Interrupt_flag"": 0, ""Node_type"": ""DDS75-LB"", ""Sensor_flag"": 1, ""TempC_DS18B20"": 32.76}"
2025-09-20 21:51:36.159184448+00:00,dds75-lb-17,2,-36,11.0,"{""Bat"": 3.277, ""Distance_mm"": 2183, ""Interrupt_flag"": 0, ""Node_type"": ""DDS75-LB"", ""Sensor_flag"": 1, ""TempC_DS18B20"": 32.76}"
2025-09-20 21:52:36.156093763+00:00,dds75-lb-17,2,-36,9.5,"{""Bat"": 3.277, ""Distance_mm"": 2183, ""Interrupt_flag"": 0, ""Node_type"": ""DDS75-LB"", ""Sensor_flag"": 1, ""TempC_DS18B20"": 32.76}"
2025-09-20 21:53:36.142419045+00:00,dds75-lb-17,2,-118,-1.75,"{""Bat"": 3.277, ""Distance_mm"": 2183, ""Interrupt_flag"": 0, ""Node_type"": ""DDS75-LB"", ""Sensor_flag"": 1, ""TempC_DS18B20"": 32.76}"
2025-09-20 21:54:36.143469207+00:00,dds75-lb-17,2,-38,9.25,"{""Bat"": 3.277, ""Distance_mm"": 2183, ""Interrupt_flag"": 0, ""Node_type"": ""DDS75-LB"", ""Sensor_flag"": 1, ""TempC_DS18B20"": 32.76}"
2025-09-20 21:55:36.122933626+00:00,dds75-lb-17,2,-124,-8.0,"{""Bat"": 3.277, ""Distance_mm"": 2183, ""Interrupt_flag"": 0, ""Node_type"": ""DDS75-LB"", ""Sensor_flag"": 1, ""TempC_DS18B20"": 32.76}"
2025-09-20 21:56:36.124748170+00:00,dds75-lb-17,2,-35,9.5,"{""Bat"": 3.277, ""Distance_mm"": 2183, ""Interrupt_flag"": 0, ""Node_type"": ""DDS75-LB"", ""Sensor_flag"": 1, ""TempC_DS18B20"": 32.76}"
2025-09-20 21:57:36.104811449+00:00,dds75-lb-17,2,-37,9.5,"{""Bat"": 3.277, ""Distance_mm"": 2183, ""Interrupt_flag"": 0, ""Node_type"": ""DDS75-LB"", ""Sensor_flag"": 1, ""TempC_DS18B20"": 32.76}"
2025-09-20 21:58:36.083279885+00:00,dds75-lb-17,2,-35,8.0,"{""Bat"": 3.277, ""Distance_mm"": 2183, ""Interrupt_flag"": 0, ""Node_type"": ""DDS75-LB"", ""Sensor_flag"": 1, ""TempC_DS18B20"": 32.76}"
2025-09-20 21:59:36.085048039+00:00,dds75-lb-17,2,-33,7.25,"{""Bat"": 3.277, ""Distance_mm"": 2183, ""Interrupt_flag"": 0, ""Node_type"": ""DDS75-LB"", ""Sensor_flag"": 1, ""TempC_DS18B20"": 32.76}"
2025-09-20 22:00:36.053433113+00:00,dds75-lb-17,2,-36,9.5,"{""Bat"": 3.277, ""Distance_mm"": 2183, ""Interrupt_flag"": 0, ""Node_type"": ""DDS75-LB"", ""Sensor_flag"": 1, ""TempC_DS18B20"": 32.76}"
2025-09-20 22:01:36.041563573+00:00,dds75-lb-17,2,-36,10.5,"{""Bat"": 3.277, ""Distance_mm"": 2183, ""Interrupt_flag"": 0, ""Node_type"": ""DDS75-LB"", ""Sensor_flag"": 1, ""TempC_DS18B20"": 32.76}"
2025-09-20 22:02:36.034454488+00:00,dds75-lb-17,2,-39,9.25,"{""Bat"": 3.277, ""Distance_mm"": 2183, ""Interrupt_flag"": 0, ""Node_type"": ""DDS75-LB"", ""Sensor_flag"": 1, ""TempC_DS18B20"": 32.76}"
2025-09-20 22:03:36.032002855+00:00,dds75-lb-17,2,-37,9.75,"{""Bat"": 3.277, ""Distance_mm"": 2183, ""Interrupt_flag"": 0, ""Node_type"": ""DDS75-LB"", ""Sensor_flag"": 1, ""TempC_DS18B20"": 32.76}"
2025-09-20 22:04:36.011886910+00:00,dds75-lb-17,2,-35,9.5,"{""Bat"": 3.277, ""Distance_mm"": 2183, ""Interrupt_flag"": 0, ""Node_type"": ""DDS75-LB"", ""Sensor_flag"": 1, ""TempC_DS18B20"": 32.76}"
2025-09-20 22:05:36.014647946+00:00,dds75-lb-17,2,-38,9.75,"{""Bat"": 3.277, ""Distance_mm"": 2183, ""Interrupt_flag"": 0, ""Node_type"": ""DDS75-LB"", ""Sensor_flag"": 1, ""TempC_DS18B20"": 32.76}"
2025-09-20 22:06:35.992815840+00:00,dds75-lb-17,2,-36,9.5,"{""Bat"": 3.277, ""Distance_mm"": 2183, ""Interrupt_flag"": 0, ""Node_type"": ""DDS75-LB"", ""Sensor_flag"": 1, ""TempC_DS18B20"": 32.76}"
2025-09-20 22:07:35.973825904+00:00,dds75-lb-17,2,-35,9.5,"{""Bat"": 3.277, ""Distance_mm"": 2183, ""Interrupt_flag"": 0, ""Node_type"": ""DDS75-LB"", ""Sensor_flag"": 1, ""TempC_DS18B20"": 32.76}"
2025-09-20 22:08:35.991933953+00:00,dds75-lb-17,2,-35,8.0,"{""Bat"": 3.277, ""Distance_mm"": 2183, ""Interrupt_flag"": 0, ""Node_type"": ""DDS75-LB"", ""Sensor_flag"": 1, ""TempC_DS18B20"": 32.76}"
2025-09-20 22:09:35.970885718+00:00,dds75-lb-17,2,-36,9.5,"{""Bat"": 3.277, ""Distance_mm"": 2183, ""Interrupt_flag"": 0, ""Node_type"": ""DDS75-LB"", ""Sensor_flag"": 1, ""TempC_DS18B20"": 32.76}"
2025-09-20 22:10:35.966288525+00:00,dds75-lb-17,2,-122,-6.5,"{""Bat"": 3.277, ""Distance_mm"": 2183, ""Interrupt_flag"": 0, ""Node_type"": ""DDS75-LB"", ""Sensor_flag"": 1, ""TempC_DS18B20"": 32.76}"
2025-09-20 22:11:35.931891045+00:00,dds75-lb-17,2,-37,7.0,"{""Bat"": 3.277, ""Distance_mm"": 2183, ""Interrupt_flag"": 0, ""Node_type"": ""DDS75-LB"", ""Sensor_flag"": 1, ""TempC_DS18B20"": 32.76}"
2025-09-20 22:12:35.922979170+00:00,dds75-lb-17,2,-37,9.75,"{""Bat"": 3.277, ""Distance_mm"": 2183, ""Interrupt_flag"": 0, ""Node_type"": ""DDS75-LB"", ""Sensor_flag"": 1, ""TempC_DS18B20"": 32.76}"
2025-09-20 22:13:35.924966736+00:00,dds75-lb-17,2,-36,9.5,"{""Bat"": 3.277, ""Distance_mm"": 2183, ""Interrupt_flag"": 0, ""Node_type"": ""DDS75-LB"", ""Sensor_flag"": 1, ""TempC_DS18B20"": 32.76}"
2025-09-20 22:14:35.912790866+00:00,dds75-lb-17,2,-35,9.5,"{""Bat"": 3.277, ""Distance_mm"": 2183, ""Interrupt_flag"": 0, ""Node_type"": ""DDS75-LB"", ""Sensor_flag"": 1, ""TempC_DS18B20"": 32.76}"
2025-09-20 22:15:35.928121552+00:00,dds75-lb-17,2,-122,-5.75,"{""Bat"": 3.277, ""Distance_mm"": 2183, ""Interrupt_flag"": 0, ""Node_type"": ""DDS75-LB"", ""Sensor_flag"": 1, ""TempC_DS18B20"": 32.76}"
2025-09-20 22:16:35.958282339+00:00,dds75-lb-17,2,-117,-7.75,"{""Bat"": 3.277, ""Distance_mm"": 2183, ""Interrupt_flag"": 0, ""Node_type"": ""DDS75-LB"", ""Sensor_flag"": 1, ""TempC_DS18B20"": 32.76}"
2025-09-20 22:17:35.862420786+00:00,dds75-lb-17,2,-37,10.25,"{""Bat"": 3.277, ""Distance_mm"": 2183, ""Interrupt_flag"": 0, ""Node_type"": ""DDS75-LB"", ""Sensor_flag"": 1, ""TempC_DS18B20"": 32.76}"
2025-09-20 22:18:35.875442955+00:00,dds75-lb-17,2,-35,9.0,"{""Bat"": 3.277, ""Distance_mm"": 2183, ""Interrupt_flag"": 0, ""Node_type"": ""DDS75-LB"", ""Sensor_flag"": 1, ""TempC_DS18B20"": 32.76}"
2025-09-20 22:19:35.864209499+00:00,dds75-lb-17,2,-37,7.25,"{""Bat"": 3.277, ""Distance_mm"": 2183, ""Interrupt_flag"": 0, ""Node_type"": ""DDS75-LB"", ""Sensor_flag"": 1, ""TempC_DS18B20"": 32.76}"
2025-09-20 22:20:35.848101462+00:00,dds75-lb-17,2,-35,9.75,"{""Bat"": 3.277, ""Distance_mm"": 2183, ""Interrupt_flag"": 0, ""Node_type"": ""DDS75-LB"", ""Sensor_flag"": 1, ""TempC_DS18B20"": 32.76}"
2025-09-20 22:21:35.829477561+00:00,dds75-lb-17,2,-37,9.75,"{""Bat"": 3.277, ""Distance_mm"": 2183, ""Interrupt_flag"": 0, ""Node_type"": ""DDS75-LB"", ""Sensor_flag"": 1, ""TempC_DS18B20"": 32.76}"
2025-09-20 22:22:35.815142834+00:00,dds75-lb-17,2,-120,-3.75,"{""Bat"": 3.277, ""Distance_mm"": 2183, ""Interrupt_flag"": 0, ""Node_type"": ""DDS75-LB"", ""Sensor_flag"": 1, ""TempC_DS18B20"": 32.76}"
2025-09-20 22:23:35.795994381+00:00,dds75-lb-17,2,-119,-2.75,"{""Bat"": 3.277, ""Distance_mm"": 2183, ""Interrupt_flag"": 0, ""Node_type"": ""DDS75-LB"", ""Sensor_flag"": 1, ""TempC_DS18B20"": 32.76}"
2025-09-20 22:24:35.789808810+00:00,dds75-lb-17,2,-37,9.25,"{""Bat"": 3.277, ""Distance_mm"": 2183, ""Interrupt_flag"": 0, ""Node_type"": ""DDS75-LB"", ""Sensor_flag"": 1, ""TempC_DS18B20"": 32.76}"
2025-09-20 22:25:35.801389401+00:00,dds75-lb-17,2,-35,9.25,"{""Bat"": 3.277, ""Distance_mm"": 2183, ""Interrupt_flag"": 0, ""Node_type"": ""DDS75-LB"", ""Sensor_flag"": 1, ""TempC_DS18B20"": 32.76}"
2025-09-20 22:26:35.781589608+00:00,dds75-lb-17,2,-37,9.0,"{""Bat"": 3.277, ""Distance_mm"": 2183, ""Interrupt_flag"": 0, ""Node_type"": ""DDS75-LB"", ""Sensor_flag"": 1, ""TempC_DS18B20"": 32.76}"
2025-09-20 22:27:35.748605915+00:00,dds75-lb-17,2,-37,7.25,"{""Bat"": 3.277, ""Distance_mm"": 2183, ""Interrupt_flag"": 0, ""Node_type"": ""DDS75-LB"", ""Sensor_flag"": 1, ""TempC_DS18B20"": 32.76}"
2025-09-20 22:28:35.764242778+00:00,dds75-lb-17,2,-116,0.5,"{""Bat"": 3.277, ""Distance_mm"": 2183, ""Interrupt_flag"": 0, ""Node_type"": ""DDS75-LB"", ""Sensor_flag"": 1, ""TempC_DS18B20"": 32.76}"
2025-09-20 22:29:35.740929087+00:00,dds75-lb-17,2,-37,8.75,"{""Bat"": 3.277, ""Distance_mm"": 2183, ""Interrupt_flag"": 0, ""Node_type"": ""DDS75-LB"", ""Sensor_flag"": 1, ""TempC_DS18B20"": 32.76}"
2025-09-20 22:30:35.728222368+00:00,dds75-lb-17,2,-32,7.5,"{""Bat"": 3.277, ""Distance_mm"": 2183, ""Interrupt_flag"": 0, ""Node_type"": ""DDS75-LB"", ""Sensor_flag"": 1, ""TempC_DS18B20"": 32.76}"
2025-09-20 22:31:35.731993297+00:00,dds75-lb-17,2,-34,8.75,"{""Bat"": 3.277, ""Distance_mm"": 2183, ""Interrupt_flag"": 0, ""Node_type"": ""DDS75-LB"", ""Sensor_flag"": 1, ""TempC_DS18B20"": 32.76}"
2025-09-20 22:32:35.697579538+00:00,dds75-lb-17,2,-37,9.0,"{""Bat"": 3.277, ""Distance_mm"": 2183, ""Interrupt_flag"": 0, ""Node_type"": ""DDS75-LB"", ""Sensor_flag"": 1, ""TempC_DS18B20"": 32.76}"
2025-09-20 22:33:35.680957029+00:00,dds75-lb-17,2,-36,10.0,"{""Bat"": 3.277, ""Distance_mm"": 2183, ""Interrupt_flag"": 0, ""Node_type"": ""DDS75-LB"", ""Sensor_flag"": 1, ""TempC_DS18B20"": 32.76}"
2025-09-20 22:34:35.687964681+00:00,dds75-lb-17,2,-36,9.5,"{""Bat"": 3.277, ""Distance_mm"": 2183, ""Interrupt_flag"": 0, ""Node_type"": ""DDS75-LB"", ""Sensor_flag"": 1, ""TempC_DS18B20"": 32.76}"
2025-09-20 22:35:35.670701443+00:00,dds75-lb-17,2,-35,8.75,"{""Bat"": 3.277, ""Distance_mm"": 2183, ""Interrupt_flag"": 0, ""Node_type"": ""DDS75-LB"", ""Sensor_flag"": 1, ""TempC_DS18B20"": 32.76}"
2025-09-20 22:36:35.648783859+00:00,dds75-lb-17,2,-35,9.5,"{""Bat"": 3.277, ""Distance_mm"": 2183, ""Interrupt_flag"": 0, ""Node_type"": ""DDS75-LB"", ""Sensor_flag"": 1, ""TempC_DS18B20"": 32.76}"
2025-09-20 22:37:35.642885916+00:00,dds75-lb-17,2,-38,9.0,"{""Bat"": 3.277, ""Distance_mm"": 2183, ""Interrupt_flag"": 0, ""Node_type"": ""DDS75-LB"", ""Sensor_flag"": 1, ""TempC_DS18B20"": 32.76}"
2025-09-20 22:38:35.637573185+00:00,dds75-lb-17,2,-36,10.75,"{""Bat"": 3.277, ""Distance_mm"": 2183, ""Interrupt_flag"": 0, ""Node_type"": ""DDS75-LB"", ""Sensor_flag"": 1, ""TempC_DS18B20"": 32.76}"
2025-09-20 22:39:35.619743249+00:00,dds75-lb-17,2,-36,9.75,"{""Bat"": 3.277, ""Distance_mm"": 2183, ""Interrupt_flag"": 0, ""Node_type"": ""DDS75-LB"", ""Sensor_flag"": 1, ""TempC_DS18B20"": 32.76}"
2025-09-20 22:40:35.610288319+00:00,dds75-lb-17,2,-38,10.0,"{""Bat"": 3.277, ""Distance_mm"": 2183, ""Interrupt_flag"": 0, ""Node_type"": ""DDS75-LB"", ""Sensor_flag"": 1, ""TempC_DS18B20"": 32.76}"
2025-09-20 22:41:35.620317413+00:00,dds75-lb-17,2,-37,10.25,"{""Bat"": 3.277, ""Distance_mm"": 2183, ""Interrupt_flag"": 0, ""Node_type"": ""DDS75-LB"", ""Sensor_flag"": 1, ""TempC_DS18B20"": 32.76}"
2025-09-20 22:42:35.595414893+00:00,dds75-lb-17,2,-38,9.5,"{""Bat"": 3.277, ""Distance_mm"": 2183, ""Interrupt_flag"": 0, ""Node_type"": ""DDS75-LB"", ""Sensor_flag"": 1, ""TempC_DS18B20"": 32.76}"
2025-09-20 22:43:35.565718707+00:00,dds75-lb-17,2,-38,10.0,"{""Bat"": 3.277, ""Distance_mm"": 2183, ""Interrupt_flag"": 0, ""Node_type"": ""DDS75-LB"", ""Sensor_flag"": 1, ""TempC_DS18B20"": 32.76}"
2025-09-20 22:44:35.559652412+00:00,dds75-lb-17,2,-35,9.75,"{""Bat"": 3.277, ""Distance_mm"": 2183, ""Interrupt_flag"": 0, ""Node_type"": ""DDS75-LB"", ""Sensor_flag"": 1, ""TempC_DS18B20"": 32.76}"
2025-09-20 22:45:35.540470713+00:00,dds75-lb-17,2,-38,9.5,"{""Bat"": 3.277, ""Distance_mm"": 2183, ""Interrupt_flag"": 0, ""Node_type"": ""DDS75-LB"", ""Sensor_flag"": 1, ""TempC_DS18B20"": 32.76}"
2025-09-20 22:46:35.538981353+00:00,dds75-lb-17,2,-34,7.75,"{""Bat"": 3.277, ""Distance_mm"": 2183, ""Interrupt_flag"": 0, ""Node_type"": ""DDS75-LB"", ""Sensor_flag"": 1, ""TempC_DS18B20"": 32.76}"
2025-09-20 22:47:35.535404188+00:00,dds75-lb-17,2,-120,-4.75,"{""Bat"": 3.277, ""Distance_mm"": 2183, ""Interrupt_flag"": 0, ""Node_type"": ""DDS75-LB"", ""Sensor_flag"": 1, ""TempC_DS18B20"": 32.76}"
2025-09-20 22:48:35.516260035+00:00,dds75-lb-17,2,-36,7.5,"{""Bat"": 3.277, ""Distance_mm"": 2183, ""Interrupt_flag"": 0, ""Node_type"": ""DDS75-LB"", ""Sensor_flag"": 1, ""TempC_DS18B20"": 32.76}"
2025-09-20 22:49:35.515317763+00:00,dds75-lb-17,2,-36,9.0,"{""Bat"": 3.277, ""Distance_mm"": 2183, ""Interrupt_flag"": 0, ""Node_type"": ""DDS75-LB"", ""Sensor_flag"": 1, ""TempC_DS18B20"": 32.76}"
2025-09-20 22:50:35.485580048+00:00,dds75-lb-17,2,-35,9.75,"{""Bat"": 3.277, ""Distance_mm"": 2183, ""Interrupt_flag"": 0, ""Node_type"": ""DDS75-LB"", ""Sensor_flag"": 1, ""TempC_DS18B20"": 32.76}"
2025-09-20 22:51:35.466097964+00:00,dds75-lb-17,2,-37,9.75,"{""Bat"": 3.277, ""Distance_mm"": 2183, ""Interrupt_flag"": 0, ""Node_type"": ""DDS75-LB"", ""Sensor_flag"": 1, ""TempC_DS18B20"": 32.76}"
2025-09-20 22:52:35.489745576+00:00,dds75-lb-17,2,-34,9.25,"{""Bat"": 3.277, ""Distance_mm"": 2183, ""Interrupt_flag"": 0, ""Node_type"": ""DDS75-LB"", ""Sensor_flag"": 1, ""TempC_DS18B20"": 32.76}"
2025-09-20 22:53:35.459082107+00:00,dds75-lb-17,2,-37,10.0,"{""Bat"": 3.277, ""Distance_mm"": 2183, ""Interrupt_flag"": 0, ""Node_type"": ""DDS75-LB"", ""Sensor_flag"": 1, ""TempC_DS18B20"": 32.76}"
2025-09-20 22:54:35.436892312+00:00,dds75-lb-17,2,-34,8.25,"{""Bat"": 3.277, ""Distance_mm"": 2183, ""Interrupt_flag"": 0, ""Node_type"": ""DDS75-LB"", ""Sensor_flag"": 1, ""TempC_DS18B20"": 32.76}"
2025-09-20 22:55:35.428211059+00:00,dds75-lb-17,2,-36,9.25,"{""Bat"": 3.277, ""Distance_mm"": 2183, ""Interrupt_flag"": 0, ""Node_type"": ""DDS75-LB"", ""Sensor_flag"": 1, ""TempC_DS18B20"": 32.76}"
2025-09-20 22:56:35.418434464+00:00,dds75-lb-17,2,-36,7.0,"{""Bat"": 3.277, ""Distance_mm"": 2183, ""Interrupt_flag"": 0, ""Node_type"": ""DDS75-LB"", ""Sensor_flag"": 1, ""TempC_DS18B20"": 32.76}"
2025-09-20 22:57:35.417717563+00:00,dds75-lb-17,2,-35,9.0,"{""Bat"": 3.277, ""Distance_mm"": 2183, ""Interrupt_flag"": 0, ""Node_type"": ""DDS75-LB"", ""Sensor_flag"": 1, ""TempC_DS18B20"": 32.76}"
2025-09-20 22:58:35.389152194+00:00,dds75-lb-17,2,-37,9.25,"{""Bat"": 3.277, ""Distance_mm"": 2183, ""Interrupt_flag"": 0, ""Node_type"": ""DDS75-LB"", ""Sensor_flag"": 1, ""TempC_DS18B20"": 32.76}"
2025-09-20 22:59:35.385605798+00:00,dds75-lb-17,2,-35,7.75,"{""Bat"": 3.277, ""Distance_mm"": 2183, ""Interrupt_flag"": 0, ""Node_type"": ""DDS75-LB"", ""Sensor_flag"": 1, ""TempC_DS18B20"": 32.76}"
2025-09-20 23:00:35.371273110+00:00,dds75-lb-17,2,-35,9.25,"{""Bat"": 3.277, ""Distance_mm"": 2183, ""Interrupt_flag"": 0, ""Node_type"": ""DDS75-LB"", ""Sensor_flag"": 1, ""TempC_DS18B20"": 32.76}"
2025-09-20 23:01:35.365080071+00:00,dds75-lb-17,2,-36,9.25,"{""Bat"": 3.277, ""Distance_mm"": 2183, ""Interrupt_flag"": 0, ""Node_type"": ""DDS75-LB"", ""Sensor_flag"": 1, ""TempC_DS18B20"": 32.76}"
2025-09-20 23:02:35.357493237+00:00,dds75-lb-17,2,-36,10.5,"{""Bat"": 3.277, ""Distance_mm"": 2183, ""Interrupt_flag"": 0, ""Node_type"": ""DDS75-LB"", ""Sensor_flag"": 1, ""TempC_DS18B20"": 32.76}"
2025-09-20 23:03:35.335248134+00:00,dds75-lb-17,2,-35,7.75,"{""Bat"": 3.277, ""Distance_mm"": 2183, ""Interrupt_flag"": 0, ""Node_type"": ""DDS75-LB"", ""Sensor_flag"": 1, ""TempC_DS18B20"": 32.76}"
2025-09-20 23:04:35.364580102+00:00,dds75-lb-17,2,-117,-5.5,"{""Bat"": 3.277, ""Distance_mm"": 2183, ""Interrupt_flag"": 0, ""Node_type"": ""DDS75-LB"", ""Sensor_flag"": 1, ""TempC_DS18B20"": 32.76}"
2025-09-20 23:05:35.336333467+00:00,dds75-lb-17,2,-35,9.5,"{""Bat"": 3.277, ""Distance_mm"": 2183, ""Interrupt_flag"": 0, ""Node_type"": ""DDS75-LB"", ""Sensor_flag"": 1, ""TempC_DS18B20"": 32.76}"
2025-09-20 23:06:35.306301318+00:00,dds75-lb-17,2,-38,9.5,"{""Bat"": 3.277, ""Distance_mm"": 2183, ""Interrupt_flag"": 0, ""Node_type"": ""DDS75-LB"", ""Sensor_flag"": 1, ""TempC_DS18B20"": 32.76}"
2025-09-20 23:07:35.305417321+00:00,dds75-lb-17,2,-36,7.5,"{""Bat"": 3.277, ""Distance_mm"": 2183, ""Interrupt_flag"": 0, ""Node_type"": ""DDS75-LB"", ""Sensor_flag"": 1, ""TempC_DS18B20"": 32.76}"
2025-09-20 23:08:35.285418489+00:00,dds75-lb-17,2,-36,10.0,"{""Bat"": 3.277, ""Distance_mm"": 2183, ""Interrupt_flag"": 0, ""Node_type"": ""DDS75-LB"", ""Sensor_flag"": 1, ""TempC_DS18B20"": 32.76}"
2025-09-20 23:09:35.286298581+00:00,dds75-lb-17,2,-38,11.25,"{""Bat"": 3.277, ""Distance_mm"": 2183, ""Interrupt_flag"": 0, ""Node_type"": ""DDS75-LB"", ""Sensor_flag"": 1, ""TempC_DS18B20"": 32.76}"
2025-09-20 23:10:35.266096743+00:00,dds75-lb-17,2,-33,7.25,"{""Bat"": 3.277, ""Distance_mm"": 2183, ""Interrupt_flag"": 0, ""Node_type"": ""DDS75-LB"", ""Sensor_flag"": 1, ""TempC_DS18B20"": 32.76}"
2025-09-20 23:11:35.257304295+00:00,dds75-lb-17,2,-35,7.5,"{""Bat"": 3.277, ""Distance_mm"": 2183, ""Interrupt_flag"": 0, ""Node_type"": ""DDS75-LB"", ""Sensor_flag"": 1, ""TempC_DS18B20"": 32.76}"
2025-09-20 23:12:35.236956417+00:00,dds75-lb-17,2,-37,9.25,"{""Bat"": 3.277, ""Distance_mm"": 2183, ""Interrupt_flag"": 0, ""Node_type"": ""DDS75-LB"", ""Sensor_flag"": 1, ""TempC_DS18B20"": 32.76}"
2025-09-20 23:13:35.227068481+00:00,dds75-lb-17,2,-37,9.0,"{""Bat"": 3.277, ""Distance_mm"": 2183, ""Interrupt_flag"": 0, ""Node_type"": ""DDS75-LB"", ""Sensor_flag"": 1, ""TempC_DS18B20"": 32.76}"
2025-09-20 23:14:35.221682038+00:00,dds75-lb-17,2,-37,9.75,"{""Bat"": 3.277, ""Distance_mm"": 2183, ""Interrupt_flag"": 0, ""Node_type"": ""DDS75-LB"", ""Sensor_flag"": 1, ""TempC_DS18B20"": 32.76}"
2025-09-20 23:15:35.227567672+00:00,dds75-lb-17,2,-36,7.75,"{""Bat"": 3.277, ""Distance_mm"": 2183, ""Interrupt_flag"": 0, ""Node_type"": ""DDS75-LB"", ""Sensor_flag"": 1, ""TempC_DS18B20"": 32.76}"
2025-09-20 23:16:35.197163115+00:00,dds75-lb-17,2,-38,9.75,"{""Bat"": 3.277, ""Distance_mm"": 2183, ""Interrupt_flag"": 0, ""Node_type"": ""DDS75-LB"", ""Sensor_flag"": 1, ""TempC_DS18B20"": 32.76}"
2025-09-20 23:17:35.177777788+00:00,dds75-lb-17,2,-36,8.75,"{""Bat"": 3.277, ""Distance_mm"": 2183, ""Interrupt_flag"": 0, ""Node_type"": ""DDS75-LB"", ""Sensor_flag"": 1, ""TempC_DS18B20"": 32.76}"
2025-09-20 23:18:35.188274686+00:00,dds75-lb-17,2,-35,7.75,"{""Bat"": 3.277, ""Distance_mm"": 2183, ""Interrupt_flag"": 0, ""Node_type"": ""DDS75-LB"", ""Sensor_flag"": 1, ""TempC_DS18B20"": 32.76}"
2025-09-20 23:19:35.169556312+00:00,dds75-lb-17,2,-33,8.25,"{""Bat"": 3.277, ""Distance_mm"": 2183, ""Interrupt_flag"": 0, ""Node_type"": ""DDS75-LB"", ""Sensor_flag"": 1, ""TempC_DS18B20"": 32.76}"
2025-09-20 23:20:35.166949485+00:00,dds75-lb-17,2,-37,7.25,"{""Bat"": 3.277, ""Distance_mm"": 2183, ""Interrupt_flag"": 0, ""Node_type"": ""DDS75-LB"", ""Sensor_flag"": 1, ""TempC_DS18B20"": 32.76}"
2025-09-20 23:21:35.140054281+00:00,dds75-lb-17,2,-35,10.0,"{""Bat"": 3.277, ""Distance_mm"": 2183, ""Interrupt_flag"": 0, ""Node_type"": ""DDS75-LB"", ""Sensor_flag"": 1, ""TempC_DS18B20"": 32.76}"
2025-09-20 23:22:35.127055244+00:00,dds75-lb-17,2,-38,10.25,"{""Bat"": 3.277, ""Distance_mm"": 2183, ""Interrupt_flag"": 0, ""Node_type"": ""DDS75-LB"", ""Sensor_flag"": 1, ""TempC_DS18B20"": 32.76}"
2025-09-20 23:23:35.116668212+00:00,dds75-lb-17,2,-35,7.5,"{""Bat"": 3.277, ""Distance_mm"": 2183, ""Interrupt_flag"": 0, ""Node_type"": ""DDS75-LB"", ""Sensor_flag"": 1, ""TempC_DS18B20"": 32.76}"
2025-09-20 23:24:35.109987362+00:00,dds75-lb-17,2,-35,10.25,"{""Bat"": 3.277, ""Distance_mm"": 2183, ""Interrupt_flag"": 0, ""Node_type"": ""DDS75-LB"", ""Sensor_flag"": 1, ""TempC_DS18B20"": 32.76}"
2025-09-20 23:25:35.100692724+00:00,dds75-lb-17,2,-35,9.25,"{""Bat"": 3.277, ""Distance_mm"": 2183, ""Interrupt_flag"": 0, ""Node_type"": ""DDS75-LB"", ""Sensor_flag"": 1, ""TempC_DS18B20"": 32.76}"
2025-09-20 23:26:35.079351887+00:00,dds75-lb-17,2,-35,8.0,"{""Bat"": 3.277, ""Distance_mm"": 2183, ""Interrupt_flag"": 0, ""Node_type"": ""DDS75-LB"", ""Sensor_flag"": 1, ""TempC_DS18B20"": 32.76}"
2025-09-20 23:27:35.060276264+00:00,dds75-lb-17,2,-36,9.0,"{""Bat"": 3.277, ""Distance_mm"": 2183, ""Interrupt_flag"": 0, ""Node_type"": ""DDS75-LB"", ""Sensor_flag"": 1, ""TempC_DS18B20"": 32.76}"
2025-09-20 23:28:35.065447525+00:00,dds75-lb-17,2,-37,7.0,"{""Bat"": 3.277, ""Distance_mm"": 2183, ""Interrupt_flag"": 0, ""Node_type"": ""DDS75-LB"", ""Sensor_flag"": 1, ""TempC_DS18B20"": 32.76}"
2025-09-20 23:29:35.040976234+00:00,dds75-lb-17,2,-37,10.0,"{""Bat"": 3.277, ""Distance_mm"": 2183, ""Interrupt_flag"": 0, ""Node_type"": ""DDS75-LB"", ""Sensor_flag"": 1, ""TempC_DS18B20"": 32.76}"
2025-09-20 23:30:35.034944101+00:00,dds75-lb-17,2,-39,10.25,"{""Bat"": 3.277, ""Distance_mm"": 2183, ""Interrupt_flag"": 0, ""Node_type"": ""DDS75-LB"", ""Sensor_flag"": 1, ""TempC_DS18B20"": 32.76}"
2025-09-20 23:31:35.034369792+00:00,dds75-lb-17,2,-37,10.0,"{""Bat"": 3.277, ""Distance_mm"": 2183, ""Interrupt_flag"": 0, ""Node_type"": ""DDS75-LB"", ""Sensor_flag"": 1, ""TempC_DS18B20"": 32.76}"
2025-09-20 23:32:35.020898189+00:00,dds75-lb-17,2,-124,-8.25,"{""Bat"": 3.277, ""Distance_mm"": 2183, ""Interrupt_flag"": 0, ""Node_type"": ""DDS75-LB"", ""Sensor_flag"": 1, ""TempC_DS18B20"": 32.76}"
2025-09-20 23:33:35.009328252+00:00,dds75-lb-17,2,-122,-5.75,"{""Bat"": 3.277, ""Distance_mm"": 2183, ""Interrupt_flag"": 0, ""Node_type"": ""DDS75-LB"", ""Sensor_flag"": 1, ""TempC_DS18B20"": 32.76}"
2025-09-20 23:34:35.021881643+00:00,dds75-lb-17,2,-33,8.25,"{""Bat"": 3.277, ""Distance_mm"": 1018, ""Interrupt_flag"": 0, ""Node_type"": ""DDS75-LB"", ""Sensor_flag"": 1, ""TempC_DS18B20"": 32.76}"
2025-09-20 23:35:34.983844907+00:00,dds75-lb-17,2,-33,8.0,"{""Bat"": 3.277, ""Distance_mm"": 1153, ""Interrupt_flag"": 0, ""Node_type"": ""DDS75-LB"", ""Sensor_flag"": 1, ""TempC_DS18B20"": 32.76}"
2025-09-20 23:36:34.977085943+00:00,dds75-lb-17,2,-119,-1.75,"{""Bat"": 3.277, ""Distance_mm"": 1341, ""Interrupt_flag"": 0, ""Node_type"": ""DDS75-LB"", ""Sensor_flag"": 1, ""TempC_DS18B20"": 32.76}"
2025-09-20 23:37:34.966248361+00:00,dds75-lb-17,2,-36,10.25,"{""Bat"": 3.277, ""Distance_mm"": 1646, ""Interrupt_flag"": 0, ""Node_type"": ""DDS75-LB"", ""Sensor_flag"": 1, ""TempC_DS18B20"": 32.76}"
2025-09-20 23:38:34.954043821+00:00,dds75-lb-17,2,-35,9.25,"{""Bat"": 3.277, ""Distance_mm"": 2026, ""Interrupt_flag"": 0, ""Node_type"": ""DDS75-LB"", ""Sensor_flag"": 1, ""TempC_DS18B20"": 32.76}"
2025-09-20 23:39:34.943818513+00:00,dds75-lb-17,2,-35,9.0,"{""Bat"": 3.277, ""Distance_mm"": 2183, ""Interrupt_flag"": 0, ""Node_type"": ""DDS75-LB"", ""Sensor_flag"": 1, ""TempC_DS18B20"": 32.76}"
2025-09-20 23:40:34.925411732+00:00,dds75-lb-17,2,-35,9.75,"{""Bat"": 3.277, ""Distance_mm"": 2183, ""Interrupt_flag"": 0, ""Node_type"": ""DDS75-LB"", ""Sensor_flag"": 1, ""TempC_DS18B20"": 32.76}"
2025-09-20 23:41:34.940433872+00:00,dds75-lb-17,2,-122,-6.0,"{""Bat"": 3.277, ""Distance_mm"": 2183, ""Interrupt_flag"": 0, ""Node_type"": ""DDS75-LB"", ""Sensor_flag"": 1, ""TempC_DS18B20"": 32.76}"
2025-09-20 23:42:34.915243314+00:00,dds75-lb-17,2,-36,9.5,"{""Bat"": 3.277, ""Distance_mm"": 2183, ""Interrupt_flag"": 0, ""Node_type"": ""DDS75-LB"", ""Sensor_flag"": 1, ""TempC_DS18B20"": 32.76}"
2025-09-20 23:43:34.905860581+00:00,dds75-lb-17,2,-33,9.25,"{""Bat"": 3.277, ""Distance_mm"": 2183, ""Interrupt_flag"": 0, ""Node_type"": ""DDS75-LB"", ""Sensor_flag"": 1, ""TempC_DS18B20"": 32.76}"
2025-09-20 23:44:34.896446506+00:00,dds75-lb-17,2,-36,9.75,"{""Bat"": 3.277, ""Distance_mm"": 2183, ""Interrupt_flag"": 0, ""Node_type"": ""DDS75-LB"", ""Sensor_flag"": 1, ""TempC_DS18B20"": 32.76}"
2025-09-20 23:45:34.873809069+00:00,dds75-lb-17,2,-36,9.75,"{""Bat"": 3.277, ""Distance_mm"": 2183, ""Interrupt_flag"": 0, ""Node_type"": ""DDS75-LB"", ""Sensor_flag"": 1, ""TempC_DS18B20"": 32.76}"
2025-09-20 23:46:34.856247966+00:00,dds75-lb-17,2,-37,9.5,"{""Bat"": 3.277, ""Distance_mm"": 2183, ""Interrupt_flag"": 0, ""Node_type"": ""DDS75-LB"", ""Sensor_flag"": 1, ""TempC_DS18B20"": 32.76}"
2025-09-20 23:47:34.854643257+00:00,dds75-lb-17,2,-36,7.5,"{""Bat"": 3.277, ""Distance_mm"": 2183, ""Interrupt_flag"": 0, ""Node_type"": ""DDS75-LB"", ""Sensor_flag"": 1, ""TempC_DS18B20"": 32.76}"
2025-09-20 23:48:34.843950302+00:00,dds75-lb-17,2,-37,9.25,"{""Bat"": 3.277, ""Distance_mm"": 2183, ""Interrupt_flag"": 0, ""Node_type"": ""DDS75-LB"", ""Sensor_flag"": 1, ""TempC_DS18B20"": 32.76}"
2025-09-20 23:49:34.812872985+00:00,dds75-lb-17,2,-38,9.5,"{""Bat"": 3.277, ""Distance_mm"": 2183, ""Interrupt_flag"": 0, ""Node_type"": ""DDS75-LB"", ""Sensor_flag"": 1, ""TempC_DS18B20"": 32.76}"
2025-09-20 23:50:34.813012748+00:00,dds75-lb-17,2,-33,7.5,"{""Bat"": 3.277, ""Distance_mm"": 2183, ""Interrupt_flag"": 0, ""Node_type"": ""DDS75-LB"", ""Sensor_flag"": 1, ""TempC_DS18B20"": 32.76}"
2025-09-20 23:51:34.817208677+00:00,dds75-lb-17,2,-33,7.5,"{""Bat"": 3.277, ""Distance_mm"": 2183, ""Interrupt_flag"": 0, ""Node_type"": ""DDS75-LB"", ""Sensor_flag"": 1, ""TempC_DS18B20"": 32.76}"
2025-09-20 23:52:34.792981739+00:00,dds75-lb-17,2,-37,8.0,"{""Bat"": 3.277, ""Distance_mm"": 2183, ""Interrupt_flag"": 0, ""Node_type"": ""DDS75-LB"", ""Sensor_flag"": 1, ""TempC_DS18B20"": 32.76}"
2025-09-20 23:53:34.773891991+00:00,dds75-lb-17,2,-35,9.5,"{""Bat"": 3.277, ""Distance_mm"": 2183, ""Interrupt_flag"": 0, ""Node_type"": ""DDS75-LB"", ""Sensor_flag"": 1, ""TempC_DS18B20"": 32.76}"
2025-09-20 23:54:34.763008163+00:00,dds75-lb-17,2,-38,10.25,"{""Bat"": 3.277, ""Distance_mm"": 2183, ""Interrupt_flag"": 0, ""Node_type"": ""DDS75-LB"", ""Sensor_flag"": 1, ""TempC_DS18B20"": 32.76}"
2025-09-20 23:55:34.753565168+00:00,dds75-lb-17,2,-37,9.75,"{""Bat"": 3.277, ""Distance_mm"": 2183, ""Interrupt_flag"": 0, ""Node_type"": ""DDS75-LB"", ""Sensor_flag"": 1, ""TempC_DS18B20"": 32.76}"
2025-09-20 23:56:34.742912140+00:00,dds75-lb-17,2,-36,10.25,"{""Bat"": 3.277, ""Distance_mm"": 2183, ""Interrupt_flag"": 0, ""Node_type"": ""DDS75-LB"", ""Sensor_flag"": 1, ""TempC_DS18B20"": 32.76}"
2025-09-20 23:57:34.736102010+00:00,dds75-lb-17,2,-36,10.0,"{""Bat"": 3.277, ""Distance_mm"": 2183, ""Interrupt_flag"": 0, ""Node_type"": ""DDS75-LB"", ""Sensor_flag"": 1, ""TempC_DS18B20"": 32.76}"
2025-09-20 23:58:34.744069234+00:00,dds75-lb-17,2,-35,7.5,"{""Bat"": 3.277, ""Distance_mm"": 2183, ""Interrupt_flag"": 0, ""Node_type"": ""DDS75-LB"", ""Sensor_flag"": 1, ""TempC_DS18B20"": 32.76}"
2025-09-20 23:59:34.716160441+00:00,dds75-lb-17,2,-34,8.5,"{""Bat"": 3.277, ""Distance_mm"": 2183, ""Interrupt_flag"": 0, ""Node_type"": ""DDS75-LB"", ""Sensor_flag"": 1, ""TempC_DS18B20"": 32.76}"
2025-09-21 00:00:34.706126544+00:00,dds75-lb-17,2,-37,7.25,"{""Bat"": 3.277, ""Distance_mm"": 2183, ""Interrupt_flag"": 0, ""Node_type"": ""DDS75-LB"", ""Sensor_flag"": 1, ""TempC_DS18B20"": 32.76}"
2025-09-21 00:01:34.706250677+00:00,dds75-lb-17,2,-119,-3.0,"{""Bat"": 3.277, ""Distance_mm"": 2183, ""Interrupt_flag"": 0, ""Node_type"": ""DDS75-LB"", ""Sensor_flag"": 1, ""TempC_DS18B20"": 32.76}"
2025-09-21 00:02:34.684699973+00:00,dds75-lb-17,2,-37,9.75,"{""Bat"": 3.277, ""Distance_mm"": 2183, ""Interrupt_flag"": 0, ""Node_type"": ""DDS75-LB"", ""Sensor_flag"": 1, ""TempC_DS18B20"": 32.76}"
2025-09-21 00:03:34.673371383+00:00,dds75-lb-17,2,-35,7.0,"{""Bat"": 3.277, ""Distance_mm"": 2183, ""Interrupt_flag"": 0, ""Node_type"": ""DDS75-LB"", ""Sensor_flag"": 1, ""TempC_DS18B20"": 32.76}"
2025-09-21 00:04:34.656239582+00:00,dds75-lb-17,2,-36,9.5,"{""Bat"": 3.277, ""Distance_mm"": 2183, ""Interrupt_flag"": 0, ""Node_type"": ""DDS75-LB"", ""Sensor_flag"": 1, ""TempC_DS18B20"": 32.76}"
2025-09-21 00:05:34.643623251+00:00,dds75-lb-17,2,-37,9.25,"{""Bat"": 3.277, ""Distance_mm"": 2183, ""Interrupt_flag"": 0, ""Node_type"": ""DDS75-LB"", ""Sensor_flag"": 1, ""TempC_DS18B20"": 32.76}"
2025-09-21 00:06:34.653910969+00:00,dds75-lb-17,2,-35,7.5,"{""Bat"": 3.277, ""Distance_mm"": 2183, ""Interrupt_flag"": 0, ""Node_type"": ""DDS75-LB"", ""Sensor_flag"": 1, ""TempC_DS18B20"": 32.76}"
2025-09-21 00:07:34.623756780+00:00,dds75-lb-17,2,-34,9.0,"{""Bat"": 3.277, ""Distance_mm"": 2183, ""Interrupt_flag"": 0, ""Node_type"": ""DDS75-LB"", ""Sensor_flag"": 1, ""TempC_DS18B20"": 32.76}"
2025-09-21 00:08:34.620924839+00:00,dds75-lb-17,2,-37,7.0,"{""Bat"": 3.277, ""Distance_mm"": 2183, ""Interrupt_flag"": 0, ""Node_type"": ""DDS75-LB"", ""Sensor_flag"": 1, ""TempC_DS18B20"": 32.76}"
2025-09-21 00:09:34.623974001+00:00,dds75-lb-17,2,-35,9.25,"{""Bat"": 3.277, ""Distance_mm"": 2183, ""Interrupt_flag"": 0, ""Node_type"": ""DDS75-LB"", ""Sensor_flag"": 1, ""TempC_DS18B20"": 32.76}"
2025-09-21 00:10:34.571502270+00:00,dds75-lb-17,2,-37,10.0,"{""Bat"": 3.277, ""Distance_mm"": 2183, ""Interrupt_flag"": 0, ""Node_type"": ""DDS75-LB"", ""Sensor_flag"": 1, ""TempC_DS18B20"": 32.76}"
2025-09-21 00:11:34.572040321+00:00,dds75-lb-17,2,-37,9.0,"{""Bat"": 3.277, ""Distance_mm"": 2183, ""Interrupt_flag"": 0, ""Node_type"": ""DDS75-LB"", ""Sensor_flag"": 1, ""TempC_DS18B20"": 32.76}"
2025-09-21 00:12:34.573859167+00:00,dds75-lb-17,2,-36,10.25,"{""Bat"": 3.277, ""Distance_mm"": 2183, ""Interrupt_flag"": 0, ""Node_type"": ""DDS75-LB"", ""Sensor_flag"": 1, ""TempC_DS18B20"": 32.76}"
2025-09-21 00:13:34.551511728+00:00,dds75-lb-17,2,-38,10.0,"{""Bat"": 3.277, ""Distance_mm"": 2183, ""Interrupt_flag"": 0, ""Node_type"": ""DDS75-LB"", ""Sensor_flag"": 1, ""TempC_DS18B20"": 32.76}"
2025-09-21 00:14:34.551107515+00:00,dds75-lb-17,2,-119,-3.0,"{""Bat"": 3.277, ""Distance_mm"": 2183, ""Interrupt_flag"": 0, ""Node_type"": ""DDS75-LB"", ""Sensor_flag"": 1, ""TempC_DS18B20"": 32.76}"
2025-09-21 00:15:34.540930115+00:00,dds75-lb-17,2,-35,8.75,"{""Bat"": 3.277, ""Distance_mm"": 2183, ""Interrupt_flag"": 0, ""Node_type"": ""DDS75-LB"", ""Sensor_flag"": 1, ""TempC_DS18B20"": 32.76}"
2025-09-21 00:16:34.528068133+00:00,dds75-lb-17,2,-37,9.5,"{""Bat"": 3.277, ""Distance_mm"": 2183, ""Interrupt_flag"": 0, ""Node_type"": ""DDS75-LB"", ""Sensor_flag"": 1, ""TempC_DS18B20"": 32.76}"
2025-09-21 00:17:34.509764639+00:00,dds75-lb-17,2,-36,9.75,"{""Bat"": 3.277, ""Distance_mm"": 2183, ""Interrupt_flag"": 0, ""Node_type"": ""DDS75-LB"", ""Sensor_flag"": 1, ""TempC_DS18B20"": 32.76}"
2025-09-21 00:18:34.506228139+00:00,dds75-lb-17,2,-36,9.25,"{""Bat"": 3.277, ""Distance_mm"": 2183, ""Interrupt_flag"": 0, ""Node_type"": ""DDS75-LB"", ""Sensor_flag"": 1, ""TempC_DS18B20"": 32.76}"
2025-09-21 00:19:34.483752979+00:00,dds75-lb-17,2,-38,10.75,"{""Bat"": 3.277, ""Distance_mm"": 2183, ""Interrupt_flag"": 0, ""Node_type"": ""DDS75-LB"", ""Sensor_flag"": 1, ""TempC_DS18B20"": 32.76}"
2025-09-21 00:20:34.466368881+00:00,dds75-lb-17,2,-38,9.75,"{""Bat"": 3.277, ""Distance_mm"": 2183, ""Interrupt_flag"": 0, ""Node_type"": ""DDS75-LB"", ""Sensor_flag"": 1, ""TempC_DS18B20"": 32.76}"
2025-09-21 00:21:34.466704663+00:00,dds75-lb-17,2,-38,9.25,"{""Bat"": 3.277, ""Distance_mm"": 2183, ""Interrupt_flag"": 0, ""Node_type"": ""DDS75-LB"", ""Sensor_flag"": 1, ""TempC_DS18B20"": 32.76}"
2025-09-21 00:22:34.466507385+00:00,dds75-lb-17,2,-33,7.5,"{""Bat"": 3.277, ""Distance_mm"": 2183, ""Interrupt_flag"": 0, ""Node_type"": ""DDS75-LB"", ""Sensor_flag"": 1, ""TempC_DS18B20"": 32.76}"
2025-09-21 00:23:34.427918874+00:00,dds75-lb-17,2,-120,-4.25,"{""Bat"": 3.277, ""Distance_mm"": 2183, ""Interrupt_flag"": 0, ""Node_type"": ""DDS75-LB"", ""Sensor_flag"": 1, ""TempC_DS18B20"": 32.76}"
2025-09-21 00:24:34.451325548+00:00,dds75-lb-17,2,-35,7.25,"{""Bat"": 3.277, ""Distance_mm"": 2183, ""Interrupt_flag"": 0, ""Node_type"": ""DDS75-LB"", ""Sensor_flag"": 1, ""TempC_DS18B20"": 32.76}"
2025-09-21 00:25:34.450292280+00:00,dds75-lb-17,2,-37,9.75,"{""Bat"": 3.277, ""Distance_mm"": 2183, ""Interrupt_flag"": 0, ""Node_type"": ""DDS75-LB"", ""Sensor_flag"": 1, ""TempC_DS18B20"": 32.76}"
2025-09-21 00:26:34.418947370+00:00,dds75-lb-17,2,-37,9.25,"{""Bat"": 3.277, ""Distance_mm"": 2183, ""Interrupt_flag"": 0, ""Node_type"": ""DDS75-LB"", ""Sensor_flag"": 1, ""TempC_DS18B20"": 32.76}"
2025-09-21 00:27:34.399358740+00:00,dds75-lb-17,2,-37,7.5,"{""Bat"": 3.277, ""Distance_mm"": 2183, ""Interrupt_flag"": 0, ""Node_type"": ""DDS75-LB"", ""Sensor_flag"": 1, ""TempC_DS18B20"": 32.76}"
2025-09-21 00:28:34.400096737+00:00,dds75-lb-17,2,-36,9.75,"{""Bat"": 3.277, ""Distance_mm"": 2183, ""Interrupt_flag"": 0, ""Node_type"": ""DDS75-LB"", ""Sensor_flag"": 1, ""TempC_DS18B20"": 32.76}"
2025-09-21 00:29:34.387315348+00:00,dds75-lb-17,2,-37,9.75,"{""Bat"": 3.277, ""Distance_mm"": 2183, ""Interrupt_flag"": 0, ""Node_type"": ""DDS75-LB"", ""Sensor_flag"": 1, ""TempC_DS18B20"": 32.76}"
2025-09-21 00:30:34.377141101+00:00,dds75-lb-17,2,-120,-4.5,"{""Bat"": 3.277, ""Distance_mm"": 2183, ""Interrupt_flag"": 0, ""Node_type"": ""DDS75-LB"", ""Sensor_flag"": 1, ""TempC_DS18B20"": 32.76}"
2025-09-21 00:31:34.367148725+00:00,dds75-lb-17,2,-33,7.5,"{""Bat"": 3.277, ""Distance_mm"": 2183, ""Interrupt_flag"": 0, ""Node_type"": ""DDS75-LB"", ""Sensor_flag"": 1, ""TempC_DS18B20"": 32.76}"
2025-09-21 00:32:34.338424342+00:00,dds75-lb-17,2,-36,10.0,"{""Bat"": 3.277, ""Distance_mm"": 2183, ""Interrupt_flag"": 0, ""Node_type"": ""DDS75-LB"", ""Sensor_flag"": 1, ""TempC_DS18B20"": 32.76}"
2025-09-21 00:33:34.338745158+00:00,dds75-lb-17,2,-36,9.0,"{""Bat"": 3.277, ""Distance_mm"": 2183, ""Interrupt_flag"": 0, ""Node_type"": ""DDS75-LB"", ""Sensor_flag"": 1, ""TempC_DS18B20"": 32.76}"
2025-09-21 00:34:34.319199555+00:00,dds75-lb-17,2,-38,9.5,"{""Bat"": 3.277, ""Distance_mm"": 2183, ""Interrupt_flag"": 0, ""Node_type"": ""DDS75-LB"", ""Sensor_flag"": 1, ""TempC_DS18B20"": 32.76}"
2025-09-21 00:35:34.306749304+00:00,dds75-lb-17,2,-37,9.0,"{""Bat"": 3.277, ""Distance_mm"": 2183, ""Interrupt_flag"": 0, ""Node_type"": ""DDS75-LB"", ""Sensor_flag"": 1, ""TempC_DS18B20"": 32.76}"
2025-09-21 00:36:34.299964662+00:00,dds75-lb-17,2,-120,-4.0,"{""Bat"": 3.277, ""Distance_mm"": 2183, ""Interrupt_flag"": 0, ""Node_type"": ""DDS75-LB"", ""Sensor_flag"": 1, ""TempC_DS18B20"": 32.76}"
2025-09-21 00:37:34.284470039+00:00,dds75-lb-17,2,-37,9.5,"{""Bat"": 3.277, ""Distance_mm"": 2183, ""Interrupt_flag"": 0, ""Node_type"": ""DDS75-LB"", ""Sensor_flag"": 1, ""TempC_DS18B20"": 32.76}"
2025-09-21 00:38:34.264449965+00:00,dds75-lb-17,2,-36,10.5,"{""Bat"": 3.277, ""Distance_mm"": 2183, ""Interrupt_flag"": 0, ""Node_type"": ""DDS75-LB"", ""Sensor_flag"": 1, ""TempC_DS18B20"": 32.76}"
2025-09-21 00:39:34.266635664+00:00,dds75-lb-17,2,-122,-6.0,"{""Bat"": 3.277, ""Distance_mm"": 2183, ""Interrupt_flag"": 0, ""Node_type"": ""DDS75-LB"", ""Sensor_flag"": 1, ""TempC_DS18B20"": 32.76}"
2025-09-21 00:40:34.256620430+00:00,dds75-lb-17,2,-34,9.5,"{""Bat"": 3.277, ""Distance_mm"": 2183, ""Interrupt_flag"": 0, ""Node_type"": ""DDS75-LB"", ""Sensor_flag"": 1, ""TempC_DS18B20"": 32.76}"
2025-09-21 00:41:34.234091589+00:00,dds75-lb-17,2,-35,9.25,"{""Bat"": 3.277, ""Distance_mm"": 2183, ""Interrupt_flag"": 0, ""Node_type"": ""DDS75-LB"", ""Sensor_flag"": 1, ""TempC_DS18B20"": 32.76}"
2025-09-21 00:42:34.215559279+00:00,dds75-lb-17,2,-123,-7.25,"{""Bat"": 3.277, ""Distance_mm"": 2183, ""Interrupt_flag"": 0, ""Node_type"": ""DDS75-LB"", ""Sensor_flag"": 1, ""TempC_DS18B20"": 32.76}"
2025-09-21 00:43:34.217445016+00:00,dds75-lb-17,2,-37,7.0,"{""Bat"": 3.277, ""Distance_mm"": 2183, ""Interrupt_flag"": 0, ""Node_type"": ""DDS75-LB"", ""Sensor_flag"": 1, ""TempC_DS18B20"": 32.76}"
2025-09-21 00:44:34.194497141+00:00,dds75-lb-17,2,-35,9.5,"{""Bat"": 3.277, ""Distance_mm"": 2183, ""Interrupt_flag"": 0, ""Node_type"": ""DDS75-LB"", ""Sensor_flag"": 1, ""TempC_DS18B20"": 32.76}"
2025-09-21 00:45:34.186487281+00:00,dds75-lb-17,2,-37,10.25,"{""Bat"": 3.277, ""Distance_mm"": 2183, ""Interrupt_flag"": 0, ""Node_type"": ""DDS75-LB"", ""Sensor_flag"": 1, ""TempC_DS18B20"": 32.76}"
2025-09-21 00:46:34.186557800+00:00,dds75-lb-17,2,-35,9.25,"{""Bat"": 3.277, ""Distance_mm"": 2183, ""Interrupt_flag"": 0, ""Node_type"": ""DDS75-LB"", ""Sensor_flag"": 1, ""TempC_DS18B20"": 32.76}"
2025-09-21 00:47:34.182762744+00:00,dds75-lb-17,2,-33,7.25,"{""Bat"": 3.277, ""Distance_mm"": 2183, ""Interrupt_flag"": 0, ""Node_type"": ""DDS75-LB"", ""Sensor_flag"": 1, ""TempC_DS18B20"": 32.76}"
2025-09-21 00:48:34.156321685+00:00,dds75-lb-17,2,-37,10.0,"{""Bat"": 3.277, ""Distance_mm"": 2183, ""Interrupt_flag"": 0, ""Node_type"": ""DDS75-LB"", ""Sensor_flag"": 1, ""TempC_DS18B20"": 32.76}"
2025-09-21 00:49:34.149552268+00:00,dds75-lb-17,2,-118,-2.25,"{""Bat"": 3.277, ""Distance_mm"": 2183, ""Interrupt_flag"": 0, ""Node_type"": ""DDS75-LB"", ""Sensor_flag"": 1, ""TempC_DS18B20"": 32.76}"
2025-09-21 00:50:34.134571698+00:00,dds75-lb-17,2,-36,9.75,"{""Bat"": 3.277, ""Distance_mm"": 2183, ""Interrupt_flag"": 0, ""Node_type"": ""DDS75-LB"", ""Sensor_flag"": 1, ""TempC_DS18B20"": 32.76}"
2025-09-21 00:51:34.129993140+00:00,dds75-lb-17,2,-35,7.25,"{""Bat"": 3.277, ""Distance_mm"": 2183, ""Interrupt_flag"": 0, ""Node_type"": ""DDS75-LB"", ""Sensor_flag"": 1, ""TempC_DS18B20"": 32.76}"
2025-09-21 00:52:34.117194097+00:00,dds75-lb-17,2,-35,10.25,"{""Bat"": 3.277, ""Distance_mm"": 2183, ""Interrupt_flag"": 0, ""Node_type"": ""DDS75-LB"", ""Sensor_flag"": 1, ""TempC_DS18B20"": 32.76}"
2025-09-21 00:53:34.099861690+00:00,dds75-lb-17,2,-120,-4.75,"{""Bat"": 3.277, ""Distance_mm"": 2183, ""Interrupt_flag"": 0, ""Node_type"": ""DDS75-LB"", ""Sensor_flag"": 1, ""TempC_DS18B20"": 32.76}"
2025-09-21 00:54:34.083086086+00:00,dds75-lb-17,2,-120,-3.0,"{""Bat"": 3.277, ""Distance_mm"": 2183, ""Interrupt_flag"": 0, ""Node_type"": ""DDS75-LB"", ""Sensor_flag"": 1, ""TempC_DS18B20"": 32.76}"
2025-09-21 00:55:34.069162958+00:00,dds75-lb-17,2,-124,-8.75,"{""Bat"": 3.277, ""Distance_mm"": 2183, ""Interrupt_flag"": 0, ""Node_type"": ""DDS75-LB"", ""Sensor_flag"": 1, ""TempC_DS18B20"": 32.76}"
2025-09-21 00:56:34.053606678+00:00,dds75-lb-17,2,-37,10.5,"{""Bat"": 3.277, ""Distance_mm"": 2183, ""Interrupt_flag"": 0, ""Node_type"": ""DDS75-LB"", ""Sensor_flag"": 1, ""TempC_DS18B20"": 32.76}"
2025-09-21 00:57:34.048551806+00:00,dds75-lb-17,2,-118,-1.25,"{""Bat"": 3.277, ""Distance_mm"": 2183, ""Interrupt_flag"": 0, ""Node_type"": ""DDS75-LB"", ""Sensor_flag"": 1, ""TempC_DS18B20"": 32.76}"
2025-09-21 00:58:34.059275942+00:00,dds75-lb-17,2,-36,9.25,"{""Bat"": 3.277, ""Distance_mm"": 2183, ""Interrupt_flag"": 0, ""Node_type"": ""DDS75-LB"", ""Sensor_flag"": 1, ""TempC_DS18B20"": 32.76}"
2025-09-21 00:59:34.027356625+00:00,dds75-lb-17,2,-36,6.5,"{""Bat"": 3.277, ""Distance_mm"": 2183, ""Interrupt_flag"": 0, ""Node_type"": ""DDS75-LB"", ""Sensor_flag"": 1, ""TempC_DS18B20"": 32.76}"
2025-09-21 01:00:34.010435785+00:00,dds75-lb-17,2,-35,9.75,"{""Bat"": 3.277, ""Distance_mm"": 2183, ""Interrupt_flag"": 0, ""Node_type"": ""DDS75-LB"", ""Sensor_flag"": 1, ""TempC_DS18B20"": 32.76}"
2025-09-21 01:01:34.020339064+00:00,dds75-lb-17,2,-36,10.0,"{""Bat"": 3.277, ""Distance_mm"": 2183, ""Interrupt_flag"": 0, ""Node_type"": ""DDS75-LB"", ""Sensor_flag"": 1, ""TempC_DS18B20"": 32.76}"
2025-09-21 01:02:33.997893291+00:00,dds75-lb-17,2,-119,-4.5,"{""Bat"": 3.277, ""Distance_mm"": 2183, ""Interrupt_flag"": 0, ""Node_type"": ""DDS75-LB"", ""Sensor_flag"": 1, ""TempC_DS18B20"": 32.76}"
2025-09-21 01:03:33.987838711+00:00,dds75-lb-17,2,-35,9.5,"{""Bat"": 3.277, ""Distance_mm"": 2183, ""Interrupt_flag"": 0, ""Node_type"": ""DDS75-LB"", ""Sensor_flag"": 1, ""TempC_DS18B20"": 32.76}"
2025-09-21 01:04:33.981147336+00:00,dds75-lb-17,2,-37,8.0,"{""Bat"": 3.277, ""Distance_mm"": 2183, ""Interrupt_flag"": 0, ""Node_type"": ""DDS75-LB"", ""Sensor_flag"": 1, ""TempC_DS18B20"": 32.76}"
2025-09-21 01:05:33.977273679+00:00,dds75-lb-17,2,-37,10.5,"{""Bat"": 3.277, ""Distance_mm"": 2183, ""Interrupt_flag"": 0, ""Node_type"": ""DDS75-LB"", ""Sensor_flag"": 1, ""TempC_DS18B20"": 32.76}"
2025-09-21 01:06:33.947688183+00:00,dds75-lb-17,2,-37,9.5,"{""Bat"": 3.277, ""Distance_mm"": 2183, ""Interrupt_flag"": 0, ""Node_type"": ""DDS75-LB"", ""Sensor_flag"": 1, ""TempC_DS18B20"": 32.76}"
2025-09-21 01:07:33.947490030+00:00,dds75-lb-17,2,-38,9.75,"{""Bat"": 3.277, ""Distance_mm"": 2183, ""Interrupt_flag"": 0, ""Node_type"": ""DDS75-LB"", ""Sensor_flag"": 1, ""TempC_DS18B20"": 32.76}"
2025-09-21 01:08:33.937121577+00:00,dds75-lb-17,2,-36,9.25,"{""Bat"": 3.277, ""Distance_mm"": 2183, ""Interrupt_flag"": 0, ""Node_type"": ""DDS75-LB"", ""Sensor_flag"": 1, ""TempC_DS18B20"": 32.76}"
2025-09-21 01:09:33.917706796+00:00,dds75-lb-17,2,-38,9.75,"{""Bat"": 3.277, ""Distance_mm"": 2183, ""Interrupt_flag"": 0, ""Node_type"": ""DDS75-LB"", ""Sensor_flag"": 1, ""TempC_DS18B20"": 32.76}"
2025-09-21 01:10:33.898145842+00:00,dds75-lb-17,2,-36,9.5,"{""Bat"": 3.277, ""Distance_mm"": 2183, ""Interrupt_flag"": 0, ""Node_type"": ""DDS75-LB"", ""Sensor_flag"": 1, ""TempC_DS18B20"": 32.76}"
2025-09-21 01:11:33.901534358+00:00,dds75-lb-17,2,-35,10.0,"{""Bat"": 3.277, ""Distance_mm"": 2183, ""Interrupt_flag"": 0, ""Node_type"": ""DDS75-LB"", ""Sensor_flag"": 1, ""TempC_DS18B20"": 32.76}"
2025-09-21 01:12:33.889596781+00:00,dds75-lb-17,2,-35,9.0,"{""Bat"": 3.277, ""Distance_mm"": 2183, ""Interrupt_flag"": 0, ""Node_type"": ""DDS75-LB"", ""Sensor_flag"": 1, ""TempC_DS18B20"": 32.76}"
2025-09-21 01:13:33.887142430+00:00,dds75-lb-17,2,-35,9.0,"{""Bat"": 3.277, ""Distance_mm"": 2183, ""Interrupt_flag"": 0, ""Node_type"": ""DDS75-LB"", ""Sensor_flag"": 1, ""TempC_DS18B20"": 32.76}"
2025-09-21 01:14:33.860471689+00:00,dds75-lb-17,2,-35,9.25,"{""Bat"": 3.277, ""Distance_mm"": 2183, ""Interrupt_flag"": 0, ""Node_type"": ""DDS75-LB"", ""Sensor_flag"": 1, ""TempC_DS18B20"": 32.76}"
2025-09-21 01:15:33.862541670+00:00,dds75-lb-17,2,-37,7.5,"{""Bat"": 3.277, ""Distance_mm"": 2183, ""Interrupt_flag"": 0, ""Node_type"": ""DDS75-LB"", ""Sensor_flag"": 1, ""TempC_DS18B20"": 32.76}"
2025-09-21 01:16:33.849988972+00:00,dds75-lb-17,2,-37,9.25,"{""Bat"": 3.277, ""Distance_mm"": 2183, ""Interrupt_flag"": 0, ""Node_type"": ""DDS75-LB"", ""Sensor_flag"": 1, ""TempC_DS18B20"": 32.76}"
2025-09-21 01:17:33.828450008+00:00,dds75-lb-17,2,-124,-8.0,"{""Bat"": 3.277, ""Distance_mm"": 2183, ""Interrupt_flag"": 0, ""Node_type"": ""DDS75-LB"", ""Sensor_flag"": 1, ""TempC_DS18B20"": 32.76}"
2025-09-21 01:18:33.817696623+00:00,dds75-lb-17,2,-36,10.0,"{""Bat"": 3.277, ""Distance_mm"": 2183, ""Interrupt_flag"": 0, ""Node_type"": ""DDS75-LB"", ""Sensor_flag"": 1, ""TempC_DS18B20"": 32.76}"
2025-09-21 01:19:33.817460664+00:00,dds75-lb-17,2,-35,8.25,"{""Bat"": 3.277, ""Distance_mm"": 2183, ""Interrupt_flag"": 0, ""Node_type"": ""DDS75-LB"", ""Sensor_flag"": 1, ""TempC_DS18B20"": 32.76}"
2025-09-21 01:20:33.817700957+00:00,dds75-lb-17,2,-37,6.75,"{""Bat"": 3.277, ""Distance_mm"": 2183, ""Interrupt_flag"": 0, ""Node_type"": ""DDS75-LB"", ""Sensor_flag"": 1, ""TempC_DS18B20"": 32.76}"
2025-09-21 01:21:33.807763143+00:00,dds75-lb-17,2,-120,-3.75,"{""Bat"": 3.277, ""Distance_mm"": 2183, ""Interrupt_flag"": 0, ""Node_type"": ""DDS75-LB"", ""Sensor_flag"": 1, ""TempC_DS18B20"": 32.76}"
2025-09-21 01:22:33.779750403+00:00,dds75-lb-17,2,-37,9.75,"{""Bat"": 3.277, ""Distance_mm"": 2183, ""Interrupt_flag"": 0, ""Node_type"": ""DDS75-LB"", ""Sensor_flag"": 1, ""TempC_DS18B20"": 32.76}"
2025-09-21 01:23:33.772608389+00:00,dds75-lb-17,2,-38,9.75,"{""Bat"": 3.277, ""Distance_mm"": 2183, ""Interrupt_flag"": 0, ""Node_type"": ""DDS75-LB"", ""Sensor_flag"": 1, ""TempC_DS18B20"": 32.76}"
2025-09-21 01:24:33.750884190+00:00,dds75-lb-17,2,-37,9.25,"{""Bat"": 3.277, ""Distance_mm"": 2183, ""Interrupt_flag"": 0, ""Node_type"": ""DDS75-LB"", ""Sensor_flag"": 1, ""TempC_DS18B20"": 32.76}"
2025-09-21 01:25:33.747744771+00:00,dds75-lb-17,2,-124,-8.75,"{""Bat"": 3.277, ""Distance_mm"": 2183, ""Interrupt_flag"": 0, ""Node_type"": ""DDS75-LB"", ""Sensor_flag"": 1, ""TempC_DS18B20"": 32.76}"
2025-09-21 01:26:33.739469888+00:00,dds75-lb-17,2,-36,10.75,"{""Bat"": 3.277, ""Distance_mm"": 2183, ""Interrupt_flag"": 0, ""Node_type"": ""DDS75-LB"", ""Sensor_flag"": 1, ""TempC_DS18B20"": 32.76}"
2025-09-21 01:27:33.722955831+00:00,dds75-lb-17,2,-35,7.75,"{""Bat"": 3.277, ""Distance_mm"": 2183, ""Interrupt_flag"": 0, ""Node_type"": ""DDS75-LB"", ""Sensor_flag"": 1, ""TempC_DS18B20"": 32.76}"
2025-09-21 01:28:33.707670794+00:00,dds75-lb-17,2,-37,6.75,"{""Bat"": 3.277, ""Distance_mm"": 2183, ""Interrupt_flag"": 0, ""Node_type"": ""DDS75-LB"", ""Sensor_flag"": 1, ""TempC_DS18B20"": 32.76}"
2025-09-21 01:29:33.687658740+00:00,dds75-lb-17,2,-118,-2.0,"{""Bat"": 3.277, ""Distance_mm"": 2183, ""Interrupt_flag"": 0, ""Node_type"": ""DDS75-LB"", ""Sensor_flag"": 1, ""TempC_DS18B20"": 32.76}"
2025-09-21 01:30:33.677673444+00:00,dds75-lb-17,2,-38,10.5,"{""Bat"": 3.277, ""Distance_mm"": 942, ""Interrupt_flag"": 0, ""Node_type"": ""DDS75-LB"", ""Sensor_flag"": 1, ""TempC_DS18B20"": 32.76}"
2025-09-21 01:31:33.655576147+00:00,dds75-lb-17,2,-37,7.5,"{""Bat"": 3.277, ""Distance_mm"": 998, ""Interrupt_flag"": 0, ""Node_type"": ""DDS75-LB"", ""Sensor_flag"": 1, ""TempC_DS18B20"": 32.76}"
2025-09-21 01:32:33.658605768+00:00,dds75-lb-17,2,-35,9.25,"{""Bat"": 3.277, ""Distance_mm"": 1041, ""Interrupt_flag"": 0, ""Node_type"": ""DDS75-LB"", ""Sensor_flag"": 1, ""TempC_DS18B20"": 32.76}"
2025-09-21 01:33:33.647262717+00:00,dds75-lb-17,2,-37,9.0,"{""Bat"": 3.277, ""Distance_mm"": 1282, ""Interrupt_flag"": 0, ""Node_type"": ""DDS75-LB"", ""Sensor_flag"": 1, ""TempC_DS18B20"": 32.76}"
2025-09-21 01:34:33.639470231+00:00,dds75-lb-17,2,-33,7.75,"{""Bat"": 3.277, ""Distance_mm"": 1327, ""Interrupt_flag"": 0, ""Node_type"": ""DDS75-LB"", ""Sensor_flag"": 1, ""TempC_DS18B20"": 32.76}"
2025-09-21 01:35:33.638451474+00:00,dds75-lb-17,2,-34,9.75,"{""Bat"": 3.277, ""Distance_mm"": 1490, ""Interrupt_flag"": 0, ""Node_type"": ""DDS75-LB"", ""Sensor_flag"": 1, ""TempC_DS18B20"": 32.76}"
2025-09-21 01:36:33.617946077+00:00,dds75-lb-17,2,-37,7.5,"{""Bat"": 3.277, ""Distance_mm"": 1358, ""Interrupt_flag"": 0, ""Node_type"": ""DDS75-LB"", ""Sensor_flag"": 1, ""TempC_DS18B20"": 32.76}"
2025-09-21 01:37:33.607154890+00:00,dds75-lb-17,2,-35,9.25,"{""Bat"": 3.277, ""Distance_mm"": 1548, ""Interrupt_flag"": 0, ""Node_type"": ""DDS75-LB"", ""Sensor_flag"": 1, ""TempC_DS18B20"": 32.76}"
2025-09-21 01:38:33.608534377+00:00,dds75-lb-17,2,-37,10.25,"{""Bat"": 3.277, ""Distance_mm"": 1609, ""Interrupt_flag"": 0, ""Node_type"": ""DDS75-LB"", ""Sensor_flag"": 1, ""TempC_DS18B20"": 32.76}"
2025-09-21 01:39:33.589691767+00:00,dds75-lb-17,2,-35,9.0,"{""Bat"": 3.277, ""Distance_mm"": 1731, ""Interrupt_flag"": 0, ""Node_type"": ""DDS75-LB"", ""Sensor_flag"": 1, ""TempC_DS18B20"": 32.76}"
2025-09-21 01:40:33.568689340+00:00,dds75-lb-17,2,-36,10.25,"{""Bat"": 3.277, ""Distance_mm"": 1831, ""Interrupt_flag"": 0, ""Node_type"": ""DDS75-LB"", ""Sensor_flag"": 1, ""TempC_DS18B20"": 32.76}"
2025-09-21 01:41:33.558260009+00:00,dds75-lb-17,2,-38,9.0,"{""Bat"": 3.277, ""Distance_mm"": 1822, ""Interrupt_flag"": 0, ""Node_type"": ""DDS75-LB"", ""Sensor_flag"": 1, ""TempC_DS18B20"": 32.76}"
2025-09-21 01:42:33.559394848+00:00,dds75-lb-17,2,-35,7.5,"{""Bat"": 3.277, ""Distance_mm"": 1832, ""Interrupt_flag"": 0, ""Node_type"": ""DDS75-LB"", ""Sensor_flag"": 1, ""TempC_DS18B20"": 32.76}"
2025-09-21 01:43:33.547047168+00:00,dds75-lb-17,2,-35,8.25,"{""Bat"": 3.277, ""Distance_mm"": 1706, ""Interrupt_flag"": 0, ""Node_type"": ""DDS75-LB"", ""Sensor_flag"": 1, ""TempC_DS18B20"": 32.76}"
2025-09-21 01:44:33.539803821+00:00,dds75-lb-17,2,-37,10.0,"{""Bat"": 3.277, ""Distance_mm"": 1951, ""Interrupt_flag"": 0, ""Node_type"": ""DDS75-LB"", ""Sensor_flag"": 1, ""TempC_DS18B20"": 32.76}"
2025-09-21 01:45:33.519433787+00:00,dds75-lb-17,2,-35,10.0,"{""Bat"": 3.277, ""Distance_mm"": 1933, ""Interrupt_flag"": 0, ""Node_type"": ""DDS75-LB"", ""Sensor_flag"": 1, ""TempC_DS18B20"": 32.76}"
2025-09-21 01:46:33.509638446+00:00,dds75-lb-17,2,-37,8.75,"{""Bat"": 3.277, ""Distance_mm"": 2028, ""Interrupt_flag"": 0, ""Node_type"": ""DDS75-LB"", ""Sensor_flag"": 1, ""TempC_DS18B20"": 32.76}"
2025-09-21 01:47:33.489784002+00:00,dds75-lb-17,2,-37,6.5,"{""Bat"": 3.277, ""Distance_mm"": 2182, ""Interrupt_flag"": 0, ""Node_type"": ""DDS75-LB"", ""Sensor_flag"": 1, ""TempC_DS18B20"": 32.76}"
2025-09-21 01:48:33.486859291+00:00,dds75-lb-17,2,-35,9.0,"{""Bat"": 3.277, ""Distance_mm"": 2182, ""Interrupt_flag"": 0, ""Node_type"": ""DDS75-LB"", ""Sensor_flag"": 1, ""TempC_DS18B20"": 32.76}"
2025-09-21 01:49:33.479705628+00:00,dds75-lb-17,2,-35,10.0,"{""Bat"": 3.277, ""Distance_mm"": 2182, ""Interrupt_flag"": 0, ""Node_type"": ""DDS75-LB"", ""Sensor_flag"": 1, ""TempC_DS18B20"": 32.76}"
2025-09-21 01:50:33.490142331+00:00,dds75-lb-17,2,-35,8.75,"{""Bat"": 3.277, ""Distance_mm"": 2182, ""Interrupt_flag"": 0, ""Node_type"": ""DDS75-LB"", ""Sensor_flag"": 1, ""TempC_DS18B20"": 32.76}"
2025-09-21 01:51:33.459790176+00:00,dds75-lb-17,2,-119,-3.25,"{""Bat"": 3.277, ""Distance_mm"": 2182, ""Interrupt_flag"": 0, ""Node_type"": ""DDS75-LB"", ""Sensor_flag"": 1, ""TempC_DS18B20"": 32.76}"
2025-09-21 01:52:33.477650276+00:00,dds75-lb-17,2,-37,7.0,"{""Bat"": 3.277, ""Distance_mm"": 2182, ""Interrupt_flag"": 0, ""Node_type"": ""DDS75-LB"", ""Sensor_flag"": 1, ""TempC_DS18B20"": 32.76}"
2025-09-21 01:53:33.429498661+00:00,dds75-lb-17,2,-120,-3.5,"{""Bat"": 3.277, ""Distance_mm"": 2182, ""Interrupt_flag"": 0, ""Node_type"": ""DDS75-LB"", ""Sensor_flag"": 1, ""TempC_DS18B20"": 32.76}"
2025-09-21 01:54:33.489018782+00:00,dds75-lb-17,2,-38,10.25,"{""Bat"": 3.277, ""Distance_mm"": 2182, ""Interrupt_flag"": 0, ""Node_type"": ""DDS75-LB"", ""Sensor_flag"": 1, ""TempC_DS18B20"": 32.76}"
2025-09-21 01:55:33.407017461+00:00,dds75-lb-17,2,-37,7.5,"{""Bat"": 3.277, ""Distance_mm"": 2182, ""Interrupt_flag"": 0, ""Node_type"": ""DDS75-LB"", ""Sensor_flag"": 1, ""TempC_DS18B20"": 32.76}"
2025-09-21 01:56:33.401904248+00:00,dds75-lb-17,2,-37,11.25,"{""Bat"": 3.277, ""Distance_mm"": 2182, ""Interrupt_flag"": 0, ""Node_type"": ""DDS75-LB"", ""Sensor_flag"": 1, ""TempC_DS18B20"": 32.76}"
2025-09-21 01:57:33.386924288+00:00,dds75-lb-17,2,-36,9.0,"{""Bat"": 3.277, ""Distance_mm"": 2182, ""Interrupt_flag"": 0, ""Node_type"": ""DDS75-LB"", ""Sensor_flag"": 1, ""TempC_DS18B20"": 32.76}"
2025-09-21 01:58:33.386710403+00:00,dds75-lb-17,2,-32,10.25,"{""Bat"": 3.277, ""Distance_mm"": 2182, ""Interrupt_flag"": 0, ""Node_type"": ""DDS75-LB"", ""Sensor_flag"": 1, ""TempC_DS18B20"": 32.76}"
2025-09-21 01:59:33.369830909+00:00,dds75-lb-17,2,-32,8.5,"{""Bat"": 3.277, ""Distance_mm"": 2182, ""Interrupt_flag"": 0, ""Node_type"": ""DDS75-LB"", ""Sensor_flag"": 1, ""TempC_DS18B20"": 32.76}"
2025-09-21 02:00:33.366711171+00:00,dds75-lb-17,2,-36,7.25,"{""Bat"": 3.277, ""Distance_mm"": 2182, ""Interrupt_flag"": 0, ""Node_type"": ""DDS75-LB"", ""Sensor_flag"": 1, ""TempC_DS18B20"": 32.76}"
2025-09-21 02:01:33.337740891+00:00,dds75-lb-17,2,-120,-3.75,"{""Bat"": 3.277, ""Distance_mm"": 2182, ""Interrupt_flag"": 0, ""Node_type"": ""DDS75-LB"", ""Sensor_flag"": 1, ""TempC_DS18B20"": 32.76}"
2025-09-21 02:02:33.334196923+00:00,dds75-lb-17,2,-35,9.25,"{""Bat"": 3.277, ""Distance_mm"": 2182, ""Interrupt_flag"": 0, ""Node_type"": ""DDS75-LB"", ""Sensor_flag"": 1, ""TempC_DS18B20"": 32.76}"
2025-09-21 02:03:33.319436846+00:00,dds75-lb-17,2,-35,7.75,"{""Bat"": 3.277, ""Distance_mm"": 2182, ""Interrupt_flag"": 0, ""Node_type"": ""DDS75-LB"", ""Sensor_flag"": 1, ""TempC_DS18B20"": 32.76}"
2025-09-21 02:04:33.321729352+00:00,dds75-lb-17,2,-37,9.25,"{""Bat"": 3.277, ""Distance_mm"": 2182, ""Interrupt_flag"": 0, ""Node_type"": ""DDS75-LB"", ""Sensor_flag"": 1, ""TempC_DS18B20"": 32.76}"
2025-09-21 02:05:33.296921219+00:00,dds75-lb-17,2,-37,8.75,"{""Bat"": 3.277, ""Distance_mm"": 2182, ""Interrupt_flag"": 0, ""Node_type"": ""DDS75-LB"", ""Sensor_flag"": 1, ""TempC_DS18B20"": 32.76}"
2025-09-21 02:06:33.285961994+00:00,dds75-lb-17,2,-36,9.0,"{""Bat"": 3.277, ""Distance_mm"": 2182, ""Interrupt_flag"": 0, ""Node_type"": ""DDS75-LB"", ""Sensor_flag"": 1, ""TempC_DS18B20"": 32.76}"
2025-09-21 02:07:33.267532108+00:00,dds75-lb-17,2,-36,9.75,"{""Bat"": 3.277, ""Distance_mm"": 2182, ""Interrupt_flag"": 0, ""Node_type"": ""DDS75-LB"", ""Sensor_flag"": 1, ""TempC_DS18B20"": 32.76}"
2025-09-21 02:08:33.259643915+00:00,dds75-lb-17,2,-119,-2.5,"{""Bat"": 3.277, ""Distance_mm"": 2182, ""Interrupt_flag"": 0, ""Node_type"": ""DDS75-LB"", ""Sensor_flag"": 1, ""TempC_DS18B20"": 32.76}"
2025-09-21 02:09:33.256673825+00:00,dds75-lb-17,2,-36,9.25,"{""Bat"": 3.277, ""Distance_mm"": 2182, ""Interrupt_flag"": 0, ""Node_type"": ""DDS75-LB"", ""Sensor_flag"": 1, ""TempC_DS18B20"": 32.76}"
2025-09-21 02:10:33.246927800+00:00,dds75-lb-17,2,-37,9.0,"{""Bat"": 3.277, ""Distance_mm"": 2182, ""Interrupt_flag"": 0, ""Node_type"": ""DDS75-LB"", ""Sensor_flag"": 1, ""TempC_DS18B20"": 32.76}"
2025-09-21 02:11:33.238076684+00:00,dds75-lb-17,2,-36,7.25,"{""Bat"": 3.277, ""Distance_mm"": 2182, ""Interrupt_flag"": 0, ""Node_type"": ""DDS75-LB"", ""Sensor_flag"": 1, ""TempC_DS18B20"": 32.76}"
2025-09-21 02:12:33.216203151+00:00,dds75-lb-17,2,-36,9.25,"{""Bat"": 3.277, ""Distance_mm"": 2182, ""Interrupt_flag"": 0, ""Node_type"": ""DDS75-LB"", ""Sensor_flag"": 1, ""TempC_DS18B20"": 32.76}"
2025-09-21 02:13:33.212540863+00:00,dds75-lb-17,2,-36,8.25,"{""Bat"": 3.277, ""Distance_mm"": 2182, ""Interrupt_flag"": 0, ""Node_type"": ""DDS75-LB"", ""Sensor_flag"": 1, ""TempC_DS18B20"": 32.76}"
2025-09-21 02:14:33.208387064+00:00,dds75-lb-17,2,-30,9.75,"{""Bat"": 3.277, ""Distance_mm"": 2182, ""Interrupt_flag"": 0, ""Node_type"": ""DDS75-LB"", ""Sensor_flag"": 1, ""TempC_DS18B20"": 32.76}"
2025-09-21 02:15:33.190379199+00:00,dds75-lb-17,2,-117,-1.75,"{""Bat"": 3.277, ""Distance_mm"": 2182, ""Interrupt_flag"": 0, ""Node_type"": ""DDS75-LB"", ""Sensor_flag"": 1, ""TempC_DS18B20"": 32.76}"
2025-09-21 02:16:33.189197228+00:00,dds75-lb-17,2,-37,9.75,"{""Bat"": 3.277, ""Distance_mm"": 2182, ""Interrupt_flag"": 0, ""Node_type"": ""DDS75-LB"", ""Sensor_flag"": 1, ""TempC_DS18B20"": 32.76}"
2025-09-21 02:17:33.159282859+00:00,dds75-lb-17,2,-36,9.25,"{""Bat"": 3.277, ""Distance_mm"": 2182, ""Interrupt_flag"": 0, ""Node_type"": ""DDS75-LB"", ""Sensor_flag"": 1, ""TempC_DS18B20"": 32.76}"
2025-09-21 02:18:33.156583463+00:00,dds75-lb-17,2,-37,9.75,"{""Bat"": 3.277, ""Distance_mm"": 2182, ""Interrupt_flag"": 0, ""Node_type"": ""DDS75-LB"", ""Sensor_flag"": 1, ""TempC_DS18B20"": 32.76}"
2025-09-21 02:19:33.129371683+00:00,dds75-lb-17,2,-36,9.5,"{""Bat"": 3.277, ""Distance_mm"": 2182, ""Interrupt_flag"": 0, ""Node_type"": ""DDS75-LB"", ""Sensor_flag"": 1, ""TempC_DS18B20"": 32.76}"
2025-09-21 02:20:33.127183745+00:00,dds75-lb-17,2,-37,10.0,"{""Bat"": 3.277, ""Distance_mm"": 2182, ""Interrupt_flag"": 0, ""Node_type"": ""DDS75-LB"", ""Sensor_flag"": 1, ""TempC_DS18B20"": 32.76}"
2025-09-21 02:21:33.108934936+00:00,dds75-lb-17,2,-37,9.5,"{""Bat"": 3.277, ""Distance_mm"": 2182, ""Interrupt_flag"": 0, ""Node_type"": ""DDS75-LB"", ""Sensor_flag"": 1, ""TempC_DS18B20"": 32.76}"
2025-09-21 02:22:33.110607451+00:00,dds75-lb-17,2,-118,-2.0,"{""Bat"": 3.277, ""Distance_mm"": 2182, ""Interrupt_flag"": 0, ""Node_type"": ""DDS75-LB"", ""Sensor_flag"": 1, ""TempC_DS18B20"": 32.76}"
2025-09-21 02:23:33.102499676+00:00,dds75-lb-17,2,-119,-4.0,"{""Bat"": 3.277, ""Distance_mm"": 2182, ""Interrupt_flag"": 0, ""Node_type"": ""DDS75-LB"", ""Sensor_flag"": 1, ""TempC_DS18B20"": 32.76}"
2025-09-21 02:24:33.090028032+00:00,dds75-lb-17,2,-120,-4.5,"{""Bat"": 3.277, ""Distance_mm"": 2182, ""Interrupt_flag"": 0, ""Node_type"": ""DDS75-LB"", ""Sensor_flag"": 1, ""TempC_DS18B20"": 32.76}"
2025-09-21 02:25:33.068939621+00:00,dds75-lb-17,2,-37,10.0,"{""Bat"": 3.277, ""Distance_mm"": 2182, ""Interrupt_flag"": 0, ""Node_type"": ""DDS75-LB"", ""Sensor_flag"": 1, ""TempC_DS18B20"": 32.76}"
2025-09-21 02:26:33.062560510+00:00,dds75-lb-17,2,-117,-3.75,"{""Bat"": 3.277, ""Distance_mm"": 2182, ""Interrupt_flag"": 0, ""Node_type"": ""DDS75-LB"", ""Sensor_flag"": 1, ""TempC_DS18B20"": 32.76}"
2025-09-21 02:27:33.056477784+00:00,dds75-lb-17,2,-36,9.75,"{""Bat"": 3.277, ""Distance_mm"": 2182, ""Interrupt_flag"": 0, ""Node_type"": ""DDS75-LB"", ""Sensor_flag"": 1, ""TempC_DS18B20"": 32.76}"
2025-09-21 02:28:33.059120473+00:00,dds75-lb-17,2,-37,10.25,"{""Bat"": 3.277, ""Distance_mm"": 2182, ""Interrupt_flag"": 0, ""Node_type"": ""DDS75-LB"", ""Sensor_flag"": 1, ""TempC_DS18B20"": 32.76}"
2025-09-21 02:29:33.031560595+00:00,dds75-lb-17,2,-37,9.5,"{""Bat"": 3.277, ""Distance_mm"": 2182, ""Interrupt_flag"": 0, ""Node_type"": ""DDS75-LB"", ""Sensor_flag"": 1, ""TempC_DS18B20"": 32.76}"
2025-09-21 02:30:33.050016715+00:00,dds75-lb-17,2,-35,7.25,"{""Bat"": 3.277, ""Distance_mm"": 2182, ""Interrupt_flag"": 0, ""Node_type"": ""DDS75-LB"", ""Sensor_flag"": 1, ""TempC_DS18B20"": 32.76}"
2025-09-21 02:31:33.011582815+00:00,dds75-lb-17,2,-35,9.0,"{""Bat"": 3.277, ""Distance_mm"": 2182, ""Interrupt_flag"": 0, ""Node_type"": ""DDS75-LB"", ""Sensor_flag"": 1, ""TempC_DS18B20"": 32.76}"
2025-09-21 02:32:33.000367870+00:00,dds75-lb-17,2,-120,-2.5,"{""Bat"": 3.277, ""Distance_mm"": 2182, ""Interrupt_flag"": 0, ""Node_type"": ""DDS75-LB"", ""Sensor_flag"": 1, ""TempC_DS18B20"": 32.76}"
2025-09-21 02:33:32.996735921+00:00,dds75-lb-17,2,-35,8.75,"{""Bat"": 3.277, ""Distance_mm"": 2182, ""Interrupt_flag"": 0, ""Node_type"": ""DDS75-LB"", ""Sensor_flag"": 1, ""TempC_DS18B20"": 32.76}"
2025-09-21 02:34:32.971425673+00:00,dds75-lb-17,2,-37,9.0,"{""Bat"": 3.277, ""Distance_mm"": 2182, ""Interrupt_flag"": 0, ""Node_type"": ""DDS75-LB"", ""Sensor_flag"": 1, ""TempC_DS18B20"": 32.76}"
2025-09-21 02:35:32.969444373+00:00,dds75-lb-17,2,-34,7.5,"{""Bat"": 3.277, ""Distance_mm"": 2182, ""Interrupt_flag"": 0, ""Node_type"": ""DDS75-LB"", ""Sensor_flag"": 1, ""TempC_DS18B20"": 32.76}"
2025-09-21 02:36:32.930861800+00:00,dds75-lb-17,2,-35,8.75,"{""Bat"": 3.277, ""Distance_mm"": 2182, ""Interrupt_flag"": 0, ""Node_type"": ""DDS75-LB"", ""Sensor_flag"": 1, ""TempC_DS18B20"": 32.76}"
2025-09-21 02:37:32.967445918+00:00,dds75-lb-17,2,-37,10.0,"{""Bat"": 3.277, ""Distance_mm"": 2182, ""Interrupt_flag"": 0, ""Node_type"": ""DDS75-LB"", ""Sensor_flag"": 1, ""TempC_DS18B20"": 32.76}"
2025-09-21 02:38:32.949909992+00:00,dds75-lb-17,2,-35,7.0,"{""Bat"": 3.277, ""Distance_mm"": 2183, ""Interrupt_flag"": 0, ""Node_type"": ""DDS75-LB"", ""Sensor_flag"": 1, ""TempC_DS18B20"": 32.76}"
2025-09-21 02:39:32.930185312+00:00,dds75-lb-17,2,-33,9.5,"{""Bat"": 3.277, ""Distance_mm"": 2182, ""Interrupt_flag"": 0, ""Node_type"": ""DDS75-LB"", ""Sensor_flag"": 1, ""TempC_DS18B20"": 32.76}"
2025-09-21 02:40:32.898817154+00:00,dds75-lb-17,2,-36,8.0,"{""Bat"": 3.277, ""Distance_mm"": 2182, ""Interrupt_flag"": 0, ""Node_type"": ""DDS75-LB"", ""Sensor_flag"": 1, ""TempC_DS18B20"": 32.76}"
2025-09-21 02:41:32.897344085+00:00,dds75-lb-17,2,-32,9.0,"{""Bat"": 3.277, ""Distance_mm"": 2182, ""Interrupt_flag"": 0, ""Node_type"": ""DDS75-LB"", ""Sensor_flag"": 1, ""TempC_DS18B20"": 32.76}"
2025-09-21 02:42:32.877099963+00:00,dds75-lb-17,2,-37,9.0,"{""Bat"": 3.277, ""Distance_mm"": 2183, ""Interrupt_flag"": 0, ""Node_type"": ""DDS75-LB"", ""Sensor_flag"": 1, ""TempC_DS18B20"": 32.76}"
2025-09-21 02:43:32.879256298+00:00,dds75-lb-17,2,-35,9.5,"{""Bat"": 3.277, ""Distance_mm"": 2182, ""Interrupt_flag"": 0, ""Node_type"": ""DDS75-LB"", ""Sensor_flag"": 1, ""TempC_DS18B20"": 32.76}"
2025-09-21 02:44:32.859843107+00:00,dds75-lb-17,2,-37,9.75,"{""Bat"": 3.277, ""Distance_mm"": 2182, ""Interrupt_flag"": 0, ""Node_type"": ""DDS75-LB"", ""Sensor_flag"": 1, ""TempC_DS18B20"": 32.76}"
2025-09-21 02:45:32.864075232+00:00,dds75-lb-17,2,-37,9.0,"{""Bat"": 3.277, ""Distance_mm"": 2182, ""Interrupt_flag"": 0, ""Node_type"": ""DDS75-LB"", ""Sensor_flag"": 1, ""TempC_DS18B20"": 32.76}"
2025-09-21 02:46:32.826840572+00:00,dds75-lb-17,2,-33,8.0,"{""Bat"": 3.277, ""Distance_mm"": 2182, ""Interrupt_flag"": 0, ""Node_type"": ""DDS75-LB"", ""Sensor_flag"": 1, ""TempC_DS18B20"": 32.76}"
2025-09-21 02:47:32.827059588+00:00,dds75-lb-17,2,-118,-2.25,"{""Bat"": 3.277, ""Distance_mm"": 2183, ""Interrupt_flag"": 0, ""Node_type"": ""DDS75-LB"", ""Sensor_flag"": 1, ""TempC_DS18B20"": 32.76}"
2025-09-21 02:48:32.812296610+00:00,dds75-lb-17,2,-35,9.25,"{""Bat"": 3.277, ""Distance_mm"": 2183, ""Interrupt_flag"": 0, ""Node_type"": ""DDS75-LB"", ""Sensor_flag"": 1, ""TempC_DS18B20"": 32.76}"
2025-09-21 02:49:32.808590891+00:00,dds75-lb-17,2,-36,10.25,"{""Bat"": 3.277, ""Distance_mm"": 2183, ""Interrupt_flag"": 0, ""Node_type"": ""DDS75-LB"", ""Sensor_flag"": 1, ""TempC_DS18B20"": 32.76}"
2025-09-21 02:50:32.798640837+00:00,dds75-lb-17,2,-37,9.0,"{""Bat"": 3.277, ""Distance_mm"": 2182, ""Interrupt_flag"": 0, ""Node_type"": ""DDS75-LB"", ""Sensor_flag"": 1, ""TempC_DS18B20"": 32.76}"
2025-09-21 02:51:32.789904663+00:00,dds75-lb-17,2,-36,9.75,"{""Bat"": 3.277, ""Distance_mm"": 2183, ""Interrupt_flag"": 0, ""Node_type"": ""DDS75-LB"", ""Sensor_flag"": 1, ""TempC_DS18B20"": 32.76}"
2025-09-21 02:52:32.777218257+00:00,dds75-lb-17,2,-35,9.5,"{""Bat"": 3.277, ""Distance_mm"": 2183, ""Interrupt_flag"": 0, ""Node_type"": ""DDS75-LB"", ""Sensor_flag"": 1, ""TempC_DS18B20"": 32.76}"
2025-09-21 02:53:32.759708544+00:00,dds75-lb-17,2,-38,10.25,"{""Bat"": 3.277, ""Distance_mm"": 2183, ""Interrupt_flag"": 0, ""Node_type"": ""DDS75-LB"", ""Sensor_flag"": 1, ""TempC_DS18B20"": 32.76}"
2025-09-21 02:54:32.742644601+00:00,dds75-lb-17,2,-33,9.75,"{""Bat"": 3.277, ""Distance_mm"": 2183, ""Interrupt_flag"": 0, ""Node_type"": ""DDS75-LB"", ""Sensor_flag"": 1, ""TempC_DS18B20"": 32.76}"
2025-09-21 02:55:32.732064875+00:00,dds75-lb-17,2,-35,9.25,"{""Bat"": 3.277, ""Distance_mm"": 2183, ""Interrupt_flag"": 0, ""Node_type"": ""DDS75-LB"", ""Sensor_flag"": 1, ""TempC_DS18B20"": 32.76}"
2025-09-21 02:56:32.724041980+00:00,dds75-lb-17,2,-120,-2.75,"{""Bat"": 3.277, ""Distance_mm"": 2183, ""Interrupt_flag"": 0, ""Node_type"": ""DDS75-LB"", ""Sensor_flag"": 1, ""TempC_DS18B20"": 32.76}"
2025-09-21 02:57:32.701876879+00:00,dds75-lb-17,2,-37,10.25,"{""Bat"": 3.277, ""Distance_mm"": 2183, ""Interrupt_flag"": 0, ""Node_type"": ""DDS75-LB"", ""Sensor_flag"": 1, ""TempC_DS18B20"": 32.76}"
2025-09-21 02:58:32.711419419+00:00,dds75-lb-17,2,-37,8.75,"{""Bat"": 3.277, ""Distance_mm"": 2183, ""Interrupt_flag"": 0, ""Node_type"": ""DDS75-LB"", ""Sensor_flag"": 1, ""TempC_DS18B20"": 32.76}"
2025-09-21 02:59:32.682145812+00:00,dds75-lb-17,2,-37,6.5,"{""Bat"": 3.277, ""Distance_mm"": 2183, ""Interrupt_flag"": 0, ""Node_type"": ""DDS75-LB"", ""Sensor_flag"": 1, ""TempC_DS18B20"": 32.76}"
2025-09-21 03:00:32.681642610+00:00,dds75-lb-17,2,-35,9.5,"{""Bat"": 3.277, ""Distance_mm"": 2183, ""Interrupt_flag"": 0, ""Node_type"": ""DDS75-LB"", ""Sensor_flag"": 1, ""TempC_DS18B20"": 32.76}"
2025-09-21 03:01:32.664649731+00:00,dds75-lb-17,2,-38,9.75,"{""Bat"": 3.277, ""Distance_mm"": 2183, ""Interrupt_flag"": 0, ""Node_type"": ""DDS75-LB"", ""Sensor_flag"": 1, ""TempC_DS18B20"": 32.76}"
2025-09-21 03:02:32.647087750+00:00,dds75-lb-17,2,-119,-2.5,"{""Bat"": 3.277, ""Distance_mm"": 2183, ""Interrupt_flag"": 0, ""Node_type"": ""DDS75-LB"", ""Sensor_flag"": 1, ""TempC_DS18B20"": 32.76}"
2025-09-21 03:03:32.640626190+00:00,dds75-lb-17,2,-34,9.25,"{""Bat"": 3.277, ""Distance_mm"": 2183, ""Interrupt_flag"": 0, ""Node_type"": ""DDS75-LB"", ""Sensor_flag"": 1, ""TempC_DS18B20"": 32.76}"
2025-09-21 03:04:32.629707+00:00,dds75-lb-17,2,-37,7.0,"{""Bat"": 3.277, ""Distance_mm"": 2183, ""Interrupt_flag"": 0, ""Node_type"": ""DDS75-LB"", ""Sensor_flag"": 1, ""TempC_DS18B20"": 32.76}"
2025-09-21 03:05:32.630176743+00:00,dds75-lb-17,2,-37,9.0,"{""Bat"": 3.277, ""Distance_mm"": 2183, ""Interrupt_flag"": 0, ""Node_type"": ""DDS75-LB"", ""Sensor_flag"": 1, ""TempC_DS18B20"": 32.76}"
2025-09-21 03:06:32.601779497+00:00,dds75-lb-17,2,-35,9.25,"{""Bat"": 3.277, ""Distance_mm"": 2183, ""Interrupt_flag"": 0, ""Node_type"": ""DDS75-LB"", ""Sensor_flag"": 1, ""TempC_DS18B20"": 32.76}"
2025-09-21 03:07:32.599645315+00:00,dds75-lb-17,2,-37,10.0,"{""Bat"": 3.277, ""Distance_mm"": 2183, ""Interrupt_flag"": 0, ""Node_type"": ""DDS75-LB"", ""Sensor_flag"": 1, ""TempC_DS18B20"": 32.76}"
2025-09-21 03:08:32.581571360+00:00,dds75-lb-17,2,-36,9.5,"{""Bat"": 3.277, ""Distance_mm"": 2183, ""Interrupt_flag"": 0, ""Node_type"": ""DDS75-LB"", ""Sensor_flag"": 1, ""TempC_DS18B20"": 32.76}"
2025-09-21 03:09:32.582645175+00:00,dds75-lb-17,2,-35,9.25,"{""Bat"": 3.277, ""Distance_mm"": 2183, ""Interrupt_flag"": 0, ""Node_type"": ""DDS75-LB"", ""Sensor_flag"": 1, ""TempC_DS18B20"": 32.76}"
2025-09-21 03:10:32.559661049+00:00,dds75-lb-17,2,-33,7.25,"{""Bat"": 3.277, ""Distance_mm"": 2183, ""Interrupt_flag"": 0, ""Node_type"": ""DDS75-LB"", ""Sensor_flag"": 1, ""TempC_DS18B20"": 32.76}"
2025-09-21 03:11:32.555238949+00:00,dds75-lb-17,2,-121,-5.25,"{""Bat"": 3.277, ""Distance_mm"": 2183, ""Interrupt_flag"": 0, ""Node_type"": ""DDS75-LB"", ""Sensor_flag"": 1, ""TempC_DS18B20"": 32.76}"
2025-09-21 03:12:32.529939757+00:00,dds75-lb-17,2,-36,8.0,"{""Bat"": 3.277, ""Distance_mm"": 2183, ""Interrupt_flag"": 0, ""Node_type"": ""DDS75-LB"", ""Sensor_flag"": 1, ""TempC_DS18B20"": 32.76}"
2025-09-21 03:13:32.541633470+00:00,dds75-lb-17,2,-33,9.5,"{""Bat"": 3.277, ""Distance_mm"": 2183, ""Interrupt_flag"": 0, ""Node_type"": ""DDS75-LB"", ""Sensor_flag"": 1, ""TempC_DS18B20"": 32.76}"
2025-09-21 03:14:32.529832906+00:00,dds75-lb-17,2,-38,10.0,"{""Bat"": 3.277, ""Distance_mm"": 2183, ""Interrupt_flag"": 0, ""Node_type"": ""DDS75-LB"", ""Sensor_flag"": 1, ""TempC_DS18B20"": 32.76}"
2025-09-21 03:15:32.513222661+00:00,dds75-lb-17,2,-37,10.5,"{""Bat"": 3.277, ""Distance_mm"": 2183, ""Interrupt_flag"": 0, ""Node_type"": ""DDS75-LB"", ""Sensor_flag"": 1, ""TempC_DS18B20"": 32.76}"
2025-09-21 03:16:32.518626961+00:00,dds75-lb-17,2,-120,-3.5,"{""Bat"": 3.277, ""Distance_mm"": 2183, ""Interrupt_flag"": 0, ""Node_type"": ""DDS75-LB"", ""Sensor_flag"": 1, ""TempC_DS18B20"": 32.76}"
2025-09-21 03:17:32.483166701+00:00,dds75-lb-17,2,-37,9.25,"{""Bat"": 3.277, ""Distance_mm"": 2183, ""Interrupt_flag"": 0, ""Node_type"": ""DDS75-LB"", ""Sensor_flag"": 1, ""TempC_DS18B20"": 32.76}"
2025-09-21 03:18:32.469872051+00:00,dds75-lb-17,2,-35,7.75,"{""Bat"": 3.277, ""Distance_mm"": 2183, ""Interrupt_flag"": 0, ""Node_type"": ""DDS75-LB"", ""Sensor_flag"": 1, ""TempC_DS18B20"": 32.76}"
2025-09-21 03:19:32.472176449+00:00,dds75-lb-17,2,-35,9.75,"{""Bat"": 3.277, ""Distance_mm"": 2183, ""Interrupt_flag"": 0, ""Node_type"": ""DDS75-LB"", ""Sensor_flag"": 1, ""TempC_DS18B20"": 32.76}"
2025-09-21 03:20:32.452531540+00:00,dds75-lb-17,2,-36,8.75,"{""Bat"": 3.277, ""Distance_mm"": 2183, ""Interrupt_flag"": 0, ""Node_type"": ""DDS75-LB"", ""Sensor_flag"": 1, ""TempC_DS18B20"": 32.76}"
2025-09-21 03:21:32.452085763+00:00,dds75-lb-17,2,-36,9.25,"{""Bat"": 3.277, ""Distance_mm"": 2183, ""Interrupt_flag"": 0, ""Node_type"": ""DDS75-LB"", ""Sensor_flag"": 1, ""TempC_DS18B20"": 32.76}"
2025-09-21 03:22:32.452554929+00:00,dds75-lb-17,2,-37,10.0,"{""Bat"": 3.277, ""Distance_mm"": 2183, ""Interrupt_flag"": 0, ""Node_type"": ""DDS75-LB"", ""Sensor_flag"": 1, ""TempC_DS18B20"": 32.76}"
2025-09-21 03:23:32.429450561+00:00,dds75-lb-17,2,-35,7.5,"{""Bat"": 3.277, ""Distance_mm"": 2183, ""Interrupt_flag"": 0, ""Node_type"": ""DDS75-LB"", ""Sensor_flag"": 1, ""TempC_DS18B20"": 32.76}"
2025-09-21 03:24:32.412092129+00:00,dds75-lb-17,2,-36,9.5,"{""Bat"": 3.277, ""Distance_mm"": 2183, ""Interrupt_flag"": 0, ""Node_type"": ""DDS75-LB"", ""Sensor_flag"": 1, ""TempC_DS18B20"": 32.76}"
2025-09-21 03:25:32.383128758+00:00,dds75-lb-17,2,-35,9.25,"{""Bat"": 3.277, ""Distance_mm"": 2183, ""Interrupt_flag"": 0, ""Node_type"": ""DDS75-LB"", ""Sensor_flag"": 1, ""TempC_DS18B20"": 32.76}"
2025-09-21 03:26:32.369663573+00:00,dds75-lb-17,2,-33,8.75,"{""Bat"": 3.277, ""Distance_mm"": 2183, ""Interrupt_flag"": 0, ""Node_type"": ""DDS75-LB"", ""Sensor_flag"": 1, ""TempC_DS18B20"": 32.76}"
2025-09-21 03:27:32.369514920+00:00,dds75-lb-17,2,-35,8.0,"{""Bat"": 3.277, ""Distance_mm"": 2183, ""Interrupt_flag"": 0, ""Node_type"": ""DDS75-LB"", ""Sensor_flag"": 1, ""TempC_DS18B20"": 32.76}"
2025-09-21 03:28:32.368818289+00:00,dds75-lb-17,2,-37,7.25,"{""Bat"": 3.277, ""Distance_mm"": 2183, ""Interrupt_flag"": 0, ""Node_type"": ""DDS75-LB"", ""Sensor_flag"": 1, ""TempC_DS18B20"": 32.76}"
2025-09-21 03:29:32.370923249+00:00,dds75-lb-17,2,-36,9.25,"{""Bat"": 3.277, ""Distance_mm"": 2183, ""Interrupt_flag"": 0, ""Node_type"": ""DDS75-LB"", ""Sensor_flag"": 1, ""TempC_DS18B20"": 32.76}"
2025-09-21 03:30:32.342921124+00:00,dds75-lb-17,2,-37,8.75,"{""Bat"": 3.277, ""Distance_mm"": 2183, ""Interrupt_flag"": 0, ""Node_type"": ""DDS75-LB"", ""Sensor_flag"": 1, ""TempC_DS18B20"": 32.76}"
2025-09-21 03:31:32.353070884+00:00,dds75-lb-17,2,-37,7.75,"{""Bat"": 3.277, ""Distance_mm"": 2118, ""Interrupt_flag"": 0, ""Node_type"": ""DDS75-LB"", ""Sensor_flag"": 1, ""TempC_DS18B20"": 32.76}"
2025-09-21 03:32:32.314612830+00:00,dds75-lb-17,2,-119,-4.75,"{""Bat"": 3.277, ""Distance_mm"": 2183, ""Interrupt_flag"": 0, ""Node_type"": ""DDS75-LB"", ""Sensor_flag"": 1, ""TempC_DS18B20"": 32.76}"
2025-09-21 03:33:32.302300210+00:00,dds75-lb-17,2,-35,9.25,"{""Bat"": 3.277, ""Distance_mm"": 2183, ""Interrupt_flag"": 0, ""Node_type"": ""DDS75-LB"", ""Sensor_flag"": 1, ""TempC_DS18B20"": 32.76}"
2025-09-21 03:34:32.298657303+00:00,dds75-lb-17,2,-33,7.25,"{""Bat"": 3.277, ""Distance_mm"": 2183, ""Interrupt_flag"": 0, ""Node_type"": ""DDS75-LB"", ""Sensor_flag"": 1, ""TempC_DS18B20"": 32.76}"
2025-09-21 03:35:32.288609115+00:00,dds75-lb-17,2,-33,9.0,"{""Bat"": 3.277, ""Distance_mm"": 2183, ""Interrupt_flag"": 0, ""Node_type"": ""DDS75-LB"", ""Sensor_flag"": 1, ""TempC_DS18B20"": 32.76}"
2025-09-21 03:36:32.292070031+00:00,dds75-lb-17,2,-37,7.0,"{""Bat"": 3.277, ""Distance_mm"": 2182, ""Interrupt_flag"": 0, ""Node_type"": ""DDS75-LB"", ""Sensor_flag"": 1, ""TempC_DS18B20"": 32.76}"
2025-09-21 03:37:32.268811558+00:00,dds75-lb-17,2,-33,8.75,"{""Bat"": 3.277, ""Distance_mm"": 2183, ""Interrupt_flag"": 0, ""Node_type"": ""DDS75-LB"", ""Sensor_flag"": 1, ""TempC_DS18B20"": 32.76}"
2025-09-21 03:38:32.243322370+00:00,dds75-lb-17,2,-123,-7.5,"{""Bat"": 3.277, ""Distance_mm"": 2182, ""Interrupt_flag"": 0, ""Node_type"": ""DDS75-LB"", ""Sensor_flag"": 1, ""TempC_DS18B20"": 32.76}"
2025-09-21 03:39:32.238838037+00:00,dds75-lb-17,2,-35,7.0,"{""Bat"": 3.277, ""Distance_mm"": 925, ""Interrupt_flag"": 0, ""Node_type"": ""DDS75-LB"", ""Sensor_flag"": 1, ""TempC_DS18B20"": 32.76}"
2025-09-21 03:40:32.230112502+00:00,dds75-lb-17,2,-36,9.75,"{""Bat"": 3.277, ""Distance_mm"": 1057, ""Interrupt_flag"": 0, ""Node_type"": ""DDS75-LB"", ""Sensor_flag"": 1, ""TempC_DS18B20"": 32.76}"
