received_at,device_id,f_port,rssi,snr,payload_json
2025-09-18 00:01:23.320081814+00:00,dds75-lb-16,2,-60,9.25,"{""Bat"": 3.324, ""Distance_mm"": 718, ""Interrupt_flag"": 0, ""Node_type"": ""DDS75-LB"", ""Sensor_flag"": 1, ""TempC_DS18B20"": 32.76}"
2025-09-18 00:21:23.100169786+00:00,dds75-lb-16,2,-68,6.75,"{""Bat"": 3.324, ""Distance_mm"": 718, ""Interrupt_flag"": 0, ""Node_type"": ""DDS75-LB"", ""Sensor_flag"": 1, ""TempC_DS18B20"": 32.76}"
2025-09-18 00:41:22.880412498+00:00,dds75-lb-16,2,-62,8.75,"{""Bat"": 3.324, ""Distance_mm"": 718, ""Interrupt_flag"": 0, ""Node_type"": ""DDS75-LB"", ""Sensor_flag"": 1, ""TempC_DS18B20"": 32.76}"
2025-09-18 01:01:22.638890268+00:00,dds75-lb-16,2,-63,9.75,"{""Bat"": 3.324, ""Distance_mm"": 718, ""Interrupt_flag"": 0, ""Node_type"": ""DDS75-LB"", ""Sensor_flag"": 1, ""TempC_DS18B20"": 32.76}"
2025-09-18 01:21:22.410570327+00:00,dds75-lb-16,2,-63,10.5,"{""Bat"": 3.324, ""Distance_mm"": 718, ""Interrupt_flag"": 0, ""Node_type"": ""DDS75-LB"", ""Sensor_flag"": 1, ""TempC_DS18B20"": 32.76}"
2025-09-18 01:41:22.179694706+00:00,dds75-lb-16,2,-61,9.0,"{""Bat"": 3.324, ""Distance_mm"": 718, ""Interrupt_flag"": 0, ""Node_type"": ""DDS75-LB"", ""Sensor_flag"": 1, ""TempC_DS18B20"": 32.76}"
2025-09-18 02:01:21.961988776+00:00,dds75-lb-16,2,-63,10.0,"{""Bat"": 3.324, ""Distance_mm"": 718, ""Interrupt_flag"": 0, ""Node_type"": ""DDS75-LB"", ""Sensor_flag"": 1, ""TempC_DS18B20"": 32.76}"
2025-09-18 02:21:21.722058599+00:00,dds75-lb-16,2,-60,9.0,"{""Bat"": 3.324, ""Distance_mm"": 718, ""Interrupt_flag"": 0, ""Node_type"": ""DDS75-LB"", ""Sensor_flag"": 1, ""TempC_DS18B20"": 32.76}"
2025-09-18 02:41:21.486725394+00:00,dds75-lb-16,2,-61,6.75,"{""Bat"": 3.324, ""Distance_mm"": 718, ""Interrupt_flag"": 0, ""Node_type"": ""DDS75-LB"", ""Sensor_flag"": 1, ""TempC_DS18B20"": 32.76}"
2025-09-18 03:01:21.254485554+00:00,dds75-lb-16,2,-125,-8.75,"{""Bat"": 3.324, ""Distance_mm"": 718, ""Interrupt_flag"": 0, ""Node_type"": ""DDS75-LB"", ""Sensor_flag"": 1, ""TempC_DS18B20"": 32.76}"
2025-09-18 03:21:21.015936826+00:00,dds75-lb-16,2,-63,9.75,"{""Bat"": 3.324, ""Distance_mm"": 718, ""Interrupt_flag"": 0, ""Node_type"": ""DDS75-LB"", ""Sensor_flag"": 1, ""TempC_DS18B20"": 32.76}"
2025-09-18 03:41:20.810976191+00:00,dds75-lb-16,2,-61,9.25,"{""Bat"": 3.324, ""Distance_mm"": 718, ""Interrupt_flag"": 0, ""Node_type"": ""DDS75-LB"", ""Sensor_flag"": 1, ""TempC_DS18B20"": 32.76}"
2025-09-18 04:01:20.571077984+00:00,dds75-lb-16,2,-62,7.25,"{""Bat"": 3.324, ""Distance_mm"": 718, ""Interrupt_flag"": 0, ""Node_type"": ""DDS75-LB"", ""Sensor_flag"": 1, ""TempC_DS18B20"": 32.76}"
2025-09-18 04:21:20.349296441+00:00,dds75-lb-16,2,-63,10.5,"{""Bat"": 3.324, ""Distance_mm"": 718, ""Interrupt_flag"": 0, ""Node_type"": ""DDS75-LB"", ""Sensor_flag"": 1, ""TempC_DS18B20"": 32.76}"
2025-09-18 04:41:20.118471545+00:00,dds75-lb-16,2,-61,8.75,"{""Bat"": 3.324, ""Distance_mm"": 718, ""Interrupt_flag"": 0, ""Node_type"": ""DDS75-LB"", ""Sensor_flag"": 1, ""TempC_DS18B20"": 32.76}"
2025-09-18 05:01:19.857742887+00:00,dds75-lb-16,2,-63,9.5,"{""Bat"": 3.324, ""Distance_mm"": 718, ""Interrupt_flag"": 0, ""Node_type"": ""DDS75-LB"", ""Sensor_flag"": 1, ""TempC_DS18B20"": 32.76}"
2025-09-18 05:21:19.625012537+00:00,dds75-lb-16,2,-60,10.0,"{""Bat"": 3.324, ""Distance_mm"": 718, ""Interrupt_flag"": 0, ""Node_type"": ""DDS75-LB"", ""Sensor_flag"": 1, ""TempC_DS18B20"": 32.76}"
2025-09-18 05:41:19.435964678+00:00,dds75-lb-16,2,-60,7.5,"{""Bat"": 3.324, ""Distance_mm"": 718, ""Interrupt_flag"": 0, ""Node_type"": ""DDS75-LB"", ""Sensor_flag"": 1, ""TempC_DS18B20"": 32.76}"
2025-09-18 06:01:19.180094740+00:00,dds75-lb-16,2,-62,10.0,"{""Bat"": 3.324, ""Distance_mm"": 718, ""Interrupt_flag"": 0, ""Node_type"": ""DDS75-LB"", ""Sensor_flag"": 1, ""TempC_DS18B20"": 32.76}"
2025-09-18 06:21:18.946167176+00:00,dds75-lb-16,2,-60,9.75,"{""Bat"": 3.324, ""Distance_mm"": 718, ""Interrupt_flag"": 0, ""Node_type"": ""DDS75-LB"", ""Sensor_flag"": 1, ""TempC_DS18B20"": 32.76}"
2025-09-18 06:41:18.706048807+00:00,dds75-lb-16,2,-58,9.5,"{""Bat"": 3.324, ""Distance_mm"": 718, ""Interrupt_flag"": 0, ""Node_type"": ""DDS75-LB"", ""Sensor_flag"": 1, ""TempC_DS18B20"": 32.76}"
2025-09-18 07:01:18.489823746+00:00,dds75-lb-16,2,-59,10.25,"{""Bat"": 3.324, ""Distance_mm"": 718, ""Interrupt_flag"": 0, ""Node_type"": ""DDS75-LB"", ""Sensor_flag"": 1, ""TempC_DS18B20"": 32.76}"
2025-09-18 07:21:18.249978518+00:00,dds75-lb-16,2,-62,9.5,"{""Bat"": 3.324, ""Distance_mm"": 718, ""Interrupt_flag"": 0, ""Node_type"": ""DDS75-LB"", ""Sensor_flag"": 1, ""TempC_DS18B20"": 32.76}"
2025-09-18 07:41:18.019966995+00:00,dds75-lb-16,2,-59,10.0,"{""Bat"": 3.324, ""Distance_mm"": 718, ""Interrupt_flag"": 0, ""Node_type"": ""DDS75-LB"", ""Sensor_flag"": 1, ""TempC_DS18B20"": 32.76}"
2025-09-18 08:01:17.785178491+00:00,dds75-lb-16,2,-57,8.0,"{""Bat"": 3.324, ""Distance_mm"": 718, ""Interrupt_flag"": 0, ""Node_type"": ""DDS75-LB"", ""Sensor_flag"": 1, ""TempC_DS18B20"": 32.76}"
2025-09-18 08:21:17.527232621+00:00,dds75-lb-16,2,-63,9.5,"{""Bat"": 3.324, ""Distance_mm"": 718, ""Interrupt_flag"": 0, ""Node_type"": ""DDS75-LB"", ""Sensor_flag"": 1, ""TempC_DS18B20"": 32.76}"
2025-09-18 08:41:17.309816282+00:00,dds75-lb-16,2,-61,9.5,"{""Bat"": 3.324, ""Distance_mm"": 718, ""Interrupt_flag"": 0, ""Node_type"": ""DDS75-LB"", ""Sensor_flag"": 1, ""TempC_DS18B20"": 32.76}"
2025-09-18 09:01:17.109056776+00:00,dds75-lb-16,2,-62,10.0,"{""Bat"": 3.324, ""Distance_mm"": 718, ""Interrupt_flag"": 0, ""Node_type"": ""DDS75-LB"", ""Sensor_flag"": 1, ""TempC_DS18B20"": 32.76}"
2025-09-18 09:21:16.862244186+00:00,dds75-lb-16,2,-61,7.25,"{""Bat"": 3.324, ""Distance_mm"": 718, ""Interrupt_flag"": 0, ""Node_type"": ""DDS75-LB"", ""Sensor_flag"": 1, ""TempC_DS18B20"": 32.76}"
2025-09-18 09:41:16.631974684+00:00,dds75-lb-16,2,-62,9.75,"{""Bat"": 3.324, ""Distance_mm"": 718, ""Interrupt_flag"": 0, ""Node_type"": ""DDS75-LB"", ""Sensor_flag"": 1, ""TempC_DS18B20"": 32.76}"
2025-09-18 10:01:16.400705953+00:00,dds75-lb-16,2,-63,9.5,"{""Bat"": 3.324, ""Distance_mm"": 718, ""Interrupt_flag"": 0, ""Node_type"": ""DDS75-LB"", ""Sensor_flag"": 1, ""TempC_DS18B20"": 32.76}"
2025-09-18 10:21:16.181096449+00:00,dds75-lb-16,2,-60,7.0,"{""Bat"": 3.324, ""Distance_mm"": 718, ""Interrupt_flag"": 0, ""Node_type"": ""DDS75-LB"", ""Sensor_flag"": 1, ""TempC_DS18B20"": 32.76}"
2025-09-18 10:41:15.938315033+00:00,dds75-lb-16,2,-59,9.5,"{""Bat"": 3.324, ""Distance_mm"": 718, ""Interrupt_flag"": 0, ""Node_type"": ""DDS75-LB"", ""Sensor_flag"": 1, ""TempC_DS18B20"": 32.76}"
2025-09-18 11:01:15.710264695+00:00,dds75-lb-16,2,-60,9.5,"{""Bat"": 3.324, ""Distance_mm"": 718, ""Interrupt_flag"": 0, ""Node_type"": ""DDS75-LB"", ""Sensor_flag"": 1, ""TempC_DS18B20"": 32.76}"
2025-09-18 11:21:15.463460027+00:00,dds75-lb-16,2,-60,9.5,"{""Bat"": 3.324, ""Distance_mm"": 718, ""Interrupt_flag"": 0, ""Node_type"": ""DDS75-LB"", ""Sensor_flag"": 1, ""TempC_DS18B20"": 32.76}"
2025-09-18 11:41:15.246347544+00:00,dds75-lb-16,2,-63,10.25,"{""Bat"": 3.324, ""Distance_mm"": 718, ""Interrupt_flag"": 0, ""Node_type"": ""DDS75-LB"", ""Sensor_flag"": 1, ""TempC_DS18B20"": 32.76}"
2025-09-18 12:01:15.029958608+00:00,dds75-lb-16,2,-59,9.75,"{""Bat"": 3.324, ""Distance_mm"": 718, ""Interrupt_flag"": 0, ""Node_type"": ""DDS75-LB"", ""Sensor_flag"": 1, ""TempC_DS18B20"": 32.76}"
2025-09-18 12:21:14.783058159+00:00,dds75-lb-16,2,-61,9.25,"{""Bat"": 3.324, ""Distance_mm"": 719, ""Interrupt_flag"": 0, ""Node_type"": ""DDS75-LB"", ""Sensor_flag"": 1, ""TempC_DS18B20"": 32.76}"
2025-09-18 12:41:14.539333072+00:00,dds75-lb-16,2,-61,9.25,"{""Bat"": 3.324, ""Distance_mm"": 718, ""Interrupt_flag"": 0, ""Node_type"": ""DDS75-LB"", ""Sensor_flag"": 1, ""TempC_DS18B20"": 32.76}"
2025-09-18 13:01:14.303259107+00:00,dds75-lb-16,2,-58,9.25,"{""Bat"": 3.324, ""Distance_mm"": 718, ""Interrupt_flag"": 0, ""Node_type"": ""DDS75-LB"", ""Sensor_flag"": 1, ""TempC_DS18B20"": 32.76}"
2025-09-18 13:21:14.103014811+00:00,dds75-lb-16,2,-61,9.25,"{""Bat"": 3.324, ""Distance_mm"": 718, ""Interrupt_flag"": 0, ""Node_type"": ""DDS75-LB"", ""Sensor_flag"": 1, ""TempC_DS18B20"": 32.76}"
2025-09-18 13:41:13.848688833+00:00,dds75-lb-16,2,-61,7.75,"{""Bat"": 3.324, ""Distance_mm"": 718, ""Interrupt_flag"": 0, ""Node_type"": ""DDS75-LB"", ""Sensor_flag"": 1, ""TempC_DS18B20"": 32.76}"
2025-09-18 14:01:13.612201812+00:00,dds75-lb-16,2,-63,9.5,"{""Bat"": 3.324, ""Distance_mm"": 718, ""Interrupt_flag"": 0, ""Node_type"": ""DDS75-LB"", ""Sensor_flag"": 1, ""TempC_DS18B20"": 32.76}"
2025-09-18 14:21:13.381531326+00:00,dds75-lb-16,2,-63,10.75,"{""Bat"": 3.324, ""Distance_mm"": 718, ""Interrupt_flag"": 0, ""Node_type"": ""DDS75-LB"", ""Sensor_flag"": 1, ""TempC_DS18B20"": 32.76}"
2025-09-18 14:41:13.152990664+00:00,dds75-lb-16,2,-59,8.5,"{""Bat"": 3.324, ""Distance_mm"": 718, ""Interrupt_flag"": 0, ""Node_type"": ""DDS75-LB"", ""Sensor_flag"": 1, ""TempC_DS18B20"": 32.76}"
2025-09-18 15:01:12.931560206+00:00,dds75-lb-16,2,-60,8.75,"{""Bat"": 3.324, ""Distance_mm"": 719, ""Interrupt_flag"": 0, ""Node_type"": ""DDS75-LB"", ""Sensor_flag"": 1, ""TempC_DS18B20"": 32.76}"
2025-09-18 15:21:12.685798488+00:00,dds75-lb-16,2,-60,9.25,"{""Bat"": 3.324, ""Distance_mm"": 719, ""Interrupt_flag"": 0, ""Node_type"": ""DDS75-LB"", ""Sensor_flag"": 1, ""TempC_DS18B20"": 32.76}"
2025-09-18 15:41:12.444676204+00:00,dds75-lb-16,2,-61,7.25,"{""Bat"": 3.324, ""Distance_mm"": 718, ""Interrupt_flag"": 0, ""Node_type"": ""DDS75-LB"", ""Sensor_flag"": 1, ""TempC_DS18B20"": 32.76}"
2025-09-18 16:01:12.224478214+00:00,dds75-lb-16,2,-59,7.5,"{""Bat"": 3.324, ""Distance_mm"": 718, ""Interrupt_flag"": 0, ""Node_type"": ""DDS75-LB"", ""Sensor_flag"": 1, ""TempC_DS18B20"": 32.76}"
2025-09-18 16:21:11.985748038+00:00,dds75-lb-16,2,-119,-5.0,"{""Bat"": 3.324, ""Distance_mm"": 718, ""Interrupt_flag"": 0, ""Node_type"": ""DDS75-LB"", ""Sensor_flag"": 1, ""TempC_DS18B20"": 32.76}"
2025-09-18 16:41:11.782043040+00:00,dds75-lb-16,2,-48,9.5,"{""Bat"": 3.324, ""Distance_mm"": 718, ""Interrupt_flag"": 0, ""Node_type"": ""DDS75-LB"", ""Sensor_flag"": 1, ""TempC_DS18B20"": 32.76}"
2025-09-18 17:01:11.531554136+00:00,dds75-lb-16,2,-47,9.0,"{""Bat"": 3.324, ""Distance_mm"": 718, ""Interrupt_flag"": 0, ""Node_type"": ""DDS75-LB"", ""Sensor_flag"": 1, ""TempC_DS18B20"": 32.76}"
2025-09-18 17:21:11.284808985+00:00,dds75-lb-16,2,-47,8.75,"{""Bat"": 3.324, ""Distance_mm"": 718, ""Interrupt_flag"": 0, ""Node_type"": ""DDS75-LB"", ""Sensor_flag"": 1, ""TempC_DS18B20"": 32.76}"
2025-09-18 17:41:11.051444651+00:00,dds75-lb-16,2,-45,10.0,"{""Bat"": 3.324, ""Distance_mm"": 718, ""Interrupt_flag"": 0, ""Node_type"": ""DDS75-LB"", ""Sensor_flag"": 1, ""TempC_DS18B20"": 32.76}"
2025-09-18 18:01:10.811771705+00:00,dds75-lb-16,2,-47,9.5,"{""Bat"": 3.324, ""Distance_mm"": 718, ""Interrupt_flag"": 0, ""Node_type"": ""DDS75-LB"", ""Sensor_flag"": 1, ""TempC_DS18B20"": 32.76}"
2025-09-18 18:21:10.584881441+00:00,dds75-lb-16,2,-48,10.5,"{""Bat"": 3.324, ""Distance_mm"": 718, ""Interrupt_flag"": 0, ""Node_type"": ""DDS75-LB"", ""Sensor_flag"": 1, ""TempC_DS18B20"": 32.76}"
2025-09-18 18:41:10.377401632+00:00,dds75-lb-16,2,-45,8.0,"{""Bat"": 3.324, ""Distance_mm"": 718, ""Interrupt_flag"": 0, ""Node_type"": ""DDS75-LB"", ""Sensor_flag"": 1, ""TempC_DS18B20"": 32.76}"
2025-09-18 19:01:10.121851864+00:00,dds75-lb-16,2,-49,9.0,"{""Bat"": 3.324, ""Distance_mm"": 718, ""Interrupt_flag"": 0, ""Node_type"": ""DDS75-LB"", ""Sensor_flag"": 1, ""TempC_DS18B20"": 32.76}"
2025-09-18 19:21:09.901465972+00:00,dds75-lb-16,2,-120,-6.75,"{""Bat"": 3.324, ""Distance_mm"": 718, ""Interrupt_flag"": 0, ""Node_type"": ""DDS75-LB"", ""Sensor_flag"": 1, ""TempC_DS18B20"": 32.76}"
2025-09-18 19:41:09.680302824+00:00,dds75-lb-16,2,-49,9.0,"{""Bat"": 3.324, ""Distance_mm"": 718, ""Interrupt_flag"": 0, ""Node_type"": ""DDS75-LB"", ""Sensor_flag"": 1, ""TempC_DS18B20"": 32.76}"
2025-09-18 20:01:09.427870290+00:00,dds75-lb-16,2,-47,7.5,"{""Bat"": 3.324, ""Distance_mm"": 718, ""Interrupt_flag"": 0, ""Node_type"": ""DDS75-LB"", ""Sensor_flag"": 1, ""TempC_DS18B20"": 32.76}"
2025-09-18 20:21:09.199879960+00:00,dds75-lb-16,2,-45,9.25,"{""Bat"": 3.324, ""Distance_mm"": 718, ""Interrupt_flag"": 0, ""Node_type"": ""DDS75-LB"", ""Sensor_flag"": 1, ""TempC_DS18B20"": 32.76}"
2025-09-18 20:41:08.964562039+00:00,dds75-lb-16,2,-49,9.0,"{""Bat"": 3.324, ""Distance_mm"": 718, ""Interrupt_flag"": 0, ""Node_type"": ""DDS75-LB"", ""Sensor_flag"": 1, ""TempC_DS18B20"": 32.76}"
2025-09-18 21:01:08.748527517+00:00,dds75-lb-16,2,-49,10.0,"{""Bat"": 3.324, ""Distance_mm"": 718, ""Interrupt_flag"": 0, ""Node_type"": ""DDS75-LB"", ""Sensor_flag"": 1, ""TempC_DS18B20"": 32.76}"
2025-09-18 21:21:08.488102097+00:00,dds75-lb-16,2,-45,7.0,"{""Bat"": 3.324, ""Distance_mm"": 718, ""Interrupt_flag"": 0, ""Node_type"": ""DDS75-LB"", ""Sensor_flag"": 1, ""TempC_DS18B20"": 32.76}"
2025-09-18 21:41:08.264069116+00:00,dds75-lb-16,2,-45,9.0,"{""Bat"": 3.324, ""Distance_mm"": 718, ""Interrupt_flag"": 0, ""Node_type"": ""DDS75-LB"", ""Sensor_flag"": 1, ""TempC_DS18B20"": 32.76}"
2025-09-18 22:01:08.046894544+00:00,dds75-lb-16,2,-50,9.5,"{""Bat"": 3.324, ""Distance_mm"": 718, ""Interrupt_flag"": 0, ""Node_type"": ""DDS75-LB"", ""Sensor_flag"": 1, ""TempC_DS18B20"": 32.76}"
2025-09-18 22:21:07.823970270+00:00,dds75-lb-16,2,-120,-4.0,"{""Bat"": 3.324, ""Distance_mm"": 718, ""Interrupt_flag"": 0, ""Node_type"": ""DDS75-LB"", ""Sensor_flag"": 1, ""TempC_DS18B20"": 32.76}"
2025-09-18 22:41:07.576674299+00:00,dds75-lb-16,2,-45,8.0,"{""Bat"": 3.324, ""Distance_mm"": 718, ""Interrupt_flag"": 0, ""Node_type"": ""DDS75-LB"", ""Sensor_flag"": 1, ""TempC_DS18B20"": 32.76}"
2025-09-18 23:01:07.359232298+00:00,dds75-lb-16,2,-49,10.25,"{""Bat"": 3.324, ""Distance_mm"": 718, ""Interrupt_flag"": 0, ""Node_type"": ""DDS75-LB"", ""Sensor_flag"": 1, ""TempC_DS18B20"": 32.76}"
2025-09-18 23:21:07.093281548+00:00,dds75-lb-16,2,-116,-0.5,"{""Bat"": 3.324, ""Distance_mm"": 718, ""Interrupt_flag"": 0, ""Node_type"": ""DDS75-LB"", ""Sensor_flag"": 1, ""TempC_DS18B20"": 32.76}"
2025-09-18 23:41:06.882273654+00:00,dds75-lb-16,2,-118,-1.75,"{""Bat"": 3.324, ""Distance_mm"": 718, ""Interrupt_flag"": 0, ""Node_type"": ""DDS75-LB"", ""Sensor_flag"": 1, ""TempC_DS18B20"": 32.76}"
2025-09-19 00:01:06.639969003+00:00,dds75-lb-16,2,-47,7.75,"{""Bat"": 3.324, ""Distance_mm"": 718, ""Interrupt_flag"": 0, ""Node_type"": ""DDS75-LB"", ""Sensor_flag"": 1, ""TempC_DS18B20"": 32.76}"
2025-09-19 00:21:06.422329215+00:00,dds75-lb-16,2,-49,7.5,"{""Bat"": 3.324, ""Distance_mm"": 718, ""Interrupt_flag"": 0, ""Node_type"": ""DDS75-LB"", ""Sensor_flag"": 1, ""TempC_DS18B20"": 32.76}"
2025-09-19 00:41:06.159103134+00:00,dds75-lb-16,2,-50,9.75,"{""Bat"": 3.324, ""Distance_mm"": 718, ""Interrupt_flag"": 0, ""Node_type"": ""DDS75-LB"", ""Sensor_flag"": 1, ""TempC_DS18B20"": 32.76}"
2025-09-19 01:01:05.947078399+00:00,dds75-lb-16,2,-47,9.0,"{""Bat"": 3.324, ""Distance_mm"": 718, ""Interrupt_flag"": 0, ""Node_type"": ""DDS75-LB"", ""Sensor_flag"": 1, ""TempC_DS18B20"": 32.76}"
2025-09-19 01:21:05.722969468+00:00,dds75-lb-16,2,-47,7.5,"{""Bat"": 3.324, ""Distance_mm"": 718, ""Interrupt_flag"": 0, ""Node_type"": ""DDS75-LB"", ""Sensor_flag"": 1, ""TempC_DS18B20"": 32.76}"
2025-09-19 01:41:05.484764680+00:00,dds75-lb-16,2,-47,9.75,"{""Bat"": 3.324, ""Distance_mm"": 718, ""Interrupt_flag"": 0, ""Node_type"": ""DDS75-LB"", ""Sensor_flag"": 1, ""TempC_DS18B20"": 32.76}"
2025-09-19 02:01:05.245882647+00:00,dds75-lb-16,2,-47,9.25,"{""Bat"": 3.324, ""Distance_mm"": 718, ""Interrupt_flag"": 0, ""Node_type"": ""DDS75-LB"", ""Sensor_flag"": 1, ""TempC_DS18B20"": 32.76}"
2025-09-19 02:21:05.034564893+00:00,dds75-lb-16,2,-49,7.5,"{""Bat"": 3.324, ""Distance_mm"": 718, ""Interrupt_flag"": 0, ""Node_type"": ""DDS75-LB"", ""Sensor_flag"": 1, ""TempC_DS18B20"": 32.76}"
2025-09-19 02:41:04.794637119+00:00,dds75-lb-16,2,-49,8.0,"{""Bat"": 3.324, ""Distance_mm"": 718, ""Interrupt_flag"": 0, ""Node_type"": ""DDS75-LB"", ""Sensor_flag"": 1, ""TempC_DS18B20"": 32.76}"
2025-09-19 03:01:04.551721685+00:00,dds75-lb-16,2,-47,9.5,"{""Bat"": 3.324, ""Distance_mm"": 718, ""Interrupt_flag"": 0, ""Node_type"": ""DDS75-LB"", ""Sensor_flag"": 1, ""TempC_DS18B20"": 32.76}"
2025-09-19 03:21:04.333639684+00:00,dds75-lb-16,2,-49,10.0,"{""Bat"": 3.324, ""Distance_mm"": 717, ""Interrupt_flag"": 0, ""Node_type"": ""DDS75-LB"", ""Sensor_flag"": 1, ""TempC_DS18B20"": 32.76}"
2025-09-19 03:41:04.095119587+00:00,dds75-lb-16,2,-117,-2.0,"{""Bat"": 3.324, ""Distance_mm"": 717, ""Interrupt_flag"": 0, ""Node_type"": ""DDS75-LB"", ""Sensor_flag"": 1, ""TempC_DS18B20"": 32.76}"
2025-09-19 04:01:03.872611973+00:00,dds75-lb-16,2,-47,7.25,"{""Bat"": 3.324, ""Distance_mm"": 718, ""Interrupt_flag"": 0, ""Node_type"": ""DDS75-LB"", ""Sensor_flag"": 1, ""TempC_DS18B20"": 32.76}"
2025-09-19 04:21:03.647150824+00:00,dds75-lb-16,2,-47,10.0,"{""Bat"": 3.324, ""Distance_mm"": 718, ""Interrupt_flag"": 0, ""Node_type"": ""DDS75-LB"", ""Sensor_flag"": 1, ""TempC_DS18B20"": 32.76}"
2025-09-19 04:41:03.376212334+00:00,dds75-lb-16,2,-113,0.5,"{""Bat"": 3.324, ""Distance_mm"": 718, ""Interrupt_flag"": 0, ""Node_type"": ""DDS75-LB"", ""Sensor_flag"": 1, ""TempC_DS18B20"": 32.76}"
2025-09-19 05:01:03.163139638+00:00,dds75-lb-16,2,-49,7.25,"{""Bat"": 3.324, ""Distance_mm"": 718, ""Interrupt_flag"": 0, ""Node_type"": ""DDS75-LB"", ""Sensor_flag"": 1, ""TempC_DS18B20"": 32.76}"
2025-09-19 05:21:02.963451424+00:00,dds75-lb-16,2,-47,7.0,"{""Bat"": 3.324, ""Distance_mm"": 718, ""Interrupt_flag"": 0, ""Node_type"": ""DDS75-LB"", ""Sensor_flag"": 1, ""TempC_DS18B20"": 32.76}"
2025-09-19 05:41:02.711142819+00:00,dds75-lb-16,2,-48,9.25,"{""Bat"": 3.324, ""Distance_mm"": 718, ""Interrupt_flag"": 0, ""Node_type"": ""DDS75-LB"", ""Sensor_flag"": 1, ""TempC_DS18B20"": 32.76}"
2025-09-19 06:01:02.485175630+00:00,dds75-lb-16,2,-47,9.25,"{""Bat"": 3.324, ""Distance_mm"": 718, ""Interrupt_flag"": 0, ""Node_type"": ""DDS75-LB"", ""Sensor_flag"": 1, ""TempC_DS18B20"": 32.76}"
2025-09-19 06:21:02.253538990+00:00,dds75-lb-16,2,-47,9.25,"{""Bat"": 3.324, ""Distance_mm"": 718, ""Interrupt_flag"": 0, ""Node_type"": ""DDS75-LB"", ""Sensor_flag"": 1, ""TempC_DS18B20"": 32.76}"
2025-09-19 06:41:02.008448785+00:00,dds75-lb-16,2,-49,9.0,"{""Bat"": 3.324, ""Distance_mm"": 718, ""Interrupt_flag"": 0, ""Node_type"": ""DDS75-LB"", ""Sensor_flag"": 1, ""TempC_DS18B20"": 32.76}"
2025-09-19 07:01:01.787045322+00:00,dds75-lb-16,2,-116,-5.75,"{""Bat"": 3.324, ""Distance_mm"": 718, ""Interrupt_flag"": 0, ""Node_type"": ""DDS75-LB"", ""Sensor_flag"": 1, ""TempC_DS18B20"": 32.76}"
2025-09-19 07:21:01.566056513+00:00,dds75-lb-16,2,-48,10.75,"{""Bat"": 3.324, ""Distance_mm"": 718, ""Interrupt_flag"": 0, ""Node_type"": ""DDS75-LB"", ""Sensor_flag"": 1, ""TempC_DS18B20"": 32.76}"
2025-09-19 07:41:01.316573607+00:00,dds75-lb-16,2,-45,7.5,"{""Bat"": 3.324, ""Distance_mm"": 718, ""Interrupt_flag"": 0, ""Node_type"": ""DDS75-LB"", ""Sensor_flag"": 1, ""TempC_DS18B20"": 32.76}"
2025-09-19 08:01:01.083875422+00:00,dds75-lb-16,2,-45,9.0,"{""Bat"": 3.324, ""Distance_mm"": 722, ""Interrupt_flag"": 0, ""Node_type"": ""DDS75-LB"", ""Sensor_flag"": 1, ""TempC_DS18B20"": 32.76}"
2025-09-19 08:21:00.876908683+00:00,dds75-lb-16,2,-49,9.0,"{""Bat"": 3.324, ""Distance_mm"": 718, ""Interrupt_flag"": 0, ""Node_type"": ""DDS75-LB"", ""Sensor_flag"": 1, ""TempC_DS18B20"": 32.76}"
2025-09-19 08:41:00.613399994+00:00,dds75-lb-16,2,-48,9.75,"{""Bat"": 3.324, ""Distance_mm"": 718, ""Interrupt_flag"": 0, ""Node_type"": ""DDS75-LB"", ""Sensor_flag"": 1, ""TempC_DS18B20"": 32.76}"
2025-09-19 09:01:00.401418679+00:00,dds75-lb-16,2,-46,9.5,"{""Bat"": 3.324, ""Distance_mm"": 718, ""Interrupt_flag"": 0, ""Node_type"": ""DDS75-LB"", ""Sensor_flag"": 1, ""TempC_DS18B20"": 32.76}"
2025-09-19 09:21:00.189374589+00:00,dds75-lb-16,2,-47,8.0,"{""Bat"": 3.324, ""Distance_mm"": 718, ""Interrupt_flag"": 0, ""Node_type"": ""DDS75-LB"", ""Sensor_flag"": 1, ""TempC_DS18B20"": 32.76}"
2025-09-19 09:40:59.929826272+00:00,dds75-lb-16,2,-45,10.0,"{""Bat"": 3.324, ""Distance_mm"": 718, ""Interrupt_flag"": 0, ""Node_type"": ""DDS75-LB"", ""Sensor_flag"": 1, ""TempC_DS18B20"": 32.76}"
2025-09-19 10:00:59.699838139+00:00,dds75-lb-16,2,-48,9.5,"{""Bat"": 3.324, ""Distance_mm"": 718, ""Interrupt_flag"": 0, ""Node_type"": ""DDS75-LB"", ""Sensor_flag"": 1, ""TempC_DS18B20"": 32.76}"
2025-09-19 10:20:59.463390546+00:00,dds75-lb-16,2,-47,10.75,"{""Bat"": 3.324, ""Distance_mm"": 718, ""Interrupt_flag"": 0, ""Node_type"": ""DDS75-LB"", ""Sensor_flag"": 1, ""TempC_DS18B20"": 32.76}"
2025-09-19 10:40:59.231220531+00:00,dds75-lb-16,2,-47,10.25,"{""Bat"": 3.324, ""Distance_mm"": 718, ""Interrupt_flag"": 0, ""Node_type"": ""DDS75-LB"", ""Sensor_flag"": 1, ""TempC_DS18B20"": 32.76}"
2025-09-19 11:00:58.989896646+00:00,dds75-lb-16,2,-46,9.75,"{""Bat"": 3.324, ""Distance_mm"": 718, ""Interrupt_flag"": 0, ""Node_type"": ""DDS75-LB"", ""Sensor_flag"": 1, ""TempC_DS18B20"": 32.76}"
2025-09-19 11:20:58.769123972+00:00,dds75-lb-16,2,-47,9.5,"{""Bat"": 3.324, ""Distance_mm"": 718, ""Interrupt_flag"": 0, ""Node_type"": ""DDS75-LB"", ""Sensor_flag"": 1, ""TempC_DS18B20"": 32.76}"
2025-09-19 11:40:58.520445248+00:00,dds75-lb-16,2,-115,-4.25,"{""Bat"": 3.324, ""Distance_mm"": 721, ""Interrupt_flag"": 0, ""Node_type"": ""DDS75-LB"", ""Sensor_flag"": 1, ""TempC_DS18B20"": 32.76}"
2025-09-19 12:00:58.319921786+00:00,dds75-lb-16,2,-45,8.25,"{""Bat"": 3.324, ""Distance_mm"": 718, ""Interrupt_flag"": 0, ""Node_type"": ""DDS75-LB"", ""Sensor_flag"": 1, ""TempC_DS18B20"": 32.76}"
2025-09-19 12:20:58.069740605+00:00,dds75-lb-16,2,-47,9.75,"{""Bat"": 3.324, ""Distance_mm"": 718, ""Interrupt_flag"": 0, ""Node_type"": ""DDS75-LB"", ""Sensor_flag"": 1, ""TempC_DS18B20"": 32.76}"
2025-09-19 12:40:57.830084389+00:00,dds75-lb-16,2,-50,9.75,"{""Bat"": 3.324, ""Distance_mm"": 718, ""Interrupt_flag"": 0, ""Node_type"": ""DDS75-LB"", ""Sensor_flag"": 1, ""TempC_DS18B20"": 32.76}"
2025-09-19 13:00:57.594847555+00:00,dds75-lb-16,2,-49,9.25,"{""Bat"": 3.324, ""Distance_mm"": 718, ""Interrupt_flag"": 0, ""Node_type"": ""DDS75-LB"", ""Sensor_flag"": 1, ""TempC_DS18B20"": 32.76}"
2025-09-19 13:20:57.381900475+00:00,dds75-lb-16,2,-116,-1.5,"{""Bat"": 3.324, ""Distance_mm"": 719, ""Interrupt_flag"": 0, ""Node_type"": ""DDS75-LB"", ""Sensor_flag"": 1, ""TempC_DS18B20"": 32.76}"
2025-09-19 13:40:57.142890943+00:00,dds75-lb-16,2,-118,-3.0,"{""Bat"": 3.324, ""Distance_mm"": 719, ""Interrupt_flag"": 0, ""Node_type"": ""DDS75-LB"", ""Sensor_flag"": 1, ""TempC_DS18B20"": 32.76}"
2025-09-19 14:00:56.887925295+00:00,dds75-lb-16,2,-49,9.0,"{""Bat"": 3.324, ""Distance_mm"": 719, ""Interrupt_flag"": 0, ""Node_type"": ""DDS75-LB"", ""Sensor_flag"": 1, ""TempC_DS18B20"": 32.76}"
2025-09-19 14:20:56.683088351+00:00,dds75-lb-16,2,-50,10.0,"{""Bat"": 3.324, ""Distance_mm"": 719, ""Interrupt_flag"": 0, ""Node_type"": ""DDS75-LB"", ""Sensor_flag"": 1, ""TempC_DS18B20"": 32.76}"
2025-09-19 14:40:56.433221615+00:00,dds75-lb-16,2,-47,7.75,"{""Bat"": 3.324, ""Distance_mm"": 718, ""Interrupt_flag"": 0, ""Node_type"": ""DDS75-LB"", ""Sensor_flag"": 1, ""TempC_DS18B20"": 32.76}"
2025-09-19 15:00:56.212255597+00:00,dds75-lb-16,2,-45,9.5,"{""Bat"": 3.324, ""Distance_mm"": 718, ""Interrupt_flag"": 0, ""Node_type"": ""DDS75-LB"", ""Sensor_flag"": 1, ""TempC_DS18B20"": 32.76}"
2025-09-19 15:20:55.982440876+00:00,dds75-lb-16,2,-49,9.75,"{""Bat"": 3.324, ""Distance_mm"": 718, ""Interrupt_flag"": 0, ""Node_type"": ""DDS75-LB"", ""Sensor_flag"": 1, ""TempC_DS18B20"": 32.76}"
2025-09-19 15:40:55.756575573+00:00,dds75-lb-16,2,-45,7.25,"{""Bat"": 3.324, ""Distance_mm"": 718, ""Interrupt_flag"": 0, ""Node_type"": ""DDS75-LB"", ""Sensor_flag"": 1, ""TempC_DS18B20"": 32.76}"
2025-09-19 16:00:55.515097960+00:00,dds75-lb-16,2,-47,9.25,"{""Bat"": 3.324, ""Distance_mm"": 718, ""Interrupt_flag"": 0, ""Node_type"": ""DDS75-LB"", ""Sensor_flag"": 1, ""TempC_DS18B20"": 32.76}"
2025-09-19 16:20:55.275937111+00:00,dds75-lb-16,2,-49,9.5,"{""Bat"": 3.324, ""Distance_mm"": 718, ""Interrupt_flag"": 0, ""Node_type"": ""DDS75-LB"", ""Sensor_flag"": 1, ""TempC_DS18B20"": 32.76}"
2025-09-19 16:40:55.035406681+00:00,dds75-lb-16,2,-49,9.5,"{""Bat"": 3.324, ""Distance_mm"": 718, ""Interrupt_flag"": 0, ""Node_type"": ""DDS75-LB"", ""Sensor_flag"": 1, ""TempC_DS18B20"": 32.76}"
2025-09-19 17:00:54.854667899+00:00,dds75-lb-16,2,-49,10.0,"{""Bat"": 3.324, ""Distance_mm"": 718, ""Interrupt_flag"": 0, ""Node_type"": ""DDS75-LB"", ""Sensor_flag"": 1, ""TempC_DS18B20"": 32.76}"
2025-09-19 17:20:54.596887485+00:00,dds75-lb-16,2,-49,9.75,"{""Bat"": 3.324, ""Distance_mm"": 718, ""Interrupt_flag"": 0, ""Node_type"": ""DDS75-LB"", ""Sensor_flag"": 1, ""TempC_DS18B20"": 32.76}"
2025-09-19 17:40:54.352618730+00:00,dds75-lb-16,2,-49,9.5,"{""Bat"": 3.324, ""Distance_mm"": 718, ""Interrupt_flag"": 0, ""Node_type"": ""DDS75-LB"", ""Sensor_flag"": 1, ""TempC_DS18B20"": 32.76}"
2025-09-19 18:00:54.119851208+00:00,dds75-lb-16,2,-47,9.0,"{""Bat"": 3.324, ""Distance_mm"": 718, ""Interrupt_flag"": 0, ""Node_type"": ""DDS75-LB"", ""Sensor_flag"": 1, ""TempC_DS18B20"": 32.76}"
2025-09-19 18:20:53.892456873+00:00,dds75-lb-16,2,-45,8.0,"{""Bat"": 3.324, ""Distance_mm"": 718, ""Interrupt_flag"": 0, ""Node_type"": ""DDS75-LB"", ""Sensor_flag"": 1, ""TempC_DS18B20"": 32.76}"
2025-09-19 18:40:53.656099246+00:00,dds75-lb-16,2,-47,7.75,"{""Bat"": 3.324, ""Distance_mm"": 718, ""Interrupt_flag"": 0, ""Node_type"": ""DDS75-LB"", ""Sensor_flag"": 1, ""TempC_DS18B20"": 32.76}"
2025-09-19 19:00:53.428577495+00:00,dds75-lb-16,2,-49,9.25,"{""Bat"": 3.324, ""Distance_mm"": 718, ""Interrupt_flag"": 0, ""Node_type"": ""DDS75-LB"", ""Sensor_flag"": 1, ""TempC_DS18B20"": 32.76}"
2025-09-19 19:20:53.205613125+00:00,dds75-lb-16,2,-45,9.5,"{""Bat"": 3.324, ""Distance_mm"": 718, ""Interrupt_flag"": 0, ""Node_type"": ""DDS75-LB"", ""Sensor_flag"": 1, ""TempC_DS18B20"": 32.76}"
2025-09-19 19:40:52.955133535+00:00,dds75-lb-16,2,-47,8.75,"{""Bat"": 3.324, ""Distance_mm"": 718, ""Interrupt_flag"": 0, ""Node_type"": ""DDS75-LB"", ""Sensor_flag"": 1, ""TempC_DS18B20"": 32.76}"
2025-09-19 20:00:52.729632263+00:00,dds75-lb-16,2,-49,8.0,"{""Bat"": 3.324, ""Distance_mm"": 718, ""Interrupt_flag"": 0, ""Node_type"": ""DDS75-LB"", ""Sensor_flag"": 1, ""TempC_DS18B20"": 32.76}"
2025-09-19 20:20:52.478801638+00:00,dds75-lb-16,2,-112,-0.2,"{""Bat"": 3.324, ""Distance_mm"": 718, ""Interrupt_flag"": 0, ""Node_type"": ""DDS75-LB"", ""Sensor_flag"": 1, ""TempC_DS18B20"": 32.76}"
2025-09-19 20:40:52.263387404+00:00,dds75-lb-16,2,-117,-3.25,"{""Bat"": 3.324, ""Distance_mm"": 718, ""Interrupt_flag"": 0, ""Node_type"": ""DDS75-LB"", ""Sensor_flag"": 1, ""TempC_DS18B20"": 32.76}"
2025-09-19 21:00:52.031546519+00:00,dds75-lb-16,2,-45,8.5,"{""Bat"": 3.324, ""Distance_mm"": 718, ""Interrupt_flag"": 0, ""Node_type"": ""DDS75-LB"", ""Sensor_flag"": 1, ""TempC_DS18B20"": 32.76}"
2025-09-19 21:20:51.808343012+00:00,dds75-lb-16,2,-49,7.25,"{""Bat"": 3.324, ""Distance_mm"": 718, ""Interrupt_flag"": 0, ""Node_type"": ""DDS75-LB"", ""Sensor_flag"": 1, ""TempC_DS18B20"": 32.76}"
2025-09-19 21:40:51.576955356+00:00,dds75-lb-16,2,-49,8.0,"{""Bat"": 3.324, ""Distance_mm"": 718, ""Interrupt_flag"": 0, ""Node_type"": ""DDS75-LB"", ""Sensor_flag"": 1, ""TempC_DS18B20"": 32.76}"
2025-09-19 22:00:51.335109792+00:00,dds75-lb-16,2,-49,10.75,"{""Bat"": 3.324, ""Distance_mm"": 718, ""Interrupt_flag"": 0, ""Node_type"": ""DDS75-LB"", ""Sensor_flag"": 1, ""TempC_DS18B20"": 32.76}"
2025-09-19 22:20:51.114432511+00:00,dds75-lb-16,2,-45,9.25,"{""Bat"": 3.324, ""Distance_mm"": 718, ""Interrupt_flag"": 0, ""Node_type"": ""DDS75-LB"", ""Sensor_flag"": 1, ""TempC_DS18B20"": 32.76}"
2025-09-19 22:40:50.885044033+00:00,dds75-lb-16,2,-45,8.0,"{""Bat"": 3.324, ""Distance_mm"": 718, ""Interrupt_flag"": 0, ""Node_type"": ""DDS75-LB"", ""Sensor_flag"": 1, ""TempC_DS18B20"": 32.76}"
2025-09-19 23:00:50.636972464+00:00,dds75-lb-16,2,-118,-3.5,"{""Bat"": 3.324, ""Distance_mm"": 718, ""Interrupt_flag"": 0, ""Node_type"": ""DDS75-LB"", ""Sensor_flag"": 1, ""TempC_DS18B20"": 32.76}"
2025-09-19 23:20:50.411809506+00:00,dds75-lb-16,2,-49,10.25,"{""Bat"": 3.324, ""Distance_mm"": 718, ""Interrupt_flag"": 0, ""Node_type"": ""DDS75-LB"", ""Sensor_flag"": 1, ""TempC_DS18B20"": 32.76}"
2025-09-19 23:40:50.170673761+00:00,dds75-lb-16,2,-47,8.5,"{""Bat"": 3.324, ""Distance_mm"": 718, ""Interrupt_flag"": 0, ""Node_type"": ""DDS75-LB"", ""Sensor_flag"": 1, ""TempC_DS18B20"": 32.76}"
2025-09-20 00:00:49.901925393+00:00,dds75-lb-16,2,-112,-0.8,"{""Bat"": 3.324, ""Distance_mm"": 718, ""Interrupt_flag"": 0, ""Node_type"": ""DDS75-LB"", ""Sensor_flag"": 1, ""TempC_DS18B20"": 32.76}"
2025-09-20 00:20:49.733917365+00:00,dds75-lb-16,2,-48,9.5,"{""Bat"": 3.324, ""Distance_mm"": 718, ""Interrupt_flag"": 0, ""Node_type"": ""DDS75-LB"", ""Sensor_flag"": 1, ""TempC_DS18B20"": 32.76}"
2025-09-20 00:40:49.477948186+00:00,dds75-lb-16,2,-119,-2.5,"{""Bat"": 3.324, ""Distance_mm"": 718, ""Interrupt_flag"": 0, ""Node_type"": ""DDS75-LB"", ""Sensor_flag"": 1, ""TempC_DS18B20"": 32.76}"
2025-09-20 01:00:49.232064220+00:00,dds75-lb-16,2,-47,9.0,"{""Bat"": 3.324, ""Distance_mm"": 718, ""Interrupt_flag"": 0, ""Node_type"": ""DDS75-LB"", ""Sensor_flag"": 1, ""TempC_DS18B20"": 32.76}"
2025-09-20 01:20:49.115059780+00:00,dds75-lb-16,2,-47,8.5,"{""Bat"": 3.324, ""Distance_mm"": 718, ""Interrupt_flag"": 0, ""Node_type"": ""DDS75-LB"", ""Sensor_flag"": 1, ""TempC_DS18B20"": 32.76}"
2025-09-20 01:40:48.779820809+00:00,dds75-lb-16,2,-116,,"{""Bat"": 3.324, ""Distance_mm"": 718, ""Interrupt_flag"": 0, ""Node_type"": ""DDS75-LB"", ""Sensor_flag"": 1, ""TempC_DS18B20"": 32.76}"
2025-09-20 02:00:48.544730394+00:00,dds75-lb-16,2,-48,9.25,"{""Bat"": 3.324, ""Distance_mm"": 718, ""Interrupt_flag"": 0, ""Node_type"": ""DDS75-LB"", ""Sensor_flag"": 1, ""TempC_DS18B20"": 32.76}"
2025-09-20 02:20:48.319700088+00:00,dds75-lb-16,2,-47,7.75,"{""Bat"": 3.324, ""Distance_mm"": 718, ""Interrupt_flag"": 0, ""Node_type"": ""DDS75-LB"", ""Sensor_flag"": 1, ""TempC_DS18B20"": 32.76}"
2025-09-20 02:40:48.085474550+00:00,dds75-lb-16,2,-45,7.25,"{""Bat"": 3.324, ""Distance_mm"": 718, ""Interrupt_flag"": 0, ""Node_type"": ""DDS75-LB"", ""Sensor_flag"": 1, ""TempC_DS18B20"": 32.76}"
2025-09-20 03:00:47.861478111+00:00,dds75-lb-16,2,-45,9.5,"{""Bat"": 3.324, ""Distance_mm"": 718, ""Interrupt_flag"": 0, ""Node_type"": ""DDS75-LB"", ""Sensor_flag"": 1, ""TempC_DS18B20"": 32.76}"
2025-09-20 03:20:47.618083052+00:00,dds75-lb-16,2,-48,9.25,"{""Bat"": 3.324, ""Distance_mm"": 718, ""Interrupt_flag"": 0, ""Node_type"": ""DDS75-LB"", ""Sensor_flag"": 1, ""TempC_DS18B20"": 32.76}"
2025-09-20 03:40:47.397125053+00:00,dds75-lb-16,2,-45,9.25,"{""Bat"": 3.324, ""Distance_mm"": 718, ""Interrupt_flag"": 0, ""Node_type"": ""DDS75-LB"", ""Sensor_flag"": 1, ""TempC_DS18B20"": 32.76}"
2025-09-20 04:00:47.179585587+00:00,dds75-lb-16,2,-45,7.5,"{""Bat"": 3.324, ""Distance_mm"": 718, ""Interrupt_flag"": 0, ""Node_type"": ""DDS75-LB"", ""Sensor_flag"": 1, ""TempC_DS18B20"": 32.76}"
2025-09-20 04:20:46.924781461+00:00,dds75-lb-16,2,-49,10.0,"{""Bat"": 3.324, ""Distance_mm"": 718, ""Interrupt_flag"": 0, ""Node_type"": ""DDS75-LB"", ""Sensor_flag"": 1, ""TempC_DS18B20"": 32.76}"
2025-09-20 04:40:46.714309876+00:00,dds75-lb-16,2,-48,9.75,"{""Bat"": 3.324, ""Distance_mm"": 718, ""Interrupt_flag"": 0, ""Node_type"": ""DDS75-LB"", ""Sensor_flag"": 1, ""TempC_DS18B20"": 32.76}"
2025-09-20 05:00:46.461408461+00:00,dds75-lb-16,2,-45,7.75,"{""Bat"": 3.324, ""Distance_mm"": 718, ""Interrupt_flag"": 0, ""Node_type"": ""DDS75-LB"", ""Sensor_flag"": 1, ""TempC_DS18B20"": 32.76}"
2025-09-20 05:20:46.219763811+00:00,dds75-lb-16,2,-47,7.5,"{""Bat"": 3.324, ""Distance_mm"": 718, ""Interrupt_flag"": 0, ""Node_type"": ""DDS75-LB"", ""Sensor_flag"": 1, ""TempC_DS18B20"": 32.76}"
2025-09-20 05:40:46.018772800+00:00,dds75-lb-16,2,-47,9.0,"{""Bat"": 3.324, ""Distance_mm"": 718, ""Interrupt_flag"": 0, ""Node_type"": ""DDS75-LB"", ""Sensor_flag"": 1, ""TempC_DS18B20"": 32.76}"
2025-09-20 06:00:45.761328118+00:00,dds75-lb-16,2,-45,9.25,"{""Bat"": 3.324, ""Distance_mm"": 718, ""Interrupt_flag"": 0, ""Node_type"": ""DDS75-LB"", ""Sensor_flag"": 1, ""TempC_DS18B20"": 32.76}"
2025-09-20 06:20:45.532923902+00:00,dds75-lb-16,2,-45,9.75,"{""Bat"": 3.324, ""Distance_mm"": 718, ""Interrupt_flag"": 0, ""Node_type"": ""DDS75-LB"", ""Sensor_flag"": 1, ""TempC_DS18B20"": 32.76}"
2025-09-20 06:40:45.287687731+00:00,dds75-lb-16,2,-47,7.5,"{""Bat"": 3.324, ""Distance_mm"": 718, ""Interrupt_flag"": 0, ""Node_type"": ""DDS75-LB"", ""Sensor_flag"": 1, ""TempC_DS18B20"": 32.76}"
2025-09-20 07:00:45.076920186+00:00,dds75-lb-16,2,-44,9.25,"{""Bat"": 3.324, ""Distance_mm"": 718, ""Interrupt_flag"": 0, ""Node_type"": ""DDS75-LB"", ""Sensor_flag"": 1, ""TempC_DS18B20"": 32.76}"
2025-09-20 07:20:44.838402238+00:00,dds75-lb-16,2,-45,8.75,"{""Bat"": 3.324, ""Distance_mm"": 718, ""Interrupt_flag"": 0, ""Node_type"": ""DDS75-LB"", ""Sensor_flag"": 1, ""TempC_DS18B20"": 32.76}"
2025-09-20 07:40:44.626490644+00:00,dds75-lb-16,2,-44,9.25,"{""Bat"": 3.324, ""Distance_mm"": 718, ""Interrupt_flag"": 0, ""Node_type"": ""DDS75-LB"", ""Sensor_flag"": 1, ""TempC_DS18B20"": 32.76}"
2025-09-20 08:00:44.369209808+00:00,dds75-lb-16,2,-125,-8.75,"{""Bat"": 3.324, ""Distance_mm"": 718, ""Interrupt_flag"": 0, ""Node_type"": ""DDS75-LB"", ""Sensor_flag"": 1, ""TempC_DS18B20"": 32.76}"
2025-09-20 08:20:44.132454844+00:00,dds75-lb-16,2,-122,-6.0,"{""Bat"": 3.324, ""Distance_mm"": 718, ""Interrupt_flag"": 0, ""Node_type"": ""DDS75-LB"", ""Sensor_flag"": 1, ""TempC_DS18B20"": 32.76}"
2025-09-20 08:40:43.909344864+00:00,dds75-lb-16,2,-47,8.25,"{""Bat"": 3.324, ""Distance_mm"": 718, ""Interrupt_flag"": 0, ""Node_type"": ""DDS75-LB"", ""Sensor_flag"": 1, ""TempC_DS18B20"": 32.76}"
2025-09-20 09:00:43.697092838+00:00,dds75-lb-16,2,-47,8.75,"{""Bat"": 3.324, ""Distance_mm"": 718, ""Interrupt_flag"": 0, ""Node_type"": ""DDS75-LB"", ""Sensor_flag"": 1, ""TempC_DS18B20"": 32.76}"
2025-09-20 09:20:43.437446093+00:00,dds75-lb-16,2,-44,9.0,"{""Bat"": 3.324, ""Distance_mm"": 718, ""Interrupt_flag"": 0, ""Node_type"": ""DDS75-LB"", ""Sensor_flag"": 1, ""TempC_DS18B20"": 32.76}"
2025-09-20 09:40:43.202693732+00:00,dds75-lb-16,2,-45,9.0,"{""Bat"": 3.324, ""Distance_mm"": 718, ""Interrupt_flag"": 0, ""Node_type"": ""DDS75-LB"", ""Sensor_flag"": 1, ""TempC_DS18B20"": 32.76}"
2025-09-20 10:00:42.991174712+00:00,dds75-lb-16,2,-120,-5.0,"{""Bat"": 3.324, ""Distance_mm"": 719, ""Interrupt_flag"": 0, ""Node_type"": ""DDS75-LB"", ""Sensor_flag"": 1, ""TempC_DS18B20"": 32.76}"
2025-09-20 10:20:42.768599799+00:00,dds75-lb-16,2,-44,9.5,"{""Bat"": 3.324, ""Distance_mm"": 722, ""Interrupt_flag"": 0, ""Node_type"": ""DDS75-LB"", ""Sensor_flag"": 1, ""TempC_DS18B20"": 32.76}"
2025-09-20 10:40:42.516724345+00:00,dds75-lb-16,2,-116,-0.75,"{""Bat"": 3.324, ""Distance_mm"": 718, ""Interrupt_flag"": 0, ""Node_type"": ""DDS75-LB"", ""Sensor_flag"": 1, ""TempC_DS18B20"": 32.76}"
2025-09-20 11:00:42.306966165+00:00,dds75-lb-16,2,-47,9.5,"{""Bat"": 3.324, ""Distance_mm"": 722, ""Interrupt_flag"": 0, ""Node_type"": ""DDS75-LB"", ""Sensor_flag"": 1, ""TempC_DS18B20"": 32.76}"
2025-09-20 11:20:42.067557768+00:00,dds75-lb-16,2,-44,9.0,"{""Bat"": 3.324, ""Distance_mm"": 722, ""Interrupt_flag"": 0, ""Node_type"": ""DDS75-LB"", ""Sensor_flag"": 1, ""TempC_DS18B20"": 32.76}"
2025-09-20 11:40:41.815830488+00:00,dds75-lb-16,2,-45,10.0,"{""Bat"": 3.324, ""Distance_mm"": 723, ""Interrupt_flag"": 0, ""Node_type"": ""DDS75-LB"", ""Sensor_flag"": 1, ""TempC_DS18B20"": 32.76}"
2025-09-20 12:00:41.596285751+00:00,dds75-lb-16,2,-117,-6.0,"{""Bat"": 3.324, ""Distance_mm"": 723, ""Interrupt_flag"": 0, ""Node_type"": ""DDS75-LB"", ""Sensor_flag"": 1, ""TempC_DS18B20"": 32.76}"
2025-09-20 12:20:41.352653755+00:00,dds75-lb-16,2,-45,9.25,"{""Bat"": 3.324, ""Distance_mm"": 722, ""Interrupt_flag"": 0, ""Node_type"": ""DDS75-LB"", ""Sensor_flag"": 1, ""TempC_DS18B20"": 32.76}"
2025-09-20 12:40:41.118971891+00:00,dds75-lb-16,2,-121,-4.5,"{""Bat"": 3.324, ""Distance_mm"": 722, ""Interrupt_flag"": 0, ""Node_type"": ""DDS75-LB"", ""Sensor_flag"": 1, ""TempC_DS18B20"": 32.76}"
2025-09-20 13:00:40.905938773+00:00,dds75-lb-16,2,-45,7.5,"{""Bat"": 3.324, ""Distance_mm"": 723, ""Interrupt_flag"": 0, ""Node_type"": ""DDS75-LB"", ""Sensor_flag"": 1, ""TempC_DS18B20"": 32.76}"
2025-09-20 13:20:40.665674553+00:00,dds75-lb-16,2,-45,7.0,"{""Bat"": 3.324, ""Distance_mm"": 723, ""Interrupt_flag"": 0, ""Node_type"": ""DDS75-LB"", ""Sensor_flag"": 1, ""TempC_DS18B20"": 32.76}"
2025-09-20 13:40:40.451356224+00:00,dds75-lb-16,2,-44,7.75,"{""Bat"": 3.324, ""Distance_mm"": 723, ""Interrupt_flag"": 0, ""Node_type"": ""DDS75-LB"", ""Sensor_flag"": 1, ""TempC_DS18B20"": 32.76}"
2025-09-20 14:00:40.205553122+00:00,dds75-lb-16,2,-44,9.5,"{""Bat"": 3.324, ""Distance_mm"": 723, ""Interrupt_flag"": 0, ""Node_type"": ""DDS75-LB"", ""Sensor_flag"": 1, ""TempC_DS18B20"": 32.76}"
2025-09-20 14:20:39.968119142+00:00,dds75-lb-16,2,-117,-5.0,"{""Bat"": 3.324, ""Distance_mm"": 722, ""Interrupt_flag"": 0, ""Node_type"": ""DDS75-LB"", ""Sensor_flag"": 1, ""TempC_DS18B20"": 32.76}"
2025-09-20 14:40:39.731935819+00:00,dds75-lb-16,2,-44,7.5,"{""Bat"": 3.324, ""Distance_mm"": 722, ""Interrupt_flag"": 0, ""Node_type"": ""DDS75-LB"", ""Sensor_flag"": 1, ""TempC_DS18B20"": 32.76}"
2025-09-20 15:00:39.506077128+00:00,dds75-lb-16,2,-45,9.5,"{""Bat"": 3.324, ""Distance_mm"": 722, ""Interrupt_flag"": 0, ""Node_type"": ""DDS75-LB"", ""Sensor_flag"": 1, ""TempC_DS18B20"": 32.76}"
2025-09-20 15:20:39.264079363+00:00,dds75-lb-16,2,-118,-3.25,"{""Bat"": 3.324, ""Distance_mm"": 723, ""Interrupt_flag"": 0, ""Node_type"": ""DDS75-LB"", ""Sensor_flag"": 1, ""TempC_DS18B20"": 32.76}"
2025-09-20 15:40:39.032607099+00:00,dds75-lb-16,2,-47,9.5,"{""Bat"": 3.324, ""Distance_mm"": 723, ""Interrupt_flag"": 0, ""Node_type"": ""DDS75-LB"", ""Sensor_flag"": 1, ""TempC_DS18B20"": 32.76}"
2025-09-20 16:00:38.802712121+00:00,dds75-lb-16,2,-44,7.25,"{""Bat"": 3.324, ""Distance_mm"": 723, ""Interrupt_flag"": 0, ""Node_type"": ""DDS75-LB"", ""Sensor_flag"": 1, ""TempC_DS18B20"": 32.76}"
2025-09-20 16:20:38.579480981+00:00,dds75-lb-16,2,-48,10.25,"{""Bat"": 3.324, ""Distance_mm"": 723, ""Interrupt_flag"": 0, ""Node_type"": ""DDS75-LB"", ""Sensor_flag"": 1, ""TempC_DS18B20"": 32.76}"
2025-09-20 16:40:38.354255046+00:00,dds75-lb-16,2,-45,9.0,"{""Bat"": 3.324, ""Distance_mm"": 723, ""Interrupt_flag"": 0, ""Node_type"": ""DDS75-LB"", ""Sensor_flag"": 1, ""TempC_DS18B20"": 32.76}"
2025-09-20 17:00:38.113813773+00:00,dds75-lb-16,2,-49,9.25,"{""Bat"": 3.324, ""Distance_mm"": 723, ""Interrupt_flag"": 0, ""Node_type"": ""DDS75-LB"", ""Sensor_flag"": 1, ""TempC_DS18B20"": 32.76}"
2025-09-20 17:20:37.873037398+00:00,dds75-lb-16,2,-47,7.0,"{""Bat"": 3.324, ""Distance_mm"": 723, ""Interrupt_flag"": 0, ""Node_type"": ""DDS75-LB"", ""Sensor_flag"": 1, ""TempC_DS18B20"": 32.76}"
2025-09-20 17:40:37.632257719+00:00,dds75-lb-16,2,-45,8.75,"{""Bat"": 3.324, ""Distance_mm"": 723, ""Interrupt_flag"": 0, ""Node_type"": ""DDS75-LB"", ""Sensor_flag"": 1, ""TempC_DS18B20"": 32.76}"
2025-09-20 18:00:37.409446907+00:00,dds75-lb-16,2,-49,10.5,"{""Bat"": 3.324, ""Distance_mm"": 723, ""Interrupt_flag"": 0, ""Node_type"": ""DDS75-LB"", ""Sensor_flag"": 1, ""TempC_DS18B20"": 32.76}"
2025-09-20 18:20:37.181957852+00:00,dds75-lb-16,2,-47,9.5,"{""Bat"": 3.324, ""Distance_mm"": 723, ""Interrupt_flag"": 0, ""Node_type"": ""DDS75-LB"", ""Sensor_flag"": 1, ""TempC_DS18B20"": 32.76}"
2025-09-20 18:40:36.954945416+00:00,dds75-lb-16,2,-45,9.75,"{""Bat"": 3.324, ""Distance_mm"": 723, ""Interrupt_flag"": 0, ""Node_type"": ""DDS75-LB"", ""Sensor_flag"": 1, ""TempC_DS18B20"": 32.76}"
2025-09-20 19:00:36.726785341+00:00,dds75-lb-16,2,-49,9.5,"{""Bat"": 3.324, ""Distance_mm"": 722, ""Interrupt_flag"": 0, ""Node_type"": ""DDS75-LB"", ""Sensor_flag"": 1, ""TempC_DS18B20"": 32.76}"
2025-09-20 19:20:36.488249819+00:00,dds75-lb-16,2,-47,10.0,"{""Bat"": 3.324, ""Distance_mm"": 723, ""Interrupt_flag"": 0, ""Node_type"": ""DDS75-LB"", ""Sensor_flag"": 1, ""TempC_DS18B20"": 32.76}"
2025-09-20 19:40:36.250735369+00:00,dds75-lb-16,2,-47,10.25,"{""Bat"": 3.324, ""Distance_mm"": 723, ""Interrupt_flag"": 0, ""Node_type"": ""DDS75-LB"", ""Sensor_flag"": 1, ""TempC_DS18B20"": 32.76}"
2025-09-20 20:00:36.013149009+00:00,dds75-lb-16,2,-49,10.5,"{""Bat"": 3.324, ""Distance_mm"": 723, ""Interrupt_flag"": 0, ""Node_type"": ""DDS75-LB"", ""Sensor_flag"": 1, ""TempC_DS18B20"": 32.76}"
2025-09-20 20:20:35.783461340+00:00,dds75-lb-16,2,-122,-7.5,"{""Bat"": 3.324, ""Distance_mm"": 723, ""Interrupt_flag"": 0, ""Node_type"": ""DDS75-LB"", ""Sensor_flag"": 1, ""TempC_DS18B20"": 32.76}"
2025-09-20 20:40:35.539321792+00:00,dds75-lb-16,2,-45,10.0,"{""Bat"": 3.324, ""Distance_mm"": 723, ""Interrupt_flag"": 0, ""Node_type"": ""DDS75-LB"", ""Sensor_flag"": 1, ""TempC_DS18B20"": 32.76}"
2025-09-20 20:41:45.769494225+00:00,dds75-lb-16,2,-45,10.0,"{""Bat"": 3.324, ""Distance_mm"": 723, ""Interrupt_flag"": 0, ""Node_type"": ""DDS75-LB"", ""Sensor_flag"": 1, ""TempC_DS18B20"": 32.76}"
2025-09-20 20:42:45.751834354+00:00,dds75-lb-16,2,-45,9.5,"{""Bat"": 3.324, ""Distance_mm"": 723, ""Interrupt_flag"": 0, ""Node_type"": ""DDS75-LB"", ""Sensor_flag"": 1, ""TempC_DS18B20"": 32.76}"
2025-09-20 20:43:45.756363040+00:00,dds75-lb-16,2,-47,8.25,"{""Bat"": 3.324, ""Distance_mm"": 723, ""Interrupt_flag"": 0, ""Node_type"": ""DDS75-LB"", ""Sensor_flag"": 1, ""TempC_DS18B20"": 32.76}"
2025-09-20 21:43:55.293759218+00:00,dds75-lb-16,2,-47,9.75,"{""Bat"": 3.324, ""Distance_mm"": 723, ""Interrupt_flag"": 0, ""Node_type"": ""DDS75-LB"", ""Sensor_flag"": 1, ""TempC_DS18B20"": 32.76}"
2025-09-20 22:43:54.567694102+00:00,dds75-lb-16,2,-47,9.75,"{""Bat"": 3.324, ""Distance_mm"": 723, ""Interrupt_flag"": 0, ""Node_type"": ""DDS75-LB"", ""Sensor_flag"": 1, ""TempC_DS18B20"": 32.76}"
2025-09-20 23:43:53.875453795+00:00,dds75-lb-16,2,-47,10.0,"{""Bat"": 3.324, ""Distance_mm"": 722, ""Interrupt_flag"": 0, ""Node_type"": ""DDS75-LB"", ""Sensor_flag"": 1, ""TempC_DS18B20"": 32.76}"
2025-09-21 00:43:53.179559003+00:00,dds75-lb-16,2,-115,,"{""Bat"": 3.324, ""Distance_mm"": 722, ""Interrupt_flag"": 0, ""Node_type"": ""DDS75-LB"", ""Sensor_flag"": 1, ""TempC_DS18B20"": 32.76}"
2025-09-21 01:43:52.476743313+00:00,dds75-lb-16,2,-47,9.25,"{""Bat"": 3.324, ""Distance_mm"": 722, ""Interrupt_flag"": 0, ""Node_type"": ""DDS75-LB"", ""Sensor_flag"": 1, ""TempC_DS18B20"": 32.76}"
2025-09-21 02:43:51.796540140+00:00,dds75-lb-16,2,-47,9.75,"{""Bat"": 3.324, ""Distance_mm"": 722, ""Interrupt_flag"": 0, ""Node_type"": ""DDS75-LB"", ""Sensor_flag"": 1, ""TempC_DS18B20"": 32.76}"
2025-09-21 03:43:51.092083152+00:00,dds75-lb-16,2,-44,9.75,"{""Bat"": 3.324, ""Distance_mm"": 722, ""Interrupt_flag"": 0, ""Node_type"": ""DDS75-LB"", ""Sensor_flag"": 1, ""TempC_DS18B20"": 32.76}"
2025-09-21 04:43:50.372980593+00:00,dds75-lb-16,2,-121,-5.0,"{""Bat"": 3.324, ""Distance_mm"": 722, ""Interrupt_flag"": 0, ""Node_type"": ""DDS75-LB"", ""Sensor_flag"": 1, ""TempC_DS18B20"": 32.76}"
2025-09-21 05:43:49.685956233+00:00,dds75-lb-16,2,-45,9.75,"{""Bat"": 3.324, ""Distance_mm"": 722, ""Interrupt_flag"": 0, ""Node_type"": ""DDS75-LB"", ""Sensor_flag"": 1, ""TempC_DS18B20"": 32.76}"
2025-09-21 06:43:49.000220551+00:00,dds75-lb-16,2,-44,9.25,"{""Bat"": 3.324, ""Distance_mm"": 722, ""Interrupt_flag"": 0, ""Node_type"": ""DDS75-LB"", ""Sensor_flag"": 1, ""TempC_DS18B20"": 32.76}"
2025-09-21 07:43:48.308752116+00:00,dds75-lb-16,2,-43,7.5,"{""Bat"": 3.324, ""Distance_mm"": 722, ""Interrupt_flag"": 0, ""Node_type"": ""DDS75-LB"", ""Sensor_flag"": 1, ""TempC_DS18B20"": 32.76}"
2025-09-21 08:43:47.605574435+00:00,dds75-lb-16,2,-123,-4.0,"{""Bat"": 3.324, ""Distance_mm"": 722, ""Interrupt_flag"": 0, ""Node_type"": ""DDS75-LB"", ""Sensor_flag"": 1, ""TempC_DS18B20"": 32.76}"
2025-09-21 09:43:46.912388387+00:00,dds75-lb-16,2,-43,9.75,"{""Bat"": 3.324, ""Distance_mm"": 722, ""Interrupt_flag"": 0, ""Node_type"": ""DDS75-LB"", ""Sensor_flag"": 1, ""TempC_DS18B20"": 32.76}"
2025-09-21 10:43:46.205021248+00:00,dds75-lb-16,2,-45,10.5,"{""Bat"": 3.324, ""Distance_mm"": 722, ""Interrupt_flag"": 0, ""Node_type"": ""DDS75-LB"", ""Sensor_flag"": 1, ""TempC_DS18B20"": 32.76}"
2025-09-21 11:43:45.491438362+00:00,dds75-lb-16,2,-118,-2.25,"{""Bat"": 3.324, ""Distance_mm"": 722, ""Interrupt_flag"": 0, ""Node_type"": ""DDS75-LB"", ""Sensor_flag"": 1, ""TempC_DS18B20"": 32.76}"
2025-09-21 12:43:44.808749151+00:00,dds75-lb-16,2,-47,11.0,"{""Bat"": 3.324, ""Distance_mm"": 722, ""Interrupt_flag"": 0, ""Node_type"": ""DDS75-LB"", ""Sensor_flag"": 1, ""TempC_DS18B20"": 32.76}"
2025-09-21 13:43:44.093846624+00:00,dds75-lb-16,2,-118,-1.25,"{""Bat"": 3.324, ""Distance_mm"": 722, ""Interrupt_flag"": 0, ""Node_type"": ""DDS75-LB"", ""Sensor_flag"": 1, ""TempC_DS18B20"": 32.76}"
2025-09-21 14:43:43.406334475+00:00,dds75-lb-16,2,-45,10.75,"{""Bat"": 3.324, ""Distance_mm"": 722, ""Interrupt_flag"": 0, ""Node_type"": ""DDS75-LB"", ""Sensor_flag"": 1, ""TempC_DS18B20"": 32.76}"
2025-09-21 15:43:42.708075902+00:00,dds75-lb-16,2,-43,9.25,"{""Bat"": 3.324, ""Distance_mm"": 722, ""Interrupt_flag"": 0, ""Node_type"": ""DDS75-LB"", ""Sensor_flag"": 1, ""TempC_DS18B20"": 32.76}"
2025-09-21 16:43:42.039635194+00:00,dds75-lb-16,2,-44,9.75,"{""Bat"": 3.324, ""Distance_mm"": 722, ""Interrupt_flag"": 0, ""Node_type"": ""DDS75-LB"", ""Sensor_flag"": 1, ""TempC_DS18B20"": 32.76}"
2025-09-21 17:43:41.327159660+00:00,dds75-lb-16,2,-47,10.0,"{""Bat"": 3.324, ""Distance_mm"": 722, ""Interrupt_flag"": 0, ""Node_type"": ""DDS75-LB"", ""Sensor_flag"": 1, ""TempC_DS18B20"": 32.76}"
2025-09-21 18:43:40.648191770+00:00,dds75-lb-16,2,-49,6.25,"{""Bat"": 3.324, ""Distance_mm"": 722, ""Interrupt_flag"": 0, ""Node_type"": ""DDS75-LB"", ""Sensor_flag"": 1, ""TempC_DS18B20"": 32.76}"
2025-09-21 19:43:39.947328415+00:00,dds75-lb-16,2,-45,7.5,"{""Bat"": 3.324, ""Distance_mm"": 720, ""Interrupt_flag"": 0, ""Node_type"": ""DDS75-LB"", ""Sensor_flag"": 1, ""TempC_DS18B20"": 32.76}"
2025-09-21 20:43:39.226355711+00:00,dds75-lb-16,2,-38,6.75,"{""Bat"": 3.324, ""Distance_mm"": 718, ""Interrupt_flag"": 0, ""Node_type"": ""DDS75-LB"", ""Sensor_flag"": 1, ""TempC_DS18B20"": 32.76}"
2025-09-21 21:43:38.543191280+00:00,dds75-lb-16,2,-43,9.5,"{""Bat"": 3.324, ""Distance_mm"": 718, ""Interrupt_flag"": 0, ""Node_type"": ""DDS75-LB"", ""Sensor_flag"": 1, ""TempC_DS18B20"": 32.76}"
2025-09-21 22:43:37.837324431+00:00,dds75-lb-16,2,-44,9.75,"{""Bat"": 3.324, ""Distance_mm"": 717, ""Interrupt_flag"": 0, ""Node_type"": ""DDS75-LB"", ""Sensor_flag"": 1, ""TempC_DS18B20"": 32.76}"
2025-09-21 23:43:37.161499420+00:00,dds75-lb-16,2,-43,9.25,"{""Bat"": 3.324, ""Distance_mm"": 718, ""Interrupt_flag"": 0, ""Node_type"": ""DDS75-LB"", ""Sensor_flag"": 1, ""TempC_DS18B20"": 32.76}"
2025-09-22 00:43:36.439394784+00:00,dds75-lb-16,2,-45,9.5,"{""Bat"": 3.324, ""Distance_mm"": 718, ""Interrupt_flag"": 0, ""Node_type"": ""DDS75-LB"", ""Sensor_flag"": 1, ""TempC_DS18B20"": 32.76}"
2025-09-22 01:43:35.766456649+00:00,dds75-lb-16,2,-44,9.5,"{""Bat"": 3.324, ""Distance_mm"": 717, ""Interrupt_flag"": 0, ""Node_type"": ""DDS75-LB"", ""Sensor_flag"": 1, ""TempC_DS18B20"": 32.76}"
2025-09-22 02:43:35.054114101+00:00,dds75-lb-16,2,-42,9.5,"{""Bat"": 3.324, ""Distance_mm"": 717, ""Interrupt_flag"": 0, ""Node_type"": ""DDS75-LB"", ""Sensor_flag"": 1, ""TempC_DS18B20"": 32.76}"
2025-09-22 03:43:34.349591249+00:00,dds75-lb-16,2,-43,9.5,"{""Bat"": 3.324, ""Distance_mm"": 718, ""Interrupt_flag"": 0, ""Node_type"": ""DDS75-LB"", ""Sensor_flag"": 1, ""TempC_DS18B20"": 32.76}"
2025-09-22 04:43:33.674903931+00:00,dds75-lb-16,2,-115,1.75,"{""Bat"": 3.324, ""Distance_mm"": 718, ""Interrupt_flag"": 0, ""Node_type"": ""DDS75-LB"", ""Sensor_flag"": 1, ""TempC_DS18B20"": 32.76}"
2025-09-22 05:43:32.988256717+00:00,dds75-lb-16,2,-45,9.75,"{""Bat"": 3.324, ""Distance_mm"": 718, ""Interrupt_flag"": 0, ""Node_type"": ""DDS75-LB"", ""Sensor_flag"": 1, ""TempC_DS18B20"": 32.76}"
2025-09-22 06:43:32.279289259+00:00,dds75-lb-16,2,-45,8.5,"{""Bat"": 3.324, ""Distance_mm"": 718, ""Interrupt_flag"": 0, ""Node_type"": ""DDS75-LB"", ""Sensor_flag"": 1, ""TempC_DS18B20"": 32.76}"
2025-09-22 07:43:31.599057283+00:00,dds75-lb-16,2,-118,-2.5,"{""Bat"": 3.324, ""Distance_mm"": 718, ""Interrupt_flag"": 0, ""Node_type"": ""DDS75-LB"", ""Sensor_flag"": 1, ""TempC_DS18B20"": 32.76}"
2025-09-22 08:43:30.867663661+00:00,dds75-lb-16,2,-43,9.5,"{""Bat"": 3.324, ""Distance_mm"": 717, ""Interrupt_flag"": 0, ""Node_type"": ""DDS75-LB"", ""Sensor_flag"": 1, ""TempC_DS18B20"": 32.76}"
2025-09-22 09:43:30.196386600+00:00,dds75-lb-16,2,-117,-1.25,"{""Bat"": 3.324, ""Distance_mm"": 718, ""Interrupt_flag"": 0, ""Node_type"": ""DDS75-LB"", ""Sensor_flag"": 1, ""TempC_DS18B20"": 32.76}"
2025-09-22 10:43:29.484077337+00:00,dds75-lb-16,2,-109,4.0,"{""Bat"": 3.324, ""Distance_mm"": 718, ""Interrupt_flag"": 0, ""Node_type"": ""DDS75-LB"", ""Sensor_flag"": 1, ""TempC_DS18B20"": 32.76}"
2025-09-22 11:43:28.802453466+00:00,dds75-lb-16,2,-116,-3.25,"{""Bat"": 3.324, ""Distance_mm"": 718, ""Interrupt_flag"": 0, ""Node_type"": ""DDS75-LB"", ""Sensor_flag"": 1, ""TempC_DS18B20"": 32.76}"
2025-09-22 12:43:28.091700659+00:00,dds75-lb-16,2,-41,7.25,"{""Bat"": 3.324, ""Distance_mm"": 718, ""Interrupt_flag"": 0, ""Node_type"": ""DDS75-LB"", ""Sensor_flag"": 1, ""TempC_DS18B20"": 32.76}"
2025-09-22 13:43:27.415620457+00:00,dds75-lb-16,2,-42,9.5,"{""Bat"": 3.324, ""Distance_mm"": 718, ""Interrupt_flag"": 0, ""Node_type"": ""DDS75-LB"", ""Sensor_flag"": 1, ""TempC_DS18B20"": 32.76}"
2025-09-22 14:43:26.709383521+00:00,dds75-lb-16,2,-120,-5.5,"{""Bat"": 3.324, ""Distance_mm"": 718, ""Interrupt_flag"": 0, ""Node_type"": ""DDS75-LB"", ""Sensor_flag"": 1, ""TempC_DS18B20"": 32.76}"
2025-09-22 15:43:26.015478864+00:00,dds75-lb-16,2,-44,9.75,"{""Bat"": 3.324, ""Distance_mm"": 718, ""Interrupt_flag"": 0, ""Node_type"": ""DDS75-LB"", ""Sensor_flag"": 1, ""TempC_DS18B20"": 32.76}"
2025-09-22 16:43:25.320265372+00:00,dds75-lb-16,2,-42,9.5,"{""Bat"": 3.324, ""Distance_mm"": 718, ""Interrupt_flag"": 0, ""Node_type"": ""DDS75-LB"", ""Sensor_flag"": 1, ""TempC_DS18B20"": 32.76}"
2025-09-22 17:43:24.618553316+00:00,dds75-lb-16,2,-43,8.25,"{""Bat"": 3.324, ""Distance_mm"": 718, ""Interrupt_flag"": 0, ""Node_type"": ""DDS75-LB"", ""Sensor_flag"": 1, ""TempC_DS18B20"": 32.76}"
2025-09-22 18:43:23.938102504+00:00,dds75-lb-16,2,-118,-2.5,"{""Bat"": 3.324, ""Distance_mm"": 718, ""Interrupt_flag"": 0, ""Node_type"": ""DDS75-LB"", ""Sensor_flag"": 1, ""TempC_DS18B20"": 32.76}"
2025-09-22 19:43:23.226358865+00:00,dds75-lb-16,2,-41,8.0,"{""Bat"": 3.324, ""Distance_mm"": 718, ""Interrupt_flag"": 0, ""Node_type"": ""DDS75-LB"", ""Sensor_flag"": 1, ""TempC_DS18B20"": 32.76}"
2025-09-22 20:43:22.534433195+00:00,dds75-lb-16,2,-44,7.5,"{""Bat"": 3.324, ""Distance_mm"": 718, ""Interrupt_flag"": 0, ""Node_type"": ""DDS75-LB"", ""Sensor_flag"": 1, ""TempC_DS18B20"": 32.76}"
2025-09-22 21:43:21.844665981+00:00,dds75-lb-16,2,-40,9.0,"{""Bat"": 3.324, ""Distance_mm"": 717, ""Interrupt_flag"": 0, ""Node_type"": ""DDS75-LB"", ""Sensor_flag"": 1, ""TempC_DS18B20"": 32.76}"
2025-09-22 22:43:21.169158918+00:00,dds75-lb-16,2,-43,9.25,"{""Bat"": 3.324, ""Distance_mm"": 717, ""Interrupt_flag"": 0, ""Node_type"": ""DDS75-LB"", ""Sensor_flag"": 1, ""TempC_DS18B20"": 32.76}"
2025-09-22 23:43:20.465888750+00:00,dds75-lb-16,2,-44,9.0,"{""Bat"": 3.324, ""Distance_mm"": 718, ""Interrupt_flag"": 0, ""Node_type"": ""DDS75-LB"", ""Sensor_flag"": 1, ""TempC_DS18B20"": 32.76}"
2025-09-23 00:43:19.742713306+00:00,dds75-lb-16,2,-123,-7.25,"{""Bat"": 3.324, ""Distance_mm"": 718, ""Interrupt_flag"": 0, ""Node_type"": ""DDS75-LB"", ""Sensor_flag"": 1, ""TempC_DS18B20"": 32.76}"
2025-09-23 01:43:19.079660412+00:00,dds75-lb-16,2,-112,4.0,"{""Bat"": 3.324, ""Distance_mm"": 717, ""Interrupt_flag"": 0, ""Node_type"": ""DDS75-LB"", ""Sensor_flag"": 1, ""TempC_DS18B20"": 32.76}"
2025-09-23 02:43:18.394368525+00:00,dds75-lb-16,2,-119,-3.0,"{""Bat"": 3.324, ""Distance_mm"": 717, ""Interrupt_flag"": 0, ""Node_type"": ""DDS75-LB"", ""Sensor_flag"": 1, ""TempC_DS18B20"": 32.76}"
2025-09-23 03:43:17.676488602+00:00,dds75-lb-16,2,-42,8.75,"{""Bat"": 3.324, ""Distance_mm"": 718, ""Interrupt_flag"": 0, ""Node_type"": ""DDS75-LB"", ""Sensor_flag"": 1, ""TempC_DS18B20"": 32.76}"
2025-09-23 04:43:16.986464727+00:00,dds75-lb-16,2,-43,10.25,"{""Bat"": 3.324, ""Distance_mm"": 718, ""Interrupt_flag"": 0, ""Node_type"": ""DDS75-LB"", ""Sensor_flag"": 1, ""TempC_DS18B20"": 32.76}"
2025-09-23 05:43:16.277630429+00:00,dds75-lb-16,2,-43,8.75,"{""Bat"": 3.324, ""Distance_mm"": 718, ""Interrupt_flag"": 0, ""Node_type"": ""DDS75-LB"", ""Sensor_flag"": 1, ""TempC_DS18B20"": 32.76}"
2025-09-23 06:43:15.602874405+00:00,dds75-lb-16,2,-44,9.0,"{""Bat"": 3.324, ""Distance_mm"": 718, ""Interrupt_flag"": 0, ""Node_type"": ""DDS75-LB"", ""Sensor_flag"": 1, ""TempC_DS18B20"": 32.76}"
2025-09-23 07:43:14.912366492+00:00,dds75-lb-16,2,-43,8.75,"{""Bat"": 3.324, ""Distance_mm"": 718, ""Interrupt_flag"": 0, ""Node_type"": ""DDS75-LB"", ""Sensor_flag"": 1, ""TempC_DS18B20"": 32.76}"
2025-09-23 08:43:14.213736817+00:00,dds75-lb-16,2,-44,10.5,"{""Bat"": 3.324, ""Distance_mm"": 718, ""Interrupt_flag"": 0, ""Node_type"": ""DDS75-LB"", ""Sensor_flag"": 1, ""TempC_DS18B20"": 32.76}"
2025-09-23 09:43:13.512945476+00:00,dds75-lb-16,2,-41,8.25,"{""Bat"": 3.324, ""Distance_mm"": 718, ""Interrupt_flag"": 0, ""Node_type"": ""DDS75-LB"", ""Sensor_flag"": 1, ""TempC_DS18B20"": 32.76}"
2025-09-23 10:43:12.823489433+00:00,dds75-lb-16,2,-117,-1.0,"{""Bat"": 3.324, ""Distance_mm"": 718, ""Interrupt_flag"": 0, ""Node_type"": ""DDS75-LB"", ""Sensor_flag"": 1, ""TempC_DS18B20"": 32.76}"
2025-09-23 11:43:12.115332776+00:00,dds75-lb-16,2,-117,-0.5,"{""Bat"": 3.324, ""Distance_mm"": 718, ""Interrupt_flag"": 0, ""Node_type"": ""DDS75-LB"", ""Sensor_flag"": 1, ""TempC_DS18B20"": 32.76}"
2025-09-23 12:43:11.432415631+00:00,dds75-lb-16,2,-43,9.5,"{""Bat"": 3.324, ""Distance_mm"": 718, ""Interrupt_flag"": 0, ""Node_type"": ""DDS75-LB"", ""Sensor_flag"": 1, ""TempC_DS18B20"": 32.76}"
2025-09-23 13:43:10.737910434+00:00,dds75-lb-16,2,-44,8.5,"{""Bat"": 3.324, ""Distance_mm"": 718, ""Interrupt_flag"": 0, ""Node_type"": ""DDS75-LB"", ""Sensor_flag"": 1, ""TempC_DS18B20"": 32.76}"
2025-09-23 14:43:10.021438627+00:00,dds75-lb-16,2,-42,9.5,"{""Bat"": 3.324, ""Distance_mm"": 718, ""Interrupt_flag"": 0, ""Node_type"": ""DDS75-LB"", ""Sensor_flag"": 1, ""TempC_DS18B20"": 32.76}"
2025-09-23 15:43:09.357009275+00:00,dds75-lb-16,2,-42,9.75,"{""Bat"": 3.324, ""Distance_mm"": 718, ""Interrupt_flag"": 0, ""Node_type"": ""DDS75-LB"", ""Sensor_flag"": 1, ""TempC_DS18B20"": 32.76}"
2025-09-23 16:43:08.639262868+00:00,dds75-lb-16,2,-42,10.5,"{""Bat"": 3.324, ""Distance_mm"": 718, ""Interrupt_flag"": 0, ""Node_type"": ""DDS75-LB"", ""Sensor_flag"": 1, ""TempC_DS18B20"": 32.76}"
2025-09-23 17:43:07.953184971+00:00,dds75-lb-16,2,-41,7.0,"{""Bat"": 3.324, ""Distance_mm"": 718, ""Interrupt_flag"": 0, ""Node_type"": ""DDS75-LB"", ""Sensor_flag"": 1, ""TempC_DS18B20"": 32.76}"
2025-09-23 18:43:07.258075121+00:00,dds75-lb-16,2,-118,-2.75,"{""Bat"": 3.324, ""Distance_mm"": 718, ""Interrupt_flag"": 0, ""Node_type"": ""DDS75-LB"", ""Sensor_flag"": 1, ""TempC_DS18B20"": 32.76}"
2025-09-23 19:43:06.552241845+00:00,dds75-lb-16,2,-43,9.75,"{""Bat"": 3.324, ""Distance_mm"": 718, ""Interrupt_flag"": 0, ""Node_type"": ""DDS75-LB"", ""Sensor_flag"": 1, ""TempC_DS18B20"": 32.76}"
2025-09-23 20:43:05.880011944+00:00,dds75-lb-16,2,-41,9.0,"{""Bat"": 3.324, ""Distance_mm"": 718, ""Interrupt_flag"": 0, ""Node_type"": ""DDS75-LB"", ""Sensor_flag"": 1, ""TempC_DS18B20"": 32.76}"
2025-09-23 21:43:05.171820907+00:00,dds75-lb-16,2,-119,-3.25,"{""Bat"": 3.324, ""Distance_mm"": 718, ""Interrupt_flag"": 0, ""Node_type"": ""DDS75-LB"", ""Sensor_flag"": 1, ""TempC_DS18B20"": 32.76}"
2025-09-23 22:43:04.485595524+00:00,dds75-lb-16,2,-42,8.0,"{""Bat"": 3.324, ""Distance_mm"": 718, ""Interrupt_flag"": 0, ""Node_type"": ""DDS75-LB"", ""Sensor_flag"": 1, ""TempC_DS18B20"": 32.76}"
2025-09-23 23:43:03.781219095+00:00,dds75-lb-16,2,-43,9.75,"{""Bat"": 3.324, ""Distance_mm"": 718, ""Interrupt_flag"": 0, ""Node_type"": ""DDS75-LB"", ""Sensor_flag"": 1, ""TempC_DS18B20"": 32.76}"
2025-09-24 00:43:03.074116753+00:00,dds75-lb-16,2,-113,2.0,"{""Bat"": 3.324, ""Distance_mm"": 717, ""Interrupt_flag"": 0, ""Node_type"": ""DDS75-LB"", ""Sensor_flag"": 1, ""TempC_DS18B20"": 32.76}"
2025-09-24 01:43:02.401376952+00:00,dds75-lb-16,2,-41,7.75,"{""Bat"": 3.324, ""Distance_mm"": 718, ""Interrupt_flag"": 0, ""Node_type"": ""DDS75-LB"", ""Sensor_flag"": 1, ""TempC_DS18B20"": 32.76}"
2025-09-24 02:43:01.722857671+00:00,dds75-lb-16,2,-40,7.25,"{""Bat"": 3.324, ""Distance_mm"": 718, ""Interrupt_flag"": 0, ""Node_type"": ""DDS75-LB"", ""Sensor_flag"": 1, ""TempC_DS18B20"": 32.76}"
2025-09-24 03:43:01.018720044+00:00,dds75-lb-16,2,-41,9.0,"{""Bat"": 3.324, ""Distance_mm"": 717, ""Interrupt_flag"": 0, ""Node_type"": ""DDS75-LB"", ""Sensor_flag"": 1, ""TempC_DS18B20"": 32.76}"
2025-09-24 04:43:00.327248110+00:00,dds75-lb-16,2,-121,-5.0,"{""Bat"": 3.324, ""Distance_mm"": 717, ""Interrupt_flag"": 0, ""Node_type"": ""DDS75-LB"", ""Sensor_flag"": 1, ""TempC_DS18B20"": 32.76}"
2025-09-24 05:42:59.631312092+00:00,dds75-lb-16,2,-114,0.5,"{""Bat"": 3.324, ""Distance_mm"": 717, ""Interrupt_flag"": 0, ""Node_type"": ""DDS75-LB"", ""Sensor_flag"": 1, ""TempC_DS18B20"": 32.76}"
2025-09-24 06:42:58.933306541+00:00,dds75-lb-16,2,-41,9.25,"{""Bat"": 3.324, ""Distance_mm"": 717, ""Interrupt_flag"": 0, ""Node_type"": ""DDS75-LB"", ""Sensor_flag"": 1, ""TempC_DS18B20"": 32.76}"
2025-09-24 07:42:58.250440923+00:00,dds75-lb-16,2,-44,9.5,"{""Bat"": 3.324, ""Distance_mm"": 717, ""Interrupt_flag"": 0, ""Node_type"": ""DDS75-LB"", ""Sensor_flag"": 1, ""TempC_DS18B20"": 32.76}"
2025-09-24 08:42:57.546211066+00:00,dds75-lb-16,2,-41,7.5,"{""Bat"": 3.324, ""Distance_mm"": 718, ""Interrupt_flag"": 0, ""Node_type"": ""DDS75-LB"", ""Sensor_flag"": 1, ""TempC_DS18B20"": 32.76}"
2025-09-24 09:42:56.862112968+00:00,dds75-lb-16,2,-41,10.5,"{""Bat"": 3.324, ""Distance_mm"": 718, ""Interrupt_flag"": 0, ""Node_type"": ""DDS75-LB"", ""Sensor_flag"": 1, ""TempC_DS18B20"": 32.76}"
2025-09-24 10:42:56.156801829+00:00,dds75-lb-16,2,-116,0.5,"{""Bat"": 3.324, ""Distance_mm"": 718, ""Interrupt_flag"": 0, ""Node_type"": ""DDS75-LB"", ""Sensor_flag"": 1, ""TempC_DS18B20"": 32.76}"
2025-09-24 11:42:55.479762552+00:00,dds75-lb-16,2,-43,9.75,"{""Bat"": 3.324, ""Distance_mm"": 718, ""Interrupt_flag"": 0, ""Node_type"": ""DDS75-LB"", ""Sensor_flag"": 1, ""TempC_DS18B20"": 32.76}"
2025-09-24 12:42:54.773117823+00:00,dds75-lb-16,2,-43,9.0,"{""Bat"": 3.324, ""Distance_mm"": 718, ""Interrupt_flag"": 0, ""Node_type"": ""DDS75-LB"", ""Sensor_flag"": 1, ""TempC_DS18B20"": 32.76}"
2025-09-24 13:42:54.071346037+00:00,dds75-lb-16,2,-44,10.75,"{""Bat"": 3.324, ""Distance_mm"": 718, ""Interrupt_flag"": 0, ""Node_type"": ""DDS75-LB"", ""Sensor_flag"": 1, ""TempC_DS18B20"": 32.76}"
2025-09-24 14:42:53.388038699+00:00,dds75-lb-16,2,-41,9.5,"{""Bat"": 3.324, ""Distance_mm"": 718, ""Interrupt_flag"": 0, ""Node_type"": ""DDS75-LB"", ""Sensor_flag"": 1, ""TempC_DS18B20"": 32.76}"
2025-09-24 15:42:52.702753645+00:00,dds75-lb-16,2,-44,8.75,"{""Bat"": 3.324, ""Distance_mm"": 718, ""Interrupt_flag"": 0, ""Node_type"": ""DDS75-LB"", ""Sensor_flag"": 1, ""TempC_DS18B20"": 32.76}"
2025-09-24 16:42:52.017396745+00:00,dds75-lb-16,2,-43,9.25,"{""Bat"": 3.324, ""Distance_mm"": 718, ""Interrupt_flag"": 0, ""Node_type"": ""DDS75-LB"", ""Sensor_flag"": 1, ""TempC_DS18B20"": 32.76}"
2025-09-24 17:42:51.318448003+00:00,dds75-lb-16,2,-39,7.75,"{""Bat"": 3.324, ""Distance_mm"": 718, ""Interrupt_flag"": 0, ""Node_type"": ""DDS75-LB"", ""Sensor_flag"": 1, ""TempC_DS18B20"": 32.76}"
2025-09-24 18:42:50.616870143+00:00,dds75-lb-16,2,-43,10.0,"{""Bat"": 3.324, ""Distance_mm"": 718, ""Interrupt_flag"": 0, ""Node_type"": ""DDS75-LB"", ""Sensor_flag"": 1, ""TempC_DS18B20"": 32.76}"
2025-09-24 19:42:49.923706094+00:00,dds75-lb-16,2,-42,9.75,"{""Bat"": 3.324, ""Distance_mm"": 718, ""Interrupt_flag"": 0, ""Node_type"": ""DDS75-LB"", ""Sensor_flag"": 1, ""TempC_DS18B20"": 32.76}"
2025-09-24 20:42:49.220896842+00:00,dds75-lb-16,2,-44,9.25,"{""Bat"": 3.324, ""Distance_mm"": 718, ""Interrupt_flag"": 0, ""Node_type"": ""DDS75-LB"", ""Sensor_flag"": 1, ""TempC_DS18B20"": 32.76}"
2025-09-24 21:42:48.523144977+00:00,dds75-lb-16,2,-113,-4.75,"{""Bat"": 3.324, ""Distance_mm"": 718, ""Interrupt_flag"": 0, ""Node_type"": ""DDS75-LB"", ""Sensor_flag"": 1, ""TempC_DS18B20"": 32.76}"
2025-09-24 22:42:47.842020213+00:00,dds75-lb-16,2,-43,9.75,"{""Bat"": 3.324, ""Distance_mm"": 718, ""Interrupt_flag"": 0, ""Node_type"": ""DDS75-LB"", ""Sensor_flag"": 1, ""TempC_DS18B20"": 32.76}"
2025-09-24 23:42:47.138149859+00:00,dds75-lb-16,2,-118,-2.0,"{""Bat"": 3.324, ""Distance_mm"": 718, ""Interrupt_flag"": 0, ""Node_type"": ""DDS75-LB"", ""Sensor_flag"": 1, ""TempC_DS18B20"": 32.76}"
2025-09-25 00:42:46.456326472+00:00,dds75-lb-16,2,-39,9.0,"{""Bat"": 3.324, ""Distance_mm"": 717, ""Interrupt_flag"": 0, ""Node_type"": ""DDS75-LB"", ""Sensor_flag"": 1, ""TempC_DS18B20"": 32.76}"
2025-09-25 01:42:45.768922869+00:00,dds75-lb-16,2,-41,7.0,"{""Bat"": 3.324, ""Distance_mm"": 717, ""Interrupt_flag"": 0, ""Node_type"": ""DDS75-LB"", ""Sensor_flag"": 1, ""TempC_DS18B20"": 32.76}"
2025-09-25 02:42:45.064506461+00:00,dds75-lb-16,2,-114,1.75,"{""Bat"": 3.324, ""Distance_mm"": 718, ""Interrupt_flag"": 0, ""Node_type"": ""DDS75-LB"", ""Sensor_flag"": 1, ""TempC_DS18B20"": 32.76}"
2025-09-25 03:42:44.386244335+00:00,dds75-lb-16,2,-119,-4.25,"{""Bat"": 3.324, ""Distance_mm"": 718, ""Interrupt_flag"": 0, ""Node_type"": ""DDS75-LB"", ""Sensor_flag"": 1, ""TempC_DS18B20"": 32.76}"
2025-09-25 04:42:43.684036042+00:00,dds75-lb-16,2,-41,7.25,"{""Bat"": 3.324, ""Distance_mm"": 717, ""Interrupt_flag"": 0, ""Node_type"": ""DDS75-LB"", ""Sensor_flag"": 1, ""TempC_DS18B20"": 32.76}"
2025-09-25 05:42:42.996104776+00:00,dds75-lb-16,2,-41,9.25,"{""Bat"": 3.324, ""Distance_mm"": 718, ""Interrupt_flag"": 0, ""Node_type"": ""DDS75-LB"", ""Sensor_flag"": 1, ""TempC_DS18B20"": 32.76}"
2025-09-25 06:42:42.304223064+00:00,dds75-lb-16,2,-41,9.75,"{""Bat"": 3.324, ""Distance_mm"": 718, ""Interrupt_flag"": 0, ""Node_type"": ""DDS75-LB"", ""Sensor_flag"": 1, ""TempC_DS18B20"": 32.76}"
2025-09-25 07:42:41.592591972+00:00,dds75-lb-16,2,-53,9.75,"{""Bat"": 3.324, ""Distance_mm"": 718, ""Interrupt_flag"": 0, ""Node_type"": ""DDS75-LB"", ""Sensor_flag"": 1, ""TempC_DS18B20"": 32.76}"
2025-09-25 08:42:40.909835685+00:00,dds75-lb-16,2,-53,10.75,"{""Bat"": 3.324, ""Distance_mm"": 718, ""Interrupt_flag"": 0, ""Node_type"": ""DDS75-LB"", ""Sensor_flag"": 1, ""TempC_DS18B20"": 32.76}"
2025-09-25 09:42:40.231585283+00:00,dds75-lb-16,2,-53,9.0,"{""Bat"": 3.324, ""Distance_mm"": 718, ""Interrupt_flag"": 0, ""Node_type"": ""DDS75-LB"", ""Sensor_flag"": 1, ""TempC_DS18B20"": 32.76}"
2025-09-25 10:42:39.529189072+00:00,dds75-lb-16,2,-57,9.75,"{""Bat"": 3.324, ""Distance_mm"": 718, ""Interrupt_flag"": 0, ""Node_type"": ""DDS75-LB"", ""Sensor_flag"": 1, ""TempC_DS18B20"": 32.76}"
2025-09-25 11:42:38.848434024+00:00,dds75-lb-16,2,-60,10.25,"{""Bat"": 3.324, ""Distance_mm"": 718, ""Interrupt_flag"": 0, ""Node_type"": ""DDS75-LB"", ""Sensor_flag"": 1, ""TempC_DS18B20"": 32.76}"
2025-09-25 12:42:38.121036990+00:00,dds75-lb-16,2,-113,-9.0,"{""Bat"": 3.324, ""Distance_mm"": 718, ""Interrupt_flag"": 0, ""Node_type"": ""DDS75-LB"", ""Sensor_flag"": 1, ""TempC_DS18B20"": 32.76}"
2025-09-25 13:42:37.458320273+00:00,dds75-lb-16,2,-113,2.0,"{""Bat"": 3.324, ""Distance_mm"": 718, ""Interrupt_flag"": 0, ""Node_type"": ""DDS75-LB"", ""Sensor_flag"": 1, ""TempC_DS18B20"": 32.76}"
2025-09-25 14:42:36.735570104+00:00,dds75-lb-16,2,-56,8.75,"{""Bat"": 3.324, ""Distance_mm"": 718, ""Interrupt_flag"": 0, ""Node_type"": ""DDS75-LB"", ""Sensor_flag"": 1, ""TempC_DS18B20"": 32.76}"
2025-09-25 15:42:36.064939410+00:00,dds75-lb-16,2,-51,9.75,"{""Bat"": 3.324, ""Distance_mm"": 718, ""Interrupt_flag"": 0, ""Node_type"": ""DDS75-LB"", ""Sensor_flag"": 1, ""TempC_DS18B20"": 32.76}"
2025-09-25 16:42:35.367602439+00:00,dds75-lb-16,2,-54,9.0,"{""Bat"": 3.324, ""Distance_mm"": 718, ""Interrupt_flag"": 0, ""Node_type"": ""DDS75-LB"", ""Sensor_flag"": 1, ""TempC_DS18B20"": 32.76}"
2025-09-25 17:42:34.681720613+00:00,dds75-lb-16,2,-62,7.5,"{""Bat"": 3.324, ""Distance_mm"": 718, ""Interrupt_flag"": 0, ""Node_type"": ""DDS75-LB"", ""Sensor_flag"": 1, ""TempC_DS18B20"": 32.76}"
2025-09-25 18:42:33.983055460+00:00,dds75-lb-16,2,-113,3.5,"{""Bat"": 3.324, ""Distance_mm"": 717, ""Interrupt_flag"": 0, ""Node_type"": ""DDS75-LB"", ""Sensor_flag"": 1, ""TempC_DS18B20"": 32.76}"
2025-09-25 19:42:33.299047315+00:00,dds75-lb-16,2,-62,8.75,"{""Bat"": 3.324, ""Distance_mm"": 717, ""Interrupt_flag"": 0, ""Node_type"": ""DDS75-LB"", ""Sensor_flag"": 1, ""TempC_DS18B20"": 32.76}"
2025-09-25 20:42:32.628669581+00:00,dds75-lb-16,2,-114,-3.5,"{""Bat"": 3.324, ""Distance_mm"": 718, ""Interrupt_flag"": 0, ""Node_type"": ""DDS75-LB"", ""Sensor_flag"": 1, ""TempC_DS18B20"": 32.76}"
2025-09-25 21:42:31.911760141+00:00,dds75-lb-16,2,-59,9.25,"{""Bat"": 3.324, ""Distance_mm"": 717, ""Interrupt_flag"": 0, ""Node_type"": ""DDS75-LB"", ""Sensor_flag"": 1, ""TempC_DS18B20"": 32.76}"
2025-09-25 22:42:31.216327212+00:00,dds75-lb-16,2,-63,8.75,"{""Bat"": 3.324, ""Distance_mm"": 717, ""Interrupt_flag"": 0, ""Node_type"": ""DDS75-LB"", ""Sensor_flag"": 1, ""TempC_DS18B20"": 32.76}"
2025-09-25 23:42:30.524511542+00:00,dds75-lb-16,2,-55,9.25,"{""Bat"": 3.324, ""Distance_mm"": 717, ""Interrupt_flag"": 0, ""Node_type"": ""DDS75-LB"", ""Sensor_flag"": 1, ""TempC_DS18B20"": 32.76}"
2025-09-26 00:42:29.842120191+00:00,dds75-lb-16,2,-119,-4.5,"{""Bat"": 3.324, ""Distance_mm"": 718, ""Interrupt_flag"": 0, ""Node_type"": ""DDS75-LB"", ""Sensor_flag"": 1, ""TempC_DS18B20"": 32.76}"
2025-09-26 01:42:29.147358811+00:00,dds75-lb-16,2,-56,9.75,"{""Bat"": 3.324, ""Distance_mm"": 717, ""Interrupt_flag"": 0, ""Node_type"": ""DDS75-LB"", ""Sensor_flag"": 1, ""TempC_DS18B20"": 32.76}"
2025-09-26 02:42:28.441747476+00:00,dds75-lb-16,2,-56,9.75,"{""Bat"": 3.324, ""Distance_mm"": 717, ""Interrupt_flag"": 0, ""Node_type"": ""DDS75-LB"", ""Sensor_flag"": 1, ""TempC_DS18B20"": 32.76}"
2025-09-26 03:42:27.752899655+00:00,dds75-lb-16,2,-62,8.75,"{""Bat"": 3.324, ""Distance_mm"": 717, ""Interrupt_flag"": 0, ""Node_type"": ""DDS75-LB"", ""Sensor_flag"": 1, ""TempC_DS18B20"": 32.76}"
2025-09-26 04:42:27.070600504+00:00,dds75-lb-16,2,-119,-3.0,"{""Bat"": 3.324, ""Distance_mm"": 717, ""Interrupt_flag"": 0, ""Node_type"": ""DDS75-LB"", ""Sensor_flag"": 1, ""TempC_DS18B20"": 32.76}"
2025-09-26 05:42:26.378560811+00:00,dds75-lb-16,2,-62,9.0,"{""Bat"": 3.324, ""Distance_mm"": 718, ""Interrupt_flag"": 0, ""Node_type"": ""DDS75-LB"", ""Sensor_flag"": 1, ""TempC_DS18B20"": 32.76}"
2025-09-26 06:42:25.696000260+00:00,dds75-lb-16,2,-57,6.5,"{""Bat"": 3.324, ""Distance_mm"": 718, ""Interrupt_flag"": 0, ""Node_type"": ""DDS75-LB"", ""Sensor_flag"": 1, ""TempC_DS18B20"": 32.76}"
2025-09-26 07:42:25.012604708+00:00,dds75-lb-16,2,-59,9.75,"{""Bat"": 3.324, ""Distance_mm"": 718, ""Interrupt_flag"": 0, ""Node_type"": ""DDS75-LB"", ""Sensor_flag"": 1, ""TempC_DS18B20"": 32.76}"
2025-09-26 08:42:24.304057264+00:00,dds75-lb-16,2,-53,10.0,"{""Bat"": 3.324, ""Distance_mm"": 718, ""Interrupt_flag"": 0, ""Node_type"": ""DDS75-LB"", ""Sensor_flag"": 1, ""TempC_DS18B20"": 32.76}"
2025-09-26 09:42:23.626721797+00:00,dds75-lb-16,2,-114,2.5,"{""Bat"": 3.324, ""Distance_mm"": 718, ""Interrupt_flag"": 0, ""Node_type"": ""DDS75-LB"", ""Sensor_flag"": 1, ""TempC_DS18B20"": 32.76}"
2025-09-26 10:42:22.927879743+00:00,dds75-lb-16,2,-68,10.0,"{""Bat"": 3.324, ""Distance_mm"": 718, ""Interrupt_flag"": 0, ""Node_type"": ""DDS75-LB"", ""Sensor_flag"": 1, ""TempC_DS18B20"": 32.76}"
2025-09-26 11:42:22.230421894+00:00,dds75-lb-16,2,-65,10.0,"{""Bat"": 3.324, ""Distance_mm"": 718, ""Interrupt_flag"": 0, ""Node_type"": ""DDS75-LB"", ""Sensor_flag"": 1, ""TempC_DS18B20"": 32.76}"
2025-09-26 12:42:21.556948815+00:00,dds75-lb-16,2,-118,-5.0,"{""Bat"": 3.324, ""Distance_mm"": 718, ""Interrupt_flag"": 0, ""Node_type"": ""DDS75-LB"", ""Sensor_flag"": 1, ""TempC_DS18B20"": 32.76}"
2025-09-26 13:42:20.852479410+00:00,dds75-lb-16,2,-61,10.25,"{""Bat"": 3.324, ""Distance_mm"": 718, ""Interrupt_flag"": 0, ""Node_type"": ""DDS75-LB"", ""Sensor_flag"": 1, ""TempC_DS18B20"": 32.76}"
2025-09-26 14:42:20.163944173+00:00,dds75-lb-16,2,-114,2.0,"{""Bat"": 3.324, ""Distance_mm"": 718, ""Interrupt_flag"": 0, ""Node_type"": ""DDS75-LB"", ""Sensor_flag"": 1, ""TempC_DS18B20"": 32.76}"
2025-09-26 15:42:19.463659294+00:00,dds75-lb-16,2,-55,7.5,"{""Bat"": 3.324, ""Distance_mm"": 717, ""Interrupt_flag"": 0, ""Node_type"": ""DDS75-LB"", ""Sensor_flag"": 1, ""TempC_DS18B20"": 32.76}"
2025-09-26 16:42:18.781635695+00:00,dds75-lb-16,2,-54,9.25,"{""Bat"": 3.324, ""Distance_mm"": 717, ""Interrupt_flag"": 0, ""Node_type"": ""DDS75-LB"", ""Sensor_flag"": 1, ""TempC_DS18B20"": 32.76}"
2025-09-26 17:42:18.067156668+00:00,dds75-lb-16,2,-56,9.5,"{""Bat"": 3.324, ""Distance_mm"": 717, ""Interrupt_flag"": 0, ""Node_type"": ""DDS75-LB"", ""Sensor_flag"": 1, ""TempC_DS18B20"": 32.76}"
2025-09-26 18:42:17.404176296+00:00,dds75-lb-16,2,-67,11.25,"{""Bat"": 3.324, ""Distance_mm"": 718, ""Interrupt_flag"": 0, ""Node_type"": ""DDS75-LB"", ""Sensor_flag"": 1, ""TempC_DS18B20"": 32.76}"
2025-09-26 19:42:16.699807653+00:00,dds75-lb-16,2,-66,9.25,"{""Bat"": 3.324, ""Distance_mm"": 718, ""Interrupt_flag"": 0, ""Node_type"": ""DDS75-LB"", ""Sensor_flag"": 1, ""TempC_DS18B20"": 32.76}"
2025-09-26 20:42:16.008191109+00:00,dds75-lb-16,2,-65,10.0,"{""Bat"": 3.324, ""Distance_mm"": 718, ""Interrupt_flag"": 0, ""Node_type"": ""DDS75-LB"", ""Sensor_flag"": 1, ""TempC_DS18B20"": 32.76}"
2025-09-26 21:42:15.319533207+00:00,dds75-lb-16,2,-69,10.0,"{""Bat"": 3.324, ""Distance_mm"": 718, ""Interrupt_flag"": 0, ""Node_type"": ""DDS75-LB"", ""Sensor_flag"": 1, ""TempC_DS18B20"": 32.76}"
2025-09-26 22:42:14.606996226+00:00,dds75-lb-16,2,-59,9.5,"{""Bat"": 3.324, ""Distance_mm"": 717, ""Interrupt_flag"": 0, ""Node_type"": ""DDS75-LB"", ""Sensor_flag"": 1, ""TempC_DS18B20"": 32.76}"
2025-09-26 23:42:13.938898400+00:00,dds75-lb-16,2,-59,7.5,"{""Bat"": 3.324, ""Distance_mm"": 717, ""Interrupt_flag"": 0, ""Node_type"": ""DDS75-LB"", ""Sensor_flag"": 1, ""TempC_DS18B20"": 32.76}"
2025-09-27 00:42:13.258478021+00:00,dds75-lb-16,2,-68,7.75,"{""Bat"": 3.324, ""Distance_mm"": 717, ""Interrupt_flag"": 0, ""Node_type"": ""DDS75-LB"", ""Sensor_flag"": 1, ""TempC_DS18B20"": 32.76}"
2025-09-27 01:42:12.554445783+00:00,dds75-lb-16,2,-59,10.25,"{""Bat"": 3.324, ""Distance_mm"": 717, ""Interrupt_flag"": 0, ""Node_type"": ""DDS75-LB"", ""Sensor_flag"": 1, ""TempC_DS18B20"": 32.76}"
2025-09-27 02:42:11.869210657+00:00,dds75-lb-16,2,-67,9.5,"{""Bat"": 3.324, ""Distance_mm"": 718, ""Interrupt_flag"": 0, ""Node_type"": ""DDS75-LB"", ""Sensor_flag"": 1, ""TempC_DS18B20"": 32.76}"
2025-09-27 03:42:11.177387900+00:00,dds75-lb-16,2,-62,9.5,"{""Bat"": 3.324, ""Distance_mm"": 718, ""Interrupt_flag"": 0, ""Node_type"": ""DDS75-LB"", ""Sensor_flag"": 1, ""TempC_DS18B20"": 32.76}"
2025-09-27 04:42:10.487394219+00:00,dds75-lb-16,2,-60,9.75,"{""Bat"": 3.324, ""Distance_mm"": 717, ""Interrupt_flag"": 0, ""Node_type"": ""DDS75-LB"", ""Sensor_flag"": 1, ""TempC_DS18B20"": 32.76}"
2025-09-27 05:42:09.783519695+00:00,dds75-lb-16,2,-62,9.75,"{""Bat"": 3.324, ""Distance_mm"": 717, ""Interrupt_flag"": 0, ""Node_type"": ""DDS75-LB"", ""Sensor_flag"": 1, ""TempC_DS18B20"": 32.76}"
2025-09-27 06:42:09.091130635+00:00,dds75-lb-16,2,-119,-3.0,"{""Bat"": 3.324, ""Distance_mm"": 717, ""Interrupt_flag"": 0, ""Node_type"": ""DDS75-LB"", ""Sensor_flag"": 1, ""TempC_DS18B20"": 32.76}"
2025-09-27 07:42:08.405357237+00:00,dds75-lb-16,2,-63,7.5,"{""Bat"": 3.324, ""Distance_mm"": 717, ""Interrupt_flag"": 0, ""Node_type"": ""DDS75-LB"", ""Sensor_flag"": 1, ""TempC_DS18B20"": 32.76}"
2025-09-27 08:42:07.721164571+00:00,dds75-lb-16,2,-113,3.5,"{""Bat"": 3.324, ""Distance_mm"": 717, ""Interrupt_flag"": 0, ""Node_type"": ""DDS75-LB"", ""Sensor_flag"": 1, ""TempC_DS18B20"": 32.76}"
2025-09-27 09:42:07.025034679+00:00,dds75-lb-16,2,-67,9.25,"{""Bat"": 3.324, ""Distance_mm"": 717, ""Interrupt_flag"": 0, ""Node_type"": ""DDS75-LB"", ""Sensor_flag"": 1, ""TempC_DS18B20"": 32.76}"
2025-09-27 10:42:06.346092172+00:00,dds75-lb-16,2,-67,7.25,"{""Bat"": 3.324, ""Distance_mm"": 717, ""Interrupt_flag"": 0, ""Node_type"": ""DDS75-LB"", ""Sensor_flag"": 1, ""TempC_DS18B20"": 32.76}"
2025-09-27 11:42:05.665797310+00:00,dds75-lb-16,2,-60,9.25,"{""Bat"": 3.324, ""Distance_mm"": 717, ""Interrupt_flag"": 0, ""Node_type"": ""DDS75-LB"", ""Sensor_flag"": 1, ""TempC_DS18B20"": 32.76}"
2025-09-27 12:42:04.950299122+00:00,dds75-lb-16,2,-63,9.25,"{""Bat"": 3.324, ""Distance_mm"": 718, ""Interrupt_flag"": 0, ""Node_type"": ""DDS75-LB"", ""Sensor_flag"": 1, ""TempC_DS18B20"": 32.76}"
2025-09-27 13:42:04.288157230+00:00,dds75-lb-16,2,-57,6.75,"{""Bat"": 3.324, ""Distance_mm"": 718, ""Interrupt_flag"": 0, ""Node_type"": ""DDS75-LB"", ""Sensor_flag"": 1, ""TempC_DS18B20"": 32.76}"
2025-09-27 14:42:03.562536830+00:00,dds75-lb-16,2,-57,6.75,"{""Bat"": 3.324, ""Distance_mm"": 718, ""Interrupt_flag"": 0, ""Node_type"": ""DDS75-LB"", ""Sensor_flag"": 1, ""TempC_DS18B20"": 32.76}"
2025-09-27 15:42:02.884809948+00:00,dds75-lb-16,2,-56,9.25,"{""Bat"": 3.324, ""Distance_mm"": 718, ""Interrupt_flag"": 0, ""Node_type"": ""DDS75-LB"", ""Sensor_flag"": 1, ""TempC_DS18B20"": 32.76}"
2025-09-27 16:42:02.174469273+00:00,dds75-lb-16,2,-115,1.0,"{""Bat"": 3.324, ""Distance_mm"": 718, ""Interrupt_flag"": 0, ""Node_type"": ""DDS75-LB"", ""Sensor_flag"": 1, ""TempC_DS18B20"": 32.76}"
2025-09-27 17:42:01.512489052+00:00,dds75-lb-16,2,-69,9.5,"{""Bat"": 3.324, ""Distance_mm"": 718, ""Interrupt_flag"": 0, ""Node_type"": ""DDS75-LB"", ""Sensor_flag"": 1, ""TempC_DS18B20"": 32.76}"
2025-09-27 18:42:00.815916763+00:00,dds75-lb-16,2,-71,7.75,"{""Bat"": 3.324, ""Distance_mm"": 717, ""Interrupt_flag"": 0, ""Node_type"": ""DDS75-LB"", ""Sensor_flag"": 1, ""TempC_DS18B20"": 32.76}"
2025-09-27 19:42:00.120332658+00:00,dds75-lb-16,2,-60,9.5,"{""Bat"": 3.324, ""Distance_mm"": 717, ""Interrupt_flag"": 0, ""Node_type"": ""DDS75-LB"", ""Sensor_flag"": 1, ""TempC_DS18B20"": 32.76}"
2025-09-27 20:41:59.422532046+00:00,dds75-lb-16,2,-65,10.25,"{""Bat"": 3.324, ""Distance_mm"": 718, ""Interrupt_flag"": 0, ""Node_type"": ""DDS75-LB"", ""Sensor_flag"": 1, ""TempC_DS18B20"": 32.76}"
2025-09-27 21:41:58.730525503+00:00,dds75-lb-16,2,-54,9.75,"{""Bat"": 3.324, ""Distance_mm"": 718, ""Interrupt_flag"": 0, ""Node_type"": ""DDS75-LB"", ""Sensor_flag"": 1, ""TempC_DS18B20"": 32.76}"
2025-09-27 22:41:58.046461614+00:00,dds75-lb-16,2,-63,7.0,"{""Bat"": 3.324, ""Distance_mm"": 718, ""Interrupt_flag"": 0, ""Node_type"": ""DDS75-LB"", ""Sensor_flag"": 1, ""TempC_DS18B20"": 32.76}"
2025-09-27 23:41:57.367264535+00:00,dds75-lb-16,2,-71,7.75,"{""Bat"": 3.324, ""Distance_mm"": 718, ""Interrupt_flag"": 0, ""Node_type"": ""DDS75-LB"", ""Sensor_flag"": 1, ""TempC_DS18B20"": 32.76}"
2025-09-28 00:41:56.668416184+00:00,dds75-lb-16,2,-114,1.75,"{""Bat"": 3.324, ""Distance_mm"": 718, ""Interrupt_flag"": 0, ""Node_type"": ""DDS75-LB"", ""Sensor_flag"": 1, ""TempC_DS18B20"": 32.76}"
2025-09-28 01:41:55.998660457+00:00,dds75-lb-16,2,-69,9.75,"{""Bat"": 3.324, ""Distance_mm"": 717, ""Interrupt_flag"": 0, ""Node_type"": ""DDS75-LB"", ""Sensor_flag"": 1, ""TempC_DS18B20"": 32.76}"
2025-09-28 02:41:55.288609958+00:00,dds75-lb-16,2,-71,9.25,"{""Bat"": 3.324, ""Distance_mm"": 717, ""Interrupt_flag"": 0, ""Node_type"": ""DDS75-LB"", ""Sensor_flag"": 1, ""TempC_DS18B20"": 32.76}"
2025-09-28 03:41:54.603659451+00:00,dds75-lb-16,2,-65,8.25,"{""Bat"": 3.324, ""Distance_mm"": 717, ""Interrupt_flag"": 0, ""Node_type"": ""DDS75-LB"", ""Sensor_flag"": 1, ""TempC_DS18B20"": 32.76}"
2025-09-28 04:41:53.900437541+00:00,dds75-lb-16,2,-118,-1.75,"{""Bat"": 3.324, ""Distance_mm"": 717, ""Interrupt_flag"": 0, ""Node_type"": ""DDS75-LB"", ""Sensor_flag"": 1, ""TempC_DS18B20"": 32.76}"
2025-09-28 05:41:53.223043083+00:00,dds75-lb-16,2,-49,6.75,"{""Bat"": 3.324, ""Distance_mm"": 717, ""Interrupt_flag"": 0, ""Node_type"": ""DDS75-LB"", ""Sensor_flag"": 1, ""TempC_DS18B20"": 32.76}"
2025-09-28 06:41:52.516718473+00:00,dds75-lb-16,2,-51,7.25,"{""Bat"": 3.324, ""Distance_mm"": 717, ""Interrupt_flag"": 0, ""Node_type"": ""DDS75-LB"", ""Sensor_flag"": 1, ""TempC_DS18B20"": 32.76}"
2025-09-28 07:41:51.851078854+00:00,dds75-lb-16,2,-57,8.75,"{""Bat"": 3.324, ""Distance_mm"": 717, ""Interrupt_flag"": 0, ""Node_type"": ""DDS75-LB"", ""Sensor_flag"": 1, ""TempC_DS18B20"": 32.76}"
2025-09-28 08:41:51.143833133+00:00,dds75-lb-16,2,-57,9.75,"{""Bat"": 3.324, ""Distance_mm"": 717, ""Interrupt_flag"": 0, ""Node_type"": ""DDS75-LB"", ""Sensor_flag"": 1, ""TempC_DS18B20"": 32.76}"
2025-09-28 09:41:50.462648445+00:00,dds75-lb-16,2,-72,9.25,"{""Bat"": 3.324, ""Distance_mm"": 717, ""Interrupt_flag"": 0, ""Node_type"": ""DDS75-LB"", ""Sensor_flag"": 1, ""TempC_DS18B20"": 32.76}"
2025-09-28 10:41:49.772404322+00:00,dds75-lb-16,2,-61,10.0,"{""Bat"": 3.324, ""Distance_mm"": 718, ""Interrupt_flag"": 0, ""Node_type"": ""DDS75-LB"", ""Sensor_flag"": 1, ""TempC_DS18B20"": 32.76}"
2025-09-28 11:41:49.084961127+00:00,dds75-lb-16,2,-117,-2.0,"{""Bat"": 3.324, ""Distance_mm"": 718, ""Interrupt_flag"": 0, ""Node_type"": ""DDS75-LB"", ""Sensor_flag"": 1, ""TempC_DS18B20"": 32.76}"
2025-09-28 12:41:48.386305618+00:00,dds75-lb-16,2,-57,7.0,"{""Bat"": 3.324, ""Distance_mm"": 717, ""Interrupt_flag"": 0, ""Node_type"": ""DDS75-LB"", ""Sensor_flag"": 1, ""TempC_DS18B20"": 32.76}"
2025-09-28 13:41:47.695273789+00:00,dds75-lb-16,2,-123,-5.0,"{""Bat"": 3.324, ""Distance_mm"": 718, ""Interrupt_flag"": 0, ""Node_type"": ""DDS75-LB"", ""Sensor_flag"": 1, ""TempC_DS18B20"": 32.76}"
2025-09-28 14:41:47.014758751+00:00,dds75-lb-16,2,-57,9.0,"{""Bat"": 3.324, ""Distance_mm"": 718, ""Interrupt_flag"": 0, ""Node_type"": ""DDS75-LB"", ""Sensor_flag"": 1, ""TempC_DS18B20"": 32.76}"
2025-09-28 15:41:46.295610947+00:00,dds75-lb-16,2,-56,10.5,"{""Bat"": 3.324, ""Distance_mm"": 717, ""Interrupt_flag"": 0, ""Node_type"": ""DDS75-LB"", ""Sensor_flag"": 1, ""TempC_DS18B20"": 32.76}"
2025-09-28 16:41:45.609832940+00:00,dds75-lb-16,2,-63,8.75,"{""Bat"": 3.324, ""Distance_mm"": 717, ""Interrupt_flag"": 0, ""Node_type"": ""DDS75-LB"", ""Sensor_flag"": 1, ""TempC_DS18B20"": 32.76}"
2025-09-28 17:41:44.915401741+00:00,dds75-lb-16,2,-79,6.75,"{""Bat"": 3.324, ""Distance_mm"": 717, ""Interrupt_flag"": 0, ""Node_type"": ""DDS75-LB"", ""Sensor_flag"": 1, ""TempC_DS18B20"": 32.76}"
2025-09-28 18:41:44.221159784+00:00,dds75-lb-16,2,-120,-5.5,"{""Bat"": 3.324, ""Distance_mm"": 717, ""Interrupt_flag"": 0, ""Node_type"": ""DDS75-LB"", ""Sensor_flag"": 1, ""TempC_DS18B20"": 32.76}"
2025-09-28 19:41:43.540909072+00:00,dds75-lb-16,2,-117,-1.5,"{""Bat"": 3.324, ""Distance_mm"": 718, ""Interrupt_flag"": 0, ""Node_type"": ""DDS75-LB"", ""Sensor_flag"": 1, ""TempC_DS18B20"": 32.76}"
2025-09-28 20:41:42.842493074+00:00,dds75-lb-16,2,-54,7.0,"{""Bat"": 3.324, ""Distance_mm"": 718, ""Interrupt_flag"": 0, ""Node_type"": ""DDS75-LB"", ""Sensor_flag"": 1, ""TempC_DS18B20"": 32.76}"
2025-09-28 21:41:42.159087901+00:00,dds75-lb-16,2,-60,9.5,"{""Bat"": 3.324, ""Distance_mm"": 718, ""Interrupt_flag"": 0, ""Node_type"": ""DDS75-LB"", ""Sensor_flag"": 1, ""TempC_DS18B20"": 32.76}"
2025-09-28 22:41:41.473063640+00:00,dds75-lb-16,2,-74,7.5,"{""Bat"": 3.324, ""Distance_mm"": 717, ""Interrupt_flag"": 0, ""Node_type"": ""DDS75-LB"", ""Sensor_flag"": 1, ""TempC_DS18B20"": 32.76}"
2025-09-28 23:41:40.774196903+00:00,dds75-lb-16,2,-55,9.25,"{""Bat"": 3.324, ""Distance_mm"": 717, ""Interrupt_flag"": 0, ""Node_type"": ""DDS75-LB"", ""Sensor_flag"": 1, ""TempC_DS18B20"": 32.76}"
2025-09-29 00:41:40.076974032+00:00,dds75-lb-16,2,-69,9.5,"{""Bat"": 3.324, ""Distance_mm"": 717, ""Interrupt_flag"": 0, ""Node_type"": ""DDS75-LB"", ""Sensor_flag"": 1, ""TempC_DS18B20"": 32.76}"
2025-09-29 01:41:39.382722604+00:00,dds75-lb-16,2,-116,-1.5,"{""Bat"": 3.324, ""Distance_mm"": 718, ""Interrupt_flag"": 0, ""Node_type"": ""DDS75-LB"", ""Sensor_flag"": 1, ""TempC_DS18B20"": 32.76}"
2025-09-29 02:41:38.712145989+00:00,dds75-lb-16,2,-59,9.0,"{""Bat"": 3.324, ""Distance_mm"": 717, ""Interrupt_flag"": 0, ""Node_type"": ""DDS75-LB"", ""Sensor_flag"": 1, ""TempC_DS18B20"": 32.76}"
2025-09-29 03:41:38.014071861+00:00,dds75-lb-16,2,-61,8.25,"{""Bat"": 3.324, ""Distance_mm"": 717, ""Interrupt_flag"": 0, ""Node_type"": ""DDS75-LB"", ""Sensor_flag"": 1, ""TempC_DS18B20"": 32.76}"
2025-09-29 04:41:37.316264678+00:00,dds75-lb-16,2,-116,-1.0,"{""Bat"": 3.324, ""Distance_mm"": 717, ""Interrupt_flag"": 0, ""Node_type"": ""DDS75-LB"", ""Sensor_flag"": 1, ""TempC_DS18B20"": 32.76}"
2025-09-29 05:41:36.630414451+00:00,dds75-lb-16,2,-59,6.75,"{""Bat"": 3.324, ""Distance_mm"": 718, ""Interrupt_flag"": 0, ""Node_type"": ""DDS75-LB"", ""Sensor_flag"": 1, ""TempC_DS18B20"": 32.76}"
2025-09-29 06:41:35.943222645+00:00,dds75-lb-16,2,-73,7.5,"{""Bat"": 3.324, ""Distance_mm"": 718, ""Interrupt_flag"": 0, ""Node_type"": ""DDS75-LB"", ""Sensor_flag"": 1, ""TempC_DS18B20"": 32.76}"
2025-09-29 07:41:35.248024594+00:00,dds75-lb-16,2,-57,9.75,"{""Bat"": 3.324, ""Distance_mm"": 717, ""Interrupt_flag"": 0, ""Node_type"": ""DDS75-LB"", ""Sensor_flag"": 1, ""TempC_DS18B20"": 32.76}"
2025-09-29 08:41:34.544875094+00:00,dds75-lb-16,2,-116,-0.5,"{""Bat"": 3.324, ""Distance_mm"": 718, ""Interrupt_flag"": 0, ""Node_type"": ""DDS75-LB"", ""Sensor_flag"": 1, ""TempC_DS18B20"": 32.76}"
2025-09-29 09:41:33.863231284+00:00,dds75-lb-16,2,-74,10.25,"{""Bat"": 3.324, ""Distance_mm"": 718, ""Interrupt_flag"": 0, ""Node_type"": ""DDS75-LB"", ""Sensor_flag"": 1, ""TempC_DS18B20"": 32.76}"
2025-09-29 10:41:33.172156860+00:00,dds75-lb-16,2,-60,8.75,"{""Bat"": 3.324, ""Distance_mm"": 717, ""Interrupt_flag"": 0, ""Node_type"": ""DDS75-LB"", ""Sensor_flag"": 1, ""TempC_DS18B20"": 32.76}"
2025-09-29 11:41:32.473602205+00:00,dds75-lb-16,2,-59,7.75,"{""Bat"": 3.324, ""Distance_mm"": 718, ""Interrupt_flag"": 0, ""Node_type"": ""DDS75-LB"", ""Sensor_flag"": 1, ""TempC_DS18B20"": 32.76}"
2025-09-29 12:41:31.802597234+00:00,dds75-lb-16,2,-115,0.75,"{""Bat"": 3.324, ""Distance_mm"": 718, ""Interrupt_flag"": 0, ""Node_type"": ""DDS75-LB"", ""Sensor_flag"": 1, ""TempC_DS18B20"": 32.76}"
2025-09-29 13:41:31.089392230+00:00,dds75-lb-16,2,-77,8.0,"{""Bat"": 3.324, ""Distance_mm"": 718, ""Interrupt_flag"": 0, ""Node_type"": ""DDS75-LB"", ""Sensor_flag"": 1, ""TempC_DS18B20"": 32.76}"
2025-09-29 14:41:30.399262648+00:00,dds75-lb-16,2,-56,8.5,"{""Bat"": 3.324, ""Distance_mm"": 718, ""Interrupt_flag"": 0, ""Node_type"": ""DDS75-LB"", ""Sensor_flag"": 1, ""TempC_DS18B20"": 32.76}"
2025-09-29 15:41:29.727337581+00:00,dds75-lb-16,2,-66,9.75,"{""Bat"": 3.324, ""Distance_mm"": 718, ""Interrupt_flag"": 0, ""Node_type"": ""DDS75-LB"", ""Sensor_flag"": 1, ""TempC_DS18B20"": 32.76}"
2025-09-29 16:41:29.007230706+00:00,dds75-lb-16,2,-73,7.25,"{""Bat"": 3.324, ""Distance_mm"": 718, ""Interrupt_flag"": 0, ""Node_type"": ""DDS75-LB"", ""Sensor_flag"": 1, ""TempC_DS18B20"": 32.76}"
2025-09-29 17:41:28.327235350+00:00,dds75-lb-16,2,-59,9.75,"{""Bat"": 3.324, ""Distance_mm"": 718, ""Interrupt_flag"": 0, ""Node_type"": ""DDS75-LB"", ""Sensor_flag"": 1, ""TempC_DS18B20"": 32.76}"
2025-09-29 18:41:27.639049672+00:00,dds75-lb-16,2,-60,8.75,"{""Bat"": 3.324, ""Distance_mm"": 718, ""Interrupt_flag"": 0, ""Node_type"": ""DDS75-LB"", ""Sensor_flag"": 1, ""TempC_DS18B20"": 32.76}"
2025-09-29 19:41:26.926199074+00:00,dds75-lb-16,2,-114,1.5,"{""Bat"": 3.324, ""Distance_mm"": 718, ""Interrupt_flag"": 0, ""Node_type"": ""DDS75-LB"", ""Sensor_flag"": 1, ""TempC_DS18B20"": 32.76}"
2025-09-29 20:41:26.244903635+00:00,dds75-lb-16,2,-61,7.0,"{""Bat"": 3.324, ""Distance_mm"": 718, ""Interrupt_flag"": 0, ""Node_type"": ""DDS75-LB"", ""Sensor_flag"": 1, ""TempC_DS18B20"": 32.76}"
2025-09-29 21:41:25.547289401+00:00,dds75-lb-16,2,-57,9.0,"{""Bat"": 3.324, ""Distance_mm"": 718, ""Interrupt_flag"": 0, ""Node_type"": ""DDS75-LB"", ""Sensor_flag"": 1, ""TempC_DS18B20"": 32.76}"
2025-09-29 22:41:24.845717360+00:00,dds75-lb-16,2,-111,4.5,"{""Bat"": 3.324, ""Distance_mm"": 718, ""Interrupt_flag"": 0, ""Node_type"": ""DDS75-LB"", ""Sensor_flag"": 1, ""TempC_DS18B20"": 32.76}"
2025-09-29 23:41:24.151046585+00:00,dds75-lb-16,2,-69,9.75,"{""Bat"": 3.324, ""Distance_mm"": 717, ""Interrupt_flag"": 0, ""Node_type"": ""DDS75-LB"", ""Sensor_flag"": 1, ""TempC_DS18B20"": 32.76}"
2025-09-30 00:41:23.471954651+00:00,dds75-lb-16,2,-71,7.5,"{""Bat"": 3.324, ""Distance_mm"": 717, ""Interrupt_flag"": 0, ""Node_type"": ""DDS75-LB"", ""Sensor_flag"": 1, ""TempC_DS18B20"": 32.76}"
2025-09-30 01:41:22.792276625+00:00,dds75-lb-16,2,-63,10.0,"{""Bat"": 3.324, ""Distance_mm"": 717, ""Interrupt_flag"": 0, ""Node_type"": ""DDS75-LB"", ""Sensor_flag"": 1, ""TempC_DS18B20"": 32.76}"
2025-09-30 02:41:22.080633464+00:00,dds75-lb-16,2,-73,9.75,"{""Bat"": 3.324, ""Distance_mm"": 717, ""Interrupt_flag"": 0, ""Node_type"": ""DDS75-LB"", ""Sensor_flag"": 1, ""TempC_DS18B20"": 32.76}"
2025-09-30 03:41:21.391713069+00:00,dds75-lb-16,2,-60,6.75,"{""Bat"": 3.324, ""Distance_mm"": 718, ""Interrupt_flag"": 0, ""Node_type"": ""DDS75-LB"", ""Sensor_flag"": 1, ""TempC_DS18B20"": 32.76}"
2025-09-30 04:41:20.698674982+00:00,dds75-lb-16,2,-113,2.0,"{""Bat"": 3.324, ""Distance_mm"": 718, ""Interrupt_flag"": 0, ""Node_type"": ""DDS75-LB"", ""Sensor_flag"": 1, ""TempC_DS18B20"": 32.76}"
2025-09-30 05:41:19.999039004+00:00,dds75-lb-16,2,-113,0.25,"{""Bat"": 3.324, ""Distance_mm"": 717, ""Interrupt_flag"": 0, ""Node_type"": ""DDS75-LB"", ""Sensor_flag"": 1, ""TempC_DS18B20"": 32.76}"
2025-09-30 06:41:19.323724261+00:00,dds75-lb-16,2,-59,9.75,"{""Bat"": 3.324, ""Distance_mm"": 717, ""Interrupt_flag"": 0, ""Node_type"": ""DDS75-LB"", ""Sensor_flag"": 1, ""TempC_DS18B20"": 32.76}"
2025-09-30 07:41:18.614323371+00:00,dds75-lb-16,2,-74,9.75,"{""Bat"": 3.324, ""Distance_mm"": 717, ""Interrupt_flag"": 0, ""Node_type"": ""DDS75-LB"", ""Sensor_flag"": 1, ""TempC_DS18B20"": 32.76}"
2025-09-30 08:41:17.925961488+00:00,dds75-lb-16,2,-80,9.25,"{""Bat"": 3.324, ""Distance_mm"": 718, ""Interrupt_flag"": 0, ""Node_type"": ""DDS75-LB"", ""Sensor_flag"": 1, ""TempC_DS18B20"": 32.76}"
2025-09-30 09:41:17.236134668+00:00,dds75-lb-16,2,-61,8.25,"{""Bat"": 3.324, ""Distance_mm"": 718, ""Interrupt_flag"": 0, ""Node_type"": ""DDS75-LB"", ""Sensor_flag"": 1, ""TempC_DS18B20"": 32.76}"
2025-09-30 10:41:16.526152729+00:00,dds75-lb-16,2,-116,-1.25,"{""Bat"": 3.324, ""Distance_mm"": 718, ""Interrupt_flag"": 0, ""Node_type"": ""DDS75-LB"", ""Sensor_flag"": 1, ""TempC_DS18B20"": 32.76}"
2025-09-30 11:41:15.839895476+00:00,dds75-lb-16,2,-120,-3.5,"{""Bat"": 3.324, ""Distance_mm"": 718, ""Interrupt_flag"": 0, ""Node_type"": ""DDS75-LB"", ""Sensor_flag"": 1, ""TempC_DS18B20"": 32.76}"
2025-09-30 12:41:15.148224700+00:00,dds75-lb-16,2,-121,-6.0,"{""Bat"": 3.324, ""Distance_mm"": 718, ""Interrupt_flag"": 0, ""Node_type"": ""DDS75-LB"", ""Sensor_flag"": 1, ""TempC_DS18B20"": 32.76}"
2025-09-30 13:41:14.456709018+00:00,dds75-lb-16,2,-111,4.75,"{""Bat"": 3.324, ""Distance_mm"": 718, ""Interrupt_flag"": 0, ""Node_type"": ""DDS75-LB"", ""Sensor_flag"": 1, ""TempC_DS18B20"": 32.76}"
2025-09-30 14:41:13.758566188+00:00,dds75-lb-16,2,-55,10.0,"{""Bat"": 3.324, ""Distance_mm"": 718, ""Interrupt_flag"": 0, ""Node_type"": ""DDS75-LB"", ""Sensor_flag"": 1, ""TempC_DS18B20"": 32.76}"
2025-09-30 15:41:13.067506029+00:00,dds75-lb-16,2,-117,-4.75,"{""Bat"": 3.324, ""Distance_mm"": 718, ""Interrupt_flag"": 0, ""Node_type"": ""DDS75-LB"", ""Sensor_flag"": 1, ""TempC_DS18B20"": 32.76}"
2025-09-30 16:41:12.379190177+00:00,dds75-lb-16,2,-49,9.75,"{""Bat"": 3.324, ""Distance_mm"": 718, ""Interrupt_flag"": 0, ""Node_type"": ""DDS75-LB"", ""Sensor_flag"": 1, ""TempC_DS18B20"": 32.76}"
2025-09-30 17:41:11.675360924+00:00,dds75-lb-16,2,-118,-1.75,"{""Bat"": 3.324, ""Distance_mm"": 718, ""Interrupt_flag"": 0, ""Node_type"": ""DDS75-LB"", ""Sensor_flag"": 1, ""TempC_DS18B20"": 32.76}"
2025-09-30 18:41:10.981896543+00:00,dds75-lb-16,2,-49,7.25,"{""Bat"": 3.324, ""Distance_mm"": 718, ""Interrupt_flag"": 0, ""Node_type"": ""DDS75-LB"", ""Sensor_flag"": 1, ""TempC_DS18B20"": 32.76}"
2025-09-30 19:41:10.306881655+00:00,dds75-lb-16,2,-49,7.5,"{""Bat"": 3.324, ""Distance_mm"": 717, ""Interrupt_flag"": 0, ""Node_type"": ""DDS75-LB"", ""Sensor_flag"": 1, ""TempC_DS18B20"": 32.76}"
2025-09-30 20:41:09.606987707+00:00,dds75-lb-16,2,-49,10.25,"{""Bat"": 3.324, ""Distance_mm"": 718, ""Interrupt_flag"": 0, ""Node_type"": ""DDS75-LB"", ""Sensor_flag"": 1, ""TempC_DS18B20"": 32.76}"
2025-09-30 21:41:08.909961247+00:00,dds75-lb-16,2,-48,10.5,"{""Bat"": 3.324, ""Distance_mm"": 718, ""Interrupt_flag"": 0, ""Node_type"": ""DDS75-LB"", ""Sensor_flag"": 1, ""TempC_DS18B20"": 32.76}"
2025-09-30 22:41:08.219222551+00:00,dds75-lb-16,2,-114,1.75,"{""Bat"": 3.324, ""Distance_mm"": 718, ""Interrupt_flag"": 0, ""Node_type"": ""DDS75-LB"", ""Sensor_flag"": 1, ""TempC_DS18B20"": 32.76}"
2025-09-30 23:41:07.527979151+00:00,dds75-lb-16,2,-54,9.5,"{""Bat"": 3.324, ""Distance_mm"": 717, ""Interrupt_flag"": 0, ""Node_type"": ""DDS75-LB"", ""Sensor_flag"": 1, ""TempC_DS18B20"": 32.76}"
2025-10-01 00:41:06.828990092+00:00,dds75-lb-16,2,-49,9.25,"{""Bat"": 3.324, ""Distance_mm"": 718, ""Interrupt_flag"": 0, ""Node_type"": ""DDS75-LB"", ""Sensor_flag"": 1, ""TempC_DS18B20"": 32.76}"
2025-10-01 01:41:06.138069285+00:00,dds75-lb-16,2,-51,10.0,"{""Bat"": 3.324, ""Distance_mm"": 717, ""Interrupt_flag"": 0, ""Node_type"": ""DDS75-LB"", ""Sensor_flag"": 1, ""TempC_DS18B20"": 32.76}"
2025-10-01 02:41:05.438377243+00:00,dds75-lb-16,2,-46,8.25,"{""Bat"": 3.324, ""Distance_mm"": 717, ""Interrupt_flag"": 0, ""Node_type"": ""DDS75-LB"", ""Sensor_flag"": 1, ""TempC_DS18B20"": 32.76}"
2025-10-01 03:41:04.759945313+00:00,dds75-lb-16,2,-47,7.25,"{""Bat"": 3.324, ""Distance_mm"": 718, ""Interrupt_flag"": 0, ""Node_type"": ""DDS75-LB"", ""Sensor_flag"": 1, ""TempC_DS18B20"": 32.76}"
2025-10-01 04:41:04.076308288+00:00,dds75-lb-16,2,-52,8.0,"{""Bat"": 3.324, ""Distance_mm"": 717, ""Interrupt_flag"": 0, ""Node_type"": ""DDS75-LB"", ""Sensor_flag"": 1, ""TempC_DS18B20"": 32.76}"
2025-10-01 05:41:03.372459819+00:00,dds75-lb-16,2,-49,9.75,"{""Bat"": 3.324, ""Distance_mm"": 717, ""Interrupt_flag"": 0, ""Node_type"": ""DDS75-LB"", ""Sensor_flag"": 1, ""TempC_DS18B20"": 32.76}"
2025-10-01 06:41:02.691089314+00:00,dds75-lb-16,2,-53,9.5,"{""Bat"": 3.324, ""Distance_mm"": 709, ""Interrupt_flag"": 0, ""Node_type"": ""DDS75-LB"", ""Sensor_flag"": 1, ""TempC_DS18B20"": 32.76}"
2025-10-01 07:41:01.987693835+00:00,dds75-lb-16,2,-53,7.0,"{""Bat"": 3.324, ""Distance_mm"": 718, ""Interrupt_flag"": 0, ""Node_type"": ""DDS75-LB"", ""Sensor_flag"": 1, ""TempC_DS18B20"": 32.76}"
2025-10-01 08:41:01.303817245+00:00,dds75-lb-16,2,-51,10.5,"{""Bat"": 3.324, ""Distance_mm"": 718, ""Interrupt_flag"": 0, ""Node_type"": ""DDS75-LB"", ""Sensor_flag"": 1, ""TempC_DS18B20"": 32.76}"
2025-10-01 09:41:00.612686712+00:00,dds75-lb-16,2,-51,9.25,"{""Bat"": 3.324, ""Distance_mm"": 718, ""Interrupt_flag"": 0, ""Node_type"": ""DDS75-LB"", ""Sensor_flag"": 1, ""TempC_DS18B20"": 32.76}"
2025-10-01 10:40:59.910373764+00:00,dds75-lb-16,2,-48,11.0,"{""Bat"": 3.324, ""Distance_mm"": 718, ""Interrupt_flag"": 0, ""Node_type"": ""DDS75-LB"", ""Sensor_flag"": 1, ""TempC_DS18B20"": 32.76}"
2025-10-01 11:40:59.207966709+00:00,dds75-lb-16,2,-48,9.25,"{""Bat"": 3.324, ""Distance_mm"": 718, ""Interrupt_flag"": 0, ""Node_type"": ""DDS75-LB"", ""Sensor_flag"": 1, ""TempC_DS18B20"": 32.76}"
2025-10-01 12:40:58.530422720+00:00,dds75-lb-16,2,-111,3.25,"{""Bat"": 3.324, ""Distance_mm"": 717, ""Interrupt_flag"": 0, ""Node_type"": ""DDS75-LB"", ""Sensor_flag"": 1, ""TempC_DS18B20"": 32.76}"
2025-10-01 13:40:57.840441636+00:00,dds75-lb-16,2,-49,10.75,"{""Bat"": 3.324, ""Distance_mm"": 717, ""Interrupt_flag"": 0, ""Node_type"": ""DDS75-LB"", ""Sensor_flag"": 1, ""TempC_DS18B20"": 32.76}"
2025-10-01 14:40:57.136224055+00:00,dds75-lb-16,2,-114,-2.5,"{""Bat"": 3.324, ""Distance_mm"": 717, ""Interrupt_flag"": 0, ""Node_type"": ""DDS75-LB"", ""Sensor_flag"": 1, ""TempC_DS18B20"": 32.76}"
2025-10-01 15:40:56.455795497+00:00,dds75-lb-16,2,-48,11.0,"{""Bat"": 3.324, ""Distance_mm"": 717, ""Interrupt_flag"": 0, ""Node_type"": ""DDS75-LB"", ""Sensor_flag"": 1, ""TempC_DS18B20"": 32.76}"
2025-10-01 16:40:55.756965563+00:00,dds75-lb-16,2,-50,10.75,"{""Bat"": 3.324, ""Distance_mm"": 717, ""Interrupt_flag"": 0, ""Node_type"": ""DDS75-LB"", ""Sensor_flag"": 1, ""TempC_DS18B20"": 32.76}"
2025-10-01 17:40:55.066732158+00:00,dds75-lb-16,2,-47,7.75,"{""Bat"": 3.324, ""Distance_mm"": 718, ""Interrupt_flag"": 0, ""Node_type"": ""DDS75-LB"", ""Sensor_flag"": 1, ""TempC_DS18B20"": 32.76}"
2025-10-01 18:40:54.377358675+00:00,dds75-lb-16,2,-49,8.75,"{""Bat"": 3.324, ""Distance_mm"": 718, ""Interrupt_flag"": 0, ""Node_type"": ""DDS75-LB"", ""Sensor_flag"": 1, ""TempC_DS18B20"": 32.76}"
2025-10-01 19:40:53.698228494+00:00,dds75-lb-16,2,-47,9.75,"{""Bat"": 3.324, ""Distance_mm"": 717, ""Interrupt_flag"": 0, ""Node_type"": ""DDS75-LB"", ""Sensor_flag"": 1, ""TempC_DS18B20"": 32.76}"
2025-10-01 20:40:53.013153769+00:00,dds75-lb-16,2,-47,9.0,"{""Bat"": 3.324, ""Distance_mm"": 717, ""Interrupt_flag"": 0, ""Node_type"": ""DDS75-LB"", ""Sensor_flag"": 1, ""TempC_DS18B20"": 32.76}"
2025-10-01 21:40:52.312118787+00:00,dds75-lb-16,2,-51,9.75,"{""Bat"": 3.324, ""Distance_mm"": 718, ""Interrupt_flag"": 0, ""Node_type"": ""DDS75-LB"", ""Sensor_flag"": 1, ""TempC_DS18B20"": 32.76}"
2025-10-01 22:40:51.641353762+00:00,dds75-lb-16,2,-51,8.0,"{""Bat"": 3.324, ""Distance_mm"": 717, ""Interrupt_flag"": 0, ""Node_type"": ""DDS75-LB"", ""Sensor_flag"": 1, ""TempC_DS18B20"": 32.76}"
2025-10-01 23:40:50.923229999+00:00,dds75-lb-16,2,-49,11.5,"{""Bat"": 3.324, ""Distance_mm"": 717, ""Interrupt_flag"": 0, ""Node_type"": ""DDS75-LB"", ""Sensor_flag"": 1, ""TempC_DS18B20"": 32.76}"
2025-10-02 00:40:50.243588422+00:00,dds75-lb-16,2,-50,9.0,"{""Bat"": 3.324, ""Distance_mm"": 717, ""Interrupt_flag"": 0, ""Node_type"": ""DDS75-LB"", ""Sensor_flag"": 1, ""TempC_DS18B20"": 32.76}"
2025-10-02 01:40:49.541765325+00:00,dds75-lb-16,2,-47,10.25,"{""Bat"": 3.324, ""Distance_mm"": 717, ""Interrupt_flag"": 0, ""Node_type"": ""DDS75-LB"", ""Sensor_flag"": 1, ""TempC_DS18B20"": 32.76}"
2025-10-02 02:40:48.850206651+00:00,dds75-lb-16,2,-47,9.25,"{""Bat"": 3.324, ""Distance_mm"": 717, ""Interrupt_flag"": 0, ""Node_type"": ""DDS75-LB"", ""Sensor_flag"": 1, ""TempC_DS18B20"": 32.76}"
2025-10-02 03:40:48.172798726+00:00,dds75-lb-16,2,-49,7.75,"{""Bat"": 3.324, ""Distance_mm"": 717, ""Interrupt_flag"": 0, ""Node_type"": ""DDS75-LB"", ""Sensor_flag"": 1, ""TempC_DS18B20"": 32.76}"
2025-10-02 04:40:47.482924041+00:00,dds75-lb-16,2,-47,9.0,"{""Bat"": 3.324, ""Distance_mm"": 717, ""Interrupt_flag"": 0, ""Node_type"": ""DDS75-LB"", ""Sensor_flag"": 1, ""TempC_DS18B20"": 32.76}"
2025-10-02 05:40:46.790564639+00:00,dds75-lb-16,2,-48,9.5,"{""Bat"": 3.324, ""Distance_mm"": 718, ""Interrupt_flag"": 0, ""Node_type"": ""DDS75-LB"", ""Sensor_flag"": 1, ""TempC_DS18B20"": 32.76}"
2025-10-02 06:40:46.117428543+00:00,dds75-lb-16,2,-49,9.5,"{""Bat"": 3.324, ""Distance_mm"": 710, ""Interrupt_flag"": 0, ""Node_type"": ""DDS75-LB"", ""Sensor_flag"": 1, ""TempC_DS18B20"": 32.76}"
2025-10-02 07:40:45.404793129+00:00,dds75-lb-16,2,-49,10.25,"{""Bat"": 3.324, ""Distance_mm"": 718, ""Interrupt_flag"": 0, ""Node_type"": ""DDS75-LB"", ""Sensor_flag"": 1, ""TempC_DS18B20"": 32.76}"
2025-10-02 08:40:44.725042061+00:00,dds75-lb-16,2,-115,1.0,"{""Bat"": 3.324, ""Distance_mm"": 718, ""Interrupt_flag"": 0, ""Node_type"": ""DDS75-LB"", ""Sensor_flag"": 1, ""TempC_DS18B20"": 32.76}"
2025-10-02 09:40:44.044785766+00:00,dds75-lb-16,2,-121,-5.25,"{""Bat"": 3.324, ""Distance_mm"": 718, ""Interrupt_flag"": 0, ""Node_type"": ""DDS75-LB"", ""Sensor_flag"": 1, ""TempC_DS18B20"": 32.76}"
2025-10-02 10:40:43.343193930+00:00,dds75-lb-16,2,-47,7.25,"{""Bat"": 3.324, ""Distance_mm"": 718, ""Interrupt_flag"": 0, ""Node_type"": ""DDS75-LB"", ""Sensor_flag"": 1, ""TempC_DS18B20"": 32.76}"
2025-10-02 11:40:42.661247182+00:00,dds75-lb-16,2,-47,9.75,"{""Bat"": 3.324, ""Distance_mm"": 718, ""Interrupt_flag"": 0, ""Node_type"": ""DDS75-LB"", ""Sensor_flag"": 1, ""TempC_DS18B20"": 32.76}"
2025-10-02 12:40:41.985646939+00:00,dds75-lb-16,2,-118,-2.75,"{""Bat"": 3.324, ""Distance_mm"": 718, ""Interrupt_flag"": 0, ""Node_type"": ""DDS75-LB"", ""Sensor_flag"": 1, ""TempC_DS18B20"": 32.76}"
2025-10-02 13:40:41.281496392+00:00,dds75-lb-16,2,-113,2.75,"{""Bat"": 3.324, ""Distance_mm"": 718, ""Interrupt_flag"": 0, ""Node_type"": ""DDS75-LB"", ""Sensor_flag"": 1, ""TempC_DS18B20"": 32.76}"
2025-10-02 14:40:40.595748714+00:00,dds75-lb-16,2,-56,7.25,"{""Bat"": 3.324, ""Distance_mm"": 718, ""Interrupt_flag"": 0, ""Node_type"": ""DDS75-LB"", ""Sensor_flag"": 1, ""TempC_DS18B20"": 32.76}"
2025-10-02 15:40:39.912621420+00:00,dds75-lb-16,2,-117,-6.25,"{""Bat"": 3.324, ""Distance_mm"": 718, ""Interrupt_flag"": 0, ""Node_type"": ""DDS75-LB"", ""Sensor_flag"": 1, ""TempC_DS18B20"": 32.76}"
2025-10-02 16:40:39.212940651+00:00,dds75-lb-16,2,-116,-0.75,"{""Bat"": 3.324, ""Distance_mm"": 718, ""Interrupt_flag"": 0, ""Node_type"": ""DDS75-LB"", ""Sensor_flag"": 1, ""TempC_DS18B20"": 32.76}"
2025-10-02 17:40:38.523771206+00:00,dds75-lb-16,2,-45,8.25,"{""Bat"": 3.324, ""Distance_mm"": 718, ""Interrupt_flag"": 0, ""Node_type"": ""DDS75-LB"", ""Sensor_flag"": 1, ""TempC_DS18B20"": 32.76}"
2025-10-02 18:40:37.840221338+00:00,dds75-lb-16,2,-47,11.0,"{""Bat"": 3.324, ""Distance_mm"": 718, ""Interrupt_flag"": 0, ""Node_type"": ""DDS75-LB"", ""Sensor_flag"": 1, ""TempC_DS18B20"": 32.76}"
2025-10-02 19:40:37.147326181+00:00,dds75-lb-16,2,-44,9.5,"{""Bat"": 3.324, ""Distance_mm"": 717, ""Interrupt_flag"": 0, ""Node_type"": ""DDS75-LB"", ""Sensor_flag"": 1, ""TempC_DS18B20"": 32.76}"
2025-10-02 20:40:36.439394109+00:00,dds75-lb-16,2,-116,-0.75,"{""Bat"": 3.324, ""Distance_mm"": 717, ""Interrupt_flag"": 0, ""Node_type"": ""DDS75-LB"", ""Sensor_flag"": 1, ""TempC_DS18B20"": 32.76}"
2025-10-02 21:40:35.769391866+00:00,dds75-lb-16,2,-50,11.0,"{""Bat"": 3.324, ""Distance_mm"": 717, ""Interrupt_flag"": 0, ""Node_type"": ""DDS75-LB"", ""Sensor_flag"": 1, ""TempC_DS18B20"": 32.76}"
2025-10-02 22:40:35.108137016+00:00,dds75-lb-16,2,-49,9.75,"{""Bat"": 3.324, ""Distance_mm"": 717, ""Interrupt_flag"": 0, ""Node_type"": ""DDS75-LB"", ""Sensor_flag"": 1, ""TempC_DS18B20"": 32.76}"
2025-10-02 23:40:34.391854931+00:00,dds75-lb-16,2,-120,-4.0,"{""Bat"": 3.324, ""Distance_mm"": 717, ""Interrupt_flag"": 0, ""Node_type"": ""DDS75-LB"", ""Sensor_flag"": 1, ""TempC_DS18B20"": 32.76}"
2025-10-03 00:40:33.716828324+00:00,dds75-lb-16,2,-45,8.75,"{""Bat"": 3.324, ""Distance_mm"": 717, ""Interrupt_flag"": 0, ""Node_type"": ""DDS75-LB"", ""Sensor_flag"": 1, ""TempC_DS18B20"": 32.76}"
2025-10-03 01:40:33.026207852+00:00,dds75-lb-16,2,-47,9.0,"{""Bat"": 3.324, ""Distance_mm"": 717, ""Interrupt_flag"": 0, ""Node_type"": ""DDS75-LB"", ""Sensor_flag"": 1, ""TempC_DS18B20"": 32.76}"
2025-10-03 02:40:32.333363685+00:00,dds75-lb-16,2,-49,7.75,"{""Bat"": 3.324, ""Distance_mm"": 717, ""Interrupt_flag"": 0, ""Node_type"": ""DDS75-LB"", ""Sensor_flag"": 1, ""TempC_DS18B20"": 32.76}"
2025-10-03 03:40:31.665577489+00:00,dds75-lb-16,2,-43,9.25,"{""Bat"": 3.324, ""Distance_mm"": 717, ""Interrupt_flag"": 0, ""Node_type"": ""DDS75-LB"", ""Sensor_flag"": 1, ""TempC_DS18B20"": 32.76}"
2025-10-03 04:40:30.966919392+00:00,dds75-lb-16,2,-50,9.25,"{""Bat"": 3.324, ""Distance_mm"": 717, ""Interrupt_flag"": 0, ""Node_type"": ""DDS75-LB"", ""Sensor_flag"": 1, ""TempC_DS18B20"": 32.76}"
2025-10-03 05:40:30.285329553+00:00,dds75-lb-16,2,-54,7.5,"{""Bat"": 3.324, ""Distance_mm"": 717, ""Interrupt_flag"": 0, ""Node_type"": ""DDS75-LB"", ""Sensor_flag"": 1, ""TempC_DS18B20"": 32.76}"
2025-10-03 06:40:29.580812626+00:00,dds75-lb-16,2,-45,8.75,"{""Bat"": 3.324, ""Distance_mm"": 718, ""Interrupt_flag"": 0, ""Node_type"": ""DDS75-LB"", ""Sensor_flag"": 1, ""TempC_DS18B20"": 32.76}"
2025-10-03 07:40:28.908471870+00:00,dds75-lb-16,2,-47,9.75,"{""Bat"": 3.324, ""Distance_mm"": 717, ""Interrupt_flag"": 0, ""Node_type"": ""DDS75-LB"", ""Sensor_flag"": 1, ""TempC_DS18B20"": 32.76}"
2025-10-03 08:40:28.214041855+00:00,dds75-lb-16,2,-44,10.0,"{""Bat"": 3.324, ""Distance_mm"": 717, ""Interrupt_flag"": 0, ""Node_type"": ""DDS75-LB"", ""Sensor_flag"": 1, ""TempC_DS18B20"": 32.76}"
2025-10-03 09:40:27.522977730+00:00,dds75-lb-16,2,-47,10.0,"{""Bat"": 3.324, ""Distance_mm"": 718, ""Interrupt_flag"": 0, ""Node_type"": ""DDS75-LB"", ""Sensor_flag"": 1, ""TempC_DS18B20"": 32.76}"
2025-10-03 10:40:26.847412852+00:00,dds75-lb-16,2,-55,6.75,"{""Bat"": 3.324, ""Distance_mm"": 717, ""Interrupt_flag"": 0, ""Node_type"": ""DDS75-LB"", ""Sensor_flag"": 1, ""TempC_DS18B20"": 32.76}"
2025-10-03 11:40:26.187069323+00:00,dds75-lb-16,2,-44,9.0,"{""Bat"": 3.324, ""Distance_mm"": 717, ""Interrupt_flag"": 0, ""Node_type"": ""DDS75-LB"", ""Sensor_flag"": 1, ""TempC_DS18B20"": 32.76}"
2025-10-03 12:40:25.476244564+00:00,dds75-lb-16,2,-50,9.25,"{""Bat"": 3.324, ""Distance_mm"": 717, ""Interrupt_flag"": 0, ""Node_type"": ""DDS75-LB"", ""Sensor_flag"": 1, ""TempC_DS18B20"": 32.76}"
2025-10-03 13:40:24.780628421+00:00,dds75-lb-16,2,-116,-1.5,"{""Bat"": 3.324, ""Distance_mm"": 717, ""Interrupt_flag"": 0, ""Node_type"": ""DDS75-LB"", ""Sensor_flag"": 1, ""TempC_DS18B20"": 32.76}"
2025-10-03 14:40:24.097917785+00:00,dds75-lb-16,2,-117,-3.5,"{""Bat"": 3.324, ""Distance_mm"": 717, ""Interrupt_flag"": 0, ""Node_type"": ""DDS75-LB"", ""Sensor_flag"": 1, ""TempC_DS18B20"": 32.76}"
2025-10-03 15:40:23.402367072+00:00,dds75-lb-16,2,-45,9.25,"{""Bat"": 3.324, ""Distance_mm"": 717, ""Interrupt_flag"": 0, ""Node_type"": ""DDS75-LB"", ""Sensor_flag"": 1, ""TempC_DS18B20"": 32.76}"
2025-10-03 16:40:22.735245915+00:00,dds75-lb-16,2,-45,9.5,"{""Bat"": 3.324, ""Distance_mm"": 718, ""Interrupt_flag"": 0, ""Node_type"": ""DDS75-LB"", ""Sensor_flag"": 1, ""TempC_DS18B20"": 32.76}"
2025-10-03 17:40:22.052609672+00:00,dds75-lb-16,2,-45,10.0,"{""Bat"": 3.324, ""Distance_mm"": 718, ""Interrupt_flag"": 0, ""Node_type"": ""DDS75-LB"", ""Sensor_flag"": 1, ""TempC_DS18B20"": 32.76}"
2025-10-03 18:40:21.359371647+00:00,dds75-lb-16,2,-44,9.0,"{""Bat"": 3.324, ""Distance_mm"": 718, ""Interrupt_flag"": 0, ""Node_type"": ""DDS75-LB"", ""Sensor_flag"": 1, ""TempC_DS18B20"": 32.76}"
2025-10-03 19:40:20.663559138+00:00,dds75-lb-16,2,-120,-4.75,"{""Bat"": 3.324, ""Distance_mm"": 717, ""Interrupt_flag"": 0, ""Node_type"": ""DDS75-LB"", ""Sensor_flag"": 1, ""TempC_DS18B20"": 32.76}"
2025-10-03 20:40:19.970709655+00:00,dds75-lb-16,2,-49,9.75,"{""Bat"": 3.324, ""Distance_mm"": 717, ""Interrupt_flag"": 0, ""Node_type"": ""DDS75-LB"", ""Sensor_flag"": 1, ""TempC_DS18B20"": 32.76}"
2025-10-03 21:40:19.310996308+00:00,dds75-lb-16,2,-47,10.25,"{""Bat"": 3.324, ""Distance_mm"": 717, ""Interrupt_flag"": 0, ""Node_type"": ""DDS75-LB"", ""Sensor_flag"": 1, ""TempC_DS18B20"": 32.76}"
2025-10-03 22:40:18.604103404+00:00,dds75-lb-16,2,-48,9.5,"{""Bat"": 3.324, ""Distance_mm"": 717, ""Interrupt_flag"": 0, ""Node_type"": ""DDS75-LB"", ""Sensor_flag"": 1, ""TempC_DS18B20"": 32.76}"
2025-10-03 23:40:17.925135938+00:00,dds75-lb-16,2,-47,10.5,"{""Bat"": 3.324, ""Distance_mm"": 717, ""Interrupt_flag"": 0, ""Node_type"": ""DDS75-LB"", ""Sensor_flag"": 1, ""TempC_DS18B20"": 32.76}"
2025-10-04 00:40:17.251231288+00:00,dds75-lb-16,2,-49,7.5,"{""Bat"": 3.324, ""Distance_mm"": 717, ""Interrupt_flag"": 0, ""Node_type"": ""DDS75-LB"", ""Sensor_flag"": 1, ""TempC_DS18B20"": 32.76}"
2025-10-04 01:40:16.539968798+00:00,dds75-lb-16,2,-47,8.5,"{""Bat"": 3.324, ""Distance_mm"": 717, ""Interrupt_flag"": 0, ""Node_type"": ""DDS75-LB"", ""Sensor_flag"": 1, ""TempC_DS18B20"": 32.76}"
2025-10-04 02:40:15.867714394+00:00,dds75-lb-16,2,-45,8.25,"{""Bat"": 3.324, ""Distance_mm"": 717, ""Interrupt_flag"": 0, ""Node_type"": ""DDS75-LB"", ""Sensor_flag"": 1, ""TempC_DS18B20"": 32.76}"
2025-10-04 03:40:15.172641183+00:00,dds75-lb-16,2,-123,-7.5,"{""Bat"": 3.324, ""Distance_mm"": 717, ""Interrupt_flag"": 0, ""Node_type"": ""DDS75-LB"", ""Sensor_flag"": 1, ""TempC_DS18B20"": 32.76}"
2025-10-04 04:40:14.489429534+00:00,dds75-lb-16,2,-50,10.25,"{""Bat"": 3.324, ""Distance_mm"": 717, ""Interrupt_flag"": 0, ""Node_type"": ""DDS75-LB"", ""Sensor_flag"": 1, ""TempC_DS18B20"": 32.76}"
2025-10-04 05:40:13.798217683+00:00,dds75-lb-16,2,-116,0.25,"{""Bat"": 3.324, ""Distance_mm"": 717, ""Interrupt_flag"": 0, ""Node_type"": ""DDS75-LB"", ""Sensor_flag"": 1, ""TempC_DS18B20"": 32.76}"
2025-10-04 06:40:13.109299485+00:00,dds75-lb-16,2,-114,0.5,"{""Bat"": 3.324, ""Distance_mm"": 717, ""Interrupt_flag"": 0, ""Node_type"": ""DDS75-LB"", ""Sensor_flag"": 1, ""TempC_DS18B20"": 32.76}"
2025-10-04 07:40:12.419070516+00:00,dds75-lb-16,2,-45,8.75,"{""Bat"": 3.324, ""Distance_mm"": 717, ""Interrupt_flag"": 0, ""Node_type"": ""DDS75-LB"", ""Sensor_flag"": 1, ""TempC_DS18B20"": 32.76}"
2025-10-04 08:40:11.759102282+00:00,dds75-lb-16,2,-47,8.0,"{""Bat"": 3.324, ""Distance_mm"": 717, ""Interrupt_flag"": 0, ""Node_type"": ""DDS75-LB"", ""Sensor_flag"": 1, ""TempC_DS18B20"": 32.76}"
2025-10-04 09:40:11.068337932+00:00,dds75-lb-16,2,-47,9.25,"{""Bat"": 3.324, ""Distance_mm"": 717, ""Interrupt_flag"": 0, ""Node_type"": ""DDS75-LB"", ""Sensor_flag"": 1, ""TempC_DS18B20"": 32.76}"
2025-10-04 10:40:10.391698415+00:00,dds75-lb-16,2,-50,8.5,"{""Bat"": 3.324, ""Distance_mm"": 717, ""Interrupt_flag"": 0, ""Node_type"": ""DDS75-LB"", ""Sensor_flag"": 1, ""TempC_DS18B20"": 32.76}"
2025-10-04 11:40:09.693539887+00:00,dds75-lb-16,2,-111,2.25,"{""Bat"": 3.324, ""Distance_mm"": 717, ""Interrupt_flag"": 0, ""Node_type"": ""DDS75-LB"", ""Sensor_flag"": 1, ""TempC_DS18B20"": 32.76}"
2025-10-04 12:40:09.024767625+00:00,dds75-lb-16,2,-51,7.25,"{""Bat"": 3.324, ""Distance_mm"": 717, ""Interrupt_flag"": 0, ""Node_type"": ""DDS75-LB"", ""Sensor_flag"": 1, ""TempC_DS18B20"": 32.76}"
2025-10-04 13:40:08.337466534+00:00,dds75-lb-16,2,-45,8.25,"{""Bat"": 3.324, ""Distance_mm"": 717, ""Interrupt_flag"": 0, ""Node_type"": ""DDS75-LB"", ""Sensor_flag"": 1, ""TempC_DS18B20"": 32.76}"
2025-10-04 14:40:07.638404243+00:00,dds75-lb-16,2,-51,10.5,"{""Bat"": 3.324, ""Distance_mm"": 717, ""Interrupt_flag"": 0, ""Node_type"": ""DDS75-LB"", ""Sensor_flag"": 1, ""TempC_DS18B20"": 32.76}"
2025-10-04 15:40:06.972872223+00:00,dds75-lb-16,2,-48,9.75,"{""Bat"": 3.324, ""Distance_mm"": 717, ""Interrupt_flag"": 0, ""Node_type"": ""DDS75-LB"", ""Sensor_flag"": 1, ""TempC_DS18B20"": 32.76}"
2025-10-04 16:40:06.268572888+00:00,dds75-lb-16,2,-123,-5.75,"{""Bat"": 3.324, ""Distance_mm"": 717, ""Interrupt_flag"": 0, ""Node_type"": ""DDS75-LB"", ""Sensor_flag"": 1, ""TempC_DS18B20"": 32.76}"
2025-10-04 17:40:05.585051640+00:00,dds75-lb-16,2,-118,-4.5,"{""Bat"": 3.324, ""Distance_mm"": 721, ""Interrupt_flag"": 0, ""Node_type"": ""DDS75-LB"", ""Sensor_flag"": 1, ""TempC_DS18B20"": 32.76}"
2025-10-04 18:40:04.903704810+00:00,dds75-lb-16,2,-35,9.5,"{""Bat"": 3.324, ""Distance_mm"": 721, ""Interrupt_flag"": 0, ""Node_type"": ""DDS75-LB"", ""Sensor_flag"": 1, ""TempC_DS18B20"": 32.76}"
2025-10-04 19:40:04.224674584+00:00,dds75-lb-16,2,-38,8.75,"{""Bat"": 3.324, ""Distance_mm"": 717, ""Interrupt_flag"": 0, ""Node_type"": ""DDS75-LB"", ""Sensor_flag"": 1, ""TempC_DS18B20"": 32.76}"
2025-10-04 20:40:03.536737999+00:00,dds75-lb-16,2,-39,7.75,"{""Bat"": 3.324, ""Distance_mm"": 717, ""Interrupt_flag"": 0, ""Node_type"": ""DDS75-LB"", ""Sensor_flag"": 1, ""TempC_DS18B20"": 32.76}"
2025-10-04 21:40:02.845684570+00:00,dds75-lb-16,2,-38,11.25,"{""Bat"": 3.324, ""Distance_mm"": 717, ""Interrupt_flag"": 0, ""Node_type"": ""DDS75-LB"", ""Sensor_flag"": 1, ""TempC_DS18B20"": 32.76}"
2025-10-04 23:40:01.475149487+00:00,dds75-lb-16,2,-121,-5.25,"{""Bat"": 3.324, ""Distance_mm"": 717, ""Interrupt_flag"": 0, ""Node_type"": ""DDS75-LB"", ""Sensor_flag"": 1, ""TempC_DS18B20"": 32.76}"
2025-10-05 00:40:00.848424546+00:00,dds75-lb-16,2,-117,-6.75,"{""Bat"": 3.324, ""Distance_mm"": 717, ""Interrupt_flag"": 0, ""Node_type"": ""DDS75-LB"", ""Sensor_flag"": 1, ""TempC_DS18B20"": 32.76}"
2025-10-05 03:39:58.746136825+00:00,dds75-lb-16,2,-119,-7.75,"{""Bat"": 3.324, ""Distance_mm"": 717, ""Interrupt_flag"": 0, ""Node_type"": ""DDS75-LB"", ""Sensor_flag"": 1, ""TempC_DS18B20"": 32.76}"
2025-10-05 04:39:58.051722866+00:00,dds75-lb-16,2,-118,-1.25,"{""Bat"": 3.324, ""Distance_mm"": 717, ""Interrupt_flag"": 0, ""Node_type"": ""DDS75-LB"", ""Sensor_flag"": 1, ""TempC_DS18B20"": 32.76}"
2025-10-05 09:39:54.655729362+00:00,dds75-lb-16,2,-116,-5.0,"{""Bat"": 3.324, ""Distance_mm"": 717, ""Interrupt_flag"": 0, ""Node_type"": ""DDS75-LB"", ""Sensor_flag"": 1, ""TempC_DS18B20"": 32.76}"
2025-10-05 11:39:53.304327667+00:00,dds75-lb-16,2,-118,-2.25,"{""Bat"": 3.324, ""Distance_mm"": 717, ""Interrupt_flag"": 0, ""Node_type"": ""DDS75-LB"", ""Sensor_flag"": 1, ""TempC_DS18B20"": 32.76}"
2025-10-05 13:39:51.957138119+00:00,dds75-lb-16,2,-116,-0.5,"{""Bat"": 3.324, ""Distance_mm"": 717, ""Interrupt_flag"": 0, ""Node_type"": ""DDS75-LB"", ""Sensor_flag"": 1, ""TempC_DS18B20"": 32.76}"
2025-10-07 14:00:09.393073488+00:00,dds75-lb-16,2,-116,-1.5,"{""Bat"": 3.324, ""Distance_mm"": 718, ""Interrupt_flag"": 0, ""Node_type"": ""DDS75-LB"", ""Sensor_flag"": 1, ""TempC_DS18B20"": 32.76}"
2025-10-07 15:00:08.688704473+00:00,dds75-lb-16,2,-124,-8.75,"{""Bat"": 3.324, ""Distance_mm"": 722, ""Interrupt_flag"": 0, ""Node_type"": ""DDS75-LB"", ""Sensor_flag"": 1, ""TempC_DS18B20"": 32.76}"
2025-10-07 16:00:07.999215167+00:00,dds75-lb-16,2,-121,-6.25,"{""Bat"": 3.324, ""Distance_mm"": 722, ""Interrupt_flag"": 0, ""Node_type"": ""DDS75-LB"", ""Sensor_flag"": 1, ""TempC_DS18B20"": 32.76}"
2025-10-07 17:00:07.322001020+00:00,dds75-lb-16,2,-119,-4.75,"{""Bat"": 3.324, ""Distance_mm"": 722, ""Interrupt_flag"": 0, ""Node_type"": ""DDS75-LB"", ""Sensor_flag"": 1, ""TempC_DS18B20"": 32.76}"
2025-10-07 18:00:06.612472010+00:00,dds75-lb-16,2,-117,-3.25,"{""Bat"": 3.324, ""Distance_mm"": 717, ""Interrupt_flag"": 0, ""Node_type"": ""DDS75-LB"", ""Sensor_flag"": 1, ""TempC_DS18B20"": 32.76}"
2025-10-07 20:00:05.236689824+00:00,dds75-lb-16,2,-119,-4.25,"{""Bat"": 3.324, ""Distance_mm"": 722, ""Interrupt_flag"": 0, ""Node_type"": ""DDS75-LB"", ""Sensor_flag"": 1, ""TempC_DS18B20"": 32.76}"
2025-10-07 22:00:03.875030687+00:00,dds75-lb-16,2,-117,-1.75,"{""Bat"": 3.324, ""Distance_mm"": 717, ""Interrupt_flag"": 0, ""Node_type"": ""DDS75-LB"", ""Sensor_flag"": 1, ""TempC_DS18B20"": 32.76}"
2025-10-07 23:00:03.169005585+00:00,dds75-lb-16,2,-117,-2.25,"{""Bat"": 3.324, ""Distance_mm"": 718, ""Interrupt_flag"": 0, ""Node_type"": ""DDS75-LB"", ""Sensor_flag"": 1, ""TempC_DS18B20"": 32.76}"
2025-10-08 00:00:02.467995007+00:00,dds75-lb-16,2,-120,-10.5,"{""Bat"": 3.324, ""Distance_mm"": 718, ""Interrupt_flag"": 0, ""Node_type"": ""DDS75-LB"", ""Sensor_flag"": 1, ""TempC_DS18B20"": 32.76}"
2025-10-08 01:00:01.776790578+00:00,dds75-lb-16,2,-120,-5.5,"{""Bat"": 3.324, ""Distance_mm"": 722, ""Interrupt_flag"": 0, ""Node_type"": ""DDS75-LB"", ""Sensor_flag"": 1, ""TempC_DS18B20"": 32.76}"
2025-10-08 02:00:01.080471290+00:00,dds75-lb-16,2,-116,-1.25,"{""Bat"": 3.324, ""Distance_mm"": 721, ""Interrupt_flag"": 0, ""Node_type"": ""DDS75-LB"", ""Sensor_flag"": 1, ""TempC_DS18B20"": 32.76}"
2025-10-08 03:59:59.723668275+00:00,dds75-lb-16,2,-127,-15.75,"{""Bat"": 3.324, ""Distance_mm"": 717, ""Interrupt_flag"": 0, ""Node_type"": ""DDS75-LB"", ""Sensor_flag"": 1, ""TempC_DS18B20"": 32.76}"
2025-10-08 04:59:59.027680844+00:00,dds75-lb-16,2,-117,-3.0,"{""Bat"": 3.324, ""Distance_mm"": 721, ""Interrupt_flag"": 0, ""Node_type"": ""DDS75-LB"", ""Sensor_flag"": 1, ""TempC_DS18B20"": 32.76}"
2025-10-08 05:59:58.324966822+00:00,dds75-lb-16,2,-116,-1.0,"{""Bat"": 3.324, ""Distance_mm"": 722, ""Interrupt_flag"": 0, ""Node_type"": ""DDS75-LB"", ""Sensor_flag"": 1, ""TempC_DS18B20"": 32.76}"
2025-10-08 06:59:57.625731946+00:00,dds75-lb-16,2,-116,-1.5,"{""Bat"": 3.324, ""Distance_mm"": 722, ""Interrupt_flag"": 0, ""Node_type"": ""DDS75-LB"", ""Sensor_flag"": 1, ""TempC_DS18B20"": 32.76}"
2025-10-08 07:59:56.981092789+00:00,dds75-lb-16,2,-115,-1.5,"{""Bat"": 3.324, ""Distance_mm"": 721, ""Interrupt_flag"": 0, ""Node_type"": ""DDS75-LB"", ""Sensor_flag"": 1, ""TempC_DS18B20"": 32.76}"
2025-10-08 08:59:55.580870222+00:00,dds75-lb-16,2,-120,-4.75,"{""Bat"": 3.324, ""Distance_mm"": 722, ""Interrupt_flag"": 0, ""Node_type"": ""DDS75-LB"", ""Sensor_flag"": 1, ""TempC_DS18B20"": 32.76}"
2025-10-08 09:59:54.808849107+00:00,dds75-lb-16,2,-117,-3.75,"{""Bat"": 3.324, ""Distance_mm"": 722, ""Interrupt_flag"": 0, ""Node_type"": ""DDS75-LB"", ""Sensor_flag"": 1, ""TempC_DS18B20"": 32.76}"
2025-10-08 10:59:53.415693973+00:00,dds75-lb-16,2,-35,9.25,"{""Bat"": 3.324, ""Distance_mm"": 722, ""Interrupt_flag"": 0, ""Node_type"": ""DDS75-LB"", ""Sensor_flag"": 1, ""TempC_DS18B20"": 32.76}"
2025-10-08 11:59:52.742792229+00:00,dds75-lb-16,2,-36,9.0,"{""Bat"": 3.324, ""Distance_mm"": 722, ""Interrupt_flag"": 0, ""Node_type"": ""DDS75-LB"", ""Sensor_flag"": 1, ""TempC_DS18B20"": 32.76}"
2025-10-08 12:59:52.032891013+00:00,dds75-lb-16,2,-37,7.75,"{""Bat"": 3.324, ""Distance_mm"": 722, ""Interrupt_flag"": 0, ""Node_type"": ""DDS75-LB"", ""Sensor_flag"": 1, ""TempC_DS18B20"": 32.76}"
2025-10-08 13:59:51.340346442+00:00,dds75-lb-16,2,-38,10.5,"{""Bat"": 3.324, ""Distance_mm"": 722, ""Interrupt_flag"": 0, ""Node_type"": ""DDS75-LB"", ""Sensor_flag"": 1, ""TempC_DS18B20"": 32.76}"
2025-10-08 14:59:50.647999754+00:00,dds75-lb-16,2,-39,9.25,"{""Bat"": 3.324, ""Distance_mm"": 722, ""Interrupt_flag"": 0, ""Node_type"": ""DDS75-LB"", ""Sensor_flag"": 1, ""TempC_DS18B20"": 32.76}"
2025-10-08 15:59:49.955765738+00:00,dds75-lb-16,2,-41,10.0,"{""Bat"": 3.324, ""Distance_mm"": 722, ""Interrupt_flag"": 0, ""Node_type"": ""DDS75-LB"", ""Sensor_flag"": 1, ""TempC_DS18B20"": 32.76}"
2025-10-08 16:59:49.258938508+00:00,dds75-lb-16,2,-115,1.0,"{""Bat"": 3.324, ""Distance_mm"": 722, ""Interrupt_flag"": 0, ""Node_type"": ""DDS75-LB"", ""Sensor_flag"": 1, ""TempC_DS18B20"": 32.76}"
2025-10-08 17:59:48.572632175+00:00,dds75-lb-16,2,-39,9.5,"{""Bat"": 3.324, ""Distance_mm"": 722, ""Interrupt_flag"": 0, ""Node_type"": ""DDS75-LB"", ""Sensor_flag"": 1, ""TempC_DS18B20"": 32.76}"
2025-10-08 18:59:47.871543350+00:00,dds75-lb-16,2,-37,9.25,"{""Bat"": 3.324, ""Distance_mm"": 722, ""Interrupt_flag"": 0, ""Node_type"": ""DDS75-LB"", ""Sensor_flag"": 1, ""TempC_DS18B20"": 32.76}"
2025-10-08 19:59:47.184285731+00:00,dds75-lb-16,2,-36,7.0,"{""Bat"": 3.324, ""Distance_mm"": 722, ""Interrupt_flag"": 0, ""Node_type"": ""DDS75-LB"", ""Sensor_flag"": 1, ""TempC_DS18B20"": 32.76}"
2025-10-08 20:59:46.498754488+00:00,dds75-lb-16,2,-38,7.5,"{""Bat"": 3.324, ""Distance_mm"": 722, ""Interrupt_flag"": 0, ""Node_type"": ""DDS75-LB"", ""Sensor_flag"": 1, ""TempC_DS18B20"": 32.76}"
2025-10-08 21:59:45.811815903+00:00,dds75-lb-16,2,-39,10.25,"{""Bat"": 3.324, ""Distance_mm"": 722, ""Interrupt_flag"": 0, ""Node_type"": ""DDS75-LB"", ""Sensor_flag"": 1, ""TempC_DS18B20"": 32.76}"
2025-10-08 22:59:45.102657803+00:00,dds75-lb-16,2,-41,9.0,"{""Bat"": 3.324, ""Distance_mm"": 721, ""Interrupt_flag"": 0, ""Node_type"": ""DDS75-LB"", ""Sensor_flag"": 1, ""TempC_DS18B20"": 32.76}"
2025-10-08 23:59:44.411340083+00:00,dds75-lb-16,2,-41,9.75,"{""Bat"": 3.324, ""Distance_mm"": 721, ""Interrupt_flag"": 0, ""Node_type"": ""DDS75-LB"", ""Sensor_flag"": 1, ""TempC_DS18B20"": 32.76}"
2025-10-09 00:59:43.740423197+00:00,dds75-lb-16,2,-39,9.5,"{""Bat"": 3.324, ""Distance_mm"": 721, ""Interrupt_flag"": 0, ""Node_type"": ""DDS75-LB"", ""Sensor_flag"": 1, ""TempC_DS18B20"": 32.76}"
2025-10-09 01:59:43.025884090+00:00,dds75-lb-16,2,-38,10.5,"{""Bat"": 3.324, ""Distance_mm"": 722, ""Interrupt_flag"": 0, ""Node_type"": ""DDS75-LB"", ""Sensor_flag"": 1, ""TempC_DS18B20"": 32.76}"
2025-10-09 02:59:42.343400451+00:00,dds75-lb-16,2,-36,6.5,"{""Bat"": 3.324, ""Distance_mm"": 722, ""Interrupt_flag"": 0, ""Node_type"": ""DDS75-LB"", ""Sensor_flag"": 1, ""TempC_DS18B20"": 32.76}"
2025-10-09 03:59:41.657479258+00:00,dds75-lb-16,2,-39,10.0,"{""Bat"": 3.324, ""Distance_mm"": 722, ""Interrupt_flag"": 0, ""Node_type"": ""DDS75-LB"", ""Sensor_flag"": 1, ""TempC_DS18B20"": 32.76}"
2025-10-09 05:59:40.283738655+00:00,dds75-lb-16,2,-41,10.25,"{""Bat"": 3.324, ""Distance_mm"": 717, ""Interrupt_flag"": 0, ""Node_type"": ""DDS75-LB"", ""Sensor_flag"": 1, ""TempC_DS18B20"": 32.76}"
2025-10-09 06:59:39.573333342+00:00,dds75-lb-16,2,-42,10.25,"{""Bat"": 3.324, ""Distance_mm"": 717, ""Interrupt_flag"": 0, ""Node_type"": ""DDS75-LB"", ""Sensor_flag"": 1, ""TempC_DS18B20"": 32.76}"
2025-10-09 07:59:38.888109465+00:00,dds75-lb-16,2,-39,7.25,"{""Bat"": 3.324, ""Distance_mm"": 722, ""Interrupt_flag"": 0, ""Node_type"": ""DDS75-LB"", ""Sensor_flag"": 1, ""TempC_DS18B20"": 32.76}"
2025-10-09 08:59:38.190986217+00:00,dds75-lb-16,2,-122,-6.75,"{""Bat"": 3.324, ""Distance_mm"": 722, ""Interrupt_flag"": 0, ""Node_type"": ""DDS75-LB"", ""Sensor_flag"": 1, ""TempC_DS18B20"": 32.76}"
2025-10-09 09:59:37.521455049+00:00,dds75-lb-16,2,-41,9.75,"{""Bat"": 3.324, ""Distance_mm"": 721, ""Interrupt_flag"": 0, ""Node_type"": ""DDS75-LB"", ""Sensor_flag"": 1, ""TempC_DS18B20"": 32.76}"
2025-10-09 10:59:36.825887797+00:00,dds75-lb-16,2,-118,-7.0,"{""Bat"": 3.324, ""Distance_mm"": 722, ""Interrupt_flag"": 0, ""Node_type"": ""DDS75-LB"", ""Sensor_flag"": 1, ""TempC_DS18B20"": 32.76}"
2025-10-09 11:59:36.119044660+00:00,dds75-lb-16,2,-41,9.5,"{""Bat"": 3.324, ""Distance_mm"": 722, ""Interrupt_flag"": 0, ""Node_type"": ""DDS75-LB"", ""Sensor_flag"": 1, ""TempC_DS18B20"": 32.76}"
2025-10-09 12:59:35.429455805+00:00,dds75-lb-16,2,-41,10.0,"{""Bat"": 3.324, ""Distance_mm"": 722, ""Interrupt_flag"": 0, ""Node_type"": ""DDS75-LB"", ""Sensor_flag"": 1, ""TempC_DS18B20"": 32.76}"
2025-10-09 13:59:34.729491848+00:00,dds75-lb-16,2,-41,9.25,"{""Bat"": 3.324, ""Distance_mm"": 722, ""Interrupt_flag"": 0, ""Node_type"": ""DDS75-LB"", ""Sensor_flag"": 1, ""TempC_DS18B20"": 32.76}"
2025-10-09 14:59:34.047547417+00:00,dds75-lb-16,2,-43,9.5,"{""Bat"": 3.324, ""Distance_mm"": 722, ""Interrupt_flag"": 0, ""Node_type"": ""DDS75-LB"", ""Sensor_flag"": 1, ""TempC_DS18B20"": 32.76}"
2025-10-09 15:59:33.413536775+00:00,dds75-lb-16,2,-41,8.0,"{""Bat"": 3.324, ""Distance_mm"": 722, ""Interrupt_flag"": 0, ""Node_type"": ""DDS75-LB"", ""Sensor_flag"": 1, ""TempC_DS18B20"": 32.76}"
2025-10-09 16:59:32.669999655+00:00,dds75-lb-16,2,-116,-0.75,"{""Bat"": 3.324, ""Distance_mm"": 722, ""Interrupt_flag"": 0, ""Node_type"": ""DDS75-LB"", ""Sensor_flag"": 1, ""TempC_DS18B20"": 32.76}"
2025-10-09 17:59:31.982952896+00:00,dds75-lb-16,2,-44,9.25,"{""Bat"": 3.324, ""Distance_mm"": 722, ""Interrupt_flag"": 0, ""Node_type"": ""DDS75-LB"", ""Sensor_flag"": 1, ""TempC_DS18B20"": 32.76}"
2025-10-09 18:59:31.275266004+00:00,dds75-lb-16,2,-43,10.25,"{""Bat"": 3.324, ""Distance_mm"": 722, ""Interrupt_flag"": 0, ""Node_type"": ""DDS75-LB"", ""Sensor_flag"": 1, ""TempC_DS18B20"": 32.76}"
2025-10-09 19:59:30.601438286+00:00,dds75-lb-16,2,-38,7.5,"{""Bat"": 3.324, ""Distance_mm"": 722, ""Interrupt_flag"": 0, ""Node_type"": ""DDS75-LB"", ""Sensor_flag"": 1, ""TempC_DS18B20"": 32.76}"
2025-10-09 20:59:29.898594252+00:00,dds75-lb-16,2,-43,9.5,"{""Bat"": 3.324, ""Distance_mm"": 722, ""Interrupt_flag"": 0, ""Node_type"": ""DDS75-LB"", ""Sensor_flag"": 1, ""TempC_DS18B20"": 32.76}"
2025-10-09 21:59:29.221592861+00:00,dds75-lb-16,2,-44,9.5,"{""Bat"": 3.324, ""Distance_mm"": 721, ""Interrupt_flag"": 0, ""Node_type"": ""DDS75-LB"", ""Sensor_flag"": 1, ""TempC_DS18B20"": 32.76}"
2025-10-09 22:59:28.495577321+00:00,dds75-lb-16,2,-115,-0.5,"{""Bat"": 3.324, ""Distance_mm"": 721, ""Interrupt_flag"": 0, ""Node_type"": ""DDS75-LB"", ""Sensor_flag"": 1, ""TempC_DS18B20"": 32.76}"
2025-10-09 23:59:27.817559732+00:00,dds75-lb-16,2,-45,7.5,"{""Bat"": 3.324, ""Distance_mm"": 722, ""Interrupt_flag"": 0, ""Node_type"": ""DDS75-LB"", ""Sensor_flag"": 1, ""TempC_DS18B20"": 32.76}"
2025-10-10 00:59:27.125380116+00:00,dds75-lb-16,2,-121,-5.75,"{""Bat"": 3.324, ""Distance_mm"": 722, ""Interrupt_flag"": 0, ""Node_type"": ""DDS75-LB"", ""Sensor_flag"": 1, ""TempC_DS18B20"": 32.76}"
2025-10-10 01:59:26.436266332+00:00,dds75-lb-16,2,-45,9.75,"{""Bat"": 3.324, ""Distance_mm"": 722, ""Interrupt_flag"": 0, ""Node_type"": ""DDS75-LB"", ""Sensor_flag"": 1, ""TempC_DS18B20"": 32.76}"
2025-10-10 02:59:25.742135884+00:00,dds75-lb-16,2,-43,7.75,"{""Bat"": 3.324, ""Distance_mm"": 721, ""Interrupt_flag"": 0, ""Node_type"": ""DDS75-LB"", ""Sensor_flag"": 1, ""TempC_DS18B20"": 32.76}"
2025-10-10 03:59:25.051357645+00:00,dds75-lb-16,2,-42,7.75,"{""Bat"": 3.324, ""Distance_mm"": 721, ""Interrupt_flag"": 0, ""Node_type"": ""DDS75-LB"", ""Sensor_flag"": 1, ""TempC_DS18B20"": 32.76}"
2025-10-10 04:59:24.350741222+00:00,dds75-lb-16,2,-47,7.0,"{""Bat"": 3.324, ""Distance_mm"": 721, ""Interrupt_flag"": 0, ""Node_type"": ""DDS75-LB"", ""Sensor_flag"": 1, ""TempC_DS18B20"": 32.76}"
2025-10-10 05:59:23.669281549+00:00,dds75-lb-16,2,-117,-1.25,"{""Bat"": 3.324, ""Distance_mm"": 721, ""Interrupt_flag"": 0, ""Node_type"": ""DDS75-LB"", ""Sensor_flag"": 1, ""TempC_DS18B20"": 32.76}"
2025-10-10 06:59:22.986636411+00:00,dds75-lb-16,2,-42,9.5,"{""Bat"": 3.324, ""Distance_mm"": 722, ""Interrupt_flag"": 0, ""Node_type"": ""DDS75-LB"", ""Sensor_flag"": 1, ""TempC_DS18B20"": 32.76}"
2025-10-10 07:59:22.302768867+00:00,dds75-lb-16,2,-45,7.25,"{""Bat"": 3.324, ""Distance_mm"": 726, ""Interrupt_flag"": 0, ""Node_type"": ""DDS75-LB"", ""Sensor_flag"": 1, ""TempC_DS18B20"": 32.76}"
2025-10-10 08:59:21.596624135+00:00,dds75-lb-16,2,-41,9.5,"{""Bat"": 3.324, ""Distance_mm"": 722, ""Interrupt_flag"": 0, ""Node_type"": ""DDS75-LB"", ""Sensor_flag"": 1, ""TempC_DS18B20"": 32.76}"
2025-10-10 09:59:20.901519688+00:00,dds75-lb-16,2,-43,9.25,"{""Bat"": 3.324, ""Distance_mm"": 722, ""Interrupt_flag"": 0, ""Node_type"": ""DDS75-LB"", ""Sensor_flag"": 1, ""TempC_DS18B20"": 32.76}"
2025-10-10 10:59:20.203423152+00:00,dds75-lb-16,2,-43,10.25,"{""Bat"": 3.324, ""Distance_mm"": 722, ""Interrupt_flag"": 0, ""Node_type"": ""DDS75-LB"", ""Sensor_flag"": 1, ""TempC_DS18B20"": 32.76}"
2025-10-10 11:59:19.518728873+00:00,dds75-lb-16,2,-39,8.0,"{""Bat"": 3.324, ""Distance_mm"": 722, ""Interrupt_flag"": 0, ""Node_type"": ""DDS75-LB"", ""Sensor_flag"": 1, ""TempC_DS18B20"": 32.76}"
2025-10-10 12:59:18.836715934+00:00,dds75-lb-16,2,-41,9.75,"{""Bat"": 3.324, ""Distance_mm"": 722, ""Interrupt_flag"": 0, ""Node_type"": ""DDS75-LB"", ""Sensor_flag"": 1, ""TempC_DS18B20"": 32.76}"
2025-10-10 13:59:18.137957945+00:00,dds75-lb-16,2,-45,10.25,"{""Bat"": 3.324, ""Distance_mm"": 722, ""Interrupt_flag"": 0, ""Node_type"": ""DDS75-LB"", ""Sensor_flag"": 1, ""TempC_DS18B20"": 32.76}"
2025-10-10 14:59:17.443980750+00:00,dds75-lb-16,2,-47,10.25,"{""Bat"": 3.324, ""Distance_mm"": 721, ""Interrupt_flag"": 0, ""Node_type"": ""DDS75-LB"", ""Sensor_flag"": 1, ""TempC_DS18B20"": 32.76}"
2025-10-10 15:59:16.746114365+00:00,dds75-lb-16,2,-45,7.25,"{""Bat"": 3.324, ""Distance_mm"": 722, ""Interrupt_flag"": 0, ""Node_type"": ""DDS75-LB"", ""Sensor_flag"": 1, ""TempC_DS18B20"": 32.76}"
2025-10-10 16:59:16.052719814+00:00,dds75-lb-16,2,-44,11.0,"{""Bat"": 3.324, ""Distance_mm"": 722, ""Interrupt_flag"": 0, ""Node_type"": ""DDS75-LB"", ""Sensor_flag"": 1, ""TempC_DS18B20"": 32.76}"
2025-10-10 17:59:15.356142526+00:00,dds75-lb-16,2,-47,10.5,"{""Bat"": 3.324, ""Distance_mm"": 722, ""Interrupt_flag"": 0, ""Node_type"": ""DDS75-LB"", ""Sensor_flag"": 1, ""TempC_DS18B20"": 32.76}"
2025-10-10 18:59:14.689199553+00:00,dds75-lb-16,2,-41,7.5,"{""Bat"": 3.324, ""Distance_mm"": 722, ""Interrupt_flag"": 0, ""Node_type"": ""DDS75-LB"", ""Sensor_flag"": 1, ""TempC_DS18B20"": 32.76}"
2025-10-10 19:59:13.992745184+00:00,dds75-lb-16,2,-41,7.0,"{""Bat"": 3.324, ""Distance_mm"": 724, ""Interrupt_flag"": 0, ""Node_type"": ""DDS75-LB"", ""Sensor_flag"": 1, ""TempC_DS18B20"": 32.76}"
2025-10-10 20:59:13.290606113+00:00,dds75-lb-16,2,-116,0.25,"{""Bat"": 3.324, ""Distance_mm"": 722, ""Interrupt_flag"": 0, ""Node_type"": ""DDS75-LB"", ""Sensor_flag"": 1, ""TempC_DS18B20"": 32.76}"
2025-10-10 21:59:12.598897829+00:00,dds75-lb-16,2,-118,-2.25,"{""Bat"": 3.324, ""Distance_mm"": 722, ""Interrupt_flag"": 0, ""Node_type"": ""DDS75-LB"", ""Sensor_flag"": 1, ""TempC_DS18B20"": 32.76}"
2025-10-10 22:59:11.900035577+00:00,dds75-lb-16,2,-117,-1.0,"{""Bat"": 3.324, ""Distance_mm"": 722, ""Interrupt_flag"": 0, ""Node_type"": ""DDS75-LB"", ""Sensor_flag"": 1, ""TempC_DS18B20"": 32.76}"
2025-10-10 23:59:11.218935534+00:00,dds75-lb-16,2,-44,7.25,"{""Bat"": 3.324, ""Distance_mm"": 721, ""Interrupt_flag"": 0, ""Node_type"": ""DDS75-LB"", ""Sensor_flag"": 1, ""TempC_DS18B20"": 32.76}"
2025-10-11 00:59:10.517867872+00:00,dds75-lb-16,2,-45,10.0,"{""Bat"": 3.324, ""Distance_mm"": 721, ""Interrupt_flag"": 0, ""Node_type"": ""DDS75-LB"", ""Sensor_flag"": 1, ""TempC_DS18B20"": 32.76}"
2025-10-11 01:59:09.831696562+00:00,dds75-lb-16,2,-44,9.5,"{""Bat"": 3.324, ""Distance_mm"": 722, ""Interrupt_flag"": 0, ""Node_type"": ""DDS75-LB"", ""Sensor_flag"": 1, ""TempC_DS18B20"": 32.76}"
2025-10-11 02:59:09.151929644+00:00,dds75-lb-16,2,-44,7.0,"{""Bat"": 3.324, ""Distance_mm"": 627, ""Interrupt_flag"": 0, ""Node_type"": ""DDS75-LB"", ""Sensor_flag"": 1, ""TempC_DS18B20"": 32.76}"
2025-10-11 03:59:08.445824793+00:00,dds75-lb-16,2,-42,9.25,"{""Bat"": 3.324, ""Distance_mm"": 721, ""Interrupt_flag"": 0, ""Node_type"": ""DDS75-LB"", ""Sensor_flag"": 1, ""TempC_DS18B20"": 32.76}"
2025-10-11 04:59:07.752826415+00:00,dds75-lb-16,2,-115,-0.25,"{""Bat"": 3.324, ""Distance_mm"": 721, ""Interrupt_flag"": 0, ""Node_type"": ""DDS75-LB"", ""Sensor_flag"": 1, ""TempC_DS18B20"": 32.76}"
2025-10-11 05:59:07.078388238+00:00,dds75-lb-16,2,-42,10.0,"{""Bat"": 3.324, ""Distance_mm"": 534, ""Interrupt_flag"": 0, ""Node_type"": ""DDS75-LB"", ""Sensor_flag"": 1, ""TempC_DS18B20"": 32.76}"
2025-10-11 06:59:06.362441563+00:00,dds75-lb-16,2,-43,8.5,"{""Bat"": 3.324, ""Distance_mm"": 721, ""Interrupt_flag"": 0, ""Node_type"": ""DDS75-LB"", ""Sensor_flag"": 1, ""TempC_DS18B20"": 32.76}"
2025-10-11 07:59:05.694908528+00:00,dds75-lb-16,2,-43,7.5,"{""Bat"": 3.324, ""Distance_mm"": 721, ""Interrupt_flag"": 0, ""Node_type"": ""DDS75-LB"", ""Sensor_flag"": 1, ""TempC_DS18B20"": 32.76}"
2025-10-11 08:59:04.990972214+00:00,dds75-lb-16,2,-45,10.0,"{""Bat"": 3.324, ""Distance_mm"": 699, ""Interrupt_flag"": 0, ""Node_type"": ""DDS75-LB"", ""Sensor_flag"": 1, ""TempC_DS18B20"": 32.76}"
2025-10-11 09:59:04.299490455+00:00,dds75-lb-16,2,-44,9.25,"{""Bat"": 3.324, ""Distance_mm"": 722, ""Interrupt_flag"": 0, ""Node_type"": ""DDS75-LB"", ""Sensor_flag"": 1, ""TempC_DS18B20"": 32.76}"
2025-10-11 10:59:03.620913910+00:00,dds75-lb-16,2,-45,7.5,"{""Bat"": 3.324, ""Distance_mm"": 722, ""Interrupt_flag"": 0, ""Node_type"": ""DDS75-LB"", ""Sensor_flag"": 1, ""TempC_DS18B20"": 32.76}"
2025-10-11 11:59:02.919720295+00:00,dds75-lb-16,2,-43,6.75,"{""Bat"": 3.324, ""Distance_mm"": 722, ""Interrupt_flag"": 0, ""Node_type"": ""DDS75-LB"", ""Sensor_flag"": 1, ""TempC_DS18B20"": 32.76}"
2025-10-11 12:59:02.232513733+00:00,dds75-lb-16,2,-119,-4.0,"{""Bat"": 3.324, ""Distance_mm"": 722, ""Interrupt_flag"": 0, ""Node_type"": ""DDS75-LB"", ""Sensor_flag"": 1, ""TempC_DS18B20"": 32.76}"
2025-10-11 13:59:01.546347335+00:00,dds75-lb-16,2,-47,10.75,"{""Bat"": 3.324, ""Distance_mm"": 722, ""Interrupt_flag"": 0, ""Node_type"": ""DDS75-LB"", ""Sensor_flag"": 1, ""TempC_DS18B20"": 32.76}"
2025-10-11 14:59:00.848841929+00:00,dds75-lb-16,2,-47,10.0,"{""Bat"": 3.324, ""Distance_mm"": 721, ""Interrupt_flag"": 0, ""Node_type"": ""DDS75-LB"", ""Sensor_flag"": 1, ""TempC_DS18B20"": 32.76}"
2025-10-11 15:59:00.166408205+00:00,dds75-lb-16,2,-45,9.5,"{""Bat"": 3.324, ""Distance_mm"": 533, ""Interrupt_flag"": 0, ""Node_type"": ""DDS75-LB"", ""Sensor_flag"": 1, ""TempC_DS18B20"": 32.76}"
2025-10-11 16:58:59.467354834+00:00,dds75-lb-16,2,-45,9.5,"{""Bat"": 3.324, ""Distance_mm"": 721, ""Interrupt_flag"": 0, ""Node_type"": ""DDS75-LB"", ""Sensor_flag"": 1, ""TempC_DS18B20"": 32.76}"
2025-10-11 17:58:58.779661160+00:00,dds75-lb-16,2,-118,-2.25,"{""Bat"": 3.324, ""Distance_mm"": 721, ""Interrupt_flag"": 0, ""Node_type"": ""DDS75-LB"", ""Sensor_flag"": 1, ""TempC_DS18B20"": 32.76}"
2025-10-11 18:58:58.088254661+00:00,dds75-lb-16,2,-45,8.0,"{""Bat"": 3.324, ""Distance_mm"": 721, ""Interrupt_flag"": 0, ""Node_type"": ""DDS75-LB"", ""Sensor_flag"": 1, ""TempC_DS18B20"": 32.76}"
2025-10-11 19:58:57.389301575+00:00,dds75-lb-16,2,-44,9.0,"{""Bat"": 3.324, ""Distance_mm"": 722, ""Interrupt_flag"": 0, ""Node_type"": ""DDS75-LB"", ""Sensor_flag"": 1, ""TempC_DS18B20"": 32.76}"
2025-10-11 20:58:56.704901910+00:00,dds75-lb-16,2,-45,8.75,"{""Bat"": 3.324, ""Distance_mm"": 722, ""Interrupt_flag"": 0, ""Node_type"": ""DDS75-LB"", ""Sensor_flag"": 1, ""TempC_DS18B20"": 32.76}"
2025-10-11 21:58:55.990743047+00:00,dds75-lb-16,2,-120,-7.2,"{""Bat"": 3.324, ""Distance_mm"": 722, ""Interrupt_flag"": 0, ""Node_type"": ""DDS75-LB"", ""Sensor_flag"": 1, ""TempC_DS18B20"": 32.76}"
2025-10-11 22:58:55.325827584+00:00,dds75-lb-16,2,-49,10.5,"{""Bat"": 3.324, ""Distance_mm"": 722, ""Interrupt_flag"": 0, ""Node_type"": ""DDS75-LB"", ""Sensor_flag"": 1, ""TempC_DS18B20"": 32.76}"
2025-10-11 23:58:54.651805493+00:00,dds75-lb-16,2,-47,8.0,"{""Bat"": 3.324, ""Distance_mm"": 722, ""Interrupt_flag"": 0, ""Node_type"": ""DDS75-LB"", ""Sensor_flag"": 1, ""TempC_DS18B20"": 32.76}"
2025-10-12 00:58:53.949363451+00:00,dds75-lb-16,2,-45,9.75,"{""Bat"": 3.324, ""Distance_mm"": 721, ""Interrupt_flag"": 0, ""Node_type"": ""DDS75-LB"", ""Sensor_flag"": 1, ""TempC_DS18B20"": 32.76}"
2025-10-12 01:58:53.259772407+00:00,dds75-lb-16,2,-47,9.75,"{""Bat"": 3.324, ""Distance_mm"": 721, ""Interrupt_flag"": 0, ""Node_type"": ""DDS75-LB"", ""Sensor_flag"": 1, ""TempC_DS18B20"": 32.76}"
2025-10-12 02:58:52.568920044+00:00,dds75-lb-16,2,-44,9.25,"{""Bat"": 3.324, ""Distance_mm"": 721, ""Interrupt_flag"": 0, ""Node_type"": ""DDS75-LB"", ""Sensor_flag"": 1, ""TempC_DS18B20"": 32.76}"
2025-10-12 03:58:51.890281660+00:00,dds75-lb-16,2,-43,7.5,"{""Bat"": 3.324, ""Distance_mm"": 721, ""Interrupt_flag"": 0, ""Node_type"": ""DDS75-LB"", ""Sensor_flag"": 1, ""TempC_DS18B20"": 32.76}"
2025-10-12 04:58:51.180068194+00:00,dds75-lb-16,2,-44,9.0,"{""Bat"": 3.324, ""Distance_mm"": 721, ""Interrupt_flag"": 0, ""Node_type"": ""DDS75-LB"", ""Sensor_flag"": 1, ""TempC_DS18B20"": 32.76}"
2025-10-12 05:58:50.515616431+00:00,dds75-lb-16,2,-47,9.5,"{""Bat"": 3.324, ""Distance_mm"": 721, ""Interrupt_flag"": 0, ""Node_type"": ""DDS75-LB"", ""Sensor_flag"": 1, ""TempC_DS18B20"": 32.76}"
2025-10-12 06:58:49.814665964+00:00,dds75-lb-16,2,-50,10.75,"{""Bat"": 3.324, ""Distance_mm"": 721, ""Interrupt_flag"": 0, ""Node_type"": ""DDS75-LB"", ""Sensor_flag"": 1, ""TempC_DS18B20"": 32.76}"
2025-10-12 07:58:49.119131907+00:00,dds75-lb-16,2,-46,10.0,"{""Bat"": 3.324, ""Distance_mm"": 721, ""Interrupt_flag"": 0, ""Node_type"": ""DDS75-LB"", ""Sensor_flag"": 1, ""TempC_DS18B20"": 32.76}"
2025-10-12 08:58:48.428448753+00:00,dds75-lb-16,2,-45,9.25,"{""Bat"": 3.324, ""Distance_mm"": 721, ""Interrupt_flag"": 0, ""Node_type"": ""DDS75-LB"", ""Sensor_flag"": 1, ""TempC_DS18B20"": 32.76}"
2025-10-12 09:58:47.731852610+00:00,dds75-lb-16,2,-50,10.0,"{""Bat"": 3.324, ""Distance_mm"": 721, ""Interrupt_flag"": 0, ""Node_type"": ""DDS75-LB"", ""Sensor_flag"": 1, ""TempC_DS18B20"": 32.76}"
2025-10-12 10:58:47.051138773+00:00,dds75-lb-16,2,-123,-7.0,"{""Bat"": 3.324, ""Distance_mm"": 581, ""Interrupt_flag"": 0, ""Node_type"": ""DDS75-LB"", ""Sensor_flag"": 1, ""TempC_DS18B20"": 32.76}"
2025-10-12 11:58:46.382628129+00:00,dds75-lb-16,2,-47,7.5,"{""Bat"": 3.324, ""Distance_mm"": 721, ""Interrupt_flag"": 0, ""Node_type"": ""DDS75-LB"", ""Sensor_flag"": 1, ""TempC_DS18B20"": 32.76}"
2025-10-12 12:58:45.666440779+00:00,dds75-lb-16,2,-48,7.5,"{""Bat"": 3.324, ""Distance_mm"": 722, ""Interrupt_flag"": 0, ""Node_type"": ""DDS75-LB"", ""Sensor_flag"": 1, ""TempC_DS18B20"": 32.76}"
2025-10-12 13:58:44.980940932+00:00,dds75-lb-16,2,-122,-6.5,"{""Bat"": 3.324, ""Distance_mm"": 722, ""Interrupt_flag"": 0, ""Node_type"": ""DDS75-LB"", ""Sensor_flag"": 1, ""TempC_DS18B20"": 32.76}"
2025-10-12 14:58:44.289514011+00:00,dds75-lb-16,2,-121,-6.0,"{""Bat"": 3.324, ""Distance_mm"": 722, ""Interrupt_flag"": 0, ""Node_type"": ""DDS75-LB"", ""Sensor_flag"": 1, ""TempC_DS18B20"": 32.76}"
2025-10-12 15:59:29.648266028+00:00,dds75-lb-16,2,-114,-0.25,"{""Bat"": 3.324, ""Distance_mm"": 722, ""Interrupt_flag"": 0, ""Node_type"": ""DDS75-LB"", ""Sensor_flag"": 1, ""TempC_DS18B20"": 32.76}"
2025-10-12 16:59:27.537615091+00:00,dds75-lb-16,2,-42,10.0,"{""Bat"": 3.324, ""Distance_mm"": 722, ""Interrupt_flag"": 0, ""Node_type"": ""DDS75-LB"", ""Sensor_flag"": 1, ""TempC_DS18B20"": 32.76}"
2025-10-12 17:59:26.832548779+00:00,dds75-lb-16,2,-43,7.25,"{""Bat"": 3.324, ""Distance_mm"": 722, ""Interrupt_flag"": 0, ""Node_type"": ""DDS75-LB"", ""Sensor_flag"": 1, ""TempC_DS18B20"": 32.76}"
2025-10-12 18:59:26.160815873+00:00,dds75-lb-16,2,-118,-2.75,"{""Bat"": 3.324, ""Distance_mm"": 722, ""Interrupt_flag"": 0, ""Node_type"": ""DDS75-LB"", ""Sensor_flag"": 1, ""TempC_DS18B20"": 32.76}"
2025-10-12 19:59:25.452119007+00:00,dds75-lb-16,2,-44,9.5,"{""Bat"": 3.324, ""Distance_mm"": 722, ""Interrupt_flag"": 0, ""Node_type"": ""DDS75-LB"", ""Sensor_flag"": 1, ""TempC_DS18B20"": 32.76}"
2025-10-12 20:59:24.759461321+00:00,dds75-lb-16,2,-41,7.5,"{""Bat"": 3.324, ""Distance_mm"": 722, ""Interrupt_flag"": 0, ""Node_type"": ""DDS75-LB"", ""Sensor_flag"": 1, ""TempC_DS18B20"": 32.76}"
2025-10-12 21:59:24.097184778+00:00,dds75-lb-16,2,-39,7.5,"{""Bat"": 3.324, ""Distance_mm"": 722, ""Interrupt_flag"": 0, ""Node_type"": ""DDS75-LB"", ""Sensor_flag"": 1, ""TempC_DS18B20"": 32.76}"
2025-10-12 22:59:23.391061828+00:00,dds75-lb-16,2,-115,1.25,"{""Bat"": 3.324, ""Distance_mm"": 722, ""Interrupt_flag"": 0, ""Node_type"": ""DDS75-LB"", ""Sensor_flag"": 1, ""TempC_DS18B20"": 32.76}"
2025-10-12 23:59:22.732069481+00:00,dds75-lb-16,2,-118,-1.75,"{""Bat"": 3.324, ""Distance_mm"": 721, ""Interrupt_flag"": 0, ""Node_type"": ""DDS75-LB"", ""Sensor_flag"": 1, ""TempC_DS18B20"": 32.76}"
2025-10-13 00:59:22.015875916+00:00,dds75-lb-16,2,-44,9.75,"{""Bat"": 3.324, ""Distance_mm"": 721, ""Interrupt_flag"": 0, ""Node_type"": ""DDS75-LB"", ""Sensor_flag"": 1, ""TempC_DS18B20"": 32.76}"
2025-10-13 01:59:21.334545964+00:00,dds75-lb-16,2,-43,7.5,"{""Bat"": 3.324, ""Distance_mm"": 721, ""Interrupt_flag"": 0, ""Node_type"": ""DDS75-LB"", ""Sensor_flag"": 1, ""TempC_DS18B20"": 32.76}"
2025-10-13 02:59:20.639627677+00:00,dds75-lb-16,2,-43,9.0,"{""Bat"": 3.324, ""Distance_mm"": 721, ""Interrupt_flag"": 0, ""Node_type"": ""DDS75-LB"", ""Sensor_flag"": 1, ""TempC_DS18B20"": 32.76}"
2025-10-13 03:59:19.941505866+00:00,dds75-lb-16,2,-43,10.75,"{""Bat"": 3.324, ""Distance_mm"": 722, ""Interrupt_flag"": 0, ""Node_type"": ""DDS75-LB"", ""Sensor_flag"": 1, ""TempC_DS18B20"": 32.76}"
2025-10-13 04:59:19.248253325+00:00,dds75-lb-16,2,-41,7.5,"{""Bat"": 3.324, ""Distance_mm"": 722, ""Interrupt_flag"": 0, ""Node_type"": ""DDS75-LB"", ""Sensor_flag"": 1, ""TempC_DS18B20"": 32.76}"
2025-10-13 05:59:18.574997762+00:00,dds75-lb-16,2,-119,-5.5,"{""Bat"": 3.324, ""Distance_mm"": 721, ""Interrupt_flag"": 0, ""Node_type"": ""DDS75-LB"", ""Sensor_flag"": 1, ""TempC_DS18B20"": 32.76}"
2025-10-13 06:59:17.877213704+00:00,dds75-lb-16,2,-39,9.75,"{""Bat"": 3.324, ""Distance_mm"": 726, ""Interrupt_flag"": 0, ""Node_type"": ""DDS75-LB"", ""Sensor_flag"": 1, ""TempC_DS18B20"": 32.76}"
2025-10-13 07:59:17.181666929+00:00,dds75-lb-16,2,-41,11.25,"{""Bat"": 3.324, ""Distance_mm"": 722, ""Interrupt_flag"": 0, ""Node_type"": ""DDS75-LB"", ""Sensor_flag"": 1, ""TempC_DS18B20"": 32.76}"
2025-10-13 08:59:16.492946264+00:00,dds75-lb-16,2,-117,-1.5,"{""Bat"": 3.324, ""Distance_mm"": 722, ""Interrupt_flag"": 0, ""Node_type"": ""DDS75-LB"", ""Sensor_flag"": 1, ""TempC_DS18B20"": 32.76}"
2025-10-13 09:59:15.792741822+00:00,dds75-lb-16,2,-43,8.25,"{""Bat"": 3.324, ""Distance_mm"": 722, ""Interrupt_flag"": 0, ""Node_type"": ""DDS75-LB"", ""Sensor_flag"": 1, ""TempC_DS18B20"": 32.76}"
2025-10-13 10:59:15.109371266+00:00,dds75-lb-16,2,-119,-3.25,"{""Bat"": 3.324, ""Distance_mm"": 403, ""Interrupt_flag"": 0, ""Node_type"": ""DDS75-LB"", ""Sensor_flag"": 1, ""TempC_DS18B20"": 32.76}"
2025-10-13 11:59:14.430879619+00:00,dds75-lb-16,2,-43,9.75,"{""Bat"": 3.324, ""Distance_mm"": 722, ""Interrupt_flag"": 0, ""Node_type"": ""DDS75-LB"", ""Sensor_flag"": 1, ""TempC_DS18B20"": 32.76}"
2025-10-13 12:59:13.757161605+00:00,dds75-lb-16,2,-118,-1.5,"{""Bat"": 3.324, ""Distance_mm"": 721, ""Interrupt_flag"": 0, ""Node_type"": ""DDS75-LB"", ""Sensor_flag"": 1, ""TempC_DS18B20"": 32.76}"
2025-10-13 13:59:13.042161773+00:00,dds75-lb-16,2,-42,7.25,"{""Bat"": 3.324, ""Distance_mm"": 722, ""Interrupt_flag"": 0, ""Node_type"": ""DDS75-LB"", ""Sensor_flag"": 1, ""TempC_DS18B20"": 32.76}"
2025-10-13 14:59:12.336933059+00:00,dds75-lb-16,2,-45,7.75,"{""Bat"": 3.324, ""Distance_mm"": 722, ""Interrupt_flag"": 0, ""Node_type"": ""DDS75-LB"", ""Sensor_flag"": 1, ""TempC_DS18B20"": 32.76}"
2025-10-13 15:59:11.692554390+00:00,dds75-lb-16,2,-43,9.5,"{""Bat"": 3.324, ""Distance_mm"": 726, ""Interrupt_flag"": 0, ""Node_type"": ""DDS75-LB"", ""Sensor_flag"": 1, ""TempC_DS18B20"": 32.76}"
2025-10-13 16:59:10.941439065+00:00,dds75-lb-16,2,-117,-1.0,"{""Bat"": 3.324, ""Distance_mm"": 722, ""Interrupt_flag"": 0, ""Node_type"": ""DDS75-LB"", ""Sensor_flag"": 1, ""TempC_DS18B20"": 32.76}"
2025-10-13 17:59:10.259864992+00:00,dds75-lb-16,2,-43,7.0,"{""Bat"": 3.324, ""Distance_mm"": 722, ""Interrupt_flag"": 0, ""Node_type"": ""DDS75-LB"", ""Sensor_flag"": 1, ""TempC_DS18B20"": 32.76}"
2025-10-13 18:59:09.564277422+00:00,dds75-lb-16,2,-118,-1.5,"{""Bat"": 3.324, ""Distance_mm"": 722, ""Interrupt_flag"": 0, ""Node_type"": ""DDS75-LB"", ""Sensor_flag"": 1, ""TempC_DS18B20"": 32.76}"
2025-10-13 19:59:08.883840297+00:00,dds75-lb-16,2,-119,-2.5,"{""Bat"": 3.324, ""Distance_mm"": 723, ""Interrupt_flag"": 0, ""Node_type"": ""DDS75-LB"", ""Sensor_flag"": 1, ""TempC_DS18B20"": 32.76}"
2025-10-13 20:59:08.184091059+00:00,dds75-lb-16,2,-44,7.0,"{""Bat"": 3.324, ""Distance_mm"": 722, ""Interrupt_flag"": 0, ""Node_type"": ""DDS75-LB"", ""Sensor_flag"": 1, ""TempC_DS18B20"": 32.76}"
2025-10-13 21:59:07.490471112+00:00,dds75-lb-16,2,-42,9.25,"{""Bat"": 3.324, ""Distance_mm"": 722, ""Interrupt_flag"": 0, ""Node_type"": ""DDS75-LB"", ""Sensor_flag"": 1, ""TempC_DS18B20"": 32.76}"
2025-10-13 22:59:06.804018523+00:00,dds75-lb-16,2,-44,7.25,"{""Bat"": 3.324, ""Distance_mm"": 722, ""Interrupt_flag"": 0, ""Node_type"": ""DDS75-LB"", ""Sensor_flag"": 1, ""TempC_DS18B20"": 32.76}"
2025-10-13 23:59:06.114346782+00:00,dds75-lb-16,2,-117,-0.75,"{""Bat"": 3.324, ""Distance_mm"": 721, ""Interrupt_flag"": 0, ""Node_type"": ""DDS75-LB"", ""Sensor_flag"": 1, ""TempC_DS18B20"": 32.76}"
2025-10-14 00:59:05.421520921+00:00,dds75-lb-16,2,-120,-4.75,"{""Bat"": 3.324, ""Distance_mm"": 722, ""Interrupt_flag"": 0, ""Node_type"": ""DDS75-LB"", ""Sensor_flag"": 1, ""TempC_DS18B20"": 32.76}"
2025-10-14 01:59:04.740816288+00:00,dds75-lb-16,2,-44,7.25,"{""Bat"": 3.324, ""Distance_mm"": 722, ""Interrupt_flag"": 0, ""Node_type"": ""DDS75-LB"", ""Sensor_flag"": 1, ""TempC_DS18B20"": 32.76}"
2025-10-14 02:59:04.058775421+00:00,dds75-lb-16,2,-43,9.75,"{""Bat"": 3.324, ""Distance_mm"": 722, ""Interrupt_flag"": 0, ""Node_type"": ""DDS75-LB"", ""Sensor_flag"": 1, ""TempC_DS18B20"": 32.76}"
2025-10-14 03:59:03.349614513+00:00,dds75-lb-16,2,-118,-2.5,"{""Bat"": 3.324, ""Distance_mm"": 721, ""Interrupt_flag"": 0, ""Node_type"": ""DDS75-LB"", ""Sensor_flag"": 1, ""TempC_DS18B20"": 32.76}"
2025-10-14 04:59:02.667177821+00:00,dds75-lb-16,2,-119,-2.5,"{""Bat"": 3.324, ""Distance_mm"": 726, ""Interrupt_flag"": 0, ""Node_type"": ""DDS75-LB"", ""Sensor_flag"": 1, ""TempC_DS18B20"": 32.76}"
2025-10-14 05:59:01.989329581+00:00,dds75-lb-16,2,-120,-4.5,"{""Bat"": 3.324, ""Distance_mm"": 726, ""Interrupt_flag"": 0, ""Node_type"": ""DDS75-LB"", ""Sensor_flag"": 1, ""TempC_DS18B20"": 32.76}"
2025-10-14 06:59:01.271136069+00:00,dds75-lb-16,2,-42,9.5,"{""Bat"": 3.324, ""Distance_mm"": 722, ""Interrupt_flag"": 0, ""Node_type"": ""DDS75-LB"", ""Sensor_flag"": 1, ""TempC_DS18B20"": 32.76}"
2025-10-14 07:59:00.583350123+00:00,dds75-lb-16,2,-43,9.25,"{""Bat"": 3.324, ""Distance_mm"": 726, ""Interrupt_flag"": 0, ""Node_type"": ""DDS75-LB"", ""Sensor_flag"": 1, ""TempC_DS18B20"": 32.76}"
2025-10-14 08:58:59.890718346+00:00,dds75-lb-16,2,-45,8.75,"{""Bat"": 3.324, ""Distance_mm"": 722, ""Interrupt_flag"": 0, ""Node_type"": ""DDS75-LB"", ""Sensor_flag"": 1, ""TempC_DS18B20"": 32.76}"
2025-10-14 09:58:59.203538664+00:00,dds75-lb-16,2,-45,8.0,"{""Bat"": 3.324, ""Distance_mm"": 722, ""Interrupt_flag"": 0, ""Node_type"": ""DDS75-LB"", ""Sensor_flag"": 1, ""TempC_DS18B20"": 32.76}"
2025-10-14 10:58:58.508570531+00:00,dds75-lb-16,2,-47,9.5,"{""Bat"": 3.324, ""Distance_mm"": 722, ""Interrupt_flag"": 0, ""Node_type"": ""DDS75-LB"", ""Sensor_flag"": 1, ""TempC_DS18B20"": 32.76}"
2025-10-14 11:58:57.791696737+00:00,dds75-lb-16,2,-46,9.25,"{""Bat"": 3.324, ""Distance_mm"": 726, ""Interrupt_flag"": 0, ""Node_type"": ""DDS75-LB"", ""Sensor_flag"": 1, ""TempC_DS18B20"": 32.76}"
2025-10-14 12:58:57.105323846+00:00,dds75-lb-16,2,-45,9.75,"{""Bat"": 3.324, ""Distance_mm"": 722, ""Interrupt_flag"": 0, ""Node_type"": ""DDS75-LB"", ""Sensor_flag"": 1, ""TempC_DS18B20"": 32.76}"
2025-10-14 13:58:56.404371183+00:00,dds75-lb-16,2,-44,9.75,"{""Bat"": 3.324, ""Distance_mm"": 722, ""Interrupt_flag"": 0, ""Node_type"": ""DDS75-LB"", ""Sensor_flag"": 1, ""TempC_DS18B20"": 32.76}"
2025-10-14 14:58:55.731743196+00:00,dds75-lb-16,2,-45,7.5,"{""Bat"": 3.324, ""Distance_mm"": 726, ""Interrupt_flag"": 0, ""Node_type"": ""DDS75-LB"", ""Sensor_flag"": 1, ""TempC_DS18B20"": 32.76}"
2025-10-14 15:58:55.028248036+00:00,dds75-lb-16,2,-44,10.25,"{""Bat"": 3.324, ""Distance_mm"": 627, ""Interrupt_flag"": 0, ""Node_type"": ""DDS75-LB"", ""Sensor_flag"": 1, ""TempC_DS18B20"": 32.76}"
2025-10-14 16:58:54.345393702+00:00,dds75-lb-16,2,-47,9.5,"{""Bat"": 3.324, ""Distance_mm"": 727, ""Interrupt_flag"": 0, ""Node_type"": ""DDS75-LB"", ""Sensor_flag"": 1, ""TempC_DS18B20"": 32.76}"
2025-10-14 17:58:53.662103515+00:00,dds75-lb-16,2,-47,8.0,"{""Bat"": 3.324, ""Distance_mm"": 727, ""Interrupt_flag"": 0, ""Node_type"": ""DDS75-LB"", ""Sensor_flag"": 1, ""TempC_DS18B20"": 32.76}"
2025-10-14 18:58:52.960813647+00:00,dds75-lb-16,2,-44,9.5,"{""Bat"": 3.324, ""Distance_mm"": 727, ""Interrupt_flag"": 0, ""Node_type"": ""DDS75-LB"", ""Sensor_flag"": 1, ""TempC_DS18B20"": 32.76}"
2025-10-14 19:58:52.252790458+00:00,dds75-lb-16,2,-48,10.5,"{""Bat"": 3.324, ""Distance_mm"": 726, ""Interrupt_flag"": 0, ""Node_type"": ""DDS75-LB"", ""Sensor_flag"": 1, ""TempC_DS18B20"": 32.76}"
2025-10-14 20:58:51.585738170+00:00,dds75-lb-16,2,-43,7.25,"{""Bat"": 3.324, ""Distance_mm"": 726, ""Interrupt_flag"": 0, ""Node_type"": ""DDS75-LB"", ""Sensor_flag"": 1, ""TempC_DS18B20"": 32.76}"
2025-10-14 21:58:50.874994929+00:00,dds75-lb-16,2,-44,7.5,"{""Bat"": 3.324, ""Distance_mm"": 726, ""Interrupt_flag"": 0, ""Node_type"": ""DDS75-LB"", ""Sensor_flag"": 1, ""TempC_DS18B20"": 32.76}"
2025-10-14 22:58:50.179498561+00:00,dds75-lb-16,2,-47,9.5,"{""Bat"": 3.324, ""Distance_mm"": 726, ""Interrupt_flag"": 0, ""Node_type"": ""DDS75-LB"", ""Sensor_flag"": 1, ""TempC_DS18B20"": 32.76}"
2025-10-14 23:58:49.503693604+00:00,dds75-lb-16,2,-47,10.25,"{""Bat"": 3.324, ""Distance_mm"": 726, ""Interrupt_flag"": 0, ""Node_type"": ""DDS75-LB"", ""Sensor_flag"": 1, ""TempC_DS18B20"": 32.76}"
2025-10-15 00:58:48.798144431+00:00,dds75-lb-16,2,-47,9.25,"{""Bat"": 3.324, ""Distance_mm"": 726, ""Interrupt_flag"": 0, ""Node_type"": ""DDS75-LB"", ""Sensor_flag"": 1, ""TempC_DS18B20"": 32.76}"
2025-10-15 01:58:48.102623466+00:00,dds75-lb-16,2,-47,10.0,"{""Bat"": 3.324, ""Distance_mm"": 726, ""Interrupt_flag"": 0, ""Node_type"": ""DDS75-LB"", ""Sensor_flag"": 1, ""TempC_DS18B20"": 32.76}"
2025-10-15 02:58:47.430486530+00:00,dds75-lb-16,2,-119,-4.25,"{""Bat"": 3.324, ""Distance_mm"": 724, ""Interrupt_flag"": 0, ""Node_type"": ""DDS75-LB"", ""Sensor_flag"": 1, ""TempC_DS18B20"": 32.76}"
2025-10-15 03:58:46.715077340+00:00,dds75-lb-16,2,-47,9.75,"{""Bat"": 3.324, ""Distance_mm"": 726, ""Interrupt_flag"": 0, ""Node_type"": ""DDS75-LB"", ""Sensor_flag"": 1, ""TempC_DS18B20"": 32.76}"
2025-10-15 04:58:46.039544538+00:00,dds75-lb-16,2,-49,9.75,"{""Bat"": 3.324, ""Distance_mm"": 723, ""Interrupt_flag"": 0, ""Node_type"": ""DDS75-LB"", ""Sensor_flag"": 1, ""TempC_DS18B20"": 32.76}"
2025-10-15 05:58:45.344662494+00:00,dds75-lb-16,2,-47,10.0,"{""Bat"": 3.324, ""Distance_mm"": 726, ""Interrupt_flag"": 0, ""Node_type"": ""DDS75-LB"", ""Sensor_flag"": 1, ""TempC_DS18B20"": 32.76}"
2025-10-15 06:58:44.628503735+00:00,dds75-lb-16,2,-48,9.25,"{""Bat"": 3.324, ""Distance_mm"": 726, ""Interrupt_flag"": 0, ""Node_type"": ""DDS75-LB"", ""Sensor_flag"": 1, ""TempC_DS18B20"": 32.76}"
2025-10-15 07:58:43.939236522+00:00,dds75-lb-16,2,-125,-8.75,"{""Bat"": 3.324, ""Distance_mm"": 726, ""Interrupt_flag"": 0, ""Node_type"": ""DDS75-LB"", ""Sensor_flag"": 1, ""TempC_DS18B20"": 32.76}"
2025-10-15 08:58:43.253202136+00:00,dds75-lb-16,2,-50,9.75,"{""Bat"": 3.324, ""Distance_mm"": 726, ""Interrupt_flag"": 0, ""Node_type"": ""DDS75-LB"", ""Sensor_flag"": 1, ""TempC_DS18B20"": 32.76}"
2025-10-15 09:58:42.554139851+00:00,dds75-lb-16,2,-48,7.0,"{""Bat"": 3.324, ""Distance_mm"": 726, ""Interrupt_flag"": 0, ""Node_type"": ""DDS75-LB"", ""Sensor_flag"": 1, ""TempC_DS18B20"": 32.76}"
2025-10-15 10:58:41.865755636+00:00,dds75-lb-16,2,-122,-5.5,"{""Bat"": 3.324, ""Distance_mm"": 726, ""Interrupt_flag"": 0, ""Node_type"": ""DDS75-LB"", ""Sensor_flag"": 1, ""TempC_DS18B20"": 32.76}"
2025-10-15 11:58:41.170551901+00:00,dds75-lb-16,2,-49,9.75,"{""Bat"": 3.324, ""Distance_mm"": 727, ""Interrupt_flag"": 0, ""Node_type"": ""DDS75-LB"", ""Sensor_flag"": 1, ""TempC_DS18B20"": 32.76}"
2025-10-15 12:58:40.471868960+00:00,dds75-lb-16,2,-44,7.5,"{""Bat"": 3.324, ""Distance_mm"": 726, ""Interrupt_flag"": 0, ""Node_type"": ""DDS75-LB"", ""Sensor_flag"": 1, ""TempC_DS18B20"": 32.76}"
2025-10-15 13:58:39.770302355+00:00,dds75-lb-16,2,-47,7.25,"{""Bat"": 3.324, ""Distance_mm"": 726, ""Interrupt_flag"": 0, ""Node_type"": ""DDS75-LB"", ""Sensor_flag"": 1, ""TempC_DS18B20"": 32.76}"
2025-10-15 14:58:39.076748278+00:00,dds75-lb-16,2,-47,7.5,"{""Bat"": 3.324, ""Distance_mm"": 726, ""Interrupt_flag"": 0, ""Node_type"": ""DDS75-LB"", ""Sensor_flag"": 1, ""TempC_DS18B20"": 32.76}"
2025-10-15 15:58:38.401173023+00:00,dds75-lb-16,2,-49,9.5,"{""Bat"": 3.324, ""Distance_mm"": 726, ""Interrupt_flag"": 0, ""Node_type"": ""DDS75-LB"", ""Sensor_flag"": 1, ""TempC_DS18B20"": 32.76}"
2025-10-15 16:58:37.700762658+00:00,dds75-lb-16,2,-50,9.0,"{""Bat"": 3.324, ""Distance_mm"": 727, ""Interrupt_flag"": 0, ""Node_type"": ""DDS75-LB"", ""Sensor_flag"": 1, ""TempC_DS18B20"": 32.76}"
2025-10-15 17:58:37.015866959+00:00,dds75-lb-16,2,-50,8.25,"{""Bat"": 3.324, ""Distance_mm"": 726, ""Interrupt_flag"": 0, ""Node_type"": ""DDS75-LB"", ""Sensor_flag"": 1, ""TempC_DS18B20"": 32.76}"
2025-10-15 18:58:36.316821870+00:00,dds75-lb-16,2,-49,10.75,"{""Bat"": 3.324, ""Distance_mm"": 726, ""Interrupt_flag"": 0, ""Node_type"": ""DDS75-LB"", ""Sensor_flag"": 1, ""TempC_DS18B20"": 32.76}"
2025-10-15 19:58:35.622571929+00:00,dds75-lb-16,2,-49,9.75,"{""Bat"": 3.324, ""Distance_mm"": 726, ""Interrupt_flag"": 0, ""Node_type"": ""DDS75-LB"", ""Sensor_flag"": 1, ""TempC_DS18B20"": 32.76}"
2025-10-15 20:58:34.925444897+00:00,dds75-lb-16,2,-47,10.75,"{""Bat"": 3.324, ""Distance_mm"": 726, ""Interrupt_flag"": 0, ""Node_type"": ""DDS75-LB"", ""Sensor_flag"": 1, ""TempC_DS18B20"": 32.76}"
2025-10-15 21:58:34.248342866+00:00,dds75-lb-16,2,-47,6.75,"{""Bat"": 3.324, ""Distance_mm"": 726, ""Interrupt_flag"": 0, ""Node_type"": ""DDS75-LB"", ""Sensor_flag"": 1, ""TempC_DS18B20"": 32.76}"
2025-10-15 22:58:33.535445494+00:00,dds75-lb-16,2,-49,9.75,"{""Bat"": 3.324, ""Distance_mm"": 726, ""Interrupt_flag"": 0, ""Node_type"": ""DDS75-LB"", ""Sensor_flag"": 1, ""TempC_DS18B20"": 32.76}"
2025-10-15 23:58:32.834910974+00:00,dds75-lb-16,2,-49,9.5,"{""Bat"": 3.324, ""Distance_mm"": 726, ""Interrupt_flag"": 0, ""Node_type"": ""DDS75-LB"", ""Sensor_flag"": 1, ""TempC_DS18B20"": 32.76}"
2025-10-16 00:58:32.149581831+00:00,dds75-lb-16,2,-49,9.5,"{""Bat"": 3.324, ""Distance_mm"": 726, ""Interrupt_flag"": 0, ""Node_type"": ""DDS75-LB"", ""Sensor_flag"": 1, ""TempC_DS18B20"": 32.76}"
2025-10-16 01:58:31.475235084+00:00,dds75-lb-16,2,-50,7.5,"{""Bat"": 3.324, ""Distance_mm"": 726, ""Interrupt_flag"": 0, ""Node_type"": ""DDS75-LB"", ""Sensor_flag"": 1, ""TempC_DS18B20"": 32.76}"
2025-10-16 02:58:30.777225959+00:00,dds75-lb-16,2,-50,10.75,"{""Bat"": 3.324, ""Distance_mm"": 722, ""Interrupt_flag"": 0, ""Node_type"": ""DDS75-LB"", ""Sensor_flag"": 1, ""TempC_DS18B20"": 32.76}"
2025-10-16 03:58:30.079066134+00:00,dds75-lb-16,2,-53,10.25,"{""Bat"": 3.324, ""Distance_mm"": 726, ""Interrupt_flag"": 0, ""Node_type"": ""DDS75-LB"", ""Sensor_flag"": 1, ""TempC_DS18B20"": 32.76}"
2025-10-16 04:58:29.397349161+00:00,dds75-lb-16,2,-49,10.0,"{""Bat"": 3.324, ""Distance_mm"": 726, ""Interrupt_flag"": 0, ""Node_type"": ""DDS75-LB"", ""Sensor_flag"": 1, ""TempC_DS18B20"": 32.76}"
2025-10-16 05:58:28.689482324+00:00,dds75-lb-16,2,-49,7.5,"{""Bat"": 3.324, ""Distance_mm"": 726, ""Interrupt_flag"": 0, ""Node_type"": ""DDS75-LB"", ""Sensor_flag"": 1, ""TempC_DS18B20"": 32.76}"
2025-10-16 06:58:28.009368962+00:00,dds75-lb-16,2,-51,7.25,"{""Bat"": 3.324, ""Distance_mm"": 726, ""Interrupt_flag"": 0, ""Node_type"": ""DDS75-LB"", ""Sensor_flag"": 1, ""TempC_DS18B20"": 32.76}"
2025-10-16 07:58:27.290126697+00:00,dds75-lb-16,2,-50,9.5,"{""Bat"": 3.324, ""Distance_mm"": 726, ""Interrupt_flag"": 0, ""Node_type"": ""DDS75-LB"", ""Sensor_flag"": 1, ""TempC_DS18B20"": 32.76}"
2025-10-16 08:58:26.614876509+00:00,dds75-lb-16,2,-53,9.75,"{""Bat"": 3.324, ""Distance_mm"": 726, ""Interrupt_flag"": 0, ""Node_type"": ""DDS75-LB"", ""Sensor_flag"": 1, ""TempC_DS18B20"": 32.76}"
2025-10-16 09:58:25.932502767+00:00,dds75-lb-16,2,-50,8.25,"{""Bat"": 3.324, ""Distance_mm"": 727, ""Interrupt_flag"": 0, ""Node_type"": ""DDS75-LB"", ""Sensor_flag"": 1, ""TempC_DS18B20"": 32.76}"
2025-10-16 10:58:25.224570675+00:00,dds75-lb-16,2,-48,9.25,"{""Bat"": 3.324, ""Distance_mm"": 726, ""Interrupt_flag"": 0, ""Node_type"": ""DDS75-LB"", ""Sensor_flag"": 1, ""TempC_DS18B20"": 32.76}"
2025-10-16 11:58:24.527908042+00:00,dds75-lb-16,2,-53,9.25,"{""Bat"": 3.324, ""Distance_mm"": 726, ""Interrupt_flag"": 0, ""Node_type"": ""DDS75-LB"", ""Sensor_flag"": 1, ""TempC_DS18B20"": 32.76}"
2025-10-16 12:58:23.841998031+00:00,dds75-lb-16,2,-50,6.75,"{""Bat"": 3.324, ""Distance_mm"": 727, ""Interrupt_flag"": 0, ""Node_type"": ""DDS75-LB"", ""Sensor_flag"": 1, ""TempC_DS18B20"": 32.76}"
2025-10-16 13:58:23.148850294+00:00,dds75-lb-16,2,-50,9.5,"{""Bat"": 3.324, ""Distance_mm"": 727, ""Interrupt_flag"": 0, ""Node_type"": ""DDS75-LB"", ""Sensor_flag"": 1, ""TempC_DS18B20"": 32.76}"
2025-10-16 14:58:22.445384151+00:00,dds75-lb-16,2,-50,9.5,"{""Bat"": 3.324, ""Distance_mm"": 727, ""Interrupt_flag"": 0, ""Node_type"": ""DDS75-LB"", ""Sensor_flag"": 1, ""TempC_DS18B20"": 32.76}"
2025-10-16 15:58:21.742731883+00:00,dds75-lb-16,2,-51,10.5,"{""Bat"": 3.324, ""Distance_mm"": 727, ""Interrupt_flag"": 0, ""Node_type"": ""DDS75-LB"", ""Sensor_flag"": 1, ""TempC_DS18B20"": 32.76}"
2025-10-16 16:58:21.069039686+00:00,dds75-lb-16,2,-53,10.25,"{""Bat"": 3.324, ""Distance_mm"": 727, ""Interrupt_flag"": 0, ""Node_type"": ""DDS75-LB"", ""Sensor_flag"": 1, ""TempC_DS18B20"": 32.76}"
2025-10-16 17:58:20.372571914+00:00,dds75-lb-16,2,-50,7.25,"{""Bat"": 3.324, ""Distance_mm"": 726, ""Interrupt_flag"": 0, ""Node_type"": ""DDS75-LB"", ""Sensor_flag"": 1, ""TempC_DS18B20"": 32.76}"
2025-10-16 18:58:19.738779213+00:00,dds75-lb-16,2,-51,10.25,"{""Bat"": 3.324, ""Distance_mm"": 727, ""Interrupt_flag"": 0, ""Node_type"": ""DDS75-LB"", ""Sensor_flag"": 1, ""TempC_DS18B20"": 32.76}"
2025-10-16 19:58:18.975928927+00:00,dds75-lb-16,2,-53,9.75,"{""Bat"": 3.324, ""Distance_mm"": 726, ""Interrupt_flag"": 0, ""Node_type"": ""DDS75-LB"", ""Sensor_flag"": 1, ""TempC_DS18B20"": 32.76}"
2025-10-16 20:58:18.299733268+00:00,dds75-lb-16,2,-51,7.5,"{""Bat"": 3.324, ""Distance_mm"": 726, ""Interrupt_flag"": 0, ""Node_type"": ""DDS75-LB"", ""Sensor_flag"": 1, ""TempC_DS18B20"": 32.76}"
2025-10-16 21:58:17.592599255+00:00,dds75-lb-16,2,-49,7.0,"{""Bat"": 3.324, ""Distance_mm"": 726, ""Interrupt_flag"": 0, ""Node_type"": ""DDS75-LB"", ""Sensor_flag"": 1, ""TempC_DS18B20"": 32.76}"
2025-10-16 22:58:16.906318325+00:00,dds75-lb-16,2,-45,7.5,"{""Bat"": 3.324, ""Distance_mm"": 726, ""Interrupt_flag"": 0, ""Node_type"": ""DDS75-LB"", ""Sensor_flag"": 1, ""TempC_DS18B20"": 32.76}"
2025-10-16 23:58:16.207218150+00:00,dds75-lb-16,2,-39,10.0,"{""Bat"": 3.324, ""Distance_mm"": 726, ""Interrupt_flag"": 0, ""Node_type"": ""DDS75-LB"", ""Sensor_flag"": 1, ""TempC_DS18B20"": 32.76}"
2025-10-17 00:58:15.499286368+00:00,dds75-lb-16,2,-39,9.25,"{""Bat"": 3.324, ""Distance_mm"": 726, ""Interrupt_flag"": 0, ""Node_type"": ""DDS75-LB"", ""Sensor_flag"": 1, ""TempC_DS18B20"": 32.76}"
2025-10-17 01:58:14.818414534+00:00,dds75-lb-16,2,-41,10.5,"{""Bat"": 3.324, ""Distance_mm"": 726, ""Interrupt_flag"": 0, ""Node_type"": ""DDS75-LB"", ""Sensor_flag"": 1, ""TempC_DS18B20"": 32.76}"
2025-10-17 02:58:14.119756172+00:00,dds75-lb-16,2,-39,9.5,"{""Bat"": 3.324, ""Distance_mm"": 726, ""Interrupt_flag"": 0, ""Node_type"": ""DDS75-LB"", ""Sensor_flag"": 1, ""TempC_DS18B20"": 32.76}"
2025-10-17 03:58:13.440738912+00:00,dds75-lb-16,2,-43,9.5,"{""Bat"": 3.324, ""Distance_mm"": 726, ""Interrupt_flag"": 0, ""Node_type"": ""DDS75-LB"", ""Sensor_flag"": 1, ""TempC_DS18B20"": 32.76}"
2025-10-17 04:58:12.736802454+00:00,dds75-lb-16,2,-114,1.75,"{""Bat"": 3.324, ""Distance_mm"": 726, ""Interrupt_flag"": 0, ""Node_type"": ""DDS75-LB"", ""Sensor_flag"": 1, ""TempC_DS18B20"": 32.76}"
2025-10-17 05:58:12.046183706+00:00,dds75-lb-16,2,-38,7.5,"{""Bat"": 3.324, ""Distance_mm"": 726, ""Interrupt_flag"": 0, ""Node_type"": ""DDS75-LB"", ""Sensor_flag"": 1, ""TempC_DS18B20"": 32.76}"
2025-10-17 06:58:11.352393864+00:00,dds75-lb-16,2,-39,7.75,"{""Bat"": 3.324, ""Distance_mm"": 726, ""Interrupt_flag"": 0, ""Node_type"": ""DDS75-LB"", ""Sensor_flag"": 1, ""TempC_DS18B20"": 32.76}"
2025-10-17 07:58:10.647349189+00:00,dds75-lb-16,2,-39,9.75,"{""Bat"": 3.324, ""Distance_mm"": 726, ""Interrupt_flag"": 0, ""Node_type"": ""DDS75-LB"", ""Sensor_flag"": 1, ""TempC_DS18B20"": 32.76}"
2025-10-17 08:58:09.973392677+00:00,dds75-lb-16,2,-43,10.75,"{""Bat"": 3.324, ""Distance_mm"": 727, ""Interrupt_flag"": 0, ""Node_type"": ""DDS75-LB"", ""Sensor_flag"": 1, ""TempC_DS18B20"": 32.76}"
2025-10-17 09:58:09.279763184+00:00,dds75-lb-16,2,-39,10.0,"{""Bat"": 3.324, ""Distance_mm"": 727, ""Interrupt_flag"": 0, ""Node_type"": ""DDS75-LB"", ""Sensor_flag"": 1, ""TempC_DS18B20"": 32.76}"
2025-10-17 10:58:08.574684148+00:00,dds75-lb-16,2,-113,3.25,"{""Bat"": 3.324, ""Distance_mm"": 726, ""Interrupt_flag"": 0, ""Node_type"": ""DDS75-LB"", ""Sensor_flag"": 1, ""TempC_DS18B20"": 32.76}"
2025-10-17 11:58:07.892652872+00:00,dds75-lb-16,2,-113,2.75,"{""Bat"": 3.324, ""Distance_mm"": 726, ""Interrupt_flag"": 0, ""Node_type"": ""DDS75-LB"", ""Sensor_flag"": 1, ""TempC_DS18B20"": 32.76}"
2025-10-17 12:58:07.200245804+00:00,dds75-lb-16,2,-38,7.0,"{""Bat"": 3.324, ""Distance_mm"": 726, ""Interrupt_flag"": 0, ""Node_type"": ""DDS75-LB"", ""Sensor_flag"": 1, ""TempC_DS18B20"": 32.76}"
2025-10-17 13:58:06.507066514+00:00,dds75-lb-16,2,-114,0.75,"{""Bat"": 3.324, ""Distance_mm"": 727, ""Interrupt_flag"": 0, ""Node_type"": ""DDS75-LB"", ""Sensor_flag"": 1, ""TempC_DS18B20"": 32.76}"
2025-10-17 14:58:05.795999481+00:00,dds75-lb-16,2,-116,-1.0,"{""Bat"": 3.324, ""Distance_mm"": 727, ""Interrupt_flag"": 0, ""Node_type"": ""DDS75-LB"", ""Sensor_flag"": 1, ""TempC_DS18B20"": 32.76}"
2025-10-17 15:58:05.102601805+00:00,dds75-lb-16,2,-41,10.25,"{""Bat"": 3.324, ""Distance_mm"": 727, ""Interrupt_flag"": 0, ""Node_type"": ""DDS75-LB"", ""Sensor_flag"": 1, ""TempC_DS18B20"": 32.76}"
2025-10-17 16:58:04.416778811+00:00,dds75-lb-16,2,-112,3.5,"{""Bat"": 3.324, ""Distance_mm"": 727, ""Interrupt_flag"": 0, ""Node_type"": ""DDS75-LB"", ""Sensor_flag"": 1, ""TempC_DS18B20"": 32.76}"
2025-10-17 17:58:03.736298191+00:00,dds75-lb-16,2,-41,7.5,"{""Bat"": 3.324, ""Distance_mm"": 727, ""Interrupt_flag"": 0, ""Node_type"": ""DDS75-LB"", ""Sensor_flag"": 1, ""TempC_DS18B20"": 32.76}"
2025-10-17 18:58:03.028653981+00:00,dds75-lb-16,2,-41,9.5,"{""Bat"": 3.324, ""Distance_mm"": 726, ""Interrupt_flag"": 0, ""Node_type"": ""DDS75-LB"", ""Sensor_flag"": 1, ""TempC_DS18B20"": 32.76}"
2025-10-17 19:58:02.323922955+00:00,dds75-lb-16,2,-115,1.25,"{""Bat"": 3.324, ""Distance_mm"": 726, ""Interrupt_flag"": 0, ""Node_type"": ""DDS75-LB"", ""Sensor_flag"": 1, ""TempC_DS18B20"": 32.76}"
2025-10-17 20:58:01.626686222+00:00,dds75-lb-16,2,-41,10.25,"{""Bat"": 3.324, ""Distance_mm"": 726, ""Interrupt_flag"": 0, ""Node_type"": ""DDS75-LB"", ""Sensor_flag"": 1, ""TempC_DS18B20"": 32.76}"
2025-10-17 21:58:00.925794981+00:00,dds75-lb-16,2,-41,9.75,"{""Bat"": 3.324, ""Distance_mm"": 726, ""Interrupt_flag"": 0, ""Node_type"": ""DDS75-LB"", ""Sensor_flag"": 1, ""TempC_DS18B20"": 32.76}"
2025-10-17 22:58:00.243336822+00:00,dds75-lb-16,2,-42,7.25,"{""Bat"": 3.324, ""Distance_mm"": 726, ""Interrupt_flag"": 0, ""Node_type"": ""DDS75-LB"", ""Sensor_flag"": 1, ""TempC_DS18B20"": 32.76}"
2025-10-17 23:57:59.562032977+00:00,dds75-lb-16,2,-39,10.0,"{""Bat"": 3.324, ""Distance_mm"": 726, ""Interrupt_flag"": 0, ""Node_type"": ""DDS75-LB"", ""Sensor_flag"": 1, ""TempC_DS18B20"": 32.76}"
2025-10-18 00:57:58.853922334+00:00,dds75-lb-16,2,-42,9.25,"{""Bat"": 3.324, ""Distance_mm"": 722, ""Interrupt_flag"": 0, ""Node_type"": ""DDS75-LB"", ""Sensor_flag"": 1, ""TempC_DS18B20"": 32.76}"
2025-10-18 01:57:58.168806580+00:00,dds75-lb-16,2,-42,9.5,"{""Bat"": 3.324, ""Distance_mm"": 726, ""Interrupt_flag"": 0, ""Node_type"": ""DDS75-LB"", ""Sensor_flag"": 1, ""TempC_DS18B20"": 32.76}"
2025-10-18 02:57:57.477322668+00:00,dds75-lb-16,2,-40,9.25,"{""Bat"": 3.324, ""Distance_mm"": 721, ""Interrupt_flag"": 0, ""Node_type"": ""DDS75-LB"", ""Sensor_flag"": 1, ""TempC_DS18B20"": 32.76}"
2025-10-18 03:57:56.785746383+00:00,dds75-lb-16,2,-42,9.25,"{""Bat"": 3.324, ""Distance_mm"": 722, ""Interrupt_flag"": 0, ""Node_type"": ""DDS75-LB"", ""Sensor_flag"": 1, ""TempC_DS18B20"": 32.76}"
2025-10-18 04:57:56.088449995+00:00,dds75-lb-16,2,-122,-6.5,"{""Bat"": 3.324, ""Distance_mm"": 722, ""Interrupt_flag"": 0, ""Node_type"": ""DDS75-LB"", ""Sensor_flag"": 1, ""TempC_DS18B20"": 32.76}"
2025-10-18 05:57:55.410510939+00:00,dds75-lb-16,2,-38,7.75,"{""Bat"": 3.324, ""Distance_mm"": 721, ""Interrupt_flag"": 0, ""Node_type"": ""DDS75-LB"", ""Sensor_flag"": 1, ""TempC_DS18B20"": 32.76}"
2025-10-18 06:57:54.707076879+00:00,dds75-lb-16,2,-41,6.5,"{""Bat"": 3.324, ""Distance_mm"": 721, ""Interrupt_flag"": 0, ""Node_type"": ""DDS75-LB"", ""Sensor_flag"": 1, ""TempC_DS18B20"": 32.76}"
2025-10-18 07:57:54.023519437+00:00,dds75-lb-16,2,-119,-2.75,"{""Bat"": 3.324, ""Distance_mm"": 722, ""Interrupt_flag"": 0, ""Node_type"": ""DDS75-LB"", ""Sensor_flag"": 1, ""TempC_DS18B20"": 32.76}"
2025-10-18 08:57:53.324769990+00:00,dds75-lb-16,2,-41,10.0,"{""Bat"": 3.324, ""Distance_mm"": 722, ""Interrupt_flag"": 0, ""Node_type"": ""DDS75-LB"", ""Sensor_flag"": 1, ""TempC_DS18B20"": 32.76}"
2025-10-18 09:57:52.633118663+00:00,dds75-lb-16,2,-41,9.0,"{""Bat"": 3.324, ""Distance_mm"": 722, ""Interrupt_flag"": 0, ""Node_type"": ""DDS75-LB"", ""Sensor_flag"": 1, ""TempC_DS18B20"": 32.76}"
2025-10-18 10:57:51.946705824+00:00,dds75-lb-16,2,-39,9.0,"{""Bat"": 3.324, ""Distance_mm"": 722, ""Interrupt_flag"": 0, ""Node_type"": ""DDS75-LB"", ""Sensor_flag"": 1, ""TempC_DS18B20"": 32.76}"
2025-10-18 11:57:51.246676255+00:00,dds75-lb-16,2,-119,-2.75,"{""Bat"": 3.324, ""Distance_mm"": 722, ""Interrupt_flag"": 0, ""Node_type"": ""DDS75-LB"", ""Sensor_flag"": 1, ""TempC_DS18B20"": 32.76}"
2025-10-18 12:57:50.559309698+00:00,dds75-lb-16,2,-41,11.0,"{""Bat"": 3.324, ""Distance_mm"": 722, ""Interrupt_flag"": 0, ""Node_type"": ""DDS75-LB"", ""Sensor_flag"": 1, ""TempC_DS18B20"": 32.76}"
2025-10-18 13:57:49.865080365+00:00,dds75-lb-16,2,-41,8.0,"{""Bat"": 3.324, ""Distance_mm"": 722, ""Interrupt_flag"": 0, ""Node_type"": ""DDS75-LB"", ""Sensor_flag"": 1, ""TempC_DS18B20"": 32.76}"
2025-10-18 14:57:49.175777974+00:00,dds75-lb-16,2,-118,-1.0,"{""Bat"": 3.324, ""Distance_mm"": 722, ""Interrupt_flag"": 0, ""Node_type"": ""DDS75-LB"", ""Sensor_flag"": 1, ""TempC_DS18B20"": 32.76}"
2025-10-18 15:57:48.503105559+00:00,dds75-lb-16,2,-41,10.0,"{""Bat"": 3.324, ""Distance_mm"": 722, ""Interrupt_flag"": 0, ""Node_type"": ""DDS75-LB"", ""Sensor_flag"": 1, ""TempC_DS18B20"": 32.76}"
2025-10-18 16:57:47.790450635+00:00,dds75-lb-16,2,-45,10.0,"{""Bat"": 3.324, ""Distance_mm"": 721, ""Interrupt_flag"": 0, ""Node_type"": ""DDS75-LB"", ""Sensor_flag"": 1, ""TempC_DS18B20"": 32.76}"
2025-10-18 17:57:47.120246481+00:00,dds75-lb-16,2,-43,6.75,"{""Bat"": 3.324, ""Distance_mm"": 721, ""Interrupt_flag"": 0, ""Node_type"": ""DDS75-LB"", ""Sensor_flag"": 1, ""TempC_DS18B20"": 32.76}"
2025-10-18 18:57:46.429080944+00:00,dds75-lb-16,2,-42,8.75,"{""Bat"": 3.324, ""Distance_mm"": 722, ""Interrupt_flag"": 0, ""Node_type"": ""DDS75-LB"", ""Sensor_flag"": 1, ""TempC_DS18B20"": 32.76}"
2025-10-18 19:57:45.727824711+00:00,dds75-lb-16,2,-116,0.75,"{""Bat"": 3.324, ""Distance_mm"": 722, ""Interrupt_flag"": 0, ""Node_type"": ""DDS75-LB"", ""Sensor_flag"": 1, ""TempC_DS18B20"": 32.76}"
2025-10-18 20:57:45.039661674+00:00,dds75-lb-16,2,-43,7.25,"{""Bat"": 3.324, ""Distance_mm"": 721, ""Interrupt_flag"": 0, ""Node_type"": ""DDS75-LB"", ""Sensor_flag"": 1, ""TempC_DS18B20"": 32.76}"
2025-10-18 21:57:44.349020574+00:00,dds75-lb-16,2,-42,9.5,"{""Bat"": 3.324, ""Distance_mm"": 721, ""Interrupt_flag"": 0, ""Node_type"": ""DDS75-LB"", ""Sensor_flag"": 1, ""TempC_DS18B20"": 32.76}"
2025-10-18 22:57:43.663019028+00:00,dds75-lb-16,2,-44,9.5,"{""Bat"": 3.324, ""Distance_mm"": 722, ""Interrupt_flag"": 0, ""Node_type"": ""DDS75-LB"", ""Sensor_flag"": 1, ""TempC_DS18B20"": 32.76}"
2025-10-18 23:57:42.965846762+00:00,dds75-lb-16,2,-44,9.75,"{""Bat"": 3.324, ""Distance_mm"": 721, ""Interrupt_flag"": 0, ""Node_type"": ""DDS75-LB"", ""Sensor_flag"": 1, ""TempC_DS18B20"": 32.76}"
2025-10-19 00:57:42.281103561+00:00,dds75-lb-16,2,-44,9.0,"{""Bat"": 3.324, ""Distance_mm"": 721, ""Interrupt_flag"": 0, ""Node_type"": ""DDS75-LB"", ""Sensor_flag"": 1, ""TempC_DS18B20"": 32.76}"
2025-10-19 01:57:41.644227164+00:00,dds75-lb-16,2,-47,6.75,"{""Bat"": 3.324, ""Distance_mm"": 721, ""Interrupt_flag"": 0, ""Node_type"": ""DDS75-LB"", ""Sensor_flag"": 1, ""TempC_DS18B20"": 32.76}"
2025-10-19 02:57:40.903474193+00:00,dds75-lb-16,2,-42,9.0,"{""Bat"": 3.324, ""Distance_mm"": 721, ""Interrupt_flag"": 0, ""Node_type"": ""DDS75-LB"", ""Sensor_flag"": 1, ""TempC_DS18B20"": 32.76}"
2025-10-19 03:57:40.223832181+00:00,dds75-lb-16,2,-43,9.0,"{""Bat"": 3.324, ""Distance_mm"": 721, ""Interrupt_flag"": 0, ""Node_type"": ""DDS75-LB"", ""Sensor_flag"": 1, ""TempC_DS18B20"": 32.76}"
2025-10-19 04:57:39.534030138+00:00,dds75-lb-16,2,-42,9.25,"{""Bat"": 3.324, ""Distance_mm"": 721, ""Interrupt_flag"": 0, ""Node_type"": ""DDS75-LB"", ""Sensor_flag"": 1, ""TempC_DS18B20"": 32.76}"
2025-10-19 05:57:38.839527358+00:00,dds75-lb-16,2,-42,9.0,"{""Bat"": 3.324, ""Distance_mm"": 721, ""Interrupt_flag"": 0, ""Node_type"": ""DDS75-LB"", ""Sensor_flag"": 1, ""TempC_DS18B20"": 32.76}"
2025-10-19 06:57:38.146542085+00:00,dds75-lb-16,2,-44,7.25,"{""Bat"": 3.324, ""Distance_mm"": 721, ""Interrupt_flag"": 0, ""Node_type"": ""DDS75-LB"", ""Sensor_flag"": 1, ""TempC_DS18B20"": 32.76}"
2025-10-19 07:57:37.447566056+00:00,dds75-lb-16,2,-41,9.25,"{""Bat"": 3.324, ""Distance_mm"": 721, ""Interrupt_flag"": 0, ""Node_type"": ""DDS75-LB"", ""Sensor_flag"": 1, ""TempC_DS18B20"": 32.76}"
2025-10-19 08:57:36.763802410+00:00,dds75-lb-16,2,-45,11.0,"{""Bat"": 3.324, ""Distance_mm"": 721, ""Interrupt_flag"": 0, ""Node_type"": ""DDS75-LB"", ""Sensor_flag"": 1, ""TempC_DS18B20"": 32.76}"
2025-10-19 09:57:36.087365725+00:00,dds75-lb-16,2,-43,7.25,"{""Bat"": 3.324, ""Distance_mm"": 722, ""Interrupt_flag"": 0, ""Node_type"": ""DDS75-LB"", ""Sensor_flag"": 1, ""TempC_DS18B20"": 32.76}"
2025-10-19 10:57:35.395639004+00:00,dds75-lb-16,2,-43,10.25,"{""Bat"": 3.324, ""Distance_mm"": 722, ""Interrupt_flag"": 0, ""Node_type"": ""DDS75-LB"", ""Sensor_flag"": 1, ""TempC_DS18B20"": 32.76}"
2025-10-19 11:57:34.707257658+00:00,dds75-lb-16,2,-45,9.5,"{""Bat"": 3.324, ""Distance_mm"": 722, ""Interrupt_flag"": 0, ""Node_type"": ""DDS75-LB"", ""Sensor_flag"": 1, ""TempC_DS18B20"": 32.76}"
2025-10-19 12:57:34.012588429+00:00,dds75-lb-16,2,-45,9.75,"{""Bat"": 3.324, ""Distance_mm"": 721, ""Interrupt_flag"": 0, ""Node_type"": ""DDS75-LB"", ""Sensor_flag"": 1, ""TempC_DS18B20"": 32.76}"
2025-10-19 13:57:33.330348135+00:00,dds75-lb-16,2,-45,7.75,"{""Bat"": 3.324, ""Distance_mm"": 721, ""Interrupt_flag"": 0, ""Node_type"": ""DDS75-LB"", ""Sensor_flag"": 1, ""TempC_DS18B20"": 32.76}"
2025-10-19 14:57:32.631938043+00:00,dds75-lb-16,2,-45,8.5,"{""Bat"": 3.324, ""Distance_mm"": 721, ""Interrupt_flag"": 0, ""Node_type"": ""DDS75-LB"", ""Sensor_flag"": 1, ""TempC_DS18B20"": 32.76}"
2025-10-19 15:57:31.951014149+00:00,dds75-lb-16,2,-119,-8.5,"{""Bat"": 3.324, ""Distance_mm"": 722, ""Interrupt_flag"": 0, ""Node_type"": ""DDS75-LB"", ""Sensor_flag"": 1, ""TempC_DS18B20"": 32.76}"
2025-10-19 16:57:31.275085851+00:00,dds75-lb-16,2,-45,9.0,"{""Bat"": 3.324, ""Distance_mm"": 722, ""Interrupt_flag"": 0, ""Node_type"": ""DDS75-LB"", ""Sensor_flag"": 1, ""TempC_DS18B20"": 32.76}"
2025-10-19 17:57:30.571789334+00:00,dds75-lb-16,2,-47,9.25,"{""Bat"": 3.324, ""Distance_mm"": 722, ""Interrupt_flag"": 0, ""Node_type"": ""DDS75-LB"", ""Sensor_flag"": 1, ""TempC_DS18B20"": 32.76}"
2025-10-19 18:57:29.892784364+00:00,dds75-lb-16,2,-121,-5.25,"{""Bat"": 3.324, ""Distance_mm"": 721, ""Interrupt_flag"": 0, ""Node_type"": ""DDS75-LB"", ""Sensor_flag"": 1, ""TempC_DS18B20"": 32.76}"
2025-10-19 19:57:29.238377755+00:00,dds75-lb-16,2,-115,1.0,"{""Bat"": 3.324, ""Distance_mm"": 721, ""Interrupt_flag"": 0, ""Node_type"": ""DDS75-LB"", ""Sensor_flag"": 1, ""TempC_DS18B20"": 32.76}"
2025-10-19 20:57:28.508864100+00:00,dds75-lb-16,2,-45,10.0,"{""Bat"": 3.324, ""Distance_mm"": 721, ""Interrupt_flag"": 0, ""Node_type"": ""DDS75-LB"", ""Sensor_flag"": 1, ""TempC_DS18B20"": 32.76}"
2025-10-19 21:57:27.832649711+00:00,dds75-lb-16,2,-45,9.25,"{""Bat"": 3.324, ""Distance_mm"": 721, ""Interrupt_flag"": 0, ""Node_type"": ""DDS75-LB"", ""Sensor_flag"": 1, ""TempC_DS18B20"": 32.76}"
2025-10-19 22:57:27.150995662+00:00,dds75-lb-16,2,-45,10.25,"{""Bat"": 3.324, ""Distance_mm"": 721, ""Interrupt_flag"": 0, ""Node_type"": ""DDS75-LB"", ""Sensor_flag"": 1, ""TempC_DS18B20"": 32.76}"
2025-10-19 23:57:26.454965360+00:00,dds75-lb-16,2,-44,8.25,"{""Bat"": 3.324, ""Distance_mm"": 721, ""Interrupt_flag"": 0, ""Node_type"": ""DDS75-LB"", ""Sensor_flag"": 1, ""TempC_DS18B20"": 32.76}"
2025-10-20 00:57:25.784106534+00:00,dds75-lb-16,2,-47,9.0,"{""Bat"": 3.324, ""Distance_mm"": 721, ""Interrupt_flag"": 0, ""Node_type"": ""DDS75-LB"", ""Sensor_flag"": 1, ""TempC_DS18B20"": 32.76}"
2025-10-20 01:57:25.081571273+00:00,dds75-lb-16,2,-45,9.75,"{""Bat"": 3.324, ""Distance_mm"": 721, ""Interrupt_flag"": 0, ""Node_type"": ""DDS75-LB"", ""Sensor_flag"": 1, ""TempC_DS18B20"": 32.76}"
2025-10-20 02:57:24.392147153+00:00,dds75-lb-16,2,-45,10.5,"{""Bat"": 3.324, ""Distance_mm"": 721, ""Interrupt_flag"": 0, ""Node_type"": ""DDS75-LB"", ""Sensor_flag"": 1, ""TempC_DS18B20"": 32.76}"
2025-10-20 03:57:23.703463562+00:00,dds75-lb-16,2,-47,10.25,"{""Bat"": 3.324, ""Distance_mm"": 725, ""Interrupt_flag"": 0, ""Node_type"": ""DDS75-LB"", ""Sensor_flag"": 1, ""TempC_DS18B20"": 32.76}"
2025-10-20 04:57:23.024774109+00:00,dds75-lb-16,2,-44,4.5,"{""Bat"": 3.324, ""Distance_mm"": 726, ""Interrupt_flag"": 0, ""Node_type"": ""DDS75-LB"", ""Sensor_flag"": 1, ""TempC_DS18B20"": 32.76}"
2025-10-20 05:57:22.337166072+00:00,dds75-lb-16,2,-43,9.25,"{""Bat"": 3.324, ""Distance_mm"": 726, ""Interrupt_flag"": 0, ""Node_type"": ""DDS75-LB"", ""Sensor_flag"": 1, ""TempC_DS18B20"": 32.76}"
2025-10-20 06:57:21.644538822+00:00,dds75-lb-16,2,-47,10.5,"{""Bat"": 3.324, ""Distance_mm"": 725, ""Interrupt_flag"": 0, ""Node_type"": ""DDS75-LB"", ""Sensor_flag"": 1, ""TempC_DS18B20"": 32.76}"
2025-10-20 07:57:20.954417427+00:00,dds75-lb-16,2,-44,9.25,"{""Bat"": 3.324, ""Distance_mm"": 726, ""Interrupt_flag"": 0, ""Node_type"": ""DDS75-LB"", ""Sensor_flag"": 1, ""TempC_DS18B20"": 32.76}"
2025-10-20 08:57:20.301868471+00:00,dds75-lb-16,2,-119,-3.5,"{""Bat"": 3.324, ""Distance_mm"": 726, ""Interrupt_flag"": 0, ""Node_type"": ""DDS75-LB"", ""Sensor_flag"": 1, ""TempC_DS18B20"": 32.76}"
2025-10-20 09:57:19.604529310+00:00,dds75-lb-16,2,-48,9.25,"{""Bat"": 3.324, ""Distance_mm"": 726, ""Interrupt_flag"": 0, ""Node_type"": ""DDS75-LB"", ""Sensor_flag"": 1, ""TempC_DS18B20"": 32.76}"
2025-10-20 10:57:18.885649981+00:00,dds75-lb-16,2,-121,-4.25,"{""Bat"": 3.324, ""Distance_mm"": 726, ""Interrupt_flag"": 0, ""Node_type"": ""DDS75-LB"", ""Sensor_flag"": 1, ""TempC_DS18B20"": 32.76}"
2025-10-20 11:57:18.198648357+00:00,dds75-lb-16,2,-124,-7.5,"{""Bat"": 3.324, ""Distance_mm"": 726, ""Interrupt_flag"": 0, ""Node_type"": ""DDS75-LB"", ""Sensor_flag"": 1, ""TempC_DS18B20"": 32.76}"
2025-10-20 12:57:17.536948139+00:00,dds75-lb-16,2,-47,7.25,"{""Bat"": 3.324, ""Distance_mm"": 727, ""Interrupt_flag"": 0, ""Node_type"": ""DDS75-LB"", ""Sensor_flag"": 1, ""TempC_DS18B20"": 32.76}"
2025-10-20 13:57:16.813443612+00:00,dds75-lb-16,2,-44,7.75,"{""Bat"": 3.324, ""Distance_mm"": 727, ""Interrupt_flag"": 0, ""Node_type"": ""DDS75-LB"", ""Sensor_flag"": 1, ""TempC_DS18B20"": 32.76}"
2025-10-20 14:57:16.124748458+00:00,dds75-lb-16,2,-47,7.5,"{""Bat"": 3.324, ""Distance_mm"": 727, ""Interrupt_flag"": 0, ""Node_type"": ""DDS75-LB"", ""Sensor_flag"": 1, ""TempC_DS18B20"": 32.76}"
2025-10-20 15:57:15.431231204+00:00,dds75-lb-16,2,-120,-4.5,"{""Bat"": 3.324, ""Distance_mm"": 726, ""Interrupt_flag"": 0, ""Node_type"": ""DDS75-LB"", ""Sensor_flag"": 1, ""TempC_DS18B20"": 32.76}"
2025-10-20 16:57:14.743976087+00:00,dds75-lb-16,2,-122,-6.5,"{""Bat"": 3.324, ""Distance_mm"": 727, ""Interrupt_flag"": 0, ""Node_type"": ""DDS75-LB"", ""Sensor_flag"": 1, ""TempC_DS18B20"": 32.76}"
2025-10-20 17:57:14.061398567+00:00,dds75-lb-16,2,-123,-7.25,"{""Bat"": 3.324, ""Distance_mm"": 727, ""Interrupt_flag"": 0, ""Node_type"": ""DDS75-LB"", ""Sensor_flag"": 1, ""TempC_DS18B20"": 32.76}"
2025-10-20 18:57:13.355321996+00:00,dds75-lb-16,2,-49,8.75,"{""Bat"": 3.324, ""Distance_mm"": 726, ""Interrupt_flag"": 0, ""Node_type"": ""DDS75-LB"", ""Sensor_flag"": 1, ""TempC_DS18B20"": 32.76}"
2025-10-20 19:57:12.645810347+00:00,dds75-lb-16,2,-50,9.0,"{""Bat"": 3.324, ""Distance_mm"": 726, ""Interrupt_flag"": 0, ""Node_type"": ""DDS75-LB"", ""Sensor_flag"": 1, ""TempC_DS18B20"": 32.76}"
2025-10-20 20:57:11.956869293+00:00,dds75-lb-16,2,-49,9.0,"{""Bat"": 3.324, ""Distance_mm"": 726, ""Interrupt_flag"": 0, ""Node_type"": ""DDS75-LB"", ""Sensor_flag"": 1, ""TempC_DS18B20"": 32.76}"
2025-10-20 21:57:11.257535418+00:00,dds75-lb-16,2,-53,6.75,"{""Bat"": 3.324, ""Distance_mm"": 726, ""Interrupt_flag"": 0, ""Node_type"": ""DDS75-LB"", ""Sensor_flag"": 1, ""TempC_DS18B20"": 32.76}"
2025-10-20 22:57:10.587197116+00:00,dds75-lb-16,2,-49,9.25,"{""Bat"": 3.324, ""Distance_mm"": 726, ""Interrupt_flag"": 0, ""Node_type"": ""DDS75-LB"", ""Sensor_flag"": 1, ""TempC_DS18B20"": 32.76}"
2025-10-20 23:57:09.884407447+00:00,dds75-lb-16,2,-50,9.75,"{""Bat"": 3.324, ""Distance_mm"": 726, ""Interrupt_flag"": 0, ""Node_type"": ""DDS75-LB"", ""Sensor_flag"": 1, ""TempC_DS18B20"": 32.76}"
2025-10-21 00:57:09.187021882+00:00,dds75-lb-16,2,-51,9.75,"{""Bat"": 3.324, ""Distance_mm"": 726, ""Interrupt_flag"": 0, ""Node_type"": ""DDS75-LB"", ""Sensor_flag"": 1, ""TempC_DS18B20"": 32.76}"
2025-10-21 01:57:08.497990878+00:00,dds75-lb-16,2,-124,-8.5,"{""Bat"": 3.324, ""Distance_mm"": 726, ""Interrupt_flag"": 0, ""Node_type"": ""DDS75-LB"", ""Sensor_flag"": 1, ""TempC_DS18B20"": 32.76}"
2025-10-21 02:57:07.807978202+00:00,dds75-lb-16,2,-49,8.5,"{""Bat"": 3.324, ""Distance_mm"": 725, ""Interrupt_flag"": 0, ""Node_type"": ""DDS75-LB"", ""Sensor_flag"": 1, ""TempC_DS18B20"": 32.76}"
2025-10-21 03:57:07.107198817+00:00,dds75-lb-16,2,-51,9.25,"{""Bat"": 3.324, ""Distance_mm"": 726, ""Interrupt_flag"": 0, ""Node_type"": ""DDS75-LB"", ""Sensor_flag"": 1, ""TempC_DS18B20"": 32.76}"
2025-10-21 04:57:06.423587386+00:00,dds75-lb-16,2,-51,10.0,"{""Bat"": 3.324, ""Distance_mm"": 726, ""Interrupt_flag"": 0, ""Node_type"": ""DDS75-LB"", ""Sensor_flag"": 1, ""TempC_DS18B20"": 32.76}"
2025-10-21 05:57:05.740245866+00:00,dds75-lb-16,2,-50,9.5,"{""Bat"": 3.324, ""Distance_mm"": 726, ""Interrupt_flag"": 0, ""Node_type"": ""DDS75-LB"", ""Sensor_flag"": 1, ""TempC_DS18B20"": 32.76}"
2025-10-21 06:57:05.036556060+00:00,dds75-lb-16,2,-53,7.5,"{""Bat"": 3.324, ""Distance_mm"": 726, ""Interrupt_flag"": 0, ""Node_type"": ""DDS75-LB"", ""Sensor_flag"": 1, ""TempC_DS18B20"": 32.76}"
2025-10-21 07:57:04.354376519+00:00,dds75-lb-16,2,-53,9.0,"{""Bat"": 3.324, ""Distance_mm"": 726, ""Interrupt_flag"": 0, ""Node_type"": ""DDS75-LB"", ""Sensor_flag"": 1, ""TempC_DS18B20"": 32.76}"
2025-10-21 08:57:03.674905663+00:00,dds75-lb-16,2,-53,10.75,"{""Bat"": 3.324, ""Distance_mm"": 727, ""Interrupt_flag"": 0, ""Node_type"": ""DDS75-LB"", ""Sensor_flag"": 1, ""TempC_DS18B20"": 32.76}"
2025-10-21 09:57:02.960583122+00:00,dds75-lb-16,2,-53,9.5,"{""Bat"": 3.324, ""Distance_mm"": 727, ""Interrupt_flag"": 0, ""Node_type"": ""DDS75-LB"", ""Sensor_flag"": 1, ""TempC_DS18B20"": 32.76}"
2025-10-21 10:57:02.260392658+00:00,dds75-lb-16,2,-51,10.5,"{""Bat"": 3.324, ""Distance_mm"": 726, ""Interrupt_flag"": 0, ""Node_type"": ""DDS75-LB"", ""Sensor_flag"": 1, ""TempC_DS18B20"": 32.76}"
2025-10-21 11:57:01.581976346+00:00,dds75-lb-16,2,-53,9.75,"{""Bat"": 3.324, ""Distance_mm"": 727, ""Interrupt_flag"": 0, ""Node_type"": ""DDS75-LB"", ""Sensor_flag"": 1, ""TempC_DS18B20"": 32.76}"
2025-10-21 12:57:00.870355165+00:00,dds75-lb-16,2,-51,7.5,"{""Bat"": 3.324, ""Distance_mm"": 727, ""Interrupt_flag"": 0, ""Node_type"": ""DDS75-LB"", ""Sensor_flag"": 1, ""TempC_DS18B20"": 32.76}"
2025-10-21 13:57:00.184172291+00:00,dds75-lb-16,2,-51,7.0,"{""Bat"": 3.324, ""Distance_mm"": 726, ""Interrupt_flag"": 0, ""Node_type"": ""DDS75-LB"", ""Sensor_flag"": 1, ""TempC_DS18B20"": 32.76}"
2025-10-21 14:56:59.476062892+00:00,dds75-lb-16,2,-55,10.0,"{""Bat"": 3.324, ""Distance_mm"": 727, ""Interrupt_flag"": 0, ""Node_type"": ""DDS75-LB"", ""Sensor_flag"": 1, ""TempC_DS18B20"": 32.76}"
2025-10-21 15:56:58.781322733+00:00,dds75-lb-16,2,-53,9.5,"{""Bat"": 3.324, ""Distance_mm"": 727, ""Interrupt_flag"": 0, ""Node_type"": ""DDS75-LB"", ""Sensor_flag"": 1, ""TempC_DS18B20"": 32.76}"
2025-10-21 16:56:58.101104368+00:00,dds75-lb-16,2,-53,9.75,"{""Bat"": 3.324, ""Distance_mm"": 731, ""Interrupt_flag"": 0, ""Node_type"": ""DDS75-LB"", ""Sensor_flag"": 1, ""TempC_DS18B20"": 32.76}"
2025-10-21 17:56:57.394199021+00:00,dds75-lb-16,2,-55,9.0,"{""Bat"": 3.324, ""Distance_mm"": 727, ""Interrupt_flag"": 0, ""Node_type"": ""DDS75-LB"", ""Sensor_flag"": 1, ""TempC_DS18B20"": 32.76}"
2025-10-21 18:56:56.704796671+00:00,dds75-lb-16,2,-54,9.0,"{""Bat"": 3.324, ""Distance_mm"": 726, ""Interrupt_flag"": 0, ""Node_type"": ""DDS75-LB"", ""Sensor_flag"": 1, ""TempC_DS18B20"": 32.76}"
2025-10-21 19:56:56.004500087+00:00,dds75-lb-16,2,-54,9.25,"{""Bat"": 3.324, ""Distance_mm"": 727, ""Interrupt_flag"": 0, ""Node_type"": ""DDS75-LB"", ""Sensor_flag"": 1, ""TempC_DS18B20"": 32.76}"
2025-10-21 20:56:55.309294903+00:00,dds75-lb-16,2,-53,8.25,"{""Bat"": 3.324, ""Distance_mm"": 726, ""Interrupt_flag"": 0, ""Node_type"": ""DDS75-LB"", ""Sensor_flag"": 1, ""TempC_DS18B20"": 32.76}"
2025-10-21 21:56:54.610657118+00:00,dds75-lb-16,2,-51,9.25,"{""Bat"": 3.324, ""Distance_mm"": 726, ""Interrupt_flag"": 0, ""Node_type"": ""DDS75-LB"", ""Sensor_flag"": 1, ""TempC_DS18B20"": 32.76}"
2025-10-21 22:56:53.920203320+00:00,dds75-lb-16,2,-53,7.5,"{""Bat"": 3.324, ""Distance_mm"": 726, ""Interrupt_flag"": 0, ""Node_type"": ""DDS75-LB"", ""Sensor_flag"": 1, ""TempC_DS18B20"": 32.76}"
2025-10-21 23:56:53.225487829+00:00,dds75-lb-16,2,-55,9.75,"{""Bat"": 3.324, ""Distance_mm"": 726, ""Interrupt_flag"": 0, ""Node_type"": ""DDS75-LB"", ""Sensor_flag"": 1, ""TempC_DS18B20"": 32.76}"
2025-10-22 00:56:52.548919224+00:00,dds75-lb-16,2,-55,9.5,"{""Bat"": 3.324, ""Distance_mm"": 726, ""Interrupt_flag"": 0, ""Node_type"": ""DDS75-LB"", ""Sensor_flag"": 1, ""TempC_DS18B20"": 32.76}"
2025-10-22 01:56:51.849659221+00:00,dds75-lb-16,2,-54,9.5,"{""Bat"": 3.324, ""Distance_mm"": 726, ""Interrupt_flag"": 0, ""Node_type"": ""DDS75-LB"", ""Sensor_flag"": 1, ""TempC_DS18B20"": 32.76}"
2025-10-22 02:56:51.139075162+00:00,dds75-lb-16,2,-124,-7.5,"{""Bat"": 3.324, ""Distance_mm"": 726, ""Interrupt_flag"": 0, ""Node_type"": ""DDS75-LB"", ""Sensor_flag"": 1, ""TempC_DS18B20"": 32.76}"
2025-10-22 03:56:50.461228337+00:00,dds75-lb-16,2,-125,-8.5,"{""Bat"": 3.324, ""Distance_mm"": 726, ""Interrupt_flag"": 0, ""Node_type"": ""DDS75-LB"", ""Sensor_flag"": 1, ""TempC_DS18B20"": 32.76}"
2025-10-22 04:56:49.777231836+00:00,dds75-lb-16,2,-53,7.75,"{""Bat"": 3.324, ""Distance_mm"": 726, ""Interrupt_flag"": 0, ""Node_type"": ""DDS75-LB"", ""Sensor_flag"": 1, ""TempC_DS18B20"": 32.76}"
2025-10-22 05:56:49.087178141+00:00,dds75-lb-16,2,-51,8.0,"{""Bat"": 3.324, ""Distance_mm"": 726, ""Interrupt_flag"": 0, ""Node_type"": ""DDS75-LB"", ""Sensor_flag"": 1, ""TempC_DS18B20"": 32.76}"
2025-10-22 06:56:48.383505154+00:00,dds75-lb-16,2,-53,9.0,"{""Bat"": 3.324, ""Distance_mm"": 726, ""Interrupt_flag"": 0, ""Node_type"": ""DDS75-LB"", ""Sensor_flag"": 1, ""TempC_DS18B20"": 32.76}"
2025-10-22 07:56:47.682588879+00:00,dds75-lb-16,2,-54,9.0,"{""Bat"": 3.324, ""Distance_mm"": 727, ""Interrupt_flag"": 0, ""Node_type"": ""DDS75-LB"", ""Sensor_flag"": 1, ""TempC_DS18B20"": 32.76}"
2025-10-22 08:56:46.985971963+00:00,dds75-lb-16,2,-57,10.25,"{""Bat"": 3.324, ""Distance_mm"": 726, ""Interrupt_flag"": 0, ""Node_type"": ""DDS75-LB"", ""Sensor_flag"": 1, ""TempC_DS18B20"": 32.76}"
2025-10-22 09:56:46.304240693+00:00,dds75-lb-16,2,-55,7.25,"{""Bat"": 3.324, ""Distance_mm"": 727, ""Interrupt_flag"": 0, ""Node_type"": ""DDS75-LB"", ""Sensor_flag"": 1, ""TempC_DS18B20"": 32.76}"
2025-10-22 10:56:45.602934372+00:00,dds75-lb-16,2,-124,-7.75,"{""Bat"": 3.324, ""Distance_mm"": 726, ""Interrupt_flag"": 0, ""Node_type"": ""DDS75-LB"", ""Sensor_flag"": 1, ""TempC_DS18B20"": 32.76}"
2025-10-22 11:56:44.918907971+00:00,dds75-lb-16,2,-56,10.25,"{""Bat"": 3.324, ""Distance_mm"": 727, ""Interrupt_flag"": 0, ""Node_type"": ""DDS75-LB"", ""Sensor_flag"": 1, ""TempC_DS18B20"": 32.76}"
2025-10-22 12:56:44.214641009+00:00,dds75-lb-16,2,-55,9.5,"{""Bat"": 3.324, ""Distance_mm"": 727, ""Interrupt_flag"": 0, ""Node_type"": ""DDS75-LB"", ""Sensor_flag"": 1, ""TempC_DS18B20"": 32.76}"
2025-10-22 13:56:43.533318771+00:00,dds75-lb-16,2,-52,9.25,"{""Bat"": 3.324, ""Distance_mm"": 727, ""Interrupt_flag"": 0, ""Node_type"": ""DDS75-LB"", ""Sensor_flag"": 1, ""TempC_DS18B20"": 32.76}"
2025-10-22 14:56:42.823786831+00:00,dds75-lb-16,2,-56,7.5,"{""Bat"": 3.324, ""Distance_mm"": 727, ""Interrupt_flag"": 0, ""Node_type"": ""DDS75-LB"", ""Sensor_flag"": 1, ""TempC_DS18B20"": 32.76}"
2025-10-22 15:56:42.131441791+00:00,dds75-lb-16,2,-55,9.25,"{""Bat"": 3.324, ""Distance_mm"": 729, ""Interrupt_flag"": 0, ""Node_type"": ""DDS75-LB"", ""Sensor_flag"": 1, ""TempC_DS18B20"": 32.76}"
2025-10-22 16:56:41.430553465+00:00,dds75-lb-16,2,-57,9.75,"{""Bat"": 3.324, ""Distance_mm"": 727, ""Interrupt_flag"": 0, ""Node_type"": ""DDS75-LB"", ""Sensor_flag"": 1, ""TempC_DS18B20"": 32.76}"
2025-10-22 17:56:40.729634769+00:00,dds75-lb-16,2,-57,10.0,"{""Bat"": 3.324, ""Distance_mm"": 727, ""Interrupt_flag"": 0, ""Node_type"": ""DDS75-LB"", ""Sensor_flag"": 1, ""TempC_DS18B20"": 32.76}"
2025-10-22 18:56:40.042403671+00:00,dds75-lb-16,2,-54,10.5,"{""Bat"": 3.324, ""Distance_mm"": 726, ""Interrupt_flag"": 0, ""Node_type"": ""DDS75-LB"", ""Sensor_flag"": 1, ""TempC_DS18B20"": 32.76}"
2025-10-22 19:56:39.345513335+00:00,dds75-lb-16,2,-59,10.25,"{""Bat"": 3.324, ""Distance_mm"": 727, ""Interrupt_flag"": 0, ""Node_type"": ""DDS75-LB"", ""Sensor_flag"": 1, ""TempC_DS18B20"": 32.76}"
2025-10-22 20:56:38.670615632+00:00,dds75-lb-16,2,-57,9.0,"{""Bat"": 3.324, ""Distance_mm"": 726, ""Interrupt_flag"": 0, ""Node_type"": ""DDS75-LB"", ""Sensor_flag"": 1, ""TempC_DS18B20"": 32.76}"
2025-10-22 21:56:37.968853882+00:00,dds75-lb-16,2,-55,7.0,"{""Bat"": 3.324, ""Distance_mm"": 726, ""Interrupt_flag"": 0, ""Node_type"": ""DDS75-LB"", ""Sensor_flag"": 1, ""TempC_DS18B20"": 32.76}"
2025-10-22 22:56:37.262295742+00:00,dds75-lb-16,2,-57,7.75,"{""Bat"": 3.324, ""Distance_mm"": 726, ""Interrupt_flag"": 0, ""Node_type"": ""DDS75-LB"", ""Sensor_flag"": 1, ""TempC_DS18B20"": 32.76}"
2025-10-22 23:56:36.568785159+00:00,dds75-lb-16,2,-59,10.5,"{""Bat"": 3.324, ""Distance_mm"": 726, ""Interrupt_flag"": 0, ""Node_type"": ""DDS75-LB"", ""Sensor_flag"": 1, ""TempC_DS18B20"": 32.76}"
2025-10-23 00:56:35.889818459+00:00,dds75-lb-16,2,-59,10.75,"{""Bat"": 3.324, ""Distance_mm"": 726, ""Interrupt_flag"": 0, ""Node_type"": ""DDS75-LB"", ""Sensor_flag"": 1, ""TempC_DS18B20"": 32.76}"
2025-10-23 01:56:35.187964655+00:00,dds75-lb-16,2,-56,7.5,"{""Bat"": 3.324, ""Distance_mm"": 726, ""Interrupt_flag"": 0, ""Node_type"": ""DDS75-LB"", ""Sensor_flag"": 1, ""TempC_DS18B20"": 32.76}"
2025-10-23 02:56:34.474184217+00:00,dds75-lb-16,2,-59,10.0,"{""Bat"": 3.324, ""Distance_mm"": 726, ""Interrupt_flag"": 0, ""Node_type"": ""DDS75-LB"", ""Sensor_flag"": 1, ""TempC_DS18B20"": 32.76}"
2025-10-23 03:56:33.784021588+00:00,dds75-lb-16,2,-57,10.0,"{""Bat"": 3.324, ""Distance_mm"": 726, ""Interrupt_flag"": 0, ""Node_type"": ""DDS75-LB"", ""Sensor_flag"": 1, ""TempC_DS18B20"": 32.76}"
2025-10-23 04:56:33.109733793+00:00,dds75-lb-16,2,-57,9.75,"{""Bat"": 3.324, ""Distance_mm"": 730, ""Interrupt_flag"": 0, ""Node_type"": ""DDS75-LB"", ""Sensor_flag"": 1, ""TempC_DS18B20"": 32.76}"
2025-10-23 05:56:32.405061452+00:00,dds75-lb-16,2,-54,8.0,"{""Bat"": 3.324, ""Distance_mm"": 731, ""Interrupt_flag"": 0, ""Node_type"": ""DDS75-LB"", ""Sensor_flag"": 1, ""TempC_DS18B20"": 32.76}"
2025-10-23 06:56:31.706875975+00:00,dds75-lb-16,2,-56,6.5,"{""Bat"": 3.324, ""Distance_mm"": 726, ""Interrupt_flag"": 0, ""Node_type"": ""DDS75-LB"", ""Sensor_flag"": 1, ""TempC_DS18B20"": 32.76}"
2025-10-23 07:56:31.026816823+00:00,dds75-lb-16,2,-57,10.0,"{""Bat"": 3.324, ""Distance_mm"": 731, ""Interrupt_flag"": 0, ""Node_type"": ""DDS75-LB"", ""Sensor_flag"": 1, ""TempC_DS18B20"": 32.76}"
2025-10-23 08:56:30.321519324+00:00,dds75-lb-16,2,-57,9.75,"{""Bat"": 3.324, ""Distance_mm"": 727, ""Interrupt_flag"": 0, ""Node_type"": ""DDS75-LB"", ""Sensor_flag"": 1, ""TempC_DS18B20"": 32.76}"
2025-10-23 09:56:29.610894831+00:00,dds75-lb-16,2,-56,7.75,"{""Bat"": 3.324, ""Distance_mm"": 731, ""Interrupt_flag"": 0, ""Node_type"": ""DDS75-LB"", ""Sensor_flag"": 1, ""TempC_DS18B20"": 32.76}"
2025-10-23 10:56:28.929106590+00:00,dds75-lb-16,2,-56,9.0,"{""Bat"": 3.324, ""Distance_mm"": 727, ""Interrupt_flag"": 0, ""Node_type"": ""DDS75-LB"", ""Sensor_flag"": 1, ""TempC_DS18B20"": 32.76}"
2025-10-23 11:56:28.244934552+00:00,dds75-lb-16,2,-57,10.25,"{""Bat"": 3.324, ""Distance_mm"": 731, ""Interrupt_flag"": 0, ""Node_type"": ""DDS75-LB"", ""Sensor_flag"": 1, ""TempC_DS18B20"": 32.76}"
2025-10-23 12:56:27.523325285+00:00,dds75-lb-16,2,-55,7.25,"{""Bat"": 3.324, ""Distance_mm"": 731, ""Interrupt_flag"": 0, ""Node_type"": ""DDS75-LB"", ""Sensor_flag"": 1, ""TempC_DS18B20"": 32.76}"
2025-10-23 13:56:26.831960705+00:00,dds75-lb-16,2,-56,9.0,"{""Bat"": 3.324, ""Distance_mm"": 731, ""Interrupt_flag"": 0, ""Node_type"": ""DDS75-LB"", ""Sensor_flag"": 1, ""TempC_DS18B20"": 32.76}"
2025-10-23 14:56:26.132136253+00:00,dds75-lb-16,2,-59,7.25,"{""Bat"": 3.324, ""Distance_mm"": 731, ""Interrupt_flag"": 0, ""Node_type"": ""DDS75-LB"", ""Sensor_flag"": 1, ""TempC_DS18B20"": 32.76}"
2025-10-23 15:56:25.434743650+00:00,dds75-lb-16,2,-55,10.5,"{""Bat"": 3.324, ""Distance_mm"": 728, ""Interrupt_flag"": 0, ""Node_type"": ""DDS75-LB"", ""Sensor_flag"": 1, ""TempC_DS18B20"": 32.76}"
2025-10-23 16:56:24.746149398+00:00,dds75-lb-16,2,-55,9.25,"{""Bat"": 3.324, ""Distance_mm"": 732, ""Interrupt_flag"": 0, ""Node_type"": ""DDS75-LB"", ""Sensor_flag"": 1, ""TempC_DS18B20"": 32.76}"
2025-10-23 17:56:24.053144998+00:00,dds75-lb-16,2,-56,11.0,"{""Bat"": 3.324, ""Distance_mm"": 727, ""Interrupt_flag"": 0, ""Node_type"": ""DDS75-LB"", ""Sensor_flag"": 1, ""TempC_DS18B20"": 32.76}"
2025-10-23 18:56:23.352151868+00:00,dds75-lb-16,2,-54,10.25,"{""Bat"": 3.324, ""Distance_mm"": 727, ""Interrupt_flag"": 0, ""Node_type"": ""DDS75-LB"", ""Sensor_flag"": 1, ""TempC_DS18B20"": 32.76}"
2025-10-23 19:56:22.648747537+00:00,dds75-lb-16,2,-56,9.75,"{""Bat"": 3.324, ""Distance_mm"": 727, ""Interrupt_flag"": 0, ""Node_type"": ""DDS75-LB"", ""Sensor_flag"": 1, ""TempC_DS18B20"": 32.76}"
2025-10-23 20:56:21.964829394+00:00,dds75-lb-16,2,-53,8.0,"{""Bat"": 3.324, ""Distance_mm"": 731, ""Interrupt_flag"": 0, ""Node_type"": ""DDS75-LB"", ""Sensor_flag"": 1, ""TempC_DS18B20"": 32.76}"
2025-10-23 21:56:21.275954981+00:00,dds75-lb-16,2,-55,7.75,"{""Bat"": 3.324, ""Distance_mm"": 726, ""Interrupt_flag"": 0, ""Node_type"": ""DDS75-LB"", ""Sensor_flag"": 1, ""TempC_DS18B20"": 32.76}"
2025-10-23 22:56:20.560439735+00:00,dds75-lb-16,2,-51,9.75,"{""Bat"": 3.324, ""Distance_mm"": 726, ""Interrupt_flag"": 0, ""Node_type"": ""DDS75-LB"", ""Sensor_flag"": 1, ""TempC_DS18B20"": 32.76}"
2025-10-23 23:56:19.869741987+00:00,dds75-lb-16,2,-55,9.5,"{""Bat"": 3.324, ""Distance_mm"": 726, ""Interrupt_flag"": 0, ""Node_type"": ""DDS75-LB"", ""Sensor_flag"": 1, ""TempC_DS18B20"": 32.76}"
2025-10-24 00:56:19.173190757+00:00,dds75-lb-16,2,-55,9.75,"{""Bat"": 3.324, ""Distance_mm"": 726, ""Interrupt_flag"": 0, ""Node_type"": ""DDS75-LB"", ""Sensor_flag"": 1, ""TempC_DS18B20"": 32.76}"
2025-10-24 01:56:18.491850554+00:00,dds75-lb-16,2,-55,9.25,"{""Bat"": 3.324, ""Distance_mm"": 726, ""Interrupt_flag"": 0, ""Node_type"": ""DDS75-LB"", ""Sensor_flag"": 1, ""TempC_DS18B20"": 32.76}"
2025-10-24 02:56:17.800576641+00:00,dds75-lb-16,2,-51,9.0,"{""Bat"": 3.324, ""Distance_mm"": 726, ""Interrupt_flag"": 0, ""Node_type"": ""DDS75-LB"", ""Sensor_flag"": 1, ""TempC_DS18B20"": 32.76}"
2025-10-24 03:56:17.098121038+00:00,dds75-lb-16,2,-51,10.0,"{""Bat"": 3.324, ""Distance_mm"": 726, ""Interrupt_flag"": 0, ""Node_type"": ""DDS75-LB"", ""Sensor_flag"": 1, ""TempC_DS18B20"": 32.76}"
2025-10-24 04:56:16.413626527+00:00,dds75-lb-16,2,-51,8.0,"{""Bat"": 3.324, ""Distance_mm"": 726, ""Interrupt_flag"": 0, ""Node_type"": ""DDS75-LB"", ""Sensor_flag"": 1, ""TempC_DS18B20"": 32.76}"
2025-10-24 05:56:15.717180643+00:00,dds75-lb-16,2,-53,10.25,"{""Bat"": 3.324, ""Distance_mm"": 727, ""Interrupt_flag"": 0, ""Node_type"": ""DDS75-LB"", ""Sensor_flag"": 1, ""TempC_DS18B20"": 32.76}"
2025-10-24 06:56:15.034863193+00:00,dds75-lb-16,2,-51,9.25,"{""Bat"": 3.324, ""Distance_mm"": 727, ""Interrupt_flag"": 0, ""Node_type"": ""DDS75-LB"", ""Sensor_flag"": 1, ""TempC_DS18B20"": 32.76}"
2025-10-24 07:56:14.415760204+00:00,dds75-lb-16,2,-54,9.0,"{""Bat"": 3.324, ""Distance_mm"": 727, ""Interrupt_flag"": 0, ""Node_type"": ""DDS75-LB"", ""Sensor_flag"": 1, ""TempC_DS18B20"": 32.76}"
2025-10-24 08:56:13.629908479+00:00,dds75-lb-16,2,-54,8.0,"{""Bat"": 3.324, ""Distance_mm"": 728, ""Interrupt_flag"": 0, ""Node_type"": ""DDS75-LB"", ""Sensor_flag"": 1, ""TempC_DS18B20"": 32.76}"
2025-10-24 09:56:12.931005018+00:00,dds75-lb-16,2,-52,10.0,"{""Bat"": 3.324, ""Distance_mm"": 725, ""Interrupt_flag"": 0, ""Node_type"": ""DDS75-LB"", ""Sensor_flag"": 1, ""TempC_DS18B20"": 32.76}"
2025-10-24 10:56:12.244912039+00:00,dds75-lb-16,2,-55,10.75,"{""Bat"": 3.324, ""Distance_mm"": 728, ""Interrupt_flag"": 0, ""Node_type"": ""DDS75-LB"", ""Sensor_flag"": 1, ""TempC_DS18B20"": 32.76}"
2025-10-24 11:56:11.543487516+00:00,dds75-lb-16,2,-53,10.75,"{""Bat"": 3.324, ""Distance_mm"": 727, ""Interrupt_flag"": 0, ""Node_type"": ""DDS75-LB"", ""Sensor_flag"": 1, ""TempC_DS18B20"": 32.76}"
2025-10-24 12:56:10.862485124+00:00,dds75-lb-16,2,-51,8.25,"{""Bat"": 3.324, ""Distance_mm"": 727, ""Interrupt_flag"": 0, ""Node_type"": ""DDS75-LB"", ""Sensor_flag"": 1, ""TempC_DS18B20"": 32.76}"
2025-10-24 13:56:10.155545640+00:00,dds75-lb-16,2,-53,9.75,"{""Bat"": 3.324, ""Distance_mm"": 731, ""Interrupt_flag"": 0, ""Node_type"": ""DDS75-LB"", ""Sensor_flag"": 1, ""TempC_DS18B20"": 32.76}"
2025-10-24 14:56:09.457681146+00:00,dds75-lb-16,2,-53,10.5,"{""Bat"": 3.324, ""Distance_mm"": 732, ""Interrupt_flag"": 0, ""Node_type"": ""DDS75-LB"", ""Sensor_flag"": 1, ""TempC_DS18B20"": 32.76}"
2025-10-24 15:56:08.748096710+00:00,dds75-lb-16,2,-56,10.0,"{""Bat"": 3.324, ""Distance_mm"": 730, ""Interrupt_flag"": 0, ""Node_type"": ""DDS75-LB"", ""Sensor_flag"": 1, ""TempC_DS18B20"": 32.76}"
2025-10-24 16:56:08.081164804+00:00,dds75-lb-16,2,-50,8.0,"{""Bat"": 3.324, ""Distance_mm"": 731, ""Interrupt_flag"": 0, ""Node_type"": ""DDS75-LB"", ""Sensor_flag"": 1, ""TempC_DS18B20"": 32.76}"
2025-10-24 17:56:07.359256708+00:00,dds75-lb-16,2,-53,10.5,"{""Bat"": 3.324, ""Distance_mm"": 727, ""Interrupt_flag"": 0, ""Node_type"": ""DDS75-LB"", ""Sensor_flag"": 1, ""TempC_DS18B20"": 32.76}"
2025-10-24 18:56:06.672264007+00:00,dds75-lb-16,2,-51,9.25,"{""Bat"": 3.324, ""Distance_mm"": 727, ""Interrupt_flag"": 0, ""Node_type"": ""DDS75-LB"", ""Sensor_flag"": 1, ""TempC_DS18B20"": 32.76}"
2025-10-24 19:56:05.971332478+00:00,dds75-lb-16,2,-50,9.75,"{""Bat"": 3.324, ""Distance_mm"": 727, ""Interrupt_flag"": 0, ""Node_type"": ""DDS75-LB"", ""Sensor_flag"": 1, ""TempC_DS18B20"": 32.76}"
2025-10-24 20:56:05.284311265+00:00,dds75-lb-16,2,-51,9.5,"{""Bat"": 3.324, ""Distance_mm"": 726, ""Interrupt_flag"": 0, ""Node_type"": ""DDS75-LB"", ""Sensor_flag"": 1, ""TempC_DS18B20"": 32.76}"
2025-10-24 21:56:04.591613278+00:00,dds75-lb-16,2,-53,7.5,"{""Bat"": 3.324, ""Distance_mm"": 726, ""Interrupt_flag"": 0, ""Node_type"": ""DDS75-LB"", ""Sensor_flag"": 1, ""TempC_DS18B20"": 32.76}"
2025-10-24 22:56:03.887863224+00:00,dds75-lb-16,2,-53,10.5,"{""Bat"": 3.324, ""Distance_mm"": 726, ""Interrupt_flag"": 0, ""Node_type"": ""DDS75-LB"", ""Sensor_flag"": 1, ""TempC_DS18B20"": 32.76}"
2025-10-24 23:56:03.233399755+00:00,dds75-lb-16,2,-51,6.75,"{""Bat"": 3.324, ""Distance_mm"": 726, ""Interrupt_flag"": 0, ""Node_type"": ""DDS75-LB"", ""Sensor_flag"": 1, ""TempC_DS18B20"": 32.76}"
2025-10-25 00:56:02.496267635+00:00,dds75-lb-16,2,-49,9.5,"{""Bat"": 3.324, ""Distance_mm"": 726, ""Interrupt_flag"": 0, ""Node_type"": ""DDS75-LB"", ""Sensor_flag"": 1, ""TempC_DS18B20"": 32.76}"
2025-10-25 01:56:01.816104168+00:00,dds75-lb-16,2,-53,9.75,"{""Bat"": 3.324, ""Distance_mm"": 726, ""Interrupt_flag"": 0, ""Node_type"": ""DDS75-LB"", ""Sensor_flag"": 1, ""TempC_DS18B20"": 32.76}"
2025-10-25 02:56:01.122101980+00:00,dds75-lb-16,2,-48,7.5,"{""Bat"": 3.324, ""Distance_mm"": 726, ""Interrupt_flag"": 0, ""Node_type"": ""DDS75-LB"", ""Sensor_flag"": 1, ""TempC_DS18B20"": 32.76}"
2025-10-25 03:56:00.436950633+00:00,dds75-lb-16,2,-48,7.25,"{""Bat"": 3.324, ""Distance_mm"": 726, ""Interrupt_flag"": 0, ""Node_type"": ""DDS75-LB"", ""Sensor_flag"": 1, ""TempC_DS18B20"": 32.76}"
2025-10-25 04:55:59.719254583+00:00,dds75-lb-16,2,-50,10.5,"{""Bat"": 3.324, ""Distance_mm"": 726, ""Interrupt_flag"": 0, ""Node_type"": ""DDS75-LB"", ""Sensor_flag"": 1, ""TempC_DS18B20"": 32.76}"
2025-10-25 05:55:59.046076925+00:00,dds75-lb-16,2,-50,9.75,"{""Bat"": 3.324, ""Distance_mm"": 726, ""Interrupt_flag"": 0, ""Node_type"": ""DDS75-LB"", ""Sensor_flag"": 1, ""TempC_DS18B20"": 32.76}"
2025-10-25 06:55:58.354394557+00:00,dds75-lb-16,2,-51,9.5,"{""Bat"": 3.324, ""Distance_mm"": 726, ""Interrupt_flag"": 0, ""Node_type"": ""DDS75-LB"", ""Sensor_flag"": 1, ""TempC_DS18B20"": 32.76}"
2025-10-25 07:55:57.674252059+00:00,dds75-lb-16,2,-51,9.0,"{""Bat"": 3.324, ""Distance_mm"": 726, ""Interrupt_flag"": 0, ""Node_type"": ""DDS75-LB"", ""Sensor_flag"": 1, ""TempC_DS18B20"": 32.76}"
2025-10-25 08:55:56.985390815+00:00,dds75-lb-16,2,-50,10.25,"{""Bat"": 3.324, ""Distance_mm"": 726, ""Interrupt_flag"": 0, ""Node_type"": ""DDS75-LB"", ""Sensor_flag"": 1, ""TempC_DS18B20"": 32.76}"
2025-10-25 09:55:56.289935033+00:00,dds75-lb-16,2,-53,10.75,"{""Bat"": 3.324, ""Distance_mm"": 725, ""Interrupt_flag"": 0, ""Node_type"": ""DDS75-LB"", ""Sensor_flag"": 1, ""TempC_DS18B20"": 32.76}"
2025-10-25 10:55:55.585379726+00:00,dds75-lb-16,2,-50,9.5,"{""Bat"": 3.324, ""Distance_mm"": 725, ""Interrupt_flag"": 0, ""Node_type"": ""DDS75-LB"", ""Sensor_flag"": 1, ""TempC_DS18B20"": 32.76}"
2025-10-25 11:55:54.896516121+00:00,dds75-lb-16,2,-50,7.5,"{""Bat"": 3.324, ""Distance_mm"": 726, ""Interrupt_flag"": 0, ""Node_type"": ""DDS75-LB"", ""Sensor_flag"": 1, ""TempC_DS18B20"": 32.76}"
2025-10-25 12:55:54.214949133+00:00,dds75-lb-16,2,-50,9.5,"{""Bat"": 3.324, ""Distance_mm"": 726, ""Interrupt_flag"": 0, ""Node_type"": ""DDS75-LB"", ""Sensor_flag"": 1, ""TempC_DS18B20"": 32.76}"
2025-10-25 13:55:53.519369444+00:00,dds75-lb-16,2,-50,10.0,"{""Bat"": 3.324, ""Distance_mm"": 726, ""Interrupt_flag"": 0, ""Node_type"": ""DDS75-LB"", ""Sensor_flag"": 1, ""TempC_DS18B20"": 32.76}"
2025-10-25 14:55:52.818221777+00:00,dds75-lb-16,2,-51,10.5,"{""Bat"": 3.324, ""Distance_mm"": 726, ""Interrupt_flag"": 0, ""Node_type"": ""DDS75-LB"", ""Sensor_flag"": 1, ""TempC_DS18B20"": 32.76}"
2025-10-25 15:55:52.160382549+00:00,dds75-lb-16,2,-51,9.75,"{""Bat"": 3.324, ""Distance_mm"": 726, ""Interrupt_flag"": 0, ""Node_type"": ""DDS75-LB"", ""Sensor_flag"": 1, ""TempC_DS18B20"": 32.76}"
2025-10-25 16:55:51.475142093+00:00,dds75-lb-16,2,-50,10.25,"{""Bat"": 3.324, ""Distance_mm"": 725, ""Interrupt_flag"": 0, ""Node_type"": ""DDS75-LB"", ""Sensor_flag"": 1, ""TempC_DS18B20"": 32.76}"
2025-10-25 17:55:50.773806151+00:00,dds75-lb-16,2,-51,9.5,"{""Bat"": 3.324, ""Distance_mm"": 725, ""Interrupt_flag"": 0, ""Node_type"": ""DDS75-LB"", ""Sensor_flag"": 1, ""TempC_DS18B20"": 32.76}"
2025-10-25 18:55:50.071915418+00:00,dds75-lb-16,2,-124,-8.0,"{""Bat"": 3.324, ""Distance_mm"": 726, ""Interrupt_flag"": 0, ""Node_type"": ""DDS75-LB"", ""Sensor_flag"": 1, ""TempC_DS18B20"": 32.76}"
2025-10-25 19:55:49.401405966+00:00,dds75-lb-16,2,-49,9.25,"{""Bat"": 3.324, ""Distance_mm"": 726, ""Interrupt_flag"": 0, ""Node_type"": ""DDS75-LB"", ""Sensor_flag"": 1, ""TempC_DS18B20"": 32.76}"
2025-10-25 20:55:48.721933602+00:00,dds75-lb-16,2,-51,10.25,"{""Bat"": 3.324, ""Distance_mm"": 726, ""Interrupt_flag"": 0, ""Node_type"": ""DDS75-LB"", ""Sensor_flag"": 1, ""TempC_DS18B20"": 32.76}"
2025-10-25 21:55:48.016149661+00:00,dds75-lb-16,2,-50,10.75,"{""Bat"": 3.324, ""Distance_mm"": 725, ""Interrupt_flag"": 0, ""Node_type"": ""DDS75-LB"", ""Sensor_flag"": 1, ""TempC_DS18B20"": 32.76}"
2025-10-25 22:55:47.336675247+00:00,dds75-lb-16,2,-53,8.75,"{""Bat"": 3.324, ""Distance_mm"": 725, ""Interrupt_flag"": 0, ""Node_type"": ""DDS75-LB"", ""Sensor_flag"": 1, ""TempC_DS18B20"": 32.76}"
2025-10-25 23:55:46.645274506+00:00,dds75-lb-16,2,-51,9.75,"{""Bat"": 3.324, ""Distance_mm"": 721, ""Interrupt_flag"": 0, ""Node_type"": ""DDS75-LB"", ""Sensor_flag"": 1, ""TempC_DS18B20"": 32.76}"
2025-10-26 00:55:45.972507447+00:00,dds75-lb-16,2,-51,9.75,"{""Bat"": 3.324, ""Distance_mm"": 721, ""Interrupt_flag"": 0, ""Node_type"": ""DDS75-LB"", ""Sensor_flag"": 1, ""TempC_DS18B20"": 32.76}"
2025-10-26 01:55:45.299824032+00:00,dds75-lb-16,2,-47,7.75,"{""Bat"": 3.324, ""Distance_mm"": 721, ""Interrupt_flag"": 0, ""Node_type"": ""DDS75-LB"", ""Sensor_flag"": 1, ""TempC_DS18B20"": 32.76}"
2025-10-26 02:55:44.599037452+00:00,dds75-lb-16,2,-48,7.25,"{""Bat"": 3.324, ""Distance_mm"": 725, ""Interrupt_flag"": 0, ""Node_type"": ""DDS75-LB"", ""Sensor_flag"": 1, ""TempC_DS18B20"": 32.76}"
2025-10-26 03:55:43.902716592+00:00,dds75-lb-16,2,-51,7.5,"{""Bat"": 3.324, ""Distance_mm"": 726, ""Interrupt_flag"": 0, ""Node_type"": ""DDS75-LB"", ""Sensor_flag"": 1, ""TempC_DS18B20"": 32.76}"
2025-10-26 04:55:43.199362491+00:00,dds75-lb-16,2,-50,9.0,"{""Bat"": 10.878, ""Distance_mm"": 726, ""Interrupt_flag"": 0, ""Node_type"": ""DDS75-LB"", ""Sensor_flag"": 1, ""TempC_DS18B20"": 32.76}"
2025-10-26 05:55:42.522337214+00:00,dds75-lb-16,2,-53,9.5,"{""Bat"": 3.324, ""Distance_mm"": 726, ""Interrupt_flag"": 0, ""Node_type"": ""DDS75-LB"", ""Sensor_flag"": 1, ""TempC_DS18B20"": 32.76}"
2025-10-28 01:16:00.550667980+00:00,dds75-lb-16,2,-119,-11.0,"{""Bat"": 3.324, ""Distance_mm"": 727, ""Interrupt_flag"": 0, ""Node_type"": ""DDS75-LB"", ""Sensor_flag"": 1, ""TempC_DS18B20"": 32.76}"
2025-10-28 02:15:59.849547879+00:00,dds75-lb-16,2,-118,-10.75,"{""Bat"": 3.324, ""Distance_mm"": 727, ""Interrupt_flag"": 0, ""Node_type"": ""DDS75-LB"", ""Sensor_flag"": 1, ""TempC_DS18B20"": 32.76}"
2025-10-28 03:15:58.488064745+00:00,dds75-lb-16,2,-119,-4.75,"{""Bat"": 3.324, ""Distance_mm"": 731, ""Interrupt_flag"": 0, ""Node_type"": ""DDS75-LB"", ""Sensor_flag"": 1, ""TempC_DS18B20"": 32.76}"
2025-10-28 04:15:57.701794050+00:00,dds75-lb-16,2,-118,0.75,"{""Bat"": 3.324, ""Distance_mm"": 726, ""Interrupt_flag"": 0, ""Node_type"": ""DDS75-LB"", ""Sensor_flag"": 1, ""TempC_DS18B20"": 32.76}"
2025-10-28 05:15:56.998244455+00:00,dds75-lb-16,2,-114,-0.5,"{""Bat"": 3.324, ""Distance_mm"": 731, ""Interrupt_flag"": 0, ""Node_type"": ""DDS75-LB"", ""Sensor_flag"": 1, ""TempC_DS18B20"": 32.76}"
2025-10-28 06:15:56.325795407+00:00,dds75-lb-16,2,-123,-8.0,"{""Bat"": 3.324, ""Distance_mm"": 788, ""Interrupt_flag"": 0, ""Node_type"": ""DDS75-LB"", ""Sensor_flag"": 1, ""TempC_DS18B20"": 32.76}"
2025-10-28 07:15:55.617506566+00:00,dds75-lb-16,2,-117,-2.25,"{""Bat"": 3.324, ""Distance_mm"": 727, ""Interrupt_flag"": 0, ""Node_type"": ""DDS75-LB"", ""Sensor_flag"": 1, ""TempC_DS18B20"": 32.76}"
2025-10-28 08:15:54.928310909+00:00,dds75-lb-16,2,-117,-6.75,"{""Bat"": 3.324, ""Distance_mm"": 723, ""Interrupt_flag"": 0, ""Node_type"": ""DDS75-LB"", ""Sensor_flag"": 1, ""TempC_DS18B20"": 32.76}"
2025-10-28 09:15:54.234952615+00:00,dds75-lb-16,2,-120,-9.5,"{""Bat"": 3.324, ""Distance_mm"": 731, ""Interrupt_flag"": 0, ""Node_type"": ""DDS75-LB"", ""Sensor_flag"": 1, ""TempC_DS18B20"": 32.76}"
2025-10-28 10:15:53.527953381+00:00,dds75-lb-16,2,-119,-4.5,"{""Bat"": 3.324, ""Distance_mm"": 728, ""Interrupt_flag"": 0, ""Node_type"": ""DDS75-LB"", ""Sensor_flag"": 1, ""TempC_DS18B20"": 32.76}"
2025-10-28 11:15:52.839656794+00:00,dds75-lb-16,2,-118,-5.0,"{""Bat"": 3.324, ""Distance_mm"": 731, ""Interrupt_flag"": 0, ""Node_type"": ""DDS75-LB"", ""Sensor_flag"": 1, ""TempC_DS18B20"": 32.76}"
2025-10-28 12:15:52.139015328+00:00,dds75-lb-16,2,-122,-7.5,"{""Bat"": 3.324, ""Distance_mm"": 731, ""Interrupt_flag"": 0, ""Node_type"": ""DDS75-LB"", ""Sensor_flag"": 1, ""TempC_DS18B20"": 32.76}"
2025-10-28 13:15:51.444560887+00:00,dds75-lb-16,2,-118,-3.25,"{""Bat"": 3.324, ""Distance_mm"": 727, ""Interrupt_flag"": 0, ""Node_type"": ""DDS75-LB"", ""Sensor_flag"": 1, ""TempC_DS18B20"": 32.76}"
2025-10-28 14:15:50.750706587+00:00,dds75-lb-16,2,-115,-1.5,"{""Bat"": 3.324, ""Distance_mm"": 731, ""Interrupt_flag"": 0, ""Node_type"": ""DDS75-LB"", ""Sensor_flag"": 1, ""TempC_DS18B20"": 32.76}"
2025-10-28 15:15:50.069596264+00:00,dds75-lb-16,2,-116,-5.0,"{""Bat"": 3.324, ""Distance_mm"": 731, ""Interrupt_flag"": 0, ""Node_type"": ""DDS75-LB"", ""Sensor_flag"": 1, ""TempC_DS18B20"": 32.76}"
2025-10-28 16:15:49.381096131+00:00,dds75-lb-16,2,-121,-12.75,"{""Bat"": 3.324, ""Distance_mm"": 787, ""Interrupt_flag"": 0, ""Node_type"": ""DDS75-LB"", ""Sensor_flag"": 1, ""TempC_DS18B20"": 32.76}"
2025-10-28 17:15:48.682302206+00:00,dds75-lb-16,2,-117,-5.0,"{""Bat"": 3.324, ""Distance_mm"": 727, ""Interrupt_flag"": 0, ""Node_type"": ""DDS75-LB"", ""Sensor_flag"": 1, ""TempC_DS18B20"": 32.76}"
2025-10-28 18:15:47.982879246+00:00,dds75-lb-16,2,-116,-2.75,"{""Bat"": 3.324, ""Distance_mm"": 732, ""Interrupt_flag"": 0, ""Node_type"": ""DDS75-LB"", ""Sensor_flag"": 1, ""TempC_DS18B20"": 32.76}"
2025-10-28 19:15:47.275585016+00:00,dds75-lb-16,2,-119,-5.5,"{""Bat"": 3.324, ""Distance_mm"": 731, ""Interrupt_flag"": 0, ""Node_type"": ""DDS75-LB"", ""Sensor_flag"": 1, ""TempC_DS18B20"": 32.76}"
2025-10-28 20:15:46.664882080+00:00,dds75-lb-16,2,-118,-0.75,"{""Bat"": 3.324, ""Distance_mm"": 726, ""Interrupt_flag"": 0, ""Node_type"": ""DDS75-LB"", ""Sensor_flag"": 1, ""TempC_DS18B20"": 32.76}"
2025-10-28 21:15:45.897709986+00:00,dds75-lb-16,2,-115,-0.25,"{""Bat"": 3.324, ""Distance_mm"": 730, ""Interrupt_flag"": 0, ""Node_type"": ""DDS75-LB"", ""Sensor_flag"": 1, ""TempC_DS18B20"": 32.76}"
2025-10-28 22:15:45.243536548+00:00,dds75-lb-16,2,-117,-2.25,"{""Bat"": 3.324, ""Distance_mm"": 726, ""Interrupt_flag"": 0, ""Node_type"": ""DDS75-LB"", ""Sensor_flag"": 1, ""TempC_DS18B20"": 32.76}"
2025-10-28 23:15:44.110901556+00:00,dds75-lb-16,2,-114,0.5,"{""Bat"": 3.324, ""Distance_mm"": 726, ""Interrupt_flag"": 0, ""Node_type"": ""DDS75-LB"", ""Sensor_flag"": 1, ""TempC_DS18B20"": 32.76}"
2025-10-29 00:15:43.423537781+00:00,dds75-lb-16,2,-118,-4.0,"{""Bat"": 3.324, ""Distance_mm"": 726, ""Interrupt_flag"": 0, ""Node_type"": ""DDS75-LB"", ""Sensor_flag"": 1, ""TempC_DS18B20"": 32.76}"
2025-10-29 01:15:42.802038863+00:00,dds75-lb-16,2,-119,-5.25,"{""Bat"": 3.324, ""Distance_mm"": 726, ""Interrupt_flag"": 0, ""Node_type"": ""DDS75-LB"", ""Sensor_flag"": 1, ""TempC_DS18B20"": 32.76}"
2025-10-29 02:15:42.106653472+00:00,dds75-lb-16,2,-117,-2.25,"{""Bat"": 3.324, ""Distance_mm"": 726, ""Interrupt_flag"": 0, ""Node_type"": ""DDS75-LB"", ""Sensor_flag"": 1, ""TempC_DS18B20"": 32.76}"
2025-10-29 03:15:41.374321270+00:00,dds75-lb-16,2,-117,-4.0,"{""Bat"": 3.324, ""Distance_mm"": 726, ""Interrupt_flag"": 0, ""Node_type"": ""DDS75-LB"", ""Sensor_flag"": 1, ""TempC_DS18B20"": 32.76}"
2025-10-29 04:15:40.662650675+00:00,dds75-lb-16,2,-117,-1.0,"{""Bat"": 3.324, ""Distance_mm"": 726, ""Interrupt_flag"": 0, ""Node_type"": ""DDS75-LB"", ""Sensor_flag"": 1, ""TempC_DS18B20"": 32.76}"
2025-10-29 05:15:40.029109395+00:00,dds75-lb-16,2,-119,-0.75,"{""Bat"": 3.324, ""Distance_mm"": 726, ""Interrupt_flag"": 0, ""Node_type"": ""DDS75-LB"", ""Sensor_flag"": 1, ""TempC_DS18B20"": 32.76}"
2025-10-29 06:15:39.263967871+00:00,dds75-lb-16,2,-118,-11.25,"{""Bat"": 3.324, ""Distance_mm"": 730, ""Interrupt_flag"": 0, ""Node_type"": ""DDS75-LB"", ""Sensor_flag"": 1, ""TempC_DS18B20"": 32.76}"
2025-10-29 07:15:38.634288668+00:00,dds75-lb-16,2,-119,-2.75,"{""Bat"": 3.324, ""Distance_mm"": 727, ""Interrupt_flag"": 0, ""Node_type"": ""DDS75-LB"", ""Sensor_flag"": 1, ""TempC_DS18B20"": 32.76}"
2025-10-29 09:15:37.197048865+00:00,dds75-lb-16,2,-121,-6.5,"{""Bat"": 3.324, ""Distance_mm"": 731, ""Interrupt_flag"": 0, ""Node_type"": ""DDS75-LB"", ""Sensor_flag"": 1, ""TempC_DS18B20"": 32.76}"
2025-10-29 10:15:36.488803606+00:00,dds75-lb-16,2,-117,-11.0,"{""Bat"": 3.324, ""Distance_mm"": 731, ""Interrupt_flag"": 0, ""Node_type"": ""DDS75-LB"", ""Sensor_flag"": 1, ""TempC_DS18B20"": 32.76}"
2025-10-29 11:15:35.771205872+00:00,dds75-lb-16,2,-112,-14.5,"{""Bat"": 3.324, ""Distance_mm"": 727, ""Interrupt_flag"": 0, ""Node_type"": ""DDS75-LB"", ""Sensor_flag"": 1, ""TempC_DS18B20"": 32.76}"
2025-10-29 12:15:35.100223852+00:00,dds75-lb-16,2,-116,-1.0,"{""Bat"": 3.324, ""Distance_mm"": 727, ""Interrupt_flag"": 0, ""Node_type"": ""DDS75-LB"", ""Sensor_flag"": 1, ""TempC_DS18B20"": 32.76}"
2025-10-29 13:15:34.459534934+00:00,dds75-lb-16,2,-119,0.5,"{""Bat"": 3.324, ""Distance_mm"": 727, ""Interrupt_flag"": 0, ""Node_type"": ""DDS75-LB"", ""Sensor_flag"": 1, ""TempC_DS18B20"": 32.76}"
2025-10-29 14:15:33.756952679+00:00,dds75-lb-16,2,-118,-10.25,"{""Bat"": 3.324, ""Distance_mm"": 731, ""Interrupt_flag"": 0, ""Node_type"": ""DDS75-LB"", ""Sensor_flag"": 1, ""TempC_DS18B20"": 32.76}"
2025-10-29 15:15:33.010262919+00:00,dds75-lb-16,2,-120,-5.5,"{""Bat"": 3.324, ""Distance_mm"": 727, ""Interrupt_flag"": 0, ""Node_type"": ""DDS75-LB"", ""Sensor_flag"": 1, ""TempC_DS18B20"": 32.76}"
2025-10-29 16:15:32.311916828+00:00,dds75-lb-16,2,-117,-1.75,"{""Bat"": 3.324, ""Distance_mm"": 727, ""Interrupt_flag"": 0, ""Node_type"": ""DDS75-LB"", ""Sensor_flag"": 1, ""TempC_DS18B20"": 32.76}"
2025-10-29 18:15:30.903676040+00:00,dds75-lb-16,2,-113,-1.75,"{""Bat"": 3.324, ""Distance_mm"": 727, ""Interrupt_flag"": 0, ""Node_type"": ""DDS75-LB"", ""Sensor_flag"": 1, ""TempC_DS18B20"": 32.76}"
2025-10-29 19:15:30.235044701+00:00,dds75-lb-16,2,-117,-13.5,"{""Bat"": 3.324, ""Distance_mm"": 727, ""Interrupt_flag"": 0, ""Node_type"": ""DDS75-LB"", ""Sensor_flag"": 1, ""TempC_DS18B20"": 32.76}"
2025-10-29 20:15:29.513460777+00:00,dds75-lb-16,2,-118,-7.25,"{""Bat"": 3.324, ""Distance_mm"": 727, ""Interrupt_flag"": 0, ""Node_type"": ""DDS75-LB"", ""Sensor_flag"": 1, ""TempC_DS18B20"": 32.76}"
2025-10-29 21:15:28.819039030+00:00,dds75-lb-16,2,-115,-0.5,"{""Bat"": 3.324, ""Distance_mm"": 727, ""Interrupt_flag"": 0, ""Node_type"": ""DDS75-LB"", ""Sensor_flag"": 1, ""TempC_DS18B20"": 32.76}"
2025-10-29 22:15:28.148062550+00:00,dds75-lb-16,2,-119,-5.5,"{""Bat"": 3.324, ""Distance_mm"": 726, ""Interrupt_flag"": 0, ""Node_type"": ""DDS75-LB"", ""Sensor_flag"": 1, ""TempC_DS18B20"": 32.76}"
2025-10-29 23:15:27.416590922+00:00,dds75-lb-16,2,-117,-5.75,"{""Bat"": 3.324, ""Distance_mm"": 726, ""Interrupt_flag"": 0, ""Node_type"": ""DDS75-LB"", ""Sensor_flag"": 1, ""TempC_DS18B20"": 32.76}"
