received_at,device_id,f_port,rssi,snr,payload_json
2025-09-18 00:01:51.817202303+00:00,dds75-lb-18,2,-51,7.25,"{""Bat"": 3.327, ""Distance_mm"": 964, ""Interrupt_flag"": 0, ""Node_type"": ""DDS75-LB"", ""Sensor_flag"": 1, ""TempC_DS18B20"": 32.76}"
2025-09-18 00:21:51.572994783+00:00,dds75-lb-18,2,-48,9.5,"{""Bat"": 3.327, ""Distance_mm"": 964, ""Interrupt_flag"": 0, ""Node_type"": ""DDS75-LB"", ""Sensor_flag"": 1, ""TempC_DS18B20"": 32.76}"
2025-09-18 00:41:51.352357743+00:00,dds75-lb-18,2,-50,9.25,"{""Bat"": 3.327, ""Distance_mm"": 964, ""Interrupt_flag"": 0, ""Node_type"": ""DDS75-LB"", ""Sensor_flag"": 1, ""TempC_DS18B20"": 32.76}"
2025-09-18 01:01:51.141094565+00:00,dds75-lb-18,2,-51,9.5,"{""Bat"": 3.327, ""Distance_mm"": 964, ""Interrupt_flag"": 0, ""Node_type"": ""DDS75-LB"", ""Sensor_flag"": 1, ""TempC_DS18B20"": 32.76}"
2025-09-18 01:21:50.915300699+00:00,dds75-lb-18,2,-51,9.75,"{""Bat"": 3.327, ""Distance_mm"": 964, ""Interrupt_flag"": 0, ""Node_type"": ""DDS75-LB"", ""Sensor_flag"": 1, ""TempC_DS18B20"": 32.76}"
2025-09-18 01:41:50.688896867+00:00,dds75-lb-18,2,-51,9.5,"{""Bat"": 3.327, ""Distance_mm"": 964, ""Interrupt_flag"": 0, ""Node_type"": ""DDS75-LB"", ""Sensor_flag"": 1, ""TempC_DS18B20"": 32.76}"
2025-09-18 02:01:50.467055008+00:00,dds75-lb-18,2,-47,7.5,"{""Bat"": 3.327, ""Distance_mm"": 964, ""Interrupt_flag"": 0, ""Node_type"": ""DDS75-LB"", ""Sensor_flag"": 1, ""TempC_DS18B20"": 32.76}"
2025-09-18 02:21:50.241087773+00:00,dds75-lb-18,2,-49,7.0,"{""Bat"": 3.327, ""Distance_mm"": 964, ""Interrupt_flag"": 0, ""Node_type"": ""DDS75-LB"", ""Sensor_flag"": 1, ""TempC_DS18B20"": 32.76}"
2025-09-18 02:41:50.024992046+00:00,dds75-lb-18,2,-50,7.25,"{""Bat"": 3.327, ""Distance_mm"": 964, ""Interrupt_flag"": 0, ""Node_type"": ""DDS75-LB"", ""Sensor_flag"": 1, ""TempC_DS18B20"": 32.76}"
2025-09-18 03:01:49.766996163+00:00,dds75-lb-18,2,-50,10.5,"{""Bat"": 3.327, ""Distance_mm"": 964, ""Interrupt_flag"": 0, ""Node_type"": ""DDS75-LB"", ""Sensor_flag"": 1, ""TempC_DS18B20"": 32.76}"
2025-09-18 03:21:49.541467400+00:00,dds75-lb-18,2,-51,8.5,"{""Bat"": 3.327, ""Distance_mm"": 964, ""Interrupt_flag"": 0, ""Node_type"": ""DDS75-LB"", ""Sensor_flag"": 1, ""TempC_DS18B20"": 32.76}"
2025-09-18 03:41:49.328037586+00:00,dds75-lb-18,2,-51,7.5,"{""Bat"": 3.327, ""Distance_mm"": 964, ""Interrupt_flag"": 0, ""Node_type"": ""DDS75-LB"", ""Sensor_flag"": 1, ""TempC_DS18B20"": 32.76}"
2025-09-18 04:01:49.096737380+00:00,dds75-lb-18,2,-48,9.5,"{""Bat"": 3.327, ""Distance_mm"": 964, ""Interrupt_flag"": 0, ""Node_type"": ""DDS75-LB"", ""Sensor_flag"": 1, ""TempC_DS18B20"": 32.76}"
2025-09-18 04:21:48.873246429+00:00,dds75-lb-18,2,-53,10.5,"{""Bat"": 3.327, ""Distance_mm"": 964, ""Interrupt_flag"": 0, ""Node_type"": ""DDS75-LB"", ""Sensor_flag"": 1, ""TempC_DS18B20"": 32.76}"
2025-09-18 04:41:48.660925519+00:00,dds75-lb-18,2,-47,8.75,"{""Bat"": 3.327, ""Distance_mm"": 964, ""Interrupt_flag"": 0, ""Node_type"": ""DDS75-LB"", ""Sensor_flag"": 1, ""TempC_DS18B20"": 32.76}"
2025-09-18 05:01:48.429917261+00:00,dds75-lb-18,2,-50,10.0,"{""Bat"": 3.327, ""Distance_mm"": 964, ""Interrupt_flag"": 0, ""Node_type"": ""DDS75-LB"", ""Sensor_flag"": 1, ""TempC_DS18B20"": 32.76}"
2025-09-18 05:21:48.205822908+00:00,dds75-lb-18,2,-47,8.0,"{""Bat"": 3.327, ""Distance_mm"": 897, ""Interrupt_flag"": 0, ""Node_type"": ""DDS75-LB"", ""Sensor_flag"": 1, ""TempC_DS18B20"": 32.76}"
2025-09-18 05:41:47.967561386+00:00,dds75-lb-18,2,-47,9.25,"{""Bat"": 3.327, ""Distance_mm"": 897, ""Interrupt_flag"": 0, ""Node_type"": ""DDS75-LB"", ""Sensor_flag"": 1, ""TempC_DS18B20"": 32.76}"
2025-09-18 06:01:47.760095986+00:00,dds75-lb-18,2,-49,10.25,"{""Bat"": 3.327, ""Distance_mm"": 897, ""Interrupt_flag"": 0, ""Node_type"": ""DDS75-LB"", ""Sensor_flag"": 1, ""TempC_DS18B20"": 32.76}"
2025-09-18 06:21:47.572818964+00:00,dds75-lb-18,2,-47,7.25,"{""Bat"": 3.327, ""Distance_mm"": 897, ""Interrupt_flag"": 0, ""Node_type"": ""DDS75-LB"", ""Sensor_flag"": 1, ""TempC_DS18B20"": 32.76}"
2025-09-18 06:41:47.305257460+00:00,dds75-lb-18,2,-45,10.5,"{""Bat"": 3.327, ""Distance_mm"": 897, ""Interrupt_flag"": 0, ""Node_type"": ""DDS75-LB"", ""Sensor_flag"": 1, ""TempC_DS18B20"": 32.76}"
2025-09-18 07:01:47.089551680+00:00,dds75-lb-18,2,-47,9.25,"{""Bat"": 3.327, ""Distance_mm"": 897, ""Interrupt_flag"": 0, ""Node_type"": ""DDS75-LB"", ""Sensor_flag"": 1, ""TempC_DS18B20"": 32.76}"
2025-09-18 07:21:46.830079287+00:00,dds75-lb-18,2,-45,7.0,"{""Bat"": 3.327, ""Distance_mm"": 897, ""Interrupt_flag"": 0, ""Node_type"": ""DDS75-LB"", ""Sensor_flag"": 1, ""TempC_DS18B20"": 32.76}"
2025-09-18 07:41:46.607082967+00:00,dds75-lb-18,2,-124,-8.0,"{""Bat"": 3.327, ""Distance_mm"": 897, ""Interrupt_flag"": 0, ""Node_type"": ""DDS75-LB"", ""Sensor_flag"": 1, ""TempC_DS18B20"": 32.76}"
2025-09-18 08:01:46.380483877+00:00,dds75-lb-18,2,-47,10.5,"{""Bat"": 3.327, ""Distance_mm"": 897, ""Interrupt_flag"": 0, ""Node_type"": ""DDS75-LB"", ""Sensor_flag"": 1, ""TempC_DS18B20"": 32.76}"
2025-09-18 08:21:46.162182039+00:00,dds75-lb-18,2,-44,9.0,"{""Bat"": 3.327, ""Distance_mm"": 897, ""Interrupt_flag"": 0, ""Node_type"": ""DDS75-LB"", ""Sensor_flag"": 1, ""TempC_DS18B20"": 32.76}"
2025-09-18 08:41:45.925484668+00:00,dds75-lb-18,2,-49,9.25,"{""Bat"": 3.327, ""Distance_mm"": 897, ""Interrupt_flag"": 0, ""Node_type"": ""DDS75-LB"", ""Sensor_flag"": 1, ""TempC_DS18B20"": 32.76}"
2025-09-18 09:01:45.708805590+00:00,dds75-lb-18,2,-47,7.75,"{""Bat"": 3.327, ""Distance_mm"": 862, ""Interrupt_flag"": 0, ""Node_type"": ""DDS75-LB"", ""Sensor_flag"": 1, ""TempC_DS18B20"": 32.76}"
2025-09-18 09:21:45.490393817+00:00,dds75-lb-18,2,-43,9.5,"{""Bat"": 3.327, ""Distance_mm"": 861, ""Interrupt_flag"": 0, ""Node_type"": ""DDS75-LB"", ""Sensor_flag"": 1, ""TempC_DS18B20"": 32.76}"
2025-09-18 09:41:45.257458791+00:00,dds75-lb-18,2,-45,9.75,"{""Bat"": 3.327, ""Distance_mm"": 861, ""Interrupt_flag"": 0, ""Node_type"": ""DDS75-LB"", ""Sensor_flag"": 1, ""TempC_DS18B20"": 32.76}"
2025-09-18 10:01:45.034278450+00:00,dds75-lb-18,2,-43,9.5,"{""Bat"": 3.327, ""Distance_mm"": 861, ""Interrupt_flag"": 0, ""Node_type"": ""DDS75-LB"", ""Sensor_flag"": 1, ""TempC_DS18B20"": 32.76}"
2025-09-18 10:21:44.821628604+00:00,dds75-lb-18,2,-42,9.0,"{""Bat"": 3.327, ""Distance_mm"": 861, ""Interrupt_flag"": 0, ""Node_type"": ""DDS75-LB"", ""Sensor_flag"": 1, ""TempC_DS18B20"": 32.76}"
2025-09-18 10:41:44.608124411+00:00,dds75-lb-18,2,-47,8.0,"{""Bat"": 3.327, ""Distance_mm"": 861, ""Interrupt_flag"": 0, ""Node_type"": ""DDS75-LB"", ""Sensor_flag"": 1, ""TempC_DS18B20"": 32.76}"
2025-09-18 11:01:44.394517142+00:00,dds75-lb-18,2,-43,9.25,"{""Bat"": 3.327, ""Distance_mm"": 862, ""Interrupt_flag"": 0, ""Node_type"": ""DDS75-LB"", ""Sensor_flag"": 1, ""TempC_DS18B20"": 32.76}"
2025-09-18 11:21:44.135863033+00:00,dds75-lb-18,2,-47,10.0,"{""Bat"": 3.327, ""Distance_mm"": 862, ""Interrupt_flag"": 0, ""Node_type"": ""DDS75-LB"", ""Sensor_flag"": 1, ""TempC_DS18B20"": 32.76}"
2025-09-18 11:41:43.924511020+00:00,dds75-lb-18,2,-45,9.5,"{""Bat"": 3.327, ""Distance_mm"": 861, ""Interrupt_flag"": 0, ""Node_type"": ""DDS75-LB"", ""Sensor_flag"": 1, ""TempC_DS18B20"": 32.76}"
2025-09-18 12:01:43.703720848+00:00,dds75-lb-18,2,-45,9.25,"{""Bat"": 3.327, ""Distance_mm"": 861, ""Interrupt_flag"": 0, ""Node_type"": ""DDS75-LB"", ""Sensor_flag"": 1, ""TempC_DS18B20"": 32.76}"
2025-09-18 12:21:43.457286135+00:00,dds75-lb-18,2,-49,9.5,"{""Bat"": 3.327, ""Distance_mm"": 898, ""Interrupt_flag"": 0, ""Node_type"": ""DDS75-LB"", ""Sensor_flag"": 1, ""TempC_DS18B20"": 32.76}"
2025-09-18 12:41:43.224429712+00:00,dds75-lb-18,2,-45,8.75,"{""Bat"": 3.327, ""Distance_mm"": 898, ""Interrupt_flag"": 0, ""Node_type"": ""DDS75-LB"", ""Sensor_flag"": 1, ""TempC_DS18B20"": 32.76}"
2025-09-18 13:01:43.002140153+00:00,dds75-lb-18,2,-45,7.75,"{""Bat"": 3.327, ""Distance_mm"": 897, ""Interrupt_flag"": 0, ""Node_type"": ""DDS75-LB"", ""Sensor_flag"": 1, ""TempC_DS18B20"": 32.76}"
2025-09-18 13:21:42.795827224+00:00,dds75-lb-18,2,-46,8.25,"{""Bat"": 3.327, ""Distance_mm"": 897, ""Interrupt_flag"": 0, ""Node_type"": ""DDS75-LB"", ""Sensor_flag"": 1, ""TempC_DS18B20"": 32.76}"
2025-09-18 13:41:42.549672814+00:00,dds75-lb-18,2,-45,9.25,"{""Bat"": 3.327, ""Distance_mm"": 897, ""Interrupt_flag"": 0, ""Node_type"": ""DDS75-LB"", ""Sensor_flag"": 1, ""TempC_DS18B20"": 32.76}"
2025-09-18 14:01:42.329178827+00:00,dds75-lb-18,2,-49,10.25,"{""Bat"": 3.327, ""Distance_mm"": 897, ""Interrupt_flag"": 0, ""Node_type"": ""DDS75-LB"", ""Sensor_flag"": 1, ""TempC_DS18B20"": 32.76}"
2025-09-18 14:21:42.113835537+00:00,dds75-lb-18,2,-49,10.0,"{""Bat"": 3.327, ""Distance_mm"": 897, ""Interrupt_flag"": 0, ""Node_type"": ""DDS75-LB"", ""Sensor_flag"": 1, ""TempC_DS18B20"": 32.76}"
2025-09-18 14:41:41.873891199+00:00,dds75-lb-18,2,-47,9.0,"{""Bat"": 3.327, ""Distance_mm"": 897, ""Interrupt_flag"": 0, ""Node_type"": ""DDS75-LB"", ""Sensor_flag"": 1, ""TempC_DS18B20"": 32.76}"
2025-09-18 15:01:41.701892056+00:00,dds75-lb-18,2,-49,9.0,"{""Bat"": 3.327, ""Distance_mm"": 898, ""Interrupt_flag"": 0, ""Node_type"": ""DDS75-LB"", ""Sensor_flag"": 1, ""TempC_DS18B20"": 32.76}"
2025-09-18 15:21:41.424974953+00:00,dds75-lb-18,2,-45,7.25,"{""Bat"": 3.327, ""Distance_mm"": 898, ""Interrupt_flag"": 0, ""Node_type"": ""DDS75-LB"", ""Sensor_flag"": 1, ""TempC_DS18B20"": 32.76}"
2025-09-18 15:41:41.214288994+00:00,dds75-lb-18,2,-47,7.5,"{""Bat"": 3.327, ""Distance_mm"": 898, ""Interrupt_flag"": 0, ""Node_type"": ""DDS75-LB"", ""Sensor_flag"": 1, ""TempC_DS18B20"": 32.76}"
2025-09-18 16:01:40.975939529+00:00,dds75-lb-18,2,-49,9.75,"{""Bat"": 3.327, ""Distance_mm"": 897, ""Interrupt_flag"": 0, ""Node_type"": ""DDS75-LB"", ""Sensor_flag"": 1, ""TempC_DS18B20"": 32.76}"
2025-09-18 16:21:40.760177711+00:00,dds75-lb-18,2,-49,9.5,"{""Bat"": 3.327, ""Distance_mm"": 897, ""Interrupt_flag"": 0, ""Node_type"": ""DDS75-LB"", ""Sensor_flag"": 1, ""TempC_DS18B20"": 32.76}"
2025-09-18 16:41:40.530740544+00:00,dds75-lb-18,2,-49,9.5,"{""Bat"": 3.327, ""Distance_mm"": 897, ""Interrupt_flag"": 0, ""Node_type"": ""DDS75-LB"", ""Sensor_flag"": 1, ""TempC_DS18B20"": 32.76}"
2025-09-18 17:01:40.295655970+00:00,dds75-lb-18,2,-46,9.5,"{""Bat"": 3.327, ""Distance_mm"": 897, ""Interrupt_flag"": 0, ""Node_type"": ""DDS75-LB"", ""Sensor_flag"": 1, ""TempC_DS18B20"": 32.76}"
2025-09-18 17:21:40.060582545+00:00,dds75-lb-18,2,-47,9.25,"{""Bat"": 3.327, ""Distance_mm"": 897, ""Interrupt_flag"": 0, ""Node_type"": ""DDS75-LB"", ""Sensor_flag"": 1, ""TempC_DS18B20"": 32.76}"
2025-09-18 17:41:39.833092824+00:00,dds75-lb-18,2,-49,9.5,"{""Bat"": 3.327, ""Distance_mm"": 897, ""Interrupt_flag"": 0, ""Node_type"": ""DDS75-LB"", ""Sensor_flag"": 1, ""TempC_DS18B20"": 32.76}"
2025-09-18 18:01:39.621290660+00:00,dds75-lb-18,2,-49,10.0,"{""Bat"": 3.327, ""Distance_mm"": 897, ""Interrupt_flag"": 0, ""Node_type"": ""DDS75-LB"", ""Sensor_flag"": 1, ""TempC_DS18B20"": 32.76}"
2025-09-18 18:21:39.393937578+00:00,dds75-lb-18,2,-49,10.25,"{""Bat"": 3.327, ""Distance_mm"": 897, ""Interrupt_flag"": 0, ""Node_type"": ""DDS75-LB"", ""Sensor_flag"": 1, ""TempC_DS18B20"": 32.76}"
2025-09-18 18:41:39.180517377+00:00,dds75-lb-18,2,-47,7.75,"{""Bat"": 3.327, ""Distance_mm"": 897, ""Interrupt_flag"": 0, ""Node_type"": ""DDS75-LB"", ""Sensor_flag"": 1, ""TempC_DS18B20"": 32.76}"
2025-09-18 19:01:38.933172962+00:00,dds75-lb-18,2,-47,9.75,"{""Bat"": 3.327, ""Distance_mm"": 897, ""Interrupt_flag"": 0, ""Node_type"": ""DDS75-LB"", ""Sensor_flag"": 1, ""TempC_DS18B20"": 32.76}"
2025-09-18 19:21:38.719829759+00:00,dds75-lb-18,2,-48,9.75,"{""Bat"": 3.327, ""Distance_mm"": 897, ""Interrupt_flag"": 0, ""Node_type"": ""DDS75-LB"", ""Sensor_flag"": 1, ""TempC_DS18B20"": 32.76}"
2025-09-18 19:41:38.476988793+00:00,dds75-lb-18,2,-49,7.5,"{""Bat"": 3.327, ""Distance_mm"": 897, ""Interrupt_flag"": 0, ""Node_type"": ""DDS75-LB"", ""Sensor_flag"": 1, ""TempC_DS18B20"": 32.76}"
2025-09-18 20:01:38.261559222+00:00,dds75-lb-18,2,-49,9.0,"{""Bat"": 3.327, ""Distance_mm"": 897, ""Interrupt_flag"": 0, ""Node_type"": ""DDS75-LB"", ""Sensor_flag"": 1, ""TempC_DS18B20"": 32.76}"
2025-09-18 20:21:38.030308059+00:00,dds75-lb-18,2,-51,9.75,"{""Bat"": 3.327, ""Distance_mm"": 897, ""Interrupt_flag"": 0, ""Node_type"": ""DDS75-LB"", ""Sensor_flag"": 1, ""TempC_DS18B20"": 32.76}"
2025-09-18 20:41:37.809564746+00:00,dds75-lb-18,2,-49,10.5,"{""Bat"": 3.327, ""Distance_mm"": 897, ""Interrupt_flag"": 0, ""Node_type"": ""DDS75-LB"", ""Sensor_flag"": 1, ""TempC_DS18B20"": 32.76}"
2025-09-18 21:01:37.584714410+00:00,dds75-lb-18,2,-49,7.0,"{""Bat"": 3.327, ""Distance_mm"": 897, ""Interrupt_flag"": 0, ""Node_type"": ""DDS75-LB"", ""Sensor_flag"": 1, ""TempC_DS18B20"": 32.76}"
2025-09-18 21:21:37.355650414+00:00,dds75-lb-18,2,-53,7.25,"{""Bat"": 3.327, ""Distance_mm"": 897, ""Interrupt_flag"": 0, ""Node_type"": ""DDS75-LB"", ""Sensor_flag"": 1, ""TempC_DS18B20"": 32.76}"
2025-09-18 21:41:37.124507960+00:00,dds75-lb-18,2,-49,9.5,"{""Bat"": 3.327, ""Distance_mm"": 897, ""Interrupt_flag"": 0, ""Node_type"": ""DDS75-LB"", ""Sensor_flag"": 1, ""TempC_DS18B20"": 32.76}"
2025-09-18 22:01:36.907493691+00:00,dds75-lb-18,2,-53,10.5,"{""Bat"": 3.327, ""Distance_mm"": 897, ""Interrupt_flag"": 0, ""Node_type"": ""DDS75-LB"", ""Sensor_flag"": 1, ""TempC_DS18B20"": 32.76}"
2025-09-18 22:21:36.676691286+00:00,dds75-lb-18,2,-51,6.5,"{""Bat"": 3.327, ""Distance_mm"": 897, ""Interrupt_flag"": 0, ""Node_type"": ""DDS75-LB"", ""Sensor_flag"": 1, ""TempC_DS18B20"": 32.76}"
2025-09-18 22:41:36.464972471+00:00,dds75-lb-18,2,-50,9.25,"{""Bat"": 3.327, ""Distance_mm"": 897, ""Interrupt_flag"": 0, ""Node_type"": ""DDS75-LB"", ""Sensor_flag"": 1, ""TempC_DS18B20"": 32.76}"
2025-09-18 23:01:36.248905480+00:00,dds75-lb-18,2,-53,9.25,"{""Bat"": 3.327, ""Distance_mm"": 897, ""Interrupt_flag"": 0, ""Node_type"": ""DDS75-LB"", ""Sensor_flag"": 1, ""TempC_DS18B20"": 32.76}"
2025-09-18 23:21:35.984045605+00:00,dds75-lb-18,2,-49,7.25,"{""Bat"": 3.327, ""Distance_mm"": 898, ""Interrupt_flag"": 0, ""Node_type"": ""DDS75-LB"", ""Sensor_flag"": 1, ""TempC_DS18B20"": 32.76}"
2025-09-18 23:41:35.763227532+00:00,dds75-lb-18,2,-49,7.5,"{""Bat"": 3.327, ""Distance_mm"": 897, ""Interrupt_flag"": 0, ""Node_type"": ""DDS75-LB"", ""Sensor_flag"": 1, ""TempC_DS18B20"": 32.76}"
2025-09-19 00:01:35.568815982+00:00,dds75-lb-18,2,-47,7.0,"{""Bat"": 3.327, ""Distance_mm"": 897, ""Interrupt_flag"": 0, ""Node_type"": ""DDS75-LB"", ""Sensor_flag"": 1, ""TempC_DS18B20"": 32.76}"
2025-09-19 00:21:35.320480073+00:00,dds75-lb-18,2,-49,10.0,"{""Bat"": 3.327, ""Distance_mm"": 897, ""Interrupt_flag"": 0, ""Node_type"": ""DDS75-LB"", ""Sensor_flag"": 1, ""TempC_DS18B20"": 32.76}"
2025-09-19 00:41:35.119920385+00:00,dds75-lb-18,2,-51,9.75,"{""Bat"": 3.327, ""Distance_mm"": 897, ""Interrupt_flag"": 0, ""Node_type"": ""DDS75-LB"", ""Sensor_flag"": 1, ""TempC_DS18B20"": 32.76}"
2025-09-19 01:01:34.868622274+00:00,dds75-lb-18,2,-51,9.5,"{""Bat"": 3.327, ""Distance_mm"": 897, ""Interrupt_flag"": 0, ""Node_type"": ""DDS75-LB"", ""Sensor_flag"": 1, ""TempC_DS18B20"": 32.76}"
2025-09-19 01:21:34.644911411+00:00,dds75-lb-18,2,-51,9.5,"{""Bat"": 3.327, ""Distance_mm"": 897, ""Interrupt_flag"": 0, ""Node_type"": ""DDS75-LB"", ""Sensor_flag"": 1, ""TempC_DS18B20"": 32.76}"
2025-09-19 01:41:34.413157494+00:00,dds75-lb-18,2,-50,9.5,"{""Bat"": 3.327, ""Distance_mm"": 897, ""Interrupt_flag"": 0, ""Node_type"": ""DDS75-LB"", ""Sensor_flag"": 1, ""TempC_DS18B20"": 32.76}"
2025-09-19 02:01:34.186099918+00:00,dds75-lb-18,2,-49,9.25,"{""Bat"": 3.327, ""Distance_mm"": 897, ""Interrupt_flag"": 0, ""Node_type"": ""DDS75-LB"", ""Sensor_flag"": 1, ""TempC_DS18B20"": 32.76}"
2025-09-19 02:21:33.955606271+00:00,dds75-lb-18,2,-48,9.25,"{""Bat"": 3.327, ""Distance_mm"": 897, ""Interrupt_flag"": 0, ""Node_type"": ""DDS75-LB"", ""Sensor_flag"": 1, ""TempC_DS18B20"": 32.76}"
2025-09-19 02:41:33.742735351+00:00,dds75-lb-18,2,-51,7.25,"{""Bat"": 3.327, ""Distance_mm"": 897, ""Interrupt_flag"": 0, ""Node_type"": ""DDS75-LB"", ""Sensor_flag"": 1, ""TempC_DS18B20"": 32.76}"
2025-09-19 03:01:33.522085655+00:00,dds75-lb-18,2,-45,10.25,"{""Bat"": 3.327, ""Distance_mm"": 897, ""Interrupt_flag"": 0, ""Node_type"": ""DDS75-LB"", ""Sensor_flag"": 1, ""TempC_DS18B20"": 32.76}"
2025-09-19 03:21:33.284446596+00:00,dds75-lb-18,2,-50,9.25,"{""Bat"": 3.327, ""Distance_mm"": 897, ""Interrupt_flag"": 0, ""Node_type"": ""DDS75-LB"", ""Sensor_flag"": 1, ""TempC_DS18B20"": 32.76}"
2025-09-19 03:41:33.081886674+00:00,dds75-lb-18,2,-47,7.5,"{""Bat"": 3.327, ""Distance_mm"": 897, ""Interrupt_flag"": 0, ""Node_type"": ""DDS75-LB"", ""Sensor_flag"": 1, ""TempC_DS18B20"": 32.76}"
2025-09-19 04:01:32.841130241+00:00,dds75-lb-18,2,-49,10.25,"{""Bat"": 3.327, ""Distance_mm"": 897, ""Interrupt_flag"": 0, ""Node_type"": ""DDS75-LB"", ""Sensor_flag"": 1, ""TempC_DS18B20"": 32.76}"
2025-09-19 04:21:32.626299194+00:00,dds75-lb-18,2,-47,9.5,"{""Bat"": 3.327, ""Distance_mm"": 897, ""Interrupt_flag"": 0, ""Node_type"": ""DDS75-LB"", ""Sensor_flag"": 1, ""TempC_DS18B20"": 32.76}"
2025-09-19 04:41:32.396904035+00:00,dds75-lb-18,2,-47,6.75,"{""Bat"": 3.327, ""Distance_mm"": 897, ""Interrupt_flag"": 0, ""Node_type"": ""DDS75-LB"", ""Sensor_flag"": 1, ""TempC_DS18B20"": 32.76}"
2025-09-19 05:01:32.161532626+00:00,dds75-lb-18,2,-45,8.75,"{""Bat"": 3.327, ""Distance_mm"": 897, ""Interrupt_flag"": 0, ""Node_type"": ""DDS75-LB"", ""Sensor_flag"": 1, ""TempC_DS18B20"": 32.76}"
2025-09-19 05:21:31.940080852+00:00,dds75-lb-18,2,-47,7.5,"{""Bat"": 3.327, ""Distance_mm"": 897, ""Interrupt_flag"": 0, ""Node_type"": ""DDS75-LB"", ""Sensor_flag"": 1, ""TempC_DS18B20"": 32.76}"
2025-09-19 05:41:31.712192110+00:00,dds75-lb-18,2,-47,10.25,"{""Bat"": 3.327, ""Distance_mm"": 897, ""Interrupt_flag"": 0, ""Node_type"": ""DDS75-LB"", ""Sensor_flag"": 1, ""TempC_DS18B20"": 32.76}"
2025-09-19 06:01:31.503562488+00:00,dds75-lb-18,2,-50,10.25,"{""Bat"": 3.327, ""Distance_mm"": 897, ""Interrupt_flag"": 0, ""Node_type"": ""DDS75-LB"", ""Sensor_flag"": 1, ""TempC_DS18B20"": 32.76}"
2025-09-19 06:21:31.251318036+00:00,dds75-lb-18,2,-47,7.0,"{""Bat"": 3.327, ""Distance_mm"": 897, ""Interrupt_flag"": 0, ""Node_type"": ""DDS75-LB"", ""Sensor_flag"": 1, ""TempC_DS18B20"": 32.76}"
2025-09-19 06:41:31.039297505+00:00,dds75-lb-18,2,-45,9.0,"{""Bat"": 3.327, ""Distance_mm"": 897, ""Interrupt_flag"": 0, ""Node_type"": ""DDS75-LB"", ""Sensor_flag"": 1, ""TempC_DS18B20"": 32.76}"
2025-09-19 07:01:30.805892611+00:00,dds75-lb-18,2,-125,-9.25,"{""Bat"": 3.327, ""Distance_mm"": 861, ""Interrupt_flag"": 0, ""Node_type"": ""DDS75-LB"", ""Sensor_flag"": 1, ""TempC_DS18B20"": 32.76}"
2025-09-19 07:21:30.592805788+00:00,dds75-lb-18,2,-44,7.25,"{""Bat"": 3.327, ""Distance_mm"": 865, ""Interrupt_flag"": 0, ""Node_type"": ""DDS75-LB"", ""Sensor_flag"": 1, ""TempC_DS18B20"": 32.76}"
2025-09-19 07:41:30.363819764+00:00,dds75-lb-18,2,-45,10.0,"{""Bat"": 3.327, ""Distance_mm"": 866, ""Interrupt_flag"": 0, ""Node_type"": ""DDS75-LB"", ""Sensor_flag"": 1, ""TempC_DS18B20"": 32.76}"
2025-09-19 08:01:30.126535349+00:00,dds75-lb-18,2,-45,7.0,"{""Bat"": 3.327, ""Distance_mm"": 866, ""Interrupt_flag"": 0, ""Node_type"": ""DDS75-LB"", ""Sensor_flag"": 1, ""TempC_DS18B20"": 32.76}"
2025-09-19 08:21:29.902590389+00:00,dds75-lb-18,2,-44,8.25,"{""Bat"": 3.327, ""Distance_mm"": 901, ""Interrupt_flag"": 0, ""Node_type"": ""DDS75-LB"", ""Sensor_flag"": 1, ""TempC_DS18B20"": 32.76}"
2025-09-19 08:41:29.682343866+00:00,dds75-lb-18,2,-49,10.5,"{""Bat"": 3.327, ""Distance_mm"": 901, ""Interrupt_flag"": 0, ""Node_type"": ""DDS75-LB"", ""Sensor_flag"": 1, ""TempC_DS18B20"": 32.76}"
2025-09-19 09:01:29.466231479+00:00,dds75-lb-18,2,-47,9.75,"{""Bat"": 3.327, ""Distance_mm"": 897, ""Interrupt_flag"": 0, ""Node_type"": ""DDS75-LB"", ""Sensor_flag"": 1, ""TempC_DS18B20"": 32.76}"
2025-09-19 09:21:29.235911448+00:00,dds75-lb-18,2,-49,9.5,"{""Bat"": 3.327, ""Distance_mm"": 897, ""Interrupt_flag"": 0, ""Node_type"": ""DDS75-LB"", ""Sensor_flag"": 1, ""TempC_DS18B20"": 32.76}"
2025-09-19 09:41:29.013366362+00:00,dds75-lb-18,2,-50,9.25,"{""Bat"": 3.327, ""Distance_mm"": 897, ""Interrupt_flag"": 0, ""Node_type"": ""DDS75-LB"", ""Sensor_flag"": 1, ""TempC_DS18B20"": 32.76}"
2025-09-19 10:01:28.781410946+00:00,dds75-lb-18,2,-48,9.25,"{""Bat"": 3.327, ""Distance_mm"": 898, ""Interrupt_flag"": 0, ""Node_type"": ""DDS75-LB"", ""Sensor_flag"": 1, ""TempC_DS18B20"": 32.76}"
2025-09-19 10:21:28.560589633+00:00,dds75-lb-18,2,-50,9.25,"{""Bat"": 3.327, ""Distance_mm"": 897, ""Interrupt_flag"": 0, ""Node_type"": ""DDS75-LB"", ""Sensor_flag"": 1, ""TempC_DS18B20"": 32.76}"
2025-09-19 10:41:28.319013448+00:00,dds75-lb-18,2,-53,6.75,"{""Bat"": 3.327, ""Distance_mm"": 897, ""Interrupt_flag"": 0, ""Node_type"": ""DDS75-LB"", ""Sensor_flag"": 1, ""TempC_DS18B20"": 32.76}"
2025-09-19 11:01:28.095455874+00:00,dds75-lb-18,2,-50,9.75,"{""Bat"": 3.327, ""Distance_mm"": 897, ""Interrupt_flag"": 0, ""Node_type"": ""DDS75-LB"", ""Sensor_flag"": 1, ""TempC_DS18B20"": 32.76}"
2025-09-19 11:21:27.856860678+00:00,dds75-lb-18,2,-53,10.5,"{""Bat"": 3.327, ""Distance_mm"": 897, ""Interrupt_flag"": 0, ""Node_type"": ""DDS75-LB"", ""Sensor_flag"": 1, ""TempC_DS18B20"": 32.76}"
2025-09-19 11:41:27.629495300+00:00,dds75-lb-18,2,-55,7.0,"{""Bat"": 3.327, ""Distance_mm"": 898, ""Interrupt_flag"": 0, ""Node_type"": ""DDS75-LB"", ""Sensor_flag"": 1, ""TempC_DS18B20"": 32.76}"
2025-09-19 12:01:27.394555296+00:00,dds75-lb-18,2,-51,10.25,"{""Bat"": 3.327, ""Distance_mm"": 897, ""Interrupt_flag"": 0, ""Node_type"": ""DDS75-LB"", ""Sensor_flag"": 1, ""TempC_DS18B20"": 32.76}"
2025-09-19 12:21:27.191647667+00:00,dds75-lb-18,2,-51,10.25,"{""Bat"": 3.327, ""Distance_mm"": 897, ""Interrupt_flag"": 0, ""Node_type"": ""DDS75-LB"", ""Sensor_flag"": 1, ""TempC_DS18B20"": 32.76}"
2025-09-19 12:41:26.959780030+00:00,dds75-lb-18,2,-50,7.5,"{""Bat"": 3.327, ""Distance_mm"": 897, ""Interrupt_flag"": 0, ""Node_type"": ""DDS75-LB"", ""Sensor_flag"": 1, ""TempC_DS18B20"": 32.76}"
2025-09-19 13:01:26.841464677+00:00,dds75-lb-18,2,-48,8.5,"{""Bat"": 3.327, ""Distance_mm"": 897, ""Interrupt_flag"": 0, ""Node_type"": ""DDS75-LB"", ""Sensor_flag"": 1, ""TempC_DS18B20"": 32.76}"
2025-09-19 13:21:26.501768946+00:00,dds75-lb-18,2,-122,-6.0,"{""Bat"": 3.327, ""Distance_mm"": 890, ""Interrupt_flag"": 0, ""Node_type"": ""DDS75-LB"", ""Sensor_flag"": 1, ""TempC_DS18B20"": 32.76}"
2025-09-19 13:41:26.280819195+00:00,dds75-lb-18,2,-49,9.5,"{""Bat"": 3.327, ""Distance_mm"": 895, ""Interrupt_flag"": 0, ""Node_type"": ""DDS75-LB"", ""Sensor_flag"": 1, ""TempC_DS18B20"": 32.76}"
2025-09-19 14:01:26.062625963+00:00,dds75-lb-18,2,-50,9.25,"{""Bat"": 3.327, ""Distance_mm"": 867, ""Interrupt_flag"": 0, ""Node_type"": ""DDS75-LB"", ""Sensor_flag"": 1, ""TempC_DS18B20"": 32.76}"
2025-09-19 14:21:25.841204945+00:00,dds75-lb-18,2,-49,6.5,"{""Bat"": 3.327, ""Distance_mm"": 880, ""Interrupt_flag"": 0, ""Node_type"": ""DDS75-LB"", ""Sensor_flag"": 1, ""TempC_DS18B20"": 32.76}"
2025-09-19 14:41:25.625520584+00:00,dds75-lb-18,2,-49,9.5,"{""Bat"": 3.327, ""Distance_mm"": 893, ""Interrupt_flag"": 0, ""Node_type"": ""DDS75-LB"", ""Sensor_flag"": 1, ""TempC_DS18B20"": 32.76}"
2025-09-19 15:01:25.382767516+00:00,dds75-lb-18,2,-51,10.5,"{""Bat"": 3.327, ""Distance_mm"": 893, ""Interrupt_flag"": 0, ""Node_type"": ""DDS75-LB"", ""Sensor_flag"": 1, ""TempC_DS18B20"": 32.76}"
2025-09-19 15:21:25.184321908+00:00,dds75-lb-18,2,-47,8.25,"{""Bat"": 3.327, ""Distance_mm"": 895, ""Interrupt_flag"": 0, ""Node_type"": ""DDS75-LB"", ""Sensor_flag"": 1, ""TempC_DS18B20"": 32.76}"
2025-09-19 15:41:24.925461678+00:00,dds75-lb-18,2,-48,9.25,"{""Bat"": 3.327, ""Distance_mm"": 893, ""Interrupt_flag"": 0, ""Node_type"": ""DDS75-LB"", ""Sensor_flag"": 1, ""TempC_DS18B20"": 32.76}"
2025-09-19 16:01:24.711511469+00:00,dds75-lb-18,2,-47,7.5,"{""Bat"": 3.327, ""Distance_mm"": 893, ""Interrupt_flag"": 0, ""Node_type"": ""DDS75-LB"", ""Sensor_flag"": 1, ""TempC_DS18B20"": 32.76}"
2025-09-19 16:21:25.584531820+00:00,dds75-lb-18,2,-53,9.0,"{""Bat"": 3.327, ""Distance_mm"": 893, ""Interrupt_flag"": 0, ""Node_type"": ""DDS75-LB"", ""Sensor_flag"": 1, ""TempC_DS18B20"": 32.76}"
2025-09-19 16:41:24.245322742+00:00,dds75-lb-18,2,-53,9.5,"{""Bat"": 3.327, ""Distance_mm"": 893, ""Interrupt_flag"": 0, ""Node_type"": ""DDS75-LB"", ""Sensor_flag"": 1, ""TempC_DS18B20"": 32.76}"
2025-09-19 17:01:24.025247770+00:00,dds75-lb-18,2,-51,9.25,"{""Bat"": 3.327, ""Distance_mm"": 893, ""Interrupt_flag"": 0, ""Node_type"": ""DDS75-LB"", ""Sensor_flag"": 1, ""TempC_DS18B20"": 32.76}"
2025-09-19 17:21:23.804635660+00:00,dds75-lb-18,2,-51,9.75,"{""Bat"": 3.327, ""Distance_mm"": 897, ""Interrupt_flag"": 0, ""Node_type"": ""DDS75-LB"", ""Sensor_flag"": 1, ""TempC_DS18B20"": 32.76}"
2025-09-19 17:41:23.582454161+00:00,dds75-lb-18,2,-51,9.5,"{""Bat"": 3.327, ""Distance_mm"": 893, ""Interrupt_flag"": 0, ""Node_type"": ""DDS75-LB"", ""Sensor_flag"": 1, ""TempC_DS18B20"": 32.76}"
2025-09-19 18:01:23.357356084+00:00,dds75-lb-18,2,-49,7.25,"{""Bat"": 3.327, ""Distance_mm"": 893, ""Interrupt_flag"": 0, ""Node_type"": ""DDS75-LB"", ""Sensor_flag"": 1, ""TempC_DS18B20"": 32.76}"
2025-09-19 18:21:23.116024618+00:00,dds75-lb-18,2,-53,10.5,"{""Bat"": 3.327, ""Distance_mm"": 893, ""Interrupt_flag"": 0, ""Node_type"": ""DDS75-LB"", ""Sensor_flag"": 1, ""TempC_DS18B20"": 32.76}"
2025-09-19 18:41:22.889305812+00:00,dds75-lb-18,2,-53,9.0,"{""Bat"": 3.327, ""Distance_mm"": 897, ""Interrupt_flag"": 0, ""Node_type"": ""DDS75-LB"", ""Sensor_flag"": 1, ""TempC_DS18B20"": 32.76}"
2025-09-19 19:01:22.670902014+00:00,dds75-lb-18,2,-53,9.75,"{""Bat"": 3.327, ""Distance_mm"": 897, ""Interrupt_flag"": 0, ""Node_type"": ""DDS75-LB"", ""Sensor_flag"": 1, ""TempC_DS18B20"": 32.76}"
2025-09-19 19:21:22.468870761+00:00,dds75-lb-18,2,-53,9.75,"{""Bat"": 3.327, ""Distance_mm"": 897, ""Interrupt_flag"": 0, ""Node_type"": ""DDS75-LB"", ""Sensor_flag"": 1, ""TempC_DS18B20"": 32.76}"
2025-09-19 19:41:22.211686079+00:00,dds75-lb-18,2,-53,7.75,"{""Bat"": 3.327, ""Distance_mm"": 897, ""Interrupt_flag"": 0, ""Node_type"": ""DDS75-LB"", ""Sensor_flag"": 1, ""TempC_DS18B20"": 32.76}"
2025-09-19 20:01:21.982560382+00:00,dds75-lb-18,2,-51,9.5,"{""Bat"": 3.327, ""Distance_mm"": 897, ""Interrupt_flag"": 0, ""Node_type"": ""DDS75-LB"", ""Sensor_flag"": 1, ""TempC_DS18B20"": 32.76}"
2025-09-19 20:21:21.757324489+00:00,dds75-lb-18,2,-51,9.5,"{""Bat"": 3.327, ""Distance_mm"": 898, ""Interrupt_flag"": 0, ""Node_type"": ""DDS75-LB"", ""Sensor_flag"": 1, ""TempC_DS18B20"": 32.76}"
2025-09-19 20:41:21.544044598+00:00,dds75-lb-18,2,-53,7.75,"{""Bat"": 3.327, ""Distance_mm"": 898, ""Interrupt_flag"": 0, ""Node_type"": ""DDS75-LB"", ""Sensor_flag"": 1, ""TempC_DS18B20"": 32.76}"
2025-09-19 21:01:21.320808017+00:00,dds75-lb-18,2,-51,10.5,"{""Bat"": 3.327, ""Distance_mm"": 898, ""Interrupt_flag"": 0, ""Node_type"": ""DDS75-LB"", ""Sensor_flag"": 1, ""TempC_DS18B20"": 32.76}"
2025-09-19 21:21:21.082922650+00:00,dds75-lb-18,2,-53,10.0,"{""Bat"": 3.327, ""Distance_mm"": 898, ""Interrupt_flag"": 0, ""Node_type"": ""DDS75-LB"", ""Sensor_flag"": 1, ""TempC_DS18B20"": 32.76}"
2025-09-19 21:41:20.876608164+00:00,dds75-lb-18,2,-51,9.5,"{""Bat"": 3.327, ""Distance_mm"": 898, ""Interrupt_flag"": 0, ""Node_type"": ""DDS75-LB"", ""Sensor_flag"": 1, ""TempC_DS18B20"": 32.76}"
2025-09-19 22:01:20.650121828+00:00,dds75-lb-18,2,-53,9.25,"{""Bat"": 3.327, ""Distance_mm"": 897, ""Interrupt_flag"": 0, ""Node_type"": ""DDS75-LB"", ""Sensor_flag"": 1, ""TempC_DS18B20"": 32.76}"
2025-09-19 22:21:20.402305645+00:00,dds75-lb-18,2,-53,7.75,"{""Bat"": 3.327, ""Distance_mm"": 897, ""Interrupt_flag"": 0, ""Node_type"": ""DDS75-LB"", ""Sensor_flag"": 1, ""TempC_DS18B20"": 32.76}"
2025-09-19 22:41:20.175585680+00:00,dds75-lb-18,2,-50,9.5,"{""Bat"": 3.327, ""Distance_mm"": 897, ""Interrupt_flag"": 0, ""Node_type"": ""DDS75-LB"", ""Sensor_flag"": 1, ""TempC_DS18B20"": 32.76}"
2025-09-19 23:01:19.954266329+00:00,dds75-lb-18,2,-53,9.5,"{""Bat"": 3.327, ""Distance_mm"": 897, ""Interrupt_flag"": 0, ""Node_type"": ""DDS75-LB"", ""Sensor_flag"": 1, ""TempC_DS18B20"": 32.76}"
2025-09-19 23:21:19.734571618+00:00,dds75-lb-18,2,-51,7.25,"{""Bat"": 3.327, ""Distance_mm"": 897, ""Interrupt_flag"": 0, ""Node_type"": ""DDS75-LB"", ""Sensor_flag"": 1, ""TempC_DS18B20"": 32.76}"
2025-09-19 23:41:19.512946957+00:00,dds75-lb-18,2,-51,8.0,"{""Bat"": 3.327, ""Distance_mm"": 897, ""Interrupt_flag"": 0, ""Node_type"": ""DDS75-LB"", ""Sensor_flag"": 1, ""TempC_DS18B20"": 32.76}"
2025-09-20 00:01:19.285435288+00:00,dds75-lb-18,2,-50,8.25,"{""Bat"": 3.327, ""Distance_mm"": 897, ""Interrupt_flag"": 0, ""Node_type"": ""DDS75-LB"", ""Sensor_flag"": 1, ""TempC_DS18B20"": 32.76}"
2025-09-20 00:21:19.036040370+00:00,dds75-lb-18,2,-53,10.25,"{""Bat"": 3.327, ""Distance_mm"": 898, ""Interrupt_flag"": 0, ""Node_type"": ""DDS75-LB"", ""Sensor_flag"": 1, ""TempC_DS18B20"": 32.76}"
2025-09-20 00:41:18.848834417+00:00,dds75-lb-18,2,-51,9.75,"{""Bat"": 3.327, ""Distance_mm"": 898, ""Interrupt_flag"": 0, ""Node_type"": ""DDS75-LB"", ""Sensor_flag"": 1, ""TempC_DS18B20"": 32.76}"
2025-09-20 01:01:18.595941185+00:00,dds75-lb-18,2,-53,8.5,"{""Bat"": 3.327, ""Distance_mm"": 898, ""Interrupt_flag"": 0, ""Node_type"": ""DDS75-LB"", ""Sensor_flag"": 1, ""TempC_DS18B20"": 32.76}"
2025-09-20 01:21:18.359230500+00:00,dds75-lb-18,2,-51,9.5,"{""Bat"": 3.327, ""Distance_mm"": 897, ""Interrupt_flag"": 0, ""Node_type"": ""DDS75-LB"", ""Sensor_flag"": 1, ""TempC_DS18B20"": 32.76}"
2025-09-20 01:41:18.152232786+00:00,dds75-lb-18,2,-53,10.0,"{""Bat"": 3.327, ""Distance_mm"": 897, ""Interrupt_flag"": 0, ""Node_type"": ""DDS75-LB"", ""Sensor_flag"": 1, ""TempC_DS18B20"": 32.76}"
2025-09-20 02:01:17.922989283+00:00,dds75-lb-18,2,-50,9.25,"{""Bat"": 3.327, ""Distance_mm"": 897, ""Interrupt_flag"": 0, ""Node_type"": ""DDS75-LB"", ""Sensor_flag"": 1, ""TempC_DS18B20"": 32.76}"
2025-09-20 02:21:17.703120874+00:00,dds75-lb-18,2,-50,7.5,"{""Bat"": 3.327, ""Distance_mm"": 897, ""Interrupt_flag"": 0, ""Node_type"": ""DDS75-LB"", ""Sensor_flag"": 1, ""TempC_DS18B20"": 32.76}"
2025-09-20 02:41:17.484312921+00:00,dds75-lb-18,2,-53,7.5,"{""Bat"": 3.327, ""Distance_mm"": 897, ""Interrupt_flag"": 0, ""Node_type"": ""DDS75-LB"", ""Sensor_flag"": 1, ""TempC_DS18B20"": 32.76}"
2025-09-20 03:01:17.246423265+00:00,dds75-lb-18,2,-50,9.0,"{""Bat"": 3.327, ""Distance_mm"": 898, ""Interrupt_flag"": 0, ""Node_type"": ""DDS75-LB"", ""Sensor_flag"": 1, ""TempC_DS18B20"": 32.76}"
2025-09-20 03:21:17.012398814+00:00,dds75-lb-18,2,-53,9.0,"{""Bat"": 3.327, ""Distance_mm"": 898, ""Interrupt_flag"": 0, ""Node_type"": ""DDS75-LB"", ""Sensor_flag"": 1, ""TempC_DS18B20"": 32.76}"
2025-09-20 03:41:16.797678714+00:00,dds75-lb-18,2,-51,7.5,"{""Bat"": 3.327, ""Distance_mm"": 898, ""Interrupt_flag"": 0, ""Node_type"": ""DDS75-LB"", ""Sensor_flag"": 1, ""TempC_DS18B20"": 32.76}"
2025-09-20 04:01:16.563929140+00:00,dds75-lb-18,2,-51,9.25,"{""Bat"": 3.327, ""Distance_mm"": 898, ""Interrupt_flag"": 0, ""Node_type"": ""DDS75-LB"", ""Sensor_flag"": 1, ""TempC_DS18B20"": 32.76}"
2025-09-20 04:21:16.335876836+00:00,dds75-lb-18,2,-53,9.0,"{""Bat"": 3.327, ""Distance_mm"": 897, ""Interrupt_flag"": 0, ""Node_type"": ""DDS75-LB"", ""Sensor_flag"": 1, ""TempC_DS18B20"": 32.76}"
2025-09-20 04:41:16.115020395+00:00,dds75-lb-18,2,-47,7.0,"{""Bat"": 3.327, ""Distance_mm"": 897, ""Interrupt_flag"": 0, ""Node_type"": ""DDS75-LB"", ""Sensor_flag"": 1, ""TempC_DS18B20"": 32.76}"
2025-09-20 05:01:15.899891332+00:00,dds75-lb-18,2,-49,7.25,"{""Bat"": 3.327, ""Distance_mm"": 897, ""Interrupt_flag"": 0, ""Node_type"": ""DDS75-LB"", ""Sensor_flag"": 1, ""TempC_DS18B20"": 32.76}"
2025-09-20 05:21:15.660103373+00:00,dds75-lb-18,2,-51,10.25,"{""Bat"": 3.327, ""Distance_mm"": 897, ""Interrupt_flag"": 0, ""Node_type"": ""DDS75-LB"", ""Sensor_flag"": 1, ""TempC_DS18B20"": 32.76}"
2025-09-20 05:41:15.439939030+00:00,dds75-lb-18,2,-51,9.25,"{""Bat"": 3.327, ""Distance_mm"": 897, ""Interrupt_flag"": 0, ""Node_type"": ""DDS75-LB"", ""Sensor_flag"": 1, ""TempC_DS18B20"": 32.76}"
2025-09-20 06:01:15.209623411+00:00,dds75-lb-18,2,-51,10.0,"{""Bat"": 3.327, ""Distance_mm"": 898, ""Interrupt_flag"": 0, ""Node_type"": ""DDS75-LB"", ""Sensor_flag"": 1, ""TempC_DS18B20"": 32.76}"
2025-09-20 06:21:14.972262525+00:00,dds75-lb-18,2,-53,10.25,"{""Bat"": 3.327, ""Distance_mm"": 897, ""Interrupt_flag"": 0, ""Node_type"": ""DDS75-LB"", ""Sensor_flag"": 1, ""TempC_DS18B20"": 32.76}"
2025-09-20 06:41:14.747491387+00:00,dds75-lb-18,2,-50,8.5,"{""Bat"": 3.327, ""Distance_mm"": 897, ""Interrupt_flag"": 0, ""Node_type"": ""DDS75-LB"", ""Sensor_flag"": 1, ""TempC_DS18B20"": 32.76}"
2025-09-20 07:01:14.522774334+00:00,dds75-lb-18,2,-51,9.5,"{""Bat"": 3.327, ""Distance_mm"": 856, ""Interrupt_flag"": 0, ""Node_type"": ""DDS75-LB"", ""Sensor_flag"": 1, ""TempC_DS18B20"": 32.76}"
2025-09-20 07:21:14.317479834+00:00,dds75-lb-18,2,-51,9.0,"{""Bat"": 3.327, ""Distance_mm"": 861, ""Interrupt_flag"": 0, ""Node_type"": ""DDS75-LB"", ""Sensor_flag"": 1, ""TempC_DS18B20"": 32.76}"
2025-09-20 07:41:14.088573017+00:00,dds75-lb-18,2,-47,6.75,"{""Bat"": 3.327, ""Distance_mm"": 865, ""Interrupt_flag"": 0, ""Node_type"": ""DDS75-LB"", ""Sensor_flag"": 1, ""TempC_DS18B20"": 32.76}"
2025-09-20 08:01:13.848066592+00:00,dds75-lb-18,2,-50,9.25,"{""Bat"": 3.327, ""Distance_mm"": 901, ""Interrupt_flag"": 0, ""Node_type"": ""DDS75-LB"", ""Sensor_flag"": 1, ""TempC_DS18B20"": 32.76}"
2025-09-20 08:21:13.627665933+00:00,dds75-lb-18,2,-50,9.0,"{""Bat"": 3.327, ""Distance_mm"": 901, ""Interrupt_flag"": 0, ""Node_type"": ""DDS75-LB"", ""Sensor_flag"": 1, ""TempC_DS18B20"": 32.76}"
2025-09-20 08:41:13.401336960+00:00,dds75-lb-18,2,-53,10.25,"{""Bat"": 3.327, ""Distance_mm"": 901, ""Interrupt_flag"": 0, ""Node_type"": ""DDS75-LB"", ""Sensor_flag"": 1, ""TempC_DS18B20"": 32.76}"
2025-09-20 09:01:13.175902133+00:00,dds75-lb-18,2,-51,10.0,"{""Bat"": 3.327, ""Distance_mm"": 897, ""Interrupt_flag"": 0, ""Node_type"": ""DDS75-LB"", ""Sensor_flag"": 1, ""TempC_DS18B20"": 32.76}"
2025-09-20 09:21:12.989468200+00:00,dds75-lb-18,2,-51,9.5,"{""Bat"": 3.327, ""Distance_mm"": 897, ""Interrupt_flag"": 0, ""Node_type"": ""DDS75-LB"", ""Sensor_flag"": 1, ""TempC_DS18B20"": 32.76}"
2025-09-20 09:41:12.730446150+00:00,dds75-lb-18,2,-50,9.25,"{""Bat"": 3.327, ""Distance_mm"": 898, ""Interrupt_flag"": 0, ""Node_type"": ""DDS75-LB"", ""Sensor_flag"": 1, ""TempC_DS18B20"": 32.76}"
2025-09-20 10:01:12.497637828+00:00,dds75-lb-18,2,-50,9.0,"{""Bat"": 3.327, ""Distance_mm"": 897, ""Interrupt_flag"": 0, ""Node_type"": ""DDS75-LB"", ""Sensor_flag"": 1, ""TempC_DS18B20"": 32.76}"
2025-09-20 10:21:12.296849148+00:00,dds75-lb-18,2,-50,6.75,"{""Bat"": 3.327, ""Distance_mm"": 897, ""Interrupt_flag"": 0, ""Node_type"": ""DDS75-LB"", ""Sensor_flag"": 1, ""TempC_DS18B20"": 32.76}"
2025-09-20 10:41:12.049703205+00:00,dds75-lb-18,2,-51,7.75,"{""Bat"": 3.327, ""Distance_mm"": 897, ""Interrupt_flag"": 0, ""Node_type"": ""DDS75-LB"", ""Sensor_flag"": 1, ""TempC_DS18B20"": 32.76}"
2025-09-20 11:01:11.819462348+00:00,dds75-lb-18,2,-51,9.25,"{""Bat"": 3.327, ""Distance_mm"": 897, ""Interrupt_flag"": 0, ""Node_type"": ""DDS75-LB"", ""Sensor_flag"": 1, ""TempC_DS18B20"": 32.76}"
2025-09-20 11:21:11.575898031+00:00,dds75-lb-18,2,-53,9.75,"{""Bat"": 3.327, ""Distance_mm"": 898, ""Interrupt_flag"": 0, ""Node_type"": ""DDS75-LB"", ""Sensor_flag"": 1, ""TempC_DS18B20"": 32.76}"
2025-09-20 11:41:11.374864036+00:00,dds75-lb-18,2,-50,9.0,"{""Bat"": 3.327, ""Distance_mm"": 897, ""Interrupt_flag"": 0, ""Node_type"": ""DDS75-LB"", ""Sensor_flag"": 1, ""TempC_DS18B20"": 32.76}"
2025-09-20 12:01:11.141361041+00:00,dds75-lb-18,2,-49,9.5,"{""Bat"": 3.327, ""Distance_mm"": 897, ""Interrupt_flag"": 0, ""Node_type"": ""DDS75-LB"", ""Sensor_flag"": 1, ""TempC_DS18B20"": 32.76}"
2025-09-20 12:21:10.928599908+00:00,dds75-lb-18,2,-50,8.75,"{""Bat"": 3.327, ""Distance_mm"": 897, ""Interrupt_flag"": 0, ""Node_type"": ""DDS75-LB"", ""Sensor_flag"": 1, ""TempC_DS18B20"": 32.76}"
2025-09-20 12:41:10.693515110+00:00,dds75-lb-18,2,-51,8.0,"{""Bat"": 3.327, ""Distance_mm"": 897, ""Interrupt_flag"": 0, ""Node_type"": ""DDS75-LB"", ""Sensor_flag"": 1, ""TempC_DS18B20"": 32.76}"
2025-09-20 13:01:10.463823818+00:00,dds75-lb-18,2,-50,9.25,"{""Bat"": 3.327, ""Distance_mm"": 898, ""Interrupt_flag"": 0, ""Node_type"": ""DDS75-LB"", ""Sensor_flag"": 1, ""TempC_DS18B20"": 32.76}"
2025-09-20 13:21:10.244428373+00:00,dds75-lb-18,2,-53,8.0,"{""Bat"": 3.327, ""Distance_mm"": 898, ""Interrupt_flag"": 0, ""Node_type"": ""DDS75-LB"", ""Sensor_flag"": 1, ""TempC_DS18B20"": 32.76}"
2025-09-20 13:41:10.018651211+00:00,dds75-lb-18,2,-51,10.0,"{""Bat"": 3.327, ""Distance_mm"": 898, ""Interrupt_flag"": 0, ""Node_type"": ""DDS75-LB"", ""Sensor_flag"": 1, ""TempC_DS18B20"": 32.76}"
2025-09-20 14:01:09.790023644+00:00,dds75-lb-18,2,-55,10.25,"{""Bat"": 3.327, ""Distance_mm"": 881, ""Interrupt_flag"": 0, ""Node_type"": ""DDS75-LB"", ""Sensor_flag"": 1, ""TempC_DS18B20"": 32.76}"
2025-09-20 14:21:09.549469233+00:00,dds75-lb-18,2,-55,10.25,"{""Bat"": 3.327, ""Distance_mm"": 889, ""Interrupt_flag"": 0, ""Node_type"": ""DDS75-LB"", ""Sensor_flag"": 1, ""TempC_DS18B20"": 32.76}"
2025-09-20 14:41:09.329052018+00:00,dds75-lb-18,2,-51,9.0,"{""Bat"": 3.327, ""Distance_mm"": 866, ""Interrupt_flag"": 0, ""Node_type"": ""DDS75-LB"", ""Sensor_flag"": 1, ""TempC_DS18B20"": 32.76}"
2025-09-20 15:01:09.117399028+00:00,dds75-lb-18,2,-53,10.25,"{""Bat"": 3.327, ""Distance_mm"": 867, ""Interrupt_flag"": 0, ""Node_type"": ""DDS75-LB"", ""Sensor_flag"": 1, ""TempC_DS18B20"": 32.76}"
2025-09-20 15:21:08.882497933+00:00,dds75-lb-18,2,-50,6.75,"{""Bat"": 3.327, ""Distance_mm"": 898, ""Interrupt_flag"": 0, ""Node_type"": ""DDS75-LB"", ""Sensor_flag"": 1, ""TempC_DS18B20"": 32.76}"
2025-09-20 15:41:08.652691039+00:00,dds75-lb-18,2,-50,8.75,"{""Bat"": 3.327, ""Distance_mm"": 895, ""Interrupt_flag"": 0, ""Node_type"": ""DDS75-LB"", ""Sensor_flag"": 1, ""TempC_DS18B20"": 32.76}"
2025-09-20 16:01:08.422425879+00:00,dds75-lb-18,2,-51,9.25,"{""Bat"": 3.327, ""Distance_mm"": 898, ""Interrupt_flag"": 0, ""Node_type"": ""DDS75-LB"", ""Sensor_flag"": 1, ""TempC_DS18B20"": 32.76}"
2025-09-20 16:21:08.219786642+00:00,dds75-lb-18,2,-53,9.5,"{""Bat"": 3.327, ""Distance_mm"": 898, ""Interrupt_flag"": 0, ""Node_type"": ""DDS75-LB"", ""Sensor_flag"": 1, ""TempC_DS18B20"": 32.76}"
2025-09-20 16:41:07.975895026+00:00,dds75-lb-18,2,-53,9.25,"{""Bat"": 3.327, ""Distance_mm"": 894, ""Interrupt_flag"": 0, ""Node_type"": ""DDS75-LB"", ""Sensor_flag"": 1, ""TempC_DS18B20"": 32.76}"
2025-09-20 17:01:07.745897535+00:00,dds75-lb-18,2,-51,7.5,"{""Bat"": 3.327, ""Distance_mm"": 894, ""Interrupt_flag"": 0, ""Node_type"": ""DDS75-LB"", ""Sensor_flag"": 1, ""TempC_DS18B20"": 32.76}"
2025-09-20 17:21:07.522179026+00:00,dds75-lb-18,2,-37,9.75,"{""Bat"": 3.327, ""Distance_mm"": 896, ""Interrupt_flag"": 0, ""Node_type"": ""DDS75-LB"", ""Sensor_flag"": 1, ""TempC_DS18B20"": 32.76}"
2025-09-20 17:41:07.294033145+00:00,dds75-lb-18,2,-38,8.75,"{""Bat"": 3.327, ""Distance_mm"": 893, ""Interrupt_flag"": 0, ""Node_type"": ""DDS75-LB"", ""Sensor_flag"": 1, ""TempC_DS18B20"": 32.76}"
2025-09-20 18:01:07.055197252+00:00,dds75-lb-18,2,-37,7.5,"{""Bat"": 3.327, ""Distance_mm"": 893, ""Interrupt_flag"": 0, ""Node_type"": ""DDS75-LB"", ""Sensor_flag"": 1, ""TempC_DS18B20"": 32.76}"
2025-09-20 18:21:06.840665801+00:00,dds75-lb-18,2,-39,10.25,"{""Bat"": 3.327, ""Distance_mm"": 893, ""Interrupt_flag"": 0, ""Node_type"": ""DDS75-LB"", ""Sensor_flag"": 1, ""TempC_DS18B20"": 32.76}"
2025-09-20 18:41:06.627823795+00:00,dds75-lb-18,2,-39,7.25,"{""Bat"": 3.327, ""Distance_mm"": 893, ""Interrupt_flag"": 0, ""Node_type"": ""DDS75-LB"", ""Sensor_flag"": 1, ""TempC_DS18B20"": 32.76}"
2025-09-20 19:01:06.399783127+00:00,dds75-lb-18,2,-36,8.75,"{""Bat"": 3.327, ""Distance_mm"": 893, ""Interrupt_flag"": 0, ""Node_type"": ""DDS75-LB"", ""Sensor_flag"": 1, ""TempC_DS18B20"": 32.76}"
2025-09-20 19:21:06.160421538+00:00,dds75-lb-18,2,-39,10.0,"{""Bat"": 3.327, ""Distance_mm"": 897, ""Interrupt_flag"": 0, ""Node_type"": ""DDS75-LB"", ""Sensor_flag"": 1, ""TempC_DS18B20"": 32.76}"
2025-09-20 19:41:05.941421397+00:00,dds75-lb-18,2,-38,9.25,"{""Bat"": 3.327, ""Distance_mm"": 895, ""Interrupt_flag"": 0, ""Node_type"": ""DDS75-LB"", ""Sensor_flag"": 1, ""TempC_DS18B20"": 32.76}"
2025-09-20 20:01:05.700887867+00:00,dds75-lb-18,2,-116,-0.75,"{""Bat"": 3.327, ""Distance_mm"": 898, ""Interrupt_flag"": 0, ""Node_type"": ""DDS75-LB"", ""Sensor_flag"": 1, ""TempC_DS18B20"": 32.76}"
2025-09-20 20:21:05.482445248+00:00,dds75-lb-18,2,-114,-1.75,"{""Bat"": 3.327, ""Distance_mm"": 898, ""Interrupt_flag"": 0, ""Node_type"": ""DDS75-LB"", ""Sensor_flag"": 1, ""TempC_DS18B20"": 32.76}"
2025-09-20 20:41:05.253869559+00:00,dds75-lb-18,2,-37,9.5,"{""Bat"": 3.327, ""Distance_mm"": 898, ""Interrupt_flag"": 0, ""Node_type"": ""DDS75-LB"", ""Sensor_flag"": 1, ""TempC_DS18B20"": 32.76}"
2025-09-20 20:42:15.491969785+00:00,dds75-lb-18,2,-37,9.0,"{""Bat"": 3.327, ""Distance_mm"": 898, ""Interrupt_flag"": 0, ""Node_type"": ""DDS75-LB"", ""Sensor_flag"": 1, ""TempC_DS18B20"": 32.76}"
2025-09-20 20:43:15.489314698+00:00,dds75-lb-18,2,-117,-2.0,"{""Bat"": 3.327, ""Distance_mm"": 898, ""Interrupt_flag"": 0, ""Node_type"": ""DDS75-LB"", ""Sensor_flag"": 1, ""TempC_DS18B20"": 32.76}"
2025-09-20 20:44:15.487701277+00:00,dds75-lb-18,2,-39,9.25,"{""Bat"": 3.327, ""Distance_mm"": 898, ""Interrupt_flag"": 0, ""Node_type"": ""DDS75-LB"", ""Sensor_flag"": 1, ""TempC_DS18B20"": 32.76}"
2025-09-20 21:44:25.014223845+00:00,dds75-lb-18,2,-115,-1.0,"{""Bat"": 3.327, ""Distance_mm"": 898, ""Interrupt_flag"": 0, ""Node_type"": ""DDS75-LB"", ""Sensor_flag"": 1, ""TempC_DS18B20"": 32.76}"
2025-09-20 22:44:24.329577667+00:00,dds75-lb-18,2,-39,9.75,"{""Bat"": 3.327, ""Distance_mm"": 898, ""Interrupt_flag"": 0, ""Node_type"": ""DDS75-LB"", ""Sensor_flag"": 1, ""TempC_DS18B20"": 32.76}"
2025-09-20 23:44:23.652653072+00:00,dds75-lb-18,2,-116,-1.25,"{""Bat"": 3.327, ""Distance_mm"": 897, ""Interrupt_flag"": 0, ""Node_type"": ""DDS75-LB"", ""Sensor_flag"": 1, ""TempC_DS18B20"": 32.76}"
2025-09-21 00:44:22.973738796+00:00,dds75-lb-18,2,-39,9.5,"{""Bat"": 3.327, ""Distance_mm"": 897, ""Interrupt_flag"": 0, ""Node_type"": ""DDS75-LB"", ""Sensor_flag"": 1, ""TempC_DS18B20"": 32.76}"
2025-09-21 01:44:22.281523613+00:00,dds75-lb-18,2,-38,7.0,"{""Bat"": 3.327, ""Distance_mm"": 897, ""Interrupt_flag"": 0, ""Node_type"": ""DDS75-LB"", ""Sensor_flag"": 1, ""TempC_DS18B20"": 32.76}"
2025-09-21 02:44:21.609647526+00:00,dds75-lb-18,2,-38,9.5,"{""Bat"": 3.327, ""Distance_mm"": 897, ""Interrupt_flag"": 0, ""Node_type"": ""DDS75-LB"", ""Sensor_flag"": 1, ""TempC_DS18B20"": 32.76}"
2025-09-21 03:44:20.958307810+00:00,dds75-lb-18,2,-41,7.5,"{""Bat"": 3.327, ""Distance_mm"": 897, ""Interrupt_flag"": 0, ""Node_type"": ""DDS75-LB"", ""Sensor_flag"": 1, ""TempC_DS18B20"": 32.76}"
2025-09-21 04:44:20.261788473+00:00,dds75-lb-18,2,-39,9.75,"{""Bat"": 3.327, ""Distance_mm"": 897, ""Interrupt_flag"": 0, ""Node_type"": ""DDS75-LB"", ""Sensor_flag"": 1, ""TempC_DS18B20"": 32.76}"
2025-09-21 05:44:19.585562455+00:00,dds75-lb-18,2,-41,9.25,"{""Bat"": 3.327, ""Distance_mm"": 898, ""Interrupt_flag"": 0, ""Node_type"": ""DDS75-LB"", ""Sensor_flag"": 1, ""TempC_DS18B20"": 32.76}"
2025-09-21 06:44:18.902578584+00:00,dds75-lb-18,2,-41,10.75,"{""Bat"": 3.327, ""Distance_mm"": 897, ""Interrupt_flag"": 0, ""Node_type"": ""DDS75-LB"", ""Sensor_flag"": 1, ""TempC_DS18B20"": 32.76}"
2025-09-21 07:44:18.204957330+00:00,dds75-lb-18,2,-119,-3.0,"{""Bat"": 3.327, ""Distance_mm"": 897, ""Interrupt_flag"": 0, ""Node_type"": ""DDS75-LB"", ""Sensor_flag"": 1, ""TempC_DS18B20"": 32.76}"
2025-09-21 08:44:17.537330641+00:00,dds75-lb-18,2,-122,-5.75,"{""Bat"": 3.327, ""Distance_mm"": 897, ""Interrupt_flag"": 0, ""Node_type"": ""DDS75-LB"", ""Sensor_flag"": 1, ""TempC_DS18B20"": 32.76}"
2025-09-21 09:44:16.866990346+00:00,dds75-lb-18,2,-120,-4.5,"{""Bat"": 3.327, ""Distance_mm"": 897, ""Interrupt_flag"": 0, ""Node_type"": ""DDS75-LB"", ""Sensor_flag"": 1, ""TempC_DS18B20"": 32.76}"
2025-09-21 10:44:16.164343442+00:00,dds75-lb-18,2,-35,7.25,"{""Bat"": 3.327, ""Distance_mm"": 897, ""Interrupt_flag"": 0, ""Node_type"": ""DDS75-LB"", ""Sensor_flag"": 1, ""TempC_DS18B20"": 32.76}"
2025-09-21 11:44:15.471795377+00:00,dds75-lb-18,2,-117,-1.0,"{""Bat"": 3.327, ""Distance_mm"": 897, ""Interrupt_flag"": 0, ""Node_type"": ""DDS75-LB"", ""Sensor_flag"": 1, ""TempC_DS18B20"": 32.76}"
2025-09-21 12:44:14.823303438+00:00,dds75-lb-18,2,-38,10.25,"{""Bat"": 3.327, ""Distance_mm"": 897, ""Interrupt_flag"": 0, ""Node_type"": ""DDS75-LB"", ""Sensor_flag"": 1, ""TempC_DS18B20"": 32.76}"
2025-09-21 13:44:14.135211580+00:00,dds75-lb-18,2,-39,10.5,"{""Bat"": 3.327, ""Distance_mm"": 897, ""Interrupt_flag"": 0, ""Node_type"": ""DDS75-LB"", ""Sensor_flag"": 1, ""TempC_DS18B20"": 32.76}"
2025-09-21 14:44:13.461241365+00:00,dds75-lb-18,2,-121,-5.75,"{""Bat"": 3.327, ""Distance_mm"": 897, ""Interrupt_flag"": 0, ""Node_type"": ""DDS75-LB"", ""Sensor_flag"": 1, ""TempC_DS18B20"": 32.76}"
2025-09-21 15:44:12.777888322+00:00,dds75-lb-18,2,-36,9.25,"{""Bat"": 3.327, ""Distance_mm"": 897, ""Interrupt_flag"": 0, ""Node_type"": ""DDS75-LB"", ""Sensor_flag"": 1, ""TempC_DS18B20"": 32.76}"
2025-09-21 16:44:12.088119052+00:00,dds75-lb-18,2,-39,10.25,"{""Bat"": 3.327, ""Distance_mm"": 897, ""Interrupt_flag"": 0, ""Node_type"": ""DDS75-LB"", ""Sensor_flag"": 1, ""TempC_DS18B20"": 32.76}"
2025-09-21 17:44:11.406770534+00:00,dds75-lb-18,2,-37,6.75,"{""Bat"": 3.327, ""Distance_mm"": 898, ""Interrupt_flag"": 0, ""Node_type"": ""DDS75-LB"", ""Sensor_flag"": 1, ""TempC_DS18B20"": 32.76}"
2025-09-21 18:44:10.745306740+00:00,dds75-lb-18,2,-35,7.5,"{""Bat"": 3.327, ""Distance_mm"": 897, ""Interrupt_flag"": 0, ""Node_type"": ""DDS75-LB"", ""Sensor_flag"": 1, ""TempC_DS18B20"": 32.76}"
2025-09-21 19:44:10.057564044+00:00,dds75-lb-18,2,-38,9.0,"{""Bat"": 3.327, ""Distance_mm"": 897, ""Interrupt_flag"": 0, ""Node_type"": ""DDS75-LB"", ""Sensor_flag"": 1, ""TempC_DS18B20"": 32.76}"
2025-09-21 20:44:09.387136135+00:00,dds75-lb-18,2,-38,9.25,"{""Bat"": 3.327, ""Distance_mm"": 897, ""Interrupt_flag"": 0, ""Node_type"": ""DDS75-LB"", ""Sensor_flag"": 1, ""TempC_DS18B20"": 32.76}"
2025-09-21 21:44:08.701495473+00:00,dds75-lb-18,2,-121,-5.5,"{""Bat"": 3.327, ""Distance_mm"": 898, ""Interrupt_flag"": 0, ""Node_type"": ""DDS75-LB"", ""Sensor_flag"": 1, ""TempC_DS18B20"": 32.76}"
2025-09-21 22:44:08.016053373+00:00,dds75-lb-18,2,-33,7.0,"{""Bat"": 3.327, ""Distance_mm"": 898, ""Interrupt_flag"": 0, ""Node_type"": ""DDS75-LB"", ""Sensor_flag"": 1, ""TempC_DS18B20"": 32.76}"
2025-09-21 23:44:07.333457135+00:00,dds75-lb-18,2,-39,10.0,"{""Bat"": 3.327, ""Distance_mm"": 897, ""Interrupt_flag"": 0, ""Node_type"": ""DDS75-LB"", ""Sensor_flag"": 1, ""TempC_DS18B20"": 32.76}"
2025-09-22 00:44:06.658834383+00:00,dds75-lb-18,2,-121,-5.5,"{""Bat"": 3.327, ""Distance_mm"": 897, ""Interrupt_flag"": 0, ""Node_type"": ""DDS75-LB"", ""Sensor_flag"": 1, ""TempC_DS18B20"": 32.76}"
2025-09-22 01:44:05.995927041+00:00,dds75-lb-18,2,-36,8.0,"{""Bat"": 3.327, ""Distance_mm"": 898, ""Interrupt_flag"": 0, ""Node_type"": ""DDS75-LB"", ""Sensor_flag"": 1, ""TempC_DS18B20"": 32.76}"
2025-09-22 02:44:05.317455126+00:00,dds75-lb-18,2,-36,7.25,"{""Bat"": 3.327, ""Distance_mm"": 897, ""Interrupt_flag"": 0, ""Node_type"": ""DDS75-LB"", ""Sensor_flag"": 1, ""TempC_DS18B20"": 32.76}"
2025-09-22 03:44:04.620834947+00:00,dds75-lb-18,2,-116,-1.25,"{""Bat"": 3.327, ""Distance_mm"": 897, ""Interrupt_flag"": 0, ""Node_type"": ""DDS75-LB"", ""Sensor_flag"": 1, ""TempC_DS18B20"": 32.76}"
2025-09-22 04:44:03.947793560+00:00,dds75-lb-18,2,-38,9.75,"{""Bat"": 3.327, ""Distance_mm"": 897, ""Interrupt_flag"": 0, ""Node_type"": ""DDS75-LB"", ""Sensor_flag"": 1, ""TempC_DS18B20"": 32.76}"
2025-09-22 05:44:03.267532990+00:00,dds75-lb-18,2,-38,9.25,"{""Bat"": 3.327, ""Distance_mm"": 897, ""Interrupt_flag"": 0, ""Node_type"": ""DDS75-LB"", ""Sensor_flag"": 1, ""TempC_DS18B20"": 32.76}"
2025-09-22 06:44:02.602220451+00:00,dds75-lb-18,2,-116,-0.75,"{""Bat"": 3.327, ""Distance_mm"": 898, ""Interrupt_flag"": 0, ""Node_type"": ""DDS75-LB"", ""Sensor_flag"": 1, ""TempC_DS18B20"": 32.76}"
2025-09-22 07:44:01.920653695+00:00,dds75-lb-18,2,-38,9.75,"{""Bat"": 3.327, ""Distance_mm"": 898, ""Interrupt_flag"": 0, ""Node_type"": ""DDS75-LB"", ""Sensor_flag"": 1, ""TempC_DS18B20"": 32.76}"
2025-09-22 08:44:01.232464883+00:00,dds75-lb-18,2,-38,9.75,"{""Bat"": 3.327, ""Distance_mm"": 898, ""Interrupt_flag"": 0, ""Node_type"": ""DDS75-LB"", ""Sensor_flag"": 1, ""TempC_DS18B20"": 32.76}"
2025-09-22 09:44:00.557565227+00:00,dds75-lb-18,2,-35,7.75,"{""Bat"": 3.327, ""Distance_mm"": 898, ""Interrupt_flag"": 0, ""Node_type"": ""DDS75-LB"", ""Sensor_flag"": 1, ""TempC_DS18B20"": 32.76}"
2025-09-22 10:43:59.914123962+00:00,dds75-lb-18,2,-36,10.25,"{""Bat"": 3.327, ""Distance_mm"": 965, ""Interrupt_flag"": 0, ""Node_type"": ""DDS75-LB"", ""Sensor_flag"": 1, ""TempC_DS18B20"": 32.76}"
2025-09-22 11:43:59.211028094+00:00,dds75-lb-18,2,-39,9.5,"{""Bat"": 3.327, ""Distance_mm"": 965, ""Interrupt_flag"": 0, ""Node_type"": ""DDS75-LB"", ""Sensor_flag"": 1, ""TempC_DS18B20"": 32.76}"
2025-09-22 12:43:58.512441111+00:00,dds75-lb-18,2,-38,9.75,"{""Bat"": 3.327, ""Distance_mm"": 964, ""Interrupt_flag"": 0, ""Node_type"": ""DDS75-LB"", ""Sensor_flag"": 1, ""TempC_DS18B20"": 32.76}"
2025-09-22 13:43:57.834720984+00:00,dds75-lb-18,2,-38,8.75,"{""Bat"": 3.327, ""Distance_mm"": 964, ""Interrupt_flag"": 0, ""Node_type"": ""DDS75-LB"", ""Sensor_flag"": 1, ""TempC_DS18B20"": 32.76}"
2025-09-22 14:43:57.172226996+00:00,dds75-lb-18,2,-35,6.75,"{""Bat"": 3.327, ""Distance_mm"": 965, ""Interrupt_flag"": 0, ""Node_type"": ""DDS75-LB"", ""Sensor_flag"": 1, ""TempC_DS18B20"": 32.76}"
2025-09-22 15:43:56.492437386+00:00,dds75-lb-18,2,-36,9.0,"{""Bat"": 3.327, ""Distance_mm"": 965, ""Interrupt_flag"": 0, ""Node_type"": ""DDS75-LB"", ""Sensor_flag"": 1, ""TempC_DS18B20"": 32.76}"
2025-09-22 16:43:55.809302305+00:00,dds75-lb-18,2,-38,9.25,"{""Bat"": 3.327, ""Distance_mm"": 965, ""Interrupt_flag"": 0, ""Node_type"": ""DDS75-LB"", ""Sensor_flag"": 1, ""TempC_DS18B20"": 32.76}"
2025-09-22 17:43:55.120983572+00:00,dds75-lb-18,2,-37,7.0,"{""Bat"": 3.327, ""Distance_mm"": 965, ""Interrupt_flag"": 0, ""Node_type"": ""DDS75-LB"", ""Sensor_flag"": 1, ""TempC_DS18B20"": 32.76}"
2025-09-22 18:43:54.466131417+00:00,dds75-lb-18,2,-35,7.0,"{""Bat"": 3.327, ""Distance_mm"": 964, ""Interrupt_flag"": 0, ""Node_type"": ""DDS75-LB"", ""Sensor_flag"": 1, ""TempC_DS18B20"": 32.76}"
2025-09-22 19:43:53.775709852+00:00,dds75-lb-18,2,-36,9.25,"{""Bat"": 3.327, ""Distance_mm"": 964, ""Interrupt_flag"": 0, ""Node_type"": ""DDS75-LB"", ""Sensor_flag"": 1, ""TempC_DS18B20"": 32.76}"
2025-09-22 20:43:53.103350499+00:00,dds75-lb-18,2,-37,9.5,"{""Bat"": 3.327, ""Distance_mm"": 964, ""Interrupt_flag"": 0, ""Node_type"": ""DDS75-LB"", ""Sensor_flag"": 1, ""TempC_DS18B20"": 32.76}"
2025-09-22 21:43:52.420122106+00:00,dds75-lb-18,2,-114,-2.25,"{""Bat"": 3.327, ""Distance_mm"": 965, ""Interrupt_flag"": 0, ""Node_type"": ""DDS75-LB"", ""Sensor_flag"": 1, ""TempC_DS18B20"": 32.76}"
2025-09-22 22:43:51.748013736+00:00,dds75-lb-18,2,-38,10.25,"{""Bat"": 3.327, ""Distance_mm"": 964, ""Interrupt_flag"": 0, ""Node_type"": ""DDS75-LB"", ""Sensor_flag"": 1, ""TempC_DS18B20"": 32.76}"
2025-09-22 23:43:51.061452558+00:00,dds75-lb-18,2,-114,0.75,"{""Bat"": 3.327, ""Distance_mm"": 964, ""Interrupt_flag"": 0, ""Node_type"": ""DDS75-LB"", ""Sensor_flag"": 1, ""TempC_DS18B20"": 32.76}"
2025-09-23 00:43:50.401171957+00:00,dds75-lb-18,2,-33,7.75,"{""Bat"": 3.327, ""Distance_mm"": 964, ""Interrupt_flag"": 0, ""Node_type"": ""DDS75-LB"", ""Sensor_flag"": 1, ""TempC_DS18B20"": 32.76}"
2025-09-23 01:43:49.722160358+00:00,dds75-lb-18,2,-116,-0.75,"{""Bat"": 3.327, ""Distance_mm"": 965, ""Interrupt_flag"": 0, ""Node_type"": ""DDS75-LB"", ""Sensor_flag"": 1, ""TempC_DS18B20"": 32.76}"
2025-09-23 02:43:49.034242500+00:00,dds75-lb-18,2,-35,7.25,"{""Bat"": 3.327, ""Distance_mm"": 964, ""Interrupt_flag"": 0, ""Node_type"": ""DDS75-LB"", ""Sensor_flag"": 1, ""TempC_DS18B20"": 32.76}"
2025-09-23 03:43:48.366505382+00:00,dds75-lb-18,2,-36,10.25,"{""Bat"": 3.327, ""Distance_mm"": 960, ""Interrupt_flag"": 0, ""Node_type"": ""DDS75-LB"", ""Sensor_flag"": 1, ""TempC_DS18B20"": 32.76}"
2025-09-23 04:43:47.695398635+00:00,dds75-lb-18,2,-37,8.5,"{""Bat"": 3.327, ""Distance_mm"": 964, ""Interrupt_flag"": 0, ""Node_type"": ""DDS75-LB"", ""Sensor_flag"": 1, ""TempC_DS18B20"": 32.76}"
2025-09-23 05:43:47.015982241+00:00,dds75-lb-18,2,-38,7.25,"{""Bat"": 3.327, ""Distance_mm"": 960, ""Interrupt_flag"": 0, ""Node_type"": ""DDS75-LB"", ""Sensor_flag"": 1, ""TempC_DS18B20"": 32.76}"
2025-09-23 06:43:46.331281381+00:00,dds75-lb-18,2,-119,-3.75,"{""Bat"": 3.327, ""Distance_mm"": 965, ""Interrupt_flag"": 0, ""Node_type"": ""DDS75-LB"", ""Sensor_flag"": 1, ""TempC_DS18B20"": 32.76}"
2025-09-23 07:43:45.655105412+00:00,dds75-lb-18,2,-37,8.75,"{""Bat"": 3.327, ""Distance_mm"": 964, ""Interrupt_flag"": 0, ""Node_type"": ""DDS75-LB"", ""Sensor_flag"": 1, ""TempC_DS18B20"": 32.76}"
2025-09-23 08:43:44.986711111+00:00,dds75-lb-18,2,-35,8.0,"{""Bat"": 3.327, ""Distance_mm"": 964, ""Interrupt_flag"": 0, ""Node_type"": ""DDS75-LB"", ""Sensor_flag"": 1, ""TempC_DS18B20"": 32.76}"
2025-09-23 09:43:44.302888813+00:00,dds75-lb-18,2,-37,10.0,"{""Bat"": 3.327, ""Distance_mm"": 964, ""Interrupt_flag"": 0, ""Node_type"": ""DDS75-LB"", ""Sensor_flag"": 1, ""TempC_DS18B20"": 32.76}"
2025-09-23 10:43:43.640972210+00:00,dds75-lb-18,2,-39,7.0,"{""Bat"": 3.327, ""Distance_mm"": 964, ""Interrupt_flag"": 0, ""Node_type"": ""DDS75-LB"", ""Sensor_flag"": 1, ""TempC_DS18B20"": 32.76}"
2025-09-23 11:43:42.941398858+00:00,dds75-lb-18,2,-38,8.5,"{""Bat"": 3.327, ""Distance_mm"": 965, ""Interrupt_flag"": 0, ""Node_type"": ""DDS75-LB"", ""Sensor_flag"": 1, ""TempC_DS18B20"": 32.76}"
2025-09-23 12:43:42.275633081+00:00,dds75-lb-18,2,-39,9.5,"{""Bat"": 3.327, ""Distance_mm"": 965, ""Interrupt_flag"": 0, ""Node_type"": ""DDS75-LB"", ""Sensor_flag"": 1, ""TempC_DS18B20"": 32.76}"
2025-09-23 13:43:41.587261747+00:00,dds75-lb-18,2,-39,8.0,"{""Bat"": 3.327, ""Distance_mm"": 965, ""Interrupt_flag"": 0, ""Node_type"": ""DDS75-LB"", ""Sensor_flag"": 1, ""TempC_DS18B20"": 32.76}"
2025-09-23 14:43:40.911061358+00:00,dds75-lb-18,2,-37,9.0,"{""Bat"": 3.327, ""Distance_mm"": 965, ""Interrupt_flag"": 0, ""Node_type"": ""DDS75-LB"", ""Sensor_flag"": 1, ""TempC_DS18B20"": 32.76}"
2025-09-23 15:43:40.260870892+00:00,dds75-lb-18,2,-39,10.0,"{""Bat"": 3.327, ""Distance_mm"": 964, ""Interrupt_flag"": 0, ""Node_type"": ""DDS75-LB"", ""Sensor_flag"": 1, ""TempC_DS18B20"": 32.76}"
2025-09-23 16:43:39.562086593+00:00,dds75-lb-18,2,-37,9.0,"{""Bat"": 3.327, ""Distance_mm"": 965, ""Interrupt_flag"": 0, ""Node_type"": ""DDS75-LB"", ""Sensor_flag"": 1, ""TempC_DS18B20"": 32.76}"
2025-09-23 17:43:38.880760173+00:00,dds75-lb-18,2,-35,9.0,"{""Bat"": 3.327, ""Distance_mm"": 964, ""Interrupt_flag"": 0, ""Node_type"": ""DDS75-LB"", ""Sensor_flag"": 1, ""TempC_DS18B20"": 32.76}"
2025-09-23 18:43:38.212479390+00:00,dds75-lb-18,2,-37,8.75,"{""Bat"": 3.327, ""Distance_mm"": 964, ""Interrupt_flag"": 0, ""Node_type"": ""DDS75-LB"", ""Sensor_flag"": 1, ""TempC_DS18B20"": 32.76}"
2025-09-23 19:43:37.524011163+00:00,dds75-lb-18,2,-115,0.5,"{""Bat"": 3.327, ""Distance_mm"": 964, ""Interrupt_flag"": 0, ""Node_type"": ""DDS75-LB"", ""Sensor_flag"": 1, ""TempC_DS18B20"": 32.76}"
2025-09-23 20:43:36.858517979+00:00,dds75-lb-18,2,-38,9.0,"{""Bat"": 3.327, ""Distance_mm"": 965, ""Interrupt_flag"": 0, ""Node_type"": ""DDS75-LB"", ""Sensor_flag"": 1, ""TempC_DS18B20"": 32.76}"
2025-09-23 21:43:36.185023799+00:00,dds75-lb-18,2,-124,-8.5,"{""Bat"": 3.327, ""Distance_mm"": 960, ""Interrupt_flag"": 0, ""Node_type"": ""DDS75-LB"", ""Sensor_flag"": 1, ""TempC_DS18B20"": 32.76}"
2025-09-23 22:43:35.510080735+00:00,dds75-lb-18,2,-37,9.25,"{""Bat"": 3.327, ""Distance_mm"": 961, ""Interrupt_flag"": 0, ""Node_type"": ""DDS75-LB"", ""Sensor_flag"": 1, ""TempC_DS18B20"": 32.76}"
2025-09-23 23:43:34.843739924+00:00,dds75-lb-18,2,-39,8.5,"{""Bat"": 3.327, ""Distance_mm"": 960, ""Interrupt_flag"": 0, ""Node_type"": ""DDS75-LB"", ""Sensor_flag"": 1, ""TempC_DS18B20"": 32.76}"
2025-09-24 00:43:34.145114361+00:00,dds75-lb-18,2,-36,9.0,"{""Bat"": 3.327, ""Distance_mm"": 960, ""Interrupt_flag"": 0, ""Node_type"": ""DDS75-LB"", ""Sensor_flag"": 1, ""TempC_DS18B20"": 32.76}"
2025-09-24 01:43:33.480245012+00:00,dds75-lb-18,2,-122,-7.25,"{""Bat"": 3.327, ""Distance_mm"": 960, ""Interrupt_flag"": 0, ""Node_type"": ""DDS75-LB"", ""Sensor_flag"": 1, ""TempC_DS18B20"": 32.76}"
2025-09-24 02:43:32.801757224+00:00,dds75-lb-18,2,-121,-5.5,"{""Bat"": 3.327, ""Distance_mm"": 960, ""Interrupt_flag"": 0, ""Node_type"": ""DDS75-LB"", ""Sensor_flag"": 1, ""TempC_DS18B20"": 32.76}"
2025-09-24 03:43:32.116437695+00:00,dds75-lb-18,2,-39,9.25,"{""Bat"": 3.327, ""Distance_mm"": 960, ""Interrupt_flag"": 0, ""Node_type"": ""DDS75-LB"", ""Sensor_flag"": 1, ""TempC_DS18B20"": 32.76}"
2025-09-24 04:43:31.468758497+00:00,dds75-lb-18,2,-38,10.5,"{""Bat"": 3.327, ""Distance_mm"": 960, ""Interrupt_flag"": 0, ""Node_type"": ""DDS75-LB"", ""Sensor_flag"": 1, ""TempC_DS18B20"": 32.76}"
2025-09-24 05:43:30.789330909+00:00,dds75-lb-18,2,-121,-5.5,"{""Bat"": 3.327, ""Distance_mm"": 960, ""Interrupt_flag"": 0, ""Node_type"": ""DDS75-LB"", ""Sensor_flag"": 1, ""TempC_DS18B20"": 32.76}"
2025-09-24 06:43:30.103251036+00:00,dds75-lb-18,2,-123,-7.25,"{""Bat"": 3.327, ""Distance_mm"": 960, ""Interrupt_flag"": 0, ""Node_type"": ""DDS75-LB"", ""Sensor_flag"": 1, ""TempC_DS18B20"": 32.76}"
2025-09-24 07:43:29.438743474+00:00,dds75-lb-18,2,-36,8.0,"{""Bat"": 3.327, ""Distance_mm"": 960, ""Interrupt_flag"": 0, ""Node_type"": ""DDS75-LB"", ""Sensor_flag"": 1, ""TempC_DS18B20"": 32.76}"
2025-09-24 08:43:28.738051009+00:00,dds75-lb-18,2,-115,0.75,"{""Bat"": 3.327, ""Distance_mm"": 960, ""Interrupt_flag"": 0, ""Node_type"": ""DDS75-LB"", ""Sensor_flag"": 1, ""TempC_DS18B20"": 32.76}"
2025-09-24 09:43:28.083631765+00:00,dds75-lb-18,2,-115,0.5,"{""Bat"": 3.327, ""Distance_mm"": 960, ""Interrupt_flag"": 0, ""Node_type"": ""DDS75-LB"", ""Sensor_flag"": 1, ""TempC_DS18B20"": 32.76}"
2025-09-24 10:43:27.403796409+00:00,dds75-lb-18,2,-36,9.0,"{""Bat"": 3.327, ""Distance_mm"": 960, ""Interrupt_flag"": 0, ""Node_type"": ""DDS75-LB"", ""Sensor_flag"": 1, ""TempC_DS18B20"": 32.76}"
2025-09-24 11:43:26.712032055+00:00,dds75-lb-18,2,-38,8.5,"{""Bat"": 3.327, ""Distance_mm"": 960, ""Interrupt_flag"": 0, ""Node_type"": ""DDS75-LB"", ""Sensor_flag"": 1, ""TempC_DS18B20"": 32.76}"
2025-09-24 12:43:26.046577468+00:00,dds75-lb-18,2,-36,7.25,"{""Bat"": 3.327, ""Distance_mm"": 960, ""Interrupt_flag"": 0, ""Node_type"": ""DDS75-LB"", ""Sensor_flag"": 1, ""TempC_DS18B20"": 32.76}"
2025-09-24 13:43:25.372608305+00:00,dds75-lb-18,2,-37,9.0,"{""Bat"": 3.327, ""Distance_mm"": 960, ""Interrupt_flag"": 0, ""Node_type"": ""DDS75-LB"", ""Sensor_flag"": 1, ""TempC_DS18B20"": 32.76}"
2025-09-24 14:43:24.675981257+00:00,dds75-lb-18,2,-39,10.25,"{""Bat"": 3.327, ""Distance_mm"": 960, ""Interrupt_flag"": 0, ""Node_type"": ""DDS75-LB"", ""Sensor_flag"": 1, ""TempC_DS18B20"": 32.76}"
2025-09-24 15:43:24.012559314+00:00,dds75-lb-18,2,-37,7.25,"{""Bat"": 3.327, ""Distance_mm"": 960, ""Interrupt_flag"": 0, ""Node_type"": ""DDS75-LB"", ""Sensor_flag"": 1, ""TempC_DS18B20"": 32.76}"
2025-09-24 16:43:23.349254222+00:00,dds75-lb-18,2,-35,7.75,"{""Bat"": 3.327, ""Distance_mm"": 960, ""Interrupt_flag"": 0, ""Node_type"": ""DDS75-LB"", ""Sensor_flag"": 1, ""TempC_DS18B20"": 32.76}"
2025-09-24 17:43:22.659585122+00:00,dds75-lb-18,2,-37,9.75,"{""Bat"": 3.327, ""Distance_mm"": 960, ""Interrupt_flag"": 0, ""Node_type"": ""DDS75-LB"", ""Sensor_flag"": 1, ""TempC_DS18B20"": 32.76}"
2025-09-24 18:43:21.990026357+00:00,dds75-lb-18,2,-35,9.5,"{""Bat"": 3.327, ""Distance_mm"": 962, ""Interrupt_flag"": 0, ""Node_type"": ""DDS75-LB"", ""Sensor_flag"": 1, ""TempC_DS18B20"": 32.76}"
2025-09-24 19:43:21.302870040+00:00,dds75-lb-18,2,-120,-4.0,"{""Bat"": 3.327, ""Distance_mm"": 960, ""Interrupt_flag"": 0, ""Node_type"": ""DDS75-LB"", ""Sensor_flag"": 1, ""TempC_DS18B20"": 32.76}"
2025-09-24 20:43:20.628069231+00:00,dds75-lb-18,2,-39,9.25,"{""Bat"": 3.327, ""Distance_mm"": 960, ""Interrupt_flag"": 0, ""Node_type"": ""DDS75-LB"", ""Sensor_flag"": 1, ""TempC_DS18B20"": 32.76}"
2025-09-24 21:43:19.953187831+00:00,dds75-lb-18,2,-35,9.5,"{""Bat"": 3.327, ""Distance_mm"": 960, ""Interrupt_flag"": 0, ""Node_type"": ""DDS75-LB"", ""Sensor_flag"": 1, ""TempC_DS18B20"": 32.76}"
2025-09-24 22:43:19.287526710+00:00,dds75-lb-18,2,-39,10.25,"{""Bat"": 3.327, ""Distance_mm"": 960, ""Interrupt_flag"": 0, ""Node_type"": ""DDS75-LB"", ""Sensor_flag"": 1, ""TempC_DS18B20"": 32.76}"
2025-09-24 23:43:18.612916197+00:00,dds75-lb-18,2,-114,-2.25,"{""Bat"": 3.327, ""Distance_mm"": 960, ""Interrupt_flag"": 0, ""Node_type"": ""DDS75-LB"", ""Sensor_flag"": 1, ""TempC_DS18B20"": 32.76}"
2025-09-25 00:43:17.931674482+00:00,dds75-lb-18,2,-120,-5.0,"{""Bat"": 3.327, ""Distance_mm"": 960, ""Interrupt_flag"": 0, ""Node_type"": ""DDS75-LB"", ""Sensor_flag"": 1, ""TempC_DS18B20"": 32.76}"
2025-09-25 01:43:17.268400630+00:00,dds75-lb-18,2,-37,10.0,"{""Bat"": 3.327, ""Distance_mm"": 960, ""Interrupt_flag"": 0, ""Node_type"": ""DDS75-LB"", ""Sensor_flag"": 1, ""TempC_DS18B20"": 32.76}"
2025-09-25 02:43:16.585883642+00:00,dds75-lb-18,2,-120,-4.25,"{""Bat"": 3.327, ""Distance_mm"": 960, ""Interrupt_flag"": 0, ""Node_type"": ""DDS75-LB"", ""Sensor_flag"": 1, ""TempC_DS18B20"": 32.76}"
2025-09-25 03:43:15.910113740+00:00,dds75-lb-18,2,-37,7.5,"{""Bat"": 3.327, ""Distance_mm"": 960, ""Interrupt_flag"": 0, ""Node_type"": ""DDS75-LB"", ""Sensor_flag"": 1, ""TempC_DS18B20"": 32.76}"
2025-09-25 04:43:15.239475521+00:00,dds75-lb-18,2,-38,8.5,"{""Bat"": 3.327, ""Distance_mm"": 959, ""Interrupt_flag"": 0, ""Node_type"": ""DDS75-LB"", ""Sensor_flag"": 1, ""TempC_DS18B20"": 32.76}"
2025-09-25 05:43:14.575633313+00:00,dds75-lb-18,2,-39,10.25,"{""Bat"": 3.327, ""Distance_mm"": 960, ""Interrupt_flag"": 0, ""Node_type"": ""DDS75-LB"", ""Sensor_flag"": 1, ""TempC_DS18B20"": 32.76}"
2025-09-25 06:43:13.892732349+00:00,dds75-lb-18,2,-37,9.75,"{""Bat"": 3.327, ""Distance_mm"": 960, ""Interrupt_flag"": 0, ""Node_type"": ""DDS75-LB"", ""Sensor_flag"": 1, ""TempC_DS18B20"": 32.76}"
2025-09-25 07:43:13.211603959+00:00,dds75-lb-18,2,-120,-4.25,"{""Bat"": 3.327, ""Distance_mm"": 960, ""Interrupt_flag"": 0, ""Node_type"": ""DDS75-LB"", ""Sensor_flag"": 1, ""TempC_DS18B20"": 32.76}"
2025-09-25 08:43:12.531932686+00:00,dds75-lb-18,2,-118,-8.0,"{""Bat"": 3.327, ""Distance_mm"": 960, ""Interrupt_flag"": 0, ""Node_type"": ""DDS75-LB"", ""Sensor_flag"": 1, ""TempC_DS18B20"": 32.76}"
2025-09-25 09:43:11.862215980+00:00,dds75-lb-18,2,-33,9.5,"{""Bat"": 3.327, ""Distance_mm"": 960, ""Interrupt_flag"": 0, ""Node_type"": ""DDS75-LB"", ""Sensor_flag"": 1, ""TempC_DS18B20"": 32.76}"
2025-09-25 10:43:11.177234326+00:00,dds75-lb-18,2,-36,9.75,"{""Bat"": 3.327, ""Distance_mm"": 960, ""Interrupt_flag"": 0, ""Node_type"": ""DDS75-LB"", ""Sensor_flag"": 1, ""TempC_DS18B20"": 32.76}"
2025-09-25 11:43:10.509733596+00:00,dds75-lb-18,2,-37,9.0,"{""Bat"": 3.327, ""Distance_mm"": 960, ""Interrupt_flag"": 0, ""Node_type"": ""DDS75-LB"", ""Sensor_flag"": 1, ""TempC_DS18B20"": 32.76}"
2025-09-25 12:43:09.831096037+00:00,dds75-lb-18,2,-121,-6.0,"{""Bat"": 3.327, ""Distance_mm"": 960, ""Interrupt_flag"": 0, ""Node_type"": ""DDS75-LB"", ""Sensor_flag"": 1, ""TempC_DS18B20"": 32.76}"
2025-09-25 13:43:09.142997887+00:00,dds75-lb-18,2,-123,-6.75,"{""Bat"": 3.327, ""Distance_mm"": 960, ""Interrupt_flag"": 0, ""Node_type"": ""DDS75-LB"", ""Sensor_flag"": 1, ""TempC_DS18B20"": 32.76}"
2025-09-25 14:43:08.477203204+00:00,dds75-lb-18,2,-118,-2.0,"{""Bat"": 3.327, ""Distance_mm"": 960, ""Interrupt_flag"": 0, ""Node_type"": ""DDS75-LB"", ""Sensor_flag"": 1, ""TempC_DS18B20"": 32.76}"
2025-09-25 15:43:07.804318060+00:00,dds75-lb-18,2,-35,9.75,"{""Bat"": 3.327, ""Distance_mm"": 960, ""Interrupt_flag"": 0, ""Node_type"": ""DDS75-LB"", ""Sensor_flag"": 1, ""TempC_DS18B20"": 32.76}"
2025-09-25 16:43:07.124807891+00:00,dds75-lb-18,2,-35,9.5,"{""Bat"": 3.327, ""Distance_mm"": 960, ""Interrupt_flag"": 0, ""Node_type"": ""DDS75-LB"", ""Sensor_flag"": 1, ""TempC_DS18B20"": 32.76}"
2025-09-25 17:43:06.460042954+00:00,dds75-lb-18,2,-37,8.75,"{""Bat"": 3.327, ""Distance_mm"": 960, ""Interrupt_flag"": 0, ""Node_type"": ""DDS75-LB"", ""Sensor_flag"": 1, ""TempC_DS18B20"": 32.76}"
2025-09-25 18:43:05.794855131+00:00,dds75-lb-18,2,-35,10.0,"{""Bat"": 3.327, ""Distance_mm"": 960, ""Interrupt_flag"": 0, ""Node_type"": ""DDS75-LB"", ""Sensor_flag"": 1, ""TempC_DS18B20"": 32.76}"
2025-09-25 19:43:05.120551883+00:00,dds75-lb-18,2,-34,9.5,"{""Bat"": 3.327, ""Distance_mm"": 960, ""Interrupt_flag"": 0, ""Node_type"": ""DDS75-LB"", ""Sensor_flag"": 1, ""TempC_DS18B20"": 32.76}"
2025-09-25 20:43:04.440626357+00:00,dds75-lb-18,2,-122,-7.25,"{""Bat"": 3.327, ""Distance_mm"": 960, ""Interrupt_flag"": 0, ""Node_type"": ""DDS75-LB"", ""Sensor_flag"": 1, ""TempC_DS18B20"": 32.76}"
2025-09-25 21:43:03.771408107+00:00,dds75-lb-18,2,-35,9.0,"{""Bat"": 3.327, ""Distance_mm"": 960, ""Interrupt_flag"": 0, ""Node_type"": ""DDS75-LB"", ""Sensor_flag"": 1, ""TempC_DS18B20"": 32.76}"
2025-09-25 22:43:03.082591268+00:00,dds75-lb-18,2,-35,7.5,"{""Bat"": 3.327, ""Distance_mm"": 960, ""Interrupt_flag"": 0, ""Node_type"": ""DDS75-LB"", ""Sensor_flag"": 1, ""TempC_DS18B20"": 32.76}"
2025-09-25 23:43:02.412670101+00:00,dds75-lb-18,2,-37,10.25,"{""Bat"": 3.327, ""Distance_mm"": 960, ""Interrupt_flag"": 0, ""Node_type"": ""DDS75-LB"", ""Sensor_flag"": 1, ""TempC_DS18B20"": 32.76}"
2025-09-26 00:43:01.733149016+00:00,dds75-lb-18,2,-33,7.25,"{""Bat"": 3.327, ""Distance_mm"": 960, ""Interrupt_flag"": 0, ""Node_type"": ""DDS75-LB"", ""Sensor_flag"": 1, ""TempC_DS18B20"": 32.76}"
2025-09-26 01:43:01.069921337+00:00,dds75-lb-18,2,-35,10.75,"{""Bat"": 3.327, ""Distance_mm"": 959, ""Interrupt_flag"": 0, ""Node_type"": ""DDS75-LB"", ""Sensor_flag"": 1, ""TempC_DS18B20"": 32.76}"
2025-09-26 02:43:00.399855508+00:00,dds75-lb-18,2,-35,9.75,"{""Bat"": 3.327, ""Distance_mm"": 959, ""Interrupt_flag"": 0, ""Node_type"": ""DDS75-LB"", ""Sensor_flag"": 1, ""TempC_DS18B20"": 32.76}"
2025-09-26 03:42:59.732373695+00:00,dds75-lb-18,2,-35,9.75,"{""Bat"": 3.327, ""Distance_mm"": 959, ""Interrupt_flag"": 0, ""Node_type"": ""DDS75-LB"", ""Sensor_flag"": 1, ""TempC_DS18B20"": 32.76}"
2025-09-26 04:42:59.043360048+00:00,dds75-lb-18,2,-35,9.5,"{""Bat"": 3.327, ""Distance_mm"": 959, ""Interrupt_flag"": 0, ""Node_type"": ""DDS75-LB"", ""Sensor_flag"": 1, ""TempC_DS18B20"": 32.76}"
2025-09-26 05:42:58.386851807+00:00,dds75-lb-18,2,-35,7.75,"{""Bat"": 3.327, ""Distance_mm"": 960, ""Interrupt_flag"": 0, ""Node_type"": ""DDS75-LB"", ""Sensor_flag"": 1, ""TempC_DS18B20"": 32.76}"
2025-09-26 06:42:57.699739322+00:00,dds75-lb-18,2,-33,9.5,"{""Bat"": 3.327, ""Distance_mm"": 960, ""Interrupt_flag"": 0, ""Node_type"": ""DDS75-LB"", ""Sensor_flag"": 1, ""TempC_DS18B20"": 32.76}"
2025-09-26 07:42:57.027622966+00:00,dds75-lb-18,2,-113,3.5,"{""Bat"": 3.327, ""Distance_mm"": 960, ""Interrupt_flag"": 0, ""Node_type"": ""DDS75-LB"", ""Sensor_flag"": 1, ""TempC_DS18B20"": 32.76}"
2025-09-26 08:42:56.362613219+00:00,dds75-lb-18,2,-35,9.75,"{""Bat"": 3.327, ""Distance_mm"": 960, ""Interrupt_flag"": 0, ""Node_type"": ""DDS75-LB"", ""Sensor_flag"": 1, ""TempC_DS18B20"": 32.76}"
2025-09-26 09:42:55.681983366+00:00,dds75-lb-18,2,-36,10.0,"{""Bat"": 3.327, ""Distance_mm"": 960, ""Interrupt_flag"": 0, ""Node_type"": ""DDS75-LB"", ""Sensor_flag"": 1, ""TempC_DS18B20"": 32.76}"
2025-09-26 10:42:54.998246504+00:00,dds75-lb-18,2,-118,-2.5,"{""Bat"": 3.327, ""Distance_mm"": 960, ""Interrupt_flag"": 0, ""Node_type"": ""DDS75-LB"", ""Sensor_flag"": 1, ""TempC_DS18B20"": 32.76}"
2025-09-26 11:42:54.340382277+00:00,dds75-lb-18,2,-37,9.5,"{""Bat"": 3.327, ""Distance_mm"": 960, ""Interrupt_flag"": 0, ""Node_type"": ""DDS75-LB"", ""Sensor_flag"": 1, ""TempC_DS18B20"": 32.76}"
2025-09-26 12:42:53.653756923+00:00,dds75-lb-18,2,-124,-8.5,"{""Bat"": 3.327, ""Distance_mm"": 960, ""Interrupt_flag"": 0, ""Node_type"": ""DDS75-LB"", ""Sensor_flag"": 1, ""TempC_DS18B20"": 32.76}"
2025-09-26 13:42:52.980870617+00:00,dds75-lb-18,2,-113,1.75,"{""Bat"": 3.327, ""Distance_mm"": 960, ""Interrupt_flag"": 0, ""Node_type"": ""DDS75-LB"", ""Sensor_flag"": 1, ""TempC_DS18B20"": 32.76}"
2025-09-26 14:42:52.305958945+00:00,dds75-lb-18,2,-33,7.75,"{""Bat"": 3.327, ""Distance_mm"": 960, ""Interrupt_flag"": 0, ""Node_type"": ""DDS75-LB"", ""Sensor_flag"": 1, ""TempC_DS18B20"": 32.76}"
2025-09-26 15:42:51.619332953+00:00,dds75-lb-18,2,-33,8.75,"{""Bat"": 3.327, ""Distance_mm"": 960, ""Interrupt_flag"": 0, ""Node_type"": ""DDS75-LB"", ""Sensor_flag"": 1, ""TempC_DS18B20"": 32.76}"
2025-09-26 16:42:50.961539490+00:00,dds75-lb-18,2,-120,-4.25,"{""Bat"": 3.327, ""Distance_mm"": 960, ""Interrupt_flag"": 0, ""Node_type"": ""DDS75-LB"", ""Sensor_flag"": 1, ""TempC_DS18B20"": 32.76}"
2025-09-26 17:42:50.274091962+00:00,dds75-lb-18,2,-37,9.0,"{""Bat"": 3.327, ""Distance_mm"": 961, ""Interrupt_flag"": 0, ""Node_type"": ""DDS75-LB"", ""Sensor_flag"": 1, ""TempC_DS18B20"": 32.76}"
2025-09-26 18:42:49.613259664+00:00,dds75-lb-18,2,-37,9.25,"{""Bat"": 3.327, ""Distance_mm"": 960, ""Interrupt_flag"": 0, ""Node_type"": ""DDS75-LB"", ""Sensor_flag"": 1, ""TempC_DS18B20"": 32.76}"
2025-09-26 19:42:48.930752928+00:00,dds75-lb-18,2,-35,9.25,"{""Bat"": 3.327, ""Distance_mm"": 960, ""Interrupt_flag"": 0, ""Node_type"": ""DDS75-LB"", ""Sensor_flag"": 1, ""TempC_DS18B20"": 32.76}"
2025-09-26 20:42:48.268001338+00:00,dds75-lb-18,2,-119,-3.25,"{""Bat"": 3.327, ""Distance_mm"": 960, ""Interrupt_flag"": 0, ""Node_type"": ""DDS75-LB"", ""Sensor_flag"": 1, ""TempC_DS18B20"": 32.76}"
2025-09-26 21:42:47.590849114+00:00,dds75-lb-18,2,-35,9.75,"{""Bat"": 3.327, ""Distance_mm"": 960, ""Interrupt_flag"": 0, ""Node_type"": ""DDS75-LB"", ""Sensor_flag"": 1, ""TempC_DS18B20"": 32.76}"
2025-09-26 22:42:46.918649161+00:00,dds75-lb-18,2,-33,10.0,"{""Bat"": 3.327, ""Distance_mm"": 959, ""Interrupt_flag"": 0, ""Node_type"": ""DDS75-LB"", ""Sensor_flag"": 1, ""TempC_DS18B20"": 32.76}"
2025-09-26 23:42:46.249228622+00:00,dds75-lb-18,2,-37,7.0,"{""Bat"": 3.327, ""Distance_mm"": 960, ""Interrupt_flag"": 0, ""Node_type"": ""DDS75-LB"", ""Sensor_flag"": 1, ""TempC_DS18B20"": 32.76}"
2025-09-27 00:42:45.573986086+00:00,dds75-lb-18,2,-118,-2.75,"{""Bat"": 3.327, ""Distance_mm"": 960, ""Interrupt_flag"": 0, ""Node_type"": ""DDS75-LB"", ""Sensor_flag"": 1, ""TempC_DS18B20"": 32.76}"
2025-09-27 01:42:44.884732934+00:00,dds75-lb-18,2,-36,10.25,"{""Bat"": 3.327, ""Distance_mm"": 960, ""Interrupt_flag"": 0, ""Node_type"": ""DDS75-LB"", ""Sensor_flag"": 1, ""TempC_DS18B20"": 32.76}"
2025-09-27 02:42:44.241197935+00:00,dds75-lb-18,2,-37,8.0,"{""Bat"": 3.327, ""Distance_mm"": 960, ""Interrupt_flag"": 0, ""Node_type"": ""DDS75-LB"", ""Sensor_flag"": 1, ""TempC_DS18B20"": 32.76}"
2025-09-27 03:42:43.529168029+00:00,dds75-lb-18,2,-37,10.0,"{""Bat"": 3.327, ""Distance_mm"": 960, ""Interrupt_flag"": 0, ""Node_type"": ""DDS75-LB"", ""Sensor_flag"": 1, ""TempC_DS18B20"": 32.76}"
2025-09-27 04:42:42.877919096+00:00,dds75-lb-18,2,-37,9.5,"{""Bat"": 3.327, ""Distance_mm"": 959, ""Interrupt_flag"": 0, ""Node_type"": ""DDS75-LB"", ""Sensor_flag"": 1, ""TempC_DS18B20"": 32.76}"
2025-09-27 05:42:42.189900707+00:00,dds75-lb-18,2,-33,9.25,"{""Bat"": 3.327, ""Distance_mm"": 959, ""Interrupt_flag"": 0, ""Node_type"": ""DDS75-LB"", ""Sensor_flag"": 1, ""TempC_DS18B20"": 32.76}"
2025-09-27 06:42:41.529704417+00:00,dds75-lb-18,2,-34,8.75,"{""Bat"": 3.327, ""Distance_mm"": 959, ""Interrupt_flag"": 0, ""Node_type"": ""DDS75-LB"", ""Sensor_flag"": 1, ""TempC_DS18B20"": 32.76}"
2025-09-27 07:42:40.844313194+00:00,dds75-lb-18,2,-35,10.0,"{""Bat"": 3.327, ""Distance_mm"": 959, ""Interrupt_flag"": 0, ""Node_type"": ""DDS75-LB"", ""Sensor_flag"": 1, ""TempC_DS18B20"": 32.76}"
2025-09-27 08:42:40.178477277+00:00,dds75-lb-18,2,-35,8.75,"{""Bat"": 3.327, ""Distance_mm"": 959, ""Interrupt_flag"": 0, ""Node_type"": ""DDS75-LB"", ""Sensor_flag"": 1, ""TempC_DS18B20"": 32.76}"
2025-09-27 09:42:39.503183057+00:00,dds75-lb-18,2,-116,-1.0,"{""Bat"": 3.327, ""Distance_mm"": 959, ""Interrupt_flag"": 0, ""Node_type"": ""DDS75-LB"", ""Sensor_flag"": 1, ""TempC_DS18B20"": 32.76}"
2025-09-27 10:42:38.823127306+00:00,dds75-lb-18,2,-35,9.0,"{""Bat"": 3.327, ""Distance_mm"": 959, ""Interrupt_flag"": 0, ""Node_type"": ""DDS75-LB"", ""Sensor_flag"": 1, ""TempC_DS18B20"": 32.76}"
2025-09-27 11:42:38.175239566+00:00,dds75-lb-18,2,-38,9.75,"{""Bat"": 3.327, ""Distance_mm"": 960, ""Interrupt_flag"": 0, ""Node_type"": ""DDS75-LB"", ""Sensor_flag"": 1, ""TempC_DS18B20"": 32.76}"
2025-09-27 12:42:37.481415765+00:00,dds75-lb-18,2,-33,7.75,"{""Bat"": 3.327, ""Distance_mm"": 960, ""Interrupt_flag"": 0, ""Node_type"": ""DDS75-LB"", ""Sensor_flag"": 1, ""TempC_DS18B20"": 32.76}"
2025-09-27 13:42:36.803230552+00:00,dds75-lb-18,2,-35,9.75,"{""Bat"": 3.327, ""Distance_mm"": 960, ""Interrupt_flag"": 0, ""Node_type"": ""DDS75-LB"", ""Sensor_flag"": 1, ""TempC_DS18B20"": 32.76}"
2025-09-27 14:42:36.142326715+00:00,dds75-lb-18,2,-33,7.75,"{""Bat"": 3.327, ""Distance_mm"": 960, ""Interrupt_flag"": 0, ""Node_type"": ""DDS75-LB"", ""Sensor_flag"": 1, ""TempC_DS18B20"": 32.76}"
2025-09-27 15:42:35.472267303+00:00,dds75-lb-18,2,-35,10.0,"{""Bat"": 3.327, ""Distance_mm"": 960, ""Interrupt_flag"": 0, ""Node_type"": ""DDS75-LB"", ""Sensor_flag"": 1, ""TempC_DS18B20"": 32.76}"
2025-09-27 16:42:34.783476842+00:00,dds75-lb-18,2,-35,10.0,"{""Bat"": 3.327, ""Distance_mm"": 960, ""Interrupt_flag"": 0, ""Node_type"": ""DDS75-LB"", ""Sensor_flag"": 1, ""TempC_DS18B20"": 32.76}"
2025-09-27 17:42:34.111173253+00:00,dds75-lb-18,2,-33,8.5,"{""Bat"": 3.327, ""Distance_mm"": 960, ""Interrupt_flag"": 0, ""Node_type"": ""DDS75-LB"", ""Sensor_flag"": 1, ""TempC_DS18B20"": 32.76}"
2025-09-27 18:42:33.448515347+00:00,dds75-lb-18,2,-35,10.0,"{""Bat"": 3.327, ""Distance_mm"": 960, ""Interrupt_flag"": 0, ""Node_type"": ""DDS75-LB"", ""Sensor_flag"": 1, ""TempC_DS18B20"": 32.76}"
2025-09-27 19:42:32.767134853+00:00,dds75-lb-18,2,-37,10.25,"{""Bat"": 3.327, ""Distance_mm"": 960, ""Interrupt_flag"": 0, ""Node_type"": ""DDS75-LB"", ""Sensor_flag"": 1, ""TempC_DS18B20"": 32.76}"
2025-09-27 20:42:32.082061054+00:00,dds75-lb-18,2,-35,7.25,"{""Bat"": 3.327, ""Distance_mm"": 960, ""Interrupt_flag"": 0, ""Node_type"": ""DDS75-LB"", ""Sensor_flag"": 1, ""TempC_DS18B20"": 32.76}"
2025-09-27 21:42:31.437220818+00:00,dds75-lb-18,2,-35,9.75,"{""Bat"": 3.327, ""Distance_mm"": 960, ""Interrupt_flag"": 0, ""Node_type"": ""DDS75-LB"", ""Sensor_flag"": 1, ""TempC_DS18B20"": 32.76}"
2025-09-27 22:42:30.749647331+00:00,dds75-lb-18,2,-37,7.75,"{""Bat"": 3.327, ""Distance_mm"": 960, ""Interrupt_flag"": 0, ""Node_type"": ""DDS75-LB"", ""Sensor_flag"": 1, ""TempC_DS18B20"": 32.76}"
2025-09-27 23:42:30.076878488+00:00,dds75-lb-18,2,-32,9.25,"{""Bat"": 3.327, ""Distance_mm"": 960, ""Interrupt_flag"": 0, ""Node_type"": ""DDS75-LB"", ""Sensor_flag"": 1, ""TempC_DS18B20"": 32.76}"
2025-09-28 00:42:29.421616371+00:00,dds75-lb-18,2,-37,9.5,"{""Bat"": 3.327, ""Distance_mm"": 960, ""Interrupt_flag"": 0, ""Node_type"": ""DDS75-LB"", ""Sensor_flag"": 1, ""TempC_DS18B20"": 32.76}"
2025-09-28 01:42:28.729932597+00:00,dds75-lb-18,2,-35,7.75,"{""Bat"": 3.327, ""Distance_mm"": 959, ""Interrupt_flag"": 0, ""Node_type"": ""DDS75-LB"", ""Sensor_flag"": 1, ""TempC_DS18B20"": 32.76}"
2025-09-28 02:42:28.056217688+00:00,dds75-lb-18,2,-35,10.75,"{""Bat"": 3.327, ""Distance_mm"": 959, ""Interrupt_flag"": 0, ""Node_type"": ""DDS75-LB"", ""Sensor_flag"": 1, ""TempC_DS18B20"": 32.76}"
2025-09-28 03:42:27.382588669+00:00,dds75-lb-18,2,-35,9.25,"{""Bat"": 3.327, ""Distance_mm"": 959, ""Interrupt_flag"": 0, ""Node_type"": ""DDS75-LB"", ""Sensor_flag"": 1, ""TempC_DS18B20"": 32.76}"
2025-09-28 04:42:26.712548125+00:00,dds75-lb-18,2,-33,7.0,"{""Bat"": 3.327, ""Distance_mm"": 959, ""Interrupt_flag"": 0, ""Node_type"": ""DDS75-LB"", ""Sensor_flag"": 1, ""TempC_DS18B20"": 32.76}"
2025-09-28 05:42:26.060713321+00:00,dds75-lb-18,2,-33,8.0,"{""Bat"": 3.327, ""Distance_mm"": 959, ""Interrupt_flag"": 0, ""Node_type"": ""DDS75-LB"", ""Sensor_flag"": 1, ""TempC_DS18B20"": 32.76}"
2025-09-28 06:42:25.372985510+00:00,dds75-lb-18,2,-121,-6.0,"{""Bat"": 3.327, ""Distance_mm"": 959, ""Interrupt_flag"": 0, ""Node_type"": ""DDS75-LB"", ""Sensor_flag"": 1, ""TempC_DS18B20"": 32.76}"
2025-09-28 07:42:24.690016096+00:00,dds75-lb-18,2,-32,8.5,"{""Bat"": 3.327, ""Distance_mm"": 959, ""Interrupt_flag"": 0, ""Node_type"": ""DDS75-LB"", ""Sensor_flag"": 1, ""TempC_DS18B20"": 32.76}"
2025-09-28 08:42:24.025376662+00:00,dds75-lb-18,2,-35,8.5,"{""Bat"": 3.327, ""Distance_mm"": 959, ""Interrupt_flag"": 0, ""Node_type"": ""DDS75-LB"", ""Sensor_flag"": 1, ""TempC_DS18B20"": 32.76}"
2025-09-28 09:42:23.370768732+00:00,dds75-lb-18,2,-33,8.5,"{""Bat"": 3.327, ""Distance_mm"": 959, ""Interrupt_flag"": 0, ""Node_type"": ""DDS75-LB"", ""Sensor_flag"": 1, ""TempC_DS18B20"": 32.76}"
2025-09-28 10:42:22.679816791+00:00,dds75-lb-18,2,-37,9.75,"{""Bat"": 3.327, ""Distance_mm"": 960, ""Interrupt_flag"": 0, ""Node_type"": ""DDS75-LB"", ""Sensor_flag"": 1, ""TempC_DS18B20"": 32.76}"
2025-09-28 11:42:21.998637754+00:00,dds75-lb-18,2,-118,-2.0,"{""Bat"": 3.327, ""Distance_mm"": 960, ""Interrupt_flag"": 0, ""Node_type"": ""DDS75-LB"", ""Sensor_flag"": 1, ""TempC_DS18B20"": 32.76}"
2025-09-28 12:42:21.327621156+00:00,dds75-lb-18,2,-33,9.75,"{""Bat"": 3.327, ""Distance_mm"": 959, ""Interrupt_flag"": 0, ""Node_type"": ""DDS75-LB"", ""Sensor_flag"": 1, ""TempC_DS18B20"": 32.76}"
2025-09-28 13:42:20.662982950+00:00,dds75-lb-18,2,-120,-6.5,"{""Bat"": 3.327, ""Distance_mm"": 960, ""Interrupt_flag"": 0, ""Node_type"": ""DDS75-LB"", ""Sensor_flag"": 1, ""TempC_DS18B20"": 32.76}"
2025-09-28 14:42:19.989804838+00:00,dds75-lb-18,2,-35,9.75,"{""Bat"": 3.327, ""Distance_mm"": 960, ""Interrupt_flag"": 0, ""Node_type"": ""DDS75-LB"", ""Sensor_flag"": 1, ""TempC_DS18B20"": 32.76}"
2025-09-28 15:42:19.303214122+00:00,dds75-lb-18,2,-35,10.0,"{""Bat"": 3.327, ""Distance_mm"": 960, ""Interrupt_flag"": 0, ""Node_type"": ""DDS75-LB"", ""Sensor_flag"": 1, ""TempC_DS18B20"": 32.76}"
2025-09-28 16:42:18.630278272+00:00,dds75-lb-18,2,-115,-3.0,"{""Bat"": 3.327, ""Distance_mm"": 960, ""Interrupt_flag"": 0, ""Node_type"": ""DDS75-LB"", ""Sensor_flag"": 1, ""TempC_DS18B20"": 32.76}"
2025-09-28 17:42:17.971302781+00:00,dds75-lb-18,2,-37,10.25,"{""Bat"": 3.327, ""Distance_mm"": 960, ""Interrupt_flag"": 0, ""Node_type"": ""DDS75-LB"", ""Sensor_flag"": 1, ""TempC_DS18B20"": 32.76}"
2025-09-28 18:42:17.293176133+00:00,dds75-lb-18,2,-36,10.0,"{""Bat"": 3.327, ""Distance_mm"": 960, ""Interrupt_flag"": 0, ""Node_type"": ""DDS75-LB"", ""Sensor_flag"": 1, ""TempC_DS18B20"": 32.76}"
2025-09-28 19:42:16.619183787+00:00,dds75-lb-18,2,-35,7.5,"{""Bat"": 3.327, ""Distance_mm"": 960, ""Interrupt_flag"": 0, ""Node_type"": ""DDS75-LB"", ""Sensor_flag"": 1, ""TempC_DS18B20"": 32.76}"
2025-09-28 20:42:15.933378789+00:00,dds75-lb-18,2,-35,9.5,"{""Bat"": 3.327, ""Distance_mm"": 960, ""Interrupt_flag"": 0, ""Node_type"": ""DDS75-LB"", ""Sensor_flag"": 1, ""TempC_DS18B20"": 32.76}"
2025-09-28 21:42:15.260330020+00:00,dds75-lb-18,2,-35,9.5,"{""Bat"": 3.327, ""Distance_mm"": 960, ""Interrupt_flag"": 0, ""Node_type"": ""DDS75-LB"", ""Sensor_flag"": 1, ""TempC_DS18B20"": 32.76}"
2025-09-28 22:42:14.582033707+00:00,dds75-lb-18,2,-35,9.75,"{""Bat"": 3.327, ""Distance_mm"": 959, ""Interrupt_flag"": 0, ""Node_type"": ""DDS75-LB"", ""Sensor_flag"": 1, ""TempC_DS18B20"": 32.76}"
2025-09-28 23:42:13.958006973+00:00,dds75-lb-18,2,-34,9.5,"{""Bat"": 3.327, ""Distance_mm"": 960, ""Interrupt_flag"": 0, ""Node_type"": ""DDS75-LB"", ""Sensor_flag"": 1, ""TempC_DS18B20"": 32.76}"
2025-09-29 00:42:13.232531058+00:00,dds75-lb-18,2,-120,-5.5,"{""Bat"": 3.327, ""Distance_mm"": 960, ""Interrupt_flag"": 0, ""Node_type"": ""DDS75-LB"", ""Sensor_flag"": 1, ""TempC_DS18B20"": 32.76}"
2025-09-29 01:42:12.562646185+00:00,dds75-lb-18,2,-124,-9.0,"{""Bat"": 3.327, ""Distance_mm"": 960, ""Interrupt_flag"": 0, ""Node_type"": ""DDS75-LB"", ""Sensor_flag"": 1, ""TempC_DS18B20"": 32.76}"
2025-09-29 02:42:11.889224354+00:00,dds75-lb-18,2,-36,9.25,"{""Bat"": 3.327, ""Distance_mm"": 959, ""Interrupt_flag"": 0, ""Node_type"": ""DDS75-LB"", ""Sensor_flag"": 1, ""TempC_DS18B20"": 32.76}"
2025-09-29 03:42:11.224795712+00:00,dds75-lb-18,2,-117,-1.0,"{""Bat"": 3.327, ""Distance_mm"": 959, ""Interrupt_flag"": 0, ""Node_type"": ""DDS75-LB"", ""Sensor_flag"": 1, ""TempC_DS18B20"": 32.76}"
2025-09-29 04:42:10.544902110+00:00,dds75-lb-18,2,-32,7.75,"{""Bat"": 3.327, ""Distance_mm"": 960, ""Interrupt_flag"": 0, ""Node_type"": ""DDS75-LB"", ""Sensor_flag"": 1, ""TempC_DS18B20"": 32.76}"
2025-09-29 05:42:09.878491078+00:00,dds75-lb-18,2,-35,7.0,"{""Bat"": 3.327, ""Distance_mm"": 960, ""Interrupt_flag"": 0, ""Node_type"": ""DDS75-LB"", ""Sensor_flag"": 1, ""TempC_DS18B20"": 32.76}"
2025-09-29 06:42:09.211556248+00:00,dds75-lb-18,2,-33,9.25,"{""Bat"": 3.327, ""Distance_mm"": 960, ""Interrupt_flag"": 0, ""Node_type"": ""DDS75-LB"", ""Sensor_flag"": 1, ""TempC_DS18B20"": 32.76}"
2025-09-29 07:42:08.553642296+00:00,dds75-lb-18,2,-35,9.5,"{""Bat"": 3.327, ""Distance_mm"": 960, ""Interrupt_flag"": 0, ""Node_type"": ""DDS75-LB"", ""Sensor_flag"": 1, ""TempC_DS18B20"": 32.76}"
2025-09-29 08:42:07.869197642+00:00,dds75-lb-18,2,-35,10.5,"{""Bat"": 3.327, ""Distance_mm"": 960, ""Interrupt_flag"": 0, ""Node_type"": ""DDS75-LB"", ""Sensor_flag"": 1, ""TempC_DS18B20"": 32.76}"
2025-09-29 09:42:07.217670185+00:00,dds75-lb-18,2,-35,9.25,"{""Bat"": 3.327, ""Distance_mm"": 960, ""Interrupt_flag"": 0, ""Node_type"": ""DDS75-LB"", ""Sensor_flag"": 1, ""TempC_DS18B20"": 32.76}"
2025-09-29 10:42:06.508821683+00:00,dds75-lb-18,2,-33,6.25,"{""Bat"": 3.327, ""Distance_mm"": 961, ""Interrupt_flag"": 0, ""Node_type"": ""DDS75-LB"", ""Sensor_flag"": 1, ""TempC_DS18B20"": 32.76}"
2025-09-29 11:42:05.845574697+00:00,dds75-lb-18,2,-118,-2.75,"{""Bat"": 3.327, ""Distance_mm"": 960, ""Interrupt_flag"": 0, ""Node_type"": ""DDS75-LB"", ""Sensor_flag"": 1, ""TempC_DS18B20"": 32.76}"
2025-09-29 12:42:05.174152612+00:00,dds75-lb-18,2,-37,7.5,"{""Bat"": 3.327, ""Distance_mm"": 960, ""Interrupt_flag"": 0, ""Node_type"": ""DDS75-LB"", ""Sensor_flag"": 1, ""TempC_DS18B20"": 32.76}"
2025-09-29 13:42:04.485887869+00:00,dds75-lb-18,2,-116,-0.75,"{""Bat"": 3.327, ""Distance_mm"": 961, ""Interrupt_flag"": 0, ""Node_type"": ""DDS75-LB"", ""Sensor_flag"": 1, ""TempC_DS18B20"": 32.76}"
2025-09-29 14:42:03.795706418+00:00,dds75-lb-18,2,-113,-0.75,"{""Bat"": 3.327, ""Distance_mm"": 960, ""Interrupt_flag"": 0, ""Node_type"": ""DDS75-LB"", ""Sensor_flag"": 1, ""TempC_DS18B20"": 32.76}"
2025-09-29 15:42:03.131958877+00:00,dds75-lb-18,2,-33,9.75,"{""Bat"": 3.327, ""Distance_mm"": 960, ""Interrupt_flag"": 0, ""Node_type"": ""DDS75-LB"", ""Sensor_flag"": 1, ""TempC_DS18B20"": 32.76}"
2025-09-29 16:42:02.455465459+00:00,dds75-lb-18,2,-35,10.25,"{""Bat"": 3.327, ""Distance_mm"": 960, ""Interrupt_flag"": 0, ""Node_type"": ""DDS75-LB"", ""Sensor_flag"": 1, ""TempC_DS18B20"": 32.76}"
2025-09-29 17:42:01.785612879+00:00,dds75-lb-18,2,-33,9.25,"{""Bat"": 3.327, ""Distance_mm"": 960, ""Interrupt_flag"": 0, ""Node_type"": ""DDS75-LB"", ""Sensor_flag"": 1, ""TempC_DS18B20"": 32.76}"
2025-09-29 18:42:01.111304153+00:00,dds75-lb-18,2,-32,7.25,"{""Bat"": 3.327, ""Distance_mm"": 960, ""Interrupt_flag"": 0, ""Node_type"": ""DDS75-LB"", ""Sensor_flag"": 1, ""TempC_DS18B20"": 32.76}"
2025-09-29 19:42:00.421130467+00:00,dds75-lb-18,2,-35,7.75,"{""Bat"": 3.327, ""Distance_mm"": 960, ""Interrupt_flag"": 0, ""Node_type"": ""DDS75-LB"", ""Sensor_flag"": 1, ""TempC_DS18B20"": 32.76}"
2025-09-29 20:41:59.767665891+00:00,dds75-lb-18,2,-34,8.25,"{""Bat"": 3.327, ""Distance_mm"": 960, ""Interrupt_flag"": 0, ""Node_type"": ""DDS75-LB"", ""Sensor_flag"": 1, ""TempC_DS18B20"": 32.76}"
2025-09-29 21:41:59.087541148+00:00,dds75-lb-18,2,-37,10.0,"{""Bat"": 3.327, ""Distance_mm"": 960, ""Interrupt_flag"": 0, ""Node_type"": ""DDS75-LB"", ""Sensor_flag"": 1, ""TempC_DS18B20"": 32.76}"
2025-09-29 22:41:58.404735306+00:00,dds75-lb-18,2,-37,9.0,"{""Bat"": 3.327, ""Distance_mm"": 960, ""Interrupt_flag"": 0, ""Node_type"": ""DDS75-LB"", ""Sensor_flag"": 1, ""TempC_DS18B20"": 32.76}"
2025-09-29 23:41:57.732728166+00:00,dds75-lb-18,2,-36,9.75,"{""Bat"": 3.327, ""Distance_mm"": 959, ""Interrupt_flag"": 0, ""Node_type"": ""DDS75-LB"", ""Sensor_flag"": 1, ""TempC_DS18B20"": 32.76}"
2025-09-30 00:41:57.051483679+00:00,dds75-lb-18,2,-37,8.5,"{""Bat"": 3.327, ""Distance_mm"": 960, ""Interrupt_flag"": 0, ""Node_type"": ""DDS75-LB"", ""Sensor_flag"": 1, ""TempC_DS18B20"": 32.76}"
2025-09-30 01:41:56.373906370+00:00,dds75-lb-18,2,-36,9.25,"{""Bat"": 3.327, ""Distance_mm"": 960, ""Interrupt_flag"": 0, ""Node_type"": ""DDS75-LB"", ""Sensor_flag"": 1, ""TempC_DS18B20"": 32.76}"
2025-09-30 02:41:55.712784778+00:00,dds75-lb-18,2,-35,11.0,"{""Bat"": 3.327, ""Distance_mm"": 960, ""Interrupt_flag"": 0, ""Node_type"": ""DDS75-LB"", ""Sensor_flag"": 1, ""TempC_DS18B20"": 32.76}"
2025-09-30 03:41:55.028846401+00:00,dds75-lb-18,2,-123,-7.0,"{""Bat"": 3.327, ""Distance_mm"": 960, ""Interrupt_flag"": 0, ""Node_type"": ""DDS75-LB"", ""Sensor_flag"": 1, ""TempC_DS18B20"": 32.76}"
2025-09-30 04:41:54.363822835+00:00,dds75-lb-18,2,-35,7.0,"{""Bat"": 3.327, ""Distance_mm"": 960, ""Interrupt_flag"": 0, ""Node_type"": ""DDS75-LB"", ""Sensor_flag"": 1, ""TempC_DS18B20"": 32.76}"
2025-09-30 05:41:53.691444649+00:00,dds75-lb-18,2,-117,-1.0,"{""Bat"": 3.327, ""Distance_mm"": 960, ""Interrupt_flag"": 0, ""Node_type"": ""DDS75-LB"", ""Sensor_flag"": 1, ""TempC_DS18B20"": 32.76}"
2025-09-30 06:41:53.005299257+00:00,dds75-lb-18,2,-36,9.5,"{""Bat"": 3.327, ""Distance_mm"": 960, ""Interrupt_flag"": 0, ""Node_type"": ""DDS75-LB"", ""Sensor_flag"": 1, ""TempC_DS18B20"": 32.76}"
2025-09-30 07:41:52.325466396+00:00,dds75-lb-18,2,-117,-3.75,"{""Bat"": 3.327, ""Distance_mm"": 960, ""Interrupt_flag"": 0, ""Node_type"": ""DDS75-LB"", ""Sensor_flag"": 1, ""TempC_DS18B20"": 32.76}"
2025-09-30 08:41:51.657462585+00:00,dds75-lb-18,2,-33,9.25,"{""Bat"": 3.327, ""Distance_mm"": 960, ""Interrupt_flag"": 0, ""Node_type"": ""DDS75-LB"", ""Sensor_flag"": 1, ""TempC_DS18B20"": 32.76}"
2025-09-30 09:41:50.975858808+00:00,dds75-lb-18,2,-122,-6.75,"{""Bat"": 3.327, ""Distance_mm"": 960, ""Interrupt_flag"": 0, ""Node_type"": ""DDS75-LB"", ""Sensor_flag"": 1, ""TempC_DS18B20"": 32.76}"
2025-09-30 10:41:50.294079728+00:00,dds75-lb-18,2,-35,9.75,"{""Bat"": 3.327, ""Distance_mm"": 960, ""Interrupt_flag"": 0, ""Node_type"": ""DDS75-LB"", ""Sensor_flag"": 1, ""TempC_DS18B20"": 32.76}"
2025-09-30 11:41:49.634456799+00:00,dds75-lb-18,2,-35,9.0,"{""Bat"": 3.327, ""Distance_mm"": 961, ""Interrupt_flag"": 0, ""Node_type"": ""DDS75-LB"", ""Sensor_flag"": 1, ""TempC_DS18B20"": 32.76}"
2025-09-30 12:41:48.962563532+00:00,dds75-lb-18,2,-115,1.0,"{""Bat"": 3.327, ""Distance_mm"": 960, ""Interrupt_flag"": 0, ""Node_type"": ""DDS75-LB"", ""Sensor_flag"": 1, ""TempC_DS18B20"": 32.76}"
2025-09-30 13:41:48.303207911+00:00,dds75-lb-18,2,-39,10.5,"{""Bat"": 3.327, ""Distance_mm"": 960, ""Interrupt_flag"": 0, ""Node_type"": ""DDS75-LB"", ""Sensor_flag"": 1, ""TempC_DS18B20"": 32.76}"
2025-09-30 14:41:47.613272004+00:00,dds75-lb-18,2,-39,10.75,"{""Bat"": 3.327, ""Distance_mm"": 960, ""Interrupt_flag"": 0, ""Node_type"": ""DDS75-LB"", ""Sensor_flag"": 1, ""TempC_DS18B20"": 32.76}"
2025-09-30 15:41:46.923670796+00:00,dds75-lb-18,2,-36,9.5,"{""Bat"": 10.88, ""Distance_mm"": 960, ""Interrupt_flag"": 0, ""Node_type"": ""DDS75-LB"", ""Sensor_flag"": 1, ""TempC_DS18B20"": 32.76}"
2025-09-30 16:41:46.257342189+00:00,dds75-lb-18,2,-39,9.5,"{""Bat"": 3.327, ""Distance_mm"": 960, ""Interrupt_flag"": 0, ""Node_type"": ""DDS75-LB"", ""Sensor_flag"": 1, ""TempC_DS18B20"": 32.76}"
2025-09-30 17:41:45.576328990+00:00,dds75-lb-18,2,-35,8.75,"{""Bat"": 3.327, ""Distance_mm"": 963, ""Interrupt_flag"": 0, ""Node_type"": ""DDS75-LB"", ""Sensor_flag"": 1, ""TempC_DS18B20"": 32.76}"
2025-09-30 18:41:44.899856487+00:00,dds75-lb-18,2,-38,10.0,"{""Bat"": 3.327, ""Distance_mm"": 965, ""Interrupt_flag"": 0, ""Node_type"": ""DDS75-LB"", ""Sensor_flag"": 1, ""TempC_DS18B20"": 32.76}"
2025-09-30 19:41:44.229677004+00:00,dds75-lb-18,2,-123,-7.75,"{""Bat"": 3.327, ""Distance_mm"": 961, ""Interrupt_flag"": 0, ""Node_type"": ""DDS75-LB"", ""Sensor_flag"": 1, ""TempC_DS18B20"": 32.76}"
2025-09-30 20:41:43.566279393+00:00,dds75-lb-18,2,-37,10.0,"{""Bat"": 3.327, ""Distance_mm"": 960, ""Interrupt_flag"": 0, ""Node_type"": ""DDS75-LB"", ""Sensor_flag"": 1, ""TempC_DS18B20"": 32.76}"
2025-09-30 21:41:42.856450518+00:00,dds75-lb-18,2,-36,9.0,"{""Bat"": 3.327, ""Distance_mm"": 960, ""Interrupt_flag"": 0, ""Node_type"": ""DDS75-LB"", ""Sensor_flag"": 1, ""TempC_DS18B20"": 32.76}"
2025-09-30 22:41:42.203511679+00:00,dds75-lb-18,2,-38,7.25,"{""Bat"": 3.327, ""Distance_mm"": 960, ""Interrupt_flag"": 0, ""Node_type"": ""DDS75-LB"", ""Sensor_flag"": 1, ""TempC_DS18B20"": 32.76}"
2025-09-30 23:41:41.531966862+00:00,dds75-lb-18,2,-121,-5.25,"{""Bat"": 3.327, ""Distance_mm"": 960, ""Interrupt_flag"": 0, ""Node_type"": ""DDS75-LB"", ""Sensor_flag"": 1, ""TempC_DS18B20"": 32.76}"
2025-10-01 00:41:40.836685480+00:00,dds75-lb-18,2,-41,9.25,"{""Bat"": 3.327, ""Distance_mm"": 960, ""Interrupt_flag"": 0, ""Node_type"": ""DDS75-LB"", ""Sensor_flag"": 1, ""TempC_DS18B20"": 32.76}"
2025-10-01 01:41:40.175659060+00:00,dds75-lb-18,2,-37,7.25,"{""Bat"": 3.327, ""Distance_mm"": 960, ""Interrupt_flag"": 0, ""Node_type"": ""DDS75-LB"", ""Sensor_flag"": 1, ""TempC_DS18B20"": 32.76}"
2025-10-01 02:41:39.507754138+00:00,dds75-lb-18,2,-37,7.75,"{""Bat"": 3.327, ""Distance_mm"": 960, ""Interrupt_flag"": 0, ""Node_type"": ""DDS75-LB"", ""Sensor_flag"": 1, ""TempC_DS18B20"": 32.76}"
2025-10-01 03:41:38.820947078+00:00,dds75-lb-18,2,-38,9.5,"{""Bat"": 3.327, ""Distance_mm"": 960, ""Interrupt_flag"": 0, ""Node_type"": ""DDS75-LB"", ""Sensor_flag"": 1, ""TempC_DS18B20"": 32.76}"
2025-10-01 04:41:38.160743191+00:00,dds75-lb-18,2,-36,9.25,"{""Bat"": 3.327, ""Distance_mm"": 960, ""Interrupt_flag"": 0, ""Node_type"": ""DDS75-LB"", ""Sensor_flag"": 1, ""TempC_DS18B20"": 32.76}"
2025-10-01 05:41:37.472292402+00:00,dds75-lb-18,2,-36,9.75,"{""Bat"": 3.327, ""Distance_mm"": 960, ""Interrupt_flag"": 0, ""Node_type"": ""DDS75-LB"", ""Sensor_flag"": 1, ""TempC_DS18B20"": 32.76}"
2025-10-01 06:41:36.822457234+00:00,dds75-lb-18,2,-120,-5.0,"{""Bat"": 3.327, ""Distance_mm"": 964, ""Interrupt_flag"": 0, ""Node_type"": ""DDS75-LB"", ""Sensor_flag"": 1, ""TempC_DS18B20"": 32.76}"
2025-10-01 07:41:36.125555248+00:00,dds75-lb-18,2,-39,10.5,"{""Bat"": 3.327, ""Distance_mm"": 960, ""Interrupt_flag"": 0, ""Node_type"": ""DDS75-LB"", ""Sensor_flag"": 1, ""TempC_DS18B20"": 32.76}"
2025-10-01 08:41:35.452146866+00:00,dds75-lb-18,2,-122,-5.5,"{""Bat"": 3.327, ""Distance_mm"": 960, ""Interrupt_flag"": 0, ""Node_type"": ""DDS75-LB"", ""Sensor_flag"": 1, ""TempC_DS18B20"": 32.76}"
2025-10-01 09:41:34.772037486+00:00,dds75-lb-18,2,-38,9.5,"{""Bat"": 3.327, ""Distance_mm"": 960, ""Interrupt_flag"": 0, ""Node_type"": ""DDS75-LB"", ""Sensor_flag"": 1, ""TempC_DS18B20"": 32.76}"
2025-10-01 10:41:34.103280768+00:00,dds75-lb-18,2,-36,9.5,"{""Bat"": 3.327, ""Distance_mm"": 960, ""Interrupt_flag"": 0, ""Node_type"": ""DDS75-LB"", ""Sensor_flag"": 1, ""TempC_DS18B20"": 32.76}"
2025-10-01 11:41:33.429751103+00:00,dds75-lb-18,2,-117,-0.5,"{""Bat"": 3.327, ""Distance_mm"": 960, ""Interrupt_flag"": 0, ""Node_type"": ""DDS75-LB"", ""Sensor_flag"": 1, ""TempC_DS18B20"": 32.76}"
2025-10-01 12:41:32.759934052+00:00,dds75-lb-18,2,-39,10.0,"{""Bat"": 3.327, ""Distance_mm"": 960, ""Interrupt_flag"": 0, ""Node_type"": ""DDS75-LB"", ""Sensor_flag"": 1, ""TempC_DS18B20"": 32.76}"
2025-10-01 13:41:32.090255333+00:00,dds75-lb-18,2,-39,10.75,"{""Bat"": 3.327, ""Distance_mm"": 960, ""Interrupt_flag"": 0, ""Node_type"": ""DDS75-LB"", ""Sensor_flag"": 1, ""TempC_DS18B20"": 32.76}"
2025-10-01 14:41:31.409505907+00:00,dds75-lb-18,2,-38,9.25,"{""Bat"": 3.327, ""Distance_mm"": 960, ""Interrupt_flag"": 0, ""Node_type"": ""DDS75-LB"", ""Sensor_flag"": 1, ""TempC_DS18B20"": 32.76}"
2025-10-01 15:41:30.730179501+00:00,dds75-lb-18,2,-121,-4.75,"{""Bat"": 3.327, ""Distance_mm"": 960, ""Interrupt_flag"": 0, ""Node_type"": ""DDS75-LB"", ""Sensor_flag"": 1, ""TempC_DS18B20"": 32.76}"
2025-10-01 16:41:30.066000263+00:00,dds75-lb-18,2,-38,6.75,"{""Bat"": 3.327, ""Distance_mm"": 960, ""Interrupt_flag"": 0, ""Node_type"": ""DDS75-LB"", ""Sensor_flag"": 1, ""TempC_DS18B20"": 32.76}"
2025-10-01 17:41:29.394737686+00:00,dds75-lb-18,2,-38,7.25,"{""Bat"": 3.327, ""Distance_mm"": 960, ""Interrupt_flag"": 0, ""Node_type"": ""DDS75-LB"", ""Sensor_flag"": 1, ""TempC_DS18B20"": 32.76}"
2025-10-01 18:41:28.721040622+00:00,dds75-lb-18,2,-114,2.5,"{""Bat"": 3.327, ""Distance_mm"": 960, ""Interrupt_flag"": 0, ""Node_type"": ""DDS75-LB"", ""Sensor_flag"": 1, ""TempC_DS18B20"": 32.76}"
2025-10-01 19:41:28.039193715+00:00,dds75-lb-18,2,-38,8.75,"{""Bat"": 3.327, ""Distance_mm"": 960, ""Interrupt_flag"": 0, ""Node_type"": ""DDS75-LB"", ""Sensor_flag"": 1, ""TempC_DS18B20"": 32.76}"
2025-10-01 20:41:27.361211510+00:00,dds75-lb-18,2,-41,10.5,"{""Bat"": 3.327, ""Distance_mm"": 960, ""Interrupt_flag"": 0, ""Node_type"": ""DDS75-LB"", ""Sensor_flag"": 1, ""TempC_DS18B20"": 32.76}"
2025-10-01 21:41:26.687895492+00:00,dds75-lb-18,2,-114,1.0,"{""Bat"": 3.327, ""Distance_mm"": 960, ""Interrupt_flag"": 0, ""Node_type"": ""DDS75-LB"", ""Sensor_flag"": 1, ""TempC_DS18B20"": 32.76}"
2025-10-01 22:41:26.009477192+00:00,dds75-lb-18,2,-38,9.0,"{""Bat"": 3.327, ""Distance_mm"": 960, ""Interrupt_flag"": 0, ""Node_type"": ""DDS75-LB"", ""Sensor_flag"": 1, ""TempC_DS18B20"": 32.76}"
2025-10-01 23:41:25.359158546+00:00,dds75-lb-18,2,-41,10.5,"{""Bat"": 3.327, ""Distance_mm"": 960, ""Interrupt_flag"": 0, ""Node_type"": ""DDS75-LB"", ""Sensor_flag"": 1, ""TempC_DS18B20"": 32.76}"
2025-10-02 00:41:24.680443288+00:00,dds75-lb-18,2,-113,-9.5,"{""Bat"": 3.327, ""Distance_mm"": 960, ""Interrupt_flag"": 0, ""Node_type"": ""DDS75-LB"", ""Sensor_flag"": 1, ""TempC_DS18B20"": 32.76}"
2025-10-02 01:41:24.013757270+00:00,dds75-lb-18,2,-37,9.75,"{""Bat"": 3.327, ""Distance_mm"": 960, ""Interrupt_flag"": 0, ""Node_type"": ""DDS75-LB"", ""Sensor_flag"": 1, ""TempC_DS18B20"": 32.76}"
2025-10-02 02:41:23.343236531+00:00,dds75-lb-18,2,-41,7.75,"{""Bat"": 3.327, ""Distance_mm"": 960, ""Interrupt_flag"": 0, ""Node_type"": ""DDS75-LB"", ""Sensor_flag"": 1, ""TempC_DS18B20"": 32.76}"
2025-10-02 03:41:22.669517649+00:00,dds75-lb-18,2,-37,9.0,"{""Bat"": 3.327, ""Distance_mm"": 960, ""Interrupt_flag"": 0, ""Node_type"": ""DDS75-LB"", ""Sensor_flag"": 1, ""TempC_DS18B20"": 32.76}"
2025-10-02 04:41:21.983861281+00:00,dds75-lb-18,2,-39,10.25,"{""Bat"": 3.327, ""Distance_mm"": 960, ""Interrupt_flag"": 0, ""Node_type"": ""DDS75-LB"", ""Sensor_flag"": 1, ""TempC_DS18B20"": 32.76}"
2025-10-02 05:41:21.310218601+00:00,dds75-lb-18,2,-39,7.75,"{""Bat"": 3.327, ""Distance_mm"": 960, ""Interrupt_flag"": 0, ""Node_type"": ""DDS75-LB"", ""Sensor_flag"": 1, ""TempC_DS18B20"": 32.76}"
2025-10-02 06:41:20.639913293+00:00,dds75-lb-18,2,-120,-4.0,"{""Bat"": 3.327, ""Distance_mm"": 965, ""Interrupt_flag"": 0, ""Node_type"": ""DDS75-LB"", ""Sensor_flag"": 1, ""TempC_DS18B20"": 32.76}"
2025-10-02 07:41:19.983040928+00:00,dds75-lb-18,2,-118,-3.5,"{""Bat"": 3.327, ""Distance_mm"": 960, ""Interrupt_flag"": 0, ""Node_type"": ""DDS75-LB"", ""Sensor_flag"": 1, ""TempC_DS18B20"": 32.76}"
2025-10-02 08:41:19.302145092+00:00,dds75-lb-18,2,-112,4.0,"{""Bat"": 3.327, ""Distance_mm"": 960, ""Interrupt_flag"": 0, ""Node_type"": ""DDS75-LB"", ""Sensor_flag"": 1, ""TempC_DS18B20"": 32.76}"
2025-10-02 09:41:18.627987412+00:00,dds75-lb-18,2,-35,7.75,"{""Bat"": 3.327, ""Distance_mm"": 960, ""Interrupt_flag"": 0, ""Node_type"": ""DDS75-LB"", ""Sensor_flag"": 1, ""TempC_DS18B20"": 32.76}"
2025-10-02 10:41:17.975594443+00:00,dds75-lb-18,2,-38,9.0,"{""Bat"": 3.327, ""Distance_mm"": 960, ""Interrupt_flag"": 0, ""Node_type"": ""DDS75-LB"", ""Sensor_flag"": 1, ""TempC_DS18B20"": 32.76}"
2025-10-02 11:41:17.300778871+00:00,dds75-lb-18,2,-41,9.75,"{""Bat"": 3.327, ""Distance_mm"": 960, ""Interrupt_flag"": 0, ""Node_type"": ""DDS75-LB"", ""Sensor_flag"": 1, ""TempC_DS18B20"": 32.76}"
2025-10-02 12:41:16.610790877+00:00,dds75-lb-18,2,-39,9.5,"{""Bat"": 3.327, ""Distance_mm"": 960, ""Interrupt_flag"": 0, ""Node_type"": ""DDS75-LB"", ""Sensor_flag"": 1, ""TempC_DS18B20"": 32.76}"
2025-10-02 13:41:15.940812824+00:00,dds75-lb-18,2,-120,-4.75,"{""Bat"": 3.327, ""Distance_mm"": 960, ""Interrupt_flag"": 0, ""Node_type"": ""DDS75-LB"", ""Sensor_flag"": 1, ""TempC_DS18B20"": 32.76}"
2025-10-02 14:41:15.302085277+00:00,dds75-lb-18,2,-41,9.5,"{""Bat"": 3.327, ""Distance_mm"": 960, ""Interrupt_flag"": 0, ""Node_type"": ""DDS75-LB"", ""Sensor_flag"": 1, ""TempC_DS18B20"": 32.76}"
2025-10-02 15:41:14.598656964+00:00,dds75-lb-18,2,-38,10.0,"{""Bat"": 3.327, ""Distance_mm"": 960, ""Interrupt_flag"": 0, ""Node_type"": ""DDS75-LB"", ""Sensor_flag"": 1, ""TempC_DS18B20"": 32.76}"
2025-10-02 16:41:13.921105024+00:00,dds75-lb-18,2,-39,9.75,"{""Bat"": 3.327, ""Distance_mm"": 960, ""Interrupt_flag"": 0, ""Node_type"": ""DDS75-LB"", ""Sensor_flag"": 1, ""TempC_DS18B20"": 32.76}"
2025-10-02 17:41:13.255756711+00:00,dds75-lb-18,2,-39,10.0,"{""Bat"": 3.327, ""Distance_mm"": 960, ""Interrupt_flag"": 0, ""Node_type"": ""DDS75-LB"", ""Sensor_flag"": 1, ""TempC_DS18B20"": 32.76}"
2025-10-02 18:41:12.581769368+00:00,dds75-lb-18,2,-116,0.5,"{""Bat"": 3.327, ""Distance_mm"": 960, ""Interrupt_flag"": 0, ""Node_type"": ""DDS75-LB"", ""Sensor_flag"": 1, ""TempC_DS18B20"": 32.76}"
2025-10-02 19:41:11.920618127+00:00,dds75-lb-18,2,-39,9.5,"{""Bat"": 3.327, ""Distance_mm"": 960, ""Interrupt_flag"": 0, ""Node_type"": ""DDS75-LB"", ""Sensor_flag"": 1, ""TempC_DS18B20"": 32.76}"
2025-10-02 20:41:11.251429987+00:00,dds75-lb-18,2,-115,-1.0,"{""Bat"": 3.327, ""Distance_mm"": 960, ""Interrupt_flag"": 0, ""Node_type"": ""DDS75-LB"", ""Sensor_flag"": 1, ""TempC_DS18B20"": 32.76}"
2025-10-02 21:41:10.566860540+00:00,dds75-lb-18,2,-119,-3.5,"{""Bat"": 3.327, ""Distance_mm"": 959, ""Interrupt_flag"": 0, ""Node_type"": ""DDS75-LB"", ""Sensor_flag"": 1, ""TempC_DS18B20"": 32.76}"
2025-10-02 22:41:09.905295870+00:00,dds75-lb-18,2,-121,-5.0,"{""Bat"": 3.327, ""Distance_mm"": 960, ""Interrupt_flag"": 0, ""Node_type"": ""DDS75-LB"", ""Sensor_flag"": 1, ""TempC_DS18B20"": 32.76}"
2025-10-02 23:41:09.246303176+00:00,dds75-lb-18,2,-38,6.5,"{""Bat"": 3.327, ""Distance_mm"": 960, ""Interrupt_flag"": 0, ""Node_type"": ""DDS75-LB"", ""Sensor_flag"": 1, ""TempC_DS18B20"": 32.76}"
2025-10-03 00:41:08.569268825+00:00,dds75-lb-18,2,-35,7.75,"{""Bat"": 3.327, ""Distance_mm"": 960, ""Interrupt_flag"": 0, ""Node_type"": ""DDS75-LB"", ""Sensor_flag"": 1, ""TempC_DS18B20"": 32.76}"
2025-10-03 01:41:07.904368915+00:00,dds75-lb-18,2,-37,7.75,"{""Bat"": 3.327, ""Distance_mm"": 959, ""Interrupt_flag"": 0, ""Node_type"": ""DDS75-LB"", ""Sensor_flag"": 1, ""TempC_DS18B20"": 32.76}"
2025-10-03 02:41:07.226842285+00:00,dds75-lb-18,2,-39,9.75,"{""Bat"": 3.327, ""Distance_mm"": 960, ""Interrupt_flag"": 0, ""Node_type"": ""DDS75-LB"", ""Sensor_flag"": 1, ""TempC_DS18B20"": 32.76}"
2025-10-03 03:41:06.566007241+00:00,dds75-lb-18,2,-41,9.5,"{""Bat"": 3.327, ""Distance_mm"": 960, ""Interrupt_flag"": 0, ""Node_type"": ""DDS75-LB"", ""Sensor_flag"": 1, ""TempC_DS18B20"": 32.76}"
2025-10-03 04:41:05.885196108+00:00,dds75-lb-18,2,-39,9.5,"{""Bat"": 3.327, ""Distance_mm"": 960, ""Interrupt_flag"": 0, ""Node_type"": ""DDS75-LB"", ""Sensor_flag"": 1, ""TempC_DS18B20"": 32.76}"
2025-10-03 05:41:05.211584054+00:00,dds75-lb-18,2,-119,-3.0,"{""Bat"": 3.327, ""Distance_mm"": 959, ""Interrupt_flag"": 0, ""Node_type"": ""DDS75-LB"", ""Sensor_flag"": 1, ""TempC_DS18B20"": 32.76}"
2025-10-03 07:41:03.886621722+00:00,dds75-lb-18,2,-38,10.0,"{""Bat"": 3.327, ""Distance_mm"": 960, ""Interrupt_flag"": 0, ""Node_type"": ""DDS75-LB"", ""Sensor_flag"": 1, ""TempC_DS18B20"": 32.76}"
2025-10-03 08:41:03.204109674+00:00,dds75-lb-18,2,-37,10.0,"{""Bat"": 3.327, ""Distance_mm"": 960, ""Interrupt_flag"": 0, ""Node_type"": ""DDS75-LB"", ""Sensor_flag"": 1, ""TempC_DS18B20"": 32.76}"
2025-10-03 09:41:02.543709388+00:00,dds75-lb-18,2,-39,7.5,"{""Bat"": 3.327, ""Distance_mm"": 960, ""Interrupt_flag"": 0, ""Node_type"": ""DDS75-LB"", ""Sensor_flag"": 1, ""TempC_DS18B20"": 32.76}"
2025-10-03 10:41:01.881053066+00:00,dds75-lb-18,2,-37,9.75,"{""Bat"": 3.327, ""Distance_mm"": 960, ""Interrupt_flag"": 0, ""Node_type"": ""DDS75-LB"", ""Sensor_flag"": 1, ""TempC_DS18B20"": 32.76}"
2025-10-03 11:41:01.197878578+00:00,dds75-lb-18,2,-116,-1.25,"{""Bat"": 3.327, ""Distance_mm"": 960, ""Interrupt_flag"": 0, ""Node_type"": ""DDS75-LB"", ""Sensor_flag"": 1, ""TempC_DS18B20"": 32.76}"
2025-10-03 12:41:00.541846413+00:00,dds75-lb-18,2,-120,-4.25,"{""Bat"": 3.327, ""Distance_mm"": 960, ""Interrupt_flag"": 0, ""Node_type"": ""DDS75-LB"", ""Sensor_flag"": 1, ""TempC_DS18B20"": 32.76}"
2025-10-03 13:40:59.861543116+00:00,dds75-lb-18,2,-39,9.5,"{""Bat"": 3.327, ""Distance_mm"": 959, ""Interrupt_flag"": 0, ""Node_type"": ""DDS75-LB"", ""Sensor_flag"": 1, ""TempC_DS18B20"": 32.76}"
2025-10-03 14:40:59.192607694+00:00,dds75-lb-18,2,-122,-5.25,"{""Bat"": 3.327, ""Distance_mm"": 959, ""Interrupt_flag"": 0, ""Node_type"": ""DDS75-LB"", ""Sensor_flag"": 1, ""TempC_DS18B20"": 32.76}"
2025-10-03 15:40:58.524425353+00:00,dds75-lb-18,2,-120,-4.75,"{""Bat"": 3.327, ""Distance_mm"": 960, ""Interrupt_flag"": 0, ""Node_type"": ""DDS75-LB"", ""Sensor_flag"": 1, ""TempC_DS18B20"": 32.76}"
2025-10-03 16:40:57.860374174+00:00,dds75-lb-18,2,-120,-4.75,"{""Bat"": 3.327, ""Distance_mm"": 960, ""Interrupt_flag"": 0, ""Node_type"": ""DDS75-LB"", ""Sensor_flag"": 1, ""TempC_DS18B20"": 32.76}"
2025-10-03 17:40:57.179232223+00:00,dds75-lb-18,2,-41,10.5,"{""Bat"": 3.327, ""Distance_mm"": 960, ""Interrupt_flag"": 0, ""Node_type"": ""DDS75-LB"", ""Sensor_flag"": 1, ""TempC_DS18B20"": 32.76}"
2025-10-03 18:40:56.509002156+00:00,dds75-lb-18,2,-39,9.0,"{""Bat"": 3.327, ""Distance_mm"": 960, ""Interrupt_flag"": 0, ""Node_type"": ""DDS75-LB"", ""Sensor_flag"": 1, ""TempC_DS18B20"": 32.76}"
2025-10-03 19:40:55.848660822+00:00,dds75-lb-18,2,-39,7.75,"{""Bat"": 3.327, ""Distance_mm"": 959, ""Interrupt_flag"": 0, ""Node_type"": ""DDS75-LB"", ""Sensor_flag"": 1, ""TempC_DS18B20"": 32.76}"
2025-10-03 20:40:55.171675539+00:00,dds75-lb-18,2,-39,9.5,"{""Bat"": 3.327, ""Distance_mm"": 959, ""Interrupt_flag"": 0, ""Node_type"": ""DDS75-LB"", ""Sensor_flag"": 1, ""TempC_DS18B20"": 32.76}"
2025-10-03 21:40:54.499851778+00:00,dds75-lb-18,2,-118,-4.25,"{""Bat"": 3.327, ""Distance_mm"": 960, ""Interrupt_flag"": 0, ""Node_type"": ""DDS75-LB"", ""Sensor_flag"": 1, ""TempC_DS18B20"": 32.76}"
2025-10-03 22:40:53.844718734+00:00,dds75-lb-18,2,-117,-1.0,"{""Bat"": 3.327, ""Distance_mm"": 960, ""Interrupt_flag"": 0, ""Node_type"": ""DDS75-LB"", ""Sensor_flag"": 1, ""TempC_DS18B20"": 32.76}"
2025-10-03 23:40:53.164193397+00:00,dds75-lb-18,2,-37,7.5,"{""Bat"": 3.327, ""Distance_mm"": 959, ""Interrupt_flag"": 0, ""Node_type"": ""DDS75-LB"", ""Sensor_flag"": 1, ""TempC_DS18B20"": 32.76}"
2025-10-04 00:40:52.486071241+00:00,dds75-lb-18,2,-39,7.25,"{""Bat"": 3.327, ""Distance_mm"": 959, ""Interrupt_flag"": 0, ""Node_type"": ""DDS75-LB"", ""Sensor_flag"": 1, ""TempC_DS18B20"": 32.76}"
2025-10-04 01:40:51.816693458+00:00,dds75-lb-18,2,-39,10.5,"{""Bat"": 3.327, ""Distance_mm"": 959, ""Interrupt_flag"": 0, ""Node_type"": ""DDS75-LB"", ""Sensor_flag"": 1, ""TempC_DS18B20"": 32.76}"
2025-10-04 02:40:51.166342065+00:00,dds75-lb-18,2,-39,10.0,"{""Bat"": 3.327, ""Distance_mm"": 960, ""Interrupt_flag"": 0, ""Node_type"": ""DDS75-LB"", ""Sensor_flag"": 1, ""TempC_DS18B20"": 32.76}"
2025-10-04 03:40:50.475980129+00:00,dds75-lb-18,2,-41,9.5,"{""Bat"": 3.327, ""Distance_mm"": 959, ""Interrupt_flag"": 0, ""Node_type"": ""DDS75-LB"", ""Sensor_flag"": 1, ""TempC_DS18B20"": 32.76}"
2025-10-04 04:40:49.824812379+00:00,dds75-lb-18,2,-38,9.25,"{""Bat"": 3.327, ""Distance_mm"": 959, ""Interrupt_flag"": 0, ""Node_type"": ""DDS75-LB"", ""Sensor_flag"": 1, ""TempC_DS18B20"": 32.76}"
2025-10-04 05:40:49.155898330+00:00,dds75-lb-18,2,-41,9.5,"{""Bat"": 3.327, ""Distance_mm"": 959, ""Interrupt_flag"": 0, ""Node_type"": ""DDS75-LB"", ""Sensor_flag"": 1, ""TempC_DS18B20"": 32.76}"
2025-10-04 06:40:48.481237428+00:00,dds75-lb-18,2,-37,9.0,"{""Bat"": 3.327, ""Distance_mm"": 959, ""Interrupt_flag"": 0, ""Node_type"": ""DDS75-LB"", ""Sensor_flag"": 1, ""TempC_DS18B20"": 32.76}"
2025-10-04 07:40:47.827335049+00:00,dds75-lb-18,2,-35,7.25,"{""Bat"": 3.327, ""Distance_mm"": 959, ""Interrupt_flag"": 0, ""Node_type"": ""DDS75-LB"", ""Sensor_flag"": 1, ""TempC_DS18B20"": 32.76}"
2025-10-04 08:40:47.159284969+00:00,dds75-lb-18,2,-38,7.75,"{""Bat"": 3.327, ""Distance_mm"": 959, ""Interrupt_flag"": 0, ""Node_type"": ""DDS75-LB"", ""Sensor_flag"": 1, ""TempC_DS18B20"": 32.76}"
2025-10-04 09:40:46.493738229+00:00,dds75-lb-18,2,-118,-2.5,"{""Bat"": 3.327, ""Distance_mm"": 959, ""Interrupt_flag"": 0, ""Node_type"": ""DDS75-LB"", ""Sensor_flag"": 1, ""TempC_DS18B20"": 32.76}"
2025-10-04 10:40:45.840654570+00:00,dds75-lb-18,2,-119,-7.25,"{""Bat"": 3.327, ""Distance_mm"": 959, ""Interrupt_flag"": 0, ""Node_type"": ""DDS75-LB"", ""Sensor_flag"": 1, ""TempC_DS18B20"": 32.76}"
2025-10-04 11:40:45.148982147+00:00,dds75-lb-18,2,-122,-6.25,"{""Bat"": 3.327, ""Distance_mm"": 959, ""Interrupt_flag"": 0, ""Node_type"": ""DDS75-LB"", ""Sensor_flag"": 1, ""TempC_DS18B20"": 32.76}"
2025-10-04 12:40:44.492610528+00:00,dds75-lb-18,2,-122,-6.75,"{""Bat"": 3.327, ""Distance_mm"": 959, ""Interrupt_flag"": 0, ""Node_type"": ""DDS75-LB"", ""Sensor_flag"": 1, ""TempC_DS18B20"": 32.76}"
2025-10-04 13:40:43.825959417+00:00,dds75-lb-18,2,-41,8.75,"{""Bat"": 3.327, ""Distance_mm"": 959, ""Interrupt_flag"": 0, ""Node_type"": ""DDS75-LB"", ""Sensor_flag"": 1, ""TempC_DS18B20"": 32.76}"
2025-10-04 14:40:43.157940463+00:00,dds75-lb-18,2,-39,7.0,"{""Bat"": 3.327, ""Distance_mm"": 959, ""Interrupt_flag"": 0, ""Node_type"": ""DDS75-LB"", ""Sensor_flag"": 1, ""TempC_DS18B20"": 32.76}"
2025-10-04 15:40:42.481333273+00:00,dds75-lb-18,2,-117,-5.5,"{""Bat"": 3.327, ""Distance_mm"": 959, ""Interrupt_flag"": 0, ""Node_type"": ""DDS75-LB"", ""Sensor_flag"": 1, ""TempC_DS18B20"": 32.76}"
2025-10-04 16:40:41.816631459+00:00,dds75-lb-18,2,-41,8.0,"{""Bat"": 3.327, ""Distance_mm"": 959, ""Interrupt_flag"": 0, ""Node_type"": ""DDS75-LB"", ""Sensor_flag"": 1, ""TempC_DS18B20"": 32.76}"
2025-10-04 17:40:41.152515938+00:00,dds75-lb-18,2,-118,-1.0,"{""Bat"": 3.327, ""Distance_mm"": 959, ""Interrupt_flag"": 0, ""Node_type"": ""DDS75-LB"", ""Sensor_flag"": 1, ""TempC_DS18B20"": 32.76}"
2025-10-04 18:40:40.501615729+00:00,dds75-lb-18,2,-32,10.0,"{""Bat"": 3.327, ""Distance_mm"": 959, ""Interrupt_flag"": 0, ""Node_type"": ""DDS75-LB"", ""Sensor_flag"": 1, ""TempC_DS18B20"": 32.76}"
2025-10-04 19:40:39.835036721+00:00,dds75-lb-18,2,-33,8.0,"{""Bat"": 3.327, ""Distance_mm"": 959, ""Interrupt_flag"": 0, ""Node_type"": ""DDS75-LB"", ""Sensor_flag"": 1, ""TempC_DS18B20"": 32.76}"
2025-10-04 20:40:39.153894824+00:00,dds75-lb-18,2,-110,-2.0,"{""Bat"": 3.327, ""Distance_mm"": 959, ""Interrupt_flag"": 0, ""Node_type"": ""DDS75-LB"", ""Sensor_flag"": 1, ""TempC_DS18B20"": 32.76}"
2025-10-04 21:40:38.466350182+00:00,dds75-lb-18,2,-31,6.25,"{""Bat"": 3.327, ""Distance_mm"": 959, ""Interrupt_flag"": 0, ""Node_type"": ""DDS75-LB"", ""Sensor_flag"": 1, ""TempC_DS18B20"": 32.76}"
2025-10-04 22:40:37.806196495+00:00,dds75-lb-18,2,-124,-8.0,"{""Bat"": 3.327, ""Distance_mm"": 959, ""Interrupt_flag"": 0, ""Node_type"": ""DDS75-LB"", ""Sensor_flag"": 1, ""TempC_DS18B20"": 32.76}"
2025-10-04 23:40:37.143064+00:00,dds75-lb-18,2,-121,-5.5,"{""Bat"": 3.327, ""Distance_mm"": 960, ""Interrupt_flag"": 0, ""Node_type"": ""DDS75-LB"", ""Sensor_flag"": 1, ""TempC_DS18B20"": 32.76}"
2025-10-05 00:40:36.471031518+00:00,dds75-lb-18,2,-123,-6.75,"{""Bat"": 3.327, ""Distance_mm"": 960, ""Interrupt_flag"": 0, ""Node_type"": ""DDS75-LB"", ""Sensor_flag"": 1, ""TempC_DS18B20"": 32.76}"
2025-10-05 03:41:05.969427673+00:00,dds75-lb-18,2,-116,-3.5,"{""Bat"": 3.327, ""Distance_mm"": 959, ""Interrupt_flag"": 0, ""Node_type"": ""DDS75-LB"", ""Sensor_flag"": 1, ""TempC_DS18B20"": 32.76}"
2025-10-05 04:40:33.793782490+00:00,dds75-lb-18,2,-119,-3.0,"{""Bat"": 3.327, ""Distance_mm"": 959, ""Interrupt_flag"": 0, ""Node_type"": ""DDS75-LB"", ""Sensor_flag"": 1, ""TempC_DS18B20"": 32.76}"
2025-10-05 05:40:33.142938881+00:00,dds75-lb-18,2,-120,-4.5,"{""Bat"": 3.327, ""Distance_mm"": 959, ""Interrupt_flag"": 0, ""Node_type"": ""DDS75-LB"", ""Sensor_flag"": 1, ""TempC_DS18B20"": 32.76}"
2025-10-05 07:40:31.815499250+00:00,dds75-lb-18,2,-121,-3.75,"{""Bat"": 3.327, ""Distance_mm"": 960, ""Interrupt_flag"": 0, ""Node_type"": ""DDS75-LB"", ""Sensor_flag"": 1, ""TempC_DS18B20"": 32.76}"
2025-10-05 08:40:31.127405751+00:00,dds75-lb-18,2,-119,-2.25,"{""Bat"": 3.327, ""Distance_mm"": 718, ""Interrupt_flag"": 0, ""Node_type"": ""DDS75-LB"", ""Sensor_flag"": 1, ""TempC_DS18B20"": 32.76}"
2025-10-05 15:40:26.446720523+00:00,dds75-lb-18,2,-117,-0.75,"{""Bat"": 3.327, ""Distance_mm"": 959, ""Interrupt_flag"": 0, ""Node_type"": ""DDS75-LB"", ""Sensor_flag"": 1, ""TempC_DS18B20"": 32.76}"
2025-10-05 16:40:25.781740447+00:00,dds75-lb-18,2,-120,-2.75,"{""Bat"": 3.327, ""Distance_mm"": 959, ""Interrupt_flag"": 0, ""Node_type"": ""DDS75-LB"", ""Sensor_flag"": 1, ""TempC_DS18B20"": 32.76}"
2025-10-05 18:40:24.448447109+00:00,dds75-lb-18,2,-116,-1.5,"{""Bat"": 3.327, ""Distance_mm"": 959, ""Interrupt_flag"": 0, ""Node_type"": ""DDS75-LB"", ""Sensor_flag"": 1, ""TempC_DS18B20"": 32.76}"
2025-10-05 20:40:23.111908850+00:00,dds75-lb-18,2,-121,-5.5,"{""Bat"": 3.327, ""Distance_mm"": 959, ""Interrupt_flag"": 0, ""Node_type"": ""DDS75-LB"", ""Sensor_flag"": 1, ""TempC_DS18B20"": 32.76}"
2025-10-05 22:40:21.783843626+00:00,dds75-lb-18,2,-115,1.5,"{""Bat"": 3.327, ""Distance_mm"": 959, ""Interrupt_flag"": 0, ""Node_type"": ""DDS75-LB"", ""Sensor_flag"": 1, ""TempC_DS18B20"": 32.76}"
2025-10-06 06:40:16.429492957+00:00,dds75-lb-18,2,-124,-8.5,"{""Bat"": 3.327, ""Distance_mm"": 959, ""Interrupt_flag"": 0, ""Node_type"": ""DDS75-LB"", ""Sensor_flag"": 1, ""TempC_DS18B20"": 32.76}"
2025-10-07 14:39:54.933010745+00:00,dds75-lb-18,2,-124,-8.5,"{""Bat"": 3.327, ""Distance_mm"": 960, ""Interrupt_flag"": 0, ""Node_type"": ""DDS75-LB"", ""Sensor_flag"": 1, ""TempC_DS18B20"": 32.76}"
2025-10-08 02:01:43.577709514+00:00,dds75-lb-18,2,-114,0.25,"{""Bat"": 3.327, ""Distance_mm"": 960, ""Interrupt_flag"": 0, ""Node_type"": ""DDS75-LB"", ""Sensor_flag"": 1, ""TempC_DS18B20"": 32.76}"
2025-10-08 03:01:42.251303981+00:00,dds75-lb-18,2,-118,-4.25,"{""Bat"": 3.327, ""Distance_mm"": 959, ""Interrupt_flag"": 0, ""Node_type"": ""DDS75-LB"", ""Sensor_flag"": 1, ""TempC_DS18B20"": 32.76}"
2025-10-08 04:01:41.505233565+00:00,dds75-lb-18,2,-118,-5.25,"{""Bat"": 3.327, ""Distance_mm"": 959, ""Interrupt_flag"": 0, ""Node_type"": ""DDS75-LB"", ""Sensor_flag"": 1, ""TempC_DS18B20"": 32.76}"
2025-10-08 05:01:40.819593171+00:00,dds75-lb-18,2,-123,-7.75,"{""Bat"": 3.327, ""Distance_mm"": 959, ""Interrupt_flag"": 0, ""Node_type"": ""DDS75-LB"", ""Sensor_flag"": 1, ""TempC_DS18B20"": 32.76}"
2025-10-08 06:01:40.151468896+00:00,dds75-lb-18,2,-131,-19.25,"{""Bat"": 3.327, ""Distance_mm"": 960, ""Interrupt_flag"": 0, ""Node_type"": ""DDS75-LB"", ""Sensor_flag"": 1, ""TempC_DS18B20"": 32.76}"
2025-10-08 07:01:39.479932696+00:00,dds75-lb-18,2,-118,-3.25,"{""Bat"": 3.327, ""Distance_mm"": 960, ""Interrupt_flag"": 0, ""Node_type"": ""DDS75-LB"", ""Sensor_flag"": 1, ""TempC_DS18B20"": 32.76}"
2025-10-08 08:01:38.896946838+00:00,dds75-lb-18,2,-119,-11.5,"{""Bat"": 3.327, ""Distance_mm"": 960, ""Interrupt_flag"": 0, ""Node_type"": ""DDS75-LB"", ""Sensor_flag"": 1, ""TempC_DS18B20"": 32.76}"
2025-10-08 09:01:38.131118385+00:00,dds75-lb-18,2,-126,-10.75,"{""Bat"": 3.327, ""Distance_mm"": 960, ""Interrupt_flag"": 0, ""Node_type"": ""DDS75-LB"", ""Sensor_flag"": 1, ""TempC_DS18B20"": 32.76}"
2025-10-08 10:01:37.456010638+00:00,dds75-lb-18,2,-39,11.5,"{""Bat"": 3.327, ""Distance_mm"": 960, ""Interrupt_flag"": 0, ""Node_type"": ""DDS75-LB"", ""Sensor_flag"": 1, ""TempC_DS18B20"": 32.76}"
2025-10-08 11:01:36.094560033+00:00,dds75-lb-18,2,-35,9.75,"{""Bat"": 3.327, ""Distance_mm"": 960, ""Interrupt_flag"": 0, ""Node_type"": ""DDS75-LB"", ""Sensor_flag"": 1, ""TempC_DS18B20"": 32.76}"
2025-10-08 12:01:35.419791238+00:00,dds75-lb-18,2,-38,9.25,"{""Bat"": 3.327, ""Distance_mm"": 960, ""Interrupt_flag"": 0, ""Node_type"": ""DDS75-LB"", ""Sensor_flag"": 1, ""TempC_DS18B20"": 32.76}"
2025-10-08 13:01:34.729133691+00:00,dds75-lb-18,2,-38,7.75,"{""Bat"": 3.327, ""Distance_mm"": 960, ""Interrupt_flag"": 0, ""Node_type"": ""DDS75-LB"", ""Sensor_flag"": 1, ""TempC_DS18B20"": 32.76}"
2025-10-08 14:01:34.059341018+00:00,dds75-lb-18,2,-115,0.25,"{""Bat"": 3.327, ""Distance_mm"": 960, ""Interrupt_flag"": 0, ""Node_type"": ""DDS75-LB"", ""Sensor_flag"": 1, ""TempC_DS18B20"": 32.76}"
2025-10-08 15:01:33.374717512+00:00,dds75-lb-18,2,-37,9.75,"{""Bat"": 3.327, ""Distance_mm"": 961, ""Interrupt_flag"": 0, ""Node_type"": ""DDS75-LB"", ""Sensor_flag"": 1, ""TempC_DS18B20"": 32.76}"
2025-10-08 16:01:32.703982084+00:00,dds75-lb-18,2,-33,9.25,"{""Bat"": 3.327, ""Distance_mm"": 775, ""Interrupt_flag"": 0, ""Node_type"": ""DDS75-LB"", ""Sensor_flag"": 1, ""TempC_DS18B20"": 32.76}"
2025-10-08 17:01:32.044122105+00:00,dds75-lb-18,2,-35,7.5,"{""Bat"": 3.327, ""Distance_mm"": 925, ""Interrupt_flag"": 0, ""Node_type"": ""DDS75-LB"", ""Sensor_flag"": 1, ""TempC_DS18B20"": 32.76}"
2025-10-08 18:01:31.356811727+00:00,dds75-lb-18,2,-113,-2.25,"{""Bat"": 3.327, ""Distance_mm"": 641, ""Interrupt_flag"": 0, ""Node_type"": ""DDS75-LB"", ""Sensor_flag"": 1, ""TempC_DS18B20"": 32.76}"
2025-10-08 19:01:30.673918414+00:00,dds75-lb-18,2,-123,-7.25,"{""Bat"": 3.327, ""Distance_mm"": 960, ""Interrupt_flag"": 0, ""Node_type"": ""DDS75-LB"", ""Sensor_flag"": 1, ""TempC_DS18B20"": 32.76}"
2025-10-08 20:01:30.031216651+00:00,dds75-lb-18,2,-39,11.25,"{""Bat"": 3.327, ""Distance_mm"": 960, ""Interrupt_flag"": 0, ""Node_type"": ""DDS75-LB"", ""Sensor_flag"": 1, ""TempC_DS18B20"": 32.76}"
2025-10-08 21:01:29.346438532+00:00,dds75-lb-18,2,-114,-3.5,"{""Bat"": 3.327, ""Distance_mm"": 964, ""Interrupt_flag"": 0, ""Node_type"": ""DDS75-LB"", ""Sensor_flag"": 1, ""TempC_DS18B20"": 32.76}"
2025-10-08 22:01:28.642132139+00:00,dds75-lb-18,2,-35,8.75,"{""Bat"": 3.327, ""Distance_mm"": 960, ""Interrupt_flag"": 0, ""Node_type"": ""DDS75-LB"", ""Sensor_flag"": 1, ""TempC_DS18B20"": 32.76}"
2025-10-08 23:01:27.982990196+00:00,dds75-lb-18,2,-36,9.25,"{""Bat"": 3.327, ""Distance_mm"": 960, ""Interrupt_flag"": 0, ""Node_type"": ""DDS75-LB"", ""Sensor_flag"": 1, ""TempC_DS18B20"": 32.76}"
2025-10-09 00:01:27.313121566+00:00,dds75-lb-18,2,-35,9.5,"{""Bat"": 3.327, ""Distance_mm"": 959, ""Interrupt_flag"": 0, ""Node_type"": ""DDS75-LB"", ""Sensor_flag"": 1, ""TempC_DS18B20"": 32.76}"
2025-10-09 01:01:26.640469830+00:00,dds75-lb-18,2,-33,7.25,"{""Bat"": 3.327, ""Distance_mm"": 960, ""Interrupt_flag"": 0, ""Node_type"": ""DDS75-LB"", ""Sensor_flag"": 1, ""TempC_DS18B20"": 32.76}"
2025-10-09 02:01:25.975029427+00:00,dds75-lb-18,2,-36,10.0,"{""Bat"": 3.327, ""Distance_mm"": 960, ""Interrupt_flag"": 0, ""Node_type"": ""DDS75-LB"", ""Sensor_flag"": 1, ""TempC_DS18B20"": 32.76}"
2025-10-09 03:01:25.295928360+00:00,dds75-lb-18,2,-116,-0.5,"{""Bat"": 3.327, ""Distance_mm"": 961, ""Interrupt_flag"": 0, ""Node_type"": ""DDS75-LB"", ""Sensor_flag"": 1, ""TempC_DS18B20"": 32.76}"
2025-10-09 04:01:24.627216505+00:00,dds75-lb-18,2,-36,9.25,"{""Bat"": 3.327, ""Distance_mm"": 962, ""Interrupt_flag"": 0, ""Node_type"": ""DDS75-LB"", ""Sensor_flag"": 1, ""TempC_DS18B20"": 32.76}"
2025-10-09 05:01:23.954292726+00:00,dds75-lb-18,2,-116,-1.5,"{""Bat"": 3.327, ""Distance_mm"": 960, ""Interrupt_flag"": 0, ""Node_type"": ""DDS75-LB"", ""Sensor_flag"": 1, ""TempC_DS18B20"": 32.76}"
2025-10-09 06:01:23.274514545+00:00,dds75-lb-18,2,-32,9.25,"{""Bat"": 3.327, ""Distance_mm"": 770, ""Interrupt_flag"": 0, ""Node_type"": ""DDS75-LB"", ""Sensor_flag"": 1, ""TempC_DS18B20"": 32.76}"
2025-10-09 07:01:22.607211671+00:00,dds75-lb-18,2,-123,-7.25,"{""Bat"": 3.327, ""Distance_mm"": 770, ""Interrupt_flag"": 0, ""Node_type"": ""DDS75-LB"", ""Sensor_flag"": 1, ""TempC_DS18B20"": 32.76}"
2025-10-09 08:01:21.928742669+00:00,dds75-lb-18,2,-35,8.75,"{""Bat"": 3.327, ""Distance_mm"": 818, ""Interrupt_flag"": 0, ""Node_type"": ""DDS75-LB"", ""Sensor_flag"": 1, ""TempC_DS18B20"": 32.76}"
2025-10-09 09:01:21.249318958+00:00,dds75-lb-18,2,-37,9.75,"{""Bat"": 3.327, ""Distance_mm"": 818, ""Interrupt_flag"": 0, ""Node_type"": ""DDS75-LB"", ""Sensor_flag"": 1, ""TempC_DS18B20"": 32.76}"
2025-10-09 10:01:20.573010191+00:00,dds75-lb-18,2,-38,7.0,"{""Bat"": 3.327, ""Distance_mm"": 817, ""Interrupt_flag"": 0, ""Node_type"": ""DDS75-LB"", ""Sensor_flag"": 1, ""TempC_DS18B20"": 32.76}"
2025-10-09 11:01:19.910050771+00:00,dds75-lb-18,2,-39,10.5,"{""Bat"": 3.327, ""Distance_mm"": 818, ""Interrupt_flag"": 0, ""Node_type"": ""DDS75-LB"", ""Sensor_flag"": 1, ""TempC_DS18B20"": 32.76}"
2025-10-09 12:01:19.229316078+00:00,dds75-lb-18,2,-41,9.75,"{""Bat"": 3.327, ""Distance_mm"": 770, ""Interrupt_flag"": 0, ""Node_type"": ""DDS75-LB"", ""Sensor_flag"": 1, ""TempC_DS18B20"": 32.76}"
2025-10-09 13:01:18.549182849+00:00,dds75-lb-18,2,-39,9.5,"{""Bat"": 3.327, ""Distance_mm"": 770, ""Interrupt_flag"": 0, ""Node_type"": ""DDS75-LB"", ""Sensor_flag"": 1, ""TempC_DS18B20"": 32.76}"
2025-10-09 14:01:17.903817859+00:00,dds75-lb-18,2,-123,-6.75,"{""Bat"": 3.327, ""Distance_mm"": 770, ""Interrupt_flag"": 0, ""Node_type"": ""DDS75-LB"", ""Sensor_flag"": 1, ""TempC_DS18B20"": 32.76}"
2025-10-09 15:01:17.197444950+00:00,dds75-lb-18,2,-116,0.25,"{""Bat"": 3.327, ""Distance_mm"": 770, ""Interrupt_flag"": 0, ""Node_type"": ""DDS75-LB"", ""Sensor_flag"": 1, ""TempC_DS18B20"": 32.76}"
2025-10-09 16:01:16.537402001+00:00,dds75-lb-18,2,-38,9.75,"{""Bat"": 3.327, ""Distance_mm"": 770, ""Interrupt_flag"": 0, ""Node_type"": ""DDS75-LB"", ""Sensor_flag"": 1, ""TempC_DS18B20"": 32.76}"
2025-10-09 17:01:15.865889572+00:00,dds75-lb-18,2,-36,8.0,"{""Bat"": 3.327, ""Distance_mm"": 770, ""Interrupt_flag"": 0, ""Node_type"": ""DDS75-LB"", ""Sensor_flag"": 1, ""TempC_DS18B20"": 32.76}"
2025-10-09 18:01:15.183241845+00:00,dds75-lb-18,2,-37,7.0,"{""Bat"": 3.327, ""Distance_mm"": 770, ""Interrupt_flag"": 0, ""Node_type"": ""DDS75-LB"", ""Sensor_flag"": 1, ""TempC_DS18B20"": 32.76}"
2025-10-09 19:01:14.507402470+00:00,dds75-lb-18,2,-114,2.25,"{""Bat"": 3.327, ""Distance_mm"": 770, ""Interrupt_flag"": 0, ""Node_type"": ""DDS75-LB"", ""Sensor_flag"": 1, ""TempC_DS18B20"": 32.76}"
2025-10-09 20:01:13.838158809+00:00,dds75-lb-18,2,-38,10.0,"{""Bat"": 3.327, ""Distance_mm"": 770, ""Interrupt_flag"": 0, ""Node_type"": ""DDS75-LB"", ""Sensor_flag"": 1, ""TempC_DS18B20"": 32.76}"
2025-10-09 21:01:13.167617849+00:00,dds75-lb-18,2,-117,-2.75,"{""Bat"": 3.327, ""Distance_mm"": 770, ""Interrupt_flag"": 0, ""Node_type"": ""DDS75-LB"", ""Sensor_flag"": 1, ""TempC_DS18B20"": 32.76}"
2025-10-09 22:01:12.489109244+00:00,dds75-lb-18,2,-38,9.0,"{""Bat"": 3.327, ""Distance_mm"": 770, ""Interrupt_flag"": 0, ""Node_type"": ""DDS75-LB"", ""Sensor_flag"": 1, ""TempC_DS18B20"": 32.76}"
2025-10-09 23:01:11.815208659+00:00,dds75-lb-18,2,-38,9.25,"{""Bat"": 3.327, ""Distance_mm"": 770, ""Interrupt_flag"": 0, ""Node_type"": ""DDS75-LB"", ""Sensor_flag"": 1, ""TempC_DS18B20"": 32.76}"
2025-10-10 00:01:11.129092049+00:00,dds75-lb-18,2,-37,7.0,"{""Bat"": 3.327, ""Distance_mm"": 770, ""Interrupt_flag"": 0, ""Node_type"": ""DDS75-LB"", ""Sensor_flag"": 1, ""TempC_DS18B20"": 32.76}"
2025-10-10 01:01:10.459592118+00:00,dds75-lb-18,2,-39,10.25,"{""Bat"": 3.327, ""Distance_mm"": 770, ""Interrupt_flag"": 0, ""Node_type"": ""DDS75-LB"", ""Sensor_flag"": 1, ""TempC_DS18B20"": 32.76}"
2025-10-10 02:01:09.766975389+00:00,dds75-lb-18,2,-36,7.75,"{""Bat"": 3.327, ""Distance_mm"": 770, ""Interrupt_flag"": 0, ""Node_type"": ""DDS75-LB"", ""Sensor_flag"": 1, ""TempC_DS18B20"": 32.76}"
2025-10-10 03:01:09.111392983+00:00,dds75-lb-18,2,-38,9.5,"{""Bat"": 3.327, ""Distance_mm"": 770, ""Interrupt_flag"": 0, ""Node_type"": ""DDS75-LB"", ""Sensor_flag"": 1, ""TempC_DS18B20"": 32.76}"
2025-10-10 04:01:08.424270539+00:00,dds75-lb-18,2,-41,9.25,"{""Bat"": 3.327, ""Distance_mm"": 770, ""Interrupt_flag"": 0, ""Node_type"": ""DDS75-LB"", ""Sensor_flag"": 1, ""TempC_DS18B20"": 32.76}"
2025-10-10 05:01:07.753705239+00:00,dds75-lb-18,2,-41,9.25,"{""Bat"": 3.327, ""Distance_mm"": 770, ""Interrupt_flag"": 0, ""Node_type"": ""DDS75-LB"", ""Sensor_flag"": 1, ""TempC_DS18B20"": 32.76}"
2025-10-10 06:01:07.091092033+00:00,dds75-lb-18,2,-43,9.5,"{""Bat"": 3.327, ""Distance_mm"": 770, ""Interrupt_flag"": 0, ""Node_type"": ""DDS75-LB"", ""Sensor_flag"": 1, ""TempC_DS18B20"": 32.76}"
2025-10-10 07:01:06.438816878+00:00,dds75-lb-18,2,-41,9.0,"{""Bat"": 3.327, ""Distance_mm"": 815, ""Interrupt_flag"": 0, ""Node_type"": ""DDS75-LB"", ""Sensor_flag"": 1, ""TempC_DS18B20"": 32.76}"
2025-10-10 08:01:05.731096778+00:00,dds75-lb-18,2,-38,7.5,"{""Bat"": 3.327, ""Distance_mm"": 2661, ""Interrupt_flag"": 0, ""Node_type"": ""DDS75-LB"", ""Sensor_flag"": 1, ""TempC_DS18B20"": 32.76}"
2025-10-10 09:01:05.085516882+00:00,dds75-lb-18,2,-41,7.75,"{""Bat"": 3.327, ""Distance_mm"": 2556, ""Interrupt_flag"": 0, ""Node_type"": ""DDS75-LB"", ""Sensor_flag"": 1, ""TempC_DS18B20"": 32.76}"
2025-10-10 10:01:04.449452024+00:00,dds75-lb-18,2,-39,7.5,"{""Bat"": 3.327, ""Distance_mm"": 2557, ""Interrupt_flag"": 0, ""Node_type"": ""DDS75-LB"", ""Sensor_flag"": 1, ""TempC_DS18B20"": 32.76}"
2025-10-10 11:01:03.728451644+00:00,dds75-lb-18,2,-41,9.0,"{""Bat"": 3.327, ""Distance_mm"": 2561, ""Interrupt_flag"": 0, ""Node_type"": ""DDS75-LB"", ""Sensor_flag"": 1, ""TempC_DS18B20"": 32.76}"
2025-10-10 12:01:03.050498045+00:00,dds75-lb-18,2,-41,9.75,"{""Bat"": 3.327, ""Distance_mm"": 2561, ""Interrupt_flag"": 0, ""Node_type"": ""DDS75-LB"", ""Sensor_flag"": 1, ""TempC_DS18B20"": 32.76}"
2025-10-10 13:01:02.378114237+00:00,dds75-lb-18,2,-41,7.75,"{""Bat"": 3.327, ""Distance_mm"": 2561, ""Interrupt_flag"": 0, ""Node_type"": ""DDS75-LB"", ""Sensor_flag"": 1, ""TempC_DS18B20"": 32.76}"
2025-10-10 14:01:01.706166181+00:00,dds75-lb-18,2,-41,10.5,"{""Bat"": 3.327, ""Distance_mm"": 2559, ""Interrupt_flag"": 0, ""Node_type"": ""DDS75-LB"", ""Sensor_flag"": 1, ""TempC_DS18B20"": 32.76}"
2025-10-10 15:01:01.023910143+00:00,dds75-lb-18,2,-44,9.5,"{""Bat"": 3.327, ""Distance_mm"": 2562, ""Interrupt_flag"": 0, ""Node_type"": ""DDS75-LB"", ""Sensor_flag"": 1, ""TempC_DS18B20"": 32.76}"
2025-10-10 16:01:00.353695664+00:00,dds75-lb-18,2,-41,10.25,"{""Bat"": 3.327, ""Distance_mm"": 2558, ""Interrupt_flag"": 0, ""Node_type"": ""DDS75-LB"", ""Sensor_flag"": 1, ""TempC_DS18B20"": 32.76}"
2025-10-10 17:00:59.690607256+00:00,dds75-lb-18,2,-41,10.0,"{""Bat"": 3.327, ""Distance_mm"": 2562, ""Interrupt_flag"": 0, ""Node_type"": ""DDS75-LB"", ""Sensor_flag"": 1, ""TempC_DS18B20"": 32.76}"
2025-10-10 18:00:59.020398867+00:00,dds75-lb-18,2,-41,7.5,"{""Bat"": 3.327, ""Distance_mm"": 2562, ""Interrupt_flag"": 0, ""Node_type"": ""DDS75-LB"", ""Sensor_flag"": 1, ""TempC_DS18B20"": 32.76}"
2025-10-10 19:00:58.323834654+00:00,dds75-lb-18,2,-41,9.25,"{""Bat"": 3.327, ""Distance_mm"": 2561, ""Interrupt_flag"": 0, ""Node_type"": ""DDS75-LB"", ""Sensor_flag"": 1, ""TempC_DS18B20"": 32.76}"
