received_at,device_id,f_port,rssi,snr,payload_json
2025-09-18 00:03:44.900588876+00:00,dds75-lb-15,2,-47,10.0,"{""Bat"": 3.343, ""Distance_mm"": 978, ""Interrupt_flag"": 0, ""Node_type"": ""DDS75-LB"", ""Sensor_flag"": 1, ""TempC_DS18B20"": 32.76}"
2025-09-18 00:23:44.662890660+00:00,dds75-lb-15,2,-44,7.5,"{""Bat"": 3.343, ""Distance_mm"": 978, ""Interrupt_flag"": 0, ""Node_type"": ""DDS75-LB"", ""Sensor_flag"": 1, ""TempC_DS18B20"": 32.76}"
2025-09-18 00:43:44.421973250+00:00,dds75-lb-15,2,-44,7.5,"{""Bat"": 3.343, ""Distance_mm"": 978, ""Interrupt_flag"": 0, ""Node_type"": ""DDS75-LB"", ""Sensor_flag"": 1, ""TempC_DS18B20"": 32.76}"
2025-09-18 01:03:44.158894352+00:00,dds75-lb-15,2,-125,-8.5,"{""Bat"": 3.343, ""Distance_mm"": 978, ""Interrupt_flag"": 0, ""Node_type"": ""DDS75-LB"", ""Sensor_flag"": 1, ""TempC_DS18B20"": 32.76}"
2025-09-18 01:23:43.908176069+00:00,dds75-lb-15,2,-45,10.25,"{""Bat"": 3.343, ""Distance_mm"": 978, ""Interrupt_flag"": 0, ""Node_type"": ""DDS75-LB"", ""Sensor_flag"": 1, ""TempC_DS18B20"": 32.76}"
2025-09-18 01:43:43.698210381+00:00,dds75-lb-15,2,-47,7.75,"{""Bat"": 3.343, ""Distance_mm"": 978, ""Interrupt_flag"": 0, ""Node_type"": ""DDS75-LB"", ""Sensor_flag"": 1, ""TempC_DS18B20"": 32.76}"
2025-09-18 02:03:43.440709825+00:00,dds75-lb-15,2,-47,9.5,"{""Bat"": 3.343, ""Distance_mm"": 978, ""Interrupt_flag"": 0, ""Node_type"": ""DDS75-LB"", ""Sensor_flag"": 1, ""TempC_DS18B20"": 32.76}"
2025-09-18 02:23:43.184316792+00:00,dds75-lb-15,2,-47,10.5,"{""Bat"": 3.343, ""Distance_mm"": 978, ""Interrupt_flag"": 0, ""Node_type"": ""DDS75-LB"", ""Sensor_flag"": 1, ""TempC_DS18B20"": 32.76}"
2025-09-18 02:43:42.926580815+00:00,dds75-lb-15,2,-47,10.75,"{""Bat"": 3.343, ""Distance_mm"": 978, ""Interrupt_flag"": 0, ""Node_type"": ""DDS75-LB"", ""Sensor_flag"": 1, ""TempC_DS18B20"": 32.76}"
2025-09-18 03:03:42.693883094+00:00,dds75-lb-15,2,-43,9.0,"{""Bat"": 3.343, ""Distance_mm"": 977, ""Interrupt_flag"": 0, ""Node_type"": ""DDS75-LB"", ""Sensor_flag"": 1, ""TempC_DS18B20"": 32.76}"
2025-09-18 03:23:42.441971518+00:00,dds75-lb-15,2,-47,9.25,"{""Bat"": 3.343, ""Distance_mm"": 977, ""Interrupt_flag"": 0, ""Node_type"": ""DDS75-LB"", ""Sensor_flag"": 1, ""TempC_DS18B20"": 32.76}"
2025-09-18 03:43:42.197970151+00:00,dds75-lb-15,2,-124,-7.75,"{""Bat"": 3.343, ""Distance_mm"": 977, ""Interrupt_flag"": 0, ""Node_type"": ""DDS75-LB"", ""Sensor_flag"": 1, ""TempC_DS18B20"": 32.76}"
2025-09-18 04:03:41.960265949+00:00,dds75-lb-15,2,-49,9.75,"{""Bat"": 3.343, ""Distance_mm"": 977, ""Interrupt_flag"": 0, ""Node_type"": ""DDS75-LB"", ""Sensor_flag"": 1, ""TempC_DS18B20"": 32.76}"
2025-09-18 04:23:41.707403417+00:00,dds75-lb-15,2,-122,-6.75,"{""Bat"": 3.343, ""Distance_mm"": 977, ""Interrupt_flag"": 0, ""Node_type"": ""DDS75-LB"", ""Sensor_flag"": 1, ""TempC_DS18B20"": 32.76}"
2025-09-18 04:43:41.472677198+00:00,dds75-lb-15,2,-45,9.75,"{""Bat"": 3.343, ""Distance_mm"": 977, ""Interrupt_flag"": 0, ""Node_type"": ""DDS75-LB"", ""Sensor_flag"": 1, ""TempC_DS18B20"": 32.76}"
2025-09-18 05:03:41.218178276+00:00,dds75-lb-15,2,-45,8.5,"{""Bat"": 3.343, ""Distance_mm"": 977, ""Interrupt_flag"": 0, ""Node_type"": ""DDS75-LB"", ""Sensor_flag"": 1, ""TempC_DS18B20"": 32.76}"
2025-09-18 05:23:40.984661959+00:00,dds75-lb-15,2,-49,10.0,"{""Bat"": 3.343, ""Distance_mm"": 977, ""Interrupt_flag"": 0, ""Node_type"": ""DDS75-LB"", ""Sensor_flag"": 1, ""TempC_DS18B20"": 32.76}"
2025-09-18 05:43:40.714990859+00:00,dds75-lb-15,2,-123,-7.75,"{""Bat"": 3.343, ""Distance_mm"": 977, ""Interrupt_flag"": 0, ""Node_type"": ""DDS75-LB"", ""Sensor_flag"": 1, ""TempC_DS18B20"": 32.76}"
2025-09-18 06:03:40.487957403+00:00,dds75-lb-15,2,-50,9.25,"{""Bat"": 3.343, ""Distance_mm"": 977, ""Interrupt_flag"": 0, ""Node_type"": ""DDS75-LB"", ""Sensor_flag"": 1, ""TempC_DS18B20"": 32.76}"
2025-09-18 06:23:40.232675335+00:00,dds75-lb-15,2,-50,9.0,"{""Bat"": 3.343, ""Distance_mm"": 977, ""Interrupt_flag"": 0, ""Node_type"": ""DDS75-LB"", ""Sensor_flag"": 1, ""TempC_DS18B20"": 32.76}"
2025-09-18 06:43:39.994693582+00:00,dds75-lb-15,2,-48,8.5,"{""Bat"": 3.343, ""Distance_mm"": 977, ""Interrupt_flag"": 0, ""Node_type"": ""DDS75-LB"", ""Sensor_flag"": 1, ""TempC_DS18B20"": 32.76}"
2025-09-18 07:03:39.766245235+00:00,dds75-lb-15,2,-49,9.25,"{""Bat"": 3.343, ""Distance_mm"": 977, ""Interrupt_flag"": 0, ""Node_type"": ""DDS75-LB"", ""Sensor_flag"": 1, ""TempC_DS18B20"": 32.76}"
2025-09-18 07:23:39.519008343+00:00,dds75-lb-15,2,-50,10.0,"{""Bat"": 3.343, ""Distance_mm"": 977, ""Interrupt_flag"": 0, ""Node_type"": ""DDS75-LB"", ""Sensor_flag"": 1, ""TempC_DS18B20"": 32.76}"
2025-09-18 07:43:39.257943210+00:00,dds75-lb-15,2,-122,-6.75,"{""Bat"": 3.343, ""Distance_mm"": 977, ""Interrupt_flag"": 0, ""Node_type"": ""DDS75-LB"", ""Sensor_flag"": 1, ""TempC_DS18B20"": 32.76}"
2025-09-18 08:03:39.039899440+00:00,dds75-lb-15,2,-49,9.75,"{""Bat"": 3.343, ""Distance_mm"": 977, ""Interrupt_flag"": 0, ""Node_type"": ""DDS75-LB"", ""Sensor_flag"": 1, ""TempC_DS18B20"": 32.76}"
2025-09-18 08:23:38.801275805+00:00,dds75-lb-15,2,-49,7.25,"{""Bat"": 3.343, ""Distance_mm"": 978, ""Interrupt_flag"": 0, ""Node_type"": ""DDS75-LB"", ""Sensor_flag"": 1, ""TempC_DS18B20"": 32.76}"
2025-09-18 08:43:38.541853822+00:00,dds75-lb-15,2,-51,10.25,"{""Bat"": 3.343, ""Distance_mm"": 978, ""Interrupt_flag"": 0, ""Node_type"": ""DDS75-LB"", ""Sensor_flag"": 1, ""TempC_DS18B20"": 32.76}"
2025-09-18 09:03:38.301905481+00:00,dds75-lb-15,2,-51,10.0,"{""Bat"": 3.343, ""Distance_mm"": 978, ""Interrupt_flag"": 0, ""Node_type"": ""DDS75-LB"", ""Sensor_flag"": 1, ""TempC_DS18B20"": 32.76}"
2025-09-18 09:23:38.059438254+00:00,dds75-lb-15,2,-48,9.5,"{""Bat"": 3.343, ""Distance_mm"": 977, ""Interrupt_flag"": 0, ""Node_type"": ""DDS75-LB"", ""Sensor_flag"": 1, ""TempC_DS18B20"": 32.76}"
2025-09-18 09:43:37.814358955+00:00,dds75-lb-15,2,-48,7.25,"{""Bat"": 3.343, ""Distance_mm"": 978, ""Interrupt_flag"": 0, ""Node_type"": ""DDS75-LB"", ""Sensor_flag"": 1, ""TempC_DS18B20"": 32.76}"
2025-09-18 10:03:37.553458952+00:00,dds75-lb-15,2,-47,9.5,"{""Bat"": 3.343, ""Distance_mm"": 978, ""Interrupt_flag"": 0, ""Node_type"": ""DDS75-LB"", ""Sensor_flag"": 1, ""TempC_DS18B20"": 32.76}"
2025-09-18 10:23:37.332221977+00:00,dds75-lb-15,2,-49,9.0,"{""Bat"": 3.343, ""Distance_mm"": 978, ""Interrupt_flag"": 0, ""Node_type"": ""DDS75-LB"", ""Sensor_flag"": 1, ""TempC_DS18B20"": 32.76}"
2025-09-18 10:43:37.061134424+00:00,dds75-lb-15,2,-49,9.5,"{""Bat"": 3.343, ""Distance_mm"": 978, ""Interrupt_flag"": 0, ""Node_type"": ""DDS75-LB"", ""Sensor_flag"": 1, ""TempC_DS18B20"": 32.76}"
2025-09-18 11:03:36.820360465+00:00,dds75-lb-15,2,-48,7.25,"{""Bat"": 3.343, ""Distance_mm"": 978, ""Interrupt_flag"": 0, ""Node_type"": ""DDS75-LB"", ""Sensor_flag"": 1, ""TempC_DS18B20"": 32.76}"
2025-09-18 11:23:36.586313183+00:00,dds75-lb-15,2,-53,7.5,"{""Bat"": 3.343, ""Distance_mm"": 973, ""Interrupt_flag"": 0, ""Node_type"": ""DDS75-LB"", ""Sensor_flag"": 1, ""TempC_DS18B20"": 32.76}"
2025-09-18 11:43:36.346686017+00:00,dds75-lb-15,2,-49,9.75,"{""Bat"": 3.343, ""Distance_mm"": 974, ""Interrupt_flag"": 0, ""Node_type"": ""DDS75-LB"", ""Sensor_flag"": 1, ""TempC_DS18B20"": 32.76}"
2025-09-18 12:03:36.094214409+00:00,dds75-lb-15,2,-50,9.5,"{""Bat"": 3.343, ""Distance_mm"": 974, ""Interrupt_flag"": 0, ""Node_type"": ""DDS75-LB"", ""Sensor_flag"": 1, ""TempC_DS18B20"": 32.76}"
2025-09-18 12:23:35.853900887+00:00,dds75-lb-15,2,-50,9.5,"{""Bat"": 3.343, ""Distance_mm"": 978, ""Interrupt_flag"": 0, ""Node_type"": ""DDS75-LB"", ""Sensor_flag"": 1, ""TempC_DS18B20"": 32.76}"
2025-09-18 12:43:35.590715518+00:00,dds75-lb-15,2,-49,10.25,"{""Bat"": 3.343, ""Distance_mm"": 978, ""Interrupt_flag"": 0, ""Node_type"": ""DDS75-LB"", ""Sensor_flag"": 1, ""TempC_DS18B20"": 32.76}"
2025-09-18 13:03:35.375085847+00:00,dds75-lb-15,2,-49,9.0,"{""Bat"": 3.343, ""Distance_mm"": 978, ""Interrupt_flag"": 0, ""Node_type"": ""DDS75-LB"", ""Sensor_flag"": 1, ""TempC_DS18B20"": 32.76}"
2025-09-18 13:23:35.113219161+00:00,dds75-lb-15,2,-49,7.75,"{""Bat"": 3.343, ""Distance_mm"": 978, ""Interrupt_flag"": 0, ""Node_type"": ""DDS75-LB"", ""Sensor_flag"": 1, ""TempC_DS18B20"": 32.76}"
2025-09-18 13:43:34.877992825+00:00,dds75-lb-15,2,-49,9.25,"{""Bat"": 3.343, ""Distance_mm"": 973, ""Interrupt_flag"": 0, ""Node_type"": ""DDS75-LB"", ""Sensor_flag"": 1, ""TempC_DS18B20"": 32.76}"
2025-09-18 14:03:34.609123307+00:00,dds75-lb-15,2,-49,8.0,"{""Bat"": 3.343, ""Distance_mm"": 978, ""Interrupt_flag"": 0, ""Node_type"": ""DDS75-LB"", ""Sensor_flag"": 1, ""TempC_DS18B20"": 32.76}"
2025-09-18 14:23:34.390509244+00:00,dds75-lb-15,2,-49,10.25,"{""Bat"": 3.343, ""Distance_mm"": 978, ""Interrupt_flag"": 0, ""Node_type"": ""DDS75-LB"", ""Sensor_flag"": 1, ""TempC_DS18B20"": 32.76}"
2025-09-18 14:43:34.128874243+00:00,dds75-lb-15,2,-49,9.25,"{""Bat"": 3.343, ""Distance_mm"": 978, ""Interrupt_flag"": 0, ""Node_type"": ""DDS75-LB"", ""Sensor_flag"": 1, ""TempC_DS18B20"": 32.76}"
2025-09-18 15:03:33.894476774+00:00,dds75-lb-15,2,-49,6.75,"{""Bat"": 3.343, ""Distance_mm"": 978, ""Interrupt_flag"": 0, ""Node_type"": ""DDS75-LB"", ""Sensor_flag"": 1, ""TempC_DS18B20"": 32.76}"
2025-09-18 15:23:33.675856390+00:00,dds75-lb-15,2,-47,9.0,"{""Bat"": 3.343, ""Distance_mm"": 974, ""Interrupt_flag"": 0, ""Node_type"": ""DDS75-LB"", ""Sensor_flag"": 1, ""TempC_DS18B20"": 32.76}"
2025-09-18 15:43:33.389468888+00:00,dds75-lb-15,2,-50,9.75,"{""Bat"": 3.343, ""Distance_mm"": 978, ""Interrupt_flag"": 0, ""Node_type"": ""DDS75-LB"", ""Sensor_flag"": 1, ""TempC_DS18B20"": 32.76}"
2025-09-18 16:03:33.155277816+00:00,dds75-lb-15,2,-48,10.25,"{""Bat"": 3.343, ""Distance_mm"": 978, ""Interrupt_flag"": 0, ""Node_type"": ""DDS75-LB"", ""Sensor_flag"": 1, ""TempC_DS18B20"": 32.76}"
2025-09-18 16:23:32.900274720+00:00,dds75-lb-15,2,-45,7.0,"{""Bat"": 3.343, ""Distance_mm"": 978, ""Interrupt_flag"": 0, ""Node_type"": ""DDS75-LB"", ""Sensor_flag"": 1, ""TempC_DS18B20"": 32.76}"
2025-09-18 16:43:32.660734203+00:00,dds75-lb-15,2,-49,7.0,"{""Bat"": 3.343, ""Distance_mm"": 974, ""Interrupt_flag"": 0, ""Node_type"": ""DDS75-LB"", ""Sensor_flag"": 1, ""TempC_DS18B20"": 32.76}"
2025-09-18 17:03:32.413253066+00:00,dds75-lb-15,2,-49,9.75,"{""Bat"": 3.343, ""Distance_mm"": 978, ""Interrupt_flag"": 0, ""Node_type"": ""DDS75-LB"", ""Sensor_flag"": 1, ""TempC_DS18B20"": 32.76}"
2025-09-18 17:23:32.157087352+00:00,dds75-lb-15,2,-49,9.0,"{""Bat"": 3.343, ""Distance_mm"": 978, ""Interrupt_flag"": 0, ""Node_type"": ""DDS75-LB"", ""Sensor_flag"": 1, ""TempC_DS18B20"": 32.76}"
2025-09-18 17:43:31.914389903+00:00,dds75-lb-15,2,-50,6.75,"{""Bat"": 3.343, ""Distance_mm"": 978, ""Interrupt_flag"": 0, ""Node_type"": ""DDS75-LB"", ""Sensor_flag"": 1, ""TempC_DS18B20"": 32.76}"
2025-09-18 18:03:31.666983563+00:00,dds75-lb-15,2,-48,10.0,"{""Bat"": 3.343, ""Distance_mm"": 978, ""Interrupt_flag"": 0, ""Node_type"": ""DDS75-LB"", ""Sensor_flag"": 1, ""TempC_DS18B20"": 32.76}"
2025-09-18 18:23:31.416091222+00:00,dds75-lb-15,2,-48,9.0,"{""Bat"": 3.343, ""Distance_mm"": 977, ""Interrupt_flag"": 0, ""Node_type"": ""DDS75-LB"", ""Sensor_flag"": 1, ""TempC_DS18B20"": 32.76}"
2025-09-18 18:43:31.180879444+00:00,dds75-lb-15,2,-47,8.0,"{""Bat"": 3.343, ""Distance_mm"": 977, ""Interrupt_flag"": 0, ""Node_type"": ""DDS75-LB"", ""Sensor_flag"": 1, ""TempC_DS18B20"": 32.76}"
2025-09-18 19:03:30.954666540+00:00,dds75-lb-15,2,-48,10.25,"{""Bat"": 3.343, ""Distance_mm"": 977, ""Interrupt_flag"": 0, ""Node_type"": ""DDS75-LB"", ""Sensor_flag"": 1, ""TempC_DS18B20"": 32.76}"
2025-09-18 19:23:30.696573602+00:00,dds75-lb-15,2,-48,9.5,"{""Bat"": 3.343, ""Distance_mm"": 977, ""Interrupt_flag"": 0, ""Node_type"": ""DDS75-LB"", ""Sensor_flag"": 1, ""TempC_DS18B20"": 32.76}"
2025-09-18 19:43:30.451358351+00:00,dds75-lb-15,2,-49,10.5,"{""Bat"": 3.343, ""Distance_mm"": 977, ""Interrupt_flag"": 0, ""Node_type"": ""DDS75-LB"", ""Sensor_flag"": 1, ""TempC_DS18B20"": 32.76}"
2025-09-18 20:03:30.197685358+00:00,dds75-lb-15,2,-51,10.0,"{""Bat"": 3.343, ""Distance_mm"": 977, ""Interrupt_flag"": 0, ""Node_type"": ""DDS75-LB"", ""Sensor_flag"": 1, ""TempC_DS18B20"": 32.76}"
2025-09-18 20:23:29.942439423+00:00,dds75-lb-15,2,-50,7.5,"{""Bat"": 3.343, ""Distance_mm"": 977, ""Interrupt_flag"": 0, ""Node_type"": ""DDS75-LB"", ""Sensor_flag"": 1, ""TempC_DS18B20"": 32.76}"
2025-09-18 20:43:29.724123723+00:00,dds75-lb-15,2,-49,10.0,"{""Bat"": 3.343, ""Distance_mm"": 977, ""Interrupt_flag"": 0, ""Node_type"": ""DDS75-LB"", ""Sensor_flag"": 1, ""TempC_DS18B20"": 32.76}"
2025-09-18 21:03:29.485519741+00:00,dds75-lb-15,2,-49,10.0,"{""Bat"": 3.343, ""Distance_mm"": 978, ""Interrupt_flag"": 0, ""Node_type"": ""DDS75-LB"", ""Sensor_flag"": 1, ""TempC_DS18B20"": 32.76}"
2025-09-18 21:23:29.226705101+00:00,dds75-lb-15,2,-49,8.0,"{""Bat"": 3.343, ""Distance_mm"": 978, ""Interrupt_flag"": 0, ""Node_type"": ""DDS75-LB"", ""Sensor_flag"": 1, ""TempC_DS18B20"": 32.76}"
2025-09-18 21:43:28.974077974+00:00,dds75-lb-15,2,-48,9.25,"{""Bat"": 3.343, ""Distance_mm"": 978, ""Interrupt_flag"": 0, ""Node_type"": ""DDS75-LB"", ""Sensor_flag"": 1, ""TempC_DS18B20"": 32.76}"
2025-09-18 22:03:28.737503420+00:00,dds75-lb-15,2,-50,9.5,"{""Bat"": 3.343, ""Distance_mm"": 978, ""Interrupt_flag"": 0, ""Node_type"": ""DDS75-LB"", ""Sensor_flag"": 1, ""TempC_DS18B20"": 32.76}"
2025-09-18 22:23:28.492069687+00:00,dds75-lb-15,2,-46,9.25,"{""Bat"": 3.343, ""Distance_mm"": 978, ""Interrupt_flag"": 0, ""Node_type"": ""DDS75-LB"", ""Sensor_flag"": 1, ""TempC_DS18B20"": 32.76}"
2025-09-18 22:43:28.240320588+00:00,dds75-lb-15,2,-51,9.5,"{""Bat"": 3.343, ""Distance_mm"": 978, ""Interrupt_flag"": 0, ""Node_type"": ""DDS75-LB"", ""Sensor_flag"": 1, ""TempC_DS18B20"": 32.76}"
2025-09-18 23:03:28.008495870+00:00,dds75-lb-15,2,-122,-8.75,"{""Bat"": 3.343, ""Distance_mm"": 978, ""Interrupt_flag"": 0, ""Node_type"": ""DDS75-LB"", ""Sensor_flag"": 1, ""TempC_DS18B20"": 32.76}"
2025-09-18 23:23:27.760549646+00:00,dds75-lb-15,2,-50,9.25,"{""Bat"": 3.343, ""Distance_mm"": 978, ""Interrupt_flag"": 0, ""Node_type"": ""DDS75-LB"", ""Sensor_flag"": 1, ""TempC_DS18B20"": 32.76}"
2025-09-18 23:43:27.516435014+00:00,dds75-lb-15,2,-51,10.25,"{""Bat"": 3.343, ""Distance_mm"": 978, ""Interrupt_flag"": 0, ""Node_type"": ""DDS75-LB"", ""Sensor_flag"": 1, ""TempC_DS18B20"": 32.76}"
2025-09-19 00:03:27.247898718+00:00,dds75-lb-15,2,-47,9.25,"{""Bat"": 3.343, ""Distance_mm"": 978, ""Interrupt_flag"": 0, ""Node_type"": ""DDS75-LB"", ""Sensor_flag"": 1, ""TempC_DS18B20"": 32.76}"
2025-09-19 00:23:27.024104245+00:00,dds75-lb-15,2,-47,8.5,"{""Bat"": 3.343, ""Distance_mm"": 977, ""Interrupt_flag"": 0, ""Node_type"": ""DDS75-LB"", ""Sensor_flag"": 1, ""TempC_DS18B20"": 32.76}"
2025-09-19 00:43:26.809203145+00:00,dds75-lb-15,2,-48,9.25,"{""Bat"": 3.343, ""Distance_mm"": 977, ""Interrupt_flag"": 0, ""Node_type"": ""DDS75-LB"", ""Sensor_flag"": 1, ""TempC_DS18B20"": 32.76}"
2025-09-19 01:03:26.536498326+00:00,dds75-lb-15,2,-49,9.25,"{""Bat"": 3.343, ""Distance_mm"": 977, ""Interrupt_flag"": 0, ""Node_type"": ""DDS75-LB"", ""Sensor_flag"": 1, ""TempC_DS18B20"": 32.76}"
2025-09-19 01:23:26.274862996+00:00,dds75-lb-15,2,-50,9.5,"{""Bat"": 3.343, ""Distance_mm"": 977, ""Interrupt_flag"": 0, ""Node_type"": ""DDS75-LB"", ""Sensor_flag"": 1, ""TempC_DS18B20"": 32.76}"
2025-09-19 01:43:26.037292088+00:00,dds75-lb-15,2,-49,9.75,"{""Bat"": 3.343, ""Distance_mm"": 977, ""Interrupt_flag"": 0, ""Node_type"": ""DDS75-LB"", ""Sensor_flag"": 1, ""TempC_DS18B20"": 32.76}"
2025-09-19 02:03:25.797364116+00:00,dds75-lb-15,2,-47,9.5,"{""Bat"": 3.343, ""Distance_mm"": 978, ""Interrupt_flag"": 0, ""Node_type"": ""DDS75-LB"", ""Sensor_flag"": 1, ""TempC_DS18B20"": 32.76}"
2025-09-19 02:23:25.557801239+00:00,dds75-lb-15,2,-122,-6.25,"{""Bat"": 3.343, ""Distance_mm"": 978, ""Interrupt_flag"": 0, ""Node_type"": ""DDS75-LB"", ""Sensor_flag"": 1, ""TempC_DS18B20"": 32.76}"
2025-09-19 02:43:25.292333357+00:00,dds75-lb-15,2,-49,7.5,"{""Bat"": 3.343, ""Distance_mm"": 978, ""Interrupt_flag"": 0, ""Node_type"": ""DDS75-LB"", ""Sensor_flag"": 1, ""TempC_DS18B20"": 32.76}"
2025-09-19 03:03:25.054862609+00:00,dds75-lb-15,2,-50,9.75,"{""Bat"": 3.343, ""Distance_mm"": 978, ""Interrupt_flag"": 0, ""Node_type"": ""DDS75-LB"", ""Sensor_flag"": 1, ""TempC_DS18B20"": 32.76}"
2025-09-19 03:23:24.811482132+00:00,dds75-lb-15,2,-48,9.0,"{""Bat"": 3.343, ""Distance_mm"": 978, ""Interrupt_flag"": 0, ""Node_type"": ""DDS75-LB"", ""Sensor_flag"": 1, ""TempC_DS18B20"": 32.76}"
2025-09-19 03:43:24.570842728+00:00,dds75-lb-15,2,-48,9.5,"{""Bat"": 3.343, ""Distance_mm"": 978, ""Interrupt_flag"": 0, ""Node_type"": ""DDS75-LB"", ""Sensor_flag"": 1, ""TempC_DS18B20"": 32.76}"
2025-09-19 04:03:24.313367980+00:00,dds75-lb-15,2,-121,-4.75,"{""Bat"": 3.343, ""Distance_mm"": 977, ""Interrupt_flag"": 0, ""Node_type"": ""DDS75-LB"", ""Sensor_flag"": 1, ""TempC_DS18B20"": 32.76}"
2025-09-19 04:23:24.078977417+00:00,dds75-lb-15,2,-49,7.25,"{""Bat"": 3.343, ""Distance_mm"": 977, ""Interrupt_flag"": 0, ""Node_type"": ""DDS75-LB"", ""Sensor_flag"": 1, ""TempC_DS18B20"": 32.76}"
2025-09-19 04:43:23.838694197+00:00,dds75-lb-15,2,-50,10.25,"{""Bat"": 3.343, ""Distance_mm"": 977, ""Interrupt_flag"": 0, ""Node_type"": ""DDS75-LB"", ""Sensor_flag"": 1, ""TempC_DS18B20"": 32.76}"
2025-09-19 05:03:23.600574926+00:00,dds75-lb-15,2,-49,9.5,"{""Bat"": 3.343, ""Distance_mm"": 977, ""Interrupt_flag"": 0, ""Node_type"": ""DDS75-LB"", ""Sensor_flag"": 1, ""TempC_DS18B20"": 32.76}"
2025-09-19 05:23:23.353569919+00:00,dds75-lb-15,2,-48,7.75,"{""Bat"": 3.343, ""Distance_mm"": 977, ""Interrupt_flag"": 0, ""Node_type"": ""DDS75-LB"", ""Sensor_flag"": 1, ""TempC_DS18B20"": 32.76}"
2025-09-19 05:43:23.100517146+00:00,dds75-lb-15,2,-49,8.75,"{""Bat"": 3.343, ""Distance_mm"": 977, ""Interrupt_flag"": 0, ""Node_type"": ""DDS75-LB"", ""Sensor_flag"": 1, ""TempC_DS18B20"": 32.76}"
2025-09-19 06:03:22.856043404+00:00,dds75-lb-15,2,-122,-6.5,"{""Bat"": 3.343, ""Distance_mm"": 977, ""Interrupt_flag"": 0, ""Node_type"": ""DDS75-LB"", ""Sensor_flag"": 1, ""TempC_DS18B20"": 32.76}"
2025-09-19 06:23:22.613413139+00:00,dds75-lb-15,2,-47,9.25,"{""Bat"": 3.343, ""Distance_mm"": 978, ""Interrupt_flag"": 0, ""Node_type"": ""DDS75-LB"", ""Sensor_flag"": 1, ""TempC_DS18B20"": 32.76}"
2025-09-19 06:43:22.389921343+00:00,dds75-lb-15,2,-47,9.25,"{""Bat"": 3.343, ""Distance_mm"": 978, ""Interrupt_flag"": 0, ""Node_type"": ""DDS75-LB"", ""Sensor_flag"": 1, ""TempC_DS18B20"": 32.76}"
2025-09-19 07:03:22.223520444+00:00,dds75-lb-15,2,-49,10.0,"{""Bat"": 3.343, ""Distance_mm"": 978, ""Interrupt_flag"": 0, ""Node_type"": ""DDS75-LB"", ""Sensor_flag"": 1, ""TempC_DS18B20"": 32.76}"
2025-09-19 07:23:21.870924878+00:00,dds75-lb-15,2,-48,10.0,"{""Bat"": 3.343, ""Distance_mm"": 978, ""Interrupt_flag"": 0, ""Node_type"": ""DDS75-LB"", ""Sensor_flag"": 1, ""TempC_DS18B20"": 32.76}"
2025-09-19 07:43:21.634573951+00:00,dds75-lb-15,2,-49,9.25,"{""Bat"": 3.343, ""Distance_mm"": 977, ""Interrupt_flag"": 0, ""Node_type"": ""DDS75-LB"", ""Sensor_flag"": 1, ""TempC_DS18B20"": 32.76}"
2025-09-19 08:03:21.386195859+00:00,dds75-lb-15,2,-49,10.5,"{""Bat"": 3.343, ""Distance_mm"": 977, ""Interrupt_flag"": 0, ""Node_type"": ""DDS75-LB"", ""Sensor_flag"": 1, ""TempC_DS18B20"": 32.76}"
2025-09-19 08:23:21.135248646+00:00,dds75-lb-15,2,-47,7.25,"{""Bat"": 3.343, ""Distance_mm"": 977, ""Interrupt_flag"": 0, ""Node_type"": ""DDS75-LB"", ""Sensor_flag"": 1, ""TempC_DS18B20"": 32.76}"
2025-09-19 08:43:20.890799401+00:00,dds75-lb-15,2,-48,7.5,"{""Bat"": 3.343, ""Distance_mm"": 977, ""Interrupt_flag"": 0, ""Node_type"": ""DDS75-LB"", ""Sensor_flag"": 1, ""TempC_DS18B20"": 32.76}"
2025-09-19 09:03:20.633951045+00:00,dds75-lb-15,2,-49,10.0,"{""Bat"": 3.343, ""Distance_mm"": 977, ""Interrupt_flag"": 0, ""Node_type"": ""DDS75-LB"", ""Sensor_flag"": 1, ""TempC_DS18B20"": 32.76}"
2025-09-19 09:23:20.424215088+00:00,dds75-lb-15,2,-51,10.25,"{""Bat"": 3.343, ""Distance_mm"": 978, ""Interrupt_flag"": 0, ""Node_type"": ""DDS75-LB"", ""Sensor_flag"": 1, ""TempC_DS18B20"": 32.76}"
2025-09-19 09:43:20.157471952+00:00,dds75-lb-15,2,-49,7.25,"{""Bat"": 3.343, ""Distance_mm"": 978, ""Interrupt_flag"": 0, ""Node_type"": ""DDS75-LB"", ""Sensor_flag"": 1, ""TempC_DS18B20"": 32.76}"
2025-09-19 10:03:19.920164869+00:00,dds75-lb-15,2,-49,10.25,"{""Bat"": 3.343, ""Distance_mm"": 978, ""Interrupt_flag"": 0, ""Node_type"": ""DDS75-LB"", ""Sensor_flag"": 1, ""TempC_DS18B20"": 32.76}"
2025-09-19 10:23:19.692036852+00:00,dds75-lb-15,2,-50,8.5,"{""Bat"": 3.343, ""Distance_mm"": 978, ""Interrupt_flag"": 0, ""Node_type"": ""DDS75-LB"", ""Sensor_flag"": 1, ""TempC_DS18B20"": 32.76}"
2025-09-19 10:43:19.425962220+00:00,dds75-lb-15,2,-49,10.0,"{""Bat"": 3.343, ""Distance_mm"": 978, ""Interrupt_flag"": 0, ""Node_type"": ""DDS75-LB"", ""Sensor_flag"": 1, ""TempC_DS18B20"": 32.76}"
2025-09-19 11:03:19.177620244+00:00,dds75-lb-15,2,-46,9.25,"{""Bat"": 3.343, ""Distance_mm"": 977, ""Interrupt_flag"": 0, ""Node_type"": ""DDS75-LB"", ""Sensor_flag"": 1, ""TempC_DS18B20"": 32.76}"
2025-09-19 11:23:18.939791275+00:00,dds75-lb-15,2,-47,8.75,"{""Bat"": 3.343, ""Distance_mm"": 978, ""Interrupt_flag"": 0, ""Node_type"": ""DDS75-LB"", ""Sensor_flag"": 1, ""TempC_DS18B20"": 32.76}"
2025-09-19 11:43:18.680206877+00:00,dds75-lb-15,2,-50,10.75,"{""Bat"": 3.343, ""Distance_mm"": 978, ""Interrupt_flag"": 0, ""Node_type"": ""DDS75-LB"", ""Sensor_flag"": 1, ""TempC_DS18B20"": 32.76}"
2025-09-19 12:03:18.437799788+00:00,dds75-lb-15,2,-51,11.75,"{""Bat"": 3.343, ""Distance_mm"": 974, ""Interrupt_flag"": 0, ""Node_type"": ""DDS75-LB"", ""Sensor_flag"": 1, ""TempC_DS18B20"": 32.76}"
2025-09-19 12:23:18.190448620+00:00,dds75-lb-15,2,-49,7.5,"{""Bat"": 3.343, ""Distance_mm"": 977, ""Interrupt_flag"": 0, ""Node_type"": ""DDS75-LB"", ""Sensor_flag"": 1, ""TempC_DS18B20"": 32.76}"
2025-09-19 12:43:17.948157001+00:00,dds75-lb-15,2,-47,8.75,"{""Bat"": 3.343, ""Distance_mm"": 974, ""Interrupt_flag"": 0, ""Node_type"": ""DDS75-LB"", ""Sensor_flag"": 1, ""TempC_DS18B20"": 32.76}"
2025-09-19 13:03:17.694850567+00:00,dds75-lb-15,2,-50,8.75,"{""Bat"": 3.343, ""Distance_mm"": 978, ""Interrupt_flag"": 0, ""Node_type"": ""DDS75-LB"", ""Sensor_flag"": 1, ""TempC_DS18B20"": 32.76}"
2025-09-19 13:23:17.475305656+00:00,dds75-lb-15,2,-49,9.25,"{""Bat"": 3.343, ""Distance_mm"": 978, ""Interrupt_flag"": 0, ""Node_type"": ""DDS75-LB"", ""Sensor_flag"": 1, ""TempC_DS18B20"": 32.76}"
2025-09-19 13:43:17.222952164+00:00,dds75-lb-15,2,-47,9.25,"{""Bat"": 3.343, ""Distance_mm"": 978, ""Interrupt_flag"": 0, ""Node_type"": ""DDS75-LB"", ""Sensor_flag"": 1, ""TempC_DS18B20"": 32.76}"
2025-09-19 14:03:16.974427170+00:00,dds75-lb-15,2,-50,8.0,"{""Bat"": 3.343, ""Distance_mm"": 978, ""Interrupt_flag"": 0, ""Node_type"": ""DDS75-LB"", ""Sensor_flag"": 1, ""TempC_DS18B20"": 32.76}"
2025-09-19 14:23:16.725985568+00:00,dds75-lb-15,2,-47,9.25,"{""Bat"": 3.343, ""Distance_mm"": 978, ""Interrupt_flag"": 0, ""Node_type"": ""DDS75-LB"", ""Sensor_flag"": 1, ""TempC_DS18B20"": 32.76}"
2025-09-19 14:43:16.479949826+00:00,dds75-lb-15,2,-50,9.0,"{""Bat"": 3.343, ""Distance_mm"": 978, ""Interrupt_flag"": 0, ""Node_type"": ""DDS75-LB"", ""Sensor_flag"": 1, ""TempC_DS18B20"": 32.76}"
2025-09-19 15:03:16.224807042+00:00,dds75-lb-15,2,-47,7.75,"{""Bat"": 3.343, ""Distance_mm"": 979, ""Interrupt_flag"": 0, ""Node_type"": ""DDS75-LB"", ""Sensor_flag"": 1, ""TempC_DS18B20"": 32.76}"
2025-09-19 15:23:15.983622517+00:00,dds75-lb-15,2,-48,9.5,"{""Bat"": 3.343, ""Distance_mm"": 979, ""Interrupt_flag"": 0, ""Node_type"": ""DDS75-LB"", ""Sensor_flag"": 1, ""TempC_DS18B20"": 32.76}"
2025-09-19 15:43:15.767934701+00:00,dds75-lb-15,2,-51,11.25,"{""Bat"": 3.343, ""Distance_mm"": 979, ""Interrupt_flag"": 0, ""Node_type"": ""DDS75-LB"", ""Sensor_flag"": 1, ""TempC_DS18B20"": 32.76}"
2025-09-19 16:03:15.487362142+00:00,dds75-lb-15,2,-35,7.75,"{""Bat"": 3.343, ""Distance_mm"": 978, ""Interrupt_flag"": 0, ""Node_type"": ""DDS75-LB"", ""Sensor_flag"": 1, ""TempC_DS18B20"": 32.76}"
2025-09-19 16:23:15.278590964+00:00,dds75-lb-15,2,-31,7.25,"{""Bat"": 3.343, ""Distance_mm"": 978, ""Interrupt_flag"": 0, ""Node_type"": ""DDS75-LB"", ""Sensor_flag"": 1, ""TempC_DS18B20"": 32.76}"
2025-09-19 16:43:15.008590111+00:00,dds75-lb-15,2,-33,8.0,"{""Bat"": 3.343, ""Distance_mm"": 978, ""Interrupt_flag"": 0, ""Node_type"": ""DDS75-LB"", ""Sensor_flag"": 1, ""TempC_DS18B20"": 32.76}"
2025-09-19 17:03:14.738091438+00:00,dds75-lb-15,2,-115,-1.5,"{""Bat"": 3.343, ""Distance_mm"": 978, ""Interrupt_flag"": 0, ""Node_type"": ""DDS75-LB"", ""Sensor_flag"": 1, ""TempC_DS18B20"": 32.76}"
2025-09-19 17:23:14.545132500+00:00,dds75-lb-15,2,-35,9.25,"{""Bat"": 3.343, ""Distance_mm"": 978, ""Interrupt_flag"": 0, ""Node_type"": ""DDS75-LB"", ""Sensor_flag"": 1, ""TempC_DS18B20"": 32.76}"
2025-09-19 17:43:14.277647755+00:00,dds75-lb-15,2,-115,0.5,"{""Bat"": 3.343, ""Distance_mm"": 978, ""Interrupt_flag"": 0, ""Node_type"": ""DDS75-LB"", ""Sensor_flag"": 1, ""TempC_DS18B20"": 32.76}"
2025-09-19 18:03:14.011823705+00:00,dds75-lb-15,2,-111,3.25,"{""Bat"": 3.343, ""Distance_mm"": 978, ""Interrupt_flag"": 0, ""Node_type"": ""DDS75-LB"", ""Sensor_flag"": 1, ""TempC_DS18B20"": 32.76}"
2025-09-19 18:23:13.789193766+00:00,dds75-lb-15,2,-117,-1.75,"{""Bat"": 3.343, ""Distance_mm"": 978, ""Interrupt_flag"": 0, ""Node_type"": ""DDS75-LB"", ""Sensor_flag"": 1, ""TempC_DS18B20"": 32.76}"
2025-09-19 18:43:13.526797243+00:00,dds75-lb-15,2,-31,7.5,"{""Bat"": 3.343, ""Distance_mm"": 978, ""Interrupt_flag"": 0, ""Node_type"": ""DDS75-LB"", ""Sensor_flag"": 1, ""TempC_DS18B20"": 32.76}"
2025-09-19 19:03:13.289093670+00:00,dds75-lb-15,2,-35,9.5,"{""Bat"": 3.343, ""Distance_mm"": 978, ""Interrupt_flag"": 0, ""Node_type"": ""DDS75-LB"", ""Sensor_flag"": 1, ""TempC_DS18B20"": 32.76}"
2025-09-19 19:23:13.048596810+00:00,dds75-lb-15,2,-33,8.25,"{""Bat"": 3.343, ""Distance_mm"": 978, ""Interrupt_flag"": 0, ""Node_type"": ""DDS75-LB"", ""Sensor_flag"": 1, ""TempC_DS18B20"": 32.76}"
2025-09-19 19:43:12.794758330+00:00,dds75-lb-15,2,-37,9.5,"{""Bat"": 3.343, ""Distance_mm"": 978, ""Interrupt_flag"": 0, ""Node_type"": ""DDS75-LB"", ""Sensor_flag"": 1, ""TempC_DS18B20"": 32.76}"
2025-09-19 20:03:12.585952220+00:00,dds75-lb-15,2,-35,9.0,"{""Bat"": 3.343, ""Distance_mm"": 978, ""Interrupt_flag"": 0, ""Node_type"": ""DDS75-LB"", ""Sensor_flag"": 1, ""TempC_DS18B20"": 32.76}"
2025-09-19 20:23:12.320697455+00:00,dds75-lb-15,2,-33,9.25,"{""Bat"": 3.343, ""Distance_mm"": 978, ""Interrupt_flag"": 0, ""Node_type"": ""DDS75-LB"", ""Sensor_flag"": 1, ""TempC_DS18B20"": 32.76}"
2025-09-19 20:43:12.063843518+00:00,dds75-lb-15,2,-32,9.25,"{""Bat"": 3.343, ""Distance_mm"": 978, ""Interrupt_flag"": 0, ""Node_type"": ""DDS75-LB"", ""Sensor_flag"": 1, ""TempC_DS18B20"": 32.76}"
2025-09-19 21:03:11.814508227+00:00,dds75-lb-15,2,-112,3.25,"{""Bat"": 3.343, ""Distance_mm"": 978, ""Interrupt_flag"": 0, ""Node_type"": ""DDS75-LB"", ""Sensor_flag"": 1, ""TempC_DS18B20"": 32.76}"
2025-09-19 21:23:11.578476496+00:00,dds75-lb-15,2,-33,8.75,"{""Bat"": 3.343, ""Distance_mm"": 978, ""Interrupt_flag"": 0, ""Node_type"": ""DDS75-LB"", ""Sensor_flag"": 1, ""TempC_DS18B20"": 32.76}"
2025-09-19 21:43:11.346294746+00:00,dds75-lb-15,2,-35,9.5,"{""Bat"": 3.343, ""Distance_mm"": 978, ""Interrupt_flag"": 0, ""Node_type"": ""DDS75-LB"", ""Sensor_flag"": 1, ""TempC_DS18B20"": 32.76}"
2025-09-19 22:03:11.091826895+00:00,dds75-lb-15,2,-35,8.0,"{""Bat"": 3.343, ""Distance_mm"": 978, ""Interrupt_flag"": 0, ""Node_type"": ""DDS75-LB"", ""Sensor_flag"": 1, ""TempC_DS18B20"": 32.76}"
2025-09-19 22:23:10.836165806+00:00,dds75-lb-15,2,-35,9.5,"{""Bat"": 3.343, ""Distance_mm"": 978, ""Interrupt_flag"": 0, ""Node_type"": ""DDS75-LB"", ""Sensor_flag"": 1, ""TempC_DS18B20"": 32.76}"
2025-09-19 22:43:10.613251847+00:00,dds75-lb-15,2,-32,9.5,"{""Bat"": 3.343, ""Distance_mm"": 977, ""Interrupt_flag"": 0, ""Node_type"": ""DDS75-LB"", ""Sensor_flag"": 1, ""TempC_DS18B20"": 32.76}"
2025-09-19 23:03:10.355959700+00:00,dds75-lb-15,2,-116,-0.5,"{""Bat"": 3.343, ""Distance_mm"": 977, ""Interrupt_flag"": 0, ""Node_type"": ""DDS75-LB"", ""Sensor_flag"": 1, ""TempC_DS18B20"": 32.76}"
2025-09-19 23:23:10.104262658+00:00,dds75-lb-15,2,-111,4.75,"{""Bat"": 3.343, ""Distance_mm"": 977, ""Interrupt_flag"": 0, ""Node_type"": ""DDS75-LB"", ""Sensor_flag"": 1, ""TempC_DS18B20"": 32.76}"
2025-09-19 23:43:09.862621658+00:00,dds75-lb-15,2,-37,8.75,"{""Bat"": 3.343, ""Distance_mm"": 977, ""Interrupt_flag"": 0, ""Node_type"": ""DDS75-LB"", ""Sensor_flag"": 1, ""TempC_DS18B20"": 32.76}"
2025-09-20 00:03:09.606389270+00:00,dds75-lb-15,2,-33,10.25,"{""Bat"": 3.343, ""Distance_mm"": 978, ""Interrupt_flag"": 0, ""Node_type"": ""DDS75-LB"", ""Sensor_flag"": 1, ""TempC_DS18B20"": 32.76}"
2025-09-20 00:23:09.363901941+00:00,dds75-lb-15,2,-32,7.25,"{""Bat"": 3.343, ""Distance_mm"": 978, ""Interrupt_flag"": 0, ""Node_type"": ""DDS75-LB"", ""Sensor_flag"": 1, ""TempC_DS18B20"": 32.76}"
2025-09-20 00:43:09.119021616+00:00,dds75-lb-15,2,-35,11.0,"{""Bat"": 3.343, ""Distance_mm"": 978, ""Interrupt_flag"": 0, ""Node_type"": ""DDS75-LB"", ""Sensor_flag"": 1, ""TempC_DS18B20"": 32.76}"
2025-09-20 01:03:08.875734035+00:00,dds75-lb-15,2,-32,9.5,"{""Bat"": 3.343, ""Distance_mm"": 978, ""Interrupt_flag"": 0, ""Node_type"": ""DDS75-LB"", ""Sensor_flag"": 1, ""TempC_DS18B20"": 32.76}"
2025-09-20 01:23:08.638600533+00:00,dds75-lb-15,2,-35,10.25,"{""Bat"": 3.343, ""Distance_mm"": 977, ""Interrupt_flag"": 0, ""Node_type"": ""DDS75-LB"", ""Sensor_flag"": 1, ""TempC_DS18B20"": 32.76}"
2025-09-20 01:43:08.391260274+00:00,dds75-lb-15,2,-112,3.25,"{""Bat"": 3.343, ""Distance_mm"": 977, ""Interrupt_flag"": 0, ""Node_type"": ""DDS75-LB"", ""Sensor_flag"": 1, ""TempC_DS18B20"": 32.76}"
2025-09-20 02:03:08.152670101+00:00,dds75-lb-15,2,-35,8.75,"{""Bat"": 3.343, ""Distance_mm"": 977, ""Interrupt_flag"": 0, ""Node_type"": ""DDS75-LB"", ""Sensor_flag"": 1, ""TempC_DS18B20"": 32.76}"
2025-09-20 02:23:07.902522352+00:00,dds75-lb-15,2,-37,10.0,"{""Bat"": 3.343, ""Distance_mm"": 977, ""Interrupt_flag"": 0, ""Node_type"": ""DDS75-LB"", ""Sensor_flag"": 1, ""TempC_DS18B20"": 32.76}"
2025-09-20 02:43:07.637892989+00:00,dds75-lb-15,2,-110,4.5,"{""Bat"": 3.343, ""Distance_mm"": 977, ""Interrupt_flag"": 0, ""Node_type"": ""DDS75-LB"", ""Sensor_flag"": 1, ""TempC_DS18B20"": 32.76}"
2025-09-20 03:03:07.409302701+00:00,dds75-lb-15,2,-31,7.75,"{""Bat"": 3.343, ""Distance_mm"": 978, ""Interrupt_flag"": 0, ""Node_type"": ""DDS75-LB"", ""Sensor_flag"": 1, ""TempC_DS18B20"": 32.76}"
2025-09-20 03:23:07.155784245+00:00,dds75-lb-15,2,-33,8.5,"{""Bat"": 3.343, ""Distance_mm"": 978, ""Interrupt_flag"": 0, ""Node_type"": ""DDS75-LB"", ""Sensor_flag"": 1, ""TempC_DS18B20"": 32.76}"
2025-09-20 03:43:06.920325109+00:00,dds75-lb-15,2,-35,10.5,"{""Bat"": 3.343, ""Distance_mm"": 978, ""Interrupt_flag"": 0, ""Node_type"": ""DDS75-LB"", ""Sensor_flag"": 1, ""TempC_DS18B20"": 32.76}"
2025-09-20 04:03:06.664756664+00:00,dds75-lb-15,2,-35,9.25,"{""Bat"": 3.343, ""Distance_mm"": 977, ""Interrupt_flag"": 0, ""Node_type"": ""DDS75-LB"", ""Sensor_flag"": 1, ""TempC_DS18B20"": 32.76}"
2025-09-20 04:23:06.424180956+00:00,dds75-lb-15,2,-35,10.25,"{""Bat"": 3.343, ""Distance_mm"": 977, ""Interrupt_flag"": 0, ""Node_type"": ""DDS75-LB"", ""Sensor_flag"": 1, ""TempC_DS18B20"": 32.76}"
2025-09-20 04:43:06.185293391+00:00,dds75-lb-15,2,-35,10.0,"{""Bat"": 3.343, ""Distance_mm"": 977, ""Interrupt_flag"": 0, ""Node_type"": ""DDS75-LB"", ""Sensor_flag"": 1, ""TempC_DS18B20"": 32.76}"
2025-09-20 05:03:05.937301294+00:00,dds75-lb-15,2,-114,1.0,"{""Bat"": 3.343, ""Distance_mm"": 977, ""Interrupt_flag"": 0, ""Node_type"": ""DDS75-LB"", ""Sensor_flag"": 1, ""TempC_DS18B20"": 32.76}"
2025-09-20 05:23:05.686410427+00:00,dds75-lb-15,2,-31,8.0,"{""Bat"": 3.343, ""Distance_mm"": 978, ""Interrupt_flag"": 0, ""Node_type"": ""DDS75-LB"", ""Sensor_flag"": 1, ""TempC_DS18B20"": 32.76}"
2025-09-20 05:43:05.439700625+00:00,dds75-lb-15,2,-32,8.25,"{""Bat"": 3.343, ""Distance_mm"": 978, ""Interrupt_flag"": 0, ""Node_type"": ""DDS75-LB"", ""Sensor_flag"": 1, ""TempC_DS18B20"": 32.76}"
2025-09-20 06:03:05.214461901+00:00,dds75-lb-15,2,-33,10.25,"{""Bat"": 3.343, ""Distance_mm"": 978, ""Interrupt_flag"": 0, ""Node_type"": ""DDS75-LB"", ""Sensor_flag"": 1, ""TempC_DS18B20"": 32.76}"
2025-09-20 06:23:04.957910345+00:00,dds75-lb-15,2,-37,10.5,"{""Bat"": 3.343, ""Distance_mm"": 977, ""Interrupt_flag"": 0, ""Node_type"": ""DDS75-LB"", ""Sensor_flag"": 1, ""TempC_DS18B20"": 32.76}"
2025-09-20 06:43:04.717714604+00:00,dds75-lb-15,2,-35,9.75,"{""Bat"": 3.343, ""Distance_mm"": 977, ""Interrupt_flag"": 0, ""Node_type"": ""DDS75-LB"", ""Sensor_flag"": 1, ""TempC_DS18B20"": 32.76}"
2025-09-20 07:03:04.473907326+00:00,dds75-lb-15,2,-35,9.75,"{""Bat"": 3.343, ""Distance_mm"": 977, ""Interrupt_flag"": 0, ""Node_type"": ""DDS75-LB"", ""Sensor_flag"": 1, ""TempC_DS18B20"": 32.76}"
2025-09-20 07:23:04.231084409+00:00,dds75-lb-15,2,-112,3.0,"{""Bat"": 3.343, ""Distance_mm"": 977, ""Interrupt_flag"": 0, ""Node_type"": ""DDS75-LB"", ""Sensor_flag"": 1, ""TempC_DS18B20"": 32.76}"
2025-09-20 07:43:03.984287613+00:00,dds75-lb-15,2,-37,10.0,"{""Bat"": 3.343, ""Distance_mm"": 977, ""Interrupt_flag"": 0, ""Node_type"": ""DDS75-LB"", ""Sensor_flag"": 1, ""TempC_DS18B20"": 32.76}"
2025-09-20 08:03:03.730249222+00:00,dds75-lb-15,2,-33,6.5,"{""Bat"": 3.343, ""Distance_mm"": 977, ""Interrupt_flag"": 0, ""Node_type"": ""DDS75-LB"", ""Sensor_flag"": 1, ""TempC_DS18B20"": 32.76}"
2025-09-20 08:23:03.498680070+00:00,dds75-lb-15,2,-31,7.5,"{""Bat"": 3.343, ""Distance_mm"": 977, ""Interrupt_flag"": 0, ""Node_type"": ""DDS75-LB"", ""Sensor_flag"": 1, ""TempC_DS18B20"": 32.76}"
2025-09-20 08:43:03.226569992+00:00,dds75-lb-15,2,-33,7.0,"{""Bat"": 3.343, ""Distance_mm"": 978, ""Interrupt_flag"": 0, ""Node_type"": ""DDS75-LB"", ""Sensor_flag"": 1, ""TempC_DS18B20"": 32.76}"
2025-09-20 09:03:02.999166668+00:00,dds75-lb-15,2,-32,9.75,"{""Bat"": 3.343, ""Distance_mm"": 978, ""Interrupt_flag"": 0, ""Node_type"": ""DDS75-LB"", ""Sensor_flag"": 1, ""TempC_DS18B20"": 32.76}"
2025-09-20 09:23:02.760042695+00:00,dds75-lb-15,2,-35,9.5,"{""Bat"": 3.343, ""Distance_mm"": 978, ""Interrupt_flag"": 0, ""Node_type"": ""DDS75-LB"", ""Sensor_flag"": 1, ""TempC_DS18B20"": 32.76}"
2025-09-20 09:43:02.518497105+00:00,dds75-lb-15,2,-35,10.5,"{""Bat"": 3.343, ""Distance_mm"": 978, ""Interrupt_flag"": 0, ""Node_type"": ""DDS75-LB"", ""Sensor_flag"": 1, ""TempC_DS18B20"": 32.76}"
2025-09-20 10:03:02.257485225+00:00,dds75-lb-15,2,-35,9.5,"{""Bat"": 3.343, ""Distance_mm"": 977, ""Interrupt_flag"": 0, ""Node_type"": ""DDS75-LB"", ""Sensor_flag"": 1, ""TempC_DS18B20"": 32.76}"
2025-09-20 10:23:02.013161651+00:00,dds75-lb-15,2,-33,9.5,"{""Bat"": 3.343, ""Distance_mm"": 977, ""Interrupt_flag"": 0, ""Node_type"": ""DDS75-LB"", ""Sensor_flag"": 1, ""TempC_DS18B20"": 32.76}"
2025-09-20 10:43:01.779427565+00:00,dds75-lb-15,2,-35,10.25,"{""Bat"": 3.343, ""Distance_mm"": 977, ""Interrupt_flag"": 0, ""Node_type"": ""DDS75-LB"", ""Sensor_flag"": 1, ""TempC_DS18B20"": 32.76}"
2025-09-20 11:03:01.547651419+00:00,dds75-lb-15,2,-33,10.0,"{""Bat"": 3.343, ""Distance_mm"": 978, ""Interrupt_flag"": 0, ""Node_type"": ""DDS75-LB"", ""Sensor_flag"": 1, ""TempC_DS18B20"": 32.76}"
2025-09-20 11:23:01.290394447+00:00,dds75-lb-15,2,-113,3.0,"{""Bat"": 3.343, ""Distance_mm"": 978, ""Interrupt_flag"": 0, ""Node_type"": ""DDS75-LB"", ""Sensor_flag"": 1, ""TempC_DS18B20"": 32.76}"
2025-09-20 11:43:01.041756382+00:00,dds75-lb-15,2,-33,10.25,"{""Bat"": 3.343, ""Distance_mm"": 977, ""Interrupt_flag"": 0, ""Node_type"": ""DDS75-LB"", ""Sensor_flag"": 1, ""TempC_DS18B20"": 32.76}"
2025-09-20 12:03:00.792654012+00:00,dds75-lb-15,2,-35,10.5,"{""Bat"": 3.343, ""Distance_mm"": 977, ""Interrupt_flag"": 0, ""Node_type"": ""DDS75-LB"", ""Sensor_flag"": 1, ""TempC_DS18B20"": 32.76}"
2025-09-20 12:23:00.549787088+00:00,dds75-lb-15,2,-118,-4.25,"{""Bat"": 3.343, ""Distance_mm"": 978, ""Interrupt_flag"": 0, ""Node_type"": ""DDS75-LB"", ""Sensor_flag"": 1, ""TempC_DS18B20"": 32.76}"
2025-09-20 12:43:00.305546474+00:00,dds75-lb-15,2,-119,-3.75,"{""Bat"": 3.343, ""Distance_mm"": 978, ""Interrupt_flag"": 0, ""Node_type"": ""DDS75-LB"", ""Sensor_flag"": 1, ""TempC_DS18B20"": 32.76}"
2025-09-20 13:03:00.055214885+00:00,dds75-lb-15,2,-37,9.75,"{""Bat"": 3.343, ""Distance_mm"": 978, ""Interrupt_flag"": 0, ""Node_type"": ""DDS75-LB"", ""Sensor_flag"": 1, ""TempC_DS18B20"": 32.76}"
2025-09-20 13:22:59.834122638+00:00,dds75-lb-15,2,-33,9.0,"{""Bat"": 3.343, ""Distance_mm"": 975, ""Interrupt_flag"": 0, ""Node_type"": ""DDS75-LB"", ""Sensor_flag"": 1, ""TempC_DS18B20"": 32.76}"
2025-09-20 13:42:59.558582346+00:00,dds75-lb-15,2,-31,8.75,"{""Bat"": 3.343, ""Distance_mm"": 978, ""Interrupt_flag"": 0, ""Node_type"": ""DDS75-LB"", ""Sensor_flag"": 1, ""TempC_DS18B20"": 32.76}"
2025-09-20 14:02:59.329223809+00:00,dds75-lb-15,2,-35,10.25,"{""Bat"": 3.343, ""Distance_mm"": 977, ""Interrupt_flag"": 0, ""Node_type"": ""DDS75-LB"", ""Sensor_flag"": 1, ""TempC_DS18B20"": 32.76}"
2025-09-20 14:22:59.080197916+00:00,dds75-lb-15,2,-33,9.0,"{""Bat"": 3.343, ""Distance_mm"": 978, ""Interrupt_flag"": 0, ""Node_type"": ""DDS75-LB"", ""Sensor_flag"": 1, ""TempC_DS18B20"": 32.76}"
2025-09-20 14:42:58.851473859+00:00,dds75-lb-15,2,-35,9.75,"{""Bat"": 3.343, ""Distance_mm"": 978, ""Interrupt_flag"": 0, ""Node_type"": ""DDS75-LB"", ""Sensor_flag"": 1, ""TempC_DS18B20"": 32.76}"
2025-09-20 15:02:58.583359784+00:00,dds75-lb-15,2,-35,10.75,"{""Bat"": 3.343, ""Distance_mm"": 978, ""Interrupt_flag"": 0, ""Node_type"": ""DDS75-LB"", ""Sensor_flag"": 1, ""TempC_DS18B20"": 32.76}"
2025-09-20 15:22:58.347412816+00:00,dds75-lb-15,2,-31,9.25,"{""Bat"": 3.343, ""Distance_mm"": 978, ""Interrupt_flag"": 0, ""Node_type"": ""DDS75-LB"", ""Sensor_flag"": 1, ""TempC_DS18B20"": 32.76}"
2025-09-20 15:42:58.096279812+00:00,dds75-lb-15,2,-108,5.25,"{""Bat"": 3.343, ""Distance_mm"": 978, ""Interrupt_flag"": 0, ""Node_type"": ""DDS75-LB"", ""Sensor_flag"": 1, ""TempC_DS18B20"": 32.76}"
2025-09-20 16:02:57.851902777+00:00,dds75-lb-15,2,-118,-4.0,"{""Bat"": 3.343, ""Distance_mm"": 978, ""Interrupt_flag"": 0, ""Node_type"": ""DDS75-LB"", ""Sensor_flag"": 1, ""TempC_DS18B20"": 32.76}"
2025-09-20 16:22:57.609300795+00:00,dds75-lb-15,2,-33,7.25,"{""Bat"": 3.343, ""Distance_mm"": 978, ""Interrupt_flag"": 0, ""Node_type"": ""DDS75-LB"", ""Sensor_flag"": 1, ""TempC_DS18B20"": 32.76}"
2025-09-20 16:42:57.374176602+00:00,dds75-lb-15,2,-35,10.5,"{""Bat"": 3.343, ""Distance_mm"": 978, ""Interrupt_flag"": 0, ""Node_type"": ""DDS75-LB"", ""Sensor_flag"": 1, ""TempC_DS18B20"": 32.76}"
2025-09-20 17:02:57.111056751+00:00,dds75-lb-15,2,-32,8.75,"{""Bat"": 3.343, ""Distance_mm"": 978, ""Interrupt_flag"": 0, ""Node_type"": ""DDS75-LB"", ""Sensor_flag"": 1, ""TempC_DS18B20"": 32.76}"
2025-09-20 17:22:56.889717095+00:00,dds75-lb-15,2,-35,9.75,"{""Bat"": 3.343, ""Distance_mm"": 978, ""Interrupt_flag"": 0, ""Node_type"": ""DDS75-LB"", ""Sensor_flag"": 1, ""TempC_DS18B20"": 32.76}"
2025-09-20 17:42:56.617023193+00:00,dds75-lb-15,2,-35,7.75,"{""Bat"": 3.343, ""Distance_mm"": 978, ""Interrupt_flag"": 0, ""Node_type"": ""DDS75-LB"", ""Sensor_flag"": 1, ""TempC_DS18B20"": 32.76}"
2025-09-20 18:02:56.378936745+00:00,dds75-lb-15,2,-33,10.0,"{""Bat"": 3.343, ""Distance_mm"": 978, ""Interrupt_flag"": 0, ""Node_type"": ""DDS75-LB"", ""Sensor_flag"": 1, ""TempC_DS18B20"": 32.76}"
2025-09-20 18:22:56.136521640+00:00,dds75-lb-15,2,-32,9.5,"{""Bat"": 3.343, ""Distance_mm"": 978, ""Interrupt_flag"": 0, ""Node_type"": ""DDS75-LB"", ""Sensor_flag"": 1, ""TempC_DS18B20"": 32.76}"
2025-09-20 18:42:55.904891652+00:00,dds75-lb-15,2,-33,7.5,"{""Bat"": 3.343, ""Distance_mm"": 978, ""Interrupt_flag"": 0, ""Node_type"": ""DDS75-LB"", ""Sensor_flag"": 1, ""TempC_DS18B20"": 32.76}"
2025-09-20 19:02:55.646553301+00:00,dds75-lb-15,2,-35,9.75,"{""Bat"": 3.343, ""Distance_mm"": 978, ""Interrupt_flag"": 0, ""Node_type"": ""DDS75-LB"", ""Sensor_flag"": 1, ""TempC_DS18B20"": 32.76}"
2025-09-20 19:22:55.396278175+00:00,dds75-lb-15,2,-113,1.25,"{""Bat"": 3.343, ""Distance_mm"": 978, ""Interrupt_flag"": 0, ""Node_type"": ""DDS75-LB"", ""Sensor_flag"": 1, ""TempC_DS18B20"": 32.76}"
2025-09-20 19:42:55.153942012+00:00,dds75-lb-15,2,-32,9.5,"{""Bat"": 3.343, ""Distance_mm"": 978, ""Interrupt_flag"": 0, ""Node_type"": ""DDS75-LB"", ""Sensor_flag"": 1, ""TempC_DS18B20"": 32.76}"
2025-09-20 20:02:54.942348635+00:00,dds75-lb-15,2,-109,5.25,"{""Bat"": 3.343, ""Distance_mm"": 978, ""Interrupt_flag"": 0, ""Node_type"": ""DDS75-LB"", ""Sensor_flag"": 1, ""TempC_DS18B20"": 32.76}"
2025-09-20 20:22:54.679150969+00:00,dds75-lb-15,2,-35,9.75,"{""Bat"": 3.343, ""Distance_mm"": 978, ""Interrupt_flag"": 0, ""Node_type"": ""DDS75-LB"", ""Sensor_flag"": 1, ""TempC_DS18B20"": 32.76}"
2025-09-20 20:42:54.411704943+00:00,dds75-lb-15,2,-35,10.25,"{""Bat"": 3.343, ""Distance_mm"": 978, ""Interrupt_flag"": 0, ""Node_type"": ""DDS75-LB"", ""Sensor_flag"": 1, ""TempC_DS18B20"": 32.76}"
2025-09-20 20:44:04.611814712+00:00,dds75-lb-15,2,-110,4.75,"{""Bat"": 3.343, ""Distance_mm"": 978, ""Interrupt_flag"": 0, ""Node_type"": ""DDS75-LB"", ""Sensor_flag"": 1, ""TempC_DS18B20"": 32.76}"
2025-09-20 20:45:04.590729485+00:00,dds75-lb-15,2,-118,-2.75,"{""Bat"": 3.343, ""Distance_mm"": 978, ""Interrupt_flag"": 0, ""Node_type"": ""DDS75-LB"", ""Sensor_flag"": 1, ""TempC_DS18B20"": 32.76}"
2025-09-20 20:46:04.591272160+00:00,dds75-lb-15,2,-110,4.75,"{""Bat"": 3.343, ""Distance_mm"": 978, ""Interrupt_flag"": 0, ""Node_type"": ""DDS75-LB"", ""Sensor_flag"": 1, ""TempC_DS18B20"": 32.76}"
2025-09-20 20:47:04.568788385+00:00,dds75-lb-15,2,-113,2.75,"{""Bat"": 3.343, ""Distance_mm"": 978, ""Interrupt_flag"": 0, ""Node_type"": ""DDS75-LB"", ""Sensor_flag"": 1, ""TempC_DS18B20"": 32.76}"
2025-09-20 20:48:04.572570519+00:00,dds75-lb-15,2,-35,9.25,"{""Bat"": 3.343, ""Distance_mm"": 978, ""Interrupt_flag"": 0, ""Node_type"": ""DDS75-LB"", ""Sensor_flag"": 1, ""TempC_DS18B20"": 32.76}"
2025-09-20 20:49:04.554678987+00:00,dds75-lb-15,2,-35,9.25,"{""Bat"": 3.343, ""Distance_mm"": 978, ""Interrupt_flag"": 0, ""Node_type"": ""DDS75-LB"", ""Sensor_flag"": 1, ""TempC_DS18B20"": 32.76}"
2025-09-20 20:50:04.542627327+00:00,dds75-lb-15,2,-112,2.25,"{""Bat"": 3.343, ""Distance_mm"": 978, ""Interrupt_flag"": 0, ""Node_type"": ""DDS75-LB"", ""Sensor_flag"": 1, ""TempC_DS18B20"": 32.76}"
2025-09-20 20:51:04.539394319+00:00,dds75-lb-15,2,-109,5.5,"{""Bat"": 3.343, ""Distance_mm"": 978, ""Interrupt_flag"": 0, ""Node_type"": ""DDS75-LB"", ""Sensor_flag"": 1, ""TempC_DS18B20"": 32.76}"
2025-09-20 20:52:04.521003510+00:00,dds75-lb-15,2,-33,9.5,"{""Bat"": 3.343, ""Distance_mm"": 978, ""Interrupt_flag"": 0, ""Node_type"": ""DDS75-LB"", ""Sensor_flag"": 1, ""TempC_DS18B20"": 32.76}"
2025-09-20 20:53:04.513790722+00:00,dds75-lb-15,2,-33,10.0,"{""Bat"": 3.343, ""Distance_mm"": 978, ""Interrupt_flag"": 0, ""Node_type"": ""DDS75-LB"", ""Sensor_flag"": 1, ""TempC_DS18B20"": 32.76}"
2025-09-20 20:54:04.492074200+00:00,dds75-lb-15,2,-31,9.25,"{""Bat"": 3.343, ""Distance_mm"": 978, ""Interrupt_flag"": 0, ""Node_type"": ""DDS75-LB"", ""Sensor_flag"": 1, ""TempC_DS18B20"": 32.76}"
2025-09-20 20:55:04.470677602+00:00,dds75-lb-15,2,-32,7.75,"{""Bat"": 3.343, ""Distance_mm"": 978, ""Interrupt_flag"": 0, ""Node_type"": ""DDS75-LB"", ""Sensor_flag"": 1, ""TempC_DS18B20"": 32.76}"
2025-09-20 20:56:04.472050608+00:00,dds75-lb-15,2,-112,3.5,"{""Bat"": 3.343, ""Distance_mm"": 978, ""Interrupt_flag"": 0, ""Node_type"": ""DDS75-LB"", ""Sensor_flag"": 1, ""TempC_DS18B20"": 32.76}"
2025-09-20 20:57:04.464118152+00:00,dds75-lb-15,2,-32,9.25,"{""Bat"": 3.343, ""Distance_mm"": 978, ""Interrupt_flag"": 0, ""Node_type"": ""DDS75-LB"", ""Sensor_flag"": 1, ""TempC_DS18B20"": 32.76}"
2025-09-20 20:58:04.460000566+00:00,dds75-lb-15,2,-110,4.25,"{""Bat"": 10.894, ""Distance_mm"": 978, ""Interrupt_flag"": 0, ""Node_type"": ""DDS75-LB"", ""Sensor_flag"": 1, ""TempC_DS18B20"": 32.76}"
2025-09-20 20:59:04.439280793+00:00,dds75-lb-15,2,-111,3.0,"{""Bat"": 3.343, ""Distance_mm"": 978, ""Interrupt_flag"": 0, ""Node_type"": ""DDS75-LB"", ""Sensor_flag"": 1, ""TempC_DS18B20"": 32.76}"
2025-09-20 21:00:04.432239722+00:00,dds75-lb-15,2,-37,10.0,"{""Bat"": 3.343, ""Distance_mm"": 978, ""Interrupt_flag"": 0, ""Node_type"": ""DDS75-LB"", ""Sensor_flag"": 1, ""TempC_DS18B20"": 32.76}"
2025-09-20 21:01:04.412772127+00:00,dds75-lb-15,2,-35,10.25,"{""Bat"": 3.343, ""Distance_mm"": 978, ""Interrupt_flag"": 0, ""Node_type"": ""DDS75-LB"", ""Sensor_flag"": 1, ""TempC_DS18B20"": 32.76}"
2025-09-20 21:02:04.401297393+00:00,dds75-lb-15,2,-32,9.75,"{""Bat"": 3.343, ""Distance_mm"": 978, ""Interrupt_flag"": 0, ""Node_type"": ""DDS75-LB"", ""Sensor_flag"": 1, ""TempC_DS18B20"": 32.76}"
2025-09-20 21:03:04.400107138+00:00,dds75-lb-15,2,-35,9.25,"{""Bat"": 3.343, ""Distance_mm"": 978, ""Interrupt_flag"": 0, ""Node_type"": ""DDS75-LB"", ""Sensor_flag"": 1, ""TempC_DS18B20"": 32.76}"
2025-09-20 21:04:04.385500944+00:00,dds75-lb-15,2,-32,9.0,"{""Bat"": 3.343, ""Distance_mm"": 978, ""Interrupt_flag"": 0, ""Node_type"": ""DDS75-LB"", ""Sensor_flag"": 1, ""TempC_DS18B20"": 32.76}"
2025-09-20 21:05:04.365242660+00:00,dds75-lb-15,2,-37,10.75,"{""Bat"": 3.343, ""Distance_mm"": 978, ""Interrupt_flag"": 0, ""Node_type"": ""DDS75-LB"", ""Sensor_flag"": 1, ""TempC_DS18B20"": 32.76}"
2025-09-20 21:06:04.372321287+00:00,dds75-lb-15,2,-109,4.0,"{""Bat"": 3.343, ""Distance_mm"": 978, ""Interrupt_flag"": 0, ""Node_type"": ""DDS75-LB"", ""Sensor_flag"": 1, ""TempC_DS18B20"": 32.76}"
2025-09-20 21:07:04.362205139+00:00,dds75-lb-15,2,-110,-2.75,"{""Bat"": 3.343, ""Distance_mm"": 978, ""Interrupt_flag"": 0, ""Node_type"": ""DDS75-LB"", ""Sensor_flag"": 1, ""TempC_DS18B20"": 32.76}"
2025-09-20 21:08:04.334106338+00:00,dds75-lb-15,2,-33,9.5,"{""Bat"": 3.343, ""Distance_mm"": 978, ""Interrupt_flag"": 0, ""Node_type"": ""DDS75-LB"", ""Sensor_flag"": 1, ""TempC_DS18B20"": 32.76}"
2025-09-20 21:09:04.335339701+00:00,dds75-lb-15,2,-32,8.0,"{""Bat"": 3.343, ""Distance_mm"": 978, ""Interrupt_flag"": 0, ""Node_type"": ""DDS75-LB"", ""Sensor_flag"": 1, ""TempC_DS18B20"": 32.76}"
2025-09-20 21:10:04.310072112+00:00,dds75-lb-15,2,-32,8.75,"{""Bat"": 3.343, ""Distance_mm"": 978, ""Interrupt_flag"": 0, ""Node_type"": ""DDS75-LB"", ""Sensor_flag"": 1, ""TempC_DS18B20"": 32.76}"
2025-09-20 21:11:04.302128648+00:00,dds75-lb-15,2,-109,4.75,"{""Bat"": 3.343, ""Distance_mm"": 978, ""Interrupt_flag"": 0, ""Node_type"": ""DDS75-LB"", ""Sensor_flag"": 1, ""TempC_DS18B20"": 32.76}"
2025-09-20 21:12:04.291399038+00:00,dds75-lb-15,2,-118,-3.0,"{""Bat"": 3.343, ""Distance_mm"": 978, ""Interrupt_flag"": 0, ""Node_type"": ""DDS75-LB"", ""Sensor_flag"": 1, ""TempC_DS18B20"": 32.76}"
2025-09-20 21:13:04.285041885+00:00,dds75-lb-15,2,-35,9.75,"{""Bat"": 3.343, ""Distance_mm"": 978, ""Interrupt_flag"": 0, ""Node_type"": ""DDS75-LB"", ""Sensor_flag"": 1, ""TempC_DS18B20"": 32.76}"
2025-09-20 21:14:04.270267953+00:00,dds75-lb-15,2,-108,5.75,"{""Bat"": 3.343, ""Distance_mm"": 978, ""Interrupt_flag"": 0, ""Node_type"": ""DDS75-LB"", ""Sensor_flag"": 1, ""TempC_DS18B20"": 32.76}"
2025-09-20 21:15:04.255621350+00:00,dds75-lb-15,2,-33,8.75,"{""Bat"": 3.343, ""Distance_mm"": 978, ""Interrupt_flag"": 0, ""Node_type"": ""DDS75-LB"", ""Sensor_flag"": 1, ""TempC_DS18B20"": 32.76}"
2025-09-20 21:16:04.250301443+00:00,dds75-lb-15,2,-37,10.0,"{""Bat"": 3.343, ""Distance_mm"": 978, ""Interrupt_flag"": 0, ""Node_type"": ""DDS75-LB"", ""Sensor_flag"": 1, ""TempC_DS18B20"": 32.76}"
2025-09-20 21:17:04.256872456+00:00,dds75-lb-15,2,-33,7.0,"{""Bat"": 3.343, ""Distance_mm"": 978, ""Interrupt_flag"": 0, ""Node_type"": ""DDS75-LB"", ""Sensor_flag"": 1, ""TempC_DS18B20"": 32.76}"
2025-09-20 21:18:04.232379565+00:00,dds75-lb-15,2,-108,5.5,"{""Bat"": 3.343, ""Distance_mm"": 978, ""Interrupt_flag"": 0, ""Node_type"": ""DDS75-LB"", ""Sensor_flag"": 1, ""TempC_DS18B20"": 32.76}"
2025-09-20 21:19:04.204576924+00:00,dds75-lb-15,2,-109,4.75,"{""Bat"": 3.343, ""Distance_mm"": 978, ""Interrupt_flag"": 0, ""Node_type"": ""DDS75-LB"", ""Sensor_flag"": 1, ""TempC_DS18B20"": 32.76}"
2025-09-20 21:20:04.205131609+00:00,dds75-lb-15,2,-33,9.75,"{""Bat"": 3.343, ""Distance_mm"": 978, ""Interrupt_flag"": 0, ""Node_type"": ""DDS75-LB"", ""Sensor_flag"": 1, ""TempC_DS18B20"": 32.76}"
2025-09-20 21:21:04.177237105+00:00,dds75-lb-15,2,-108,-2.0,"{""Bat"": 3.343, ""Distance_mm"": 978, ""Interrupt_flag"": 0, ""Node_type"": ""DDS75-LB"", ""Sensor_flag"": 1, ""TempC_DS18B20"": 32.76}"
2025-09-20 21:22:04.194929945+00:00,dds75-lb-15,2,-35,8.75,"{""Bat"": 3.343, ""Distance_mm"": 978, ""Interrupt_flag"": 0, ""Node_type"": ""DDS75-LB"", ""Sensor_flag"": 1, ""TempC_DS18B20"": 32.76}"
2025-09-20 21:23:04.164718693+00:00,dds75-lb-15,2,-35,9.0,"{""Bat"": 3.343, ""Distance_mm"": 978, ""Interrupt_flag"": 0, ""Node_type"": ""DDS75-LB"", ""Sensor_flag"": 1, ""TempC_DS18B20"": 32.76}"
2025-09-20 21:24:04.153364185+00:00,dds75-lb-15,2,-32,9.75,"{""Bat"": 3.343, ""Distance_mm"": 978, ""Interrupt_flag"": 0, ""Node_type"": ""DDS75-LB"", ""Sensor_flag"": 1, ""TempC_DS18B20"": 32.76}"
2025-09-20 21:25:04.125077324+00:00,dds75-lb-15,2,-123,-7.75,"{""Bat"": 3.343, ""Distance_mm"": 978, ""Interrupt_flag"": 0, ""Node_type"": ""DDS75-LB"", ""Sensor_flag"": 1, ""TempC_DS18B20"": 32.76}"
2025-09-20 21:26:04.152755053+00:00,dds75-lb-15,2,-33,7.75,"{""Bat"": 3.343, ""Distance_mm"": 978, ""Interrupt_flag"": 0, ""Node_type"": ""DDS75-LB"", ""Sensor_flag"": 1, ""TempC_DS18B20"": 32.76}"
2025-09-20 21:27:04.125190125+00:00,dds75-lb-15,2,-33,9.25,"{""Bat"": 3.343, ""Distance_mm"": 978, ""Interrupt_flag"": 0, ""Node_type"": ""DDS75-LB"", ""Sensor_flag"": 1, ""TempC_DS18B20"": 32.76}"
2025-09-20 21:28:04.125459605+00:00,dds75-lb-15,2,-120,-5.0,"{""Bat"": 3.343, ""Distance_mm"": 978, ""Interrupt_flag"": 0, ""Node_type"": ""DDS75-LB"", ""Sensor_flag"": 1, ""TempC_DS18B20"": 32.76}"
2025-09-20 21:29:04.094197501+00:00,dds75-lb-15,2,-35,10.5,"{""Bat"": 3.343, ""Distance_mm"": 978, ""Interrupt_flag"": 0, ""Node_type"": ""DDS75-LB"", ""Sensor_flag"": 1, ""TempC_DS18B20"": 32.76}"
2025-09-20 21:30:04.085841814+00:00,dds75-lb-15,2,-35,9.25,"{""Bat"": 3.343, ""Distance_mm"": 978, ""Interrupt_flag"": 0, ""Node_type"": ""DDS75-LB"", ""Sensor_flag"": 1, ""TempC_DS18B20"": 32.76}"
2025-09-20 21:31:04.075237386+00:00,dds75-lb-15,2,-32,9.0,"{""Bat"": 3.343, ""Distance_mm"": 978, ""Interrupt_flag"": 0, ""Node_type"": ""DDS75-LB"", ""Sensor_flag"": 1, ""TempC_DS18B20"": 32.76}"
2025-09-20 21:32:04.060870054+00:00,dds75-lb-15,2,-107,6.75,"{""Bat"": 3.343, ""Distance_mm"": 978, ""Interrupt_flag"": 0, ""Node_type"": ""DDS75-LB"", ""Sensor_flag"": 1, ""TempC_DS18B20"": 32.76}"
2025-09-20 21:33:04.044265098+00:00,dds75-lb-15,2,-32,9.0,"{""Bat"": 3.343, ""Distance_mm"": 978, ""Interrupt_flag"": 0, ""Node_type"": ""DDS75-LB"", ""Sensor_flag"": 1, ""TempC_DS18B20"": 32.76}"
2025-09-20 21:34:04.042253195+00:00,dds75-lb-15,2,-33,7.75,"{""Bat"": 3.343, ""Distance_mm"": 978, ""Interrupt_flag"": 0, ""Node_type"": ""DDS75-LB"", ""Sensor_flag"": 1, ""TempC_DS18B20"": 32.76}"
2025-09-20 21:35:04.014728853+00:00,dds75-lb-15,2,-35,10.75,"{""Bat"": 3.343, ""Distance_mm"": 978, ""Interrupt_flag"": 0, ""Node_type"": ""DDS75-LB"", ""Sensor_flag"": 1, ""TempC_DS18B20"": 32.76}"
2025-09-20 21:36:04.016575098+00:00,dds75-lb-15,2,-33,10.25,"{""Bat"": 3.343, ""Distance_mm"": 978, ""Interrupt_flag"": 0, ""Node_type"": ""DDS75-LB"", ""Sensor_flag"": 1, ""TempC_DS18B20"": 32.76}"
2025-09-20 21:37:04.005445972+00:00,dds75-lb-15,2,-35,10.0,"{""Bat"": 3.343, ""Distance_mm"": 978, ""Interrupt_flag"": 0, ""Node_type"": ""DDS75-LB"", ""Sensor_flag"": 1, ""TempC_DS18B20"": 32.76}"
2025-09-20 21:38:03.996307796+00:00,dds75-lb-15,2,-32,7.75,"{""Bat"": 3.343, ""Distance_mm"": 978, ""Interrupt_flag"": 0, ""Node_type"": ""DDS75-LB"", ""Sensor_flag"": 1, ""TempC_DS18B20"": 32.76}"
2025-09-20 21:39:03.995974534+00:00,dds75-lb-15,2,-35,10.0,"{""Bat"": 3.343, ""Distance_mm"": 978, ""Interrupt_flag"": 0, ""Node_type"": ""DDS75-LB"", ""Sensor_flag"": 1, ""TempC_DS18B20"": 32.76}"
2025-09-20 21:40:03.965093347+00:00,dds75-lb-15,2,-35,9.5,"{""Bat"": 3.343, ""Distance_mm"": 978, ""Interrupt_flag"": 0, ""Node_type"": ""DDS75-LB"", ""Sensor_flag"": 1, ""TempC_DS18B20"": 32.76}"
2025-09-20 21:41:03.956872955+00:00,dds75-lb-15,2,-113,0.25,"{""Bat"": 3.343, ""Distance_mm"": 978, ""Interrupt_flag"": 0, ""Node_type"": ""DDS75-LB"", ""Sensor_flag"": 1, ""TempC_DS18B20"": 32.76}"
2025-09-20 21:42:03.943647421+00:00,dds75-lb-15,2,-111,3.25,"{""Bat"": 3.343, ""Distance_mm"": 978, ""Interrupt_flag"": 0, ""Node_type"": ""DDS75-LB"", ""Sensor_flag"": 1, ""TempC_DS18B20"": 32.76}"
2025-09-20 21:43:03.933526247+00:00,dds75-lb-15,2,-117,,"{""Bat"": 3.343, ""Distance_mm"": 978, ""Interrupt_flag"": 0, ""Node_type"": ""DDS75-LB"", ""Sensor_flag"": 1, ""TempC_DS18B20"": 32.76}"
2025-09-20 21:44:03.911150344+00:00,dds75-lb-15,2,-115,0.25,"{""Bat"": 3.343, ""Distance_mm"": 978, ""Interrupt_flag"": 0, ""Node_type"": ""DDS75-LB"", ""Sensor_flag"": 1, ""TempC_DS18B20"": 32.76}"
2025-09-20 21:45:03.904870376+00:00,dds75-lb-15,2,-37,9.75,"{""Bat"": 3.343, ""Distance_mm"": 978, ""Interrupt_flag"": 0, ""Node_type"": ""DDS75-LB"", ""Sensor_flag"": 1, ""TempC_DS18B20"": 32.76}"
2025-09-20 21:46:03.886452675+00:00,dds75-lb-15,2,-109,2.75,"{""Bat"": 3.343, ""Distance_mm"": 978, ""Interrupt_flag"": 0, ""Node_type"": ""DDS75-LB"", ""Sensor_flag"": 1, ""TempC_DS18B20"": 32.76}"
2025-09-20 21:47:03.883349551+00:00,dds75-lb-15,2,-35,10.5,"{""Bat"": 3.343, ""Distance_mm"": 978, ""Interrupt_flag"": 0, ""Node_type"": ""DDS75-LB"", ""Sensor_flag"": 1, ""TempC_DS18B20"": 32.76}"
2025-09-20 21:48:03.874838794+00:00,dds75-lb-15,2,-35,9.75,"{""Bat"": 3.343, ""Distance_mm"": 978, ""Interrupt_flag"": 0, ""Node_type"": ""DDS75-LB"", ""Sensor_flag"": 1, ""TempC_DS18B20"": 32.76}"
2025-09-20 21:49:03.856005817+00:00,dds75-lb-15,2,-33,8.5,"{""Bat"": 3.343, ""Distance_mm"": 978, ""Interrupt_flag"": 0, ""Node_type"": ""DDS75-LB"", ""Sensor_flag"": 1, ""TempC_DS18B20"": 32.76}"
2025-09-20 21:50:03.854531653+00:00,dds75-lb-15,2,-33,10.25,"{""Bat"": 3.343, ""Distance_mm"": 978, ""Interrupt_flag"": 0, ""Node_type"": ""DDS75-LB"", ""Sensor_flag"": 1, ""TempC_DS18B20"": 32.76}"
2025-09-20 21:51:03.839554435+00:00,dds75-lb-15,2,-115,0.25,"{""Bat"": 3.343, ""Distance_mm"": 978, ""Interrupt_flag"": 0, ""Node_type"": ""DDS75-LB"", ""Sensor_flag"": 1, ""TempC_DS18B20"": 32.76}"
2025-09-20 21:52:03.830079625+00:00,dds75-lb-15,2,-118,-1.75,"{""Bat"": 3.343, ""Distance_mm"": 978, ""Interrupt_flag"": 0, ""Node_type"": ""DDS75-LB"", ""Sensor_flag"": 1, ""TempC_DS18B20"": 32.76}"
2025-09-20 21:53:03.814680287+00:00,dds75-lb-15,2,-37,9.75,"{""Bat"": 3.343, ""Distance_mm"": 978, ""Interrupt_flag"": 0, ""Node_type"": ""DDS75-LB"", ""Sensor_flag"": 1, ""TempC_DS18B20"": 32.76}"
2025-09-20 21:54:03.813853929+00:00,dds75-lb-15,2,-110,4.5,"{""Bat"": 10.894, ""Distance_mm"": 978, ""Interrupt_flag"": 0, ""Node_type"": ""DDS75-LB"", ""Sensor_flag"": 1, ""TempC_DS18B20"": 32.76}"
2025-09-20 21:55:03.794358026+00:00,dds75-lb-15,2,-33,10.0,"{""Bat"": 3.343, ""Distance_mm"": 978, ""Interrupt_flag"": 0, ""Node_type"": ""DDS75-LB"", ""Sensor_flag"": 1, ""TempC_DS18B20"": 32.76}"
2025-09-20 21:56:03.786332164+00:00,dds75-lb-15,2,-37,10.25,"{""Bat"": 3.343, ""Distance_mm"": 978, ""Interrupt_flag"": 0, ""Node_type"": ""DDS75-LB"", ""Sensor_flag"": 1, ""TempC_DS18B20"": 32.76}"
2025-09-20 21:57:03.756488502+00:00,dds75-lb-15,2,-33,10.0,"{""Bat"": 3.343, ""Distance_mm"": 978, ""Interrupt_flag"": 0, ""Node_type"": ""DDS75-LB"", ""Sensor_flag"": 1, ""TempC_DS18B20"": 32.76}"
2025-09-20 21:58:03.764537035+00:00,dds75-lb-15,2,-31,7.25,"{""Bat"": 3.343, ""Distance_mm"": 978, ""Interrupt_flag"": 0, ""Node_type"": ""DDS75-LB"", ""Sensor_flag"": 1, ""TempC_DS18B20"": 32.76}"
2025-09-20 21:59:03.761387369+00:00,dds75-lb-15,2,-33,9.75,"{""Bat"": 3.343, ""Distance_mm"": 978, ""Interrupt_flag"": 0, ""Node_type"": ""DDS75-LB"", ""Sensor_flag"": 1, ""TempC_DS18B20"": 32.76}"
2025-09-20 22:00:03.731977858+00:00,dds75-lb-15,2,-117,-0.25,"{""Bat"": 3.343, ""Distance_mm"": 978, ""Interrupt_flag"": 0, ""Node_type"": ""DDS75-LB"", ""Sensor_flag"": 1, ""TempC_DS18B20"": 32.76}"
2025-09-20 22:01:03.721273189+00:00,dds75-lb-15,2,-37,9.5,"{""Bat"": 3.343, ""Distance_mm"": 978, ""Interrupt_flag"": 0, ""Node_type"": ""DDS75-LB"", ""Sensor_flag"": 1, ""TempC_DS18B20"": 32.76}"
2025-09-20 22:02:03.711100914+00:00,dds75-lb-15,2,-33,6.75,"{""Bat"": 3.343, ""Distance_mm"": 978, ""Interrupt_flag"": 0, ""Node_type"": ""DDS75-LB"", ""Sensor_flag"": 1, ""TempC_DS18B20"": 32.76}"
2025-09-20 22:03:03.693073440+00:00,dds75-lb-15,2,-32,9.5,"{""Bat"": 3.343, ""Distance_mm"": 978, ""Interrupt_flag"": 0, ""Node_type"": ""DDS75-LB"", ""Sensor_flag"": 1, ""TempC_DS18B20"": 32.76}"
2025-09-20 22:04:03.683741429+00:00,dds75-lb-15,2,-35,9.25,"{""Bat"": 3.343, ""Distance_mm"": 978, ""Interrupt_flag"": 0, ""Node_type"": ""DDS75-LB"", ""Sensor_flag"": 1, ""TempC_DS18B20"": 32.76}"
2025-09-20 22:05:03.672456973+00:00,dds75-lb-15,2,-33,7.0,"{""Bat"": 3.343, ""Distance_mm"": 978, ""Interrupt_flag"": 0, ""Node_type"": ""DDS75-LB"", ""Sensor_flag"": 1, ""TempC_DS18B20"": 32.76}"
2025-09-20 22:06:03.663755188+00:00,dds75-lb-15,2,-112,2.0,"{""Bat"": 3.343, ""Distance_mm"": 978, ""Interrupt_flag"": 0, ""Node_type"": ""DDS75-LB"", ""Sensor_flag"": 1, ""TempC_DS18B20"": 32.76}"
2025-09-20 22:07:03.644506899+00:00,dds75-lb-15,2,-35,9.75,"{""Bat"": 3.343, ""Distance_mm"": 978, ""Interrupt_flag"": 0, ""Node_type"": ""DDS75-LB"", ""Sensor_flag"": 1, ""TempC_DS18B20"": 32.76}"
2025-09-20 22:08:03.631412330+00:00,dds75-lb-15,2,-35,9.5,"{""Bat"": 3.343, ""Distance_mm"": 978, ""Interrupt_flag"": 0, ""Node_type"": ""DDS75-LB"", ""Sensor_flag"": 1, ""TempC_DS18B20"": 32.76}"
2025-09-20 22:09:03.636398630+00:00,dds75-lb-15,2,-107,6.5,"{""Bat"": 3.343, ""Distance_mm"": 978, ""Interrupt_flag"": 0, ""Node_type"": ""DDS75-LB"", ""Sensor_flag"": 1, ""TempC_DS18B20"": 32.76}"
2025-09-20 22:10:03.611183798+00:00,dds75-lb-15,2,-33,8.0,"{""Bat"": 3.343, ""Distance_mm"": 978, ""Interrupt_flag"": 0, ""Node_type"": ""DDS75-LB"", ""Sensor_flag"": 1, ""TempC_DS18B20"": 32.76}"
2025-09-20 22:11:03.605604736+00:00,dds75-lb-15,2,-33,9.75,"{""Bat"": 3.343, ""Distance_mm"": 978, ""Interrupt_flag"": 0, ""Node_type"": ""DDS75-LB"", ""Sensor_flag"": 1, ""TempC_DS18B20"": 32.76}"
2025-09-20 22:12:03.611973666+00:00,dds75-lb-15,2,-35,9.75,"{""Bat"": 3.343, ""Distance_mm"": 978, ""Interrupt_flag"": 0, ""Node_type"": ""DDS75-LB"", ""Sensor_flag"": 1, ""TempC_DS18B20"": 32.76}"
2025-09-20 22:13:03.595392855+00:00,dds75-lb-15,2,-32,8.25,"{""Bat"": 3.343, ""Distance_mm"": 978, ""Interrupt_flag"": 0, ""Node_type"": ""DDS75-LB"", ""Sensor_flag"": 1, ""TempC_DS18B20"": 32.76}"
2025-09-20 22:14:03.574626805+00:00,dds75-lb-15,2,-33,7.5,"{""Bat"": 3.343, ""Distance_mm"": 978, ""Interrupt_flag"": 0, ""Node_type"": ""DDS75-LB"", ""Sensor_flag"": 1, ""TempC_DS18B20"": 32.76}"
2025-09-20 22:15:03.552500102+00:00,dds75-lb-15,2,-32,7.25,"{""Bat"": 3.343, ""Distance_mm"": 978, ""Interrupt_flag"": 0, ""Node_type"": ""DDS75-LB"", ""Sensor_flag"": 1, ""TempC_DS18B20"": 32.76}"
2025-09-20 22:16:03.561833168+00:00,dds75-lb-15,2,-115,1.75,"{""Bat"": 3.343, ""Distance_mm"": 978, ""Interrupt_flag"": 0, ""Node_type"": ""DDS75-LB"", ""Sensor_flag"": 1, ""TempC_DS18B20"": 32.76}"
2025-09-20 22:17:03.544827502+00:00,dds75-lb-15,2,-35,9.25,"{""Bat"": 3.343, ""Distance_mm"": 978, ""Interrupt_flag"": 0, ""Node_type"": ""DDS75-LB"", ""Sensor_flag"": 1, ""TempC_DS18B20"": 32.76}"
2025-09-20 22:18:03.535017544+00:00,dds75-lb-15,2,-35,7.0,"{""Bat"": 3.343, ""Distance_mm"": 978, ""Interrupt_flag"": 0, ""Node_type"": ""DDS75-LB"", ""Sensor_flag"": 1, ""TempC_DS18B20"": 32.76}"
2025-09-20 22:19:03.512556097+00:00,dds75-lb-15,2,-35,10.25,"{""Bat"": 3.343, ""Distance_mm"": 978, ""Interrupt_flag"": 0, ""Node_type"": ""DDS75-LB"", ""Sensor_flag"": 1, ""TempC_DS18B20"": 32.76}"
2025-09-20 22:20:03.499322429+00:00,dds75-lb-15,2,-37,10.5,"{""Bat"": 3.343, ""Distance_mm"": 978, ""Interrupt_flag"": 0, ""Node_type"": ""DDS75-LB"", ""Sensor_flag"": 1, ""TempC_DS18B20"": 32.76}"
2025-09-20 22:21:03.496365417+00:00,dds75-lb-15,2,-33,7.25,"{""Bat"": 3.343, ""Distance_mm"": 978, ""Interrupt_flag"": 0, ""Node_type"": ""DDS75-LB"", ""Sensor_flag"": 1, ""TempC_DS18B20"": 32.76}"
2025-09-20 22:22:03.469271176+00:00,dds75-lb-15,2,-35,9.5,"{""Bat"": 3.343, ""Distance_mm"": 978, ""Interrupt_flag"": 0, ""Node_type"": ""DDS75-LB"", ""Sensor_flag"": 1, ""TempC_DS18B20"": 32.76}"
2025-09-20 22:23:03.459631797+00:00,dds75-lb-15,2,-35,7.5,"{""Bat"": 3.343, ""Distance_mm"": 978, ""Interrupt_flag"": 0, ""Node_type"": ""DDS75-LB"", ""Sensor_flag"": 1, ""TempC_DS18B20"": 32.76}"
2025-09-20 22:24:03.461596468+00:00,dds75-lb-15,2,-35,9.5,"{""Bat"": 3.343, ""Distance_mm"": 978, ""Interrupt_flag"": 0, ""Node_type"": ""DDS75-LB"", ""Sensor_flag"": 1, ""TempC_DS18B20"": 32.76}"
2025-09-20 22:25:03.451260271+00:00,dds75-lb-15,2,-35,9.25,"{""Bat"": 3.343, ""Distance_mm"": 978, ""Interrupt_flag"": 0, ""Node_type"": ""DDS75-LB"", ""Sensor_flag"": 1, ""TempC_DS18B20"": 32.76}"
2025-09-20 22:26:03.458080017+00:00,dds75-lb-15,2,-33,9.75,"{""Bat"": 3.343, ""Distance_mm"": 978, ""Interrupt_flag"": 0, ""Node_type"": ""DDS75-LB"", ""Sensor_flag"": 1, ""TempC_DS18B20"": 32.76}"
2025-09-20 22:27:03.431806261+00:00,dds75-lb-15,2,-33,9.0,"{""Bat"": 3.343, ""Distance_mm"": 978, ""Interrupt_flag"": 0, ""Node_type"": ""DDS75-LB"", ""Sensor_flag"": 1, ""TempC_DS18B20"": 32.76}"
2025-09-20 22:28:03.412971835+00:00,dds75-lb-15,2,-33,8.75,"{""Bat"": 3.343, ""Distance_mm"": 978, ""Interrupt_flag"": 0, ""Node_type"": ""DDS75-LB"", ""Sensor_flag"": 1, ""TempC_DS18B20"": 32.76}"
2025-09-20 22:29:03.388297813+00:00,dds75-lb-15,2,-31,7.75,"{""Bat"": 3.343, ""Distance_mm"": 978, ""Interrupt_flag"": 0, ""Node_type"": ""DDS75-LB"", ""Sensor_flag"": 1, ""TempC_DS18B20"": 32.76}"
2025-09-20 22:30:03.389443419+00:00,dds75-lb-15,2,-31,9.5,"{""Bat"": 3.343, ""Distance_mm"": 978, ""Interrupt_flag"": 0, ""Node_type"": ""DDS75-LB"", ""Sensor_flag"": 1, ""TempC_DS18B20"": 32.76}"
2025-09-20 22:31:03.380068222+00:00,dds75-lb-15,2,-35,9.25,"{""Bat"": 3.343, ""Distance_mm"": 978, ""Interrupt_flag"": 0, ""Node_type"": ""DDS75-LB"", ""Sensor_flag"": 1, ""TempC_DS18B20"": 32.76}"
2025-09-20 22:32:03.376027679+00:00,dds75-lb-15,2,-121,-5.75,"{""Bat"": 3.343, ""Distance_mm"": 978, ""Interrupt_flag"": 0, ""Node_type"": ""DDS75-LB"", ""Sensor_flag"": 1, ""TempC_DS18B20"": 32.76}"
2025-09-20 22:33:03.377105560+00:00,dds75-lb-15,2,-107,6.5,"{""Bat"": 3.343, ""Distance_mm"": 978, ""Interrupt_flag"": 0, ""Node_type"": ""DDS75-LB"", ""Sensor_flag"": 1, ""TempC_DS18B20"": 32.76}"
2025-09-20 22:34:03.364759106+00:00,dds75-lb-15,2,-110,-0.25,"{""Bat"": 3.343, ""Distance_mm"": 978, ""Interrupt_flag"": 0, ""Node_type"": ""DDS75-LB"", ""Sensor_flag"": 1, ""TempC_DS18B20"": 32.76}"
2025-09-20 22:35:03.333480004+00:00,dds75-lb-15,2,-109,4.25,"{""Bat"": 3.343, ""Distance_mm"": 978, ""Interrupt_flag"": 0, ""Node_type"": ""DDS75-LB"", ""Sensor_flag"": 1, ""TempC_DS18B20"": 32.76}"
2025-09-20 22:36:03.324563449+00:00,dds75-lb-15,2,-109,5.0,"{""Bat"": 3.343, ""Distance_mm"": 978, ""Interrupt_flag"": 0, ""Node_type"": ""DDS75-LB"", ""Sensor_flag"": 1, ""TempC_DS18B20"": 32.76}"
2025-09-20 22:37:03.290453015+00:00,dds75-lb-15,2,-32,9.5,"{""Bat"": 3.343, ""Distance_mm"": 978, ""Interrupt_flag"": 0, ""Node_type"": ""DDS75-LB"", ""Sensor_flag"": 1, ""TempC_DS18B20"": 32.76}"
2025-09-20 22:38:03.285746411+00:00,dds75-lb-15,2,-111,4.25,"{""Bat"": 3.343, ""Distance_mm"": 978, ""Interrupt_flag"": 0, ""Node_type"": ""DDS75-LB"", ""Sensor_flag"": 1, ""TempC_DS18B20"": 32.76}"
2025-09-20 22:39:03.278077500+00:00,dds75-lb-15,2,-32,8.5,"{""Bat"": 3.343, ""Distance_mm"": 978, ""Interrupt_flag"": 0, ""Node_type"": ""DDS75-LB"", ""Sensor_flag"": 1, ""TempC_DS18B20"": 32.76}"
2025-09-20 22:40:03.269927717+00:00,dds75-lb-15,2,-33,9.25,"{""Bat"": 3.343, ""Distance_mm"": 978, ""Interrupt_flag"": 0, ""Node_type"": ""DDS75-LB"", ""Sensor_flag"": 1, ""TempC_DS18B20"": 32.76}"
2025-09-20 22:41:03.259111373+00:00,dds75-lb-15,2,-33,9.25,"{""Bat"": 3.343, ""Distance_mm"": 978, ""Interrupt_flag"": 0, ""Node_type"": ""DDS75-LB"", ""Sensor_flag"": 1, ""TempC_DS18B20"": 32.76}"
2025-09-20 22:42:03.259328924+00:00,dds75-lb-15,2,-35,9.25,"{""Bat"": 3.343, ""Distance_mm"": 978, ""Interrupt_flag"": 0, ""Node_type"": ""DDS75-LB"", ""Sensor_flag"": 1, ""TempC_DS18B20"": 32.76}"
2025-09-20 22:43:03.218309326+00:00,dds75-lb-15,2,-33,9.25,"{""Bat"": 3.343, ""Distance_mm"": 978, ""Interrupt_flag"": 0, ""Node_type"": ""DDS75-LB"", ""Sensor_flag"": 1, ""TempC_DS18B20"": 32.76}"
2025-09-20 22:44:03.225875328+00:00,dds75-lb-15,2,-35,9.25,"{""Bat"": 3.343, ""Distance_mm"": 978, ""Interrupt_flag"": 0, ""Node_type"": ""DDS75-LB"", ""Sensor_flag"": 1, ""TempC_DS18B20"": 32.76}"
2025-09-20 22:45:03.217319661+00:00,dds75-lb-15,2,-35,7.75,"{""Bat"": 3.343, ""Distance_mm"": 978, ""Interrupt_flag"": 0, ""Node_type"": ""DDS75-LB"", ""Sensor_flag"": 1, ""TempC_DS18B20"": 32.76}"
2025-09-20 22:46:03.195583608+00:00,dds75-lb-15,2,-33,7.0,"{""Bat"": 3.343, ""Distance_mm"": 978, ""Interrupt_flag"": 0, ""Node_type"": ""DDS75-LB"", ""Sensor_flag"": 1, ""TempC_DS18B20"": 32.76}"
2025-09-20 22:47:03.206629411+00:00,dds75-lb-15,2,-35,8.0,"{""Bat"": 3.343, ""Distance_mm"": 978, ""Interrupt_flag"": 0, ""Node_type"": ""DDS75-LB"", ""Sensor_flag"": 1, ""TempC_DS18B20"": 32.76}"
2025-09-20 22:48:03.168319826+00:00,dds75-lb-15,2,-33,8.75,"{""Bat"": 3.343, ""Distance_mm"": 978, ""Interrupt_flag"": 0, ""Node_type"": ""DDS75-LB"", ""Sensor_flag"": 1, ""TempC_DS18B20"": 32.76}"
2025-09-20 22:49:03.158449548+00:00,dds75-lb-15,2,-33,9.0,"{""Bat"": 3.343, ""Distance_mm"": 978, ""Interrupt_flag"": 0, ""Node_type"": ""DDS75-LB"", ""Sensor_flag"": 1, ""TempC_DS18B20"": 32.76}"
2025-09-20 22:50:03.155522942+00:00,dds75-lb-15,2,-35,9.25,"{""Bat"": 3.343, ""Distance_mm"": 978, ""Interrupt_flag"": 0, ""Node_type"": ""DDS75-LB"", ""Sensor_flag"": 1, ""TempC_DS18B20"": 32.76}"
2025-09-20 22:51:03.138604625+00:00,dds75-lb-15,2,-35,9.25,"{""Bat"": 3.343, ""Distance_mm"": 978, ""Interrupt_flag"": 0, ""Node_type"": ""DDS75-LB"", ""Sensor_flag"": 1, ""TempC_DS18B20"": 32.76}"
2025-09-20 22:52:03.137647947+00:00,dds75-lb-15,2,-108,7.5,"{""Bat"": 3.343, ""Distance_mm"": 978, ""Interrupt_flag"": 0, ""Node_type"": ""DDS75-LB"", ""Sensor_flag"": 1, ""TempC_DS18B20"": 32.76}"
2025-09-20 22:53:03.119126877+00:00,dds75-lb-15,2,-32,9.5,"{""Bat"": 3.343, ""Distance_mm"": 978, ""Interrupt_flag"": 0, ""Node_type"": ""DDS75-LB"", ""Sensor_flag"": 1, ""TempC_DS18B20"": 32.76}"
2025-09-20 22:54:03.107232829+00:00,dds75-lb-15,2,-33,7.25,"{""Bat"": 3.343, ""Distance_mm"": 978, ""Interrupt_flag"": 0, ""Node_type"": ""DDS75-LB"", ""Sensor_flag"": 1, ""TempC_DS18B20"": 32.76}"
2025-09-20 22:55:03.086225027+00:00,dds75-lb-15,2,-33,7.25,"{""Bat"": 3.343, ""Distance_mm"": 978, ""Interrupt_flag"": 0, ""Node_type"": ""DDS75-LB"", ""Sensor_flag"": 1, ""TempC_DS18B20"": 32.76}"
2025-09-20 22:56:03.077992822+00:00,dds75-lb-15,2,-33,10.25,"{""Bat"": 3.343, ""Distance_mm"": 978, ""Interrupt_flag"": 0, ""Node_type"": ""DDS75-LB"", ""Sensor_flag"": 1, ""TempC_DS18B20"": 32.76}"
2025-09-20 22:57:03.066643928+00:00,dds75-lb-15,2,-108,6.5,"{""Bat"": 3.343, ""Distance_mm"": 978, ""Interrupt_flag"": 0, ""Node_type"": ""DDS75-LB"", ""Sensor_flag"": 1, ""TempC_DS18B20"": 32.76}"
2025-09-20 22:58:03.046259509+00:00,dds75-lb-15,2,-113,1.25,"{""Bat"": 3.343, ""Distance_mm"": 978, ""Interrupt_flag"": 0, ""Node_type"": ""DDS75-LB"", ""Sensor_flag"": 1, ""TempC_DS18B20"": 32.76}"
2025-09-20 22:59:03.037790142+00:00,dds75-lb-15,2,-32,8.75,"{""Bat"": 3.343, ""Distance_mm"": 978, ""Interrupt_flag"": 0, ""Node_type"": ""DDS75-LB"", ""Sensor_flag"": 1, ""TempC_DS18B20"": 32.76}"
2025-09-20 23:00:03.036179956+00:00,dds75-lb-15,2,-33,9.5,"{""Bat"": 3.343, ""Distance_mm"": 978, ""Interrupt_flag"": 0, ""Node_type"": ""DDS75-LB"", ""Sensor_flag"": 1, ""TempC_DS18B20"": 32.76}"
2025-09-20 23:01:03.029507190+00:00,dds75-lb-15,2,-32,8.0,"{""Bat"": 3.343, ""Distance_mm"": 978, ""Interrupt_flag"": 0, ""Node_type"": ""DDS75-LB"", ""Sensor_flag"": 1, ""TempC_DS18B20"": 32.76}"
2025-09-20 23:02:03.018246931+00:00,dds75-lb-15,2,-33,7.5,"{""Bat"": 3.343, ""Distance_mm"": 978, ""Interrupt_flag"": 0, ""Node_type"": ""DDS75-LB"", ""Sensor_flag"": 1, ""TempC_DS18B20"": 32.76}"
2025-09-20 23:03:03.011153724+00:00,dds75-lb-15,2,-33,7.5,"{""Bat"": 3.343, ""Distance_mm"": 978, ""Interrupt_flag"": 0, ""Node_type"": ""DDS75-LB"", ""Sensor_flag"": 1, ""TempC_DS18B20"": 32.76}"
2025-09-20 23:04:02.976507508+00:00,dds75-lb-15,2,-35,10.0,"{""Bat"": 3.343, ""Distance_mm"": 978, ""Interrupt_flag"": 0, ""Node_type"": ""DDS75-LB"", ""Sensor_flag"": 1, ""TempC_DS18B20"": 32.76}"
2025-09-20 23:05:02.984806552+00:00,dds75-lb-15,2,-108,6.5,"{""Bat"": 3.343, ""Distance_mm"": 978, ""Interrupt_flag"": 0, ""Node_type"": ""DDS75-LB"", ""Sensor_flag"": 1, ""TempC_DS18B20"": 32.76}"
2025-09-20 23:06:02.964037539+00:00,dds75-lb-15,2,-109,4.5,"{""Bat"": 3.343, ""Distance_mm"": 978, ""Interrupt_flag"": 0, ""Node_type"": ""DDS75-LB"", ""Sensor_flag"": 1, ""TempC_DS18B20"": 32.76}"
2025-09-20 23:07:02.948790991+00:00,dds75-lb-15,2,-35,10.0,"{""Bat"": 3.343, ""Distance_mm"": 978, ""Interrupt_flag"": 0, ""Node_type"": ""DDS75-LB"", ""Sensor_flag"": 1, ""TempC_DS18B20"": 32.76}"
2025-09-20 23:08:02.936751330+00:00,dds75-lb-15,2,-35,10.0,"{""Bat"": 3.343, ""Distance_mm"": 978, ""Interrupt_flag"": 0, ""Node_type"": ""DDS75-LB"", ""Sensor_flag"": 1, ""TempC_DS18B20"": 32.76}"
2025-09-20 23:09:02.926666537+00:00,dds75-lb-15,2,-33,10.0,"{""Bat"": 3.343, ""Distance_mm"": 978, ""Interrupt_flag"": 0, ""Node_type"": ""DDS75-LB"", ""Sensor_flag"": 1, ""TempC_DS18B20"": 32.76}"
2025-09-20 23:10:02.920065366+00:00,dds75-lb-15,2,-33,7.0,"{""Bat"": 3.343, ""Distance_mm"": 978, ""Interrupt_flag"": 0, ""Node_type"": ""DDS75-LB"", ""Sensor_flag"": 1, ""TempC_DS18B20"": 32.76}"
2025-09-20 23:11:02.909145623+00:00,dds75-lb-15,2,-109,5.5,"{""Bat"": 3.343, ""Distance_mm"": 978, ""Interrupt_flag"": 0, ""Node_type"": ""DDS75-LB"", ""Sensor_flag"": 1, ""TempC_DS18B20"": 32.76}"
2025-09-20 23:12:02.888181451+00:00,dds75-lb-15,2,-35,9.5,"{""Bat"": 3.343, ""Distance_mm"": 978, ""Interrupt_flag"": 0, ""Node_type"": ""DDS75-LB"", ""Sensor_flag"": 1, ""TempC_DS18B20"": 32.76}"
2025-09-20 23:13:02.889696491+00:00,dds75-lb-15,2,-35,9.5,"{""Bat"": 3.343, ""Distance_mm"": 978, ""Interrupt_flag"": 0, ""Node_type"": ""DDS75-LB"", ""Sensor_flag"": 1, ""TempC_DS18B20"": 32.76}"
2025-09-20 23:14:02.881510479+00:00,dds75-lb-15,2,-35,10.0,"{""Bat"": 3.343, ""Distance_mm"": 978, ""Interrupt_flag"": 0, ""Node_type"": ""DDS75-LB"", ""Sensor_flag"": 1, ""TempC_DS18B20"": 32.76}"
2025-09-20 23:15:02.907566273+00:00,dds75-lb-15,2,-33,9.0,"{""Bat"": 3.343, ""Distance_mm"": 978, ""Interrupt_flag"": 0, ""Node_type"": ""DDS75-LB"", ""Sensor_flag"": 1, ""TempC_DS18B20"": 32.76}"
2025-09-20 23:16:02.860468205+00:00,dds75-lb-15,2,-37,9.25,"{""Bat"": 3.343, ""Distance_mm"": 978, ""Interrupt_flag"": 0, ""Node_type"": ""DDS75-LB"", ""Sensor_flag"": 1, ""TempC_DS18B20"": 32.76}"
2025-09-20 23:17:02.849629582+00:00,dds75-lb-15,2,-35,10.25,"{""Bat"": 3.343, ""Distance_mm"": 978, ""Interrupt_flag"": 0, ""Node_type"": ""DDS75-LB"", ""Sensor_flag"": 1, ""TempC_DS18B20"": 32.76}"
2025-09-20 23:18:02.829773892+00:00,dds75-lb-15,2,-33,7.5,"{""Bat"": 3.343, ""Distance_mm"": 978, ""Interrupt_flag"": 0, ""Node_type"": ""DDS75-LB"", ""Sensor_flag"": 1, ""TempC_DS18B20"": 32.76}"
2025-09-20 23:19:02.818729093+00:00,dds75-lb-15,2,-35,10.0,"{""Bat"": 3.343, ""Distance_mm"": 978, ""Interrupt_flag"": 0, ""Node_type"": ""DDS75-LB"", ""Sensor_flag"": 1, ""TempC_DS18B20"": 32.76}"
2025-09-20 23:20:02.799310372+00:00,dds75-lb-15,2,-35,9.5,"{""Bat"": 3.343, ""Distance_mm"": 978, ""Interrupt_flag"": 0, ""Node_type"": ""DDS75-LB"", ""Sensor_flag"": 1, ""TempC_DS18B20"": 32.76}"
2025-09-20 23:21:02.807943466+00:00,dds75-lb-15,2,-35,9.25,"{""Bat"": 3.343, ""Distance_mm"": 978, ""Interrupt_flag"": 0, ""Node_type"": ""DDS75-LB"", ""Sensor_flag"": 1, ""TempC_DS18B20"": 32.76}"
2025-09-20 23:22:02.780158134+00:00,dds75-lb-15,2,-35,10.0,"{""Bat"": 3.343, ""Distance_mm"": 978, ""Interrupt_flag"": 0, ""Node_type"": ""DDS75-LB"", ""Sensor_flag"": 1, ""TempC_DS18B20"": 32.76}"
2025-09-20 23:23:02.767724622+00:00,dds75-lb-15,2,-32,8.75,"{""Bat"": 3.343, ""Distance_mm"": 978, ""Interrupt_flag"": 0, ""Node_type"": ""DDS75-LB"", ""Sensor_flag"": 1, ""TempC_DS18B20"": 32.76}"
2025-09-20 23:24:02.770924889+00:00,dds75-lb-15,2,-35,9.0,"{""Bat"": 3.343, ""Distance_mm"": 978, ""Interrupt_flag"": 0, ""Node_type"": ""DDS75-LB"", ""Sensor_flag"": 1, ""TempC_DS18B20"": 32.76}"
2025-09-20 23:25:02.739841623+00:00,dds75-lb-15,2,-32,7.25,"{""Bat"": 3.343, ""Distance_mm"": 978, ""Interrupt_flag"": 0, ""Node_type"": ""DDS75-LB"", ""Sensor_flag"": 1, ""TempC_DS18B20"": 32.76}"
2025-09-20 23:26:02.759200180+00:00,dds75-lb-15,2,-32,8.75,"{""Bat"": 3.343, ""Distance_mm"": 978, ""Interrupt_flag"": 0, ""Node_type"": ""DDS75-LB"", ""Sensor_flag"": 1, ""TempC_DS18B20"": 32.76}"
2025-09-20 23:27:02.720847693+00:00,dds75-lb-15,2,-32,7.75,"{""Bat"": 3.343, ""Distance_mm"": 978, ""Interrupt_flag"": 0, ""Node_type"": ""DDS75-LB"", ""Sensor_flag"": 1, ""TempC_DS18B20"": 32.76}"
2025-09-20 23:28:02.730683957+00:00,dds75-lb-15,2,-35,10.5,"{""Bat"": 3.343, ""Distance_mm"": 978, ""Interrupt_flag"": 0, ""Node_type"": ""DDS75-LB"", ""Sensor_flag"": 1, ""TempC_DS18B20"": 32.76}"
2025-09-20 23:29:02.718928646+00:00,dds75-lb-15,2,-33,8.75,"{""Bat"": 3.343, ""Distance_mm"": 978, ""Interrupt_flag"": 0, ""Node_type"": ""DDS75-LB"", ""Sensor_flag"": 1, ""TempC_DS18B20"": 32.76}"
2025-09-20 23:30:02.692247790+00:00,dds75-lb-15,2,-35,9.75,"{""Bat"": 3.343, ""Distance_mm"": 978, ""Interrupt_flag"": 0, ""Node_type"": ""DDS75-LB"", ""Sensor_flag"": 1, ""TempC_DS18B20"": 32.76}"
2025-09-20 23:31:02.694651455+00:00,dds75-lb-15,2,-33,9.5,"{""Bat"": 3.343, ""Distance_mm"": 978, ""Interrupt_flag"": 0, ""Node_type"": ""DDS75-LB"", ""Sensor_flag"": 1, ""TempC_DS18B20"": 32.76}"
2025-09-20 23:32:02.660216763+00:00,dds75-lb-15,2,-108,7.5,"{""Bat"": 3.343, ""Distance_mm"": 978, ""Interrupt_flag"": 0, ""Node_type"": ""DDS75-LB"", ""Sensor_flag"": 1, ""TempC_DS18B20"": 32.76}"
2025-09-20 23:33:02.664515149+00:00,dds75-lb-15,2,-33,7.75,"{""Bat"": 3.343, ""Distance_mm"": 978, ""Interrupt_flag"": 0, ""Node_type"": ""DDS75-LB"", ""Sensor_flag"": 1, ""TempC_DS18B20"": 32.76}"
2025-09-20 23:34:02.649809858+00:00,dds75-lb-15,2,-108,6.25,"{""Bat"": 3.343, ""Distance_mm"": 978, ""Interrupt_flag"": 0, ""Node_type"": ""DDS75-LB"", ""Sensor_flag"": 1, ""TempC_DS18B20"": 32.76}"
2025-09-20 23:35:02.637536344+00:00,dds75-lb-15,2,-118,-0.75,"{""Bat"": 3.343, ""Distance_mm"": 978, ""Interrupt_flag"": 0, ""Node_type"": ""DDS75-LB"", ""Sensor_flag"": 1, ""TempC_DS18B20"": 32.76}"
2025-09-20 23:36:02.632463743+00:00,dds75-lb-15,2,-33,9.25,"{""Bat"": 3.343, ""Distance_mm"": 978, ""Interrupt_flag"": 0, ""Node_type"": ""DDS75-LB"", ""Sensor_flag"": 1, ""TempC_DS18B20"": 32.76}"
2025-09-20 23:37:02.619445527+00:00,dds75-lb-15,2,-109,4.5,"{""Bat"": 3.343, ""Distance_mm"": 978, ""Interrupt_flag"": 0, ""Node_type"": ""DDS75-LB"", ""Sensor_flag"": 1, ""TempC_DS18B20"": 32.76}"
2025-09-20 23:38:02.594277693+00:00,dds75-lb-15,2,-32,8.0,"{""Bat"": 3.343, ""Distance_mm"": 978, ""Interrupt_flag"": 0, ""Node_type"": ""DDS75-LB"", ""Sensor_flag"": 1, ""TempC_DS18B20"": 32.76}"
2025-09-20 23:39:02.594057494+00:00,dds75-lb-15,2,-33,9.75,"{""Bat"": 3.343, ""Distance_mm"": 978, ""Interrupt_flag"": 0, ""Node_type"": ""DDS75-LB"", ""Sensor_flag"": 1, ""TempC_DS18B20"": 32.76}"
2025-09-20 23:40:02.583434146+00:00,dds75-lb-15,2,-37,10.75,"{""Bat"": 3.343, ""Distance_mm"": 978, ""Interrupt_flag"": 0, ""Node_type"": ""DDS75-LB"", ""Sensor_flag"": 1, ""TempC_DS18B20"": 32.76}"
2025-09-20 23:41:02.553091249+00:00,dds75-lb-15,2,-33,10.5,"{""Bat"": 3.343, ""Distance_mm"": 978, ""Interrupt_flag"": 0, ""Node_type"": ""DDS75-LB"", ""Sensor_flag"": 1, ""TempC_DS18B20"": 32.76}"
2025-09-20 23:42:02.557596466+00:00,dds75-lb-15,2,-33,9.75,"{""Bat"": 3.343, ""Distance_mm"": 978, ""Interrupt_flag"": 0, ""Node_type"": ""DDS75-LB"", ""Sensor_flag"": 1, ""TempC_DS18B20"": 32.76}"
2025-09-20 23:43:02.553283792+00:00,dds75-lb-15,2,-112,3.5,"{""Bat"": 3.343, ""Distance_mm"": 978, ""Interrupt_flag"": 0, ""Node_type"": ""DDS75-LB"", ""Sensor_flag"": 1, ""TempC_DS18B20"": 32.76}"
2025-09-20 23:44:02.527771666+00:00,dds75-lb-15,2,-35,9.0,"{""Bat"": 3.343, ""Distance_mm"": 978, ""Interrupt_flag"": 0, ""Node_type"": ""DDS75-LB"", ""Sensor_flag"": 1, ""TempC_DS18B20"": 32.76}"
2025-09-20 23:45:02.533081042+00:00,dds75-lb-15,2,-33,10.0,"{""Bat"": 3.343, ""Distance_mm"": 978, ""Interrupt_flag"": 0, ""Node_type"": ""DDS75-LB"", ""Sensor_flag"": 1, ""TempC_DS18B20"": 32.76}"
2025-09-20 23:46:02.523816708+00:00,dds75-lb-15,2,-35,9.75,"{""Bat"": 3.343, ""Distance_mm"": 978, ""Interrupt_flag"": 0, ""Node_type"": ""DDS75-LB"", ""Sensor_flag"": 1, ""TempC_DS18B20"": 32.76}"
2025-09-20 23:47:02.495704780+00:00,dds75-lb-15,2,-33,9.25,"{""Bat"": 3.343, ""Distance_mm"": 978, ""Interrupt_flag"": 0, ""Node_type"": ""DDS75-LB"", ""Sensor_flag"": 1, ""TempC_DS18B20"": 32.76}"
2025-09-20 23:48:02.484193441+00:00,dds75-lb-15,2,-35,9.75,"{""Bat"": 3.343, ""Distance_mm"": 978, ""Interrupt_flag"": 0, ""Node_type"": ""DDS75-LB"", ""Sensor_flag"": 1, ""TempC_DS18B20"": 32.76}"
2025-09-20 23:49:02.493555690+00:00,dds75-lb-15,2,-35,10.0,"{""Bat"": 3.343, ""Distance_mm"": 978, ""Interrupt_flag"": 0, ""Node_type"": ""DDS75-LB"", ""Sensor_flag"": 1, ""TempC_DS18B20"": 32.76}"
2025-09-20 23:50:02.471197295+00:00,dds75-lb-15,2,-113,2.25,"{""Bat"": 3.343, ""Distance_mm"": 978, ""Interrupt_flag"": 0, ""Node_type"": ""DDS75-LB"", ""Sensor_flag"": 1, ""TempC_DS18B20"": 32.76}"
2025-09-20 23:51:02.451268867+00:00,dds75-lb-15,2,-116,-0.5,"{""Bat"": 3.343, ""Distance_mm"": 978, ""Interrupt_flag"": 0, ""Node_type"": ""DDS75-LB"", ""Sensor_flag"": 1, ""TempC_DS18B20"": 32.76}"
2025-09-20 23:52:02.466695554+00:00,dds75-lb-15,2,-35,10.25,"{""Bat"": 3.343, ""Distance_mm"": 978, ""Interrupt_flag"": 0, ""Node_type"": ""DDS75-LB"", ""Sensor_flag"": 1, ""TempC_DS18B20"": 32.76}"
2025-09-20 23:53:02.433155041+00:00,dds75-lb-15,2,-33,9.25,"{""Bat"": 3.343, ""Distance_mm"": 978, ""Interrupt_flag"": 0, ""Node_type"": ""DDS75-LB"", ""Sensor_flag"": 1, ""TempC_DS18B20"": 32.76}"
2025-09-20 23:54:02.420754380+00:00,dds75-lb-15,2,-112,4.0,"{""Bat"": 3.343, ""Distance_mm"": 978, ""Interrupt_flag"": 0, ""Node_type"": ""DDS75-LB"", ""Sensor_flag"": 1, ""TempC_DS18B20"": 32.76}"
2025-09-20 23:55:02.416797147+00:00,dds75-lb-15,2,-33,8.75,"{""Bat"": 3.343, ""Distance_mm"": 978, ""Interrupt_flag"": 0, ""Node_type"": ""DDS75-LB"", ""Sensor_flag"": 1, ""TempC_DS18B20"": 32.76}"
2025-09-20 23:56:02.396217991+00:00,dds75-lb-15,2,-33,9.5,"{""Bat"": 3.343, ""Distance_mm"": 978, ""Interrupt_flag"": 0, ""Node_type"": ""DDS75-LB"", ""Sensor_flag"": 1, ""TempC_DS18B20"": 32.76}"
2025-09-20 23:57:02.373282305+00:00,dds75-lb-15,2,-33,7.25,"{""Bat"": 3.343, ""Distance_mm"": 978, ""Interrupt_flag"": 0, ""Node_type"": ""DDS75-LB"", ""Sensor_flag"": 1, ""TempC_DS18B20"": 32.76}"
2025-09-20 23:58:02.370675881+00:00,dds75-lb-15,2,-114,1.25,"{""Bat"": 3.343, ""Distance_mm"": 978, ""Interrupt_flag"": 0, ""Node_type"": ""DDS75-LB"", ""Sensor_flag"": 1, ""TempC_DS18B20"": 32.76}"
2025-09-20 23:59:02.349206509+00:00,dds75-lb-15,2,-109,5.0,"{""Bat"": 3.343, ""Distance_mm"": 978, ""Interrupt_flag"": 0, ""Node_type"": ""DDS75-LB"", ""Sensor_flag"": 1, ""TempC_DS18B20"": 32.76}"
2025-09-21 00:00:02.341234915+00:00,dds75-lb-15,2,-119,-3.0,"{""Bat"": 3.343, ""Distance_mm"": 978, ""Interrupt_flag"": 0, ""Node_type"": ""DDS75-LB"", ""Sensor_flag"": 1, ""TempC_DS18B20"": 32.76}"
2025-09-21 00:01:02.333791738+00:00,dds75-lb-15,2,-33,9.25,"{""Bat"": 3.343, ""Distance_mm"": 978, ""Interrupt_flag"": 0, ""Node_type"": ""DDS75-LB"", ""Sensor_flag"": 1, ""TempC_DS18B20"": 32.76}"
2025-09-21 00:02:02.331997077+00:00,dds75-lb-15,2,-35,10.5,"{""Bat"": 3.343, ""Distance_mm"": 978, ""Interrupt_flag"": 0, ""Node_type"": ""DDS75-LB"", ""Sensor_flag"": 1, ""TempC_DS18B20"": 32.76}"
2025-09-21 00:03:02.313057930+00:00,dds75-lb-15,2,-109,2.75,"{""Bat"": 3.343, ""Distance_mm"": 978, ""Interrupt_flag"": 0, ""Node_type"": ""DDS75-LB"", ""Sensor_flag"": 1, ""TempC_DS18B20"": 32.76}"
2025-09-21 00:04:02.290099003+00:00,dds75-lb-15,2,-108,5.0,"{""Bat"": 3.343, ""Distance_mm"": 978, ""Interrupt_flag"": 0, ""Node_type"": ""DDS75-LB"", ""Sensor_flag"": 1, ""TempC_DS18B20"": 32.76}"
2025-09-21 00:05:02.283775487+00:00,dds75-lb-15,2,-33,9.25,"{""Bat"": 3.343, ""Distance_mm"": 978, ""Interrupt_flag"": 0, ""Node_type"": ""DDS75-LB"", ""Sensor_flag"": 1, ""TempC_DS18B20"": 32.76}"
2025-09-21 00:06:02.273640254+00:00,dds75-lb-15,2,-112,2.5,"{""Bat"": 3.343, ""Distance_mm"": 978, ""Interrupt_flag"": 0, ""Node_type"": ""DDS75-LB"", ""Sensor_flag"": 1, ""TempC_DS18B20"": 32.76}"
2025-09-21 00:07:02.264091114+00:00,dds75-lb-15,2,-118,-1.75,"{""Bat"": 3.343, ""Distance_mm"": 978, ""Interrupt_flag"": 0, ""Node_type"": ""DDS75-LB"", ""Sensor_flag"": 1, ""TempC_DS18B20"": 32.76}"
2025-09-21 00:08:02.254309266+00:00,dds75-lb-15,2,-35,10.0,"{""Bat"": 3.343, ""Distance_mm"": 978, ""Interrupt_flag"": 0, ""Node_type"": ""DDS75-LB"", ""Sensor_flag"": 1, ""TempC_DS18B20"": 32.76}"
2025-09-21 00:09:02.241175403+00:00,dds75-lb-15,2,-109,0.5,"{""Bat"": 3.343, ""Distance_mm"": 978, ""Interrupt_flag"": 0, ""Node_type"": ""DDS75-LB"", ""Sensor_flag"": 1, ""TempC_DS18B20"": 32.76}"
2025-09-21 00:10:02.220180667+00:00,dds75-lb-15,2,-108,5.5,"{""Bat"": 3.343, ""Distance_mm"": 978, ""Interrupt_flag"": 0, ""Node_type"": ""DDS75-LB"", ""Sensor_flag"": 1, ""TempC_DS18B20"": 32.76}"
2025-09-21 00:11:02.212560872+00:00,dds75-lb-15,2,-33,9.25,"{""Bat"": 3.343, ""Distance_mm"": 978, ""Interrupt_flag"": 0, ""Node_type"": ""DDS75-LB"", ""Sensor_flag"": 1, ""TempC_DS18B20"": 32.76}"
2025-09-21 00:12:02.192758765+00:00,dds75-lb-15,2,-35,10.0,"{""Bat"": 3.343, ""Distance_mm"": 978, ""Interrupt_flag"": 0, ""Node_type"": ""DDS75-LB"", ""Sensor_flag"": 1, ""TempC_DS18B20"": 32.76}"
2025-09-21 00:13:02.194668332+00:00,dds75-lb-15,2,-33,7.25,"{""Bat"": 3.343, ""Distance_mm"": 978, ""Interrupt_flag"": 0, ""Node_type"": ""DDS75-LB"", ""Sensor_flag"": 1, ""TempC_DS18B20"": 32.76}"
2025-09-21 00:14:02.172025634+00:00,dds75-lb-15,2,-35,7.5,"{""Bat"": 3.343, ""Distance_mm"": 978, ""Interrupt_flag"": 0, ""Node_type"": ""DDS75-LB"", ""Sensor_flag"": 1, ""TempC_DS18B20"": 32.76}"
2025-09-21 00:15:02.172372123+00:00,dds75-lb-15,2,-111,4.5,"{""Bat"": 3.343, ""Distance_mm"": 978, ""Interrupt_flag"": 0, ""Node_type"": ""DDS75-LB"", ""Sensor_flag"": 1, ""TempC_DS18B20"": 32.76}"
2025-09-21 00:16:02.151458982+00:00,dds75-lb-15,2,-115,1.5,"{""Bat"": 3.343, ""Distance_mm"": 978, ""Interrupt_flag"": 0, ""Node_type"": ""DDS75-LB"", ""Sensor_flag"": 1, ""TempC_DS18B20"": 32.76}"
2025-09-21 00:17:02.142420776+00:00,dds75-lb-15,2,-108,7.0,"{""Bat"": 3.343, ""Distance_mm"": 978, ""Interrupt_flag"": 0, ""Node_type"": ""DDS75-LB"", ""Sensor_flag"": 1, ""TempC_DS18B20"": 32.76}"
2025-09-21 00:18:02.111857566+00:00,dds75-lb-15,2,-108,5.5,"{""Bat"": 3.343, ""Distance_mm"": 978, ""Interrupt_flag"": 0, ""Node_type"": ""DDS75-LB"", ""Sensor_flag"": 1, ""TempC_DS18B20"": 32.76}"
2025-09-21 00:19:02.104006938+00:00,dds75-lb-15,2,-33,8.75,"{""Bat"": 3.343, ""Distance_mm"": 978, ""Interrupt_flag"": 0, ""Node_type"": ""DDS75-LB"", ""Sensor_flag"": 1, ""TempC_DS18B20"": 32.76}"
2025-09-21 00:20:02.095133530+00:00,dds75-lb-15,2,-111,4.75,"{""Bat"": 3.343, ""Distance_mm"": 978, ""Interrupt_flag"": 0, ""Node_type"": ""DDS75-LB"", ""Sensor_flag"": 1, ""TempC_DS18B20"": 32.76}"
2025-09-21 00:21:02.087793707+00:00,dds75-lb-15,2,-115,0.5,"{""Bat"": 3.343, ""Distance_mm"": 978, ""Interrupt_flag"": 0, ""Node_type"": ""DDS75-LB"", ""Sensor_flag"": 1, ""TempC_DS18B20"": 32.76}"
2025-09-21 00:22:02.068192620+00:00,dds75-lb-15,2,-110,5.0,"{""Bat"": 3.343, ""Distance_mm"": 978, ""Interrupt_flag"": 0, ""Node_type"": ""DDS75-LB"", ""Sensor_flag"": 1, ""TempC_DS18B20"": 32.76}"
2025-09-21 00:23:02.068220207+00:00,dds75-lb-15,2,-109,5.0,"{""Bat"": 3.343, ""Distance_mm"": 978, ""Interrupt_flag"": 0, ""Node_type"": ""DDS75-LB"", ""Sensor_flag"": 1, ""TempC_DS18B20"": 32.76}"
2025-09-21 00:24:02.047501784+00:00,dds75-lb-15,2,-116,-9.0,"{""Bat"": 3.343, ""Distance_mm"": 978, ""Interrupt_flag"": 0, ""Node_type"": ""DDS75-LB"", ""Sensor_flag"": 1, ""TempC_DS18B20"": 32.76}"
2025-09-21 00:25:02.046761756+00:00,dds75-lb-15,2,-107,-4.75,"{""Bat"": 3.343, ""Distance_mm"": 978, ""Interrupt_flag"": 0, ""Node_type"": ""DDS75-LB"", ""Sensor_flag"": 1, ""TempC_DS18B20"": 32.76}"
2025-09-21 00:26:02.040093487+00:00,dds75-lb-15,2,-32,7.75,"{""Bat"": 3.343, ""Distance_mm"": 978, ""Interrupt_flag"": 0, ""Node_type"": ""DDS75-LB"", ""Sensor_flag"": 1, ""TempC_DS18B20"": 32.76}"
2025-09-21 00:27:02.030181737+00:00,dds75-lb-15,2,-110,4.75,"{""Bat"": 3.343, ""Distance_mm"": 978, ""Interrupt_flag"": 0, ""Node_type"": ""DDS75-LB"", ""Sensor_flag"": 1, ""TempC_DS18B20"": 32.76}"
2025-09-21 00:28:02.009308119+00:00,dds75-lb-15,2,-33,9.5,"{""Bat"": 3.343, ""Distance_mm"": 978, ""Interrupt_flag"": 0, ""Node_type"": ""DDS75-LB"", ""Sensor_flag"": 1, ""TempC_DS18B20"": 32.76}"
2025-09-21 00:29:02.009042289+00:00,dds75-lb-15,2,-33,7.75,"{""Bat"": 3.343, ""Distance_mm"": 978, ""Interrupt_flag"": 0, ""Node_type"": ""DDS75-LB"", ""Sensor_flag"": 1, ""TempC_DS18B20"": 32.76}"
2025-09-21 00:30:01.990003886+00:00,dds75-lb-15,2,-33,9.25,"{""Bat"": 3.343, ""Distance_mm"": 978, ""Interrupt_flag"": 0, ""Node_type"": ""DDS75-LB"", ""Sensor_flag"": 1, ""TempC_DS18B20"": 32.76}"
2025-09-21 00:31:01.978222715+00:00,dds75-lb-15,2,-116,0.25,"{""Bat"": 3.343, ""Distance_mm"": 978, ""Interrupt_flag"": 0, ""Node_type"": ""DDS75-LB"", ""Sensor_flag"": 1, ""TempC_DS18B20"": 32.76}"
2025-09-21 00:32:01.980225050+00:00,dds75-lb-15,2,-35,10.75,"{""Bat"": 3.343, ""Distance_mm"": 978, ""Interrupt_flag"": 0, ""Node_type"": ""DDS75-LB"", ""Sensor_flag"": 1, ""TempC_DS18B20"": 32.76}"
2025-09-21 00:33:01.958225184+00:00,dds75-lb-15,2,-37,9.25,"{""Bat"": 3.343, ""Distance_mm"": 978, ""Interrupt_flag"": 0, ""Node_type"": ""DDS75-LB"", ""Sensor_flag"": 1, ""TempC_DS18B20"": 32.76}"
2025-09-21 00:34:01.936588890+00:00,dds75-lb-15,2,-35,10.25,"{""Bat"": 3.343, ""Distance_mm"": 978, ""Interrupt_flag"": 0, ""Node_type"": ""DDS75-LB"", ""Sensor_flag"": 1, ""TempC_DS18B20"": 32.76}"
2025-09-21 00:35:01.937051507+00:00,dds75-lb-15,2,-33,9.0,"{""Bat"": 3.343, ""Distance_mm"": 978, ""Interrupt_flag"": 0, ""Node_type"": ""DDS75-LB"", ""Sensor_flag"": 1, ""TempC_DS18B20"": 32.76}"
2025-09-21 00:36:01.935977527+00:00,dds75-lb-15,2,-35,9.25,"{""Bat"": 3.343, ""Distance_mm"": 978, ""Interrupt_flag"": 0, ""Node_type"": ""DDS75-LB"", ""Sensor_flag"": 1, ""TempC_DS18B20"": 32.76}"
2025-09-21 00:37:01.906251924+00:00,dds75-lb-15,2,-32,8.0,"{""Bat"": 3.343, ""Distance_mm"": 978, ""Interrupt_flag"": 0, ""Node_type"": ""DDS75-LB"", ""Sensor_flag"": 1, ""TempC_DS18B20"": 32.76}"
2025-09-21 00:38:01.896817080+00:00,dds75-lb-15,2,-32,9.0,"{""Bat"": 3.343, ""Distance_mm"": 978, ""Interrupt_flag"": 0, ""Node_type"": ""DDS75-LB"", ""Sensor_flag"": 1, ""TempC_DS18B20"": 32.76}"
2025-09-21 00:39:01.907526710+00:00,dds75-lb-15,2,-116,0.25,"{""Bat"": 3.343, ""Distance_mm"": 978, ""Interrupt_flag"": 0, ""Node_type"": ""DDS75-LB"", ""Sensor_flag"": 1, ""TempC_DS18B20"": 32.76}"
2025-09-21 00:40:01.874185252+00:00,dds75-lb-15,2,-32,9.0,"{""Bat"": 3.343, ""Distance_mm"": 978, ""Interrupt_flag"": 0, ""Node_type"": ""DDS75-LB"", ""Sensor_flag"": 1, ""TempC_DS18B20"": 32.76}"
2025-09-21 00:41:01.866695468+00:00,dds75-lb-15,2,-35,9.0,"{""Bat"": 3.343, ""Distance_mm"": 978, ""Interrupt_flag"": 0, ""Node_type"": ""DDS75-LB"", ""Sensor_flag"": 1, ""TempC_DS18B20"": 32.76}"
2025-09-21 00:42:01.853959496+00:00,dds75-lb-15,2,-35,7.5,"{""Bat"": 3.343, ""Distance_mm"": 978, ""Interrupt_flag"": 0, ""Node_type"": ""DDS75-LB"", ""Sensor_flag"": 1, ""TempC_DS18B20"": 32.76}"
2025-09-21 00:43:01.835824257+00:00,dds75-lb-15,2,-33,10.5,"{""Bat"": 3.343, ""Distance_mm"": 978, ""Interrupt_flag"": 0, ""Node_type"": ""DDS75-LB"", ""Sensor_flag"": 1, ""TempC_DS18B20"": 32.76}"
2025-09-21 00:44:01.838280633+00:00,dds75-lb-15,2,-111,4.75,"{""Bat"": 3.343, ""Distance_mm"": 978, ""Interrupt_flag"": 0, ""Node_type"": ""DDS75-LB"", ""Sensor_flag"": 1, ""TempC_DS18B20"": 32.76}"
2025-09-21 00:45:01.826538923+00:00,dds75-lb-15,2,-32,9.0,"{""Bat"": 3.343, ""Distance_mm"": 978, ""Interrupt_flag"": 0, ""Node_type"": ""DDS75-LB"", ""Sensor_flag"": 1, ""TempC_DS18B20"": 32.76}"
2025-09-21 00:46:01.797243384+00:00,dds75-lb-15,2,-31,7.75,"{""Bat"": 3.343, ""Distance_mm"": 978, ""Interrupt_flag"": 0, ""Node_type"": ""DDS75-LB"", ""Sensor_flag"": 1, ""TempC_DS18B20"": 32.76}"
2025-09-21 00:47:01.783740994+00:00,dds75-lb-15,2,-32,9.0,"{""Bat"": 3.343, ""Distance_mm"": 978, ""Interrupt_flag"": 0, ""Node_type"": ""DDS75-LB"", ""Sensor_flag"": 1, ""TempC_DS18B20"": 32.76}"
2025-09-21 00:48:01.787387026+00:00,dds75-lb-15,2,-35,10.5,"{""Bat"": 3.343, ""Distance_mm"": 978, ""Interrupt_flag"": 0, ""Node_type"": ""DDS75-LB"", ""Sensor_flag"": 1, ""TempC_DS18B20"": 32.76}"
2025-09-21 00:49:01.760763227+00:00,dds75-lb-15,2,-109,-0.25,"{""Bat"": 3.343, ""Distance_mm"": 978, ""Interrupt_flag"": 0, ""Node_type"": ""DDS75-LB"", ""Sensor_flag"": 1, ""TempC_DS18B20"": 32.76}"
2025-09-21 00:50:01.746248631+00:00,dds75-lb-15,2,-112,2.75,"{""Bat"": 3.343, ""Distance_mm"": 978, ""Interrupt_flag"": 0, ""Node_type"": ""DDS75-LB"", ""Sensor_flag"": 1, ""TempC_DS18B20"": 32.76}"
2025-09-21 00:51:01.747997004+00:00,dds75-lb-15,2,-111,4.5,"{""Bat"": 3.343, ""Distance_mm"": 978, ""Interrupt_flag"": 0, ""Node_type"": ""DDS75-LB"", ""Sensor_flag"": 1, ""TempC_DS18B20"": 32.76}"
2025-09-21 00:52:01.725228343+00:00,dds75-lb-15,2,-107,7.5,"{""Bat"": 3.343, ""Distance_mm"": 978, ""Interrupt_flag"": 0, ""Node_type"": ""DDS75-LB"", ""Sensor_flag"": 1, ""TempC_DS18B20"": 32.76}"
2025-09-21 00:53:01.739615248+00:00,dds75-lb-15,2,-33,9.25,"{""Bat"": 3.343, ""Distance_mm"": 978, ""Interrupt_flag"": 0, ""Node_type"": ""DDS75-LB"", ""Sensor_flag"": 1, ""TempC_DS18B20"": 32.76}"
2025-09-21 00:54:01.705824235+00:00,dds75-lb-15,2,-115,0.25,"{""Bat"": 3.343, ""Distance_mm"": 978, ""Interrupt_flag"": 0, ""Node_type"": ""DDS75-LB"", ""Sensor_flag"": 1, ""TempC_DS18B20"": 32.76}"
2025-09-21 00:55:01.709106610+00:00,dds75-lb-15,2,-35,7.5,"{""Bat"": 3.343, ""Distance_mm"": 978, ""Interrupt_flag"": 0, ""Node_type"": ""DDS75-LB"", ""Sensor_flag"": 1, ""TempC_DS18B20"": 32.76}"
2025-09-21 00:56:01.689154911+00:00,dds75-lb-15,2,-31,9.25,"{""Bat"": 3.343, ""Distance_mm"": 978, ""Interrupt_flag"": 0, ""Node_type"": ""DDS75-LB"", ""Sensor_flag"": 1, ""TempC_DS18B20"": 32.76}"
2025-09-21 00:57:01.669443585+00:00,dds75-lb-15,2,-32,9.5,"{""Bat"": 3.343, ""Distance_mm"": 978, ""Interrupt_flag"": 0, ""Node_type"": ""DDS75-LB"", ""Sensor_flag"": 1, ""TempC_DS18B20"": 32.76}"
2025-09-21 00:58:01.667176437+00:00,dds75-lb-15,2,-35,6.75,"{""Bat"": 3.343, ""Distance_mm"": 978, ""Interrupt_flag"": 0, ""Node_type"": ""DDS75-LB"", ""Sensor_flag"": 1, ""TempC_DS18B20"": 32.76}"
2025-09-21 00:59:01.661773486+00:00,dds75-lb-15,2,-32,8.75,"{""Bat"": 3.343, ""Distance_mm"": 978, ""Interrupt_flag"": 0, ""Node_type"": ""DDS75-LB"", ""Sensor_flag"": 1, ""TempC_DS18B20"": 32.76}"
2025-09-21 01:00:01.627870251+00:00,dds75-lb-15,2,-37,9.75,"{""Bat"": 3.343, ""Distance_mm"": 978, ""Interrupt_flag"": 0, ""Node_type"": ""DDS75-LB"", ""Sensor_flag"": 1, ""TempC_DS18B20"": 32.76}"
2025-09-21 01:01:01.650377179+00:00,dds75-lb-15,2,-114,-5.0,"{""Bat"": 3.343, ""Distance_mm"": 978, ""Interrupt_flag"": 0, ""Node_type"": ""DDS75-LB"", ""Sensor_flag"": 1, ""TempC_DS18B20"": 32.76}"
2025-09-21 01:02:01.617784268+00:00,dds75-lb-15,2,-33,7.5,"{""Bat"": 3.343, ""Distance_mm"": 978, ""Interrupt_flag"": 0, ""Node_type"": ""DDS75-LB"", ""Sensor_flag"": 1, ""TempC_DS18B20"": 32.76}"
2025-09-21 01:03:01.614843193+00:00,dds75-lb-15,2,-33,7.25,"{""Bat"": 3.343, ""Distance_mm"": 978, ""Interrupt_flag"": 0, ""Node_type"": ""DDS75-LB"", ""Sensor_flag"": 1, ""TempC_DS18B20"": 32.76}"
2025-09-21 01:04:01.591996098+00:00,dds75-lb-15,2,-35,10.75,"{""Bat"": 3.343, ""Distance_mm"": 978, ""Interrupt_flag"": 0, ""Node_type"": ""DDS75-LB"", ""Sensor_flag"": 1, ""TempC_DS18B20"": 32.76}"
2025-09-21 01:05:01.580000874+00:00,dds75-lb-15,2,-35,8.75,"{""Bat"": 3.343, ""Distance_mm"": 978, ""Interrupt_flag"": 0, ""Node_type"": ""DDS75-LB"", ""Sensor_flag"": 1, ""TempC_DS18B20"": 32.76}"
2025-09-21 01:06:01.569962002+00:00,dds75-lb-15,2,-33,8.75,"{""Bat"": 3.343, ""Distance_mm"": 978, ""Interrupt_flag"": 0, ""Node_type"": ""DDS75-LB"", ""Sensor_flag"": 1, ""TempC_DS18B20"": 32.76}"
2025-09-21 01:07:01.557632692+00:00,dds75-lb-15,2,-33,8.75,"{""Bat"": 3.343, ""Distance_mm"": 978, ""Interrupt_flag"": 0, ""Node_type"": ""DDS75-LB"", ""Sensor_flag"": 1, ""TempC_DS18B20"": 32.76}"
2025-09-21 01:08:01.550034695+00:00,dds75-lb-15,2,-108,6.75,"{""Bat"": 3.343, ""Distance_mm"": 978, ""Interrupt_flag"": 0, ""Node_type"": ""DDS75-LB"", ""Sensor_flag"": 1, ""TempC_DS18B20"": 32.76}"
2025-09-21 01:09:01.559368157+00:00,dds75-lb-15,2,-32,9.0,"{""Bat"": 3.343, ""Distance_mm"": 978, ""Interrupt_flag"": 0, ""Node_type"": ""DDS75-LB"", ""Sensor_flag"": 1, ""TempC_DS18B20"": 32.76}"
2025-09-21 01:10:01.516916552+00:00,dds75-lb-15,2,-33,9.25,"{""Bat"": 3.343, ""Distance_mm"": 978, ""Interrupt_flag"": 0, ""Node_type"": ""DDS75-LB"", ""Sensor_flag"": 1, ""TempC_DS18B20"": 32.76}"
2025-09-21 01:11:01.509941462+00:00,dds75-lb-15,2,-109,5.25,"{""Bat"": 3.343, ""Distance_mm"": 978, ""Interrupt_flag"": 0, ""Node_type"": ""DDS75-LB"", ""Sensor_flag"": 1, ""TempC_DS18B20"": 32.76}"
2025-09-21 01:12:01.508883577+00:00,dds75-lb-15,2,-33,9.5,"{""Bat"": 3.343, ""Distance_mm"": 978, ""Interrupt_flag"": 0, ""Node_type"": ""DDS75-LB"", ""Sensor_flag"": 1, ""TempC_DS18B20"": 32.76}"
2025-09-21 01:13:01.497130077+00:00,dds75-lb-15,2,-35,9.25,"{""Bat"": 3.343, ""Distance_mm"": 978, ""Interrupt_flag"": 0, ""Node_type"": ""DDS75-LB"", ""Sensor_flag"": 1, ""TempC_DS18B20"": 32.76}"
2025-09-21 01:14:01.477840021+00:00,dds75-lb-15,2,-35,11.5,"{""Bat"": 3.343, ""Distance_mm"": 978, ""Interrupt_flag"": 0, ""Node_type"": ""DDS75-LB"", ""Sensor_flag"": 1, ""TempC_DS18B20"": 32.76}"
2025-09-21 01:15:01.456702964+00:00,dds75-lb-15,2,-33,9.75,"{""Bat"": 3.343, ""Distance_mm"": 978, ""Interrupt_flag"": 0, ""Node_type"": ""DDS75-LB"", ""Sensor_flag"": 1, ""TempC_DS18B20"": 32.76}"
2025-09-21 01:16:01.459928668+00:00,dds75-lb-15,2,-35,10.25,"{""Bat"": 3.343, ""Distance_mm"": 978, ""Interrupt_flag"": 0, ""Node_type"": ""DDS75-LB"", ""Sensor_flag"": 1, ""TempC_DS18B20"": 32.76}"
2025-09-21 01:17:01.450916976+00:00,dds75-lb-15,2,-35,10.5,"{""Bat"": 3.343, ""Distance_mm"": 978, ""Interrupt_flag"": 0, ""Node_type"": ""DDS75-LB"", ""Sensor_flag"": 1, ""TempC_DS18B20"": 32.76}"
2025-09-21 01:18:01.426858363+00:00,dds75-lb-15,2,-108,6.5,"{""Bat"": 3.343, ""Distance_mm"": 978, ""Interrupt_flag"": 0, ""Node_type"": ""DDS75-LB"", ""Sensor_flag"": 1, ""TempC_DS18B20"": 32.76}"
2025-09-21 01:19:01.419514191+00:00,dds75-lb-15,2,-35,10.5,"{""Bat"": 3.343, ""Distance_mm"": 978, ""Interrupt_flag"": 0, ""Node_type"": ""DDS75-LB"", ""Sensor_flag"": 1, ""TempC_DS18B20"": 32.76}"
2025-09-21 01:20:01.403670105+00:00,dds75-lb-15,2,-117,,"{""Bat"": 3.343, ""Distance_mm"": 978, ""Interrupt_flag"": 0, ""Node_type"": ""DDS75-LB"", ""Sensor_flag"": 1, ""TempC_DS18B20"": 32.76}"
2025-09-21 01:21:01.388203496+00:00,dds75-lb-15,2,-33,10.0,"{""Bat"": 3.343, ""Distance_mm"": 978, ""Interrupt_flag"": 0, ""Node_type"": ""DDS75-LB"", ""Sensor_flag"": 1, ""TempC_DS18B20"": 32.76}"
2025-09-21 01:22:01.379947388+00:00,dds75-lb-15,2,-35,9.25,"{""Bat"": 3.343, ""Distance_mm"": 978, ""Interrupt_flag"": 0, ""Node_type"": ""DDS75-LB"", ""Sensor_flag"": 1, ""TempC_DS18B20"": 32.76}"
2025-09-21 01:23:01.367303049+00:00,dds75-lb-15,2,-33,9.5,"{""Bat"": 3.343, ""Distance_mm"": 978, ""Interrupt_flag"": 0, ""Node_type"": ""DDS75-LB"", ""Sensor_flag"": 1, ""TempC_DS18B20"": 32.76}"
2025-09-21 01:24:01.369078885+00:00,dds75-lb-15,2,-35,9.0,"{""Bat"": 3.343, ""Distance_mm"": 978, ""Interrupt_flag"": 0, ""Node_type"": ""DDS75-LB"", ""Sensor_flag"": 1, ""TempC_DS18B20"": 32.76}"
2025-09-21 01:25:01.339972395+00:00,dds75-lb-15,2,-32,8.5,"{""Bat"": 3.343, ""Distance_mm"": 978, ""Interrupt_flag"": 0, ""Node_type"": ""DDS75-LB"", ""Sensor_flag"": 1, ""TempC_DS18B20"": 32.76}"
2025-09-21 01:26:01.332300258+00:00,dds75-lb-15,2,-32,7.0,"{""Bat"": 3.343, ""Distance_mm"": 978, ""Interrupt_flag"": 0, ""Node_type"": ""DDS75-LB"", ""Sensor_flag"": 1, ""TempC_DS18B20"": 32.76}"
2025-09-21 01:27:01.322548947+00:00,dds75-lb-15,2,-33,9.0,"{""Bat"": 3.343, ""Distance_mm"": 978, ""Interrupt_flag"": 0, ""Node_type"": ""DDS75-LB"", ""Sensor_flag"": 1, ""TempC_DS18B20"": 32.76}"
2025-09-21 01:28:01.300437160+00:00,dds75-lb-15,2,-32,9.5,"{""Bat"": 3.343, ""Distance_mm"": 978, ""Interrupt_flag"": 0, ""Node_type"": ""DDS75-LB"", ""Sensor_flag"": 1, ""TempC_DS18B20"": 32.76}"
2025-09-21 01:29:01.290006792+00:00,dds75-lb-15,2,-33,9.0,"{""Bat"": 3.343, ""Distance_mm"": 978, ""Interrupt_flag"": 0, ""Node_type"": ""DDS75-LB"", ""Sensor_flag"": 1, ""TempC_DS18B20"": 32.76}"
2025-09-21 01:30:01.282448693+00:00,dds75-lb-15,2,-32,9.75,"{""Bat"": 3.343, ""Distance_mm"": 978, ""Interrupt_flag"": 0, ""Node_type"": ""DDS75-LB"", ""Sensor_flag"": 1, ""TempC_DS18B20"": 32.76}"
2025-09-21 01:31:01.270234611+00:00,dds75-lb-15,2,-35,9.75,"{""Bat"": 3.343, ""Distance_mm"": 978, ""Interrupt_flag"": 0, ""Node_type"": ""DDS75-LB"", ""Sensor_flag"": 1, ""TempC_DS18B20"": 32.76}"
2025-09-21 01:32:01.262313293+00:00,dds75-lb-15,2,-35,9.5,"{""Bat"": 3.343, ""Distance_mm"": 978, ""Interrupt_flag"": 0, ""Node_type"": ""DDS75-LB"", ""Sensor_flag"": 1, ""TempC_DS18B20"": 32.76}"
2025-09-21 01:33:01.242740606+00:00,dds75-lb-15,2,-32,7.25,"{""Bat"": 3.343, ""Distance_mm"": 978, ""Interrupt_flag"": 0, ""Node_type"": ""DDS75-LB"", ""Sensor_flag"": 1, ""TempC_DS18B20"": 32.76}"
2025-09-21 01:34:01.229451796+00:00,dds75-lb-15,2,-32,7.75,"{""Bat"": 3.343, ""Distance_mm"": 978, ""Interrupt_flag"": 0, ""Node_type"": ""DDS75-LB"", ""Sensor_flag"": 1, ""TempC_DS18B20"": 32.76}"
2025-09-21 01:35:01.230294592+00:00,dds75-lb-15,2,-35,10.25,"{""Bat"": 3.343, ""Distance_mm"": 978, ""Interrupt_flag"": 0, ""Node_type"": ""DDS75-LB"", ""Sensor_flag"": 1, ""TempC_DS18B20"": 32.76}"
2025-09-21 01:36:01.210245238+00:00,dds75-lb-15,2,-33,10.0,"{""Bat"": 3.343, ""Distance_mm"": 978, ""Interrupt_flag"": 0, ""Node_type"": ""DDS75-LB"", ""Sensor_flag"": 1, ""TempC_DS18B20"": 32.76}"
2025-09-21 01:37:01.191038530+00:00,dds75-lb-15,2,-35,9.5,"{""Bat"": 3.343, ""Distance_mm"": 978, ""Interrupt_flag"": 0, ""Node_type"": ""DDS75-LB"", ""Sensor_flag"": 1, ""TempC_DS18B20"": 32.76}"
2025-09-21 01:38:01.201983288+00:00,dds75-lb-15,2,-35,9.5,"{""Bat"": 3.343, ""Distance_mm"": 978, ""Interrupt_flag"": 0, ""Node_type"": ""DDS75-LB"", ""Sensor_flag"": 1, ""TempC_DS18B20"": 32.76}"
2025-09-21 01:39:01.172073844+00:00,dds75-lb-15,2,-35,10.0,"{""Bat"": 3.343, ""Distance_mm"": 978, ""Interrupt_flag"": 0, ""Node_type"": ""DDS75-LB"", ""Sensor_flag"": 1, ""TempC_DS18B20"": 32.76}"
2025-09-21 01:40:01.172980994+00:00,dds75-lb-15,2,-107,8.0,"{""Bat"": 3.343, ""Distance_mm"": 978, ""Interrupt_flag"": 0, ""Node_type"": ""DDS75-LB"", ""Sensor_flag"": 1, ""TempC_DS18B20"": 32.76}"
2025-09-21 01:41:01.171612067+00:00,dds75-lb-15,2,-33,7.0,"{""Bat"": 3.343, ""Distance_mm"": 978, ""Interrupt_flag"": 0, ""Node_type"": ""DDS75-LB"", ""Sensor_flag"": 1, ""TempC_DS18B20"": 32.76}"
2025-09-21 01:42:01.135280432+00:00,dds75-lb-15,2,-109,6.25,"{""Bat"": 3.343, ""Distance_mm"": 978, ""Interrupt_flag"": 0, ""Node_type"": ""DDS75-LB"", ""Sensor_flag"": 1, ""TempC_DS18B20"": 32.76}"
2025-09-21 01:43:01.137632662+00:00,dds75-lb-15,2,-35,7.25,"{""Bat"": 3.343, ""Distance_mm"": 978, ""Interrupt_flag"": 0, ""Node_type"": ""DDS75-LB"", ""Sensor_flag"": 1, ""TempC_DS18B20"": 32.76}"
2025-09-21 01:44:01.135299032+00:00,dds75-lb-15,2,-35,10.5,"{""Bat"": 3.343, ""Distance_mm"": 978, ""Interrupt_flag"": 0, ""Node_type"": ""DDS75-LB"", ""Sensor_flag"": 1, ""TempC_DS18B20"": 32.76}"
2025-09-21 01:45:01.118599484+00:00,dds75-lb-15,2,-108,1.75,"{""Bat"": 3.343, ""Distance_mm"": 978, ""Interrupt_flag"": 0, ""Node_type"": ""DDS75-LB"", ""Sensor_flag"": 1, ""TempC_DS18B20"": 32.76}"
2025-09-21 01:46:01.089732292+00:00,dds75-lb-15,2,-33,9.0,"{""Bat"": 3.343, ""Distance_mm"": 978, ""Interrupt_flag"": 0, ""Node_type"": ""DDS75-LB"", ""Sensor_flag"": 1, ""TempC_DS18B20"": 32.76}"
2025-09-21 01:47:01.101777968+00:00,dds75-lb-15,2,-108,6.25,"{""Bat"": 3.343, ""Distance_mm"": 978, ""Interrupt_flag"": 0, ""Node_type"": ""DDS75-LB"", ""Sensor_flag"": 1, ""TempC_DS18B20"": 32.76}"
2025-09-21 01:48:01.107628912+00:00,dds75-lb-15,2,-35,8.75,"{""Bat"": 3.343, ""Distance_mm"": 978, ""Interrupt_flag"": 0, ""Node_type"": ""DDS75-LB"", ""Sensor_flag"": 1, ""TempC_DS18B20"": 32.76}"
2025-09-21 01:49:01.051062735+00:00,dds75-lb-15,2,-33,6.75,"{""Bat"": 3.343, ""Distance_mm"": 978, ""Interrupt_flag"": 0, ""Node_type"": ""DDS75-LB"", ""Sensor_flag"": 1, ""TempC_DS18B20"": 32.76}"
2025-09-21 01:50:01.047190809+00:00,dds75-lb-15,2,-109,6.25,"{""Bat"": 3.343, ""Distance_mm"": 978, ""Interrupt_flag"": 0, ""Node_type"": ""DDS75-LB"", ""Sensor_flag"": 1, ""TempC_DS18B20"": 32.76}"
2025-09-21 01:51:01.038308219+00:00,dds75-lb-15,2,-33,8.75,"{""Bat"": 3.343, ""Distance_mm"": 978, ""Interrupt_flag"": 0, ""Node_type"": ""DDS75-LB"", ""Sensor_flag"": 1, ""TempC_DS18B20"": 32.76}"
2025-09-21 01:52:01.049444425+00:00,dds75-lb-15,2,-32,9.0,"{""Bat"": 3.343, ""Distance_mm"": 978, ""Interrupt_flag"": 0, ""Node_type"": ""DDS75-LB"", ""Sensor_flag"": 1, ""TempC_DS18B20"": 32.76}"
2025-09-21 01:53:01.029765675+00:00,dds75-lb-15,2,-33,9.0,"{""Bat"": 3.343, ""Distance_mm"": 978, ""Interrupt_flag"": 0, ""Node_type"": ""DDS75-LB"", ""Sensor_flag"": 1, ""TempC_DS18B20"": 32.76}"
2025-09-21 01:54:01.030071207+00:00,dds75-lb-15,2,-35,7.5,"{""Bat"": 3.343, ""Distance_mm"": 978, ""Interrupt_flag"": 0, ""Node_type"": ""DDS75-LB"", ""Sensor_flag"": 1, ""TempC_DS18B20"": 32.76}"
2025-09-21 01:55:01.016956898+00:00,dds75-lb-15,2,-33,9.75,"{""Bat"": 3.343, ""Distance_mm"": 978, ""Interrupt_flag"": 0, ""Node_type"": ""DDS75-LB"", ""Sensor_flag"": 1, ""TempC_DS18B20"": 32.76}"
2025-09-21 01:56:00.988227616+00:00,dds75-lb-15,2,-33,10.5,"{""Bat"": 3.343, ""Distance_mm"": 978, ""Interrupt_flag"": 0, ""Node_type"": ""DDS75-LB"", ""Sensor_flag"": 1, ""TempC_DS18B20"": 32.76}"
2025-09-21 01:57:00.999815874+00:00,dds75-lb-15,2,-116,-0.5,"{""Bat"": 3.343, ""Distance_mm"": 978, ""Interrupt_flag"": 0, ""Node_type"": ""DDS75-LB"", ""Sensor_flag"": 1, ""TempC_DS18B20"": 32.76}"
2025-09-21 01:58:00.967848641+00:00,dds75-lb-15,2,-31,7.0,"{""Bat"": 3.343, ""Distance_mm"": 978, ""Interrupt_flag"": 0, ""Node_type"": ""DDS75-LB"", ""Sensor_flag"": 1, ""TempC_DS18B20"": 32.76}"
2025-09-21 01:59:00.969122642+00:00,dds75-lb-15,2,-35,10.5,"{""Bat"": 3.343, ""Distance_mm"": 978, ""Interrupt_flag"": 0, ""Node_type"": ""DDS75-LB"", ""Sensor_flag"": 1, ""TempC_DS18B20"": 32.76}"
2025-09-21 02:00:00.967272305+00:00,dds75-lb-15,2,-33,10.0,"{""Bat"": 3.343, ""Distance_mm"": 978, ""Interrupt_flag"": 0, ""Node_type"": ""DDS75-LB"", ""Sensor_flag"": 1, ""TempC_DS18B20"": 32.76}"
2025-09-21 02:01:00.939684714+00:00,dds75-lb-15,2,-107,7.75,"{""Bat"": 3.343, ""Distance_mm"": 978, ""Interrupt_flag"": 0, ""Node_type"": ""DDS75-LB"", ""Sensor_flag"": 1, ""TempC_DS18B20"": 32.76}"
2025-09-21 02:02:00.939699676+00:00,dds75-lb-15,2,-33,9.0,"{""Bat"": 3.343, ""Distance_mm"": 978, ""Interrupt_flag"": 0, ""Node_type"": ""DDS75-LB"", ""Sensor_flag"": 1, ""TempC_DS18B20"": 32.76}"
2025-09-21 02:03:00.909667277+00:00,dds75-lb-15,2,-35,10.25,"{""Bat"": 3.343, ""Distance_mm"": 978, ""Interrupt_flag"": 0, ""Node_type"": ""DDS75-LB"", ""Sensor_flag"": 1, ""TempC_DS18B20"": 32.76}"
2025-09-21 02:04:00.899789854+00:00,dds75-lb-15,2,-35,9.0,"{""Bat"": 3.343, ""Distance_mm"": 978, ""Interrupt_flag"": 0, ""Node_type"": ""DDS75-LB"", ""Sensor_flag"": 1, ""TempC_DS18B20"": 32.76}"
