received_at,device_id,f_port,rssi,snr,payload_json
2025-09-18 00:04:20.612884018+00:00,dds75-lb-21,2,-35,10.5,"{""Bat"": 3.333, ""Distance_mm"": 721, ""Interrupt_flag"": 0, ""Node_type"": ""DDS75-LB"", ""Sensor_flag"": 1, ""TempC_DS18B20"": 32.76}"
2025-09-18 00:24:20.401136735+00:00,dds75-lb-21,2,-38,9.25,"{""Bat"": 3.333, ""Distance_mm"": 721, ""Interrupt_flag"": 0, ""Node_type"": ""DDS75-LB"", ""Sensor_flag"": 1, ""TempC_DS18B20"": 32.76}"
2025-09-18 00:44:20.173925239+00:00,dds75-lb-21,2,-38,9.75,"{""Bat"": 3.333, ""Distance_mm"": 720, ""Interrupt_flag"": 0, ""Node_type"": ""DDS75-LB"", ""Sensor_flag"": 1, ""TempC_DS18B20"": 32.76}"
2025-09-18 01:04:19.960356559+00:00,dds75-lb-21,2,-38,9.25,"{""Bat"": 3.333, ""Distance_mm"": 720, ""Interrupt_flag"": 0, ""Node_type"": ""DDS75-LB"", ""Sensor_flag"": 1, ""TempC_DS18B20"": 32.76}"
2025-09-18 01:24:19.733631166+00:00,dds75-lb-21,2,-41,10.0,"{""Bat"": 3.333, ""Distance_mm"": 721, ""Interrupt_flag"": 0, ""Node_type"": ""DDS75-LB"", ""Sensor_flag"": 1, ""TempC_DS18B20"": 32.76}"
2025-09-18 01:44:19.503176805+00:00,dds75-lb-21,2,-34,7.5,"{""Bat"": 3.333, ""Distance_mm"": 721, ""Interrupt_flag"": 0, ""Node_type"": ""DDS75-LB"", ""Sensor_flag"": 1, ""TempC_DS18B20"": 32.76}"
2025-09-18 02:04:19.291279352+00:00,dds75-lb-21,2,-37,8.0,"{""Bat"": 3.333, ""Distance_mm"": 721, ""Interrupt_flag"": 0, ""Node_type"": ""DDS75-LB"", ""Sensor_flag"": 1, ""TempC_DS18B20"": 32.76}"
2025-09-18 02:24:19.067408584+00:00,dds75-lb-21,2,-39,10.0,"{""Bat"": 3.333, ""Distance_mm"": 721, ""Interrupt_flag"": 0, ""Node_type"": ""DDS75-LB"", ""Sensor_flag"": 1, ""TempC_DS18B20"": 32.76}"
2025-09-18 02:44:18.838545472+00:00,dds75-lb-21,2,-37,9.5,"{""Bat"": 3.333, ""Distance_mm"": 721, ""Interrupt_flag"": 0, ""Node_type"": ""DDS75-LB"", ""Sensor_flag"": 1, ""TempC_DS18B20"": 32.76}"
2025-09-18 03:04:18.618796555+00:00,dds75-lb-21,2,-120,-3.75,"{""Bat"": 3.333, ""Distance_mm"": 721, ""Interrupt_flag"": 0, ""Node_type"": ""DDS75-LB"", ""Sensor_flag"": 1, ""TempC_DS18B20"": 32.76}"
2025-09-18 03:24:18.392848012+00:00,dds75-lb-21,2,-39,9.75,"{""Bat"": 3.333, ""Distance_mm"": 721, ""Interrupt_flag"": 0, ""Node_type"": ""DDS75-LB"", ""Sensor_flag"": 1, ""TempC_DS18B20"": 32.76}"
2025-09-18 03:44:18.177440925+00:00,dds75-lb-21,2,-36,9.5,"{""Bat"": 3.333, ""Distance_mm"": 721, ""Interrupt_flag"": 0, ""Node_type"": ""DDS75-LB"", ""Sensor_flag"": 1, ""TempC_DS18B20"": 32.76}"
2025-09-18 04:04:17.956846865+00:00,dds75-lb-21,2,-37,9.75,"{""Bat"": 3.333, ""Distance_mm"": 721, ""Interrupt_flag"": 0, ""Node_type"": ""DDS75-LB"", ""Sensor_flag"": 1, ""TempC_DS18B20"": 32.76}"
2025-09-18 04:24:17.740783694+00:00,dds75-lb-21,2,-35,8.0,"{""Bat"": 3.333, ""Distance_mm"": 721, ""Interrupt_flag"": 0, ""Node_type"": ""DDS75-LB"", ""Sensor_flag"": 1, ""TempC_DS18B20"": 32.76}"
2025-09-18 04:44:17.520133107+00:00,dds75-lb-21,2,-120,-4.5,"{""Bat"": 3.333, ""Distance_mm"": 721, ""Interrupt_flag"": 0, ""Node_type"": ""DDS75-LB"", ""Sensor_flag"": 1, ""TempC_DS18B20"": 32.76}"
2025-09-18 05:04:17.278567939+00:00,dds75-lb-21,2,-33,6.25,"{""Bat"": 3.333, ""Distance_mm"": 721, ""Interrupt_flag"": 0, ""Node_type"": ""DDS75-LB"", ""Sensor_flag"": 1, ""TempC_DS18B20"": 32.76}"
2025-09-18 05:24:17.073107766+00:00,dds75-lb-21,2,-38,9.0,"{""Bat"": 3.333, ""Distance_mm"": 720, ""Interrupt_flag"": 0, ""Node_type"": ""DDS75-LB"", ""Sensor_flag"": 1, ""TempC_DS18B20"": 32.76}"
2025-09-18 05:44:16.848361970+00:00,dds75-lb-21,2,-41,9.5,"{""Bat"": 3.333, ""Distance_mm"": 720, ""Interrupt_flag"": 0, ""Node_type"": ""DDS75-LB"", ""Sensor_flag"": 1, ""TempC_DS18B20"": 32.76}"
2025-09-18 06:04:16.639830810+00:00,dds75-lb-21,2,-120,-3.25,"{""Bat"": 3.333, ""Distance_mm"": 720, ""Interrupt_flag"": 0, ""Node_type"": ""DDS75-LB"", ""Sensor_flag"": 1, ""TempC_DS18B20"": 32.76}"
2025-09-18 06:24:16.408487553+00:00,dds75-lb-21,2,-118,-6.75,"{""Bat"": 3.333, ""Distance_mm"": 720, ""Interrupt_flag"": 0, ""Node_type"": ""DDS75-LB"", ""Sensor_flag"": 1, ""TempC_DS18B20"": 32.76}"
2025-09-18 06:44:16.166552031+00:00,dds75-lb-21,2,-39,9.25,"{""Bat"": 3.333, ""Distance_mm"": 720, ""Interrupt_flag"": 0, ""Node_type"": ""DDS75-LB"", ""Sensor_flag"": 1, ""TempC_DS18B20"": 32.76}"
2025-09-18 07:04:15.941942558+00:00,dds75-lb-21,2,-39,10.5,"{""Bat"": 3.333, ""Distance_mm"": 720, ""Interrupt_flag"": 0, ""Node_type"": ""DDS75-LB"", ""Sensor_flag"": 1, ""TempC_DS18B20"": 32.76}"
2025-09-18 07:24:15.731513878+00:00,dds75-lb-21,2,-39,9.5,"{""Bat"": 3.333, ""Distance_mm"": 720, ""Interrupt_flag"": 0, ""Node_type"": ""DDS75-LB"", ""Sensor_flag"": 1, ""TempC_DS18B20"": 32.76}"
2025-09-18 07:44:15.531569500+00:00,dds75-lb-21,2,-40,8.25,"{""Bat"": 3.333, ""Distance_mm"": 720, ""Interrupt_flag"": 0, ""Node_type"": ""DDS75-LB"", ""Sensor_flag"": 1, ""TempC_DS18B20"": 32.76}"
2025-09-18 08:04:15.291626551+00:00,dds75-lb-21,2,-39,9.5,"{""Bat"": 3.333, ""Distance_mm"": 720, ""Interrupt_flag"": 0, ""Node_type"": ""DDS75-LB"", ""Sensor_flag"": 1, ""TempC_DS18B20"": 32.76}"
2025-09-18 08:24:15.070379261+00:00,dds75-lb-21,2,-44,9.25,"{""Bat"": 3.333, ""Distance_mm"": 720, ""Interrupt_flag"": 0, ""Node_type"": ""DDS75-LB"", ""Sensor_flag"": 1, ""TempC_DS18B20"": 32.76}"
2025-09-18 08:44:14.849682959+00:00,dds75-lb-21,2,-41,8.25,"{""Bat"": 3.333, ""Distance_mm"": 720, ""Interrupt_flag"": 0, ""Node_type"": ""DDS75-LB"", ""Sensor_flag"": 1, ""TempC_DS18B20"": 32.76}"
2025-09-18 09:04:14.620678298+00:00,dds75-lb-21,2,-41,9.5,"{""Bat"": 3.333, ""Distance_mm"": 721, ""Interrupt_flag"": 0, ""Node_type"": ""DDS75-LB"", ""Sensor_flag"": 1, ""TempC_DS18B20"": 32.76}"
2025-09-18 09:24:14.400099477+00:00,dds75-lb-21,2,-45,9.25,"{""Bat"": 3.333, ""Distance_mm"": 721, ""Interrupt_flag"": 0, ""Node_type"": ""DDS75-LB"", ""Sensor_flag"": 1, ""TempC_DS18B20"": 32.76}"
2025-09-18 09:44:14.174123270+00:00,dds75-lb-21,2,-41,9.5,"{""Bat"": 3.333, ""Distance_mm"": 721, ""Interrupt_flag"": 0, ""Node_type"": ""DDS75-LB"", ""Sensor_flag"": 1, ""TempC_DS18B20"": 32.76}"
2025-09-18 10:04:13.949755414+00:00,dds75-lb-21,2,-43,7.5,"{""Bat"": 3.333, ""Distance_mm"": 721, ""Interrupt_flag"": 0, ""Node_type"": ""DDS75-LB"", ""Sensor_flag"": 1, ""TempC_DS18B20"": 32.76}"
2025-09-18 10:24:13.743070317+00:00,dds75-lb-21,2,-43,7.5,"{""Bat"": 3.333, ""Distance_mm"": 721, ""Interrupt_flag"": 0, ""Node_type"": ""DDS75-LB"", ""Sensor_flag"": 1, ""TempC_DS18B20"": 32.76}"
2025-09-18 10:44:13.507976328+00:00,dds75-lb-21,2,-42,10.0,"{""Bat"": 3.333, ""Distance_mm"": 720, ""Interrupt_flag"": 0, ""Node_type"": ""DDS75-LB"", ""Sensor_flag"": 1, ""TempC_DS18B20"": 32.76}"
2025-09-18 11:04:13.290106865+00:00,dds75-lb-21,2,-43,10.0,"{""Bat"": 3.333, ""Distance_mm"": 721, ""Interrupt_flag"": 0, ""Node_type"": ""DDS75-LB"", ""Sensor_flag"": 1, ""TempC_DS18B20"": 32.76}"
2025-09-18 11:24:13.062992289+00:00,dds75-lb-21,2,-40,7.75,"{""Bat"": 3.333, ""Distance_mm"": 721, ""Interrupt_flag"": 0, ""Node_type"": ""DDS75-LB"", ""Sensor_flag"": 1, ""TempC_DS18B20"": 32.76}"
2025-09-18 11:44:12.845961127+00:00,dds75-lb-21,2,-44,11.75,"{""Bat"": 3.333, ""Distance_mm"": 721, ""Interrupt_flag"": 0, ""Node_type"": ""DDS75-LB"", ""Sensor_flag"": 1, ""TempC_DS18B20"": 32.76}"
2025-09-18 12:04:12.625954623+00:00,dds75-lb-21,2,-125,-8.75,"{""Bat"": 3.333, ""Distance_mm"": 721, ""Interrupt_flag"": 0, ""Node_type"": ""DDS75-LB"", ""Sensor_flag"": 1, ""TempC_DS18B20"": 32.76}"
2025-09-18 12:24:12.406311246+00:00,dds75-lb-21,2,-39,8.75,"{""Bat"": 3.333, ""Distance_mm"": 721, ""Interrupt_flag"": 0, ""Node_type"": ""DDS75-LB"", ""Sensor_flag"": 1, ""TempC_DS18B20"": 32.76}"
2025-09-18 12:44:12.171186514+00:00,dds75-lb-21,2,-39,7.5,"{""Bat"": 3.333, ""Distance_mm"": 721, ""Interrupt_flag"": 0, ""Node_type"": ""DDS75-LB"", ""Sensor_flag"": 1, ""TempC_DS18B20"": 32.76}"
2025-09-18 13:04:11.965892450+00:00,dds75-lb-21,2,-43,10.0,"{""Bat"": 3.333, ""Distance_mm"": 721, ""Interrupt_flag"": 0, ""Node_type"": ""DDS75-LB"", ""Sensor_flag"": 1, ""TempC_DS18B20"": 32.76}"
2025-09-18 13:24:11.735291981+00:00,dds75-lb-21,2,-43,8.0,"{""Bat"": 3.333, ""Distance_mm"": 721, ""Interrupt_flag"": 0, ""Node_type"": ""DDS75-LB"", ""Sensor_flag"": 1, ""TempC_DS18B20"": 32.76}"
2025-09-18 13:44:11.498577934+00:00,dds75-lb-21,2,-41,9.25,"{""Bat"": 3.333, ""Distance_mm"": 721, ""Interrupt_flag"": 0, ""Node_type"": ""DDS75-LB"", ""Sensor_flag"": 1, ""TempC_DS18B20"": 32.76}"
2025-09-18 14:04:11.290519619+00:00,dds75-lb-21,2,-45,9.0,"{""Bat"": 3.333, ""Distance_mm"": 721, ""Interrupt_flag"": 0, ""Node_type"": ""DDS75-LB"", ""Sensor_flag"": 1, ""TempC_DS18B20"": 32.76}"
2025-09-18 14:24:11.056568551+00:00,dds75-lb-21,2,-47,9.5,"{""Bat"": 3.333, ""Distance_mm"": 721, ""Interrupt_flag"": 0, ""Node_type"": ""DDS75-LB"", ""Sensor_flag"": 1, ""TempC_DS18B20"": 32.76}"
2025-09-18 14:44:10.831883798+00:00,dds75-lb-21,2,-47,9.5,"{""Bat"": 3.333, ""Distance_mm"": 721, ""Interrupt_flag"": 0, ""Node_type"": ""DDS75-LB"", ""Sensor_flag"": 1, ""TempC_DS18B20"": 32.76}"
2025-09-18 15:04:10.605843078+00:00,dds75-lb-21,2,-45,7.0,"{""Bat"": 3.333, ""Distance_mm"": 721, ""Interrupt_flag"": 0, ""Node_type"": ""DDS75-LB"", ""Sensor_flag"": 1, ""TempC_DS18B20"": 32.76}"
2025-09-18 15:24:10.407320551+00:00,dds75-lb-21,2,-45,9.5,"{""Bat"": 3.333, ""Distance_mm"": 721, ""Interrupt_flag"": 0, ""Node_type"": ""DDS75-LB"", ""Sensor_flag"": 1, ""TempC_DS18B20"": 32.76}"
2025-09-18 15:44:10.169236072+00:00,dds75-lb-21,2,-47,7.5,"{""Bat"": 3.333, ""Distance_mm"": 721, ""Interrupt_flag"": 0, ""Node_type"": ""DDS75-LB"", ""Sensor_flag"": 1, ""TempC_DS18B20"": 32.76}"
2025-09-18 16:04:09.953422661+00:00,dds75-lb-21,2,-43,9.5,"{""Bat"": 3.333, ""Distance_mm"": 721, ""Interrupt_flag"": 0, ""Node_type"": ""DDS75-LB"", ""Sensor_flag"": 1, ""TempC_DS18B20"": 32.76}"
2025-09-18 16:24:09.722258144+00:00,dds75-lb-21,2,-45,9.5,"{""Bat"": 3.333, ""Distance_mm"": 721, ""Interrupt_flag"": 0, ""Node_type"": ""DDS75-LB"", ""Sensor_flag"": 1, ""TempC_DS18B20"": 32.76}"
2025-09-18 16:44:09.511079714+00:00,dds75-lb-21,2,-47,10.25,"{""Bat"": 3.333, ""Distance_mm"": 721, ""Interrupt_flag"": 0, ""Node_type"": ""DDS75-LB"", ""Sensor_flag"": 1, ""TempC_DS18B20"": 32.76}"
2025-09-18 17:04:09.281653676+00:00,dds75-lb-21,2,-45,9.5,"{""Bat"": 3.333, ""Distance_mm"": 721, ""Interrupt_flag"": 0, ""Node_type"": ""DDS75-LB"", ""Sensor_flag"": 1, ""TempC_DS18B20"": 32.76}"
2025-09-18 17:24:09.077987811+00:00,dds75-lb-21,2,-47,9.5,"{""Bat"": 3.333, ""Distance_mm"": 721, ""Interrupt_flag"": 0, ""Node_type"": ""DDS75-LB"", ""Sensor_flag"": 1, ""TempC_DS18B20"": 32.76}"
2025-09-18 17:44:08.833940225+00:00,dds75-lb-21,2,-43,7.5,"{""Bat"": 3.333, ""Distance_mm"": 721, ""Interrupt_flag"": 0, ""Node_type"": ""DDS75-LB"", ""Sensor_flag"": 1, ""TempC_DS18B20"": 32.76}"
2025-09-18 18:04:08.606034815+00:00,dds75-lb-21,2,-45,9.75,"{""Bat"": 3.333, ""Distance_mm"": 721, ""Interrupt_flag"": 0, ""Node_type"": ""DDS75-LB"", ""Sensor_flag"": 1, ""TempC_DS18B20"": 32.76}"
2025-09-18 18:24:08.395495761+00:00,dds75-lb-21,2,-45,9.5,"{""Bat"": 3.333, ""Distance_mm"": 721, ""Interrupt_flag"": 0, ""Node_type"": ""DDS75-LB"", ""Sensor_flag"": 1, ""TempC_DS18B20"": 32.76}"
2025-09-18 18:44:08.164618067+00:00,dds75-lb-21,2,-45,9.25,"{""Bat"": 3.333, ""Distance_mm"": 721, ""Interrupt_flag"": 0, ""Node_type"": ""DDS75-LB"", ""Sensor_flag"": 1, ""TempC_DS18B20"": 32.76}"
2025-09-18 19:04:07.948658851+00:00,dds75-lb-21,2,-45,9.25,"{""Bat"": 3.333, ""Distance_mm"": 721, ""Interrupt_flag"": 0, ""Node_type"": ""DDS75-LB"", ""Sensor_flag"": 1, ""TempC_DS18B20"": 32.76}"
2025-09-18 19:24:07.719240856+00:00,dds75-lb-21,2,-45,9.25,"{""Bat"": 3.333, ""Distance_mm"": 721, ""Interrupt_flag"": 0, ""Node_type"": ""DDS75-LB"", ""Sensor_flag"": 1, ""TempC_DS18B20"": 32.76}"
2025-09-18 19:44:07.483729145+00:00,dds75-lb-21,2,-122,-8.2,"{""Bat"": 3.333, ""Distance_mm"": 721, ""Interrupt_flag"": 0, ""Node_type"": ""DDS75-LB"", ""Sensor_flag"": 1, ""TempC_DS18B20"": 32.76}"
2025-09-18 20:04:07.274247239+00:00,dds75-lb-21,2,-124,-6.5,"{""Bat"": 3.333, ""Distance_mm"": 721, ""Interrupt_flag"": 0, ""Node_type"": ""DDS75-LB"", ""Sensor_flag"": 1, ""TempC_DS18B20"": 32.76}"
2025-09-18 20:24:07.041679537+00:00,dds75-lb-21,2,-43,9.25,"{""Bat"": 3.333, ""Distance_mm"": 721, ""Interrupt_flag"": 0, ""Node_type"": ""DDS75-LB"", ""Sensor_flag"": 1, ""TempC_DS18B20"": 32.76}"
2025-09-18 20:44:06.879464441+00:00,dds75-lb-21,2,-47,9.5,"{""Bat"": 3.333, ""Distance_mm"": 721, ""Interrupt_flag"": 0, ""Node_type"": ""DDS75-LB"", ""Sensor_flag"": 1, ""TempC_DS18B20"": 32.76}"
2025-09-18 21:04:06.615261706+00:00,dds75-lb-21,2,-45,7.0,"{""Bat"": 3.333, ""Distance_mm"": 721, ""Interrupt_flag"": 0, ""Node_type"": ""DDS75-LB"", ""Sensor_flag"": 1, ""TempC_DS18B20"": 32.76}"
2025-09-18 21:24:06.382957502+00:00,dds75-lb-21,2,-45,8.75,"{""Bat"": 3.333, ""Distance_mm"": 721, ""Interrupt_flag"": 0, ""Node_type"": ""DDS75-LB"", ""Sensor_flag"": 1, ""TempC_DS18B20"": 32.76}"
2025-09-18 21:44:06.145438261+00:00,dds75-lb-21,2,-50,9.75,"{""Bat"": 3.333, ""Distance_mm"": 721, ""Interrupt_flag"": 0, ""Node_type"": ""DDS75-LB"", ""Sensor_flag"": 1, ""TempC_DS18B20"": 32.76}"
2025-09-18 22:04:05.944637408+00:00,dds75-lb-21,2,-45,7.75,"{""Bat"": 3.333, ""Distance_mm"": 721, ""Interrupt_flag"": 0, ""Node_type"": ""DDS75-LB"", ""Sensor_flag"": 1, ""TempC_DS18B20"": 32.76}"
2025-09-18 22:24:05.725338366+00:00,dds75-lb-21,2,-47,9.75,"{""Bat"": 3.333, ""Distance_mm"": 720, ""Interrupt_flag"": 0, ""Node_type"": ""DDS75-LB"", ""Sensor_flag"": 1, ""TempC_DS18B20"": 32.76}"
2025-09-18 22:44:05.490934720+00:00,dds75-lb-21,2,-49,9.5,"{""Bat"": 3.333, ""Distance_mm"": 720, ""Interrupt_flag"": 0, ""Node_type"": ""DDS75-LB"", ""Sensor_flag"": 1, ""TempC_DS18B20"": 32.76}"
2025-09-18 23:04:05.269459989+00:00,dds75-lb-21,2,-49,9.75,"{""Bat"": 3.333, ""Distance_mm"": 720, ""Interrupt_flag"": 0, ""Node_type"": ""DDS75-LB"", ""Sensor_flag"": 1, ""TempC_DS18B20"": 32.76}"
2025-09-18 23:24:05.038084827+00:00,dds75-lb-21,2,-47,7.75,"{""Bat"": 3.333, ""Distance_mm"": 720, ""Interrupt_flag"": 0, ""Node_type"": ""DDS75-LB"", ""Sensor_flag"": 1, ""TempC_DS18B20"": 32.76}"
2025-09-18 23:44:04.834943365+00:00,dds75-lb-21,2,-48,11.0,"{""Bat"": 3.333, ""Distance_mm"": 720, ""Interrupt_flag"": 0, ""Node_type"": ""DDS75-LB"", ""Sensor_flag"": 1, ""TempC_DS18B20"": 32.76}"
2025-09-19 00:04:04.609686609+00:00,dds75-lb-21,2,-47,9.5,"{""Bat"": 3.333, ""Distance_mm"": 720, ""Interrupt_flag"": 0, ""Node_type"": ""DDS75-LB"", ""Sensor_flag"": 1, ""TempC_DS18B20"": 32.76}"
2025-09-19 00:24:04.367213995+00:00,dds75-lb-21,2,-49,10.0,"{""Bat"": 3.333, ""Distance_mm"": 720, ""Interrupt_flag"": 0, ""Node_type"": ""DDS75-LB"", ""Sensor_flag"": 1, ""TempC_DS18B20"": 32.76}"
2025-09-19 00:44:04.161831953+00:00,dds75-lb-21,2,-44,8.0,"{""Bat"": 3.333, ""Distance_mm"": 720, ""Interrupt_flag"": 0, ""Node_type"": ""DDS75-LB"", ""Sensor_flag"": 1, ""TempC_DS18B20"": 32.76}"
2025-09-19 01:04:03.946594981+00:00,dds75-lb-21,2,-47,9.75,"{""Bat"": 3.333, ""Distance_mm"": 720, ""Interrupt_flag"": 0, ""Node_type"": ""DDS75-LB"", ""Sensor_flag"": 1, ""TempC_DS18B20"": 32.76}"
2025-09-19 01:24:03.716002062+00:00,dds75-lb-21,2,-47,10.0,"{""Bat"": 3.333, ""Distance_mm"": 720, ""Interrupt_flag"": 0, ""Node_type"": ""DDS75-LB"", ""Sensor_flag"": 1, ""TempC_DS18B20"": 32.76}"
2025-09-19 01:44:03.490095678+00:00,dds75-lb-21,2,-44,9.5,"{""Bat"": 3.333, ""Distance_mm"": 720, ""Interrupt_flag"": 0, ""Node_type"": ""DDS75-LB"", ""Sensor_flag"": 1, ""TempC_DS18B20"": 32.76}"
2025-09-19 02:04:03.280372032+00:00,dds75-lb-21,2,-47,9.5,"{""Bat"": 3.333, ""Distance_mm"": 720, ""Interrupt_flag"": 0, ""Node_type"": ""DDS75-LB"", ""Sensor_flag"": 1, ""TempC_DS18B20"": 32.76}"
2025-09-19 02:24:03.060323600+00:00,dds75-lb-21,2,-45,8.0,"{""Bat"": 3.333, ""Distance_mm"": 720, ""Interrupt_flag"": 0, ""Node_type"": ""DDS75-LB"", ""Sensor_flag"": 1, ""TempC_DS18B20"": 32.76}"
2025-09-19 02:44:02.821197402+00:00,dds75-lb-21,2,-49,9.0,"{""Bat"": 3.333, ""Distance_mm"": 720, ""Interrupt_flag"": 0, ""Node_type"": ""DDS75-LB"", ""Sensor_flag"": 1, ""TempC_DS18B20"": 32.76}"
2025-09-19 03:04:02.614729893+00:00,dds75-lb-21,2,-49,10.25,"{""Bat"": 3.333, ""Distance_mm"": 720, ""Interrupt_flag"": 0, ""Node_type"": ""DDS75-LB"", ""Sensor_flag"": 1, ""TempC_DS18B20"": 32.76}"
2025-09-19 03:24:02.392462250+00:00,dds75-lb-21,2,-49,7.75,"{""Bat"": 3.333, ""Distance_mm"": 720, ""Interrupt_flag"": 0, ""Node_type"": ""DDS75-LB"", ""Sensor_flag"": 1, ""TempC_DS18B20"": 32.76}"
2025-09-19 03:44:02.162561165+00:00,dds75-lb-21,2,-45,9.5,"{""Bat"": 3.333, ""Distance_mm"": 720, ""Interrupt_flag"": 0, ""Node_type"": ""DDS75-LB"", ""Sensor_flag"": 1, ""TempC_DS18B20"": 32.76}"
2025-09-19 04:04:01.928786134+00:00,dds75-lb-21,2,-126,-9.75,"{""Bat"": 3.333, ""Distance_mm"": 720, ""Interrupt_flag"": 0, ""Node_type"": ""DDS75-LB"", ""Sensor_flag"": 1, ""TempC_DS18B20"": 32.76}"
2025-09-19 04:24:01.718820564+00:00,dds75-lb-21,2,-47,7.5,"{""Bat"": 3.333, ""Distance_mm"": 720, ""Interrupt_flag"": 0, ""Node_type"": ""DDS75-LB"", ""Sensor_flag"": 1, ""TempC_DS18B20"": 32.76}"
2025-09-19 04:44:01.509094951+00:00,dds75-lb-21,2,-47,7.25,"{""Bat"": 3.333, ""Distance_mm"": 720, ""Interrupt_flag"": 0, ""Node_type"": ""DDS75-LB"", ""Sensor_flag"": 1, ""TempC_DS18B20"": 32.76}"
2025-09-19 05:04:01.281109378+00:00,dds75-lb-21,2,-45,7.25,"{""Bat"": 3.333, ""Distance_mm"": 720, ""Interrupt_flag"": 0, ""Node_type"": ""DDS75-LB"", ""Sensor_flag"": 1, ""TempC_DS18B20"": 32.76}"
2025-09-19 05:24:01.052770537+00:00,dds75-lb-21,2,-47,10.0,"{""Bat"": 3.333, ""Distance_mm"": 720, ""Interrupt_flag"": 0, ""Node_type"": ""DDS75-LB"", ""Sensor_flag"": 1, ""TempC_DS18B20"": 32.76}"
2025-09-19 05:44:00.828813330+00:00,dds75-lb-21,2,-45,9.75,"{""Bat"": 3.333, ""Distance_mm"": 720, ""Interrupt_flag"": 0, ""Node_type"": ""DDS75-LB"", ""Sensor_flag"": 1, ""TempC_DS18B20"": 32.76}"
2025-09-19 06:04:00.593986307+00:00,dds75-lb-21,2,-47,10.0,"{""Bat"": 3.333, ""Distance_mm"": 720, ""Interrupt_flag"": 0, ""Node_type"": ""DDS75-LB"", ""Sensor_flag"": 1, ""TempC_DS18B20"": 32.76}"
2025-09-19 06:24:00.378951992+00:00,dds75-lb-21,2,-47,9.0,"{""Bat"": 3.333, ""Distance_mm"": 720, ""Interrupt_flag"": 0, ""Node_type"": ""DDS75-LB"", ""Sensor_flag"": 1, ""TempC_DS18B20"": 32.76}"
2025-09-19 06:44:00.154091573+00:00,dds75-lb-21,2,-50,9.25,"{""Bat"": 3.333, ""Distance_mm"": 720, ""Interrupt_flag"": 0, ""Node_type"": ""DDS75-LB"", ""Sensor_flag"": 1, ""TempC_DS18B20"": 32.76}"
2025-09-19 07:03:59.956105962+00:00,dds75-lb-21,2,-47,10.75,"{""Bat"": 3.333, ""Distance_mm"": 720, ""Interrupt_flag"": 0, ""Node_type"": ""DDS75-LB"", ""Sensor_flag"": 1, ""TempC_DS18B20"": 32.76}"
2025-09-19 07:23:59.709948216+00:00,dds75-lb-21,2,-47,7.0,"{""Bat"": 3.333, ""Distance_mm"": 720, ""Interrupt_flag"": 0, ""Node_type"": ""DDS75-LB"", ""Sensor_flag"": 1, ""TempC_DS18B20"": 32.76}"
2025-09-19 07:43:59.498156221+00:00,dds75-lb-21,2,-45,9.0,"{""Bat"": 3.333, ""Distance_mm"": 720, ""Interrupt_flag"": 0, ""Node_type"": ""DDS75-LB"", ""Sensor_flag"": 1, ""TempC_DS18B20"": 32.76}"
2025-09-19 08:03:59.294135+00:00,dds75-lb-21,2,-45,9.75,"{""Bat"": 3.333, ""Distance_mm"": 720, ""Interrupt_flag"": 0, ""Node_type"": ""DDS75-LB"", ""Sensor_flag"": 1, ""TempC_DS18B20"": 32.76}"
2025-09-19 08:23:59.044585662+00:00,dds75-lb-21,2,-50,9.0,"{""Bat"": 3.333, ""Distance_mm"": 720, ""Interrupt_flag"": 0, ""Node_type"": ""DDS75-LB"", ""Sensor_flag"": 1, ""TempC_DS18B20"": 32.76}"
2025-09-19 08:43:58.822259064+00:00,dds75-lb-21,2,-44,10.25,"{""Bat"": 3.333, ""Distance_mm"": 720, ""Interrupt_flag"": 0, ""Node_type"": ""DDS75-LB"", ""Sensor_flag"": 1, ""TempC_DS18B20"": 32.76}"
2025-09-19 09:03:58.610702337+00:00,dds75-lb-21,2,-45,9.25,"{""Bat"": 3.333, ""Distance_mm"": 720, ""Interrupt_flag"": 0, ""Node_type"": ""DDS75-LB"", ""Sensor_flag"": 1, ""TempC_DS18B20"": 32.76}"
2025-09-19 09:23:58.372286568+00:00,dds75-lb-21,2,-48,8.75,"{""Bat"": 3.333, ""Distance_mm"": 720, ""Interrupt_flag"": 0, ""Node_type"": ""DDS75-LB"", ""Sensor_flag"": 1, ""TempC_DS18B20"": 32.76}"
2025-09-19 09:43:58.144349342+00:00,dds75-lb-21,2,-47,7.75,"{""Bat"": 3.333, ""Distance_mm"": 720, ""Interrupt_flag"": 0, ""Node_type"": ""DDS75-LB"", ""Sensor_flag"": 1, ""TempC_DS18B20"": 32.76}"
2025-09-19 10:03:57.927335581+00:00,dds75-lb-21,2,-47,8.0,"{""Bat"": 3.333, ""Distance_mm"": 720, ""Interrupt_flag"": 0, ""Node_type"": ""DDS75-LB"", ""Sensor_flag"": 1, ""TempC_DS18B20"": 32.76}"
2025-09-19 10:23:57.709978822+00:00,dds75-lb-21,2,-45,7.25,"{""Bat"": 3.333, ""Distance_mm"": 720, ""Interrupt_flag"": 0, ""Node_type"": ""DDS75-LB"", ""Sensor_flag"": 1, ""TempC_DS18B20"": 32.76}"
2025-09-19 10:43:57.464629712+00:00,dds75-lb-21,2,-49,9.25,"{""Bat"": 3.333, ""Distance_mm"": 720, ""Interrupt_flag"": 0, ""Node_type"": ""DDS75-LB"", ""Sensor_flag"": 1, ""TempC_DS18B20"": 32.76}"
2025-09-19 11:03:57.309563219+00:00,dds75-lb-21,2,-50,9.0,"{""Bat"": 3.333, ""Distance_mm"": 720, ""Interrupt_flag"": 0, ""Node_type"": ""DDS75-LB"", ""Sensor_flag"": 1, ""TempC_DS18B20"": 32.76}"
2025-09-19 11:23:57.055308421+00:00,dds75-lb-21,2,-49,9.5,"{""Bat"": 3.333, ""Distance_mm"": 721, ""Interrupt_flag"": 0, ""Node_type"": ""DDS75-LB"", ""Sensor_flag"": 1, ""TempC_DS18B20"": 32.76}"
2025-09-19 11:43:56.826695968+00:00,dds75-lb-21,2,-47,10.0,"{""Bat"": 3.333, ""Distance_mm"": 721, ""Interrupt_flag"": 0, ""Node_type"": ""DDS75-LB"", ""Sensor_flag"": 1, ""TempC_DS18B20"": 32.76}"
2025-09-19 12:03:56.610303270+00:00,dds75-lb-21,2,-49,9.5,"{""Bat"": 3.333, ""Distance_mm"": 720, ""Interrupt_flag"": 0, ""Node_type"": ""DDS75-LB"", ""Sensor_flag"": 1, ""TempC_DS18B20"": 32.76}"
2025-09-19 12:23:56.365892325+00:00,dds75-lb-21,2,-45,7.75,"{""Bat"": 3.333, ""Distance_mm"": 720, ""Interrupt_flag"": 0, ""Node_type"": ""DDS75-LB"", ""Sensor_flag"": 1, ""TempC_DS18B20"": 32.76}"
2025-09-19 12:43:56.161542367+00:00,dds75-lb-21,2,-47,7.5,"{""Bat"": 3.333, ""Distance_mm"": 720, ""Interrupt_flag"": 0, ""Node_type"": ""DDS75-LB"", ""Sensor_flag"": 1, ""TempC_DS18B20"": 32.76}"
2025-09-19 13:03:55.931186286+00:00,dds75-lb-21,2,-45,9.5,"{""Bat"": 3.333, ""Distance_mm"": 721, ""Interrupt_flag"": 0, ""Node_type"": ""DDS75-LB"", ""Sensor_flag"": 1, ""TempC_DS18B20"": 32.76}"
2025-09-19 13:23:55.702491882+00:00,dds75-lb-21,2,-49,10.5,"{""Bat"": 3.333, ""Distance_mm"": 721, ""Interrupt_flag"": 0, ""Node_type"": ""DDS75-LB"", ""Sensor_flag"": 1, ""TempC_DS18B20"": 32.76}"
2025-09-19 13:43:55.474722543+00:00,dds75-lb-21,2,-49,10.0,"{""Bat"": 3.333, ""Distance_mm"": 721, ""Interrupt_flag"": 0, ""Node_type"": ""DDS75-LB"", ""Sensor_flag"": 1, ""TempC_DS18B20"": 32.76}"
2025-09-19 14:03:55.250819167+00:00,dds75-lb-21,2,-49,10.5,"{""Bat"": 3.333, ""Distance_mm"": 721, ""Interrupt_flag"": 0, ""Node_type"": ""DDS75-LB"", ""Sensor_flag"": 1, ""TempC_DS18B20"": 32.76}"
2025-09-19 14:23:55.032222999+00:00,dds75-lb-21,2,-49,9.0,"{""Bat"": 3.333, ""Distance_mm"": 720, ""Interrupt_flag"": 0, ""Node_type"": ""DDS75-LB"", ""Sensor_flag"": 1, ""TempC_DS18B20"": 32.76}"
2025-09-19 14:43:54.837775673+00:00,dds75-lb-21,2,-49,9.75,"{""Bat"": 3.333, ""Distance_mm"": 720, ""Interrupt_flag"": 0, ""Node_type"": ""DDS75-LB"", ""Sensor_flag"": 1, ""TempC_DS18B20"": 32.76}"
2025-09-19 15:03:54.611513192+00:00,dds75-lb-21,2,-47,10.0,"{""Bat"": 3.333, ""Distance_mm"": 720, ""Interrupt_flag"": 0, ""Node_type"": ""DDS75-LB"", ""Sensor_flag"": 1, ""TempC_DS18B20"": 32.76}"
2025-09-19 15:23:54.363481130+00:00,dds75-lb-21,2,-45,7.5,"{""Bat"": 3.333, ""Distance_mm"": 720, ""Interrupt_flag"": 0, ""Node_type"": ""DDS75-LB"", ""Sensor_flag"": 1, ""TempC_DS18B20"": 32.76}"
2025-09-19 15:43:54.162587021+00:00,dds75-lb-21,2,-47,7.5,"{""Bat"": 3.333, ""Distance_mm"": 720, ""Interrupt_flag"": 0, ""Node_type"": ""DDS75-LB"", ""Sensor_flag"": 1, ""TempC_DS18B20"": 32.76}"
2025-09-19 16:03:53.923002586+00:00,dds75-lb-21,2,-47,9.75,"{""Bat"": 3.333, ""Distance_mm"": 720, ""Interrupt_flag"": 0, ""Node_type"": ""DDS75-LB"", ""Sensor_flag"": 1, ""TempC_DS18B20"": 32.76}"
2025-09-19 16:23:53.706425765+00:00,dds75-lb-21,2,-50,11.0,"{""Bat"": 3.333, ""Distance_mm"": 720, ""Interrupt_flag"": 0, ""Node_type"": ""DDS75-LB"", ""Sensor_flag"": 1, ""TempC_DS18B20"": 32.76}"
2025-09-19 16:43:53.470331436+00:00,dds75-lb-21,2,-49,10.25,"{""Bat"": 3.333, ""Distance_mm"": 720, ""Interrupt_flag"": 0, ""Node_type"": ""DDS75-LB"", ""Sensor_flag"": 1, ""TempC_DS18B20"": 32.76}"
2025-09-19 17:03:53.260106404+00:00,dds75-lb-21,2,-123,-8.5,"{""Bat"": 3.333, ""Distance_mm"": 720, ""Interrupt_flag"": 0, ""Node_type"": ""DDS75-LB"", ""Sensor_flag"": 1, ""TempC_DS18B20"": 32.76}"
2025-09-19 17:23:53.029006576+00:00,dds75-lb-21,2,-50,9.0,"{""Bat"": 3.333, ""Distance_mm"": 720, ""Interrupt_flag"": 0, ""Node_type"": ""DDS75-LB"", ""Sensor_flag"": 1, ""TempC_DS18B20"": 32.76}"
2025-09-19 17:43:52.822086180+00:00,dds75-lb-21,2,-47,9.75,"{""Bat"": 3.333, ""Distance_mm"": 720, ""Interrupt_flag"": 0, ""Node_type"": ""DDS75-LB"", ""Sensor_flag"": 1, ""TempC_DS18B20"": 32.76}"
2025-09-19 18:03:52.600412044+00:00,dds75-lb-21,2,-33,7.0,"{""Bat"": 3.333, ""Distance_mm"": 720, ""Interrupt_flag"": 0, ""Node_type"": ""DDS75-LB"", ""Sensor_flag"": 1, ""TempC_DS18B20"": 32.76}"
2025-09-19 18:23:52.370481709+00:00,dds75-lb-21,2,-32,8.25,"{""Bat"": 3.333, ""Distance_mm"": 720, ""Interrupt_flag"": 0, ""Node_type"": ""DDS75-LB"", ""Sensor_flag"": 1, ""TempC_DS18B20"": 32.76}"
2025-09-19 18:43:52.149730471+00:00,dds75-lb-21,2,-33,10.75,"{""Bat"": 3.333, ""Distance_mm"": 720, ""Interrupt_flag"": 0, ""Node_type"": ""DDS75-LB"", ""Sensor_flag"": 1, ""TempC_DS18B20"": 32.76}"
2025-09-19 19:03:51.916500606+00:00,dds75-lb-21,2,-31,9.5,"{""Bat"": 3.333, ""Distance_mm"": 720, ""Interrupt_flag"": 0, ""Node_type"": ""DDS75-LB"", ""Sensor_flag"": 1, ""TempC_DS18B20"": 32.76}"
2025-09-19 19:23:51.688735345+00:00,dds75-lb-21,2,-32,8.0,"{""Bat"": 3.333, ""Distance_mm"": 720, ""Interrupt_flag"": 0, ""Node_type"": ""DDS75-LB"", ""Sensor_flag"": 1, ""TempC_DS18B20"": 32.76}"
2025-09-19 19:43:51.460424493+00:00,dds75-lb-21,2,-32,9.75,"{""Bat"": 3.333, ""Distance_mm"": 720, ""Interrupt_flag"": 0, ""Node_type"": ""DDS75-LB"", ""Sensor_flag"": 1, ""TempC_DS18B20"": 32.76}"
2025-09-19 20:03:51.245795093+00:00,dds75-lb-21,2,-35,9.75,"{""Bat"": 3.333, ""Distance_mm"": 720, ""Interrupt_flag"": 0, ""Node_type"": ""DDS75-LB"", ""Sensor_flag"": 1, ""TempC_DS18B20"": 32.76}"
2025-09-19 20:23:51.039318544+00:00,dds75-lb-21,2,-30,9.75,"{""Bat"": 3.333, ""Distance_mm"": 720, ""Interrupt_flag"": 0, ""Node_type"": ""DDS75-LB"", ""Sensor_flag"": 1, ""TempC_DS18B20"": 32.76}"
2025-09-19 20:43:50.796991919+00:00,dds75-lb-21,2,-32,9.25,"{""Bat"": 3.333, ""Distance_mm"": 720, ""Interrupt_flag"": 0, ""Node_type"": ""DDS75-LB"", ""Sensor_flag"": 1, ""TempC_DS18B20"": 32.76}"
2025-09-19 21:03:50.564072328+00:00,dds75-lb-21,2,-33,7.5,"{""Bat"": 3.333, ""Distance_mm"": 720, ""Interrupt_flag"": 0, ""Node_type"": ""DDS75-LB"", ""Sensor_flag"": 1, ""TempC_DS18B20"": 32.76}"
2025-09-19 21:23:50.351326426+00:00,dds75-lb-21,2,-32,9.5,"{""Bat"": 3.333, ""Distance_mm"": 720, ""Interrupt_flag"": 0, ""Node_type"": ""DDS75-LB"", ""Sensor_flag"": 1, ""TempC_DS18B20"": 32.76}"
2025-09-19 21:43:50.146484168+00:00,dds75-lb-21,2,-33,9.75,"{""Bat"": 3.333, ""Distance_mm"": 720, ""Interrupt_flag"": 0, ""Node_type"": ""DDS75-LB"", ""Sensor_flag"": 1, ""TempC_DS18B20"": 32.76}"
2025-09-19 22:03:49.925205043+00:00,dds75-lb-21,2,-33,9.25,"{""Bat"": 3.333, ""Distance_mm"": 720, ""Interrupt_flag"": 0, ""Node_type"": ""DDS75-LB"", ""Sensor_flag"": 1, ""TempC_DS18B20"": 32.76}"
2025-09-19 22:23:49.684293359+00:00,dds75-lb-21,2,-31,9.5,"{""Bat"": 3.333, ""Distance_mm"": 720, ""Interrupt_flag"": 0, ""Node_type"": ""DDS75-LB"", ""Sensor_flag"": 1, ""TempC_DS18B20"": 32.76}"
2025-09-19 22:43:49.455472512+00:00,dds75-lb-21,2,-33,10.0,"{""Bat"": 3.333, ""Distance_mm"": 720, ""Interrupt_flag"": 0, ""Node_type"": ""DDS75-LB"", ""Sensor_flag"": 1, ""TempC_DS18B20"": 32.76}"
2025-09-19 23:03:49.244752682+00:00,dds75-lb-21,2,-119,-5.0,"{""Bat"": 3.333, ""Distance_mm"": 720, ""Interrupt_flag"": 0, ""Node_type"": ""DDS75-LB"", ""Sensor_flag"": 1, ""TempC_DS18B20"": 32.76}"
2025-09-19 23:23:49.024926893+00:00,dds75-lb-21,2,-114,0.25,"{""Bat"": 3.333, ""Distance_mm"": 720, ""Interrupt_flag"": 0, ""Node_type"": ""DDS75-LB"", ""Sensor_flag"": 1, ""TempC_DS18B20"": 32.76}"
2025-09-19 23:43:48.801037191+00:00,dds75-lb-21,2,-32,9.25,"{""Bat"": 3.333, ""Distance_mm"": 720, ""Interrupt_flag"": 0, ""Node_type"": ""DDS75-LB"", ""Sensor_flag"": 1, ""TempC_DS18B20"": 32.76}"
2025-09-20 00:03:48.578280177+00:00,dds75-lb-21,2,-35,9.5,"{""Bat"": 3.333, ""Distance_mm"": 719, ""Interrupt_flag"": 0, ""Node_type"": ""DDS75-LB"", ""Sensor_flag"": 1, ""TempC_DS18B20"": 32.76}"
2025-09-20 00:23:48.384771230+00:00,dds75-lb-21,2,-117,-6.25,"{""Bat"": 3.333, ""Distance_mm"": 719, ""Interrupt_flag"": 0, ""Node_type"": ""DDS75-LB"", ""Sensor_flag"": 1, ""TempC_DS18B20"": 32.76}"
2025-09-20 00:43:48.121435819+00:00,dds75-lb-21,2,-33,9.75,"{""Bat"": 3.333, ""Distance_mm"": 719, ""Interrupt_flag"": 0, ""Node_type"": ""DDS75-LB"", ""Sensor_flag"": 1, ""TempC_DS18B20"": 32.76}"
2025-09-20 01:03:47.908044763+00:00,dds75-lb-21,2,-122,-5.0,"{""Bat"": 3.333, ""Distance_mm"": 719, ""Interrupt_flag"": 0, ""Node_type"": ""DDS75-LB"", ""Sensor_flag"": 1, ""TempC_DS18B20"": 32.76}"
2025-09-20 01:23:47.678110589+00:00,dds75-lb-21,2,-115,0.25,"{""Bat"": 3.333, ""Distance_mm"": 720, ""Interrupt_flag"": 0, ""Node_type"": ""DDS75-LB"", ""Sensor_flag"": 1, ""TempC_DS18B20"": 32.76}"
2025-09-20 01:43:47.462118024+00:00,dds75-lb-21,2,-33,10.25,"{""Bat"": 3.333, ""Distance_mm"": 720, ""Interrupt_flag"": 0, ""Node_type"": ""DDS75-LB"", ""Sensor_flag"": 1, ""TempC_DS18B20"": 32.76}"
2025-09-20 02:03:47.234795706+00:00,dds75-lb-21,2,-116,-0.5,"{""Bat"": 3.333, ""Distance_mm"": 720, ""Interrupt_flag"": 0, ""Node_type"": ""DDS75-LB"", ""Sensor_flag"": 1, ""TempC_DS18B20"": 32.76}"
2025-09-20 02:23:46.982259022+00:00,dds75-lb-21,2,-108,3.2,"{""Bat"": 3.333, ""Distance_mm"": 720, ""Interrupt_flag"": 0, ""Node_type"": ""DDS75-LB"", ""Sensor_flag"": 1, ""TempC_DS18B20"": 32.76}"
2025-09-20 02:43:46.783388449+00:00,dds75-lb-21,2,-31,8.75,"{""Bat"": 3.333, ""Distance_mm"": 719, ""Interrupt_flag"": 0, ""Node_type"": ""DDS75-LB"", ""Sensor_flag"": 1, ""TempC_DS18B20"": 32.76}"
2025-09-20 03:03:46.579009230+00:00,dds75-lb-21,2,-35,10.0,"{""Bat"": 3.333, ""Distance_mm"": 719, ""Interrupt_flag"": 0, ""Node_type"": ""DDS75-LB"", ""Sensor_flag"": 1, ""TempC_DS18B20"": 32.76}"
2025-09-20 03:23:46.345158649+00:00,dds75-lb-21,2,-30,8.25,"{""Bat"": 3.333, ""Distance_mm"": 719, ""Interrupt_flag"": 0, ""Node_type"": ""DDS75-LB"", ""Sensor_flag"": 1, ""TempC_DS18B20"": 32.76}"
2025-09-20 03:43:46.119030560+00:00,dds75-lb-21,2,-31,9.25,"{""Bat"": 3.333, ""Distance_mm"": 719, ""Interrupt_flag"": 0, ""Node_type"": ""DDS75-LB"", ""Sensor_flag"": 1, ""TempC_DS18B20"": 32.76}"
2025-09-20 04:03:45.908447815+00:00,dds75-lb-21,2,-116,-0.75,"{""Bat"": 3.333, ""Distance_mm"": 719, ""Interrupt_flag"": 0, ""Node_type"": ""DDS75-LB"", ""Sensor_flag"": 1, ""TempC_DS18B20"": 32.76}"
2025-09-20 04:23:45.668230747+00:00,dds75-lb-21,2,-31,9.0,"{""Bat"": 3.333, ""Distance_mm"": 720, ""Interrupt_flag"": 0, ""Node_type"": ""DDS75-LB"", ""Sensor_flag"": 1, ""TempC_DS18B20"": 32.76}"
2025-09-20 04:43:45.454360758+00:00,dds75-lb-21,2,-31,7.0,"{""Bat"": 3.333, ""Distance_mm"": 720, ""Interrupt_flag"": 0, ""Node_type"": ""DDS75-LB"", ""Sensor_flag"": 1, ""TempC_DS18B20"": 32.76}"
2025-09-20 05:03:45.226690129+00:00,dds75-lb-21,2,-33,9.75,"{""Bat"": 3.333, ""Distance_mm"": 720, ""Interrupt_flag"": 0, ""Node_type"": ""DDS75-LB"", ""Sensor_flag"": 1, ""TempC_DS18B20"": 32.76}"
2025-09-20 05:23:45.019608649+00:00,dds75-lb-21,2,-33,10.0,"{""Bat"": 3.333, ""Distance_mm"": 719, ""Interrupt_flag"": 0, ""Node_type"": ""DDS75-LB"", ""Sensor_flag"": 1, ""TempC_DS18B20"": 32.76}"
2025-09-20 05:43:44.798657185+00:00,dds75-lb-21,2,-35,9.75,"{""Bat"": 3.333, ""Distance_mm"": 719, ""Interrupt_flag"": 0, ""Node_type"": ""DDS75-LB"", ""Sensor_flag"": 1, ""TempC_DS18B20"": 32.76}"
2025-09-20 06:03:44.553315901+00:00,dds75-lb-21,2,-32,8.0,"{""Bat"": 3.333, ""Distance_mm"": 719, ""Interrupt_flag"": 0, ""Node_type"": ""DDS75-LB"", ""Sensor_flag"": 1, ""TempC_DS18B20"": 32.76}"
2025-09-20 06:23:44.341631302+00:00,dds75-lb-21,2,-116,-0.25,"{""Bat"": 3.333, ""Distance_mm"": 720, ""Interrupt_flag"": 0, ""Node_type"": ""DDS75-LB"", ""Sensor_flag"": 1, ""TempC_DS18B20"": 32.76}"
2025-09-20 06:43:44.116975824+00:00,dds75-lb-21,2,-116,0.25,"{""Bat"": 3.333, ""Distance_mm"": 720, ""Interrupt_flag"": 0, ""Node_type"": ""DDS75-LB"", ""Sensor_flag"": 1, ""TempC_DS18B20"": 32.76}"
2025-09-20 07:03:43.917608068+00:00,dds75-lb-21,2,-31,9.25,"{""Bat"": 3.333, ""Distance_mm"": 720, ""Interrupt_flag"": 0, ""Node_type"": ""DDS75-LB"", ""Sensor_flag"": 1, ""TempC_DS18B20"": 32.76}"
2025-09-20 07:23:43.696980187+00:00,dds75-lb-21,2,-29,7.25,"{""Bat"": 3.333, ""Distance_mm"": 720, ""Interrupt_flag"": 0, ""Node_type"": ""DDS75-LB"", ""Sensor_flag"": 1, ""TempC_DS18B20"": 32.76}"
2025-09-20 07:43:43.475799254+00:00,dds75-lb-21,2,-114,1.25,"{""Bat"": 3.333, ""Distance_mm"": 720, ""Interrupt_flag"": 0, ""Node_type"": ""DDS75-LB"", ""Sensor_flag"": 1, ""TempC_DS18B20"": 32.76}"
2025-09-20 08:03:43.230608084+00:00,dds75-lb-21,2,-30,9.25,"{""Bat"": 3.333, ""Distance_mm"": 720, ""Interrupt_flag"": 0, ""Node_type"": ""DDS75-LB"", ""Sensor_flag"": 1, ""TempC_DS18B20"": 32.76}"
2025-09-20 08:23:43.036216061+00:00,dds75-lb-21,2,-32,8.75,"{""Bat"": 3.333, ""Distance_mm"": 720, ""Interrupt_flag"": 0, ""Node_type"": ""DDS75-LB"", ""Sensor_flag"": 1, ""TempC_DS18B20"": 32.76}"
2025-09-20 08:43:42.792199004+00:00,dds75-lb-21,2,-33,7.75,"{""Bat"": 3.333, ""Distance_mm"": 720, ""Interrupt_flag"": 0, ""Node_type"": ""DDS75-LB"", ""Sensor_flag"": 1, ""TempC_DS18B20"": 32.76}"
2025-09-20 09:03:42.557901892+00:00,dds75-lb-21,2,-112,2.5,"{""Bat"": 3.333, ""Distance_mm"": 720, ""Interrupt_flag"": 0, ""Node_type"": ""DDS75-LB"", ""Sensor_flag"": 1, ""TempC_DS18B20"": 32.76}"
2025-09-20 09:23:42.350968891+00:00,dds75-lb-21,2,-30,9.25,"{""Bat"": 3.333, ""Distance_mm"": 720, ""Interrupt_flag"": 0, ""Node_type"": ""DDS75-LB"", ""Sensor_flag"": 1, ""TempC_DS18B20"": 32.76}"
2025-09-20 09:43:42.128305631+00:00,dds75-lb-21,2,-33,9.75,"{""Bat"": 3.333, ""Distance_mm"": 719, ""Interrupt_flag"": 0, ""Node_type"": ""DDS75-LB"", ""Sensor_flag"": 1, ""TempC_DS18B20"": 32.76}"
2025-09-20 10:03:41.907519270+00:00,dds75-lb-21,2,-32,6.75,"{""Bat"": 3.333, ""Distance_mm"": 719, ""Interrupt_flag"": 0, ""Node_type"": ""DDS75-LB"", ""Sensor_flag"": 1, ""TempC_DS18B20"": 32.76}"
2025-09-20 10:23:41.674628272+00:00,dds75-lb-21,2,-118,-2.25,"{""Bat"": 3.333, ""Distance_mm"": 720, ""Interrupt_flag"": 0, ""Node_type"": ""DDS75-LB"", ""Sensor_flag"": 1, ""TempC_DS18B20"": 32.76}"
2025-09-20 10:43:41.460349586+00:00,dds75-lb-21,2,-32,9.25,"{""Bat"": 3.333, ""Distance_mm"": 720, ""Interrupt_flag"": 0, ""Node_type"": ""DDS75-LB"", ""Sensor_flag"": 1, ""TempC_DS18B20"": 32.76}"
2025-09-20 11:03:41.237487319+00:00,dds75-lb-21,2,-33,9.5,"{""Bat"": 3.333, ""Distance_mm"": 720, ""Interrupt_flag"": 0, ""Node_type"": ""DDS75-LB"", ""Sensor_flag"": 1, ""TempC_DS18B20"": 32.76}"
2025-09-20 11:23:41.027843243+00:00,dds75-lb-21,2,-32,7.25,"{""Bat"": 3.333, ""Distance_mm"": 720, ""Interrupt_flag"": 0, ""Node_type"": ""DDS75-LB"", ""Sensor_flag"": 1, ""TempC_DS18B20"": 32.76}"
2025-09-20 11:43:40.777391257+00:00,dds75-lb-21,2,-29,8.75,"{""Bat"": 3.333, ""Distance_mm"": 720, ""Interrupt_flag"": 0, ""Node_type"": ""DDS75-LB"", ""Sensor_flag"": 1, ""TempC_DS18B20"": 32.76}"
2025-09-20 12:03:40.558587350+00:00,dds75-lb-21,2,-114,1.25,"{""Bat"": 3.333, ""Distance_mm"": 720, ""Interrupt_flag"": 0, ""Node_type"": ""DDS75-LB"", ""Sensor_flag"": 1, ""TempC_DS18B20"": 32.76}"
2025-09-20 12:23:40.350209625+00:00,dds75-lb-21,2,-29,7.5,"{""Bat"": 3.333, ""Distance_mm"": 720, ""Interrupt_flag"": 0, ""Node_type"": ""DDS75-LB"", ""Sensor_flag"": 1, ""TempC_DS18B20"": 32.76}"
2025-09-20 12:43:40.118702993+00:00,dds75-lb-21,2,-32,10.5,"{""Bat"": 3.333, ""Distance_mm"": 720, ""Interrupt_flag"": 0, ""Node_type"": ""DDS75-LB"", ""Sensor_flag"": 1, ""TempC_DS18B20"": 32.76}"
2025-09-20 13:03:39.905957945+00:00,dds75-lb-21,2,-33,11.0,"{""Bat"": 3.333, ""Distance_mm"": 720, ""Interrupt_flag"": 0, ""Node_type"": ""DDS75-LB"", ""Sensor_flag"": 1, ""TempC_DS18B20"": 32.76}"
2025-09-20 13:23:39.664698833+00:00,dds75-lb-21,2,-32,9.75,"{""Bat"": 3.333, ""Distance_mm"": 720, ""Interrupt_flag"": 0, ""Node_type"": ""DDS75-LB"", ""Sensor_flag"": 1, ""TempC_DS18B20"": 32.76}"
2025-09-20 13:43:39.469090598+00:00,dds75-lb-21,2,-33,10.0,"{""Bat"": 3.333, ""Distance_mm"": 720, ""Interrupt_flag"": 0, ""Node_type"": ""DDS75-LB"", ""Sensor_flag"": 1, ""TempC_DS18B20"": 32.76}"
2025-09-20 14:03:39.218733433+00:00,dds75-lb-21,2,-33,10.0,"{""Bat"": 3.333, ""Distance_mm"": 720, ""Interrupt_flag"": 0, ""Node_type"": ""DDS75-LB"", ""Sensor_flag"": 1, ""TempC_DS18B20"": 32.76}"
2025-09-20 14:23:39.028203523+00:00,dds75-lb-21,2,-112,1.5,"{""Bat"": 3.333, ""Distance_mm"": 720, ""Interrupt_flag"": 0, ""Node_type"": ""DDS75-LB"", ""Sensor_flag"": 1, ""TempC_DS18B20"": 32.76}"
2025-09-20 14:43:38.787043814+00:00,dds75-lb-21,2,-111,3.75,"{""Bat"": 3.333, ""Distance_mm"": 720, ""Interrupt_flag"": 0, ""Node_type"": ""DDS75-LB"", ""Sensor_flag"": 1, ""TempC_DS18B20"": 32.76}"
2025-09-20 15:03:38.556297976+00:00,dds75-lb-21,2,-30,9.75,"{""Bat"": 3.333, ""Distance_mm"": 720, ""Interrupt_flag"": 0, ""Node_type"": ""DDS75-LB"", ""Sensor_flag"": 1, ""TempC_DS18B20"": 32.76}"
2025-09-20 15:23:38.343625104+00:00,dds75-lb-21,2,-111,2.75,"{""Bat"": 3.333, ""Distance_mm"": 721, ""Interrupt_flag"": 0, ""Node_type"": ""DDS75-LB"", ""Sensor_flag"": 1, ""TempC_DS18B20"": 32.76}"
2025-09-20 15:43:38.189987995+00:00,dds75-lb-21,2,-32,7.5,"{""Bat"": 3.333, ""Distance_mm"": 720, ""Interrupt_flag"": 0, ""Node_type"": ""DDS75-LB"", ""Sensor_flag"": 1, ""TempC_DS18B20"": 32.76}"
2025-09-20 16:03:37.898921531+00:00,dds75-lb-21,2,-31,9.0,"{""Bat"": 3.333, ""Distance_mm"": 720, ""Interrupt_flag"": 0, ""Node_type"": ""DDS75-LB"", ""Sensor_flag"": 1, ""TempC_DS18B20"": 32.76}"
2025-09-20 16:23:37.661339963+00:00,dds75-lb-21,2,-113,1.5,"{""Bat"": 3.333, ""Distance_mm"": 720, ""Interrupt_flag"": 0, ""Node_type"": ""DDS75-LB"", ""Sensor_flag"": 1, ""TempC_DS18B20"": 32.76}"
2025-09-20 16:43:37.448425437+00:00,dds75-lb-21,2,-31,7.25,"{""Bat"": 3.333, ""Distance_mm"": 720, ""Interrupt_flag"": 0, ""Node_type"": ""DDS75-LB"", ""Sensor_flag"": 1, ""TempC_DS18B20"": 32.76}"
2025-09-20 17:03:37.223964085+00:00,dds75-lb-21,2,-31,10.25,"{""Bat"": 3.333, ""Distance_mm"": 720, ""Interrupt_flag"": 0, ""Node_type"": ""DDS75-LB"", ""Sensor_flag"": 1, ""TempC_DS18B20"": 32.76}"
2025-09-20 17:23:37.009305710+00:00,dds75-lb-21,2,-31,9.5,"{""Bat"": 3.333, ""Distance_mm"": 720, ""Interrupt_flag"": 0, ""Node_type"": ""DDS75-LB"", ""Sensor_flag"": 1, ""TempC_DS18B20"": 32.76}"
2025-09-20 17:43:36.779285762+00:00,dds75-lb-21,2,-32,6.5,"{""Bat"": 3.333, ""Distance_mm"": 720, ""Interrupt_flag"": 0, ""Node_type"": ""DDS75-LB"", ""Sensor_flag"": 1, ""TempC_DS18B20"": 32.76}"
2025-09-20 18:03:36.560266524+00:00,dds75-lb-21,2,-32,6.75,"{""Bat"": 3.333, ""Distance_mm"": 720, ""Interrupt_flag"": 0, ""Node_type"": ""DDS75-LB"", ""Sensor_flag"": 1, ""TempC_DS18B20"": 32.76}"
2025-09-20 18:23:36.356804253+00:00,dds75-lb-21,2,-32,6.5,"{""Bat"": 3.333, ""Distance_mm"": 720, ""Interrupt_flag"": 0, ""Node_type"": ""DDS75-LB"", ""Sensor_flag"": 1, ""TempC_DS18B20"": 32.76}"
2025-09-20 18:43:36.101327774+00:00,dds75-lb-21,2,-118,-2.75,"{""Bat"": 3.333, ""Distance_mm"": 720, ""Interrupt_flag"": 0, ""Node_type"": ""DDS75-LB"", ""Sensor_flag"": 1, ""TempC_DS18B20"": 32.76}"
2025-09-20 19:03:35.909460797+00:00,dds75-lb-21,2,-33,10.0,"{""Bat"": 3.333, ""Distance_mm"": 720, ""Interrupt_flag"": 0, ""Node_type"": ""DDS75-LB"", ""Sensor_flag"": 1, ""TempC_DS18B20"": 32.76}"
2025-09-20 19:23:35.666918351+00:00,dds75-lb-21,2,-33,6.5,"{""Bat"": 3.333, ""Distance_mm"": 720, ""Interrupt_flag"": 0, ""Node_type"": ""DDS75-LB"", ""Sensor_flag"": 1, ""TempC_DS18B20"": 32.76}"
2025-09-20 19:43:35.450446271+00:00,dds75-lb-21,2,-30,9.5,"{""Bat"": 3.333, ""Distance_mm"": 720, ""Interrupt_flag"": 0, ""Node_type"": ""DDS75-LB"", ""Sensor_flag"": 1, ""TempC_DS18B20"": 32.76}"
2025-09-20 20:03:35.224926044+00:00,dds75-lb-21,2,-33,11.0,"{""Bat"": 3.333, ""Distance_mm"": 720, ""Interrupt_flag"": 0, ""Node_type"": ""DDS75-LB"", ""Sensor_flag"": 1, ""TempC_DS18B20"": 32.76}"
2025-09-20 20:23:34.998795968+00:00,dds75-lb-21,2,-32,9.75,"{""Bat"": 3.333, ""Distance_mm"": 720, ""Interrupt_flag"": 0, ""Node_type"": ""DDS75-LB"", ""Sensor_flag"": 1, ""TempC_DS18B20"": 32.76}"
2025-09-20 20:43:34.784437895+00:00,dds75-lb-21,2,-29,10.0,"{""Bat"": 3.333, ""Distance_mm"": 720, ""Interrupt_flag"": 0, ""Node_type"": ""DDS75-LB"", ""Sensor_flag"": 1, ""TempC_DS18B20"": 32.76}"
2025-09-20 20:44:45.006256211+00:00,dds75-lb-21,2,-31,9.5,"{""Bat"": 3.333, ""Distance_mm"": 720, ""Interrupt_flag"": 0, ""Node_type"": ""DDS75-LB"", ""Sensor_flag"": 1, ""TempC_DS18B20"": 32.76}"
2025-09-20 20:45:44.974334747+00:00,dds75-lb-21,2,-33,10.5,"{""Bat"": 3.333, ""Distance_mm"": 720, ""Interrupt_flag"": 0, ""Node_type"": ""DDS75-LB"", ""Sensor_flag"": 1, ""TempC_DS18B20"": 32.76}"
2025-09-20 20:46:44.958072040+00:00,dds75-lb-21,2,-114,-4.0,"{""Bat"": 3.333, ""Distance_mm"": 720, ""Interrupt_flag"": 0, ""Node_type"": ""DDS75-LB"", ""Sensor_flag"": 1, ""TempC_DS18B20"": 32.76}"
2025-09-20 20:47:44.965207609+00:00,dds75-lb-21,2,-32,9.75,"{""Bat"": 3.333, ""Distance_mm"": 720, ""Interrupt_flag"": 0, ""Node_type"": ""DDS75-LB"", ""Sensor_flag"": 1, ""TempC_DS18B20"": 32.76}"
2025-09-20 20:48:44.952001022+00:00,dds75-lb-21,2,-117,-2.75,"{""Bat"": 3.333, ""Distance_mm"": 720, ""Interrupt_flag"": 0, ""Node_type"": ""DDS75-LB"", ""Sensor_flag"": 1, ""TempC_DS18B20"": 32.76}"
2025-09-20 20:49:44.934285822+00:00,dds75-lb-21,2,-33,10.75,"{""Bat"": 3.333, ""Distance_mm"": 720, ""Interrupt_flag"": 0, ""Node_type"": ""DDS75-LB"", ""Sensor_flag"": 1, ""TempC_DS18B20"": 32.76}"
2025-09-20 20:50:44.949724550+00:00,dds75-lb-21,2,-31,7.25,"{""Bat"": 3.333, ""Distance_mm"": 720, ""Interrupt_flag"": 0, ""Node_type"": ""DDS75-LB"", ""Sensor_flag"": 1, ""TempC_DS18B20"": 32.76}"
2025-09-20 20:51:44.931726267+00:00,dds75-lb-21,2,-32,7.25,"{""Bat"": 3.333, ""Distance_mm"": 720, ""Interrupt_flag"": 0, ""Node_type"": ""DDS75-LB"", ""Sensor_flag"": 1, ""TempC_DS18B20"": 32.76}"
2025-09-20 20:52:44.911291528+00:00,dds75-lb-21,2,-122,-5.75,"{""Bat"": 3.333, ""Distance_mm"": 720, ""Interrupt_flag"": 0, ""Node_type"": ""DDS75-LB"", ""Sensor_flag"": 1, ""TempC_DS18B20"": 32.76}"
2025-09-20 20:53:44.899999984+00:00,dds75-lb-21,2,-122,-6.5,"{""Bat"": 3.333, ""Distance_mm"": 720, ""Interrupt_flag"": 0, ""Node_type"": ""DDS75-LB"", ""Sensor_flag"": 1, ""TempC_DS18B20"": 32.76}"
2025-09-20 20:54:44.903950532+00:00,dds75-lb-21,2,-33,9.25,"{""Bat"": 3.333, ""Distance_mm"": 720, ""Interrupt_flag"": 0, ""Node_type"": ""DDS75-LB"", ""Sensor_flag"": 1, ""TempC_DS18B20"": 32.76}"
2025-09-20 20:55:44.867144477+00:00,dds75-lb-21,2,-32,6.0,"{""Bat"": 3.333, ""Distance_mm"": 720, ""Interrupt_flag"": 0, ""Node_type"": ""DDS75-LB"", ""Sensor_flag"": 1, ""TempC_DS18B20"": 32.76}"
2025-09-20 20:56:44.861533356+00:00,dds75-lb-21,2,-33,10.5,"{""Bat"": 3.333, ""Distance_mm"": 720, ""Interrupt_flag"": 0, ""Node_type"": ""DDS75-LB"", ""Sensor_flag"": 1, ""TempC_DS18B20"": 32.76}"
2025-09-20 20:57:44.852365495+00:00,dds75-lb-21,2,-116,-2.25,"{""Bat"": 3.333, ""Distance_mm"": 720, ""Interrupt_flag"": 0, ""Node_type"": ""DDS75-LB"", ""Sensor_flag"": 1, ""TempC_DS18B20"": 32.76}"
2025-09-20 20:58:44.841499969+00:00,dds75-lb-21,2,-29,9.5,"{""Bat"": 3.333, ""Distance_mm"": 720, ""Interrupt_flag"": 0, ""Node_type"": ""DDS75-LB"", ""Sensor_flag"": 1, ""TempC_DS18B20"": 32.76}"
2025-09-20 20:59:44.843461713+00:00,dds75-lb-21,2,-31,10.0,"{""Bat"": 3.333, ""Distance_mm"": 720, ""Interrupt_flag"": 0, ""Node_type"": ""DDS75-LB"", ""Sensor_flag"": 1, ""TempC_DS18B20"": 32.76}"
2025-09-20 21:00:44.833916639+00:00,dds75-lb-21,2,-37,7.0,"{""Bat"": 3.333, ""Distance_mm"": 720, ""Interrupt_flag"": 0, ""Node_type"": ""DDS75-LB"", ""Sensor_flag"": 1, ""TempC_DS18B20"": 32.76}"
2025-09-20 21:01:44.813291917+00:00,dds75-lb-21,2,-29,9.5,"{""Bat"": 3.333, ""Distance_mm"": 720, ""Interrupt_flag"": 0, ""Node_type"": ""DDS75-LB"", ""Sensor_flag"": 1, ""TempC_DS18B20"": 32.76}"
2025-09-20 21:02:44.803440774+00:00,dds75-lb-21,2,-33,9.0,"{""Bat"": 3.333, ""Distance_mm"": 720, ""Interrupt_flag"": 0, ""Node_type"": ""DDS75-LB"", ""Sensor_flag"": 1, ""TempC_DS18B20"": 32.76}"
2025-09-20 21:03:44.778008810+00:00,dds75-lb-21,2,-37,7.0,"{""Bat"": 3.333, ""Distance_mm"": 720, ""Interrupt_flag"": 0, ""Node_type"": ""DDS75-LB"", ""Sensor_flag"": 1, ""TempC_DS18B20"": 32.76}"
2025-09-20 21:04:44.793692590+00:00,dds75-lb-21,2,-33,10.0,"{""Bat"": 3.333, ""Distance_mm"": 720, ""Interrupt_flag"": 0, ""Node_type"": ""DDS75-LB"", ""Sensor_flag"": 1, ""TempC_DS18B20"": 32.76}"
2025-09-20 21:05:44.795221422+00:00,dds75-lb-21,2,-30,9.0,"{""Bat"": 3.333, ""Distance_mm"": 720, ""Interrupt_flag"": 0, ""Node_type"": ""DDS75-LB"", ""Sensor_flag"": 1, ""TempC_DS18B20"": 32.76}"
2025-09-20 21:06:44.783949678+00:00,dds75-lb-21,2,-32,9.75,"{""Bat"": 3.333, ""Distance_mm"": 720, ""Interrupt_flag"": 0, ""Node_type"": ""DDS75-LB"", ""Sensor_flag"": 1, ""TempC_DS18B20"": 32.76}"
2025-09-20 21:07:44.752145009+00:00,dds75-lb-21,2,-111,1.25,"{""Bat"": 3.333, ""Distance_mm"": 720, ""Interrupt_flag"": 0, ""Node_type"": ""DDS75-LB"", ""Sensor_flag"": 1, ""TempC_DS18B20"": 32.76}"
2025-09-20 21:08:44.765902747+00:00,dds75-lb-21,2,-33,9.0,"{""Bat"": 3.333, ""Distance_mm"": 720, ""Interrupt_flag"": 0, ""Node_type"": ""DDS75-LB"", ""Sensor_flag"": 1, ""TempC_DS18B20"": 32.76}"
2025-09-20 21:09:44.724410532+00:00,dds75-lb-21,2,-33,9.25,"{""Bat"": 3.333, ""Distance_mm"": 720, ""Interrupt_flag"": 0, ""Node_type"": ""DDS75-LB"", ""Sensor_flag"": 1, ""TempC_DS18B20"": 32.76}"
2025-09-20 21:10:44.716738365+00:00,dds75-lb-21,2,-30,9.0,"{""Bat"": 3.333, ""Distance_mm"": 720, ""Interrupt_flag"": 0, ""Node_type"": ""DDS75-LB"", ""Sensor_flag"": 1, ""TempC_DS18B20"": 32.76}"
2025-09-20 21:11:44.714924982+00:00,dds75-lb-21,2,-31,7.75,"{""Bat"": 3.333, ""Distance_mm"": 720, ""Interrupt_flag"": 0, ""Node_type"": ""DDS75-LB"", ""Sensor_flag"": 1, ""TempC_DS18B20"": 32.76}"
2025-09-20 21:12:44.698986726+00:00,dds75-lb-21,2,-113,0.5,"{""Bat"": 3.333, ""Distance_mm"": 720, ""Interrupt_flag"": 0, ""Node_type"": ""DDS75-LB"", ""Sensor_flag"": 1, ""TempC_DS18B20"": 32.76}"
2025-09-20 21:13:44.685601896+00:00,dds75-lb-21,2,-31,9.5,"{""Bat"": 3.333, ""Distance_mm"": 720, ""Interrupt_flag"": 0, ""Node_type"": ""DDS75-LB"", ""Sensor_flag"": 1, ""TempC_DS18B20"": 32.76}"
2025-09-20 21:14:44.696048001+00:00,dds75-lb-21,2,-31,7.75,"{""Bat"": 3.333, ""Distance_mm"": 720, ""Interrupt_flag"": 0, ""Node_type"": ""DDS75-LB"", ""Sensor_flag"": 1, ""TempC_DS18B20"": 32.76}"
2025-09-20 21:15:44.668181704+00:00,dds75-lb-21,2,-30,10.25,"{""Bat"": 3.333, ""Distance_mm"": 720, ""Interrupt_flag"": 0, ""Node_type"": ""DDS75-LB"", ""Sensor_flag"": 1, ""TempC_DS18B20"": 32.76}"
2025-09-20 21:16:44.668824380+00:00,dds75-lb-21,2,-31,9.25,"{""Bat"": 3.333, ""Distance_mm"": 720, ""Interrupt_flag"": 0, ""Node_type"": ""DDS75-LB"", ""Sensor_flag"": 1, ""TempC_DS18B20"": 32.76}"
2025-09-20 21:17:44.644978159+00:00,dds75-lb-21,2,-31,10.25,"{""Bat"": 3.333, ""Distance_mm"": 720, ""Interrupt_flag"": 0, ""Node_type"": ""DDS75-LB"", ""Sensor_flag"": 1, ""TempC_DS18B20"": 32.76}"
2025-09-20 21:18:44.645002577+00:00,dds75-lb-21,2,-32,9.0,"{""Bat"": 3.333, ""Distance_mm"": 720, ""Interrupt_flag"": 0, ""Node_type"": ""DDS75-LB"", ""Sensor_flag"": 1, ""TempC_DS18B20"": 32.76}"
2025-09-20 21:19:44.621962927+00:00,dds75-lb-21,2,-119,-4.5,"{""Bat"": 3.333, ""Distance_mm"": 720, ""Interrupt_flag"": 0, ""Node_type"": ""DDS75-LB"", ""Sensor_flag"": 1, ""TempC_DS18B20"": 32.76}"
2025-09-20 21:20:44.610694290+00:00,dds75-lb-21,2,-30,9.0,"{""Bat"": 3.333, ""Distance_mm"": 720, ""Interrupt_flag"": 0, ""Node_type"": ""DDS75-LB"", ""Sensor_flag"": 1, ""TempC_DS18B20"": 32.76}"
2025-09-20 21:21:44.627581238+00:00,dds75-lb-21,2,-32,9.5,"{""Bat"": 3.333, ""Distance_mm"": 720, ""Interrupt_flag"": 0, ""Node_type"": ""DDS75-LB"", ""Sensor_flag"": 1, ""TempC_DS18B20"": 32.76}"
2025-09-20 21:22:44.586943966+00:00,dds75-lb-21,2,-116,-1.5,"{""Bat"": 3.333, ""Distance_mm"": 720, ""Interrupt_flag"": 0, ""Node_type"": ""DDS75-LB"", ""Sensor_flag"": 1, ""TempC_DS18B20"": 32.76}"
2025-09-20 21:23:44.577669462+00:00,dds75-lb-21,2,-31,9.25,"{""Bat"": 3.333, ""Distance_mm"": 720, ""Interrupt_flag"": 0, ""Node_type"": ""DDS75-LB"", ""Sensor_flag"": 1, ""TempC_DS18B20"": 32.76}"
2025-09-20 21:24:44.576144147+00:00,dds75-lb-21,2,-30,9.0,"{""Bat"": 3.333, ""Distance_mm"": 720, ""Interrupt_flag"": 0, ""Node_type"": ""DDS75-LB"", ""Sensor_flag"": 1, ""TempC_DS18B20"": 32.76}"
2025-09-20 21:25:44.553429454+00:00,dds75-lb-21,2,-33,8.75,"{""Bat"": 3.333, ""Distance_mm"": 720, ""Interrupt_flag"": 0, ""Node_type"": ""DDS75-LB"", ""Sensor_flag"": 1, ""TempC_DS18B20"": 32.76}"
2025-09-20 21:26:44.559378547+00:00,dds75-lb-21,2,-30,8.75,"{""Bat"": 3.333, ""Distance_mm"": 720, ""Interrupt_flag"": 0, ""Node_type"": ""DDS75-LB"", ""Sensor_flag"": 1, ""TempC_DS18B20"": 32.76}"
2025-09-20 21:27:44.552689504+00:00,dds75-lb-21,2,-33,11.75,"{""Bat"": 3.333, ""Distance_mm"": 720, ""Interrupt_flag"": 0, ""Node_type"": ""DDS75-LB"", ""Sensor_flag"": 1, ""TempC_DS18B20"": 32.76}"
2025-09-20 21:28:44.526158155+00:00,dds75-lb-21,2,-117,-3.25,"{""Bat"": 3.333, ""Distance_mm"": 720, ""Interrupt_flag"": 0, ""Node_type"": ""DDS75-LB"", ""Sensor_flag"": 1, ""TempC_DS18B20"": 32.76}"
2025-09-20 21:29:44.525308326+00:00,dds75-lb-21,2,-33,9.5,"{""Bat"": 3.333, ""Distance_mm"": 720, ""Interrupt_flag"": 0, ""Node_type"": ""DDS75-LB"", ""Sensor_flag"": 1, ""TempC_DS18B20"": 32.76}"
2025-09-20 21:30:44.514504115+00:00,dds75-lb-21,2,-30,10.0,"{""Bat"": 3.333, ""Distance_mm"": 720, ""Interrupt_flag"": 0, ""Node_type"": ""DDS75-LB"", ""Sensor_flag"": 1, ""TempC_DS18B20"": 32.76}"
2025-09-20 21:31:44.493487624+00:00,dds75-lb-21,2,-30,7.0,"{""Bat"": 3.333, ""Distance_mm"": 720, ""Interrupt_flag"": 0, ""Node_type"": ""DDS75-LB"", ""Sensor_flag"": 1, ""TempC_DS18B20"": 32.76}"
2025-09-20 21:32:44.482065837+00:00,dds75-lb-21,2,-33,10.25,"{""Bat"": 3.333, ""Distance_mm"": 720, ""Interrupt_flag"": 0, ""Node_type"": ""DDS75-LB"", ""Sensor_flag"": 1, ""TempC_DS18B20"": 32.76}"
2025-09-20 21:33:44.478504086+00:00,dds75-lb-21,2,-32,9.25,"{""Bat"": 3.333, ""Distance_mm"": 720, ""Interrupt_flag"": 0, ""Node_type"": ""DDS75-LB"", ""Sensor_flag"": 1, ""TempC_DS18B20"": 32.76}"
2025-09-20 21:34:44.474429650+00:00,dds75-lb-21,2,-32,9.5,"{""Bat"": 3.333, ""Distance_mm"": 720, ""Interrupt_flag"": 0, ""Node_type"": ""DDS75-LB"", ""Sensor_flag"": 1, ""TempC_DS18B20"": 32.76}"
2025-09-20 21:35:44.476952156+00:00,dds75-lb-21,2,-32,9.25,"{""Bat"": 3.333, ""Distance_mm"": 720, ""Interrupt_flag"": 0, ""Node_type"": ""DDS75-LB"", ""Sensor_flag"": 1, ""TempC_DS18B20"": 32.76}"
2025-09-20 21:36:44.456399025+00:00,dds75-lb-21,2,-32,9.0,"{""Bat"": 3.333, ""Distance_mm"": 720, ""Interrupt_flag"": 0, ""Node_type"": ""DDS75-LB"", ""Sensor_flag"": 1, ""TempC_DS18B20"": 32.76}"
2025-09-20 21:37:44.434984468+00:00,dds75-lb-21,2,-31,9.5,"{""Bat"": 3.333, ""Distance_mm"": 720, ""Interrupt_flag"": 0, ""Node_type"": ""DDS75-LB"", ""Sensor_flag"": 1, ""TempC_DS18B20"": 32.76}"
2025-09-20 21:38:44.436321299+00:00,dds75-lb-21,2,-32,9.75,"{""Bat"": 3.333, ""Distance_mm"": 720, ""Interrupt_flag"": 0, ""Node_type"": ""DDS75-LB"", ""Sensor_flag"": 1, ""TempC_DS18B20"": 32.76}"
2025-09-20 21:39:44.413317857+00:00,dds75-lb-21,2,-116,-1.5,"{""Bat"": 3.333, ""Distance_mm"": 720, ""Interrupt_flag"": 0, ""Node_type"": ""DDS75-LB"", ""Sensor_flag"": 1, ""TempC_DS18B20"": 32.76}"
2025-09-20 21:40:44.406358797+00:00,dds75-lb-21,2,-33,10.0,"{""Bat"": 3.333, ""Distance_mm"": 720, ""Interrupt_flag"": 0, ""Node_type"": ""DDS75-LB"", ""Sensor_flag"": 1, ""TempC_DS18B20"": 32.76}"
2025-09-20 21:41:44.406060558+00:00,dds75-lb-21,2,-31,10.0,"{""Bat"": 3.333, ""Distance_mm"": 720, ""Interrupt_flag"": 0, ""Node_type"": ""DDS75-LB"", ""Sensor_flag"": 1, ""TempC_DS18B20"": 32.76}"
2025-09-20 21:42:44.394490079+00:00,dds75-lb-21,2,-33,9.75,"{""Bat"": 3.333, ""Distance_mm"": 720, ""Interrupt_flag"": 0, ""Node_type"": ""DDS75-LB"", ""Sensor_flag"": 1, ""TempC_DS18B20"": 32.76}"
2025-09-20 21:43:44.386054789+00:00,dds75-lb-21,2,-33,9.0,"{""Bat"": 3.333, ""Distance_mm"": 720, ""Interrupt_flag"": 0, ""Node_type"": ""DDS75-LB"", ""Sensor_flag"": 1, ""TempC_DS18B20"": 32.76}"
2025-09-20 21:44:44.363509891+00:00,dds75-lb-21,2,-33,9.75,"{""Bat"": 3.333, ""Distance_mm"": 720, ""Interrupt_flag"": 0, ""Node_type"": ""DDS75-LB"", ""Sensor_flag"": 1, ""TempC_DS18B20"": 32.76}"
2025-09-20 21:45:44.358218980+00:00,dds75-lb-21,2,-33,8.75,"{""Bat"": 3.333, ""Distance_mm"": 720, ""Interrupt_flag"": 0, ""Node_type"": ""DDS75-LB"", ""Sensor_flag"": 1, ""TempC_DS18B20"": 32.76}"
2025-09-20 21:46:44.339551008+00:00,dds75-lb-21,2,-29,9.0,"{""Bat"": 3.333, ""Distance_mm"": 720, ""Interrupt_flag"": 0, ""Node_type"": ""DDS75-LB"", ""Sensor_flag"": 1, ""TempC_DS18B20"": 32.76}"
2025-09-20 21:47:44.335796229+00:00,dds75-lb-21,2,-32,7.5,"{""Bat"": 3.333, ""Distance_mm"": 720, ""Interrupt_flag"": 0, ""Node_type"": ""DDS75-LB"", ""Sensor_flag"": 1, ""TempC_DS18B20"": 32.76}"
2025-09-20 21:48:44.324319892+00:00,dds75-lb-21,2,-30,7.75,"{""Bat"": 3.333, ""Distance_mm"": 720, ""Interrupt_flag"": 0, ""Node_type"": ""DDS75-LB"", ""Sensor_flag"": 1, ""TempC_DS18B20"": 32.76}"
2025-09-20 21:49:44.318645012+00:00,dds75-lb-21,2,-30,9.0,"{""Bat"": 3.333, ""Distance_mm"": 720, ""Interrupt_flag"": 0, ""Node_type"": ""DDS75-LB"", ""Sensor_flag"": 1, ""TempC_DS18B20"": 32.76}"
2025-09-20 21:50:44.295559455+00:00,dds75-lb-21,2,-30,9.75,"{""Bat"": 3.333, ""Distance_mm"": 720, ""Interrupt_flag"": 0, ""Node_type"": ""DDS75-LB"", ""Sensor_flag"": 1, ""TempC_DS18B20"": 32.76}"
2025-09-20 21:51:44.293458995+00:00,dds75-lb-21,2,-32,9.5,"{""Bat"": 3.333, ""Distance_mm"": 720, ""Interrupt_flag"": 0, ""Node_type"": ""DDS75-LB"", ""Sensor_flag"": 1, ""TempC_DS18B20"": 32.76}"
2025-09-20 21:52:44.297830633+00:00,dds75-lb-21,2,-31,10.0,"{""Bat"": 3.333, ""Distance_mm"": 720, ""Interrupt_flag"": 0, ""Node_type"": ""DDS75-LB"", ""Sensor_flag"": 1, ""TempC_DS18B20"": 32.76}"
2025-09-20 21:53:44.268681995+00:00,dds75-lb-21,2,-116,-1.75,"{""Bat"": 3.333, ""Distance_mm"": 720, ""Interrupt_flag"": 0, ""Node_type"": ""DDS75-LB"", ""Sensor_flag"": 1, ""TempC_DS18B20"": 32.76}"
2025-09-20 21:54:44.274299387+00:00,dds75-lb-21,2,-31,9.5,"{""Bat"": 3.333, ""Distance_mm"": 720, ""Interrupt_flag"": 0, ""Node_type"": ""DDS75-LB"", ""Sensor_flag"": 1, ""TempC_DS18B20"": 32.76}"
2025-09-20 21:55:44.238589031+00:00,dds75-lb-21,2,-119,-4.75,"{""Bat"": 3.333, ""Distance_mm"": 720, ""Interrupt_flag"": 0, ""Node_type"": ""DDS75-LB"", ""Sensor_flag"": 1, ""TempC_DS18B20"": 32.76}"
2025-09-20 21:56:44.243573671+00:00,dds75-lb-21,2,-31,7.0,"{""Bat"": 3.333, ""Distance_mm"": 720, ""Interrupt_flag"": 0, ""Node_type"": ""DDS75-LB"", ""Sensor_flag"": 1, ""TempC_DS18B20"": 32.76}"
2025-09-20 21:57:44.219904875+00:00,dds75-lb-21,2,-122,-7.5,"{""Bat"": 3.333, ""Distance_mm"": 720, ""Interrupt_flag"": 0, ""Node_type"": ""DDS75-LB"", ""Sensor_flag"": 1, ""TempC_DS18B20"": 32.76}"
2025-09-20 21:58:44.210680781+00:00,dds75-lb-21,2,-32,9.75,"{""Bat"": 3.333, ""Distance_mm"": 720, ""Interrupt_flag"": 0, ""Node_type"": ""DDS75-LB"", ""Sensor_flag"": 1, ""TempC_DS18B20"": 32.76}"
2025-09-20 21:59:44.211534930+00:00,dds75-lb-21,2,-35,6.5,"{""Bat"": 3.333, ""Distance_mm"": 720, ""Interrupt_flag"": 0, ""Node_type"": ""DDS75-LB"", ""Sensor_flag"": 1, ""TempC_DS18B20"": 32.76}"
2025-09-20 22:00:44.205953158+00:00,dds75-lb-21,2,-31,9.5,"{""Bat"": 3.333, ""Distance_mm"": 720, ""Interrupt_flag"": 0, ""Node_type"": ""DDS75-LB"", ""Sensor_flag"": 1, ""TempC_DS18B20"": 32.76}"
2025-09-20 22:01:44.171433382+00:00,dds75-lb-21,2,-33,9.75,"{""Bat"": 3.333, ""Distance_mm"": 720, ""Interrupt_flag"": 0, ""Node_type"": ""DDS75-LB"", ""Sensor_flag"": 1, ""TempC_DS18B20"": 32.76}"
2025-09-20 22:02:44.172015191+00:00,dds75-lb-21,2,-31,7.5,"{""Bat"": 3.333, ""Distance_mm"": 720, ""Interrupt_flag"": 0, ""Node_type"": ""DDS75-LB"", ""Sensor_flag"": 1, ""TempC_DS18B20"": 32.76}"
2025-09-20 22:03:44.183903134+00:00,dds75-lb-21,2,-31,9.75,"{""Bat"": 3.333, ""Distance_mm"": 720, ""Interrupt_flag"": 0, ""Node_type"": ""DDS75-LB"", ""Sensor_flag"": 1, ""TempC_DS18B20"": 32.76}"
2025-09-20 22:04:44.165722338+00:00,dds75-lb-21,2,-33,9.75,"{""Bat"": 3.333, ""Distance_mm"": 720, ""Interrupt_flag"": 0, ""Node_type"": ""DDS75-LB"", ""Sensor_flag"": 1, ""TempC_DS18B20"": 32.76}"
2025-09-20 22:05:44.143030588+00:00,dds75-lb-21,2,-121,-4.5,"{""Bat"": 3.333, ""Distance_mm"": 720, ""Interrupt_flag"": 0, ""Node_type"": ""DDS75-LB"", ""Sensor_flag"": 1, ""TempC_DS18B20"": 32.76}"
2025-09-20 22:06:44.131804684+00:00,dds75-lb-21,2,-33,10.0,"{""Bat"": 3.333, ""Distance_mm"": 720, ""Interrupt_flag"": 0, ""Node_type"": ""DDS75-LB"", ""Sensor_flag"": 1, ""TempC_DS18B20"": 32.76}"
2025-09-20 22:07:44.141420391+00:00,dds75-lb-21,2,-33,6.5,"{""Bat"": 3.333, ""Distance_mm"": 720, ""Interrupt_flag"": 0, ""Node_type"": ""DDS75-LB"", ""Sensor_flag"": 1, ""TempC_DS18B20"": 32.76}"
2025-09-20 22:08:44.121506138+00:00,dds75-lb-21,2,-33,10.5,"{""Bat"": 3.333, ""Distance_mm"": 720, ""Interrupt_flag"": 0, ""Node_type"": ""DDS75-LB"", ""Sensor_flag"": 1, ""TempC_DS18B20"": 32.76}"
2025-09-20 22:09:44.111951113+00:00,dds75-lb-21,2,-35,10.25,"{""Bat"": 3.333, ""Distance_mm"": 720, ""Interrupt_flag"": 0, ""Node_type"": ""DDS75-LB"", ""Sensor_flag"": 1, ""TempC_DS18B20"": 32.76}"
2025-09-20 22:10:44.088560277+00:00,dds75-lb-21,2,-32,7.25,"{""Bat"": 3.333, ""Distance_mm"": 720, ""Interrupt_flag"": 0, ""Node_type"": ""DDS75-LB"", ""Sensor_flag"": 1, ""TempC_DS18B20"": 32.76}"
2025-09-20 22:11:44.066580309+00:00,dds75-lb-21,2,-31,7.25,"{""Bat"": 3.333, ""Distance_mm"": 720, ""Interrupt_flag"": 0, ""Node_type"": ""DDS75-LB"", ""Sensor_flag"": 1, ""TempC_DS18B20"": 32.76}"
2025-09-20 22:12:44.075107934+00:00,dds75-lb-21,2,-31,7.0,"{""Bat"": 3.333, ""Distance_mm"": 720, ""Interrupt_flag"": 0, ""Node_type"": ""DDS75-LB"", ""Sensor_flag"": 1, ""TempC_DS18B20"": 32.76}"
2025-09-20 22:13:44.061351618+00:00,dds75-lb-21,2,-119,-2.5,"{""Bat"": 3.333, ""Distance_mm"": 720, ""Interrupt_flag"": 0, ""Node_type"": ""DDS75-LB"", ""Sensor_flag"": 1, ""TempC_DS18B20"": 32.76}"
2025-09-20 22:14:44.044479443+00:00,dds75-lb-21,2,-33,9.75,"{""Bat"": 3.333, ""Distance_mm"": 720, ""Interrupt_flag"": 0, ""Node_type"": ""DDS75-LB"", ""Sensor_flag"": 1, ""TempC_DS18B20"": 32.76}"
2025-09-20 22:15:44.044576706+00:00,dds75-lb-21,2,-33,10.75,"{""Bat"": 3.333, ""Distance_mm"": 720, ""Interrupt_flag"": 0, ""Node_type"": ""DDS75-LB"", ""Sensor_flag"": 1, ""TempC_DS18B20"": 32.76}"
2025-09-20 22:16:44.053189975+00:00,dds75-lb-21,2,-30,10.25,"{""Bat"": 3.333, ""Distance_mm"": 720, ""Interrupt_flag"": 0, ""Node_type"": ""DDS75-LB"", ""Sensor_flag"": 1, ""TempC_DS18B20"": 32.76}"
2025-09-20 22:17:44.014249696+00:00,dds75-lb-21,2,-33,9.25,"{""Bat"": 3.333, ""Distance_mm"": 720, ""Interrupt_flag"": 0, ""Node_type"": ""DDS75-LB"", ""Sensor_flag"": 1, ""TempC_DS18B20"": 32.76}"
2025-09-20 22:18:44.007485757+00:00,dds75-lb-21,2,-30,7.0,"{""Bat"": 3.333, ""Distance_mm"": 720, ""Interrupt_flag"": 0, ""Node_type"": ""DDS75-LB"", ""Sensor_flag"": 1, ""TempC_DS18B20"": 32.76}"
2025-09-20 22:19:44.016495065+00:00,dds75-lb-21,2,-32,6.75,"{""Bat"": 3.333, ""Distance_mm"": 720, ""Interrupt_flag"": 0, ""Node_type"": ""DDS75-LB"", ""Sensor_flag"": 1, ""TempC_DS18B20"": 32.76}"
2025-09-20 22:20:43.996575157+00:00,dds75-lb-21,2,-33,10.5,"{""Bat"": 3.333, ""Distance_mm"": 720, ""Interrupt_flag"": 0, ""Node_type"": ""DDS75-LB"", ""Sensor_flag"": 1, ""TempC_DS18B20"": 32.76}"
2025-09-20 22:21:43.987746648+00:00,dds75-lb-21,2,-33,10.5,"{""Bat"": 3.333, ""Distance_mm"": 720, ""Interrupt_flag"": 0, ""Node_type"": ""DDS75-LB"", ""Sensor_flag"": 1, ""TempC_DS18B20"": 32.76}"
2025-09-20 22:22:43.976992208+00:00,dds75-lb-21,2,-35,10.25,"{""Bat"": 3.333, ""Distance_mm"": 720, ""Interrupt_flag"": 0, ""Node_type"": ""DDS75-LB"", ""Sensor_flag"": 1, ""TempC_DS18B20"": 32.76}"
2025-09-20 22:23:43.954894269+00:00,dds75-lb-21,2,-116,-7.25,"{""Bat"": 3.333, ""Distance_mm"": 720, ""Interrupt_flag"": 0, ""Node_type"": ""DDS75-LB"", ""Sensor_flag"": 1, ""TempC_DS18B20"": 32.76}"
2025-09-20 22:24:43.949151882+00:00,dds75-lb-21,2,-30,9.0,"{""Bat"": 3.333, ""Distance_mm"": 720, ""Interrupt_flag"": 0, ""Node_type"": ""DDS75-LB"", ""Sensor_flag"": 1, ""TempC_DS18B20"": 32.76}"
2025-09-20 22:25:43.949804201+00:00,dds75-lb-21,2,-33,9.75,"{""Bat"": 3.333, ""Distance_mm"": 720, ""Interrupt_flag"": 0, ""Node_type"": ""DDS75-LB"", ""Sensor_flag"": 1, ""TempC_DS18B20"": 32.76}"
2025-09-20 22:26:43.931179704+00:00,dds75-lb-21,2,-31,7.25,"{""Bat"": 3.333, ""Distance_mm"": 720, ""Interrupt_flag"": 0, ""Node_type"": ""DDS75-LB"", ""Sensor_flag"": 1, ""TempC_DS18B20"": 32.76}"
2025-09-20 22:27:43.931678192+00:00,dds75-lb-21,2,-32,8.75,"{""Bat"": 3.333, ""Distance_mm"": 720, ""Interrupt_flag"": 0, ""Node_type"": ""DDS75-LB"", ""Sensor_flag"": 1, ""TempC_DS18B20"": 32.76}"
2025-09-20 22:28:43.900675009+00:00,dds75-lb-21,2,-32,7.0,"{""Bat"": 3.333, ""Distance_mm"": 720, ""Interrupt_flag"": 0, ""Node_type"": ""DDS75-LB"", ""Sensor_flag"": 1, ""TempC_DS18B20"": 32.76}"
2025-09-20 22:29:43.901069647+00:00,dds75-lb-21,2,-31,10.5,"{""Bat"": 3.333, ""Distance_mm"": 720, ""Interrupt_flag"": 0, ""Node_type"": ""DDS75-LB"", ""Sensor_flag"": 1, ""TempC_DS18B20"": 32.76}"
2025-09-20 22:30:43.868021278+00:00,dds75-lb-21,2,-35,9.0,"{""Bat"": 3.333, ""Distance_mm"": 720, ""Interrupt_flag"": 0, ""Node_type"": ""DDS75-LB"", ""Sensor_flag"": 1, ""TempC_DS18B20"": 32.76}"
2025-09-20 22:31:43.881283614+00:00,dds75-lb-21,2,-30,7.0,"{""Bat"": 3.333, ""Distance_mm"": 720, ""Interrupt_flag"": 0, ""Node_type"": ""DDS75-LB"", ""Sensor_flag"": 1, ""TempC_DS18B20"": 32.76}"
2025-09-20 22:32:43.871610597+00:00,dds75-lb-21,2,-30,9.75,"{""Bat"": 3.333, ""Distance_mm"": 720, ""Interrupt_flag"": 0, ""Node_type"": ""DDS75-LB"", ""Sensor_flag"": 1, ""TempC_DS18B20"": 32.76}"
2025-09-20 22:33:43.866648070+00:00,dds75-lb-21,2,-35,9.5,"{""Bat"": 3.333, ""Distance_mm"": 720, ""Interrupt_flag"": 0, ""Node_type"": ""DDS75-LB"", ""Sensor_flag"": 1, ""TempC_DS18B20"": 32.76}"
2025-09-20 22:34:43.839833319+00:00,dds75-lb-21,2,-31,7.0,"{""Bat"": 3.333, ""Distance_mm"": 720, ""Interrupt_flag"": 0, ""Node_type"": ""DDS75-LB"", ""Sensor_flag"": 1, ""TempC_DS18B20"": 32.76}"
2025-09-20 22:35:43.847556930+00:00,dds75-lb-21,2,-30,9.25,"{""Bat"": 3.333, ""Distance_mm"": 720, ""Interrupt_flag"": 0, ""Node_type"": ""DDS75-LB"", ""Sensor_flag"": 1, ""TempC_DS18B20"": 32.76}"
2025-09-20 22:36:43.817256297+00:00,dds75-lb-21,2,-33,7.25,"{""Bat"": 3.333, ""Distance_mm"": 720, ""Interrupt_flag"": 0, ""Node_type"": ""DDS75-LB"", ""Sensor_flag"": 1, ""TempC_DS18B20"": 32.76}"
2025-09-20 22:37:43.807159581+00:00,dds75-lb-21,2,-29,10.0,"{""Bat"": 3.333, ""Distance_mm"": 720, ""Interrupt_flag"": 0, ""Node_type"": ""DDS75-LB"", ""Sensor_flag"": 1, ""TempC_DS18B20"": 32.76}"
2025-09-20 22:38:43.799386783+00:00,dds75-lb-21,2,-31,9.0,"{""Bat"": 3.333, ""Distance_mm"": 720, ""Interrupt_flag"": 0, ""Node_type"": ""DDS75-LB"", ""Sensor_flag"": 1, ""TempC_DS18B20"": 32.76}"
2025-09-20 22:39:43.780846824+00:00,dds75-lb-21,2,-30,7.25,"{""Bat"": 3.333, ""Distance_mm"": 720, ""Interrupt_flag"": 0, ""Node_type"": ""DDS75-LB"", ""Sensor_flag"": 1, ""TempC_DS18B20"": 32.76}"
2025-09-20 22:40:43.770801053+00:00,dds75-lb-21,2,-32,9.25,"{""Bat"": 3.333, ""Distance_mm"": 720, ""Interrupt_flag"": 0, ""Node_type"": ""DDS75-LB"", ""Sensor_flag"": 1, ""TempC_DS18B20"": 32.76}"
2025-09-20 22:41:43.787620048+00:00,dds75-lb-21,2,-32,8.75,"{""Bat"": 3.333, ""Distance_mm"": 720, ""Interrupt_flag"": 0, ""Node_type"": ""DDS75-LB"", ""Sensor_flag"": 1, ""TempC_DS18B20"": 32.76}"
2025-09-20 22:42:43.784221773+00:00,dds75-lb-21,2,-31,10.0,"{""Bat"": 3.333, ""Distance_mm"": 720, ""Interrupt_flag"": 0, ""Node_type"": ""DDS75-LB"", ""Sensor_flag"": 1, ""TempC_DS18B20"": 32.76}"
2025-09-20 22:43:43.757719174+00:00,dds75-lb-21,2,-119,-3.75,"{""Bat"": 3.333, ""Distance_mm"": 720, ""Interrupt_flag"": 0, ""Node_type"": ""DDS75-LB"", ""Sensor_flag"": 1, ""TempC_DS18B20"": 32.76}"
2025-09-20 22:44:43.737966683+00:00,dds75-lb-21,2,-31,9.75,"{""Bat"": 3.333, ""Distance_mm"": 720, ""Interrupt_flag"": 0, ""Node_type"": ""DDS75-LB"", ""Sensor_flag"": 1, ""TempC_DS18B20"": 32.76}"
2025-09-20 22:45:43.736809847+00:00,dds75-lb-21,2,-32,9.5,"{""Bat"": 3.333, ""Distance_mm"": 720, ""Interrupt_flag"": 0, ""Node_type"": ""DDS75-LB"", ""Sensor_flag"": 1, ""TempC_DS18B20"": 32.76}"
2025-09-20 22:46:43.718807191+00:00,dds75-lb-21,2,-32,8.5,"{""Bat"": 3.333, ""Distance_mm"": 720, ""Interrupt_flag"": 0, ""Node_type"": ""DDS75-LB"", ""Sensor_flag"": 1, ""TempC_DS18B20"": 32.76}"
2025-09-20 22:47:43.705591337+00:00,dds75-lb-21,2,-33,9.0,"{""Bat"": 3.333, ""Distance_mm"": 720, ""Interrupt_flag"": 0, ""Node_type"": ""DDS75-LB"", ""Sensor_flag"": 1, ""TempC_DS18B20"": 32.76}"
2025-09-20 22:48:43.696539978+00:00,dds75-lb-21,2,-32,10.5,"{""Bat"": 3.333, ""Distance_mm"": 720, ""Interrupt_flag"": 0, ""Node_type"": ""DDS75-LB"", ""Sensor_flag"": 1, ""TempC_DS18B20"": 32.76}"
2025-09-20 22:49:43.685402640+00:00,dds75-lb-21,2,-30,9.0,"{""Bat"": 3.333, ""Distance_mm"": 720, ""Interrupt_flag"": 0, ""Node_type"": ""DDS75-LB"", ""Sensor_flag"": 1, ""TempC_DS18B20"": 32.76}"
2025-09-20 22:50:43.676173191+00:00,dds75-lb-21,2,-31,7.0,"{""Bat"": 3.333, ""Distance_mm"": 720, ""Interrupt_flag"": 0, ""Node_type"": ""DDS75-LB"", ""Sensor_flag"": 1, ""TempC_DS18B20"": 32.76}"
2025-09-20 22:51:43.657893581+00:00,dds75-lb-21,2,-29,8.0,"{""Bat"": 3.333, ""Distance_mm"": 720, ""Interrupt_flag"": 0, ""Node_type"": ""DDS75-LB"", ""Sensor_flag"": 1, ""TempC_DS18B20"": 32.76}"
2025-09-20 22:52:43.646194658+00:00,dds75-lb-21,2,-123,-6.5,"{""Bat"": 3.333, ""Distance_mm"": 720, ""Interrupt_flag"": 0, ""Node_type"": ""DDS75-LB"", ""Sensor_flag"": 1, ""TempC_DS18B20"": 32.76}"
2025-09-20 22:53:43.623033866+00:00,dds75-lb-21,2,-123,-7.5,"{""Bat"": 3.333, ""Distance_mm"": 720, ""Interrupt_flag"": 0, ""Node_type"": ""DDS75-LB"", ""Sensor_flag"": 1, ""TempC_DS18B20"": 32.76}"
2025-09-20 22:54:43.629459309+00:00,dds75-lb-21,2,-31,9.5,"{""Bat"": 3.333, ""Distance_mm"": 720, ""Interrupt_flag"": 0, ""Node_type"": ""DDS75-LB"", ""Sensor_flag"": 1, ""TempC_DS18B20"": 32.76}"
2025-09-20 22:55:43.629164291+00:00,dds75-lb-21,2,-30,7.5,"{""Bat"": 3.333, ""Distance_mm"": 720, ""Interrupt_flag"": 0, ""Node_type"": ""DDS75-LB"", ""Sensor_flag"": 1, ""TempC_DS18B20"": 32.76}"
2025-09-20 22:56:43.708797810+00:00,dds75-lb-21,2,-116,-3.75,"{""Bat"": 3.333, ""Distance_mm"": 720, ""Interrupt_flag"": 0, ""Node_type"": ""DDS75-LB"", ""Sensor_flag"": 1, ""TempC_DS18B20"": 32.76}"
2025-09-20 22:57:43.597923217+00:00,dds75-lb-21,2,-32,8.75,"{""Bat"": 3.333, ""Distance_mm"": 720, ""Interrupt_flag"": 0, ""Node_type"": ""DDS75-LB"", ""Sensor_flag"": 1, ""TempC_DS18B20"": 32.76}"
2025-09-20 22:58:43.570604460+00:00,dds75-lb-21,2,-32,10.5,"{""Bat"": 3.333, ""Distance_mm"": 720, ""Interrupt_flag"": 0, ""Node_type"": ""DDS75-LB"", ""Sensor_flag"": 1, ""TempC_DS18B20"": 32.76}"
2025-09-20 22:59:43.574932863+00:00,dds75-lb-21,2,-31,7.0,"{""Bat"": 3.333, ""Distance_mm"": 720, ""Interrupt_flag"": 0, ""Node_type"": ""DDS75-LB"", ""Sensor_flag"": 1, ""TempC_DS18B20"": 32.76}"
2025-09-20 23:00:43.577505426+00:00,dds75-lb-21,2,-32,7.0,"{""Bat"": 3.333, ""Distance_mm"": 720, ""Interrupt_flag"": 0, ""Node_type"": ""DDS75-LB"", ""Sensor_flag"": 1, ""TempC_DS18B20"": 32.76}"
2025-09-20 23:01:43.553239166+00:00,dds75-lb-21,2,-32,10.25,"{""Bat"": 3.333, ""Distance_mm"": 720, ""Interrupt_flag"": 0, ""Node_type"": ""DDS75-LB"", ""Sensor_flag"": 1, ""TempC_DS18B20"": 32.76}"
2025-09-20 23:02:43.527919462+00:00,dds75-lb-21,2,-33,9.25,"{""Bat"": 3.333, ""Distance_mm"": 720, ""Interrupt_flag"": 0, ""Node_type"": ""DDS75-LB"", ""Sensor_flag"": 1, ""TempC_DS18B20"": 32.76}"
2025-09-20 23:03:43.526708453+00:00,dds75-lb-21,2,-31,7.25,"{""Bat"": 3.333, ""Distance_mm"": 720, ""Interrupt_flag"": 0, ""Node_type"": ""DDS75-LB"", ""Sensor_flag"": 1, ""TempC_DS18B20"": 32.76}"
2025-09-20 23:04:43.525109954+00:00,dds75-lb-21,2,-32,9.0,"{""Bat"": 3.333, ""Distance_mm"": 720, ""Interrupt_flag"": 0, ""Node_type"": ""DDS75-LB"", ""Sensor_flag"": 1, ""TempC_DS18B20"": 32.76}"
2025-09-20 23:05:43.517924384+00:00,dds75-lb-21,2,-31,9.0,"{""Bat"": 3.333, ""Distance_mm"": 720, ""Interrupt_flag"": 0, ""Node_type"": ""DDS75-LB"", ""Sensor_flag"": 1, ""TempC_DS18B20"": 32.76}"
2025-09-20 23:06:43.518845779+00:00,dds75-lb-21,2,-29,7.5,"{""Bat"": 3.333, ""Distance_mm"": 720, ""Interrupt_flag"": 0, ""Node_type"": ""DDS75-LB"", ""Sensor_flag"": 1, ""TempC_DS18B20"": 32.76}"
2025-09-20 23:07:43.507921921+00:00,dds75-lb-21,2,-30,9.5,"{""Bat"": 3.333, ""Distance_mm"": 720, ""Interrupt_flag"": 0, ""Node_type"": ""DDS75-LB"", ""Sensor_flag"": 1, ""TempC_DS18B20"": 32.76}"
2025-09-20 23:08:43.498365235+00:00,dds75-lb-21,2,-33,10.5,"{""Bat"": 3.333, ""Distance_mm"": 720, ""Interrupt_flag"": 0, ""Node_type"": ""DDS75-LB"", ""Sensor_flag"": 1, ""TempC_DS18B20"": 32.76}"
2025-09-20 23:09:43.469014822+00:00,dds75-lb-21,2,-33,9.25,"{""Bat"": 3.333, ""Distance_mm"": 720, ""Interrupt_flag"": 0, ""Node_type"": ""DDS75-LB"", ""Sensor_flag"": 1, ""TempC_DS18B20"": 32.76}"
2025-09-20 23:10:43.459214638+00:00,dds75-lb-21,2,-32,9.5,"{""Bat"": 3.333, ""Distance_mm"": 720, ""Interrupt_flag"": 0, ""Node_type"": ""DDS75-LB"", ""Sensor_flag"": 1, ""TempC_DS18B20"": 32.76}"
2025-09-20 23:11:43.458955462+00:00,dds75-lb-21,2,-30,7.25,"{""Bat"": 3.333, ""Distance_mm"": 720, ""Interrupt_flag"": 0, ""Node_type"": ""DDS75-LB"", ""Sensor_flag"": 1, ""TempC_DS18B20"": 32.76}"
2025-09-20 23:12:43.525140489+00:00,dds75-lb-21,2,-119,-7.25,"{""Bat"": 3.333, ""Distance_mm"": 720, ""Interrupt_flag"": 0, ""Node_type"": ""DDS75-LB"", ""Sensor_flag"": 1, ""TempC_DS18B20"": 32.76}"
2025-09-20 23:13:43.447731375+00:00,dds75-lb-21,2,-33,9.5,"{""Bat"": 3.333, ""Distance_mm"": 720, ""Interrupt_flag"": 0, ""Node_type"": ""DDS75-LB"", ""Sensor_flag"": 1, ""TempC_DS18B20"": 32.76}"
2025-09-20 23:14:43.417970944+00:00,dds75-lb-21,2,-29,8.0,"{""Bat"": 3.333, ""Distance_mm"": 720, ""Interrupt_flag"": 0, ""Node_type"": ""DDS75-LB"", ""Sensor_flag"": 1, ""TempC_DS18B20"": 32.76}"
2025-09-20 23:15:43.412428929+00:00,dds75-lb-21,2,-29,9.25,"{""Bat"": 3.333, ""Distance_mm"": 720, ""Interrupt_flag"": 0, ""Node_type"": ""DDS75-LB"", ""Sensor_flag"": 1, ""TempC_DS18B20"": 32.76}"
2025-09-20 23:16:43.406866655+00:00,dds75-lb-21,2,-33,10.5,"{""Bat"": 3.333, ""Distance_mm"": 720, ""Interrupt_flag"": 0, ""Node_type"": ""DDS75-LB"", ""Sensor_flag"": 1, ""TempC_DS18B20"": 32.76}"
2025-09-20 23:17:43.439116485+00:00,dds75-lb-21,2,-31,10.0,"{""Bat"": 3.333, ""Distance_mm"": 720, ""Interrupt_flag"": 0, ""Node_type"": ""DDS75-LB"", ""Sensor_flag"": 1, ""TempC_DS18B20"": 32.76}"
2025-09-20 23:18:43.417373915+00:00,dds75-lb-21,2,-32,9.25,"{""Bat"": 3.333, ""Distance_mm"": 720, ""Interrupt_flag"": 0, ""Node_type"": ""DDS75-LB"", ""Sensor_flag"": 1, ""TempC_DS18B20"": 32.76}"
2025-09-20 23:19:43.377369069+00:00,dds75-lb-21,2,-117,-1.75,"{""Bat"": 3.333, ""Distance_mm"": 720, ""Interrupt_flag"": 0, ""Node_type"": ""DDS75-LB"", ""Sensor_flag"": 1, ""TempC_DS18B20"": 32.76}"
2025-09-20 23:20:43.417383251+00:00,dds75-lb-21,2,-33,9.75,"{""Bat"": 3.333, ""Distance_mm"": 720, ""Interrupt_flag"": 0, ""Node_type"": ""DDS75-LB"", ""Sensor_flag"": 1, ""TempC_DS18B20"": 32.76}"
2025-09-20 23:21:43.376160026+00:00,dds75-lb-21,2,-116,-0.5,"{""Bat"": 3.333, ""Distance_mm"": 720, ""Interrupt_flag"": 0, ""Node_type"": ""DDS75-LB"", ""Sensor_flag"": 1, ""TempC_DS18B20"": 32.76}"
2025-09-20 23:22:43.396910362+00:00,dds75-lb-21,2,-31,9.5,"{""Bat"": 3.333, ""Distance_mm"": 720, ""Interrupt_flag"": 0, ""Node_type"": ""DDS75-LB"", ""Sensor_flag"": 1, ""TempC_DS18B20"": 32.76}"
2025-09-20 23:23:43.317657738+00:00,dds75-lb-21,2,-32,9.25,"{""Bat"": 3.333, ""Distance_mm"": 720, ""Interrupt_flag"": 0, ""Node_type"": ""DDS75-LB"", ""Sensor_flag"": 1, ""TempC_DS18B20"": 32.76}"
2025-09-20 23:24:43.320609054+00:00,dds75-lb-21,2,-32,9.5,"{""Bat"": 3.333, ""Distance_mm"": 720, ""Interrupt_flag"": 0, ""Node_type"": ""DDS75-LB"", ""Sensor_flag"": 1, ""TempC_DS18B20"": 32.76}"
2025-09-20 23:25:43.300756621+00:00,dds75-lb-21,2,-33,10.25,"{""Bat"": 3.333, ""Distance_mm"": 720, ""Interrupt_flag"": 0, ""Node_type"": ""DDS75-LB"", ""Sensor_flag"": 1, ""TempC_DS18B20"": 32.76}"
2025-09-20 23:26:43.303034152+00:00,dds75-lb-21,2,-31,9.25,"{""Bat"": 3.333, ""Distance_mm"": 720, ""Interrupt_flag"": 0, ""Node_type"": ""DDS75-LB"", ""Sensor_flag"": 1, ""TempC_DS18B20"": 32.76}"
2025-09-20 23:27:43.296846311+00:00,dds75-lb-21,2,-31,7.0,"{""Bat"": 3.333, ""Distance_mm"": 720, ""Interrupt_flag"": 0, ""Node_type"": ""DDS75-LB"", ""Sensor_flag"": 1, ""TempC_DS18B20"": 32.76}"
2025-09-20 23:28:43.277297232+00:00,dds75-lb-21,2,-30,8.75,"{""Bat"": 3.333, ""Distance_mm"": 720, ""Interrupt_flag"": 0, ""Node_type"": ""DDS75-LB"", ""Sensor_flag"": 1, ""TempC_DS18B20"": 32.76}"
2025-09-20 23:29:43.275798327+00:00,dds75-lb-21,2,-31,9.25,"{""Bat"": 3.333, ""Distance_mm"": 720, ""Interrupt_flag"": 0, ""Node_type"": ""DDS75-LB"", ""Sensor_flag"": 1, ""TempC_DS18B20"": 32.76}"
2025-09-20 23:30:43.261693702+00:00,dds75-lb-21,2,-32,10.25,"{""Bat"": 3.333, ""Distance_mm"": 720, ""Interrupt_flag"": 0, ""Node_type"": ""DDS75-LB"", ""Sensor_flag"": 1, ""TempC_DS18B20"": 32.76}"
2025-09-20 23:31:43.257600873+00:00,dds75-lb-21,2,-32,9.75,"{""Bat"": 3.333, ""Distance_mm"": 720, ""Interrupt_flag"": 0, ""Node_type"": ""DDS75-LB"", ""Sensor_flag"": 1, ""TempC_DS18B20"": 32.76}"
2025-09-20 23:32:43.224870817+00:00,dds75-lb-21,2,-32,9.75,"{""Bat"": 3.333, ""Distance_mm"": 720, ""Interrupt_flag"": 0, ""Node_type"": ""DDS75-LB"", ""Sensor_flag"": 1, ""TempC_DS18B20"": 32.76}"
2025-09-20 23:33:43.272121185+00:00,dds75-lb-21,2,-32,8.75,"{""Bat"": 3.333, ""Distance_mm"": 720, ""Interrupt_flag"": 0, ""Node_type"": ""DDS75-LB"", ""Sensor_flag"": 1, ""TempC_DS18B20"": 32.76}"
2025-09-20 23:34:43.211353858+00:00,dds75-lb-21,2,-29,9.25,"{""Bat"": 3.333, ""Distance_mm"": 720, ""Interrupt_flag"": 0, ""Node_type"": ""DDS75-LB"", ""Sensor_flag"": 1, ""TempC_DS18B20"": 32.76}"
2025-09-20 23:35:43.214914536+00:00,dds75-lb-21,2,-32,7.0,"{""Bat"": 3.333, ""Distance_mm"": 720, ""Interrupt_flag"": 0, ""Node_type"": ""DDS75-LB"", ""Sensor_flag"": 1, ""TempC_DS18B20"": 32.76}"
2025-09-20 23:36:43.204971739+00:00,dds75-lb-21,2,-33,9.0,"{""Bat"": 3.333, ""Distance_mm"": 720, ""Interrupt_flag"": 0, ""Node_type"": ""DDS75-LB"", ""Sensor_flag"": 1, ""TempC_DS18B20"": 32.76}"
2025-09-20 23:37:43.182704565+00:00,dds75-lb-21,2,-33,9.5,"{""Bat"": 3.333, ""Distance_mm"": 720, ""Interrupt_flag"": 0, ""Node_type"": ""DDS75-LB"", ""Sensor_flag"": 1, ""TempC_DS18B20"": 32.76}"
2025-09-20 23:38:43.182704110+00:00,dds75-lb-21,2,-121,-4.75,"{""Bat"": 3.333, ""Distance_mm"": 720, ""Interrupt_flag"": 0, ""Node_type"": ""DDS75-LB"", ""Sensor_flag"": 1, ""TempC_DS18B20"": 32.76}"
2025-09-20 23:39:43.191683501+00:00,dds75-lb-21,2,-120,-3.75,"{""Bat"": 3.333, ""Distance_mm"": 720, ""Interrupt_flag"": 0, ""Node_type"": ""DDS75-LB"", ""Sensor_flag"": 1, ""TempC_DS18B20"": 32.76}"
2025-09-20 23:40:43.145625404+00:00,dds75-lb-21,2,-31,9.25,"{""Bat"": 3.333, ""Distance_mm"": 720, ""Interrupt_flag"": 0, ""Node_type"": ""DDS75-LB"", ""Sensor_flag"": 1, ""TempC_DS18B20"": 32.76}"
2025-09-20 23:41:43.133538673+00:00,dds75-lb-21,2,-28,9.25,"{""Bat"": 3.333, ""Distance_mm"": 720, ""Interrupt_flag"": 0, ""Node_type"": ""DDS75-LB"", ""Sensor_flag"": 1, ""TempC_DS18B20"": 32.76}"
2025-09-20 23:42:43.133332604+00:00,dds75-lb-21,2,-35,9.25,"{""Bat"": 3.333, ""Distance_mm"": 720, ""Interrupt_flag"": 0, ""Node_type"": ""DDS75-LB"", ""Sensor_flag"": 1, ""TempC_DS18B20"": 32.76}"
2025-09-20 23:43:43.126433003+00:00,dds75-lb-21,2,-33,7.0,"{""Bat"": 3.333, ""Distance_mm"": 720, ""Interrupt_flag"": 0, ""Node_type"": ""DDS75-LB"", ""Sensor_flag"": 1, ""TempC_DS18B20"": 32.76}"
2025-09-20 23:44:43.103953511+00:00,dds75-lb-21,2,-32,9.75,"{""Bat"": 3.333, ""Distance_mm"": 720, ""Interrupt_flag"": 0, ""Node_type"": ""DDS75-LB"", ""Sensor_flag"": 1, ""TempC_DS18B20"": 32.76}"
2025-09-20 23:45:43.116119542+00:00,dds75-lb-21,2,-33,9.75,"{""Bat"": 3.333, ""Distance_mm"": 720, ""Interrupt_flag"": 0, ""Node_type"": ""DDS75-LB"", ""Sensor_flag"": 1, ""TempC_DS18B20"": 32.76}"
2025-09-20 23:46:43.097005320+00:00,dds75-lb-21,2,-32,7.75,"{""Bat"": 3.333, ""Distance_mm"": 720, ""Interrupt_flag"": 0, ""Node_type"": ""DDS75-LB"", ""Sensor_flag"": 1, ""TempC_DS18B20"": 32.76}"
2025-09-20 23:47:43.083594613+00:00,dds75-lb-21,2,-32,6.75,"{""Bat"": 3.333, ""Distance_mm"": 720, ""Interrupt_flag"": 0, ""Node_type"": ""DDS75-LB"", ""Sensor_flag"": 1, ""TempC_DS18B20"": 32.76}"
2025-09-20 23:48:43.065318620+00:00,dds75-lb-21,2,-33,11.0,"{""Bat"": 3.333, ""Distance_mm"": 720, ""Interrupt_flag"": 0, ""Node_type"": ""DDS75-LB"", ""Sensor_flag"": 1, ""TempC_DS18B20"": 32.76}"
2025-09-20 23:49:43.050030131+00:00,dds75-lb-21,2,-32,10.0,"{""Bat"": 3.333, ""Distance_mm"": 720, ""Interrupt_flag"": 0, ""Node_type"": ""DDS75-LB"", ""Sensor_flag"": 1, ""TempC_DS18B20"": 32.76}"
2025-09-20 23:50:43.054836755+00:00,dds75-lb-21,2,-33,8.75,"{""Bat"": 3.333, ""Distance_mm"": 720, ""Interrupt_flag"": 0, ""Node_type"": ""DDS75-LB"", ""Sensor_flag"": 1, ""TempC_DS18B20"": 32.76}"
2025-09-20 23:51:43.056383846+00:00,dds75-lb-21,2,-31,6.5,"{""Bat"": 3.333, ""Distance_mm"": 720, ""Interrupt_flag"": 0, ""Node_type"": ""DDS75-LB"", ""Sensor_flag"": 1, ""TempC_DS18B20"": 32.76}"
2025-09-20 23:52:43.042980878+00:00,dds75-lb-21,2,-32,10.0,"{""Bat"": 3.333, ""Distance_mm"": 720, ""Interrupt_flag"": 0, ""Node_type"": ""DDS75-LB"", ""Sensor_flag"": 1, ""TempC_DS18B20"": 32.76}"
2025-09-20 23:53:43.013462397+00:00,dds75-lb-21,2,-32,9.75,"{""Bat"": 3.333, ""Distance_mm"": 720, ""Interrupt_flag"": 0, ""Node_type"": ""DDS75-LB"", ""Sensor_flag"": 1, ""TempC_DS18B20"": 32.76}"
2025-09-20 23:54:43.016588157+00:00,dds75-lb-21,2,-31,10.0,"{""Bat"": 3.333, ""Distance_mm"": 720, ""Interrupt_flag"": 0, ""Node_type"": ""DDS75-LB"", ""Sensor_flag"": 1, ""TempC_DS18B20"": 32.76}"
2025-09-20 23:55:43.010542926+00:00,dds75-lb-21,2,-117,-9.25,"{""Bat"": 3.333, ""Distance_mm"": 720, ""Interrupt_flag"": 0, ""Node_type"": ""DDS75-LB"", ""Sensor_flag"": 1, ""TempC_DS18B20"": 32.76}"
2025-09-20 23:56:42.991661849+00:00,dds75-lb-21,2,-37,7.0,"{""Bat"": 3.333, ""Distance_mm"": 720, ""Interrupt_flag"": 0, ""Node_type"": ""DDS75-LB"", ""Sensor_flag"": 1, ""TempC_DS18B20"": 32.76}"
2025-09-20 23:57:42.985387545+00:00,dds75-lb-21,2,-31,10.0,"{""Bat"": 3.333, ""Distance_mm"": 720, ""Interrupt_flag"": 0, ""Node_type"": ""DDS75-LB"", ""Sensor_flag"": 1, ""TempC_DS18B20"": 32.76}"
2025-09-20 23:58:42.975934273+00:00,dds75-lb-21,2,-33,8.5,"{""Bat"": 3.333, ""Distance_mm"": 720, ""Interrupt_flag"": 0, ""Node_type"": ""DDS75-LB"", ""Sensor_flag"": 1, ""TempC_DS18B20"": 32.76}"
2025-09-20 23:59:42.953025109+00:00,dds75-lb-21,2,-33,10.5,"{""Bat"": 3.333, ""Distance_mm"": 720, ""Interrupt_flag"": 0, ""Node_type"": ""DDS75-LB"", ""Sensor_flag"": 1, ""TempC_DS18B20"": 32.76}"
2025-09-21 00:00:42.955218586+00:00,dds75-lb-21,2,-33,9.75,"{""Bat"": 3.333, ""Distance_mm"": 720, ""Interrupt_flag"": 0, ""Node_type"": ""DDS75-LB"", ""Sensor_flag"": 1, ""TempC_DS18B20"": 32.76}"
2025-09-21 00:01:42.943156422+00:00,dds75-lb-21,2,-119,-2.25,"{""Bat"": 3.333, ""Distance_mm"": 720, ""Interrupt_flag"": 0, ""Node_type"": ""DDS75-LB"", ""Sensor_flag"": 1, ""TempC_DS18B20"": 32.76}"
2025-09-21 00:02:42.932105247+00:00,dds75-lb-21,2,-31,9.5,"{""Bat"": 3.333, ""Distance_mm"": 720, ""Interrupt_flag"": 0, ""Node_type"": ""DDS75-LB"", ""Sensor_flag"": 1, ""TempC_DS18B20"": 32.76}"
2025-09-21 00:03:42.911785553+00:00,dds75-lb-21,2,-32,6.75,"{""Bat"": 3.333, ""Distance_mm"": 720, ""Interrupt_flag"": 0, ""Node_type"": ""DDS75-LB"", ""Sensor_flag"": 1, ""TempC_DS18B20"": 32.76}"
2025-09-21 00:04:42.903641105+00:00,dds75-lb-21,2,-33,9.25,"{""Bat"": 3.333, ""Distance_mm"": 720, ""Interrupt_flag"": 0, ""Node_type"": ""DDS75-LB"", ""Sensor_flag"": 1, ""TempC_DS18B20"": 32.76}"
2025-09-21 00:05:42.893665724+00:00,dds75-lb-21,2,-29,8.75,"{""Bat"": 3.333, ""Distance_mm"": 720, ""Interrupt_flag"": 0, ""Node_type"": ""DDS75-LB"", ""Sensor_flag"": 1, ""TempC_DS18B20"": 32.76}"
2025-09-21 00:06:42.883466195+00:00,dds75-lb-21,2,-33,10.5,"{""Bat"": 3.333, ""Distance_mm"": 720, ""Interrupt_flag"": 0, ""Node_type"": ""DDS75-LB"", ""Sensor_flag"": 1, ""TempC_DS18B20"": 32.76}"
2025-09-21 00:07:42.882766830+00:00,dds75-lb-21,2,-121,-4.5,"{""Bat"": 3.333, ""Distance_mm"": 720, ""Interrupt_flag"": 0, ""Node_type"": ""DDS75-LB"", ""Sensor_flag"": 1, ""TempC_DS18B20"": 32.76}"
2025-09-21 00:08:42.863401998+00:00,dds75-lb-21,2,-31,9.0,"{""Bat"": 3.333, ""Distance_mm"": 720, ""Interrupt_flag"": 0, ""Node_type"": ""DDS75-LB"", ""Sensor_flag"": 1, ""TempC_DS18B20"": 32.76}"
2025-09-21 00:09:42.863684901+00:00,dds75-lb-21,2,-33,11.0,"{""Bat"": 3.333, ""Distance_mm"": 720, ""Interrupt_flag"": 0, ""Node_type"": ""DDS75-LB"", ""Sensor_flag"": 1, ""TempC_DS18B20"": 32.76}"
2025-09-21 00:10:42.853394493+00:00,dds75-lb-21,2,-32,9.5,"{""Bat"": 3.333, ""Distance_mm"": 720, ""Interrupt_flag"": 0, ""Node_type"": ""DDS75-LB"", ""Sensor_flag"": 1, ""TempC_DS18B20"": 32.76}"
2025-09-21 00:11:42.820887108+00:00,dds75-lb-21,2,-32,7.5,"{""Bat"": 3.333, ""Distance_mm"": 720, ""Interrupt_flag"": 0, ""Node_type"": ""DDS75-LB"", ""Sensor_flag"": 1, ""TempC_DS18B20"": 32.76}"
2025-09-21 00:12:42.813582786+00:00,dds75-lb-21,2,-30,9.25,"{""Bat"": 3.333, ""Distance_mm"": 720, ""Interrupt_flag"": 0, ""Node_type"": ""DDS75-LB"", ""Sensor_flag"": 1, ""TempC_DS18B20"": 32.76}"
2025-09-21 00:13:42.813828916+00:00,dds75-lb-21,2,-30,9.5,"{""Bat"": 3.333, ""Distance_mm"": 720, ""Interrupt_flag"": 0, ""Node_type"": ""DDS75-LB"", ""Sensor_flag"": 1, ""TempC_DS18B20"": 32.76}"
2025-09-21 00:14:42.784477367+00:00,dds75-lb-21,2,-35,10.0,"{""Bat"": 3.333, ""Distance_mm"": 720, ""Interrupt_flag"": 0, ""Node_type"": ""DDS75-LB"", ""Sensor_flag"": 1, ""TempC_DS18B20"": 32.76}"
2025-09-21 00:15:42.793490993+00:00,dds75-lb-21,2,-32,9.0,"{""Bat"": 3.333, ""Distance_mm"": 720, ""Interrupt_flag"": 0, ""Node_type"": ""DDS75-LB"", ""Sensor_flag"": 1, ""TempC_DS18B20"": 32.76}"
2025-09-21 00:16:42.798017292+00:00,dds75-lb-21,2,-29,9.0,"{""Bat"": 3.333, ""Distance_mm"": 720, ""Interrupt_flag"": 0, ""Node_type"": ""DDS75-LB"", ""Sensor_flag"": 1, ""TempC_DS18B20"": 32.76}"
2025-09-21 00:17:42.757332831+00:00,dds75-lb-21,2,-31,9.0,"{""Bat"": 3.333, ""Distance_mm"": 720, ""Interrupt_flag"": 0, ""Node_type"": ""DDS75-LB"", ""Sensor_flag"": 1, ""TempC_DS18B20"": 32.76}"
2025-09-21 00:18:42.766784827+00:00,dds75-lb-21,2,-29,8.0,"{""Bat"": 3.333, ""Distance_mm"": 720, ""Interrupt_flag"": 0, ""Node_type"": ""DDS75-LB"", ""Sensor_flag"": 1, ""TempC_DS18B20"": 32.76}"
2025-09-21 00:19:42.734306822+00:00,dds75-lb-21,2,-30,9.5,"{""Bat"": 3.333, ""Distance_mm"": 720, ""Interrupt_flag"": 0, ""Node_type"": ""DDS75-LB"", ""Sensor_flag"": 1, ""TempC_DS18B20"": 32.76}"
2025-09-21 00:20:42.737348461+00:00,dds75-lb-21,2,-121,-4.75,"{""Bat"": 3.333, ""Distance_mm"": 720, ""Interrupt_flag"": 0, ""Node_type"": ""DDS75-LB"", ""Sensor_flag"": 1, ""TempC_DS18B20"": 32.76}"
2025-09-21 00:21:42.729414928+00:00,dds75-lb-21,2,-32,9.25,"{""Bat"": 3.333, ""Distance_mm"": 720, ""Interrupt_flag"": 0, ""Node_type"": ""DDS75-LB"", ""Sensor_flag"": 1, ""TempC_DS18B20"": 32.76}"
2025-09-21 00:22:42.718208338+00:00,dds75-lb-21,2,-33,9.25,"{""Bat"": 3.333, ""Distance_mm"": 720, ""Interrupt_flag"": 0, ""Node_type"": ""DDS75-LB"", ""Sensor_flag"": 1, ""TempC_DS18B20"": 32.76}"
2025-09-21 00:23:42.716520041+00:00,dds75-lb-21,2,-35,6.25,"{""Bat"": 3.333, ""Distance_mm"": 720, ""Interrupt_flag"": 0, ""Node_type"": ""DDS75-LB"", ""Sensor_flag"": 1, ""TempC_DS18B20"": 32.76}"
2025-09-21 00:24:42.706739366+00:00,dds75-lb-21,2,-32,9.75,"{""Bat"": 3.333, ""Distance_mm"": 720, ""Interrupt_flag"": 0, ""Node_type"": ""DDS75-LB"", ""Sensor_flag"": 1, ""TempC_DS18B20"": 32.76}"
2025-09-21 00:25:42.686387368+00:00,dds75-lb-21,2,-31,9.0,"{""Bat"": 3.333, ""Distance_mm"": 720, ""Interrupt_flag"": 0, ""Node_type"": ""DDS75-LB"", ""Sensor_flag"": 1, ""TempC_DS18B20"": 32.76}"
2025-09-21 00:26:42.690193772+00:00,dds75-lb-21,2,-31,9.25,"{""Bat"": 3.333, ""Distance_mm"": 720, ""Interrupt_flag"": 0, ""Node_type"": ""DDS75-LB"", ""Sensor_flag"": 1, ""TempC_DS18B20"": 32.76}"
2025-09-21 00:27:42.660171661+00:00,dds75-lb-21,2,-31,8.0,"{""Bat"": 3.333, ""Distance_mm"": 720, ""Interrupt_flag"": 0, ""Node_type"": ""DDS75-LB"", ""Sensor_flag"": 1, ""TempC_DS18B20"": 32.76}"
2025-09-21 00:28:42.645911110+00:00,dds75-lb-21,2,-30,9.5,"{""Bat"": 3.333, ""Distance_mm"": 720, ""Interrupt_flag"": 0, ""Node_type"": ""DDS75-LB"", ""Sensor_flag"": 1, ""TempC_DS18B20"": 32.76}"
2025-09-21 00:29:42.636302411+00:00,dds75-lb-21,2,-33,10.25,"{""Bat"": 3.333, ""Distance_mm"": 720, ""Interrupt_flag"": 0, ""Node_type"": ""DDS75-LB"", ""Sensor_flag"": 1, ""TempC_DS18B20"": 32.76}"
2025-09-21 00:30:42.636807841+00:00,dds75-lb-21,2,-33,10.5,"{""Bat"": 3.333, ""Distance_mm"": 720, ""Interrupt_flag"": 0, ""Node_type"": ""DDS75-LB"", ""Sensor_flag"": 1, ""TempC_DS18B20"": 32.76}"
2025-09-21 00:31:42.609902114+00:00,dds75-lb-21,2,-32,9.25,"{""Bat"": 3.333, ""Distance_mm"": 720, ""Interrupt_flag"": 0, ""Node_type"": ""DDS75-LB"", ""Sensor_flag"": 1, ""TempC_DS18B20"": 32.76}"
2025-09-21 00:32:42.609343770+00:00,dds75-lb-21,2,-29,9.5,"{""Bat"": 3.333, ""Distance_mm"": 720, ""Interrupt_flag"": 0, ""Node_type"": ""DDS75-LB"", ""Sensor_flag"": 1, ""TempC_DS18B20"": 32.76}"
2025-09-21 00:33:42.606026306+00:00,dds75-lb-21,2,-33,9.25,"{""Bat"": 3.333, ""Distance_mm"": 720, ""Interrupt_flag"": 0, ""Node_type"": ""DDS75-LB"", ""Sensor_flag"": 1, ""TempC_DS18B20"": 32.76}"
2025-09-21 00:34:42.579266527+00:00,dds75-lb-21,2,-117,-1.75,"{""Bat"": 3.333, ""Distance_mm"": 720, ""Interrupt_flag"": 0, ""Node_type"": ""DDS75-LB"", ""Sensor_flag"": 1, ""TempC_DS18B20"": 32.76}"
2025-09-21 00:35:42.586892991+00:00,dds75-lb-21,2,-32,9.0,"{""Bat"": 3.333, ""Distance_mm"": 720, ""Interrupt_flag"": 0, ""Node_type"": ""DDS75-LB"", ""Sensor_flag"": 1, ""TempC_DS18B20"": 32.76}"
2025-09-21 00:36:42.579835859+00:00,dds75-lb-21,2,-27,6.75,"{""Bat"": 3.333, ""Distance_mm"": 720, ""Interrupt_flag"": 0, ""Node_type"": ""DDS75-LB"", ""Sensor_flag"": 1, ""TempC_DS18B20"": 32.76}"
2025-09-21 00:37:42.567808879+00:00,dds75-lb-21,2,-32,11.25,"{""Bat"": 3.333, ""Distance_mm"": 720, ""Interrupt_flag"": 0, ""Node_type"": ""DDS75-LB"", ""Sensor_flag"": 1, ""TempC_DS18B20"": 32.76}"
2025-09-21 00:38:42.548834927+00:00,dds75-lb-21,2,-31,9.5,"{""Bat"": 3.333, ""Distance_mm"": 720, ""Interrupt_flag"": 0, ""Node_type"": ""DDS75-LB"", ""Sensor_flag"": 1, ""TempC_DS18B20"": 32.76}"
2025-09-21 00:39:42.517948066+00:00,dds75-lb-21,2,-33,10.0,"{""Bat"": 3.333, ""Distance_mm"": 720, ""Interrupt_flag"": 0, ""Node_type"": ""DDS75-LB"", ""Sensor_flag"": 1, ""TempC_DS18B20"": 32.76}"
2025-09-21 00:40:42.539319432+00:00,dds75-lb-21,2,-116,-0.25,"{""Bat"": 3.333, ""Distance_mm"": 720, ""Interrupt_flag"": 0, ""Node_type"": ""DDS75-LB"", ""Sensor_flag"": 1, ""TempC_DS18B20"": 32.76}"
2025-09-21 00:41:42.526278285+00:00,dds75-lb-21,2,-33,10.25,"{""Bat"": 3.333, ""Distance_mm"": 720, ""Interrupt_flag"": 0, ""Node_type"": ""DDS75-LB"", ""Sensor_flag"": 1, ""TempC_DS18B20"": 32.76}"
2025-09-21 00:42:42.504864285+00:00,dds75-lb-21,2,-30,8.75,"{""Bat"": 3.333, ""Distance_mm"": 720, ""Interrupt_flag"": 0, ""Node_type"": ""DDS75-LB"", ""Sensor_flag"": 1, ""TempC_DS18B20"": 32.76}"
2025-09-21 00:43:42.496997122+00:00,dds75-lb-21,2,-32,8.0,"{""Bat"": 3.333, ""Distance_mm"": 720, ""Interrupt_flag"": 0, ""Node_type"": ""DDS75-LB"", ""Sensor_flag"": 1, ""TempC_DS18B20"": 32.76}"
2025-09-21 00:44:42.497635003+00:00,dds75-lb-21,2,-118,-1.75,"{""Bat"": 3.333, ""Distance_mm"": 720, ""Interrupt_flag"": 0, ""Node_type"": ""DDS75-LB"", ""Sensor_flag"": 1, ""TempC_DS18B20"": 32.76}"
2025-09-21 00:45:42.476934907+00:00,dds75-lb-21,2,-121,-4.25,"{""Bat"": 3.333, ""Distance_mm"": 720, ""Interrupt_flag"": 0, ""Node_type"": ""DDS75-LB"", ""Sensor_flag"": 1, ""TempC_DS18B20"": 32.76}"
2025-09-21 00:46:42.464053085+00:00,dds75-lb-21,2,-33,10.5,"{""Bat"": 3.333, ""Distance_mm"": 720, ""Interrupt_flag"": 0, ""Node_type"": ""DDS75-LB"", ""Sensor_flag"": 1, ""TempC_DS18B20"": 32.76}"
2025-09-21 00:47:42.450019394+00:00,dds75-lb-21,2,-117,-1.0,"{""Bat"": 3.333, ""Distance_mm"": 720, ""Interrupt_flag"": 0, ""Node_type"": ""DDS75-LB"", ""Sensor_flag"": 1, ""TempC_DS18B20"": 32.76}"
2025-09-21 00:48:42.437445175+00:00,dds75-lb-21,2,-117,-2.0,"{""Bat"": 3.333, ""Distance_mm"": 720, ""Interrupt_flag"": 0, ""Node_type"": ""DDS75-LB"", ""Sensor_flag"": 1, ""TempC_DS18B20"": 32.76}"
2025-09-21 00:49:42.430305235+00:00,dds75-lb-21,2,-114,-4.25,"{""Bat"": 3.333, ""Distance_mm"": 720, ""Interrupt_flag"": 0, ""Node_type"": ""DDS75-LB"", ""Sensor_flag"": 1, ""TempC_DS18B20"": 32.76}"
2025-09-21 00:50:42.402140529+00:00,dds75-lb-21,2,-116,-0.75,"{""Bat"": 3.333, ""Distance_mm"": 720, ""Interrupt_flag"": 0, ""Node_type"": ""DDS75-LB"", ""Sensor_flag"": 1, ""TempC_DS18B20"": 32.76}"
2025-09-21 00:51:42.455930259+00:00,dds75-lb-21,2,-118,-7.25,"{""Bat"": 3.333, ""Distance_mm"": 720, ""Interrupt_flag"": 0, ""Node_type"": ""DDS75-LB"", ""Sensor_flag"": 1, ""TempC_DS18B20"": 32.76}"
2025-09-21 00:52:42.407187676+00:00,dds75-lb-21,2,-121,-8.75,"{""Bat"": 3.333, ""Distance_mm"": 720, ""Interrupt_flag"": 0, ""Node_type"": ""DDS75-LB"", ""Sensor_flag"": 1, ""TempC_DS18B20"": 32.76}"
2025-09-21 00:53:42.387339443+00:00,dds75-lb-21,2,-33,9.5,"{""Bat"": 3.333, ""Distance_mm"": 720, ""Interrupt_flag"": 0, ""Node_type"": ""DDS75-LB"", ""Sensor_flag"": 1, ""TempC_DS18B20"": 32.76}"
2025-09-21 00:54:42.377127849+00:00,dds75-lb-21,2,-35,10.0,"{""Bat"": 3.333, ""Distance_mm"": 720, ""Interrupt_flag"": 0, ""Node_type"": ""DDS75-LB"", ""Sensor_flag"": 1, ""TempC_DS18B20"": 32.76}"
2025-09-21 00:55:42.367911666+00:00,dds75-lb-21,2,-121,-4.75,"{""Bat"": 3.333, ""Distance_mm"": 720, ""Interrupt_flag"": 0, ""Node_type"": ""DDS75-LB"", ""Sensor_flag"": 1, ""TempC_DS18B20"": 32.76}"
2025-09-21 00:56:42.360889257+00:00,dds75-lb-21,2,-31,9.0,"{""Bat"": 3.333, ""Distance_mm"": 720, ""Interrupt_flag"": 0, ""Node_type"": ""DDS75-LB"", ""Sensor_flag"": 1, ""TempC_DS18B20"": 32.76}"
2025-09-21 00:57:42.360694389+00:00,dds75-lb-21,2,-31,9.25,"{""Bat"": 3.333, ""Distance_mm"": 720, ""Interrupt_flag"": 0, ""Node_type"": ""DDS75-LB"", ""Sensor_flag"": 1, ""TempC_DS18B20"": 32.76}"
2025-09-21 00:58:42.325338119+00:00,dds75-lb-21,2,-121,-4.5,"{""Bat"": 3.333, ""Distance_mm"": 720, ""Interrupt_flag"": 0, ""Node_type"": ""DDS75-LB"", ""Sensor_flag"": 1, ""TempC_DS18B20"": 32.76}"
2025-09-21 00:59:42.329369508+00:00,dds75-lb-21,2,-120,-4.5,"{""Bat"": 3.333, ""Distance_mm"": 720, ""Interrupt_flag"": 0, ""Node_type"": ""DDS75-LB"", ""Sensor_flag"": 1, ""TempC_DS18B20"": 32.76}"
2025-09-21 01:00:42.307392444+00:00,dds75-lb-21,2,-119,-3.25,"{""Bat"": 3.333, ""Distance_mm"": 720, ""Interrupt_flag"": 0, ""Node_type"": ""DDS75-LB"", ""Sensor_flag"": 1, ""TempC_DS18B20"": 32.76}"
2025-09-21 01:01:42.299334413+00:00,dds75-lb-21,2,-122,-5.5,"{""Bat"": 3.333, ""Distance_mm"": 720, ""Interrupt_flag"": 0, ""Node_type"": ""DDS75-LB"", ""Sensor_flag"": 1, ""TempC_DS18B20"": 32.76}"
2025-09-21 01:02:42.298408973+00:00,dds75-lb-21,2,-35,9.5,"{""Bat"": 3.333, ""Distance_mm"": 720, ""Interrupt_flag"": 0, ""Node_type"": ""DDS75-LB"", ""Sensor_flag"": 1, ""TempC_DS18B20"": 32.76}"
2025-09-21 01:03:42.364443106+00:00,dds75-lb-21,2,-119,-0.5,"{""Bat"": 3.333, ""Distance_mm"": 720, ""Interrupt_flag"": 0, ""Node_type"": ""DDS75-LB"", ""Sensor_flag"": 1, ""TempC_DS18B20"": 32.76}"
2025-09-21 01:04:42.267912044+00:00,dds75-lb-21,2,-31,9.25,"{""Bat"": 3.333, ""Distance_mm"": 720, ""Interrupt_flag"": 0, ""Node_type"": ""DDS75-LB"", ""Sensor_flag"": 1, ""TempC_DS18B20"": 32.76}"
2025-09-21 01:05:42.277558918+00:00,dds75-lb-21,2,-32,9.0,"{""Bat"": 3.333, ""Distance_mm"": 720, ""Interrupt_flag"": 0, ""Node_type"": ""DDS75-LB"", ""Sensor_flag"": 1, ""TempC_DS18B20"": 32.76}"
2025-09-21 01:06:42.277370507+00:00,dds75-lb-21,2,-29,7.25,"{""Bat"": 3.333, ""Distance_mm"": 720, ""Interrupt_flag"": 0, ""Node_type"": ""DDS75-LB"", ""Sensor_flag"": 1, ""TempC_DS18B20"": 32.76}"
2025-09-21 01:07:42.249680269+00:00,dds75-lb-21,2,-123,-7.0,"{""Bat"": 3.333, ""Distance_mm"": 720, ""Interrupt_flag"": 0, ""Node_type"": ""DDS75-LB"", ""Sensor_flag"": 1, ""TempC_DS18B20"": 32.76}"
2025-09-21 01:08:42.227341056+00:00,dds75-lb-21,2,-33,11.0,"{""Bat"": 3.333, ""Distance_mm"": 720, ""Interrupt_flag"": 0, ""Node_type"": ""DDS75-LB"", ""Sensor_flag"": 1, ""TempC_DS18B20"": 32.76}"
2025-09-21 01:09:42.227614729+00:00,dds75-lb-21,2,-31,9.25,"{""Bat"": 3.333, ""Distance_mm"": 720, ""Interrupt_flag"": 0, ""Node_type"": ""DDS75-LB"", ""Sensor_flag"": 1, ""TempC_DS18B20"": 32.76}"
2025-09-21 01:10:42.235935692+00:00,dds75-lb-21,2,-33,9.75,"{""Bat"": 3.333, ""Distance_mm"": 720, ""Interrupt_flag"": 0, ""Node_type"": ""DDS75-LB"", ""Sensor_flag"": 1, ""TempC_DS18B20"": 32.76}"
2025-09-21 01:11:42.187734667+00:00,dds75-lb-21,2,-33,10.5,"{""Bat"": 3.333, ""Distance_mm"": 720, ""Interrupt_flag"": 0, ""Node_type"": ""DDS75-LB"", ""Sensor_flag"": 1, ""TempC_DS18B20"": 32.76}"
2025-09-21 01:12:42.187474752+00:00,dds75-lb-21,2,-32,9.25,"{""Bat"": 3.333, ""Distance_mm"": 720, ""Interrupt_flag"": 0, ""Node_type"": ""DDS75-LB"", ""Sensor_flag"": 1, ""TempC_DS18B20"": 32.76}"
2025-09-21 01:13:42.169260381+00:00,dds75-lb-21,2,-35,9.5,"{""Bat"": 3.333, ""Distance_mm"": 720, ""Interrupt_flag"": 0, ""Node_type"": ""DDS75-LB"", ""Sensor_flag"": 1, ""TempC_DS18B20"": 32.76}"
2025-09-21 01:14:42.180358584+00:00,dds75-lb-21,2,-30,8.75,"{""Bat"": 3.333, ""Distance_mm"": 720, ""Interrupt_flag"": 0, ""Node_type"": ""DDS75-LB"", ""Sensor_flag"": 1, ""TempC_DS18B20"": 32.76}"
2025-09-21 01:15:42.147834789+00:00,dds75-lb-21,2,-30,10.0,"{""Bat"": 3.333, ""Distance_mm"": 720, ""Interrupt_flag"": 0, ""Node_type"": ""DDS75-LB"", ""Sensor_flag"": 1, ""TempC_DS18B20"": 32.76}"
2025-09-21 01:16:42.147021711+00:00,dds75-lb-21,2,-120,-5.0,"{""Bat"": 3.333, ""Distance_mm"": 720, ""Interrupt_flag"": 0, ""Node_type"": ""DDS75-LB"", ""Sensor_flag"": 1, ""TempC_DS18B20"": 32.76}"
2025-09-21 01:17:42.137835475+00:00,dds75-lb-21,2,-32,10.0,"{""Bat"": 3.333, ""Distance_mm"": 720, ""Interrupt_flag"": 0, ""Node_type"": ""DDS75-LB"", ""Sensor_flag"": 1, ""TempC_DS18B20"": 32.76}"
2025-09-21 01:18:42.144320302+00:00,dds75-lb-21,2,-32,9.75,"{""Bat"": 3.333, ""Distance_mm"": 720, ""Interrupt_flag"": 0, ""Node_type"": ""DDS75-LB"", ""Sensor_flag"": 1, ""TempC_DS18B20"": 32.76}"
2025-09-21 01:19:42.108033409+00:00,dds75-lb-21,2,-119,-3.75,"{""Bat"": 3.333, ""Distance_mm"": 720, ""Interrupt_flag"": 0, ""Node_type"": ""DDS75-LB"", ""Sensor_flag"": 1, ""TempC_DS18B20"": 32.76}"
2025-09-21 01:20:42.119866328+00:00,dds75-lb-21,2,-33,10.75,"{""Bat"": 3.333, ""Distance_mm"": 720, ""Interrupt_flag"": 0, ""Node_type"": ""DDS75-LB"", ""Sensor_flag"": 1, ""TempC_DS18B20"": 32.76}"
2025-09-21 01:21:42.100989897+00:00,dds75-lb-21,2,-33,10.5,"{""Bat"": 3.333, ""Distance_mm"": 720, ""Interrupt_flag"": 0, ""Node_type"": ""DDS75-LB"", ""Sensor_flag"": 1, ""TempC_DS18B20"": 32.76}"
2025-09-21 01:22:42.070314235+00:00,dds75-lb-21,2,-32,7.0,"{""Bat"": 3.333, ""Distance_mm"": 720, ""Interrupt_flag"": 0, ""Node_type"": ""DDS75-LB"", ""Sensor_flag"": 1, ""TempC_DS18B20"": 32.76}"
2025-09-21 01:23:42.077897385+00:00,dds75-lb-21,2,-31,10.0,"{""Bat"": 3.333, ""Distance_mm"": 720, ""Interrupt_flag"": 0, ""Node_type"": ""DDS75-LB"", ""Sensor_flag"": 1, ""TempC_DS18B20"": 32.76}"
2025-09-21 01:24:42.067856888+00:00,dds75-lb-21,2,-117,-1.75,"{""Bat"": 3.333, ""Distance_mm"": 720, ""Interrupt_flag"": 0, ""Node_type"": ""DDS75-LB"", ""Sensor_flag"": 1, ""TempC_DS18B20"": 32.76}"
2025-09-21 01:25:42.046439504+00:00,dds75-lb-21,2,-121,-5.25,"{""Bat"": 3.333, ""Distance_mm"": 720, ""Interrupt_flag"": 0, ""Node_type"": ""DDS75-LB"", ""Sensor_flag"": 1, ""TempC_DS18B20"": 32.76}"
2025-09-21 01:26:42.060697185+00:00,dds75-lb-21,2,-33,10.0,"{""Bat"": 3.333, ""Distance_mm"": 720, ""Interrupt_flag"": 0, ""Node_type"": ""DDS75-LB"", ""Sensor_flag"": 1, ""TempC_DS18B20"": 32.76}"
2025-09-21 01:27:42.027824680+00:00,dds75-lb-21,2,-33,9.0,"{""Bat"": 3.333, ""Distance_mm"": 720, ""Interrupt_flag"": 0, ""Node_type"": ""DDS75-LB"", ""Sensor_flag"": 1, ""TempC_DS18B20"": 32.76}"
2025-09-21 01:28:42.017681951+00:00,dds75-lb-21,2,-32,10.25,"{""Bat"": 3.333, ""Distance_mm"": 720, ""Interrupt_flag"": 0, ""Node_type"": ""DDS75-LB"", ""Sensor_flag"": 1, ""TempC_DS18B20"": 32.76}"
2025-09-21 01:29:42.007971693+00:00,dds75-lb-21,2,-35,9.25,"{""Bat"": 3.333, ""Distance_mm"": 720, ""Interrupt_flag"": 0, ""Node_type"": ""DDS75-LB"", ""Sensor_flag"": 1, ""TempC_DS18B20"": 32.76}"
2025-09-21 01:30:42.018527372+00:00,dds75-lb-21,2,-31,7.25,"{""Bat"": 3.333, ""Distance_mm"": 720, ""Interrupt_flag"": 0, ""Node_type"": ""DDS75-LB"", ""Sensor_flag"": 1, ""TempC_DS18B20"": 32.76}"
2025-09-21 01:31:41.999847118+00:00,dds75-lb-21,2,-31,10.0,"{""Bat"": 3.333, ""Distance_mm"": 720, ""Interrupt_flag"": 0, ""Node_type"": ""DDS75-LB"", ""Sensor_flag"": 1, ""TempC_DS18B20"": 32.76}"
2025-09-21 01:32:41.970829893+00:00,dds75-lb-21,2,-31,7.0,"{""Bat"": 3.333, ""Distance_mm"": 720, ""Interrupt_flag"": 0, ""Node_type"": ""DDS75-LB"", ""Sensor_flag"": 1, ""TempC_DS18B20"": 32.76}"
2025-09-21 01:33:41.975358900+00:00,dds75-lb-21,2,-32,10.25,"{""Bat"": 3.333, ""Distance_mm"": 720, ""Interrupt_flag"": 0, ""Node_type"": ""DDS75-LB"", ""Sensor_flag"": 1, ""TempC_DS18B20"": 32.76}"
2025-09-21 01:34:41.960278320+00:00,dds75-lb-21,2,-33,9.5,"{""Bat"": 3.333, ""Distance_mm"": 720, ""Interrupt_flag"": 0, ""Node_type"": ""DDS75-LB"", ""Sensor_flag"": 1, ""TempC_DS18B20"": 32.76}"
2025-09-21 01:35:41.948012349+00:00,dds75-lb-21,2,-32,8.75,"{""Bat"": 3.333, ""Distance_mm"": 720, ""Interrupt_flag"": 0, ""Node_type"": ""DDS75-LB"", ""Sensor_flag"": 1, ""TempC_DS18B20"": 32.76}"
2025-09-21 01:36:41.939868705+00:00,dds75-lb-21,2,-32,8.75,"{""Bat"": 3.333, ""Distance_mm"": 720, ""Interrupt_flag"": 0, ""Node_type"": ""DDS75-LB"", ""Sensor_flag"": 1, ""TempC_DS18B20"": 32.76}"
2025-09-21 01:37:41.931242198+00:00,dds75-lb-21,2,-33,9.5,"{""Bat"": 3.333, ""Distance_mm"": 720, ""Interrupt_flag"": 0, ""Node_type"": ""DDS75-LB"", ""Sensor_flag"": 1, ""TempC_DS18B20"": 32.76}"
2025-09-21 01:38:41.930298533+00:00,dds75-lb-21,2,-32,10.0,"{""Bat"": 3.333, ""Distance_mm"": 720, ""Interrupt_flag"": 0, ""Node_type"": ""DDS75-LB"", ""Sensor_flag"": 1, ""TempC_DS18B20"": 32.76}"
2025-09-21 01:39:41.900259355+00:00,dds75-lb-21,2,-29,8.0,"{""Bat"": 3.333, ""Distance_mm"": 720, ""Interrupt_flag"": 0, ""Node_type"": ""DDS75-LB"", ""Sensor_flag"": 1, ""TempC_DS18B20"": 32.76}"
2025-09-21 01:40:41.897168508+00:00,dds75-lb-21,2,-32,6.75,"{""Bat"": 3.333, ""Distance_mm"": 720, ""Interrupt_flag"": 0, ""Node_type"": ""DDS75-LB"", ""Sensor_flag"": 1, ""TempC_DS18B20"": 32.76}"
2025-09-21 01:41:41.870599149+00:00,dds75-lb-21,2,-32,9.25,"{""Bat"": 3.333, ""Distance_mm"": 720, ""Interrupt_flag"": 0, ""Node_type"": ""DDS75-LB"", ""Sensor_flag"": 1, ""TempC_DS18B20"": 32.76}"
2025-09-21 01:42:41.888979375+00:00,dds75-lb-21,2,-32,9.25,"{""Bat"": 3.333, ""Distance_mm"": 720, ""Interrupt_flag"": 0, ""Node_type"": ""DDS75-LB"", ""Sensor_flag"": 1, ""TempC_DS18B20"": 32.76}"
2025-09-21 01:43:41.872648955+00:00,dds75-lb-21,2,-29,6.5,"{""Bat"": 3.333, ""Distance_mm"": 720, ""Interrupt_flag"": 0, ""Node_type"": ""DDS75-LB"", ""Sensor_flag"": 1, ""TempC_DS18B20"": 32.76}"
2025-09-21 01:44:41.849909242+00:00,dds75-lb-21,2,-30,9.25,"{""Bat"": 3.333, ""Distance_mm"": 720, ""Interrupt_flag"": 0, ""Node_type"": ""DDS75-LB"", ""Sensor_flag"": 1, ""TempC_DS18B20"": 32.76}"
2025-09-21 01:45:41.837919462+00:00,dds75-lb-21,2,-31,9.0,"{""Bat"": 3.333, ""Distance_mm"": 720, ""Interrupt_flag"": 0, ""Node_type"": ""DDS75-LB"", ""Sensor_flag"": 1, ""TempC_DS18B20"": 32.76}"
2025-09-21 01:46:41.827274412+00:00,dds75-lb-21,2,-31,10.0,"{""Bat"": 3.333, ""Distance_mm"": 720, ""Interrupt_flag"": 0, ""Node_type"": ""DDS75-LB"", ""Sensor_flag"": 1, ""TempC_DS18B20"": 32.76}"
2025-09-21 01:47:41.837640787+00:00,dds75-lb-21,2,-31,10.0,"{""Bat"": 3.333, ""Distance_mm"": 720, ""Interrupt_flag"": 0, ""Node_type"": ""DDS75-LB"", ""Sensor_flag"": 1, ""TempC_DS18B20"": 32.76}"
2025-09-21 01:48:41.808052580+00:00,dds75-lb-21,2,-30,9.75,"{""Bat"": 3.333, ""Distance_mm"": 720, ""Interrupt_flag"": 0, ""Node_type"": ""DDS75-LB"", ""Sensor_flag"": 1, ""TempC_DS18B20"": 32.76}"
2025-09-21 01:49:41.800608080+00:00,dds75-lb-21,2,-30,9.25,"{""Bat"": 3.333, ""Distance_mm"": 720, ""Interrupt_flag"": 0, ""Node_type"": ""DDS75-LB"", ""Sensor_flag"": 1, ""TempC_DS18B20"": 32.76}"
2025-09-21 01:50:41.770424428+00:00,dds75-lb-21,2,-33,9.5,"{""Bat"": 3.333, ""Distance_mm"": 720, ""Interrupt_flag"": 0, ""Node_type"": ""DDS75-LB"", ""Sensor_flag"": 1, ""TempC_DS18B20"": 32.76}"
2025-09-21 01:51:41.778945874+00:00,dds75-lb-21,2,-33,8.75,"{""Bat"": 3.333, ""Distance_mm"": 720, ""Interrupt_flag"": 0, ""Node_type"": ""DDS75-LB"", ""Sensor_flag"": 1, ""TempC_DS18B20"": 32.76}"
2025-09-21 01:52:41.777303683+00:00,dds75-lb-21,2,-32,9.5,"{""Bat"": 3.333, ""Distance_mm"": 720, ""Interrupt_flag"": 0, ""Node_type"": ""DDS75-LB"", ""Sensor_flag"": 1, ""TempC_DS18B20"": 32.76}"
2025-09-21 01:53:41.762120629+00:00,dds75-lb-21,2,-32,9.25,"{""Bat"": 3.333, ""Distance_mm"": 720, ""Interrupt_flag"": 0, ""Node_type"": ""DDS75-LB"", ""Sensor_flag"": 1, ""TempC_DS18B20"": 32.76}"
2025-09-21 01:54:41.756451135+00:00,dds75-lb-21,2,-29,8.0,"{""Bat"": 3.333, ""Distance_mm"": 720, ""Interrupt_flag"": 0, ""Node_type"": ""DDS75-LB"", ""Sensor_flag"": 1, ""TempC_DS18B20"": 32.76}"
2025-09-21 01:55:41.717271220+00:00,dds75-lb-21,2,-116,-1.25,"{""Bat"": 3.333, ""Distance_mm"": 720, ""Interrupt_flag"": 0, ""Node_type"": ""DDS75-LB"", ""Sensor_flag"": 1, ""TempC_DS18B20"": 32.76}"
2025-09-21 01:56:41.728719082+00:00,dds75-lb-21,2,-26,6.5,"{""Bat"": 3.333, ""Distance_mm"": 720, ""Interrupt_flag"": 0, ""Node_type"": ""DDS75-LB"", ""Sensor_flag"": 1, ""TempC_DS18B20"": 32.76}"
2025-09-21 01:57:41.697028705+00:00,dds75-lb-21,2,-30,9.0,"{""Bat"": 3.333, ""Distance_mm"": 720, ""Interrupt_flag"": 0, ""Node_type"": ""DDS75-LB"", ""Sensor_flag"": 1, ""TempC_DS18B20"": 32.76}"
2025-09-21 01:58:41.699557101+00:00,dds75-lb-21,2,-32,9.25,"{""Bat"": 3.333, ""Distance_mm"": 720, ""Interrupt_flag"": 0, ""Node_type"": ""DDS75-LB"", ""Sensor_flag"": 1, ""TempC_DS18B20"": 32.76}"
2025-09-21 01:59:41.689104527+00:00,dds75-lb-21,2,-30,7.0,"{""Bat"": 3.333, ""Distance_mm"": 720, ""Interrupt_flag"": 0, ""Node_type"": ""DDS75-LB"", ""Sensor_flag"": 1, ""TempC_DS18B20"": 32.76}"
2025-09-21 02:00:41.689633614+00:00,dds75-lb-21,2,-32,10.25,"{""Bat"": 3.333, ""Distance_mm"": 720, ""Interrupt_flag"": 0, ""Node_type"": ""DDS75-LB"", ""Sensor_flag"": 1, ""TempC_DS18B20"": 32.76}"
2025-09-21 02:01:41.688955865+00:00,dds75-lb-21,2,-33,10.5,"{""Bat"": 3.333, ""Distance_mm"": 720, ""Interrupt_flag"": 0, ""Node_type"": ""DDS75-LB"", ""Sensor_flag"": 1, ""TempC_DS18B20"": 32.76}"
2025-09-21 02:02:41.649110352+00:00,dds75-lb-21,2,-32,9.5,"{""Bat"": 3.333, ""Distance_mm"": 720, ""Interrupt_flag"": 0, ""Node_type"": ""DDS75-LB"", ""Sensor_flag"": 1, ""TempC_DS18B20"": 32.76}"
2025-09-21 02:03:41.646111916+00:00,dds75-lb-21,2,-31,9.5,"{""Bat"": 3.333, ""Distance_mm"": 720, ""Interrupt_flag"": 0, ""Node_type"": ""DDS75-LB"", ""Sensor_flag"": 1, ""TempC_DS18B20"": 32.76}"
2025-09-21 02:04:41.641345528+00:00,dds75-lb-21,2,-120,-3.75,"{""Bat"": 3.333, ""Distance_mm"": 720, ""Interrupt_flag"": 0, ""Node_type"": ""DDS75-LB"", ""Sensor_flag"": 1, ""TempC_DS18B20"": 32.76}"
2025-09-21 02:05:41.619436990+00:00,dds75-lb-21,2,-32,9.0,"{""Bat"": 3.333, ""Distance_mm"": 720, ""Interrupt_flag"": 0, ""Node_type"": ""DDS75-LB"", ""Sensor_flag"": 1, ""TempC_DS18B20"": 32.76}"
2025-09-21 02:06:41.617498259+00:00,dds75-lb-21,2,-32,8.25,"{""Bat"": 3.333, ""Distance_mm"": 720, ""Interrupt_flag"": 0, ""Node_type"": ""DDS75-LB"", ""Sensor_flag"": 1, ""TempC_DS18B20"": 32.76}"
2025-09-21 02:07:41.607828638+00:00,dds75-lb-21,2,-31,6.25,"{""Bat"": 3.333, ""Distance_mm"": 720, ""Interrupt_flag"": 0, ""Node_type"": ""DDS75-LB"", ""Sensor_flag"": 1, ""TempC_DS18B20"": 32.76}"
2025-09-21 02:08:41.596463042+00:00,dds75-lb-21,2,-33,10.25,"{""Bat"": 3.333, ""Distance_mm"": 720, ""Interrupt_flag"": 0, ""Node_type"": ""DDS75-LB"", ""Sensor_flag"": 1, ""TempC_DS18B20"": 32.76}"
2025-09-21 02:09:41.599454865+00:00,dds75-lb-21,2,-35,10.5,"{""Bat"": 3.333, ""Distance_mm"": 720, ""Interrupt_flag"": 0, ""Node_type"": ""DDS75-LB"", ""Sensor_flag"": 1, ""TempC_DS18B20"": 32.76}"
2025-09-21 02:10:41.587501743+00:00,dds75-lb-21,2,-30,9.75,"{""Bat"": 3.333, ""Distance_mm"": 720, ""Interrupt_flag"": 0, ""Node_type"": ""DDS75-LB"", ""Sensor_flag"": 1, ""TempC_DS18B20"": 32.76}"
2025-09-21 02:11:41.568924170+00:00,dds75-lb-21,2,-30,9.25,"{""Bat"": 3.333, ""Distance_mm"": 720, ""Interrupt_flag"": 0, ""Node_type"": ""DDS75-LB"", ""Sensor_flag"": 1, ""TempC_DS18B20"": 32.76}"
2025-09-21 02:12:41.588658735+00:00,dds75-lb-21,2,-31,5.5,"{""Bat"": 3.333, ""Distance_mm"": 720, ""Interrupt_flag"": 0, ""Node_type"": ""DDS75-LB"", ""Sensor_flag"": 1, ""TempC_DS18B20"": 32.76}"
2025-09-21 02:13:41.549589455+00:00,dds75-lb-21,2,-30,9.25,"{""Bat"": 3.333, ""Distance_mm"": 720, ""Interrupt_flag"": 0, ""Node_type"": ""DDS75-LB"", ""Sensor_flag"": 1, ""TempC_DS18B20"": 32.76}"
2025-09-21 02:14:41.526549828+00:00,dds75-lb-21,2,-33,9.75,"{""Bat"": 0.099, ""Distance_mm"": 720, ""Interrupt_flag"": 0, ""Node_type"": ""DDS75-LB"", ""Sensor_flag"": 1, ""TempC_DS18B20"": 32.76}"
2025-09-21 02:15:41.515170051+00:00,dds75-lb-21,2,-120,-4.75,"{""Bat"": 3.333, ""Distance_mm"": 720, ""Interrupt_flag"": 0, ""Node_type"": ""DDS75-LB"", ""Sensor_flag"": 1, ""TempC_DS18B20"": 32.76}"
2025-09-21 02:16:41.528826940+00:00,dds75-lb-21,2,-32,10.5,"{""Bat"": 3.333, ""Distance_mm"": 720, ""Interrupt_flag"": 0, ""Node_type"": ""DDS75-LB"", ""Sensor_flag"": 1, ""TempC_DS18B20"": 32.76}"
2025-09-21 02:17:41.499801206+00:00,dds75-lb-21,2,-31,9.0,"{""Bat"": 3.333, ""Distance_mm"": 720, ""Interrupt_flag"": 0, ""Node_type"": ""DDS75-LB"", ""Sensor_flag"": 1, ""TempC_DS18B20"": 32.76}"
2025-09-21 02:18:41.498551030+00:00,dds75-lb-21,2,-29,9.25,"{""Bat"": 3.333, ""Distance_mm"": 720, ""Interrupt_flag"": 0, ""Node_type"": ""DDS75-LB"", ""Sensor_flag"": 1, ""TempC_DS18B20"": 32.76}"
2025-09-21 02:19:41.492584182+00:00,dds75-lb-21,2,-116,-1.0,"{""Bat"": 3.333, ""Distance_mm"": 720, ""Interrupt_flag"": 0, ""Node_type"": ""DDS75-LB"", ""Sensor_flag"": 1, ""TempC_DS18B20"": 32.76}"
2025-09-21 02:20:41.478496508+00:00,dds75-lb-21,2,-33,10.5,"{""Bat"": 3.333, ""Distance_mm"": 720, ""Interrupt_flag"": 0, ""Node_type"": ""DDS75-LB"", ""Sensor_flag"": 1, ""TempC_DS18B20"": 32.76}"
2025-09-21 02:21:41.466574005+00:00,dds75-lb-21,2,-31,10.5,"{""Bat"": 3.333, ""Distance_mm"": 720, ""Interrupt_flag"": 0, ""Node_type"": ""DDS75-LB"", ""Sensor_flag"": 1, ""TempC_DS18B20"": 32.76}"
2025-09-21 02:22:41.448143051+00:00,dds75-lb-21,2,-115,1.25,"{""Bat"": 3.333, ""Distance_mm"": 720, ""Interrupt_flag"": 0, ""Node_type"": ""DDS75-LB"", ""Sensor_flag"": 1, ""TempC_DS18B20"": 32.76}"
2025-09-21 02:23:41.450744025+00:00,dds75-lb-21,2,-32,6.0,"{""Bat"": 3.333, ""Distance_mm"": 720, ""Interrupt_flag"": 0, ""Node_type"": ""DDS75-LB"", ""Sensor_flag"": 1, ""TempC_DS18B20"": 32.76}"
2025-09-21 02:24:41.437130954+00:00,dds75-lb-21,2,-32,9.0,"{""Bat"": 3.333, ""Distance_mm"": 720, ""Interrupt_flag"": 0, ""Node_type"": ""DDS75-LB"", ""Sensor_flag"": 1, ""TempC_DS18B20"": 32.76}"
2025-09-21 02:25:41.420227109+00:00,dds75-lb-21,2,-114,-3.0,"{""Bat"": 3.333, ""Distance_mm"": 720, ""Interrupt_flag"": 0, ""Node_type"": ""DDS75-LB"", ""Sensor_flag"": 1, ""TempC_DS18B20"": 32.76}"
2025-09-21 02:26:41.418623406+00:00,dds75-lb-21,2,-32,9.75,"{""Bat"": 3.333, ""Distance_mm"": 720, ""Interrupt_flag"": 0, ""Node_type"": ""DDS75-LB"", ""Sensor_flag"": 1, ""TempC_DS18B20"": 32.76}"
2025-09-21 02:27:41.408058094+00:00,dds75-lb-21,2,-31,10.5,"{""Bat"": 3.333, ""Distance_mm"": 720, ""Interrupt_flag"": 0, ""Node_type"": ""DDS75-LB"", ""Sensor_flag"": 1, ""TempC_DS18B20"": 32.76}"
2025-09-21 02:28:41.379130159+00:00,dds75-lb-21,2,-30,9.0,"{""Bat"": 3.333, ""Distance_mm"": 720, ""Interrupt_flag"": 0, ""Node_type"": ""DDS75-LB"", ""Sensor_flag"": 1, ""TempC_DS18B20"": 32.76}"
2025-09-21 02:29:41.366650101+00:00,dds75-lb-21,2,-33,10.0,"{""Bat"": 3.333, ""Distance_mm"": 720, ""Interrupt_flag"": 0, ""Node_type"": ""DDS75-LB"", ""Sensor_flag"": 1, ""TempC_DS18B20"": 32.76}"
2025-09-21 02:30:41.359097550+00:00,dds75-lb-21,2,-32,9.75,"{""Bat"": 3.333, ""Distance_mm"": 720, ""Interrupt_flag"": 0, ""Node_type"": ""DDS75-LB"", ""Sensor_flag"": 1, ""TempC_DS18B20"": 32.76}"
2025-09-21 02:31:41.356113680+00:00,dds75-lb-21,2,-32,6.5,"{""Bat"": 3.333, ""Distance_mm"": 720, ""Interrupt_flag"": 0, ""Node_type"": ""DDS75-LB"", ""Sensor_flag"": 1, ""TempC_DS18B20"": 32.76}"
2025-09-21 02:32:41.349309208+00:00,dds75-lb-21,2,-33,10.0,"{""Bat"": 3.333, ""Distance_mm"": 720, ""Interrupt_flag"": 0, ""Node_type"": ""DDS75-LB"", ""Sensor_flag"": 1, ""TempC_DS18B20"": 32.76}"
2025-09-21 02:33:41.337048856+00:00,dds75-lb-21,2,-32,9.0,"{""Bat"": 3.333, ""Distance_mm"": 720, ""Interrupt_flag"": 0, ""Node_type"": ""DDS75-LB"", ""Sensor_flag"": 1, ""TempC_DS18B20"": 32.76}"
2025-09-21 02:34:41.326248616+00:00,dds75-lb-21,2,-31,10.5,"{""Bat"": 3.333, ""Distance_mm"": 720, ""Interrupt_flag"": 0, ""Node_type"": ""DDS75-LB"", ""Sensor_flag"": 1, ""TempC_DS18B20"": 32.76}"
2025-09-21 02:35:41.300190496+00:00,dds75-lb-21,2,-32,7.25,"{""Bat"": 3.333, ""Distance_mm"": 720, ""Interrupt_flag"": 0, ""Node_type"": ""DDS75-LB"", ""Sensor_flag"": 1, ""TempC_DS18B20"": 32.76}"
2025-09-21 02:36:41.289870108+00:00,dds75-lb-21,2,-31,9.25,"{""Bat"": 3.333, ""Distance_mm"": 720, ""Interrupt_flag"": 0, ""Node_type"": ""DDS75-LB"", ""Sensor_flag"": 1, ""TempC_DS18B20"": 32.76}"
2025-09-21 02:37:41.289249985+00:00,dds75-lb-21,2,-28,9.5,"{""Bat"": 3.333, ""Distance_mm"": 720, ""Interrupt_flag"": 0, ""Node_type"": ""DDS75-LB"", ""Sensor_flag"": 1, ""TempC_DS18B20"": 32.76}"
2025-09-21 02:38:41.291337935+00:00,dds75-lb-21,2,-33,10.5,"{""Bat"": 3.333, ""Distance_mm"": 720, ""Interrupt_flag"": 0, ""Node_type"": ""DDS75-LB"", ""Sensor_flag"": 1, ""TempC_DS18B20"": 32.76}"
2025-09-21 02:39:41.276203739+00:00,dds75-lb-21,2,-32,8.25,"{""Bat"": 3.333, ""Distance_mm"": 720, ""Interrupt_flag"": 0, ""Node_type"": ""DDS75-LB"", ""Sensor_flag"": 1, ""TempC_DS18B20"": 32.76}"
2025-09-21 02:40:41.278718756+00:00,dds75-lb-21,2,-33,9.5,"{""Bat"": 3.333, ""Distance_mm"": 720, ""Interrupt_flag"": 0, ""Node_type"": ""DDS75-LB"", ""Sensor_flag"": 1, ""TempC_DS18B20"": 32.76}"
2025-09-21 02:41:41.249843115+00:00,dds75-lb-21,2,-115,0.5,"{""Bat"": 3.333, ""Distance_mm"": 720, ""Interrupt_flag"": 0, ""Node_type"": ""DDS75-LB"", ""Sensor_flag"": 1, ""TempC_DS18B20"": 32.76}"
2025-09-21 02:42:41.236310714+00:00,dds75-lb-21,2,-31,10.0,"{""Bat"": 3.333, ""Distance_mm"": 720, ""Interrupt_flag"": 0, ""Node_type"": ""DDS75-LB"", ""Sensor_flag"": 1, ""TempC_DS18B20"": 32.76}"
2025-09-21 02:43:41.217014214+00:00,dds75-lb-21,2,-32,7.0,"{""Bat"": 3.333, ""Distance_mm"": 720, ""Interrupt_flag"": 0, ""Node_type"": ""DDS75-LB"", ""Sensor_flag"": 1, ""TempC_DS18B20"": 32.76}"
2025-09-21 02:44:41.209389329+00:00,dds75-lb-21,2,-32,6.0,"{""Bat"": 3.333, ""Distance_mm"": 720, ""Interrupt_flag"": 0, ""Node_type"": ""DDS75-LB"", ""Sensor_flag"": 1, ""TempC_DS18B20"": 32.76}"
2025-09-21 02:45:41.208911294+00:00,dds75-lb-21,2,-33,9.75,"{""Bat"": 3.333, ""Distance_mm"": 720, ""Interrupt_flag"": 0, ""Node_type"": ""DDS75-LB"", ""Sensor_flag"": 1, ""TempC_DS18B20"": 32.76}"
2025-09-21 02:46:41.209452174+00:00,dds75-lb-21,2,-30,8.75,"{""Bat"": 3.333, ""Distance_mm"": 720, ""Interrupt_flag"": 0, ""Node_type"": ""DDS75-LB"", ""Sensor_flag"": 1, ""TempC_DS18B20"": 32.76}"
2025-09-21 02:47:41.197015044+00:00,dds75-lb-21,2,-32,10.5,"{""Bat"": 3.333, ""Distance_mm"": 720, ""Interrupt_flag"": 0, ""Node_type"": ""DDS75-LB"", ""Sensor_flag"": 1, ""TempC_DS18B20"": 32.76}"
2025-09-21 02:48:41.179071139+00:00,dds75-lb-21,2,-32,8.75,"{""Bat"": 3.333, ""Distance_mm"": 720, ""Interrupt_flag"": 0, ""Node_type"": ""DDS75-LB"", ""Sensor_flag"": 1, ""TempC_DS18B20"": 32.76}"
2025-09-21 02:49:41.167032532+00:00,dds75-lb-21,2,-32,10.0,"{""Bat"": 3.333, ""Distance_mm"": 720, ""Interrupt_flag"": 0, ""Node_type"": ""DDS75-LB"", ""Sensor_flag"": 1, ""TempC_DS18B20"": 32.76}"
2025-09-21 02:50:41.159535272+00:00,dds75-lb-21,2,-29,7.75,"{""Bat"": 3.333, ""Distance_mm"": 720, ""Interrupt_flag"": 0, ""Node_type"": ""DDS75-LB"", ""Sensor_flag"": 1, ""TempC_DS18B20"": 32.76}"
2025-09-21 02:51:41.149010909+00:00,dds75-lb-21,2,-32,9.0,"{""Bat"": 3.333, ""Distance_mm"": 720, ""Interrupt_flag"": 0, ""Node_type"": ""DDS75-LB"", ""Sensor_flag"": 1, ""TempC_DS18B20"": 32.76}"
2025-09-21 02:52:41.130702604+00:00,dds75-lb-21,2,-27,7.0,"{""Bat"": 3.333, ""Distance_mm"": 720, ""Interrupt_flag"": 0, ""Node_type"": ""DDS75-LB"", ""Sensor_flag"": 1, ""TempC_DS18B20"": 32.76}"
2025-09-21 02:53:41.131705066+00:00,dds75-lb-21,2,-30,9.5,"{""Bat"": 3.333, ""Distance_mm"": 720, ""Interrupt_flag"": 0, ""Node_type"": ""DDS75-LB"", ""Sensor_flag"": 1, ""TempC_DS18B20"": 32.76}"
2025-09-21 02:54:41.112266867+00:00,dds75-lb-21,2,-33,10.25,"{""Bat"": 3.333, ""Distance_mm"": 720, ""Interrupt_flag"": 0, ""Node_type"": ""DDS75-LB"", ""Sensor_flag"": 1, ""TempC_DS18B20"": 32.76}"
2025-09-21 02:55:41.089546586+00:00,dds75-lb-21,2,-33,10.25,"{""Bat"": 3.333, ""Distance_mm"": 720, ""Interrupt_flag"": 0, ""Node_type"": ""DDS75-LB"", ""Sensor_flag"": 1, ""TempC_DS18B20"": 32.76}"
2025-09-21 02:56:41.072799496+00:00,dds75-lb-21,2,-32,10.25,"{""Bat"": 3.333, ""Distance_mm"": 720, ""Interrupt_flag"": 0, ""Node_type"": ""DDS75-LB"", ""Sensor_flag"": 1, ""TempC_DS18B20"": 32.76}"
2025-09-21 02:57:41.101851400+00:00,dds75-lb-21,2,-32,10.5,"{""Bat"": 3.333, ""Distance_mm"": 720, ""Interrupt_flag"": 0, ""Node_type"": ""DDS75-LB"", ""Sensor_flag"": 1, ""TempC_DS18B20"": 32.76}"
2025-09-21 02:58:41.070835317+00:00,dds75-lb-21,2,-32,9.75,"{""Bat"": 3.333, ""Distance_mm"": 720, ""Interrupt_flag"": 0, ""Node_type"": ""DDS75-LB"", ""Sensor_flag"": 1, ""TempC_DS18B20"": 32.76}"
2025-09-21 02:59:41.062392992+00:00,dds75-lb-21,2,-31,9.25,"{""Bat"": 3.333, ""Distance_mm"": 720, ""Interrupt_flag"": 0, ""Node_type"": ""DDS75-LB"", ""Sensor_flag"": 1, ""TempC_DS18B20"": 32.76}"
2025-09-21 03:00:41.050294913+00:00,dds75-lb-21,2,-37,7.0,"{""Bat"": 3.333, ""Distance_mm"": 720, ""Interrupt_flag"": 0, ""Node_type"": ""DDS75-LB"", ""Sensor_flag"": 1, ""TempC_DS18B20"": 32.76}"
2025-09-21 03:01:41.050556462+00:00,dds75-lb-21,2,-33,10.75,"{""Bat"": 3.333, ""Distance_mm"": 720, ""Interrupt_flag"": 0, ""Node_type"": ""DDS75-LB"", ""Sensor_flag"": 1, ""TempC_DS18B20"": 32.76}"
2025-09-21 03:02:41.030197851+00:00,dds75-lb-21,2,-33,10.5,"{""Bat"": 3.333, ""Distance_mm"": 720, ""Interrupt_flag"": 0, ""Node_type"": ""DDS75-LB"", ""Sensor_flag"": 1, ""TempC_DS18B20"": 32.76}"
2025-09-21 03:03:41.029176778+00:00,dds75-lb-21,2,-31,9.75,"{""Bat"": 3.333, ""Distance_mm"": 720, ""Interrupt_flag"": 0, ""Node_type"": ""DDS75-LB"", ""Sensor_flag"": 1, ""TempC_DS18B20"": 32.76}"
2025-09-21 03:04:41.013268162+00:00,dds75-lb-21,2,-117,-5.25,"{""Bat"": 3.333, ""Distance_mm"": 720, ""Interrupt_flag"": 0, ""Node_type"": ""DDS75-LB"", ""Sensor_flag"": 1, ""TempC_DS18B20"": 32.76}"
2025-09-21 03:05:41.001823678+00:00,dds75-lb-21,2,-35,9.5,"{""Bat"": 3.333, ""Distance_mm"": 720, ""Interrupt_flag"": 0, ""Node_type"": ""DDS75-LB"", ""Sensor_flag"": 1, ""TempC_DS18B20"": 32.76}"
2025-09-21 03:06:40.989365363+00:00,dds75-lb-21,2,-31,7.75,"{""Bat"": 3.333, ""Distance_mm"": 720, ""Interrupt_flag"": 0, ""Node_type"": ""DDS75-LB"", ""Sensor_flag"": 1, ""TempC_DS18B20"": 32.76}"
2025-09-21 03:07:40.982378307+00:00,dds75-lb-21,2,-29,9.25,"{""Bat"": 3.333, ""Distance_mm"": 720, ""Interrupt_flag"": 0, ""Node_type"": ""DDS75-LB"", ""Sensor_flag"": 1, ""TempC_DS18B20"": 32.76}"
2025-09-21 03:08:40.981905884+00:00,dds75-lb-21,2,-30,7.25,"{""Bat"": 3.333, ""Distance_mm"": 720, ""Interrupt_flag"": 0, ""Node_type"": ""DDS75-LB"", ""Sensor_flag"": 1, ""TempC_DS18B20"": 32.76}"
2025-09-21 03:09:40.959038027+00:00,dds75-lb-21,2,-32,10.0,"{""Bat"": 3.333, ""Distance_mm"": 720, ""Interrupt_flag"": 0, ""Node_type"": ""DDS75-LB"", ""Sensor_flag"": 1, ""TempC_DS18B20"": 32.76}"
2025-09-21 03:10:40.942065417+00:00,dds75-lb-21,2,-114,1.0,"{""Bat"": 3.333, ""Distance_mm"": 720, ""Interrupt_flag"": 0, ""Node_type"": ""DDS75-LB"", ""Sensor_flag"": 1, ""TempC_DS18B20"": 32.76}"
2025-09-21 03:11:40.930193830+00:00,dds75-lb-21,2,-33,9.75,"{""Bat"": 3.333, ""Distance_mm"": 720, ""Interrupt_flag"": 0, ""Node_type"": ""DDS75-LB"", ""Sensor_flag"": 1, ""TempC_DS18B20"": 32.76}"
2025-09-21 03:12:40.929096505+00:00,dds75-lb-21,2,-31,9.5,"{""Bat"": 3.333, ""Distance_mm"": 720, ""Interrupt_flag"": 0, ""Node_type"": ""DDS75-LB"", ""Sensor_flag"": 1, ""TempC_DS18B20"": 32.76}"
2025-09-21 03:13:40.911096366+00:00,dds75-lb-21,2,-35,11.0,"{""Bat"": 3.333, ""Distance_mm"": 720, ""Interrupt_flag"": 0, ""Node_type"": ""DDS75-LB"", ""Sensor_flag"": 1, ""TempC_DS18B20"": 32.76}"
2025-09-21 03:14:40.905235933+00:00,dds75-lb-21,2,-32,9.0,"{""Bat"": 3.333, ""Distance_mm"": 720, ""Interrupt_flag"": 0, ""Node_type"": ""DDS75-LB"", ""Sensor_flag"": 1, ""TempC_DS18B20"": 32.76}"
2025-09-21 03:15:40.902704864+00:00,dds75-lb-21,2,-32,7.5,"{""Bat"": 3.333, ""Distance_mm"": 720, ""Interrupt_flag"": 0, ""Node_type"": ""DDS75-LB"", ""Sensor_flag"": 1, ""TempC_DS18B20"": 32.76}"
2025-09-21 03:16:40.900509626+00:00,dds75-lb-21,2,-33,10.25,"{""Bat"": 3.333, ""Distance_mm"": 720, ""Interrupt_flag"": 0, ""Node_type"": ""DDS75-LB"", ""Sensor_flag"": 1, ""TempC_DS18B20"": 32.76}"
2025-09-21 03:17:40.871515236+00:00,dds75-lb-21,2,-32,9.75,"{""Bat"": 3.333, ""Distance_mm"": 720, ""Interrupt_flag"": 0, ""Node_type"": ""DDS75-LB"", ""Sensor_flag"": 1, ""TempC_DS18B20"": 32.76}"
2025-09-21 03:18:40.860916695+00:00,dds75-lb-21,2,-33,9.0,"{""Bat"": 3.333, ""Distance_mm"": 720, ""Interrupt_flag"": 0, ""Node_type"": ""DDS75-LB"", ""Sensor_flag"": 1, ""TempC_DS18B20"": 32.76}"
2025-09-21 03:19:40.852110848+00:00,dds75-lb-21,2,-37,7.0,"{""Bat"": 3.333, ""Distance_mm"": 720, ""Interrupt_flag"": 0, ""Node_type"": ""DDS75-LB"", ""Sensor_flag"": 1, ""TempC_DS18B20"": 32.76}"
2025-09-21 03:20:40.860383106+00:00,dds75-lb-21,2,-30,9.0,"{""Bat"": 10.886, ""Distance_mm"": 720, ""Interrupt_flag"": 0, ""Node_type"": ""DDS75-LB"", ""Sensor_flag"": 1, ""TempC_DS18B20"": 32.76}"
2025-09-21 03:21:40.832323468+00:00,dds75-lb-21,2,-31,9.5,"{""Bat"": 3.333, ""Distance_mm"": 720, ""Interrupt_flag"": 0, ""Node_type"": ""DDS75-LB"", ""Sensor_flag"": 1, ""TempC_DS18B20"": 32.76}"
2025-09-21 03:22:40.819513275+00:00,dds75-lb-21,2,-32,9.25,"{""Bat"": 3.333, ""Distance_mm"": 720, ""Interrupt_flag"": 0, ""Node_type"": ""DDS75-LB"", ""Sensor_flag"": 1, ""TempC_DS18B20"": 32.76}"
2025-09-21 03:23:40.813919851+00:00,dds75-lb-21,2,-32,9.0,"{""Bat"": 3.333, ""Distance_mm"": 720, ""Interrupt_flag"": 0, ""Node_type"": ""DDS75-LB"", ""Sensor_flag"": 1, ""TempC_DS18B20"": 32.76}"
2025-09-21 03:24:40.799181044+00:00,dds75-lb-21,2,-30,8.75,"{""Bat"": 3.333, ""Distance_mm"": 720, ""Interrupt_flag"": 0, ""Node_type"": ""DDS75-LB"", ""Sensor_flag"": 1, ""TempC_DS18B20"": 32.76}"
2025-09-21 03:25:40.799672426+00:00,dds75-lb-21,2,-30,9.75,"{""Bat"": 3.333, ""Distance_mm"": 720, ""Interrupt_flag"": 0, ""Node_type"": ""DDS75-LB"", ""Sensor_flag"": 1, ""TempC_DS18B20"": 32.76}"
2025-09-21 03:26:40.786365945+00:00,dds75-lb-21,2,-115,-0.5,"{""Bat"": 3.333, ""Distance_mm"": 720, ""Interrupt_flag"": 0, ""Node_type"": ""DDS75-LB"", ""Sensor_flag"": 1, ""TempC_DS18B20"": 32.76}"
2025-09-21 03:27:40.769602027+00:00,dds75-lb-21,2,-35,7.5,"{""Bat"": 3.333, ""Distance_mm"": 720, ""Interrupt_flag"": 0, ""Node_type"": ""DDS75-LB"", ""Sensor_flag"": 1, ""TempC_DS18B20"": 32.76}"
2025-09-21 03:28:40.772285482+00:00,dds75-lb-21,2,-31,8.75,"{""Bat"": 3.333, ""Distance_mm"": 720, ""Interrupt_flag"": 0, ""Node_type"": ""DDS75-LB"", ""Sensor_flag"": 1, ""TempC_DS18B20"": 32.76}"
2025-09-21 03:29:40.762454977+00:00,dds75-lb-21,2,-33,10.25,"{""Bat"": 3.333, ""Distance_mm"": 720, ""Interrupt_flag"": 0, ""Node_type"": ""DDS75-LB"", ""Sensor_flag"": 1, ""TempC_DS18B20"": 32.76}"
2025-09-21 03:30:40.749307269+00:00,dds75-lb-21,2,-32,11.0,"{""Bat"": 3.333, ""Distance_mm"": 720, ""Interrupt_flag"": 0, ""Node_type"": ""DDS75-LB"", ""Sensor_flag"": 1, ""TempC_DS18B20"": 32.76}"
2025-09-21 03:31:40.731525759+00:00,dds75-lb-21,2,-30,9.5,"{""Bat"": 3.333, ""Distance_mm"": 720, ""Interrupt_flag"": 0, ""Node_type"": ""DDS75-LB"", ""Sensor_flag"": 1, ""TempC_DS18B20"": 32.76}"
2025-09-21 03:32:40.712395654+00:00,dds75-lb-21,2,-31,10.25,"{""Bat"": 3.333, ""Distance_mm"": 720, ""Interrupt_flag"": 0, ""Node_type"": ""DDS75-LB"", ""Sensor_flag"": 1, ""TempC_DS18B20"": 32.76}"
2025-09-21 03:33:40.702667715+00:00,dds75-lb-21,2,-32,11.0,"{""Bat"": 3.333, ""Distance_mm"": 720, ""Interrupt_flag"": 0, ""Node_type"": ""DDS75-LB"", ""Sensor_flag"": 1, ""TempC_DS18B20"": 32.76}"
2025-09-21 03:34:40.690940546+00:00,dds75-lb-21,2,-114,1.5,"{""Bat"": 3.333, ""Distance_mm"": 720, ""Interrupt_flag"": 0, ""Node_type"": ""DDS75-LB"", ""Sensor_flag"": 1, ""TempC_DS18B20"": 32.76}"
2025-09-21 03:35:40.688778858+00:00,dds75-lb-21,2,-33,9.75,"{""Bat"": 3.333, ""Distance_mm"": 720, ""Interrupt_flag"": 0, ""Node_type"": ""DDS75-LB"", ""Sensor_flag"": 1, ""TempC_DS18B20"": 32.76}"
2025-09-21 03:36:40.691194222+00:00,dds75-lb-21,2,-32,9.0,"{""Bat"": 3.333, ""Distance_mm"": 720, ""Interrupt_flag"": 0, ""Node_type"": ""DDS75-LB"", ""Sensor_flag"": 1, ""TempC_DS18B20"": 32.76}"
2025-09-21 03:37:40.661846800+00:00,dds75-lb-21,2,-35,10.0,"{""Bat"": 3.333, ""Distance_mm"": 720, ""Interrupt_flag"": 0, ""Node_type"": ""DDS75-LB"", ""Sensor_flag"": 1, ""TempC_DS18B20"": 32.76}"
2025-09-21 03:38:40.658881240+00:00,dds75-lb-21,2,-30,9.5,"{""Bat"": 3.333, ""Distance_mm"": 720, ""Interrupt_flag"": 0, ""Node_type"": ""DDS75-LB"", ""Sensor_flag"": 1, ""TempC_DS18B20"": 32.76}"
2025-09-21 03:39:40.648384113+00:00,dds75-lb-21,2,-32,6.75,"{""Bat"": 3.333, ""Distance_mm"": 720, ""Interrupt_flag"": 0, ""Node_type"": ""DDS75-LB"", ""Sensor_flag"": 1, ""TempC_DS18B20"": 32.76}"
2025-09-21 03:40:40.634468370+00:00,dds75-lb-21,2,-33,7.5,"{""Bat"": 3.333, ""Distance_mm"": 720, ""Interrupt_flag"": 0, ""Node_type"": ""DDS75-LB"", ""Sensor_flag"": 1, ""TempC_DS18B20"": 32.76}"
2025-09-21 03:41:40.619770607+00:00,dds75-lb-21,2,-32,10.75,"{""Bat"": 3.333, ""Distance_mm"": 720, ""Interrupt_flag"": 0, ""Node_type"": ""DDS75-LB"", ""Sensor_flag"": 1, ""TempC_DS18B20"": 32.76}"
2025-09-21 03:42:40.612955581+00:00,dds75-lb-21,2,-31,9.75,"{""Bat"": 3.333, ""Distance_mm"": 720, ""Interrupt_flag"": 0, ""Node_type"": ""DDS75-LB"", ""Sensor_flag"": 1, ""TempC_DS18B20"": 32.76}"
2025-09-21 03:43:40.604025392+00:00,dds75-lb-21,2,-29,6.5,"{""Bat"": 3.333, ""Distance_mm"": 720, ""Interrupt_flag"": 0, ""Node_type"": ""DDS75-LB"", ""Sensor_flag"": 1, ""TempC_DS18B20"": 32.76}"
2025-09-21 03:44:40.599000289+00:00,dds75-lb-21,2,-31,9.25,"{""Bat"": 3.333, ""Distance_mm"": 720, ""Interrupt_flag"": 0, ""Node_type"": ""DDS75-LB"", ""Sensor_flag"": 1, ""TempC_DS18B20"": 32.76}"
2025-09-21 03:45:40.574748894+00:00,dds75-lb-21,2,-119,-3.5,"{""Bat"": 3.333, ""Distance_mm"": 720, ""Interrupt_flag"": 0, ""Node_type"": ""DDS75-LB"", ""Sensor_flag"": 1, ""TempC_DS18B20"": 32.76}"
2025-09-21 03:46:40.552140753+00:00,dds75-lb-21,2,-122,-6.0,"{""Bat"": 3.333, ""Distance_mm"": 720, ""Interrupt_flag"": 0, ""Node_type"": ""DDS75-LB"", ""Sensor_flag"": 1, ""TempC_DS18B20"": 32.76}"
2025-09-21 03:47:40.563138912+00:00,dds75-lb-21,2,-32,10.0,"{""Bat"": 3.333, ""Distance_mm"": 720, ""Interrupt_flag"": 0, ""Node_type"": ""DDS75-LB"", ""Sensor_flag"": 1, ""TempC_DS18B20"": 32.76}"
2025-09-21 03:48:40.551674725+00:00,dds75-lb-21,2,-33,9.75,"{""Bat"": 3.333, ""Distance_mm"": 720, ""Interrupt_flag"": 0, ""Node_type"": ""DDS75-LB"", ""Sensor_flag"": 1, ""TempC_DS18B20"": 32.76}"
2025-09-21 03:49:40.538271182+00:00,dds75-lb-21,2,-33,9.0,"{""Bat"": 3.333, ""Distance_mm"": 720, ""Interrupt_flag"": 0, ""Node_type"": ""DDS75-LB"", ""Sensor_flag"": 1, ""TempC_DS18B20"": 32.76}"
2025-09-21 03:50:40.520071675+00:00,dds75-lb-21,2,-33,10.0,"{""Bat"": 3.333, ""Distance_mm"": 720, ""Interrupt_flag"": 0, ""Node_type"": ""DDS75-LB"", ""Sensor_flag"": 1, ""TempC_DS18B20"": 32.76}"
2025-09-21 03:51:40.520871621+00:00,dds75-lb-21,2,-33,9.0,"{""Bat"": 3.333, ""Distance_mm"": 720, ""Interrupt_flag"": 0, ""Node_type"": ""DDS75-LB"", ""Sensor_flag"": 1, ""TempC_DS18B20"": 32.76}"
2025-09-21 03:52:40.509706600+00:00,dds75-lb-21,2,-32,9.5,"{""Bat"": 3.333, ""Distance_mm"": 720, ""Interrupt_flag"": 0, ""Node_type"": ""DDS75-LB"", ""Sensor_flag"": 1, ""TempC_DS18B20"": 32.76}"
2025-09-21 03:53:40.489686526+00:00,dds75-lb-21,2,-33,9.75,"{""Bat"": 3.333, ""Distance_mm"": 720, ""Interrupt_flag"": 0, ""Node_type"": ""DDS75-LB"", ""Sensor_flag"": 1, ""TempC_DS18B20"": 32.76}"
2025-09-21 03:54:40.488232348+00:00,dds75-lb-21,2,-32,9.0,"{""Bat"": 3.333, ""Distance_mm"": 720, ""Interrupt_flag"": 0, ""Node_type"": ""DDS75-LB"", ""Sensor_flag"": 1, ""TempC_DS18B20"": 32.76}"
2025-09-21 03:55:40.481783404+00:00,dds75-lb-21,2,-30,7.5,"{""Bat"": 3.333, ""Distance_mm"": 720, ""Interrupt_flag"": 0, ""Node_type"": ""DDS75-LB"", ""Sensor_flag"": 1, ""TempC_DS18B20"": 32.76}"
2025-09-21 03:56:40.458367586+00:00,dds75-lb-21,2,-31,9.0,"{""Bat"": 3.333, ""Distance_mm"": 720, ""Interrupt_flag"": 0, ""Node_type"": ""DDS75-LB"", ""Sensor_flag"": 1, ""TempC_DS18B20"": 32.76}"
2025-09-21 03:57:40.461377655+00:00,dds75-lb-21,2,-33,9.75,"{""Bat"": 3.333, ""Distance_mm"": 720, ""Interrupt_flag"": 0, ""Node_type"": ""DDS75-LB"", ""Sensor_flag"": 1, ""TempC_DS18B20"": 32.76}"
2025-09-21 03:58:40.442805838+00:00,dds75-lb-21,2,-31,9.25,"{""Bat"": 3.333, ""Distance_mm"": 720, ""Interrupt_flag"": 0, ""Node_type"": ""DDS75-LB"", ""Sensor_flag"": 1, ""TempC_DS18B20"": 32.76}"
2025-09-21 03:59:40.435134773+00:00,dds75-lb-21,2,-119,-3.75,"{""Bat"": 3.333, ""Distance_mm"": 720, ""Interrupt_flag"": 0, ""Node_type"": ""DDS75-LB"", ""Sensor_flag"": 1, ""TempC_DS18B20"": 32.76}"
2025-09-21 04:00:40.410542472+00:00,dds75-lb-21,2,-32,9.75,"{""Bat"": 3.333, ""Distance_mm"": 720, ""Interrupt_flag"": 0, ""Node_type"": ""DDS75-LB"", ""Sensor_flag"": 1, ""TempC_DS18B20"": 32.76}"
2025-09-21 04:01:40.398438807+00:00,dds75-lb-21,2,-33,9.5,"{""Bat"": 3.333, ""Distance_mm"": 720, ""Interrupt_flag"": 0, ""Node_type"": ""DDS75-LB"", ""Sensor_flag"": 1, ""TempC_DS18B20"": 32.76}"
2025-09-21 04:02:40.398971275+00:00,dds75-lb-21,2,-31,7.25,"{""Bat"": 3.333, ""Distance_mm"": 720, ""Interrupt_flag"": 0, ""Node_type"": ""DDS75-LB"", ""Sensor_flag"": 1, ""TempC_DS18B20"": 32.76}"
2025-09-21 04:03:40.401386919+00:00,dds75-lb-21,2,-32,7.0,"{""Bat"": 3.333, ""Distance_mm"": 720, ""Interrupt_flag"": 0, ""Node_type"": ""DDS75-LB"", ""Sensor_flag"": 1, ""TempC_DS18B20"": 32.76}"
2025-09-21 04:04:40.370311779+00:00,dds75-lb-21,2,-120,-4.0,"{""Bat"": 3.333, ""Distance_mm"": 720, ""Interrupt_flag"": 0, ""Node_type"": ""DDS75-LB"", ""Sensor_flag"": 1, ""TempC_DS18B20"": 32.76}"
2025-09-21 04:05:40.372255995+00:00,dds75-lb-21,2,-30,9.25,"{""Bat"": 3.333, ""Distance_mm"": 720, ""Interrupt_flag"": 0, ""Node_type"": ""DDS75-LB"", ""Sensor_flag"": 1, ""TempC_DS18B20"": 32.76}"
2025-09-21 04:06:40.351739223+00:00,dds75-lb-21,2,-32,9.0,"{""Bat"": 3.333, ""Distance_mm"": 720, ""Interrupt_flag"": 0, ""Node_type"": ""DDS75-LB"", ""Sensor_flag"": 1, ""TempC_DS18B20"": 32.76}"
2025-09-21 04:07:40.360834364+00:00,dds75-lb-21,2,-31,9.25,"{""Bat"": 3.333, ""Distance_mm"": 720, ""Interrupt_flag"": 0, ""Node_type"": ""DDS75-LB"", ""Sensor_flag"": 1, ""TempC_DS18B20"": 32.76}"
2025-09-21 04:08:40.339182702+00:00,dds75-lb-21,2,-31,8.75,"{""Bat"": 3.333, ""Distance_mm"": 720, ""Interrupt_flag"": 0, ""Node_type"": ""DDS75-LB"", ""Sensor_flag"": 1, ""TempC_DS18B20"": 32.76}"
2025-09-21 04:09:40.319198404+00:00,dds75-lb-21,2,-32,9.25,"{""Bat"": 3.333, ""Distance_mm"": 720, ""Interrupt_flag"": 0, ""Node_type"": ""DDS75-LB"", ""Sensor_flag"": 1, ""TempC_DS18B20"": 32.76}"
2025-09-21 04:10:40.320694682+00:00,dds75-lb-21,2,-32,7.0,"{""Bat"": 3.333, ""Distance_mm"": 720, ""Interrupt_flag"": 0, ""Node_type"": ""DDS75-LB"", ""Sensor_flag"": 1, ""TempC_DS18B20"": 32.76}"
2025-09-21 04:11:40.308902443+00:00,dds75-lb-21,2,-30,7.5,"{""Bat"": 3.333, ""Distance_mm"": 720, ""Interrupt_flag"": 0, ""Node_type"": ""DDS75-LB"", ""Sensor_flag"": 1, ""TempC_DS18B20"": 32.76}"
2025-09-21 04:12:40.301221416+00:00,dds75-lb-21,2,-35,9.25,"{""Bat"": 3.333, ""Distance_mm"": 720, ""Interrupt_flag"": 0, ""Node_type"": ""DDS75-LB"", ""Sensor_flag"": 1, ""TempC_DS18B20"": 32.76}"
2025-09-21 04:13:40.282308027+00:00,dds75-lb-21,2,-120,-4.25,"{""Bat"": 3.333, ""Distance_mm"": 720, ""Interrupt_flag"": 0, ""Node_type"": ""DDS75-LB"", ""Sensor_flag"": 1, ""TempC_DS18B20"": 32.76}"
2025-09-21 04:14:40.270635343+00:00,dds75-lb-21,2,-33,9.75,"{""Bat"": 3.333, ""Distance_mm"": 720, ""Interrupt_flag"": 0, ""Node_type"": ""DDS75-LB"", ""Sensor_flag"": 1, ""TempC_DS18B20"": 32.76}"
2025-09-21 04:15:40.261380960+00:00,dds75-lb-21,2,-33,11.25,"{""Bat"": 3.333, ""Distance_mm"": 720, ""Interrupt_flag"": 0, ""Node_type"": ""DDS75-LB"", ""Sensor_flag"": 1, ""TempC_DS18B20"": 32.76}"
2025-09-21 04:16:40.248083991+00:00,dds75-lb-21,2,-31,10.25,"{""Bat"": 3.333, ""Distance_mm"": 720, ""Interrupt_flag"": 0, ""Node_type"": ""DDS75-LB"", ""Sensor_flag"": 1, ""TempC_DS18B20"": 32.76}"
2025-09-21 04:17:40.247456673+00:00,dds75-lb-21,2,-32,9.0,"{""Bat"": 3.333, ""Distance_mm"": 720, ""Interrupt_flag"": 0, ""Node_type"": ""DDS75-LB"", ""Sensor_flag"": 1, ""TempC_DS18B20"": 32.76}"
2025-09-21 04:18:40.247070643+00:00,dds75-lb-21,2,-30,8.75,"{""Bat"": 3.333, ""Distance_mm"": 720, ""Interrupt_flag"": 0, ""Node_type"": ""DDS75-LB"", ""Sensor_flag"": 1, ""TempC_DS18B20"": 32.76}"
2025-09-21 04:19:40.221632188+00:00,dds75-lb-21,2,-119,-3.0,"{""Bat"": 3.333, ""Distance_mm"": 720, ""Interrupt_flag"": 0, ""Node_type"": ""DDS75-LB"", ""Sensor_flag"": 1, ""TempC_DS18B20"": 32.76}"
2025-09-21 04:20:40.215359639+00:00,dds75-lb-21,2,-120,-4.5,"{""Bat"": 3.333, ""Distance_mm"": 720, ""Interrupt_flag"": 0, ""Node_type"": ""DDS75-LB"", ""Sensor_flag"": 1, ""TempC_DS18B20"": 32.76}"
2025-09-21 04:21:40.226364634+00:00,dds75-lb-21,2,-32,11.0,"{""Bat"": 3.333, ""Distance_mm"": 720, ""Interrupt_flag"": 0, ""Node_type"": ""DDS75-LB"", ""Sensor_flag"": 1, ""TempC_DS18B20"": 32.76}"
2025-09-21 04:22:40.187152238+00:00,dds75-lb-21,2,-33,10.25,"{""Bat"": 3.333, ""Distance_mm"": 720, ""Interrupt_flag"": 0, ""Node_type"": ""DDS75-LB"", ""Sensor_flag"": 1, ""TempC_DS18B20"": 32.76}"
2025-09-21 04:23:40.196694662+00:00,dds75-lb-21,2,-32,8.75,"{""Bat"": 3.333, ""Distance_mm"": 720, ""Interrupt_flag"": 0, ""Node_type"": ""DDS75-LB"", ""Sensor_flag"": 1, ""TempC_DS18B20"": 32.76}"
2025-09-21 04:24:40.174651388+00:00,dds75-lb-21,2,-118,-2.25,"{""Bat"": 3.333, ""Distance_mm"": 720, ""Interrupt_flag"": 0, ""Node_type"": ""DDS75-LB"", ""Sensor_flag"": 1, ""TempC_DS18B20"": 32.76}"
2025-09-21 04:25:40.174412960+00:00,dds75-lb-21,2,-31,9.0,"{""Bat"": 3.333, ""Distance_mm"": 720, ""Interrupt_flag"": 0, ""Node_type"": ""DDS75-LB"", ""Sensor_flag"": 1, ""TempC_DS18B20"": 32.76}"
2025-09-21 04:26:40.154733099+00:00,dds75-lb-21,2,-32,9.75,"{""Bat"": 3.333, ""Distance_mm"": 720, ""Interrupt_flag"": 0, ""Node_type"": ""DDS75-LB"", ""Sensor_flag"": 1, ""TempC_DS18B20"": 32.76}"
2025-09-21 04:27:40.110362502+00:00,dds75-lb-21,2,-121,-7.0,"{""Bat"": 3.333, ""Distance_mm"": 720, ""Interrupt_flag"": 0, ""Node_type"": ""DDS75-LB"", ""Sensor_flag"": 1, ""TempC_DS18B20"": 32.76}"
2025-09-21 04:28:40.116283048+00:00,dds75-lb-21,2,-31,9.5,"{""Bat"": 3.333, ""Distance_mm"": 720, ""Interrupt_flag"": 0, ""Node_type"": ""DDS75-LB"", ""Sensor_flag"": 1, ""TempC_DS18B20"": 32.76}"
2025-09-21 04:29:40.136186231+00:00,dds75-lb-21,2,-32,9.5,"{""Bat"": 3.333, ""Distance_mm"": 720, ""Interrupt_flag"": 0, ""Node_type"": ""DDS75-LB"", ""Sensor_flag"": 1, ""TempC_DS18B20"": 32.76}"
2025-09-21 04:30:40.108127996+00:00,dds75-lb-21,2,-30,9.25,"{""Bat"": 3.333, ""Distance_mm"": 720, ""Interrupt_flag"": 0, ""Node_type"": ""DDS75-LB"", ""Sensor_flag"": 1, ""TempC_DS18B20"": 32.76}"
2025-09-21 04:31:40.096654298+00:00,dds75-lb-21,2,-33,10.75,"{""Bat"": 3.333, ""Distance_mm"": 720, ""Interrupt_flag"": 0, ""Node_type"": ""DDS75-LB"", ""Sensor_flag"": 1, ""TempC_DS18B20"": 32.76}"
2025-09-21 04:32:40.079502826+00:00,dds75-lb-21,2,-32,10.0,"{""Bat"": 3.333, ""Distance_mm"": 720, ""Interrupt_flag"": 0, ""Node_type"": ""DDS75-LB"", ""Sensor_flag"": 1, ""TempC_DS18B20"": 32.76}"
2025-09-21 04:33:40.065695414+00:00,dds75-lb-21,2,-35,10.25,"{""Bat"": 3.333, ""Distance_mm"": 720, ""Interrupt_flag"": 0, ""Node_type"": ""DDS75-LB"", ""Sensor_flag"": 1, ""TempC_DS18B20"": 32.76}"
2025-09-21 04:34:40.058707422+00:00,dds75-lb-21,2,-32,9.5,"{""Bat"": 3.333, ""Distance_mm"": 720, ""Interrupt_flag"": 0, ""Node_type"": ""DDS75-LB"", ""Sensor_flag"": 1, ""TempC_DS18B20"": 32.76}"
2025-09-21 04:35:40.067605884+00:00,dds75-lb-21,2,-31,7.5,"{""Bat"": 3.333, ""Distance_mm"": 720, ""Interrupt_flag"": 0, ""Node_type"": ""DDS75-LB"", ""Sensor_flag"": 1, ""TempC_DS18B20"": 32.76}"
2025-09-21 04:36:40.053085875+00:00,dds75-lb-21,2,-31,7.25,"{""Bat"": 3.333, ""Distance_mm"": 720, ""Interrupt_flag"": 0, ""Node_type"": ""DDS75-LB"", ""Sensor_flag"": 1, ""TempC_DS18B20"": 32.76}"
2025-09-21 04:37:40.043928810+00:00,dds75-lb-21,2,-31,9.0,"{""Bat"": 3.333, ""Distance_mm"": 720, ""Interrupt_flag"": 0, ""Node_type"": ""DDS75-LB"", ""Sensor_flag"": 1, ""TempC_DS18B20"": 32.76}"
2025-09-21 04:38:40.021963894+00:00,dds75-lb-21,2,-35,11.0,"{""Bat"": 3.333, ""Distance_mm"": 720, ""Interrupt_flag"": 0, ""Node_type"": ""DDS75-LB"", ""Sensor_flag"": 1, ""TempC_DS18B20"": 32.76}"
2025-09-21 04:39:40.013808820+00:00,dds75-lb-21,2,-33,9.5,"{""Bat"": 3.333, ""Distance_mm"": 720, ""Interrupt_flag"": 0, ""Node_type"": ""DDS75-LB"", ""Sensor_flag"": 1, ""TempC_DS18B20"": 32.76}"
2025-09-21 04:40:40.008391179+00:00,dds75-lb-21,2,-31,9.5,"{""Bat"": 3.333, ""Distance_mm"": 720, ""Interrupt_flag"": 0, ""Node_type"": ""DDS75-LB"", ""Sensor_flag"": 1, ""TempC_DS18B20"": 32.76}"
2025-09-21 04:41:40.007744821+00:00,dds75-lb-21,2,-35,10.25,"{""Bat"": 3.333, ""Distance_mm"": 720, ""Interrupt_flag"": 0, ""Node_type"": ""DDS75-LB"", ""Sensor_flag"": 1, ""TempC_DS18B20"": 32.76}"
2025-09-21 04:42:39.982044575+00:00,dds75-lb-21,2,-32,7.5,"{""Bat"": 3.333, ""Distance_mm"": 720, ""Interrupt_flag"": 0, ""Node_type"": ""DDS75-LB"", ""Sensor_flag"": 1, ""TempC_DS18B20"": 32.76}"
2025-09-21 04:43:40.003813566+00:00,dds75-lb-21,2,-30,9.5,"{""Bat"": 3.333, ""Distance_mm"": 720, ""Interrupt_flag"": 0, ""Node_type"": ""DDS75-LB"", ""Sensor_flag"": 1, ""TempC_DS18B20"": 32.76}"
2025-09-21 04:44:39.951415281+00:00,dds75-lb-21,2,-122,-5.75,"{""Bat"": 3.333, ""Distance_mm"": 720, ""Interrupt_flag"": 0, ""Node_type"": ""DDS75-LB"", ""Sensor_flag"": 1, ""TempC_DS18B20"": 32.76}"
2025-09-21 04:45:39.944403713+00:00,dds75-lb-21,2,-32,9.25,"{""Bat"": 3.333, ""Distance_mm"": 720, ""Interrupt_flag"": 0, ""Node_type"": ""DDS75-LB"", ""Sensor_flag"": 1, ""TempC_DS18B20"": 32.76}"
2025-09-21 04:46:39.939350014+00:00,dds75-lb-21,2,-33,9.5,"{""Bat"": 3.333, ""Distance_mm"": 720, ""Interrupt_flag"": 0, ""Node_type"": ""DDS75-LB"", ""Sensor_flag"": 1, ""TempC_DS18B20"": 32.76}"
2025-09-21 04:47:39.942431361+00:00,dds75-lb-21,2,-33,10.25,"{""Bat"": 3.333, ""Distance_mm"": 720, ""Interrupt_flag"": 0, ""Node_type"": ""DDS75-LB"", ""Sensor_flag"": 1, ""TempC_DS18B20"": 32.76}"
2025-09-21 04:48:39.927356698+00:00,dds75-lb-21,2,-32,9.5,"{""Bat"": 3.333, ""Distance_mm"": 720, ""Interrupt_flag"": 0, ""Node_type"": ""DDS75-LB"", ""Sensor_flag"": 1, ""TempC_DS18B20"": 32.76}"
2025-09-21 04:49:39.910386218+00:00,dds75-lb-21,2,-33,9.75,"{""Bat"": 3.333, ""Distance_mm"": 720, ""Interrupt_flag"": 0, ""Node_type"": ""DDS75-LB"", ""Sensor_flag"": 1, ""TempC_DS18B20"": 32.76}"
2025-09-21 04:50:39.901467664+00:00,dds75-lb-21,2,-32,9.25,"{""Bat"": 3.333, ""Distance_mm"": 720, ""Interrupt_flag"": 0, ""Node_type"": ""DDS75-LB"", ""Sensor_flag"": 1, ""TempC_DS18B20"": 32.76}"
2025-09-21 04:51:39.881083664+00:00,dds75-lb-21,2,-32,9.25,"{""Bat"": 3.333, ""Distance_mm"": 720, ""Interrupt_flag"": 0, ""Node_type"": ""DDS75-LB"", ""Sensor_flag"": 1, ""TempC_DS18B20"": 32.76}"
2025-09-21 04:52:39.879728997+00:00,dds75-lb-21,2,-118,-3.25,"{""Bat"": 3.333, ""Distance_mm"": 720, ""Interrupt_flag"": 0, ""Node_type"": ""DDS75-LB"", ""Sensor_flag"": 1, ""TempC_DS18B20"": 32.76}"
2025-09-21 04:53:39.881636692+00:00,dds75-lb-21,2,-30,8.5,"{""Bat"": 3.333, ""Distance_mm"": 720, ""Interrupt_flag"": 0, ""Node_type"": ""DDS75-LB"", ""Sensor_flag"": 1, ""TempC_DS18B20"": 32.76}"
2025-09-21 04:54:39.872168879+00:00,dds75-lb-21,2,-116,-0.25,"{""Bat"": 3.333, ""Distance_mm"": 720, ""Interrupt_flag"": 0, ""Node_type"": ""DDS75-LB"", ""Sensor_flag"": 1, ""TempC_DS18B20"": 32.76}"
2025-09-21 04:55:39.841270546+00:00,dds75-lb-21,2,-31,8.75,"{""Bat"": 3.333, ""Distance_mm"": 720, ""Interrupt_flag"": 0, ""Node_type"": ""DDS75-LB"", ""Sensor_flag"": 1, ""TempC_DS18B20"": 32.76}"
2025-09-21 04:56:39.853316764+00:00,dds75-lb-21,2,-32,8.75,"{""Bat"": 3.333, ""Distance_mm"": 720, ""Interrupt_flag"": 0, ""Node_type"": ""DDS75-LB"", ""Sensor_flag"": 1, ""TempC_DS18B20"": 32.76}"
2025-09-21 04:57:39.821832225+00:00,dds75-lb-21,2,-31,9.5,"{""Bat"": 3.333, ""Distance_mm"": 720, ""Interrupt_flag"": 0, ""Node_type"": ""DDS75-LB"", ""Sensor_flag"": 1, ""TempC_DS18B20"": 32.76}"
2025-09-21 04:58:39.820189042+00:00,dds75-lb-21,2,-118,-2.5,"{""Bat"": 3.333, ""Distance_mm"": 720, ""Interrupt_flag"": 0, ""Node_type"": ""DDS75-LB"", ""Sensor_flag"": 1, ""TempC_DS18B20"": 32.76}"
2025-09-21 04:59:39.806091838+00:00,dds75-lb-21,2,-115,-0.25,"{""Bat"": 3.333, ""Distance_mm"": 720, ""Interrupt_flag"": 0, ""Node_type"": ""DDS75-LB"", ""Sensor_flag"": 1, ""TempC_DS18B20"": 32.76}"
2025-09-21 05:00:39.815406041+00:00,dds75-lb-21,2,-121,-4.75,"{""Bat"": 3.333, ""Distance_mm"": 719, ""Interrupt_flag"": 0, ""Node_type"": ""DDS75-LB"", ""Sensor_flag"": 1, ""TempC_DS18B20"": 32.76}"
2025-09-21 05:01:39.783767194+00:00,dds75-lb-21,2,-33,9.75,"{""Bat"": 3.333, ""Distance_mm"": 719, ""Interrupt_flag"": 0, ""Node_type"": ""DDS75-LB"", ""Sensor_flag"": 1, ""TempC_DS18B20"": 32.76}"
2025-09-21 05:02:39.792264493+00:00,dds75-lb-21,2,-35,9.25,"{""Bat"": 3.333, ""Distance_mm"": 720, ""Interrupt_flag"": 0, ""Node_type"": ""DDS75-LB"", ""Sensor_flag"": 1, ""TempC_DS18B20"": 32.76}"
2025-09-21 05:03:39.762016178+00:00,dds75-lb-21,2,-32,9.75,"{""Bat"": 3.333, ""Distance_mm"": 719, ""Interrupt_flag"": 0, ""Node_type"": ""DDS75-LB"", ""Sensor_flag"": 1, ""TempC_DS18B20"": 32.76}"
2025-09-21 05:04:39.751982986+00:00,dds75-lb-21,2,-32,8.75,"{""Bat"": 3.333, ""Distance_mm"": 719, ""Interrupt_flag"": 0, ""Node_type"": ""DDS75-LB"", ""Sensor_flag"": 1, ""TempC_DS18B20"": 32.76}"
2025-09-21 05:05:39.769336784+00:00,dds75-lb-21,2,-32,9.5,"{""Bat"": 3.333, ""Distance_mm"": 719, ""Interrupt_flag"": 0, ""Node_type"": ""DDS75-LB"", ""Sensor_flag"": 1, ""TempC_DS18B20"": 32.76}"
2025-09-21 05:06:39.743348940+00:00,dds75-lb-21,2,-31,7.25,"{""Bat"": 3.333, ""Distance_mm"": 719, ""Interrupt_flag"": 0, ""Node_type"": ""DDS75-LB"", ""Sensor_flag"": 1, ""TempC_DS18B20"": 32.76}"
2025-09-21 05:07:39.734223545+00:00,dds75-lb-21,2,-32,9.5,"{""Bat"": 3.333, ""Distance_mm"": 719, ""Interrupt_flag"": 0, ""Node_type"": ""DDS75-LB"", ""Sensor_flag"": 1, ""TempC_DS18B20"": 32.76}"
2025-09-21 05:08:39.703701600+00:00,dds75-lb-21,2,-32,9.5,"{""Bat"": 3.333, ""Distance_mm"": 719, ""Interrupt_flag"": 0, ""Node_type"": ""DDS75-LB"", ""Sensor_flag"": 1, ""TempC_DS18B20"": 32.76}"
2025-09-21 05:09:39.694956574+00:00,dds75-lb-21,2,-33,10.0,"{""Bat"": 3.333, ""Distance_mm"": 719, ""Interrupt_flag"": 0, ""Node_type"": ""DDS75-LB"", ""Sensor_flag"": 1, ""TempC_DS18B20"": 32.76}"
2025-09-21 05:10:39.701389020+00:00,dds75-lb-21,2,-32,9.25,"{""Bat"": 3.333, ""Distance_mm"": 719, ""Interrupt_flag"": 0, ""Node_type"": ""DDS75-LB"", ""Sensor_flag"": 1, ""TempC_DS18B20"": 32.76}"
2025-09-21 05:11:39.682036655+00:00,dds75-lb-21,2,-33,9.75,"{""Bat"": 3.333, ""Distance_mm"": 719, ""Interrupt_flag"": 0, ""Node_type"": ""DDS75-LB"", ""Sensor_flag"": 1, ""TempC_DS18B20"": 32.76}"
2025-09-21 05:12:39.681941269+00:00,dds75-lb-21,2,-32,9.75,"{""Bat"": 3.333, ""Distance_mm"": 719, ""Interrupt_flag"": 0, ""Node_type"": ""DDS75-LB"", ""Sensor_flag"": 1, ""TempC_DS18B20"": 32.76}"
2025-09-21 05:13:39.663487555+00:00,dds75-lb-21,2,-35,9.25,"{""Bat"": 3.333, ""Distance_mm"": 719, ""Interrupt_flag"": 0, ""Node_type"": ""DDS75-LB"", ""Sensor_flag"": 1, ""TempC_DS18B20"": 32.76}"
2025-09-21 05:14:39.655147188+00:00,dds75-lb-21,2,-29,7.5,"{""Bat"": 3.333, ""Distance_mm"": 719, ""Interrupt_flag"": 0, ""Node_type"": ""DDS75-LB"", ""Sensor_flag"": 1, ""TempC_DS18B20"": 32.76}"
2025-09-21 05:15:39.618962419+00:00,dds75-lb-21,2,-29,7.75,"{""Bat"": 3.333, ""Distance_mm"": 719, ""Interrupt_flag"": 0, ""Node_type"": ""DDS75-LB"", ""Sensor_flag"": 1, ""TempC_DS18B20"": 32.76}"
2025-09-21 05:16:39.628738587+00:00,dds75-lb-21,2,-27,7.0,"{""Bat"": 3.333, ""Distance_mm"": 719, ""Interrupt_flag"": 0, ""Node_type"": ""DDS75-LB"", ""Sensor_flag"": 1, ""TempC_DS18B20"": 32.76}"
2025-09-21 05:17:39.612251226+00:00,dds75-lb-21,2,-120,-3.0,"{""Bat"": 3.333, ""Distance_mm"": 719, ""Interrupt_flag"": 0, ""Node_type"": ""DDS75-LB"", ""Sensor_flag"": 1, ""TempC_DS18B20"": 32.76}"
2025-09-21 05:18:39.612422322+00:00,dds75-lb-21,2,-116,-0.75,"{""Bat"": 3.333, ""Distance_mm"": 719, ""Interrupt_flag"": 0, ""Node_type"": ""DDS75-LB"", ""Sensor_flag"": 1, ""TempC_DS18B20"": 32.76}"
2025-09-21 05:19:39.607465819+00:00,dds75-lb-21,2,-33,10.25,"{""Bat"": 3.333, ""Distance_mm"": 719, ""Interrupt_flag"": 0, ""Node_type"": ""DDS75-LB"", ""Sensor_flag"": 1, ""TempC_DS18B20"": 32.76}"
2025-09-21 05:20:39.595629322+00:00,dds75-lb-21,2,-31,9.0,"{""Bat"": 3.333, ""Distance_mm"": 719, ""Interrupt_flag"": 0, ""Node_type"": ""DDS75-LB"", ""Sensor_flag"": 1, ""TempC_DS18B20"": 32.76}"
2025-09-21 05:21:39.595782118+00:00,dds75-lb-21,2,-33,9.25,"{""Bat"": 3.333, ""Distance_mm"": 719, ""Interrupt_flag"": 0, ""Node_type"": ""DDS75-LB"", ""Sensor_flag"": 1, ""TempC_DS18B20"": 32.76}"
2025-09-21 05:22:39.575403077+00:00,dds75-lb-21,2,-31,9.25,"{""Bat"": 3.333, ""Distance_mm"": 719, ""Interrupt_flag"": 0, ""Node_type"": ""DDS75-LB"", ""Sensor_flag"": 1, ""TempC_DS18B20"": 32.76}"
2025-09-21 05:23:39.556736080+00:00,dds75-lb-21,2,-32,10.25,"{""Bat"": 3.333, ""Distance_mm"": 719, ""Interrupt_flag"": 0, ""Node_type"": ""DDS75-LB"", ""Sensor_flag"": 1, ""TempC_DS18B20"": 32.76}"
2025-09-21 05:24:39.548164991+00:00,dds75-lb-21,2,-32,9.0,"{""Bat"": 3.333, ""Distance_mm"": 719, ""Interrupt_flag"": 0, ""Node_type"": ""DDS75-LB"", ""Sensor_flag"": 1, ""TempC_DS18B20"": 32.76}"
2025-09-21 05:25:39.525266110+00:00,dds75-lb-21,2,-32,9.25,"{""Bat"": 3.333, ""Distance_mm"": 719, ""Interrupt_flag"": 0, ""Node_type"": ""DDS75-LB"", ""Sensor_flag"": 1, ""TempC_DS18B20"": 32.76}"
2025-09-21 05:26:39.526019245+00:00,dds75-lb-21,2,-33,8.5,"{""Bat"": 3.333, ""Distance_mm"": 719, ""Interrupt_flag"": 0, ""Node_type"": ""DDS75-LB"", ""Sensor_flag"": 1, ""TempC_DS18B20"": 32.76}"
2025-09-21 05:27:39.517998777+00:00,dds75-lb-21,2,-33,9.0,"{""Bat"": 3.333, ""Distance_mm"": 719, ""Interrupt_flag"": 0, ""Node_type"": ""DDS75-LB"", ""Sensor_flag"": 1, ""TempC_DS18B20"": 32.76}"
2025-09-21 05:28:39.505458058+00:00,dds75-lb-21,2,-118,-2.25,"{""Bat"": 3.333, ""Distance_mm"": 719, ""Interrupt_flag"": 0, ""Node_type"": ""DDS75-LB"", ""Sensor_flag"": 1, ""TempC_DS18B20"": 32.76}"
2025-09-21 05:29:39.495547769+00:00,dds75-lb-21,2,-33,9.75,"{""Bat"": 3.333, ""Distance_mm"": 719, ""Interrupt_flag"": 0, ""Node_type"": ""DDS75-LB"", ""Sensor_flag"": 1, ""TempC_DS18B20"": 32.76}"
2025-09-21 05:30:39.507856291+00:00,dds75-lb-21,2,-32,6.5,"{""Bat"": 3.333, ""Distance_mm"": 719, ""Interrupt_flag"": 0, ""Node_type"": ""DDS75-LB"", ""Sensor_flag"": 1, ""TempC_DS18B20"": 32.76}"
2025-09-21 05:31:39.468320488+00:00,dds75-lb-21,2,-29,7.5,"{""Bat"": 3.333, ""Distance_mm"": 719, ""Interrupt_flag"": 0, ""Node_type"": ""DDS75-LB"", ""Sensor_flag"": 1, ""TempC_DS18B20"": 32.76}"
2025-09-21 05:32:39.465536876+00:00,dds75-lb-21,2,-33,10.25,"{""Bat"": 3.333, ""Distance_mm"": 719, ""Interrupt_flag"": 0, ""Node_type"": ""DDS75-LB"", ""Sensor_flag"": 1, ""TempC_DS18B20"": 32.76}"
2025-09-21 05:33:39.458759232+00:00,dds75-lb-21,2,-30,10.0,"{""Bat"": 3.333, ""Distance_mm"": 719, ""Interrupt_flag"": 0, ""Node_type"": ""DDS75-LB"", ""Sensor_flag"": 1, ""TempC_DS18B20"": 32.76}"
2025-09-21 05:34:39.447224298+00:00,dds75-lb-21,2,-33,8.75,"{""Bat"": 3.333, ""Distance_mm"": 719, ""Interrupt_flag"": 0, ""Node_type"": ""DDS75-LB"", ""Sensor_flag"": 1, ""TempC_DS18B20"": 32.76}"
2025-09-21 05:35:39.427914477+00:00,dds75-lb-21,2,-31,9.0,"{""Bat"": 3.333, ""Distance_mm"": 719, ""Interrupt_flag"": 0, ""Node_type"": ""DDS75-LB"", ""Sensor_flag"": 1, ""TempC_DS18B20"": 32.76}"
2025-09-21 05:36:39.425869881+00:00,dds75-lb-21,2,-32,9.25,"{""Bat"": 3.333, ""Distance_mm"": 719, ""Interrupt_flag"": 0, ""Node_type"": ""DDS75-LB"", ""Sensor_flag"": 1, ""TempC_DS18B20"": 32.76}"
2025-09-21 05:37:39.412239403+00:00,dds75-lb-21,2,-115,0.5,"{""Bat"": 3.333, ""Distance_mm"": 719, ""Interrupt_flag"": 0, ""Node_type"": ""DDS75-LB"", ""Sensor_flag"": 1, ""TempC_DS18B20"": 32.76}"
2025-09-21 05:38:39.396156251+00:00,dds75-lb-21,2,-32,9.25,"{""Bat"": 3.333, ""Distance_mm"": 719, ""Interrupt_flag"": 0, ""Node_type"": ""DDS75-LB"", ""Sensor_flag"": 1, ""TempC_DS18B20"": 32.76}"
2025-09-21 05:39:39.386979992+00:00,dds75-lb-21,2,-32,8.0,"{""Bat"": 3.333, ""Distance_mm"": 719, ""Interrupt_flag"": 0, ""Node_type"": ""DDS75-LB"", ""Sensor_flag"": 1, ""TempC_DS18B20"": 32.76}"
2025-09-21 05:40:39.376155858+00:00,dds75-lb-21,2,-31,7.25,"{""Bat"": 3.333, ""Distance_mm"": 719, ""Interrupt_flag"": 0, ""Node_type"": ""DDS75-LB"", ""Sensor_flag"": 1, ""TempC_DS18B20"": 32.76}"
2025-09-21 05:41:39.369650991+00:00,dds75-lb-21,2,-117,-5.75,"{""Bat"": 3.333, ""Distance_mm"": 719, ""Interrupt_flag"": 0, ""Node_type"": ""DDS75-LB"", ""Sensor_flag"": 1, ""TempC_DS18B20"": 32.76}"
2025-09-21 05:42:39.351812181+00:00,dds75-lb-21,2,-116,-5.25,"{""Bat"": 3.333, ""Distance_mm"": 719, ""Interrupt_flag"": 0, ""Node_type"": ""DDS75-LB"", ""Sensor_flag"": 1, ""TempC_DS18B20"": 32.76}"
2025-09-21 05:43:39.347942722+00:00,dds75-lb-21,2,-33,8.75,"{""Bat"": 3.333, ""Distance_mm"": 719, ""Interrupt_flag"": 0, ""Node_type"": ""DDS75-LB"", ""Sensor_flag"": 1, ""TempC_DS18B20"": 32.76}"
2025-09-21 05:44:39.330218973+00:00,dds75-lb-21,2,-114,-1.5,"{""Bat"": 3.333, ""Distance_mm"": 719, ""Interrupt_flag"": 0, ""Node_type"": ""DDS75-LB"", ""Sensor_flag"": 1, ""TempC_DS18B20"": 32.76}"
2025-09-21 05:45:39.336092563+00:00,dds75-lb-21,2,-33,9.25,"{""Bat"": 3.333, ""Distance_mm"": 719, ""Interrupt_flag"": 0, ""Node_type"": ""DDS75-LB"", ""Sensor_flag"": 1, ""TempC_DS18B20"": 32.76}"
2025-09-21 05:46:39.316141157+00:00,dds75-lb-21,2,-30,10.25,"{""Bat"": 3.333, ""Distance_mm"": 719, ""Interrupt_flag"": 0, ""Node_type"": ""DDS75-LB"", ""Sensor_flag"": 1, ""TempC_DS18B20"": 32.76}"
2025-09-21 05:47:39.311791107+00:00,dds75-lb-21,2,-115,0.25,"{""Bat"": 3.333, ""Distance_mm"": 719, ""Interrupt_flag"": 0, ""Node_type"": ""DDS75-LB"", ""Sensor_flag"": 1, ""TempC_DS18B20"": 32.76}"
2025-09-21 05:48:39.296323537+00:00,dds75-lb-21,2,-33,6.75,"{""Bat"": 3.333, ""Distance_mm"": 719, ""Interrupt_flag"": 0, ""Node_type"": ""DDS75-LB"", ""Sensor_flag"": 1, ""TempC_DS18B20"": 32.76}"
2025-09-21 05:49:39.287738719+00:00,dds75-lb-21,2,-33,9.75,"{""Bat"": 3.333, ""Distance_mm"": 719, ""Interrupt_flag"": 0, ""Node_type"": ""DDS75-LB"", ""Sensor_flag"": 1, ""TempC_DS18B20"": 32.76}"
2025-09-21 05:50:39.276448878+00:00,dds75-lb-21,2,-115,-4.5,"{""Bat"": 3.333, ""Distance_mm"": 719, ""Interrupt_flag"": 0, ""Node_type"": ""DDS75-LB"", ""Sensor_flag"": 1, ""TempC_DS18B20"": 32.76}"
2025-09-21 05:51:39.265394083+00:00,dds75-lb-21,2,-118,-2.75,"{""Bat"": 3.333, ""Distance_mm"": 719, ""Interrupt_flag"": 0, ""Node_type"": ""DDS75-LB"", ""Sensor_flag"": 1, ""TempC_DS18B20"": 32.76}"
2025-09-21 05:52:39.246979670+00:00,dds75-lb-21,2,-117,-1.0,"{""Bat"": 3.333, ""Distance_mm"": 719, ""Interrupt_flag"": 0, ""Node_type"": ""DDS75-LB"", ""Sensor_flag"": 1, ""TempC_DS18B20"": 32.76}"
2025-09-21 05:53:39.235482829+00:00,dds75-lb-21,2,-32,9.25,"{""Bat"": 3.333, ""Distance_mm"": 719, ""Interrupt_flag"": 0, ""Node_type"": ""DDS75-LB"", ""Sensor_flag"": 1, ""TempC_DS18B20"": 32.76}"
2025-09-21 05:54:39.244653842+00:00,dds75-lb-21,2,-32,9.5,"{""Bat"": 3.333, ""Distance_mm"": 719, ""Interrupt_flag"": 0, ""Node_type"": ""DDS75-LB"", ""Sensor_flag"": 1, ""TempC_DS18B20"": 32.76}"
2025-09-21 05:55:39.241174958+00:00,dds75-lb-21,2,-119,-8.0,"{""Bat"": 3.333, ""Distance_mm"": 719, ""Interrupt_flag"": 0, ""Node_type"": ""DDS75-LB"", ""Sensor_flag"": 1, ""TempC_DS18B20"": 32.76}"
2025-09-21 05:56:39.214595827+00:00,dds75-lb-21,2,-120,-3.75,"{""Bat"": 3.333, ""Distance_mm"": 719, ""Interrupt_flag"": 0, ""Node_type"": ""DDS75-LB"", ""Sensor_flag"": 1, ""TempC_DS18B20"": 32.76}"
2025-09-21 05:57:39.211492660+00:00,dds75-lb-21,2,-30,9.5,"{""Bat"": 3.333, ""Distance_mm"": 719, ""Interrupt_flag"": 0, ""Node_type"": ""DDS75-LB"", ""Sensor_flag"": 1, ""TempC_DS18B20"": 32.76}"
2025-09-21 05:58:39.199235516+00:00,dds75-lb-21,2,-32,9.0,"{""Bat"": 3.333, ""Distance_mm"": 719, ""Interrupt_flag"": 0, ""Node_type"": ""DDS75-LB"", ""Sensor_flag"": 1, ""TempC_DS18B20"": 32.76}"
2025-09-21 05:59:39.179169464+00:00,dds75-lb-21,2,-32,7.0,"{""Bat"": 3.333, ""Distance_mm"": 719, ""Interrupt_flag"": 0, ""Node_type"": ""DDS75-LB"", ""Sensor_flag"": 1, ""TempC_DS18B20"": 32.76}"
2025-09-21 06:00:39.171646527+00:00,dds75-lb-21,2,-32,9.75,"{""Bat"": 3.333, ""Distance_mm"": 719, ""Interrupt_flag"": 0, ""Node_type"": ""DDS75-LB"", ""Sensor_flag"": 1, ""TempC_DS18B20"": 32.76}"
2025-09-21 06:01:39.162653209+00:00,dds75-lb-21,2,-33,10.0,"{""Bat"": 3.333, ""Distance_mm"": 719, ""Interrupt_flag"": 0, ""Node_type"": ""DDS75-LB"", ""Sensor_flag"": 1, ""TempC_DS18B20"": 32.76}"
2025-09-21 06:02:39.151722725+00:00,dds75-lb-21,2,-32,8.5,"{""Bat"": 3.333, ""Distance_mm"": 719, ""Interrupt_flag"": 0, ""Node_type"": ""DDS75-LB"", ""Sensor_flag"": 1, ""TempC_DS18B20"": 32.76}"
2025-09-21 06:03:39.146033804+00:00,dds75-lb-21,2,-118,-4.5,"{""Bat"": 3.333, ""Distance_mm"": 719, ""Interrupt_flag"": 0, ""Node_type"": ""DDS75-LB"", ""Sensor_flag"": 1, ""TempC_DS18B20"": 32.76}"
2025-09-21 06:04:39.141300090+00:00,dds75-lb-21,2,-32,7.25,"{""Bat"": 3.333, ""Distance_mm"": 719, ""Interrupt_flag"": 0, ""Node_type"": ""DDS75-LB"", ""Sensor_flag"": 1, ""TempC_DS18B20"": 32.76}"
2025-09-21 06:05:39.123567464+00:00,dds75-lb-21,2,-118,-1.5,"{""Bat"": 3.333, ""Distance_mm"": 719, ""Interrupt_flag"": 0, ""Node_type"": ""DDS75-LB"", ""Sensor_flag"": 1, ""TempC_DS18B20"": 32.76}"
2025-09-21 06:06:39.102710663+00:00,dds75-lb-21,2,-115,-1.5,"{""Bat"": 3.333, ""Distance_mm"": 719, ""Interrupt_flag"": 0, ""Node_type"": ""DDS75-LB"", ""Sensor_flag"": 1, ""TempC_DS18B20"": 32.76}"
2025-09-21 06:07:39.099607833+00:00,dds75-lb-21,2,-31,9.0,"{""Bat"": 3.333, ""Distance_mm"": 719, ""Interrupt_flag"": 0, ""Node_type"": ""DDS75-LB"", ""Sensor_flag"": 1, ""TempC_DS18B20"": 32.76}"
2025-09-21 06:08:39.080667311+00:00,dds75-lb-21,2,-120,-4.75,"{""Bat"": 3.333, ""Distance_mm"": 719, ""Interrupt_flag"": 0, ""Node_type"": ""DDS75-LB"", ""Sensor_flag"": 1, ""TempC_DS18B20"": 32.76}"
2025-09-21 06:09:39.092761131+00:00,dds75-lb-21,2,-32,11.75,"{""Bat"": 3.333, ""Distance_mm"": 719, ""Interrupt_flag"": 0, ""Node_type"": ""DDS75-LB"", ""Sensor_flag"": 1, ""TempC_DS18B20"": 32.76}"
2025-09-21 06:10:39.059882518+00:00,dds75-lb-21,2,-115,1.25,"{""Bat"": 3.333, ""Distance_mm"": 719, ""Interrupt_flag"": 0, ""Node_type"": ""DDS75-LB"", ""Sensor_flag"": 1, ""TempC_DS18B20"": 32.76}"
2025-09-21 06:11:39.049584441+00:00,dds75-lb-21,2,-30,9.5,"{""Bat"": 3.333, ""Distance_mm"": 719, ""Interrupt_flag"": 0, ""Node_type"": ""DDS75-LB"", ""Sensor_flag"": 1, ""TempC_DS18B20"": 32.76}"
2025-09-21 06:12:39.049724113+00:00,dds75-lb-21,2,-37,6.25,"{""Bat"": 3.333, ""Distance_mm"": 719, ""Interrupt_flag"": 0, ""Node_type"": ""DDS75-LB"", ""Sensor_flag"": 1, ""TempC_DS18B20"": 32.76}"
2025-09-21 06:13:39.040925156+00:00,dds75-lb-21,2,-30,9.25,"{""Bat"": 3.333, ""Distance_mm"": 719, ""Interrupt_flag"": 0, ""Node_type"": ""DDS75-LB"", ""Sensor_flag"": 1, ""TempC_DS18B20"": 32.76}"
2025-09-21 06:14:39.024549889+00:00,dds75-lb-21,2,-32,9.0,"{""Bat"": 3.333, ""Distance_mm"": 719, ""Interrupt_flag"": 0, ""Node_type"": ""DDS75-LB"", ""Sensor_flag"": 1, ""TempC_DS18B20"": 32.76}"
2025-09-21 06:15:39.019547793+00:00,dds75-lb-21,2,-31,7.25,"{""Bat"": 3.333, ""Distance_mm"": 719, ""Interrupt_flag"": 0, ""Node_type"": ""DDS75-LB"", ""Sensor_flag"": 1, ""TempC_DS18B20"": 32.76}"
2025-09-21 06:16:39.014221607+00:00,dds75-lb-21,2,-113,2.25,"{""Bat"": 3.333, ""Distance_mm"": 719, ""Interrupt_flag"": 0, ""Node_type"": ""DDS75-LB"", ""Sensor_flag"": 1, ""TempC_DS18B20"": 32.76}"
2025-09-21 06:17:38.989573422+00:00,dds75-lb-21,2,-32,9.75,"{""Bat"": 3.333, ""Distance_mm"": 719, ""Interrupt_flag"": 0, ""Node_type"": ""DDS75-LB"", ""Sensor_flag"": 1, ""TempC_DS18B20"": 32.76}"
2025-09-21 06:18:38.981601623+00:00,dds75-lb-21,2,-30,10.0,"{""Bat"": 3.333, ""Distance_mm"": 719, ""Interrupt_flag"": 0, ""Node_type"": ""DDS75-LB"", ""Sensor_flag"": 1, ""TempC_DS18B20"": 32.76}"
2025-09-21 06:19:38.990143094+00:00,dds75-lb-21,2,-31,6.5,"{""Bat"": 3.333, ""Distance_mm"": 719, ""Interrupt_flag"": 0, ""Node_type"": ""DDS75-LB"", ""Sensor_flag"": 1, ""TempC_DS18B20"": 32.76}"
2025-09-21 06:20:38.973058496+00:00,dds75-lb-21,2,-33,10.75,"{""Bat"": 3.333, ""Distance_mm"": 719, ""Interrupt_flag"": 0, ""Node_type"": ""DDS75-LB"", ""Sensor_flag"": 1, ""TempC_DS18B20"": 32.76}"
2025-09-21 06:21:38.949602060+00:00,dds75-lb-21,2,-31,9.5,"{""Bat"": 3.333, ""Distance_mm"": 719, ""Interrupt_flag"": 0, ""Node_type"": ""DDS75-LB"", ""Sensor_flag"": 1, ""TempC_DS18B20"": 32.76}"
2025-09-21 06:22:38.944242218+00:00,dds75-lb-21,2,-113,-2.25,"{""Bat"": 3.333, ""Distance_mm"": 719, ""Interrupt_flag"": 0, ""Node_type"": ""DDS75-LB"", ""Sensor_flag"": 1, ""TempC_DS18B20"": 32.76}"
2025-09-21 06:23:38.933174642+00:00,dds75-lb-21,2,-32,9.0,"{""Bat"": 3.333, ""Distance_mm"": 719, ""Interrupt_flag"": 0, ""Node_type"": ""DDS75-LB"", ""Sensor_flag"": 1, ""TempC_DS18B20"": 32.76}"
2025-09-21 06:24:38.912191377+00:00,dds75-lb-21,2,-29,9.25,"{""Bat"": 3.333, ""Distance_mm"": 719, ""Interrupt_flag"": 0, ""Node_type"": ""DDS75-LB"", ""Sensor_flag"": 1, ""TempC_DS18B20"": 32.76}"
2025-09-21 06:25:38.911624058+00:00,dds75-lb-21,2,-32,9.5,"{""Bat"": 3.333, ""Distance_mm"": 719, ""Interrupt_flag"": 0, ""Node_type"": ""DDS75-LB"", ""Sensor_flag"": 1, ""TempC_DS18B20"": 32.76}"
2025-09-21 06:26:38.909660062+00:00,dds75-lb-21,2,-30,7.25,"{""Bat"": 3.333, ""Distance_mm"": 719, ""Interrupt_flag"": 0, ""Node_type"": ""DDS75-LB"", ""Sensor_flag"": 1, ""TempC_DS18B20"": 32.76}"
2025-09-21 06:27:38.909339668+00:00,dds75-lb-21,2,-29,9.0,"{""Bat"": 3.333, ""Distance_mm"": 719, ""Interrupt_flag"": 0, ""Node_type"": ""DDS75-LB"", ""Sensor_flag"": 1, ""TempC_DS18B20"": 32.76}"
2025-09-21 06:28:38.882355155+00:00,dds75-lb-21,2,-30,9.25,"{""Bat"": 3.333, ""Distance_mm"": 719, ""Interrupt_flag"": 0, ""Node_type"": ""DDS75-LB"", ""Sensor_flag"": 1, ""TempC_DS18B20"": 32.76}"
2025-09-21 06:29:38.859072725+00:00,dds75-lb-21,2,-32,9.25,"{""Bat"": 3.333, ""Distance_mm"": 719, ""Interrupt_flag"": 0, ""Node_type"": ""DDS75-LB"", ""Sensor_flag"": 1, ""TempC_DS18B20"": 32.76}"
2025-09-21 06:30:38.864739513+00:00,dds75-lb-21,2,-33,10.25,"{""Bat"": 3.333, ""Distance_mm"": 719, ""Interrupt_flag"": 0, ""Node_type"": ""DDS75-LB"", ""Sensor_flag"": 1, ""TempC_DS18B20"": 32.76}"
2025-09-21 06:31:38.851758452+00:00,dds75-lb-21,2,-32,7.25,"{""Bat"": 3.333, ""Distance_mm"": 719, ""Interrupt_flag"": 0, ""Node_type"": ""DDS75-LB"", ""Sensor_flag"": 1, ""TempC_DS18B20"": 32.76}"
2025-09-21 06:32:38.839171531+00:00,dds75-lb-21,2,-32,9.25,"{""Bat"": 3.333, ""Distance_mm"": 719, ""Interrupt_flag"": 0, ""Node_type"": ""DDS75-LB"", ""Sensor_flag"": 1, ""TempC_DS18B20"": 32.76}"
2025-09-21 06:33:38.819051482+00:00,dds75-lb-21,2,-31,8.75,"{""Bat"": 3.333, ""Distance_mm"": 719, ""Interrupt_flag"": 0, ""Node_type"": ""DDS75-LB"", ""Sensor_flag"": 1, ""TempC_DS18B20"": 32.76}"
2025-09-21 06:34:38.805218376+00:00,dds75-lb-21,2,-31,7.75,"{""Bat"": 3.333, ""Distance_mm"": 719, ""Interrupt_flag"": 0, ""Node_type"": ""DDS75-LB"", ""Sensor_flag"": 1, ""TempC_DS18B20"": 32.76}"
2025-09-21 06:35:38.810045656+00:00,dds75-lb-21,2,-30,8.25,"{""Bat"": 3.333, ""Distance_mm"": 719, ""Interrupt_flag"": 0, ""Node_type"": ""DDS75-LB"", ""Sensor_flag"": 1, ""TempC_DS18B20"": 32.76}"
2025-09-21 06:36:38.800889823+00:00,dds75-lb-21,2,-33,9.75,"{""Bat"": 3.333, ""Distance_mm"": 719, ""Interrupt_flag"": 0, ""Node_type"": ""DDS75-LB"", ""Sensor_flag"": 1, ""TempC_DS18B20"": 32.76}"
2025-09-21 06:37:38.779642207+00:00,dds75-lb-21,2,-32,11.0,"{""Bat"": 3.333, ""Distance_mm"": 719, ""Interrupt_flag"": 0, ""Node_type"": ""DDS75-LB"", ""Sensor_flag"": 1, ""TempC_DS18B20"": 32.76}"
2025-09-21 06:38:38.779333250+00:00,dds75-lb-21,2,-32,9.5,"{""Bat"": 3.333, ""Distance_mm"": 719, ""Interrupt_flag"": 0, ""Node_type"": ""DDS75-LB"", ""Sensor_flag"": 1, ""TempC_DS18B20"": 32.76}"
2025-09-21 06:39:38.761735226+00:00,dds75-lb-21,2,-31,7.0,"{""Bat"": 3.333, ""Distance_mm"": 719, ""Interrupt_flag"": 0, ""Node_type"": ""DDS75-LB"", ""Sensor_flag"": 1, ""TempC_DS18B20"": 32.76}"
2025-09-21 06:40:38.765491037+00:00,dds75-lb-21,2,-114,1.5,"{""Bat"": 3.333, ""Distance_mm"": 719, ""Interrupt_flag"": 0, ""Node_type"": ""DDS75-LB"", ""Sensor_flag"": 1, ""TempC_DS18B20"": 32.76}"
2025-09-21 06:41:38.741571547+00:00,dds75-lb-21,2,-31,9.75,"{""Bat"": 3.333, ""Distance_mm"": 719, ""Interrupt_flag"": 0, ""Node_type"": ""DDS75-LB"", ""Sensor_flag"": 1, ""TempC_DS18B20"": 32.76}"
2025-09-21 06:42:38.731226324+00:00,dds75-lb-21,2,-30,6.75,"{""Bat"": 3.333, ""Distance_mm"": 719, ""Interrupt_flag"": 0, ""Node_type"": ""DDS75-LB"", ""Sensor_flag"": 1, ""TempC_DS18B20"": 32.76}"
2025-09-21 06:43:38.740449535+00:00,dds75-lb-21,2,-31,8.0,"{""Bat"": 3.333, ""Distance_mm"": 719, ""Interrupt_flag"": 0, ""Node_type"": ""DDS75-LB"", ""Sensor_flag"": 1, ""TempC_DS18B20"": 32.76}"
2025-09-21 06:44:38.710511880+00:00,dds75-lb-21,2,-29,6.75,"{""Bat"": 3.333, ""Distance_mm"": 719, ""Interrupt_flag"": 0, ""Node_type"": ""DDS75-LB"", ""Sensor_flag"": 1, ""TempC_DS18B20"": 32.76}"
2025-09-21 06:45:38.701638905+00:00,dds75-lb-21,2,-114,1.25,"{""Bat"": 3.333, ""Distance_mm"": 719, ""Interrupt_flag"": 0, ""Node_type"": ""DDS75-LB"", ""Sensor_flag"": 1, ""TempC_DS18B20"": 32.76}"
2025-09-21 06:46:38.682961703+00:00,dds75-lb-21,2,-35,9.5,"{""Bat"": 3.333, ""Distance_mm"": 719, ""Interrupt_flag"": 0, ""Node_type"": ""DDS75-LB"", ""Sensor_flag"": 1, ""TempC_DS18B20"": 32.76}"
2025-09-21 06:47:38.694320413+00:00,dds75-lb-21,2,-33,6.25,"{""Bat"": 3.333, ""Distance_mm"": 719, ""Interrupt_flag"": 0, ""Node_type"": ""DDS75-LB"", ""Sensor_flag"": 1, ""TempC_DS18B20"": 32.76}"
2025-09-21 06:48:38.678262671+00:00,dds75-lb-21,2,-120,-2.75,"{""Bat"": 3.333, ""Distance_mm"": 719, ""Interrupt_flag"": 0, ""Node_type"": ""DDS75-LB"", ""Sensor_flag"": 1, ""TempC_DS18B20"": 32.76}"
2025-09-21 06:49:38.672051134+00:00,dds75-lb-21,2,-32,9.5,"{""Bat"": 3.333, ""Distance_mm"": 719, ""Interrupt_flag"": 0, ""Node_type"": ""DDS75-LB"", ""Sensor_flag"": 1, ""TempC_DS18B20"": 32.76}"
2025-09-21 06:50:38.654840991+00:00,dds75-lb-21,2,-117,-3.5,"{""Bat"": 3.333, ""Distance_mm"": 719, ""Interrupt_flag"": 0, ""Node_type"": ""DDS75-LB"", ""Sensor_flag"": 1, ""TempC_DS18B20"": 32.76}"
2025-09-21 06:51:38.643132848+00:00,dds75-lb-21,2,-30,9.25,"{""Bat"": 3.333, ""Distance_mm"": 719, ""Interrupt_flag"": 0, ""Node_type"": ""DDS75-LB"", ""Sensor_flag"": 1, ""TempC_DS18B20"": 32.76}"
2025-09-21 06:52:38.634428116+00:00,dds75-lb-21,2,-33,9.5,"{""Bat"": 3.333, ""Distance_mm"": 719, ""Interrupt_flag"": 0, ""Node_type"": ""DDS75-LB"", ""Sensor_flag"": 1, ""TempC_DS18B20"": 32.76}"
2025-09-21 06:53:38.622381772+00:00,dds75-lb-21,2,-113,-0.25,"{""Bat"": 3.333, ""Distance_mm"": 719, ""Interrupt_flag"": 0, ""Node_type"": ""DDS75-LB"", ""Sensor_flag"": 1, ""TempC_DS18B20"": 32.76}"
2025-09-21 06:54:38.631503904+00:00,dds75-lb-21,2,-119,-4.75,"{""Bat"": 3.333, ""Distance_mm"": 719, ""Interrupt_flag"": 0, ""Node_type"": ""DDS75-LB"", ""Sensor_flag"": 1, ""TempC_DS18B20"": 32.76}"
2025-09-21 06:55:38.620642516+00:00,dds75-lb-21,2,-119,-5.0,"{""Bat"": 3.333, ""Distance_mm"": 719, ""Interrupt_flag"": 0, ""Node_type"": ""DDS75-LB"", ""Sensor_flag"": 1, ""TempC_DS18B20"": 32.76}"
2025-09-21 06:56:38.596504386+00:00,dds75-lb-21,2,-115,0.25,"{""Bat"": 3.333, ""Distance_mm"": 719, ""Interrupt_flag"": 0, ""Node_type"": ""DDS75-LB"", ""Sensor_flag"": 1, ""TempC_DS18B20"": 32.76}"
2025-09-21 06:57:38.584742624+00:00,dds75-lb-21,2,-114,1.0,"{""Bat"": 3.333, ""Distance_mm"": 719, ""Interrupt_flag"": 0, ""Node_type"": ""DDS75-LB"", ""Sensor_flag"": 1, ""TempC_DS18B20"": 32.76}"
2025-09-21 06:58:38.567058005+00:00,dds75-lb-21,2,-117,-2.5,"{""Bat"": 3.333, ""Distance_mm"": 719, ""Interrupt_flag"": 0, ""Node_type"": ""DDS75-LB"", ""Sensor_flag"": 1, ""TempC_DS18B20"": 32.76}"
2025-09-21 06:59:38.538393079+00:00,dds75-lb-21,2,-30,7.25,"{""Bat"": 3.333, ""Distance_mm"": 719, ""Interrupt_flag"": 0, ""Node_type"": ""DDS75-LB"", ""Sensor_flag"": 1, ""TempC_DS18B20"": 32.76}"
2025-09-21 07:00:38.554006520+00:00,dds75-lb-21,2,-32,6.25,"{""Bat"": 3.333, ""Distance_mm"": 719, ""Interrupt_flag"": 0, ""Node_type"": ""DDS75-LB"", ""Sensor_flag"": 1, ""TempC_DS18B20"": 32.76}"
2025-09-21 07:01:38.536958334+00:00,dds75-lb-21,2,-31,9.25,"{""Bat"": 3.333, ""Distance_mm"": 719, ""Interrupt_flag"": 0, ""Node_type"": ""DDS75-LB"", ""Sensor_flag"": 1, ""TempC_DS18B20"": 32.76}"
2025-09-21 07:02:38.525188577+00:00,dds75-lb-21,2,-35,10.0,"{""Bat"": 3.333, ""Distance_mm"": 719, ""Interrupt_flag"": 0, ""Node_type"": ""DDS75-LB"", ""Sensor_flag"": 1, ""TempC_DS18B20"": 32.76}"
2025-09-21 07:03:38.497518118+00:00,dds75-lb-21,2,-114,0.75,"{""Bat"": 3.333, ""Distance_mm"": 719, ""Interrupt_flag"": 0, ""Node_type"": ""DDS75-LB"", ""Sensor_flag"": 1, ""TempC_DS18B20"": 32.76}"
2025-09-21 07:04:38.506886402+00:00,dds75-lb-21,2,-33,9.5,"{""Bat"": 3.333, ""Distance_mm"": 719, ""Interrupt_flag"": 0, ""Node_type"": ""DDS75-LB"", ""Sensor_flag"": 1, ""TempC_DS18B20"": 32.76}"
2025-09-21 07:05:38.495001820+00:00,dds75-lb-21,2,-119,-4.0,"{""Bat"": 3.333, ""Distance_mm"": 719, ""Interrupt_flag"": 0, ""Node_type"": ""DDS75-LB"", ""Sensor_flag"": 1, ""TempC_DS18B20"": 32.76}"
2025-09-21 07:06:38.484787027+00:00,dds75-lb-21,2,-115,1.5,"{""Bat"": 3.333, ""Distance_mm"": 719, ""Interrupt_flag"": 0, ""Node_type"": ""DDS75-LB"", ""Sensor_flag"": 1, ""TempC_DS18B20"": 32.76}"
2025-09-21 07:07:38.486849777+00:00,dds75-lb-21,2,-32,7.25,"{""Bat"": 3.333, ""Distance_mm"": 719, ""Interrupt_flag"": 0, ""Node_type"": ""DDS75-LB"", ""Sensor_flag"": 1, ""TempC_DS18B20"": 32.76}"
2025-09-21 07:08:38.467081521+00:00,dds75-lb-21,2,-33,6.5,"{""Bat"": 3.333, ""Distance_mm"": 719, ""Interrupt_flag"": 0, ""Node_type"": ""DDS75-LB"", ""Sensor_flag"": 1, ""TempC_DS18B20"": 32.76}"
2025-09-21 07:09:38.448089325+00:00,dds75-lb-21,2,-115,-5.25,"{""Bat"": 3.333, ""Distance_mm"": 719, ""Interrupt_flag"": 0, ""Node_type"": ""DDS75-LB"", ""Sensor_flag"": 1, ""TempC_DS18B20"": 32.76}"
2025-09-21 07:10:38.447383791+00:00,dds75-lb-21,2,-32,8.5,"{""Bat"": 3.333, ""Distance_mm"": 719, ""Interrupt_flag"": 0, ""Node_type"": ""DDS75-LB"", ""Sensor_flag"": 1, ""TempC_DS18B20"": 32.76}"
2025-09-21 07:11:38.434137187+00:00,dds75-lb-21,2,-33,10.25,"{""Bat"": 3.333, ""Distance_mm"": 719, ""Interrupt_flag"": 0, ""Node_type"": ""DDS75-LB"", ""Sensor_flag"": 1, ""TempC_DS18B20"": 32.76}"
2025-09-21 07:12:38.425491352+00:00,dds75-lb-21,2,-32,10.25,"{""Bat"": 3.333, ""Distance_mm"": 719, ""Interrupt_flag"": 0, ""Node_type"": ""DDS75-LB"", ""Sensor_flag"": 1, ""TempC_DS18B20"": 32.76}"
2025-09-21 07:13:38.414204312+00:00,dds75-lb-21,2,-33,9.25,"{""Bat"": 3.333, ""Distance_mm"": 719, ""Interrupt_flag"": 0, ""Node_type"": ""DDS75-LB"", ""Sensor_flag"": 1, ""TempC_DS18B20"": 32.76}"
2025-09-21 07:14:38.407339421+00:00,dds75-lb-21,2,-31,6.75,"{""Bat"": 3.333, ""Distance_mm"": 719, ""Interrupt_flag"": 0, ""Node_type"": ""DDS75-LB"", ""Sensor_flag"": 1, ""TempC_DS18B20"": 32.76}"
2025-09-21 07:15:38.398286837+00:00,dds75-lb-21,2,-31,8.5,"{""Bat"": 3.333, ""Distance_mm"": 719, ""Interrupt_flag"": 0, ""Node_type"": ""DDS75-LB"", ""Sensor_flag"": 1, ""TempC_DS18B20"": 32.76}"
2025-09-21 07:16:38.400722408+00:00,dds75-lb-21,2,-33,6.5,"{""Bat"": 3.333, ""Distance_mm"": 719, ""Interrupt_flag"": 0, ""Node_type"": ""DDS75-LB"", ""Sensor_flag"": 1, ""TempC_DS18B20"": 32.76}"
2025-09-21 07:17:38.356498068+00:00,dds75-lb-21,2,-33,11.5,"{""Bat"": 3.333, ""Distance_mm"": 719, ""Interrupt_flag"": 0, ""Node_type"": ""DDS75-LB"", ""Sensor_flag"": 1, ""TempC_DS18B20"": 32.76}"
2025-09-21 07:18:38.355475992+00:00,dds75-lb-21,2,-32,9.25,"{""Bat"": 3.333, ""Distance_mm"": 719, ""Interrupt_flag"": 0, ""Node_type"": ""DDS75-LB"", ""Sensor_flag"": 1, ""TempC_DS18B20"": 32.76}"
2025-09-21 07:19:38.344539178+00:00,dds75-lb-21,2,-113,-9.25,"{""Bat"": 3.333, ""Distance_mm"": 719, ""Interrupt_flag"": 0, ""Node_type"": ""DDS75-LB"", ""Sensor_flag"": 1, ""TempC_DS18B20"": 32.76}"
2025-09-21 07:20:38.355397347+00:00,dds75-lb-21,2,-31,9.25,"{""Bat"": 3.333, ""Distance_mm"": 719, ""Interrupt_flag"": 0, ""Node_type"": ""DDS75-LB"", ""Sensor_flag"": 1, ""TempC_DS18B20"": 32.76}"
2025-09-21 07:21:38.328724402+00:00,dds75-lb-21,2,-32,9.5,"{""Bat"": 3.333, ""Distance_mm"": 719, ""Interrupt_flag"": 0, ""Node_type"": ""DDS75-LB"", ""Sensor_flag"": 1, ""TempC_DS18B20"": 32.76}"
2025-09-21 07:22:38.312580687+00:00,dds75-lb-21,2,-28,7.25,"{""Bat"": 3.333, ""Distance_mm"": 719, ""Interrupt_flag"": 0, ""Node_type"": ""DDS75-LB"", ""Sensor_flag"": 1, ""TempC_DS18B20"": 32.76}"
2025-09-21 07:23:38.303330914+00:00,dds75-lb-21,2,-30,9.25,"{""Bat"": 3.333, ""Distance_mm"": 719, ""Interrupt_flag"": 0, ""Node_type"": ""DDS75-LB"", ""Sensor_flag"": 1, ""TempC_DS18B20"": 32.76}"
2025-09-21 07:24:38.281562309+00:00,dds75-lb-21,2,-32,10.0,"{""Bat"": 3.333, ""Distance_mm"": 719, ""Interrupt_flag"": 0, ""Node_type"": ""DDS75-LB"", ""Sensor_flag"": 1, ""TempC_DS18B20"": 32.76}"
2025-09-21 07:25:38.275086445+00:00,dds75-lb-21,2,-32,8.75,"{""Bat"": 3.333, ""Distance_mm"": 719, ""Interrupt_flag"": 0, ""Node_type"": ""DDS75-LB"", ""Sensor_flag"": 1, ""TempC_DS18B20"": 32.76}"
2025-09-21 07:26:38.291244446+00:00,dds75-lb-21,2,-31,9.0,"{""Bat"": 3.333, ""Distance_mm"": 719, ""Interrupt_flag"": 0, ""Node_type"": ""DDS75-LB"", ""Sensor_flag"": 1, ""TempC_DS18B20"": 32.76}"
2025-09-21 07:27:38.250307876+00:00,dds75-lb-21,2,-123,-8.0,"{""Bat"": 3.333, ""Distance_mm"": 719, ""Interrupt_flag"": 0, ""Node_type"": ""DDS75-LB"", ""Sensor_flag"": 1, ""TempC_DS18B20"": 32.76}"
2025-09-21 07:28:38.248636896+00:00,dds75-lb-21,2,-31,10.0,"{""Bat"": 3.333, ""Distance_mm"": 719, ""Interrupt_flag"": 0, ""Node_type"": ""DDS75-LB"", ""Sensor_flag"": 1, ""TempC_DS18B20"": 32.76}"
2025-09-21 07:29:38.248573131+00:00,dds75-lb-21,2,-35,10.0,"{""Bat"": 3.333, ""Distance_mm"": 719, ""Interrupt_flag"": 0, ""Node_type"": ""DDS75-LB"", ""Sensor_flag"": 1, ""TempC_DS18B20"": 32.76}"
2025-09-21 07:30:38.218688593+00:00,dds75-lb-21,2,-32,7.5,"{""Bat"": 3.333, ""Distance_mm"": 719, ""Interrupt_flag"": 0, ""Node_type"": ""DDS75-LB"", ""Sensor_flag"": 1, ""TempC_DS18B20"": 32.76}"
2025-09-21 07:31:38.211841225+00:00,dds75-lb-21,2,-31,6.25,"{""Bat"": 3.333, ""Distance_mm"": 719, ""Interrupt_flag"": 0, ""Node_type"": ""DDS75-LB"", ""Sensor_flag"": 1, ""TempC_DS18B20"": 32.76}"
2025-09-21 07:32:38.196998068+00:00,dds75-lb-21,2,-117,-0.5,"{""Bat"": 3.333, ""Distance_mm"": 719, ""Interrupt_flag"": 0, ""Node_type"": ""DDS75-LB"", ""Sensor_flag"": 1, ""TempC_DS18B20"": 32.76}"
2025-09-21 07:33:38.191947131+00:00,dds75-lb-21,2,-113,2.5,"{""Bat"": 3.333, ""Distance_mm"": 719, ""Interrupt_flag"": 0, ""Node_type"": ""DDS75-LB"", ""Sensor_flag"": 1, ""TempC_DS18B20"": 32.76}"
2025-09-21 07:34:38.188819057+00:00,dds75-lb-21,2,-31,8.75,"{""Bat"": 3.333, ""Distance_mm"": 719, ""Interrupt_flag"": 0, ""Node_type"": ""DDS75-LB"", ""Sensor_flag"": 1, ""TempC_DS18B20"": 32.76}"
2025-09-21 07:35:38.195376878+00:00,dds75-lb-21,2,-32,7.0,"{""Bat"": 3.333, ""Distance_mm"": 719, ""Interrupt_flag"": 0, ""Node_type"": ""DDS75-LB"", ""Sensor_flag"": 1, ""TempC_DS18B20"": 32.76}"
2025-09-21 07:36:38.154878494+00:00,dds75-lb-21,2,-113,2.0,"{""Bat"": 3.333, ""Distance_mm"": 719, ""Interrupt_flag"": 0, ""Node_type"": ""DDS75-LB"", ""Sensor_flag"": 1, ""TempC_DS18B20"": 32.76}"
2025-09-21 07:37:38.158294928+00:00,dds75-lb-21,2,-33,10.25,"{""Bat"": 3.333, ""Distance_mm"": 719, ""Interrupt_flag"": 0, ""Node_type"": ""DDS75-LB"", ""Sensor_flag"": 1, ""TempC_DS18B20"": 32.76}"
2025-09-21 07:38:38.160981056+00:00,dds75-lb-21,2,-32,9.75,"{""Bat"": 3.333, ""Distance_mm"": 719, ""Interrupt_flag"": 0, ""Node_type"": ""DDS75-LB"", ""Sensor_flag"": 1, ""TempC_DS18B20"": 32.76}"
2025-09-21 07:39:38.138085863+00:00,dds75-lb-21,2,-32,9.25,"{""Bat"": 3.333, ""Distance_mm"": 719, ""Interrupt_flag"": 0, ""Node_type"": ""DDS75-LB"", ""Sensor_flag"": 1, ""TempC_DS18B20"": 32.76}"
2025-09-21 07:40:38.131506189+00:00,dds75-lb-21,2,-31,7.0,"{""Bat"": 3.333, ""Distance_mm"": 719, ""Interrupt_flag"": 0, ""Node_type"": ""DDS75-LB"", ""Sensor_flag"": 1, ""TempC_DS18B20"": 32.76}"
2025-09-21 07:41:38.104913674+00:00,dds75-lb-21,2,-111,5.0,"{""Bat"": 3.333, ""Distance_mm"": 719, ""Interrupt_flag"": 0, ""Node_type"": ""DDS75-LB"", ""Sensor_flag"": 1, ""TempC_DS18B20"": 32.76}"
2025-09-21 07:42:38.100175029+00:00,dds75-lb-21,2,-33,10.0,"{""Bat"": 3.333, ""Distance_mm"": 719, ""Interrupt_flag"": 0, ""Node_type"": ""DDS75-LB"", ""Sensor_flag"": 1, ""TempC_DS18B20"": 32.76}"
2025-09-21 07:43:38.091873650+00:00,dds75-lb-21,2,-116,-1.0,"{""Bat"": 3.333, ""Distance_mm"": 719, ""Interrupt_flag"": 0, ""Node_type"": ""DDS75-LB"", ""Sensor_flag"": 1, ""TempC_DS18B20"": 32.76}"
2025-09-21 07:44:38.079194926+00:00,dds75-lb-21,2,-33,9.5,"{""Bat"": 3.333, ""Distance_mm"": 719, ""Interrupt_flag"": 0, ""Node_type"": ""DDS75-LB"", ""Sensor_flag"": 1, ""TempC_DS18B20"": 32.76}"
2025-09-21 07:45:38.097016656+00:00,dds75-lb-21,2,-31,9.0,"{""Bat"": 3.333, ""Distance_mm"": 719, ""Interrupt_flag"": 0, ""Node_type"": ""DDS75-LB"", ""Sensor_flag"": 1, ""TempC_DS18B20"": 32.76}"
2025-09-21 07:46:38.060927291+00:00,dds75-lb-21,2,-28,7.75,"{""Bat"": 3.333, ""Distance_mm"": 719, ""Interrupt_flag"": 0, ""Node_type"": ""DDS75-LB"", ""Sensor_flag"": 1, ""TempC_DS18B20"": 32.76}"
2025-09-21 07:47:38.054236827+00:00,dds75-lb-21,2,-119,-2.0,"{""Bat"": 3.333, ""Distance_mm"": 719, ""Interrupt_flag"": 0, ""Node_type"": ""DDS75-LB"", ""Sensor_flag"": 1, ""TempC_DS18B20"": 32.76}"
2025-09-21 07:48:38.038318996+00:00,dds75-lb-21,2,-32,9.25,"{""Bat"": 3.333, ""Distance_mm"": 719, ""Interrupt_flag"": 0, ""Node_type"": ""DDS75-LB"", ""Sensor_flag"": 1, ""TempC_DS18B20"": 32.76}"
2025-09-21 07:49:38.044129134+00:00,dds75-lb-21,2,-31,9.0,"{""Bat"": 3.333, ""Distance_mm"": 719, ""Interrupt_flag"": 0, ""Node_type"": ""DDS75-LB"", ""Sensor_flag"": 1, ""TempC_DS18B20"": 32.76}"
2025-09-21 07:50:38.021983341+00:00,dds75-lb-21,2,-30,9.0,"{""Bat"": 3.333, ""Distance_mm"": 719, ""Interrupt_flag"": 0, ""Node_type"": ""DDS75-LB"", ""Sensor_flag"": 1, ""TempC_DS18B20"": 32.76}"
2025-09-21 07:51:38.010472217+00:00,dds75-lb-21,2,-31,9.25,"{""Bat"": 3.333, ""Distance_mm"": 719, ""Interrupt_flag"": 0, ""Node_type"": ""DDS75-LB"", ""Sensor_flag"": 1, ""TempC_DS18B20"": 32.76}"
2025-09-21 07:52:38.016784535+00:00,dds75-lb-21,2,-30,9.75,"{""Bat"": 3.333, ""Distance_mm"": 719, ""Interrupt_flag"": 0, ""Node_type"": ""DDS75-LB"", ""Sensor_flag"": 1, ""TempC_DS18B20"": 32.76}"
2025-09-21 07:53:37.991000527+00:00,dds75-lb-21,2,-32,9.5,"{""Bat"": 3.333, ""Distance_mm"": 719, ""Interrupt_flag"": 0, ""Node_type"": ""DDS75-LB"", ""Sensor_flag"": 1, ""TempC_DS18B20"": 32.76}"
2025-09-21 07:54:37.954792706+00:00,dds75-lb-21,2,-127,-9.0,"{""Bat"": 3.333, ""Distance_mm"": 719, ""Interrupt_flag"": 0, ""Node_type"": ""DDS75-LB"", ""Sensor_flag"": 1, ""TempC_DS18B20"": 32.76}"
2025-09-21 07:55:37.964724532+00:00,dds75-lb-21,2,-118,-2.0,"{""Bat"": 3.333, ""Distance_mm"": 719, ""Interrupt_flag"": 0, ""Node_type"": ""DDS75-LB"", ""Sensor_flag"": 1, ""TempC_DS18B20"": 32.76}"
2025-09-21 07:56:37.968311851+00:00,dds75-lb-21,2,-30,6.75,"{""Bat"": 3.333, ""Distance_mm"": 719, ""Interrupt_flag"": 0, ""Node_type"": ""DDS75-LB"", ""Sensor_flag"": 1, ""TempC_DS18B20"": 32.76}"
2025-09-21 07:57:37.938038798+00:00,dds75-lb-21,2,-32,9.5,"{""Bat"": 3.333, ""Distance_mm"": 719, ""Interrupt_flag"": 0, ""Node_type"": ""DDS75-LB"", ""Sensor_flag"": 1, ""TempC_DS18B20"": 32.76}"
2025-09-21 07:58:37.960434970+00:00,dds75-lb-21,2,-33,11.0,"{""Bat"": 3.333, ""Distance_mm"": 719, ""Interrupt_flag"": 0, ""Node_type"": ""DDS75-LB"", ""Sensor_flag"": 1, ""TempC_DS18B20"": 32.76}"
2025-09-21 07:59:37.938334435+00:00,dds75-lb-21,2,-32,6.75,"{""Bat"": 3.333, ""Distance_mm"": 719, ""Interrupt_flag"": 0, ""Node_type"": ""DDS75-LB"", ""Sensor_flag"": 1, ""TempC_DS18B20"": 32.76}"
2025-09-21 08:00:37.914387531+00:00,dds75-lb-21,2,-111,-0.25,"{""Bat"": 3.333, ""Distance_mm"": 719, ""Interrupt_flag"": 0, ""Node_type"": ""DDS75-LB"", ""Sensor_flag"": 1, ""TempC_DS18B20"": 32.76}"
2025-09-21 08:01:37.911013687+00:00,dds75-lb-21,2,-35,10.5,"{""Bat"": 3.333, ""Distance_mm"": 719, ""Interrupt_flag"": 0, ""Node_type"": ""DDS75-LB"", ""Sensor_flag"": 1, ""TempC_DS18B20"": 32.76}"
2025-09-21 08:02:37.879883781+00:00,dds75-lb-21,2,-113,3.0,"{""Bat"": 3.333, ""Distance_mm"": 719, ""Interrupt_flag"": 0, ""Node_type"": ""DDS75-LB"", ""Sensor_flag"": 1, ""TempC_DS18B20"": 32.76}"
2025-09-21 08:03:37.873866513+00:00,dds75-lb-21,2,-32,10.0,"{""Bat"": 3.333, ""Distance_mm"": 719, ""Interrupt_flag"": 0, ""Node_type"": ""DDS75-LB"", ""Sensor_flag"": 1, ""TempC_DS18B20"": 32.76}"
2025-09-21 08:04:37.880875838+00:00,dds75-lb-21,2,-33,10.75,"{""Bat"": 3.333, ""Distance_mm"": 719, ""Interrupt_flag"": 0, ""Node_type"": ""DDS75-LB"", ""Sensor_flag"": 1, ""TempC_DS18B20"": 32.76}"
2025-09-21 08:05:37.868361060+00:00,dds75-lb-21,2,-33,8.5,"{""Bat"": 3.333, ""Distance_mm"": 719, ""Interrupt_flag"": 0, ""Node_type"": ""DDS75-LB"", ""Sensor_flag"": 1, ""TempC_DS18B20"": 32.76}"
2025-09-21 08:06:37.868146155+00:00,dds75-lb-21,2,-35,10.0,"{""Bat"": 3.333, ""Distance_mm"": 719, ""Interrupt_flag"": 0, ""Node_type"": ""DDS75-LB"", ""Sensor_flag"": 1, ""TempC_DS18B20"": 32.76}"
2025-09-21 08:07:37.848624848+00:00,dds75-lb-21,2,-32,8.5,"{""Bat"": 3.333, ""Distance_mm"": 719, ""Interrupt_flag"": 0, ""Node_type"": ""DDS75-LB"", ""Sensor_flag"": 1, ""TempC_DS18B20"": 32.76}"
2025-09-21 08:08:37.829563704+00:00,dds75-lb-21,2,-31,9.5,"{""Bat"": 3.333, ""Distance_mm"": 719, ""Interrupt_flag"": 0, ""Node_type"": ""DDS75-LB"", ""Sensor_flag"": 1, ""TempC_DS18B20"": 32.76}"
2025-09-21 08:09:37.819150542+00:00,dds75-lb-21,2,-33,9.0,"{""Bat"": 3.333, ""Distance_mm"": 719, ""Interrupt_flag"": 0, ""Node_type"": ""DDS75-LB"", ""Sensor_flag"": 1, ""TempC_DS18B20"": 32.76}"
2025-09-21 08:10:37.802136416+00:00,dds75-lb-21,2,-118,-8.5,"{""Bat"": 3.333, ""Distance_mm"": 719, ""Interrupt_flag"": 0, ""Node_type"": ""DDS75-LB"", ""Sensor_flag"": 1, ""TempC_DS18B20"": 32.76}"
2025-09-21 08:11:37.805863841+00:00,dds75-lb-21,2,-115,,"{""Bat"": 3.333, ""Distance_mm"": 719, ""Interrupt_flag"": 0, ""Node_type"": ""DDS75-LB"", ""Sensor_flag"": 1, ""TempC_DS18B20"": 32.76}"
2025-09-21 08:12:37.798715233+00:00,dds75-lb-21,2,-32,6.75,"{""Bat"": 3.333, ""Distance_mm"": 719, ""Interrupt_flag"": 0, ""Node_type"": ""DDS75-LB"", ""Sensor_flag"": 1, ""TempC_DS18B20"": 32.76}"
2025-09-21 08:13:37.789615331+00:00,dds75-lb-21,2,-30,9.5,"{""Bat"": 3.333, ""Distance_mm"": 719, ""Interrupt_flag"": 0, ""Node_type"": ""DDS75-LB"", ""Sensor_flag"": 1, ""TempC_DS18B20"": 32.76}"
2025-09-21 08:14:37.784664768+00:00,dds75-lb-21,2,-120,-5.0,"{""Bat"": 3.333, ""Distance_mm"": 719, ""Interrupt_flag"": 0, ""Node_type"": ""DDS75-LB"", ""Sensor_flag"": 1, ""TempC_DS18B20"": 32.76}"
2025-09-21 08:15:37.758956598+00:00,dds75-lb-21,2,-117,-2.25,"{""Bat"": 3.333, ""Distance_mm"": 719, ""Interrupt_flag"": 0, ""Node_type"": ""DDS75-LB"", ""Sensor_flag"": 1, ""TempC_DS18B20"": 32.76}"
2025-09-21 08:16:37.751057552+00:00,dds75-lb-21,2,-32,9.0,"{""Bat"": 3.333, ""Distance_mm"": 719, ""Interrupt_flag"": 0, ""Node_type"": ""DDS75-LB"", ""Sensor_flag"": 1, ""TempC_DS18B20"": 32.76}"
2025-09-21 08:17:37.743903983+00:00,dds75-lb-21,2,-31,8.75,"{""Bat"": 3.333, ""Distance_mm"": 719, ""Interrupt_flag"": 0, ""Node_type"": ""DDS75-LB"", ""Sensor_flag"": 1, ""TempC_DS18B20"": 32.76}"
2025-09-21 08:18:37.730744920+00:00,dds75-lb-21,2,-29,9.25,"{""Bat"": 3.333, ""Distance_mm"": 719, ""Interrupt_flag"": 0, ""Node_type"": ""DDS75-LB"", ""Sensor_flag"": 1, ""TempC_DS18B20"": 32.76}"
2025-09-21 08:19:37.732389314+00:00,dds75-lb-21,2,-32,7.5,"{""Bat"": 3.333, ""Distance_mm"": 719, ""Interrupt_flag"": 0, ""Node_type"": ""DDS75-LB"", ""Sensor_flag"": 1, ""TempC_DS18B20"": 32.76}"
2025-09-21 08:20:37.708293302+00:00,dds75-lb-21,2,-31,6.75,"{""Bat"": 3.333, ""Distance_mm"": 719, ""Interrupt_flag"": 0, ""Node_type"": ""DDS75-LB"", ""Sensor_flag"": 1, ""TempC_DS18B20"": 32.76}"
2025-09-21 08:21:37.698523466+00:00,dds75-lb-21,2,-32,9.5,"{""Bat"": 3.333, ""Distance_mm"": 719, ""Interrupt_flag"": 0, ""Node_type"": ""DDS75-LB"", ""Sensor_flag"": 1, ""TempC_DS18B20"": 32.76}"
2025-09-21 08:22:37.687542882+00:00,dds75-lb-21,2,-118,-2.75,"{""Bat"": 3.333, ""Distance_mm"": 719, ""Interrupt_flag"": 0, ""Node_type"": ""DDS75-LB"", ""Sensor_flag"": 1, ""TempC_DS18B20"": 32.76}"
2025-09-21 08:23:37.668243634+00:00,dds75-lb-21,2,-33,9.25,"{""Bat"": 3.333, ""Distance_mm"": 719, ""Interrupt_flag"": 0, ""Node_type"": ""DDS75-LB"", ""Sensor_flag"": 1, ""TempC_DS18B20"": 32.76}"
2025-09-21 08:24:37.668992259+00:00,dds75-lb-21,2,-32,9.0,"{""Bat"": 3.333, ""Distance_mm"": 719, ""Interrupt_flag"": 0, ""Node_type"": ""DDS75-LB"", ""Sensor_flag"": 1, ""TempC_DS18B20"": 32.76}"
2025-09-21 08:25:37.670707837+00:00,dds75-lb-21,2,-121,-6.0,"{""Bat"": 3.333, ""Distance_mm"": 719, ""Interrupt_flag"": 0, ""Node_type"": ""DDS75-LB"", ""Sensor_flag"": 1, ""TempC_DS18B20"": 32.76}"
2025-09-21 08:26:37.638684259+00:00,dds75-lb-21,2,-31,9.75,"{""Bat"": 3.333, ""Distance_mm"": 719, ""Interrupt_flag"": 0, ""Node_type"": ""DDS75-LB"", ""Sensor_flag"": 1, ""TempC_DS18B20"": 32.76}"
2025-09-21 08:27:37.634069593+00:00,dds75-lb-21,2,-32,7.75,"{""Bat"": 3.333, ""Distance_mm"": 719, ""Interrupt_flag"": 0, ""Node_type"": ""DDS75-LB"", ""Sensor_flag"": 1, ""TempC_DS18B20"": 32.76}"
2025-09-21 08:28:37.621314563+00:00,dds75-lb-21,2,-31,7.75,"{""Bat"": 3.333, ""Distance_mm"": 719, ""Interrupt_flag"": 0, ""Node_type"": ""DDS75-LB"", ""Sensor_flag"": 1, ""TempC_DS18B20"": 32.76}"
2025-09-21 08:29:37.605056911+00:00,dds75-lb-21,2,-32,9.5,"{""Bat"": 3.333, ""Distance_mm"": 719, ""Interrupt_flag"": 0, ""Node_type"": ""DDS75-LB"", ""Sensor_flag"": 1, ""TempC_DS18B20"": 32.76}"
2025-09-21 08:30:37.600762621+00:00,dds75-lb-21,2,-32,9.0,"{""Bat"": 3.333, ""Distance_mm"": 719, ""Interrupt_flag"": 0, ""Node_type"": ""DDS75-LB"", ""Sensor_flag"": 1, ""TempC_DS18B20"": 32.76}"
2025-09-21 08:31:37.608236608+00:00,dds75-lb-21,2,-35,6.75,"{""Bat"": 3.333, ""Distance_mm"": 719, ""Interrupt_flag"": 0, ""Node_type"": ""DDS75-LB"", ""Sensor_flag"": 1, ""TempC_DS18B20"": 32.76}"
2025-09-21 08:32:37.588094511+00:00,dds75-lb-21,2,-30,9.25,"{""Bat"": 3.333, ""Distance_mm"": 719, ""Interrupt_flag"": 0, ""Node_type"": ""DDS75-LB"", ""Sensor_flag"": 1, ""TempC_DS18B20"": 32.76}"
2025-09-21 08:33:37.575821004+00:00,dds75-lb-21,2,-120,-6.75,"{""Bat"": 3.333, ""Distance_mm"": 719, ""Interrupt_flag"": 0, ""Node_type"": ""DDS75-LB"", ""Sensor_flag"": 1, ""TempC_DS18B20"": 32.76}"
2025-09-21 08:34:37.549673739+00:00,dds75-lb-21,2,-30,7.0,"{""Bat"": 3.333, ""Distance_mm"": 719, ""Interrupt_flag"": 0, ""Node_type"": ""DDS75-LB"", ""Sensor_flag"": 1, ""TempC_DS18B20"": 32.76}"
2025-09-21 08:35:37.548171085+00:00,dds75-lb-21,2,-31,9.5,"{""Bat"": 3.333, ""Distance_mm"": 719, ""Interrupt_flag"": 0, ""Node_type"": ""DDS75-LB"", ""Sensor_flag"": 1, ""TempC_DS18B20"": 32.76}"
2025-09-21 08:36:37.540915292+00:00,dds75-lb-21,2,-31,10.25,"{""Bat"": 3.333, ""Distance_mm"": 719, ""Interrupt_flag"": 0, ""Node_type"": ""DDS75-LB"", ""Sensor_flag"": 1, ""TempC_DS18B20"": 32.76}"
2025-09-21 08:37:37.527038747+00:00,dds75-lb-21,2,-113,2.75,"{""Bat"": 3.333, ""Distance_mm"": 719, ""Interrupt_flag"": 0, ""Node_type"": ""DDS75-LB"", ""Sensor_flag"": 1, ""TempC_DS18B20"": 32.76}"
2025-09-21 08:38:37.528728349+00:00,dds75-lb-21,2,-117,-1.5,"{""Bat"": 3.333, ""Distance_mm"": 719, ""Interrupt_flag"": 0, ""Node_type"": ""DDS75-LB"", ""Sensor_flag"": 1, ""TempC_DS18B20"": 32.76}"
2025-09-21 08:39:37.521039892+00:00,dds75-lb-21,2,-32,9.0,"{""Bat"": 3.333, ""Distance_mm"": 719, ""Interrupt_flag"": 0, ""Node_type"": ""DDS75-LB"", ""Sensor_flag"": 1, ""TempC_DS18B20"": 32.76}"
2025-09-21 08:40:37.500486983+00:00,dds75-lb-21,2,-31,9.25,"{""Bat"": 3.333, ""Distance_mm"": 719, ""Interrupt_flag"": 0, ""Node_type"": ""DDS75-LB"", ""Sensor_flag"": 1, ""TempC_DS18B20"": 32.76}"
2025-09-21 08:41:37.496315725+00:00,dds75-lb-21,2,-32,9.0,"{""Bat"": 3.333, ""Distance_mm"": 719, ""Interrupt_flag"": 0, ""Node_type"": ""DDS75-LB"", ""Sensor_flag"": 1, ""TempC_DS18B20"": 32.76}"
2025-09-21 08:42:37.497652641+00:00,dds75-lb-21,2,-119,-3.5,"{""Bat"": 3.333, ""Distance_mm"": 719, ""Interrupt_flag"": 0, ""Node_type"": ""DDS75-LB"", ""Sensor_flag"": 1, ""TempC_DS18B20"": 32.76}"
2025-09-21 08:43:37.473824750+00:00,dds75-lb-21,2,-31,9.75,"{""Bat"": 3.333, ""Distance_mm"": 719, ""Interrupt_flag"": 0, ""Node_type"": ""DDS75-LB"", ""Sensor_flag"": 1, ""TempC_DS18B20"": 32.76}"
2025-09-21 08:44:37.469723081+00:00,dds75-lb-21,2,-32,9.5,"{""Bat"": 3.333, ""Distance_mm"": 719, ""Interrupt_flag"": 0, ""Node_type"": ""DDS75-LB"", ""Sensor_flag"": 1, ""TempC_DS18B20"": 32.76}"
2025-09-21 08:45:37.445761797+00:00,dds75-lb-21,2,-117,,"{""Bat"": 3.333, ""Distance_mm"": 719, ""Interrupt_flag"": 0, ""Node_type"": ""DDS75-LB"", ""Sensor_flag"": 1, ""TempC_DS18B20"": 32.76}"
2025-09-21 08:47:37.415744722+00:00,dds75-lb-21,2,-32,6.5,"{""Bat"": 3.333, ""Distance_mm"": 719, ""Interrupt_flag"": 0, ""Node_type"": ""DDS75-LB"", ""Sensor_flag"": 1, ""TempC_DS18B20"": 32.76}"
2025-09-21 08:48:37.419025551+00:00,dds75-lb-21,2,-33,11.0,"{""Bat"": 3.333, ""Distance_mm"": 719, ""Interrupt_flag"": 0, ""Node_type"": ""DDS75-LB"", ""Sensor_flag"": 1, ""TempC_DS18B20"": 32.76}"
2025-09-21 08:49:37.415178906+00:00,dds75-lb-21,2,-33,10.5,"{""Bat"": 3.333, ""Distance_mm"": 719, ""Interrupt_flag"": 0, ""Node_type"": ""DDS75-LB"", ""Sensor_flag"": 1, ""TempC_DS18B20"": 32.76}"
2025-09-21 08:50:37.396676718+00:00,dds75-lb-21,2,-31,9.75,"{""Bat"": 3.333, ""Distance_mm"": 719, ""Interrupt_flag"": 0, ""Node_type"": ""DDS75-LB"", ""Sensor_flag"": 1, ""TempC_DS18B20"": 32.76}"
2025-09-21 08:51:37.375947852+00:00,dds75-lb-21,2,-30,7.5,"{""Bat"": 3.333, ""Distance_mm"": 719, ""Interrupt_flag"": 0, ""Node_type"": ""DDS75-LB"", ""Sensor_flag"": 1, ""TempC_DS18B20"": 32.76}"
2025-09-21 08:52:37.368189197+00:00,dds75-lb-21,2,-115,1.5,"{""Bat"": 3.333, ""Distance_mm"": 719, ""Interrupt_flag"": 0, ""Node_type"": ""DDS75-LB"", ""Sensor_flag"": 1, ""TempC_DS18B20"": 32.76}"
2025-09-21 08:53:37.348069022+00:00,dds75-lb-21,2,-119,-3.0,"{""Bat"": 3.333, ""Distance_mm"": 719, ""Interrupt_flag"": 0, ""Node_type"": ""DDS75-LB"", ""Sensor_flag"": 1, ""TempC_DS18B20"": 32.76}"
2025-09-21 08:54:37.365455004+00:00,dds75-lb-21,2,-31,9.25,"{""Bat"": 3.333, ""Distance_mm"": 719, ""Interrupt_flag"": 0, ""Node_type"": ""DDS75-LB"", ""Sensor_flag"": 1, ""TempC_DS18B20"": 32.76}"
2025-09-21 08:55:37.345017459+00:00,dds75-lb-21,2,-33,10.75,"{""Bat"": 3.333, ""Distance_mm"": 719, ""Interrupt_flag"": 0, ""Node_type"": ""DDS75-LB"", ""Sensor_flag"": 1, ""TempC_DS18B20"": 32.76}"
2025-09-21 08:56:37.325357325+00:00,dds75-lb-21,2,-31,9.25,"{""Bat"": 3.333, ""Distance_mm"": 719, ""Interrupt_flag"": 0, ""Node_type"": ""DDS75-LB"", ""Sensor_flag"": 1, ""TempC_DS18B20"": 32.76}"
2025-09-21 08:57:37.325896441+00:00,dds75-lb-21,2,-33,10.0,"{""Bat"": 3.333, ""Distance_mm"": 719, ""Interrupt_flag"": 0, ""Node_type"": ""DDS75-LB"", ""Sensor_flag"": 1, ""TempC_DS18B20"": 32.76}"
2025-09-21 08:58:37.319803342+00:00,dds75-lb-21,2,-30,9.0,"{""Bat"": 3.333, ""Distance_mm"": 719, ""Interrupt_flag"": 0, ""Node_type"": ""DDS75-LB"", ""Sensor_flag"": 1, ""TempC_DS18B20"": 32.76}"
2025-09-21 08:59:37.294322909+00:00,dds75-lb-21,2,-31,7.5,"{""Bat"": 3.333, ""Distance_mm"": 719, ""Interrupt_flag"": 0, ""Node_type"": ""DDS75-LB"", ""Sensor_flag"": 1, ""TempC_DS18B20"": 32.76}"
2025-09-21 09:00:37.285952162+00:00,dds75-lb-21,2,-114,1.25,"{""Bat"": 3.333, ""Distance_mm"": 719, ""Interrupt_flag"": 0, ""Node_type"": ""DDS75-LB"", ""Sensor_flag"": 1, ""TempC_DS18B20"": 32.76}"
2025-09-21 09:01:37.273934798+00:00,dds75-lb-21,2,-33,9.25,"{""Bat"": 3.333, ""Distance_mm"": 719, ""Interrupt_flag"": 0, ""Node_type"": ""DDS75-LB"", ""Sensor_flag"": 1, ""TempC_DS18B20"": 32.76}"
2025-09-21 09:02:37.277585072+00:00,dds75-lb-21,2,-32,9.25,"{""Bat"": 3.333, ""Distance_mm"": 719, ""Interrupt_flag"": 0, ""Node_type"": ""DDS75-LB"", ""Sensor_flag"": 1, ""TempC_DS18B20"": 32.76}"
2025-09-21 09:03:37.260336046+00:00,dds75-lb-21,2,-33,6.5,"{""Bat"": 3.333, ""Distance_mm"": 719, ""Interrupt_flag"": 0, ""Node_type"": ""DDS75-LB"", ""Sensor_flag"": 1, ""TempC_DS18B20"": 32.76}"
2025-09-21 09:04:37.264888246+00:00,dds75-lb-21,2,-33,11.0,"{""Bat"": 3.333, ""Distance_mm"": 719, ""Interrupt_flag"": 0, ""Node_type"": ""DDS75-LB"", ""Sensor_flag"": 1, ""TempC_DS18B20"": 32.76}"
2025-09-21 09:05:37.246809279+00:00,dds75-lb-21,2,-33,8.75,"{""Bat"": 3.333, ""Distance_mm"": 719, ""Interrupt_flag"": 0, ""Node_type"": ""DDS75-LB"", ""Sensor_flag"": 1, ""TempC_DS18B20"": 32.76}"
2025-09-21 09:06:37.234332808+00:00,dds75-lb-21,2,-30,9.0,"{""Bat"": 3.333, ""Distance_mm"": 719, ""Interrupt_flag"": 0, ""Node_type"": ""DDS75-LB"", ""Sensor_flag"": 1, ""TempC_DS18B20"": 32.76}"
2025-09-21 09:07:37.217669409+00:00,dds75-lb-21,2,-32,7.25,"{""Bat"": 3.333, ""Distance_mm"": 719, ""Interrupt_flag"": 0, ""Node_type"": ""DDS75-LB"", ""Sensor_flag"": 1, ""TempC_DS18B20"": 32.76}"
2025-09-21 09:08:37.193111875+00:00,dds75-lb-21,2,-32,7.5,"{""Bat"": 3.333, ""Distance_mm"": 719, ""Interrupt_flag"": 0, ""Node_type"": ""DDS75-LB"", ""Sensor_flag"": 1, ""TempC_DS18B20"": 32.76}"
2025-09-21 09:09:37.203078332+00:00,dds75-lb-21,2,-32,9.75,"{""Bat"": 3.333, ""Distance_mm"": 719, ""Interrupt_flag"": 0, ""Node_type"": ""DDS75-LB"", ""Sensor_flag"": 1, ""TempC_DS18B20"": 32.76}"
2025-09-21 09:10:37.185716268+00:00,dds75-lb-21,2,-35,8.75,"{""Bat"": 3.333, ""Distance_mm"": 719, ""Interrupt_flag"": 0, ""Node_type"": ""DDS75-LB"", ""Sensor_flag"": 1, ""TempC_DS18B20"": 32.76}"
2025-09-21 09:11:37.184247567+00:00,dds75-lb-21,2,-35,7.5,"{""Bat"": 3.333, ""Distance_mm"": 719, ""Interrupt_flag"": 0, ""Node_type"": ""DDS75-LB"", ""Sensor_flag"": 1, ""TempC_DS18B20"": 32.76}"
2025-09-21 09:12:37.162961301+00:00,dds75-lb-21,2,-33,9.25,"{""Bat"": 3.333, ""Distance_mm"": 719, ""Interrupt_flag"": 0, ""Node_type"": ""DDS75-LB"", ""Sensor_flag"": 1, ""TempC_DS18B20"": 32.76}"
2025-09-21 09:13:37.143555653+00:00,dds75-lb-21,2,-35,10.25,"{""Bat"": 3.333, ""Distance_mm"": 719, ""Interrupt_flag"": 0, ""Node_type"": ""DDS75-LB"", ""Sensor_flag"": 1, ""TempC_DS18B20"": 32.76}"
2025-09-21 09:14:37.157552410+00:00,dds75-lb-21,2,-114,1.75,"{""Bat"": 3.333, ""Distance_mm"": 719, ""Interrupt_flag"": 0, ""Node_type"": ""DDS75-LB"", ""Sensor_flag"": 1, ""TempC_DS18B20"": 32.76}"
2025-09-21 09:15:37.142603563+00:00,dds75-lb-21,2,-31,10.0,"{""Bat"": 3.333, ""Distance_mm"": 719, ""Interrupt_flag"": 0, ""Node_type"": ""DDS75-LB"", ""Sensor_flag"": 1, ""TempC_DS18B20"": 32.76}"
2025-09-21 09:16:37.112666229+00:00,dds75-lb-21,2,-33,9.75,"{""Bat"": 3.333, ""Distance_mm"": 719, ""Interrupt_flag"": 0, ""Node_type"": ""DDS75-LB"", ""Sensor_flag"": 1, ""TempC_DS18B20"": 32.76}"
2025-09-21 09:17:37.117518984+00:00,dds75-lb-21,2,-114,2.0,"{""Bat"": 3.333, ""Distance_mm"": 719, ""Interrupt_flag"": 0, ""Node_type"": ""DDS75-LB"", ""Sensor_flag"": 1, ""TempC_DS18B20"": 32.76}"
2025-09-21 09:18:37.103871553+00:00,dds75-lb-21,2,-33,9.5,"{""Bat"": 3.333, ""Distance_mm"": 719, ""Interrupt_flag"": 0, ""Node_type"": ""DDS75-LB"", ""Sensor_flag"": 1, ""TempC_DS18B20"": 32.76}"
2025-09-21 09:19:37.102738223+00:00,dds75-lb-21,2,-28,6.75,"{""Bat"": 3.333, ""Distance_mm"": 719, ""Interrupt_flag"": 0, ""Node_type"": ""DDS75-LB"", ""Sensor_flag"": 1, ""TempC_DS18B20"": 32.76}"
2025-09-21 09:20:37.078326272+00:00,dds75-lb-21,2,-116,,"{""Bat"": 3.333, ""Distance_mm"": 719, ""Interrupt_flag"": 0, ""Node_type"": ""DDS75-LB"", ""Sensor_flag"": 1, ""TempC_DS18B20"": 32.76}"
2025-09-21 09:21:37.062519844+00:00,dds75-lb-21,2,-35,9.75,"{""Bat"": 3.333, ""Distance_mm"": 719, ""Interrupt_flag"": 0, ""Node_type"": ""DDS75-LB"", ""Sensor_flag"": 1, ""TempC_DS18B20"": 32.76}"
2025-09-21 09:22:37.054404963+00:00,dds75-lb-21,2,-30,9.25,"{""Bat"": 3.333, ""Distance_mm"": 719, ""Interrupt_flag"": 0, ""Node_type"": ""DDS75-LB"", ""Sensor_flag"": 1, ""TempC_DS18B20"": 32.76}"
2025-09-21 09:23:37.072267825+00:00,dds75-lb-21,2,-31,7.25,"{""Bat"": 3.333, ""Distance_mm"": 719, ""Interrupt_flag"": 0, ""Node_type"": ""DDS75-LB"", ""Sensor_flag"": 1, ""TempC_DS18B20"": 32.76}"
2025-09-21 09:24:37.032719293+00:00,dds75-lb-21,2,-35,6.75,"{""Bat"": 3.333, ""Distance_mm"": 719, ""Interrupt_flag"": 0, ""Node_type"": ""DDS75-LB"", ""Sensor_flag"": 1, ""TempC_DS18B20"": 32.76}"
2025-09-21 09:25:37.032488838+00:00,dds75-lb-21,2,-32,10.0,"{""Bat"": 3.333, ""Distance_mm"": 719, ""Interrupt_flag"": 0, ""Node_type"": ""DDS75-LB"", ""Sensor_flag"": 1, ""TempC_DS18B20"": 32.76}"
2025-09-21 09:26:37.026681097+00:00,dds75-lb-21,2,-33,10.0,"{""Bat"": 3.333, ""Distance_mm"": 719, ""Interrupt_flag"": 0, ""Node_type"": ""DDS75-LB"", ""Sensor_flag"": 1, ""TempC_DS18B20"": 32.76}"
2025-09-21 09:27:37.014643594+00:00,dds75-lb-21,2,-33,7.25,"{""Bat"": 3.333, ""Distance_mm"": 719, ""Interrupt_flag"": 0, ""Node_type"": ""DDS75-LB"", ""Sensor_flag"": 1, ""TempC_DS18B20"": 32.76}"
2025-09-21 09:28:37.003645291+00:00,dds75-lb-21,2,-32,10.25,"{""Bat"": 3.333, ""Distance_mm"": 719, ""Interrupt_flag"": 0, ""Node_type"": ""DDS75-LB"", ""Sensor_flag"": 1, ""TempC_DS18B20"": 32.76}"
2025-09-21 09:29:36.992501528+00:00,dds75-lb-21,2,-35,9.75,"{""Bat"": 3.333, ""Distance_mm"": 719, ""Interrupt_flag"": 0, ""Node_type"": ""DDS75-LB"", ""Sensor_flag"": 1, ""TempC_DS18B20"": 32.76}"
2025-09-21 09:30:36.988278470+00:00,dds75-lb-21,2,-113,2.0,"{""Bat"": 3.333, ""Distance_mm"": 719, ""Interrupt_flag"": 0, ""Node_type"": ""DDS75-LB"", ""Sensor_flag"": 1, ""TempC_DS18B20"": 32.76}"
2025-09-21 09:31:36.962599344+00:00,dds75-lb-21,2,-29,7.25,"{""Bat"": 3.333, ""Distance_mm"": 719, ""Interrupt_flag"": 0, ""Node_type"": ""DDS75-LB"", ""Sensor_flag"": 1, ""TempC_DS18B20"": 32.76}"
2025-09-21 09:32:36.955849639+00:00,dds75-lb-21,2,-33,10.5,"{""Bat"": 3.333, ""Distance_mm"": 719, ""Interrupt_flag"": 0, ""Node_type"": ""DDS75-LB"", ""Sensor_flag"": 1, ""TempC_DS18B20"": 32.76}"
2025-09-21 09:33:36.945399782+00:00,dds75-lb-21,2,-115,-1.75,"{""Bat"": 3.333, ""Distance_mm"": 719, ""Interrupt_flag"": 0, ""Node_type"": ""DDS75-LB"", ""Sensor_flag"": 1, ""TempC_DS18B20"": 32.76}"
2025-09-21 09:34:36.936142867+00:00,dds75-lb-21,2,-33,9.5,"{""Bat"": 3.333, ""Distance_mm"": 719, ""Interrupt_flag"": 0, ""Node_type"": ""DDS75-LB"", ""Sensor_flag"": 1, ""TempC_DS18B20"": 32.76}"
2025-09-21 09:35:36.942361348+00:00,dds75-lb-21,2,-33,9.75,"{""Bat"": 3.333, ""Distance_mm"": 719, ""Interrupt_flag"": 0, ""Node_type"": ""DDS75-LB"", ""Sensor_flag"": 1, ""TempC_DS18B20"": 32.76}"
2025-09-21 09:36:36.905851890+00:00,dds75-lb-21,2,-30,9.5,"{""Bat"": 3.333, ""Distance_mm"": 719, ""Interrupt_flag"": 0, ""Node_type"": ""DDS75-LB"", ""Sensor_flag"": 1, ""TempC_DS18B20"": 32.76}"
2025-09-21 09:37:36.906704841+00:00,dds75-lb-21,2,-32,9.75,"{""Bat"": 3.333, ""Distance_mm"": 719, ""Interrupt_flag"": 0, ""Node_type"": ""DDS75-LB"", ""Sensor_flag"": 1, ""TempC_DS18B20"": 32.76}"
2025-09-21 09:38:36.900230533+00:00,dds75-lb-21,2,-30,9.0,"{""Bat"": 3.333, ""Distance_mm"": 719, ""Interrupt_flag"": 0, ""Node_type"": ""DDS75-LB"", ""Sensor_flag"": 1, ""TempC_DS18B20"": 32.76}"
2025-09-21 09:39:36.883559493+00:00,dds75-lb-21,2,-28,7.75,"{""Bat"": 3.333, ""Distance_mm"": 719, ""Interrupt_flag"": 0, ""Node_type"": ""DDS75-LB"", ""Sensor_flag"": 1, ""TempC_DS18B20"": 32.76}"
2025-09-21 09:40:36.872891547+00:00,dds75-lb-21,2,-33,9.75,"{""Bat"": 3.333, ""Distance_mm"": 719, ""Interrupt_flag"": 0, ""Node_type"": ""DDS75-LB"", ""Sensor_flag"": 1, ""TempC_DS18B20"": 32.76}"
2025-09-21 09:41:36.852554998+00:00,dds75-lb-21,2,-31,9.75,"{""Bat"": 3.333, ""Distance_mm"": 719, ""Interrupt_flag"": 0, ""Node_type"": ""DDS75-LB"", ""Sensor_flag"": 1, ""TempC_DS18B20"": 32.76}"
2025-09-21 09:42:36.854803445+00:00,dds75-lb-21,2,-33,9.5,"{""Bat"": 3.333, ""Distance_mm"": 719, ""Interrupt_flag"": 0, ""Node_type"": ""DDS75-LB"", ""Sensor_flag"": 1, ""TempC_DS18B20"": 32.76}"
2025-09-21 09:43:36.910623702+00:00,dds75-lb-21,2,-117,-2.5,"{""Bat"": 3.333, ""Distance_mm"": 719, ""Interrupt_flag"": 0, ""Node_type"": ""DDS75-LB"", ""Sensor_flag"": 1, ""TempC_DS18B20"": 32.76}"
2025-09-21 09:44:36.834838116+00:00,dds75-lb-21,2,-30,9.25,"{""Bat"": 3.333, ""Distance_mm"": 719, ""Interrupt_flag"": 0, ""Node_type"": ""DDS75-LB"", ""Sensor_flag"": 1, ""TempC_DS18B20"": 32.76}"
2025-09-21 09:45:36.823223314+00:00,dds75-lb-21,2,-33,9.5,"{""Bat"": 3.333, ""Distance_mm"": 719, ""Interrupt_flag"": 0, ""Node_type"": ""DDS75-LB"", ""Sensor_flag"": 1, ""TempC_DS18B20"": 32.76}"
2025-09-21 09:46:36.822916809+00:00,dds75-lb-21,2,-31,7.75,"{""Bat"": 3.333, ""Distance_mm"": 719, ""Interrupt_flag"": 0, ""Node_type"": ""DDS75-LB"", ""Sensor_flag"": 1, ""TempC_DS18B20"": 32.76}"
2025-09-21 09:47:36.792597181+00:00,dds75-lb-21,2,-31,7.0,"{""Bat"": 3.333, ""Distance_mm"": 719, ""Interrupt_flag"": 0, ""Node_type"": ""DDS75-LB"", ""Sensor_flag"": 1, ""TempC_DS18B20"": 32.76}"
2025-09-21 09:48:36.805337595+00:00,dds75-lb-21,2,-121,-4.0,"{""Bat"": 3.333, ""Distance_mm"": 719, ""Interrupt_flag"": 0, ""Node_type"": ""DDS75-LB"", ""Sensor_flag"": 1, ""TempC_DS18B20"": 32.76}"
2025-09-21 09:49:36.773278548+00:00,dds75-lb-21,2,-32,9.5,"{""Bat"": 3.333, ""Distance_mm"": 719, ""Interrupt_flag"": 0, ""Node_type"": ""DDS75-LB"", ""Sensor_flag"": 1, ""TempC_DS18B20"": 32.76}"
2025-09-21 09:50:36.774709074+00:00,dds75-lb-21,2,-32,9.75,"{""Bat"": 3.333, ""Distance_mm"": 719, ""Interrupt_flag"": 0, ""Node_type"": ""DDS75-LB"", ""Sensor_flag"": 1, ""TempC_DS18B20"": 32.76}"
2025-09-21 09:51:36.752260088+00:00,dds75-lb-21,2,-32,9.25,"{""Bat"": 3.333, ""Distance_mm"": 719, ""Interrupt_flag"": 0, ""Node_type"": ""DDS75-LB"", ""Sensor_flag"": 1, ""TempC_DS18B20"": 32.76}"
2025-09-21 09:52:36.759335506+00:00,dds75-lb-21,2,-31,9.25,"{""Bat"": 3.333, ""Distance_mm"": 719, ""Interrupt_flag"": 0, ""Node_type"": ""DDS75-LB"", ""Sensor_flag"": 1, ""TempC_DS18B20"": 32.76}"
2025-09-21 09:53:36.735613317+00:00,dds75-lb-21,2,-35,9.25,"{""Bat"": 3.333, ""Distance_mm"": 719, ""Interrupt_flag"": 0, ""Node_type"": ""DDS75-LB"", ""Sensor_flag"": 1, ""TempC_DS18B20"": 32.76}"
2025-09-21 09:54:36.723010814+00:00,dds75-lb-21,2,-31,9.5,"{""Bat"": 3.333, ""Distance_mm"": 719, ""Interrupt_flag"": 0, ""Node_type"": ""DDS75-LB"", ""Sensor_flag"": 1, ""TempC_DS18B20"": 32.76}"
2025-09-21 09:55:36.706160026+00:00,dds75-lb-21,2,-29,9.0,"{""Bat"": 3.333, ""Distance_mm"": 719, ""Interrupt_flag"": 0, ""Node_type"": ""DDS75-LB"", ""Sensor_flag"": 1, ""TempC_DS18B20"": 32.76}"
2025-09-21 09:56:36.713198817+00:00,dds75-lb-21,2,-35,6.5,"{""Bat"": 3.333, ""Distance_mm"": 719, ""Interrupt_flag"": 0, ""Node_type"": ""DDS75-LB"", ""Sensor_flag"": 1, ""TempC_DS18B20"": 32.76}"
2025-09-21 09:57:36.715202413+00:00,dds75-lb-21,2,-33,9.75,"{""Bat"": 3.333, ""Distance_mm"": 719, ""Interrupt_flag"": 0, ""Node_type"": ""DDS75-LB"", ""Sensor_flag"": 1, ""TempC_DS18B20"": 32.76}"
2025-09-21 09:58:36.680483640+00:00,dds75-lb-21,2,-35,9.5,"{""Bat"": 3.333, ""Distance_mm"": 719, ""Interrupt_flag"": 0, ""Node_type"": ""DDS75-LB"", ""Sensor_flag"": 1, ""TempC_DS18B20"": 32.76}"
2025-09-21 09:59:36.672492175+00:00,dds75-lb-21,2,-33,10.5,"{""Bat"": 3.333, ""Distance_mm"": 719, ""Interrupt_flag"": 0, ""Node_type"": ""DDS75-LB"", ""Sensor_flag"": 1, ""TempC_DS18B20"": 32.76}"
2025-09-21 10:00:36.673374937+00:00,dds75-lb-21,2,-31,9.5,"{""Bat"": 3.333, ""Distance_mm"": 719, ""Interrupt_flag"": 0, ""Node_type"": ""DDS75-LB"", ""Sensor_flag"": 1, ""TempC_DS18B20"": 32.76}"
2025-09-21 10:01:36.644353553+00:00,dds75-lb-21,2,-33,9.5,"{""Bat"": 3.333, ""Distance_mm"": 719, ""Interrupt_flag"": 0, ""Node_type"": ""DDS75-LB"", ""Sensor_flag"": 1, ""TempC_DS18B20"": 32.76}"
2025-09-21 10:02:36.642551213+00:00,dds75-lb-21,2,-29,8.0,"{""Bat"": 3.333, ""Distance_mm"": 719, ""Interrupt_flag"": 0, ""Node_type"": ""DDS75-LB"", ""Sensor_flag"": 1, ""TempC_DS18B20"": 32.76}"
2025-09-21 10:03:36.636607399+00:00,dds75-lb-21,2,-30,9.5,"{""Bat"": 3.333, ""Distance_mm"": 719, ""Interrupt_flag"": 0, ""Node_type"": ""DDS75-LB"", ""Sensor_flag"": 1, ""TempC_DS18B20"": 32.76}"
2025-09-21 10:04:36.623813689+00:00,dds75-lb-21,2,-115,-0.5,"{""Bat"": 3.333, ""Distance_mm"": 719, ""Interrupt_flag"": 0, ""Node_type"": ""DDS75-LB"", ""Sensor_flag"": 1, ""TempC_DS18B20"": 32.76}"
2025-09-21 10:05:36.615523901+00:00,dds75-lb-21,2,-30,9.0,"{""Bat"": 3.333, ""Distance_mm"": 719, ""Interrupt_flag"": 0, ""Node_type"": ""DDS75-LB"", ""Sensor_flag"": 1, ""TempC_DS18B20"": 32.76}"
2025-09-21 10:06:36.586987959+00:00,dds75-lb-21,2,-118,-2.5,"{""Bat"": 3.333, ""Distance_mm"": 719, ""Interrupt_flag"": 0, ""Node_type"": ""DDS75-LB"", ""Sensor_flag"": 1, ""TempC_DS18B20"": 32.76}"
2025-09-21 10:07:36.585324119+00:00,dds75-lb-21,2,-33,10.0,"{""Bat"": 3.333, ""Distance_mm"": 719, ""Interrupt_flag"": 0, ""Node_type"": ""DDS75-LB"", ""Sensor_flag"": 1, ""TempC_DS18B20"": 32.76}"
2025-09-21 10:08:36.582524240+00:00,dds75-lb-21,2,-117,-1.25,"{""Bat"": 3.333, ""Distance_mm"": 719, ""Interrupt_flag"": 0, ""Node_type"": ""DDS75-LB"", ""Sensor_flag"": 1, ""TempC_DS18B20"": 32.76}"
2025-09-21 10:09:36.581364355+00:00,dds75-lb-21,2,-35,9.75,"{""Bat"": 3.333, ""Distance_mm"": 719, ""Interrupt_flag"": 0, ""Node_type"": ""DDS75-LB"", ""Sensor_flag"": 1, ""TempC_DS18B20"": 32.76}"
2025-09-21 10:10:36.577009395+00:00,dds75-lb-21,2,-32,10.0,"{""Bat"": 3.333, ""Distance_mm"": 719, ""Interrupt_flag"": 0, ""Node_type"": ""DDS75-LB"", ""Sensor_flag"": 1, ""TempC_DS18B20"": 32.76}"
2025-09-21 10:11:36.533534537+00:00,dds75-lb-21,2,-118,-2.5,"{""Bat"": 3.333, ""Distance_mm"": 719, ""Interrupt_flag"": 0, ""Node_type"": ""DDS75-LB"", ""Sensor_flag"": 1, ""TempC_DS18B20"": 32.76}"
2025-09-21 10:12:36.532483293+00:00,dds75-lb-21,2,-114,0.25,"{""Bat"": 3.333, ""Distance_mm"": 719, ""Interrupt_flag"": 0, ""Node_type"": ""DDS75-LB"", ""Sensor_flag"": 1, ""TempC_DS18B20"": 32.76}"
2025-09-21 10:13:36.530124749+00:00,dds75-lb-21,2,-114,0.25,"{""Bat"": 3.333, ""Distance_mm"": 719, ""Interrupt_flag"": 0, ""Node_type"": ""DDS75-LB"", ""Sensor_flag"": 1, ""TempC_DS18B20"": 32.76}"
2025-09-21 10:14:36.524204990+00:00,dds75-lb-21,2,-113,1.75,"{""Bat"": 3.333, ""Distance_mm"": 719, ""Interrupt_flag"": 0, ""Node_type"": ""DDS75-LB"", ""Sensor_flag"": 1, ""TempC_DS18B20"": 32.76}"
2025-09-21 10:15:36.512194016+00:00,dds75-lb-21,2,-33,9.75,"{""Bat"": 3.333, ""Distance_mm"": 719, ""Interrupt_flag"": 0, ""Node_type"": ""DDS75-LB"", ""Sensor_flag"": 1, ""TempC_DS18B20"": 32.76}"
2025-09-21 10:16:36.504666327+00:00,dds75-lb-21,2,-33,9.25,"{""Bat"": 3.333, ""Distance_mm"": 719, ""Interrupt_flag"": 0, ""Node_type"": ""DDS75-LB"", ""Sensor_flag"": 1, ""TempC_DS18B20"": 32.76}"
2025-09-21 10:17:36.474955297+00:00,dds75-lb-21,2,-30,9.5,"{""Bat"": 3.333, ""Distance_mm"": 719, ""Interrupt_flag"": 0, ""Node_type"": ""DDS75-LB"", ""Sensor_flag"": 1, ""TempC_DS18B20"": 32.76}"
2025-09-21 10:18:36.472480628+00:00,dds75-lb-21,2,-31,7.75,"{""Bat"": 3.333, ""Distance_mm"": 719, ""Interrupt_flag"": 0, ""Node_type"": ""DDS75-LB"", ""Sensor_flag"": 1, ""TempC_DS18B20"": 32.76}"
2025-09-21 10:19:36.461253277+00:00,dds75-lb-21,2,-120,-4.75,"{""Bat"": 3.333, ""Distance_mm"": 719, ""Interrupt_flag"": 0, ""Node_type"": ""DDS75-LB"", ""Sensor_flag"": 1, ""TempC_DS18B20"": 32.76}"
2025-09-21 10:20:36.461611777+00:00,dds75-lb-21,2,-115,-10.25,"{""Bat"": 3.333, ""Distance_mm"": 719, ""Interrupt_flag"": 0, ""Node_type"": ""DDS75-LB"", ""Sensor_flag"": 1, ""TempC_DS18B20"": 32.76}"
2025-09-21 10:21:36.434631439+00:00,dds75-lb-21,2,-33,9.75,"{""Bat"": 3.333, ""Distance_mm"": 719, ""Interrupt_flag"": 0, ""Node_type"": ""DDS75-LB"", ""Sensor_flag"": 1, ""TempC_DS18B20"": 32.76}"
2025-09-21 10:22:36.441342206+00:00,dds75-lb-21,2,-112,3.25,"{""Bat"": 3.333, ""Distance_mm"": 719, ""Interrupt_flag"": 0, ""Node_type"": ""DDS75-LB"", ""Sensor_flag"": 1, ""TempC_DS18B20"": 32.76}"
2025-09-21 10:23:36.424495753+00:00,dds75-lb-21,2,-29,6.0,"{""Bat"": 3.333, ""Distance_mm"": 719, ""Interrupt_flag"": 0, ""Node_type"": ""DDS75-LB"", ""Sensor_flag"": 1, ""TempC_DS18B20"": 32.76}"
2025-09-21 10:24:36.412174819+00:00,dds75-lb-21,2,-33,9.25,"{""Bat"": 3.333, ""Distance_mm"": 719, ""Interrupt_flag"": 0, ""Node_type"": ""DDS75-LB"", ""Sensor_flag"": 1, ""TempC_DS18B20"": 32.76}"
2025-09-21 10:25:36.394637615+00:00,dds75-lb-21,2,-31,8.75,"{""Bat"": 3.333, ""Distance_mm"": 719, ""Interrupt_flag"": 0, ""Node_type"": ""DDS75-LB"", ""Sensor_flag"": 1, ""TempC_DS18B20"": 32.76}"
2025-09-21 10:26:36.386913656+00:00,dds75-lb-21,2,-32,9.5,"{""Bat"": 3.333, ""Distance_mm"": 719, ""Interrupt_flag"": 0, ""Node_type"": ""DDS75-LB"", ""Sensor_flag"": 1, ""TempC_DS18B20"": 32.76}"
2025-09-21 10:27:36.467369413+00:00,dds75-lb-21,2,-119,-2.25,"{""Bat"": 3.333, ""Distance_mm"": 719, ""Interrupt_flag"": 0, ""Node_type"": ""DDS75-LB"", ""Sensor_flag"": 1, ""TempC_DS18B20"": 32.76}"
2025-09-21 10:28:36.372129229+00:00,dds75-lb-21,2,-124,-7.25,"{""Bat"": 3.333, ""Distance_mm"": 719, ""Interrupt_flag"": 0, ""Node_type"": ""DDS75-LB"", ""Sensor_flag"": 1, ""TempC_DS18B20"": 32.76}"
2025-09-21 10:29:36.363090835+00:00,dds75-lb-21,2,-119,-2.75,"{""Bat"": 3.333, ""Distance_mm"": 719, ""Interrupt_flag"": 0, ""Node_type"": ""DDS75-LB"", ""Sensor_flag"": 1, ""TempC_DS18B20"": 32.76}"
2025-09-21 10:30:36.341305573+00:00,dds75-lb-21,2,-117,-1.0,"{""Bat"": 3.333, ""Distance_mm"": 719, ""Interrupt_flag"": 0, ""Node_type"": ""DDS75-LB"", ""Sensor_flag"": 1, ""TempC_DS18B20"": 32.76}"
2025-09-21 10:31:36.326081344+00:00,dds75-lb-21,2,-37,7.5,"{""Bat"": 3.333, ""Distance_mm"": 719, ""Interrupt_flag"": 0, ""Node_type"": ""DDS75-LB"", ""Sensor_flag"": 1, ""TempC_DS18B20"": 32.76}"
2025-09-21 10:32:36.329162476+00:00,dds75-lb-21,2,-117,-0.75,"{""Bat"": 3.333, ""Distance_mm"": 719, ""Interrupt_flag"": 0, ""Node_type"": ""DDS75-LB"", ""Sensor_flag"": 1, ""TempC_DS18B20"": 32.76}"
2025-09-21 10:33:36.309782180+00:00,dds75-lb-21,2,-117,-1.5,"{""Bat"": 3.333, ""Distance_mm"": 719, ""Interrupt_flag"": 0, ""Node_type"": ""DDS75-LB"", ""Sensor_flag"": 1, ""TempC_DS18B20"": 32.76}"
2025-09-21 10:34:36.304951786+00:00,dds75-lb-21,2,-31,6.75,"{""Bat"": 3.333, ""Distance_mm"": 719, ""Interrupt_flag"": 0, ""Node_type"": ""DDS75-LB"", ""Sensor_flag"": 1, ""TempC_DS18B20"": 32.76}"
2025-09-21 10:35:36.283618320+00:00,dds75-lb-21,2,-30,7.0,"{""Bat"": 3.333, ""Distance_mm"": 719, ""Interrupt_flag"": 0, ""Node_type"": ""DDS75-LB"", ""Sensor_flag"": 1, ""TempC_DS18B20"": 32.76}"
2025-09-21 10:36:36.288462441+00:00,dds75-lb-21,2,-118,-1.5,"{""Bat"": 3.333, ""Distance_mm"": 719, ""Interrupt_flag"": 0, ""Node_type"": ""DDS75-LB"", ""Sensor_flag"": 1, ""TempC_DS18B20"": 32.76}"
2025-09-21 10:37:36.301938939+00:00,dds75-lb-21,2,-32,9.0,"{""Bat"": 3.333, ""Distance_mm"": 719, ""Interrupt_flag"": 0, ""Node_type"": ""DDS75-LB"", ""Sensor_flag"": 1, ""TempC_DS18B20"": 32.76}"
2025-09-21 10:38:36.273862573+00:00,dds75-lb-21,2,-33,9.0,"{""Bat"": 3.333, ""Distance_mm"": 719, ""Interrupt_flag"": 0, ""Node_type"": ""DDS75-LB"", ""Sensor_flag"": 1, ""TempC_DS18B20"": 32.76}"
2025-09-21 10:39:36.262368829+00:00,dds75-lb-21,2,-33,9.5,"{""Bat"": 3.333, ""Distance_mm"": 719, ""Interrupt_flag"": 0, ""Node_type"": ""DDS75-LB"", ""Sensor_flag"": 1, ""TempC_DS18B20"": 32.76}"
2025-09-21 10:40:36.252764731+00:00,dds75-lb-21,2,-32,9.5,"{""Bat"": 3.333, ""Distance_mm"": 719, ""Interrupt_flag"": 0, ""Node_type"": ""DDS75-LB"", ""Sensor_flag"": 1, ""TempC_DS18B20"": 32.76}"
2025-09-21 10:41:36.218692490+00:00,dds75-lb-21,2,-118,-1.5,"{""Bat"": 3.333, ""Distance_mm"": 719, ""Interrupt_flag"": 0, ""Node_type"": ""DDS75-LB"", ""Sensor_flag"": 1, ""TempC_DS18B20"": 32.76}"
2025-09-21 10:42:36.233655468+00:00,dds75-lb-21,2,-30,10.0,"{""Bat"": 3.333, ""Distance_mm"": 719, ""Interrupt_flag"": 0, ""Node_type"": ""DDS75-LB"", ""Sensor_flag"": 1, ""TempC_DS18B20"": 32.76}"
2025-09-21 10:43:36.199697006+00:00,dds75-lb-21,2,-118,-2.75,"{""Bat"": 3.333, ""Distance_mm"": 719, ""Interrupt_flag"": 0, ""Node_type"": ""DDS75-LB"", ""Sensor_flag"": 1, ""TempC_DS18B20"": 32.76}"
2025-09-21 10:44:36.212664761+00:00,dds75-lb-21,2,-31,6.5,"{""Bat"": 3.333, ""Distance_mm"": 719, ""Interrupt_flag"": 0, ""Node_type"": ""DDS75-LB"", ""Sensor_flag"": 1, ""TempC_DS18B20"": 32.76}"
2025-09-21 10:45:36.188824246+00:00,dds75-lb-21,2,-117,-1.75,"{""Bat"": 3.333, ""Distance_mm"": 719, ""Interrupt_flag"": 0, ""Node_type"": ""DDS75-LB"", ""Sensor_flag"": 1, ""TempC_DS18B20"": 32.76}"
2025-09-21 10:46:36.182544110+00:00,dds75-lb-21,2,-33,11.0,"{""Bat"": 3.333, ""Distance_mm"": 719, ""Interrupt_flag"": 0, ""Node_type"": ""DDS75-LB"", ""Sensor_flag"": 1, ""TempC_DS18B20"": 32.76}"
2025-09-21 10:47:36.174631692+00:00,dds75-lb-21,2,-33,10.0,"{""Bat"": 3.333, ""Distance_mm"": 719, ""Interrupt_flag"": 0, ""Node_type"": ""DDS75-LB"", ""Sensor_flag"": 1, ""TempC_DS18B20"": 32.76}"
2025-09-21 10:48:36.168921716+00:00,dds75-lb-21,2,-118,-4.5,"{""Bat"": 3.333, ""Distance_mm"": 719, ""Interrupt_flag"": 0, ""Node_type"": ""DDS75-LB"", ""Sensor_flag"": 1, ""TempC_DS18B20"": 32.76}"
2025-09-21 10:49:36.161124931+00:00,dds75-lb-21,2,-33,9.25,"{""Bat"": 3.333, ""Distance_mm"": 719, ""Interrupt_flag"": 0, ""Node_type"": ""DDS75-LB"", ""Sensor_flag"": 1, ""TempC_DS18B20"": 32.76}"
2025-09-21 10:50:36.143170785+00:00,dds75-lb-21,2,-32,7.25,"{""Bat"": 3.333, ""Distance_mm"": 719, ""Interrupt_flag"": 0, ""Node_type"": ""DDS75-LB"", ""Sensor_flag"": 1, ""TempC_DS18B20"": 32.76}"
2025-09-21 10:51:36.139606557+00:00,dds75-lb-21,2,-32,10.5,"{""Bat"": 3.333, ""Distance_mm"": 719, ""Interrupt_flag"": 0, ""Node_type"": ""DDS75-LB"", ""Sensor_flag"": 1, ""TempC_DS18B20"": 32.76}"
2025-09-21 10:52:36.138200219+00:00,dds75-lb-21,2,-33,10.25,"{""Bat"": 3.333, ""Distance_mm"": 719, ""Interrupt_flag"": 0, ""Node_type"": ""DDS75-LB"", ""Sensor_flag"": 1, ""TempC_DS18B20"": 32.76}"
2025-09-21 10:53:36.112714573+00:00,dds75-lb-21,2,-30,10.5,"{""Bat"": 3.333, ""Distance_mm"": 719, ""Interrupt_flag"": 0, ""Node_type"": ""DDS75-LB"", ""Sensor_flag"": 1, ""TempC_DS18B20"": 32.76}"
2025-09-21 10:54:36.083244692+00:00,dds75-lb-21,2,-35,10.0,"{""Bat"": 3.333, ""Distance_mm"": 719, ""Interrupt_flag"": 0, ""Node_type"": ""DDS75-LB"", ""Sensor_flag"": 1, ""TempC_DS18B20"": 32.76}"
2025-09-21 10:55:36.094550176+00:00,dds75-lb-21,2,-33,9.0,"{""Bat"": 3.333, ""Distance_mm"": 719, ""Interrupt_flag"": 0, ""Node_type"": ""DDS75-LB"", ""Sensor_flag"": 1, ""TempC_DS18B20"": 32.76}"
2025-09-21 10:56:36.105210772+00:00,dds75-lb-21,2,-33,9.75,"{""Bat"": 3.333, ""Distance_mm"": 719, ""Interrupt_flag"": 0, ""Node_type"": ""DDS75-LB"", ""Sensor_flag"": 1, ""TempC_DS18B20"": 32.76}"
2025-09-21 10:57:36.064501038+00:00,dds75-lb-21,2,-31,8.75,"{""Bat"": 3.333, ""Distance_mm"": 719, ""Interrupt_flag"": 0, ""Node_type"": ""DDS75-LB"", ""Sensor_flag"": 1, ""TempC_DS18B20"": 32.76}"
2025-09-21 10:58:36.061326661+00:00,dds75-lb-21,2,-113,2.25,"{""Bat"": 3.333, ""Distance_mm"": 719, ""Interrupt_flag"": 0, ""Node_type"": ""DDS75-LB"", ""Sensor_flag"": 1, ""TempC_DS18B20"": 32.76}"
2025-09-21 10:59:36.042337411+00:00,dds75-lb-21,2,-32,7.75,"{""Bat"": 3.333, ""Distance_mm"": 719, ""Interrupt_flag"": 0, ""Node_type"": ""DDS75-LB"", ""Sensor_flag"": 1, ""TempC_DS18B20"": 32.76}"
2025-09-21 11:00:36.041283598+00:00,dds75-lb-21,2,-117,-0.25,"{""Bat"": 3.333, ""Distance_mm"": 719, ""Interrupt_flag"": 0, ""Node_type"": ""DDS75-LB"", ""Sensor_flag"": 1, ""TempC_DS18B20"": 32.76}"
2025-09-21 11:01:36.023062804+00:00,dds75-lb-21,2,-32,9.0,"{""Bat"": 3.333, ""Distance_mm"": 719, ""Interrupt_flag"": 0, ""Node_type"": ""DDS75-LB"", ""Sensor_flag"": 1, ""TempC_DS18B20"": 32.76}"
2025-09-21 11:02:36.013082355+00:00,dds75-lb-21,2,-35,9.25,"{""Bat"": 3.333, ""Distance_mm"": 719, ""Interrupt_flag"": 0, ""Node_type"": ""DDS75-LB"", ""Sensor_flag"": 1, ""TempC_DS18B20"": 32.76}"
2025-09-21 11:03:36.015791730+00:00,dds75-lb-21,2,-115,-0.75,"{""Bat"": 3.333, ""Distance_mm"": 719, ""Interrupt_flag"": 0, ""Node_type"": ""DDS75-LB"", ""Sensor_flag"": 1, ""TempC_DS18B20"": 32.76}"
2025-09-21 11:04:35.995001233+00:00,dds75-lb-21,2,-33,9.75,"{""Bat"": 3.333, ""Distance_mm"": 719, ""Interrupt_flag"": 0, ""Node_type"": ""DDS75-LB"", ""Sensor_flag"": 1, ""TempC_DS18B20"": 32.76}"
2025-09-21 11:05:35.982983636+00:00,dds75-lb-21,2,-31,9.0,"{""Bat"": 3.333, ""Distance_mm"": 719, ""Interrupt_flag"": 0, ""Node_type"": ""DDS75-LB"", ""Sensor_flag"": 1, ""TempC_DS18B20"": 32.76}"
2025-09-21 11:06:35.965170893+00:00,dds75-lb-21,2,-118,-2.75,"{""Bat"": 3.333, ""Distance_mm"": 719, ""Interrupt_flag"": 0, ""Node_type"": ""DDS75-LB"", ""Sensor_flag"": 1, ""TempC_DS18B20"": 32.76}"
2025-09-21 11:07:35.968910721+00:00,dds75-lb-21,2,-117,-2.25,"{""Bat"": 3.333, ""Distance_mm"": 719, ""Interrupt_flag"": 0, ""Node_type"": ""DDS75-LB"", ""Sensor_flag"": 1, ""TempC_DS18B20"": 32.76}"
2025-09-21 11:08:35.944637136+00:00,dds75-lb-21,2,-114,0.5,"{""Bat"": 3.333, ""Distance_mm"": 719, ""Interrupt_flag"": 0, ""Node_type"": ""DDS75-LB"", ""Sensor_flag"": 1, ""TempC_DS18B20"": 32.76}"
2025-09-21 11:09:35.936735325+00:00,dds75-lb-21,2,-33,9.75,"{""Bat"": 3.333, ""Distance_mm"": 719, ""Interrupt_flag"": 0, ""Node_type"": ""DDS75-LB"", ""Sensor_flag"": 1, ""TempC_DS18B20"": 32.76}"
2025-09-21 11:10:35.920526821+00:00,dds75-lb-21,2,-35,9.5,"{""Bat"": 3.333, ""Distance_mm"": 719, ""Interrupt_flag"": 0, ""Node_type"": ""DDS75-LB"", ""Sensor_flag"": 1, ""TempC_DS18B20"": 32.76}"
2025-09-21 11:11:35.925388924+00:00,dds75-lb-21,2,-33,9.25,"{""Bat"": 3.333, ""Distance_mm"": 719, ""Interrupt_flag"": 0, ""Node_type"": ""DDS75-LB"", ""Sensor_flag"": 1, ""TempC_DS18B20"": 32.76}"
2025-09-21 11:12:35.912393971+00:00,dds75-lb-21,2,-33,11.75,"{""Bat"": 3.333, ""Distance_mm"": 719, ""Interrupt_flag"": 0, ""Node_type"": ""DDS75-LB"", ""Sensor_flag"": 1, ""TempC_DS18B20"": 32.76}"
2025-09-21 11:13:35.897846415+00:00,dds75-lb-21,2,-115,,"{""Bat"": 3.333, ""Distance_mm"": 719, ""Interrupt_flag"": 0, ""Node_type"": ""DDS75-LB"", ""Sensor_flag"": 1, ""TempC_DS18B20"": 32.76}"
2025-09-21 11:14:35.896964459+00:00,dds75-lb-21,2,-32,9.5,"{""Bat"": 3.333, ""Distance_mm"": 719, ""Interrupt_flag"": 0, ""Node_type"": ""DDS75-LB"", ""Sensor_flag"": 1, ""TempC_DS18B20"": 32.76}"
2025-09-21 11:15:35.870035211+00:00,dds75-lb-21,2,-118,-1.75,"{""Bat"": 3.333, ""Distance_mm"": 719, ""Interrupt_flag"": 0, ""Node_type"": ""DDS75-LB"", ""Sensor_flag"": 1, ""TempC_DS18B20"": 32.76}"
2025-09-21 11:16:35.877318915+00:00,dds75-lb-21,2,-33,7.25,"{""Bat"": 3.333, ""Distance_mm"": 719, ""Interrupt_flag"": 0, ""Node_type"": ""DDS75-LB"", ""Sensor_flag"": 1, ""TempC_DS18B20"": 32.76}"
2025-09-21 11:17:35.860887423+00:00,dds75-lb-21,2,-119,-3.5,"{""Bat"": 3.333, ""Distance_mm"": 719, ""Interrupt_flag"": 0, ""Node_type"": ""DDS75-LB"", ""Sensor_flag"": 1, ""TempC_DS18B20"": 32.76}"
2025-09-21 11:18:35.850272113+00:00,dds75-lb-21,2,-117,-1.25,"{""Bat"": 3.333, ""Distance_mm"": 719, ""Interrupt_flag"": 0, ""Node_type"": ""DDS75-LB"", ""Sensor_flag"": 1, ""TempC_DS18B20"": 32.76}"
2025-09-21 11:19:35.839815322+00:00,dds75-lb-21,2,-33,9.25,"{""Bat"": 3.333, ""Distance_mm"": 719, ""Interrupt_flag"": 0, ""Node_type"": ""DDS75-LB"", ""Sensor_flag"": 1, ""TempC_DS18B20"": 32.76}"
2025-09-21 11:20:35.834527208+00:00,dds75-lb-21,2,-33,9.25,"{""Bat"": 3.333, ""Distance_mm"": 719, ""Interrupt_flag"": 0, ""Node_type"": ""DDS75-LB"", ""Sensor_flag"": 1, ""TempC_DS18B20"": 32.76}"
2025-09-21 11:21:35.811638855+00:00,dds75-lb-21,2,-35,10.25,"{""Bat"": 3.333, ""Distance_mm"": 719, ""Interrupt_flag"": 0, ""Node_type"": ""DDS75-LB"", ""Sensor_flag"": 1, ""TempC_DS18B20"": 32.76}"
2025-09-21 11:22:35.809139597+00:00,dds75-lb-21,2,-33,9.5,"{""Bat"": 3.333, ""Distance_mm"": 719, ""Interrupt_flag"": 0, ""Node_type"": ""DDS75-LB"", ""Sensor_flag"": 1, ""TempC_DS18B20"": 32.76}"
2025-09-21 11:23:35.794263348+00:00,dds75-lb-21,2,-31,7.75,"{""Bat"": 3.333, ""Distance_mm"": 719, ""Interrupt_flag"": 0, ""Node_type"": ""DDS75-LB"", ""Sensor_flag"": 1, ""TempC_DS18B20"": 32.76}"
2025-09-21 11:24:35.795122582+00:00,dds75-lb-21,2,-32,9.25,"{""Bat"": 3.333, ""Distance_mm"": 719, ""Interrupt_flag"": 0, ""Node_type"": ""DDS75-LB"", ""Sensor_flag"": 1, ""TempC_DS18B20"": 32.76}"
2025-09-21 11:25:35.762986985+00:00,dds75-lb-21,2,-31,9.5,"{""Bat"": 3.333, ""Distance_mm"": 719, ""Interrupt_flag"": 0, ""Node_type"": ""DDS75-LB"", ""Sensor_flag"": 1, ""TempC_DS18B20"": 32.76}"
2025-09-21 11:26:35.782426805+00:00,dds75-lb-21,2,-33,10.0,"{""Bat"": 3.333, ""Distance_mm"": 719, ""Interrupt_flag"": 0, ""Node_type"": ""DDS75-LB"", ""Sensor_flag"": 1, ""TempC_DS18B20"": 32.76}"
2025-09-21 11:27:35.807577045+00:00,dds75-lb-21,2,-32,7.0,"{""Bat"": 3.333, ""Distance_mm"": 719, ""Interrupt_flag"": 0, ""Node_type"": ""DDS75-LB"", ""Sensor_flag"": 1, ""TempC_DS18B20"": 32.76}"
2025-09-21 11:28:35.735844808+00:00,dds75-lb-21,2,-30,9.25,"{""Bat"": 3.333, ""Distance_mm"": 719, ""Interrupt_flag"": 0, ""Node_type"": ""DDS75-LB"", ""Sensor_flag"": 1, ""TempC_DS18B20"": 32.76}"
2025-09-21 11:29:35.733030319+00:00,dds75-lb-21,2,-32,8.5,"{""Bat"": 3.333, ""Distance_mm"": 719, ""Interrupt_flag"": 0, ""Node_type"": ""DDS75-LB"", ""Sensor_flag"": 1, ""TempC_DS18B20"": 32.76}"
2025-09-21 11:30:35.724388176+00:00,dds75-lb-21,2,-32,10.25,"{""Bat"": 3.333, ""Distance_mm"": 719, ""Interrupt_flag"": 0, ""Node_type"": ""DDS75-LB"", ""Sensor_flag"": 1, ""TempC_DS18B20"": 32.76}"
2025-09-21 11:31:35.702610263+00:00,dds75-lb-21,2,-31,9.0,"{""Bat"": 3.333, ""Distance_mm"": 719, ""Interrupt_flag"": 0, ""Node_type"": ""DDS75-LB"", ""Sensor_flag"": 1, ""TempC_DS18B20"": 32.76}"
2025-09-21 11:32:35.686806909+00:00,dds75-lb-21,2,-27,7.25,"{""Bat"": 3.333, ""Distance_mm"": 719, ""Interrupt_flag"": 0, ""Node_type"": ""DDS75-LB"", ""Sensor_flag"": 1, ""TempC_DS18B20"": 32.76}"
2025-09-21 11:33:35.689827703+00:00,dds75-lb-21,2,-113,2.5,"{""Bat"": 3.333, ""Distance_mm"": 719, ""Interrupt_flag"": 0, ""Node_type"": ""DDS75-LB"", ""Sensor_flag"": 1, ""TempC_DS18B20"": 32.76}"
2025-09-21 11:34:35.683449998+00:00,dds75-lb-21,2,-35,10.0,"{""Bat"": 3.333, ""Distance_mm"": 719, ""Interrupt_flag"": 0, ""Node_type"": ""DDS75-LB"", ""Sensor_flag"": 1, ""TempC_DS18B20"": 32.76}"
2025-09-21 11:35:35.674314209+00:00,dds75-lb-21,2,-31,9.25,"{""Bat"": 3.333, ""Distance_mm"": 719, ""Interrupt_flag"": 0, ""Node_type"": ""DDS75-LB"", ""Sensor_flag"": 1, ""TempC_DS18B20"": 32.76}"
2025-09-21 11:36:35.662589823+00:00,dds75-lb-21,2,-33,10.25,"{""Bat"": 3.333, ""Distance_mm"": 719, ""Interrupt_flag"": 0, ""Node_type"": ""DDS75-LB"", ""Sensor_flag"": 1, ""TempC_DS18B20"": 32.76}"
2025-09-21 11:37:35.658796626+00:00,dds75-lb-21,2,-116,-0.5,"{""Bat"": 3.333, ""Distance_mm"": 719, ""Interrupt_flag"": 0, ""Node_type"": ""DDS75-LB"", ""Sensor_flag"": 1, ""TempC_DS18B20"": 32.76}"
2025-09-21 11:38:35.636220695+00:00,dds75-lb-21,2,-30,7.75,"{""Bat"": 3.333, ""Distance_mm"": 719, ""Interrupt_flag"": 0, ""Node_type"": ""DDS75-LB"", ""Sensor_flag"": 1, ""TempC_DS18B20"": 32.76}"
2025-09-21 11:39:35.632768554+00:00,dds75-lb-21,2,-32,7.5,"{""Bat"": 3.333, ""Distance_mm"": 719, ""Interrupt_flag"": 0, ""Node_type"": ""DDS75-LB"", ""Sensor_flag"": 1, ""TempC_DS18B20"": 32.76}"
2025-09-21 11:40:35.611691346+00:00,dds75-lb-21,2,-33,10.5,"{""Bat"": 3.333, ""Distance_mm"": 719, ""Interrupt_flag"": 0, ""Node_type"": ""DDS75-LB"", ""Sensor_flag"": 1, ""TempC_DS18B20"": 32.76}"
2025-09-21 11:41:35.613437958+00:00,dds75-lb-21,2,-33,10.5,"{""Bat"": 3.333, ""Distance_mm"": 719, ""Interrupt_flag"": 0, ""Node_type"": ""DDS75-LB"", ""Sensor_flag"": 1, ""TempC_DS18B20"": 32.76}"
2025-09-21 11:42:35.587019544+00:00,dds75-lb-21,2,-118,-2.75,"{""Bat"": 3.333, ""Distance_mm"": 719, ""Interrupt_flag"": 0, ""Node_type"": ""DDS75-LB"", ""Sensor_flag"": 1, ""TempC_DS18B20"": 32.76}"
2025-09-21 11:43:35.581536474+00:00,dds75-lb-21,2,-116,-1.25,"{""Bat"": 3.333, ""Distance_mm"": 719, ""Interrupt_flag"": 0, ""Node_type"": ""DDS75-LB"", ""Sensor_flag"": 1, ""TempC_DS18B20"": 32.76}"
2025-09-21 11:44:35.566808732+00:00,dds75-lb-21,2,-32,9.5,"{""Bat"": 3.333, ""Distance_mm"": 719, ""Interrupt_flag"": 0, ""Node_type"": ""DDS75-LB"", ""Sensor_flag"": 1, ""TempC_DS18B20"": 32.76}"
2025-09-21 11:45:35.541587368+00:00,dds75-lb-21,2,-117,-0.75,"{""Bat"": 3.333, ""Distance_mm"": 719, ""Interrupt_flag"": 0, ""Node_type"": ""DDS75-LB"", ""Sensor_flag"": 1, ""TempC_DS18B20"": 32.76}"
2025-09-21 11:46:35.562639598+00:00,dds75-lb-21,2,-32,7.75,"{""Bat"": 3.333, ""Distance_mm"": 719, ""Interrupt_flag"": 0, ""Node_type"": ""DDS75-LB"", ""Sensor_flag"": 1, ""TempC_DS18B20"": 32.76}"
2025-09-21 11:47:35.553540724+00:00,dds75-lb-21,2,-31,7.0,"{""Bat"": 3.333, ""Distance_mm"": 719, ""Interrupt_flag"": 0, ""Node_type"": ""DDS75-LB"", ""Sensor_flag"": 1, ""TempC_DS18B20"": 32.76}"
2025-09-21 11:48:35.534869712+00:00,dds75-lb-21,2,-115,,"{""Bat"": 3.333, ""Distance_mm"": 719, ""Interrupt_flag"": 0, ""Node_type"": ""DDS75-LB"", ""Sensor_flag"": 1, ""TempC_DS18B20"": 32.76}"
2025-09-21 11:49:35.534861278+00:00,dds75-lb-21,2,-32,8.5,"{""Bat"": 3.333, ""Distance_mm"": 719, ""Interrupt_flag"": 0, ""Node_type"": ""DDS75-LB"", ""Sensor_flag"": 1, ""TempC_DS18B20"": 32.76}"
2025-09-21 11:50:35.506917774+00:00,dds75-lb-21,2,-114,1.5,"{""Bat"": 3.333, ""Distance_mm"": 719, ""Interrupt_flag"": 0, ""Node_type"": ""DDS75-LB"", ""Sensor_flag"": 1, ""TempC_DS18B20"": 32.76}"
2025-09-21 11:51:35.503464662+00:00,dds75-lb-21,2,-31,8.5,"{""Bat"": 3.333, ""Distance_mm"": 719, ""Interrupt_flag"": 0, ""Node_type"": ""DDS75-LB"", ""Sensor_flag"": 1, ""TempC_DS18B20"": 32.76}"
2025-09-21 11:52:35.491611900+00:00,dds75-lb-21,2,-114,2.25,"{""Bat"": 3.333, ""Distance_mm"": 719, ""Interrupt_flag"": 0, ""Node_type"": ""DDS75-LB"", ""Sensor_flag"": 1, ""TempC_DS18B20"": 32.76}"
2025-09-21 11:53:35.482315506+00:00,dds75-lb-21,2,-114,2.0,"{""Bat"": 3.333, ""Distance_mm"": 719, ""Interrupt_flag"": 0, ""Node_type"": ""DDS75-LB"", ""Sensor_flag"": 1, ""TempC_DS18B20"": 32.76}"
2025-09-21 11:54:35.459356295+00:00,dds75-lb-21,2,-115,0.5,"{""Bat"": 3.333, ""Distance_mm"": 719, ""Interrupt_flag"": 0, ""Node_type"": ""DDS75-LB"", ""Sensor_flag"": 1, ""TempC_DS18B20"": 32.76}"
2025-09-21 11:55:35.449714678+00:00,dds75-lb-21,2,-116,-1.75,"{""Bat"": 3.333, ""Distance_mm"": 719, ""Interrupt_flag"": 0, ""Node_type"": ""DDS75-LB"", ""Sensor_flag"": 1, ""TempC_DS18B20"": 32.76}"
2025-09-21 11:56:35.442571680+00:00,dds75-lb-21,2,-33,10.25,"{""Bat"": 3.333, ""Distance_mm"": 719, ""Interrupt_flag"": 0, ""Node_type"": ""DDS75-LB"", ""Sensor_flag"": 1, ""TempC_DS18B20"": 32.76}"
2025-09-21 11:57:35.432506395+00:00,dds75-lb-21,2,-33,10.25,"{""Bat"": 3.333, ""Distance_mm"": 719, ""Interrupt_flag"": 0, ""Node_type"": ""DDS75-LB"", ""Sensor_flag"": 1, ""TempC_DS18B20"": 32.76}"
2025-09-21 11:58:35.434650463+00:00,dds75-lb-21,2,-33,8.5,"{""Bat"": 3.333, ""Distance_mm"": 719, ""Interrupt_flag"": 0, ""Node_type"": ""DDS75-LB"", ""Sensor_flag"": 1, ""TempC_DS18B20"": 32.76}"
2025-09-21 11:59:35.419681478+00:00,dds75-lb-21,2,-115,0.5,"{""Bat"": 3.333, ""Distance_mm"": 719, ""Interrupt_flag"": 0, ""Node_type"": ""DDS75-LB"", ""Sensor_flag"": 1, ""TempC_DS18B20"": 32.76}"
2025-09-21 12:00:35.401250896+00:00,dds75-lb-21,2,-115,1.0,"{""Bat"": 3.333, ""Distance_mm"": 719, ""Interrupt_flag"": 0, ""Node_type"": ""DDS75-LB"", ""Sensor_flag"": 1, ""TempC_DS18B20"": 32.76}"
2025-09-21 12:01:35.385030152+00:00,dds75-lb-21,2,-113,2.25,"{""Bat"": 3.333, ""Distance_mm"": 719, ""Interrupt_flag"": 0, ""Node_type"": ""DDS75-LB"", ""Sensor_flag"": 1, ""TempC_DS18B20"": 32.76}"
2025-09-21 12:02:35.394800063+00:00,dds75-lb-21,2,-29,7.75,"{""Bat"": 3.333, ""Distance_mm"": 719, ""Interrupt_flag"": 0, ""Node_type"": ""DDS75-LB"", ""Sensor_flag"": 1, ""TempC_DS18B20"": 32.76}"
2025-09-21 12:03:35.368649888+00:00,dds75-lb-21,2,-112,1.75,"{""Bat"": 3.333, ""Distance_mm"": 719, ""Interrupt_flag"": 0, ""Node_type"": ""DDS75-LB"", ""Sensor_flag"": 1, ""TempC_DS18B20"": 32.76}"
2025-09-21 12:04:35.381143955+00:00,dds75-lb-21,2,-33,10.25,"{""Bat"": 3.333, ""Distance_mm"": 719, ""Interrupt_flag"": 0, ""Node_type"": ""DDS75-LB"", ""Sensor_flag"": 1, ""TempC_DS18B20"": 32.76}"
2025-09-21 12:05:35.352487155+00:00,dds75-lb-21,2,-33,10.25,"{""Bat"": 3.333, ""Distance_mm"": 719, ""Interrupt_flag"": 0, ""Node_type"": ""DDS75-LB"", ""Sensor_flag"": 1, ""TempC_DS18B20"": 32.76}"
2025-09-21 12:06:35.331557667+00:00,dds75-lb-21,2,-33,8.75,"{""Bat"": 3.333, ""Distance_mm"": 719, ""Interrupt_flag"": 0, ""Node_type"": ""DDS75-LB"", ""Sensor_flag"": 1, ""TempC_DS18B20"": 32.76}"
2025-09-21 12:07:35.339173132+00:00,dds75-lb-21,2,-115,-1.75,"{""Bat"": 3.333, ""Distance_mm"": 719, ""Interrupt_flag"": 0, ""Node_type"": ""DDS75-LB"", ""Sensor_flag"": 1, ""TempC_DS18B20"": 32.76}"
2025-09-21 12:08:35.314399505+00:00,dds75-lb-21,2,-33,9.25,"{""Bat"": 3.333, ""Distance_mm"": 719, ""Interrupt_flag"": 0, ""Node_type"": ""DDS75-LB"", ""Sensor_flag"": 1, ""TempC_DS18B20"": 32.76}"
2025-09-21 12:09:35.313793984+00:00,dds75-lb-21,2,-33,9.75,"{""Bat"": 3.333, ""Distance_mm"": 719, ""Interrupt_flag"": 0, ""Node_type"": ""DDS75-LB"", ""Sensor_flag"": 1, ""TempC_DS18B20"": 32.76}"
2025-09-21 12:10:35.312137863+00:00,dds75-lb-21,2,-30,9.75,"{""Bat"": 3.333, ""Distance_mm"": 719, ""Interrupt_flag"": 0, ""Node_type"": ""DDS75-LB"", ""Sensor_flag"": 1, ""TempC_DS18B20"": 32.76}"
2025-09-21 12:11:35.300207837+00:00,dds75-lb-21,2,-30,9.5,"{""Bat"": 3.333, ""Distance_mm"": 719, ""Interrupt_flag"": 0, ""Node_type"": ""DDS75-LB"", ""Sensor_flag"": 1, ""TempC_DS18B20"": 32.76}"
2025-09-21 12:12:35.269261922+00:00,dds75-lb-21,2,-120,-5.0,"{""Bat"": 3.333, ""Distance_mm"": 719, ""Interrupt_flag"": 0, ""Node_type"": ""DDS75-LB"", ""Sensor_flag"": 1, ""TempC_DS18B20"": 32.76}"
2025-09-21 12:13:35.255398478+00:00,dds75-lb-21,2,-33,9.75,"{""Bat"": 3.333, ""Distance_mm"": 719, ""Interrupt_flag"": 0, ""Node_type"": ""DDS75-LB"", ""Sensor_flag"": 1, ""TempC_DS18B20"": 32.76}"
2025-09-21 12:14:35.252232520+00:00,dds75-lb-21,2,-33,10.25,"{""Bat"": 3.333, ""Distance_mm"": 719, ""Interrupt_flag"": 0, ""Node_type"": ""DDS75-LB"", ""Sensor_flag"": 1, ""TempC_DS18B20"": 32.76}"
2025-09-21 12:15:35.242916393+00:00,dds75-lb-21,2,-33,9.25,"{""Bat"": 3.333, ""Distance_mm"": 719, ""Interrupt_flag"": 0, ""Node_type"": ""DDS75-LB"", ""Sensor_flag"": 1, ""TempC_DS18B20"": 32.76}"
2025-09-21 12:16:35.235723674+00:00,dds75-lb-21,2,-32,9.75,"{""Bat"": 3.333, ""Distance_mm"": 719, ""Interrupt_flag"": 0, ""Node_type"": ""DDS75-LB"", ""Sensor_flag"": 1, ""TempC_DS18B20"": 32.76}"
2025-09-21 12:17:35.221932654+00:00,dds75-lb-21,2,-114,2.25,"{""Bat"": 3.333, ""Distance_mm"": 719, ""Interrupt_flag"": 0, ""Node_type"": ""DDS75-LB"", ""Sensor_flag"": 1, ""TempC_DS18B20"": 32.76}"
2025-09-21 12:18:35.206986529+00:00,dds75-lb-21,2,-124,-7.75,"{""Bat"": 3.333, ""Distance_mm"": 719, ""Interrupt_flag"": 0, ""Node_type"": ""DDS75-LB"", ""Sensor_flag"": 1, ""TempC_DS18B20"": 32.76}"
2025-09-21 12:19:35.201909020+00:00,dds75-lb-21,2,-32,9.25,"{""Bat"": 3.333, ""Distance_mm"": 719, ""Interrupt_flag"": 0, ""Node_type"": ""DDS75-LB"", ""Sensor_flag"": 1, ""TempC_DS18B20"": 32.76}"
2025-09-21 12:20:35.209822437+00:00,dds75-lb-21,2,-35,9.75,"{""Bat"": 3.333, ""Distance_mm"": 719, ""Interrupt_flag"": 0, ""Node_type"": ""DDS75-LB"", ""Sensor_flag"": 1, ""TempC_DS18B20"": 32.76}"
2025-09-21 12:21:35.186546218+00:00,dds75-lb-21,2,-32,9.25,"{""Bat"": 3.333, ""Distance_mm"": 719, ""Interrupt_flag"": 0, ""Node_type"": ""DDS75-LB"", ""Sensor_flag"": 1, ""TempC_DS18B20"": 32.76}"
2025-09-21 12:22:35.158351557+00:00,dds75-lb-21,2,-33,8.75,"{""Bat"": 3.333, ""Distance_mm"": 719, ""Interrupt_flag"": 0, ""Node_type"": ""DDS75-LB"", ""Sensor_flag"": 1, ""TempC_DS18B20"": 32.76}"
2025-09-21 12:23:35.160917159+00:00,dds75-lb-21,2,-115,,"{""Bat"": 3.333, ""Distance_mm"": 719, ""Interrupt_flag"": 0, ""Node_type"": ""DDS75-LB"", ""Sensor_flag"": 1, ""TempC_DS18B20"": 32.76}"
2025-09-21 12:24:35.133909932+00:00,dds75-lb-21,2,-113,-1.25,"{""Bat"": 3.333, ""Distance_mm"": 719, ""Interrupt_flag"": 0, ""Node_type"": ""DDS75-LB"", ""Sensor_flag"": 1, ""TempC_DS18B20"": 32.76}"
2025-09-21 12:25:35.135012812+00:00,dds75-lb-21,2,-117,-1.5,"{""Bat"": 3.333, ""Distance_mm"": 719, ""Interrupt_flag"": 0, ""Node_type"": ""DDS75-LB"", ""Sensor_flag"": 1, ""TempC_DS18B20"": 32.76}"
2025-09-21 12:26:35.119551825+00:00,dds75-lb-21,2,-124,-7.75,"{""Bat"": 3.333, ""Distance_mm"": 719, ""Interrupt_flag"": 0, ""Node_type"": ""DDS75-LB"", ""Sensor_flag"": 1, ""TempC_DS18B20"": 32.76}"
2025-09-21 12:27:35.137382695+00:00,dds75-lb-21,2,-32,7.25,"{""Bat"": 3.333, ""Distance_mm"": 719, ""Interrupt_flag"": 0, ""Node_type"": ""DDS75-LB"", ""Sensor_flag"": 1, ""TempC_DS18B20"": 32.76}"
2025-09-21 12:28:35.096054370+00:00,dds75-lb-21,2,-33,10.25,"{""Bat"": 3.333, ""Distance_mm"": 719, ""Interrupt_flag"": 0, ""Node_type"": ""DDS75-LB"", ""Sensor_flag"": 1, ""TempC_DS18B20"": 32.76}"
2025-09-21 12:29:35.089965558+00:00,dds75-lb-21,2,-114,1.5,"{""Bat"": 3.333, ""Distance_mm"": 719, ""Interrupt_flag"": 0, ""Node_type"": ""DDS75-LB"", ""Sensor_flag"": 1, ""TempC_DS18B20"": 32.76}"
2025-09-21 12:30:35.084439082+00:00,dds75-lb-21,2,-115,1.0,"{""Bat"": 3.333, ""Distance_mm"": 719, ""Interrupt_flag"": 0, ""Node_type"": ""DDS75-LB"", ""Sensor_flag"": 1, ""TempC_DS18B20"": 32.76}"
2025-09-21 12:31:35.068372642+00:00,dds75-lb-21,2,-117,-1.5,"{""Bat"": 3.333, ""Distance_mm"": 719, ""Interrupt_flag"": 0, ""Node_type"": ""DDS75-LB"", ""Sensor_flag"": 1, ""TempC_DS18B20"": 32.76}"
2025-09-21 12:32:35.078226209+00:00,dds75-lb-21,2,-33,11.0,"{""Bat"": 3.333, ""Distance_mm"": 719, ""Interrupt_flag"": 0, ""Node_type"": ""DDS75-LB"", ""Sensor_flag"": 1, ""TempC_DS18B20"": 32.76}"
2025-09-21 12:33:35.053458842+00:00,dds75-lb-21,2,-33,9.25,"{""Bat"": 3.333, ""Distance_mm"": 719, ""Interrupt_flag"": 0, ""Node_type"": ""DDS75-LB"", ""Sensor_flag"": 1, ""TempC_DS18B20"": 32.76}"
2025-09-21 12:34:35.039794878+00:00,dds75-lb-21,2,-114,-6.75,"{""Bat"": 3.333, ""Distance_mm"": 719, ""Interrupt_flag"": 0, ""Node_type"": ""DDS75-LB"", ""Sensor_flag"": 1, ""TempC_DS18B20"": 32.76}"
2025-09-21 12:35:35.025902694+00:00,dds75-lb-21,2,-31,9.75,"{""Bat"": 3.333, ""Distance_mm"": 719, ""Interrupt_flag"": 0, ""Node_type"": ""DDS75-LB"", ""Sensor_flag"": 1, ""TempC_DS18B20"": 32.76}"
2025-09-21 12:36:35.017081383+00:00,dds75-lb-21,2,-117,-2.25,"{""Bat"": 3.333, ""Distance_mm"": 719, ""Interrupt_flag"": 0, ""Node_type"": ""DDS75-LB"", ""Sensor_flag"": 1, ""TempC_DS18B20"": 32.76}"
2025-09-21 12:37:35.008418814+00:00,dds75-lb-21,2,-32,9.5,"{""Bat"": 3.333, ""Distance_mm"": 719, ""Interrupt_flag"": 0, ""Node_type"": ""DDS75-LB"", ""Sensor_flag"": 1, ""TempC_DS18B20"": 32.76}"
2025-09-21 12:38:35.007643060+00:00,dds75-lb-21,2,-33,9.5,"{""Bat"": 3.333, ""Distance_mm"": 719, ""Interrupt_flag"": 0, ""Node_type"": ""DDS75-LB"", ""Sensor_flag"": 1, ""TempC_DS18B20"": 32.76}"
2025-09-21 12:39:35.009568690+00:00,dds75-lb-21,2,-32,10.25,"{""Bat"": 3.333, ""Distance_mm"": 719, ""Interrupt_flag"": 0, ""Node_type"": ""DDS75-LB"", ""Sensor_flag"": 1, ""TempC_DS18B20"": 32.76}"
2025-09-21 12:40:34.968746490+00:00,dds75-lb-21,2,-112,3.5,"{""Bat"": 3.333, ""Distance_mm"": 719, ""Interrupt_flag"": 0, ""Node_type"": ""DDS75-LB"", ""Sensor_flag"": 1, ""TempC_DS18B20"": 32.76}"
2025-09-21 12:41:34.972296029+00:00,dds75-lb-21,2,-111,4.25,"{""Bat"": 3.333, ""Distance_mm"": 719, ""Interrupt_flag"": 0, ""Node_type"": ""DDS75-LB"", ""Sensor_flag"": 1, ""TempC_DS18B20"": 32.76}"
2025-09-21 12:42:34.990584314+00:00,dds75-lb-21,2,-30,6.75,"{""Bat"": 3.333, ""Distance_mm"": 719, ""Interrupt_flag"": 0, ""Node_type"": ""DDS75-LB"", ""Sensor_flag"": 1, ""TempC_DS18B20"": 32.76}"
2025-09-21 12:43:34.971106367+00:00,dds75-lb-21,2,-28,8.0,"{""Bat"": 3.333, ""Distance_mm"": 719, ""Interrupt_flag"": 0, ""Node_type"": ""DDS75-LB"", ""Sensor_flag"": 1, ""TempC_DS18B20"": 32.76}"
2025-09-21 12:44:34.936653141+00:00,dds75-lb-21,2,-33,8.75,"{""Bat"": 3.333, ""Distance_mm"": 719, ""Interrupt_flag"": 0, ""Node_type"": ""DDS75-LB"", ""Sensor_flag"": 1, ""TempC_DS18B20"": 32.76}"
2025-09-21 12:45:34.924692012+00:00,dds75-lb-21,2,-119,-2.25,"{""Bat"": 3.333, ""Distance_mm"": 719, ""Interrupt_flag"": 0, ""Node_type"": ""DDS75-LB"", ""Sensor_flag"": 1, ""TempC_DS18B20"": 32.76}"
2025-09-21 12:46:34.915678607+00:00,dds75-lb-21,2,-113,2.75,"{""Bat"": 3.333, ""Distance_mm"": 719, ""Interrupt_flag"": 0, ""Node_type"": ""DDS75-LB"", ""Sensor_flag"": 1, ""TempC_DS18B20"": 32.76}"
2025-09-21 12:47:34.912713955+00:00,dds75-lb-21,2,-120,-4.75,"{""Bat"": 3.333, ""Distance_mm"": 719, ""Interrupt_flag"": 0, ""Node_type"": ""DDS75-LB"", ""Sensor_flag"": 1, ""TempC_DS18B20"": 32.76}"
2025-09-21 12:48:34.892786912+00:00,dds75-lb-21,2,-32,10.0,"{""Bat"": 3.333, ""Distance_mm"": 719, ""Interrupt_flag"": 0, ""Node_type"": ""DDS75-LB"", ""Sensor_flag"": 1, ""TempC_DS18B20"": 32.76}"
2025-09-21 12:49:34.897869849+00:00,dds75-lb-21,2,-33,10.0,"{""Bat"": 3.333, ""Distance_mm"": 719, ""Interrupt_flag"": 0, ""Node_type"": ""DDS75-LB"", ""Sensor_flag"": 1, ""TempC_DS18B20"": 32.76}"
2025-09-21 12:50:34.870293298+00:00,dds75-lb-21,2,-117,-1.0,"{""Bat"": 3.333, ""Distance_mm"": 719, ""Interrupt_flag"": 0, ""Node_type"": ""DDS75-LB"", ""Sensor_flag"": 1, ""TempC_DS18B20"": 32.76}"
2025-09-21 12:51:34.861326594+00:00,dds75-lb-21,2,-120,-4.25,"{""Bat"": 3.333, ""Distance_mm"": 719, ""Interrupt_flag"": 0, ""Node_type"": ""DDS75-LB"", ""Sensor_flag"": 1, ""TempC_DS18B20"": 32.76}"
2025-09-21 12:52:34.842628689+00:00,dds75-lb-21,2,-30,9.25,"{""Bat"": 3.333, ""Distance_mm"": 719, ""Interrupt_flag"": 0, ""Node_type"": ""DDS75-LB"", ""Sensor_flag"": 1, ""TempC_DS18B20"": 32.76}"
2025-09-21 12:53:34.851396363+00:00,dds75-lb-21,2,-32,9.5,"{""Bat"": 3.333, ""Distance_mm"": 719, ""Interrupt_flag"": 0, ""Node_type"": ""DDS75-LB"", ""Sensor_flag"": 1, ""TempC_DS18B20"": 32.76}"
2025-09-21 12:54:34.848506078+00:00,dds75-lb-21,2,-33,9.5,"{""Bat"": 3.333, ""Distance_mm"": 719, ""Interrupt_flag"": 0, ""Node_type"": ""DDS75-LB"", ""Sensor_flag"": 1, ""TempC_DS18B20"": 32.76}"
2025-09-21 12:55:34.829851654+00:00,dds75-lb-21,2,-33,9.75,"{""Bat"": 3.333, ""Distance_mm"": 719, ""Interrupt_flag"": 0, ""Node_type"": ""DDS75-LB"", ""Sensor_flag"": 1, ""TempC_DS18B20"": 32.76}"
2025-09-21 12:56:34.814355127+00:00,dds75-lb-21,2,-32,9.25,"{""Bat"": 3.333, ""Distance_mm"": 719, ""Interrupt_flag"": 0, ""Node_type"": ""DDS75-LB"", ""Sensor_flag"": 1, ""TempC_DS18B20"": 32.76}"
2025-09-21 12:57:34.790222006+00:00,dds75-lb-21,2,-116,-0.25,"{""Bat"": 3.333, ""Distance_mm"": 719, ""Interrupt_flag"": 0, ""Node_type"": ""DDS75-LB"", ""Sensor_flag"": 1, ""TempC_DS18B20"": 32.76}"
2025-09-21 12:58:34.793607019+00:00,dds75-lb-21,2,-33,10.25,"{""Bat"": 3.333, ""Distance_mm"": 719, ""Interrupt_flag"": 0, ""Node_type"": ""DDS75-LB"", ""Sensor_flag"": 1, ""TempC_DS18B20"": 32.76}"
2025-09-21 12:59:34.781665451+00:00,dds75-lb-21,2,-31,9.0,"{""Bat"": 3.333, ""Distance_mm"": 719, ""Interrupt_flag"": 0, ""Node_type"": ""DDS75-LB"", ""Sensor_flag"": 1, ""TempC_DS18B20"": 32.76}"
2025-09-21 13:00:34.794801998+00:00,dds75-lb-21,2,-32,7.75,"{""Bat"": 3.333, ""Distance_mm"": 719, ""Interrupt_flag"": 0, ""Node_type"": ""DDS75-LB"", ""Sensor_flag"": 1, ""TempC_DS18B20"": 32.76}"
2025-09-21 13:01:34.763388727+00:00,dds75-lb-21,2,-117,-0.75,"{""Bat"": 3.333, ""Distance_mm"": 719, ""Interrupt_flag"": 0, ""Node_type"": ""DDS75-LB"", ""Sensor_flag"": 1, ""TempC_DS18B20"": 32.76}"
2025-09-21 13:02:34.755548142+00:00,dds75-lb-21,2,-33,8.75,"{""Bat"": 3.333, ""Distance_mm"": 719, ""Interrupt_flag"": 0, ""Node_type"": ""DDS75-LB"", ""Sensor_flag"": 1, ""TempC_DS18B20"": 32.76}"
2025-09-21 13:03:34.731113291+00:00,dds75-lb-21,2,-33,10.0,"{""Bat"": 3.333, ""Distance_mm"": 719, ""Interrupt_flag"": 0, ""Node_type"": ""DDS75-LB"", ""Sensor_flag"": 1, ""TempC_DS18B20"": 32.76}"
2025-09-21 13:04:34.733171098+00:00,dds75-lb-21,2,-118,-2.0,"{""Bat"": 3.333, ""Distance_mm"": 719, ""Interrupt_flag"": 0, ""Node_type"": ""DDS75-LB"", ""Sensor_flag"": 1, ""TempC_DS18B20"": 32.76}"
2025-09-21 13:05:34.720937814+00:00,dds75-lb-21,2,-31,9.25,"{""Bat"": 3.333, ""Distance_mm"": 719, ""Interrupt_flag"": 0, ""Node_type"": ""DDS75-LB"", ""Sensor_flag"": 1, ""TempC_DS18B20"": 32.76}"
2025-09-21 13:06:34.702026391+00:00,dds75-lb-21,2,-116,0.25,"{""Bat"": 3.333, ""Distance_mm"": 719, ""Interrupt_flag"": 0, ""Node_type"": ""DDS75-LB"", ""Sensor_flag"": 1, ""TempC_DS18B20"": 32.76}"
2025-09-21 13:07:34.691276588+00:00,dds75-lb-21,2,-116,-0.75,"{""Bat"": 3.333, ""Distance_mm"": 719, ""Interrupt_flag"": 0, ""Node_type"": ""DDS75-LB"", ""Sensor_flag"": 1, ""TempC_DS18B20"": 32.76}"
2025-09-21 13:08:34.684119581+00:00,dds75-lb-21,2,-32,8.75,"{""Bat"": 3.333, ""Distance_mm"": 719, ""Interrupt_flag"": 0, ""Node_type"": ""DDS75-LB"", ""Sensor_flag"": 1, ""TempC_DS18B20"": 32.76}"
2025-09-21 13:09:34.671915881+00:00,dds75-lb-21,2,-32,9.5,"{""Bat"": 3.333, ""Distance_mm"": 719, ""Interrupt_flag"": 0, ""Node_type"": ""DDS75-LB"", ""Sensor_flag"": 1, ""TempC_DS18B20"": 32.76}"
2025-09-21 13:10:34.654743371+00:00,dds75-lb-21,2,-112,3.5,"{""Bat"": 3.333, ""Distance_mm"": 719, ""Interrupt_flag"": 0, ""Node_type"": ""DDS75-LB"", ""Sensor_flag"": 1, ""TempC_DS18B20"": 32.76}"
2025-09-21 13:11:34.663541488+00:00,dds75-lb-21,2,-33,7.0,"{""Bat"": 3.333, ""Distance_mm"": 719, ""Interrupt_flag"": 0, ""Node_type"": ""DDS75-LB"", ""Sensor_flag"": 1, ""TempC_DS18B20"": 32.76}"
2025-09-21 13:12:34.624807409+00:00,dds75-lb-21,2,-113,2.5,"{""Bat"": 3.333, ""Distance_mm"": 719, ""Interrupt_flag"": 0, ""Node_type"": ""DDS75-LB"", ""Sensor_flag"": 1, ""TempC_DS18B20"": 32.76}"
2025-09-21 13:13:34.629922991+00:00,dds75-lb-21,2,-117,-1.0,"{""Bat"": 3.333, ""Distance_mm"": 719, ""Interrupt_flag"": 0, ""Node_type"": ""DDS75-LB"", ""Sensor_flag"": 1, ""TempC_DS18B20"": 32.76}"
2025-09-21 13:14:34.631109826+00:00,dds75-lb-21,2,-121,-5.25,"{""Bat"": 3.333, ""Distance_mm"": 719, ""Interrupt_flag"": 0, ""Node_type"": ""DDS75-LB"", ""Sensor_flag"": 1, ""TempC_DS18B20"": 32.76}"
2025-09-21 13:15:34.611839791+00:00,dds75-lb-21,2,-116,-1.0,"{""Bat"": 3.333, ""Distance_mm"": 719, ""Interrupt_flag"": 0, ""Node_type"": ""DDS75-LB"", ""Sensor_flag"": 1, ""TempC_DS18B20"": 32.76}"
2025-09-21 13:16:34.617676721+00:00,dds75-lb-21,2,-33,7.25,"{""Bat"": 3.333, ""Distance_mm"": 719, ""Interrupt_flag"": 0, ""Node_type"": ""DDS75-LB"", ""Sensor_flag"": 1, ""TempC_DS18B20"": 32.76}"
2025-09-21 13:17:34.596119501+00:00,dds75-lb-21,2,-32,10.0,"{""Bat"": 3.333, ""Distance_mm"": 719, ""Interrupt_flag"": 0, ""Node_type"": ""DDS75-LB"", ""Sensor_flag"": 1, ""TempC_DS18B20"": 32.76}"
2025-09-21 13:18:34.601271246+00:00,dds75-lb-21,2,-32,8.75,"{""Bat"": 3.333, ""Distance_mm"": 719, ""Interrupt_flag"": 0, ""Node_type"": ""DDS75-LB"", ""Sensor_flag"": 1, ""TempC_DS18B20"": 32.76}"
2025-09-21 13:19:34.584616447+00:00,dds75-lb-21,2,-32,8.75,"{""Bat"": 3.333, ""Distance_mm"": 719, ""Interrupt_flag"": 0, ""Node_type"": ""DDS75-LB"", ""Sensor_flag"": 1, ""TempC_DS18B20"": 32.76}"
2025-09-21 13:20:34.569160939+00:00,dds75-lb-21,2,-30,8.75,"{""Bat"": 3.333, ""Distance_mm"": 719, ""Interrupt_flag"": 0, ""Node_type"": ""DDS75-LB"", ""Sensor_flag"": 1, ""TempC_DS18B20"": 32.76}"
2025-09-21 13:21:34.543680815+00:00,dds75-lb-21,2,-33,9.75,"{""Bat"": 3.333, ""Distance_mm"": 719, ""Interrupt_flag"": 0, ""Node_type"": ""DDS75-LB"", ""Sensor_flag"": 1, ""TempC_DS18B20"": 32.76}"
2025-09-21 13:22:34.546256692+00:00,dds75-lb-21,2,-32,9.25,"{""Bat"": 3.333, ""Distance_mm"": 719, ""Interrupt_flag"": 0, ""Node_type"": ""DDS75-LB"", ""Sensor_flag"": 1, ""TempC_DS18B20"": 32.76}"
2025-09-21 13:23:34.541258465+00:00,dds75-lb-21,2,-117,-1.5,"{""Bat"": 3.333, ""Distance_mm"": 719, ""Interrupt_flag"": 0, ""Node_type"": ""DDS75-LB"", ""Sensor_flag"": 1, ""TempC_DS18B20"": 32.76}"
2025-09-21 13:24:34.523995824+00:00,dds75-lb-21,2,-35,7.0,"{""Bat"": 3.333, ""Distance_mm"": 719, ""Interrupt_flag"": 0, ""Node_type"": ""DDS75-LB"", ""Sensor_flag"": 1, ""TempC_DS18B20"": 32.76}"
2025-09-21 13:25:34.511233768+00:00,dds75-lb-21,2,-113,2.5,"{""Bat"": 3.333, ""Distance_mm"": 719, ""Interrupt_flag"": 0, ""Node_type"": ""DDS75-LB"", ""Sensor_flag"": 1, ""TempC_DS18B20"": 32.76}"
2025-09-21 13:26:34.493593442+00:00,dds75-lb-21,2,-112,3.75,"{""Bat"": 3.333, ""Distance_mm"": 719, ""Interrupt_flag"": 0, ""Node_type"": ""DDS75-LB"", ""Sensor_flag"": 1, ""TempC_DS18B20"": 32.76}"
2025-09-21 13:27:34.483619261+00:00,dds75-lb-21,2,-30,9.25,"{""Bat"": 3.333, ""Distance_mm"": 719, ""Interrupt_flag"": 0, ""Node_type"": ""DDS75-LB"", ""Sensor_flag"": 1, ""TempC_DS18B20"": 32.76}"
2025-09-21 13:28:34.473776555+00:00,dds75-lb-21,2,-33,10.25,"{""Bat"": 3.333, ""Distance_mm"": 719, ""Interrupt_flag"": 0, ""Node_type"": ""DDS75-LB"", ""Sensor_flag"": 1, ""TempC_DS18B20"": 32.76}"
2025-09-21 13:29:34.472312543+00:00,dds75-lb-21,2,-35,9.75,"{""Bat"": 3.333, ""Distance_mm"": 719, ""Interrupt_flag"": 0, ""Node_type"": ""DDS75-LB"", ""Sensor_flag"": 1, ""TempC_DS18B20"": 32.76}"
2025-09-21 13:30:34.461171633+00:00,dds75-lb-21,2,-120,-4.25,"{""Bat"": 3.333, ""Distance_mm"": 719, ""Interrupt_flag"": 0, ""Node_type"": ""DDS75-LB"", ""Sensor_flag"": 1, ""TempC_DS18B20"": 32.76}"
2025-09-21 13:31:34.441436740+00:00,dds75-lb-21,2,-31,10.0,"{""Bat"": 3.333, ""Distance_mm"": 719, ""Interrupt_flag"": 0, ""Node_type"": ""DDS75-LB"", ""Sensor_flag"": 1, ""TempC_DS18B20"": 32.76}"
2025-09-21 13:32:34.440019491+00:00,dds75-lb-21,2,-33,9.0,"{""Bat"": 3.333, ""Distance_mm"": 719, ""Interrupt_flag"": 0, ""Node_type"": ""DDS75-LB"", ""Sensor_flag"": 1, ""TempC_DS18B20"": 32.76}"
2025-09-21 13:33:34.422561180+00:00,dds75-lb-21,2,-113,2.0,"{""Bat"": 3.333, ""Distance_mm"": 719, ""Interrupt_flag"": 0, ""Node_type"": ""DDS75-LB"", ""Sensor_flag"": 1, ""TempC_DS18B20"": 32.76}"
2025-09-21 13:34:34.434918512+00:00,dds75-lb-21,2,-115,-3.5,"{""Bat"": 3.333, ""Distance_mm"": 719, ""Interrupt_flag"": 0, ""Node_type"": ""DDS75-LB"", ""Sensor_flag"": 1, ""TempC_DS18B20"": 32.76}"
2025-09-21 13:35:34.403139725+00:00,dds75-lb-21,2,-32,9.5,"{""Bat"": 3.333, ""Distance_mm"": 719, ""Interrupt_flag"": 0, ""Node_type"": ""DDS75-LB"", ""Sensor_flag"": 1, ""TempC_DS18B20"": 32.76}"
2025-09-21 13:36:34.391937589+00:00,dds75-lb-21,2,-33,10.0,"{""Bat"": 3.333, ""Distance_mm"": 719, ""Interrupt_flag"": 0, ""Node_type"": ""DDS75-LB"", ""Sensor_flag"": 1, ""TempC_DS18B20"": 32.76}"
2025-09-21 13:37:34.382013227+00:00,dds75-lb-21,2,-114,1.75,"{""Bat"": 3.333, ""Distance_mm"": 719, ""Interrupt_flag"": 0, ""Node_type"": ""DDS75-LB"", ""Sensor_flag"": 1, ""TempC_DS18B20"": 32.76}"
2025-09-21 13:38:34.364597193+00:00,dds75-lb-21,2,-31,9.75,"{""Bat"": 3.333, ""Distance_mm"": 719, ""Interrupt_flag"": 0, ""Node_type"": ""DDS75-LB"", ""Sensor_flag"": 1, ""TempC_DS18B20"": 32.76}"
2025-09-21 13:39:34.361488664+00:00,dds75-lb-21,2,-30,7.0,"{""Bat"": 3.333, ""Distance_mm"": 719, ""Interrupt_flag"": 0, ""Node_type"": ""DDS75-LB"", ""Sensor_flag"": 1, ""TempC_DS18B20"": 32.76}"
2025-09-21 13:40:34.369720985+00:00,dds75-lb-21,2,-31,6.5,"{""Bat"": 3.333, ""Distance_mm"": 719, ""Interrupt_flag"": 0, ""Node_type"": ""DDS75-LB"", ""Sensor_flag"": 1, ""TempC_DS18B20"": 32.76}"
2025-09-21 13:41:34.345202711+00:00,dds75-lb-21,2,-32,9.0,"{""Bat"": 3.333, ""Distance_mm"": 719, ""Interrupt_flag"": 0, ""Node_type"": ""DDS75-LB"", ""Sensor_flag"": 1, ""TempC_DS18B20"": 32.76}"
2025-09-21 13:42:34.342245849+00:00,dds75-lb-21,2,-33,9.75,"{""Bat"": 3.333, ""Distance_mm"": 719, ""Interrupt_flag"": 0, ""Node_type"": ""DDS75-LB"", ""Sensor_flag"": 1, ""TempC_DS18B20"": 32.76}"
2025-09-21 13:43:34.323529260+00:00,dds75-lb-21,2,-33,6.0,"{""Bat"": 3.333, ""Distance_mm"": 719, ""Interrupt_flag"": 0, ""Node_type"": ""DDS75-LB"", ""Sensor_flag"": 1, ""TempC_DS18B20"": 32.76}"
2025-09-21 13:44:34.312841217+00:00,dds75-lb-21,2,-30,9.0,"{""Bat"": 3.333, ""Distance_mm"": 719, ""Interrupt_flag"": 0, ""Node_type"": ""DDS75-LB"", ""Sensor_flag"": 1, ""TempC_DS18B20"": 32.76}"
2025-09-21 13:45:34.311311054+00:00,dds75-lb-21,2,-32,9.5,"{""Bat"": 3.333, ""Distance_mm"": 719, ""Interrupt_flag"": 0, ""Node_type"": ""DDS75-LB"", ""Sensor_flag"": 1, ""TempC_DS18B20"": 32.76}"
2025-09-21 13:46:34.294156595+00:00,dds75-lb-21,2,-31,6.75,"{""Bat"": 3.333, ""Distance_mm"": 719, ""Interrupt_flag"": 0, ""Node_type"": ""DDS75-LB"", ""Sensor_flag"": 1, ""TempC_DS18B20"": 32.76}"
2025-09-21 13:47:34.285070605+00:00,dds75-lb-21,2,-32,8.75,"{""Bat"": 3.333, ""Distance_mm"": 719, ""Interrupt_flag"": 0, ""Node_type"": ""DDS75-LB"", ""Sensor_flag"": 1, ""TempC_DS18B20"": 32.76}"
2025-09-21 13:48:34.285135074+00:00,dds75-lb-21,2,-32,9.0,"{""Bat"": 3.333, ""Distance_mm"": 719, ""Interrupt_flag"": 0, ""Node_type"": ""DDS75-LB"", ""Sensor_flag"": 1, ""TempC_DS18B20"": 32.76}"
2025-09-21 13:49:34.264750442+00:00,dds75-lb-21,2,-32,9.75,"{""Bat"": 3.333, ""Distance_mm"": 719, ""Interrupt_flag"": 0, ""Node_type"": ""DDS75-LB"", ""Sensor_flag"": 1, ""TempC_DS18B20"": 32.76}"
2025-09-21 13:50:34.253100749+00:00,dds75-lb-21,2,-31,9.5,"{""Bat"": 3.333, ""Distance_mm"": 719, ""Interrupt_flag"": 0, ""Node_type"": ""DDS75-LB"", ""Sensor_flag"": 1, ""TempC_DS18B20"": 32.76}"
2025-09-21 13:51:34.234362010+00:00,dds75-lb-21,2,-112,-2.25,"{""Bat"": 3.333, ""Distance_mm"": 719, ""Interrupt_flag"": 0, ""Node_type"": ""DDS75-LB"", ""Sensor_flag"": 1, ""TempC_DS18B20"": 32.76}"
2025-09-21 13:52:34.235285604+00:00,dds75-lb-21,2,-32,9.75,"{""Bat"": 3.333, ""Distance_mm"": 719, ""Interrupt_flag"": 0, ""Node_type"": ""DDS75-LB"", ""Sensor_flag"": 1, ""TempC_DS18B20"": 32.76}"
2025-09-21 13:53:34.211895300+00:00,dds75-lb-21,2,-32,9.75,"{""Bat"": 3.333, ""Distance_mm"": 719, ""Interrupt_flag"": 0, ""Node_type"": ""DDS75-LB"", ""Sensor_flag"": 1, ""TempC_DS18B20"": 32.76}"
2025-09-21 13:54:34.221264897+00:00,dds75-lb-21,2,-114,0.5,"{""Bat"": 3.333, ""Distance_mm"": 719, ""Interrupt_flag"": 0, ""Node_type"": ""DDS75-LB"", ""Sensor_flag"": 1, ""TempC_DS18B20"": 32.76}"
2025-09-21 13:55:34.204539194+00:00,dds75-lb-21,2,-32,7.25,"{""Bat"": 3.333, ""Distance_mm"": 719, ""Interrupt_flag"": 0, ""Node_type"": ""DDS75-LB"", ""Sensor_flag"": 1, ""TempC_DS18B20"": 32.76}"
2025-09-21 13:56:34.205648156+00:00,dds75-lb-21,2,-29,7.0,"{""Bat"": 3.333, ""Distance_mm"": 719, ""Interrupt_flag"": 0, ""Node_type"": ""DDS75-LB"", ""Sensor_flag"": 1, ""TempC_DS18B20"": 32.76}"
2025-09-21 13:57:34.182548948+00:00,dds75-lb-21,2,-119,-6.75,"{""Bat"": 3.333, ""Distance_mm"": 719, ""Interrupt_flag"": 0, ""Node_type"": ""DDS75-LB"", ""Sensor_flag"": 1, ""TempC_DS18B20"": 32.76}"
2025-09-21 13:58:34.171161191+00:00,dds75-lb-21,2,-32,10.25,"{""Bat"": 3.333, ""Distance_mm"": 719, ""Interrupt_flag"": 0, ""Node_type"": ""DDS75-LB"", ""Sensor_flag"": 1, ""TempC_DS18B20"": 32.76}"
2025-09-21 13:59:34.158587384+00:00,dds75-lb-21,2,-32,9.5,"{""Bat"": 3.333, ""Distance_mm"": 719, ""Interrupt_flag"": 0, ""Node_type"": ""DDS75-LB"", ""Sensor_flag"": 1, ""TempC_DS18B20"": 32.76}"
2025-09-21 14:00:34.149522321+00:00,dds75-lb-21,2,-30,9.25,"{""Bat"": 3.333, ""Distance_mm"": 719, ""Interrupt_flag"": 0, ""Node_type"": ""DDS75-LB"", ""Sensor_flag"": 1, ""TempC_DS18B20"": 32.76}"
2025-09-21 14:01:34.121032313+00:00,dds75-lb-21,2,-31,8.75,"{""Bat"": 3.333, ""Distance_mm"": 719, ""Interrupt_flag"": 0, ""Node_type"": ""DDS75-LB"", ""Sensor_flag"": 1, ""TempC_DS18B20"": 32.76}"
2025-09-21 14:02:34.125456220+00:00,dds75-lb-21,2,-31,8.0,"{""Bat"": 3.333, ""Distance_mm"": 719, ""Interrupt_flag"": 0, ""Node_type"": ""DDS75-LB"", ""Sensor_flag"": 1, ""TempC_DS18B20"": 32.76}"
2025-09-21 14:03:34.125237246+00:00,dds75-lb-21,2,-29,8.0,"{""Bat"": 3.333, ""Distance_mm"": 719, ""Interrupt_flag"": 0, ""Node_type"": ""DDS75-LB"", ""Sensor_flag"": 1, ""TempC_DS18B20"": 32.76}"
2025-09-21 14:04:34.100888918+00:00,dds75-lb-21,2,-113,3.0,"{""Bat"": 3.333, ""Distance_mm"": 719, ""Interrupt_flag"": 0, ""Node_type"": ""DDS75-LB"", ""Sensor_flag"": 1, ""TempC_DS18B20"": 32.76}"
2025-09-21 14:05:34.093993676+00:00,dds75-lb-21,2,-114,2.0,"{""Bat"": 3.333, ""Distance_mm"": 719, ""Interrupt_flag"": 0, ""Node_type"": ""DDS75-LB"", ""Sensor_flag"": 1, ""TempC_DS18B20"": 32.76}"
2025-09-21 14:06:34.098946965+00:00,dds75-lb-21,2,-33,9.75,"{""Bat"": 3.333, ""Distance_mm"": 719, ""Interrupt_flag"": 0, ""Node_type"": ""DDS75-LB"", ""Sensor_flag"": 1, ""TempC_DS18B20"": 32.76}"
2025-09-21 14:07:34.067076567+00:00,dds75-lb-21,2,-32,6.5,"{""Bat"": 3.333, ""Distance_mm"": 719, ""Interrupt_flag"": 0, ""Node_type"": ""DDS75-LB"", ""Sensor_flag"": 1, ""TempC_DS18B20"": 32.76}"
2025-09-21 14:08:34.069152195+00:00,dds75-lb-21,2,-30,9.25,"{""Bat"": 3.333, ""Distance_mm"": 719, ""Interrupt_flag"": 0, ""Node_type"": ""DDS75-LB"", ""Sensor_flag"": 1, ""TempC_DS18B20"": 32.76}"
2025-09-21 14:09:34.053313931+00:00,dds75-lb-21,2,-114,0.75,"{""Bat"": 3.333, ""Distance_mm"": 719, ""Interrupt_flag"": 0, ""Node_type"": ""DDS75-LB"", ""Sensor_flag"": 1, ""TempC_DS18B20"": 32.76}"
2025-09-21 14:10:34.049831266+00:00,dds75-lb-21,2,-30,9.25,"{""Bat"": 3.333, ""Distance_mm"": 719, ""Interrupt_flag"": 0, ""Node_type"": ""DDS75-LB"", ""Sensor_flag"": 1, ""TempC_DS18B20"": 32.76}"
2025-09-21 14:11:34.029318385+00:00,dds75-lb-21,2,-32,10.5,"{""Bat"": 3.333, ""Distance_mm"": 719, ""Interrupt_flag"": 0, ""Node_type"": ""DDS75-LB"", ""Sensor_flag"": 1, ""TempC_DS18B20"": 32.76}"
2025-09-21 14:12:34.015982282+00:00,dds75-lb-21,2,-33,6.75,"{""Bat"": 3.333, ""Distance_mm"": 719, ""Interrupt_flag"": 0, ""Node_type"": ""DDS75-LB"", ""Sensor_flag"": 1, ""TempC_DS18B20"": 32.76}"
2025-09-21 14:13:34.014440995+00:00,dds75-lb-21,2,-115,1.5,"{""Bat"": 3.333, ""Distance_mm"": 719, ""Interrupt_flag"": 0, ""Node_type"": ""DDS75-LB"", ""Sensor_flag"": 1, ""TempC_DS18B20"": 32.76}"
2025-09-21 14:14:34.010965451+00:00,dds75-lb-21,2,-33,8.75,"{""Bat"": 3.333, ""Distance_mm"": 719, ""Interrupt_flag"": 0, ""Node_type"": ""DDS75-LB"", ""Sensor_flag"": 1, ""TempC_DS18B20"": 32.76}"
2025-09-21 14:15:33.987596260+00:00,dds75-lb-21,2,-30,10.0,"{""Bat"": 3.333, ""Distance_mm"": 719, ""Interrupt_flag"": 0, ""Node_type"": ""DDS75-LB"", ""Sensor_flag"": 1, ""TempC_DS18B20"": 32.76}"
2025-09-21 14:16:33.985793483+00:00,dds75-lb-21,2,-32,9.25,"{""Bat"": 3.333, ""Distance_mm"": 719, ""Interrupt_flag"": 0, ""Node_type"": ""DDS75-LB"", ""Sensor_flag"": 1, ""TempC_DS18B20"": 32.76}"
2025-09-21 14:17:33.967628479+00:00,dds75-lb-21,2,-33,10.25,"{""Bat"": 3.333, ""Distance_mm"": 719, ""Interrupt_flag"": 0, ""Node_type"": ""DDS75-LB"", ""Sensor_flag"": 1, ""TempC_DS18B20"": 32.76}"
2025-09-21 14:18:33.971501373+00:00,dds75-lb-21,2,-31,7.25,"{""Bat"": 3.333, ""Distance_mm"": 719, ""Interrupt_flag"": 0, ""Node_type"": ""DDS75-LB"", ""Sensor_flag"": 1, ""TempC_DS18B20"": 32.76}"
2025-09-21 14:19:33.951003631+00:00,dds75-lb-21,2,-32,7.5,"{""Bat"": 3.333, ""Distance_mm"": 719, ""Interrupt_flag"": 0, ""Node_type"": ""DDS75-LB"", ""Sensor_flag"": 1, ""TempC_DS18B20"": 32.76}"
2025-09-21 14:20:33.942524943+00:00,dds75-lb-21,2,-35,6.75,"{""Bat"": 3.333, ""Distance_mm"": 719, ""Interrupt_flag"": 0, ""Node_type"": ""DDS75-LB"", ""Sensor_flag"": 1, ""TempC_DS18B20"": 32.76}"
2025-09-21 14:21:33.918933732+00:00,dds75-lb-21,2,-31,10.0,"{""Bat"": 3.333, ""Distance_mm"": 719, ""Interrupt_flag"": 0, ""Node_type"": ""DDS75-LB"", ""Sensor_flag"": 1, ""TempC_DS18B20"": 32.76}"
2025-09-21 14:22:33.916262338+00:00,dds75-lb-21,2,-33,10.0,"{""Bat"": 3.333, ""Distance_mm"": 719, ""Interrupt_flag"": 0, ""Node_type"": ""DDS75-LB"", ""Sensor_flag"": 1, ""TempC_DS18B20"": 32.76}"
2025-09-21 14:23:33.916145279+00:00,dds75-lb-21,2,-30,7.25,"{""Bat"": 3.333, ""Distance_mm"": 719, ""Interrupt_flag"": 0, ""Node_type"": ""DDS75-LB"", ""Sensor_flag"": 1, ""TempC_DS18B20"": 32.76}"
2025-09-21 14:24:33.938879019+00:00,dds75-lb-21,2,-119,-2.0,"{""Bat"": 3.333, ""Distance_mm"": 719, ""Interrupt_flag"": 0, ""Node_type"": ""DDS75-LB"", ""Sensor_flag"": 1, ""TempC_DS18B20"": 32.76}"
2025-09-21 14:25:33.897221948+00:00,dds75-lb-21,2,-35,9.75,"{""Bat"": 3.333, ""Distance_mm"": 719, ""Interrupt_flag"": 0, ""Node_type"": ""DDS75-LB"", ""Sensor_flag"": 1, ""TempC_DS18B20"": 32.76}"
2025-09-21 14:26:33.877239787+00:00,dds75-lb-21,2,-31,7.5,"{""Bat"": 3.333, ""Distance_mm"": 719, ""Interrupt_flag"": 0, ""Node_type"": ""DDS75-LB"", ""Sensor_flag"": 1, ""TempC_DS18B20"": 32.76}"
2025-09-21 14:27:33.866090015+00:00,dds75-lb-21,2,-118,-5.75,"{""Bat"": 3.333, ""Distance_mm"": 719, ""Interrupt_flag"": 0, ""Node_type"": ""DDS75-LB"", ""Sensor_flag"": 1, ""TempC_DS18B20"": 32.76}"
2025-09-21 14:28:33.865425733+00:00,dds75-lb-21,2,-33,9.75,"{""Bat"": 3.333, ""Distance_mm"": 719, ""Interrupt_flag"": 0, ""Node_type"": ""DDS75-LB"", ""Sensor_flag"": 1, ""TempC_DS18B20"": 32.76}"
2025-09-21 14:29:33.854322361+00:00,dds75-lb-21,2,-117,-0.75,"{""Bat"": 3.333, ""Distance_mm"": 719, ""Interrupt_flag"": 0, ""Node_type"": ""DDS75-LB"", ""Sensor_flag"": 1, ""TempC_DS18B20"": 32.76}"
2025-09-21 14:30:33.841632189+00:00,dds75-lb-21,2,-116,-1.75,"{""Bat"": 3.333, ""Distance_mm"": 719, ""Interrupt_flag"": 0, ""Node_type"": ""DDS75-LB"", ""Sensor_flag"": 1, ""TempC_DS18B20"": 32.76}"
2025-09-21 14:31:33.842150718+00:00,dds75-lb-21,2,-116,-0.25,"{""Bat"": 3.333, ""Distance_mm"": 719, ""Interrupt_flag"": 0, ""Node_type"": ""DDS75-LB"", ""Sensor_flag"": 1, ""TempC_DS18B20"": 32.76}"
2025-09-21 14:32:33.840938279+00:00,dds75-lb-21,2,-116,-0.25,"{""Bat"": 3.333, ""Distance_mm"": 719, ""Interrupt_flag"": 0, ""Node_type"": ""DDS75-LB"", ""Sensor_flag"": 1, ""TempC_DS18B20"": 32.76}"
2025-09-21 14:33:33.798937143+00:00,dds75-lb-21,2,-33,9.5,"{""Bat"": 3.333, ""Distance_mm"": 719, ""Interrupt_flag"": 0, ""Node_type"": ""DDS75-LB"", ""Sensor_flag"": 1, ""TempC_DS18B20"": 32.76}"
2025-09-21 14:34:33.798541647+00:00,dds75-lb-21,2,-32,7.0,"{""Bat"": 3.333, ""Distance_mm"": 719, ""Interrupt_flag"": 0, ""Node_type"": ""DDS75-LB"", ""Sensor_flag"": 1, ""TempC_DS18B20"": 32.76}"
2025-09-21 14:35:33.795974470+00:00,dds75-lb-21,2,-32,8.75,"{""Bat"": 3.333, ""Distance_mm"": 719, ""Interrupt_flag"": 0, ""Node_type"": ""DDS75-LB"", ""Sensor_flag"": 1, ""TempC_DS18B20"": 32.76}"
2025-09-21 14:36:33.766541329+00:00,dds75-lb-21,2,-35,6.75,"{""Bat"": 3.333, ""Distance_mm"": 719, ""Interrupt_flag"": 0, ""Node_type"": ""DDS75-LB"", ""Sensor_flag"": 1, ""TempC_DS18B20"": 32.76}"
2025-09-21 14:37:33.764359889+00:00,dds75-lb-21,2,-117,-1.0,"{""Bat"": 3.333, ""Distance_mm"": 719, ""Interrupt_flag"": 0, ""Node_type"": ""DDS75-LB"", ""Sensor_flag"": 1, ""TempC_DS18B20"": 32.76}"
2025-09-21 14:38:33.735969608+00:00,dds75-lb-21,2,-32,9.0,"{""Bat"": 3.333, ""Distance_mm"": 719, ""Interrupt_flag"": 0, ""Node_type"": ""DDS75-LB"", ""Sensor_flag"": 1, ""TempC_DS18B20"": 32.76}"
2025-09-21 14:39:33.749593004+00:00,dds75-lb-21,2,-32,8.25,"{""Bat"": 3.333, ""Distance_mm"": 719, ""Interrupt_flag"": 0, ""Node_type"": ""DDS75-LB"", ""Sensor_flag"": 1, ""TempC_DS18B20"": 32.76}"
2025-09-21 14:40:33.735717156+00:00,dds75-lb-21,2,-30,8.75,"{""Bat"": 3.333, ""Distance_mm"": 719, ""Interrupt_flag"": 0, ""Node_type"": ""DDS75-LB"", ""Sensor_flag"": 1, ""TempC_DS18B20"": 32.76}"
2025-09-21 14:41:33.724425339+00:00,dds75-lb-21,2,-33,9.75,"{""Bat"": 3.333, ""Distance_mm"": 719, ""Interrupt_flag"": 0, ""Node_type"": ""DDS75-LB"", ""Sensor_flag"": 1, ""TempC_DS18B20"": 32.76}"
2025-09-21 14:42:33.711838359+00:00,dds75-lb-21,2,-118,-1.5,"{""Bat"": 3.333, ""Distance_mm"": 719, ""Interrupt_flag"": 0, ""Node_type"": ""DDS75-LB"", ""Sensor_flag"": 1, ""TempC_DS18B20"": 32.76}"
2025-09-21 14:43:33.686037886+00:00,dds75-lb-21,2,-31,6.5,"{""Bat"": 3.333, ""Distance_mm"": 719, ""Interrupt_flag"": 0, ""Node_type"": ""DDS75-LB"", ""Sensor_flag"": 1, ""TempC_DS18B20"": 32.76}"
2025-09-21 14:44:33.683343741+00:00,dds75-lb-21,2,-30,6.75,"{""Bat"": 3.333, ""Distance_mm"": 719, ""Interrupt_flag"": 0, ""Node_type"": ""DDS75-LB"", ""Sensor_flag"": 1, ""TempC_DS18B20"": 32.76}"
2025-09-21 14:45:33.682166782+00:00,dds75-lb-21,2,-35,9.25,"{""Bat"": 3.333, ""Distance_mm"": 719, ""Interrupt_flag"": 0, ""Node_type"": ""DDS75-LB"", ""Sensor_flag"": 1, ""TempC_DS18B20"": 32.76}"
2025-09-21 14:46:33.677716613+00:00,dds75-lb-21,2,-33,9.75,"{""Bat"": 3.333, ""Distance_mm"": 719, ""Interrupt_flag"": 0, ""Node_type"": ""DDS75-LB"", ""Sensor_flag"": 1, ""TempC_DS18B20"": 32.76}"
2025-09-21 14:47:33.657602817+00:00,dds75-lb-21,2,-32,9.0,"{""Bat"": 3.333, ""Distance_mm"": 719, ""Interrupt_flag"": 0, ""Node_type"": ""DDS75-LB"", ""Sensor_flag"": 1, ""TempC_DS18B20"": 32.76}"
2025-09-21 14:48:33.645924007+00:00,dds75-lb-21,2,-32,9.25,"{""Bat"": 3.333, ""Distance_mm"": 719, ""Interrupt_flag"": 0, ""Node_type"": ""DDS75-LB"", ""Sensor_flag"": 1, ""TempC_DS18B20"": 32.76}"
2025-09-21 14:49:33.636199290+00:00,dds75-lb-21,2,-33,10.25,"{""Bat"": 3.333, ""Distance_mm"": 719, ""Interrupt_flag"": 0, ""Node_type"": ""DDS75-LB"", ""Sensor_flag"": 1, ""TempC_DS18B20"": 32.76}"
2025-09-21 14:50:33.616198663+00:00,dds75-lb-21,2,-30,7.25,"{""Bat"": 3.333, ""Distance_mm"": 719, ""Interrupt_flag"": 0, ""Node_type"": ""DDS75-LB"", ""Sensor_flag"": 1, ""TempC_DS18B20"": 32.76}"
2025-09-21 14:51:33.606167883+00:00,dds75-lb-21,2,-32,9.75,"{""Bat"": 3.333, ""Distance_mm"": 719, ""Interrupt_flag"": 0, ""Node_type"": ""DDS75-LB"", ""Sensor_flag"": 1, ""TempC_DS18B20"": 32.76}"
2025-09-21 14:52:33.607333631+00:00,dds75-lb-21,2,-31,7.25,"{""Bat"": 3.333, ""Distance_mm"": 719, ""Interrupt_flag"": 0, ""Node_type"": ""DDS75-LB"", ""Sensor_flag"": 1, ""TempC_DS18B20"": 32.76}"
2025-09-21 14:53:33.596066172+00:00,dds75-lb-21,2,-30,9.0,"{""Bat"": 3.333, ""Distance_mm"": 719, ""Interrupt_flag"": 0, ""Node_type"": ""DDS75-LB"", ""Sensor_flag"": 1, ""TempC_DS18B20"": 32.76}"
2025-09-21 14:54:33.578312210+00:00,dds75-lb-21,2,-33,10.25,"{""Bat"": 3.333, ""Distance_mm"": 719, ""Interrupt_flag"": 0, ""Node_type"": ""DDS75-LB"", ""Sensor_flag"": 1, ""TempC_DS18B20"": 32.76}"
2025-09-21 14:55:33.588308062+00:00,dds75-lb-21,2,-33,9.75,"{""Bat"": 3.333, ""Distance_mm"": 719, ""Interrupt_flag"": 0, ""Node_type"": ""DDS75-LB"", ""Sensor_flag"": 1, ""TempC_DS18B20"": 32.76}"
2025-09-21 14:56:33.566062318+00:00,dds75-lb-21,2,-32,9.25,"{""Bat"": 3.333, ""Distance_mm"": 719, ""Interrupt_flag"": 0, ""Node_type"": ""DDS75-LB"", ""Sensor_flag"": 1, ""TempC_DS18B20"": 32.76}"
2025-09-21 14:57:33.551695791+00:00,dds75-lb-21,2,-35,9.5,"{""Bat"": 3.333, ""Distance_mm"": 719, ""Interrupt_flag"": 0, ""Node_type"": ""DDS75-LB"", ""Sensor_flag"": 1, ""TempC_DS18B20"": 32.76}"
2025-09-21 14:58:33.529222265+00:00,dds75-lb-21,2,-29,9.25,"{""Bat"": 3.333, ""Distance_mm"": 719, ""Interrupt_flag"": 0, ""Node_type"": ""DDS75-LB"", ""Sensor_flag"": 1, ""TempC_DS18B20"": 32.76}"
2025-09-21 14:59:33.519173316+00:00,dds75-lb-21,2,-31,10.0,"{""Bat"": 3.333, ""Distance_mm"": 719, ""Interrupt_flag"": 0, ""Node_type"": ""DDS75-LB"", ""Sensor_flag"": 1, ""TempC_DS18B20"": 32.76}"
2025-09-21 15:00:33.516205788+00:00,dds75-lb-21,2,-32,8.0,"{""Bat"": 3.333, ""Distance_mm"": 719, ""Interrupt_flag"": 0, ""Node_type"": ""DDS75-LB"", ""Sensor_flag"": 1, ""TempC_DS18B20"": 32.76}"
2025-09-21 15:01:33.501418685+00:00,dds75-lb-21,2,-33,10.25,"{""Bat"": 3.333, ""Distance_mm"": 719, ""Interrupt_flag"": 0, ""Node_type"": ""DDS75-LB"", ""Sensor_flag"": 1, ""TempC_DS18B20"": 32.76}"
2025-09-21 15:02:33.491568526+00:00,dds75-lb-21,2,-32,9.75,"{""Bat"": 3.333, ""Distance_mm"": 719, ""Interrupt_flag"": 0, ""Node_type"": ""DDS75-LB"", ""Sensor_flag"": 1, ""TempC_DS18B20"": 32.76}"
2025-09-21 15:03:33.486233620+00:00,dds75-lb-21,2,-33,9.0,"{""Bat"": 3.333, ""Distance_mm"": 719, ""Interrupt_flag"": 0, ""Node_type"": ""DDS75-LB"", ""Sensor_flag"": 1, ""TempC_DS18B20"": 32.76}"
2025-09-21 15:04:33.471102289+00:00,dds75-lb-21,2,-33,10.0,"{""Bat"": 3.333, ""Distance_mm"": 719, ""Interrupt_flag"": 0, ""Node_type"": ""DDS75-LB"", ""Sensor_flag"": 1, ""TempC_DS18B20"": 32.76}"
2025-09-21 15:05:33.461770285+00:00,dds75-lb-21,2,-35,10.5,"{""Bat"": 3.333, ""Distance_mm"": 719, ""Interrupt_flag"": 0, ""Node_type"": ""DDS75-LB"", ""Sensor_flag"": 1, ""TempC_DS18B20"": 32.76}"
2025-09-21 15:06:33.452447761+00:00,dds75-lb-21,2,-32,9.5,"{""Bat"": 3.333, ""Distance_mm"": 719, ""Interrupt_flag"": 0, ""Node_type"": ""DDS75-LB"", ""Sensor_flag"": 1, ""TempC_DS18B20"": 32.76}"
2025-09-21 15:07:33.451786971+00:00,dds75-lb-21,2,-31,9.0,"{""Bat"": 3.333, ""Distance_mm"": 719, ""Interrupt_flag"": 0, ""Node_type"": ""DDS75-LB"", ""Sensor_flag"": 1, ""TempC_DS18B20"": 32.76}"
2025-09-21 15:08:33.440078527+00:00,dds75-lb-21,2,-33,9.25,"{""Bat"": 3.333, ""Distance_mm"": 719, ""Interrupt_flag"": 0, ""Node_type"": ""DDS75-LB"", ""Sensor_flag"": 1, ""TempC_DS18B20"": 32.76}"
2025-09-21 15:09:33.430127432+00:00,dds75-lb-21,2,-30,10.0,"{""Bat"": 3.333, ""Distance_mm"": 719, ""Interrupt_flag"": 0, ""Node_type"": ""DDS75-LB"", ""Sensor_flag"": 1, ""TempC_DS18B20"": 32.76}"
2025-09-21 15:10:33.409311552+00:00,dds75-lb-21,2,-35,9.75,"{""Bat"": 3.333, ""Distance_mm"": 719, ""Interrupt_flag"": 0, ""Node_type"": ""DDS75-LB"", ""Sensor_flag"": 1, ""TempC_DS18B20"": 32.76}"
2025-09-21 15:11:33.388692367+00:00,dds75-lb-21,2,-33,9.0,"{""Bat"": 3.333, ""Distance_mm"": 719, ""Interrupt_flag"": 0, ""Node_type"": ""DDS75-LB"", ""Sensor_flag"": 1, ""TempC_DS18B20"": 32.76}"
2025-09-21 15:12:33.399842170+00:00,dds75-lb-21,2,-118,-3.0,"{""Bat"": 3.333, ""Distance_mm"": 719, ""Interrupt_flag"": 0, ""Node_type"": ""DDS75-LB"", ""Sensor_flag"": 1, ""TempC_DS18B20"": 32.76}"
2025-09-21 15:13:33.399874471+00:00,dds75-lb-21,2,-31,9.0,"{""Bat"": 3.333, ""Distance_mm"": 719, ""Interrupt_flag"": 0, ""Node_type"": ""DDS75-LB"", ""Sensor_flag"": 1, ""TempC_DS18B20"": 32.76}"
2025-09-21 15:14:33.386901446+00:00,dds75-lb-21,2,-32,9.5,"{""Bat"": 3.333, ""Distance_mm"": 719, ""Interrupt_flag"": 0, ""Node_type"": ""DDS75-LB"", ""Sensor_flag"": 1, ""TempC_DS18B20"": 32.76}"
2025-09-21 15:15:33.375971691+00:00,dds75-lb-21,2,-32,9.25,"{""Bat"": 3.333, ""Distance_mm"": 719, ""Interrupt_flag"": 0, ""Node_type"": ""DDS75-LB"", ""Sensor_flag"": 1, ""TempC_DS18B20"": 32.76}"
2025-09-21 15:16:33.357147189+00:00,dds75-lb-21,2,-35,9.25,"{""Bat"": 3.333, ""Distance_mm"": 719, ""Interrupt_flag"": 0, ""Node_type"": ""DDS75-LB"", ""Sensor_flag"": 1, ""TempC_DS18B20"": 32.76}"
2025-09-21 15:17:33.364146883+00:00,dds75-lb-21,2,-115,1.5,"{""Bat"": 3.333, ""Distance_mm"": 719, ""Interrupt_flag"": 0, ""Node_type"": ""DDS75-LB"", ""Sensor_flag"": 1, ""TempC_DS18B20"": 32.76}"
2025-09-21 15:18:33.339440532+00:00,dds75-lb-21,2,-33,9.75,"{""Bat"": 3.333, ""Distance_mm"": 719, ""Interrupt_flag"": 0, ""Node_type"": ""DDS75-LB"", ""Sensor_flag"": 1, ""TempC_DS18B20"": 32.76}"
2025-09-21 15:19:33.329603912+00:00,dds75-lb-21,2,-35,7.25,"{""Bat"": 3.333, ""Distance_mm"": 719, ""Interrupt_flag"": 0, ""Node_type"": ""DDS75-LB"", ""Sensor_flag"": 1, ""TempC_DS18B20"": 32.76}"
2025-09-21 15:20:33.317979218+00:00,dds75-lb-21,2,-32,9.5,"{""Bat"": 3.333, ""Distance_mm"": 719, ""Interrupt_flag"": 0, ""Node_type"": ""DDS75-LB"", ""Sensor_flag"": 1, ""TempC_DS18B20"": 32.76}"
2025-09-21 15:21:33.314017692+00:00,dds75-lb-21,2,-116,0.5,"{""Bat"": 3.333, ""Distance_mm"": 719, ""Interrupt_flag"": 0, ""Node_type"": ""DDS75-LB"", ""Sensor_flag"": 1, ""TempC_DS18B20"": 32.76}"
2025-09-21 15:22:33.292967363+00:00,dds75-lb-21,2,-118,-1.5,"{""Bat"": 3.333, ""Distance_mm"": 719, ""Interrupt_flag"": 0, ""Node_type"": ""DDS75-LB"", ""Sensor_flag"": 1, ""TempC_DS18B20"": 32.76}"
2025-09-21 15:23:33.288688540+00:00,dds75-lb-21,2,-29,7.0,"{""Bat"": 3.333, ""Distance_mm"": 719, ""Interrupt_flag"": 0, ""Node_type"": ""DDS75-LB"", ""Sensor_flag"": 1, ""TempC_DS18B20"": 32.76}"
2025-09-21 15:24:33.278789037+00:00,dds75-lb-21,2,-33,10.25,"{""Bat"": 3.333, ""Distance_mm"": 719, ""Interrupt_flag"": 0, ""Node_type"": ""DDS75-LB"", ""Sensor_flag"": 1, ""TempC_DS18B20"": 32.76}"
2025-09-21 15:25:33.264165671+00:00,dds75-lb-21,2,-116,-0.5,"{""Bat"": 3.333, ""Distance_mm"": 719, ""Interrupt_flag"": 0, ""Node_type"": ""DDS75-LB"", ""Sensor_flag"": 1, ""TempC_DS18B20"": 32.76}"
2025-09-21 15:26:33.247788316+00:00,dds75-lb-21,2,-31,9.0,"{""Bat"": 3.333, ""Distance_mm"": 719, ""Interrupt_flag"": 0, ""Node_type"": ""DDS75-LB"", ""Sensor_flag"": 1, ""TempC_DS18B20"": 32.76}"
2025-09-21 15:27:33.250087666+00:00,dds75-lb-21,2,-31,9.0,"{""Bat"": 3.333, ""Distance_mm"": 719, ""Interrupt_flag"": 0, ""Node_type"": ""DDS75-LB"", ""Sensor_flag"": 1, ""TempC_DS18B20"": 32.76}"
2025-09-21 15:28:33.240336041+00:00,dds75-lb-21,2,-31,9.0,"{""Bat"": 3.333, ""Distance_mm"": 719, ""Interrupt_flag"": 0, ""Node_type"": ""DDS75-LB"", ""Sensor_flag"": 1, ""TempC_DS18B20"": 32.76}"
2025-09-21 15:29:33.252973194+00:00,dds75-lb-21,2,-31,9.25,"{""Bat"": 3.333, ""Distance_mm"": 719, ""Interrupt_flag"": 0, ""Node_type"": ""DDS75-LB"", ""Sensor_flag"": 1, ""TempC_DS18B20"": 32.76}"
2025-09-21 15:30:33.196442105+00:00,dds75-lb-21,2,-117,-1.25,"{""Bat"": 3.333, ""Distance_mm"": 719, ""Interrupt_flag"": 0, ""Node_type"": ""DDS75-LB"", ""Sensor_flag"": 1, ""TempC_DS18B20"": 32.76}"
2025-09-21 15:31:33.222261374+00:00,dds75-lb-21,2,-32,7.0,"{""Bat"": 3.333, ""Distance_mm"": 719, ""Interrupt_flag"": 0, ""Node_type"": ""DDS75-LB"", ""Sensor_flag"": 1, ""TempC_DS18B20"": 32.76}"
2025-09-21 15:32:33.184445473+00:00,dds75-lb-21,2,-31,7.25,"{""Bat"": 3.333, ""Distance_mm"": 719, ""Interrupt_flag"": 0, ""Node_type"": ""DDS75-LB"", ""Sensor_flag"": 1, ""TempC_DS18B20"": 32.76}"
2025-09-21 15:33:33.170874751+00:00,dds75-lb-21,2,-117,-1.75,"{""Bat"": 3.333, ""Distance_mm"": 719, ""Interrupt_flag"": 0, ""Node_type"": ""DDS75-LB"", ""Sensor_flag"": 1, ""TempC_DS18B20"": 32.76}"
2025-09-21 15:34:33.174474046+00:00,dds75-lb-21,2,-114,1.25,"{""Bat"": 3.333, ""Distance_mm"": 719, ""Interrupt_flag"": 0, ""Node_type"": ""DDS75-LB"", ""Sensor_flag"": 1, ""TempC_DS18B20"": 32.76}"
2025-09-21 15:35:33.170660464+00:00,dds75-lb-21,2,-33,9.75,"{""Bat"": 3.333, ""Distance_mm"": 719, ""Interrupt_flag"": 0, ""Node_type"": ""DDS75-LB"", ""Sensor_flag"": 1, ""TempC_DS18B20"": 32.76}"
2025-09-21 15:36:33.143887492+00:00,dds75-lb-21,2,-33,9.25,"{""Bat"": 3.333, ""Distance_mm"": 719, ""Interrupt_flag"": 0, ""Node_type"": ""DDS75-LB"", ""Sensor_flag"": 1, ""TempC_DS18B20"": 32.76}"
2025-09-21 15:37:33.132780835+00:00,dds75-lb-21,2,-35,10.75,"{""Bat"": 3.333, ""Distance_mm"": 719, ""Interrupt_flag"": 0, ""Node_type"": ""DDS75-LB"", ""Sensor_flag"": 1, ""TempC_DS18B20"": 32.76}"
2025-09-21 15:38:33.112719514+00:00,dds75-lb-21,2,-32,7.25,"{""Bat"": 3.333, ""Distance_mm"": 719, ""Interrupt_flag"": 0, ""Node_type"": ""DDS75-LB"", ""Sensor_flag"": 1, ""TempC_DS18B20"": 32.76}"
2025-09-21 15:39:33.114151520+00:00,dds75-lb-21,2,-120,-3.5,"{""Bat"": 3.333, ""Distance_mm"": 719, ""Interrupt_flag"": 0, ""Node_type"": ""DDS75-LB"", ""Sensor_flag"": 1, ""TempC_DS18B20"": 32.76}"
2025-09-21 15:40:33.113605581+00:00,dds75-lb-21,2,-33,10.5,"{""Bat"": 3.333, ""Distance_mm"": 719, ""Interrupt_flag"": 0, ""Node_type"": ""DDS75-LB"", ""Sensor_flag"": 1, ""TempC_DS18B20"": 32.76}"
2025-09-21 15:41:33.102979248+00:00,dds75-lb-21,2,-112,3.5,"{""Bat"": 3.333, ""Distance_mm"": 719, ""Interrupt_flag"": 0, ""Node_type"": ""DDS75-LB"", ""Sensor_flag"": 1, ""TempC_DS18B20"": 32.76}"
2025-09-21 15:42:33.081315391+00:00,dds75-lb-21,2,-116,,"{""Bat"": 3.333, ""Distance_mm"": 719, ""Interrupt_flag"": 0, ""Node_type"": ""DDS75-LB"", ""Sensor_flag"": 1, ""TempC_DS18B20"": 32.76}"
2025-09-21 15:43:33.085590120+00:00,dds75-lb-21,2,-33,9.75,"{""Bat"": 3.333, ""Distance_mm"": 719, ""Interrupt_flag"": 0, ""Node_type"": ""DDS75-LB"", ""Sensor_flag"": 1, ""TempC_DS18B20"": 32.76}"
2025-09-21 15:44:33.046719325+00:00,dds75-lb-21,2,-33,9.75,"{""Bat"": 3.333, ""Distance_mm"": 719, ""Interrupt_flag"": 0, ""Node_type"": ""DDS75-LB"", ""Sensor_flag"": 1, ""TempC_DS18B20"": 32.76}"
2025-09-21 15:45:33.073052541+00:00,dds75-lb-21,2,-33,9.25,"{""Bat"": 3.333, ""Distance_mm"": 719, ""Interrupt_flag"": 0, ""Node_type"": ""DDS75-LB"", ""Sensor_flag"": 1, ""TempC_DS18B20"": 32.76}"
2025-09-21 15:46:33.056747820+00:00,dds75-lb-21,2,-31,7.25,"{""Bat"": 3.333, ""Distance_mm"": 719, ""Interrupt_flag"": 0, ""Node_type"": ""DDS75-LB"", ""Sensor_flag"": 1, ""TempC_DS18B20"": 32.76}"
2025-09-21 15:47:33.025213004+00:00,dds75-lb-21,2,-31,6.5,"{""Bat"": 3.333, ""Distance_mm"": 719, ""Interrupt_flag"": 0, ""Node_type"": ""DDS75-LB"", ""Sensor_flag"": 1, ""TempC_DS18B20"": 32.76}"
2025-09-21 15:48:33.014798410+00:00,dds75-lb-21,2,-115,,"{""Bat"": 3.333, ""Distance_mm"": 719, ""Interrupt_flag"": 0, ""Node_type"": ""DDS75-LB"", ""Sensor_flag"": 1, ""TempC_DS18B20"": 32.76}"
2025-09-21 15:49:33.021738361+00:00,dds75-lb-21,2,-114,2.25,"{""Bat"": 3.333, ""Distance_mm"": 719, ""Interrupt_flag"": 0, ""Node_type"": ""DDS75-LB"", ""Sensor_flag"": 1, ""TempC_DS18B20"": 32.76}"
2025-09-21 15:50:33.003184990+00:00,dds75-lb-21,2,-31,8.75,"{""Bat"": 3.333, ""Distance_mm"": 719, ""Interrupt_flag"": 0, ""Node_type"": ""DDS75-LB"", ""Sensor_flag"": 1, ""TempC_DS18B20"": 32.76}"
2025-09-21 15:51:32.994985670+00:00,dds75-lb-21,2,-33,9.5,"{""Bat"": 3.333, ""Distance_mm"": 719, ""Interrupt_flag"": 0, ""Node_type"": ""DDS75-LB"", ""Sensor_flag"": 1, ""TempC_DS18B20"": 32.76}"
2025-09-21 15:52:32.975197834+00:00,dds75-lb-21,2,-33,10.0,"{""Bat"": 3.333, ""Distance_mm"": 719, ""Interrupt_flag"": 0, ""Node_type"": ""DDS75-LB"", ""Sensor_flag"": 1, ""TempC_DS18B20"": 32.76}"
2025-09-21 15:53:32.976745915+00:00,dds75-lb-21,2,-32,9.75,"{""Bat"": 3.333, ""Distance_mm"": 719, ""Interrupt_flag"": 0, ""Node_type"": ""DDS75-LB"", ""Sensor_flag"": 1, ""TempC_DS18B20"": 32.76}"
2025-09-21 15:54:32.954655185+00:00,dds75-lb-21,2,-32,7.25,"{""Bat"": 3.333, ""Distance_mm"": 719, ""Interrupt_flag"": 0, ""Node_type"": ""DDS75-LB"", ""Sensor_flag"": 1, ""TempC_DS18B20"": 32.76}"
2025-09-21 15:55:32.955248485+00:00,dds75-lb-21,2,-32,6.75,"{""Bat"": 3.333, ""Distance_mm"": 719, ""Interrupt_flag"": 0, ""Node_type"": ""DDS75-LB"", ""Sensor_flag"": 1, ""TempC_DS18B20"": 32.76}"
2025-09-21 15:56:32.932807059+00:00,dds75-lb-21,2,-33,9.25,"{""Bat"": 3.333, ""Distance_mm"": 719, ""Interrupt_flag"": 0, ""Node_type"": ""DDS75-LB"", ""Sensor_flag"": 1, ""TempC_DS18B20"": 32.76}"
2025-09-21 15:57:32.931977633+00:00,dds75-lb-21,2,-114,2.5,"{""Bat"": 3.333, ""Distance_mm"": 719, ""Interrupt_flag"": 0, ""Node_type"": ""DDS75-LB"", ""Sensor_flag"": 1, ""TempC_DS18B20"": 32.76}"
2025-09-21 15:58:32.914724721+00:00,dds75-lb-21,2,-35,8.5,"{""Bat"": 3.333, ""Distance_mm"": 719, ""Interrupt_flag"": 0, ""Node_type"": ""DDS75-LB"", ""Sensor_flag"": 1, ""TempC_DS18B20"": 32.76}"
2025-09-21 15:59:32.930470515+00:00,dds75-lb-21,2,-31,7.25,"{""Bat"": 3.333, ""Distance_mm"": 719, ""Interrupt_flag"": 0, ""Node_type"": ""DDS75-LB"", ""Sensor_flag"": 1, ""TempC_DS18B20"": 32.76}"
2025-09-21 16:00:32.901612729+00:00,dds75-lb-21,2,-119,-2.5,"{""Bat"": 3.333, ""Distance_mm"": 720, ""Interrupt_flag"": 0, ""Node_type"": ""DDS75-LB"", ""Sensor_flag"": 1, ""TempC_DS18B20"": 32.76}"
2025-09-21 16:01:32.903971884+00:00,dds75-lb-21,2,-116,-0.75,"{""Bat"": 3.333, ""Distance_mm"": 720, ""Interrupt_flag"": 0, ""Node_type"": ""DDS75-LB"", ""Sensor_flag"": 1, ""TempC_DS18B20"": 32.76}"
2025-09-21 16:02:32.871550342+00:00,dds75-lb-21,2,-115,0.5,"{""Bat"": 3.333, ""Distance_mm"": 720, ""Interrupt_flag"": 0, ""Node_type"": ""DDS75-LB"", ""Sensor_flag"": 1, ""TempC_DS18B20"": 32.76}"
2025-09-21 16:03:32.862925629+00:00,dds75-lb-21,2,-31,9.25,"{""Bat"": 3.333, ""Distance_mm"": 720, ""Interrupt_flag"": 0, ""Node_type"": ""DDS75-LB"", ""Sensor_flag"": 1, ""TempC_DS18B20"": 32.76}"
2025-09-21 16:04:32.875917107+00:00,dds75-lb-21,2,-33,10.5,"{""Bat"": 3.333, ""Distance_mm"": 720, ""Interrupt_flag"": 0, ""Node_type"": ""DDS75-LB"", ""Sensor_flag"": 1, ""TempC_DS18B20"": 32.76}"
2025-09-21 16:05:32.855223567+00:00,dds75-lb-21,2,-33,11.25,"{""Bat"": 3.333, ""Distance_mm"": 720, ""Interrupt_flag"": 0, ""Node_type"": ""DDS75-LB"", ""Sensor_flag"": 1, ""TempC_DS18B20"": 32.76}"
2025-09-21 16:06:32.829332017+00:00,dds75-lb-21,2,-116,-0.25,"{""Bat"": 3.333, ""Distance_mm"": 720, ""Interrupt_flag"": 0, ""Node_type"": ""DDS75-LB"", ""Sensor_flag"": 1, ""TempC_DS18B20"": 32.76}"
2025-09-21 16:07:32.834616568+00:00,dds75-lb-21,2,-35,6.75,"{""Bat"": 3.333, ""Distance_mm"": 720, ""Interrupt_flag"": 0, ""Node_type"": ""DDS75-LB"", ""Sensor_flag"": 1, ""TempC_DS18B20"": 32.76}"
2025-09-21 16:08:32.863187549+00:00,dds75-lb-21,2,-30,9.5,"{""Bat"": 3.333, ""Distance_mm"": 720, ""Interrupt_flag"": 0, ""Node_type"": ""DDS75-LB"", ""Sensor_flag"": 1, ""TempC_DS18B20"": 32.76}"
2025-09-21 16:09:32.810132426+00:00,dds75-lb-21,2,-32,9.0,"{""Bat"": 3.333, ""Distance_mm"": 720, ""Interrupt_flag"": 0, ""Node_type"": ""DDS75-LB"", ""Sensor_flag"": 1, ""TempC_DS18B20"": 32.76}"
2025-09-21 16:10:32.812257414+00:00,dds75-lb-21,2,-30,7.25,"{""Bat"": 3.333, ""Distance_mm"": 720, ""Interrupt_flag"": 0, ""Node_type"": ""DDS75-LB"", ""Sensor_flag"": 1, ""TempC_DS18B20"": 32.76}"
2025-09-21 16:11:32.793358859+00:00,dds75-lb-21,2,-32,10.0,"{""Bat"": 3.333, ""Distance_mm"": 720, ""Interrupt_flag"": 0, ""Node_type"": ""DDS75-LB"", ""Sensor_flag"": 1, ""TempC_DS18B20"": 32.76}"
2025-09-21 16:12:32.783636118+00:00,dds75-lb-21,2,-115,0.75,"{""Bat"": 3.333, ""Distance_mm"": 720, ""Interrupt_flag"": 0, ""Node_type"": ""DDS75-LB"", ""Sensor_flag"": 1, ""TempC_DS18B20"": 32.76}"
2025-09-21 16:13:32.774225009+00:00,dds75-lb-21,2,-115,1.25,"{""Bat"": 3.333, ""Distance_mm"": 720, ""Interrupt_flag"": 0, ""Node_type"": ""DDS75-LB"", ""Sensor_flag"": 1, ""TempC_DS18B20"": 32.76}"
2025-09-21 16:14:32.753843443+00:00,dds75-lb-21,2,-35,9.5,"{""Bat"": 3.333, ""Distance_mm"": 720, ""Interrupt_flag"": 0, ""Node_type"": ""DDS75-LB"", ""Sensor_flag"": 1, ""TempC_DS18B20"": 32.76}"
2025-09-21 16:15:32.765959092+00:00,dds75-lb-21,2,-33,7.25,"{""Bat"": 3.333, ""Distance_mm"": 720, ""Interrupt_flag"": 0, ""Node_type"": ""DDS75-LB"", ""Sensor_flag"": 1, ""TempC_DS18B20"": 32.76}"
2025-09-21 16:16:32.732400961+00:00,dds75-lb-21,2,-32,9.25,"{""Bat"": 3.333, ""Distance_mm"": 720, ""Interrupt_flag"": 0, ""Node_type"": ""DDS75-LB"", ""Sensor_flag"": 1, ""TempC_DS18B20"": 32.76}"
2025-09-21 16:17:32.733473068+00:00,dds75-lb-21,2,-116,-0.75,"{""Bat"": 3.333, ""Distance_mm"": 720, ""Interrupt_flag"": 0, ""Node_type"": ""DDS75-LB"", ""Sensor_flag"": 1, ""TempC_DS18B20"": 32.76}"
2025-09-21 16:18:32.712170932+00:00,dds75-lb-21,2,-32,10.0,"{""Bat"": 3.333, ""Distance_mm"": 720, ""Interrupt_flag"": 0, ""Node_type"": ""DDS75-LB"", ""Sensor_flag"": 1, ""TempC_DS18B20"": 32.76}"
2025-09-21 16:19:32.704823165+00:00,dds75-lb-21,2,-31,7.25,"{""Bat"": 3.333, ""Distance_mm"": 720, ""Interrupt_flag"": 0, ""Node_type"": ""DDS75-LB"", ""Sensor_flag"": 1, ""TempC_DS18B20"": 32.76}"
2025-09-21 16:20:32.703037852+00:00,dds75-lb-21,2,-32,7.25,"{""Bat"": 3.333, ""Distance_mm"": 720, ""Interrupt_flag"": 0, ""Node_type"": ""DDS75-LB"", ""Sensor_flag"": 1, ""TempC_DS18B20"": 32.76}"
2025-09-21 16:21:32.687901885+00:00,dds75-lb-21,2,-33,10.0,"{""Bat"": 3.333, ""Distance_mm"": 720, ""Interrupt_flag"": 0, ""Node_type"": ""DDS75-LB"", ""Sensor_flag"": 1, ""TempC_DS18B20"": 32.76}"
2025-09-21 16:22:32.685456465+00:00,dds75-lb-21,2,-33,10.0,"{""Bat"": 3.333, ""Distance_mm"": 720, ""Interrupt_flag"": 0, ""Node_type"": ""DDS75-LB"", ""Sensor_flag"": 1, ""TempC_DS18B20"": 32.76}"
2025-09-21 16:23:32.664317996+00:00,dds75-lb-21,2,-31,9.0,"{""Bat"": 3.333, ""Distance_mm"": 720, ""Interrupt_flag"": 0, ""Node_type"": ""DDS75-LB"", ""Sensor_flag"": 1, ""TempC_DS18B20"": 32.76}"
2025-09-21 16:24:32.651915501+00:00,dds75-lb-21,2,-115,0.25,"{""Bat"": 3.333, ""Distance_mm"": 720, ""Interrupt_flag"": 0, ""Node_type"": ""DDS75-LB"", ""Sensor_flag"": 1, ""TempC_DS18B20"": 32.76}"
2025-09-21 16:25:32.651280142+00:00,dds75-lb-21,2,-115,-1.25,"{""Bat"": 3.333, ""Distance_mm"": 720, ""Interrupt_flag"": 0, ""Node_type"": ""DDS75-LB"", ""Sensor_flag"": 1, ""TempC_DS18B20"": 32.76}"
2025-09-21 16:26:32.633328539+00:00,dds75-lb-21,2,-117,-1.25,"{""Bat"": 3.333, ""Distance_mm"": 720, ""Interrupt_flag"": 0, ""Node_type"": ""DDS75-LB"", ""Sensor_flag"": 1, ""TempC_DS18B20"": 32.76}"
2025-09-21 16:27:32.625747358+00:00,dds75-lb-21,2,-32,9.25,"{""Bat"": 3.333, ""Distance_mm"": 720, ""Interrupt_flag"": 0, ""Node_type"": ""DDS75-LB"", ""Sensor_flag"": 1, ""TempC_DS18B20"": 32.76}"
2025-09-21 16:28:32.615338725+00:00,dds75-lb-21,2,-114,2.5,"{""Bat"": 3.333, ""Distance_mm"": 720, ""Interrupt_flag"": 0, ""Node_type"": ""DDS75-LB"", ""Sensor_flag"": 1, ""TempC_DS18B20"": 32.76}"
2025-09-21 16:29:32.610529616+00:00,dds75-lb-21,2,-31,9.75,"{""Bat"": 3.333, ""Distance_mm"": 720, ""Interrupt_flag"": 0, ""Node_type"": ""DDS75-LB"", ""Sensor_flag"": 1, ""TempC_DS18B20"": 32.76}"
2025-09-21 16:30:32.592777347+00:00,dds75-lb-21,2,-35,11.0,"{""Bat"": 3.333, ""Distance_mm"": 720, ""Interrupt_flag"": 0, ""Node_type"": ""DDS75-LB"", ""Sensor_flag"": 1, ""TempC_DS18B20"": 32.76}"
2025-09-21 16:31:32.595518140+00:00,dds75-lb-21,2,-31,10.0,"{""Bat"": 3.333, ""Distance_mm"": 720, ""Interrupt_flag"": 0, ""Node_type"": ""DDS75-LB"", ""Sensor_flag"": 1, ""TempC_DS18B20"": 32.76}"
2025-09-21 16:32:32.600241907+00:00,dds75-lb-21,2,-118,-5.25,"{""Bat"": 3.333, ""Distance_mm"": 720, ""Interrupt_flag"": 0, ""Node_type"": ""DDS75-LB"", ""Sensor_flag"": 1, ""TempC_DS18B20"": 32.76}"
2025-09-21 16:33:32.576695607+00:00,dds75-lb-21,2,-119,-1.75,"{""Bat"": 3.333, ""Distance_mm"": 720, ""Interrupt_flag"": 0, ""Node_type"": ""DDS75-LB"", ""Sensor_flag"": 1, ""TempC_DS18B20"": 32.76}"
2025-09-21 16:34:32.563068371+00:00,dds75-lb-21,2,-115,-5.5,"{""Bat"": 3.333, ""Distance_mm"": 720, ""Interrupt_flag"": 0, ""Node_type"": ""DDS75-LB"", ""Sensor_flag"": 1, ""TempC_DS18B20"": 32.76}"
2025-09-21 16:35:32.545859910+00:00,dds75-lb-21,2,-31,6.75,"{""Bat"": 3.333, ""Distance_mm"": 720, ""Interrupt_flag"": 0, ""Node_type"": ""DDS75-LB"", ""Sensor_flag"": 1, ""TempC_DS18B20"": 32.76}"
2025-09-21 16:36:32.515043865+00:00,dds75-lb-21,2,-31,7.75,"{""Bat"": 3.333, ""Distance_mm"": 720, ""Interrupt_flag"": 0, ""Node_type"": ""DDS75-LB"", ""Sensor_flag"": 1, ""TempC_DS18B20"": 32.76}"
2025-09-21 16:37:32.534693572+00:00,dds75-lb-21,2,-32,8.5,"{""Bat"": 3.333, ""Distance_mm"": 720, ""Interrupt_flag"": 0, ""Node_type"": ""DDS75-LB"", ""Sensor_flag"": 1, ""TempC_DS18B20"": 32.76}"
2025-09-21 16:38:32.522703364+00:00,dds75-lb-21,2,-32,9.0,"{""Bat"": 3.333, ""Distance_mm"": 720, ""Interrupt_flag"": 0, ""Node_type"": ""DDS75-LB"", ""Sensor_flag"": 1, ""TempC_DS18B20"": 32.76}"
2025-09-21 16:39:32.507722028+00:00,dds75-lb-21,2,-32,8.0,"{""Bat"": 3.333, ""Distance_mm"": 720, ""Interrupt_flag"": 0, ""Node_type"": ""DDS75-LB"", ""Sensor_flag"": 1, ""TempC_DS18B20"": 32.76}"
2025-09-21 16:40:32.512605643+00:00,dds75-lb-21,2,-31,9.5,"{""Bat"": 3.333, ""Distance_mm"": 720, ""Interrupt_flag"": 0, ""Node_type"": ""DDS75-LB"", ""Sensor_flag"": 1, ""TempC_DS18B20"": 32.76}"
2025-09-21 16:41:32.483922669+00:00,dds75-lb-21,2,-117,-1.25,"{""Bat"": 3.333, ""Distance_mm"": 720, ""Interrupt_flag"": 0, ""Node_type"": ""DDS75-LB"", ""Sensor_flag"": 1, ""TempC_DS18B20"": 32.76}"
2025-09-21 16:42:32.465475647+00:00,dds75-lb-21,2,-32,9.5,"{""Bat"": 3.333, ""Distance_mm"": 720, ""Interrupt_flag"": 0, ""Node_type"": ""DDS75-LB"", ""Sensor_flag"": 1, ""TempC_DS18B20"": 32.76}"
2025-09-21 16:43:32.448941315+00:00,dds75-lb-21,2,-32,8.25,"{""Bat"": 3.333, ""Distance_mm"": 720, ""Interrupt_flag"": 0, ""Node_type"": ""DDS75-LB"", ""Sensor_flag"": 1, ""TempC_DS18B20"": 32.76}"
2025-09-21 16:44:32.456123783+00:00,dds75-lb-21,2,-33,9.75,"{""Bat"": 3.333, ""Distance_mm"": 720, ""Interrupt_flag"": 0, ""Node_type"": ""DDS75-LB"", ""Sensor_flag"": 1, ""TempC_DS18B20"": 32.76}"
2025-09-21 16:45:32.438669214+00:00,dds75-lb-21,2,-32,9.0,"{""Bat"": 3.333, ""Distance_mm"": 720, ""Interrupt_flag"": 0, ""Node_type"": ""DDS75-LB"", ""Sensor_flag"": 1, ""TempC_DS18B20"": 32.76}"
2025-09-21 16:46:32.428382597+00:00,dds75-lb-21,2,-33,9.0,"{""Bat"": 3.333, ""Distance_mm"": 720, ""Interrupt_flag"": 0, ""Node_type"": ""DDS75-LB"", ""Sensor_flag"": 1, ""TempC_DS18B20"": 32.76}"
2025-09-21 16:47:32.417042277+00:00,dds75-lb-21,2,-115,-1.25,"{""Bat"": 3.333, ""Distance_mm"": 720, ""Interrupt_flag"": 0, ""Node_type"": ""DDS75-LB"", ""Sensor_flag"": 1, ""TempC_DS18B20"": 32.76}"
2025-09-21 16:48:32.410922147+00:00,dds75-lb-21,2,-32,9.5,"{""Bat"": 3.333, ""Distance_mm"": 720, ""Interrupt_flag"": 0, ""Node_type"": ""DDS75-LB"", ""Sensor_flag"": 1, ""TempC_DS18B20"": 32.76}"
2025-09-21 16:49:32.405722099+00:00,dds75-lb-21,2,-115,0.5,"{""Bat"": 3.333, ""Distance_mm"": 720, ""Interrupt_flag"": 0, ""Node_type"": ""DDS75-LB"", ""Sensor_flag"": 1, ""TempC_DS18B20"": 32.76}"
2025-09-21 16:50:32.380780616+00:00,dds75-lb-21,2,-32,9.0,"{""Bat"": 3.333, ""Distance_mm"": 720, ""Interrupt_flag"": 0, ""Node_type"": ""DDS75-LB"", ""Sensor_flag"": 1, ""TempC_DS18B20"": 32.76}"
2025-09-21 16:51:32.372672218+00:00,dds75-lb-21,2,-32,9.75,"{""Bat"": 3.333, ""Distance_mm"": 720, ""Interrupt_flag"": 0, ""Node_type"": ""DDS75-LB"", ""Sensor_flag"": 1, ""TempC_DS18B20"": 32.76}"
2025-09-21 16:52:32.369943285+00:00,dds75-lb-21,2,-32,9.75,"{""Bat"": 3.333, ""Distance_mm"": 720, ""Interrupt_flag"": 0, ""Node_type"": ""DDS75-LB"", ""Sensor_flag"": 1, ""TempC_DS18B20"": 32.76}"
2025-09-21 16:53:32.357170156+00:00,dds75-lb-21,2,-31,9.25,"{""Bat"": 3.333, ""Distance_mm"": 720, ""Interrupt_flag"": 0, ""Node_type"": ""DDS75-LB"", ""Sensor_flag"": 1, ""TempC_DS18B20"": 32.76}"
2025-09-21 16:54:32.342355650+00:00,dds75-lb-21,2,-33,9.5,"{""Bat"": 3.333, ""Distance_mm"": 720, ""Interrupt_flag"": 0, ""Node_type"": ""DDS75-LB"", ""Sensor_flag"": 1, ""TempC_DS18B20"": 32.76}"
2025-09-21 16:55:32.321153945+00:00,dds75-lb-21,2,-33,8.75,"{""Bat"": 3.333, ""Distance_mm"": 720, ""Interrupt_flag"": 0, ""Node_type"": ""DDS75-LB"", ""Sensor_flag"": 1, ""TempC_DS18B20"": 32.76}"
2025-09-21 16:56:32.333706825+00:00,dds75-lb-21,2,-118,-2.75,"{""Bat"": 3.333, ""Distance_mm"": 720, ""Interrupt_flag"": 0, ""Node_type"": ""DDS75-LB"", ""Sensor_flag"": 1, ""TempC_DS18B20"": 32.76}"
2025-09-21 16:57:32.293080456+00:00,dds75-lb-21,2,-33,9.25,"{""Bat"": 3.333, ""Distance_mm"": 720, ""Interrupt_flag"": 0, ""Node_type"": ""DDS75-LB"", ""Sensor_flag"": 1, ""TempC_DS18B20"": 32.76}"
2025-09-21 16:58:32.289928043+00:00,dds75-lb-21,2,-32,7.75,"{""Bat"": 3.333, ""Distance_mm"": 720, ""Interrupt_flag"": 0, ""Node_type"": ""DDS75-LB"", ""Sensor_flag"": 1, ""TempC_DS18B20"": 32.76}"
2025-09-21 16:59:32.292087235+00:00,dds75-lb-21,2,-32,9.75,"{""Bat"": 3.333, ""Distance_mm"": 720, ""Interrupt_flag"": 0, ""Node_type"": ""DDS75-LB"", ""Sensor_flag"": 1, ""TempC_DS18B20"": 32.76}"
2025-09-21 17:00:32.271930097+00:00,dds75-lb-21,2,-33,9.5,"{""Bat"": 3.333, ""Distance_mm"": 720, ""Interrupt_flag"": 0, ""Node_type"": ""DDS75-LB"", ""Sensor_flag"": 1, ""TempC_DS18B20"": 32.76}"
2025-09-21 17:01:32.267303595+00:00,dds75-lb-21,2,-33,10.0,"{""Bat"": 3.333, ""Distance_mm"": 720, ""Interrupt_flag"": 0, ""Node_type"": ""DDS75-LB"", ""Sensor_flag"": 1, ""TempC_DS18B20"": 32.76}"
2025-09-21 17:02:32.256652613+00:00,dds75-lb-21,2,-116,0.25,"{""Bat"": 3.333, ""Distance_mm"": 720, ""Interrupt_flag"": 0, ""Node_type"": ""DDS75-LB"", ""Sensor_flag"": 1, ""TempC_DS18B20"": 32.76}"
2025-09-21 17:03:32.231461639+00:00,dds75-lb-21,2,-32,9.5,"{""Bat"": 3.333, ""Distance_mm"": 720, ""Interrupt_flag"": 0, ""Node_type"": ""DDS75-LB"", ""Sensor_flag"": 1, ""TempC_DS18B20"": 32.76}"
2025-09-21 17:04:32.239607753+00:00,dds75-lb-21,2,-32,10.0,"{""Bat"": 3.333, ""Distance_mm"": 720, ""Interrupt_flag"": 0, ""Node_type"": ""DDS75-LB"", ""Sensor_flag"": 1, ""TempC_DS18B20"": 32.76}"
2025-09-21 17:05:32.244555487+00:00,dds75-lb-21,2,-117,-1.75,"{""Bat"": 3.333, ""Distance_mm"": 720, ""Interrupt_flag"": 0, ""Node_type"": ""DDS75-LB"", ""Sensor_flag"": 1, ""TempC_DS18B20"": 32.76}"
2025-09-21 17:06:32.211129891+00:00,dds75-lb-21,2,-32,7.75,"{""Bat"": 3.333, ""Distance_mm"": 720, ""Interrupt_flag"": 0, ""Node_type"": ""DDS75-LB"", ""Sensor_flag"": 1, ""TempC_DS18B20"": 32.76}"
2025-09-21 17:07:32.198890380+00:00,dds75-lb-21,2,-30,8.0,"{""Bat"": 3.333, ""Distance_mm"": 720, ""Interrupt_flag"": 0, ""Node_type"": ""DDS75-LB"", ""Sensor_flag"": 1, ""TempC_DS18B20"": 32.76}"
2025-09-21 17:08:32.196602797+00:00,dds75-lb-21,2,-33,7.75,"{""Bat"": 3.333, ""Distance_mm"": 720, ""Interrupt_flag"": 0, ""Node_type"": ""DDS75-LB"", ""Sensor_flag"": 1, ""TempC_DS18B20"": 32.76}"
2025-09-21 17:09:32.182112444+00:00,dds75-lb-21,2,-116,-0.75,"{""Bat"": 3.333, ""Distance_mm"": 720, ""Interrupt_flag"": 0, ""Node_type"": ""DDS75-LB"", ""Sensor_flag"": 1, ""TempC_DS18B20"": 32.76}"
2025-09-21 17:10:32.179317914+00:00,dds75-lb-21,2,-33,9.0,"{""Bat"": 3.333, ""Distance_mm"": 720, ""Interrupt_flag"": 0, ""Node_type"": ""DDS75-LB"", ""Sensor_flag"": 1, ""TempC_DS18B20"": 32.76}"
2025-09-21 17:11:32.161397471+00:00,dds75-lb-21,2,-116,-1.75,"{""Bat"": 3.333, ""Distance_mm"": 720, ""Interrupt_flag"": 0, ""Node_type"": ""DDS75-LB"", ""Sensor_flag"": 1, ""TempC_DS18B20"": 32.76}"
2025-09-21 17:12:32.162319797+00:00,dds75-lb-21,2,-30,9.5,"{""Bat"": 3.333, ""Distance_mm"": 720, ""Interrupt_flag"": 0, ""Node_type"": ""DDS75-LB"", ""Sensor_flag"": 1, ""TempC_DS18B20"": 32.76}"
2025-09-21 17:13:32.148962706+00:00,dds75-lb-21,2,-35,9.25,"{""Bat"": 3.333, ""Distance_mm"": 720, ""Interrupt_flag"": 0, ""Node_type"": ""DDS75-LB"", ""Sensor_flag"": 1, ""TempC_DS18B20"": 32.76}"
2025-09-21 17:14:32.130943775+00:00,dds75-lb-21,2,-116,,"{""Bat"": 3.333, ""Distance_mm"": 720, ""Interrupt_flag"": 0, ""Node_type"": ""DDS75-LB"", ""Sensor_flag"": 1, ""TempC_DS18B20"": 32.76}"
2025-09-21 17:15:32.112448714+00:00,dds75-lb-21,2,-33,10.5,"{""Bat"": 3.333, ""Distance_mm"": 720, ""Interrupt_flag"": 0, ""Node_type"": ""DDS75-LB"", ""Sensor_flag"": 1, ""TempC_DS18B20"": 32.76}"
2025-09-21 17:16:32.112884993+00:00,dds75-lb-21,2,-33,9.25,"{""Bat"": 3.333, ""Distance_mm"": 720, ""Interrupt_flag"": 0, ""Node_type"": ""DDS75-LB"", ""Sensor_flag"": 1, ""TempC_DS18B20"": 32.76}"
2025-09-21 17:17:32.110310758+00:00,dds75-lb-21,2,-33,10.25,"{""Bat"": 3.333, ""Distance_mm"": 720, ""Interrupt_flag"": 0, ""Node_type"": ""DDS75-LB"", ""Sensor_flag"": 1, ""TempC_DS18B20"": 32.76}"
2025-09-21 17:18:32.102428196+00:00,dds75-lb-21,2,-33,10.25,"{""Bat"": 3.333, ""Distance_mm"": 720, ""Interrupt_flag"": 0, ""Node_type"": ""DDS75-LB"", ""Sensor_flag"": 1, ""TempC_DS18B20"": 32.76}"
2025-09-21 17:19:32.078325196+00:00,dds75-lb-21,2,-32,7.25,"{""Bat"": 3.333, ""Distance_mm"": 720, ""Interrupt_flag"": 0, ""Node_type"": ""DDS75-LB"", ""Sensor_flag"": 1, ""TempC_DS18B20"": 32.76}"
2025-09-21 17:20:32.069500656+00:00,dds75-lb-21,2,-31,9.0,"{""Bat"": 3.333, ""Distance_mm"": 720, ""Interrupt_flag"": 0, ""Node_type"": ""DDS75-LB"", ""Sensor_flag"": 1, ""TempC_DS18B20"": 32.76}"
2025-09-21 17:21:32.051384861+00:00,dds75-lb-21,2,-31,9.5,"{""Bat"": 3.333, ""Distance_mm"": 720, ""Interrupt_flag"": 0, ""Node_type"": ""DDS75-LB"", ""Sensor_flag"": 1, ""TempC_DS18B20"": 32.76}"
2025-09-21 17:22:32.041887198+00:00,dds75-lb-21,2,-31,6.75,"{""Bat"": 3.333, ""Distance_mm"": 720, ""Interrupt_flag"": 0, ""Node_type"": ""DDS75-LB"", ""Sensor_flag"": 1, ""TempC_DS18B20"": 32.76}"
2025-09-21 17:23:32.030417580+00:00,dds75-lb-21,2,-32,7.25,"{""Bat"": 3.333, ""Distance_mm"": 720, ""Interrupt_flag"": 0, ""Node_type"": ""DDS75-LB"", ""Sensor_flag"": 1, ""TempC_DS18B20"": 32.76}"
2025-09-21 17:24:32.030768410+00:00,dds75-lb-21,2,-33,6.5,"{""Bat"": 3.333, ""Distance_mm"": 720, ""Interrupt_flag"": 0, ""Node_type"": ""DDS75-LB"", ""Sensor_flag"": 1, ""TempC_DS18B20"": 32.76}"
2025-09-21 17:25:32.019011662+00:00,dds75-lb-21,2,-32,9.25,"{""Bat"": 3.333, ""Distance_mm"": 720, ""Interrupt_flag"": 0, ""Node_type"": ""DDS75-LB"", ""Sensor_flag"": 1, ""TempC_DS18B20"": 32.76}"
2025-09-21 17:26:32.000637516+00:00,dds75-lb-21,2,-35,10.25,"{""Bat"": 3.333, ""Distance_mm"": 720, ""Interrupt_flag"": 0, ""Node_type"": ""DDS75-LB"", ""Sensor_flag"": 1, ""TempC_DS18B20"": 32.76}"
2025-09-21 17:27:31.976385322+00:00,dds75-lb-21,2,-31,7.25,"{""Bat"": 3.333, ""Distance_mm"": 720, ""Interrupt_flag"": 0, ""Node_type"": ""DDS75-LB"", ""Sensor_flag"": 1, ""TempC_DS18B20"": 32.76}"
2025-09-21 17:28:31.997167605+00:00,dds75-lb-21,2,-32,9.0,"{""Bat"": 3.333, ""Distance_mm"": 720, ""Interrupt_flag"": 0, ""Node_type"": ""DDS75-LB"", ""Sensor_flag"": 1, ""TempC_DS18B20"": 32.76}"
2025-09-21 17:29:31.971030351+00:00,dds75-lb-21,2,-33,9.5,"{""Bat"": 3.333, ""Distance_mm"": 720, ""Interrupt_flag"": 0, ""Node_type"": ""DDS75-LB"", ""Sensor_flag"": 1, ""TempC_DS18B20"": 32.76}"
2025-09-21 17:30:31.960560622+00:00,dds75-lb-21,2,-30,7.5,"{""Bat"": 3.333, ""Distance_mm"": 720, ""Interrupt_flag"": 0, ""Node_type"": ""DDS75-LB"", ""Sensor_flag"": 1, ""TempC_DS18B20"": 32.76}"
2025-09-21 17:31:31.950874901+00:00,dds75-lb-21,2,-31,6.75,"{""Bat"": 3.333, ""Distance_mm"": 720, ""Interrupt_flag"": 0, ""Node_type"": ""DDS75-LB"", ""Sensor_flag"": 1, ""TempC_DS18B20"": 32.76}"
2025-09-21 17:32:31.953685748+00:00,dds75-lb-21,2,-31,7.0,"{""Bat"": 3.333, ""Distance_mm"": 720, ""Interrupt_flag"": 0, ""Node_type"": ""DDS75-LB"", ""Sensor_flag"": 1, ""TempC_DS18B20"": 32.76}"
2025-09-21 17:33:31.950771437+00:00,dds75-lb-21,2,-32,10.0,"{""Bat"": 3.333, ""Distance_mm"": 720, ""Interrupt_flag"": 0, ""Node_type"": ""DDS75-LB"", ""Sensor_flag"": 1, ""TempC_DS18B20"": 32.76}"
2025-09-21 17:34:31.916759032+00:00,dds75-lb-21,2,-35,10.0,"{""Bat"": 3.333, ""Distance_mm"": 720, ""Interrupt_flag"": 0, ""Node_type"": ""DDS75-LB"", ""Sensor_flag"": 1, ""TempC_DS18B20"": 32.76}"
2025-09-21 17:35:31.907010697+00:00,dds75-lb-21,2,-33,9.75,"{""Bat"": 3.333, ""Distance_mm"": 720, ""Interrupt_flag"": 0, ""Node_type"": ""DDS75-LB"", ""Sensor_flag"": 1, ""TempC_DS18B20"": 32.76}"
2025-09-21 17:36:31.884466909+00:00,dds75-lb-21,2,-32,9.25,"{""Bat"": 3.333, ""Distance_mm"": 720, ""Interrupt_flag"": 0, ""Node_type"": ""DDS75-LB"", ""Sensor_flag"": 1, ""TempC_DS18B20"": 32.76}"
2025-09-21 17:37:31.885574616+00:00,dds75-lb-21,2,-33,10.0,"{""Bat"": 3.333, ""Distance_mm"": 720, ""Interrupt_flag"": 0, ""Node_type"": ""DDS75-LB"", ""Sensor_flag"": 1, ""TempC_DS18B20"": 32.76}"
2025-09-21 17:38:31.864946659+00:00,dds75-lb-21,2,-31,8.5,"{""Bat"": 3.333, ""Distance_mm"": 720, ""Interrupt_flag"": 0, ""Node_type"": ""DDS75-LB"", ""Sensor_flag"": 1, ""TempC_DS18B20"": 32.76}"
2025-09-21 17:39:31.863174232+00:00,dds75-lb-21,2,-32,7.5,"{""Bat"": 3.333, ""Distance_mm"": 720, ""Interrupt_flag"": 0, ""Node_type"": ""DDS75-LB"", ""Sensor_flag"": 1, ""TempC_DS18B20"": 32.76}"
2025-09-21 17:40:31.857694929+00:00,dds75-lb-21,2,-32,6.5,"{""Bat"": 3.333, ""Distance_mm"": 720, ""Interrupt_flag"": 0, ""Node_type"": ""DDS75-LB"", ""Sensor_flag"": 1, ""TempC_DS18B20"": 32.76}"
2025-09-21 17:41:31.826388681+00:00,dds75-lb-21,2,-32,9.5,"{""Bat"": 3.333, ""Distance_mm"": 720, ""Interrupt_flag"": 0, ""Node_type"": ""DDS75-LB"", ""Sensor_flag"": 1, ""TempC_DS18B20"": 32.76}"
2025-09-21 17:42:31.837705175+00:00,dds75-lb-21,2,-35,9.5,"{""Bat"": 3.333, ""Distance_mm"": 720, ""Interrupt_flag"": 0, ""Node_type"": ""DDS75-LB"", ""Sensor_flag"": 1, ""TempC_DS18B20"": 32.76}"
2025-09-21 17:43:31.837585304+00:00,dds75-lb-21,2,-31,9.75,"{""Bat"": 3.333, ""Distance_mm"": 720, ""Interrupt_flag"": 0, ""Node_type"": ""DDS75-LB"", ""Sensor_flag"": 1, ""TempC_DS18B20"": 32.76}"
2025-09-21 17:44:31.811558763+00:00,dds75-lb-21,2,-32,10.0,"{""Bat"": 3.333, ""Distance_mm"": 719, ""Interrupt_flag"": 0, ""Node_type"": ""DDS75-LB"", ""Sensor_flag"": 1, ""TempC_DS18B20"": 32.76}"
2025-09-21 17:45:31.809268406+00:00,dds75-lb-21,2,-32,9.0,"{""Bat"": 3.333, ""Distance_mm"": 719, ""Interrupt_flag"": 0, ""Node_type"": ""DDS75-LB"", ""Sensor_flag"": 1, ""TempC_DS18B20"": 32.76}"
2025-09-21 17:46:31.781962912+00:00,dds75-lb-21,2,-115,0.25,"{""Bat"": 3.333, ""Distance_mm"": 719, ""Interrupt_flag"": 0, ""Node_type"": ""DDS75-LB"", ""Sensor_flag"": 1, ""TempC_DS18B20"": 32.76}"
2025-09-21 17:47:31.785465697+00:00,dds75-lb-21,2,-32,10.0,"{""Bat"": 3.333, ""Distance_mm"": 719, ""Interrupt_flag"": 0, ""Node_type"": ""DDS75-LB"", ""Sensor_flag"": 1, ""TempC_DS18B20"": 32.76}"
2025-09-21 17:48:31.783321596+00:00,dds75-lb-21,2,-114,1.75,"{""Bat"": 3.333, ""Distance_mm"": 719, ""Interrupt_flag"": 0, ""Node_type"": ""DDS75-LB"", ""Sensor_flag"": 1, ""TempC_DS18B20"": 32.76}"
2025-09-21 17:49:31.754310871+00:00,dds75-lb-21,2,-32,9.25,"{""Bat"": 3.333, ""Distance_mm"": 719, ""Interrupt_flag"": 0, ""Node_type"": ""DDS75-LB"", ""Sensor_flag"": 1, ""TempC_DS18B20"": 32.76}"
2025-09-21 17:50:31.754993871+00:00,dds75-lb-21,2,-33,9.25,"{""Bat"": 3.333, ""Distance_mm"": 719, ""Interrupt_flag"": 0, ""Node_type"": ""DDS75-LB"", ""Sensor_flag"": 1, ""TempC_DS18B20"": 32.76}"
2025-09-21 17:51:31.738557752+00:00,dds75-lb-21,2,-33,10.0,"{""Bat"": 3.333, ""Distance_mm"": 719, ""Interrupt_flag"": 0, ""Node_type"": ""DDS75-LB"", ""Sensor_flag"": 1, ""TempC_DS18B20"": 32.76}"
2025-09-21 17:52:31.734830977+00:00,dds75-lb-21,2,-33,9.75,"{""Bat"": 3.333, ""Distance_mm"": 719, ""Interrupt_flag"": 0, ""Node_type"": ""DDS75-LB"", ""Sensor_flag"": 1, ""TempC_DS18B20"": 32.76}"
2025-09-21 17:53:31.726713600+00:00,dds75-lb-21,2,-33,10.25,"{""Bat"": 3.333, ""Distance_mm"": 719, ""Interrupt_flag"": 0, ""Node_type"": ""DDS75-LB"", ""Sensor_flag"": 1, ""TempC_DS18B20"": 32.76}"
2025-09-21 17:54:31.716887015+00:00,dds75-lb-21,2,-116,-0.75,"{""Bat"": 3.333, ""Distance_mm"": 719, ""Interrupt_flag"": 0, ""Node_type"": ""DDS75-LB"", ""Sensor_flag"": 1, ""TempC_DS18B20"": 32.76}"
2025-09-21 17:55:31.694900561+00:00,dds75-lb-21,2,-117,-2.75,"{""Bat"": 3.333, ""Distance_mm"": 719, ""Interrupt_flag"": 0, ""Node_type"": ""DDS75-LB"", ""Sensor_flag"": 1, ""TempC_DS18B20"": 32.76}"
2025-09-21 17:56:31.706220670+00:00,dds75-lb-21,2,-31,6.5,"{""Bat"": 3.333, ""Distance_mm"": 719, ""Interrupt_flag"": 0, ""Node_type"": ""DDS75-LB"", ""Sensor_flag"": 1, ""TempC_DS18B20"": 32.76}"
2025-09-21 17:57:31.685837098+00:00,dds75-lb-21,2,-114,2.5,"{""Bat"": 3.333, ""Distance_mm"": 719, ""Interrupt_flag"": 0, ""Node_type"": ""DDS75-LB"", ""Sensor_flag"": 1, ""TempC_DS18B20"": 32.76}"
2025-09-21 17:58:31.656423982+00:00,dds75-lb-21,2,-32,8.75,"{""Bat"": 3.333, ""Distance_mm"": 719, ""Interrupt_flag"": 0, ""Node_type"": ""DDS75-LB"", ""Sensor_flag"": 1, ""TempC_DS18B20"": 32.76}"
2025-09-21 17:59:31.654554160+00:00,dds75-lb-21,2,-35,7.0,"{""Bat"": 3.333, ""Distance_mm"": 719, ""Interrupt_flag"": 0, ""Node_type"": ""DDS75-LB"", ""Sensor_flag"": 1, ""TempC_DS18B20"": 32.76}"
2025-09-21 18:00:31.654669797+00:00,dds75-lb-21,2,-30,9.75,"{""Bat"": 3.333, ""Distance_mm"": 719, ""Interrupt_flag"": 0, ""Node_type"": ""DDS75-LB"", ""Sensor_flag"": 1, ""TempC_DS18B20"": 32.76}"
2025-09-21 18:01:31.635227527+00:00,dds75-lb-21,2,-31,9.0,"{""Bat"": 3.333, ""Distance_mm"": 719, ""Interrupt_flag"": 0, ""Node_type"": ""DDS75-LB"", ""Sensor_flag"": 1, ""TempC_DS18B20"": 32.76}"
2025-09-21 18:02:31.646706830+00:00,dds75-lb-21,2,-32,7.5,"{""Bat"": 3.333, ""Distance_mm"": 719, ""Interrupt_flag"": 0, ""Node_type"": ""DDS75-LB"", ""Sensor_flag"": 1, ""TempC_DS18B20"": 32.76}"
2025-09-21 18:03:31.614489489+00:00,dds75-lb-21,2,-31,7.25,"{""Bat"": 3.333, ""Distance_mm"": 719, ""Interrupt_flag"": 0, ""Node_type"": ""DDS75-LB"", ""Sensor_flag"": 1, ""TempC_DS18B20"": 32.76}"
2025-09-21 18:04:31.605449694+00:00,dds75-lb-21,2,-30,8.75,"{""Bat"": 3.333, ""Distance_mm"": 719, ""Interrupt_flag"": 0, ""Node_type"": ""DDS75-LB"", ""Sensor_flag"": 1, ""TempC_DS18B20"": 32.76}"
2025-09-21 18:05:31.611517748+00:00,dds75-lb-21,2,-114,2.0,"{""Bat"": 3.333, ""Distance_mm"": 719, ""Interrupt_flag"": 0, ""Node_type"": ""DDS75-LB"", ""Sensor_flag"": 1, ""TempC_DS18B20"": 32.76}"
2025-09-21 18:06:31.625442132+00:00,dds75-lb-21,2,-33,9.5,"{""Bat"": 3.333, ""Distance_mm"": 719, ""Interrupt_flag"": 0, ""Node_type"": ""DDS75-LB"", ""Sensor_flag"": 1, ""TempC_DS18B20"": 32.76}"
2025-09-21 18:07:31.567173688+00:00,dds75-lb-21,2,-33,9.75,"{""Bat"": 3.333, ""Distance_mm"": 719, ""Interrupt_flag"": 0, ""Node_type"": ""DDS75-LB"", ""Sensor_flag"": 1, ""TempC_DS18B20"": 32.76}"
2025-09-21 18:08:31.573842368+00:00,dds75-lb-21,2,-117,-1.25,"{""Bat"": 3.333, ""Distance_mm"": 719, ""Interrupt_flag"": 0, ""Node_type"": ""DDS75-LB"", ""Sensor_flag"": 1, ""TempC_DS18B20"": 32.76}"
2025-09-21 18:09:31.569605856+00:00,dds75-lb-21,2,-32,9.5,"{""Bat"": 3.333, ""Distance_mm"": 719, ""Interrupt_flag"": 0, ""Node_type"": ""DDS75-LB"", ""Sensor_flag"": 1, ""TempC_DS18B20"": 32.76}"
2025-09-21 18:10:31.544568160+00:00,dds75-lb-21,2,-30,7.5,"{""Bat"": 3.333, ""Distance_mm"": 719, ""Interrupt_flag"": 0, ""Node_type"": ""DDS75-LB"", ""Sensor_flag"": 1, ""TempC_DS18B20"": 32.76}"
2025-09-21 18:11:31.534465248+00:00,dds75-lb-21,2,-32,8.75,"{""Bat"": 3.333, ""Distance_mm"": 719, ""Interrupt_flag"": 0, ""Node_type"": ""DDS75-LB"", ""Sensor_flag"": 1, ""TempC_DS18B20"": 32.76}"
2025-09-21 18:12:31.526255301+00:00,dds75-lb-21,2,-31,7.0,"{""Bat"": 3.333, ""Distance_mm"": 719, ""Interrupt_flag"": 0, ""Node_type"": ""DDS75-LB"", ""Sensor_flag"": 1, ""TempC_DS18B20"": 32.76}"
2025-09-21 18:13:31.504710166+00:00,dds75-lb-21,2,-31,9.5,"{""Bat"": 3.333, ""Distance_mm"": 719, ""Interrupt_flag"": 0, ""Node_type"": ""DDS75-LB"", ""Sensor_flag"": 1, ""TempC_DS18B20"": 32.76}"
2025-09-21 18:14:31.492795818+00:00,dds75-lb-21,2,-118,-2.5,"{""Bat"": 3.333, ""Distance_mm"": 719, ""Interrupt_flag"": 0, ""Node_type"": ""DDS75-LB"", ""Sensor_flag"": 1, ""TempC_DS18B20"": 32.76}"
2025-09-21 18:15:31.485462708+00:00,dds75-lb-21,2,-29,7.5,"{""Bat"": 3.333, ""Distance_mm"": 719, ""Interrupt_flag"": 0, ""Node_type"": ""DDS75-LB"", ""Sensor_flag"": 1, ""TempC_DS18B20"": 32.76}"
2025-09-21 18:16:31.534747582+00:00,dds75-lb-21,2,-117,-6.0,"{""Bat"": 3.333, ""Distance_mm"": 719, ""Interrupt_flag"": 0, ""Node_type"": ""DDS75-LB"", ""Sensor_flag"": 1, ""TempC_DS18B20"": 32.76}"
2025-09-21 18:17:31.473285195+00:00,dds75-lb-21,2,-117,-0.75,"{""Bat"": 3.333, ""Distance_mm"": 719, ""Interrupt_flag"": 0, ""Node_type"": ""DDS75-LB"", ""Sensor_flag"": 1, ""TempC_DS18B20"": 32.76}"
2025-09-21 18:18:31.472229862+00:00,dds75-lb-21,2,-30,9.5,"{""Bat"": 3.333, ""Distance_mm"": 719, ""Interrupt_flag"": 0, ""Node_type"": ""DDS75-LB"", ""Sensor_flag"": 1, ""TempC_DS18B20"": 32.76}"
2025-09-21 18:19:31.452453215+00:00,dds75-lb-21,2,-31,7.0,"{""Bat"": 3.333, ""Distance_mm"": 719, ""Interrupt_flag"": 0, ""Node_type"": ""DDS75-LB"", ""Sensor_flag"": 1, ""TempC_DS18B20"": 32.76}"
2025-09-21 18:20:31.434632467+00:00,dds75-lb-21,2,-35,7.5,"{""Bat"": 3.333, ""Distance_mm"": 719, ""Interrupt_flag"": 0, ""Node_type"": ""DDS75-LB"", ""Sensor_flag"": 1, ""TempC_DS18B20"": 32.76}"
2025-09-21 18:21:31.422027459+00:00,dds75-lb-21,2,-116,,"{""Bat"": 3.333, ""Distance_mm"": 719, ""Interrupt_flag"": 0, ""Node_type"": ""DDS75-LB"", ""Sensor_flag"": 1, ""TempC_DS18B20"": 32.76}"
2025-09-21 18:22:31.412992022+00:00,dds75-lb-21,2,-31,9.0,"{""Bat"": 3.333, ""Distance_mm"": 719, ""Interrupt_flag"": 0, ""Node_type"": ""DDS75-LB"", ""Sensor_flag"": 1, ""TempC_DS18B20"": 32.76}"
2025-09-21 18:23:31.412992048+00:00,dds75-lb-21,2,-33,6.75,"{""Bat"": 3.333, ""Distance_mm"": 719, ""Interrupt_flag"": 0, ""Node_type"": ""DDS75-LB"", ""Sensor_flag"": 1, ""TempC_DS18B20"": 32.76}"
2025-09-21 18:24:31.404752151+00:00,dds75-lb-21,2,-33,9.25,"{""Bat"": 3.333, ""Distance_mm"": 719, ""Interrupt_flag"": 0, ""Node_type"": ""DDS75-LB"", ""Sensor_flag"": 1, ""TempC_DS18B20"": 32.76}"
2025-09-21 18:25:31.382532683+00:00,dds75-lb-21,2,-35,10.0,"{""Bat"": 3.333, ""Distance_mm"": 719, ""Interrupt_flag"": 0, ""Node_type"": ""DDS75-LB"", ""Sensor_flag"": 1, ""TempC_DS18B20"": 32.76}"
2025-09-21 18:26:31.366278700+00:00,dds75-lb-21,2,-119,-2.75,"{""Bat"": 3.333, ""Distance_mm"": 719, ""Interrupt_flag"": 0, ""Node_type"": ""DDS75-LB"", ""Sensor_flag"": 1, ""TempC_DS18B20"": 32.76}"
2025-09-21 18:27:31.374042275+00:00,dds75-lb-21,2,-119,-8.75,"{""Bat"": 3.333, ""Distance_mm"": 719, ""Interrupt_flag"": 0, ""Node_type"": ""DDS75-LB"", ""Sensor_flag"": 1, ""TempC_DS18B20"": 32.76}"
2025-09-21 18:28:31.381358654+00:00,dds75-lb-21,2,-33,6.75,"{""Bat"": 3.333, ""Distance_mm"": 719, ""Interrupt_flag"": 0, ""Node_type"": ""DDS75-LB"", ""Sensor_flag"": 1, ""TempC_DS18B20"": 32.76}"
2025-09-21 18:29:31.342927988+00:00,dds75-lb-21,2,-31,9.0,"{""Bat"": 3.333, ""Distance_mm"": 719, ""Interrupt_flag"": 0, ""Node_type"": ""DDS75-LB"", ""Sensor_flag"": 1, ""TempC_DS18B20"": 32.76}"
2025-09-21 18:30:31.339230062+00:00,dds75-lb-21,2,-33,10.75,"{""Bat"": 3.333, ""Distance_mm"": 719, ""Interrupt_flag"": 0, ""Node_type"": ""DDS75-LB"", ""Sensor_flag"": 1, ""TempC_DS18B20"": 32.76}"
2025-09-21 18:31:31.327150734+00:00,dds75-lb-21,2,-31,7.25,"{""Bat"": 3.333, ""Distance_mm"": 719, ""Interrupt_flag"": 0, ""Node_type"": ""DDS75-LB"", ""Sensor_flag"": 1, ""TempC_DS18B20"": 32.76}"
2025-09-21 18:32:31.328070856+00:00,dds75-lb-21,2,-32,9.75,"{""Bat"": 3.333, ""Distance_mm"": 719, ""Interrupt_flag"": 0, ""Node_type"": ""DDS75-LB"", ""Sensor_flag"": 1, ""TempC_DS18B20"": 32.76}"
2025-09-21 18:33:31.301216165+00:00,dds75-lb-21,2,-117,-1.25,"{""Bat"": 3.333, ""Distance_mm"": 719, ""Interrupt_flag"": 0, ""Node_type"": ""DDS75-LB"", ""Sensor_flag"": 1, ""TempC_DS18B20"": 32.76}"
2025-09-21 18:34:31.296729610+00:00,dds75-lb-21,2,-32,9.5,"{""Bat"": 3.333, ""Distance_mm"": 719, ""Interrupt_flag"": 0, ""Node_type"": ""DDS75-LB"", ""Sensor_flag"": 1, ""TempC_DS18B20"": 32.76}"
2025-09-21 18:35:31.286004617+00:00,dds75-lb-21,2,-32,10.0,"{""Bat"": 3.333, ""Distance_mm"": 719, ""Interrupt_flag"": 0, ""Node_type"": ""DDS75-LB"", ""Sensor_flag"": 1, ""TempC_DS18B20"": 32.76}"
2025-09-21 18:36:31.271886953+00:00,dds75-lb-21,2,-114,1.0,"{""Bat"": 3.333, ""Distance_mm"": 719, ""Interrupt_flag"": 0, ""Node_type"": ""DDS75-LB"", ""Sensor_flag"": 1, ""TempC_DS18B20"": 32.76}"
2025-09-21 18:37:31.261086934+00:00,dds75-lb-21,2,-116,-0.25,"{""Bat"": 3.333, ""Distance_mm"": 719, ""Interrupt_flag"": 0, ""Node_type"": ""DDS75-LB"", ""Sensor_flag"": 1, ""TempC_DS18B20"": 32.76}"
2025-09-21 18:38:31.255593624+00:00,dds75-lb-21,2,-32,9.25,"{""Bat"": 3.333, ""Distance_mm"": 719, ""Interrupt_flag"": 0, ""Node_type"": ""DDS75-LB"", ""Sensor_flag"": 1, ""TempC_DS18B20"": 32.76}"
2025-09-21 18:39:31.241391886+00:00,dds75-lb-21,2,-114,0.5,"{""Bat"": 3.333, ""Distance_mm"": 719, ""Interrupt_flag"": 0, ""Node_type"": ""DDS75-LB"", ""Sensor_flag"": 1, ""TempC_DS18B20"": 32.76}"
2025-09-21 18:40:31.228049114+00:00,dds75-lb-21,2,-33,9.75,"{""Bat"": 3.333, ""Distance_mm"": 719, ""Interrupt_flag"": 0, ""Node_type"": ""DDS75-LB"", ""Sensor_flag"": 1, ""TempC_DS18B20"": 32.76}"
2025-09-21 18:41:31.221517003+00:00,dds75-lb-21,2,-117,-2.5,"{""Bat"": 3.333, ""Distance_mm"": 719, ""Interrupt_flag"": 0, ""Node_type"": ""DDS75-LB"", ""Sensor_flag"": 1, ""TempC_DS18B20"": 32.76}"
2025-09-21 18:42:31.202706933+00:00,dds75-lb-21,2,-116,0.25,"{""Bat"": 3.333, ""Distance_mm"": 719, ""Interrupt_flag"": 0, ""Node_type"": ""DDS75-LB"", ""Sensor_flag"": 1, ""TempC_DS18B20"": 32.76}"
2025-09-21 18:43:31.207361659+00:00,dds75-lb-21,2,-29,9.0,"{""Bat"": 3.333, ""Distance_mm"": 719, ""Interrupt_flag"": 0, ""Node_type"": ""DDS75-LB"", ""Sensor_flag"": 1, ""TempC_DS18B20"": 32.76}"
2025-09-21 18:44:31.183063609+00:00,dds75-lb-21,2,-33,6.5,"{""Bat"": 3.333, ""Distance_mm"": 719, ""Interrupt_flag"": 0, ""Node_type"": ""DDS75-LB"", ""Sensor_flag"": 1, ""TempC_DS18B20"": 32.76}"
2025-09-21 18:45:31.176063638+00:00,dds75-lb-21,2,-33,10.25,"{""Bat"": 3.333, ""Distance_mm"": 719, ""Interrupt_flag"": 0, ""Node_type"": ""DDS75-LB"", ""Sensor_flag"": 1, ""TempC_DS18B20"": 32.76}"
2025-09-21 18:46:31.158837268+00:00,dds75-lb-21,2,-115,0.25,"{""Bat"": 3.333, ""Distance_mm"": 719, ""Interrupt_flag"": 0, ""Node_type"": ""DDS75-LB"", ""Sensor_flag"": 1, ""TempC_DS18B20"": 32.76}"
2025-09-21 18:47:31.159552305+00:00,dds75-lb-21,2,-32,6.5,"{""Bat"": 3.333, ""Distance_mm"": 719, ""Interrupt_flag"": 0, ""Node_type"": ""DDS75-LB"", ""Sensor_flag"": 1, ""TempC_DS18B20"": 32.76}"
2025-09-21 18:48:31.154350896+00:00,dds75-lb-21,2,-30,8.75,"{""Bat"": 3.333, ""Distance_mm"": 719, ""Interrupt_flag"": 0, ""Node_type"": ""DDS75-LB"", ""Sensor_flag"": 1, ""TempC_DS18B20"": 32.76}"
2025-09-21 18:49:31.129525372+00:00,dds75-lb-21,2,-116,-1.0,"{""Bat"": 3.333, ""Distance_mm"": 719, ""Interrupt_flag"": 0, ""Node_type"": ""DDS75-LB"", ""Sensor_flag"": 1, ""TempC_DS18B20"": 32.76}"
2025-09-21 18:50:31.101364606+00:00,dds75-lb-21,2,-116,-0.25,"{""Bat"": 3.333, ""Distance_mm"": 719, ""Interrupt_flag"": 0, ""Node_type"": ""DDS75-LB"", ""Sensor_flag"": 1, ""TempC_DS18B20"": 32.76}"
2025-09-21 18:51:31.104124244+00:00,dds75-lb-21,2,-118,-2.25,"{""Bat"": 3.333, ""Distance_mm"": 719, ""Interrupt_flag"": 0, ""Node_type"": ""DDS75-LB"", ""Sensor_flag"": 1, ""TempC_DS18B20"": 32.76}"
2025-09-21 18:52:31.101763714+00:00,dds75-lb-21,2,-114,2.25,"{""Bat"": 3.333, ""Distance_mm"": 719, ""Interrupt_flag"": 0, ""Node_type"": ""DDS75-LB"", ""Sensor_flag"": 1, ""TempC_DS18B20"": 32.76}"
2025-09-21 18:53:31.080479175+00:00,dds75-lb-21,2,-118,-7.5,"{""Bat"": 3.333, ""Distance_mm"": 719, ""Interrupt_flag"": 0, ""Node_type"": ""DDS75-LB"", ""Sensor_flag"": 1, ""TempC_DS18B20"": 32.76}"
2025-09-21 18:54:31.078441473+00:00,dds75-lb-21,2,-35,9.5,"{""Bat"": 3.333, ""Distance_mm"": 719, ""Interrupt_flag"": 0, ""Node_type"": ""DDS75-LB"", ""Sensor_flag"": 1, ""TempC_DS18B20"": 32.76}"
2025-09-21 18:55:31.077142739+00:00,dds75-lb-21,2,-33,10.5,"{""Bat"": 3.333, ""Distance_mm"": 719, ""Interrupt_flag"": 0, ""Node_type"": ""DDS75-LB"", ""Sensor_flag"": 1, ""TempC_DS18B20"": 32.76}"
2025-09-21 18:56:31.078416340+00:00,dds75-lb-21,2,-32,9.25,"{""Bat"": 3.333, ""Distance_mm"": 719, ""Interrupt_flag"": 0, ""Node_type"": ""DDS75-LB"", ""Sensor_flag"": 1, ""TempC_DS18B20"": 32.76}"
2025-09-21 18:57:31.042438235+00:00,dds75-lb-21,2,-115,1.25,"{""Bat"": 3.333, ""Distance_mm"": 719, ""Interrupt_flag"": 0, ""Node_type"": ""DDS75-LB"", ""Sensor_flag"": 1, ""TempC_DS18B20"": 32.76}"
2025-09-21 18:58:31.044287206+00:00,dds75-lb-21,2,-116,-0.25,"{""Bat"": 3.333, ""Distance_mm"": 719, ""Interrupt_flag"": 0, ""Node_type"": ""DDS75-LB"", ""Sensor_flag"": 1, ""TempC_DS18B20"": 32.76}"
2025-09-21 18:59:31.018914261+00:00,dds75-lb-21,2,-118,-3.5,"{""Bat"": 3.333, ""Distance_mm"": 719, ""Interrupt_flag"": 0, ""Node_type"": ""DDS75-LB"", ""Sensor_flag"": 1, ""TempC_DS18B20"": 32.76}"
2025-09-21 19:00:31.017076545+00:00,dds75-lb-21,2,-31,7.0,"{""Bat"": 3.333, ""Distance_mm"": 719, ""Interrupt_flag"": 0, ""Node_type"": ""DDS75-LB"", ""Sensor_flag"": 1, ""TempC_DS18B20"": 32.76}"
2025-09-21 19:01:31.014276244+00:00,dds75-lb-21,2,-114,2.5,"{""Bat"": 3.333, ""Distance_mm"": 719, ""Interrupt_flag"": 0, ""Node_type"": ""DDS75-LB"", ""Sensor_flag"": 1, ""TempC_DS18B20"": 32.76}"
2025-09-21 19:02:30.995607095+00:00,dds75-lb-21,2,-33,11.25,"{""Bat"": 3.333, ""Distance_mm"": 719, ""Interrupt_flag"": 0, ""Node_type"": ""DDS75-LB"", ""Sensor_flag"": 1, ""TempC_DS18B20"": 32.76}"
2025-09-21 19:03:30.999909900+00:00,dds75-lb-21,2,-32,9.5,"{""Bat"": 3.333, ""Distance_mm"": 719, ""Interrupt_flag"": 0, ""Node_type"": ""DDS75-LB"", ""Sensor_flag"": 1, ""TempC_DS18B20"": 32.76}"
2025-09-21 19:04:30.999343415+00:00,dds75-lb-21,2,-33,9.75,"{""Bat"": 3.333, ""Distance_mm"": 719, ""Interrupt_flag"": 0, ""Node_type"": ""DDS75-LB"", ""Sensor_flag"": 1, ""TempC_DS18B20"": 32.76}"
2025-09-21 19:05:30.972105838+00:00,dds75-lb-21,2,-119,-4.25,"{""Bat"": 3.333, ""Distance_mm"": 719, ""Interrupt_flag"": 0, ""Node_type"": ""DDS75-LB"", ""Sensor_flag"": 1, ""TempC_DS18B20"": 32.76}"
2025-09-21 19:06:30.961406043+00:00,dds75-lb-21,2,-31,9.75,"{""Bat"": 3.333, ""Distance_mm"": 719, ""Interrupt_flag"": 0, ""Node_type"": ""DDS75-LB"", ""Sensor_flag"": 1, ""TempC_DS18B20"": 32.76}"
2025-09-21 19:07:30.939119135+00:00,dds75-lb-21,2,-31,10.5,"{""Bat"": 3.333, ""Distance_mm"": 719, ""Interrupt_flag"": 0, ""Node_type"": ""DDS75-LB"", ""Sensor_flag"": 1, ""TempC_DS18B20"": 32.76}"
2025-09-21 19:08:30.925791271+00:00,dds75-lb-21,2,-33,9.75,"{""Bat"": 3.333, ""Distance_mm"": 719, ""Interrupt_flag"": 0, ""Node_type"": ""DDS75-LB"", ""Sensor_flag"": 1, ""TempC_DS18B20"": 32.76}"
2025-09-21 19:09:30.921914768+00:00,dds75-lb-21,2,-114,2.75,"{""Bat"": 3.333, ""Distance_mm"": 719, ""Interrupt_flag"": 0, ""Node_type"": ""DDS75-LB"", ""Sensor_flag"": 1, ""TempC_DS18B20"": 32.76}"
2025-09-21 19:10:30.928156687+00:00,dds75-lb-21,2,-33,9.75,"{""Bat"": 3.333, ""Distance_mm"": 719, ""Interrupt_flag"": 0, ""Node_type"": ""DDS75-LB"", ""Sensor_flag"": 1, ""TempC_DS18B20"": 32.76}"
2025-09-21 19:11:30.915914489+00:00,dds75-lb-21,2,-33,7.5,"{""Bat"": 3.333, ""Distance_mm"": 719, ""Interrupt_flag"": 0, ""Node_type"": ""DDS75-LB"", ""Sensor_flag"": 1, ""TempC_DS18B20"": 32.76}"
2025-09-21 19:12:30.898994077+00:00,dds75-lb-21,2,-32,9.25,"{""Bat"": 3.333, ""Distance_mm"": 719, ""Interrupt_flag"": 0, ""Node_type"": ""DDS75-LB"", ""Sensor_flag"": 1, ""TempC_DS18B20"": 32.76}"
2025-09-21 19:13:30.883402819+00:00,dds75-lb-21,2,-116,-1.25,"{""Bat"": 3.333, ""Distance_mm"": 719, ""Interrupt_flag"": 0, ""Node_type"": ""DDS75-LB"", ""Sensor_flag"": 1, ""TempC_DS18B20"": 32.76}"
2025-09-21 19:14:30.877169914+00:00,dds75-lb-21,2,-31,6.75,"{""Bat"": 3.333, ""Distance_mm"": 719, ""Interrupt_flag"": 0, ""Node_type"": ""DDS75-LB"", ""Sensor_flag"": 1, ""TempC_DS18B20"": 32.76}"
2025-09-21 19:15:30.840963986+00:00,dds75-lb-21,2,-31,7.75,"{""Bat"": 3.333, ""Distance_mm"": 719, ""Interrupt_flag"": 0, ""Node_type"": ""DDS75-LB"", ""Sensor_flag"": 1, ""TempC_DS18B20"": 32.76}"
2025-09-21 19:16:30.855817078+00:00,dds75-lb-21,2,-33,6.25,"{""Bat"": 3.333, ""Distance_mm"": 719, ""Interrupt_flag"": 0, ""Node_type"": ""DDS75-LB"", ""Sensor_flag"": 1, ""TempC_DS18B20"": 32.76}"
2025-09-21 19:17:30.846850432+00:00,dds75-lb-21,2,-31,9.25,"{""Bat"": 3.333, ""Distance_mm"": 719, ""Interrupt_flag"": 0, ""Node_type"": ""DDS75-LB"", ""Sensor_flag"": 1, ""TempC_DS18B20"": 32.76}"
2025-09-21 19:18:30.835558121+00:00,dds75-lb-21,2,-33,8.75,"{""Bat"": 3.333, ""Distance_mm"": 719, ""Interrupt_flag"": 0, ""Node_type"": ""DDS75-LB"", ""Sensor_flag"": 1, ""TempC_DS18B20"": 32.76}"
2025-09-21 19:19:30.810945520+00:00,dds75-lb-21,2,-27,7.0,"{""Bat"": 3.333, ""Distance_mm"": 719, ""Interrupt_flag"": 0, ""Node_type"": ""DDS75-LB"", ""Sensor_flag"": 1, ""TempC_DS18B20"": 32.76}"
2025-09-21 19:20:30.817994191+00:00,dds75-lb-21,2,-119,-7.0,"{""Bat"": 3.333, ""Distance_mm"": 719, ""Interrupt_flag"": 0, ""Node_type"": ""DDS75-LB"", ""Sensor_flag"": 1, ""TempC_DS18B20"": 32.76}"
2025-09-21 19:21:30.795241292+00:00,dds75-lb-21,2,-35,9.5,"{""Bat"": 3.333, ""Distance_mm"": 719, ""Interrupt_flag"": 0, ""Node_type"": ""DDS75-LB"", ""Sensor_flag"": 1, ""TempC_DS18B20"": 32.76}"
2025-09-21 19:22:30.784032191+00:00,dds75-lb-21,2,-117,-1.5,"{""Bat"": 3.333, ""Distance_mm"": 719, ""Interrupt_flag"": 0, ""Node_type"": ""DDS75-LB"", ""Sensor_flag"": 1, ""TempC_DS18B20"": 32.76}"
2025-09-21 19:23:30.787848045+00:00,dds75-lb-21,2,-30,9.5,"{""Bat"": 3.333, ""Distance_mm"": 719, ""Interrupt_flag"": 0, ""Node_type"": ""DDS75-LB"", ""Sensor_flag"": 1, ""TempC_DS18B20"": 32.76}"
2025-09-21 19:24:30.776438999+00:00,dds75-lb-21,2,-32,8.25,"{""Bat"": 3.333, ""Distance_mm"": 719, ""Interrupt_flag"": 0, ""Node_type"": ""DDS75-LB"", ""Sensor_flag"": 1, ""TempC_DS18B20"": 32.76}"
2025-09-21 19:25:30.750520501+00:00,dds75-lb-21,2,-30,9.0,"{""Bat"": 3.333, ""Distance_mm"": 719, ""Interrupt_flag"": 0, ""Node_type"": ""DDS75-LB"", ""Sensor_flag"": 1, ""TempC_DS18B20"": 32.76}"
2025-09-21 19:26:30.747192101+00:00,dds75-lb-21,2,-115,1.0,"{""Bat"": 3.333, ""Distance_mm"": 719, ""Interrupt_flag"": 0, ""Node_type"": ""DDS75-LB"", ""Sensor_flag"": 1, ""TempC_DS18B20"": 32.76}"
2025-09-21 19:27:30.736013736+00:00,dds75-lb-21,2,-32,9.5,"{""Bat"": 3.333, ""Distance_mm"": 719, ""Interrupt_flag"": 0, ""Node_type"": ""DDS75-LB"", ""Sensor_flag"": 1, ""TempC_DS18B20"": 32.76}"
2025-09-21 19:28:30.736319390+00:00,dds75-lb-21,2,-33,10.5,"{""Bat"": 3.333, ""Distance_mm"": 719, ""Interrupt_flag"": 0, ""Node_type"": ""DDS75-LB"", ""Sensor_flag"": 1, ""TempC_DS18B20"": 32.76}"
2025-09-21 19:29:30.715831387+00:00,dds75-lb-21,2,-30,9.25,"{""Bat"": 3.333, ""Distance_mm"": 719, ""Interrupt_flag"": 0, ""Node_type"": ""DDS75-LB"", ""Sensor_flag"": 1, ""TempC_DS18B20"": 32.76}"
2025-09-21 19:30:30.688618870+00:00,dds75-lb-21,2,-32,7.5,"{""Bat"": 3.333, ""Distance_mm"": 719, ""Interrupt_flag"": 0, ""Node_type"": ""DDS75-LB"", ""Sensor_flag"": 1, ""TempC_DS18B20"": 32.76}"
2025-09-21 19:31:30.692082652+00:00,dds75-lb-21,2,-117,-7.0,"{""Bat"": 3.333, ""Distance_mm"": 719, ""Interrupt_flag"": 0, ""Node_type"": ""DDS75-LB"", ""Sensor_flag"": 1, ""TempC_DS18B20"": 32.76}"
2025-09-21 19:32:30.675926304+00:00,dds75-lb-21,2,-32,10.0,"{""Bat"": 3.333, ""Distance_mm"": 719, ""Interrupt_flag"": 0, ""Node_type"": ""DDS75-LB"", ""Sensor_flag"": 1, ""TempC_DS18B20"": 32.76}"
2025-09-21 19:33:30.665886166+00:00,dds75-lb-21,2,-32,10.0,"{""Bat"": 3.333, ""Distance_mm"": 719, ""Interrupt_flag"": 0, ""Node_type"": ""DDS75-LB"", ""Sensor_flag"": 1, ""TempC_DS18B20"": 32.76}"
2025-09-21 19:34:30.677138201+00:00,dds75-lb-21,2,-35,10.5,"{""Bat"": 3.333, ""Distance_mm"": 719, ""Interrupt_flag"": 0, ""Node_type"": ""DDS75-LB"", ""Sensor_flag"": 1, ""TempC_DS18B20"": 32.76}"
2025-09-21 19:35:30.662314947+00:00,dds75-lb-21,2,-117,-1.5,"{""Bat"": 3.333, ""Distance_mm"": 719, ""Interrupt_flag"": 0, ""Node_type"": ""DDS75-LB"", ""Sensor_flag"": 1, ""TempC_DS18B20"": 32.76}"
2025-09-21 19:36:30.647929189+00:00,dds75-lb-21,2,-121,-4.75,"{""Bat"": 3.333, ""Distance_mm"": 719, ""Interrupt_flag"": 0, ""Node_type"": ""DDS75-LB"", ""Sensor_flag"": 1, ""TempC_DS18B20"": 32.76}"
2025-09-21 19:37:30.635948493+00:00,dds75-lb-21,2,-116,,"{""Bat"": 3.333, ""Distance_mm"": 719, ""Interrupt_flag"": 0, ""Node_type"": ""DDS75-LB"", ""Sensor_flag"": 1, ""TempC_DS18B20"": 32.76}"
2025-09-21 19:38:30.618707662+00:00,dds75-lb-21,2,-31,8.75,"{""Bat"": 3.333, ""Distance_mm"": 719, ""Interrupt_flag"": 0, ""Node_type"": ""DDS75-LB"", ""Sensor_flag"": 1, ""TempC_DS18B20"": 32.76}"
2025-09-21 19:39:30.618374580+00:00,dds75-lb-21,2,-31,9.75,"{""Bat"": 3.333, ""Distance_mm"": 719, ""Interrupt_flag"": 0, ""Node_type"": ""DDS75-LB"", ""Sensor_flag"": 1, ""TempC_DS18B20"": 32.76}"
2025-09-21 19:40:30.604055318+00:00,dds75-lb-21,2,-33,6.25,"{""Bat"": 3.333, ""Distance_mm"": 719, ""Interrupt_flag"": 0, ""Node_type"": ""DDS75-LB"", ""Sensor_flag"": 1, ""TempC_DS18B20"": 32.76}"
2025-09-21 19:41:30.584355808+00:00,dds75-lb-21,2,-33,10.5,"{""Bat"": 3.333, ""Distance_mm"": 719, ""Interrupt_flag"": 0, ""Node_type"": ""DDS75-LB"", ""Sensor_flag"": 1, ""TempC_DS18B20"": 32.76}"
2025-09-21 19:42:30.593062424+00:00,dds75-lb-21,2,-32,9.5,"{""Bat"": 3.333, ""Distance_mm"": 719, ""Interrupt_flag"": 0, ""Node_type"": ""DDS75-LB"", ""Sensor_flag"": 1, ""TempC_DS18B20"": 32.76}"
2025-09-21 19:43:30.555093979+00:00,dds75-lb-21,2,-32,7.25,"{""Bat"": 3.333, ""Distance_mm"": 719, ""Interrupt_flag"": 0, ""Node_type"": ""DDS75-LB"", ""Sensor_flag"": 1, ""TempC_DS18B20"": 32.76}"
2025-09-21 19:44:30.554227218+00:00,dds75-lb-21,2,-33,9.0,"{""Bat"": 3.333, ""Distance_mm"": 719, ""Interrupt_flag"": 0, ""Node_type"": ""DDS75-LB"", ""Sensor_flag"": 1, ""TempC_DS18B20"": 32.76}"
2025-09-21 19:45:30.525391976+00:00,dds75-lb-21,2,-33,9.25,"{""Bat"": 3.333, ""Distance_mm"": 719, ""Interrupt_flag"": 0, ""Node_type"": ""DDS75-LB"", ""Sensor_flag"": 1, ""TempC_DS18B20"": 32.76}"
2025-09-21 19:46:30.537459879+00:00,dds75-lb-21,2,-32,7.75,"{""Bat"": 3.333, ""Distance_mm"": 719, ""Interrupt_flag"": 0, ""Node_type"": ""DDS75-LB"", ""Sensor_flag"": 1, ""TempC_DS18B20"": 32.76}"
2025-09-21 19:47:30.539220892+00:00,dds75-lb-21,2,-32,7.25,"{""Bat"": 3.333, ""Distance_mm"": 719, ""Interrupt_flag"": 0, ""Node_type"": ""DDS75-LB"", ""Sensor_flag"": 1, ""TempC_DS18B20"": 32.76}"
2025-09-21 19:48:30.516717185+00:00,dds75-lb-21,2,-33,10.0,"{""Bat"": 3.333, ""Distance_mm"": 719, ""Interrupt_flag"": 0, ""Node_type"": ""DDS75-LB"", ""Sensor_flag"": 1, ""TempC_DS18B20"": 32.76}"
2025-09-21 19:49:30.514564201+00:00,dds75-lb-21,2,-33,10.25,"{""Bat"": 3.333, ""Distance_mm"": 719, ""Interrupt_flag"": 0, ""Node_type"": ""DDS75-LB"", ""Sensor_flag"": 1, ""TempC_DS18B20"": 32.76}"
2025-09-21 19:50:30.506627708+00:00,dds75-lb-21,2,-33,11.0,"{""Bat"": 3.333, ""Distance_mm"": 719, ""Interrupt_flag"": 0, ""Node_type"": ""DDS75-LB"", ""Sensor_flag"": 1, ""TempC_DS18B20"": 32.76}"
2025-09-21 19:51:30.495906141+00:00,dds75-lb-21,2,-116,-1.5,"{""Bat"": 3.333, ""Distance_mm"": 719, ""Interrupt_flag"": 0, ""Node_type"": ""DDS75-LB"", ""Sensor_flag"": 1, ""TempC_DS18B20"": 32.76}"
2025-09-21 19:52:30.485411565+00:00,dds75-lb-21,2,-118,-3.0,"{""Bat"": 3.333, ""Distance_mm"": 719, ""Interrupt_flag"": 0, ""Node_type"": ""DDS75-LB"", ""Sensor_flag"": 1, ""TempC_DS18B20"": 32.76}"
2025-09-21 19:53:30.467344827+00:00,dds75-lb-21,2,-32,10.75,"{""Bat"": 3.333, ""Distance_mm"": 719, ""Interrupt_flag"": 0, ""Node_type"": ""DDS75-LB"", ""Sensor_flag"": 1, ""TempC_DS18B20"": 32.76}"
2025-09-21 19:54:30.454645695+00:00,dds75-lb-21,2,-30,6.75,"{""Bat"": 3.333, ""Distance_mm"": 719, ""Interrupt_flag"": 0, ""Node_type"": ""DDS75-LB"", ""Sensor_flag"": 1, ""TempC_DS18B20"": 32.76}"
2025-09-21 19:55:30.429920291+00:00,dds75-lb-21,2,-32,10.0,"{""Bat"": 3.333, ""Distance_mm"": 719, ""Interrupt_flag"": 0, ""Node_type"": ""DDS75-LB"", ""Sensor_flag"": 1, ""TempC_DS18B20"": 32.76}"
2025-09-21 19:56:30.426155857+00:00,dds75-lb-21,2,-30,9.0,"{""Bat"": 3.333, ""Distance_mm"": 719, ""Interrupt_flag"": 0, ""Node_type"": ""DDS75-LB"", ""Sensor_flag"": 1, ""TempC_DS18B20"": 32.76}"
2025-09-21 19:57:30.415686231+00:00,dds75-lb-21,2,-31,9.75,"{""Bat"": 3.333, ""Distance_mm"": 719, ""Interrupt_flag"": 0, ""Node_type"": ""DDS75-LB"", ""Sensor_flag"": 1, ""TempC_DS18B20"": 32.76}"
2025-09-21 19:58:30.417428538+00:00,dds75-lb-21,2,-33,9.75,"{""Bat"": 3.333, ""Distance_mm"": 719, ""Interrupt_flag"": 0, ""Node_type"": ""DDS75-LB"", ""Sensor_flag"": 1, ""TempC_DS18B20"": 32.76}"
2025-09-21 19:59:30.394045337+00:00,dds75-lb-21,2,-35,6.75,"{""Bat"": 3.333, ""Distance_mm"": 719, ""Interrupt_flag"": 0, ""Node_type"": ""DDS75-LB"", ""Sensor_flag"": 1, ""TempC_DS18B20"": 32.76}"
2025-09-21 20:00:30.397265815+00:00,dds75-lb-21,2,-32,10.0,"{""Bat"": 3.333, ""Distance_mm"": 719, ""Interrupt_flag"": 0, ""Node_type"": ""DDS75-LB"", ""Sensor_flag"": 1, ""TempC_DS18B20"": 32.76}"
2025-09-21 20:01:30.377633714+00:00,dds75-lb-21,2,-31,8.75,"{""Bat"": 3.333, ""Distance_mm"": 719, ""Interrupt_flag"": 0, ""Node_type"": ""DDS75-LB"", ""Sensor_flag"": 1, ""TempC_DS18B20"": 32.76}"
2025-09-21 20:02:30.368707043+00:00,dds75-lb-21,2,-114,1.75,"{""Bat"": 3.333, ""Distance_mm"": 719, ""Interrupt_flag"": 0, ""Node_type"": ""DDS75-LB"", ""Sensor_flag"": 1, ""TempC_DS18B20"": 32.76}"
2025-09-21 20:03:30.361848594+00:00,dds75-lb-21,2,-115,0.5,"{""Bat"": 3.333, ""Distance_mm"": 719, ""Interrupt_flag"": 0, ""Node_type"": ""DDS75-LB"", ""Sensor_flag"": 1, ""TempC_DS18B20"": 32.76}"
2025-09-21 20:04:30.344562042+00:00,dds75-lb-21,2,-31,8.75,"{""Bat"": 3.333, ""Distance_mm"": 719, ""Interrupt_flag"": 0, ""Node_type"": ""DDS75-LB"", ""Sensor_flag"": 1, ""TempC_DS18B20"": 32.76}"
2025-09-21 20:05:30.349602338+00:00,dds75-lb-21,2,-33,9.75,"{""Bat"": 3.333, ""Distance_mm"": 719, ""Interrupt_flag"": 0, ""Node_type"": ""DDS75-LB"", ""Sensor_flag"": 1, ""TempC_DS18B20"": 32.76}"
2025-09-21 20:06:30.327158352+00:00,dds75-lb-21,2,-31,9.0,"{""Bat"": 3.333, ""Distance_mm"": 719, ""Interrupt_flag"": 0, ""Node_type"": ""DDS75-LB"", ""Sensor_flag"": 1, ""TempC_DS18B20"": 32.76}"
2025-09-21 20:07:30.316791024+00:00,dds75-lb-21,2,-30,8.75,"{""Bat"": 3.333, ""Distance_mm"": 719, ""Interrupt_flag"": 0, ""Node_type"": ""DDS75-LB"", ""Sensor_flag"": 1, ""TempC_DS18B20"": 32.76}"
2025-09-21 20:08:30.306367363+00:00,dds75-lb-21,2,-32,9.75,"{""Bat"": 3.333, ""Distance_mm"": 719, ""Interrupt_flag"": 0, ""Node_type"": ""DDS75-LB"", ""Sensor_flag"": 1, ""TempC_DS18B20"": 32.76}"
2025-09-21 20:09:30.307119859+00:00,dds75-lb-21,2,-33,9.0,"{""Bat"": 3.333, ""Distance_mm"": 719, ""Interrupt_flag"": 0, ""Node_type"": ""DDS75-LB"", ""Sensor_flag"": 1, ""TempC_DS18B20"": 32.76}"
2025-09-21 20:10:30.276536584+00:00,dds75-lb-21,2,-32,7.75,"{""Bat"": 3.333, ""Distance_mm"": 719, ""Interrupt_flag"": 0, ""Node_type"": ""DDS75-LB"", ""Sensor_flag"": 1, ""TempC_DS18B20"": 32.76}"
2025-09-21 20:11:30.274160305+00:00,dds75-lb-21,2,-31,8.75,"{""Bat"": 3.333, ""Distance_mm"": 719, ""Interrupt_flag"": 0, ""Node_type"": ""DDS75-LB"", ""Sensor_flag"": 1, ""TempC_DS18B20"": 32.76}"
2025-09-21 20:12:30.264164170+00:00,dds75-lb-21,2,-32,8.5,"{""Bat"": 3.333, ""Distance_mm"": 719, ""Interrupt_flag"": 0, ""Node_type"": ""DDS75-LB"", ""Sensor_flag"": 1, ""TempC_DS18B20"": 32.76}"
2025-09-21 20:13:30.255549171+00:00,dds75-lb-21,2,-29,8.75,"{""Bat"": 3.333, ""Distance_mm"": 719, ""Interrupt_flag"": 0, ""Node_type"": ""DDS75-LB"", ""Sensor_flag"": 1, ""TempC_DS18B20"": 32.76}"
2025-09-21 20:14:30.246759995+00:00,dds75-lb-21,2,-32,8.75,"{""Bat"": 3.333, ""Distance_mm"": 719, ""Interrupt_flag"": 0, ""Node_type"": ""DDS75-LB"", ""Sensor_flag"": 1, ""TempC_DS18B20"": 32.76}"
2025-09-21 20:15:30.224118909+00:00,dds75-lb-21,2,-29,7.0,"{""Bat"": 3.333, ""Distance_mm"": 719, ""Interrupt_flag"": 0, ""Node_type"": ""DDS75-LB"", ""Sensor_flag"": 1, ""TempC_DS18B20"": 32.76}"
2025-09-21 20:16:30.217162986+00:00,dds75-lb-21,2,-33,10.25,"{""Bat"": 3.333, ""Distance_mm"": 719, ""Interrupt_flag"": 0, ""Node_type"": ""DDS75-LB"", ""Sensor_flag"": 1, ""TempC_DS18B20"": 32.76}"
2025-09-21 20:17:30.207075269+00:00,dds75-lb-21,2,-31,9.75,"{""Bat"": 3.333, ""Distance_mm"": 719, ""Interrupt_flag"": 0, ""Node_type"": ""DDS75-LB"", ""Sensor_flag"": 1, ""TempC_DS18B20"": 32.76}"
2025-09-21 20:18:30.195050611+00:00,dds75-lb-21,2,-32,9.0,"{""Bat"": 3.333, ""Distance_mm"": 719, ""Interrupt_flag"": 0, ""Node_type"": ""DDS75-LB"", ""Sensor_flag"": 1, ""TempC_DS18B20"": 32.76}"
2025-09-21 20:19:30.198167497+00:00,dds75-lb-21,2,-31,9.0,"{""Bat"": 3.333, ""Distance_mm"": 719, ""Interrupt_flag"": 0, ""Node_type"": ""DDS75-LB"", ""Sensor_flag"": 1, ""TempC_DS18B20"": 32.76}"
2025-09-21 20:20:30.198070583+00:00,dds75-lb-21,2,-33,10.25,"{""Bat"": 3.333, ""Distance_mm"": 719, ""Interrupt_flag"": 0, ""Node_type"": ""DDS75-LB"", ""Sensor_flag"": 1, ""TempC_DS18B20"": 32.76}"
2025-09-21 20:21:30.154111857+00:00,dds75-lb-21,2,-33,9.75,"{""Bat"": 3.333, ""Distance_mm"": 719, ""Interrupt_flag"": 0, ""Node_type"": ""DDS75-LB"", ""Sensor_flag"": 1, ""TempC_DS18B20"": 32.76}"
2025-09-21 20:22:30.145012489+00:00,dds75-lb-21,2,-32,9.5,"{""Bat"": 3.333, ""Distance_mm"": 719, ""Interrupt_flag"": 0, ""Node_type"": ""DDS75-LB"", ""Sensor_flag"": 1, ""TempC_DS18B20"": 32.76}"
2025-09-21 20:23:30.144295066+00:00,dds75-lb-21,2,-31,8.75,"{""Bat"": 3.333, ""Distance_mm"": 719, ""Interrupt_flag"": 0, ""Node_type"": ""DDS75-LB"", ""Sensor_flag"": 1, ""TempC_DS18B20"": 32.76}"
2025-09-21 20:24:30.126748870+00:00,dds75-lb-21,2,-31,9.0,"{""Bat"": 3.333, ""Distance_mm"": 719, ""Interrupt_flag"": 0, ""Node_type"": ""DDS75-LB"", ""Sensor_flag"": 1, ""TempC_DS18B20"": 32.76}"
2025-09-21 20:25:30.128860235+00:00,dds75-lb-21,2,-115,1.0,"{""Bat"": 3.333, ""Distance_mm"": 719, ""Interrupt_flag"": 0, ""Node_type"": ""DDS75-LB"", ""Sensor_flag"": 1, ""TempC_DS18B20"": 32.76}"
2025-09-21 20:26:30.116878538+00:00,dds75-lb-21,2,-30,7.5,"{""Bat"": 3.333, ""Distance_mm"": 719, ""Interrupt_flag"": 0, ""Node_type"": ""DDS75-LB"", ""Sensor_flag"": 1, ""TempC_DS18B20"": 32.76}"
2025-09-21 20:27:30.124431923+00:00,dds75-lb-21,2,-30,8.25,"{""Bat"": 3.333, ""Distance_mm"": 719, ""Interrupt_flag"": 0, ""Node_type"": ""DDS75-LB"", ""Sensor_flag"": 1, ""TempC_DS18B20"": 32.76}"
2025-09-21 20:28:30.096194304+00:00,dds75-lb-21,2,-33,7.75,"{""Bat"": 3.333, ""Distance_mm"": 719, ""Interrupt_flag"": 0, ""Node_type"": ""DDS75-LB"", ""Sensor_flag"": 1, ""TempC_DS18B20"": 32.76}"
2025-09-21 20:29:30.081131525+00:00,dds75-lb-21,2,-118,-3.5,"{""Bat"": 3.333, ""Distance_mm"": 719, ""Interrupt_flag"": 0, ""Node_type"": ""DDS75-LB"", ""Sensor_flag"": 1, ""TempC_DS18B20"": 32.76}"
2025-09-21 20:30:30.070032371+00:00,dds75-lb-21,2,-116,-4.0,"{""Bat"": 3.333, ""Distance_mm"": 719, ""Interrupt_flag"": 0, ""Node_type"": ""DDS75-LB"", ""Sensor_flag"": 1, ""TempC_DS18B20"": 32.76}"
2025-09-21 20:31:30.053812915+00:00,dds75-lb-21,2,-35,5.5,"{""Bat"": 3.333, ""Distance_mm"": 719, ""Interrupt_flag"": 0, ""Node_type"": ""DDS75-LB"", ""Sensor_flag"": 1, ""TempC_DS18B20"": 32.76}"
2025-09-21 20:32:30.044322979+00:00,dds75-lb-21,2,-32,9.5,"{""Bat"": 3.333, ""Distance_mm"": 719, ""Interrupt_flag"": 0, ""Node_type"": ""DDS75-LB"", ""Sensor_flag"": 1, ""TempC_DS18B20"": 32.76}"
2025-09-21 20:33:30.034354882+00:00,dds75-lb-21,2,-32,9.0,"{""Bat"": 3.333, ""Distance_mm"": 719, ""Interrupt_flag"": 0, ""Node_type"": ""DDS75-LB"", ""Sensor_flag"": 1, ""TempC_DS18B20"": 32.76}"
2025-09-21 20:34:30.036928837+00:00,dds75-lb-21,2,-28,7.75,"{""Bat"": 3.333, ""Distance_mm"": 719, ""Interrupt_flag"": 0, ""Node_type"": ""DDS75-LB"", ""Sensor_flag"": 1, ""TempC_DS18B20"": 32.76}"
2025-09-21 20:35:30.017052747+00:00,dds75-lb-21,2,-30,8.75,"{""Bat"": 3.333, ""Distance_mm"": 719, ""Interrupt_flag"": 0, ""Node_type"": ""DDS75-LB"", ""Sensor_flag"": 1, ""TempC_DS18B20"": 32.76}"
2025-09-21 20:36:30.027739809+00:00,dds75-lb-21,2,-31,9.5,"{""Bat"": 3.333, ""Distance_mm"": 719, ""Interrupt_flag"": 0, ""Node_type"": ""DDS75-LB"", ""Sensor_flag"": 1, ""TempC_DS18B20"": 32.76}"
2025-09-21 20:37:30.007994533+00:00,dds75-lb-21,2,-114,2.5,"{""Bat"": 3.333, ""Distance_mm"": 719, ""Interrupt_flag"": 0, ""Node_type"": ""DDS75-LB"", ""Sensor_flag"": 1, ""TempC_DS18B20"": 32.76}"
2025-09-21 20:38:29.997403820+00:00,dds75-lb-21,2,-33,9.25,"{""Bat"": 3.333, ""Distance_mm"": 719, ""Interrupt_flag"": 0, ""Node_type"": ""DDS75-LB"", ""Sensor_flag"": 1, ""TempC_DS18B20"": 32.76}"
2025-09-21 20:39:29.983600320+00:00,dds75-lb-21,2,-114,1.25,"{""Bat"": 3.333, ""Distance_mm"": 719, ""Interrupt_flag"": 0, ""Node_type"": ""DDS75-LB"", ""Sensor_flag"": 1, ""TempC_DS18B20"": 32.76}"
2025-09-21 20:40:29.974161706+00:00,dds75-lb-21,2,-119,-5.75,"{""Bat"": 3.333, ""Distance_mm"": 719, ""Interrupt_flag"": 0, ""Node_type"": ""DDS75-LB"", ""Sensor_flag"": 1, ""TempC_DS18B20"": 32.76}"
2025-09-21 20:41:29.954075578+00:00,dds75-lb-21,2,-32,8.75,"{""Bat"": 3.333, ""Distance_mm"": 719, ""Interrupt_flag"": 0, ""Node_type"": ""DDS75-LB"", ""Sensor_flag"": 1, ""TempC_DS18B20"": 32.76}"
2025-09-21 20:42:29.958226327+00:00,dds75-lb-21,2,-29,7.75,"{""Bat"": 3.333, ""Distance_mm"": 719, ""Interrupt_flag"": 0, ""Node_type"": ""DDS75-LB"", ""Sensor_flag"": 1, ""TempC_DS18B20"": 32.76}"
2025-09-21 20:43:29.941406161+00:00,dds75-lb-21,2,-120,-4.5,"{""Bat"": 3.333, ""Distance_mm"": 719, ""Interrupt_flag"": 0, ""Node_type"": ""DDS75-LB"", ""Sensor_flag"": 1, ""TempC_DS18B20"": 32.76}"
2025-09-21 20:44:29.943184725+00:00,dds75-lb-21,2,-33,9.75,"{""Bat"": 3.333, ""Distance_mm"": 719, ""Interrupt_flag"": 0, ""Node_type"": ""DDS75-LB"", ""Sensor_flag"": 1, ""TempC_DS18B20"": 32.76}"
2025-09-21 20:45:29.905659194+00:00,dds75-lb-21,2,-33,8.75,"{""Bat"": 3.333, ""Distance_mm"": 719, ""Interrupt_flag"": 0, ""Node_type"": ""DDS75-LB"", ""Sensor_flag"": 1, ""TempC_DS18B20"": 32.76}"
2025-09-21 20:46:29.901764612+00:00,dds75-lb-21,2,-33,8.75,"{""Bat"": 3.333, ""Distance_mm"": 719, ""Interrupt_flag"": 0, ""Node_type"": ""DDS75-LB"", ""Sensor_flag"": 1, ""TempC_DS18B20"": 32.76}"
2025-09-21 20:47:29.905708736+00:00,dds75-lb-21,2,-33,9.5,"{""Bat"": 3.333, ""Distance_mm"": 719, ""Interrupt_flag"": 0, ""Node_type"": ""DDS75-LB"", ""Sensor_flag"": 1, ""TempC_DS18B20"": 32.76}"
2025-09-21 20:48:29.893396633+00:00,dds75-lb-21,2,-116,-0.5,"{""Bat"": 3.333, ""Distance_mm"": 719, ""Interrupt_flag"": 0, ""Node_type"": ""DDS75-LB"", ""Sensor_flag"": 1, ""TempC_DS18B20"": 32.76}"
2025-09-21 20:49:29.895734797+00:00,dds75-lb-21,2,-117,-1.5,"{""Bat"": 3.333, ""Distance_mm"": 719, ""Interrupt_flag"": 0, ""Node_type"": ""DDS75-LB"", ""Sensor_flag"": 1, ""TempC_DS18B20"": 32.76}"
2025-09-21 20:50:29.866565834+00:00,dds75-lb-21,2,-32,7.5,"{""Bat"": 3.333, ""Distance_mm"": 719, ""Interrupt_flag"": 0, ""Node_type"": ""DDS75-LB"", ""Sensor_flag"": 1, ""TempC_DS18B20"": 32.76}"
2025-09-21 20:51:29.861935547+00:00,dds75-lb-21,2,-117,-7.5,"{""Bat"": 3.333, ""Distance_mm"": 719, ""Interrupt_flag"": 0, ""Node_type"": ""DDS75-LB"", ""Sensor_flag"": 1, ""TempC_DS18B20"": 32.76}"
2025-09-21 20:52:29.836773844+00:00,dds75-lb-21,2,-31,6.75,"{""Bat"": 3.333, ""Distance_mm"": 719, ""Interrupt_flag"": 0, ""Node_type"": ""DDS75-LB"", ""Sensor_flag"": 1, ""TempC_DS18B20"": 32.76}"
2025-09-21 20:53:29.823781402+00:00,dds75-lb-21,2,-31,9.5,"{""Bat"": 3.333, ""Distance_mm"": 719, ""Interrupt_flag"": 0, ""Node_type"": ""DDS75-LB"", ""Sensor_flag"": 1, ""TempC_DS18B20"": 32.76}"
2025-09-21 20:54:29.833671071+00:00,dds75-lb-21,2,-32,9.0,"{""Bat"": 3.333, ""Distance_mm"": 719, ""Interrupt_flag"": 0, ""Node_type"": ""DDS75-LB"", ""Sensor_flag"": 1, ""TempC_DS18B20"": 32.76}"
2025-09-21 20:55:29.827083452+00:00,dds75-lb-21,2,-119,-6.75,"{""Bat"": 3.333, ""Distance_mm"": 719, ""Interrupt_flag"": 0, ""Node_type"": ""DDS75-LB"", ""Sensor_flag"": 1, ""TempC_DS18B20"": 32.76}"
2025-09-21 20:56:29.783677205+00:00,dds75-lb-21,2,-120,-3.5,"{""Bat"": 3.333, ""Distance_mm"": 719, ""Interrupt_flag"": 0, ""Node_type"": ""DDS75-LB"", ""Sensor_flag"": 1, ""TempC_DS18B20"": 32.76}"
2025-09-21 20:57:29.778775299+00:00,dds75-lb-21,2,-35,9.5,"{""Bat"": 3.333, ""Distance_mm"": 719, ""Interrupt_flag"": 0, ""Node_type"": ""DDS75-LB"", ""Sensor_flag"": 1, ""TempC_DS18B20"": 32.76}"
2025-09-21 20:58:29.786552791+00:00,dds75-lb-21,2,-31,9.25,"{""Bat"": 3.333, ""Distance_mm"": 719, ""Interrupt_flag"": 0, ""Node_type"": ""DDS75-LB"", ""Sensor_flag"": 1, ""TempC_DS18B20"": 32.76}"
2025-09-21 20:59:29.772069407+00:00,dds75-lb-21,2,-30,7.5,"{""Bat"": 3.333, ""Distance_mm"": 719, ""Interrupt_flag"": 0, ""Node_type"": ""DDS75-LB"", ""Sensor_flag"": 1, ""TempC_DS18B20"": 32.76}"
2025-09-21 21:00:29.755320210+00:00,dds75-lb-21,2,-112,4.0,"{""Bat"": 3.333, ""Distance_mm"": 719, ""Interrupt_flag"": 0, ""Node_type"": ""DDS75-LB"", ""Sensor_flag"": 1, ""TempC_DS18B20"": 32.76}"
2025-09-21 21:01:29.752574945+00:00,dds75-lb-21,2,-33,10.5,"{""Bat"": 3.333, ""Distance_mm"": 719, ""Interrupt_flag"": 0, ""Node_type"": ""DDS75-LB"", ""Sensor_flag"": 1, ""TempC_DS18B20"": 32.76}"
2025-09-21 21:02:29.751825645+00:00,dds75-lb-21,2,-35,9.25,"{""Bat"": 3.333, ""Distance_mm"": 719, ""Interrupt_flag"": 0, ""Node_type"": ""DDS75-LB"", ""Sensor_flag"": 1, ""TempC_DS18B20"": 32.76}"
2025-09-21 21:03:29.729881195+00:00,dds75-lb-21,2,-31,5.75,"{""Bat"": 3.333, ""Distance_mm"": 719, ""Interrupt_flag"": 0, ""Node_type"": ""DDS75-LB"", ""Sensor_flag"": 1, ""TempC_DS18B20"": 32.76}"
2025-09-21 21:04:29.742829883+00:00,dds75-lb-21,2,-33,10.75,"{""Bat"": 3.333, ""Distance_mm"": 719, ""Interrupt_flag"": 0, ""Node_type"": ""DDS75-LB"", ""Sensor_flag"": 1, ""TempC_DS18B20"": 32.76}"
2025-09-21 21:05:29.692771101+00:00,dds75-lb-21,2,-35,9.75,"{""Bat"": 3.333, ""Distance_mm"": 719, ""Interrupt_flag"": 0, ""Node_type"": ""DDS75-LB"", ""Sensor_flag"": 1, ""TempC_DS18B20"": 32.76}"
2025-09-21 21:06:29.691870204+00:00,dds75-lb-21,2,-32,9.25,"{""Bat"": 3.333, ""Distance_mm"": 719, ""Interrupt_flag"": 0, ""Node_type"": ""DDS75-LB"", ""Sensor_flag"": 1, ""TempC_DS18B20"": 32.76}"
2025-09-21 21:07:29.679663291+00:00,dds75-lb-21,2,-30,7.75,"{""Bat"": 3.333, ""Distance_mm"": 719, ""Interrupt_flag"": 0, ""Node_type"": ""DDS75-LB"", ""Sensor_flag"": 1, ""TempC_DS18B20"": 32.76}"
2025-09-21 21:08:29.681979278+00:00,dds75-lb-21,2,-31,6.75,"{""Bat"": 3.333, ""Distance_mm"": 719, ""Interrupt_flag"": 0, ""Node_type"": ""DDS75-LB"", ""Sensor_flag"": 1, ""TempC_DS18B20"": 32.76}"
2025-09-21 21:09:29.669822821+00:00,dds75-lb-21,2,-32,9.5,"{""Bat"": 3.333, ""Distance_mm"": 719, ""Interrupt_flag"": 0, ""Node_type"": ""DDS75-LB"", ""Sensor_flag"": 1, ""TempC_DS18B20"": 32.76}"
2025-09-21 21:10:29.665497166+00:00,dds75-lb-21,2,-109,2.5,"{""Bat"": 3.333, ""Distance_mm"": 719, ""Interrupt_flag"": 0, ""Node_type"": ""DDS75-LB"", ""Sensor_flag"": 1, ""TempC_DS18B20"": 32.76}"
2025-09-21 21:11:29.651660209+00:00,dds75-lb-21,2,-113,-0.75,"{""Bat"": 3.333, ""Distance_mm"": 719, ""Interrupt_flag"": 0, ""Node_type"": ""DDS75-LB"", ""Sensor_flag"": 1, ""TempC_DS18B20"": 32.76}"
2025-09-21 21:12:29.640629062+00:00,dds75-lb-21,2,-30,9.25,"{""Bat"": 3.333, ""Distance_mm"": 719, ""Interrupt_flag"": 0, ""Node_type"": ""DDS75-LB"", ""Sensor_flag"": 1, ""TempC_DS18B20"": 32.76}"
2025-09-21 21:13:29.622033453+00:00,dds75-lb-21,2,-33,9.5,"{""Bat"": 3.333, ""Distance_mm"": 719, ""Interrupt_flag"": 0, ""Node_type"": ""DDS75-LB"", ""Sensor_flag"": 1, ""TempC_DS18B20"": 32.76}"
2025-09-21 21:14:29.612189468+00:00,dds75-lb-21,2,-30,8.25,"{""Bat"": 3.333, ""Distance_mm"": 719, ""Interrupt_flag"": 0, ""Node_type"": ""DDS75-LB"", ""Sensor_flag"": 1, ""TempC_DS18B20"": 32.76}"
2025-09-21 21:15:29.609534879+00:00,dds75-lb-21,2,-32,9.5,"{""Bat"": 3.333, ""Distance_mm"": 720, ""Interrupt_flag"": 0, ""Node_type"": ""DDS75-LB"", ""Sensor_flag"": 1, ""TempC_DS18B20"": 32.76}"
2025-09-21 21:16:29.592579830+00:00,dds75-lb-21,2,-35,6.75,"{""Bat"": 3.333, ""Distance_mm"": 720, ""Interrupt_flag"": 0, ""Node_type"": ""DDS75-LB"", ""Sensor_flag"": 1, ""TempC_DS18B20"": 32.76}"
2025-09-21 21:17:29.581141303+00:00,dds75-lb-21,2,-32,9.75,"{""Bat"": 3.333, ""Distance_mm"": 720, ""Interrupt_flag"": 0, ""Node_type"": ""DDS75-LB"", ""Sensor_flag"": 1, ""TempC_DS18B20"": 32.76}"
2025-09-21 21:18:29.564353397+00:00,dds75-lb-21,2,-33,8.0,"{""Bat"": 3.333, ""Distance_mm"": 720, ""Interrupt_flag"": 0, ""Node_type"": ""DDS75-LB"", ""Sensor_flag"": 1, ""TempC_DS18B20"": 32.76}"
2025-09-21 21:19:29.570086642+00:00,dds75-lb-21,2,-31,6.25,"{""Bat"": 3.333, ""Distance_mm"": 720, ""Interrupt_flag"": 0, ""Node_type"": ""DDS75-LB"", ""Sensor_flag"": 1, ""TempC_DS18B20"": 32.76}"
2025-09-21 21:20:29.560440373+00:00,dds75-lb-21,2,-33,10.25,"{""Bat"": 3.333, ""Distance_mm"": 720, ""Interrupt_flag"": 0, ""Node_type"": ""DDS75-LB"", ""Sensor_flag"": 1, ""TempC_DS18B20"": 32.76}"
2025-09-21 21:21:29.529483308+00:00,dds75-lb-21,2,-33,9.75,"{""Bat"": 3.333, ""Distance_mm"": 720, ""Interrupt_flag"": 0, ""Node_type"": ""DDS75-LB"", ""Sensor_flag"": 1, ""TempC_DS18B20"": 32.76}"
