received_at,device_id,f_port,rssi,snr,payload_json
2025-09-18 00:05:10.429638779+00:00,dds75-lb-08,2,-43,6.5,"{""Bat"": 3.28, ""Distance_mm"": 929, ""Interrupt_flag"": 0, ""Node_type"": ""DDS75-LB"", ""Sensor_flag"": 1, ""TempC_DS18B20"": 32.76}"
2025-09-18 00:25:10.202895200+00:00,dds75-lb-08,2,-45,9.75,"{""Bat"": 3.28, ""Distance_mm"": 929, ""Interrupt_flag"": 0, ""Node_type"": ""DDS75-LB"", ""Sensor_flag"": 1, ""TempC_DS18B20"": 32.76}"
2025-09-18 00:45:09.982438803+00:00,dds75-lb-08,2,-44,9.0,"{""Bat"": 3.28, ""Distance_mm"": 929, ""Interrupt_flag"": 0, ""Node_type"": ""DDS75-LB"", ""Sensor_flag"": 1, ""TempC_DS18B20"": 32.76}"
2025-09-18 01:05:09.789059294+00:00,dds75-lb-08,2,-44,9.5,"{""Bat"": 3.28, ""Distance_mm"": 929, ""Interrupt_flag"": 0, ""Node_type"": ""DDS75-LB"", ""Sensor_flag"": 1, ""TempC_DS18B20"": 32.76}"
2025-09-18 01:25:09.558400144+00:00,dds75-lb-08,2,-45,9.5,"{""Bat"": 3.28, ""Distance_mm"": 929, ""Interrupt_flag"": 0, ""Node_type"": ""DDS75-LB"", ""Sensor_flag"": 1, ""TempC_DS18B20"": 32.76}"
2025-09-18 01:45:09.330246447+00:00,dds75-lb-08,2,-44,9.0,"{""Bat"": 3.28, ""Distance_mm"": 929, ""Interrupt_flag"": 0, ""Node_type"": ""DDS75-LB"", ""Sensor_flag"": 1, ""TempC_DS18B20"": 32.76}"
2025-09-18 02:05:09.105776631+00:00,dds75-lb-08,2,-116,0.75,"{""Bat"": 3.28, ""Distance_mm"": 928, ""Interrupt_flag"": 0, ""Node_type"": ""DDS75-LB"", ""Sensor_flag"": 1, ""TempC_DS18B20"": 32.76}"
2025-09-18 02:25:08.899216955+00:00,dds75-lb-08,2,-45,7.0,"{""Bat"": 3.28, ""Distance_mm"": 928, ""Interrupt_flag"": 0, ""Node_type"": ""DDS75-LB"", ""Sensor_flag"": 1, ""TempC_DS18B20"": 32.76}"
2025-09-18 02:45:08.680037095+00:00,dds75-lb-08,2,-108,-7.0,"{""Bat"": 3.28, ""Distance_mm"": 928, ""Interrupt_flag"": 0, ""Node_type"": ""DDS75-LB"", ""Sensor_flag"": 1, ""TempC_DS18B20"": 32.76}"
2025-09-18 03:05:08.447580242+00:00,dds75-lb-08,2,-112,3.25,"{""Bat"": 3.28, ""Distance_mm"": 928, ""Interrupt_flag"": 0, ""Node_type"": ""DDS75-LB"", ""Sensor_flag"": 1, ""TempC_DS18B20"": 32.76}"
2025-09-18 03:25:08.236539386+00:00,dds75-lb-08,2,-45,9.5,"{""Bat"": 3.28, ""Distance_mm"": 929, ""Interrupt_flag"": 0, ""Node_type"": ""DDS75-LB"", ""Sensor_flag"": 1, ""TempC_DS18B20"": 32.76}"
2025-09-18 03:45:08.000441519+00:00,dds75-lb-08,2,-47,9.25,"{""Bat"": 3.28, ""Distance_mm"": 929, ""Interrupt_flag"": 0, ""Node_type"": ""DDS75-LB"", ""Sensor_flag"": 1, ""TempC_DS18B20"": 32.76}"
2025-09-18 04:05:07.786076774+00:00,dds75-lb-08,2,-45,9.5,"{""Bat"": 3.28, ""Distance_mm"": 929, ""Interrupt_flag"": 0, ""Node_type"": ""DDS75-LB"", ""Sensor_flag"": 1, ""TempC_DS18B20"": 32.76}"
2025-09-18 04:25:07.573659618+00:00,dds75-lb-08,2,-121,-7.75,"{""Bat"": 3.28, ""Distance_mm"": 929, ""Interrupt_flag"": 0, ""Node_type"": ""DDS75-LB"", ""Sensor_flag"": 1, ""TempC_DS18B20"": 32.76}"
2025-09-18 04:45:07.361605353+00:00,dds75-lb-08,2,-47,9.75,"{""Bat"": 3.28, ""Distance_mm"": 929, ""Interrupt_flag"": 0, ""Node_type"": ""DDS75-LB"", ""Sensor_flag"": 1, ""TempC_DS18B20"": 32.76}"
2025-09-18 05:05:07.117970549+00:00,dds75-lb-08,2,-45,6.25,"{""Bat"": 3.28, ""Distance_mm"": 929, ""Interrupt_flag"": 0, ""Node_type"": ""DDS75-LB"", ""Sensor_flag"": 1, ""TempC_DS18B20"": 32.76}"
2025-09-18 05:25:06.895320439+00:00,dds75-lb-08,2,-35,7.25,"{""Bat"": 3.28, ""Distance_mm"": 842, ""Interrupt_flag"": 0, ""Node_type"": ""DDS75-LB"", ""Sensor_flag"": 1, ""TempC_DS18B20"": 32.76}"
2025-09-18 05:45:06.678852957+00:00,dds75-lb-08,2,-38,9.25,"{""Bat"": 3.28, ""Distance_mm"": 837, ""Interrupt_flag"": 0, ""Node_type"": ""DDS75-LB"", ""Sensor_flag"": 1, ""TempC_DS18B20"": 32.76}"
2025-09-18 06:05:06.470966847+00:00,dds75-lb-08,2,-35,10.25,"{""Bat"": 3.28, ""Distance_mm"": 837, ""Interrupt_flag"": 0, ""Node_type"": ""DDS75-LB"", ""Sensor_flag"": 1, ""TempC_DS18B20"": 32.76}"
2025-09-18 06:25:06.242066648+00:00,dds75-lb-08,2,-113,2.75,"{""Bat"": 3.28, ""Distance_mm"": 837, ""Interrupt_flag"": 0, ""Node_type"": ""DDS75-LB"", ""Sensor_flag"": 1, ""TempC_DS18B20"": 32.76}"
2025-09-18 06:45:06.023388873+00:00,dds75-lb-08,2,-39,10.0,"{""Bat"": 3.28, ""Distance_mm"": 837, ""Interrupt_flag"": 0, ""Node_type"": ""DDS75-LB"", ""Sensor_flag"": 1, ""TempC_DS18B20"": 32.76}"
2025-09-18 07:05:05.801211478+00:00,dds75-lb-08,2,-38,9.5,"{""Bat"": 3.28, ""Distance_mm"": 837, ""Interrupt_flag"": 0, ""Node_type"": ""DDS75-LB"", ""Sensor_flag"": 1, ""TempC_DS18B20"": 32.76}"
2025-09-18 07:25:05.588981045+00:00,dds75-lb-08,2,-113,1.5,"{""Bat"": 3.28, ""Distance_mm"": 837, ""Interrupt_flag"": 0, ""Node_type"": ""DDS75-LB"", ""Sensor_flag"": 1, ""TempC_DS18B20"": 32.76}"
2025-09-18 07:45:05.372587751+00:00,dds75-lb-08,2,-36,7.75,"{""Bat"": 3.28, ""Distance_mm"": 837, ""Interrupt_flag"": 0, ""Node_type"": ""DDS75-LB"", ""Sensor_flag"": 1, ""TempC_DS18B20"": 32.76}"
2025-09-18 08:05:05.142787270+00:00,dds75-lb-08,2,-36,9.75,"{""Bat"": 3.28, ""Distance_mm"": 837, ""Interrupt_flag"": 0, ""Node_type"": ""DDS75-LB"", ""Sensor_flag"": 1, ""TempC_DS18B20"": 32.76}"
2025-09-18 08:25:04.921720030+00:00,dds75-lb-08,2,-38,10.5,"{""Bat"": 3.28, ""Distance_mm"": 842, ""Interrupt_flag"": 0, ""Node_type"": ""DDS75-LB"", ""Sensor_flag"": 1, ""TempC_DS18B20"": 32.76}"
2025-09-18 08:45:04.703715361+00:00,dds75-lb-08,2,-114,1.5,"{""Bat"": 3.28, ""Distance_mm"": 842, ""Interrupt_flag"": 0, ""Node_type"": ""DDS75-LB"", ""Sensor_flag"": 1, ""TempC_DS18B20"": 32.76}"
2025-09-18 09:05:04.489035125+00:00,dds75-lb-08,2,-119,-7.5,"{""Bat"": 3.28, ""Distance_mm"": 842, ""Interrupt_flag"": 0, ""Node_type"": ""DDS75-LB"", ""Sensor_flag"": 1, ""TempC_DS18B20"": 32.76}"
2025-09-18 09:25:04.251033839+00:00,dds75-lb-08,2,-39,8.0,"{""Bat"": 3.28, ""Distance_mm"": 842, ""Interrupt_flag"": 0, ""Node_type"": ""DDS75-LB"", ""Sensor_flag"": 1, ""TempC_DS18B20"": 32.76}"
2025-09-18 09:45:04.035420256+00:00,dds75-lb-08,2,-38,9.5,"{""Bat"": 3.28, ""Distance_mm"": 842, ""Interrupt_flag"": 0, ""Node_type"": ""DDS75-LB"", ""Sensor_flag"": 1, ""TempC_DS18B20"": 32.76}"
2025-09-18 10:05:03.818735928+00:00,dds75-lb-08,2,-114,1.5,"{""Bat"": 3.28, ""Distance_mm"": 842, ""Interrupt_flag"": 0, ""Node_type"": ""DDS75-LB"", ""Sensor_flag"": 1, ""TempC_DS18B20"": 32.76}"
2025-09-18 10:25:03.606374499+00:00,dds75-lb-08,2,-109,6.25,"{""Bat"": 3.28, ""Distance_mm"": 842, ""Interrupt_flag"": 0, ""Node_type"": ""DDS75-LB"", ""Sensor_flag"": 1, ""TempC_DS18B20"": 32.76}"
2025-09-18 10:45:03.381311882+00:00,dds75-lb-08,2,-36,8.75,"{""Bat"": 3.28, ""Distance_mm"": 842, ""Interrupt_flag"": 0, ""Node_type"": ""DDS75-LB"", ""Sensor_flag"": 1, ""TempC_DS18B20"": 32.76}"
2025-09-18 11:05:03.245937978+00:00,dds75-lb-08,2,-37,8.75,"{""Bat"": 3.28, ""Distance_mm"": 842, ""Interrupt_flag"": 0, ""Node_type"": ""DDS75-LB"", ""Sensor_flag"": 1, ""TempC_DS18B20"": 32.76}"
2025-09-18 11:25:02.954124629+00:00,dds75-lb-08,2,-37,9.25,"{""Bat"": 3.28, ""Distance_mm"": 842, ""Interrupt_flag"": 0, ""Node_type"": ""DDS75-LB"", ""Sensor_flag"": 1, ""TempC_DS18B20"": 32.76}"
2025-09-18 11:45:02.732561427+00:00,dds75-lb-08,2,-39,10.25,"{""Bat"": 3.28, ""Distance_mm"": 842, ""Interrupt_flag"": 0, ""Node_type"": ""DDS75-LB"", ""Sensor_flag"": 1, ""TempC_DS18B20"": 32.76}"
2025-09-18 12:05:02.509107981+00:00,dds75-lb-08,2,-38,9.25,"{""Bat"": 3.28, ""Distance_mm"": 846, ""Interrupt_flag"": 0, ""Node_type"": ""DDS75-LB"", ""Sensor_flag"": 1, ""TempC_DS18B20"": 32.76}"
2025-09-18 12:25:02.266049696+00:00,dds75-lb-08,2,-112,3.75,"{""Bat"": 3.28, ""Distance_mm"": 842, ""Interrupt_flag"": 0, ""Node_type"": ""DDS75-LB"", ""Sensor_flag"": 1, ""TempC_DS18B20"": 32.76}"
2025-09-18 12:45:02.071703594+00:00,dds75-lb-08,2,-115,0.25,"{""Bat"": 3.28, ""Distance_mm"": 843, ""Interrupt_flag"": 0, ""Node_type"": ""DDS75-LB"", ""Sensor_flag"": 1, ""TempC_DS18B20"": 32.76}"
2025-09-18 13:05:01.846584456+00:00,dds75-lb-08,2,-114,-1.5,"{""Bat"": 3.28, ""Distance_mm"": 843, ""Interrupt_flag"": 0, ""Node_type"": ""DDS75-LB"", ""Sensor_flag"": 1, ""TempC_DS18B20"": 32.76}"
2025-09-18 13:25:01.638218789+00:00,dds75-lb-08,2,-110,4.0,"{""Bat"": 3.28, ""Distance_mm"": 842, ""Interrupt_flag"": 0, ""Node_type"": ""DDS75-LB"", ""Sensor_flag"": 1, ""TempC_DS18B20"": 32.76}"
2025-09-18 13:45:01.392252303+00:00,dds75-lb-08,2,-110,5.25,"{""Bat"": 3.28, ""Distance_mm"": 842, ""Interrupt_flag"": 0, ""Node_type"": ""DDS75-LB"", ""Sensor_flag"": 1, ""TempC_DS18B20"": 32.76}"
2025-09-18 14:05:01.191688512+00:00,dds75-lb-08,2,-38,9.75,"{""Bat"": 3.28, ""Distance_mm"": 842, ""Interrupt_flag"": 0, ""Node_type"": ""DDS75-LB"", ""Sensor_flag"": 1, ""TempC_DS18B20"": 32.76}"
2025-09-18 14:25:00.972800874+00:00,dds75-lb-08,2,-39,8.75,"{""Bat"": 3.28, ""Distance_mm"": 842, ""Interrupt_flag"": 0, ""Node_type"": ""DDS75-LB"", ""Sensor_flag"": 1, ""TempC_DS18B20"": 32.76}"
2025-09-18 14:45:00.731412782+00:00,dds75-lb-08,2,-38,7.75,"{""Bat"": 3.28, ""Distance_mm"": 842, ""Interrupt_flag"": 0, ""Node_type"": ""DDS75-LB"", ""Sensor_flag"": 1, ""TempC_DS18B20"": 32.76}"
2025-09-18 15:05:00.516646451+00:00,dds75-lb-08,2,-35,9.0,"{""Bat"": 3.28, ""Distance_mm"": 842, ""Interrupt_flag"": 0, ""Node_type"": ""DDS75-LB"", ""Sensor_flag"": 1, ""TempC_DS18B20"": 32.76}"
2025-09-18 15:25:00.298843126+00:00,dds75-lb-08,2,-115,-3.0,"{""Bat"": 3.28, ""Distance_mm"": 839, ""Interrupt_flag"": 0, ""Node_type"": ""DDS75-LB"", ""Sensor_flag"": 1, ""TempC_DS18B20"": 32.76}"
2025-09-18 15:45:00.059657784+00:00,dds75-lb-08,2,-37,7.25,"{""Bat"": 3.28, ""Distance_mm"": 838, ""Interrupt_flag"": 0, ""Node_type"": ""DDS75-LB"", ""Sensor_flag"": 1, ""TempC_DS18B20"": 32.76}"
2025-09-18 16:04:59.856931703+00:00,dds75-lb-08,2,-35,9.75,"{""Bat"": 3.28, ""Distance_mm"": 838, ""Interrupt_flag"": 0, ""Node_type"": ""DDS75-LB"", ""Sensor_flag"": 1, ""TempC_DS18B20"": 32.76}"
2025-09-18 16:24:59.648835343+00:00,dds75-lb-08,2,-36,7.5,"{""Bat"": 3.28, ""Distance_mm"": 838, ""Interrupt_flag"": 0, ""Node_type"": ""DDS75-LB"", ""Sensor_flag"": 1, ""TempC_DS18B20"": 32.76}"
2025-09-18 16:44:59.410353863+00:00,dds75-lb-08,2,-38,10.0,"{""Bat"": 3.28, ""Distance_mm"": 838, ""Interrupt_flag"": 0, ""Node_type"": ""DDS75-LB"", ""Sensor_flag"": 1, ""TempC_DS18B20"": 32.76}"
2025-09-18 17:04:59.177811611+00:00,dds75-lb-08,2,-40,8.5,"{""Bat"": 3.28, ""Distance_mm"": 838, ""Interrupt_flag"": 0, ""Node_type"": ""DDS75-LB"", ""Sensor_flag"": 1, ""TempC_DS18B20"": 32.76}"
2025-09-18 17:24:58.969576891+00:00,dds75-lb-08,2,-38,8.75,"{""Bat"": 3.28, ""Distance_mm"": 838, ""Interrupt_flag"": 0, ""Node_type"": ""DDS75-LB"", ""Sensor_flag"": 1, ""TempC_DS18B20"": 32.76}"
2025-09-18 17:44:58.755192916+00:00,dds75-lb-08,2,-36,9.5,"{""Bat"": 3.28, ""Distance_mm"": 838, ""Interrupt_flag"": 0, ""Node_type"": ""DDS75-LB"", ""Sensor_flag"": 1, ""TempC_DS18B20"": 32.76}"
2025-09-18 18:04:58.526511147+00:00,dds75-lb-08,2,-112,2.25,"{""Bat"": 3.28, ""Distance_mm"": 838, ""Interrupt_flag"": 0, ""Node_type"": ""DDS75-LB"", ""Sensor_flag"": 1, ""TempC_DS18B20"": 32.76}"
2025-09-18 18:24:58.299983006+00:00,dds75-lb-08,2,-37,9.0,"{""Bat"": 3.28, ""Distance_mm"": 838, ""Interrupt_flag"": 0, ""Node_type"": ""DDS75-LB"", ""Sensor_flag"": 1, ""TempC_DS18B20"": 32.76}"
2025-09-18 18:44:58.072917193+00:00,dds75-lb-08,2,-37,9.25,"{""Bat"": 3.28, ""Distance_mm"": 838, ""Interrupt_flag"": 0, ""Node_type"": ""DDS75-LB"", ""Sensor_flag"": 1, ""TempC_DS18B20"": 32.76}"
2025-09-18 19:04:57.862120204+00:00,dds75-lb-08,2,-36,9.75,"{""Bat"": 3.28, ""Distance_mm"": 838, ""Interrupt_flag"": 0, ""Node_type"": ""DDS75-LB"", ""Sensor_flag"": 1, ""TempC_DS18B20"": 32.76}"
2025-09-18 19:24:57.634319468+00:00,dds75-lb-08,2,-38,9.5,"{""Bat"": 3.28, ""Distance_mm"": 838, ""Interrupt_flag"": 0, ""Node_type"": ""DDS75-LB"", ""Sensor_flag"": 1, ""TempC_DS18B20"": 32.76}"
2025-09-18 19:44:57.427668762+00:00,dds75-lb-08,2,-38,10.25,"{""Bat"": 3.28, ""Distance_mm"": 838, ""Interrupt_flag"": 0, ""Node_type"": ""DDS75-LB"", ""Sensor_flag"": 1, ""TempC_DS18B20"": 32.76}"
2025-09-18 20:04:57.203461359+00:00,dds75-lb-08,2,-110,1.5,"{""Bat"": 3.28, ""Distance_mm"": 838, ""Interrupt_flag"": 0, ""Node_type"": ""DDS75-LB"", ""Sensor_flag"": 1, ""TempC_DS18B20"": 32.76}"
2025-09-18 20:24:56.963197504+00:00,dds75-lb-08,2,-36,9.25,"{""Bat"": 3.28, ""Distance_mm"": 838, ""Interrupt_flag"": 0, ""Node_type"": ""DDS75-LB"", ""Sensor_flag"": 1, ""TempC_DS18B20"": 32.76}"
2025-09-18 20:44:56.748736963+00:00,dds75-lb-08,2,-39,9.0,"{""Bat"": 3.28, ""Distance_mm"": 838, ""Interrupt_flag"": 0, ""Node_type"": ""DDS75-LB"", ""Sensor_flag"": 1, ""TempC_DS18B20"": 32.76}"
2025-09-18 21:04:56.527743025+00:00,dds75-lb-08,2,-36,10.5,"{""Bat"": 3.28, ""Distance_mm"": 838, ""Interrupt_flag"": 0, ""Node_type"": ""DDS75-LB"", ""Sensor_flag"": 1, ""TempC_DS18B20"": 32.76}"
2025-09-18 21:24:56.308008809+00:00,dds75-lb-08,2,-36,10.0,"{""Bat"": 3.28, ""Distance_mm"": 838, ""Interrupt_flag"": 0, ""Node_type"": ""DDS75-LB"", ""Sensor_flag"": 1, ""TempC_DS18B20"": 32.76}"
2025-09-18 21:44:56.098879918+00:00,dds75-lb-08,2,-38,9.75,"{""Bat"": 3.28, ""Distance_mm"": 838, ""Interrupt_flag"": 0, ""Node_type"": ""DDS75-LB"", ""Sensor_flag"": 1, ""TempC_DS18B20"": 32.76}"
2025-09-18 22:04:55.856799319+00:00,dds75-lb-08,2,-120,-6.5,"{""Bat"": 3.28, ""Distance_mm"": 835, ""Interrupt_flag"": 0, ""Node_type"": ""DDS75-LB"", ""Sensor_flag"": 1, ""TempC_DS18B20"": 32.76}"
2025-09-18 22:24:55.657037755+00:00,dds75-lb-08,2,-37,9.5,"{""Bat"": 3.28, ""Distance_mm"": 836, ""Interrupt_flag"": 0, ""Node_type"": ""DDS75-LB"", ""Sensor_flag"": 1, ""TempC_DS18B20"": 32.76}"
2025-09-18 22:44:55.431529680+00:00,dds75-lb-08,2,-36,8.75,"{""Bat"": 3.28, ""Distance_mm"": 834, ""Interrupt_flag"": 0, ""Node_type"": ""DDS75-LB"", ""Sensor_flag"": 1, ""TempC_DS18B20"": 32.76}"
2025-09-18 23:04:55.213816803+00:00,dds75-lb-08,2,-36,9.5,"{""Bat"": 3.28, ""Distance_mm"": 833, ""Interrupt_flag"": 0, ""Node_type"": ""DDS75-LB"", ""Sensor_flag"": 1, ""TempC_DS18B20"": 32.76}"
2025-09-18 23:24:54.994697492+00:00,dds75-lb-08,2,-117,-0.75,"{""Bat"": 3.28, ""Distance_mm"": 833, ""Interrupt_flag"": 0, ""Node_type"": ""DDS75-LB"", ""Sensor_flag"": 1, ""TempC_DS18B20"": 32.76}"
2025-09-18 23:44:54.769606328+00:00,dds75-lb-08,2,-37,9.25,"{""Bat"": 3.28, ""Distance_mm"": 833, ""Interrupt_flag"": 0, ""Node_type"": ""DDS75-LB"", ""Sensor_flag"": 1, ""TempC_DS18B20"": 32.76}"
2025-09-19 00:04:54.555035588+00:00,dds75-lb-08,2,-113,2.75,"{""Bat"": 3.28, ""Distance_mm"": 833, ""Interrupt_flag"": 0, ""Node_type"": ""DDS75-LB"", ""Sensor_flag"": 1, ""TempC_DS18B20"": 32.76}"
2025-09-19 00:24:54.332667408+00:00,dds75-lb-08,2,-110,4.75,"{""Bat"": 3.28, ""Distance_mm"": 833, ""Interrupt_flag"": 0, ""Node_type"": ""DDS75-LB"", ""Sensor_flag"": 1, ""TempC_DS18B20"": 32.76}"
2025-09-19 00:44:54.109137273+00:00,dds75-lb-08,2,-36,9.25,"{""Bat"": 3.28, ""Distance_mm"": 833, ""Interrupt_flag"": 0, ""Node_type"": ""DDS75-LB"", ""Sensor_flag"": 1, ""TempC_DS18B20"": 32.76}"
2025-09-19 01:04:53.886856642+00:00,dds75-lb-08,2,-38,10.0,"{""Bat"": 3.28, ""Distance_mm"": 833, ""Interrupt_flag"": 0, ""Node_type"": ""DDS75-LB"", ""Sensor_flag"": 1, ""TempC_DS18B20"": 32.76}"
2025-09-19 01:24:53.674140616+00:00,dds75-lb-08,2,-39,7.5,"{""Bat"": 3.28, ""Distance_mm"": 833, ""Interrupt_flag"": 0, ""Node_type"": ""DDS75-LB"", ""Sensor_flag"": 1, ""TempC_DS18B20"": 32.76}"
2025-09-19 01:44:53.413963651+00:00,dds75-lb-08,2,-115,-3.2,"{""Bat"": 3.28, ""Distance_mm"": 833, ""Interrupt_flag"": 0, ""Node_type"": ""DDS75-LB"", ""Sensor_flag"": 1, ""TempC_DS18B20"": 32.76}"
2025-09-19 02:04:53.220578069+00:00,dds75-lb-08,2,-39,9.75,"{""Bat"": 3.28, ""Distance_mm"": 833, ""Interrupt_flag"": 0, ""Node_type"": ""DDS75-LB"", ""Sensor_flag"": 1, ""TempC_DS18B20"": 32.76}"
2025-09-19 02:24:53.004193996+00:00,dds75-lb-08,2,-33,8.25,"{""Bat"": 3.28, ""Distance_mm"": 833, ""Interrupt_flag"": 0, ""Node_type"": ""DDS75-LB"", ""Sensor_flag"": 1, ""TempC_DS18B20"": 32.76}"
2025-09-19 02:44:52.792528891+00:00,dds75-lb-08,2,-34,9.5,"{""Bat"": 3.28, ""Distance_mm"": 833, ""Interrupt_flag"": 0, ""Node_type"": ""DDS75-LB"", ""Sensor_flag"": 1, ""TempC_DS18B20"": 32.76}"
2025-09-19 03:04:52.563268039+00:00,dds75-lb-08,2,-37,7.5,"{""Bat"": 3.28, ""Distance_mm"": 834, ""Interrupt_flag"": 0, ""Node_type"": ""DDS75-LB"", ""Sensor_flag"": 1, ""TempC_DS18B20"": 32.76}"
2025-09-19 03:24:52.364297280+00:00,dds75-lb-08,2,-35,9.5,"{""Bat"": 3.28, ""Distance_mm"": 833, ""Interrupt_flag"": 0, ""Node_type"": ""DDS75-LB"", ""Sensor_flag"": 1, ""TempC_DS18B20"": 32.76}"
2025-09-19 03:44:52.122725688+00:00,dds75-lb-08,2,-118,-2.5,"{""Bat"": 3.28, ""Distance_mm"": 833, ""Interrupt_flag"": 0, ""Node_type"": ""DDS75-LB"", ""Sensor_flag"": 1, ""TempC_DS18B20"": 32.76}"
2025-09-19 04:04:51.907674065+00:00,dds75-lb-08,2,-36,9.75,"{""Bat"": 3.28, ""Distance_mm"": 833, ""Interrupt_flag"": 0, ""Node_type"": ""DDS75-LB"", ""Sensor_flag"": 1, ""TempC_DS18B20"": 32.76}"
2025-09-19 04:24:51.685881117+00:00,dds75-lb-08,2,-36,9.5,"{""Bat"": 3.28, ""Distance_mm"": 833, ""Interrupt_flag"": 0, ""Node_type"": ""DDS75-LB"", ""Sensor_flag"": 1, ""TempC_DS18B20"": 32.76}"
2025-09-19 04:44:51.475958686+00:00,dds75-lb-08,2,-39,10.25,"{""Bat"": 3.28, ""Distance_mm"": 833, ""Interrupt_flag"": 0, ""Node_type"": ""DDS75-LB"", ""Sensor_flag"": 1, ""TempC_DS18B20"": 32.76}"
2025-09-19 05:04:51.253703268+00:00,dds75-lb-08,2,-36,8.0,"{""Bat"": 3.28, ""Distance_mm"": 833, ""Interrupt_flag"": 0, ""Node_type"": ""DDS75-LB"", ""Sensor_flag"": 1, ""TempC_DS18B20"": 32.76}"
2025-09-19 05:24:51.023539363+00:00,dds75-lb-08,2,-36,7.25,"{""Bat"": 3.28, ""Distance_mm"": 833, ""Interrupt_flag"": 0, ""Node_type"": ""DDS75-LB"", ""Sensor_flag"": 1, ""TempC_DS18B20"": 32.76}"
2025-09-19 05:44:50.811824725+00:00,dds75-lb-08,2,-36,9.75,"{""Bat"": 3.28, ""Distance_mm"": 833, ""Interrupt_flag"": 0, ""Node_type"": ""DDS75-LB"", ""Sensor_flag"": 1, ""TempC_DS18B20"": 32.76}"
2025-09-19 06:04:50.593432316+00:00,dds75-lb-08,2,-36,10.5,"{""Bat"": 3.28, ""Distance_mm"": 833, ""Interrupt_flag"": 0, ""Node_type"": ""DDS75-LB"", ""Sensor_flag"": 1, ""TempC_DS18B20"": 32.76}"
2025-09-19 06:24:50.370392870+00:00,dds75-lb-08,2,-39,9.25,"{""Bat"": 3.28, ""Distance_mm"": 833, ""Interrupt_flag"": 0, ""Node_type"": ""DDS75-LB"", ""Sensor_flag"": 1, ""TempC_DS18B20"": 32.76}"
2025-09-19 06:44:50.181270602+00:00,dds75-lb-08,2,-43,6.25,"{""Bat"": 3.28, ""Distance_mm"": 835, ""Interrupt_flag"": 0, ""Node_type"": ""DDS75-LB"", ""Sensor_flag"": 1, ""TempC_DS18B20"": 32.76}"
2025-09-19 07:04:49.930095780+00:00,dds75-lb-08,2,-35,9.75,"{""Bat"": 3.28, ""Distance_mm"": 837, ""Interrupt_flag"": 0, ""Node_type"": ""DDS75-LB"", ""Sensor_flag"": 1, ""TempC_DS18B20"": 32.76}"
2025-09-19 07:24:49.711055255+00:00,dds75-lb-08,2,-37,9.25,"{""Bat"": 3.28, ""Distance_mm"": 830, ""Interrupt_flag"": 0, ""Node_type"": ""DDS75-LB"", ""Sensor_flag"": 1, ""TempC_DS18B20"": 32.76}"
2025-09-19 07:44:49.492151839+00:00,dds75-lb-08,2,-35,3.0,"{""Bat"": 3.28, ""Distance_mm"": 833, ""Interrupt_flag"": 0, ""Node_type"": ""DDS75-LB"", ""Sensor_flag"": 1, ""TempC_DS18B20"": 32.76}"
2025-09-19 08:04:49.274898148+00:00,dds75-lb-08,2,-36,7.75,"{""Bat"": 3.28, ""Distance_mm"": 837, ""Interrupt_flag"": 0, ""Node_type"": ""DDS75-LB"", ""Sensor_flag"": 1, ""TempC_DS18B20"": 32.76}"
2025-09-19 08:24:49.043143229+00:00,dds75-lb-08,2,-33,7.25,"{""Bat"": 3.28, ""Distance_mm"": 833, ""Interrupt_flag"": 0, ""Node_type"": ""DDS75-LB"", ""Sensor_flag"": 1, ""TempC_DS18B20"": 32.76}"
2025-09-19 08:44:48.833157156+00:00,dds75-lb-08,2,-37,9.0,"{""Bat"": 3.28, ""Distance_mm"": 833, ""Interrupt_flag"": 0, ""Node_type"": ""DDS75-LB"", ""Sensor_flag"": 1, ""TempC_DS18B20"": 32.76}"
2025-09-19 09:04:48.601547550+00:00,dds75-lb-08,2,-37,9.5,"{""Bat"": 3.28, ""Distance_mm"": 833, ""Interrupt_flag"": 0, ""Node_type"": ""DDS75-LB"", ""Sensor_flag"": 1, ""TempC_DS18B20"": 32.76}"
2025-09-19 09:24:48.359706466+00:00,dds75-lb-08,2,-35,7.0,"{""Bat"": 3.28, ""Distance_mm"": 833, ""Interrupt_flag"": 0, ""Node_type"": ""DDS75-LB"", ""Sensor_flag"": 1, ""TempC_DS18B20"": 32.76}"
2025-09-19 09:44:48.153952715+00:00,dds75-lb-08,2,-34,9.25,"{""Bat"": 3.28, ""Distance_mm"": 833, ""Interrupt_flag"": 0, ""Node_type"": ""DDS75-LB"", ""Sensor_flag"": 1, ""TempC_DS18B20"": 32.76}"
2025-09-19 10:04:47.933565350+00:00,dds75-lb-08,2,-38,10.0,"{""Bat"": 3.28, ""Distance_mm"": 833, ""Interrupt_flag"": 0, ""Node_type"": ""DDS75-LB"", ""Sensor_flag"": 1, ""TempC_DS18B20"": 32.76}"
2025-09-19 10:24:47.721665046+00:00,dds75-lb-08,2,-36,8.0,"{""Bat"": 3.28, ""Distance_mm"": 834, ""Interrupt_flag"": 0, ""Node_type"": ""DDS75-LB"", ""Sensor_flag"": 1, ""TempC_DS18B20"": 32.76}"
2025-09-19 10:44:47.499135735+00:00,dds75-lb-08,2,-36,10.25,"{""Bat"": 3.28, ""Distance_mm"": 834, ""Interrupt_flag"": 0, ""Node_type"": ""DDS75-LB"", ""Sensor_flag"": 1, ""TempC_DS18B20"": 32.76}"
2025-09-19 11:04:47.274986268+00:00,dds75-lb-08,2,-113,3.0,"{""Bat"": 3.28, ""Distance_mm"": 833, ""Interrupt_flag"": 0, ""Node_type"": ""DDS75-LB"", ""Sensor_flag"": 1, ""TempC_DS18B20"": 32.76}"
2025-09-19 11:24:47.059764920+00:00,dds75-lb-08,2,-36,9.0,"{""Bat"": 3.28, ""Distance_mm"": 834, ""Interrupt_flag"": 0, ""Node_type"": ""DDS75-LB"", ""Sensor_flag"": 1, ""TempC_DS18B20"": 32.76}"
2025-09-19 11:44:46.828338817+00:00,dds75-lb-08,2,-111,3.75,"{""Bat"": 3.28, ""Distance_mm"": 834, ""Interrupt_flag"": 0, ""Node_type"": ""DDS75-LB"", ""Sensor_flag"": 1, ""TempC_DS18B20"": 32.76}"
2025-09-19 12:04:46.627222835+00:00,dds75-lb-08,2,-37,7.0,"{""Bat"": 3.28, ""Distance_mm"": 837, ""Interrupt_flag"": 0, ""Node_type"": ""DDS75-LB"", ""Sensor_flag"": 1, ""TempC_DS18B20"": 32.76}"
2025-09-19 12:24:46.404399118+00:00,dds75-lb-08,2,-35,9.5,"{""Bat"": 3.28, ""Distance_mm"": 837, ""Interrupt_flag"": 0, ""Node_type"": ""DDS75-LB"", ""Sensor_flag"": 1, ""TempC_DS18B20"": 32.76}"
2025-09-19 12:44:46.179050306+00:00,dds75-lb-08,2,-38,9.75,"{""Bat"": 3.28, ""Distance_mm"": 838, ""Interrupt_flag"": 0, ""Node_type"": ""DDS75-LB"", ""Sensor_flag"": 1, ""TempC_DS18B20"": 32.76}"
2025-09-19 13:04:45.961772142+00:00,dds75-lb-08,2,-35,10.0,"{""Bat"": 3.28, ""Distance_mm"": 838, ""Interrupt_flag"": 0, ""Node_type"": ""DDS75-LB"", ""Sensor_flag"": 1, ""TempC_DS18B20"": 32.76}"
2025-09-19 13:24:45.724143270+00:00,dds75-lb-08,2,-35,7.0,"{""Bat"": 3.28, ""Distance_mm"": 835, ""Interrupt_flag"": 0, ""Node_type"": ""DDS75-LB"", ""Sensor_flag"": 1, ""TempC_DS18B20"": 32.76}"
2025-09-19 13:44:45.512155287+00:00,dds75-lb-08,2,-34,9.5,"{""Bat"": 3.28, ""Distance_mm"": 834, ""Interrupt_flag"": 0, ""Node_type"": ""DDS75-LB"", ""Sensor_flag"": 1, ""TempC_DS18B20"": 32.76}"
2025-09-19 14:04:45.291754102+00:00,dds75-lb-08,2,-33,9.75,"{""Bat"": 3.28, ""Distance_mm"": 834, ""Interrupt_flag"": 0, ""Node_type"": ""DDS75-LB"", ""Sensor_flag"": 1, ""TempC_DS18B20"": 32.76}"
2025-09-19 14:24:45.083767560+00:00,dds75-lb-08,2,-37,9.5,"{""Bat"": 3.28, ""Distance_mm"": 834, ""Interrupt_flag"": 0, ""Node_type"": ""DDS75-LB"", ""Sensor_flag"": 1, ""TempC_DS18B20"": 32.76}"
2025-09-19 14:44:44.847976711+00:00,dds75-lb-08,2,-108,-0.25,"{""Bat"": 3.28, ""Distance_mm"": 834, ""Interrupt_flag"": 0, ""Node_type"": ""DDS75-LB"", ""Sensor_flag"": 1, ""TempC_DS18B20"": 32.76}"
2025-09-19 15:04:44.647862429+00:00,dds75-lb-08,2,-36,8.5,"{""Bat"": 3.28, ""Distance_mm"": 834, ""Interrupt_flag"": 0, ""Node_type"": ""DDS75-LB"", ""Sensor_flag"": 1, ""TempC_DS18B20"": 32.76}"
2025-09-19 15:24:44.412253909+00:00,dds75-lb-08,2,-38,9.75,"{""Bat"": 3.28, ""Distance_mm"": 834, ""Interrupt_flag"": 0, ""Node_type"": ""DDS75-LB"", ""Sensor_flag"": 1, ""TempC_DS18B20"": 32.76}"
2025-09-19 15:44:44.192712402+00:00,dds75-lb-08,2,-35,7.5,"{""Bat"": 3.28, ""Distance_mm"": 829, ""Interrupt_flag"": 0, ""Node_type"": ""DDS75-LB"", ""Sensor_flag"": 1, ""TempC_DS18B20"": 32.76}"
2025-09-19 16:04:43.957508270+00:00,dds75-lb-08,2,-33,9.25,"{""Bat"": 3.28, ""Distance_mm"": 834, ""Interrupt_flag"": 0, ""Node_type"": ""DDS75-LB"", ""Sensor_flag"": 1, ""TempC_DS18B20"": 32.76}"
2025-09-19 16:24:43.745946663+00:00,dds75-lb-08,2,-36,9.75,"{""Bat"": 3.28, ""Distance_mm"": 834, ""Interrupt_flag"": 0, ""Node_type"": ""DDS75-LB"", ""Sensor_flag"": 1, ""TempC_DS18B20"": 32.76}"
2025-09-19 16:44:43.505717884+00:00,dds75-lb-08,2,-35,9.25,"{""Bat"": 3.28, ""Distance_mm"": 834, ""Interrupt_flag"": 0, ""Node_type"": ""DDS75-LB"", ""Sensor_flag"": 1, ""TempC_DS18B20"": 32.76}"
2025-09-19 17:04:43.259738092+00:00,dds75-lb-08,2,-114,2.0,"{""Bat"": 3.28, ""Distance_mm"": 834, ""Interrupt_flag"": 0, ""Node_type"": ""DDS75-LB"", ""Sensor_flag"": 1, ""TempC_DS18B20"": 32.76}"
2025-09-19 17:24:43.078250837+00:00,dds75-lb-08,2,-110,3.5,"{""Bat"": 3.28, ""Distance_mm"": 834, ""Interrupt_flag"": 0, ""Node_type"": ""DDS75-LB"", ""Sensor_flag"": 1, ""TempC_DS18B20"": 32.76}"
2025-09-19 17:44:42.851972122+00:00,dds75-lb-08,2,-36,9.5,"{""Bat"": 3.28, ""Distance_mm"": 828, ""Interrupt_flag"": 0, ""Node_type"": ""DDS75-LB"", ""Sensor_flag"": 1, ""TempC_DS18B20"": 32.76}"
2025-09-19 18:04:42.637042357+00:00,dds75-lb-08,2,-35,8.75,"{""Bat"": 3.28, ""Distance_mm"": 834, ""Interrupt_flag"": 0, ""Node_type"": ""DDS75-LB"", ""Sensor_flag"": 1, ""TempC_DS18B20"": 32.76}"
2025-09-19 18:24:42.414347107+00:00,dds75-lb-08,2,-33,7.75,"{""Bat"": 3.28, ""Distance_mm"": 834, ""Interrupt_flag"": 0, ""Node_type"": ""DDS75-LB"", ""Sensor_flag"": 1, ""TempC_DS18B20"": 32.76}"
2025-09-19 18:44:42.185053472+00:00,dds75-lb-08,2,-33,8.75,"{""Bat"": 3.28, ""Distance_mm"": 834, ""Interrupt_flag"": 0, ""Node_type"": ""DDS75-LB"", ""Sensor_flag"": 1, ""TempC_DS18B20"": 32.76}"
2025-09-19 19:04:41.961155671+00:00,dds75-lb-08,2,-108,2.0,"{""Bat"": 3.28, ""Distance_mm"": 834, ""Interrupt_flag"": 0, ""Node_type"": ""DDS75-LB"", ""Sensor_flag"": 1, ""TempC_DS18B20"": 32.76}"
2025-09-19 19:24:41.738147861+00:00,dds75-lb-08,2,-35,10.25,"{""Bat"": 3.28, ""Distance_mm"": 834, ""Interrupt_flag"": 0, ""Node_type"": ""DDS75-LB"", ""Sensor_flag"": 1, ""TempC_DS18B20"": 32.76}"
2025-09-19 19:44:41.527949573+00:00,dds75-lb-08,2,-38,9.5,"{""Bat"": 3.28, ""Distance_mm"": 832, ""Interrupt_flag"": 0, ""Node_type"": ""DDS75-LB"", ""Sensor_flag"": 1, ""TempC_DS18B20"": 32.76}"
2025-09-19 20:04:41.275328759+00:00,dds75-lb-08,2,-112,2.2,"{""Bat"": 3.28, ""Distance_mm"": 834, ""Interrupt_flag"": 0, ""Node_type"": ""DDS75-LB"", ""Sensor_flag"": 1, ""TempC_DS18B20"": 32.76}"
2025-09-19 20:24:41.098748520+00:00,dds75-lb-08,2,-35,9.25,"{""Bat"": 3.28, ""Distance_mm"": 834, ""Interrupt_flag"": 0, ""Node_type"": ""DDS75-LB"", ""Sensor_flag"": 1, ""TempC_DS18B20"": 32.76}"
2025-09-19 20:44:40.875829716+00:00,dds75-lb-08,2,-37,9.5,"{""Bat"": 3.28, ""Distance_mm"": 834, ""Interrupt_flag"": 0, ""Node_type"": ""DDS75-LB"", ""Sensor_flag"": 1, ""TempC_DS18B20"": 32.76}"
2025-09-19 21:04:40.643436624+00:00,dds75-lb-08,2,-35,8.0,"{""Bat"": 3.28, ""Distance_mm"": 834, ""Interrupt_flag"": 0, ""Node_type"": ""DDS75-LB"", ""Sensor_flag"": 1, ""TempC_DS18B20"": 32.76}"
2025-09-19 21:24:40.417748200+00:00,dds75-lb-08,2,-35,7.5,"{""Bat"": 3.28, ""Distance_mm"": 834, ""Interrupt_flag"": 0, ""Node_type"": ""DDS75-LB"", ""Sensor_flag"": 1, ""TempC_DS18B20"": 32.76}"
2025-09-19 21:44:40.202468707+00:00,dds75-lb-08,2,-109,5.5,"{""Bat"": 3.28, ""Distance_mm"": 830, ""Interrupt_flag"": 0, ""Node_type"": ""DDS75-LB"", ""Sensor_flag"": 1, ""TempC_DS18B20"": 32.76}"
2025-09-19 22:04:39.993181633+00:00,dds75-lb-08,2,-33,8.75,"{""Bat"": 3.28, ""Distance_mm"": 829, ""Interrupt_flag"": 0, ""Node_type"": ""DDS75-LB"", ""Sensor_flag"": 1, ""TempC_DS18B20"": 32.76}"
2025-09-19 22:24:39.765666497+00:00,dds75-lb-08,2,-37,8.75,"{""Bat"": 3.28, ""Distance_mm"": 833, ""Interrupt_flag"": 0, ""Node_type"": ""DDS75-LB"", ""Sensor_flag"": 1, ""TempC_DS18B20"": 32.76}"
2025-09-19 22:44:39.556540198+00:00,dds75-lb-08,2,-37,9.0,"{""Bat"": 3.28, ""Distance_mm"": 833, ""Interrupt_flag"": 0, ""Node_type"": ""DDS75-LB"", ""Sensor_flag"": 1, ""TempC_DS18B20"": 32.76}"
2025-09-19 23:04:39.305761826+00:00,dds75-lb-08,2,-116,-0.25,"{""Bat"": 3.28, ""Distance_mm"": 833, ""Interrupt_flag"": 0, ""Node_type"": ""DDS75-LB"", ""Sensor_flag"": 1, ""TempC_DS18B20"": 32.76}"
2025-09-19 23:24:39.093130247+00:00,dds75-lb-08,2,-112,4.0,"{""Bat"": 3.28, ""Distance_mm"": 833, ""Interrupt_flag"": 0, ""Node_type"": ""DDS75-LB"", ""Sensor_flag"": 1, ""TempC_DS18B20"": 32.76}"
2025-09-19 23:44:38.883457847+00:00,dds75-lb-08,2,-33,8.5,"{""Bat"": 3.28, ""Distance_mm"": 787, ""Interrupt_flag"": 0, ""Node_type"": ""DDS75-LB"", ""Sensor_flag"": 1, ""TempC_DS18B20"": 32.76}"
2025-09-20 00:04:38.645242328+00:00,dds75-lb-08,2,-37,7.75,"{""Bat"": 3.28, ""Distance_mm"": 829, ""Interrupt_flag"": 0, ""Node_type"": ""DDS75-LB"", ""Sensor_flag"": 1, ""TempC_DS18B20"": 32.76}"
2025-09-20 00:24:38.431615701+00:00,dds75-lb-08,2,-35,9.75,"{""Bat"": 3.28, ""Distance_mm"": 831, ""Interrupt_flag"": 0, ""Node_type"": ""DDS75-LB"", ""Sensor_flag"": 1, ""TempC_DS18B20"": 32.76}"
2025-09-20 00:44:38.204478961+00:00,dds75-lb-08,2,-35,10.0,"{""Bat"": 3.28, ""Distance_mm"": 834, ""Interrupt_flag"": 0, ""Node_type"": ""DDS75-LB"", ""Sensor_flag"": 1, ""TempC_DS18B20"": 32.76}"
2025-09-20 01:04:37.994420429+00:00,dds75-lb-08,2,-38,10.0,"{""Bat"": 3.28, ""Distance_mm"": 831, ""Interrupt_flag"": 0, ""Node_type"": ""DDS75-LB"", ""Sensor_flag"": 1, ""TempC_DS18B20"": 32.76}"
2025-09-20 01:24:37.758515193+00:00,dds75-lb-08,2,-109,5.25,"{""Bat"": 3.28, ""Distance_mm"": 829, ""Interrupt_flag"": 0, ""Node_type"": ""DDS75-LB"", ""Sensor_flag"": 1, ""TempC_DS18B20"": 32.76}"
2025-09-20 01:44:37.560208861+00:00,dds75-lb-08,2,-34,9.0,"{""Bat"": 3.28, ""Distance_mm"": 818, ""Interrupt_flag"": 0, ""Node_type"": ""DDS75-LB"", ""Sensor_flag"": 1, ""TempC_DS18B20"": 32.76}"
2025-09-20 02:04:37.320346039+00:00,dds75-lb-08,2,-112,4.25,"{""Bat"": 3.28, ""Distance_mm"": 829, ""Interrupt_flag"": 0, ""Node_type"": ""DDS75-LB"", ""Sensor_flag"": 1, ""TempC_DS18B20"": 32.76}"
2025-09-20 02:24:37.118043220+00:00,dds75-lb-08,2,-115,0.75,"{""Bat"": 3.28, ""Distance_mm"": 829, ""Interrupt_flag"": 0, ""Node_type"": ""DDS75-LB"", ""Sensor_flag"": 1, ""TempC_DS18B20"": 32.76}"
2025-09-20 02:44:36.876889991+00:00,dds75-lb-08,2,-35,8.0,"{""Bat"": 3.28, ""Distance_mm"": 829, ""Interrupt_flag"": 0, ""Node_type"": ""DDS75-LB"", ""Sensor_flag"": 1, ""TempC_DS18B20"": 32.76}"
2025-09-20 03:04:36.678495766+00:00,dds75-lb-08,2,-109,5.5,"{""Bat"": 3.28, ""Distance_mm"": 829, ""Interrupt_flag"": 0, ""Node_type"": ""DDS75-LB"", ""Sensor_flag"": 1, ""TempC_DS18B20"": 32.76}"
2025-09-20 03:24:36.450106165+00:00,dds75-lb-08,2,-116,-0.25,"{""Bat"": 3.28, ""Distance_mm"": 829, ""Interrupt_flag"": 0, ""Node_type"": ""DDS75-LB"", ""Sensor_flag"": 1, ""TempC_DS18B20"": 32.76}"
2025-09-20 03:44:36.220464011+00:00,dds75-lb-08,2,-37,10.25,"{""Bat"": 3.28, ""Distance_mm"": 792, ""Interrupt_flag"": 0, ""Node_type"": ""DDS75-LB"", ""Sensor_flag"": 1, ""TempC_DS18B20"": 32.76}"
2025-09-20 04:04:36.007913264+00:00,dds75-lb-08,2,-37,7.5,"{""Bat"": 3.28, ""Distance_mm"": 829, ""Interrupt_flag"": 0, ""Node_type"": ""DDS75-LB"", ""Sensor_flag"": 1, ""TempC_DS18B20"": 32.76}"
2025-09-20 04:24:35.795482573+00:00,dds75-lb-08,2,-35,10.25,"{""Bat"": 3.28, ""Distance_mm"": 830, ""Interrupt_flag"": 0, ""Node_type"": ""DDS75-LB"", ""Sensor_flag"": 1, ""TempC_DS18B20"": 32.76}"
2025-09-20 04:44:35.571108980+00:00,dds75-lb-08,2,-37,10.5,"{""Bat"": 3.28, ""Distance_mm"": 829, ""Interrupt_flag"": 0, ""Node_type"": ""DDS75-LB"", ""Sensor_flag"": 1, ""TempC_DS18B20"": 32.76}"
2025-09-20 05:04:35.355065266+00:00,dds75-lb-08,2,-35,10.0,"{""Bat"": 3.28, ""Distance_mm"": 829, ""Interrupt_flag"": 0, ""Node_type"": ""DDS75-LB"", ""Sensor_flag"": 1, ""TempC_DS18B20"": 32.76}"
2025-09-20 05:24:35.140915632+00:00,dds75-lb-08,2,-35,9.25,"{""Bat"": 3.28, ""Distance_mm"": 829, ""Interrupt_flag"": 0, ""Node_type"": ""DDS75-LB"", ""Sensor_flag"": 1, ""TempC_DS18B20"": 32.76}"
2025-09-20 05:44:34.901019176+00:00,dds75-lb-08,2,-117,-0.25,"{""Bat"": 3.28, ""Distance_mm"": 826, ""Interrupt_flag"": 0, ""Node_type"": ""DDS75-LB"", ""Sensor_flag"": 1, ""TempC_DS18B20"": 32.76}"
2025-09-20 06:04:34.677671600+00:00,dds75-lb-08,2,-33,9.5,"{""Bat"": 3.28, ""Distance_mm"": 833, ""Interrupt_flag"": 0, ""Node_type"": ""DDS75-LB"", ""Sensor_flag"": 1, ""TempC_DS18B20"": 32.76}"
2025-09-20 06:24:34.445070753+00:00,dds75-lb-08,2,-112,3.25,"{""Bat"": 3.28, ""Distance_mm"": 833, ""Interrupt_flag"": 0, ""Node_type"": ""DDS75-LB"", ""Sensor_flag"": 1, ""TempC_DS18B20"": 32.76}"
2025-09-20 06:44:34.237720502+00:00,dds75-lb-08,2,-37,9.75,"{""Bat"": 3.28, ""Distance_mm"": 837, ""Interrupt_flag"": 0, ""Node_type"": ""DDS75-LB"", ""Sensor_flag"": 1, ""TempC_DS18B20"": 32.76}"
2025-09-20 07:04:34.030160260+00:00,dds75-lb-08,2,-116,0.25,"{""Bat"": 3.28, ""Distance_mm"": 841, ""Interrupt_flag"": 0, ""Node_type"": ""DDS75-LB"", ""Sensor_flag"": 1, ""TempC_DS18B20"": 32.76}"
2025-09-20 07:24:33.786872097+00:00,dds75-lb-08,2,-38,9.25,"{""Bat"": 3.28, ""Distance_mm"": 837, ""Interrupt_flag"": 0, ""Node_type"": ""DDS75-LB"", ""Sensor_flag"": 1, ""TempC_DS18B20"": 32.76}"
2025-09-20 07:44:33.573695993+00:00,dds75-lb-08,2,-33,9.25,"{""Bat"": 3.28, ""Distance_mm"": 833, ""Interrupt_flag"": 0, ""Node_type"": ""DDS75-LB"", ""Sensor_flag"": 1, ""TempC_DS18B20"": 32.76}"
2025-09-20 08:04:33.349066703+00:00,dds75-lb-08,2,-35,8.5,"{""Bat"": 3.28, ""Distance_mm"": 833, ""Interrupt_flag"": 0, ""Node_type"": ""DDS75-LB"", ""Sensor_flag"": 1, ""TempC_DS18B20"": 32.76}"
2025-09-20 08:24:33.136258489+00:00,dds75-lb-08,2,-37,7.25,"{""Bat"": 3.28, ""Distance_mm"": 833, ""Interrupt_flag"": 0, ""Node_type"": ""DDS75-LB"", ""Sensor_flag"": 1, ""TempC_DS18B20"": 32.76}"
2025-09-20 08:44:32.929441099+00:00,dds75-lb-08,2,-113,2.75,"{""Bat"": 3.28, ""Distance_mm"": 833, ""Interrupt_flag"": 0, ""Node_type"": ""DDS75-LB"", ""Sensor_flag"": 1, ""TempC_DS18B20"": 32.76}"
2025-09-20 09:04:32.699523955+00:00,dds75-lb-08,2,-37,9.25,"{""Bat"": 3.28, ""Distance_mm"": 833, ""Interrupt_flag"": 0, ""Node_type"": ""DDS75-LB"", ""Sensor_flag"": 1, ""TempC_DS18B20"": 32.76}"
2025-09-20 09:25:23.126800535+00:00,dds75-lb-08,2,-37,11.0,"{""Bat"": 3.28, ""Distance_mm"": 833, ""Interrupt_flag"": 0, ""Node_type"": ""DDS75-LB"", ""Sensor_flag"": 1, ""TempC_DS18B20"": 32.76}"
2025-09-20 09:45:21.466919771+00:00,dds75-lb-08,2,-36,9.25,"{""Bat"": 3.28, ""Distance_mm"": 833, ""Interrupt_flag"": 0, ""Node_type"": ""DDS75-LB"", ""Sensor_flag"": 1, ""TempC_DS18B20"": 32.76}"
2025-09-20 10:05:21.242365326+00:00,dds75-lb-08,2,-36,9.75,"{""Bat"": 3.28, ""Distance_mm"": 833, ""Interrupt_flag"": 0, ""Node_type"": ""DDS75-LB"", ""Sensor_flag"": 1, ""TempC_DS18B20"": 32.76}"
2025-09-20 10:25:21.045597252+00:00,dds75-lb-08,2,-33,9.0,"{""Bat"": 3.28, ""Distance_mm"": 833, ""Interrupt_flag"": 0, ""Node_type"": ""DDS75-LB"", ""Sensor_flag"": 1, ""TempC_DS18B20"": 32.76}"
2025-09-20 10:45:20.810941308+00:00,dds75-lb-08,2,-111,3.75,"{""Bat"": 3.28, ""Distance_mm"": 833, ""Interrupt_flag"": 0, ""Node_type"": ""DDS75-LB"", ""Sensor_flag"": 1, ""TempC_DS18B20"": 32.76}"
2025-09-20 11:05:20.586151379+00:00,dds75-lb-08,2,-35,7.0,"{""Bat"": 3.28, ""Distance_mm"": 833, ""Interrupt_flag"": 0, ""Node_type"": ""DDS75-LB"", ""Sensor_flag"": 1, ""TempC_DS18B20"": 32.76}"
2025-09-20 11:25:20.367987754+00:00,dds75-lb-08,2,-35,10.75,"{""Bat"": 3.28, ""Distance_mm"": 833, ""Interrupt_flag"": 0, ""Node_type"": ""DDS75-LB"", ""Sensor_flag"": 1, ""TempC_DS18B20"": 32.76}"
2025-09-20 11:45:20.130431209+00:00,dds75-lb-08,2,-38,10.5,"{""Bat"": 3.28, ""Distance_mm"": 834, ""Interrupt_flag"": 0, ""Node_type"": ""DDS75-LB"", ""Sensor_flag"": 1, ""TempC_DS18B20"": 32.76}"
2025-09-20 12:05:19.903649519+00:00,dds75-lb-08,2,-37,7.75,"{""Bat"": 3.28, ""Distance_mm"": 834, ""Interrupt_flag"": 0, ""Node_type"": ""DDS75-LB"", ""Sensor_flag"": 1, ""TempC_DS18B20"": 32.76}"
2025-09-20 12:25:19.688143604+00:00,dds75-lb-08,2,-34,9.5,"{""Bat"": 3.28, ""Distance_mm"": 833, ""Interrupt_flag"": 0, ""Node_type"": ""DDS75-LB"", ""Sensor_flag"": 1, ""TempC_DS18B20"": 32.76}"
2025-09-20 12:45:19.470008573+00:00,dds75-lb-08,2,-36,9.5,"{""Bat"": 3.28, ""Distance_mm"": 833, ""Interrupt_flag"": 0, ""Node_type"": ""DDS75-LB"", ""Sensor_flag"": 1, ""TempC_DS18B20"": 32.76}"
2025-09-20 13:05:19.255233100+00:00,dds75-lb-08,2,-33,7.5,"{""Bat"": 3.28, ""Distance_mm"": 833, ""Interrupt_flag"": 0, ""Node_type"": ""DDS75-LB"", ""Sensor_flag"": 1, ""TempC_DS18B20"": 32.76}"
2025-09-20 13:25:19.036891809+00:00,dds75-lb-08,2,-33,7.25,"{""Bat"": 3.28, ""Distance_mm"": 834, ""Interrupt_flag"": 0, ""Node_type"": ""DDS75-LB"", ""Sensor_flag"": 1, ""TempC_DS18B20"": 32.76}"
2025-09-20 13:45:18.836989375+00:00,dds75-lb-08,2,-111,3.5,"{""Bat"": 3.28, ""Distance_mm"": 834, ""Interrupt_flag"": 0, ""Node_type"": ""DDS75-LB"", ""Sensor_flag"": 1, ""TempC_DS18B20"": 32.76}"
2025-09-20 14:05:18.602691474+00:00,dds75-lb-08,2,-120,-7.0,"{""Bat"": 3.28, ""Distance_mm"": 834, ""Interrupt_flag"": 0, ""Node_type"": ""DDS75-LB"", ""Sensor_flag"": 1, ""TempC_DS18B20"": 32.76}"
2025-09-20 14:25:18.370038128+00:00,dds75-lb-08,2,-35,9.75,"{""Bat"": 3.28, ""Distance_mm"": 834, ""Interrupt_flag"": 0, ""Node_type"": ""DDS75-LB"", ""Sensor_flag"": 1, ""TempC_DS18B20"": 32.76}"
2025-09-20 14:45:18.148916868+00:00,dds75-lb-08,2,-110,0.25,"{""Bat"": 3.28, ""Distance_mm"": 834, ""Interrupt_flag"": 0, ""Node_type"": ""DDS75-LB"", ""Sensor_flag"": 1, ""TempC_DS18B20"": 32.76}"
2025-09-20 15:05:17.929002786+00:00,dds75-lb-08,2,-35,9.75,"{""Bat"": 3.28, ""Distance_mm"": 833, ""Interrupt_flag"": 0, ""Node_type"": ""DDS75-LB"", ""Sensor_flag"": 1, ""TempC_DS18B20"": 32.76}"
2025-09-20 15:25:17.705243088+00:00,dds75-lb-08,2,-37,10.0,"{""Bat"": 3.28, ""Distance_mm"": 833, ""Interrupt_flag"": 0, ""Node_type"": ""DDS75-LB"", ""Sensor_flag"": 1, ""TempC_DS18B20"": 32.76}"
2025-09-20 15:45:17.513046179+00:00,dds75-lb-08,2,-33,7.75,"{""Bat"": 3.28, ""Distance_mm"": 833, ""Interrupt_flag"": 0, ""Node_type"": ""DDS75-LB"", ""Sensor_flag"": 1, ""TempC_DS18B20"": 32.76}"
2025-09-20 16:05:17.271185229+00:00,dds75-lb-08,2,-33,8.25,"{""Bat"": 3.28, ""Distance_mm"": 834, ""Interrupt_flag"": 0, ""Node_type"": ""DDS75-LB"", ""Sensor_flag"": 1, ""TempC_DS18B20"": 32.76}"
2025-09-20 16:25:17.056114112+00:00,dds75-lb-08,2,-33,6.5,"{""Bat"": 3.28, ""Distance_mm"": 834, ""Interrupt_flag"": 0, ""Node_type"": ""DDS75-LB"", ""Sensor_flag"": 1, ""TempC_DS18B20"": 32.76}"
2025-09-20 16:45:16.839386385+00:00,dds75-lb-08,2,-36,9.5,"{""Bat"": 3.28, ""Distance_mm"": 834, ""Interrupt_flag"": 0, ""Node_type"": ""DDS75-LB"", ""Sensor_flag"": 1, ""TempC_DS18B20"": 32.76}"
2025-09-20 17:05:16.604170074+00:00,dds75-lb-08,2,-38,9.25,"{""Bat"": 3.28, ""Distance_mm"": 834, ""Interrupt_flag"": 0, ""Node_type"": ""DDS75-LB"", ""Sensor_flag"": 1, ""TempC_DS18B20"": 32.76}"
2025-09-20 17:25:16.398704410+00:00,dds75-lb-08,2,-110,4.0,"{""Bat"": 3.28, ""Distance_mm"": 834, ""Interrupt_flag"": 0, ""Node_type"": ""DDS75-LB"", ""Sensor_flag"": 1, ""TempC_DS18B20"": 32.76}"
2025-09-20 17:45:16.165783498+00:00,dds75-lb-08,2,-120,-5.75,"{""Bat"": 3.28, ""Distance_mm"": 834, ""Interrupt_flag"": 0, ""Node_type"": ""DDS75-LB"", ""Sensor_flag"": 1, ""TempC_DS18B20"": 32.76}"
2025-09-20 18:05:15.953922421+00:00,dds75-lb-08,2,-121,-6.25,"{""Bat"": 3.28, ""Distance_mm"": 834, ""Interrupt_flag"": 0, ""Node_type"": ""DDS75-LB"", ""Sensor_flag"": 1, ""TempC_DS18B20"": 32.76}"
2025-09-20 18:25:15.723255331+00:00,dds75-lb-08,2,-113,0.25,"{""Bat"": 3.28, ""Distance_mm"": 834, ""Interrupt_flag"": 0, ""Node_type"": ""DDS75-LB"", ""Sensor_flag"": 1, ""TempC_DS18B20"": 32.76}"
2025-09-20 18:45:15.513867019+00:00,dds75-lb-08,2,-118,-4.25,"{""Bat"": 3.28, ""Distance_mm"": 834, ""Interrupt_flag"": 0, ""Node_type"": ""DDS75-LB"", ""Sensor_flag"": 1, ""TempC_DS18B20"": 32.76}"
2025-09-20 19:05:15.269593230+00:00,dds75-lb-08,2,-37,9.5,"{""Bat"": 3.28, ""Distance_mm"": 834, ""Interrupt_flag"": 0, ""Node_type"": ""DDS75-LB"", ""Sensor_flag"": 1, ""TempC_DS18B20"": 32.76}"
2025-09-20 19:25:15.029508827+00:00,dds75-lb-08,2,-37,10.5,"{""Bat"": 3.28, ""Distance_mm"": 834, ""Interrupt_flag"": 0, ""Node_type"": ""DDS75-LB"", ""Sensor_flag"": 1, ""TempC_DS18B20"": 32.76}"
2025-09-20 19:45:14.840774877+00:00,dds75-lb-08,2,-37,9.5,"{""Bat"": 3.28, ""Distance_mm"": 834, ""Interrupt_flag"": 0, ""Node_type"": ""DDS75-LB"", ""Sensor_flag"": 1, ""TempC_DS18B20"": 32.76}"
2025-09-20 20:05:14.604827081+00:00,dds75-lb-08,2,-47,6.75,"{""Bat"": 3.28, ""Distance_mm"": 834, ""Interrupt_flag"": 0, ""Node_type"": ""DDS75-LB"", ""Sensor_flag"": 1, ""TempC_DS18B20"": 32.76}"
2025-09-20 20:25:14.412367234+00:00,dds75-lb-08,2,-37,9.75,"{""Bat"": 3.28, ""Distance_mm"": 834, ""Interrupt_flag"": 0, ""Node_type"": ""DDS75-LB"", ""Sensor_flag"": 1, ""TempC_DS18B20"": 32.76}"
2025-09-20 20:26:24.599710728+00:00,dds75-lb-08,2,-38,9.5,"{""Bat"": 3.28, ""Distance_mm"": 834, ""Interrupt_flag"": 0, ""Node_type"": ""DDS75-LB"", ""Sensor_flag"": 1, ""TempC_DS18B20"": 32.76}"
2025-09-20 20:27:24.600540537+00:00,dds75-lb-08,2,-37,9.5,"{""Bat"": 3.28, ""Distance_mm"": 834, ""Interrupt_flag"": 0, ""Node_type"": ""DDS75-LB"", ""Sensor_flag"": 1, ""TempC_DS18B20"": 32.76}"
2025-09-20 20:28:24.583202784+00:00,dds75-lb-08,2,-115,-0.5,"{""Bat"": 3.28, ""Distance_mm"": 830, ""Interrupt_flag"": 0, ""Node_type"": ""DDS75-LB"", ""Sensor_flag"": 1, ""TempC_DS18B20"": 32.76}"
2025-09-20 21:28:34.128190456+00:00,dds75-lb-08,2,-44,5.75,"{""Bat"": 3.28, ""Distance_mm"": 834, ""Interrupt_flag"": 0, ""Node_type"": ""DDS75-LB"", ""Sensor_flag"": 1, ""TempC_DS18B20"": 32.76}"
2025-09-20 22:28:33.481046498+00:00,dds75-lb-08,2,-35,9.5,"{""Bat"": 3.28, ""Distance_mm"": 833, ""Interrupt_flag"": 0, ""Node_type"": ""DDS75-LB"", ""Sensor_flag"": 1, ""TempC_DS18B20"": 32.76}"
2025-09-20 23:28:32.808155698+00:00,dds75-lb-08,2,-39,9.5,"{""Bat"": 3.28, ""Distance_mm"": 833, ""Interrupt_flag"": 0, ""Node_type"": ""DDS75-LB"", ""Sensor_flag"": 1, ""TempC_DS18B20"": 32.76}"
2025-09-21 00:28:32.146650579+00:00,dds75-lb-08,2,-38,10.5,"{""Bat"": 3.28, ""Distance_mm"": 784, ""Interrupt_flag"": 0, ""Node_type"": ""DDS75-LB"", ""Sensor_flag"": 1, ""TempC_DS18B20"": 32.76}"
2025-09-21 01:28:31.469724005+00:00,dds75-lb-08,2,-38,10.5,"{""Bat"": 3.28, ""Distance_mm"": 833, ""Interrupt_flag"": 0, ""Node_type"": ""DDS75-LB"", ""Sensor_flag"": 1, ""TempC_DS18B20"": 32.76}"
2025-09-21 02:28:30.807125561+00:00,dds75-lb-08,2,-41,9.25,"{""Bat"": 3.28, ""Distance_mm"": 829, ""Interrupt_flag"": 0, ""Node_type"": ""DDS75-LB"", ""Sensor_flag"": 1, ""TempC_DS18B20"": 32.76}"
2025-09-21 03:28:30.150339715+00:00,dds75-lb-08,2,-38,11.25,"{""Bat"": 3.28, ""Distance_mm"": 833, ""Interrupt_flag"": 0, ""Node_type"": ""DDS75-LB"", ""Sensor_flag"": 1, ""TempC_DS18B20"": 32.76}"
2025-09-21 04:28:29.485101349+00:00,dds75-lb-08,2,-38,9.75,"{""Bat"": 3.28, ""Distance_mm"": 829, ""Interrupt_flag"": 0, ""Node_type"": ""DDS75-LB"", ""Sensor_flag"": 1, ""TempC_DS18B20"": 32.76}"
2025-09-21 05:28:28.830636332+00:00,dds75-lb-08,2,-39,7.25,"{""Bat"": 3.28, ""Distance_mm"": 828, ""Interrupt_flag"": 0, ""Node_type"": ""DDS75-LB"", ""Sensor_flag"": 1, ""TempC_DS18B20"": 32.76}"
2025-09-21 08:28:26.814295562+00:00,dds75-lb-08,2,-38,7.25,"{""Bat"": 3.28, ""Distance_mm"": 829, ""Interrupt_flag"": 0, ""Node_type"": ""DDS75-LB"", ""Sensor_flag"": 1, ""TempC_DS18B20"": 32.76}"
2025-09-21 09:28:26.147342617+00:00,dds75-lb-08,2,-37,9.5,"{""Bat"": 3.28, ""Distance_mm"": 828, ""Interrupt_flag"": 0, ""Node_type"": ""DDS75-LB"", ""Sensor_flag"": 1, ""TempC_DS18B20"": 32.76}"
2025-09-21 10:28:25.484190502+00:00,dds75-lb-08,2,-115,,"{""Bat"": 3.28, ""Distance_mm"": 831, ""Interrupt_flag"": 0, ""Node_type"": ""DDS75-LB"", ""Sensor_flag"": 1, ""TempC_DS18B20"": 32.76}"
2025-09-21 11:28:24.836686251+00:00,dds75-lb-08,2,-36,7.25,"{""Bat"": 3.28, ""Distance_mm"": 833, ""Interrupt_flag"": 0, ""Node_type"": ""DDS75-LB"", ""Sensor_flag"": 1, ""TempC_DS18B20"": 32.76}"
2025-09-21 12:28:24.169401106+00:00,dds75-lb-08,2,-37,7.5,"{""Bat"": 3.28, ""Distance_mm"": 829, ""Interrupt_flag"": 0, ""Node_type"": ""DDS75-LB"", ""Sensor_flag"": 1, ""TempC_DS18B20"": 32.76}"
2025-09-21 13:28:23.520657833+00:00,dds75-lb-08,2,-39,9.75,"{""Bat"": 3.28, ""Distance_mm"": 830, ""Interrupt_flag"": 0, ""Node_type"": ""DDS75-LB"", ""Sensor_flag"": 1, ""TempC_DS18B20"": 32.76}"
2025-09-21 14:28:22.841861216+00:00,dds75-lb-08,2,-38,10.75,"{""Bat"": 3.28, ""Distance_mm"": 829, ""Interrupt_flag"": 0, ""Node_type"": ""DDS75-LB"", ""Sensor_flag"": 1, ""TempC_DS18B20"": 32.76}"
2025-09-21 15:28:22.164793902+00:00,dds75-lb-08,2,-39,9.25,"{""Bat"": 3.28, ""Distance_mm"": 829, ""Interrupt_flag"": 0, ""Node_type"": ""DDS75-LB"", ""Sensor_flag"": 1, ""TempC_DS18B20"": 32.76}"
2025-09-21 16:28:21.514948926+00:00,dds75-lb-08,2,-39,10.25,"{""Bat"": 3.28, ""Distance_mm"": 829, ""Interrupt_flag"": 0, ""Node_type"": ""DDS75-LB"", ""Sensor_flag"": 1, ""TempC_DS18B20"": 32.76}"
2025-09-21 17:28:20.843028340+00:00,dds75-lb-08,2,-39,10.5,"{""Bat"": 3.28, ""Distance_mm"": 829, ""Interrupt_flag"": 0, ""Node_type"": ""DDS75-LB"", ""Sensor_flag"": 1, ""TempC_DS18B20"": 32.76}"
2025-09-21 18:28:20.178455900+00:00,dds75-lb-08,2,-39,10.0,"{""Bat"": 3.28, ""Distance_mm"": 828, ""Interrupt_flag"": 0, ""Node_type"": ""DDS75-LB"", ""Sensor_flag"": 1, ""TempC_DS18B20"": 32.76}"
2025-09-21 19:28:19.522025509+00:00,dds75-lb-08,2,-36,9.25,"{""Bat"": 3.28, ""Distance_mm"": 829, ""Interrupt_flag"": 0, ""Node_type"": ""DDS75-LB"", ""Sensor_flag"": 1, ""TempC_DS18B20"": 32.76}"
2025-09-21 20:28:18.860972783+00:00,dds75-lb-08,2,-37,7.0,"{""Bat"": 3.28, ""Distance_mm"": 829, ""Interrupt_flag"": 0, ""Node_type"": ""DDS75-LB"", ""Sensor_flag"": 1, ""TempC_DS18B20"": 32.76}"
2025-09-21 21:28:18.194624025+00:00,dds75-lb-08,2,-39,7.75,"{""Bat"": 3.28, ""Distance_mm"": 829, ""Interrupt_flag"": 0, ""Node_type"": ""DDS75-LB"", ""Sensor_flag"": 1, ""TempC_DS18B20"": 32.76}"
2025-09-21 22:28:17.525418523+00:00,dds75-lb-08,2,-38,10.0,"{""Bat"": 3.28, ""Distance_mm"": 828, ""Interrupt_flag"": 0, ""Node_type"": ""DDS75-LB"", ""Sensor_flag"": 1, ""TempC_DS18B20"": 32.76}"
2025-09-21 23:28:16.872003842+00:00,dds75-lb-08,2,-41,10.0,"{""Bat"": 3.28, ""Distance_mm"": 829, ""Interrupt_flag"": 0, ""Node_type"": ""DDS75-LB"", ""Sensor_flag"": 1, ""TempC_DS18B20"": 32.76}"
2025-09-22 00:28:16.184860538+00:00,dds75-lb-08,2,-39,10.0,"{""Bat"": 3.28, ""Distance_mm"": 829, ""Interrupt_flag"": 0, ""Node_type"": ""DDS75-LB"", ""Sensor_flag"": 1, ""TempC_DS18B20"": 32.76}"
2025-09-22 01:28:15.537693685+00:00,dds75-lb-08,2,-38,10.25,"{""Bat"": 3.28, ""Distance_mm"": 829, ""Interrupt_flag"": 0, ""Node_type"": ""DDS75-LB"", ""Sensor_flag"": 1, ""TempC_DS18B20"": 32.76}"
2025-09-22 02:28:14.878944425+00:00,dds75-lb-08,2,-39,9.0,"{""Bat"": 3.28, ""Distance_mm"": 828, ""Interrupt_flag"": 0, ""Node_type"": ""DDS75-LB"", ""Sensor_flag"": 1, ""TempC_DS18B20"": 32.76}"
2025-09-22 03:28:14.256219249+00:00,dds75-lb-08,2,-43,6.25,"{""Bat"": 3.28, ""Distance_mm"": 829, ""Interrupt_flag"": 0, ""Node_type"": ""DDS75-LB"", ""Sensor_flag"": 1, ""TempC_DS18B20"": 32.76}"
2025-09-22 04:28:13.567046013+00:00,dds75-lb-08,2,-38,10.25,"{""Bat"": 3.28, ""Distance_mm"": 829, ""Interrupt_flag"": 0, ""Node_type"": ""DDS75-LB"", ""Sensor_flag"": 1, ""TempC_DS18B20"": 32.76}"
2025-09-22 05:28:12.894634501+00:00,dds75-lb-08,2,-41,7.5,"{""Bat"": 3.28, ""Distance_mm"": 829, ""Interrupt_flag"": 0, ""Node_type"": ""DDS75-LB"", ""Sensor_flag"": 1, ""TempC_DS18B20"": 32.76}"
2025-09-22 06:28:12.227283986+00:00,dds75-lb-08,2,-39,9.75,"{""Bat"": 3.28, ""Distance_mm"": 829, ""Interrupt_flag"": 0, ""Node_type"": ""DDS75-LB"", ""Sensor_flag"": 1, ""TempC_DS18B20"": 32.76}"
2025-09-22 07:28:11.567229710+00:00,dds75-lb-08,2,-38,9.5,"{""Bat"": 3.28, ""Distance_mm"": 829, ""Interrupt_flag"": 0, ""Node_type"": ""DDS75-LB"", ""Sensor_flag"": 1, ""TempC_DS18B20"": 32.76}"
2025-09-22 08:28:10.899336022+00:00,dds75-lb-08,2,-39,9.75,"{""Bat"": 3.28, ""Distance_mm"": 829, ""Interrupt_flag"": 0, ""Node_type"": ""DDS75-LB"", ""Sensor_flag"": 1, ""TempC_DS18B20"": 32.76}"
2025-09-22 09:28:10.253969418+00:00,dds75-lb-08,2,-38,10.5,"{""Bat"": 3.28, ""Distance_mm"": 829, ""Interrupt_flag"": 0, ""Node_type"": ""DDS75-LB"", ""Sensor_flag"": 1, ""TempC_DS18B20"": 32.76}"
2025-09-22 10:28:09.589494160+00:00,dds75-lb-08,2,-43,9.5,"{""Bat"": 3.28, ""Distance_mm"": 929, ""Interrupt_flag"": 0, ""Node_type"": ""DDS75-LB"", ""Sensor_flag"": 1, ""TempC_DS18B20"": 32.76}"
2025-09-22 11:28:08.918825748+00:00,dds75-lb-08,2,-43,10.25,"{""Bat"": 3.28, ""Distance_mm"": 929, ""Interrupt_flag"": 0, ""Node_type"": ""DDS75-LB"", ""Sensor_flag"": 1, ""TempC_DS18B20"": 32.76}"
2025-09-22 12:28:08.258978010+00:00,dds75-lb-08,2,-41,7.5,"{""Bat"": 3.28, ""Distance_mm"": 929, ""Interrupt_flag"": 0, ""Node_type"": ""DDS75-LB"", ""Sensor_flag"": 1, ""TempC_DS18B20"": 32.76}"
2025-09-22 13:28:07.617302923+00:00,dds75-lb-08,2,-43,9.0,"{""Bat"": 3.28, ""Distance_mm"": 929, ""Interrupt_flag"": 0, ""Node_type"": ""DDS75-LB"", ""Sensor_flag"": 1, ""TempC_DS18B20"": 32.76}"
2025-09-22 14:28:06.939621760+00:00,dds75-lb-08,2,-119,-2.25,"{""Bat"": 3.28, ""Distance_mm"": 929, ""Interrupt_flag"": 0, ""Node_type"": ""DDS75-LB"", ""Sensor_flag"": 1, ""TempC_DS18B20"": 32.76}"
2025-09-22 15:28:06.281559647+00:00,dds75-lb-08,2,-45,10.0,"{""Bat"": 3.28, ""Distance_mm"": 929, ""Interrupt_flag"": 0, ""Node_type"": ""DDS75-LB"", ""Sensor_flag"": 1, ""TempC_DS18B20"": 32.76}"
2025-09-22 16:28:05.627957863+00:00,dds75-lb-08,2,-42,10.0,"{""Bat"": 3.28, ""Distance_mm"": 929, ""Interrupt_flag"": 0, ""Node_type"": ""DDS75-LB"", ""Sensor_flag"": 1, ""TempC_DS18B20"": 32.76}"
2025-09-22 17:28:04.948941389+00:00,dds75-lb-08,2,-118,-2.5,"{""Bat"": 3.28, ""Distance_mm"": 929, ""Interrupt_flag"": 0, ""Node_type"": ""DDS75-LB"", ""Sensor_flag"": 1, ""TempC_DS18B20"": 32.76}"
2025-09-22 18:28:04.285673952+00:00,dds75-lb-08,2,-43,9.25,"{""Bat"": 3.28, ""Distance_mm"": 928, ""Interrupt_flag"": 0, ""Node_type"": ""DDS75-LB"", ""Sensor_flag"": 1, ""TempC_DS18B20"": 32.76}"
2025-09-22 19:28:03.625987512+00:00,dds75-lb-08,2,-43,7.75,"{""Bat"": 3.28, ""Distance_mm"": 928, ""Interrupt_flag"": 0, ""Node_type"": ""DDS75-LB"", ""Sensor_flag"": 1, ""TempC_DS18B20"": 32.76}"
2025-09-22 20:28:02.964890591+00:00,dds75-lb-08,2,-39,9.25,"{""Bat"": 3.28, ""Distance_mm"": 929, ""Interrupt_flag"": 0, ""Node_type"": ""DDS75-LB"", ""Sensor_flag"": 1, ""TempC_DS18B20"": 32.76}"
2025-09-22 21:28:02.294642834+00:00,dds75-lb-08,2,-41,7.75,"{""Bat"": 3.28, ""Distance_mm"": 929, ""Interrupt_flag"": 0, ""Node_type"": ""DDS75-LB"", ""Sensor_flag"": 1, ""TempC_DS18B20"": 32.76}"
2025-09-22 22:28:01.643874697+00:00,dds75-lb-08,2,-41,9.0,"{""Bat"": 3.28, ""Distance_mm"": 928, ""Interrupt_flag"": 0, ""Node_type"": ""DDS75-LB"", ""Sensor_flag"": 1, ""TempC_DS18B20"": 32.76}"
2025-09-22 23:28:00.981350134+00:00,dds75-lb-08,2,-43,9.25,"{""Bat"": 3.28, ""Distance_mm"": 928, ""Interrupt_flag"": 0, ""Node_type"": ""DDS75-LB"", ""Sensor_flag"": 1, ""TempC_DS18B20"": 32.76}"
2025-09-23 00:28:00.333838058+00:00,dds75-lb-08,2,-39,8.0,"{""Bat"": 3.28, ""Distance_mm"": 929, ""Interrupt_flag"": 0, ""Node_type"": ""DDS75-LB"", ""Sensor_flag"": 1, ""TempC_DS18B20"": 32.76}"
2025-09-23 01:27:59.679671278+00:00,dds75-lb-08,2,-38,9.0,"{""Bat"": 3.28, ""Distance_mm"": 929, ""Interrupt_flag"": 0, ""Node_type"": ""DDS75-LB"", ""Sensor_flag"": 1, ""TempC_DS18B20"": 32.76}"
2025-09-23 02:27:59.005825820+00:00,dds75-lb-08,2,-43,10.0,"{""Bat"": 3.28, ""Distance_mm"": 928, ""Interrupt_flag"": 0, ""Node_type"": ""DDS75-LB"", ""Sensor_flag"": 1, ""TempC_DS18B20"": 32.76}"
2025-09-23 03:27:58.343699590+00:00,dds75-lb-08,2,-39,9.0,"{""Bat"": 3.28, ""Distance_mm"": 928, ""Interrupt_flag"": 0, ""Node_type"": ""DDS75-LB"", ""Sensor_flag"": 1, ""TempC_DS18B20"": 32.76}"
2025-09-23 04:27:57.674448550+00:00,dds75-lb-08,2,-39,7.5,"{""Bat"": 3.28, ""Distance_mm"": 929, ""Interrupt_flag"": 0, ""Node_type"": ""DDS75-LB"", ""Sensor_flag"": 1, ""TempC_DS18B20"": 32.76}"
2025-09-23 05:27:57.020414351+00:00,dds75-lb-08,2,-38,7.25,"{""Bat"": 3.28, ""Distance_mm"": 929, ""Interrupt_flag"": 0, ""Node_type"": ""DDS75-LB"", ""Sensor_flag"": 1, ""TempC_DS18B20"": 32.76}"
2025-09-23 06:27:56.369663052+00:00,dds75-lb-08,2,-39,10.5,"{""Bat"": 3.28, ""Distance_mm"": 928, ""Interrupt_flag"": 0, ""Node_type"": ""DDS75-LB"", ""Sensor_flag"": 1, ""TempC_DS18B20"": 32.76}"
2025-09-23 07:27:55.696951444+00:00,dds75-lb-08,2,-113,-1.75,"{""Bat"": 3.28, ""Distance_mm"": 929, ""Interrupt_flag"": 0, ""Node_type"": ""DDS75-LB"", ""Sensor_flag"": 1, ""TempC_DS18B20"": 32.76}"
2025-09-23 08:27:55.053155382+00:00,dds75-lb-08,2,-39,7.75,"{""Bat"": 3.28, ""Distance_mm"": 929, ""Interrupt_flag"": 0, ""Node_type"": ""DDS75-LB"", ""Sensor_flag"": 1, ""TempC_DS18B20"": 32.76}"
2025-09-23 09:27:54.385150844+00:00,dds75-lb-08,2,-42,10.0,"{""Bat"": 3.28, ""Distance_mm"": 929, ""Interrupt_flag"": 0, ""Node_type"": ""DDS75-LB"", ""Sensor_flag"": 1, ""TempC_DS18B20"": 32.76}"
2025-09-23 10:27:53.730727041+00:00,dds75-lb-08,2,-44,9.0,"{""Bat"": 3.28, ""Distance_mm"": 929, ""Interrupt_flag"": 0, ""Node_type"": ""DDS75-LB"", ""Sensor_flag"": 1, ""TempC_DS18B20"": 32.76}"
2025-09-23 11:27:53.071751105+00:00,dds75-lb-08,2,-38,7.75,"{""Bat"": 3.28, ""Distance_mm"": 928, ""Interrupt_flag"": 0, ""Node_type"": ""DDS75-LB"", ""Sensor_flag"": 1, ""TempC_DS18B20"": 32.76}"
2025-09-23 12:27:52.391977775+00:00,dds75-lb-08,2,-37,7.75,"{""Bat"": 3.28, ""Distance_mm"": 929, ""Interrupt_flag"": 0, ""Node_type"": ""DDS75-LB"", ""Sensor_flag"": 1, ""TempC_DS18B20"": 32.76}"
2025-09-23 13:27:51.755807001+00:00,dds75-lb-08,2,-117,-0.75,"{""Bat"": 3.28, ""Distance_mm"": 929, ""Interrupt_flag"": 0, ""Node_type"": ""DDS75-LB"", ""Sensor_flag"": 1, ""TempC_DS18B20"": 32.76}"
2025-09-23 14:27:51.089416389+00:00,dds75-lb-08,2,-39,9.0,"{""Bat"": 3.28, ""Distance_mm"": 929, ""Interrupt_flag"": 0, ""Node_type"": ""DDS75-LB"", ""Sensor_flag"": 1, ""TempC_DS18B20"": 32.76}"
2025-09-23 15:27:50.403824804+00:00,dds75-lb-08,2,-42,10.25,"{""Bat"": 3.28, ""Distance_mm"": 929, ""Interrupt_flag"": 0, ""Node_type"": ""DDS75-LB"", ""Sensor_flag"": 1, ""TempC_DS18B20"": 32.76}"
2025-09-23 16:27:49.751242016+00:00,dds75-lb-08,2,-44,9.5,"{""Bat"": 3.28, ""Distance_mm"": 929, ""Interrupt_flag"": 0, ""Node_type"": ""DDS75-LB"", ""Sensor_flag"": 1, ""TempC_DS18B20"": 32.76}"
2025-09-23 17:27:49.101542502+00:00,dds75-lb-08,2,-44,8.25,"{""Bat"": 3.28, ""Distance_mm"": 928, ""Interrupt_flag"": 0, ""Node_type"": ""DDS75-LB"", ""Sensor_flag"": 1, ""TempC_DS18B20"": 32.76}"
2025-09-23 18:27:48.428829189+00:00,dds75-lb-08,2,-42,9.25,"{""Bat"": 3.28, ""Distance_mm"": 928, ""Interrupt_flag"": 0, ""Node_type"": ""DDS75-LB"", ""Sensor_flag"": 1, ""TempC_DS18B20"": 32.76}"
2025-09-23 19:27:47.780885177+00:00,dds75-lb-08,2,-41,10.25,"{""Bat"": 3.28, ""Distance_mm"": 929, ""Interrupt_flag"": 0, ""Node_type"": ""DDS75-LB"", ""Sensor_flag"": 1, ""TempC_DS18B20"": 32.76}"
2025-09-23 20:27:47.101226329+00:00,dds75-lb-08,2,-121,-6.25,"{""Bat"": 3.28, ""Distance_mm"": 929, ""Interrupt_flag"": 0, ""Node_type"": ""DDS75-LB"", ""Sensor_flag"": 1, ""TempC_DS18B20"": 32.76}"
2025-09-23 21:27:46.441590585+00:00,dds75-lb-08,2,-44,10.5,"{""Bat"": 3.28, ""Distance_mm"": 928, ""Interrupt_flag"": 0, ""Node_type"": ""DDS75-LB"", ""Sensor_flag"": 1, ""TempC_DS18B20"": 32.76}"
2025-09-23 22:27:45.784853678+00:00,dds75-lb-08,2,-42,10.25,"{""Bat"": 3.28, ""Distance_mm"": 928, ""Interrupt_flag"": 0, ""Node_type"": ""DDS75-LB"", ""Sensor_flag"": 1, ""TempC_DS18B20"": 32.76}"
2025-09-23 23:27:45.123611836+00:00,dds75-lb-08,2,-42,8.75,"{""Bat"": 3.28, ""Distance_mm"": 929, ""Interrupt_flag"": 0, ""Node_type"": ""DDS75-LB"", ""Sensor_flag"": 1, ""TempC_DS18B20"": 32.76}"
2025-09-24 00:27:44.466728551+00:00,dds75-lb-08,2,-44,9.25,"{""Bat"": 3.28, ""Distance_mm"": 928, ""Interrupt_flag"": 0, ""Node_type"": ""DDS75-LB"", ""Sensor_flag"": 1, ""TempC_DS18B20"": 32.76}"
2025-09-24 01:27:43.802532952+00:00,dds75-lb-08,2,-123,-7.25,"{""Bat"": 3.28, ""Distance_mm"": 928, ""Interrupt_flag"": 0, ""Node_type"": ""DDS75-LB"", ""Sensor_flag"": 1, ""TempC_DS18B20"": 32.76}"
2025-09-24 02:27:43.151001674+00:00,dds75-lb-08,2,-42,9.0,"{""Bat"": 3.28, ""Distance_mm"": 929, ""Interrupt_flag"": 0, ""Node_type"": ""DDS75-LB"", ""Sensor_flag"": 1, ""TempC_DS18B20"": 32.76}"
2025-09-24 03:27:42.480881405+00:00,dds75-lb-08,2,-41,7.5,"{""Bat"": 3.28, ""Distance_mm"": 928, ""Interrupt_flag"": 0, ""Node_type"": ""DDS75-LB"", ""Sensor_flag"": 1, ""TempC_DS18B20"": 32.76}"
2025-09-24 04:27:41.823497387+00:00,dds75-lb-08,2,-42,9.75,"{""Bat"": 3.28, ""Distance_mm"": 928, ""Interrupt_flag"": 0, ""Node_type"": ""DDS75-LB"", ""Sensor_flag"": 1, ""TempC_DS18B20"": 32.76}"
2025-09-24 05:27:41.176634546+00:00,dds75-lb-08,2,-44,10.25,"{""Bat"": 3.28, ""Distance_mm"": 928, ""Interrupt_flag"": 0, ""Node_type"": ""DDS75-LB"", ""Sensor_flag"": 1, ""TempC_DS18B20"": 32.76}"
2025-09-24 06:27:40.512584197+00:00,dds75-lb-08,2,-41,9.75,"{""Bat"": 3.28, ""Distance_mm"": 928, ""Interrupt_flag"": 0, ""Node_type"": ""DDS75-LB"", ""Sensor_flag"": 1, ""TempC_DS18B20"": 32.76}"
2025-09-24 07:27:39.857932770+00:00,dds75-lb-08,2,-44,9.25,"{""Bat"": 3.28, ""Distance_mm"": 928, ""Interrupt_flag"": 0, ""Node_type"": ""DDS75-LB"", ""Sensor_flag"": 1, ""TempC_DS18B20"": 32.76}"
2025-09-24 08:27:39.184624724+00:00,dds75-lb-08,2,-44,7.5,"{""Bat"": 3.28, ""Distance_mm"": 929, ""Interrupt_flag"": 0, ""Node_type"": ""DDS75-LB"", ""Sensor_flag"": 1, ""TempC_DS18B20"": 32.76}"
2025-09-24 09:27:38.529076363+00:00,dds75-lb-08,2,-41,10.25,"{""Bat"": 3.28, ""Distance_mm"": 928, ""Interrupt_flag"": 0, ""Node_type"": ""DDS75-LB"", ""Sensor_flag"": 1, ""TempC_DS18B20"": 32.76}"
2025-09-24 10:27:37.873042163+00:00,dds75-lb-08,2,-118,-2.0,"{""Bat"": 3.28, ""Distance_mm"": 928, ""Interrupt_flag"": 0, ""Node_type"": ""DDS75-LB"", ""Sensor_flag"": 1, ""TempC_DS18B20"": 32.76}"
2025-09-24 11:27:37.203984174+00:00,dds75-lb-08,2,-115,1.0,"{""Bat"": 3.28, ""Distance_mm"": 929, ""Interrupt_flag"": 0, ""Node_type"": ""DDS75-LB"", ""Sensor_flag"": 1, ""TempC_DS18B20"": 32.76}"
2025-09-24 12:27:36.562361896+00:00,dds75-lb-08,2,-42,9.25,"{""Bat"": 3.28, ""Distance_mm"": 925, ""Interrupt_flag"": 0, ""Node_type"": ""DDS75-LB"", ""Sensor_flag"": 1, ""TempC_DS18B20"": 32.76}"
2025-09-24 13:27:35.889609416+00:00,dds75-lb-08,2,-44,9.0,"{""Bat"": 3.28, ""Distance_mm"": 928, ""Interrupt_flag"": 0, ""Node_type"": ""DDS75-LB"", ""Sensor_flag"": 1, ""TempC_DS18B20"": 32.76}"
2025-09-24 14:27:35.255388391+00:00,dds75-lb-08,2,-43,9.25,"{""Bat"": 3.28, ""Distance_mm"": 928, ""Interrupt_flag"": 0, ""Node_type"": ""DDS75-LB"", ""Sensor_flag"": 1, ""TempC_DS18B20"": 32.76}"
2025-09-24 15:27:34.579565876+00:00,dds75-lb-08,2,-43,9.75,"{""Bat"": 3.28, ""Distance_mm"": 928, ""Interrupt_flag"": 0, ""Node_type"": ""DDS75-LB"", ""Sensor_flag"": 1, ""TempC_DS18B20"": 32.76}"
2025-09-24 16:27:33.916094885+00:00,dds75-lb-08,2,-44,9.25,"{""Bat"": 3.28, ""Distance_mm"": 928, ""Interrupt_flag"": 0, ""Node_type"": ""DDS75-LB"", ""Sensor_flag"": 1, ""TempC_DS18B20"": 32.76}"
2025-09-24 17:27:33.244858829+00:00,dds75-lb-08,2,-44,8.5,"{""Bat"": 3.28, ""Distance_mm"": 928, ""Interrupt_flag"": 0, ""Node_type"": ""DDS75-LB"", ""Sensor_flag"": 1, ""TempC_DS18B20"": 32.76}"
2025-09-24 18:27:32.586426971+00:00,dds75-lb-08,2,-47,10.5,"{""Bat"": 3.28, ""Distance_mm"": 929, ""Interrupt_flag"": 0, ""Node_type"": ""DDS75-LB"", ""Sensor_flag"": 1, ""TempC_DS18B20"": 32.76}"
2025-09-24 19:27:31.933582498+00:00,dds75-lb-08,2,-43,7.5,"{""Bat"": 3.28, ""Distance_mm"": 929, ""Interrupt_flag"": 0, ""Node_type"": ""DDS75-LB"", ""Sensor_flag"": 1, ""TempC_DS18B20"": 32.76}"
2025-09-24 20:27:31.271517678+00:00,dds75-lb-08,2,-120,-5.5,"{""Bat"": 3.28, ""Distance_mm"": 929, ""Interrupt_flag"": 0, ""Node_type"": ""DDS75-LB"", ""Sensor_flag"": 1, ""TempC_DS18B20"": 32.76}"
2025-09-24 21:27:30.622730553+00:00,dds75-lb-08,2,-123,-8.25,"{""Bat"": 3.28, ""Distance_mm"": 928, ""Interrupt_flag"": 0, ""Node_type"": ""DDS75-LB"", ""Sensor_flag"": 1, ""TempC_DS18B20"": 32.76}"
2025-09-24 22:27:29.959426355+00:00,dds75-lb-08,2,-42,9.75,"{""Bat"": 3.28, ""Distance_mm"": 928, ""Interrupt_flag"": 0, ""Node_type"": ""DDS75-LB"", ""Sensor_flag"": 1, ""TempC_DS18B20"": 32.76}"
2025-09-24 23:27:29.311392913+00:00,dds75-lb-08,2,-116,-0.25,"{""Bat"": 3.28, ""Distance_mm"": 929, ""Interrupt_flag"": 0, ""Node_type"": ""DDS75-LB"", ""Sensor_flag"": 1, ""TempC_DS18B20"": 32.76}"
2025-09-25 00:27:28.618672256+00:00,dds75-lb-08,2,-44,9.5,"{""Bat"": 3.28, ""Distance_mm"": 928, ""Interrupt_flag"": 0, ""Node_type"": ""DDS75-LB"", ""Sensor_flag"": 1, ""TempC_DS18B20"": 32.76}"
2025-09-25 01:27:27.985215514+00:00,dds75-lb-08,2,-44,10.0,"{""Bat"": 3.28, ""Distance_mm"": 928, ""Interrupt_flag"": 0, ""Node_type"": ""DDS75-LB"", ""Sensor_flag"": 1, ""TempC_DS18B20"": 32.76}"
2025-09-25 02:27:27.322570534+00:00,dds75-lb-08,2,-118,-1.5,"{""Bat"": 3.28, ""Distance_mm"": 928, ""Interrupt_flag"": 0, ""Node_type"": ""DDS75-LB"", ""Sensor_flag"": 1, ""TempC_DS18B20"": 32.76}"
2025-09-25 03:27:26.659282176+00:00,dds75-lb-08,2,-41,7.25,"{""Bat"": 3.28, ""Distance_mm"": 929, ""Interrupt_flag"": 0, ""Node_type"": ""DDS75-LB"", ""Sensor_flag"": 1, ""TempC_DS18B20"": 32.76}"
2025-09-25 04:27:26.003501993+00:00,dds75-lb-08,2,-116,-1.0,"{""Bat"": 3.28, ""Distance_mm"": 928, ""Interrupt_flag"": 0, ""Node_type"": ""DDS75-LB"", ""Sensor_flag"": 1, ""TempC_DS18B20"": 32.76}"
2025-09-25 05:27:25.335471351+00:00,dds75-lb-08,2,-44,7.5,"{""Bat"": 3.28, ""Distance_mm"": 928, ""Interrupt_flag"": 0, ""Node_type"": ""DDS75-LB"", ""Sensor_flag"": 1, ""TempC_DS18B20"": 32.76}"
2025-09-25 06:27:24.685671735+00:00,dds75-lb-08,2,-44,9.0,"{""Bat"": 3.28, ""Distance_mm"": 928, ""Interrupt_flag"": 0, ""Node_type"": ""DDS75-LB"", ""Sensor_flag"": 1, ""TempC_DS18B20"": 32.76}"
2025-09-25 07:27:24.033278576+00:00,dds75-lb-08,2,-47,9.25,"{""Bat"": 3.28, ""Distance_mm"": 937, ""Interrupt_flag"": 0, ""Node_type"": ""DDS75-LB"", ""Sensor_flag"": 1, ""TempC_DS18B20"": 32.76}"
2025-09-25 08:27:23.361622593+00:00,dds75-lb-08,2,-45,7.5,"{""Bat"": 3.28, ""Distance_mm"": 937, ""Interrupt_flag"": 0, ""Node_type"": ""DDS75-LB"", ""Sensor_flag"": 1, ""TempC_DS18B20"": 32.76}"
2025-09-25 09:27:22.705141255+00:00,dds75-lb-08,2,-44,10.5,"{""Bat"": 3.28, ""Distance_mm"": 937, ""Interrupt_flag"": 0, ""Node_type"": ""DDS75-LB"", ""Sensor_flag"": 1, ""TempC_DS18B20"": 32.76}"
2025-09-25 10:27:22.034533593+00:00,dds75-lb-08,2,-45,10.5,"{""Bat"": 3.28, ""Distance_mm"": 937, ""Interrupt_flag"": 0, ""Node_type"": ""DDS75-LB"", ""Sensor_flag"": 1, ""TempC_DS18B20"": 32.76}"
2025-09-25 11:27:21.397529976+00:00,dds75-lb-08,2,-42,7.75,"{""Bat"": 3.28, ""Distance_mm"": 937, ""Interrupt_flag"": 0, ""Node_type"": ""DDS75-LB"", ""Sensor_flag"": 1, ""TempC_DS18B20"": 32.76}"
2025-09-25 12:27:20.716583649+00:00,dds75-lb-08,2,-42,7.75,"{""Bat"": 3.28, ""Distance_mm"": 937, ""Interrupt_flag"": 0, ""Node_type"": ""DDS75-LB"", ""Sensor_flag"": 1, ""TempC_DS18B20"": 32.76}"
2025-09-25 13:27:20.074608850+00:00,dds75-lb-08,2,-42,9.25,"{""Bat"": 3.28, ""Distance_mm"": 937, ""Interrupt_flag"": 0, ""Node_type"": ""DDS75-LB"", ""Sensor_flag"": 1, ""TempC_DS18B20"": 32.76}"
2025-09-25 14:27:19.411092444+00:00,dds75-lb-08,2,-120,-3.5,"{""Bat"": 3.28, ""Distance_mm"": 937, ""Interrupt_flag"": 0, ""Node_type"": ""DDS75-LB"", ""Sensor_flag"": 1, ""TempC_DS18B20"": 32.76}"
2025-09-25 15:27:18.742798183+00:00,dds75-lb-08,2,-45,10.0,"{""Bat"": 3.28, ""Distance_mm"": 937, ""Interrupt_flag"": 0, ""Node_type"": ""DDS75-LB"", ""Sensor_flag"": 1, ""TempC_DS18B20"": 32.76}"
2025-09-25 16:27:18.112169038+00:00,dds75-lb-08,2,-45,9.5,"{""Bat"": 3.28, ""Distance_mm"": 937, ""Interrupt_flag"": 0, ""Node_type"": ""DDS75-LB"", ""Sensor_flag"": 1, ""TempC_DS18B20"": 32.76}"
2025-09-25 17:27:17.439098592+00:00,dds75-lb-08,2,-44,9.0,"{""Bat"": 3.28, ""Distance_mm"": 937, ""Interrupt_flag"": 0, ""Node_type"": ""DDS75-LB"", ""Sensor_flag"": 1, ""TempC_DS18B20"": 32.76}"
2025-09-25 18:27:16.781348909+00:00,dds75-lb-08,2,-119,-2.5,"{""Bat"": 3.28, ""Distance_mm"": 937, ""Interrupt_flag"": 0, ""Node_type"": ""DDS75-LB"", ""Sensor_flag"": 1, ""TempC_DS18B20"": 32.76}"
2025-09-25 19:27:16.137214287+00:00,dds75-lb-08,2,-42,7.25,"{""Bat"": 3.28, ""Distance_mm"": 937, ""Interrupt_flag"": 0, ""Node_type"": ""DDS75-LB"", ""Sensor_flag"": 1, ""TempC_DS18B20"": 32.76}"
2025-09-25 20:27:15.472834693+00:00,dds75-lb-08,2,-43,9.5,"{""Bat"": 3.28, ""Distance_mm"": 941, ""Interrupt_flag"": 0, ""Node_type"": ""DDS75-LB"", ""Sensor_flag"": 1, ""TempC_DS18B20"": 32.76}"
2025-09-25 21:27:14.799212631+00:00,dds75-lb-08,2,-45,10.5,"{""Bat"": 3.28, ""Distance_mm"": 940, ""Interrupt_flag"": 0, ""Node_type"": ""DDS75-LB"", ""Sensor_flag"": 1, ""TempC_DS18B20"": 32.76}"
2025-09-25 22:27:14.156389145+00:00,dds75-lb-08,2,-43,9.5,"{""Bat"": 3.28, ""Distance_mm"": 941, ""Interrupt_flag"": 0, ""Node_type"": ""DDS75-LB"", ""Sensor_flag"": 1, ""TempC_DS18B20"": 32.76}"
2025-09-25 23:27:13.526267269+00:00,dds75-lb-08,2,-45,11.0,"{""Bat"": 3.28, ""Distance_mm"": 937, ""Interrupt_flag"": 0, ""Node_type"": ""DDS75-LB"", ""Sensor_flag"": 1, ""TempC_DS18B20"": 32.76}"
2025-09-26 00:27:12.831382604+00:00,dds75-lb-08,2,-44,6.5,"{""Bat"": 3.28, ""Distance_mm"": 937, ""Interrupt_flag"": 0, ""Node_type"": ""DDS75-LB"", ""Sensor_flag"": 1, ""TempC_DS18B20"": 32.76}"
2025-09-26 01:27:12.185506947+00:00,dds75-lb-08,2,-44,10.0,"{""Bat"": 3.28, ""Distance_mm"": 936, ""Interrupt_flag"": 0, ""Node_type"": ""DDS75-LB"", ""Sensor_flag"": 1, ""TempC_DS18B20"": 32.76}"
2025-09-26 02:27:11.534603122+00:00,dds75-lb-08,2,-119,-3.25,"{""Bat"": 3.28, ""Distance_mm"": 937, ""Interrupt_flag"": 0, ""Node_type"": ""DDS75-LB"", ""Sensor_flag"": 1, ""TempC_DS18B20"": 32.76}"
2025-09-26 03:27:10.883087948+00:00,dds75-lb-08,2,-44,9.75,"{""Bat"": 3.28, ""Distance_mm"": 936, ""Interrupt_flag"": 0, ""Node_type"": ""DDS75-LB"", ""Sensor_flag"": 1, ""TempC_DS18B20"": 32.76}"
2025-09-26 04:27:10.227933993+00:00,dds75-lb-08,2,-41,9.5,"{""Bat"": 3.28, ""Distance_mm"": 937, ""Interrupt_flag"": 0, ""Node_type"": ""DDS75-LB"", ""Sensor_flag"": 1, ""TempC_DS18B20"": 32.76}"
2025-09-26 05:27:09.549207677+00:00,dds75-lb-08,2,-45,9.75,"{""Bat"": 3.28, ""Distance_mm"": 937, ""Interrupt_flag"": 0, ""Node_type"": ""DDS75-LB"", ""Sensor_flag"": 1, ""TempC_DS18B20"": 32.76}"
2025-09-26 06:27:08.897632152+00:00,dds75-lb-08,2,-45,9.5,"{""Bat"": 3.28, ""Distance_mm"": 937, ""Interrupt_flag"": 0, ""Node_type"": ""DDS75-LB"", ""Sensor_flag"": 1, ""TempC_DS18B20"": 32.76}"
2025-09-26 07:27:08.261485035+00:00,dds75-lb-08,2,-45,9.5,"{""Bat"": 3.28, ""Distance_mm"": 937, ""Interrupt_flag"": 0, ""Node_type"": ""DDS75-LB"", ""Sensor_flag"": 1, ""TempC_DS18B20"": 32.76}"
2025-09-26 08:27:07.583237450+00:00,dds75-lb-08,2,-47,10.75,"{""Bat"": 3.28, ""Distance_mm"": 937, ""Interrupt_flag"": 0, ""Node_type"": ""DDS75-LB"", ""Sensor_flag"": 1, ""TempC_DS18B20"": 32.76}"
2025-09-26 09:27:06.933300603+00:00,dds75-lb-08,2,-44,9.0,"{""Bat"": 3.28, ""Distance_mm"": 937, ""Interrupt_flag"": 0, ""Node_type"": ""DDS75-LB"", ""Sensor_flag"": 1, ""TempC_DS18B20"": 32.76}"
2025-09-26 10:27:06.290269722+00:00,dds75-lb-08,2,-119,-3.0,"{""Bat"": 3.28, ""Distance_mm"": 937, ""Interrupt_flag"": 0, ""Node_type"": ""DDS75-LB"", ""Sensor_flag"": 1, ""TempC_DS18B20"": 32.76}"
2025-09-26 11:27:05.641202059+00:00,dds75-lb-08,2,-43,7.75,"{""Bat"": 3.28, ""Distance_mm"": 937, ""Interrupt_flag"": 0, ""Node_type"": ""DDS75-LB"", ""Sensor_flag"": 1, ""TempC_DS18B20"": 32.76}"
2025-09-26 12:27:04.951477508+00:00,dds75-lb-08,2,-45,7.5,"{""Bat"": 3.28, ""Distance_mm"": 938, ""Interrupt_flag"": 0, ""Node_type"": ""DDS75-LB"", ""Sensor_flag"": 1, ""TempC_DS18B20"": 32.76}"
2025-09-26 13:27:04.310313362+00:00,dds75-lb-08,2,-47,7.5,"{""Bat"": 3.28, ""Distance_mm"": 937, ""Interrupt_flag"": 0, ""Node_type"": ""DDS75-LB"", ""Sensor_flag"": 1, ""TempC_DS18B20"": 32.76}"
2025-09-26 14:27:03.640836212+00:00,dds75-lb-08,2,-122,-6.0,"{""Bat"": 3.28, ""Distance_mm"": 937, ""Interrupt_flag"": 0, ""Node_type"": ""DDS75-LB"", ""Sensor_flag"": 1, ""TempC_DS18B20"": 32.76}"
2025-09-26 15:27:02.993014023+00:00,dds75-lb-08,2,-123,-7.25,"{""Bat"": 3.28, ""Distance_mm"": 937, ""Interrupt_flag"": 0, ""Node_type"": ""DDS75-LB"", ""Sensor_flag"": 1, ""TempC_DS18B20"": 32.76}"
2025-09-26 16:27:02.341058077+00:00,dds75-lb-08,2,-45,7.25,"{""Bat"": 3.28, ""Distance_mm"": 937, ""Interrupt_flag"": 0, ""Node_type"": ""DDS75-LB"", ""Sensor_flag"": 1, ""TempC_DS18B20"": 32.76}"
2025-09-26 17:27:01.657146427+00:00,dds75-lb-08,2,-117,-1.75,"{""Bat"": 3.28, ""Distance_mm"": 937, ""Interrupt_flag"": 0, ""Node_type"": ""DDS75-LB"", ""Sensor_flag"": 1, ""TempC_DS18B20"": 32.76}"
2025-09-26 18:27:01.006443526+00:00,dds75-lb-08,2,-47,9.5,"{""Bat"": 3.28, ""Distance_mm"": 937, ""Interrupt_flag"": 0, ""Node_type"": ""DDS75-LB"", ""Sensor_flag"": 1, ""TempC_DS18B20"": 32.76}"
2025-09-26 19:27:00.362683214+00:00,dds75-lb-08,2,-43,7.0,"{""Bat"": 3.28, ""Distance_mm"": 937, ""Interrupt_flag"": 0, ""Node_type"": ""DDS75-LB"", ""Sensor_flag"": 1, ""TempC_DS18B20"": 32.76}"
2025-09-26 20:26:59.701888623+00:00,dds75-lb-08,2,-45,9.5,"{""Bat"": 3.28, ""Distance_mm"": 937, ""Interrupt_flag"": 0, ""Node_type"": ""DDS75-LB"", ""Sensor_flag"": 1, ""TempC_DS18B20"": 32.76}"
2025-09-26 21:26:59.039782424+00:00,dds75-lb-08,2,-45,7.5,"{""Bat"": 3.28, ""Distance_mm"": 937, ""Interrupt_flag"": 0, ""Node_type"": ""DDS75-LB"", ""Sensor_flag"": 1, ""TempC_DS18B20"": 32.76}"
2025-09-26 22:26:58.386379553+00:00,dds75-lb-08,2,-45,9.25,"{""Bat"": 3.28, ""Distance_mm"": 937, ""Interrupt_flag"": 0, ""Node_type"": ""DDS75-LB"", ""Sensor_flag"": 1, ""TempC_DS18B20"": 32.76}"
2025-09-26 23:26:57.726237541+00:00,dds75-lb-08,2,-45,9.25,"{""Bat"": 3.28, ""Distance_mm"": 936, ""Interrupt_flag"": 0, ""Node_type"": ""DDS75-LB"", ""Sensor_flag"": 1, ""TempC_DS18B20"": 32.76}"
2025-09-27 00:26:57.062741995+00:00,dds75-lb-08,2,-45,7.5,"{""Bat"": 3.28, ""Distance_mm"": 936, ""Interrupt_flag"": 0, ""Node_type"": ""DDS75-LB"", ""Sensor_flag"": 1, ""TempC_DS18B20"": 32.76}"
2025-09-27 01:26:56.393344084+00:00,dds75-lb-08,2,-118,-2.75,"{""Bat"": 3.28, ""Distance_mm"": 936, ""Interrupt_flag"": 0, ""Node_type"": ""DDS75-LB"", ""Sensor_flag"": 1, ""TempC_DS18B20"": 32.76}"
2025-09-27 02:26:55.765125485+00:00,dds75-lb-08,2,-122,-7.0,"{""Bat"": 3.28, ""Distance_mm"": 937, ""Interrupt_flag"": 0, ""Node_type"": ""DDS75-LB"", ""Sensor_flag"": 1, ""TempC_DS18B20"": 32.76}"
2025-09-27 03:26:55.092241667+00:00,dds75-lb-08,2,-47,7.0,"{""Bat"": 3.28, ""Distance_mm"": 937, ""Interrupt_flag"": 0, ""Node_type"": ""DDS75-LB"", ""Sensor_flag"": 1, ""TempC_DS18B20"": 32.76}"
2025-09-27 04:26:54.455886113+00:00,dds75-lb-08,2,-47,7.5,"{""Bat"": 3.28, ""Distance_mm"": 936, ""Interrupt_flag"": 0, ""Node_type"": ""DDS75-LB"", ""Sensor_flag"": 1, ""TempC_DS18B20"": 32.76}"
2025-09-27 05:26:53.791765323+00:00,dds75-lb-08,2,-50,9.5,"{""Bat"": 3.28, ""Distance_mm"": 936, ""Interrupt_flag"": 0, ""Node_type"": ""DDS75-LB"", ""Sensor_flag"": 1, ""TempC_DS18B20"": 32.76}"
2025-09-27 06:26:53.131180242+00:00,dds75-lb-08,2,-48,9.5,"{""Bat"": 3.28, ""Distance_mm"": 936, ""Interrupt_flag"": 0, ""Node_type"": ""DDS75-LB"", ""Sensor_flag"": 1, ""TempC_DS18B20"": 32.76}"
2025-09-27 07:26:52.465500140+00:00,dds75-lb-08,2,-49,9.25,"{""Bat"": 3.28, ""Distance_mm"": 936, ""Interrupt_flag"": 0, ""Node_type"": ""DDS75-LB"", ""Sensor_flag"": 1, ""TempC_DS18B20"": 32.76}"
2025-09-27 08:26:51.848309518+00:00,dds75-lb-08,2,-48,7.75,"{""Bat"": 3.28, ""Distance_mm"": 936, ""Interrupt_flag"": 0, ""Node_type"": ""DDS75-LB"", ""Sensor_flag"": 1, ""TempC_DS18B20"": 32.76}"
2025-09-27 09:26:51.156984187+00:00,dds75-lb-08,2,-49,11.0,"{""Bat"": 3.28, ""Distance_mm"": 936, ""Interrupt_flag"": 0, ""Node_type"": ""DDS75-LB"", ""Sensor_flag"": 1, ""TempC_DS18B20"": 32.76}"
2025-09-27 10:26:50.496063043+00:00,dds75-lb-08,2,-49,9.0,"{""Bat"": 3.28, ""Distance_mm"": 936, ""Interrupt_flag"": 0, ""Node_type"": ""DDS75-LB"", ""Sensor_flag"": 1, ""TempC_DS18B20"": 32.76}"
2025-09-27 11:26:49.846859128+00:00,dds75-lb-08,2,-45,8.0,"{""Bat"": 3.28, ""Distance_mm"": 936, ""Interrupt_flag"": 0, ""Node_type"": ""DDS75-LB"", ""Sensor_flag"": 1, ""TempC_DS18B20"": 32.76}"
2025-09-27 12:26:49.200394651+00:00,dds75-lb-08,2,-44,7.25,"{""Bat"": 3.28, ""Distance_mm"": 937, ""Interrupt_flag"": 0, ""Node_type"": ""DDS75-LB"", ""Sensor_flag"": 1, ""TempC_DS18B20"": 32.76}"
2025-09-27 13:26:48.526420528+00:00,dds75-lb-08,2,-48,10.0,"{""Bat"": 3.28, ""Distance_mm"": 937, ""Interrupt_flag"": 0, ""Node_type"": ""DDS75-LB"", ""Sensor_flag"": 1, ""TempC_DS18B20"": 32.76}"
2025-09-27 14:26:47.862314827+00:00,dds75-lb-08,2,-50,9.25,"{""Bat"": 3.28, ""Distance_mm"": 937, ""Interrupt_flag"": 0, ""Node_type"": ""DDS75-LB"", ""Sensor_flag"": 1, ""TempC_DS18B20"": 32.76}"
2025-09-27 15:26:47.232870619+00:00,dds75-lb-08,2,-49,9.75,"{""Bat"": 3.28, ""Distance_mm"": 937, ""Interrupt_flag"": 0, ""Node_type"": ""DDS75-LB"", ""Sensor_flag"": 1, ""TempC_DS18B20"": 32.76}"
2025-09-27 16:26:46.571136454+00:00,dds75-lb-08,2,-47,9.0,"{""Bat"": 3.28, ""Distance_mm"": 937, ""Interrupt_flag"": 0, ""Node_type"": ""DDS75-LB"", ""Sensor_flag"": 1, ""TempC_DS18B20"": 32.76}"
2025-09-27 17:26:45.901204308+00:00,dds75-lb-08,2,-48,10.0,"{""Bat"": 3.28, ""Distance_mm"": 937, ""Interrupt_flag"": 0, ""Node_type"": ""DDS75-LB"", ""Sensor_flag"": 1, ""TempC_DS18B20"": 32.76}"
2025-09-27 18:26:45.235217899+00:00,dds75-lb-08,2,-48,9.25,"{""Bat"": 3.28, ""Distance_mm"": 937, ""Interrupt_flag"": 0, ""Node_type"": ""DDS75-LB"", ""Sensor_flag"": 1, ""TempC_DS18B20"": 32.76}"
2025-09-27 19:26:44.600839236+00:00,dds75-lb-08,2,-45,7.5,"{""Bat"": 3.28, ""Distance_mm"": 937, ""Interrupt_flag"": 0, ""Node_type"": ""DDS75-LB"", ""Sensor_flag"": 1, ""TempC_DS18B20"": 32.76}"
2025-09-27 20:26:43.932331954+00:00,dds75-lb-08,2,-45,7.0,"{""Bat"": 3.28, ""Distance_mm"": 937, ""Interrupt_flag"": 0, ""Node_type"": ""DDS75-LB"", ""Sensor_flag"": 1, ""TempC_DS18B20"": 32.76}"
2025-09-27 21:26:43.270182011+00:00,dds75-lb-08,2,-48,8.0,"{""Bat"": 3.28, ""Distance_mm"": 937, ""Interrupt_flag"": 0, ""Node_type"": ""DDS75-LB"", ""Sensor_flag"": 1, ""TempC_DS18B20"": 32.76}"
2025-09-27 22:26:42.617297576+00:00,dds75-lb-08,2,-50,10.0,"{""Bat"": 3.28, ""Distance_mm"": 937, ""Interrupt_flag"": 0, ""Node_type"": ""DDS75-LB"", ""Sensor_flag"": 1, ""TempC_DS18B20"": 32.76}"
2025-09-27 23:26:41.969468393+00:00,dds75-lb-08,2,-50,9.25,"{""Bat"": 3.28, ""Distance_mm"": 937, ""Interrupt_flag"": 0, ""Node_type"": ""DDS75-LB"", ""Sensor_flag"": 1, ""TempC_DS18B20"": 32.76}"
2025-09-28 00:26:41.322938240+00:00,dds75-lb-08,2,-49,7.25,"{""Bat"": 3.28, ""Distance_mm"": 937, ""Interrupt_flag"": 0, ""Node_type"": ""DDS75-LB"", ""Sensor_flag"": 1, ""TempC_DS18B20"": 32.76}"
2025-09-28 01:26:40.648606314+00:00,dds75-lb-08,2,-122,-5.0,"{""Bat"": 3.28, ""Distance_mm"": 936, ""Interrupt_flag"": 0, ""Node_type"": ""DDS75-LB"", ""Sensor_flag"": 1, ""TempC_DS18B20"": 32.76}"
2025-09-28 02:26:40.017923707+00:00,dds75-lb-08,2,-124,-8.75,"{""Bat"": 3.28, ""Distance_mm"": 936, ""Interrupt_flag"": 0, ""Node_type"": ""DDS75-LB"", ""Sensor_flag"": 1, ""TempC_DS18B20"": 32.76}"
2025-09-28 03:26:39.344376843+00:00,dds75-lb-08,2,-49,7.25,"{""Bat"": 3.28, ""Distance_mm"": 936, ""Interrupt_flag"": 0, ""Node_type"": ""DDS75-LB"", ""Sensor_flag"": 1, ""TempC_DS18B20"": 32.76}"
2025-09-28 04:26:38.691956749+00:00,dds75-lb-08,2,-49,9.75,"{""Bat"": 3.28, ""Distance_mm"": 936, ""Interrupt_flag"": 0, ""Node_type"": ""DDS75-LB"", ""Sensor_flag"": 1, ""TempC_DS18B20"": 32.76}"
2025-09-28 05:26:38.046616991+00:00,dds75-lb-08,2,-51,9.25,"{""Bat"": 3.28, ""Distance_mm"": 936, ""Interrupt_flag"": 0, ""Node_type"": ""DDS75-LB"", ""Sensor_flag"": 1, ""TempC_DS18B20"": 32.76}"
2025-09-28 06:26:37.385458486+00:00,dds75-lb-08,2,-50,9.25,"{""Bat"": 3.28, ""Distance_mm"": 936, ""Interrupt_flag"": 0, ""Node_type"": ""DDS75-LB"", ""Sensor_flag"": 1, ""TempC_DS18B20"": 32.76}"
2025-09-28 07:26:36.722923894+00:00,dds75-lb-08,2,-48,9.5,"{""Bat"": 3.28, ""Distance_mm"": 936, ""Interrupt_flag"": 0, ""Node_type"": ""DDS75-LB"", ""Sensor_flag"": 1, ""TempC_DS18B20"": 32.76}"
2025-09-28 08:26:36.084950050+00:00,dds75-lb-08,2,-49,9.0,"{""Bat"": 3.28, ""Distance_mm"": 936, ""Interrupt_flag"": 0, ""Node_type"": ""DDS75-LB"", ""Sensor_flag"": 1, ""TempC_DS18B20"": 32.76}"
2025-09-28 09:26:35.411939652+00:00,dds75-lb-08,2,-120,-4.25,"{""Bat"": 3.28, ""Distance_mm"": 936, ""Interrupt_flag"": 0, ""Node_type"": ""DDS75-LB"", ""Sensor_flag"": 1, ""TempC_DS18B20"": 32.76}"
2025-09-28 10:26:34.760296536+00:00,dds75-lb-08,2,-50,9.75,"{""Bat"": 3.28, ""Distance_mm"": 937, ""Interrupt_flag"": 0, ""Node_type"": ""DDS75-LB"", ""Sensor_flag"": 1, ""TempC_DS18B20"": 32.76}"
2025-09-28 11:26:34.105192690+00:00,dds75-lb-08,2,-49,7.0,"{""Bat"": 3.28, ""Distance_mm"": 937, ""Interrupt_flag"": 0, ""Node_type"": ""DDS75-LB"", ""Sensor_flag"": 1, ""TempC_DS18B20"": 32.76}"
2025-09-28 12:26:33.453969842+00:00,dds75-lb-08,2,-47,6.75,"{""Bat"": 3.28, ""Distance_mm"": 936, ""Interrupt_flag"": 0, ""Node_type"": ""DDS75-LB"", ""Sensor_flag"": 1, ""TempC_DS18B20"": 32.76}"
2025-09-28 13:26:32.798969160+00:00,dds75-lb-08,2,-44,7.25,"{""Bat"": 3.28, ""Distance_mm"": 937, ""Interrupt_flag"": 0, ""Node_type"": ""DDS75-LB"", ""Sensor_flag"": 1, ""TempC_DS18B20"": 32.76}"
2025-09-28 14:26:32.145056749+00:00,dds75-lb-08,2,-50,9.5,"{""Bat"": 3.28, ""Distance_mm"": 937, ""Interrupt_flag"": 0, ""Node_type"": ""DDS75-LB"", ""Sensor_flag"": 1, ""TempC_DS18B20"": 32.76}"
2025-09-28 15:26:31.492277921+00:00,dds75-lb-08,2,-53,10.0,"{""Bat"": 3.28, ""Distance_mm"": 937, ""Interrupt_flag"": 0, ""Node_type"": ""DDS75-LB"", ""Sensor_flag"": 1, ""TempC_DS18B20"": 32.76}"
2025-09-28 16:26:30.814924521+00:00,dds75-lb-08,2,-50,9.5,"{""Bat"": 3.28, ""Distance_mm"": 936, ""Interrupt_flag"": 0, ""Node_type"": ""DDS75-LB"", ""Sensor_flag"": 1, ""TempC_DS18B20"": 32.76}"
2025-09-28 17:26:30.147161546+00:00,dds75-lb-08,2,-50,8.75,"{""Bat"": 3.28, ""Distance_mm"": 936, ""Interrupt_flag"": 0, ""Node_type"": ""DDS75-LB"", ""Sensor_flag"": 1, ""TempC_DS18B20"": 32.76}"
2025-09-28 18:26:29.500461582+00:00,dds75-lb-08,2,-51,9.5,"{""Bat"": 3.28, ""Distance_mm"": 936, ""Interrupt_flag"": 0, ""Node_type"": ""DDS75-LB"", ""Sensor_flag"": 1, ""TempC_DS18B20"": 32.76}"
2025-09-28 19:26:28.840072353+00:00,dds75-lb-08,2,-50,6.5,"{""Bat"": 3.28, ""Distance_mm"": 937, ""Interrupt_flag"": 0, ""Node_type"": ""DDS75-LB"", ""Sensor_flag"": 1, ""TempC_DS18B20"": 32.76}"
2025-09-28 20:26:28.175544589+00:00,dds75-lb-08,2,-51,7.25,"{""Bat"": 3.28, ""Distance_mm"": 937, ""Interrupt_flag"": 0, ""Node_type"": ""DDS75-LB"", ""Sensor_flag"": 1, ""TempC_DS18B20"": 32.76}"
2025-09-28 21:26:27.531395954+00:00,dds75-lb-08,2,-53,10.5,"{""Bat"": 3.28, ""Distance_mm"": 937, ""Interrupt_flag"": 0, ""Node_type"": ""DDS75-LB"", ""Sensor_flag"": 1, ""TempC_DS18B20"": 32.76}"
2025-09-28 22:26:26.863785632+00:00,dds75-lb-08,2,-51,10.0,"{""Bat"": 3.28, ""Distance_mm"": 936, ""Interrupt_flag"": 0, ""Node_type"": ""DDS75-LB"", ""Sensor_flag"": 1, ""TempC_DS18B20"": 32.76}"
2025-09-28 23:26:26.216130191+00:00,dds75-lb-08,2,-53,9.5,"{""Bat"": 3.28, ""Distance_mm"": 936, ""Interrupt_flag"": 0, ""Node_type"": ""DDS75-LB"", ""Sensor_flag"": 1, ""TempC_DS18B20"": 32.76}"
2025-09-29 00:26:25.591788660+00:00,dds75-lb-08,2,-51,7.25,"{""Bat"": 3.28, ""Distance_mm"": 937, ""Interrupt_flag"": 0, ""Node_type"": ""DDS75-LB"", ""Sensor_flag"": 1, ""TempC_DS18B20"": 32.76}"
2025-09-29 01:26:24.897691540+00:00,dds75-lb-08,2,-53,6.0,"{""Bat"": 3.28, ""Distance_mm"": 937, ""Interrupt_flag"": 0, ""Node_type"": ""DDS75-LB"", ""Sensor_flag"": 1, ""TempC_DS18B20"": 32.76}"
2025-09-29 02:26:24.224176727+00:00,dds75-lb-08,2,-52,9.25,"{""Bat"": 3.28, ""Distance_mm"": 936, ""Interrupt_flag"": 0, ""Node_type"": ""DDS75-LB"", ""Sensor_flag"": 1, ""TempC_DS18B20"": 32.76}"
2025-09-29 03:26:23.595819371+00:00,dds75-lb-08,2,-51,8.0,"{""Bat"": 3.28, ""Distance_mm"": 940, ""Interrupt_flag"": 0, ""Node_type"": ""DDS75-LB"", ""Sensor_flag"": 1, ""TempC_DS18B20"": 32.76}"
2025-09-29 04:26:22.934292560+00:00,dds75-lb-08,2,-122,-6.75,"{""Bat"": 3.28, ""Distance_mm"": 936, ""Interrupt_flag"": 0, ""Node_type"": ""DDS75-LB"", ""Sensor_flag"": 1, ""TempC_DS18B20"": 32.76}"
2025-09-29 05:26:22.271672107+00:00,dds75-lb-08,2,-51,8.0,"{""Bat"": 3.28, ""Distance_mm"": 937, ""Interrupt_flag"": 0, ""Node_type"": ""DDS75-LB"", ""Sensor_flag"": 1, ""TempC_DS18B20"": 32.76}"
2025-09-29 06:26:21.611565521+00:00,dds75-lb-08,2,-53,9.25,"{""Bat"": 3.28, ""Distance_mm"": 937, ""Interrupt_flag"": 0, ""Node_type"": ""DDS75-LB"", ""Sensor_flag"": 1, ""TempC_DS18B20"": 32.76}"
2025-09-29 07:26:20.967814402+00:00,dds75-lb-08,2,-55,9.25,"{""Bat"": 3.28, ""Distance_mm"": 937, ""Interrupt_flag"": 0, ""Node_type"": ""DDS75-LB"", ""Sensor_flag"": 1, ""TempC_DS18B20"": 32.76}"
2025-09-29 08:26:20.307917118+00:00,dds75-lb-08,2,-53,7.75,"{""Bat"": 3.28, ""Distance_mm"": 937, ""Interrupt_flag"": 0, ""Node_type"": ""DDS75-LB"", ""Sensor_flag"": 1, ""TempC_DS18B20"": 32.76}"
2025-09-29 09:26:19.645780879+00:00,dds75-lb-08,2,-53,10.25,"{""Bat"": 3.28, ""Distance_mm"": 937, ""Interrupt_flag"": 0, ""Node_type"": ""DDS75-LB"", ""Sensor_flag"": 1, ""TempC_DS18B20"": 32.76}"
2025-09-29 10:26:19.002375211+00:00,dds75-lb-08,2,-53,9.0,"{""Bat"": 3.28, ""Distance_mm"": 937, ""Interrupt_flag"": 0, ""Node_type"": ""DDS75-LB"", ""Sensor_flag"": 1, ""TempC_DS18B20"": 32.76}"
2025-09-29 11:26:18.334402769+00:00,dds75-lb-08,2,-50,7.75,"{""Bat"": 3.28, ""Distance_mm"": 937, ""Interrupt_flag"": 0, ""Node_type"": ""DDS75-LB"", ""Sensor_flag"": 1, ""TempC_DS18B20"": 32.76}"
2025-09-29 12:26:17.677615445+00:00,dds75-lb-08,2,-50,8.0,"{""Bat"": 3.28, ""Distance_mm"": 937, ""Interrupt_flag"": 0, ""Node_type"": ""DDS75-LB"", ""Sensor_flag"": 1, ""TempC_DS18B20"": 32.76}"
2025-09-29 13:26:17.009746952+00:00,dds75-lb-08,2,-53,9.0,"{""Bat"": 3.28, ""Distance_mm"": 937, ""Interrupt_flag"": 0, ""Node_type"": ""DDS75-LB"", ""Sensor_flag"": 1, ""TempC_DS18B20"": 32.76}"
2025-09-29 14:26:16.353153522+00:00,dds75-lb-08,2,-55,9.75,"{""Bat"": 3.28, ""Distance_mm"": 937, ""Interrupt_flag"": 0, ""Node_type"": ""DDS75-LB"", ""Sensor_flag"": 1, ""TempC_DS18B20"": 32.76}"
2025-09-29 15:26:15.709298796+00:00,dds75-lb-08,2,-53,9.5,"{""Bat"": 3.28, ""Distance_mm"": 937, ""Interrupt_flag"": 0, ""Node_type"": ""DDS75-LB"", ""Sensor_flag"": 1, ""TempC_DS18B20"": 32.76}"
2025-09-29 16:26:15.030965822+00:00,dds75-lb-08,2,-55,9.0,"{""Bat"": 3.28, ""Distance_mm"": 937, ""Interrupt_flag"": 0, ""Node_type"": ""DDS75-LB"", ""Sensor_flag"": 1, ""TempC_DS18B20"": 32.76}"
2025-09-29 17:26:14.398655482+00:00,dds75-lb-08,2,-56,10.5,"{""Bat"": 3.28, ""Distance_mm"": 937, ""Interrupt_flag"": 0, ""Node_type"": ""DDS75-LB"", ""Sensor_flag"": 1, ""TempC_DS18B20"": 32.76}"
2025-09-29 18:26:13.714833344+00:00,dds75-lb-08,2,-57,10.25,"{""Bat"": 3.28, ""Distance_mm"": 937, ""Interrupt_flag"": 0, ""Node_type"": ""DDS75-LB"", ""Sensor_flag"": 1, ""TempC_DS18B20"": 32.76}"
2025-09-29 19:26:13.076701825+00:00,dds75-lb-08,2,-53,8.0,"{""Bat"": 3.28, ""Distance_mm"": 937, ""Interrupt_flag"": 0, ""Node_type"": ""DDS75-LB"", ""Sensor_flag"": 1, ""TempC_DS18B20"": 32.76}"
2025-09-29 20:26:12.412546216+00:00,dds75-lb-08,2,-53,9.0,"{""Bat"": 3.28, ""Distance_mm"": 937, ""Interrupt_flag"": 0, ""Node_type"": ""DDS75-LB"", ""Sensor_flag"": 1, ""TempC_DS18B20"": 32.76}"
2025-09-29 21:26:11.756688137+00:00,dds75-lb-08,2,-55,7.25,"{""Bat"": 3.28, ""Distance_mm"": 937, ""Interrupt_flag"": 0, ""Node_type"": ""DDS75-LB"", ""Sensor_flag"": 1, ""TempC_DS18B20"": 32.76}"
2025-09-29 22:26:11.083474471+00:00,dds75-lb-08,2,-55,9.0,"{""Bat"": 3.28, ""Distance_mm"": 937, ""Interrupt_flag"": 0, ""Node_type"": ""DDS75-LB"", ""Sensor_flag"": 1, ""TempC_DS18B20"": 32.76}"
2025-09-29 23:26:10.419748899+00:00,dds75-lb-08,2,-56,9.75,"{""Bat"": 3.28, ""Distance_mm"": 937, ""Interrupt_flag"": 0, ""Node_type"": ""DDS75-LB"", ""Sensor_flag"": 1, ""TempC_DS18B20"": 32.76}"
2025-09-30 00:26:09.761323141+00:00,dds75-lb-08,2,-55,9.75,"{""Bat"": 3.28, ""Distance_mm"": 936, ""Interrupt_flag"": 0, ""Node_type"": ""DDS75-LB"", ""Sensor_flag"": 1, ""TempC_DS18B20"": 32.76}"
2025-09-30 01:26:09.106287093+00:00,dds75-lb-08,2,-55,9.25,"{""Bat"": 3.28, ""Distance_mm"": 931, ""Interrupt_flag"": 0, ""Node_type"": ""DDS75-LB"", ""Sensor_flag"": 1, ""TempC_DS18B20"": 32.76}"
2025-09-30 02:26:08.444436967+00:00,dds75-lb-08,2,-124,-8.0,"{""Bat"": 3.28, ""Distance_mm"": 936, ""Interrupt_flag"": 0, ""Node_type"": ""DDS75-LB"", ""Sensor_flag"": 1, ""TempC_DS18B20"": 32.76}"
2025-09-30 03:26:07.790361102+00:00,dds75-lb-08,2,-53,7.25,"{""Bat"": 3.28, ""Distance_mm"": 937, ""Interrupt_flag"": 0, ""Node_type"": ""DDS75-LB"", ""Sensor_flag"": 1, ""TempC_DS18B20"": 32.76}"
2025-09-30 04:26:07.130422449+00:00,dds75-lb-08,2,-126,-8.25,"{""Bat"": 3.28, ""Distance_mm"": 937, ""Interrupt_flag"": 0, ""Node_type"": ""DDS75-LB"", ""Sensor_flag"": 1, ""TempC_DS18B20"": 32.76}"
2025-09-30 05:26:06.485217703+00:00,dds75-lb-08,2,-57,10.25,"{""Bat"": 3.28, ""Distance_mm"": 936, ""Interrupt_flag"": 0, ""Node_type"": ""DDS75-LB"", ""Sensor_flag"": 1, ""TempC_DS18B20"": 32.76}"
2025-09-30 06:26:05.836629393+00:00,dds75-lb-08,2,-57,10.75,"{""Bat"": 3.28, ""Distance_mm"": 936, ""Interrupt_flag"": 0, ""Node_type"": ""DDS75-LB"", ""Sensor_flag"": 1, ""TempC_DS18B20"": 32.76}"
2025-09-30 07:26:05.164437998+00:00,dds75-lb-08,2,-57,8.5,"{""Bat"": 3.28, ""Distance_mm"": 937, ""Interrupt_flag"": 0, ""Node_type"": ""DDS75-LB"", ""Sensor_flag"": 1, ""TempC_DS18B20"": 32.76}"
2025-09-30 08:26:04.504676480+00:00,dds75-lb-08,2,-55,6.25,"{""Bat"": 3.28, ""Distance_mm"": 937, ""Interrupt_flag"": 0, ""Node_type"": ""DDS75-LB"", ""Sensor_flag"": 1, ""TempC_DS18B20"": 32.76}"
2025-09-30 09:26:03.844622512+00:00,dds75-lb-08,2,-55,9.5,"{""Bat"": 3.28, ""Distance_mm"": 937, ""Interrupt_flag"": 0, ""Node_type"": ""DDS75-LB"", ""Sensor_flag"": 1, ""TempC_DS18B20"": 32.76}"
2025-09-30 10:26:03.164301299+00:00,dds75-lb-08,2,-55,9.5,"{""Bat"": 3.28, ""Distance_mm"": 937, ""Interrupt_flag"": 0, ""Node_type"": ""DDS75-LB"", ""Sensor_flag"": 1, ""TempC_DS18B20"": 32.76}"
2025-09-30 11:26:02.527574031+00:00,dds75-lb-08,2,-54,9.25,"{""Bat"": 3.28, ""Distance_mm"": 937, ""Interrupt_flag"": 0, ""Node_type"": ""DDS75-LB"", ""Sensor_flag"": 1, ""TempC_DS18B20"": 32.76}"
2025-09-30 12:26:01.876501772+00:00,dds75-lb-08,2,-59,9.5,"{""Bat"": 3.28, ""Distance_mm"": 937, ""Interrupt_flag"": 0, ""Node_type"": ""DDS75-LB"", ""Sensor_flag"": 1, ""TempC_DS18B20"": 32.76}"
2025-09-30 13:26:01.212952547+00:00,dds75-lb-08,2,-61,11.25,"{""Bat"": 3.28, ""Distance_mm"": 937, ""Interrupt_flag"": 0, ""Node_type"": ""DDS75-LB"", ""Sensor_flag"": 1, ""TempC_DS18B20"": 32.76}"
2025-09-30 14:26:00.546049458+00:00,dds75-lb-08,2,-61,10.25,"{""Bat"": 3.28, ""Distance_mm"": 937, ""Interrupt_flag"": 0, ""Node_type"": ""DDS75-LB"", ""Sensor_flag"": 1, ""TempC_DS18B20"": 32.76}"
2025-09-30 15:25:59.882384165+00:00,dds75-lb-08,2,-59,9.5,"{""Bat"": 3.28, ""Distance_mm"": 937, ""Interrupt_flag"": 0, ""Node_type"": ""DDS75-LB"", ""Sensor_flag"": 1, ""TempC_DS18B20"": 32.76}"
2025-09-30 16:25:59.210238855+00:00,dds75-lb-08,2,-57,8.5,"{""Bat"": 3.28, ""Distance_mm"": 937, ""Interrupt_flag"": 0, ""Node_type"": ""DDS75-LB"", ""Sensor_flag"": 1, ""TempC_DS18B20"": 32.76}"
2025-09-30 17:25:58.570019928+00:00,dds75-lb-08,2,-59,9.75,"{""Bat"": 3.28, ""Distance_mm"": 937, ""Interrupt_flag"": 0, ""Node_type"": ""DDS75-LB"", ""Sensor_flag"": 1, ""TempC_DS18B20"": 32.76}"
2025-09-30 18:25:57.891807081+00:00,dds75-lb-08,2,-60,10.5,"{""Bat"": 3.28, ""Distance_mm"": 937, ""Interrupt_flag"": 0, ""Node_type"": ""DDS75-LB"", ""Sensor_flag"": 1, ""TempC_DS18B20"": 32.76}"
2025-09-30 19:25:57.245023735+00:00,dds75-lb-08,2,-59,10.75,"{""Bat"": 3.28, ""Distance_mm"": 937, ""Interrupt_flag"": 0, ""Node_type"": ""DDS75-LB"", ""Sensor_flag"": 1, ""TempC_DS18B20"": 32.76}"
2025-09-30 20:25:56.576481489+00:00,dds75-lb-08,2,-59,9.25,"{""Bat"": 3.28, ""Distance_mm"": 936, ""Interrupt_flag"": 0, ""Node_type"": ""DDS75-LB"", ""Sensor_flag"": 1, ""TempC_DS18B20"": 32.76}"
2025-09-30 21:25:55.922444172+00:00,dds75-lb-08,2,-57,8.0,"{""Bat"": 3.28, ""Distance_mm"": 937, ""Interrupt_flag"": 0, ""Node_type"": ""DDS75-LB"", ""Sensor_flag"": 1, ""TempC_DS18B20"": 32.76}"
2025-09-30 22:25:55.261960835+00:00,dds75-lb-08,2,-59,9.0,"{""Bat"": 3.28, ""Distance_mm"": 937, ""Interrupt_flag"": 0, ""Node_type"": ""DDS75-LB"", ""Sensor_flag"": 1, ""TempC_DS18B20"": 32.76}"
2025-09-30 23:25:54.618978829+00:00,dds75-lb-08,2,-59,9.25,"{""Bat"": 3.28, ""Distance_mm"": 937, ""Interrupt_flag"": 0, ""Node_type"": ""DDS75-LB"", ""Sensor_flag"": 1, ""TempC_DS18B20"": 32.76}"
2025-10-01 00:25:53.960737518+00:00,dds75-lb-08,2,-57,8.0,"{""Bat"": 3.28, ""Distance_mm"": 941, ""Interrupt_flag"": 0, ""Node_type"": ""DDS75-LB"", ""Sensor_flag"": 1, ""TempC_DS18B20"": 32.76}"
2025-10-01 01:25:53.287545481+00:00,dds75-lb-08,2,-124,-8.25,"{""Bat"": 3.28, ""Distance_mm"": 941, ""Interrupt_flag"": 0, ""Node_type"": ""DDS75-LB"", ""Sensor_flag"": 1, ""TempC_DS18B20"": 32.76}"
2025-10-01 02:25:52.635531215+00:00,dds75-lb-08,2,-60,10.0,"{""Bat"": 3.28, ""Distance_mm"": 941, ""Interrupt_flag"": 0, ""Node_type"": ""DDS75-LB"", ""Sensor_flag"": 1, ""TempC_DS18B20"": 32.76}"
2025-10-01 03:25:51.984893455+00:00,dds75-lb-08,2,-125,-8.75,"{""Bat"": 3.28, ""Distance_mm"": 941, ""Interrupt_flag"": 0, ""Node_type"": ""DDS75-LB"", ""Sensor_flag"": 1, ""TempC_DS18B20"": 32.76}"
2025-10-01 04:25:51.323911878+00:00,dds75-lb-08,2,-56,6.75,"{""Bat"": 3.28, ""Distance_mm"": 941, ""Interrupt_flag"": 0, ""Node_type"": ""DDS75-LB"", ""Sensor_flag"": 1, ""TempC_DS18B20"": 32.76}"
2025-10-01 05:25:50.656147868+00:00,dds75-lb-08,2,-56,9.25,"{""Bat"": 3.28, ""Distance_mm"": 941, ""Interrupt_flag"": 0, ""Node_type"": ""DDS75-LB"", ""Sensor_flag"": 1, ""TempC_DS18B20"": 32.76}"
2025-10-01 06:25:49.990855659+00:00,dds75-lb-08,2,-59,10.25,"{""Bat"": 3.28, ""Distance_mm"": 937, ""Interrupt_flag"": 0, ""Node_type"": ""DDS75-LB"", ""Sensor_flag"": 1, ""TempC_DS18B20"": 32.76}"
2025-10-01 07:25:49.346998373+00:00,dds75-lb-08,2,-56,9.5,"{""Bat"": 3.28, ""Distance_mm"": 941, ""Interrupt_flag"": 0, ""Node_type"": ""DDS75-LB"", ""Sensor_flag"": 1, ""TempC_DS18B20"": 32.76}"
2025-10-01 08:25:48.687153436+00:00,dds75-lb-08,2,-54,9.25,"{""Bat"": 3.28, ""Distance_mm"": 941, ""Interrupt_flag"": 0, ""Node_type"": ""DDS75-LB"", ""Sensor_flag"": 1, ""TempC_DS18B20"": 32.76}"
2025-10-01 09:25:48.011894140+00:00,dds75-lb-08,2,-123,-7.5,"{""Bat"": 3.28, ""Distance_mm"": 937, ""Interrupt_flag"": 0, ""Node_type"": ""DDS75-LB"", ""Sensor_flag"": 1, ""TempC_DS18B20"": 32.76}"
2025-10-01 10:25:47.383667343+00:00,dds75-lb-08,2,-57,9.25,"{""Bat"": 3.28, ""Distance_mm"": 937, ""Interrupt_flag"": 0, ""Node_type"": ""DDS75-LB"", ""Sensor_flag"": 1, ""TempC_DS18B20"": 32.76}"
2025-10-01 11:25:46.720241150+00:00,dds75-lb-08,2,-56,10.0,"{""Bat"": 3.28, ""Distance_mm"": 937, ""Interrupt_flag"": 0, ""Node_type"": ""DDS75-LB"", ""Sensor_flag"": 1, ""TempC_DS18B20"": 32.76}"
2025-10-01 12:25:46.078681642+00:00,dds75-lb-08,2,-54,9.0,"{""Bat"": 3.28, ""Distance_mm"": 936, ""Interrupt_flag"": 0, ""Node_type"": ""DDS75-LB"", ""Sensor_flag"": 1, ""TempC_DS18B20"": 32.76}"
2025-10-01 13:25:45.407181108+00:00,dds75-lb-08,2,-57,10.5,"{""Bat"": 3.28, ""Distance_mm"": 936, ""Interrupt_flag"": 0, ""Node_type"": ""DDS75-LB"", ""Sensor_flag"": 1, ""TempC_DS18B20"": 32.76}"
2025-10-01 14:25:44.761136376+00:00,dds75-lb-08,2,-57,10.25,"{""Bat"": 3.28, ""Distance_mm"": 936, ""Interrupt_flag"": 0, ""Node_type"": ""DDS75-LB"", ""Sensor_flag"": 1, ""TempC_DS18B20"": 32.76}"
2025-10-01 15:25:44.105154851+00:00,dds75-lb-08,2,-56,10.0,"{""Bat"": 3.28, ""Distance_mm"": 936, ""Interrupt_flag"": 0, ""Node_type"": ""DDS75-LB"", ""Sensor_flag"": 1, ""TempC_DS18B20"": 32.76}"
2025-10-01 16:25:43.444838952+00:00,dds75-lb-08,2,-55,9.25,"{""Bat"": 3.28, ""Distance_mm"": 936, ""Interrupt_flag"": 0, ""Node_type"": ""DDS75-LB"", ""Sensor_flag"": 1, ""TempC_DS18B20"": 32.76}"
2025-10-01 17:25:42.786633779+00:00,dds75-lb-08,2,-51,9.5,"{""Bat"": 3.28, ""Distance_mm"": 937, ""Interrupt_flag"": 0, ""Node_type"": ""DDS75-LB"", ""Sensor_flag"": 1, ""TempC_DS18B20"": 32.76}"
2025-10-01 18:25:42.127563211+00:00,dds75-lb-08,2,-55,9.75,"{""Bat"": 3.28, ""Distance_mm"": 937, ""Interrupt_flag"": 0, ""Node_type"": ""DDS75-LB"", ""Sensor_flag"": 1, ""TempC_DS18B20"": 32.76}"
2025-10-01 19:25:41.466015458+00:00,dds75-lb-08,2,-54,8.0,"{""Bat"": 3.28, ""Distance_mm"": 937, ""Interrupt_flag"": 0, ""Node_type"": ""DDS75-LB"", ""Sensor_flag"": 1, ""TempC_DS18B20"": 32.76}"
2025-10-01 20:25:40.828409681+00:00,dds75-lb-08,2,-57,9.75,"{""Bat"": 3.28, ""Distance_mm"": 936, ""Interrupt_flag"": 0, ""Node_type"": ""DDS75-LB"", ""Sensor_flag"": 1, ""TempC_DS18B20"": 32.76}"
2025-10-01 21:25:40.142823136+00:00,dds75-lb-08,2,-55,9.25,"{""Bat"": 3.28, ""Distance_mm"": 937, ""Interrupt_flag"": 0, ""Node_type"": ""DDS75-LB"", ""Sensor_flag"": 1, ""TempC_DS18B20"": 32.76}"
2025-10-01 22:25:39.492414793+00:00,dds75-lb-08,2,-57,10.5,"{""Bat"": 3.28, ""Distance_mm"": 936, ""Interrupt_flag"": 0, ""Node_type"": ""DDS75-LB"", ""Sensor_flag"": 1, ""TempC_DS18B20"": 32.76}"
2025-10-01 23:25:38.840455080+00:00,dds75-lb-08,2,-55,10.0,"{""Bat"": 3.28, ""Distance_mm"": 941, ""Interrupt_flag"": 0, ""Node_type"": ""DDS75-LB"", ""Sensor_flag"": 1, ""TempC_DS18B20"": 32.76}"
2025-10-02 00:25:38.190845934+00:00,dds75-lb-08,2,-55,9.0,"{""Bat"": 3.28, ""Distance_mm"": 941, ""Interrupt_flag"": 0, ""Node_type"": ""DDS75-LB"", ""Sensor_flag"": 1, ""TempC_DS18B20"": 32.76}"
2025-10-02 01:25:37.550355079+00:00,dds75-lb-08,2,-57,9.5,"{""Bat"": 3.28, ""Distance_mm"": 941, ""Interrupt_flag"": 0, ""Node_type"": ""DDS75-LB"", ""Sensor_flag"": 1, ""TempC_DS18B20"": 32.76}"
2025-10-02 02:25:36.884330375+00:00,dds75-lb-08,2,-54,10.25,"{""Bat"": 3.28, ""Distance_mm"": 941, ""Interrupt_flag"": 0, ""Node_type"": ""DDS75-LB"", ""Sensor_flag"": 1, ""TempC_DS18B20"": 32.76}"
2025-10-02 03:25:36.204648611+00:00,dds75-lb-08,2,-54,9.75,"{""Bat"": 3.28, ""Distance_mm"": 940, ""Interrupt_flag"": 0, ""Node_type"": ""DDS75-LB"", ""Sensor_flag"": 1, ""TempC_DS18B20"": 32.76}"
2025-10-02 04:25:35.569934982+00:00,dds75-lb-08,2,-54,7.0,"{""Bat"": 3.28, ""Distance_mm"": 941, ""Interrupt_flag"": 0, ""Node_type"": ""DDS75-LB"", ""Sensor_flag"": 1, ""TempC_DS18B20"": 32.76}"
2025-10-02 05:25:34.912559280+00:00,dds75-lb-08,2,-55,9.5,"{""Bat"": 3.28, ""Distance_mm"": 941, ""Interrupt_flag"": 0, ""Node_type"": ""DDS75-LB"", ""Sensor_flag"": 1, ""TempC_DS18B20"": 32.76}"
2025-10-02 06:25:34.257650360+00:00,dds75-lb-08,2,-54,9.5,"{""Bat"": 3.28, ""Distance_mm"": 938, ""Interrupt_flag"": 0, ""Node_type"": ""DDS75-LB"", ""Sensor_flag"": 1, ""TempC_DS18B20"": 32.76}"
2025-10-02 07:25:33.665723166+00:00,dds75-lb-08,2,-54,9.25,"{""Bat"": 3.28, ""Distance_mm"": 941, ""Interrupt_flag"": 0, ""Node_type"": ""DDS75-LB"", ""Sensor_flag"": 1, ""TempC_DS18B20"": 32.76}"
2025-10-02 08:25:32.951343098+00:00,dds75-lb-08,2,-52,9.75,"{""Bat"": 3.28, ""Distance_mm"": 937, ""Interrupt_flag"": 0, ""Node_type"": ""DDS75-LB"", ""Sensor_flag"": 1, ""TempC_DS18B20"": 32.76}"
2025-10-02 09:25:32.305335223+00:00,dds75-lb-08,2,-57,10.5,"{""Bat"": 3.28, ""Distance_mm"": 937, ""Interrupt_flag"": 0, ""Node_type"": ""DDS75-LB"", ""Sensor_flag"": 1, ""TempC_DS18B20"": 32.76}"
2025-10-02 10:25:31.643334444+00:00,dds75-lb-08,2,-54,8.25,"{""Bat"": 3.28, ""Distance_mm"": 937, ""Interrupt_flag"": 0, ""Node_type"": ""DDS75-LB"", ""Sensor_flag"": 1, ""TempC_DS18B20"": 32.76}"
2025-10-02 11:25:30.975740115+00:00,dds75-lb-08,2,-55,6.75,"{""Bat"": 3.28, ""Distance_mm"": 937, ""Interrupt_flag"": 0, ""Node_type"": ""DDS75-LB"", ""Sensor_flag"": 1, ""TempC_DS18B20"": 32.76}"
2025-10-02 12:25:30.344031931+00:00,dds75-lb-08,2,-57,10.25,"{""Bat"": 3.28, ""Distance_mm"": 937, ""Interrupt_flag"": 0, ""Node_type"": ""DDS75-LB"", ""Sensor_flag"": 1, ""TempC_DS18B20"": 32.76}"
2025-10-02 13:25:29.684801750+00:00,dds75-lb-08,2,-55,9.0,"{""Bat"": 3.28, ""Distance_mm"": 937, ""Interrupt_flag"": 0, ""Node_type"": ""DDS75-LB"", ""Sensor_flag"": 1, ""TempC_DS18B20"": 32.76}"
2025-10-02 14:25:29.017965366+00:00,dds75-lb-08,2,-54,9.75,"{""Bat"": 3.28, ""Distance_mm"": 937, ""Interrupt_flag"": 0, ""Node_type"": ""DDS75-LB"", ""Sensor_flag"": 1, ""TempC_DS18B20"": 32.76}"
2025-10-02 15:25:28.376547584+00:00,dds75-lb-08,2,-55,6.75,"{""Bat"": 3.28, ""Distance_mm"": 937, ""Interrupt_flag"": 0, ""Node_type"": ""DDS75-LB"", ""Sensor_flag"": 1, ""TempC_DS18B20"": 32.76}"
2025-10-02 16:25:27.725275860+00:00,dds75-lb-08,2,-57,9.25,"{""Bat"": 3.28, ""Distance_mm"": 937, ""Interrupt_flag"": 0, ""Node_type"": ""DDS75-LB"", ""Sensor_flag"": 1, ""TempC_DS18B20"": 32.76}"
2025-10-02 17:25:27.051778213+00:00,dds75-lb-08,2,-51,7.25,"{""Bat"": 3.28, ""Distance_mm"": 937, ""Interrupt_flag"": 0, ""Node_type"": ""DDS75-LB"", ""Sensor_flag"": 1, ""TempC_DS18B20"": 32.76}"
2025-10-02 18:25:26.401795393+00:00,dds75-lb-08,2,-52,9.5,"{""Bat"": 3.28, ""Distance_mm"": 937, ""Interrupt_flag"": 0, ""Node_type"": ""DDS75-LB"", ""Sensor_flag"": 1, ""TempC_DS18B20"": 32.76}"
2025-10-02 19:25:25.758316417+00:00,dds75-lb-08,2,-55,8.0,"{""Bat"": 3.28, ""Distance_mm"": 936, ""Interrupt_flag"": 0, ""Node_type"": ""DDS75-LB"", ""Sensor_flag"": 1, ""TempC_DS18B20"": 32.76}"
2025-10-02 20:25:25.112884595+00:00,dds75-lb-08,2,-56,11.0,"{""Bat"": 3.28, ""Distance_mm"": 936, ""Interrupt_flag"": 0, ""Node_type"": ""DDS75-LB"", ""Sensor_flag"": 1, ""TempC_DS18B20"": 32.76}"
2025-10-02 21:25:24.443506970+00:00,dds75-lb-08,2,-57,10.0,"{""Bat"": 3.28, ""Distance_mm"": 937, ""Interrupt_flag"": 0, ""Node_type"": ""DDS75-LB"", ""Sensor_flag"": 1, ""TempC_DS18B20"": 32.76}"
2025-10-02 22:25:23.791946144+00:00,dds75-lb-08,2,-53,9.75,"{""Bat"": 3.28, ""Distance_mm"": 941, ""Interrupt_flag"": 0, ""Node_type"": ""DDS75-LB"", ""Sensor_flag"": 1, ""TempC_DS18B20"": 32.76}"
2025-10-02 23:25:23.132894100+00:00,dds75-lb-08,2,-123,-7.5,"{""Bat"": 3.28, ""Distance_mm"": 936, ""Interrupt_flag"": 0, ""Node_type"": ""DDS75-LB"", ""Sensor_flag"": 1, ""TempC_DS18B20"": 32.76}"
2025-10-03 00:25:22.461643473+00:00,dds75-lb-08,2,-55,10.5,"{""Bat"": 3.28, ""Distance_mm"": 938, ""Interrupt_flag"": 0, ""Node_type"": ""DDS75-LB"", ""Sensor_flag"": 1, ""TempC_DS18B20"": 32.76}"
2025-10-03 01:25:21.824117696+00:00,dds75-lb-08,2,-55,10.25,"{""Bat"": 3.28, ""Distance_mm"": 940, ""Interrupt_flag"": 0, ""Node_type"": ""DDS75-LB"", ""Sensor_flag"": 1, ""TempC_DS18B20"": 32.76}"
2025-10-03 02:25:21.192544704+00:00,dds75-lb-08,2,-49,9.5,"{""Bat"": 3.28, ""Distance_mm"": 941, ""Interrupt_flag"": 0, ""Node_type"": ""DDS75-LB"", ""Sensor_flag"": 1, ""TempC_DS18B20"": 32.76}"
2025-10-03 03:25:20.533225562+00:00,dds75-lb-08,2,-55,10.0,"{""Bat"": 3.28, ""Distance_mm"": 941, ""Interrupt_flag"": 0, ""Node_type"": ""DDS75-LB"", ""Sensor_flag"": 1, ""TempC_DS18B20"": 32.76}"
2025-10-03 04:25:19.881738741+00:00,dds75-lb-08,2,-55,9.25,"{""Bat"": 3.28, ""Distance_mm"": 941, ""Interrupt_flag"": 0, ""Node_type"": ""DDS75-LB"", ""Sensor_flag"": 1, ""TempC_DS18B20"": 32.76}"
2025-10-03 05:25:19.220820993+00:00,dds75-lb-08,2,-56,10.0,"{""Bat"": 3.28, ""Distance_mm"": 939, ""Interrupt_flag"": 0, ""Node_type"": ""DDS75-LB"", ""Sensor_flag"": 1, ""TempC_DS18B20"": 32.76}"
2025-10-03 06:25:18.571402132+00:00,dds75-lb-08,2,-55,7.5,"{""Bat"": 3.28, ""Distance_mm"": 935, ""Interrupt_flag"": 0, ""Node_type"": ""DDS75-LB"", ""Sensor_flag"": 1, ""TempC_DS18B20"": 32.76}"
2025-10-03 07:25:17.908198009+00:00,dds75-lb-08,2,-53,9.75,"{""Bat"": 3.28, ""Distance_mm"": 941, ""Interrupt_flag"": 0, ""Node_type"": ""DDS75-LB"", ""Sensor_flag"": 1, ""TempC_DS18B20"": 32.76}"
2025-10-03 08:25:17.269402769+00:00,dds75-lb-08,2,-55,9.25,"{""Bat"": 3.28, ""Distance_mm"": 937, ""Interrupt_flag"": 0, ""Node_type"": ""DDS75-LB"", ""Sensor_flag"": 1, ""TempC_DS18B20"": 32.76}"
2025-10-03 09:25:16.613871253+00:00,dds75-lb-08,2,-53,9.5,"{""Bat"": 3.28, ""Distance_mm"": 937, ""Interrupt_flag"": 0, ""Node_type"": ""DDS75-LB"", ""Sensor_flag"": 1, ""TempC_DS18B20"": 32.76}"
2025-10-03 10:25:15.972053533+00:00,dds75-lb-08,2,-54,10.25,"{""Bat"": 3.28, ""Distance_mm"": 937, ""Interrupt_flag"": 0, ""Node_type"": ""DDS75-LB"", ""Sensor_flag"": 1, ""TempC_DS18B20"": 32.76}"
2025-10-03 11:25:15.325125453+00:00,dds75-lb-08,2,-55,7.5,"{""Bat"": 3.28, ""Distance_mm"": 936, ""Interrupt_flag"": 0, ""Node_type"": ""DDS75-LB"", ""Sensor_flag"": 1, ""TempC_DS18B20"": 32.76}"
2025-10-03 12:25:14.667238776+00:00,dds75-lb-08,2,-54,9.75,"{""Bat"": 3.28, ""Distance_mm"": 936, ""Interrupt_flag"": 0, ""Node_type"": ""DDS75-LB"", ""Sensor_flag"": 1, ""TempC_DS18B20"": 32.76}"
2025-10-03 13:25:14.013853146+00:00,dds75-lb-08,2,-57,9.5,"{""Bat"": 3.28, ""Distance_mm"": 936, ""Interrupt_flag"": 0, ""Node_type"": ""DDS75-LB"", ""Sensor_flag"": 1, ""TempC_DS18B20"": 32.76}"
2025-10-03 14:25:13.352479099+00:00,dds75-lb-08,2,-54,6.5,"{""Bat"": 3.28, ""Distance_mm"": 937, ""Interrupt_flag"": 0, ""Node_type"": ""DDS75-LB"", ""Sensor_flag"": 1, ""TempC_DS18B20"": 32.76}"
2025-10-03 15:25:12.714961048+00:00,dds75-lb-08,2,-52,9.0,"{""Bat"": 3.28, ""Distance_mm"": 937, ""Interrupt_flag"": 0, ""Node_type"": ""DDS75-LB"", ""Sensor_flag"": 1, ""TempC_DS18B20"": 32.76}"
2025-10-03 16:25:12.062210407+00:00,dds75-lb-08,2,-55,10.25,"{""Bat"": 3.28, ""Distance_mm"": 937, ""Interrupt_flag"": 0, ""Node_type"": ""DDS75-LB"", ""Sensor_flag"": 1, ""TempC_DS18B20"": 32.76}"
2025-10-03 17:25:11.392986640+00:00,dds75-lb-08,2,-53,7.5,"{""Bat"": 3.28, ""Distance_mm"": 937, ""Interrupt_flag"": 0, ""Node_type"": ""DDS75-LB"", ""Sensor_flag"": 1, ""TempC_DS18B20"": 32.76}"
2025-10-03 18:25:10.738389466+00:00,dds75-lb-08,2,-56,10.5,"{""Bat"": 3.28, ""Distance_mm"": 937, ""Interrupt_flag"": 0, ""Node_type"": ""DDS75-LB"", ""Sensor_flag"": 1, ""TempC_DS18B20"": 32.76}"
2025-10-03 19:25:10.090011749+00:00,dds75-lb-08,2,-55,9.75,"{""Bat"": 3.28, ""Distance_mm"": 937, ""Interrupt_flag"": 0, ""Node_type"": ""DDS75-LB"", ""Sensor_flag"": 1, ""TempC_DS18B20"": 32.76}"
2025-10-03 20:25:09.451581417+00:00,dds75-lb-08,2,-55,9.25,"{""Bat"": 3.28, ""Distance_mm"": 936, ""Interrupt_flag"": 0, ""Node_type"": ""DDS75-LB"", ""Sensor_flag"": 1, ""TempC_DS18B20"": 32.76}"
2025-10-03 21:25:08.803098909+00:00,dds75-lb-08,2,-55,10.25,"{""Bat"": 3.28, ""Distance_mm"": 936, ""Interrupt_flag"": 0, ""Node_type"": ""DDS75-LB"", ""Sensor_flag"": 1, ""TempC_DS18B20"": 32.76}"
2025-10-03 22:25:08.133774034+00:00,dds75-lb-08,2,-54,10.25,"{""Bat"": 3.28, ""Distance_mm"": 936, ""Interrupt_flag"": 0, ""Node_type"": ""DDS75-LB"", ""Sensor_flag"": 1, ""TempC_DS18B20"": 32.76}"
2025-10-03 23:25:07.482436835+00:00,dds75-lb-08,2,-57,9.75,"{""Bat"": 3.28, ""Distance_mm"": 937, ""Interrupt_flag"": 0, ""Node_type"": ""DDS75-LB"", ""Sensor_flag"": 1, ""TempC_DS18B20"": 32.76}"
2025-10-04 00:25:06.833225594+00:00,dds75-lb-08,2,-53,9.0,"{""Bat"": 3.28, ""Distance_mm"": 936, ""Interrupt_flag"": 0, ""Node_type"": ""DDS75-LB"", ""Sensor_flag"": 1, ""TempC_DS18B20"": 32.76}"
2025-10-04 01:25:06.169944393+00:00,dds75-lb-08,2,-124,-8.5,"{""Bat"": 3.28, ""Distance_mm"": 936, ""Interrupt_flag"": 0, ""Node_type"": ""DDS75-LB"", ""Sensor_flag"": 1, ""TempC_DS18B20"": 32.76}"
2025-10-04 02:25:05.550154244+00:00,dds75-lb-08,2,-55,7.5,"{""Bat"": 3.28, ""Distance_mm"": 936, ""Interrupt_flag"": 0, ""Node_type"": ""DDS75-LB"", ""Sensor_flag"": 1, ""TempC_DS18B20"": 32.76}"
2025-10-04 03:25:04.884846432+00:00,dds75-lb-08,2,-56,9.75,"{""Bat"": 3.28, ""Distance_mm"": 936, ""Interrupt_flag"": 0, ""Node_type"": ""DDS75-LB"", ""Sensor_flag"": 1, ""TempC_DS18B20"": 32.76}"
2025-10-04 04:25:04.247259371+00:00,dds75-lb-08,2,-56,11.0,"{""Bat"": 3.28, ""Distance_mm"": 936, ""Interrupt_flag"": 0, ""Node_type"": ""DDS75-LB"", ""Sensor_flag"": 1, ""TempC_DS18B20"": 32.76}"
2025-10-04 05:25:03.585476364+00:00,dds75-lb-08,2,-56,9.5,"{""Bat"": 3.28, ""Distance_mm"": 936, ""Interrupt_flag"": 0, ""Node_type"": ""DDS75-LB"", ""Sensor_flag"": 1, ""TempC_DS18B20"": 32.76}"
2025-10-04 06:25:02.925893469+00:00,dds75-lb-08,2,-53,9.5,"{""Bat"": 3.28, ""Distance_mm"": 936, ""Interrupt_flag"": 0, ""Node_type"": ""DDS75-LB"", ""Sensor_flag"": 1, ""TempC_DS18B20"": 32.76}"
2025-10-04 07:25:02.278537106+00:00,dds75-lb-08,2,-55,9.0,"{""Bat"": 3.28, ""Distance_mm"": 936, ""Interrupt_flag"": 0, ""Node_type"": ""DDS75-LB"", ""Sensor_flag"": 1, ""TempC_DS18B20"": 32.76}"
2025-10-04 08:25:01.629262723+00:00,dds75-lb-08,2,-56,9.5,"{""Bat"": 3.28, ""Distance_mm"": 936, ""Interrupt_flag"": 0, ""Node_type"": ""DDS75-LB"", ""Sensor_flag"": 1, ""TempC_DS18B20"": 32.76}"
2025-10-04 09:25:00.977258054+00:00,dds75-lb-08,2,-55,7.25,"{""Bat"": 3.28, ""Distance_mm"": 936, ""Interrupt_flag"": 0, ""Node_type"": ""DDS75-LB"", ""Sensor_flag"": 1, ""TempC_DS18B20"": 32.76}"
2025-10-04 10:25:00.328198003+00:00,dds75-lb-08,2,-54,7.5,"{""Bat"": 3.28, ""Distance_mm"": 936, ""Interrupt_flag"": 0, ""Node_type"": ""DDS75-LB"", ""Sensor_flag"": 1, ""TempC_DS18B20"": 32.76}"
2025-10-04 11:24:59.681836983+00:00,dds75-lb-08,2,-55,10.5,"{""Bat"": 3.28, ""Distance_mm"": 936, ""Interrupt_flag"": 0, ""Node_type"": ""DDS75-LB"", ""Sensor_flag"": 1, ""TempC_DS18B20"": 32.76}"
2025-10-04 12:24:59.036666335+00:00,dds75-lb-08,2,-56,8.5,"{""Bat"": 3.28, ""Distance_mm"": 936, ""Interrupt_flag"": 0, ""Node_type"": ""DDS75-LB"", ""Sensor_flag"": 1, ""TempC_DS18B20"": 32.76}"
2025-10-04 13:24:58.385822798+00:00,dds75-lb-08,2,-54,9.25,"{""Bat"": 3.28, ""Distance_mm"": 936, ""Interrupt_flag"": 0, ""Node_type"": ""DDS75-LB"", ""Sensor_flag"": 1, ""TempC_DS18B20"": 32.76}"
2025-10-04 14:24:57.727608302+00:00,dds75-lb-08,2,-56,9.5,"{""Bat"": 3.28, ""Distance_mm"": 936, ""Interrupt_flag"": 0, ""Node_type"": ""DDS75-LB"", ""Sensor_flag"": 1, ""TempC_DS18B20"": 32.76}"
2025-10-04 15:24:57.088993667+00:00,dds75-lb-08,2,-55,9.25,"{""Bat"": 3.28, ""Distance_mm"": 935, ""Interrupt_flag"": 0, ""Node_type"": ""DDS75-LB"", ""Sensor_flag"": 1, ""TempC_DS18B20"": 32.76}"
2025-10-04 16:24:56.443268660+00:00,dds75-lb-08,2,-52,9.0,"{""Bat"": 3.28, ""Distance_mm"": 936, ""Interrupt_flag"": 0, ""Node_type"": ""DDS75-LB"", ""Sensor_flag"": 1, ""TempC_DS18B20"": 32.76}"
2025-10-04 17:24:55.792404034+00:00,dds75-lb-08,2,-54,7.5,"{""Bat"": 3.28, ""Distance_mm"": 936, ""Interrupt_flag"": 0, ""Node_type"": ""DDS75-LB"", ""Sensor_flag"": 1, ""TempC_DS18B20"": 32.76}"
2025-10-04 18:24:55.137120289+00:00,dds75-lb-08,2,-56,7.5,"{""Bat"": 3.28, ""Distance_mm"": 936, ""Interrupt_flag"": 0, ""Node_type"": ""DDS75-LB"", ""Sensor_flag"": 1, ""TempC_DS18B20"": 32.76}"
2025-10-04 19:24:54.496016608+00:00,dds75-lb-08,2,-56,10.25,"{""Bat"": 3.28, ""Distance_mm"": 936, ""Interrupt_flag"": 0, ""Node_type"": ""DDS75-LB"", ""Sensor_flag"": 1, ""TempC_DS18B20"": 32.76}"
2025-10-04 20:24:53.843055219+00:00,dds75-lb-08,2,-53,7.25,"{""Bat"": 3.28, ""Distance_mm"": 936, ""Interrupt_flag"": 0, ""Node_type"": ""DDS75-LB"", ""Sensor_flag"": 1, ""TempC_DS18B20"": 32.76}"
2025-10-04 21:24:53.191467031+00:00,dds75-lb-08,2,-55,9.75,"{""Bat"": 3.28, ""Distance_mm"": 936, ""Interrupt_flag"": 0, ""Node_type"": ""DDS75-LB"", ""Sensor_flag"": 1, ""TempC_DS18B20"": 32.76}"
2025-10-06 03:24:33.670399240+00:00,dds75-lb-08,2,-125,-8.0,"{""Bat"": 3.28, ""Distance_mm"": 936, ""Interrupt_flag"": 0, ""Node_type"": ""DDS75-LB"", ""Sensor_flag"": 1, ""TempC_DS18B20"": 32.76}"
2025-10-06 20:24:59.091410767+00:00,dds75-lb-08,2,-125,-13.5,"{""Bat"": 3.28, ""Distance_mm"": 936, ""Interrupt_flag"": 0, ""Node_type"": ""DDS75-LB"", ""Sensor_flag"": 1, ""TempC_DS18B20"": 32.76}"
2025-10-06 21:24:58.430028345+00:00,dds75-lb-08,2,-122,-6.25,"{""Bat"": 3.28, ""Distance_mm"": 936, ""Interrupt_flag"": 0, ""Node_type"": ""DDS75-LB"", ""Sensor_flag"": 1, ""TempC_DS18B20"": 32.76}"
2025-10-06 22:24:57.805887859+00:00,dds75-lb-08,2,-112,0.25,"{""Bat"": 3.28, ""Distance_mm"": 937, ""Interrupt_flag"": 0, ""Node_type"": ""DDS75-LB"", ""Sensor_flag"": 1, ""TempC_DS18B20"": 32.76}"
2025-10-06 23:24:56.455333410+00:00,dds75-lb-08,2,-116,-2.0,"{""Bat"": 3.28, ""Distance_mm"": 937, ""Interrupt_flag"": 0, ""Node_type"": ""DDS75-LB"", ""Sensor_flag"": 1, ""TempC_DS18B20"": 32.76}"
2025-10-07 00:24:55.723840331+00:00,dds75-lb-08,2,-114,-6.25,"{""Bat"": 3.28, ""Distance_mm"": 936, ""Interrupt_flag"": 0, ""Node_type"": ""DDS75-LB"", ""Sensor_flag"": 1, ""TempC_DS18B20"": 32.76}"
2025-10-07 01:24:55.091209967+00:00,dds75-lb-08,2,-114,-2.5,"{""Bat"": 3.28, ""Distance_mm"": 936, ""Interrupt_flag"": 0, ""Node_type"": ""DDS75-LB"", ""Sensor_flag"": 1, ""TempC_DS18B20"": 32.76}"
2025-10-07 02:24:54.429064580+00:00,dds75-lb-08,2,-124,-8.0,"{""Bat"": 3.28, ""Distance_mm"": 936, ""Interrupt_flag"": 0, ""Node_type"": ""DDS75-LB"", ""Sensor_flag"": 1, ""TempC_DS18B20"": 32.76}"
2025-10-07 03:24:53.803513174+00:00,dds75-lb-08,2,-118,-4.5,"{""Bat"": 3.28, ""Distance_mm"": 936, ""Interrupt_flag"": 0, ""Node_type"": ""DDS75-LB"", ""Sensor_flag"": 1, ""TempC_DS18B20"": 32.76}"
2025-10-07 04:24:53.117223214+00:00,dds75-lb-08,2,-126,-13.25,"{""Bat"": 3.28, ""Distance_mm"": 936, ""Interrupt_flag"": 0, ""Node_type"": ""DDS75-LB"", ""Sensor_flag"": 1, ""TempC_DS18B20"": 32.76}"
2025-10-07 05:24:52.542488622+00:00,dds75-lb-08,2,-120,-7.75,"{""Bat"": 3.28, ""Distance_mm"": 936, ""Interrupt_flag"": 0, ""Node_type"": ""DDS75-LB"", ""Sensor_flag"": 1, ""TempC_DS18B20"": 32.76}"
2025-10-07 06:24:51.833399207+00:00,dds75-lb-08,2,-121,-5.75,"{""Bat"": 3.28, ""Distance_mm"": 937, ""Interrupt_flag"": 0, ""Node_type"": ""DDS75-LB"", ""Sensor_flag"": 1, ""TempC_DS18B20"": 32.76}"
2025-10-07 07:24:51.158887528+00:00,dds75-lb-08,2,-115,-7.5,"{""Bat"": 3.28, ""Distance_mm"": 936, ""Interrupt_flag"": 0, ""Node_type"": ""DDS75-LB"", ""Sensor_flag"": 1, ""TempC_DS18B20"": 32.76}"
2025-10-07 08:24:50.485104741+00:00,dds75-lb-08,2,-116,-8.0,"{""Bat"": 3.28, ""Distance_mm"": 937, ""Interrupt_flag"": 0, ""Node_type"": ""DDS75-LB"", ""Sensor_flag"": 1, ""TempC_DS18B20"": 32.76}"
2025-10-07 09:24:49.830215190+00:00,dds75-lb-08,2,-113,-3.0,"{""Bat"": 3.28, ""Distance_mm"": 936, ""Interrupt_flag"": 0, ""Node_type"": ""DDS75-LB"", ""Sensor_flag"": 1, ""TempC_DS18B20"": 32.76}"
2025-10-07 10:24:49.191213379+00:00,dds75-lb-08,2,-120,-7.0,"{""Bat"": 3.28, ""Distance_mm"": 936, ""Interrupt_flag"": 0, ""Node_type"": ""DDS75-LB"", ""Sensor_flag"": 1, ""TempC_DS18B20"": 32.76}"
2025-10-07 11:24:48.522542849+00:00,dds75-lb-08,2,-125,-9.25,"{""Bat"": 10.838, ""Distance_mm"": 937, ""Interrupt_flag"": 0, ""Node_type"": ""DDS75-LB"", ""Sensor_flag"": 1, ""TempC_DS18B20"": 32.76}"
2025-10-07 12:24:47.861026858+00:00,dds75-lb-08,2,-124,-14.5,"{""Bat"": 3.28, ""Distance_mm"": 937, ""Interrupt_flag"": 0, ""Node_type"": ""DDS75-LB"", ""Sensor_flag"": 1, ""TempC_DS18B20"": 32.76}"
2025-10-07 13:24:47.199019045+00:00,dds75-lb-08,2,-118,-3.5,"{""Bat"": 3.28, ""Distance_mm"": 937, ""Interrupt_flag"": 0, ""Node_type"": ""DDS75-LB"", ""Sensor_flag"": 1, ""TempC_DS18B20"": 32.76}"
2025-10-07 14:24:46.553599254+00:00,dds75-lb-08,2,-117,-2.0,"{""Bat"": 3.28, ""Distance_mm"": 937, ""Interrupt_flag"": 0, ""Node_type"": ""DDS75-LB"", ""Sensor_flag"": 1, ""TempC_DS18B20"": 32.76}"
2025-10-07 15:24:45.892262747+00:00,dds75-lb-08,2,-119,-6.0,"{""Bat"": 3.28, ""Distance_mm"": 937, ""Interrupt_flag"": 0, ""Node_type"": ""DDS75-LB"", ""Sensor_flag"": 1, ""TempC_DS18B20"": 32.76}"
2025-10-07 16:24:45.231340909+00:00,dds75-lb-08,2,-115,-3.5,"{""Bat"": 3.28, ""Distance_mm"": 937, ""Interrupt_flag"": 0, ""Node_type"": ""DDS75-LB"", ""Sensor_flag"": 1, ""TempC_DS18B20"": 32.76}"
2025-10-07 17:24:44.582155192+00:00,dds75-lb-08,2,-113,-0.75,"{""Bat"": 3.28, ""Distance_mm"": 937, ""Interrupt_flag"": 0, ""Node_type"": ""DDS75-LB"", ""Sensor_flag"": 1, ""TempC_DS18B20"": 32.76}"
2025-10-07 18:24:43.935212075+00:00,dds75-lb-08,2,-124,-8.5,"{""Bat"": 3.28, ""Distance_mm"": 936, ""Interrupt_flag"": 0, ""Node_type"": ""DDS75-LB"", ""Sensor_flag"": 1, ""TempC_DS18B20"": 32.76}"
2025-10-07 19:24:43.256441372+00:00,dds75-lb-08,2,-125,-9.25,"{""Bat"": 3.28, ""Distance_mm"": 936, ""Interrupt_flag"": 0, ""Node_type"": ""DDS75-LB"", ""Sensor_flag"": 1, ""TempC_DS18B20"": 32.76}"
2025-10-07 21:24:41.950356389+00:00,dds75-lb-08,2,-127,-14.75,"{""Bat"": 3.28, ""Distance_mm"": 936, ""Interrupt_flag"": 0, ""Node_type"": ""DDS75-LB"", ""Sensor_flag"": 1, ""TempC_DS18B20"": 32.76}"
2025-10-07 22:24:41.294388800+00:00,dds75-lb-08,2,-111,2.0,"{""Bat"": 3.28, ""Distance_mm"": 936, ""Interrupt_flag"": 0, ""Node_type"": ""DDS75-LB"", ""Sensor_flag"": 1, ""TempC_DS18B20"": 32.76}"
2025-10-07 23:24:40.286741787+00:00,dds75-lb-08,2,-120,-5.0,"{""Bat"": 3.28, ""Distance_mm"": 936, ""Interrupt_flag"": 0, ""Node_type"": ""DDS75-LB"", ""Sensor_flag"": 1, ""TempC_DS18B20"": 32.76}"
2025-10-08 01:24:38.924275158+00:00,dds75-lb-08,2,-118,-9.5,"{""Bat"": 3.28, ""Distance_mm"": 937, ""Interrupt_flag"": 0, ""Node_type"": ""DDS75-LB"", ""Sensor_flag"": 1, ""TempC_DS18B20"": 32.76}"
2025-10-08 04:24:36.956630788+00:00,dds75-lb-08,2,-121,-4.75,"{""Bat"": 3.28, ""Distance_mm"": 936, ""Interrupt_flag"": 0, ""Node_type"": ""DDS75-LB"", ""Sensor_flag"": 1, ""TempC_DS18B20"": 32.76}"
2025-10-08 06:24:35.676134856+00:00,dds75-lb-08,2,-121,-10.0,"{""Bat"": 3.28, ""Distance_mm"": 937, ""Interrupt_flag"": 0, ""Node_type"": ""DDS75-LB"", ""Sensor_flag"": 1, ""TempC_DS18B20"": 32.76}"
2025-10-08 07:24:34.990692683+00:00,dds75-lb-08,2,-120,-4.0,"{""Bat"": 3.28, ""Distance_mm"": 935, ""Interrupt_flag"": 0, ""Node_type"": ""DDS75-LB"", ""Sensor_flag"": 1, ""TempC_DS18B20"": 32.76}"
2025-10-08 08:24:34.388519399+00:00,dds75-lb-08,2,-120,-9.75,"{""Bat"": 3.28, ""Distance_mm"": 937, ""Interrupt_flag"": 0, ""Node_type"": ""DDS75-LB"", ""Sensor_flag"": 1, ""TempC_DS18B20"": 32.76}"
2025-10-08 09:24:33.689950701+00:00,dds75-lb-08,2,-37,8.0,"{""Bat"": 3.28, ""Distance_mm"": 937, ""Interrupt_flag"": 0, ""Node_type"": ""DDS75-LB"", ""Sensor_flag"": 1, ""TempC_DS18B20"": 32.76}"
2025-10-08 10:24:32.740696875+00:00,dds75-lb-08,2,-119,-2.5,"{""Bat"": 3.28, ""Distance_mm"": 936, ""Interrupt_flag"": 0, ""Node_type"": ""DDS75-LB"", ""Sensor_flag"": 1, ""TempC_DS18B20"": 32.76}"
2025-10-08 11:24:32.040979110+00:00,dds75-lb-08,2,-43,9.5,"{""Bat"": 3.28, ""Distance_mm"": 937, ""Interrupt_flag"": 0, ""Node_type"": ""DDS75-LB"", ""Sensor_flag"": 1, ""TempC_DS18B20"": 32.76}"
2025-10-08 12:24:31.384343385+00:00,dds75-lb-08,2,-43,9.0,"{""Bat"": 3.28, ""Distance_mm"": 937, ""Interrupt_flag"": 0, ""Node_type"": ""DDS75-LB"", ""Sensor_flag"": 1, ""TempC_DS18B20"": 32.76}"
2025-10-08 13:24:30.732462457+00:00,dds75-lb-08,2,-44,7.25,"{""Bat"": 3.28, ""Distance_mm"": 936, ""Interrupt_flag"": 0, ""Node_type"": ""DDS75-LB"", ""Sensor_flag"": 1, ""TempC_DS18B20"": 32.76}"
2025-10-08 14:24:30.068621028+00:00,dds75-lb-08,2,-42,9.0,"{""Bat"": 3.28, ""Distance_mm"": 936, ""Interrupt_flag"": 0, ""Node_type"": ""DDS75-LB"", ""Sensor_flag"": 1, ""TempC_DS18B20"": 32.76}"
2025-10-08 15:24:29.404586301+00:00,dds75-lb-08,2,-118,-1.75,"{""Bat"": 3.28, ""Distance_mm"": 936, ""Interrupt_flag"": 0, ""Node_type"": ""DDS75-LB"", ""Sensor_flag"": 1, ""TempC_DS18B20"": 32.76}"
2025-10-08 16:24:28.764734081+00:00,dds75-lb-08,2,-42,9.75,"{""Bat"": 3.28, ""Distance_mm"": 936, ""Interrupt_flag"": 0, ""Node_type"": ""DDS75-LB"", ""Sensor_flag"": 1, ""TempC_DS18B20"": 32.76}"
2025-10-08 17:24:28.090933519+00:00,dds75-lb-08,2,-112,3.5,"{""Bat"": 3.28, ""Distance_mm"": 936, ""Interrupt_flag"": 0, ""Node_type"": ""DDS75-LB"", ""Sensor_flag"": 1, ""TempC_DS18B20"": 32.76}"
2025-10-08 18:24:27.433177042+00:00,dds75-lb-08,2,-44,10.0,"{""Bat"": 3.28, ""Distance_mm"": 936, ""Interrupt_flag"": 0, ""Node_type"": ""DDS75-LB"", ""Sensor_flag"": 1, ""TempC_DS18B20"": 32.76}"
2025-10-08 19:24:26.770567929+00:00,dds75-lb-08,2,-43,9.75,"{""Bat"": 3.28, ""Distance_mm"": 936, ""Interrupt_flag"": 0, ""Node_type"": ""DDS75-LB"", ""Sensor_flag"": 1, ""TempC_DS18B20"": 32.76}"
2025-10-08 20:24:26.122111349+00:00,dds75-lb-08,2,-45,9.75,"{""Bat"": 3.28, ""Distance_mm"": 936, ""Interrupt_flag"": 0, ""Node_type"": ""DDS75-LB"", ""Sensor_flag"": 1, ""TempC_DS18B20"": 32.76}"
2025-10-08 21:24:25.461589913+00:00,dds75-lb-08,2,-119,-3.75,"{""Bat"": 3.28, ""Distance_mm"": 937, ""Interrupt_flag"": 0, ""Node_type"": ""DDS75-LB"", ""Sensor_flag"": 1, ""TempC_DS18B20"": 32.76}"
2025-10-08 22:24:24.799625376+00:00,dds75-lb-08,2,-42,9.5,"{""Bat"": 3.28, ""Distance_mm"": 937, ""Interrupt_flag"": 0, ""Node_type"": ""DDS75-LB"", ""Sensor_flag"": 1, ""TempC_DS18B20"": 32.76}"
2025-10-08 23:24:24.163067257+00:00,dds75-lb-08,2,-45,9.75,"{""Bat"": 3.28, ""Distance_mm"": 936, ""Interrupt_flag"": 0, ""Node_type"": ""DDS75-LB"", ""Sensor_flag"": 1, ""TempC_DS18B20"": 32.76}"
2025-10-09 00:24:23.502722420+00:00,dds75-lb-08,2,-114,1.75,"{""Bat"": 3.28, ""Distance_mm"": 936, ""Interrupt_flag"": 0, ""Node_type"": ""DDS75-LB"", ""Sensor_flag"": 1, ""TempC_DS18B20"": 32.76}"
2025-10-09 01:24:22.849684166+00:00,dds75-lb-08,2,-41,9.75,"{""Bat"": 3.28, ""Distance_mm"": 936, ""Interrupt_flag"": 0, ""Node_type"": ""DDS75-LB"", ""Sensor_flag"": 1, ""TempC_DS18B20"": 32.76}"
2025-10-09 02:24:22.172312954+00:00,dds75-lb-08,2,-43,9.25,"{""Bat"": 3.28, ""Distance_mm"": 936, ""Interrupt_flag"": 0, ""Node_type"": ""DDS75-LB"", ""Sensor_flag"": 1, ""TempC_DS18B20"": 32.76}"
2025-10-09 03:24:21.528556089+00:00,dds75-lb-08,2,-124,-7.0,"{""Bat"": 3.28, ""Distance_mm"": 936, ""Interrupt_flag"": 0, ""Node_type"": ""DDS75-LB"", ""Sensor_flag"": 1, ""TempC_DS18B20"": 32.76}"
2025-10-09 04:24:20.865363079+00:00,dds75-lb-08,2,-44,9.0,"{""Bat"": 3.28, ""Distance_mm"": 936, ""Interrupt_flag"": 0, ""Node_type"": ""DDS75-LB"", ""Sensor_flag"": 1, ""TempC_DS18B20"": 32.76}"
2025-10-09 05:24:20.213432035+00:00,dds75-lb-08,2,-41,8.0,"{""Bat"": 3.28, ""Distance_mm"": 897, ""Interrupt_flag"": 0, ""Node_type"": ""DDS75-LB"", ""Sensor_flag"": 1, ""TempC_DS18B20"": 32.76}"
2025-10-09 06:24:19.562254431+00:00,dds75-lb-08,2,-112,3.5,"{""Bat"": 3.28, ""Distance_mm"": 897, ""Interrupt_flag"": 0, ""Node_type"": ""DDS75-LB"", ""Sensor_flag"": 1, ""TempC_DS18B20"": 32.76}"
2025-10-09 07:24:18.908532115+00:00,dds75-lb-08,2,-47,10.0,"{""Bat"": 3.28, ""Distance_mm"": 898, ""Interrupt_flag"": 0, ""Node_type"": ""DDS75-LB"", ""Sensor_flag"": 1, ""TempC_DS18B20"": 32.76}"
2025-10-09 08:24:18.239708850+00:00,dds75-lb-08,2,-41,9.25,"{""Bat"": 3.28, ""Distance_mm"": 897, ""Interrupt_flag"": 0, ""Node_type"": ""DDS75-LB"", ""Sensor_flag"": 1, ""TempC_DS18B20"": 32.76}"
2025-10-09 09:24:17.568408898+00:00,dds75-lb-08,2,-43,9.5,"{""Bat"": 3.28, ""Distance_mm"": 897, ""Interrupt_flag"": 0, ""Node_type"": ""DDS75-LB"", ""Sensor_flag"": 1, ""TempC_DS18B20"": 32.76}"
2025-10-09 10:24:16.930681775+00:00,dds75-lb-08,2,-45,9.5,"{""Bat"": 3.28, ""Distance_mm"": 898, ""Interrupt_flag"": 0, ""Node_type"": ""DDS75-LB"", ""Sensor_flag"": 1, ""TempC_DS18B20"": 32.76}"
2025-10-09 11:24:16.269621864+00:00,dds75-lb-08,2,-43,11.25,"{""Bat"": 3.28, ""Distance_mm"": 898, ""Interrupt_flag"": 0, ""Node_type"": ""DDS75-LB"", ""Sensor_flag"": 1, ""TempC_DS18B20"": 32.76}"
2025-10-09 12:24:15.620142830+00:00,dds75-lb-08,2,-44,9.0,"{""Bat"": 3.28, ""Distance_mm"": 897, ""Interrupt_flag"": 0, ""Node_type"": ""DDS75-LB"", ""Sensor_flag"": 1, ""TempC_DS18B20"": 32.76}"
2025-10-09 13:24:14.954528275+00:00,dds75-lb-08,2,-43,9.25,"{""Bat"": 3.28, ""Distance_mm"": 897, ""Interrupt_flag"": 0, ""Node_type"": ""DDS75-LB"", ""Sensor_flag"": 1, ""TempC_DS18B20"": 32.76}"
2025-10-09 14:24:14.297288959+00:00,dds75-lb-08,2,-42,9.5,"{""Bat"": 3.28, ""Distance_mm"": 897, ""Interrupt_flag"": 0, ""Node_type"": ""DDS75-LB"", ""Sensor_flag"": 1, ""TempC_DS18B20"": 32.76}"
2025-10-09 15:24:13.647960117+00:00,dds75-lb-08,2,-44,10.5,"{""Bat"": 3.28, ""Distance_mm"": 897, ""Interrupt_flag"": 0, ""Node_type"": ""DDS75-LB"", ""Sensor_flag"": 1, ""TempC_DS18B20"": 32.76}"
2025-10-09 16:24:12.994925207+00:00,dds75-lb-08,2,-43,9.25,"{""Bat"": 3.28, ""Distance_mm"": 897, ""Interrupt_flag"": 0, ""Node_type"": ""DDS75-LB"", ""Sensor_flag"": 1, ""TempC_DS18B20"": 32.76}"
2025-10-09 17:24:12.320386459+00:00,dds75-lb-08,2,-42,9.0,"{""Bat"": 3.28, ""Distance_mm"": 897, ""Interrupt_flag"": 0, ""Node_type"": ""DDS75-LB"", ""Sensor_flag"": 1, ""TempC_DS18B20"": 32.76}"
2025-10-09 18:24:11.652577370+00:00,dds75-lb-08,2,-43,9.25,"{""Bat"": 3.28, ""Distance_mm"": 897, ""Interrupt_flag"": 0, ""Node_type"": ""DDS75-LB"", ""Sensor_flag"": 1, ""TempC_DS18B20"": 32.76}"
2025-10-09 19:24:11.009994766+00:00,dds75-lb-08,2,-42,10.5,"{""Bat"": 3.28, ""Distance_mm"": 897, ""Interrupt_flag"": 0, ""Node_type"": ""DDS75-LB"", ""Sensor_flag"": 1, ""TempC_DS18B20"": 32.76}"
2025-10-09 20:24:10.350421820+00:00,dds75-lb-08,2,-44,9.75,"{""Bat"": 3.28, ""Distance_mm"": 898, ""Interrupt_flag"": 0, ""Node_type"": ""DDS75-LB"", ""Sensor_flag"": 1, ""TempC_DS18B20"": 32.76}"
2025-10-09 21:24:09.689352686+00:00,dds75-lb-08,2,-44,6.75,"{""Bat"": 3.28, ""Distance_mm"": 898, ""Interrupt_flag"": 0, ""Node_type"": ""DDS75-LB"", ""Sensor_flag"": 1, ""TempC_DS18B20"": 32.76}"
2025-10-09 22:24:09.031667621+00:00,dds75-lb-08,2,-42,8.75,"{""Bat"": 3.28, ""Distance_mm"": 897, ""Interrupt_flag"": 0, ""Node_type"": ""DDS75-LB"", ""Sensor_flag"": 1, ""TempC_DS18B20"": 32.76}"
2025-10-09 23:24:08.377118191+00:00,dds75-lb-08,2,-44,8.75,"{""Bat"": 3.28, ""Distance_mm"": 897, ""Interrupt_flag"": 0, ""Node_type"": ""DDS75-LB"", ""Sensor_flag"": 1, ""TempC_DS18B20"": 32.76}"
2025-10-10 00:24:07.718115399+00:00,dds75-lb-08,2,-41,7.75,"{""Bat"": 3.28, ""Distance_mm"": 893, ""Interrupt_flag"": 0, ""Node_type"": ""DDS75-LB"", ""Sensor_flag"": 1, ""TempC_DS18B20"": 32.76}"
2025-10-10 01:24:07.048258824+00:00,dds75-lb-08,2,-43,6.75,"{""Bat"": 3.28, ""Distance_mm"": 893, ""Interrupt_flag"": 0, ""Node_type"": ""DDS75-LB"", ""Sensor_flag"": 1, ""TempC_DS18B20"": 32.76}"
2025-10-10 02:24:06.421329677+00:00,dds75-lb-08,2,-120,-7.25,"{""Bat"": 3.28, ""Distance_mm"": 893, ""Interrupt_flag"": 0, ""Node_type"": ""DDS75-LB"", ""Sensor_flag"": 1, ""TempC_DS18B20"": 32.76}"
2025-10-10 03:24:05.751628268+00:00,dds75-lb-08,2,-47,10.25,"{""Bat"": 3.28, ""Distance_mm"": 893, ""Interrupt_flag"": 0, ""Node_type"": ""DDS75-LB"", ""Sensor_flag"": 1, ""TempC_DS18B20"": 32.76}"
2025-10-10 04:24:05.087440941+00:00,dds75-lb-08,2,-44,10.25,"{""Bat"": 3.28, ""Distance_mm"": 893, ""Interrupt_flag"": 0, ""Node_type"": ""DDS75-LB"", ""Sensor_flag"": 1, ""TempC_DS18B20"": 32.76}"
2025-10-10 05:24:04.423929788+00:00,dds75-lb-08,2,-45,10.5,"{""Bat"": 3.28, ""Distance_mm"": 898, ""Interrupt_flag"": 0, ""Node_type"": ""DDS75-LB"", ""Sensor_flag"": 1, ""TempC_DS18B20"": 32.76}"
2025-10-10 06:24:03.779095288+00:00,dds75-lb-08,2,-118,-3.0,"{""Bat"": 3.28, ""Distance_mm"": 898, ""Interrupt_flag"": 0, ""Node_type"": ""DDS75-LB"", ""Sensor_flag"": 1, ""TempC_DS18B20"": 32.76}"
2025-10-10 07:24:03.106479110+00:00,dds75-lb-08,2,-47,9.5,"{""Bat"": 3.28, ""Distance_mm"": 900, ""Interrupt_flag"": 0, ""Node_type"": ""DDS75-LB"", ""Sensor_flag"": 1, ""TempC_DS18B20"": 32.76}"
2025-10-10 08:24:02.461928947+00:00,dds75-lb-08,2,-47,10.0,"{""Bat"": 3.28, ""Distance_mm"": 937, ""Interrupt_flag"": 0, ""Node_type"": ""DDS75-LB"", ""Sensor_flag"": 1, ""TempC_DS18B20"": 32.76}"
2025-10-10 09:24:01.807964185+00:00,dds75-lb-08,2,-44,9.25,"{""Bat"": 3.28, ""Distance_mm"": 937, ""Interrupt_flag"": 0, ""Node_type"": ""DDS75-LB"", ""Sensor_flag"": 1, ""TempC_DS18B20"": 32.76}"
2025-10-10 10:24:01.148188544+00:00,dds75-lb-08,2,-45,9.75,"{""Bat"": 3.28, ""Distance_mm"": 937, ""Interrupt_flag"": 0, ""Node_type"": ""DDS75-LB"", ""Sensor_flag"": 1, ""TempC_DS18B20"": 32.76}"
2025-10-10 11:24:00.484357908+00:00,dds75-lb-08,2,-49,10.0,"{""Bat"": 3.28, ""Distance_mm"": 936, ""Interrupt_flag"": 0, ""Node_type"": ""DDS75-LB"", ""Sensor_flag"": 1, ""TempC_DS18B20"": 32.76}"
2025-10-10 12:23:59.828741597+00:00,dds75-lb-08,2,-47,9.5,"{""Bat"": 3.28, ""Distance_mm"": 936, ""Interrupt_flag"": 0, ""Node_type"": ""DDS75-LB"", ""Sensor_flag"": 1, ""TempC_DS18B20"": 32.76}"
2025-10-10 13:23:59.181933144+00:00,dds75-lb-08,2,-47,10.0,"{""Bat"": 3.28, ""Distance_mm"": 936, ""Interrupt_flag"": 0, ""Node_type"": ""DDS75-LB"", ""Sensor_flag"": 1, ""TempC_DS18B20"": 32.76}"
2025-10-10 14:23:58.511226968+00:00,dds75-lb-08,2,-115,0.5,"{""Bat"": 3.28, ""Distance_mm"": 936, ""Interrupt_flag"": 0, ""Node_type"": ""DDS75-LB"", ""Sensor_flag"": 1, ""TempC_DS18B20"": 32.76}"
2025-10-10 15:23:57.868400717+00:00,dds75-lb-08,2,-123,-7.0,"{""Bat"": 3.28, ""Distance_mm"": 937, ""Interrupt_flag"": 0, ""Node_type"": ""DDS75-LB"", ""Sensor_flag"": 1, ""TempC_DS18B20"": 32.76}"
2025-10-10 16:23:57.196523577+00:00,dds75-lb-08,2,-44,8.25,"{""Bat"": 3.28, ""Distance_mm"": 937, ""Interrupt_flag"": 0, ""Node_type"": ""DDS75-LB"", ""Sensor_flag"": 1, ""TempC_DS18B20"": 32.76}"
2025-10-10 17:23:56.546487316+00:00,dds75-lb-08,2,-47,8.25,"{""Bat"": 3.28, ""Distance_mm"": 937, ""Interrupt_flag"": 0, ""Node_type"": ""DDS75-LB"", ""Sensor_flag"": 1, ""TempC_DS18B20"": 32.76}"
2025-10-10 18:23:55.896403524+00:00,dds75-lb-08,2,-45,9.25,"{""Bat"": 3.28, ""Distance_mm"": 937, ""Interrupt_flag"": 0, ""Node_type"": ""DDS75-LB"", ""Sensor_flag"": 1, ""TempC_DS18B20"": 32.76}"
2025-10-10 19:23:55.232855278+00:00,dds75-lb-08,2,-45,9.0,"{""Bat"": 3.28, ""Distance_mm"": 936, ""Interrupt_flag"": 0, ""Node_type"": ""DDS75-LB"", ""Sensor_flag"": 1, ""TempC_DS18B20"": 32.76}"
2025-10-10 20:23:54.571237869+00:00,dds75-lb-08,2,-47,9.5,"{""Bat"": 3.28, ""Distance_mm"": 936, ""Interrupt_flag"": 0, ""Node_type"": ""DDS75-LB"", ""Sensor_flag"": 1, ""TempC_DS18B20"": 32.76}"
2025-10-10 21:23:53.910156178+00:00,dds75-lb-08,2,-45,7.75,"{""Bat"": 3.28, ""Distance_mm"": 936, ""Interrupt_flag"": 0, ""Node_type"": ""DDS75-LB"", ""Sensor_flag"": 1, ""TempC_DS18B20"": 32.76}"
2025-10-10 22:23:53.262774992+00:00,dds75-lb-08,2,-118,-2.0,"{""Bat"": 3.28, ""Distance_mm"": 937, ""Interrupt_flag"": 0, ""Node_type"": ""DDS75-LB"", ""Sensor_flag"": 1, ""TempC_DS18B20"": 32.76}"
2025-10-10 23:23:52.602666523+00:00,dds75-lb-08,2,-120,-4.5,"{""Bat"": 3.28, ""Distance_mm"": 937, ""Interrupt_flag"": 0, ""Node_type"": ""DDS75-LB"", ""Sensor_flag"": 1, ""TempC_DS18B20"": 32.76}"
2025-10-11 00:23:51.939624228+00:00,dds75-lb-08,2,-49,10.75,"{""Bat"": 3.28, ""Distance_mm"": 936, ""Interrupt_flag"": 0, ""Node_type"": ""DDS75-LB"", ""Sensor_flag"": 1, ""TempC_DS18B20"": 32.76}"
2025-10-11 01:23:51.247199646+00:00,dds75-lb-08,2,-121,-8.2,"{""Bat"": 3.28, ""Distance_mm"": 936, ""Interrupt_flag"": 0, ""Node_type"": ""DDS75-LB"", ""Sensor_flag"": 1, ""TempC_DS18B20"": 32.76}"
2025-10-11 02:23:50.618489683+00:00,dds75-lb-08,2,-47,9.75,"{""Bat"": 3.28, ""Distance_mm"": 936, ""Interrupt_flag"": 0, ""Node_type"": ""DDS75-LB"", ""Sensor_flag"": 1, ""TempC_DS18B20"": 32.76}"
2025-10-11 03:23:49.962523539+00:00,dds75-lb-08,2,-49,9.5,"{""Bat"": 3.28, ""Distance_mm"": 937, ""Interrupt_flag"": 0, ""Node_type"": ""DDS75-LB"", ""Sensor_flag"": 1, ""TempC_DS18B20"": 32.76}"
2025-10-11 04:23:49.320875329+00:00,dds75-lb-08,2,-51,9.25,"{""Bat"": 3.28, ""Distance_mm"": 936, ""Interrupt_flag"": 0, ""Node_type"": ""DDS75-LB"", ""Sensor_flag"": 1, ""TempC_DS18B20"": 32.76}"
2025-10-11 05:23:48.661260125+00:00,dds75-lb-08,2,-49,10.0,"{""Bat"": 3.28, ""Distance_mm"": 936, ""Interrupt_flag"": 0, ""Node_type"": ""DDS75-LB"", ""Sensor_flag"": 1, ""TempC_DS18B20"": 32.76}"
2025-10-11 06:23:48.011093908+00:00,dds75-lb-08,2,-47,9.5,"{""Bat"": 3.28, ""Distance_mm"": 936, ""Interrupt_flag"": 0, ""Node_type"": ""DDS75-LB"", ""Sensor_flag"": 1, ""TempC_DS18B20"": 32.76}"
2025-10-11 07:23:47.342874725+00:00,dds75-lb-08,2,-47,10.0,"{""Bat"": 3.28, ""Distance_mm"": 936, ""Interrupt_flag"": 0, ""Node_type"": ""DDS75-LB"", ""Sensor_flag"": 1, ""TempC_DS18B20"": 32.76}"
2025-10-11 08:23:46.694606903+00:00,dds75-lb-08,2,-49,7.75,"{""Bat"": 3.28, ""Distance_mm"": 936, ""Interrupt_flag"": 0, ""Node_type"": ""DDS75-LB"", ""Sensor_flag"": 1, ""TempC_DS18B20"": 32.76}"
2025-10-11 09:23:46.031115976+00:00,dds75-lb-08,2,-116,-1.0,"{""Bat"": 3.28, ""Distance_mm"": 936, ""Interrupt_flag"": 0, ""Node_type"": ""DDS75-LB"", ""Sensor_flag"": 1, ""TempC_DS18B20"": 32.76}"
2025-10-11 10:23:45.396028705+00:00,dds75-lb-08,2,-49,10.25,"{""Bat"": 3.28, ""Distance_mm"": 936, ""Interrupt_flag"": 0, ""Node_type"": ""DDS75-LB"", ""Sensor_flag"": 1, ""TempC_DS18B20"": 32.76}"
2025-10-11 11:23:44.703574124+00:00,dds75-lb-08,2,-125,-9.0,"{""Bat"": 3.28, ""Distance_mm"": 936, ""Interrupt_flag"": 0, ""Node_type"": ""DDS75-LB"", ""Sensor_flag"": 1, ""TempC_DS18B20"": 32.76}"
2025-10-11 12:23:44.066317292+00:00,dds75-lb-08,2,-47,9.25,"{""Bat"": 3.28, ""Distance_mm"": 936, ""Interrupt_flag"": 0, ""Node_type"": ""DDS75-LB"", ""Sensor_flag"": 1, ""TempC_DS18B20"": 32.76}"
2025-10-11 13:23:43.423347919+00:00,dds75-lb-08,2,-49,9.75,"{""Bat"": 3.28, ""Distance_mm"": 936, ""Interrupt_flag"": 0, ""Node_type"": ""DDS75-LB"", ""Sensor_flag"": 1, ""TempC_DS18B20"": 32.76}"
2025-10-11 14:23:42.763174414+00:00,dds75-lb-08,2,-119,-3.25,"{""Bat"": 3.28, ""Distance_mm"": 936, ""Interrupt_flag"": 0, ""Node_type"": ""DDS75-LB"", ""Sensor_flag"": 1, ""TempC_DS18B20"": 32.76}"
2025-10-11 15:23:42.088824681+00:00,dds75-lb-08,2,-48,8.75,"{""Bat"": 3.28, ""Distance_mm"": 936, ""Interrupt_flag"": 0, ""Node_type"": ""DDS75-LB"", ""Sensor_flag"": 1, ""TempC_DS18B20"": 32.76}"
2025-10-11 16:23:41.447478710+00:00,dds75-lb-08,2,-47,8.5,"{""Bat"": 3.28, ""Distance_mm"": 936, ""Interrupt_flag"": 0, ""Node_type"": ""DDS75-LB"", ""Sensor_flag"": 1, ""TempC_DS18B20"": 32.76}"
2025-10-11 17:23:40.802630820+00:00,dds75-lb-08,2,-116,-0.75,"{""Bat"": 3.28, ""Distance_mm"": 936, ""Interrupt_flag"": 0, ""Node_type"": ""DDS75-LB"", ""Sensor_flag"": 1, ""TempC_DS18B20"": 32.76}"
2025-10-11 18:23:40.116241066+00:00,dds75-lb-08,2,-49,9.25,"{""Bat"": 3.28, ""Distance_mm"": 936, ""Interrupt_flag"": 0, ""Node_type"": ""DDS75-LB"", ""Sensor_flag"": 1, ""TempC_DS18B20"": 32.76}"
2025-10-11 19:23:39.484732701+00:00,dds75-lb-08,2,-51,10.0,"{""Bat"": 3.28, ""Distance_mm"": 936, ""Interrupt_flag"": 0, ""Node_type"": ""DDS75-LB"", ""Sensor_flag"": 1, ""TempC_DS18B20"": 32.76}"
2025-10-11 20:23:38.819866616+00:00,dds75-lb-08,2,-49,9.75,"{""Bat"": 3.28, ""Distance_mm"": 936, ""Interrupt_flag"": 0, ""Node_type"": ""DDS75-LB"", ""Sensor_flag"": 1, ""TempC_DS18B20"": 32.76}"
2025-10-11 21:23:38.155216462+00:00,dds75-lb-08,2,-51,11.75,"{""Bat"": 3.28, ""Distance_mm"": 936, ""Interrupt_flag"": 0, ""Node_type"": ""DDS75-LB"", ""Sensor_flag"": 1, ""TempC_DS18B20"": 32.76}"
2025-10-11 22:23:37.508949562+00:00,dds75-lb-08,2,-50,9.75,"{""Bat"": 3.28, ""Distance_mm"": 936, ""Interrupt_flag"": 0, ""Node_type"": ""DDS75-LB"", ""Sensor_flag"": 1, ""TempC_DS18B20"": 32.76}"
2025-10-11 23:23:36.845610643+00:00,dds75-lb-08,2,-50,9.5,"{""Bat"": 3.28, ""Distance_mm"": 936, ""Interrupt_flag"": 0, ""Node_type"": ""DDS75-LB"", ""Sensor_flag"": 1, ""TempC_DS18B20"": 32.76}"
2025-10-12 00:23:36.199164487+00:00,dds75-lb-08,2,-48,9.5,"{""Bat"": 3.28, ""Distance_mm"": 936, ""Interrupt_flag"": 0, ""Node_type"": ""DDS75-LB"", ""Sensor_flag"": 1, ""TempC_DS18B20"": 32.76}"
2025-10-12 01:23:35.534123868+00:00,dds75-lb-08,2,-47,7.5,"{""Bat"": 3.28, ""Distance_mm"": 936, ""Interrupt_flag"": 0, ""Node_type"": ""DDS75-LB"", ""Sensor_flag"": 1, ""TempC_DS18B20"": 32.76}"
2025-10-12 02:23:34.879476338+00:00,dds75-lb-08,2,-50,6.75,"{""Bat"": 3.28, ""Distance_mm"": 936, ""Interrupt_flag"": 0, ""Node_type"": ""DDS75-LB"", ""Sensor_flag"": 1, ""TempC_DS18B20"": 32.76}"
2025-10-12 03:23:34.246650362+00:00,dds75-lb-08,2,-51,9.75,"{""Bat"": 3.28, ""Distance_mm"": 936, ""Interrupt_flag"": 0, ""Node_type"": ""DDS75-LB"", ""Sensor_flag"": 1, ""TempC_DS18B20"": 32.76}"
2025-10-12 04:23:33.571630955+00:00,dds75-lb-08,2,-51,10.25,"{""Bat"": 3.28, ""Distance_mm"": 936, ""Interrupt_flag"": 0, ""Node_type"": ""DDS75-LB"", ""Sensor_flag"": 1, ""TempC_DS18B20"": 32.76}"
2025-10-12 05:23:32.929913705+00:00,dds75-lb-08,2,-51,9.5,"{""Bat"": 3.28, ""Distance_mm"": 936, ""Interrupt_flag"": 0, ""Node_type"": ""DDS75-LB"", ""Sensor_flag"": 1, ""TempC_DS18B20"": 32.76}"
2025-10-12 06:23:32.262563712+00:00,dds75-lb-08,2,-49,9.0,"{""Bat"": 3.28, ""Distance_mm"": 936, ""Interrupt_flag"": 0, ""Node_type"": ""DDS75-LB"", ""Sensor_flag"": 1, ""TempC_DS18B20"": 32.76}"
2025-10-12 07:23:31.611604712+00:00,dds75-lb-08,2,-50,9.25,"{""Bat"": 3.28, ""Distance_mm"": 936, ""Interrupt_flag"": 0, ""Node_type"": ""DDS75-LB"", ""Sensor_flag"": 1, ""TempC_DS18B20"": 32.76}"
2025-10-12 08:23:30.965786187+00:00,dds75-lb-08,2,-49,9.5,"{""Bat"": 3.28, ""Distance_mm"": 936, ""Interrupt_flag"": 0, ""Node_type"": ""DDS75-LB"", ""Sensor_flag"": 1, ""TempC_DS18B20"": 32.76}"
