received_at,device_id,f_port,rssi,snr,payload_json
2025-09-18 00:04:10.172151272+00:00,dds75-lb-20,2,-38,8.0,"{""Bat"": 3.268, ""Distance_mm"": 1719, ""Interrupt_flag"": 0, ""Node_type"": ""DDS75-LB"", ""Sensor_flag"": 1, ""TempC_DS18B20"": 32.76}"
2025-09-18 00:24:09.970184498+00:00,dds75-lb-20,2,-39,8.75,"{""Bat"": 3.268, ""Distance_mm"": 1719, ""Interrupt_flag"": 0, ""Node_type"": ""DDS75-LB"", ""Sensor_flag"": 1, ""TempC_DS18B20"": 32.76}"
2025-09-18 00:44:09.730807627+00:00,dds75-lb-20,2,-43,9.75,"{""Bat"": 3.268, ""Distance_mm"": 1719, ""Interrupt_flag"": 0, ""Node_type"": ""DDS75-LB"", ""Sensor_flag"": 1, ""TempC_DS18B20"": 32.76}"
2025-09-18 01:04:09.520837741+00:00,dds75-lb-20,2,-39,7.5,"{""Bat"": 3.268, ""Distance_mm"": 1719, ""Interrupt_flag"": 0, ""Node_type"": ""DDS75-LB"", ""Sensor_flag"": 1, ""TempC_DS18B20"": 32.76}"
2025-09-18 01:24:09.312114479+00:00,dds75-lb-20,2,-112,3.0,"{""Bat"": 3.268, ""Distance_mm"": 1719, ""Interrupt_flag"": 0, ""Node_type"": ""DDS75-LB"", ""Sensor_flag"": 1, ""TempC_DS18B20"": 32.76}"
2025-09-18 01:44:09.080178091+00:00,dds75-lb-20,2,-43,7.5,"{""Bat"": 3.268, ""Distance_mm"": 1720, ""Interrupt_flag"": 0, ""Node_type"": ""DDS75-LB"", ""Sensor_flag"": 1, ""TempC_DS18B20"": 32.76}"
2025-09-18 02:04:08.870376006+00:00,dds75-lb-20,2,-39,9.0,"{""Bat"": 3.268, ""Distance_mm"": 1719, ""Interrupt_flag"": 0, ""Node_type"": ""DDS75-LB"", ""Sensor_flag"": 1, ""TempC_DS18B20"": 32.76}"
2025-09-18 02:24:08.648669115+00:00,dds75-lb-20,2,-117,-1.0,"{""Bat"": 3.268, ""Distance_mm"": 1718, ""Interrupt_flag"": 0, ""Node_type"": ""DDS75-LB"", ""Sensor_flag"": 1, ""TempC_DS18B20"": 32.76}"
2025-09-18 02:44:08.429128774+00:00,dds75-lb-20,2,-40,7.5,"{""Bat"": 3.268, ""Distance_mm"": 1718, ""Interrupt_flag"": 0, ""Node_type"": ""DDS75-LB"", ""Sensor_flag"": 1, ""TempC_DS18B20"": 32.76}"
2025-09-18 03:04:08.196561657+00:00,dds75-lb-20,2,-39,9.5,"{""Bat"": 3.268, ""Distance_mm"": 1718, ""Interrupt_flag"": 0, ""Node_type"": ""DDS75-LB"", ""Sensor_flag"": 1, ""TempC_DS18B20"": 32.76}"
2025-09-18 03:24:07.967722201+00:00,dds75-lb-20,2,-43,9.5,"{""Bat"": 3.268, ""Distance_mm"": 1718, ""Interrupt_flag"": 0, ""Node_type"": ""DDS75-LB"", ""Sensor_flag"": 1, ""TempC_DS18B20"": 32.76}"
2025-09-18 03:44:07.757010418+00:00,dds75-lb-20,2,-41,10.0,"{""Bat"": 3.268, ""Distance_mm"": 1719, ""Interrupt_flag"": 0, ""Node_type"": ""DDS75-LB"", ""Sensor_flag"": 1, ""TempC_DS18B20"": 32.76}"
2025-09-18 04:04:07.539741988+00:00,dds75-lb-20,2,-111,3.0,"{""Bat"": 3.268, ""Distance_mm"": 1718, ""Interrupt_flag"": 0, ""Node_type"": ""DDS75-LB"", ""Sensor_flag"": 1, ""TempC_DS18B20"": 32.76}"
2025-09-18 04:24:07.308603598+00:00,dds75-lb-20,2,-41,10.0,"{""Bat"": 3.268, ""Distance_mm"": 1719, ""Interrupt_flag"": 0, ""Node_type"": ""DDS75-LB"", ""Sensor_flag"": 1, ""TempC_DS18B20"": 32.76}"
2025-09-18 04:44:07.110830341+00:00,dds75-lb-20,2,-41,10.75,"{""Bat"": 3.268, ""Distance_mm"": 1719, ""Interrupt_flag"": 0, ""Node_type"": ""DDS75-LB"", ""Sensor_flag"": 1, ""TempC_DS18B20"": 32.76}"
2025-09-18 05:04:06.895625397+00:00,dds75-lb-20,2,-39,9.0,"{""Bat"": 3.268, ""Distance_mm"": 1719, ""Interrupt_flag"": 0, ""Node_type"": ""DDS75-LB"", ""Sensor_flag"": 1, ""TempC_DS18B20"": 32.76}"
2025-09-18 05:24:06.660360244+00:00,dds75-lb-20,2,-119,-3.75,"{""Bat"": 3.268, ""Distance_mm"": 912, ""Interrupt_flag"": 0, ""Node_type"": ""DDS75-LB"", ""Sensor_flag"": 1, ""TempC_DS18B20"": 32.76}"
2025-09-18 05:44:06.427938676+00:00,dds75-lb-20,2,-35,10.5,"{""Bat"": 3.268, ""Distance_mm"": 912, ""Interrupt_flag"": 0, ""Node_type"": ""DDS75-LB"", ""Sensor_flag"": 1, ""TempC_DS18B20"": 32.76}"
2025-09-18 06:04:06.208354832+00:00,dds75-lb-20,2,-36,9.25,"{""Bat"": 3.268, ""Distance_mm"": 912, ""Interrupt_flag"": 0, ""Node_type"": ""DDS75-LB"", ""Sensor_flag"": 1, ""TempC_DS18B20"": 32.76}"
2025-09-18 06:24:06.005871092+00:00,dds75-lb-20,2,-35,8.0,"{""Bat"": 3.268, ""Distance_mm"": 912, ""Interrupt_flag"": 0, ""Node_type"": ""DDS75-LB"", ""Sensor_flag"": 1, ""TempC_DS18B20"": 32.76}"
2025-09-18 06:44:05.765620800+00:00,dds75-lb-20,2,-35,7.75,"{""Bat"": 3.268, ""Distance_mm"": 912, ""Interrupt_flag"": 0, ""Node_type"": ""DDS75-LB"", ""Sensor_flag"": 1, ""TempC_DS18B20"": 32.76}"
2025-09-18 07:04:05.549551411+00:00,dds75-lb-20,2,-38,7.5,"{""Bat"": 3.268, ""Distance_mm"": 912, ""Interrupt_flag"": 0, ""Node_type"": ""DDS75-LB"", ""Sensor_flag"": 1, ""TempC_DS18B20"": 32.76}"
2025-09-18 07:24:05.342648848+00:00,dds75-lb-20,2,-38,9.5,"{""Bat"": 3.268, ""Distance_mm"": 912, ""Interrupt_flag"": 0, ""Node_type"": ""DDS75-LB"", ""Sensor_flag"": 1, ""TempC_DS18B20"": 32.76}"
2025-09-18 07:44:05.110521680+00:00,dds75-lb-20,2,-119,-4.25,"{""Bat"": 3.268, ""Distance_mm"": 912, ""Interrupt_flag"": 0, ""Node_type"": ""DDS75-LB"", ""Sensor_flag"": 1, ""TempC_DS18B20"": 32.76}"
2025-09-18 08:04:04.903373552+00:00,dds75-lb-20,2,-37,9.0,"{""Bat"": 3.268, ""Distance_mm"": 912, ""Interrupt_flag"": 0, ""Node_type"": ""DDS75-LB"", ""Sensor_flag"": 1, ""TempC_DS18B20"": 32.76}"
2025-09-18 08:24:04.671070179+00:00,dds75-lb-20,2,-39,10.5,"{""Bat"": 3.268, ""Distance_mm"": 916, ""Interrupt_flag"": 0, ""Node_type"": ""DDS75-LB"", ""Sensor_flag"": 1, ""TempC_DS18B20"": 32.76}"
2025-09-18 08:44:04.461066862+00:00,dds75-lb-20,2,-39,8.75,"{""Bat"": 3.268, ""Distance_mm"": 917, ""Interrupt_flag"": 0, ""Node_type"": ""DDS75-LB"", ""Sensor_flag"": 1, ""TempC_DS18B20"": 32.76}"
2025-09-18 09:04:04.242858345+00:00,dds75-lb-20,2,-118,-2.25,"{""Bat"": 3.268, ""Distance_mm"": 917, ""Interrupt_flag"": 0, ""Node_type"": ""DDS75-LB"", ""Sensor_flag"": 1, ""TempC_DS18B20"": 32.76}"
2025-09-18 09:24:04.022416071+00:00,dds75-lb-20,2,-38,9.5,"{""Bat"": 3.268, ""Distance_mm"": 917, ""Interrupt_flag"": 0, ""Node_type"": ""DDS75-LB"", ""Sensor_flag"": 1, ""TempC_DS18B20"": 32.76}"
2025-09-18 09:44:03.807734932+00:00,dds75-lb-20,2,-122,-6.5,"{""Bat"": 3.268, ""Distance_mm"": 917, ""Interrupt_flag"": 0, ""Node_type"": ""DDS75-LB"", ""Sensor_flag"": 1, ""TempC_DS18B20"": 32.76}"
2025-09-18 10:04:03.572748811+00:00,dds75-lb-20,2,-36,9.5,"{""Bat"": 3.268, ""Distance_mm"": 917, ""Interrupt_flag"": 0, ""Node_type"": ""DDS75-LB"", ""Sensor_flag"": 1, ""TempC_DS18B20"": 32.76}"
2025-09-18 10:24:03.364587798+00:00,dds75-lb-20,2,-37,8.75,"{""Bat"": 3.268, ""Distance_mm"": 917, ""Interrupt_flag"": 0, ""Node_type"": ""DDS75-LB"", ""Sensor_flag"": 1, ""TempC_DS18B20"": 32.76}"
2025-09-18 10:44:03.154413911+00:00,dds75-lb-20,2,-39,9.75,"{""Bat"": 3.268, ""Distance_mm"": 916, ""Interrupt_flag"": 0, ""Node_type"": ""DDS75-LB"", ""Sensor_flag"": 1, ""TempC_DS18B20"": 32.76}"
2025-09-18 11:04:02.935129935+00:00,dds75-lb-20,2,-39,9.5,"{""Bat"": 3.268, ""Distance_mm"": 917, ""Interrupt_flag"": 0, ""Node_type"": ""DDS75-LB"", ""Sensor_flag"": 1, ""TempC_DS18B20"": 32.76}"
2025-09-18 11:24:02.692946625+00:00,dds75-lb-20,2,-41,10.5,"{""Bat"": 3.268, ""Distance_mm"": 921, ""Interrupt_flag"": 0, ""Node_type"": ""DDS75-LB"", ""Sensor_flag"": 1, ""TempC_DS18B20"": 32.76}"
2025-09-18 11:44:02.487138148+00:00,dds75-lb-20,2,-38,7.5,"{""Bat"": 3.268, ""Distance_mm"": 921, ""Interrupt_flag"": 0, ""Node_type"": ""DDS75-LB"", ""Sensor_flag"": 1, ""TempC_DS18B20"": 32.76}"
2025-09-18 12:04:02.247167971+00:00,dds75-lb-20,2,-113,2.75,"{""Bat"": 3.268, ""Distance_mm"": 922, ""Interrupt_flag"": 0, ""Node_type"": ""DDS75-LB"", ""Sensor_flag"": 1, ""TempC_DS18B20"": 32.76}"
2025-09-18 12:24:02.023269257+00:00,dds75-lb-20,2,-36,9.75,"{""Bat"": 3.268, ""Distance_mm"": 926, ""Interrupt_flag"": 0, ""Node_type"": ""DDS75-LB"", ""Sensor_flag"": 1, ""TempC_DS18B20"": 32.76}"
2025-09-18 12:44:01.812556611+00:00,dds75-lb-20,2,-120,-3.0,"{""Bat"": 3.268, ""Distance_mm"": 926, ""Interrupt_flag"": 0, ""Node_type"": ""DDS75-LB"", ""Sensor_flag"": 1, ""TempC_DS18B20"": 32.76}"
2025-09-18 13:04:01.578508195+00:00,dds75-lb-20,2,-121,-5.75,"{""Bat"": 3.268, ""Distance_mm"": 922, ""Interrupt_flag"": 0, ""Node_type"": ""DDS75-LB"", ""Sensor_flag"": 1, ""TempC_DS18B20"": 32.76}"
2025-09-18 13:24:01.372960973+00:00,dds75-lb-20,2,-39,9.5,"{""Bat"": 3.268, ""Distance_mm"": 921, ""Interrupt_flag"": 0, ""Node_type"": ""DDS75-LB"", ""Sensor_flag"": 1, ""TempC_DS18B20"": 32.76}"
2025-09-18 13:44:01.150840184+00:00,dds75-lb-20,2,-38,9.5,"{""Bat"": 3.268, ""Distance_mm"": 926, ""Interrupt_flag"": 0, ""Node_type"": ""DDS75-LB"", ""Sensor_flag"": 1, ""TempC_DS18B20"": 32.76}"
2025-09-18 14:04:00.920392937+00:00,dds75-lb-20,2,-41,9.5,"{""Bat"": 3.268, ""Distance_mm"": 926, ""Interrupt_flag"": 0, ""Node_type"": ""DDS75-LB"", ""Sensor_flag"": 1, ""TempC_DS18B20"": 32.76}"
2025-09-18 14:24:00.709849216+00:00,dds75-lb-20,2,-119,-6.0,"{""Bat"": 3.268, ""Distance_mm"": 925, ""Interrupt_flag"": 0, ""Node_type"": ""DDS75-LB"", ""Sensor_flag"": 1, ""TempC_DS18B20"": 32.76}"
2025-09-18 14:44:00.493419607+00:00,dds75-lb-20,2,-41,7.75,"{""Bat"": 3.268, ""Distance_mm"": 925, ""Interrupt_flag"": 0, ""Node_type"": ""DDS75-LB"", ""Sensor_flag"": 1, ""TempC_DS18B20"": 32.76}"
2025-09-18 15:04:00.267459947+00:00,dds75-lb-20,2,-119,-3.5,"{""Bat"": 3.268, ""Distance_mm"": 926, ""Interrupt_flag"": 0, ""Node_type"": ""DDS75-LB"", ""Sensor_flag"": 1, ""TempC_DS18B20"": 32.76}"
2025-09-18 15:24:00.044218460+00:00,dds75-lb-20,2,-38,9.25,"{""Bat"": 3.268, ""Distance_mm"": 926, ""Interrupt_flag"": 0, ""Node_type"": ""DDS75-LB"", ""Sensor_flag"": 1, ""TempC_DS18B20"": 32.76}"
2025-09-18 15:43:59.830279019+00:00,dds75-lb-20,2,-120,-4.75,"{""Bat"": 3.268, ""Distance_mm"": 926, ""Interrupt_flag"": 0, ""Node_type"": ""DDS75-LB"", ""Sensor_flag"": 1, ""TempC_DS18B20"": 32.76}"
2025-09-18 16:03:59.593393245+00:00,dds75-lb-20,2,-40,8.0,"{""Bat"": 3.268, ""Distance_mm"": 926, ""Interrupt_flag"": 0, ""Node_type"": ""DDS75-LB"", ""Sensor_flag"": 1, ""TempC_DS18B20"": 32.76}"
2025-09-18 16:23:59.381234722+00:00,dds75-lb-20,2,-39,9.5,"{""Bat"": 3.268, ""Distance_mm"": 930, ""Interrupt_flag"": 0, ""Node_type"": ""DDS75-LB"", ""Sensor_flag"": 1, ""TempC_DS18B20"": 32.76}"
2025-09-18 16:43:59.173827491+00:00,dds75-lb-20,2,-43,10.25,"{""Bat"": 3.268, ""Distance_mm"": 930, ""Interrupt_flag"": 0, ""Node_type"": ""DDS75-LB"", ""Sensor_flag"": 1, ""TempC_DS18B20"": 32.76}"
2025-09-18 17:03:58.933416398+00:00,dds75-lb-20,2,-37,8.0,"{""Bat"": 3.268, ""Distance_mm"": 930, ""Interrupt_flag"": 0, ""Node_type"": ""DDS75-LB"", ""Sensor_flag"": 1, ""TempC_DS18B20"": 32.76}"
2025-09-18 17:23:58.711896451+00:00,dds75-lb-20,2,-41,10.0,"{""Bat"": 3.268, ""Distance_mm"": 930, ""Interrupt_flag"": 0, ""Node_type"": ""DDS75-LB"", ""Sensor_flag"": 1, ""TempC_DS18B20"": 32.76}"
2025-09-18 17:43:58.503376992+00:00,dds75-lb-20,2,-41,7.5,"{""Bat"": 3.268, ""Distance_mm"": 930, ""Interrupt_flag"": 0, ""Node_type"": ""DDS75-LB"", ""Sensor_flag"": 1, ""TempC_DS18B20"": 32.76}"
2025-09-18 18:03:58.270062036+00:00,dds75-lb-20,2,-41,9.25,"{""Bat"": 3.268, ""Distance_mm"": 930, ""Interrupt_flag"": 0, ""Node_type"": ""DDS75-LB"", ""Sensor_flag"": 1, ""TempC_DS18B20"": 32.76}"
2025-09-18 18:23:58.073744591+00:00,dds75-lb-20,2,-43,10.75,"{""Bat"": 3.268, ""Distance_mm"": 930, ""Interrupt_flag"": 0, ""Node_type"": ""DDS75-LB"", ""Sensor_flag"": 1, ""TempC_DS18B20"": 32.76}"
2025-09-18 18:43:57.850129148+00:00,dds75-lb-20,2,-40,7.25,"{""Bat"": 3.268, ""Distance_mm"": 930, ""Interrupt_flag"": 0, ""Node_type"": ""DDS75-LB"", ""Sensor_flag"": 1, ""TempC_DS18B20"": 32.76}"
2025-09-18 19:03:57.629310178+00:00,dds75-lb-20,2,-43,10.0,"{""Bat"": 3.268, ""Distance_mm"": 930, ""Interrupt_flag"": 0, ""Node_type"": ""DDS75-LB"", ""Sensor_flag"": 1, ""TempC_DS18B20"": 32.76}"
2025-09-18 19:23:57.390586214+00:00,dds75-lb-20,2,-39,9.0,"{""Bat"": 3.268, ""Distance_mm"": 930, ""Interrupt_flag"": 0, ""Node_type"": ""DDS75-LB"", ""Sensor_flag"": 1, ""TempC_DS18B20"": 32.76}"
2025-09-18 19:43:57.177678997+00:00,dds75-lb-20,2,-39,7.25,"{""Bat"": 3.268, ""Distance_mm"": 930, ""Interrupt_flag"": 0, ""Node_type"": ""DDS75-LB"", ""Sensor_flag"": 1, ""TempC_DS18B20"": 32.76}"
2025-09-18 20:03:56.944007703+00:00,dds75-lb-20,2,-39,7.25,"{""Bat"": 3.268, ""Distance_mm"": 930, ""Interrupt_flag"": 0, ""Node_type"": ""DDS75-LB"", ""Sensor_flag"": 1, ""TempC_DS18B20"": 32.76}"
2025-09-18 20:23:56.723915383+00:00,dds75-lb-20,2,-120,-3.75,"{""Bat"": 3.268, ""Distance_mm"": 930, ""Interrupt_flag"": 0, ""Node_type"": ""DDS75-LB"", ""Sensor_flag"": 1, ""TempC_DS18B20"": 32.76}"
2025-09-18 20:43:56.530961250+00:00,dds75-lb-20,2,-43,9.25,"{""Bat"": 3.268, ""Distance_mm"": 930, ""Interrupt_flag"": 0, ""Node_type"": ""DDS75-LB"", ""Sensor_flag"": 1, ""TempC_DS18B20"": 32.76}"
2025-09-18 21:03:56.277380260+00:00,dds75-lb-20,2,-45,10.0,"{""Bat"": 3.268, ""Distance_mm"": 930, ""Interrupt_flag"": 0, ""Node_type"": ""DDS75-LB"", ""Sensor_flag"": 1, ""TempC_DS18B20"": 32.76}"
2025-09-18 21:23:56.058438117+00:00,dds75-lb-20,2,-44,9.5,"{""Bat"": 3.268, ""Distance_mm"": 930, ""Interrupt_flag"": 0, ""Node_type"": ""DDS75-LB"", ""Sensor_flag"": 1, ""TempC_DS18B20"": 32.76}"
2025-09-18 21:43:55.866980040+00:00,dds75-lb-20,2,-43,9.25,"{""Bat"": 3.268, ""Distance_mm"": 930, ""Interrupt_flag"": 0, ""Node_type"": ""DDS75-LB"", ""Sensor_flag"": 1, ""TempC_DS18B20"": 32.76}"
2025-09-18 22:03:55.636493387+00:00,dds75-lb-20,2,-41,9.5,"{""Bat"": 3.268, ""Distance_mm"": 930, ""Interrupt_flag"": 0, ""Node_type"": ""DDS75-LB"", ""Sensor_flag"": 1, ""TempC_DS18B20"": 32.76}"
2025-09-18 22:23:55.417145016+00:00,dds75-lb-20,2,-43,10.25,"{""Bat"": 3.268, ""Distance_mm"": 930, ""Interrupt_flag"": 0, ""Node_type"": ""DDS75-LB"", ""Sensor_flag"": 1, ""TempC_DS18B20"": 32.76}"
2025-09-18 22:43:55.193442664+00:00,dds75-lb-20,2,-39,7.25,"{""Bat"": 3.268, ""Distance_mm"": 930, ""Interrupt_flag"": 0, ""Node_type"": ""DDS75-LB"", ""Sensor_flag"": 1, ""TempC_DS18B20"": 32.76}"
2025-09-18 23:03:54.998857681+00:00,dds75-lb-20,2,-42,6.5,"{""Bat"": 3.268, ""Distance_mm"": 930, ""Interrupt_flag"": 0, ""Node_type"": ""DDS75-LB"", ""Sensor_flag"": 1, ""TempC_DS18B20"": 32.76}"
2025-09-18 23:23:54.745751039+00:00,dds75-lb-20,2,-43,9.25,"{""Bat"": 3.268, ""Distance_mm"": 929, ""Interrupt_flag"": 0, ""Node_type"": ""DDS75-LB"", ""Sensor_flag"": 1, ""TempC_DS18B20"": 32.76}"
2025-09-18 23:43:54.526610973+00:00,dds75-lb-20,2,-44,9.25,"{""Bat"": 3.268, ""Distance_mm"": 929, ""Interrupt_flag"": 0, ""Node_type"": ""DDS75-LB"", ""Sensor_flag"": 1, ""TempC_DS18B20"": 32.76}"
2025-09-19 00:03:54.306949425+00:00,dds75-lb-20,2,-44,9.5,"{""Bat"": 3.268, ""Distance_mm"": 929, ""Interrupt_flag"": 0, ""Node_type"": ""DDS75-LB"", ""Sensor_flag"": 1, ""TempC_DS18B20"": 32.76}"
2025-09-19 00:23:54.073796213+00:00,dds75-lb-20,2,-44,11.5,"{""Bat"": 3.268, ""Distance_mm"": 929, ""Interrupt_flag"": 0, ""Node_type"": ""DDS75-LB"", ""Sensor_flag"": 1, ""TempC_DS18B20"": 32.76}"
2025-09-19 01:23:53.449471006+00:00,dds75-lb-20,2,-121,-5.5,"{""Bat"": 3.268, ""Distance_mm"": 925, ""Interrupt_flag"": 0, ""Node_type"": ""DDS75-LB"", ""Sensor_flag"": 1, ""TempC_DS18B20"": 32.76}"
2025-09-19 01:43:53.202642272+00:00,dds75-lb-20,2,-41,7.5,"{""Bat"": 3.268, ""Distance_mm"": 925, ""Interrupt_flag"": 0, ""Node_type"": ""DDS75-LB"", ""Sensor_flag"": 1, ""TempC_DS18B20"": 32.76}"
2025-09-19 02:03:52.964905069+00:00,dds75-lb-20,2,-121,-5.25,"{""Bat"": 3.268, ""Distance_mm"": 925, ""Interrupt_flag"": 0, ""Node_type"": ""DDS75-LB"", ""Sensor_flag"": 1, ""TempC_DS18B20"": 32.76}"
2025-09-19 02:23:52.735595822+00:00,dds75-lb-20,2,-44,9.75,"{""Bat"": 3.268, ""Distance_mm"": 925, ""Interrupt_flag"": 0, ""Node_type"": ""DDS75-LB"", ""Sensor_flag"": 1, ""TempC_DS18B20"": 32.76}"
2025-09-19 02:43:52.534732615+00:00,dds75-lb-20,2,-44,5.75,"{""Bat"": 3.268, ""Distance_mm"": 925, ""Interrupt_flag"": 0, ""Node_type"": ""DDS75-LB"", ""Sensor_flag"": 1, ""TempC_DS18B20"": 32.76}"
2025-09-19 03:03:52.317304712+00:00,dds75-lb-20,2,-39,9.5,"{""Bat"": 3.268, ""Distance_mm"": 925, ""Interrupt_flag"": 0, ""Node_type"": ""DDS75-LB"", ""Sensor_flag"": 1, ""TempC_DS18B20"": 32.76}"
2025-09-19 03:23:52.076634360+00:00,dds75-lb-20,2,-42,10.25,"{""Bat"": 3.268, ""Distance_mm"": 925, ""Interrupt_flag"": 0, ""Node_type"": ""DDS75-LB"", ""Sensor_flag"": 1, ""TempC_DS18B20"": 32.76}"
2025-09-19 03:43:51.866915056+00:00,dds75-lb-20,2,-38,7.75,"{""Bat"": 3.268, ""Distance_mm"": 925, ""Interrupt_flag"": 0, ""Node_type"": ""DDS75-LB"", ""Sensor_flag"": 1, ""TempC_DS18B20"": 32.76}"
2025-09-19 04:03:51.642572246+00:00,dds75-lb-20,2,-41,7.75,"{""Bat"": 3.268, ""Distance_mm"": 925, ""Interrupt_flag"": 0, ""Node_type"": ""DDS75-LB"", ""Sensor_flag"": 1, ""TempC_DS18B20"": 32.76}"
2025-09-19 04:23:51.423998647+00:00,dds75-lb-20,2,-43,7.0,"{""Bat"": 3.268, ""Distance_mm"": 925, ""Interrupt_flag"": 0, ""Node_type"": ""DDS75-LB"", ""Sensor_flag"": 1, ""TempC_DS18B20"": 32.76}"
2025-09-19 04:43:51.199395555+00:00,dds75-lb-20,2,-41,9.25,"{""Bat"": 3.268, ""Distance_mm"": 925, ""Interrupt_flag"": 0, ""Node_type"": ""DDS75-LB"", ""Sensor_flag"": 1, ""TempC_DS18B20"": 32.76}"
2025-09-19 05:03:50.979228740+00:00,dds75-lb-20,2,-42,8.5,"{""Bat"": 3.268, ""Distance_mm"": 925, ""Interrupt_flag"": 0, ""Node_type"": ""DDS75-LB"", ""Sensor_flag"": 1, ""TempC_DS18B20"": 32.76}"
2025-09-19 05:23:50.764790678+00:00,dds75-lb-20,2,-44,10.25,"{""Bat"": 3.268, ""Distance_mm"": 925, ""Interrupt_flag"": 0, ""Node_type"": ""DDS75-LB"", ""Sensor_flag"": 1, ""TempC_DS18B20"": 32.76}"
2025-09-19 05:43:50.545067150+00:00,dds75-lb-20,2,-43,10.0,"{""Bat"": 3.268, ""Distance_mm"": 925, ""Interrupt_flag"": 0, ""Node_type"": ""DDS75-LB"", ""Sensor_flag"": 1, ""TempC_DS18B20"": 32.76}"
2025-09-19 06:03:50.306072550+00:00,dds75-lb-20,2,-44,9.25,"{""Bat"": 3.268, ""Distance_mm"": 925, ""Interrupt_flag"": 0, ""Node_type"": ""DDS75-LB"", ""Sensor_flag"": 1, ""TempC_DS18B20"": 32.76}"
2025-09-19 06:23:50.105564405+00:00,dds75-lb-20,2,-41,7.75,"{""Bat"": 3.268, ""Distance_mm"": 929, ""Interrupt_flag"": 0, ""Node_type"": ""DDS75-LB"", ""Sensor_flag"": 1, ""TempC_DS18B20"": 32.76}"
2025-09-19 06:43:49.873420846+00:00,dds75-lb-20,2,-39,7.25,"{""Bat"": 3.268, ""Distance_mm"": 930, ""Interrupt_flag"": 0, ""Node_type"": ""DDS75-LB"", ""Sensor_flag"": 1, ""TempC_DS18B20"": 32.76}"
2025-09-19 07:03:49.662216139+00:00,dds75-lb-20,2,-42,10.0,"{""Bat"": 3.268, ""Distance_mm"": 921, ""Interrupt_flag"": 0, ""Node_type"": ""DDS75-LB"", ""Sensor_flag"": 1, ""TempC_DS18B20"": 32.76}"
2025-09-19 07:23:49.440142712+00:00,dds75-lb-20,2,-42,9.5,"{""Bat"": 3.268, ""Distance_mm"": 921, ""Interrupt_flag"": 0, ""Node_type"": ""DDS75-LB"", ""Sensor_flag"": 1, ""TempC_DS18B20"": 32.76}"
2025-09-19 07:43:49.219361457+00:00,dds75-lb-20,2,-121,-5.5,"{""Bat"": 3.268, ""Distance_mm"": 925, ""Interrupt_flag"": 0, ""Node_type"": ""DDS75-LB"", ""Sensor_flag"": 1, ""TempC_DS18B20"": 32.76}"
2025-09-19 08:03:49.008110048+00:00,dds75-lb-20,2,-43,7.0,"{""Bat"": 3.268, ""Distance_mm"": 925, ""Interrupt_flag"": 0, ""Node_type"": ""DDS75-LB"", ""Sensor_flag"": 1, ""TempC_DS18B20"": 32.76}"
2025-09-19 08:23:48.784626093+00:00,dds75-lb-20,2,-121,-4.75,"{""Bat"": 3.268, ""Distance_mm"": 929, ""Interrupt_flag"": 0, ""Node_type"": ""DDS75-LB"", ""Sensor_flag"": 1, ""TempC_DS18B20"": 32.76}"
2025-09-19 08:43:48.558719567+00:00,dds75-lb-20,2,-42,10.0,"{""Bat"": 3.268, ""Distance_mm"": 929, ""Interrupt_flag"": 0, ""Node_type"": ""DDS75-LB"", ""Sensor_flag"": 1, ""TempC_DS18B20"": 32.76}"
2025-09-19 09:03:48.341307252+00:00,dds75-lb-20,2,-39,9.75,"{""Bat"": 3.268, ""Distance_mm"": 929, ""Interrupt_flag"": 0, ""Node_type"": ""DDS75-LB"", ""Sensor_flag"": 1, ""TempC_DS18B20"": 32.76}"
2025-09-19 09:23:48.119196313+00:00,dds75-lb-20,2,-41,8.0,"{""Bat"": 3.268, ""Distance_mm"": 929, ""Interrupt_flag"": 0, ""Node_type"": ""DDS75-LB"", ""Sensor_flag"": 1, ""TempC_DS18B20"": 32.76}"
2025-09-19 09:43:47.897967289+00:00,dds75-lb-20,2,-41,7.5,"{""Bat"": 3.268, ""Distance_mm"": 929, ""Interrupt_flag"": 0, ""Node_type"": ""DDS75-LB"", ""Sensor_flag"": 1, ""TempC_DS18B20"": 32.76}"
2025-09-19 10:03:47.674371142+00:00,dds75-lb-20,2,-121,-7.25,"{""Bat"": 3.268, ""Distance_mm"": 930, ""Interrupt_flag"": 0, ""Node_type"": ""DDS75-LB"", ""Sensor_flag"": 1, ""TempC_DS18B20"": 32.76}"
2025-09-19 10:23:47.447982847+00:00,dds75-lb-20,2,-42,9.5,"{""Bat"": 3.268, ""Distance_mm"": 930, ""Interrupt_flag"": 0, ""Node_type"": ""DDS75-LB"", ""Sensor_flag"": 1, ""TempC_DS18B20"": 32.76}"
2025-09-19 10:43:47.288828466+00:00,dds75-lb-20,2,-43,10.25,"{""Bat"": 3.268, ""Distance_mm"": 930, ""Interrupt_flag"": 0, ""Node_type"": ""DDS75-LB"", ""Sensor_flag"": 1, ""TempC_DS18B20"": 32.76}"
2025-09-19 11:03:47.021721838+00:00,dds75-lb-20,2,-119,-4.25,"{""Bat"": 3.268, ""Distance_mm"": 930, ""Interrupt_flag"": 0, ""Node_type"": ""DDS75-LB"", ""Sensor_flag"": 1, ""TempC_DS18B20"": 32.76}"
2025-09-19 11:23:46.800311026+00:00,dds75-lb-20,2,-42,9.0,"{""Bat"": 3.268, ""Distance_mm"": 934, ""Interrupt_flag"": 0, ""Node_type"": ""DDS75-LB"", ""Sensor_flag"": 1, ""TempC_DS18B20"": 32.76}"
2025-09-19 11:43:46.578921793+00:00,dds75-lb-20,2,-41,9.25,"{""Bat"": 3.268, ""Distance_mm"": 934, ""Interrupt_flag"": 0, ""Node_type"": ""DDS75-LB"", ""Sensor_flag"": 1, ""TempC_DS18B20"": 32.76}"
2025-09-19 12:03:46.350242256+00:00,dds75-lb-20,2,-43,7.5,"{""Bat"": 3.268, ""Distance_mm"": 934, ""Interrupt_flag"": 0, ""Node_type"": ""DDS75-LB"", ""Sensor_flag"": 1, ""TempC_DS18B20"": 32.76}"
2025-09-19 12:23:46.126750605+00:00,dds75-lb-20,2,-39,7.5,"{""Bat"": 3.268, ""Distance_mm"": 934, ""Interrupt_flag"": 0, ""Node_type"": ""DDS75-LB"", ""Sensor_flag"": 1, ""TempC_DS18B20"": 32.76}"
2025-09-19 12:43:45.919435049+00:00,dds75-lb-20,2,-35,10.0,"{""Bat"": 3.268, ""Distance_mm"": 934, ""Interrupt_flag"": 0, ""Node_type"": ""DDS75-LB"", ""Sensor_flag"": 1, ""TempC_DS18B20"": 32.76}"
2025-09-19 13:03:45.691848492+00:00,dds75-lb-20,2,-35,9.25,"{""Bat"": 3.268, ""Distance_mm"": 934, ""Interrupt_flag"": 0, ""Node_type"": ""DDS75-LB"", ""Sensor_flag"": 1, ""TempC_DS18B20"": 32.76}"
2025-09-19 13:23:45.491162808+00:00,dds75-lb-20,2,-36,7.0,"{""Bat"": 3.268, ""Distance_mm"": 935, ""Interrupt_flag"": 0, ""Node_type"": ""DDS75-LB"", ""Sensor_flag"": 1, ""TempC_DS18B20"": 32.76}"
2025-09-19 13:43:45.253909683+00:00,dds75-lb-20,2,-35,9.25,"{""Bat"": 3.268, ""Distance_mm"": 934, ""Interrupt_flag"": 0, ""Node_type"": ""DDS75-LB"", ""Sensor_flag"": 1, ""TempC_DS18B20"": 32.76}"
2025-09-19 14:03:45.032491347+00:00,dds75-lb-20,2,-37,9.5,"{""Bat"": 3.268, ""Distance_mm"": 934, ""Interrupt_flag"": 0, ""Node_type"": ""DDS75-LB"", ""Sensor_flag"": 1, ""TempC_DS18B20"": 32.76}"
2025-09-19 14:23:44.810546601+00:00,dds75-lb-20,2,-33,9.75,"{""Bat"": 3.268, ""Distance_mm"": 934, ""Interrupt_flag"": 0, ""Node_type"": ""DDS75-LB"", ""Sensor_flag"": 1, ""TempC_DS18B20"": 32.76}"
2025-09-19 14:43:44.596568395+00:00,dds75-lb-20,2,-114,0.5,"{""Bat"": 3.268, ""Distance_mm"": 933, ""Interrupt_flag"": 0, ""Node_type"": ""DDS75-LB"", ""Sensor_flag"": 1, ""TempC_DS18B20"": 32.76}"
2025-09-19 15:03:44.361033315+00:00,dds75-lb-20,2,-35,7.25,"{""Bat"": 3.268, ""Distance_mm"": 934, ""Interrupt_flag"": 0, ""Node_type"": ""DDS75-LB"", ""Sensor_flag"": 1, ""TempC_DS18B20"": 32.76}"
2025-09-19 15:23:44.141478005+00:00,dds75-lb-20,2,-35,10.5,"{""Bat"": 3.268, ""Distance_mm"": 934, ""Interrupt_flag"": 0, ""Node_type"": ""DDS75-LB"", ""Sensor_flag"": 1, ""TempC_DS18B20"": 32.76}"
2025-09-19 15:43:43.932371887+00:00,dds75-lb-20,2,-38,9.5,"{""Bat"": 3.268, ""Distance_mm"": 933, ""Interrupt_flag"": 0, ""Node_type"": ""DDS75-LB"", ""Sensor_flag"": 1, ""TempC_DS18B20"": 32.76}"
2025-09-19 16:03:43.707468206+00:00,dds75-lb-20,2,-37,7.25,"{""Bat"": 3.268, ""Distance_mm"": 933, ""Interrupt_flag"": 0, ""Node_type"": ""DDS75-LB"", ""Sensor_flag"": 1, ""TempC_DS18B20"": 32.76}"
2025-09-19 16:23:43.473064701+00:00,dds75-lb-20,2,-35,9.5,"{""Bat"": 3.268, ""Distance_mm"": 930, ""Interrupt_flag"": 0, ""Node_type"": ""DDS75-LB"", ""Sensor_flag"": 1, ""TempC_DS18B20"": 32.76}"
2025-09-19 16:43:43.238481015+00:00,dds75-lb-20,2,-36,10.25,"{""Bat"": 3.268, ""Distance_mm"": 930, ""Interrupt_flag"": 0, ""Node_type"": ""DDS75-LB"", ""Sensor_flag"": 1, ""TempC_DS18B20"": 32.76}"
2025-09-19 17:03:43.049922431+00:00,dds75-lb-20,2,-35,8.25,"{""Bat"": 3.268, ""Distance_mm"": 930, ""Interrupt_flag"": 0, ""Node_type"": ""DDS75-LB"", ""Sensor_flag"": 1, ""TempC_DS18B20"": 32.76}"
2025-09-19 17:23:42.813643272+00:00,dds75-lb-20,2,-35,11.25,"{""Bat"": 3.268, ""Distance_mm"": 929, ""Interrupt_flag"": 0, ""Node_type"": ""DDS75-LB"", ""Sensor_flag"": 1, ""TempC_DS18B20"": 32.76}"
2025-09-19 17:43:42.578256848+00:00,dds75-lb-20,2,-35,7.5,"{""Bat"": 3.268, ""Distance_mm"": 929, ""Interrupt_flag"": 0, ""Node_type"": ""DDS75-LB"", ""Sensor_flag"": 1, ""TempC_DS18B20"": 32.76}"
2025-09-19 18:03:42.361453529+00:00,dds75-lb-20,2,-36,10.5,"{""Bat"": 3.268, ""Distance_mm"": 929, ""Interrupt_flag"": 0, ""Node_type"": ""DDS75-LB"", ""Sensor_flag"": 1, ""TempC_DS18B20"": 32.76}"
2025-09-19 18:23:42.150009415+00:00,dds75-lb-20,2,-37,9.5,"{""Bat"": 3.268, ""Distance_mm"": 929, ""Interrupt_flag"": 0, ""Node_type"": ""DDS75-LB"", ""Sensor_flag"": 1, ""TempC_DS18B20"": 32.76}"
2025-09-19 18:43:41.915511822+00:00,dds75-lb-20,2,-37,6.75,"{""Bat"": 3.268, ""Distance_mm"": 929, ""Interrupt_flag"": 0, ""Node_type"": ""DDS75-LB"", ""Sensor_flag"": 1, ""TempC_DS18B20"": 32.76}"
2025-09-19 19:03:41.695830024+00:00,dds75-lb-20,2,-35,10.25,"{""Bat"": 3.268, ""Distance_mm"": 929, ""Interrupt_flag"": 0, ""Node_type"": ""DDS75-LB"", ""Sensor_flag"": 1, ""TempC_DS18B20"": 32.76}"
2025-09-19 19:23:41.508511462+00:00,dds75-lb-20,2,-41,10.25,"{""Bat"": 3.268, ""Distance_mm"": 929, ""Interrupt_flag"": 0, ""Node_type"": ""DDS75-LB"", ""Sensor_flag"": 1, ""TempC_DS18B20"": 32.76}"
2025-09-19 19:43:41.266925724+00:00,dds75-lb-20,2,-35,9.75,"{""Bat"": 3.268, ""Distance_mm"": 930, ""Interrupt_flag"": 0, ""Node_type"": ""DDS75-LB"", ""Sensor_flag"": 1, ""TempC_DS18B20"": 32.76}"
2025-09-19 20:03:41.038259841+00:00,dds75-lb-20,2,-38,10.5,"{""Bat"": 3.268, ""Distance_mm"": 930, ""Interrupt_flag"": 0, ""Node_type"": ""DDS75-LB"", ""Sensor_flag"": 1, ""TempC_DS18B20"": 32.76}"
2025-09-19 20:23:40.807146111+00:00,dds75-lb-20,2,-38,7.25,"{""Bat"": 3.268, ""Distance_mm"": 930, ""Interrupt_flag"": 0, ""Node_type"": ""DDS75-LB"", ""Sensor_flag"": 1, ""TempC_DS18B20"": 32.76}"
2025-09-19 20:43:40.605822853+00:00,dds75-lb-20,2,-35,8.75,"{""Bat"": 3.268, ""Distance_mm"": 930, ""Interrupt_flag"": 0, ""Node_type"": ""DDS75-LB"", ""Sensor_flag"": 1, ""TempC_DS18B20"": 32.76}"
2025-09-19 21:03:40.376965327+00:00,dds75-lb-20,2,-37,9.5,"{""Bat"": 3.268, ""Distance_mm"": 930, ""Interrupt_flag"": 0, ""Node_type"": ""DDS75-LB"", ""Sensor_flag"": 1, ""TempC_DS18B20"": 32.76}"
2025-09-19 21:23:40.171233889+00:00,dds75-lb-20,2,-39,7.25,"{""Bat"": 3.268, ""Distance_mm"": 930, ""Interrupt_flag"": 0, ""Node_type"": ""DDS75-LB"", ""Sensor_flag"": 1, ""TempC_DS18B20"": 32.76}"
2025-09-19 21:43:39.933171713+00:00,dds75-lb-20,2,-39,10.25,"{""Bat"": 3.268, ""Distance_mm"": 929, ""Interrupt_flag"": 0, ""Node_type"": ""DDS75-LB"", ""Sensor_flag"": 1, ""TempC_DS18B20"": 32.76}"
2025-09-19 22:03:39.722763987+00:00,dds75-lb-20,2,-118,-2.25,"{""Bat"": 3.268, ""Distance_mm"": 929, ""Interrupt_flag"": 0, ""Node_type"": ""DDS75-LB"", ""Sensor_flag"": 1, ""TempC_DS18B20"": 32.76}"
2025-09-19 22:23:39.502300031+00:00,dds75-lb-20,2,-35,9.75,"{""Bat"": 3.268, ""Distance_mm"": 929, ""Interrupt_flag"": 0, ""Node_type"": ""DDS75-LB"", ""Sensor_flag"": 1, ""TempC_DS18B20"": 32.76}"
2025-09-19 22:43:39.265725478+00:00,dds75-lb-20,2,-37,6.75,"{""Bat"": 3.268, ""Distance_mm"": 925, ""Interrupt_flag"": 0, ""Node_type"": ""DDS75-LB"", ""Sensor_flag"": 1, ""TempC_DS18B20"": 32.76}"
2025-09-19 23:03:39.056341641+00:00,dds75-lb-20,2,-119,-2.5,"{""Bat"": 3.268, ""Distance_mm"": 925, ""Interrupt_flag"": 0, ""Node_type"": ""DDS75-LB"", ""Sensor_flag"": 1, ""TempC_DS18B20"": 32.76}"
2025-09-19 23:23:38.839917418+00:00,dds75-lb-20,2,-37,9.0,"{""Bat"": 3.268, ""Distance_mm"": 925, ""Interrupt_flag"": 0, ""Node_type"": ""DDS75-LB"", ""Sensor_flag"": 1, ""TempC_DS18B20"": 32.76}"
2025-09-19 23:43:38.622770162+00:00,dds75-lb-20,2,-39,10.0,"{""Bat"": 3.268, ""Distance_mm"": 925, ""Interrupt_flag"": 0, ""Node_type"": ""DDS75-LB"", ""Sensor_flag"": 1, ""TempC_DS18B20"": 32.76}"
2025-09-20 00:03:38.394949935+00:00,dds75-lb-20,2,-39,11.5,"{""Bat"": 3.268, ""Distance_mm"": 925, ""Interrupt_flag"": 0, ""Node_type"": ""DDS75-LB"", ""Sensor_flag"": 1, ""TempC_DS18B20"": 32.76}"
2025-09-20 00:23:38.161214100+00:00,dds75-lb-20,2,-114,1.75,"{""Bat"": 3.268, ""Distance_mm"": 925, ""Interrupt_flag"": 0, ""Node_type"": ""DDS75-LB"", ""Sensor_flag"": 1, ""TempC_DS18B20"": 32.76}"
2025-09-20 00:43:37.951279897+00:00,dds75-lb-20,2,-41,10.25,"{""Bat"": 3.268, ""Distance_mm"": 925, ""Interrupt_flag"": 0, ""Node_type"": ""DDS75-LB"", ""Sensor_flag"": 1, ""TempC_DS18B20"": 32.76}"
2025-09-20 01:03:37.745678463+00:00,dds75-lb-20,2,-37,9.5,"{""Bat"": 3.268, ""Distance_mm"": 924, ""Interrupt_flag"": 0, ""Node_type"": ""DDS75-LB"", ""Sensor_flag"": 1, ""TempC_DS18B20"": 32.76}"
2025-09-20 01:23:37.508769661+00:00,dds75-lb-20,2,-37,7.75,"{""Bat"": 3.268, ""Distance_mm"": 924, ""Interrupt_flag"": 0, ""Node_type"": ""DDS75-LB"", ""Sensor_flag"": 1, ""TempC_DS18B20"": 32.76}"
2025-09-20 01:43:37.292409429+00:00,dds75-lb-20,2,-124,-9.0,"{""Bat"": 3.268, ""Distance_mm"": 925, ""Interrupt_flag"": 0, ""Node_type"": ""DDS75-LB"", ""Sensor_flag"": 1, ""TempC_DS18B20"": 32.76}"
2025-09-20 02:03:37.077095758+00:00,dds75-lb-20,2,-123,-6.5,"{""Bat"": 3.268, ""Distance_mm"": 925, ""Interrupt_flag"": 0, ""Node_type"": ""DDS75-LB"", ""Sensor_flag"": 1, ""TempC_DS18B20"": 32.76}"
2025-09-20 02:23:36.809102024+00:00,dds75-lb-20,2,-122,-3.5,"{""Bat"": 3.268, ""Distance_mm"": 925, ""Interrupt_flag"": 0, ""Node_type"": ""DDS75-LB"", ""Sensor_flag"": 1, ""TempC_DS18B20"": 32.76}"
2025-09-20 02:43:36.623315467+00:00,dds75-lb-20,2,-42,7.75,"{""Bat"": 3.268, ""Distance_mm"": 925, ""Interrupt_flag"": 0, ""Node_type"": ""DDS75-LB"", ""Sensor_flag"": 1, ""TempC_DS18B20"": 32.76}"
2025-09-20 03:03:36.392369341+00:00,dds75-lb-20,2,-41,9.5,"{""Bat"": 3.268, ""Distance_mm"": 925, ""Interrupt_flag"": 0, ""Node_type"": ""DDS75-LB"", ""Sensor_flag"": 1, ""TempC_DS18B20"": 32.76}"
2025-09-20 03:23:36.171750596+00:00,dds75-lb-20,2,-43,9.75,"{""Bat"": 3.268, ""Distance_mm"": 925, ""Interrupt_flag"": 0, ""Node_type"": ""DDS75-LB"", ""Sensor_flag"": 1, ""TempC_DS18B20"": 32.76}"
2025-09-20 03:43:35.960176996+00:00,dds75-lb-20,2,-41,10.25,"{""Bat"": 3.268, ""Distance_mm"": 925, ""Interrupt_flag"": 0, ""Node_type"": ""DDS75-LB"", ""Sensor_flag"": 1, ""TempC_DS18B20"": 32.76}"
2025-09-20 04:03:35.732726463+00:00,dds75-lb-20,2,-38,8.25,"{""Bat"": 3.268, ""Distance_mm"": 924, ""Interrupt_flag"": 0, ""Node_type"": ""DDS75-LB"", ""Sensor_flag"": 1, ""TempC_DS18B20"": 32.76}"
2025-09-20 04:23:35.527638089+00:00,dds75-lb-20,2,-43,7.5,"{""Bat"": 3.268, ""Distance_mm"": 925, ""Interrupt_flag"": 0, ""Node_type"": ""DDS75-LB"", ""Sensor_flag"": 1, ""TempC_DS18B20"": 32.76}"
2025-09-20 04:43:35.295029047+00:00,dds75-lb-20,2,-39,9.5,"{""Bat"": 3.268, ""Distance_mm"": 925, ""Interrupt_flag"": 0, ""Node_type"": ""DDS75-LB"", ""Sensor_flag"": 1, ""TempC_DS18B20"": 32.76}"
2025-09-20 05:03:35.076986514+00:00,dds75-lb-20,2,-43,9.25,"{""Bat"": 3.268, ""Distance_mm"": 925, ""Interrupt_flag"": 0, ""Node_type"": ""DDS75-LB"", ""Sensor_flag"": 1, ""TempC_DS18B20"": 32.76}"
2025-09-20 05:23:34.859999083+00:00,dds75-lb-20,2,-41,8.0,"{""Bat"": 3.268, ""Distance_mm"": 925, ""Interrupt_flag"": 0, ""Node_type"": ""DDS75-LB"", ""Sensor_flag"": 1, ""TempC_DS18B20"": 32.76}"
2025-09-20 05:43:34.626089009+00:00,dds75-lb-20,2,-43,10.5,"{""Bat"": 3.268, ""Distance_mm"": 925, ""Interrupt_flag"": 0, ""Node_type"": ""DDS75-LB"", ""Sensor_flag"": 1, ""TempC_DS18B20"": 32.76}"
2025-09-20 06:03:34.411108448+00:00,dds75-lb-20,2,-41,9.25,"{""Bat"": 3.268, ""Distance_mm"": 925, ""Interrupt_flag"": 0, ""Node_type"": ""DDS75-LB"", ""Sensor_flag"": 1, ""TempC_DS18B20"": 32.76}"
2025-09-20 06:23:34.201586633+00:00,dds75-lb-20,2,-41,9.75,"{""Bat"": 3.268, ""Distance_mm"": 925, ""Interrupt_flag"": 0, ""Node_type"": ""DDS75-LB"", ""Sensor_flag"": 1, ""TempC_DS18B20"": 32.76}"
2025-09-20 06:43:33.985088355+00:00,dds75-lb-20,2,-39,7.25,"{""Bat"": 3.268, ""Distance_mm"": 925, ""Interrupt_flag"": 0, ""Node_type"": ""DDS75-LB"", ""Sensor_flag"": 1, ""TempC_DS18B20"": 32.76}"
2025-09-20 07:03:33.742686785+00:00,dds75-lb-20,2,-39,9.75,"{""Bat"": 3.268, ""Distance_mm"": 920, ""Interrupt_flag"": 0, ""Node_type"": ""DDS75-LB"", ""Sensor_flag"": 1, ""TempC_DS18B20"": 32.76}"
2025-09-20 07:23:33.524891020+00:00,dds75-lb-20,2,-41,9.75,"{""Bat"": 3.268, ""Distance_mm"": 920, ""Interrupt_flag"": 0, ""Node_type"": ""DDS75-LB"", ""Sensor_flag"": 1, ""TempC_DS18B20"": 32.76}"
2025-09-20 07:43:33.315901553+00:00,dds75-lb-20,2,-41,8.75,"{""Bat"": 3.268, ""Distance_mm"": 777, ""Interrupt_flag"": 0, ""Node_type"": ""DDS75-LB"", ""Sensor_flag"": 1, ""TempC_DS18B20"": 32.76}"
2025-09-20 08:03:33.097091070+00:00,dds75-lb-20,2,-43,9.25,"{""Bat"": 3.268, ""Distance_mm"": 927, ""Interrupt_flag"": 0, ""Node_type"": ""DDS75-LB"", ""Sensor_flag"": 1, ""TempC_DS18B20"": 32.76}"
2025-09-20 08:23:32.890379339+00:00,dds75-lb-20,2,-39,9.25,"{""Bat"": 3.268, ""Distance_mm"": 929, ""Interrupt_flag"": 0, ""Node_type"": ""DDS75-LB"", ""Sensor_flag"": 1, ""TempC_DS18B20"": 32.76}"
2025-09-20 08:43:32.654129879+00:00,dds75-lb-20,2,-44,10.0,"{""Bat"": 3.268, ""Distance_mm"": 924, ""Interrupt_flag"": 0, ""Node_type"": ""DDS75-LB"", ""Sensor_flag"": 1, ""TempC_DS18B20"": 32.76}"
2025-09-20 09:03:32.416793279+00:00,dds75-lb-20,2,-43,7.25,"{""Bat"": 3.268, ""Distance_mm"": 929, ""Interrupt_flag"": 0, ""Node_type"": ""DDS75-LB"", ""Sensor_flag"": 1, ""TempC_DS18B20"": 32.76}"
2025-09-20 09:23:32.198440374+00:00,dds75-lb-20,2,-40,9.5,"{""Bat"": 3.268, ""Distance_mm"": 929, ""Interrupt_flag"": 0, ""Node_type"": ""DDS75-LB"", ""Sensor_flag"": 1, ""TempC_DS18B20"": 32.76}"
2025-09-20 09:43:31.977995820+00:00,dds75-lb-20,2,-43,8.25,"{""Bat"": 3.268, ""Distance_mm"": 929, ""Interrupt_flag"": 0, ""Node_type"": ""DDS75-LB"", ""Sensor_flag"": 1, ""TempC_DS18B20"": 32.76}"
2025-09-20 10:03:31.776517745+00:00,dds75-lb-20,2,-43,10.0,"{""Bat"": 3.268, ""Distance_mm"": 929, ""Interrupt_flag"": 0, ""Node_type"": ""DDS75-LB"", ""Sensor_flag"": 1, ""TempC_DS18B20"": 32.76}"
2025-09-20 10:23:31.556832390+00:00,dds75-lb-20,2,-44,9.0,"{""Bat"": 3.268, ""Distance_mm"": 929, ""Interrupt_flag"": 0, ""Node_type"": ""DDS75-LB"", ""Sensor_flag"": 1, ""TempC_DS18B20"": 32.76}"
2025-09-20 10:43:31.326262095+00:00,dds75-lb-20,2,-44,9.75,"{""Bat"": 3.268, ""Distance_mm"": 929, ""Interrupt_flag"": 0, ""Node_type"": ""DDS75-LB"", ""Sensor_flag"": 1, ""TempC_DS18B20"": 32.76}"
2025-09-20 11:03:31.104848763+00:00,dds75-lb-20,2,-43,9.25,"{""Bat"": 3.268, ""Distance_mm"": 929, ""Interrupt_flag"": 0, ""Node_type"": ""DDS75-LB"", ""Sensor_flag"": 1, ""TempC_DS18B20"": 32.76}"
2025-09-20 11:23:30.885424069+00:00,dds75-lb-20,2,-44,10.75,"{""Bat"": 3.268, ""Distance_mm"": 747, ""Interrupt_flag"": 0, ""Node_type"": ""DDS75-LB"", ""Sensor_flag"": 1, ""TempC_DS18B20"": 32.76}"
2025-09-20 11:43:30.642139198+00:00,dds75-lb-20,2,-42,9.5,"{""Bat"": 3.268, ""Distance_mm"": 930, ""Interrupt_flag"": 0, ""Node_type"": ""DDS75-LB"", ""Sensor_flag"": 1, ""TempC_DS18B20"": 32.76}"
2025-09-20 12:03:30.442057128+00:00,dds75-lb-20,2,-43,9.75,"{""Bat"": 3.268, ""Distance_mm"": 929, ""Interrupt_flag"": 0, ""Node_type"": ""DDS75-LB"", ""Sensor_flag"": 1, ""TempC_DS18B20"": 32.76}"
2025-09-20 12:23:30.205374015+00:00,dds75-lb-20,2,-126,-9.25,"{""Bat"": 3.268, ""Distance_mm"": 929, ""Interrupt_flag"": 0, ""Node_type"": ""DDS75-LB"", ""Sensor_flag"": 1, ""TempC_DS18B20"": 32.76}"
2025-09-20 12:43:29.995701280+00:00,dds75-lb-20,2,-44,10.5,"{""Bat"": 3.268, ""Distance_mm"": 929, ""Interrupt_flag"": 0, ""Node_type"": ""DDS75-LB"", ""Sensor_flag"": 1, ""TempC_DS18B20"": 32.76}"
2025-09-20 13:03:29.774252998+00:00,dds75-lb-20,2,-44,9.25,"{""Bat"": 3.268, ""Distance_mm"": 930, ""Interrupt_flag"": 0, ""Node_type"": ""DDS75-LB"", ""Sensor_flag"": 1, ""TempC_DS18B20"": 32.76}"
2025-09-20 13:23:29.546725024+00:00,dds75-lb-20,2,-45,8.75,"{""Bat"": 3.268, ""Distance_mm"": 930, ""Interrupt_flag"": 0, ""Node_type"": ""DDS75-LB"", ""Sensor_flag"": 1, ""TempC_DS18B20"": 32.76}"
2025-09-20 13:43:29.344881855+00:00,dds75-lb-20,2,-43,10.5,"{""Bat"": 3.268, ""Distance_mm"": 930, ""Interrupt_flag"": 0, ""Node_type"": ""DDS75-LB"", ""Sensor_flag"": 1, ""TempC_DS18B20"": 32.76}"
2025-09-20 14:03:29.110832270+00:00,dds75-lb-20,2,-41,9.5,"{""Bat"": 3.268, ""Distance_mm"": 930, ""Interrupt_flag"": 0, ""Node_type"": ""DDS75-LB"", ""Sensor_flag"": 1, ""TempC_DS18B20"": 32.76}"
2025-09-20 14:23:28.877674426+00:00,dds75-lb-20,2,-42,7.5,"{""Bat"": 3.268, ""Distance_mm"": 929, ""Interrupt_flag"": 0, ""Node_type"": ""DDS75-LB"", ""Sensor_flag"": 1, ""TempC_DS18B20"": 32.76}"
2025-09-20 14:43:28.683186670+00:00,dds75-lb-20,2,-42,7.75,"{""Bat"": 3.268, ""Distance_mm"": 929, ""Interrupt_flag"": 0, ""Node_type"": ""DDS75-LB"", ""Sensor_flag"": 1, ""TempC_DS18B20"": 32.76}"
2025-09-20 15:03:28.442848211+00:00,dds75-lb-20,2,-42,8.0,"{""Bat"": 3.268, ""Distance_mm"": 929, ""Interrupt_flag"": 0, ""Node_type"": ""DDS75-LB"", ""Sensor_flag"": 1, ""TempC_DS18B20"": 32.76}"
2025-09-20 15:23:28.224088721+00:00,dds75-lb-20,2,-43,9.0,"{""Bat"": 10.827, ""Distance_mm"": 930, ""Interrupt_flag"": 0, ""Node_type"": ""DDS75-LB"", ""Sensor_flag"": 1, ""TempC_DS18B20"": 32.76}"
2025-09-20 15:43:28.010662949+00:00,dds75-lb-20,2,-47,9.75,"{""Bat"": 3.268, ""Distance_mm"": 930, ""Interrupt_flag"": 0, ""Node_type"": ""DDS75-LB"", ""Sensor_flag"": 1, ""TempC_DS18B20"": 32.76}"
2025-09-20 16:03:27.780395421+00:00,dds75-lb-20,2,-47,7.25,"{""Bat"": 3.268, ""Distance_mm"": 930, ""Interrupt_flag"": 0, ""Node_type"": ""DDS75-LB"", ""Sensor_flag"": 1, ""TempC_DS18B20"": 32.76}"
2025-09-20 16:23:27.584119899+00:00,dds75-lb-20,2,-45,9.5,"{""Bat"": 3.268, ""Distance_mm"": 930, ""Interrupt_flag"": 0, ""Node_type"": ""DDS75-LB"", ""Sensor_flag"": 1, ""TempC_DS18B20"": 32.76}"
2025-09-20 16:43:27.342477577+00:00,dds75-lb-20,2,-47,9.0,"{""Bat"": 3.268, ""Distance_mm"": 930, ""Interrupt_flag"": 0, ""Node_type"": ""DDS75-LB"", ""Sensor_flag"": 1, ""TempC_DS18B20"": 32.76}"
2025-09-20 17:03:27.118812775+00:00,dds75-lb-20,2,-44,10.25,"{""Bat"": 3.268, ""Distance_mm"": 930, ""Interrupt_flag"": 0, ""Node_type"": ""DDS75-LB"", ""Sensor_flag"": 1, ""TempC_DS18B20"": 32.76}"
2025-09-20 17:23:26.909598270+00:00,dds75-lb-20,2,-45,11.0,"{""Bat"": 3.268, ""Distance_mm"": 930, ""Interrupt_flag"": 0, ""Node_type"": ""DDS75-LB"", ""Sensor_flag"": 1, ""TempC_DS18B20"": 32.76}"
2025-09-20 17:43:26.661860340+00:00,dds75-lb-20,2,-49,7.0,"{""Bat"": 3.268, ""Distance_mm"": 929, ""Interrupt_flag"": 0, ""Node_type"": ""DDS75-LB"", ""Sensor_flag"": 1, ""TempC_DS18B20"": 32.76}"
2025-09-20 18:03:26.443191054+00:00,dds75-lb-20,2,-45,10.0,"{""Bat"": 3.268, ""Distance_mm"": 929, ""Interrupt_flag"": 0, ""Node_type"": ""DDS75-LB"", ""Sensor_flag"": 1, ""TempC_DS18B20"": 32.76}"
2025-09-20 18:23:26.245278167+00:00,dds75-lb-20,2,-47,9.75,"{""Bat"": 3.268, ""Distance_mm"": 925, ""Interrupt_flag"": 0, ""Node_type"": ""DDS75-LB"", ""Sensor_flag"": 1, ""TempC_DS18B20"": 32.76}"
2025-09-20 18:43:25.998977055+00:00,dds75-lb-20,2,-47,9.5,"{""Bat"": 3.268, ""Distance_mm"": 929, ""Interrupt_flag"": 0, ""Node_type"": ""DDS75-LB"", ""Sensor_flag"": 1, ""TempC_DS18B20"": 32.76}"
2025-09-20 19:03:25.770354182+00:00,dds75-lb-20,2,-122,-7.5,"{""Bat"": 3.268, ""Distance_mm"": 927, ""Interrupt_flag"": 0, ""Node_type"": ""DDS75-LB"", ""Sensor_flag"": 1, ""TempC_DS18B20"": 32.76}"
2025-09-20 19:23:25.564797309+00:00,dds75-lb-20,2,-47,9.75,"{""Bat"": 3.268, ""Distance_mm"": 928, ""Interrupt_flag"": 0, ""Node_type"": ""DDS75-LB"", ""Sensor_flag"": 1, ""TempC_DS18B20"": 32.76}"
2025-09-20 19:43:25.330075521+00:00,dds75-lb-20,2,-122,-7.0,"{""Bat"": 3.268, ""Distance_mm"": 925, ""Interrupt_flag"": 0, ""Node_type"": ""DDS75-LB"", ""Sensor_flag"": 1, ""TempC_DS18B20"": 32.76}"
2025-09-20 20:03:25.108375308+00:00,dds75-lb-20,2,-44,8.0,"{""Bat"": 3.268, ""Distance_mm"": 925, ""Interrupt_flag"": 0, ""Node_type"": ""DDS75-LB"", ""Sensor_flag"": 1, ""TempC_DS18B20"": 32.76}"
2025-09-20 20:23:24.889456268+00:00,dds75-lb-20,2,-44,9.25,"{""Bat"": 3.268, ""Distance_mm"": 925, ""Interrupt_flag"": 0, ""Node_type"": ""DDS75-LB"", ""Sensor_flag"": 1, ""TempC_DS18B20"": 32.76}"
2025-09-20 20:43:24.664506799+00:00,dds75-lb-20,2,-47,10.0,"{""Bat"": 3.268, ""Distance_mm"": 925, ""Interrupt_flag"": 0, ""Node_type"": ""DDS75-LB"", ""Sensor_flag"": 1, ""TempC_DS18B20"": 32.76}"
2025-09-20 20:44:34.903684747+00:00,dds75-lb-20,2,-45,10.0,"{""Bat"": 3.268, ""Distance_mm"": 803, ""Interrupt_flag"": 0, ""Node_type"": ""DDS75-LB"", ""Sensor_flag"": 1, ""TempC_DS18B20"": 32.76}"
2025-09-20 20:45:34.887693664+00:00,dds75-lb-20,2,-45,7.0,"{""Bat"": 3.268, ""Distance_mm"": 925, ""Interrupt_flag"": 0, ""Node_type"": ""DDS75-LB"", ""Sensor_flag"": 1, ""TempC_DS18B20"": 32.76}"
2025-09-20 20:46:34.869039391+00:00,dds75-lb-20,2,-122,-7.75,"{""Bat"": 3.268, ""Distance_mm"": 925, ""Interrupt_flag"": 0, ""Node_type"": ""DDS75-LB"", ""Sensor_flag"": 1, ""TempC_DS18B20"": 32.76}"
2025-09-20 20:47:34.852886399+00:00,dds75-lb-20,2,-45,10.75,"{""Bat"": 3.268, ""Distance_mm"": 925, ""Interrupt_flag"": 0, ""Node_type"": ""DDS75-LB"", ""Sensor_flag"": 1, ""TempC_DS18B20"": 32.76}"
2025-09-20 20:48:34.836500509+00:00,dds75-lb-20,2,-45,7.5,"{""Bat"": 3.268, ""Distance_mm"": 926, ""Interrupt_flag"": 0, ""Node_type"": ""DDS75-LB"", ""Sensor_flag"": 1, ""TempC_DS18B20"": 32.76}"
2025-09-20 20:49:34.836453760+00:00,dds75-lb-20,2,-45,8.25,"{""Bat"": 3.268, ""Distance_mm"": 794, ""Interrupt_flag"": 0, ""Node_type"": ""DDS75-LB"", ""Sensor_flag"": 1, ""TempC_DS18B20"": 32.76}"
2025-09-20 20:50:34.813749588+00:00,dds75-lb-20,2,-45,7.75,"{""Bat"": 3.268, ""Distance_mm"": 649, ""Interrupt_flag"": 0, ""Node_type"": ""DDS75-LB"", ""Sensor_flag"": 1, ""TempC_DS18B20"": 32.76}"
2025-09-20 20:51:34.807696818+00:00,dds75-lb-20,2,-45,11.0,"{""Bat"": 3.268, ""Distance_mm"": 647, ""Interrupt_flag"": 0, ""Node_type"": ""DDS75-LB"", ""Sensor_flag"": 1, ""TempC_DS18B20"": 32.76}"
2025-09-20 20:52:34.791914653+00:00,dds75-lb-20,2,-124,-8.25,"{""Bat"": 3.268, ""Distance_mm"": 724, ""Interrupt_flag"": 0, ""Node_type"": ""DDS75-LB"", ""Sensor_flag"": 1, ""TempC_DS18B20"": 32.76}"
2025-09-20 20:53:34.817564479+00:00,dds75-lb-20,2,-47,9.25,"{""Bat"": 3.268, ""Distance_mm"": 751, ""Interrupt_flag"": 0, ""Node_type"": ""DDS75-LB"", ""Sensor_flag"": 1, ""TempC_DS18B20"": 32.76}"
2025-09-20 20:54:34.777071016+00:00,dds75-lb-20,2,-47,9.5,"{""Bat"": 3.268, ""Distance_mm"": 919, ""Interrupt_flag"": 0, ""Node_type"": ""DDS75-LB"", ""Sensor_flag"": 1, ""TempC_DS18B20"": 32.76}"
2025-09-20 20:55:34.774434607+00:00,dds75-lb-20,2,-45,10.0,"{""Bat"": 3.268, ""Distance_mm"": 925, ""Interrupt_flag"": 0, ""Node_type"": ""DDS75-LB"", ""Sensor_flag"": 1, ""TempC_DS18B20"": 32.76}"
2025-09-20 20:56:34.756750200+00:00,dds75-lb-20,2,-43,9.0,"{""Bat"": 3.268, ""Distance_mm"": 925, ""Interrupt_flag"": 0, ""Node_type"": ""DDS75-LB"", ""Sensor_flag"": 1, ""TempC_DS18B20"": 32.76}"
2025-09-20 20:57:34.763475700+00:00,dds75-lb-20,2,-43,8.5,"{""Bat"": 3.268, ""Distance_mm"": 925, ""Interrupt_flag"": 0, ""Node_type"": ""DDS75-LB"", ""Sensor_flag"": 1, ""TempC_DS18B20"": 32.76}"
2025-09-20 20:58:34.747912231+00:00,dds75-lb-20,2,-45,7.5,"{""Bat"": 3.268, ""Distance_mm"": 925, ""Interrupt_flag"": 0, ""Node_type"": ""DDS75-LB"", ""Sensor_flag"": 1, ""TempC_DS18B20"": 32.76}"
2025-09-20 20:59:34.743890868+00:00,dds75-lb-20,2,-47,10.0,"{""Bat"": 3.268, ""Distance_mm"": 925, ""Interrupt_flag"": 0, ""Node_type"": ""DDS75-LB"", ""Sensor_flag"": 1, ""TempC_DS18B20"": 32.76}"
2025-09-20 21:00:34.724172857+00:00,dds75-lb-20,2,-47,10.25,"{""Bat"": 3.268, ""Distance_mm"": 925, ""Interrupt_flag"": 0, ""Node_type"": ""DDS75-LB"", ""Sensor_flag"": 1, ""TempC_DS18B20"": 32.76}"
2025-09-20 21:01:34.713958582+00:00,dds75-lb-20,2,-47,7.5,"{""Bat"": 3.268, ""Distance_mm"": 925, ""Interrupt_flag"": 0, ""Node_type"": ""DDS75-LB"", ""Sensor_flag"": 1, ""TempC_DS18B20"": 32.76}"
2025-09-20 21:02:34.694170708+00:00,dds75-lb-20,2,-45,9.25,"{""Bat"": 3.268, ""Distance_mm"": 925, ""Interrupt_flag"": 0, ""Node_type"": ""DDS75-LB"", ""Sensor_flag"": 1, ""TempC_DS18B20"": 32.76}"
2025-09-20 21:03:34.687585572+00:00,dds75-lb-20,2,-44,9.25,"{""Bat"": 3.268, ""Distance_mm"": 925, ""Interrupt_flag"": 0, ""Node_type"": ""DDS75-LB"", ""Sensor_flag"": 1, ""TempC_DS18B20"": 32.76}"
2025-09-20 21:04:34.687892683+00:00,dds75-lb-20,2,-45,9.75,"{""Bat"": 3.268, ""Distance_mm"": 925, ""Interrupt_flag"": 0, ""Node_type"": ""DDS75-LB"", ""Sensor_flag"": 1, ""TempC_DS18B20"": 32.76}"
2025-09-20 21:05:34.667880279+00:00,dds75-lb-20,2,-45,10.0,"{""Bat"": 3.268, ""Distance_mm"": 925, ""Interrupt_flag"": 0, ""Node_type"": ""DDS75-LB"", ""Sensor_flag"": 1, ""TempC_DS18B20"": 32.76}"
2025-09-20 21:06:34.668001303+00:00,dds75-lb-20,2,-45,9.75,"{""Bat"": 3.268, ""Distance_mm"": 925, ""Interrupt_flag"": 0, ""Node_type"": ""DDS75-LB"", ""Sensor_flag"": 1, ""TempC_DS18B20"": 32.76}"
2025-09-20 21:07:34.656472911+00:00,dds75-lb-20,2,-44,9.5,"{""Bat"": 3.268, ""Distance_mm"": 925, ""Interrupt_flag"": 0, ""Node_type"": ""DDS75-LB"", ""Sensor_flag"": 1, ""TempC_DS18B20"": 32.76}"
2025-09-20 21:08:34.645563947+00:00,dds75-lb-20,2,-45,9.25,"{""Bat"": 3.268, ""Distance_mm"": 925, ""Interrupt_flag"": 0, ""Node_type"": ""DDS75-LB"", ""Sensor_flag"": 1, ""TempC_DS18B20"": 32.76}"
2025-09-20 21:09:34.640554282+00:00,dds75-lb-20,2,-45,7.75,"{""Bat"": 3.268, ""Distance_mm"": 925, ""Interrupt_flag"": 0, ""Node_type"": ""DDS75-LB"", ""Sensor_flag"": 1, ""TempC_DS18B20"": 32.76}"
2025-09-20 21:10:34.618175867+00:00,dds75-lb-20,2,-44,9.0,"{""Bat"": 3.268, ""Distance_mm"": 925, ""Interrupt_flag"": 0, ""Node_type"": ""DDS75-LB"", ""Sensor_flag"": 1, ""TempC_DS18B20"": 32.76}"
2025-09-20 21:11:34.599779580+00:00,dds75-lb-20,2,-125,-8.75,"{""Bat"": 3.268, ""Distance_mm"": 925, ""Interrupt_flag"": 0, ""Node_type"": ""DDS75-LB"", ""Sensor_flag"": 1, ""TempC_DS18B20"": 32.76}"
2025-09-20 21:12:34.589794802+00:00,dds75-lb-20,2,-44,7.5,"{""Bat"": 3.268, ""Distance_mm"": 925, ""Interrupt_flag"": 0, ""Node_type"": ""DDS75-LB"", ""Sensor_flag"": 1, ""TempC_DS18B20"": 32.76}"
2025-09-20 21:13:34.587749483+00:00,dds75-lb-20,2,-45,7.75,"{""Bat"": 3.268, ""Distance_mm"": 925, ""Interrupt_flag"": 0, ""Node_type"": ""DDS75-LB"", ""Sensor_flag"": 1, ""TempC_DS18B20"": 32.76}"
2025-09-20 21:14:34.585773932+00:00,dds75-lb-20,2,-47,10.5,"{""Bat"": 3.268, ""Distance_mm"": 925, ""Interrupt_flag"": 0, ""Node_type"": ""DDS75-LB"", ""Sensor_flag"": 1, ""TempC_DS18B20"": 32.76}"
2025-09-20 21:15:34.578588227+00:00,dds75-lb-20,2,-45,8.75,"{""Bat"": 3.268, ""Distance_mm"": 925, ""Interrupt_flag"": 0, ""Node_type"": ""DDS75-LB"", ""Sensor_flag"": 1, ""TempC_DS18B20"": 32.76}"
2025-09-20 21:16:34.562406907+00:00,dds75-lb-20,2,-123,-8.0,"{""Bat"": 3.268, ""Distance_mm"": 925, ""Interrupt_flag"": 0, ""Node_type"": ""DDS75-LB"", ""Sensor_flag"": 1, ""TempC_DS18B20"": 32.76}"
2025-09-20 21:17:34.541217713+00:00,dds75-lb-20,2,-47,7.25,"{""Bat"": 3.268, ""Distance_mm"": 925, ""Interrupt_flag"": 0, ""Node_type"": ""DDS75-LB"", ""Sensor_flag"": 1, ""TempC_DS18B20"": 32.76}"
2025-09-20 21:18:34.530823647+00:00,dds75-lb-20,2,-45,11.0,"{""Bat"": 3.268, ""Distance_mm"": 925, ""Interrupt_flag"": 0, ""Node_type"": ""DDS75-LB"", ""Sensor_flag"": 1, ""TempC_DS18B20"": 32.76}"
2025-09-20 21:19:34.507548887+00:00,dds75-lb-20,2,-46,9.5,"{""Bat"": 3.268, ""Distance_mm"": 925, ""Interrupt_flag"": 0, ""Node_type"": ""DDS75-LB"", ""Sensor_flag"": 1, ""TempC_DS18B20"": 32.76}"
2025-09-20 21:20:34.507913504+00:00,dds75-lb-20,2,-45,7.5,"{""Bat"": 3.268, ""Distance_mm"": 925, ""Interrupt_flag"": 0, ""Node_type"": ""DDS75-LB"", ""Sensor_flag"": 1, ""TempC_DS18B20"": 32.76}"
2025-09-20 21:21:34.498221557+00:00,dds75-lb-20,2,-45,9.25,"{""Bat"": 3.268, ""Distance_mm"": 925, ""Interrupt_flag"": 0, ""Node_type"": ""DDS75-LB"", ""Sensor_flag"": 1, ""TempC_DS18B20"": 32.76}"
2025-09-20 21:22:34.490004376+00:00,dds75-lb-20,2,-47,8.0,"{""Bat"": 3.268, ""Distance_mm"": 925, ""Interrupt_flag"": 0, ""Node_type"": ""DDS75-LB"", ""Sensor_flag"": 1, ""TempC_DS18B20"": 32.76}"
2025-09-20 21:23:34.489517689+00:00,dds75-lb-20,2,-45,9.75,"{""Bat"": 3.268, ""Distance_mm"": 925, ""Interrupt_flag"": 0, ""Node_type"": ""DDS75-LB"", ""Sensor_flag"": 1, ""TempC_DS18B20"": 32.76}"
2025-09-20 21:24:34.475690041+00:00,dds75-lb-20,2,-48,9.75,"{""Bat"": 3.268, ""Distance_mm"": 925, ""Interrupt_flag"": 0, ""Node_type"": ""DDS75-LB"", ""Sensor_flag"": 1, ""TempC_DS18B20"": 32.76}"
2025-09-20 21:25:34.466084672+00:00,dds75-lb-20,2,-47,7.75,"{""Bat"": 3.268, ""Distance_mm"": 925, ""Interrupt_flag"": 0, ""Node_type"": ""DDS75-LB"", ""Sensor_flag"": 1, ""TempC_DS18B20"": 32.76}"
2025-09-20 21:26:34.446079408+00:00,dds75-lb-20,2,-47,6.75,"{""Bat"": 3.268, ""Distance_mm"": 925, ""Interrupt_flag"": 0, ""Node_type"": ""DDS75-LB"", ""Sensor_flag"": 1, ""TempC_DS18B20"": 32.76}"
2025-09-20 21:27:34.446121787+00:00,dds75-lb-20,2,-47,9.75,"{""Bat"": 3.268, ""Distance_mm"": 925, ""Interrupt_flag"": 0, ""Node_type"": ""DDS75-LB"", ""Sensor_flag"": 1, ""TempC_DS18B20"": 32.76}"
2025-09-20 21:28:34.444453271+00:00,dds75-lb-20,2,-44,7.75,"{""Bat"": 3.268, ""Distance_mm"": 925, ""Interrupt_flag"": 0, ""Node_type"": ""DDS75-LB"", ""Sensor_flag"": 1, ""TempC_DS18B20"": 32.76}"
2025-09-20 21:29:34.407846726+00:00,dds75-lb-20,2,-44,7.75,"{""Bat"": 3.268, ""Distance_mm"": 925, ""Interrupt_flag"": 0, ""Node_type"": ""DDS75-LB"", ""Sensor_flag"": 1, ""TempC_DS18B20"": 32.76}"
2025-09-20 21:30:34.404734822+00:00,dds75-lb-20,2,-45,10.0,"{""Bat"": 3.268, ""Distance_mm"": 925, ""Interrupt_flag"": 0, ""Node_type"": ""DDS75-LB"", ""Sensor_flag"": 1, ""TempC_DS18B20"": 32.76}"
2025-09-20 21:31:34.396900447+00:00,dds75-lb-20,2,-43,10.0,"{""Bat"": 3.268, ""Distance_mm"": 925, ""Interrupt_flag"": 0, ""Node_type"": ""DDS75-LB"", ""Sensor_flag"": 1, ""TempC_DS18B20"": 32.76}"
2025-09-20 21:32:34.384586399+00:00,dds75-lb-20,2,-47,10.25,"{""Bat"": 3.268, ""Distance_mm"": 925, ""Interrupt_flag"": 0, ""Node_type"": ""DDS75-LB"", ""Sensor_flag"": 1, ""TempC_DS18B20"": 32.76}"
2025-09-20 21:33:34.367620790+00:00,dds75-lb-20,2,-49,7.0,"{""Bat"": 3.268, ""Distance_mm"": 925, ""Interrupt_flag"": 0, ""Node_type"": ""DDS75-LB"", ""Sensor_flag"": 1, ""TempC_DS18B20"": 32.76}"
2025-09-20 21:34:34.366810330+00:00,dds75-lb-20,2,-47,10.0,"{""Bat"": 3.268, ""Distance_mm"": 925, ""Interrupt_flag"": 0, ""Node_type"": ""DDS75-LB"", ""Sensor_flag"": 1, ""TempC_DS18B20"": 32.76}"
2025-09-20 21:35:34.356741658+00:00,dds75-lb-20,2,-45,9.5,"{""Bat"": 3.268, ""Distance_mm"": 925, ""Interrupt_flag"": 0, ""Node_type"": ""DDS75-LB"", ""Sensor_flag"": 1, ""TempC_DS18B20"": 32.76}"
2025-09-20 21:36:34.349613152+00:00,dds75-lb-20,2,-45,9.75,"{""Bat"": 3.268, ""Distance_mm"": 925, ""Interrupt_flag"": 0, ""Node_type"": ""DDS75-LB"", ""Sensor_flag"": 1, ""TempC_DS18B20"": 32.76}"
2025-09-20 21:37:34.338383352+00:00,dds75-lb-20,2,-45,7.5,"{""Bat"": 3.268, ""Distance_mm"": 925, ""Interrupt_flag"": 0, ""Node_type"": ""DDS75-LB"", ""Sensor_flag"": 1, ""TempC_DS18B20"": 32.76}"
2025-09-20 21:38:34.319210880+00:00,dds75-lb-20,2,-47,9.75,"{""Bat"": 3.268, ""Distance_mm"": 925, ""Interrupt_flag"": 0, ""Node_type"": ""DDS75-LB"", ""Sensor_flag"": 1, ""TempC_DS18B20"": 32.76}"
2025-09-20 21:39:34.333537547+00:00,dds75-lb-20,2,-47,10.25,"{""Bat"": 3.268, ""Distance_mm"": 925, ""Interrupt_flag"": 0, ""Node_type"": ""DDS75-LB"", ""Sensor_flag"": 1, ""TempC_DS18B20"": 32.76}"
2025-09-20 21:40:34.308358877+00:00,dds75-lb-20,2,-47,10.25,"{""Bat"": 3.268, ""Distance_mm"": 925, ""Interrupt_flag"": 0, ""Node_type"": ""DDS75-LB"", ""Sensor_flag"": 1, ""TempC_DS18B20"": 32.76}"
2025-09-20 21:41:34.286615820+00:00,dds75-lb-20,2,-47,9.0,"{""Bat"": 3.268, ""Distance_mm"": 925, ""Interrupt_flag"": 0, ""Node_type"": ""DDS75-LB"", ""Sensor_flag"": 1, ""TempC_DS18B20"": 32.76}"
2025-09-20 21:42:34.301878283+00:00,dds75-lb-20,2,-44,8.75,"{""Bat"": 3.268, ""Distance_mm"": 925, ""Interrupt_flag"": 0, ""Node_type"": ""DDS75-LB"", ""Sensor_flag"": 1, ""TempC_DS18B20"": 32.76}"
2025-09-20 21:43:34.285712445+00:00,dds75-lb-20,2,-49,9.0,"{""Bat"": 3.268, ""Distance_mm"": 925, ""Interrupt_flag"": 0, ""Node_type"": ""DDS75-LB"", ""Sensor_flag"": 1, ""TempC_DS18B20"": 32.76}"
2025-09-20 21:44:34.265918524+00:00,dds75-lb-20,2,-45,7.75,"{""Bat"": 3.268, ""Distance_mm"": 925, ""Interrupt_flag"": 0, ""Node_type"": ""DDS75-LB"", ""Sensor_flag"": 1, ""TempC_DS18B20"": 32.76}"
2025-09-20 21:45:34.268554540+00:00,dds75-lb-20,2,-45,9.0,"{""Bat"": 3.268, ""Distance_mm"": 925, ""Interrupt_flag"": 0, ""Node_type"": ""DDS75-LB"", ""Sensor_flag"": 1, ""TempC_DS18B20"": 32.76}"
2025-09-20 21:46:34.251297440+00:00,dds75-lb-20,2,-124,-8.5,"{""Bat"": 3.268, ""Distance_mm"": 925, ""Interrupt_flag"": 0, ""Node_type"": ""DDS75-LB"", ""Sensor_flag"": 1, ""TempC_DS18B20"": 32.76}"
2025-09-20 21:47:34.225913112+00:00,dds75-lb-20,2,-45,10.5,"{""Bat"": 3.268, ""Distance_mm"": 925, ""Interrupt_flag"": 0, ""Node_type"": ""DDS75-LB"", ""Sensor_flag"": 1, ""TempC_DS18B20"": 32.76}"
2025-09-20 21:48:34.231200023+00:00,dds75-lb-20,2,-123,-8.0,"{""Bat"": 3.268, ""Distance_mm"": 925, ""Interrupt_flag"": 0, ""Node_type"": ""DDS75-LB"", ""Sensor_flag"": 1, ""TempC_DS18B20"": 32.76}"
2025-09-20 21:49:34.209347168+00:00,dds75-lb-20,2,-45,7.5,"{""Bat"": 3.268, ""Distance_mm"": 925, ""Interrupt_flag"": 0, ""Node_type"": ""DDS75-LB"", ""Sensor_flag"": 1, ""TempC_DS18B20"": 32.76}"
2025-09-20 21:50:34.211292433+00:00,dds75-lb-20,2,-111,4.0,"{""Bat"": 3.268, ""Distance_mm"": 925, ""Interrupt_flag"": 0, ""Node_type"": ""DDS75-LB"", ""Sensor_flag"": 1, ""TempC_DS18B20"": 32.76}"
2025-09-20 21:51:34.209568829+00:00,dds75-lb-20,2,-35,10.5,"{""Bat"": 3.268, ""Distance_mm"": 925, ""Interrupt_flag"": 0, ""Node_type"": ""DDS75-LB"", ""Sensor_flag"": 1, ""TempC_DS18B20"": 32.76}"
2025-09-20 21:52:34.186630458+00:00,dds75-lb-20,2,-32,5.75,"{""Bat"": 3.268, ""Distance_mm"": 925, ""Interrupt_flag"": 0, ""Node_type"": ""DDS75-LB"", ""Sensor_flag"": 1, ""TempC_DS18B20"": 32.76}"
2025-09-20 21:53:34.178409572+00:00,dds75-lb-20,2,-32,7.25,"{""Bat"": 3.268, ""Distance_mm"": 925, ""Interrupt_flag"": 0, ""Node_type"": ""DDS75-LB"", ""Sensor_flag"": 1, ""TempC_DS18B20"": 32.76}"
2025-09-20 21:54:34.169828081+00:00,dds75-lb-20,2,-123,-7.25,"{""Bat"": 3.268, ""Distance_mm"": 925, ""Interrupt_flag"": 0, ""Node_type"": ""DDS75-LB"", ""Sensor_flag"": 1, ""TempC_DS18B20"": 32.76}"
2025-09-20 21:55:34.154184434+00:00,dds75-lb-20,2,-32,9.75,"{""Bat"": 3.268, ""Distance_mm"": 925, ""Interrupt_flag"": 0, ""Node_type"": ""DDS75-LB"", ""Sensor_flag"": 1, ""TempC_DS18B20"": 32.76}"
2025-09-20 21:56:34.150906521+00:00,dds75-lb-20,2,-114,-0.75,"{""Bat"": 3.268, ""Distance_mm"": 925, ""Interrupt_flag"": 0, ""Node_type"": ""DDS75-LB"", ""Sensor_flag"": 1, ""TempC_DS18B20"": 32.76}"
2025-09-20 21:57:34.139527562+00:00,dds75-lb-20,2,-33,7.5,"{""Bat"": 3.268, ""Distance_mm"": 925, ""Interrupt_flag"": 0, ""Node_type"": ""DDS75-LB"", ""Sensor_flag"": 1, ""TempC_DS18B20"": 32.76}"
2025-09-20 21:58:34.130852759+00:00,dds75-lb-20,2,-32,7.25,"{""Bat"": 3.268, ""Distance_mm"": 925, ""Interrupt_flag"": 0, ""Node_type"": ""DDS75-LB"", ""Sensor_flag"": 1, ""TempC_DS18B20"": 32.76}"
2025-09-20 21:59:34.116450503+00:00,dds75-lb-20,2,-32,9.75,"{""Bat"": 3.268, ""Distance_mm"": 925, ""Interrupt_flag"": 0, ""Node_type"": ""DDS75-LB"", ""Sensor_flag"": 1, ""TempC_DS18B20"": 32.76}"
2025-09-20 22:00:34.095855822+00:00,dds75-lb-20,2,-31,9.25,"{""Bat"": 3.268, ""Distance_mm"": 925, ""Interrupt_flag"": 0, ""Node_type"": ""DDS75-LB"", ""Sensor_flag"": 1, ""TempC_DS18B20"": 32.76}"
2025-09-20 22:01:34.094394456+00:00,dds75-lb-20,2,-30,9.25,"{""Bat"": 3.268, ""Distance_mm"": 925, ""Interrupt_flag"": 0, ""Node_type"": ""DDS75-LB"", ""Sensor_flag"": 1, ""TempC_DS18B20"": 32.76}"
2025-09-20 22:02:34.074310482+00:00,dds75-lb-20,2,-31,9.5,"{""Bat"": 3.268, ""Distance_mm"": 925, ""Interrupt_flag"": 0, ""Node_type"": ""DDS75-LB"", ""Sensor_flag"": 1, ""TempC_DS18B20"": 32.76}"
2025-09-20 22:03:34.070263937+00:00,dds75-lb-20,2,-111,3.75,"{""Bat"": 3.268, ""Distance_mm"": 925, ""Interrupt_flag"": 0, ""Node_type"": ""DDS75-LB"", ""Sensor_flag"": 1, ""TempC_DS18B20"": 32.76}"
2025-09-20 22:04:34.056931046+00:00,dds75-lb-20,2,-33,9.0,"{""Bat"": 3.268, ""Distance_mm"": 925, ""Interrupt_flag"": 0, ""Node_type"": ""DDS75-LB"", ""Sensor_flag"": 1, ""TempC_DS18B20"": 32.76}"
2025-09-20 22:05:34.070217448+00:00,dds75-lb-20,2,-32,9.25,"{""Bat"": 3.268, ""Distance_mm"": 925, ""Interrupt_flag"": 0, ""Node_type"": ""DDS75-LB"", ""Sensor_flag"": 1, ""TempC_DS18B20"": 32.76}"
2025-09-20 22:06:34.026109407+00:00,dds75-lb-20,2,-33,9.5,"{""Bat"": 3.268, ""Distance_mm"": 925, ""Interrupt_flag"": 0, ""Node_type"": ""DDS75-LB"", ""Sensor_flag"": 1, ""TempC_DS18B20"": 32.76}"
2025-09-20 22:07:34.035312293+00:00,dds75-lb-20,2,-33,9.75,"{""Bat"": 3.268, ""Distance_mm"": 925, ""Interrupt_flag"": 0, ""Node_type"": ""DDS75-LB"", ""Sensor_flag"": 1, ""TempC_DS18B20"": 32.76}"
2025-09-20 22:08:34.023705881+00:00,dds75-lb-20,2,-32,9.75,"{""Bat"": 3.268, ""Distance_mm"": 925, ""Interrupt_flag"": 0, ""Node_type"": ""DDS75-LB"", ""Sensor_flag"": 1, ""TempC_DS18B20"": 32.76}"
2025-09-20 22:09:34.008849537+00:00,dds75-lb-20,2,-26,7.5,"{""Bat"": 3.268, ""Distance_mm"": 925, ""Interrupt_flag"": 0, ""Node_type"": ""DDS75-LB"", ""Sensor_flag"": 1, ""TempC_DS18B20"": 32.76}"
2025-09-20 22:10:33.987673632+00:00,dds75-lb-20,2,-33,11.25,"{""Bat"": 3.268, ""Distance_mm"": 925, ""Interrupt_flag"": 0, ""Node_type"": ""DDS75-LB"", ""Sensor_flag"": 1, ""TempC_DS18B20"": 32.76}"
2025-09-20 22:11:33.976406905+00:00,dds75-lb-20,2,-33,10.25,"{""Bat"": 3.268, ""Distance_mm"": 925, ""Interrupt_flag"": 0, ""Node_type"": ""DDS75-LB"", ""Sensor_flag"": 1, ""TempC_DS18B20"": 32.76}"
2025-09-20 22:12:33.983152261+00:00,dds75-lb-20,2,-33,9.25,"{""Bat"": 3.268, ""Distance_mm"": 925, ""Interrupt_flag"": 0, ""Node_type"": ""DDS75-LB"", ""Sensor_flag"": 1, ""TempC_DS18B20"": 32.76}"
2025-09-20 22:13:33.966166148+00:00,dds75-lb-20,2,-33,7.25,"{""Bat"": 3.268, ""Distance_mm"": 925, ""Interrupt_flag"": 0, ""Node_type"": ""DDS75-LB"", ""Sensor_flag"": 1, ""TempC_DS18B20"": 32.76}"
2025-09-20 22:14:33.964031364+00:00,dds75-lb-20,2,-33,9.25,"{""Bat"": 3.268, ""Distance_mm"": 925, ""Interrupt_flag"": 0, ""Node_type"": ""DDS75-LB"", ""Sensor_flag"": 1, ""TempC_DS18B20"": 32.76}"
2025-09-20 22:15:33.951426514+00:00,dds75-lb-20,2,-32,9.25,"{""Bat"": 3.268, ""Distance_mm"": 925, ""Interrupt_flag"": 0, ""Node_type"": ""DDS75-LB"", ""Sensor_flag"": 1, ""TempC_DS18B20"": 32.76}"
2025-09-20 22:16:33.939136177+00:00,dds75-lb-20,2,-32,9.5,"{""Bat"": 3.268, ""Distance_mm"": 925, ""Interrupt_flag"": 0, ""Node_type"": ""DDS75-LB"", ""Sensor_flag"": 1, ""TempC_DS18B20"": 32.76}"
2025-09-20 22:17:33.916251563+00:00,dds75-lb-20,2,-32,7.5,"{""Bat"": 3.268, ""Distance_mm"": 925, ""Interrupt_flag"": 0, ""Node_type"": ""DDS75-LB"", ""Sensor_flag"": 1, ""TempC_DS18B20"": 32.76}"
2025-09-20 22:18:33.907112921+00:00,dds75-lb-20,2,-31,9.25,"{""Bat"": 3.268, ""Distance_mm"": 925, ""Interrupt_flag"": 0, ""Node_type"": ""DDS75-LB"", ""Sensor_flag"": 1, ""TempC_DS18B20"": 32.76}"
2025-09-20 22:19:33.901530576+00:00,dds75-lb-20,2,-31,10.0,"{""Bat"": 3.268, ""Distance_mm"": 925, ""Interrupt_flag"": 0, ""Node_type"": ""DDS75-LB"", ""Sensor_flag"": 1, ""TempC_DS18B20"": 32.76}"
2025-09-20 22:20:33.905604713+00:00,dds75-lb-20,2,-35,9.5,"{""Bat"": 3.268, ""Distance_mm"": 925, ""Interrupt_flag"": 0, ""Node_type"": ""DDS75-LB"", ""Sensor_flag"": 1, ""TempC_DS18B20"": 32.76}"
2025-09-20 22:21:33.882449290+00:00,dds75-lb-20,2,-123,-6.75,"{""Bat"": 3.268, ""Distance_mm"": 925, ""Interrupt_flag"": 0, ""Node_type"": ""DDS75-LB"", ""Sensor_flag"": 1, ""TempC_DS18B20"": 32.76}"
2025-09-20 22:22:33.861785135+00:00,dds75-lb-20,2,-31,9.0,"{""Bat"": 3.268, ""Distance_mm"": 925, ""Interrupt_flag"": 0, ""Node_type"": ""DDS75-LB"", ""Sensor_flag"": 1, ""TempC_DS18B20"": 32.76}"
2025-09-20 22:23:33.855142194+00:00,dds75-lb-20,2,-33,10.25,"{""Bat"": 3.268, ""Distance_mm"": 925, ""Interrupt_flag"": 0, ""Node_type"": ""DDS75-LB"", ""Sensor_flag"": 1, ""TempC_DS18B20"": 32.76}"
2025-09-20 22:24:33.854734365+00:00,dds75-lb-20,2,-111,4.0,"{""Bat"": 3.268, ""Distance_mm"": 925, ""Interrupt_flag"": 0, ""Node_type"": ""DDS75-LB"", ""Sensor_flag"": 1, ""TempC_DS18B20"": 32.76}"
2025-09-20 22:25:33.850214191+00:00,dds75-lb-20,2,-27,6.75,"{""Bat"": 3.268, ""Distance_mm"": 925, ""Interrupt_flag"": 0, ""Node_type"": ""DDS75-LB"", ""Sensor_flag"": 1, ""TempC_DS18B20"": 32.76}"
2025-09-20 22:26:33.835457585+00:00,dds75-lb-20,2,-31,9.0,"{""Bat"": 3.268, ""Distance_mm"": 925, ""Interrupt_flag"": 0, ""Node_type"": ""DDS75-LB"", ""Sensor_flag"": 1, ""TempC_DS18B20"": 32.76}"
2025-09-20 22:27:33.824513879+00:00,dds75-lb-20,2,-32,9.0,"{""Bat"": 3.268, ""Distance_mm"": 925, ""Interrupt_flag"": 0, ""Node_type"": ""DDS75-LB"", ""Sensor_flag"": 1, ""TempC_DS18B20"": 32.76}"
2025-09-20 22:28:33.810949053+00:00,dds75-lb-20,2,-32,9.5,"{""Bat"": 3.268, ""Distance_mm"": 925, ""Interrupt_flag"": 0, ""Node_type"": ""DDS75-LB"", ""Sensor_flag"": 1, ""TempC_DS18B20"": 32.76}"
2025-09-20 22:29:33.807940188+00:00,dds75-lb-20,2,-31,9.5,"{""Bat"": 3.268, ""Distance_mm"": 925, ""Interrupt_flag"": 0, ""Node_type"": ""DDS75-LB"", ""Sensor_flag"": 1, ""TempC_DS18B20"": 32.76}"
2025-09-20 22:30:33.792278289+00:00,dds75-lb-20,2,-113,2.0,"{""Bat"": 3.268, ""Distance_mm"": 925, ""Interrupt_flag"": 0, ""Node_type"": ""DDS75-LB"", ""Sensor_flag"": 1, ""TempC_DS18B20"": 32.76}"
2025-09-20 22:31:33.811493363+00:00,dds75-lb-20,2,-32,9.0,"{""Bat"": 3.268, ""Distance_mm"": 925, ""Interrupt_flag"": 0, ""Node_type"": ""DDS75-LB"", ""Sensor_flag"": 1, ""TempC_DS18B20"": 32.76}"
2025-09-20 22:32:33.760387381+00:00,dds75-lb-20,2,-30,9.5,"{""Bat"": 3.268, ""Distance_mm"": 925, ""Interrupt_flag"": 0, ""Node_type"": ""DDS75-LB"", ""Sensor_flag"": 1, ""TempC_DS18B20"": 32.76}"
2025-09-20 22:33:33.763328407+00:00,dds75-lb-20,2,-30,8.5,"{""Bat"": 3.268, ""Distance_mm"": 925, ""Interrupt_flag"": 0, ""Node_type"": ""DDS75-LB"", ""Sensor_flag"": 1, ""TempC_DS18B20"": 32.76}"
2025-09-20 22:34:33.749303567+00:00,dds75-lb-20,2,-33,6.75,"{""Bat"": 3.268, ""Distance_mm"": 925, ""Interrupt_flag"": 0, ""Node_type"": ""DDS75-LB"", ""Sensor_flag"": 1, ""TempC_DS18B20"": 32.76}"
2025-09-20 22:35:33.744906868+00:00,dds75-lb-20,2,-33,10.5,"{""Bat"": 3.268, ""Distance_mm"": 925, ""Interrupt_flag"": 0, ""Node_type"": ""DDS75-LB"", ""Sensor_flag"": 1, ""TempC_DS18B20"": 32.76}"
2025-09-20 22:36:33.738493585+00:00,dds75-lb-20,2,-33,10.25,"{""Bat"": 3.268, ""Distance_mm"": 925, ""Interrupt_flag"": 0, ""Node_type"": ""DDS75-LB"", ""Sensor_flag"": 1, ""TempC_DS18B20"": 32.76}"
2025-09-20 22:37:33.717096509+00:00,dds75-lb-20,2,-33,7.75,"{""Bat"": 3.268, ""Distance_mm"": 925, ""Interrupt_flag"": 0, ""Node_type"": ""DDS75-LB"", ""Sensor_flag"": 1, ""TempC_DS18B20"": 32.76}"
2025-09-20 22:38:33.706626641+00:00,dds75-lb-20,2,-110,4.75,"{""Bat"": 3.268, ""Distance_mm"": 925, ""Interrupt_flag"": 0, ""Node_type"": ""DDS75-LB"", ""Sensor_flag"": 1, ""TempC_DS18B20"": 32.76}"
2025-09-20 22:39:33.687521779+00:00,dds75-lb-20,2,-35,10.25,"{""Bat"": 3.268, ""Distance_mm"": 925, ""Interrupt_flag"": 0, ""Node_type"": ""DDS75-LB"", ""Sensor_flag"": 1, ""TempC_DS18B20"": 32.76}"
2025-09-20 22:40:33.697405468+00:00,dds75-lb-20,2,-31,9.25,"{""Bat"": 3.268, ""Distance_mm"": 925, ""Interrupt_flag"": 0, ""Node_type"": ""DDS75-LB"", ""Sensor_flag"": 1, ""TempC_DS18B20"": 32.76}"
2025-09-20 22:41:33.690038639+00:00,dds75-lb-20,2,-108,6.25,"{""Bat"": 3.268, ""Distance_mm"": 925, ""Interrupt_flag"": 0, ""Node_type"": ""DDS75-LB"", ""Sensor_flag"": 1, ""TempC_DS18B20"": 32.76}"
2025-09-20 22:42:33.654734603+00:00,dds75-lb-20,2,-121,-4.75,"{""Bat"": 3.268, ""Distance_mm"": 925, ""Interrupt_flag"": 0, ""Node_type"": ""DDS75-LB"", ""Sensor_flag"": 1, ""TempC_DS18B20"": 32.76}"
2025-09-20 22:43:33.655017431+00:00,dds75-lb-20,2,-30,9.25,"{""Bat"": 3.268, ""Distance_mm"": 925, ""Interrupt_flag"": 0, ""Node_type"": ""DDS75-LB"", ""Sensor_flag"": 1, ""TempC_DS18B20"": 32.76}"
2025-09-20 22:44:33.630775836+00:00,dds75-lb-20,2,-32,9.25,"{""Bat"": 3.268, ""Distance_mm"": 925, ""Interrupt_flag"": 0, ""Node_type"": ""DDS75-LB"", ""Sensor_flag"": 1, ""TempC_DS18B20"": 32.76}"
2025-09-20 22:45:33.625152625+00:00,dds75-lb-20,2,-114,-0.25,"{""Bat"": 3.268, ""Distance_mm"": 925, ""Interrupt_flag"": 0, ""Node_type"": ""DDS75-LB"", ""Sensor_flag"": 1, ""TempC_DS18B20"": 32.76}"
2025-09-20 22:46:33.610896759+00:00,dds75-lb-20,2,-30,9.25,"{""Bat"": 3.268, ""Distance_mm"": 925, ""Interrupt_flag"": 0, ""Node_type"": ""DDS75-LB"", ""Sensor_flag"": 1, ""TempC_DS18B20"": 32.76}"
2025-09-20 22:47:33.605254491+00:00,dds75-lb-20,2,-112,3.5,"{""Bat"": 3.268, ""Distance_mm"": 925, ""Interrupt_flag"": 0, ""Node_type"": ""DDS75-LB"", ""Sensor_flag"": 1, ""TempC_DS18B20"": 32.76}"
2025-09-20 22:48:33.607278785+00:00,dds75-lb-20,2,-31,10.0,"{""Bat"": 3.268, ""Distance_mm"": 925, ""Interrupt_flag"": 0, ""Node_type"": ""DDS75-LB"", ""Sensor_flag"": 1, ""TempC_DS18B20"": 32.76}"
2025-09-20 22:49:33.596111261+00:00,dds75-lb-20,2,-30,8.0,"{""Bat"": 3.268, ""Distance_mm"": 925, ""Interrupt_flag"": 0, ""Node_type"": ""DDS75-LB"", ""Sensor_flag"": 1, ""TempC_DS18B20"": 32.76}"
2025-09-20 22:50:33.586597038+00:00,dds75-lb-20,2,-124,-7.5,"{""Bat"": 3.268, ""Distance_mm"": 925, ""Interrupt_flag"": 0, ""Node_type"": ""DDS75-LB"", ""Sensor_flag"": 1, ""TempC_DS18B20"": 32.76}"
2025-09-20 22:51:33.576408833+00:00,dds75-lb-20,2,-32,9.75,"{""Bat"": 3.268, ""Distance_mm"": 925, ""Interrupt_flag"": 0, ""Node_type"": ""DDS75-LB"", ""Sensor_flag"": 1, ""TempC_DS18B20"": 32.76}"
2025-09-20 22:52:33.555530071+00:00,dds75-lb-20,2,-112,3.5,"{""Bat"": 3.268, ""Distance_mm"": 925, ""Interrupt_flag"": 0, ""Node_type"": ""DDS75-LB"", ""Sensor_flag"": 1, ""TempC_DS18B20"": 32.76}"
2025-09-20 22:53:33.547683543+00:00,dds75-lb-20,2,-33,7.5,"{""Bat"": 3.268, ""Distance_mm"": 925, ""Interrupt_flag"": 0, ""Node_type"": ""DDS75-LB"", ""Sensor_flag"": 1, ""TempC_DS18B20"": 32.76}"
2025-09-20 22:54:33.529153761+00:00,dds75-lb-20,2,-33,9.25,"{""Bat"": 3.268, ""Distance_mm"": 869, ""Interrupt_flag"": 0, ""Node_type"": ""DDS75-LB"", ""Sensor_flag"": 1, ""TempC_DS18B20"": 32.76}"
2025-09-20 22:55:33.516947487+00:00,dds75-lb-20,2,-112,-1.75,"{""Bat"": 3.268, ""Distance_mm"": 898, ""Interrupt_flag"": 0, ""Node_type"": ""DDS75-LB"", ""Sensor_flag"": 1, ""TempC_DS18B20"": 32.76}"
2025-09-20 22:56:33.532254221+00:00,dds75-lb-20,2,-31,9.25,"{""Bat"": 3.268, ""Distance_mm"": 788, ""Interrupt_flag"": 0, ""Node_type"": ""DDS75-LB"", ""Sensor_flag"": 1, ""TempC_DS18B20"": 32.76}"
2025-09-20 22:57:33.505931698+00:00,dds75-lb-20,2,-30,7.75,"{""Bat"": 3.268, ""Distance_mm"": 793, ""Interrupt_flag"": 0, ""Node_type"": ""DDS75-LB"", ""Sensor_flag"": 1, ""TempC_DS18B20"": 32.76}"
2025-09-20 22:58:33.500433375+00:00,dds75-lb-20,2,-33,7.75,"{""Bat"": 3.268, ""Distance_mm"": 819, ""Interrupt_flag"": 0, ""Node_type"": ""DDS75-LB"", ""Sensor_flag"": 1, ""TempC_DS18B20"": 32.76}"
2025-09-20 22:59:33.485691112+00:00,dds75-lb-20,2,-31,9.75,"{""Bat"": 3.268, ""Distance_mm"": 764, ""Interrupt_flag"": 0, ""Node_type"": ""DDS75-LB"", ""Sensor_flag"": 1, ""TempC_DS18B20"": 32.76}"
2025-09-20 23:00:33.495575290+00:00,dds75-lb-20,2,-33,9.5,"{""Bat"": 3.268, ""Distance_mm"": 925, ""Interrupt_flag"": 0, ""Node_type"": ""DDS75-LB"", ""Sensor_flag"": 1, ""TempC_DS18B20"": 32.76}"
2025-09-20 23:01:33.476150110+00:00,dds75-lb-20,2,-33,7.25,"{""Bat"": 3.268, ""Distance_mm"": 921, ""Interrupt_flag"": 0, ""Node_type"": ""DDS75-LB"", ""Sensor_flag"": 1, ""TempC_DS18B20"": 32.76}"
2025-09-20 23:02:33.455227603+00:00,dds75-lb-20,2,-32,9.5,"{""Bat"": 3.268, ""Distance_mm"": 921, ""Interrupt_flag"": 0, ""Node_type"": ""DDS75-LB"", ""Sensor_flag"": 1, ""TempC_DS18B20"": 32.76}"
2025-09-20 23:03:33.437601228+00:00,dds75-lb-20,2,-32,9.75,"{""Bat"": 3.268, ""Distance_mm"": 925, ""Interrupt_flag"": 0, ""Node_type"": ""DDS75-LB"", ""Sensor_flag"": 1, ""TempC_DS18B20"": 32.76}"
2025-09-20 23:04:33.424814992+00:00,dds75-lb-20,2,-31,9.75,"{""Bat"": 3.268, ""Distance_mm"": 921, ""Interrupt_flag"": 0, ""Node_type"": ""DDS75-LB"", ""Sensor_flag"": 1, ""TempC_DS18B20"": 32.76}"
2025-09-20 23:05:33.437553596+00:00,dds75-lb-20,2,-32,7.25,"{""Bat"": 3.268, ""Distance_mm"": 921, ""Interrupt_flag"": 0, ""Node_type"": ""DDS75-LB"", ""Sensor_flag"": 1, ""TempC_DS18B20"": 32.76}"
2025-09-20 23:06:33.415322356+00:00,dds75-lb-20,2,-31,9.0,"{""Bat"": 3.268, ""Distance_mm"": 922, ""Interrupt_flag"": 0, ""Node_type"": ""DDS75-LB"", ""Sensor_flag"": 1, ""TempC_DS18B20"": 32.76}"
2025-09-20 23:07:33.398168566+00:00,dds75-lb-20,2,-30,9.5,"{""Bat"": 3.268, ""Distance_mm"": 925, ""Interrupt_flag"": 0, ""Node_type"": ""DDS75-LB"", ""Sensor_flag"": 1, ""TempC_DS18B20"": 32.76}"
2025-09-20 23:08:33.386332260+00:00,dds75-lb-20,2,-111,4.5,"{""Bat"": 3.268, ""Distance_mm"": 925, ""Interrupt_flag"": 0, ""Node_type"": ""DDS75-LB"", ""Sensor_flag"": 1, ""TempC_DS18B20"": 32.76}"
2025-09-20 23:09:33.384723914+00:00,dds75-lb-20,2,-33,7.5,"{""Bat"": 3.268, ""Distance_mm"": 925, ""Interrupt_flag"": 0, ""Node_type"": ""DDS75-LB"", ""Sensor_flag"": 1, ""TempC_DS18B20"": 32.76}"
2025-09-20 23:10:33.372840835+00:00,dds75-lb-20,2,-112,3.25,"{""Bat"": 3.268, ""Distance_mm"": 925, ""Interrupt_flag"": 0, ""Node_type"": ""DDS75-LB"", ""Sensor_flag"": 1, ""TempC_DS18B20"": 32.76}"
2025-09-20 23:11:33.386312331+00:00,dds75-lb-20,2,-112,3.75,"{""Bat"": 3.268, ""Distance_mm"": 925, ""Interrupt_flag"": 0, ""Node_type"": ""DDS75-LB"", ""Sensor_flag"": 1, ""TempC_DS18B20"": 32.76}"
2025-09-20 23:12:33.399480429+00:00,dds75-lb-20,2,-30,10.0,"{""Bat"": 3.268, ""Distance_mm"": 925, ""Interrupt_flag"": 0, ""Node_type"": ""DDS75-LB"", ""Sensor_flag"": 1, ""TempC_DS18B20"": 32.76}"
2025-09-20 23:13:33.370445019+00:00,dds75-lb-20,2,-111,-3.75,"{""Bat"": 3.268, ""Distance_mm"": 925, ""Interrupt_flag"": 0, ""Node_type"": ""DDS75-LB"", ""Sensor_flag"": 1, ""TempC_DS18B20"": 32.76}"
2025-09-20 23:14:33.349355817+00:00,dds75-lb-20,2,-120,-4.5,"{""Bat"": 3.268, ""Distance_mm"": 925, ""Interrupt_flag"": 0, ""Node_type"": ""DDS75-LB"", ""Sensor_flag"": 1, ""TempC_DS18B20"": 32.76}"
2025-09-20 23:15:33.328628585+00:00,dds75-lb-20,2,-32,8.75,"{""Bat"": 10.827, ""Distance_mm"": 925, ""Interrupt_flag"": 0, ""Node_type"": ""DDS75-LB"", ""Sensor_flag"": 1, ""TempC_DS18B20"": 32.76}"
2025-09-20 23:16:33.306500060+00:00,dds75-lb-20,2,-114,0.25,"{""Bat"": 3.268, ""Distance_mm"": 925, ""Interrupt_flag"": 0, ""Node_type"": ""DDS75-LB"", ""Sensor_flag"": 1, ""TempC_DS18B20"": 32.76}"
2025-09-20 23:17:33.308801136+00:00,dds75-lb-20,2,-124,-7.5,"{""Bat"": 3.268, ""Distance_mm"": 925, ""Interrupt_flag"": 0, ""Node_type"": ""DDS75-LB"", ""Sensor_flag"": 1, ""TempC_DS18B20"": 32.76}"
2025-09-20 23:18:33.289213271+00:00,dds75-lb-20,2,-32,10.25,"{""Bat"": 3.268, ""Distance_mm"": 925, ""Interrupt_flag"": 0, ""Node_type"": ""DDS75-LB"", ""Sensor_flag"": 1, ""TempC_DS18B20"": 32.76}"
2025-09-20 23:19:33.269460087+00:00,dds75-lb-20,2,-33,10.25,"{""Bat"": 3.268, ""Distance_mm"": 925, ""Interrupt_flag"": 0, ""Node_type"": ""DDS75-LB"", ""Sensor_flag"": 1, ""TempC_DS18B20"": 32.76}"
2025-09-20 23:20:33.268909136+00:00,dds75-lb-20,2,-30,7.25,"{""Bat"": 3.268, ""Distance_mm"": 925, ""Interrupt_flag"": 0, ""Node_type"": ""DDS75-LB"", ""Sensor_flag"": 1, ""TempC_DS18B20"": 32.76}"
2025-09-20 23:21:33.256933710+00:00,dds75-lb-20,2,-32,11.0,"{""Bat"": 3.268, ""Distance_mm"": 925, ""Interrupt_flag"": 0, ""Node_type"": ""DDS75-LB"", ""Sensor_flag"": 1, ""TempC_DS18B20"": 32.76}"
2025-09-20 23:22:33.239533051+00:00,dds75-lb-20,2,-122,-7.5,"{""Bat"": 3.268, ""Distance_mm"": 925, ""Interrupt_flag"": 0, ""Node_type"": ""DDS75-LB"", ""Sensor_flag"": 1, ""TempC_DS18B20"": 32.76}"
2025-09-20 23:23:33.227219062+00:00,dds75-lb-20,2,-33,9.75,"{""Bat"": 3.268, ""Distance_mm"": 925, ""Interrupt_flag"": 0, ""Node_type"": ""DDS75-LB"", ""Sensor_flag"": 1, ""TempC_DS18B20"": 32.76}"
2025-09-20 23:24:33.237779755+00:00,dds75-lb-20,2,-33,10.75,"{""Bat"": 3.268, ""Distance_mm"": 925, ""Interrupt_flag"": 0, ""Node_type"": ""DDS75-LB"", ""Sensor_flag"": 1, ""TempC_DS18B20"": 32.76}"
2025-09-20 23:25:33.208038141+00:00,dds75-lb-20,2,-32,8.25,"{""Bat"": 3.268, ""Distance_mm"": 925, ""Interrupt_flag"": 0, ""Node_type"": ""DDS75-LB"", ""Sensor_flag"": 1, ""TempC_DS18B20"": 32.76}"
2025-09-20 23:26:33.199609350+00:00,dds75-lb-20,2,-33,8.75,"{""Bat"": 3.268, ""Distance_mm"": 925, ""Interrupt_flag"": 0, ""Node_type"": ""DDS75-LB"", ""Sensor_flag"": 1, ""TempC_DS18B20"": 32.76}"
2025-09-20 23:27:33.177404028+00:00,dds75-lb-20,2,-33,9.0,"{""Bat"": 3.268, ""Distance_mm"": 925, ""Interrupt_flag"": 0, ""Node_type"": ""DDS75-LB"", ""Sensor_flag"": 1, ""TempC_DS18B20"": 32.76}"
2025-09-20 23:28:33.178075979+00:00,dds75-lb-20,2,-31,7.25,"{""Bat"": 3.268, ""Distance_mm"": 925, ""Interrupt_flag"": 0, ""Node_type"": ""DDS75-LB"", ""Sensor_flag"": 1, ""TempC_DS18B20"": 32.76}"
2025-09-20 23:29:33.181460072+00:00,dds75-lb-20,2,-111,3.75,"{""Bat"": 3.268, ""Distance_mm"": 925, ""Interrupt_flag"": 0, ""Node_type"": ""DDS75-LB"", ""Sensor_flag"": 1, ""TempC_DS18B20"": 32.76}"
2025-09-20 23:30:33.153850366+00:00,dds75-lb-20,2,-32,7.25,"{""Bat"": 3.268, ""Distance_mm"": 925, ""Interrupt_flag"": 0, ""Node_type"": ""DDS75-LB"", ""Sensor_flag"": 1, ""TempC_DS18B20"": 32.76}"
2025-09-20 23:31:33.152710396+00:00,dds75-lb-20,2,-32,10.0,"{""Bat"": 3.268, ""Distance_mm"": 925, ""Interrupt_flag"": 0, ""Node_type"": ""DDS75-LB"", ""Sensor_flag"": 1, ""TempC_DS18B20"": 32.76}"
2025-09-20 23:32:33.131571764+00:00,dds75-lb-20,2,-114,0.25,"{""Bat"": 3.268, ""Distance_mm"": 925, ""Interrupt_flag"": 0, ""Node_type"": ""DDS75-LB"", ""Sensor_flag"": 1, ""TempC_DS18B20"": 32.76}"
2025-09-20 23:33:33.134777015+00:00,dds75-lb-20,2,-33,9.75,"{""Bat"": 3.268, ""Distance_mm"": 925, ""Interrupt_flag"": 0, ""Node_type"": ""DDS75-LB"", ""Sensor_flag"": 1, ""TempC_DS18B20"": 32.76}"
2025-09-20 23:34:33.107421782+00:00,dds75-lb-20,2,-113,1.75,"{""Bat"": 3.268, ""Distance_mm"": 925, ""Interrupt_flag"": 0, ""Node_type"": ""DDS75-LB"", ""Sensor_flag"": 1, ""TempC_DS18B20"": 32.76}"
2025-09-20 23:35:33.113242137+00:00,dds75-lb-20,2,-32,9.75,"{""Bat"": 3.268, ""Distance_mm"": 925, ""Interrupt_flag"": 0, ""Node_type"": ""DDS75-LB"", ""Sensor_flag"": 1, ""TempC_DS18B20"": 32.76}"
2025-09-20 23:36:33.093996197+00:00,dds75-lb-20,2,-31,9.25,"{""Bat"": 3.268, ""Distance_mm"": 925, ""Interrupt_flag"": 0, ""Node_type"": ""DDS75-LB"", ""Sensor_flag"": 1, ""TempC_DS18B20"": 32.76}"
2025-09-20 23:37:33.075655840+00:00,dds75-lb-20,2,-29,9.25,"{""Bat"": 3.268, ""Distance_mm"": 925, ""Interrupt_flag"": 0, ""Node_type"": ""DDS75-LB"", ""Sensor_flag"": 1, ""TempC_DS18B20"": 32.76}"
2025-09-20 23:38:33.074919740+00:00,dds75-lb-20,2,-33,7.25,"{""Bat"": 3.268, ""Distance_mm"": 925, ""Interrupt_flag"": 0, ""Node_type"": ""DDS75-LB"", ""Sensor_flag"": 1, ""TempC_DS18B20"": 32.76}"
2025-09-20 23:39:33.072109948+00:00,dds75-lb-20,2,-32,9.75,"{""Bat"": 3.268, ""Distance_mm"": 925, ""Interrupt_flag"": 0, ""Node_type"": ""DDS75-LB"", ""Sensor_flag"": 1, ""TempC_DS18B20"": 32.76}"
2025-09-20 23:40:33.052686130+00:00,dds75-lb-20,2,-112,4.25,"{""Bat"": 3.268, ""Distance_mm"": 925, ""Interrupt_flag"": 0, ""Node_type"": ""DDS75-LB"", ""Sensor_flag"": 1, ""TempC_DS18B20"": 32.76}"
2025-09-20 23:41:33.043355689+00:00,dds75-lb-20,2,-32,7.75,"{""Bat"": 3.268, ""Distance_mm"": 925, ""Interrupt_flag"": 0, ""Node_type"": ""DDS75-LB"", ""Sensor_flag"": 1, ""TempC_DS18B20"": 32.76}"
2025-09-20 23:42:33.032561092+00:00,dds75-lb-20,2,-31,9.25,"{""Bat"": 3.268, ""Distance_mm"": 925, ""Interrupt_flag"": 0, ""Node_type"": ""DDS75-LB"", ""Sensor_flag"": 1, ""TempC_DS18B20"": 32.76}"
2025-09-20 23:43:33.024780829+00:00,dds75-lb-20,2,-32,10.25,"{""Bat"": 3.268, ""Distance_mm"": 925, ""Interrupt_flag"": 0, ""Node_type"": ""DDS75-LB"", ""Sensor_flag"": 1, ""TempC_DS18B20"": 32.76}"
2025-09-20 23:44:33.015264997+00:00,dds75-lb-20,2,-30,7.75,"{""Bat"": 3.268, ""Distance_mm"": 925, ""Interrupt_flag"": 0, ""Node_type"": ""DDS75-LB"", ""Sensor_flag"": 1, ""TempC_DS18B20"": 32.76}"
2025-09-20 23:45:32.995195668+00:00,dds75-lb-20,2,-31,7.25,"{""Bat"": 3.268, ""Distance_mm"": 925, ""Interrupt_flag"": 0, ""Node_type"": ""DDS75-LB"", ""Sensor_flag"": 1, ""TempC_DS18B20"": 32.76}"
2025-09-20 23:46:32.997178771+00:00,dds75-lb-20,2,-31,9.0,"{""Bat"": 3.268, ""Distance_mm"": 925, ""Interrupt_flag"": 0, ""Node_type"": ""DDS75-LB"", ""Sensor_flag"": 1, ""TempC_DS18B20"": 32.76}"
2025-09-20 23:47:32.982403846+00:00,dds75-lb-20,2,-32,10.75,"{""Bat"": 3.268, ""Distance_mm"": 925, ""Interrupt_flag"": 0, ""Node_type"": ""DDS75-LB"", ""Sensor_flag"": 1, ""TempC_DS18B20"": 32.76}"
2025-09-20 23:48:32.962757604+00:00,dds75-lb-20,2,-32,9.5,"{""Bat"": 3.268, ""Distance_mm"": 925, ""Interrupt_flag"": 0, ""Node_type"": ""DDS75-LB"", ""Sensor_flag"": 1, ""TempC_DS18B20"": 32.76}"
2025-09-20 23:49:32.948605779+00:00,dds75-lb-20,2,-33,10.0,"{""Bat"": 3.268, ""Distance_mm"": 925, ""Interrupt_flag"": 0, ""Node_type"": ""DDS75-LB"", ""Sensor_flag"": 1, ""TempC_DS18B20"": 32.76}"
2025-09-20 23:50:32.954963726+00:00,dds75-lb-20,2,-32,10.0,"{""Bat"": 3.268, ""Distance_mm"": 925, ""Interrupt_flag"": 0, ""Node_type"": ""DDS75-LB"", ""Sensor_flag"": 1, ""TempC_DS18B20"": 32.76}"
2025-09-20 23:51:32.943216927+00:00,dds75-lb-20,2,-32,8.75,"{""Bat"": 3.268, ""Distance_mm"": 925, ""Interrupt_flag"": 0, ""Node_type"": ""DDS75-LB"", ""Sensor_flag"": 1, ""TempC_DS18B20"": 32.76}"
2025-09-20 23:52:32.936087635+00:00,dds75-lb-20,2,-32,10.0,"{""Bat"": 3.268, ""Distance_mm"": 925, ""Interrupt_flag"": 0, ""Node_type"": ""DDS75-LB"", ""Sensor_flag"": 1, ""TempC_DS18B20"": 32.76}"
2025-09-20 23:53:32.912992374+00:00,dds75-lb-20,2,-30,7.0,"{""Bat"": 3.268, ""Distance_mm"": 925, ""Interrupt_flag"": 0, ""Node_type"": ""DDS75-LB"", ""Sensor_flag"": 1, ""TempC_DS18B20"": 32.76}"
2025-09-20 23:54:32.898500217+00:00,dds75-lb-20,2,-30,9.0,"{""Bat"": 3.268, ""Distance_mm"": 925, ""Interrupt_flag"": 0, ""Node_type"": ""DDS75-LB"", ""Sensor_flag"": 1, ""TempC_DS18B20"": 32.76}"
2025-09-20 23:55:32.890532086+00:00,dds75-lb-20,2,-112,4.0,"{""Bat"": 3.268, ""Distance_mm"": 925, ""Interrupt_flag"": 0, ""Node_type"": ""DDS75-LB"", ""Sensor_flag"": 1, ""TempC_DS18B20"": 32.76}"
2025-09-20 23:56:32.892996478+00:00,dds75-lb-20,2,-31,9.5,"{""Bat"": 3.268, ""Distance_mm"": 925, ""Interrupt_flag"": 0, ""Node_type"": ""DDS75-LB"", ""Sensor_flag"": 1, ""TempC_DS18B20"": 32.76}"
2025-09-20 23:57:32.873719743+00:00,dds75-lb-20,2,-33,7.75,"{""Bat"": 3.268, ""Distance_mm"": 925, ""Interrupt_flag"": 0, ""Node_type"": ""DDS75-LB"", ""Sensor_flag"": 1, ""TempC_DS18B20"": 32.76}"
2025-09-20 23:58:32.862870255+00:00,dds75-lb-20,2,-32,11.0,"{""Bat"": 3.268, ""Distance_mm"": 925, ""Interrupt_flag"": 0, ""Node_type"": ""DDS75-LB"", ""Sensor_flag"": 1, ""TempC_DS18B20"": 32.76}"
2025-09-20 23:59:32.853423273+00:00,dds75-lb-20,2,-111,3.75,"{""Bat"": 3.268, ""Distance_mm"": 925, ""Interrupt_flag"": 0, ""Node_type"": ""DDS75-LB"", ""Sensor_flag"": 1, ""TempC_DS18B20"": 32.76}"
2025-09-21 00:00:32.855347965+00:00,dds75-lb-20,2,-30,10.0,"{""Bat"": 3.268, ""Distance_mm"": 925, ""Interrupt_flag"": 0, ""Node_type"": ""DDS75-LB"", ""Sensor_flag"": 1, ""TempC_DS18B20"": 32.76}"
2025-09-21 00:01:32.854927309+00:00,dds75-lb-20,2,-30,6.75,"{""Bat"": 3.268, ""Distance_mm"": 925, ""Interrupt_flag"": 0, ""Node_type"": ""DDS75-LB"", ""Sensor_flag"": 1, ""TempC_DS18B20"": 32.76}"
2025-09-21 00:02:32.830637633+00:00,dds75-lb-20,2,-32,9.0,"{""Bat"": 3.268, ""Distance_mm"": 925, ""Interrupt_flag"": 0, ""Node_type"": ""DDS75-LB"", ""Sensor_flag"": 1, ""TempC_DS18B20"": 32.76}"
2025-09-21 00:03:32.823317174+00:00,dds75-lb-20,2,-32,10.25,"{""Bat"": 3.268, ""Distance_mm"": 925, ""Interrupt_flag"": 0, ""Node_type"": ""DDS75-LB"", ""Sensor_flag"": 1, ""TempC_DS18B20"": 32.76}"
2025-09-21 00:04:32.810995750+00:00,dds75-lb-20,2,-33,8.5,"{""Bat"": 3.268, ""Distance_mm"": 925, ""Interrupt_flag"": 0, ""Node_type"": ""DDS75-LB"", ""Sensor_flag"": 1, ""TempC_DS18B20"": 32.76}"
2025-09-21 00:05:32.822865232+00:00,dds75-lb-20,2,-33,9.75,"{""Bat"": 3.268, ""Distance_mm"": 925, ""Interrupt_flag"": 0, ""Node_type"": ""DDS75-LB"", ""Sensor_flag"": 1, ""TempC_DS18B20"": 32.76}"
2025-09-21 00:06:32.803157770+00:00,dds75-lb-20,2,-110,-7.5,"{""Bat"": 3.268, ""Distance_mm"": 925, ""Interrupt_flag"": 0, ""Node_type"": ""DDS75-LB"", ""Sensor_flag"": 1, ""TempC_DS18B20"": 32.76}"
2025-09-21 00:07:32.776236895+00:00,dds75-lb-20,2,-113,3.25,"{""Bat"": 3.268, ""Distance_mm"": 925, ""Interrupt_flag"": 0, ""Node_type"": ""DDS75-LB"", ""Sensor_flag"": 1, ""TempC_DS18B20"": 32.76}"
2025-09-21 00:08:32.755868937+00:00,dds75-lb-20,2,-30,7.5,"{""Bat"": 3.268, ""Distance_mm"": 925, ""Interrupt_flag"": 0, ""Node_type"": ""DDS75-LB"", ""Sensor_flag"": 1, ""TempC_DS18B20"": 32.76}"
2025-09-21 00:09:32.753095474+00:00,dds75-lb-20,2,-32,9.25,"{""Bat"": 3.268, ""Distance_mm"": 925, ""Interrupt_flag"": 0, ""Node_type"": ""DDS75-LB"", ""Sensor_flag"": 1, ""TempC_DS18B20"": 32.76}"
2025-09-21 00:10:32.735205168+00:00,dds75-lb-20,2,-33,7.25,"{""Bat"": 3.268, ""Distance_mm"": 925, ""Interrupt_flag"": 0, ""Node_type"": ""DDS75-LB"", ""Sensor_flag"": 1, ""TempC_DS18B20"": 32.76}"
2025-09-21 00:11:32.733243050+00:00,dds75-lb-20,2,-30,10.25,"{""Bat"": 3.268, ""Distance_mm"": 925, ""Interrupt_flag"": 0, ""Node_type"": ""DDS75-LB"", ""Sensor_flag"": 1, ""TempC_DS18B20"": 32.76}"
2025-09-21 00:12:32.723795871+00:00,dds75-lb-20,2,-32,9.5,"{""Bat"": 3.268, ""Distance_mm"": 925, ""Interrupt_flag"": 0, ""Node_type"": ""DDS75-LB"", ""Sensor_flag"": 1, ""TempC_DS18B20"": 32.76}"
2025-09-21 00:13:32.730714618+00:00,dds75-lb-20,2,-35,11.0,"{""Bat"": 3.268, ""Distance_mm"": 925, ""Interrupt_flag"": 0, ""Node_type"": ""DDS75-LB"", ""Sensor_flag"": 1, ""TempC_DS18B20"": 32.76}"
2025-09-21 00:14:32.693661828+00:00,dds75-lb-20,2,-31,8.75,"{""Bat"": 3.268, ""Distance_mm"": 925, ""Interrupt_flag"": 0, ""Node_type"": ""DDS75-LB"", ""Sensor_flag"": 1, ""TempC_DS18B20"": 32.76}"
2025-09-21 00:15:32.682000452+00:00,dds75-lb-20,2,-35,9.75,"{""Bat"": 3.268, ""Distance_mm"": 925, ""Interrupt_flag"": 0, ""Node_type"": ""DDS75-LB"", ""Sensor_flag"": 1, ""TempC_DS18B20"": 32.76}"
2025-09-21 00:16:32.675880363+00:00,dds75-lb-20,2,-31,6.5,"{""Bat"": 3.268, ""Distance_mm"": 925, ""Interrupt_flag"": 0, ""Node_type"": ""DDS75-LB"", ""Sensor_flag"": 1, ""TempC_DS18B20"": 32.76}"
2025-09-21 00:17:32.677340135+00:00,dds75-lb-20,2,-30,7.0,"{""Bat"": 3.268, ""Distance_mm"": 925, ""Interrupt_flag"": 0, ""Node_type"": ""DDS75-LB"", ""Sensor_flag"": 1, ""TempC_DS18B20"": 32.76}"
2025-09-21 00:18:32.657627965+00:00,dds75-lb-20,2,-31,7.75,"{""Bat"": 3.268, ""Distance_mm"": 925, ""Interrupt_flag"": 0, ""Node_type"": ""DDS75-LB"", ""Sensor_flag"": 1, ""TempC_DS18B20"": 32.76}"
2025-09-21 00:19:32.643152930+00:00,dds75-lb-20,2,-32,9.0,"{""Bat"": 3.268, ""Distance_mm"": 925, ""Interrupt_flag"": 0, ""Node_type"": ""DDS75-LB"", ""Sensor_flag"": 1, ""TempC_DS18B20"": 32.76}"
2025-09-21 00:20:32.648868039+00:00,dds75-lb-20,2,-33,9.0,"{""Bat"": 3.268, ""Distance_mm"": 925, ""Interrupt_flag"": 0, ""Node_type"": ""DDS75-LB"", ""Sensor_flag"": 1, ""TempC_DS18B20"": 32.76}"
2025-09-21 00:21:32.640102328+00:00,dds75-lb-20,2,-32,9.5,"{""Bat"": 3.268, ""Distance_mm"": 925, ""Interrupt_flag"": 0, ""Node_type"": ""DDS75-LB"", ""Sensor_flag"": 1, ""TempC_DS18B20"": 32.76}"
2025-09-21 00:22:32.605583708+00:00,dds75-lb-20,2,-32,9.0,"{""Bat"": 3.268, ""Distance_mm"": 925, ""Interrupt_flag"": 0, ""Node_type"": ""DDS75-LB"", ""Sensor_flag"": 1, ""TempC_DS18B20"": 32.76}"
2025-09-21 00:23:32.598577628+00:00,dds75-lb-20,2,-32,9.25,"{""Bat"": 3.268, ""Distance_mm"": 925, ""Interrupt_flag"": 0, ""Node_type"": ""DDS75-LB"", ""Sensor_flag"": 1, ""TempC_DS18B20"": 32.76}"
2025-09-21 00:24:32.608593019+00:00,dds75-lb-20,2,-31,9.5,"{""Bat"": 3.268, ""Distance_mm"": 925, ""Interrupt_flag"": 0, ""Node_type"": ""DDS75-LB"", ""Sensor_flag"": 1, ""TempC_DS18B20"": 32.76}"
2025-09-21 00:25:32.587972851+00:00,dds75-lb-20,2,-32,7.25,"{""Bat"": 3.268, ""Distance_mm"": 925, ""Interrupt_flag"": 0, ""Node_type"": ""DDS75-LB"", ""Sensor_flag"": 1, ""TempC_DS18B20"": 32.76}"
2025-09-21 00:26:32.575541089+00:00,dds75-lb-20,2,-32,7.5,"{""Bat"": 3.268, ""Distance_mm"": 925, ""Interrupt_flag"": 0, ""Node_type"": ""DDS75-LB"", ""Sensor_flag"": 1, ""TempC_DS18B20"": 32.76}"
2025-09-21 00:27:32.558900112+00:00,dds75-lb-20,2,-33,10.0,"{""Bat"": 3.268, ""Distance_mm"": 925, ""Interrupt_flag"": 0, ""Node_type"": ""DDS75-LB"", ""Sensor_flag"": 1, ""TempC_DS18B20"": 32.76}"
2025-09-21 00:28:32.557846226+00:00,dds75-lb-20,2,-32,9.25,"{""Bat"": 3.268, ""Distance_mm"": 878, ""Interrupt_flag"": 0, ""Node_type"": ""DDS75-LB"", ""Sensor_flag"": 1, ""TempC_DS18B20"": 32.76}"
2025-09-21 00:29:32.538566692+00:00,dds75-lb-20,2,-33,10.0,"{""Bat"": 3.268, ""Distance_mm"": 924, ""Interrupt_flag"": 0, ""Node_type"": ""DDS75-LB"", ""Sensor_flag"": 1, ""TempC_DS18B20"": 32.76}"
2025-09-21 00:30:32.536047313+00:00,dds75-lb-20,2,-32,9.0,"{""Bat"": 3.268, ""Distance_mm"": 924, ""Interrupt_flag"": 0, ""Node_type"": ""DDS75-LB"", ""Sensor_flag"": 1, ""TempC_DS18B20"": 32.76}"
2025-09-21 00:31:32.520638830+00:00,dds75-lb-20,2,-35,10.25,"{""Bat"": 3.268, ""Distance_mm"": 925, ""Interrupt_flag"": 0, ""Node_type"": ""DDS75-LB"", ""Sensor_flag"": 1, ""TempC_DS18B20"": 32.76}"
2025-09-21 00:32:32.519211730+00:00,dds75-lb-20,2,-29,8.0,"{""Bat"": 3.268, ""Distance_mm"": 924, ""Interrupt_flag"": 0, ""Node_type"": ""DDS75-LB"", ""Sensor_flag"": 1, ""TempC_DS18B20"": 32.76}"
2025-09-21 00:33:32.495603550+00:00,dds75-lb-20,2,-32,9.5,"{""Bat"": 3.268, ""Distance_mm"": 924, ""Interrupt_flag"": 0, ""Node_type"": ""DDS75-LB"", ""Sensor_flag"": 1, ""TempC_DS18B20"": 32.76}"
2025-09-21 00:34:32.498254515+00:00,dds75-lb-20,2,-33,7.75,"{""Bat"": 3.268, ""Distance_mm"": 924, ""Interrupt_flag"": 0, ""Node_type"": ""DDS75-LB"", ""Sensor_flag"": 1, ""TempC_DS18B20"": 32.76}"
2025-09-21 00:35:32.475073972+00:00,dds75-lb-20,2,-32,8.75,"{""Bat"": 3.268, ""Distance_mm"": 924, ""Interrupt_flag"": 0, ""Node_type"": ""DDS75-LB"", ""Sensor_flag"": 1, ""TempC_DS18B20"": 32.76}"
2025-09-21 00:36:32.468316187+00:00,dds75-lb-20,2,-33,9.25,"{""Bat"": 3.268, ""Distance_mm"": 924, ""Interrupt_flag"": 0, ""Node_type"": ""DDS75-LB"", ""Sensor_flag"": 1, ""TempC_DS18B20"": 32.76}"
2025-09-21 00:37:32.460136465+00:00,dds75-lb-20,2,-117,-1.5,"{""Bat"": 3.268, ""Distance_mm"": 924, ""Interrupt_flag"": 0, ""Node_type"": ""DDS75-LB"", ""Sensor_flag"": 1, ""TempC_DS18B20"": 32.76}"
2025-09-21 00:38:32.443559831+00:00,dds75-lb-20,2,-31,9.25,"{""Bat"": 3.268, ""Distance_mm"": 924, ""Interrupt_flag"": 0, ""Node_type"": ""DDS75-LB"", ""Sensor_flag"": 1, ""TempC_DS18B20"": 32.76}"
2025-09-21 00:39:32.433594773+00:00,dds75-lb-20,2,-33,9.25,"{""Bat"": 3.268, ""Distance_mm"": 924, ""Interrupt_flag"": 0, ""Node_type"": ""DDS75-LB"", ""Sensor_flag"": 1, ""TempC_DS18B20"": 32.76}"
2025-09-21 00:40:32.424364345+00:00,dds75-lb-20,2,-31,7.0,"{""Bat"": 3.268, ""Distance_mm"": 924, ""Interrupt_flag"": 0, ""Node_type"": ""DDS75-LB"", ""Sensor_flag"": 1, ""TempC_DS18B20"": 32.76}"
2025-09-21 00:41:32.417675519+00:00,dds75-lb-20,2,-113,2.0,"{""Bat"": 3.268, ""Distance_mm"": 924, ""Interrupt_flag"": 0, ""Node_type"": ""DDS75-LB"", ""Sensor_flag"": 1, ""TempC_DS18B20"": 32.76}"
2025-09-21 00:42:32.405899492+00:00,dds75-lb-20,2,-32,7.25,"{""Bat"": 3.268, ""Distance_mm"": 924, ""Interrupt_flag"": 0, ""Node_type"": ""DDS75-LB"", ""Sensor_flag"": 1, ""TempC_DS18B20"": 32.76}"
2025-09-21 00:43:32.394321641+00:00,dds75-lb-20,2,-31,8.75,"{""Bat"": 3.268, ""Distance_mm"": 924, ""Interrupt_flag"": 0, ""Node_type"": ""DDS75-LB"", ""Sensor_flag"": 1, ""TempC_DS18B20"": 32.76}"
2025-09-21 00:44:32.385895115+00:00,dds75-lb-20,2,-35,10.25,"{""Bat"": 3.268, ""Distance_mm"": 924, ""Interrupt_flag"": 0, ""Node_type"": ""DDS75-LB"", ""Sensor_flag"": 1, ""TempC_DS18B20"": 32.76}"
2025-09-21 00:45:32.378439453+00:00,dds75-lb-20,2,-114,0.5,"{""Bat"": 3.268, ""Distance_mm"": 924, ""Interrupt_flag"": 0, ""Node_type"": ""DDS75-LB"", ""Sensor_flag"": 1, ""TempC_DS18B20"": 32.76}"
2025-09-21 00:46:32.360842979+00:00,dds75-lb-20,2,-113,2.75,"{""Bat"": 3.268, ""Distance_mm"": 924, ""Interrupt_flag"": 0, ""Node_type"": ""DDS75-LB"", ""Sensor_flag"": 1, ""TempC_DS18B20"": 32.76}"
2025-09-21 00:47:32.359502099+00:00,dds75-lb-20,2,-113,2.5,"{""Bat"": 3.268, ""Distance_mm"": 924, ""Interrupt_flag"": 0, ""Node_type"": ""DDS75-LB"", ""Sensor_flag"": 1, ""TempC_DS18B20"": 32.76}"
2025-09-21 00:48:32.363658286+00:00,dds75-lb-20,2,-31,7.5,"{""Bat"": 3.268, ""Distance_mm"": 924, ""Interrupt_flag"": 0, ""Node_type"": ""DDS75-LB"", ""Sensor_flag"": 1, ""TempC_DS18B20"": 32.76}"
2025-09-21 00:49:32.324124886+00:00,dds75-lb-20,2,-30,7.0,"{""Bat"": 3.268, ""Distance_mm"": 924, ""Interrupt_flag"": 0, ""Node_type"": ""DDS75-LB"", ""Sensor_flag"": 1, ""TempC_DS18B20"": 32.76}"
2025-09-21 00:50:32.325925114+00:00,dds75-lb-20,2,-33,9.5,"{""Bat"": 3.268, ""Distance_mm"": 924, ""Interrupt_flag"": 0, ""Node_type"": ""DDS75-LB"", ""Sensor_flag"": 1, ""TempC_DS18B20"": 32.76}"
2025-09-21 00:51:32.318376395+00:00,dds75-lb-20,2,-31,9.0,"{""Bat"": 3.268, ""Distance_mm"": 924, ""Interrupt_flag"": 0, ""Node_type"": ""DDS75-LB"", ""Sensor_flag"": 1, ""TempC_DS18B20"": 32.76}"
2025-09-21 00:52:32.293871098+00:00,dds75-lb-20,2,-112,2.5,"{""Bat"": 3.268, ""Distance_mm"": 924, ""Interrupt_flag"": 0, ""Node_type"": ""DDS75-LB"", ""Sensor_flag"": 1, ""TempC_DS18B20"": 32.76}"
2025-09-21 00:53:32.289120717+00:00,dds75-lb-20,2,-32,7.5,"{""Bat"": 3.268, ""Distance_mm"": 924, ""Interrupt_flag"": 0, ""Node_type"": ""DDS75-LB"", ""Sensor_flag"": 1, ""TempC_DS18B20"": 32.76}"
2025-09-21 00:54:32.290057067+00:00,dds75-lb-20,2,-110,5.0,"{""Bat"": 3.268, ""Distance_mm"": 924, ""Interrupt_flag"": 0, ""Node_type"": ""DDS75-LB"", ""Sensor_flag"": 1, ""TempC_DS18B20"": 32.76}"
2025-09-21 00:55:32.270447601+00:00,dds75-lb-20,2,-31,9.5,"{""Bat"": 3.268, ""Distance_mm"": 924, ""Interrupt_flag"": 0, ""Node_type"": ""DDS75-LB"", ""Sensor_flag"": 1, ""TempC_DS18B20"": 32.76}"
2025-09-21 00:56:32.260711288+00:00,dds75-lb-20,2,-31,9.75,"{""Bat"": 3.268, ""Distance_mm"": 924, ""Interrupt_flag"": 0, ""Node_type"": ""DDS75-LB"", ""Sensor_flag"": 1, ""TempC_DS18B20"": 32.76}"
2025-09-21 00:57:32.249149038+00:00,dds75-lb-20,2,-31,7.25,"{""Bat"": 3.268, ""Distance_mm"": 920, ""Interrupt_flag"": 0, ""Node_type"": ""DDS75-LB"", ""Sensor_flag"": 1, ""TempC_DS18B20"": 32.76}"
2025-09-21 00:58:32.228548880+00:00,dds75-lb-20,2,-31,7.5,"{""Bat"": 3.268, ""Distance_mm"": 924, ""Interrupt_flag"": 0, ""Node_type"": ""DDS75-LB"", ""Sensor_flag"": 1, ""TempC_DS18B20"": 32.76}"
2025-09-21 00:59:32.239311607+00:00,dds75-lb-20,2,-30,9.25,"{""Bat"": 3.268, ""Distance_mm"": 924, ""Interrupt_flag"": 0, ""Node_type"": ""DDS75-LB"", ""Sensor_flag"": 1, ""TempC_DS18B20"": 32.76}"
2025-09-21 01:00:32.216857013+00:00,dds75-lb-20,2,-33,10.0,"{""Bat"": 3.268, ""Distance_mm"": 923, ""Interrupt_flag"": 0, ""Node_type"": ""DDS75-LB"", ""Sensor_flag"": 1, ""TempC_DS18B20"": 32.76}"
2025-09-21 01:01:32.200966350+00:00,dds75-lb-20,2,-33,9.5,"{""Bat"": 3.268, ""Distance_mm"": 921, ""Interrupt_flag"": 0, ""Node_type"": ""DDS75-LB"", ""Sensor_flag"": 1, ""TempC_DS18B20"": 32.76}"
2025-09-21 01:02:32.197948924+00:00,dds75-lb-20,2,-31,9.0,"{""Bat"": 3.268, ""Distance_mm"": 912, ""Interrupt_flag"": 0, ""Node_type"": ""DDS75-LB"", ""Sensor_flag"": 1, ""TempC_DS18B20"": 32.76}"
2025-09-21 01:03:32.199401806+00:00,dds75-lb-20,2,-31,9.25,"{""Bat"": 3.268, ""Distance_mm"": 740, ""Interrupt_flag"": 0, ""Node_type"": ""DDS75-LB"", ""Sensor_flag"": 1, ""TempC_DS18B20"": 32.76}"
2025-09-21 01:04:32.167760949+00:00,dds75-lb-20,2,-109,3.0,"{""Bat"": 3.268, ""Distance_mm"": 826, ""Interrupt_flag"": 0, ""Node_type"": ""DDS75-LB"", ""Sensor_flag"": 1, ""TempC_DS18B20"": 32.76}"
2025-09-21 01:05:32.156092839+00:00,dds75-lb-20,2,-110,2.5,"{""Bat"": 3.268, ""Distance_mm"": 911, ""Interrupt_flag"": 0, ""Node_type"": ""DDS75-LB"", ""Sensor_flag"": 1, ""TempC_DS18B20"": 32.76}"
2025-09-21 01:06:32.169034913+00:00,dds75-lb-20,2,-30,8.5,"{""Bat"": 3.268, ""Distance_mm"": 923, ""Interrupt_flag"": 0, ""Node_type"": ""DDS75-LB"", ""Sensor_flag"": 1, ""TempC_DS18B20"": 32.76}"
2025-09-21 01:07:32.132676685+00:00,dds75-lb-20,2,-112,-1.0,"{""Bat"": 3.268, ""Distance_mm"": 922, ""Interrupt_flag"": 0, ""Node_type"": ""DDS75-LB"", ""Sensor_flag"": 1, ""TempC_DS18B20"": 32.76}"
2025-09-21 01:08:32.125807931+00:00,dds75-lb-20,2,-113,3.0,"{""Bat"": 3.268, ""Distance_mm"": 923, ""Interrupt_flag"": 0, ""Node_type"": ""DDS75-LB"", ""Sensor_flag"": 1, ""TempC_DS18B20"": 32.76}"
2025-09-21 01:09:32.116009569+00:00,dds75-lb-20,2,-116,-1.0,"{""Bat"": 3.268, ""Distance_mm"": 924, ""Interrupt_flag"": 0, ""Node_type"": ""DDS75-LB"", ""Sensor_flag"": 1, ""TempC_DS18B20"": 32.76}"
2025-09-21 01:10:32.104843995+00:00,dds75-lb-20,2,-110,5.0,"{""Bat"": 3.268, ""Distance_mm"": 923, ""Interrupt_flag"": 0, ""Node_type"": ""DDS75-LB"", ""Sensor_flag"": 1, ""TempC_DS18B20"": 32.76}"
2025-09-21 01:11:32.120114519+00:00,dds75-lb-20,2,-32,9.25,"{""Bat"": 3.268, ""Distance_mm"": 924, ""Interrupt_flag"": 0, ""Node_type"": ""DDS75-LB"", ""Sensor_flag"": 1, ""TempC_DS18B20"": 32.76}"
2025-09-21 01:12:32.091994912+00:00,dds75-lb-20,2,-32,9.25,"{""Bat"": 3.268, ""Distance_mm"": 924, ""Interrupt_flag"": 0, ""Node_type"": ""DDS75-LB"", ""Sensor_flag"": 1, ""TempC_DS18B20"": 32.76}"
2025-09-21 01:13:32.075449446+00:00,dds75-lb-20,2,-110,5.25,"{""Bat"": 3.268, ""Distance_mm"": 924, ""Interrupt_flag"": 0, ""Node_type"": ""DDS75-LB"", ""Sensor_flag"": 1, ""TempC_DS18B20"": 32.76}"
2025-09-21 01:14:32.067292867+00:00,dds75-lb-20,2,-33,6.75,"{""Bat"": 3.268, ""Distance_mm"": 924, ""Interrupt_flag"": 0, ""Node_type"": ""DDS75-LB"", ""Sensor_flag"": 1, ""TempC_DS18B20"": 32.76}"
2025-09-21 01:15:32.054605291+00:00,dds75-lb-20,2,-112,4.25,"{""Bat"": 3.268, ""Distance_mm"": 924, ""Interrupt_flag"": 0, ""Node_type"": ""DDS75-LB"", ""Sensor_flag"": 1, ""TempC_DS18B20"": 32.76}"
2025-09-21 01:16:32.054573483+00:00,dds75-lb-20,2,-112,3.75,"{""Bat"": 3.268, ""Distance_mm"": 924, ""Interrupt_flag"": 0, ""Node_type"": ""DDS75-LB"", ""Sensor_flag"": 1, ""TempC_DS18B20"": 32.76}"
2025-09-21 01:17:32.036541514+00:00,dds75-lb-20,2,-33,8.0,"{""Bat"": 3.268, ""Distance_mm"": 924, ""Interrupt_flag"": 0, ""Node_type"": ""DDS75-LB"", ""Sensor_flag"": 1, ""TempC_DS18B20"": 32.76}"
2025-09-21 01:18:32.038728179+00:00,dds75-lb-20,2,-32,9.25,"{""Bat"": 3.268, ""Distance_mm"": 924, ""Interrupt_flag"": 0, ""Node_type"": ""DDS75-LB"", ""Sensor_flag"": 1, ""TempC_DS18B20"": 32.76}"
2025-09-21 01:19:32.015572190+00:00,dds75-lb-20,2,-114,-0.5,"{""Bat"": 3.268, ""Distance_mm"": 924, ""Interrupt_flag"": 0, ""Node_type"": ""DDS75-LB"", ""Sensor_flag"": 1, ""TempC_DS18B20"": 32.76}"
2025-09-21 01:20:32.000209101+00:00,dds75-lb-20,2,-111,-4.0,"{""Bat"": 3.268, ""Distance_mm"": 924, ""Interrupt_flag"": 0, ""Node_type"": ""DDS75-LB"", ""Sensor_flag"": 1, ""TempC_DS18B20"": 32.76}"
2025-09-21 01:21:31.990499047+00:00,dds75-lb-20,2,-31,6.25,"{""Bat"": 3.268, ""Distance_mm"": 924, ""Interrupt_flag"": 0, ""Node_type"": ""DDS75-LB"", ""Sensor_flag"": 1, ""TempC_DS18B20"": 32.76}"
2025-09-21 01:22:31.982928153+00:00,dds75-lb-20,2,-33,7.25,"{""Bat"": 3.268, ""Distance_mm"": 924, ""Interrupt_flag"": 0, ""Node_type"": ""DDS75-LB"", ""Sensor_flag"": 1, ""TempC_DS18B20"": 32.76}"
2025-09-21 01:23:31.977229240+00:00,dds75-lb-20,2,-29,9.0,"{""Bat"": 3.268, ""Distance_mm"": 924, ""Interrupt_flag"": 0, ""Node_type"": ""DDS75-LB"", ""Sensor_flag"": 1, ""TempC_DS18B20"": 32.76}"
2025-09-21 01:24:31.960207986+00:00,dds75-lb-20,2,-35,10.5,"{""Bat"": 3.268, ""Distance_mm"": 924, ""Interrupt_flag"": 0, ""Node_type"": ""DDS75-LB"", ""Sensor_flag"": 1, ""TempC_DS18B20"": 32.76}"
2025-09-21 01:25:31.959329729+00:00,dds75-lb-20,2,-31,9.0,"{""Bat"": 3.268, ""Distance_mm"": 924, ""Interrupt_flag"": 0, ""Node_type"": ""DDS75-LB"", ""Sensor_flag"": 1, ""TempC_DS18B20"": 32.76}"
2025-09-21 01:26:31.948970307+00:00,dds75-lb-20,2,-33,9.25,"{""Bat"": 3.268, ""Distance_mm"": 924, ""Interrupt_flag"": 0, ""Node_type"": ""DDS75-LB"", ""Sensor_flag"": 1, ""TempC_DS18B20"": 32.76}"
2025-09-21 01:27:31.939056982+00:00,dds75-lb-20,2,-33,10.75,"{""Bat"": 3.268, ""Distance_mm"": 924, ""Interrupt_flag"": 0, ""Node_type"": ""DDS75-LB"", ""Sensor_flag"": 1, ""TempC_DS18B20"": 32.76}"
2025-09-21 01:28:31.917418475+00:00,dds75-lb-20,2,-30,9.5,"{""Bat"": 3.268, ""Distance_mm"": 924, ""Interrupt_flag"": 0, ""Node_type"": ""DDS75-LB"", ""Sensor_flag"": 1, ""TempC_DS18B20"": 32.76}"
2025-09-21 01:29:31.926926907+00:00,dds75-lb-20,2,-31,7.25,"{""Bat"": 3.268, ""Distance_mm"": 924, ""Interrupt_flag"": 0, ""Node_type"": ""DDS75-LB"", ""Sensor_flag"": 1, ""TempC_DS18B20"": 32.76}"
2025-09-21 01:30:31.899610207+00:00,dds75-lb-20,2,-31,9.25,"{""Bat"": 3.268, ""Distance_mm"": 924, ""Interrupt_flag"": 0, ""Node_type"": ""DDS75-LB"", ""Sensor_flag"": 1, ""TempC_DS18B20"": 32.76}"
2025-09-21 01:31:31.886148928+00:00,dds75-lb-20,2,-112,4.25,"{""Bat"": 3.268, ""Distance_mm"": 924, ""Interrupt_flag"": 0, ""Node_type"": ""DDS75-LB"", ""Sensor_flag"": 1, ""TempC_DS18B20"": 32.76}"
2025-09-21 01:32:31.884888674+00:00,dds75-lb-20,2,-113,3.25,"{""Bat"": 3.268, ""Distance_mm"": 924, ""Interrupt_flag"": 0, ""Node_type"": ""DDS75-LB"", ""Sensor_flag"": 1, ""TempC_DS18B20"": 32.76}"
2025-09-21 01:33:31.886483636+00:00,dds75-lb-20,2,-33,10.0,"{""Bat"": 3.268, ""Distance_mm"": 924, ""Interrupt_flag"": 0, ""Node_type"": ""DDS75-LB"", ""Sensor_flag"": 1, ""TempC_DS18B20"": 32.76}"
2025-09-21 01:34:31.867457276+00:00,dds75-lb-20,2,-32,9.75,"{""Bat"": 3.268, ""Distance_mm"": 924, ""Interrupt_flag"": 0, ""Node_type"": ""DDS75-LB"", ""Sensor_flag"": 1, ""TempC_DS18B20"": 32.76}"
2025-09-21 01:35:31.848494104+00:00,dds75-lb-20,2,-32,9.25,"{""Bat"": 3.268, ""Distance_mm"": 924, ""Interrupt_flag"": 0, ""Node_type"": ""DDS75-LB"", ""Sensor_flag"": 1, ""TempC_DS18B20"": 32.76}"
2025-09-21 01:36:31.838750621+00:00,dds75-lb-20,2,-111,4.25,"{""Bat"": 3.268, ""Distance_mm"": 924, ""Interrupt_flag"": 0, ""Node_type"": ""DDS75-LB"", ""Sensor_flag"": 1, ""TempC_DS18B20"": 32.76}"
2025-09-21 01:37:31.828381315+00:00,dds75-lb-20,2,-31,9.5,"{""Bat"": 3.268, ""Distance_mm"": 924, ""Interrupt_flag"": 0, ""Node_type"": ""DDS75-LB"", ""Sensor_flag"": 1, ""TempC_DS18B20"": 32.76}"
2025-09-21 01:38:31.819981260+00:00,dds75-lb-20,2,-33,8.25,"{""Bat"": 3.268, ""Distance_mm"": 924, ""Interrupt_flag"": 0, ""Node_type"": ""DDS75-LB"", ""Sensor_flag"": 1, ""TempC_DS18B20"": 32.76}"
2025-09-21 01:39:31.822411760+00:00,dds75-lb-20,2,-32,8.75,"{""Bat"": 3.268, ""Distance_mm"": 924, ""Interrupt_flag"": 0, ""Node_type"": ""DDS75-LB"", ""Sensor_flag"": 1, ""TempC_DS18B20"": 32.76}"
2025-09-21 01:40:31.817527953+00:00,dds75-lb-20,2,-35,10.25,"{""Bat"": 3.268, ""Distance_mm"": 924, ""Interrupt_flag"": 0, ""Node_type"": ""DDS75-LB"", ""Sensor_flag"": 1, ""TempC_DS18B20"": 32.76}"
2025-09-21 01:41:31.796469793+00:00,dds75-lb-20,2,-33,7.75,"{""Bat"": 3.268, ""Distance_mm"": 924, ""Interrupt_flag"": 0, ""Node_type"": ""DDS75-LB"", ""Sensor_flag"": 1, ""TempC_DS18B20"": 32.76}"
2025-09-21 01:42:31.776741315+00:00,dds75-lb-20,2,-30,9.5,"{""Bat"": 3.268, ""Distance_mm"": 924, ""Interrupt_flag"": 0, ""Node_type"": ""DDS75-LB"", ""Sensor_flag"": 1, ""TempC_DS18B20"": 32.76}"
2025-09-21 01:43:31.776392685+00:00,dds75-lb-20,2,-32,10.0,"{""Bat"": 3.268, ""Distance_mm"": 924, ""Interrupt_flag"": 0, ""Node_type"": ""DDS75-LB"", ""Sensor_flag"": 1, ""TempC_DS18B20"": 32.76}"
2025-09-21 01:44:31.747034333+00:00,dds75-lb-20,2,-31,9.5,"{""Bat"": 3.268, ""Distance_mm"": 924, ""Interrupt_flag"": 0, ""Node_type"": ""DDS75-LB"", ""Sensor_flag"": 1, ""TempC_DS18B20"": 32.76}"
2025-09-21 01:45:31.756691051+00:00,dds75-lb-20,2,-31,9.75,"{""Bat"": 3.268, ""Distance_mm"": 924, ""Interrupt_flag"": 0, ""Node_type"": ""DDS75-LB"", ""Sensor_flag"": 1, ""TempC_DS18B20"": 32.76}"
2025-09-21 01:46:31.738045339+00:00,dds75-lb-20,2,-112,4.5,"{""Bat"": 3.268, ""Distance_mm"": 924, ""Interrupt_flag"": 0, ""Node_type"": ""DDS75-LB"", ""Sensor_flag"": 1, ""TempC_DS18B20"": 32.76}"
2025-09-21 01:47:31.739094904+00:00,dds75-lb-20,2,-33,9.5,"{""Bat"": 3.268, ""Distance_mm"": 924, ""Interrupt_flag"": 0, ""Node_type"": ""DDS75-LB"", ""Sensor_flag"": 1, ""TempC_DS18B20"": 32.76}"
2025-09-21 01:48:31.710994534+00:00,dds75-lb-20,2,-33,9.0,"{""Bat"": 3.268, ""Distance_mm"": 924, ""Interrupt_flag"": 0, ""Node_type"": ""DDS75-LB"", ""Sensor_flag"": 1, ""TempC_DS18B20"": 32.76}"
2025-09-21 01:49:31.710855515+00:00,dds75-lb-20,2,-33,9.25,"{""Bat"": 3.268, ""Distance_mm"": 924, ""Interrupt_flag"": 0, ""Node_type"": ""DDS75-LB"", ""Sensor_flag"": 1, ""TempC_DS18B20"": 32.76}"
2025-09-21 01:50:31.683670504+00:00,dds75-lb-20,2,-33,9.25,"{""Bat"": 3.268, ""Distance_mm"": 924, ""Interrupt_flag"": 0, ""Node_type"": ""DDS75-LB"", ""Sensor_flag"": 1, ""TempC_DS18B20"": 32.76}"
2025-09-21 01:51:31.699327261+00:00,dds75-lb-20,2,-32,9.75,"{""Bat"": 3.268, ""Distance_mm"": 924, ""Interrupt_flag"": 0, ""Node_type"": ""DDS75-LB"", ""Sensor_flag"": 1, ""TempC_DS18B20"": 32.76}"
2025-09-21 01:52:31.676791908+00:00,dds75-lb-20,2,-31,6.75,"{""Bat"": 3.268, ""Distance_mm"": 924, ""Interrupt_flag"": 0, ""Node_type"": ""DDS75-LB"", ""Sensor_flag"": 1, ""TempC_DS18B20"": 32.76}"
2025-09-21 01:53:31.666827385+00:00,dds75-lb-20,2,-31,9.75,"{""Bat"": 3.268, ""Distance_mm"": 924, ""Interrupt_flag"": 0, ""Node_type"": ""DDS75-LB"", ""Sensor_flag"": 1, ""TempC_DS18B20"": 32.76}"
2025-09-21 01:54:31.658533319+00:00,dds75-lb-20,2,-30,8.5,"{""Bat"": 3.268, ""Distance_mm"": 924, ""Interrupt_flag"": 0, ""Node_type"": ""DDS75-LB"", ""Sensor_flag"": 1, ""TempC_DS18B20"": 32.76}"
2025-09-21 01:55:31.648404837+00:00,dds75-lb-20,2,-33,10.25,"{""Bat"": 3.268, ""Distance_mm"": 924, ""Interrupt_flag"": 0, ""Node_type"": ""DDS75-LB"", ""Sensor_flag"": 1, ""TempC_DS18B20"": 32.76}"
2025-09-21 01:56:31.640076534+00:00,dds75-lb-20,2,-111,4.5,"{""Bat"": 3.268, ""Distance_mm"": 924, ""Interrupt_flag"": 0, ""Node_type"": ""DDS75-LB"", ""Sensor_flag"": 1, ""TempC_DS18B20"": 32.76}"
2025-09-21 01:57:31.616034880+00:00,dds75-lb-20,2,-33,7.75,"{""Bat"": 3.268, ""Distance_mm"": 924, ""Interrupt_flag"": 0, ""Node_type"": ""DDS75-LB"", ""Sensor_flag"": 1, ""TempC_DS18B20"": 32.76}"
2025-09-21 01:58:31.615910409+00:00,dds75-lb-20,2,-29,8.75,"{""Bat"": 3.268, ""Distance_mm"": 924, ""Interrupt_flag"": 0, ""Node_type"": ""DDS75-LB"", ""Sensor_flag"": 1, ""TempC_DS18B20"": 32.76}"
2025-09-21 01:59:31.608723115+00:00,dds75-lb-20,2,-32,9.25,"{""Bat"": 3.268, ""Distance_mm"": 924, ""Interrupt_flag"": 0, ""Node_type"": ""DDS75-LB"", ""Sensor_flag"": 1, ""TempC_DS18B20"": 32.76}"
2025-09-21 02:00:31.575952991+00:00,dds75-lb-20,2,-30,8.75,"{""Bat"": 3.268, ""Distance_mm"": 924, ""Interrupt_flag"": 0, ""Node_type"": ""DDS75-LB"", ""Sensor_flag"": 1, ""TempC_DS18B20"": 32.76}"
2025-09-21 02:01:31.570159842+00:00,dds75-lb-20,2,-111,4.5,"{""Bat"": 3.268, ""Distance_mm"": 924, ""Interrupt_flag"": 0, ""Node_type"": ""DDS75-LB"", ""Sensor_flag"": 1, ""TempC_DS18B20"": 32.76}"
2025-09-21 02:02:31.577331088+00:00,dds75-lb-20,2,-121,-5.25,"{""Bat"": 3.268, ""Distance_mm"": 924, ""Interrupt_flag"": 0, ""Node_type"": ""DDS75-LB"", ""Sensor_flag"": 1, ""TempC_DS18B20"": 32.76}"
2025-09-21 02:03:31.551488707+00:00,dds75-lb-20,2,-31,9.5,"{""Bat"": 3.268, ""Distance_mm"": 924, ""Interrupt_flag"": 0, ""Node_type"": ""DDS75-LB"", ""Sensor_flag"": 1, ""TempC_DS18B20"": 32.76}"
2025-09-21 02:04:31.539549590+00:00,dds75-lb-20,2,-33,9.25,"{""Bat"": 3.268, ""Distance_mm"": 924, ""Interrupt_flag"": 0, ""Node_type"": ""DDS75-LB"", ""Sensor_flag"": 1, ""TempC_DS18B20"": 32.76}"
2025-09-21 02:05:31.535308177+00:00,dds75-lb-20,2,-122,-7.0,"{""Bat"": 3.268, ""Distance_mm"": 924, ""Interrupt_flag"": 0, ""Node_type"": ""DDS75-LB"", ""Sensor_flag"": 1, ""TempC_DS18B20"": 32.76}"
2025-09-21 02:06:31.527223738+00:00,dds75-lb-20,2,-111,4.25,"{""Bat"": 3.268, ""Distance_mm"": 924, ""Interrupt_flag"": 0, ""Node_type"": ""DDS75-LB"", ""Sensor_flag"": 1, ""TempC_DS18B20"": 32.76}"
2025-09-21 02:07:31.507428358+00:00,dds75-lb-20,2,-31,9.25,"{""Bat"": 3.268, ""Distance_mm"": 924, ""Interrupt_flag"": 0, ""Node_type"": ""DDS75-LB"", ""Sensor_flag"": 1, ""TempC_DS18B20"": 32.76}"
2025-09-21 02:08:31.496866620+00:00,dds75-lb-20,2,-30,7.25,"{""Bat"": 3.268, ""Distance_mm"": 924, ""Interrupt_flag"": 0, ""Node_type"": ""DDS75-LB"", ""Sensor_flag"": 1, ""TempC_DS18B20"": 32.76}"
2025-09-21 02:09:31.507473889+00:00,dds75-lb-20,2,-31,7.5,"{""Bat"": 3.268, ""Distance_mm"": 924, ""Interrupt_flag"": 0, ""Node_type"": ""DDS75-LB"", ""Sensor_flag"": 1, ""TempC_DS18B20"": 32.76}"
2025-09-21 02:10:31.474950487+00:00,dds75-lb-20,2,-111,-3.75,"{""Bat"": 3.268, ""Distance_mm"": 924, ""Interrupt_flag"": 0, ""Node_type"": ""DDS75-LB"", ""Sensor_flag"": 1, ""TempC_DS18B20"": 32.76}"
2025-09-21 02:11:31.489158796+00:00,dds75-lb-20,2,-29,9.25,"{""Bat"": 3.268, ""Distance_mm"": 924, ""Interrupt_flag"": 0, ""Node_type"": ""DDS75-LB"", ""Sensor_flag"": 1, ""TempC_DS18B20"": 32.76}"
2025-09-21 02:12:31.462728545+00:00,dds75-lb-20,2,-33,10.25,"{""Bat"": 3.268, ""Distance_mm"": 924, ""Interrupt_flag"": 0, ""Node_type"": ""DDS75-LB"", ""Sensor_flag"": 1, ""TempC_DS18B20"": 32.76}"
2025-09-21 02:13:31.456002591+00:00,dds75-lb-20,2,-33,8.25,"{""Bat"": 3.268, ""Distance_mm"": 924, ""Interrupt_flag"": 0, ""Node_type"": ""DDS75-LB"", ""Sensor_flag"": 1, ""TempC_DS18B20"": 32.76}"
2025-09-21 02:14:31.438329210+00:00,dds75-lb-20,2,-31,9.75,"{""Bat"": 3.268, ""Distance_mm"": 924, ""Interrupt_flag"": 0, ""Node_type"": ""DDS75-LB"", ""Sensor_flag"": 1, ""TempC_DS18B20"": 32.76}"
2025-09-21 02:15:31.430203069+00:00,dds75-lb-20,2,-35,10.75,"{""Bat"": 3.268, ""Distance_mm"": 924, ""Interrupt_flag"": 0, ""Node_type"": ""DDS75-LB"", ""Sensor_flag"": 1, ""TempC_DS18B20"": 32.76}"
2025-09-21 02:16:31.422829164+00:00,dds75-lb-20,2,-29,8.0,"{""Bat"": 3.268, ""Distance_mm"": 924, ""Interrupt_flag"": 0, ""Node_type"": ""DDS75-LB"", ""Sensor_flag"": 1, ""TempC_DS18B20"": 32.76}"
2025-09-21 02:17:31.410083196+00:00,dds75-lb-20,2,-31,7.25,"{""Bat"": 3.268, ""Distance_mm"": 924, ""Interrupt_flag"": 0, ""Node_type"": ""DDS75-LB"", ""Sensor_flag"": 1, ""TempC_DS18B20"": 32.76}"
2025-09-21 02:18:31.389397713+00:00,dds75-lb-20,2,-31,8.5,"{""Bat"": 3.268, ""Distance_mm"": 924, ""Interrupt_flag"": 0, ""Node_type"": ""DDS75-LB"", ""Sensor_flag"": 1, ""TempC_DS18B20"": 32.76}"
2025-09-21 02:19:31.379740148+00:00,dds75-lb-20,2,-32,10.25,"{""Bat"": 3.268, ""Distance_mm"": 924, ""Interrupt_flag"": 0, ""Node_type"": ""DDS75-LB"", ""Sensor_flag"": 1, ""TempC_DS18B20"": 32.76}"
2025-09-21 02:20:31.380054461+00:00,dds75-lb-20,2,-32,8.75,"{""Bat"": 3.268, ""Distance_mm"": 924, ""Interrupt_flag"": 0, ""Node_type"": ""DDS75-LB"", ""Sensor_flag"": 1, ""TempC_DS18B20"": 32.76}"
2025-09-21 02:21:31.369038655+00:00,dds75-lb-20,2,-33,10.75,"{""Bat"": 3.268, ""Distance_mm"": 924, ""Interrupt_flag"": 0, ""Node_type"": ""DDS75-LB"", ""Sensor_flag"": 1, ""TempC_DS18B20"": 32.76}"
2025-09-21 02:23:31.353646144+00:00,dds75-lb-20,2,-35,8.75,"{""Bat"": 3.268, ""Distance_mm"": 924, ""Interrupt_flag"": 0, ""Node_type"": ""DDS75-LB"", ""Sensor_flag"": 1, ""TempC_DS18B20"": 32.76}"
2025-09-21 02:24:31.339084886+00:00,dds75-lb-20,2,-29,7.75,"{""Bat"": 3.268, ""Distance_mm"": 924, ""Interrupt_flag"": 0, ""Node_type"": ""DDS75-LB"", ""Sensor_flag"": 1, ""TempC_DS18B20"": 32.76}"
2025-09-21 02:25:31.329229223+00:00,dds75-lb-20,2,-31,8.75,"{""Bat"": 3.268, ""Distance_mm"": 924, ""Interrupt_flag"": 0, ""Node_type"": ""DDS75-LB"", ""Sensor_flag"": 1, ""TempC_DS18B20"": 32.76}"
2025-09-21 02:26:31.332191318+00:00,dds75-lb-20,2,-33,7.5,"{""Bat"": 3.268, ""Distance_mm"": 924, ""Interrupt_flag"": 0, ""Node_type"": ""DDS75-LB"", ""Sensor_flag"": 1, ""TempC_DS18B20"": 32.76}"
2025-09-21 02:27:31.310714571+00:00,dds75-lb-20,2,-32,9.25,"{""Bat"": 3.268, ""Distance_mm"": 924, ""Interrupt_flag"": 0, ""Node_type"": ""DDS75-LB"", ""Sensor_flag"": 1, ""TempC_DS18B20"": 32.76}"
2025-09-21 02:28:31.292106777+00:00,dds75-lb-20,2,-31,8.5,"{""Bat"": 3.268, ""Distance_mm"": 924, ""Interrupt_flag"": 0, ""Node_type"": ""DDS75-LB"", ""Sensor_flag"": 1, ""TempC_DS18B20"": 32.76}"
2025-09-21 02:29:31.291848261+00:00,dds75-lb-20,2,-33,7.0,"{""Bat"": 3.268, ""Distance_mm"": 924, ""Interrupt_flag"": 0, ""Node_type"": ""DDS75-LB"", ""Sensor_flag"": 1, ""TempC_DS18B20"": 32.76}"
2025-09-21 02:30:31.281258230+00:00,dds75-lb-20,2,-31,8.75,"{""Bat"": 3.268, ""Distance_mm"": 924, ""Interrupt_flag"": 0, ""Node_type"": ""DDS75-LB"", ""Sensor_flag"": 1, ""TempC_DS18B20"": 32.76}"
2025-09-21 02:31:31.261677203+00:00,dds75-lb-20,2,-35,10.75,"{""Bat"": 3.268, ""Distance_mm"": 924, ""Interrupt_flag"": 0, ""Node_type"": ""DDS75-LB"", ""Sensor_flag"": 1, ""TempC_DS18B20"": 32.76}"
2025-09-21 02:32:31.252501674+00:00,dds75-lb-20,2,-31,7.25,"{""Bat"": 3.268, ""Distance_mm"": 924, ""Interrupt_flag"": 0, ""Node_type"": ""DDS75-LB"", ""Sensor_flag"": 1, ""TempC_DS18B20"": 32.76}"
2025-09-21 02:33:31.239155688+00:00,dds75-lb-20,2,-31,7.0,"{""Bat"": 3.268, ""Distance_mm"": 924, ""Interrupt_flag"": 0, ""Node_type"": ""DDS75-LB"", ""Sensor_flag"": 1, ""TempC_DS18B20"": 32.76}"
2025-09-21 02:34:31.246539858+00:00,dds75-lb-20,2,-32,7.5,"{""Bat"": 3.268, ""Distance_mm"": 924, ""Interrupt_flag"": 0, ""Node_type"": ""DDS75-LB"", ""Sensor_flag"": 1, ""TempC_DS18B20"": 32.76}"
2025-09-21 02:35:31.229750641+00:00,dds75-lb-20,2,-32,10.25,"{""Bat"": 3.268, ""Distance_mm"": 924, ""Interrupt_flag"": 0, ""Node_type"": ""DDS75-LB"", ""Sensor_flag"": 1, ""TempC_DS18B20"": 32.76}"
2025-09-21 02:36:31.203399651+00:00,dds75-lb-20,2,-116,-3.75,"{""Bat"": 3.268, ""Distance_mm"": 924, ""Interrupt_flag"": 0, ""Node_type"": ""DDS75-LB"", ""Sensor_flag"": 1, ""TempC_DS18B20"": 32.76}"
2025-09-21 02:37:31.201348323+00:00,dds75-lb-20,2,-33,9.25,"{""Bat"": 3.268, ""Distance_mm"": 924, ""Interrupt_flag"": 0, ""Node_type"": ""DDS75-LB"", ""Sensor_flag"": 1, ""TempC_DS18B20"": 32.76}"
2025-09-21 02:38:31.198361126+00:00,dds75-lb-20,2,-32,9.75,"{""Bat"": 3.268, ""Distance_mm"": 924, ""Interrupt_flag"": 0, ""Node_type"": ""DDS75-LB"", ""Sensor_flag"": 1, ""TempC_DS18B20"": 32.76}"
2025-09-21 02:39:31.176208497+00:00,dds75-lb-20,2,-35,9.5,"{""Bat"": 3.268, ""Distance_mm"": 924, ""Interrupt_flag"": 0, ""Node_type"": ""DDS75-LB"", ""Sensor_flag"": 1, ""TempC_DS18B20"": 32.76}"
2025-09-21 02:40:31.178816957+00:00,dds75-lb-20,2,-30,8.5,"{""Bat"": 3.268, ""Distance_mm"": 924, ""Interrupt_flag"": 0, ""Node_type"": ""DDS75-LB"", ""Sensor_flag"": 1, ""TempC_DS18B20"": 32.76}"
2025-09-21 02:41:31.156224025+00:00,dds75-lb-20,2,-111,4.0,"{""Bat"": 3.268, ""Distance_mm"": 924, ""Interrupt_flag"": 0, ""Node_type"": ""DDS75-LB"", ""Sensor_flag"": 1, ""TempC_DS18B20"": 32.76}"
2025-09-21 02:42:31.169417443+00:00,dds75-lb-20,2,-33,8.0,"{""Bat"": 3.268, ""Distance_mm"": 924, ""Interrupt_flag"": 0, ""Node_type"": ""DDS75-LB"", ""Sensor_flag"": 1, ""TempC_DS18B20"": 32.76}"
2025-09-21 02:43:31.150304735+00:00,dds75-lb-20,2,-30,8.75,"{""Bat"": 3.268, ""Distance_mm"": 924, ""Interrupt_flag"": 0, ""Node_type"": ""DDS75-LB"", ""Sensor_flag"": 1, ""TempC_DS18B20"": 32.76}"
2025-09-21 02:44:31.135466616+00:00,dds75-lb-20,2,-35,9.75,"{""Bat"": 3.268, ""Distance_mm"": 924, ""Interrupt_flag"": 0, ""Node_type"": ""DDS75-LB"", ""Sensor_flag"": 1, ""TempC_DS18B20"": 32.76}"
2025-09-21 02:45:31.128361126+00:00,dds75-lb-20,2,-33,8.0,"{""Bat"": 3.268, ""Distance_mm"": 924, ""Interrupt_flag"": 0, ""Node_type"": ""DDS75-LB"", ""Sensor_flag"": 1, ""TempC_DS18B20"": 32.76}"
2025-09-21 02:46:31.128042730+00:00,dds75-lb-20,2,-33,9.5,"{""Bat"": 3.268, ""Distance_mm"": 924, ""Interrupt_flag"": 0, ""Node_type"": ""DDS75-LB"", ""Sensor_flag"": 1, ""TempC_DS18B20"": 32.76}"
2025-09-21 02:47:31.089362707+00:00,dds75-lb-20,2,-111,4.25,"{""Bat"": 3.268, ""Distance_mm"": 924, ""Interrupt_flag"": 0, ""Node_type"": ""DDS75-LB"", ""Sensor_flag"": 1, ""TempC_DS18B20"": 32.76}"
2025-09-21 02:48:31.096769420+00:00,dds75-lb-20,2,-31,9.25,"{""Bat"": 3.268, ""Distance_mm"": 920, ""Interrupt_flag"": 0, ""Node_type"": ""DDS75-LB"", ""Sensor_flag"": 1, ""TempC_DS18B20"": 32.76}"
2025-09-21 02:49:31.072082709+00:00,dds75-lb-20,2,-113,2.5,"{""Bat"": 3.268, ""Distance_mm"": 922, ""Interrupt_flag"": 0, ""Node_type"": ""DDS75-LB"", ""Sensor_flag"": 1, ""TempC_DS18B20"": 32.76}"
2025-09-21 02:50:31.077958879+00:00,dds75-lb-20,2,-33,7.5,"{""Bat"": 3.268, ""Distance_mm"": 924, ""Interrupt_flag"": 0, ""Node_type"": ""DDS75-LB"", ""Sensor_flag"": 1, ""TempC_DS18B20"": 32.76}"
2025-09-21 02:51:31.071756087+00:00,dds75-lb-20,2,-112,4.75,"{""Bat"": 3.268, ""Distance_mm"": 915, ""Interrupt_flag"": 0, ""Node_type"": ""DDS75-LB"", ""Sensor_flag"": 1, ""TempC_DS18B20"": 32.76}"
2025-09-21 02:52:31.057310605+00:00,dds75-lb-20,2,-35,10.75,"{""Bat"": 3.268, ""Distance_mm"": 859, ""Interrupt_flag"": 0, ""Node_type"": ""DDS75-LB"", ""Sensor_flag"": 1, ""TempC_DS18B20"": 32.76}"
2025-09-21 02:53:31.039669+00:00,dds75-lb-20,2,-33,9.25,"{""Bat"": 3.268, ""Distance_mm"": 827, ""Interrupt_flag"": 0, ""Node_type"": ""DDS75-LB"", ""Sensor_flag"": 1, ""TempC_DS18B20"": 32.76}"
2025-09-21 02:54:31.040047786+00:00,dds75-lb-20,2,-31,9.5,"{""Bat"": 3.268, ""Distance_mm"": 798, ""Interrupt_flag"": 0, ""Node_type"": ""DDS75-LB"", ""Sensor_flag"": 1, ""TempC_DS18B20"": 32.76}"
2025-09-21 02:55:31.024193184+00:00,dds75-lb-20,2,-31,9.0,"{""Bat"": 3.268, ""Distance_mm"": 690, ""Interrupt_flag"": 0, ""Node_type"": ""DDS75-LB"", ""Sensor_flag"": 1, ""TempC_DS18B20"": 32.76}"
2025-09-21 02:56:30.995791236+00:00,dds75-lb-20,2,-30,7.25,"{""Bat"": 3.268, ""Distance_mm"": 642, ""Interrupt_flag"": 0, ""Node_type"": ""DDS75-LB"", ""Sensor_flag"": 1, ""TempC_DS18B20"": 32.76}"
2025-09-21 02:57:31.014304356+00:00,dds75-lb-20,2,-111,-6.0,"{""Bat"": 3.268, ""Distance_mm"": 710, ""Interrupt_flag"": 0, ""Node_type"": ""DDS75-LB"", ""Sensor_flag"": 1, ""TempC_DS18B20"": 32.76}"
2025-09-21 02:58:30.984165896+00:00,dds75-lb-20,2,-32,9.25,"{""Bat"": 3.268, ""Distance_mm"": 913, ""Interrupt_flag"": 0, ""Node_type"": ""DDS75-LB"", ""Sensor_flag"": 1, ""TempC_DS18B20"": 32.76}"
2025-09-21 02:59:30.981240049+00:00,dds75-lb-20,2,-32,10.0,"{""Bat"": 3.268, ""Distance_mm"": 902, ""Interrupt_flag"": 0, ""Node_type"": ""DDS75-LB"", ""Sensor_flag"": 1, ""TempC_DS18B20"": 32.76}"
2025-09-21 03:00:30.965900155+00:00,dds75-lb-20,2,-116,,"{""Bat"": 3.268, ""Distance_mm"": 923, ""Interrupt_flag"": 0, ""Node_type"": ""DDS75-LB"", ""Sensor_flag"": 1, ""TempC_DS18B20"": 32.76}"
2025-09-21 03:01:30.981392722+00:00,dds75-lb-20,2,-33,10.25,"{""Bat"": 3.268, ""Distance_mm"": 922, ""Interrupt_flag"": 0, ""Node_type"": ""DDS75-LB"", ""Sensor_flag"": 1, ""TempC_DS18B20"": 32.76}"
2025-09-21 03:02:30.941315990+00:00,dds75-lb-20,2,-31,9.75,"{""Bat"": 3.268, ""Distance_mm"": 920, ""Interrupt_flag"": 0, ""Node_type"": ""DDS75-LB"", ""Sensor_flag"": 1, ""TempC_DS18B20"": 32.76}"
2025-09-21 03:03:30.941275352+00:00,dds75-lb-20,2,-112,3.5,"{""Bat"": 3.268, ""Distance_mm"": 922, ""Interrupt_flag"": 0, ""Node_type"": ""DDS75-LB"", ""Sensor_flag"": 1, ""TempC_DS18B20"": 32.76}"
2025-09-21 03:04:30.934179211+00:00,dds75-lb-20,2,-114,1.0,"{""Bat"": 3.268, ""Distance_mm"": 924, ""Interrupt_flag"": 0, ""Node_type"": ""DDS75-LB"", ""Sensor_flag"": 1, ""TempC_DS18B20"": 32.76}"
2025-09-21 03:05:30.903151654+00:00,dds75-lb-20,2,-112,2.75,"{""Bat"": 3.268, ""Distance_mm"": 925, ""Interrupt_flag"": 0, ""Node_type"": ""DDS75-LB"", ""Sensor_flag"": 1, ""TempC_DS18B20"": 32.76}"
2025-09-21 03:06:30.901504130+00:00,dds75-lb-20,2,-33,7.25,"{""Bat"": 3.268, ""Distance_mm"": 925, ""Interrupt_flag"": 0, ""Node_type"": ""DDS75-LB"", ""Sensor_flag"": 1, ""TempC_DS18B20"": 32.76}"
2025-09-21 03:07:30.890928884+00:00,dds75-lb-20,2,-112,1.5,"{""Bat"": 3.268, ""Distance_mm"": 924, ""Interrupt_flag"": 0, ""Node_type"": ""DDS75-LB"", ""Sensor_flag"": 1, ""TempC_DS18B20"": 32.76}"
2025-09-21 03:08:30.881666183+00:00,dds75-lb-20,2,-111,4.75,"{""Bat"": 3.268, ""Distance_mm"": 925, ""Interrupt_flag"": 0, ""Node_type"": ""DDS75-LB"", ""Sensor_flag"": 1, ""TempC_DS18B20"": 32.76}"
2025-09-21 03:09:30.888821535+00:00,dds75-lb-20,2,-33,7.25,"{""Bat"": 3.268, ""Distance_mm"": 923, ""Interrupt_flag"": 0, ""Node_type"": ""DDS75-LB"", ""Sensor_flag"": 1, ""TempC_DS18B20"": 32.76}"
2025-09-21 03:10:30.861345277+00:00,dds75-lb-20,2,-31,9.5,"{""Bat"": 3.268, ""Distance_mm"": 925, ""Interrupt_flag"": 0, ""Node_type"": ""DDS75-LB"", ""Sensor_flag"": 1, ""TempC_DS18B20"": 32.76}"
2025-09-21 03:11:30.842058613+00:00,dds75-lb-20,2,-33,10.0,"{""Bat"": 3.268, ""Distance_mm"": 925, ""Interrupt_flag"": 0, ""Node_type"": ""DDS75-LB"", ""Sensor_flag"": 1, ""TempC_DS18B20"": 32.76}"
2025-09-21 03:12:30.838924635+00:00,dds75-lb-20,2,-31,7.0,"{""Bat"": 3.268, ""Distance_mm"": 925, ""Interrupt_flag"": 0, ""Node_type"": ""DDS75-LB"", ""Sensor_flag"": 1, ""TempC_DS18B20"": 32.76}"
2025-09-21 03:13:30.841724675+00:00,dds75-lb-20,2,-30,8.0,"{""Bat"": 3.268, ""Distance_mm"": 925, ""Interrupt_flag"": 0, ""Node_type"": ""DDS75-LB"", ""Sensor_flag"": 1, ""TempC_DS18B20"": 32.76}"
2025-09-21 03:14:30.811735690+00:00,dds75-lb-20,2,-31,9.25,"{""Bat"": 3.268, ""Distance_mm"": 925, ""Interrupt_flag"": 0, ""Node_type"": ""DDS75-LB"", ""Sensor_flag"": 1, ""TempC_DS18B20"": 32.76}"
2025-09-21 03:15:30.812291912+00:00,dds75-lb-20,2,-32,10.25,"{""Bat"": 3.268, ""Distance_mm"": 925, ""Interrupt_flag"": 0, ""Node_type"": ""DDS75-LB"", ""Sensor_flag"": 1, ""TempC_DS18B20"": 32.76}"
2025-09-21 03:16:30.792113648+00:00,dds75-lb-20,2,-111,4.75,"{""Bat"": 3.268, ""Distance_mm"": 925, ""Interrupt_flag"": 0, ""Node_type"": ""DDS75-LB"", ""Sensor_flag"": 1, ""TempC_DS18B20"": 32.76}"
2025-09-21 03:17:30.781667882+00:00,dds75-lb-20,2,-33,9.75,"{""Bat"": 3.268, ""Distance_mm"": 925, ""Interrupt_flag"": 0, ""Node_type"": ""DDS75-LB"", ""Sensor_flag"": 1, ""TempC_DS18B20"": 32.76}"
2025-09-21 03:18:30.780475087+00:00,dds75-lb-20,2,-33,9.5,"{""Bat"": 3.268, ""Distance_mm"": 925, ""Interrupt_flag"": 0, ""Node_type"": ""DDS75-LB"", ""Sensor_flag"": 1, ""TempC_DS18B20"": 32.76}"
2025-09-21 03:19:30.768702377+00:00,dds75-lb-20,2,-31,8.75,"{""Bat"": 3.268, ""Distance_mm"": 925, ""Interrupt_flag"": 0, ""Node_type"": ""DDS75-LB"", ""Sensor_flag"": 1, ""TempC_DS18B20"": 32.76}"
2025-09-21 03:20:30.762020219+00:00,dds75-lb-20,2,-30,9.5,"{""Bat"": 3.268, ""Distance_mm"": 921, ""Interrupt_flag"": 0, ""Node_type"": ""DDS75-LB"", ""Sensor_flag"": 1, ""TempC_DS18B20"": 32.76}"
2025-09-21 03:21:30.755352510+00:00,dds75-lb-20,2,-119,-5.0,"{""Bat"": 3.268, ""Distance_mm"": 925, ""Interrupt_flag"": 0, ""Node_type"": ""DDS75-LB"", ""Sensor_flag"": 1, ""TempC_DS18B20"": 32.76}"
2025-09-21 03:22:30.741499803+00:00,dds75-lb-20,2,-32,8.0,"{""Bat"": 3.268, ""Distance_mm"": 925, ""Interrupt_flag"": 0, ""Node_type"": ""DDS75-LB"", ""Sensor_flag"": 1, ""TempC_DS18B20"": 32.76}"
2025-09-21 03:23:30.731922969+00:00,dds75-lb-20,2,-32,9.5,"{""Bat"": 3.268, ""Distance_mm"": 925, ""Interrupt_flag"": 0, ""Node_type"": ""DDS75-LB"", ""Sensor_flag"": 1, ""TempC_DS18B20"": 32.76}"
2025-09-21 03:24:30.712251051+00:00,dds75-lb-20,2,-115,-2.75,"{""Bat"": 3.268, ""Distance_mm"": 925, ""Interrupt_flag"": 0, ""Node_type"": ""DDS75-LB"", ""Sensor_flag"": 1, ""TempC_DS18B20"": 32.76}"
2025-09-21 03:25:30.698717247+00:00,dds75-lb-20,2,-31,8.5,"{""Bat"": 3.268, ""Distance_mm"": 925, ""Interrupt_flag"": 0, ""Node_type"": ""DDS75-LB"", ""Sensor_flag"": 1, ""TempC_DS18B20"": 32.76}"
2025-09-21 03:26:30.689896598+00:00,dds75-lb-20,2,-31,9.5,"{""Bat"": 3.268, ""Distance_mm"": 925, ""Interrupt_flag"": 0, ""Node_type"": ""DDS75-LB"", ""Sensor_flag"": 1, ""TempC_DS18B20"": 32.76}"
2025-09-21 03:27:30.682389770+00:00,dds75-lb-20,2,-32,9.5,"{""Bat"": 3.268, ""Distance_mm"": 925, ""Interrupt_flag"": 0, ""Node_type"": ""DDS75-LB"", ""Sensor_flag"": 1, ""TempC_DS18B20"": 32.76}"
2025-09-21 03:28:30.671172773+00:00,dds75-lb-20,2,-31,9.75,"{""Bat"": 3.268, ""Distance_mm"": 922, ""Interrupt_flag"": 0, ""Node_type"": ""DDS75-LB"", ""Sensor_flag"": 1, ""TempC_DS18B20"": 32.76}"
2025-09-21 03:29:30.660918848+00:00,dds75-lb-20,2,-31,9.5,"{""Bat"": 3.268, ""Distance_mm"": 925, ""Interrupt_flag"": 0, ""Node_type"": ""DDS75-LB"", ""Sensor_flag"": 1, ""TempC_DS18B20"": 32.76}"
2025-09-21 03:30:30.650632003+00:00,dds75-lb-20,2,-31,7.25,"{""Bat"": 3.268, ""Distance_mm"": 925, ""Interrupt_flag"": 0, ""Node_type"": ""DDS75-LB"", ""Sensor_flag"": 1, ""TempC_DS18B20"": 32.76}"
2025-09-21 03:31:30.639006987+00:00,dds75-lb-20,2,-29,9.0,"{""Bat"": 3.268, ""Distance_mm"": 920, ""Interrupt_flag"": 0, ""Node_type"": ""DDS75-LB"", ""Sensor_flag"": 1, ""TempC_DS18B20"": 32.76}"
2025-09-21 03:32:30.650241921+00:00,dds75-lb-20,2,-33,9.5,"{""Bat"": 3.268, ""Distance_mm"": 925, ""Interrupt_flag"": 0, ""Node_type"": ""DDS75-LB"", ""Sensor_flag"": 1, ""TempC_DS18B20"": 32.76}"
2025-09-21 03:33:30.614522475+00:00,dds75-lb-20,2,-118,-1.75,"{""Bat"": 3.268, ""Distance_mm"": 925, ""Interrupt_flag"": 0, ""Node_type"": ""DDS75-LB"", ""Sensor_flag"": 1, ""TempC_DS18B20"": 32.76}"
2025-09-21 03:34:30.592331502+00:00,dds75-lb-20,2,-31,9.25,"{""Bat"": 3.268, ""Distance_mm"": 920, ""Interrupt_flag"": 0, ""Node_type"": ""DDS75-LB"", ""Sensor_flag"": 1, ""TempC_DS18B20"": 32.76}"
2025-09-21 03:35:30.608951805+00:00,dds75-lb-20,2,-33,10.25,"{""Bat"": 3.268, ""Distance_mm"": 925, ""Interrupt_flag"": 0, ""Node_type"": ""DDS75-LB"", ""Sensor_flag"": 1, ""TempC_DS18B20"": 32.76}"
2025-09-21 03:36:30.609027632+00:00,dds75-lb-20,2,-31,7.5,"{""Bat"": 3.268, ""Distance_mm"": 925, ""Interrupt_flag"": 0, ""Node_type"": ""DDS75-LB"", ""Sensor_flag"": 1, ""TempC_DS18B20"": 32.76}"
2025-09-21 03:37:30.582619169+00:00,dds75-lb-20,2,-32,10.0,"{""Bat"": 3.268, ""Distance_mm"": 925, ""Interrupt_flag"": 0, ""Node_type"": ""DDS75-LB"", ""Sensor_flag"": 1, ""TempC_DS18B20"": 32.76}"
2025-09-21 03:38:30.555212371+00:00,dds75-lb-20,2,-120,-4.25,"{""Bat"": 3.268, ""Distance_mm"": 922, ""Interrupt_flag"": 0, ""Node_type"": ""DDS75-LB"", ""Sensor_flag"": 1, ""TempC_DS18B20"": 32.76}"
2025-09-21 03:39:30.585118885+00:00,dds75-lb-20,2,-32,10.5,"{""Bat"": 3.268, ""Distance_mm"": 925, ""Interrupt_flag"": 0, ""Node_type"": ""DDS75-LB"", ""Sensor_flag"": 1, ""TempC_DS18B20"": 32.76}"
2025-09-21 03:40:30.541482529+00:00,dds75-lb-20,2,-33,10.0,"{""Bat"": 3.268, ""Distance_mm"": 925, ""Interrupt_flag"": 0, ""Node_type"": ""DDS75-LB"", ""Sensor_flag"": 1, ""TempC_DS18B20"": 32.76}"
2025-09-21 03:41:30.541338463+00:00,dds75-lb-20,2,-33,8.5,"{""Bat"": 3.268, ""Distance_mm"": 925, ""Interrupt_flag"": 0, ""Node_type"": ""DDS75-LB"", ""Sensor_flag"": 1, ""TempC_DS18B20"": 32.76}"
2025-09-21 03:42:30.531132388+00:00,dds75-lb-20,2,-32,8.5,"{""Bat"": 3.268, ""Distance_mm"": 925, ""Interrupt_flag"": 0, ""Node_type"": ""DDS75-LB"", ""Sensor_flag"": 1, ""TempC_DS18B20"": 32.76}"
2025-09-21 03:43:30.509726204+00:00,dds75-lb-20,2,-33,10.25,"{""Bat"": 3.268, ""Distance_mm"": 920, ""Interrupt_flag"": 0, ""Node_type"": ""DDS75-LB"", ""Sensor_flag"": 1, ""TempC_DS18B20"": 32.76}"
2025-09-21 03:44:30.499534960+00:00,dds75-lb-20,2,-29,7.5,"{""Bat"": 3.268, ""Distance_mm"": 925, ""Interrupt_flag"": 0, ""Node_type"": ""DDS75-LB"", ""Sensor_flag"": 1, ""TempC_DS18B20"": 32.76}"
2025-09-21 03:45:30.489994483+00:00,dds75-lb-20,2,-30,9.5,"{""Bat"": 3.268, ""Distance_mm"": 925, ""Interrupt_flag"": 0, ""Node_type"": ""DDS75-LB"", ""Sensor_flag"": 1, ""TempC_DS18B20"": 32.76}"
2025-09-21 03:46:30.497788477+00:00,dds75-lb-20,2,-33,7.75,"{""Bat"": 3.268, ""Distance_mm"": 925, ""Interrupt_flag"": 0, ""Node_type"": ""DDS75-LB"", ""Sensor_flag"": 1, ""TempC_DS18B20"": 32.76}"
2025-09-21 03:47:30.479519976+00:00,dds75-lb-20,2,-32,9.0,"{""Bat"": 3.268, ""Distance_mm"": 925, ""Interrupt_flag"": 0, ""Node_type"": ""DDS75-LB"", ""Sensor_flag"": 1, ""TempC_DS18B20"": 32.76}"
2025-09-21 03:48:30.465192348+00:00,dds75-lb-20,2,-116,-0.75,"{""Bat"": 3.268, ""Distance_mm"": 925, ""Interrupt_flag"": 0, ""Node_type"": ""DDS75-LB"", ""Sensor_flag"": 1, ""TempC_DS18B20"": 32.76}"
2025-09-21 03:49:30.450797994+00:00,dds75-lb-20,2,-33,9.75,"{""Bat"": 3.268, ""Distance_mm"": 925, ""Interrupt_flag"": 0, ""Node_type"": ""DDS75-LB"", ""Sensor_flag"": 1, ""TempC_DS18B20"": 32.76}"
2025-09-21 03:50:30.440960995+00:00,dds75-lb-20,2,-32,9.5,"{""Bat"": 3.268, ""Distance_mm"": 925, ""Interrupt_flag"": 0, ""Node_type"": ""DDS75-LB"", ""Sensor_flag"": 1, ""TempC_DS18B20"": 32.76}"
2025-09-21 03:51:30.429890787+00:00,dds75-lb-20,2,-31,9.5,"{""Bat"": 3.268, ""Distance_mm"": 916, ""Interrupt_flag"": 0, ""Node_type"": ""DDS75-LB"", ""Sensor_flag"": 1, ""TempC_DS18B20"": 32.76}"
2025-09-21 03:52:30.417646610+00:00,dds75-lb-20,2,-31,7.0,"{""Bat"": 3.268, ""Distance_mm"": 916, ""Interrupt_flag"": 0, ""Node_type"": ""DDS75-LB"", ""Sensor_flag"": 1, ""TempC_DS18B20"": 32.76}"
2025-09-21 03:53:30.416496222+00:00,dds75-lb-20,2,-111,4.25,"{""Bat"": 3.268, ""Distance_mm"": 916, ""Interrupt_flag"": 0, ""Node_type"": ""DDS75-LB"", ""Sensor_flag"": 1, ""TempC_DS18B20"": 32.76}"
2025-09-21 03:54:30.387119381+00:00,dds75-lb-20,2,-111,4.25,"{""Bat"": 3.268, ""Distance_mm"": 916, ""Interrupt_flag"": 0, ""Node_type"": ""DDS75-LB"", ""Sensor_flag"": 1, ""TempC_DS18B20"": 32.76}"
2025-09-21 03:55:30.398172873+00:00,dds75-lb-20,2,-31,8.75,"{""Bat"": 3.268, ""Distance_mm"": 916, ""Interrupt_flag"": 0, ""Node_type"": ""DDS75-LB"", ""Sensor_flag"": 1, ""TempC_DS18B20"": 32.76}"
2025-09-21 03:56:30.365368011+00:00,dds75-lb-20,2,-111,4.25,"{""Bat"": 3.268, ""Distance_mm"": 916, ""Interrupt_flag"": 0, ""Node_type"": ""DDS75-LB"", ""Sensor_flag"": 1, ""TempC_DS18B20"": 32.76}"
2025-09-21 03:57:30.371539547+00:00,dds75-lb-20,2,-33,9.75,"{""Bat"": 3.268, ""Distance_mm"": 916, ""Interrupt_flag"": 0, ""Node_type"": ""DDS75-LB"", ""Sensor_flag"": 1, ""TempC_DS18B20"": 32.76}"
2025-09-21 03:58:30.358193285+00:00,dds75-lb-20,2,-32,8.75,"{""Bat"": 3.268, ""Distance_mm"": 916, ""Interrupt_flag"": 0, ""Node_type"": ""DDS75-LB"", ""Sensor_flag"": 1, ""TempC_DS18B20"": 32.76}"
2025-09-21 03:59:30.360764112+00:00,dds75-lb-20,2,-32,9.25,"{""Bat"": 3.268, ""Distance_mm"": 916, ""Interrupt_flag"": 0, ""Node_type"": ""DDS75-LB"", ""Sensor_flag"": 1, ""TempC_DS18B20"": 32.76}"
2025-09-21 04:00:30.348194614+00:00,dds75-lb-20,2,-29,9.75,"{""Bat"": 3.268, ""Distance_mm"": 916, ""Interrupt_flag"": 0, ""Node_type"": ""DDS75-LB"", ""Sensor_flag"": 1, ""TempC_DS18B20"": 32.76}"
2025-09-21 04:01:30.343950550+00:00,dds75-lb-20,2,-119,-5.25,"{""Bat"": 3.268, ""Distance_mm"": 916, ""Interrupt_flag"": 0, ""Node_type"": ""DDS75-LB"", ""Sensor_flag"": 1, ""TempC_DS18B20"": 32.76}"
2025-09-21 04:02:30.317508016+00:00,dds75-lb-20,2,-31,9.5,"{""Bat"": 3.268, ""Distance_mm"": 916, ""Interrupt_flag"": 0, ""Node_type"": ""DDS75-LB"", ""Sensor_flag"": 1, ""TempC_DS18B20"": 32.76}"
2025-09-21 04:03:30.300398682+00:00,dds75-lb-20,2,-33,9.25,"{""Bat"": 3.268, ""Distance_mm"": 916, ""Interrupt_flag"": 0, ""Node_type"": ""DDS75-LB"", ""Sensor_flag"": 1, ""TempC_DS18B20"": 32.76}"
2025-09-21 04:04:30.300711053+00:00,dds75-lb-20,2,-35,9.5,"{""Bat"": 3.268, ""Distance_mm"": 916, ""Interrupt_flag"": 0, ""Node_type"": ""DDS75-LB"", ""Sensor_flag"": 1, ""TempC_DS18B20"": 32.76}"
2025-09-21 04:05:30.281317645+00:00,dds75-lb-20,2,-33,7.75,"{""Bat"": 3.268, ""Distance_mm"": 916, ""Interrupt_flag"": 0, ""Node_type"": ""DDS75-LB"", ""Sensor_flag"": 1, ""TempC_DS18B20"": 32.76}"
2025-09-21 04:06:30.280787788+00:00,dds75-lb-20,2,-31,9.25,"{""Bat"": 3.268, ""Distance_mm"": 916, ""Interrupt_flag"": 0, ""Node_type"": ""DDS75-LB"", ""Sensor_flag"": 1, ""TempC_DS18B20"": 32.76}"
2025-09-21 04:07:30.258219003+00:00,dds75-lb-20,2,-33,9.5,"{""Bat"": 3.268, ""Distance_mm"": 916, ""Interrupt_flag"": 0, ""Node_type"": ""DDS75-LB"", ""Sensor_flag"": 1, ""TempC_DS18B20"": 32.76}"
2025-09-21 04:08:30.258215103+00:00,dds75-lb-20,2,-31,10.0,"{""Bat"": 3.268, ""Distance_mm"": 916, ""Interrupt_flag"": 0, ""Node_type"": ""DDS75-LB"", ""Sensor_flag"": 1, ""TempC_DS18B20"": 32.76}"
2025-09-21 04:09:30.238600378+00:00,dds75-lb-20,2,-31,8.0,"{""Bat"": 3.268, ""Distance_mm"": 916, ""Interrupt_flag"": 0, ""Node_type"": ""DDS75-LB"", ""Sensor_flag"": 1, ""TempC_DS18B20"": 32.76}"
2025-09-21 04:10:30.240030550+00:00,dds75-lb-20,2,-32,7.75,"{""Bat"": 3.268, ""Distance_mm"": 916, ""Interrupt_flag"": 0, ""Node_type"": ""DDS75-LB"", ""Sensor_flag"": 1, ""TempC_DS18B20"": 32.76}"
2025-09-21 04:11:30.218499895+00:00,dds75-lb-20,2,-30,9.25,"{""Bat"": 3.268, ""Distance_mm"": 916, ""Interrupt_flag"": 0, ""Node_type"": ""DDS75-LB"", ""Sensor_flag"": 1, ""TempC_DS18B20"": 32.76}"
2025-09-21 04:12:30.204549929+00:00,dds75-lb-20,2,-115,-3.25,"{""Bat"": 3.268, ""Distance_mm"": 916, ""Interrupt_flag"": 0, ""Node_type"": ""DDS75-LB"", ""Sensor_flag"": 1, ""TempC_DS18B20"": 32.76}"
2025-09-21 04:13:30.209306225+00:00,dds75-lb-20,2,-33,7.0,"{""Bat"": 3.268, ""Distance_mm"": 916, ""Interrupt_flag"": 0, ""Node_type"": ""DDS75-LB"", ""Sensor_flag"": 1, ""TempC_DS18B20"": 32.76}"
2025-09-21 04:14:30.192014367+00:00,dds75-lb-20,2,-111,4.25,"{""Bat"": 3.268, ""Distance_mm"": 916, ""Interrupt_flag"": 0, ""Node_type"": ""DDS75-LB"", ""Sensor_flag"": 1, ""TempC_DS18B20"": 32.76}"
2025-09-21 04:15:30.201677115+00:00,dds75-lb-20,2,-33,10.0,"{""Bat"": 3.268, ""Distance_mm"": 916, ""Interrupt_flag"": 0, ""Node_type"": ""DDS75-LB"", ""Sensor_flag"": 1, ""TempC_DS18B20"": 32.76}"
2025-09-21 04:16:30.171864759+00:00,dds75-lb-20,2,-114,1.0,"{""Bat"": 3.268, ""Distance_mm"": 916, ""Interrupt_flag"": 0, ""Node_type"": ""DDS75-LB"", ""Sensor_flag"": 1, ""TempC_DS18B20"": 32.76}"
2025-09-21 04:17:30.166194475+00:00,dds75-lb-20,2,-31,9.75,"{""Bat"": 3.268, ""Distance_mm"": 916, ""Interrupt_flag"": 0, ""Node_type"": ""DDS75-LB"", ""Sensor_flag"": 1, ""TempC_DS18B20"": 32.76}"
2025-09-21 04:18:30.142034668+00:00,dds75-lb-20,2,-111,4.75,"{""Bat"": 3.268, ""Distance_mm"": 916, ""Interrupt_flag"": 0, ""Node_type"": ""DDS75-LB"", ""Sensor_flag"": 1, ""TempC_DS18B20"": 32.76}"
2025-09-21 04:19:30.134194143+00:00,dds75-lb-20,2,-30,8.5,"{""Bat"": 3.268, ""Distance_mm"": 916, ""Interrupt_flag"": 0, ""Node_type"": ""DDS75-LB"", ""Sensor_flag"": 1, ""TempC_DS18B20"": 32.76}"
2025-09-21 04:20:30.126153681+00:00,dds75-lb-20,2,-33,9.5,"{""Bat"": 3.268, ""Distance_mm"": 916, ""Interrupt_flag"": 0, ""Node_type"": ""DDS75-LB"", ""Sensor_flag"": 1, ""TempC_DS18B20"": 32.76}"
2025-09-21 04:21:30.131477845+00:00,dds75-lb-20,2,-121,-5.0,"{""Bat"": 3.268, ""Distance_mm"": 916, ""Interrupt_flag"": 0, ""Node_type"": ""DDS75-LB"", ""Sensor_flag"": 1, ""TempC_DS18B20"": 32.76}"
2025-09-21 04:22:30.113788604+00:00,dds75-lb-20,2,-32,9.5,"{""Bat"": 3.268, ""Distance_mm"": 916, ""Interrupt_flag"": 0, ""Node_type"": ""DDS75-LB"", ""Sensor_flag"": 1, ""TempC_DS18B20"": 32.76}"
2025-09-21 04:23:30.106687827+00:00,dds75-lb-20,2,-33,9.5,"{""Bat"": 3.268, ""Distance_mm"": 916, ""Interrupt_flag"": 0, ""Node_type"": ""DDS75-LB"", ""Sensor_flag"": 1, ""TempC_DS18B20"": 32.76}"
2025-09-21 04:24:30.106401361+00:00,dds75-lb-20,2,-32,9.0,"{""Bat"": 3.268, ""Distance_mm"": 916, ""Interrupt_flag"": 0, ""Node_type"": ""DDS75-LB"", ""Sensor_flag"": 1, ""TempC_DS18B20"": 32.76}"
2025-09-21 04:25:30.084735741+00:00,dds75-lb-20,2,-31,9.0,"{""Bat"": 3.268, ""Distance_mm"": 916, ""Interrupt_flag"": 0, ""Node_type"": ""DDS75-LB"", ""Sensor_flag"": 1, ""TempC_DS18B20"": 32.76}"
2025-09-21 04:26:30.067247719+00:00,dds75-lb-20,2,-31,7.0,"{""Bat"": 3.268, ""Distance_mm"": 916, ""Interrupt_flag"": 0, ""Node_type"": ""DDS75-LB"", ""Sensor_flag"": 1, ""TempC_DS18B20"": 32.76}"
2025-09-21 04:27:30.054217727+00:00,dds75-lb-20,2,-32,9.0,"{""Bat"": 3.268, ""Distance_mm"": 916, ""Interrupt_flag"": 0, ""Node_type"": ""DDS75-LB"", ""Sensor_flag"": 1, ""TempC_DS18B20"": 32.76}"
2025-09-21 04:28:30.054225716+00:00,dds75-lb-20,2,-33,10.0,"{""Bat"": 3.268, ""Distance_mm"": 916, ""Interrupt_flag"": 0, ""Node_type"": ""DDS75-LB"", ""Sensor_flag"": 1, ""TempC_DS18B20"": 32.76}"
2025-09-21 04:29:30.043792290+00:00,dds75-lb-20,2,-124,-8.0,"{""Bat"": 3.268, ""Distance_mm"": 916, ""Interrupt_flag"": 0, ""Node_type"": ""DDS75-LB"", ""Sensor_flag"": 1, ""TempC_DS18B20"": 32.76}"
2025-09-21 04:30:30.053434443+00:00,dds75-lb-20,2,-32,8.75,"{""Bat"": 3.268, ""Distance_mm"": 916, ""Interrupt_flag"": 0, ""Node_type"": ""DDS75-LB"", ""Sensor_flag"": 1, ""TempC_DS18B20"": 32.76}"
2025-09-21 04:31:30.013597682+00:00,dds75-lb-20,2,-33,9.75,"{""Bat"": 3.268, ""Distance_mm"": 916, ""Interrupt_flag"": 0, ""Node_type"": ""DDS75-LB"", ""Sensor_flag"": 1, ""TempC_DS18B20"": 32.76}"
2025-09-21 04:32:29.994440645+00:00,dds75-lb-20,2,-32,10.5,"{""Bat"": 3.268, ""Distance_mm"": 916, ""Interrupt_flag"": 0, ""Node_type"": ""DDS75-LB"", ""Sensor_flag"": 1, ""TempC_DS18B20"": 32.76}"
2025-09-21 04:33:29.995140216+00:00,dds75-lb-20,2,-31,9.0,"{""Bat"": 3.268, ""Distance_mm"": 916, ""Interrupt_flag"": 0, ""Node_type"": ""DDS75-LB"", ""Sensor_flag"": 1, ""TempC_DS18B20"": 32.76}"
2025-09-21 04:34:29.974862935+00:00,dds75-lb-20,2,-31,7.75,"{""Bat"": 3.268, ""Distance_mm"": 916, ""Interrupt_flag"": 0, ""Node_type"": ""DDS75-LB"", ""Sensor_flag"": 1, ""TempC_DS18B20"": 32.76}"
2025-09-21 04:35:29.972053+00:00,dds75-lb-20,2,-111,4.5,"{""Bat"": 3.268, ""Distance_mm"": 916, ""Interrupt_flag"": 0, ""Node_type"": ""DDS75-LB"", ""Sensor_flag"": 1, ""TempC_DS18B20"": 32.76}"
2025-09-21 04:36:29.960719023+00:00,dds75-lb-20,2,-33,9.75,"{""Bat"": 3.268, ""Distance_mm"": 916, ""Interrupt_flag"": 0, ""Node_type"": ""DDS75-LB"", ""Sensor_flag"": 1, ""TempC_DS18B20"": 32.76}"
2025-09-21 04:37:29.951802330+00:00,dds75-lb-20,2,-124,-7.75,"{""Bat"": 3.268, ""Distance_mm"": 916, ""Interrupt_flag"": 0, ""Node_type"": ""DDS75-LB"", ""Sensor_flag"": 1, ""TempC_DS18B20"": 32.76}"
2025-09-21 04:38:29.940954814+00:00,dds75-lb-20,2,-32,9.0,"{""Bat"": 3.268, ""Distance_mm"": 916, ""Interrupt_flag"": 0, ""Node_type"": ""DDS75-LB"", ""Sensor_flag"": 1, ""TempC_DS18B20"": 32.76}"
2025-09-21 04:39:29.923247681+00:00,dds75-lb-20,2,-32,8.25,"{""Bat"": 3.268, ""Distance_mm"": 916, ""Interrupt_flag"": 0, ""Node_type"": ""DDS75-LB"", ""Sensor_flag"": 1, ""TempC_DS18B20"": 32.76}"
2025-09-21 04:40:29.923461689+00:00,dds75-lb-20,2,-30,9.75,"{""Bat"": 3.268, ""Distance_mm"": 916, ""Interrupt_flag"": 0, ""Node_type"": ""DDS75-LB"", ""Sensor_flag"": 1, ""TempC_DS18B20"": 32.76}"
2025-09-21 04:41:29.923054702+00:00,dds75-lb-20,2,-31,9.5,"{""Bat"": 3.268, ""Distance_mm"": 916, ""Interrupt_flag"": 0, ""Node_type"": ""DDS75-LB"", ""Sensor_flag"": 1, ""TempC_DS18B20"": 32.76}"
2025-09-21 04:42:29.900132911+00:00,dds75-lb-20,2,-120,-4.0,"{""Bat"": 3.268, ""Distance_mm"": 916, ""Interrupt_flag"": 0, ""Node_type"": ""DDS75-LB"", ""Sensor_flag"": 1, ""TempC_DS18B20"": 32.76}"
2025-09-21 04:43:29.881494289+00:00,dds75-lb-20,2,-29,9.25,"{""Bat"": 3.268, ""Distance_mm"": 916, ""Interrupt_flag"": 0, ""Node_type"": ""DDS75-LB"", ""Sensor_flag"": 1, ""TempC_DS18B20"": 32.76}"
2025-09-21 04:44:29.873142342+00:00,dds75-lb-20,2,-33,9.75,"{""Bat"": 3.268, ""Distance_mm"": 916, ""Interrupt_flag"": 0, ""Node_type"": ""DDS75-LB"", ""Sensor_flag"": 1, ""TempC_DS18B20"": 32.76}"
2025-09-21 04:45:29.863312731+00:00,dds75-lb-20,2,-31,7.25,"{""Bat"": 3.268, ""Distance_mm"": 916, ""Interrupt_flag"": 0, ""Node_type"": ""DDS75-LB"", ""Sensor_flag"": 1, ""TempC_DS18B20"": 32.76}"
2025-09-21 04:46:29.852146388+00:00,dds75-lb-20,2,-110,4.75,"{""Bat"": 3.268, ""Distance_mm"": 916, ""Interrupt_flag"": 0, ""Node_type"": ""DDS75-LB"", ""Sensor_flag"": 1, ""TempC_DS18B20"": 32.76}"
2025-09-21 04:47:29.841937492+00:00,dds75-lb-20,2,-33,10.0,"{""Bat"": 3.268, ""Distance_mm"": 916, ""Interrupt_flag"": 0, ""Node_type"": ""DDS75-LB"", ""Sensor_flag"": 1, ""TempC_DS18B20"": 32.76}"
2025-09-21 04:48:29.844278249+00:00,dds75-lb-20,2,-31,7.25,"{""Bat"": 3.268, ""Distance_mm"": 916, ""Interrupt_flag"": 0, ""Node_type"": ""DDS75-LB"", ""Sensor_flag"": 1, ""TempC_DS18B20"": 32.76}"
2025-09-21 04:49:29.822706651+00:00,dds75-lb-20,2,-111,-4.25,"{""Bat"": 3.268, ""Distance_mm"": 916, ""Interrupt_flag"": 0, ""Node_type"": ""DDS75-LB"", ""Sensor_flag"": 1, ""TempC_DS18B20"": 32.76}"
2025-09-21 04:50:29.812591147+00:00,dds75-lb-20,2,-119,-3.5,"{""Bat"": 3.268, ""Distance_mm"": 913, ""Interrupt_flag"": 0, ""Node_type"": ""DDS75-LB"", ""Sensor_flag"": 1, ""TempC_DS18B20"": 32.76}"
2025-09-21 04:51:29.811216678+00:00,dds75-lb-20,2,-33,9.75,"{""Bat"": 3.268, ""Distance_mm"": 916, ""Interrupt_flag"": 0, ""Node_type"": ""DDS75-LB"", ""Sensor_flag"": 1, ""TempC_DS18B20"": 32.76}"
2025-09-21 04:52:29.807903741+00:00,dds75-lb-20,2,-33,10.0,"{""Bat"": 3.268, ""Distance_mm"": 916, ""Interrupt_flag"": 0, ""Node_type"": ""DDS75-LB"", ""Sensor_flag"": 1, ""TempC_DS18B20"": 32.76}"
2025-09-21 04:53:29.781281654+00:00,dds75-lb-20,2,-33,9.5,"{""Bat"": 3.268, ""Distance_mm"": 916, ""Interrupt_flag"": 0, ""Node_type"": ""DDS75-LB"", ""Sensor_flag"": 1, ""TempC_DS18B20"": 32.76}"
2025-09-21 04:54:29.855017342+00:00,dds75-lb-20,2,-33,9.5,"{""Bat"": 3.268, ""Distance_mm"": 916, ""Interrupt_flag"": 0, ""Node_type"": ""DDS75-LB"", ""Sensor_flag"": 1, ""TempC_DS18B20"": 32.76}"
2025-09-21 04:55:29.764241689+00:00,dds75-lb-20,2,-32,9.5,"{""Bat"": 3.268, ""Distance_mm"": 849, ""Interrupt_flag"": 0, ""Node_type"": ""DDS75-LB"", ""Sensor_flag"": 1, ""TempC_DS18B20"": 32.76}"
2025-09-21 04:56:29.761523562+00:00,dds75-lb-20,2,-31,6.25,"{""Bat"": 3.268, ""Distance_mm"": 736, ""Interrupt_flag"": 0, ""Node_type"": ""DDS75-LB"", ""Sensor_flag"": 1, ""TempC_DS18B20"": 32.76}"
2025-09-21 04:57:29.763162472+00:00,dds75-lb-20,2,-31,7.25,"{""Bat"": 3.268, ""Distance_mm"": 904, ""Interrupt_flag"": 0, ""Node_type"": ""DDS75-LB"", ""Sensor_flag"": 1, ""TempC_DS18B20"": 32.76}"
2025-09-21 04:58:29.732555132+00:00,dds75-lb-20,2,-33,7.0,"{""Bat"": 3.268, ""Distance_mm"": 904, ""Interrupt_flag"": 0, ""Node_type"": ""DDS75-LB"", ""Sensor_flag"": 1, ""TempC_DS18B20"": 32.76}"
2025-09-21 04:59:29.733103936+00:00,dds75-lb-20,2,-32,10.0,"{""Bat"": 3.268, ""Distance_mm"": 913, ""Interrupt_flag"": 0, ""Node_type"": ""DDS75-LB"", ""Sensor_flag"": 1, ""TempC_DS18B20"": 32.76}"
2025-09-21 05:00:29.726910139+00:00,dds75-lb-20,2,-32,9.25,"{""Bat"": 3.268, ""Distance_mm"": 916, ""Interrupt_flag"": 0, ""Node_type"": ""DDS75-LB"", ""Sensor_flag"": 1, ""TempC_DS18B20"": 32.76}"
2025-09-21 05:01:29.691181260+00:00,dds75-lb-20,2,-33,9.5,"{""Bat"": 3.268, ""Distance_mm"": 916, ""Interrupt_flag"": 0, ""Node_type"": ""DDS75-LB"", ""Sensor_flag"": 1, ""TempC_DS18B20"": 32.76}"
2025-09-21 05:02:29.702951054+00:00,dds75-lb-20,2,-32,9.0,"{""Bat"": 3.268, ""Distance_mm"": 916, ""Interrupt_flag"": 0, ""Node_type"": ""DDS75-LB"", ""Sensor_flag"": 1, ""TempC_DS18B20"": 32.76}"
2025-09-21 05:03:29.663544109+00:00,dds75-lb-20,2,-113,2.75,"{""Bat"": 3.268, ""Distance_mm"": 916, ""Interrupt_flag"": 0, ""Node_type"": ""DDS75-LB"", ""Sensor_flag"": 1, ""TempC_DS18B20"": 32.76}"
2025-09-21 05:04:29.672425997+00:00,dds75-lb-20,2,-31,6.5,"{""Bat"": 3.268, ""Distance_mm"": 916, ""Interrupt_flag"": 0, ""Node_type"": ""DDS75-LB"", ""Sensor_flag"": 1, ""TempC_DS18B20"": 32.76}"
2025-09-21 05:05:29.650995951+00:00,dds75-lb-20,2,-111,-3.25,"{""Bat"": 3.268, ""Distance_mm"": 916, ""Interrupt_flag"": 0, ""Node_type"": ""DDS75-LB"", ""Sensor_flag"": 1, ""TempC_DS18B20"": 32.76}"
2025-09-21 05:06:29.643287071+00:00,dds75-lb-20,2,-30,9.0,"{""Bat"": 3.268, ""Distance_mm"": 916, ""Interrupt_flag"": 0, ""Node_type"": ""DDS75-LB"", ""Sensor_flag"": 1, ""TempC_DS18B20"": 32.76}"
2025-09-21 05:07:29.641209175+00:00,dds75-lb-20,2,-32,9.5,"{""Bat"": 3.268, ""Distance_mm"": 916, ""Interrupt_flag"": 0, ""Node_type"": ""DDS75-LB"", ""Sensor_flag"": 1, ""TempC_DS18B20"": 32.76}"
2025-09-21 05:08:29.633821418+00:00,dds75-lb-20,2,-35,10.0,"{""Bat"": 3.268, ""Distance_mm"": 916, ""Interrupt_flag"": 0, ""Node_type"": ""DDS75-LB"", ""Sensor_flag"": 1, ""TempC_DS18B20"": 32.76}"
2025-09-21 05:09:29.610893702+00:00,dds75-lb-20,2,-33,10.25,"{""Bat"": 3.268, ""Distance_mm"": 916, ""Interrupt_flag"": 0, ""Node_type"": ""DDS75-LB"", ""Sensor_flag"": 1, ""TempC_DS18B20"": 32.76}"
2025-09-21 05:10:29.600844080+00:00,dds75-lb-20,2,-32,8.75,"{""Bat"": 3.268, ""Distance_mm"": 916, ""Interrupt_flag"": 0, ""Node_type"": ""DDS75-LB"", ""Sensor_flag"": 1, ""TempC_DS18B20"": 32.76}"
2025-09-21 05:11:29.603961024+00:00,dds75-lb-20,2,-31,9.0,"{""Bat"": 3.268, ""Distance_mm"": 916, ""Interrupt_flag"": 0, ""Node_type"": ""DDS75-LB"", ""Sensor_flag"": 1, ""TempC_DS18B20"": 32.76}"
2025-09-21 05:12:29.581198270+00:00,dds75-lb-20,2,-30,7.25,"{""Bat"": 3.268, ""Distance_mm"": 916, ""Interrupt_flag"": 0, ""Node_type"": ""DDS75-LB"", ""Sensor_flag"": 1, ""TempC_DS18B20"": 32.76}"
2025-09-21 05:13:29.571857205+00:00,dds75-lb-20,2,-112,3.5,"{""Bat"": 3.268, ""Distance_mm"": 916, ""Interrupt_flag"": 0, ""Node_type"": ""DDS75-LB"", ""Sensor_flag"": 1, ""TempC_DS18B20"": 32.76}"
2025-09-21 05:14:29.564833370+00:00,dds75-lb-20,2,-33,7.75,"{""Bat"": 3.268, ""Distance_mm"": 916, ""Interrupt_flag"": 0, ""Node_type"": ""DDS75-LB"", ""Sensor_flag"": 1, ""TempC_DS18B20"": 32.76}"
2025-09-21 05:15:29.555500991+00:00,dds75-lb-20,2,-111,4.75,"{""Bat"": 3.268, ""Distance_mm"": 916, ""Interrupt_flag"": 0, ""Node_type"": ""DDS75-LB"", ""Sensor_flag"": 1, ""TempC_DS18B20"": 32.76}"
2025-09-21 05:16:29.544411070+00:00,dds75-lb-20,2,-32,9.75,"{""Bat"": 3.268, ""Distance_mm"": 916, ""Interrupt_flag"": 0, ""Node_type"": ""DDS75-LB"", ""Sensor_flag"": 1, ""TempC_DS18B20"": 32.76}"
2025-09-21 05:17:29.525032259+00:00,dds75-lb-20,2,-32,9.5,"{""Bat"": 3.268, ""Distance_mm"": 916, ""Interrupt_flag"": 0, ""Node_type"": ""DDS75-LB"", ""Sensor_flag"": 1, ""TempC_DS18B20"": 32.76}"
2025-09-21 05:18:29.527384853+00:00,dds75-lb-20,2,-32,9.0,"{""Bat"": 3.268, ""Distance_mm"": 916, ""Interrupt_flag"": 0, ""Node_type"": ""DDS75-LB"", ""Sensor_flag"": 1, ""TempC_DS18B20"": 32.76}"
2025-09-21 05:19:29.527144184+00:00,dds75-lb-20,2,-32,10.0,"{""Bat"": 3.268, ""Distance_mm"": 916, ""Interrupt_flag"": 0, ""Node_type"": ""DDS75-LB"", ""Sensor_flag"": 1, ""TempC_DS18B20"": 32.76}"
2025-09-21 05:20:29.495034334+00:00,dds75-lb-20,2,-32,7.25,"{""Bat"": 3.268, ""Distance_mm"": 916, ""Interrupt_flag"": 0, ""Node_type"": ""DDS75-LB"", ""Sensor_flag"": 1, ""TempC_DS18B20"": 32.76}"
2025-09-21 05:21:29.495687988+00:00,dds75-lb-20,2,-31,8.0,"{""Bat"": 3.268, ""Distance_mm"": 916, ""Interrupt_flag"": 0, ""Node_type"": ""DDS75-LB"", ""Sensor_flag"": 1, ""TempC_DS18B20"": 32.76}"
2025-09-21 05:22:29.499142298+00:00,dds75-lb-20,2,-32,9.5,"{""Bat"": 3.268, ""Distance_mm"": 916, ""Interrupt_flag"": 0, ""Node_type"": ""DDS75-LB"", ""Sensor_flag"": 1, ""TempC_DS18B20"": 32.76}"
2025-09-21 05:23:29.469285584+00:00,dds75-lb-20,2,-31,9.0,"{""Bat"": 3.268, ""Distance_mm"": 916, ""Interrupt_flag"": 0, ""Node_type"": ""DDS75-LB"", ""Sensor_flag"": 1, ""TempC_DS18B20"": 32.76}"
2025-09-21 05:24:29.458589632+00:00,dds75-lb-20,2,-33,9.75,"{""Bat"": 3.268, ""Distance_mm"": 916, ""Interrupt_flag"": 0, ""Node_type"": ""DDS75-LB"", ""Sensor_flag"": 1, ""TempC_DS18B20"": 32.76}"
2025-09-21 05:25:29.442754224+00:00,dds75-lb-20,2,-121,-6.0,"{""Bat"": 3.268, ""Distance_mm"": 916, ""Interrupt_flag"": 0, ""Node_type"": ""DDS75-LB"", ""Sensor_flag"": 1, ""TempC_DS18B20"": 32.76}"
2025-09-21 05:26:29.436175360+00:00,dds75-lb-20,2,-37,10.5,"{""Bat"": 3.268, ""Distance_mm"": 916, ""Interrupt_flag"": 0, ""Node_type"": ""DDS75-LB"", ""Sensor_flag"": 1, ""TempC_DS18B20"": 32.76}"
2025-09-21 05:27:29.446100591+00:00,dds75-lb-20,2,-33,9.5,"{""Bat"": 3.268, ""Distance_mm"": 916, ""Interrupt_flag"": 0, ""Node_type"": ""DDS75-LB"", ""Sensor_flag"": 1, ""TempC_DS18B20"": 32.76}"
2025-09-21 05:28:29.442502741+00:00,dds75-lb-20,2,-110,-0.5,"{""Bat"": 3.268, ""Distance_mm"": 916, ""Interrupt_flag"": 0, ""Node_type"": ""DDS75-LB"", ""Sensor_flag"": 1, ""TempC_DS18B20"": 32.76}"
2025-09-21 05:29:29.411660620+00:00,dds75-lb-20,2,-110,4.75,"{""Bat"": 3.268, ""Distance_mm"": 916, ""Interrupt_flag"": 0, ""Node_type"": ""DDS75-LB"", ""Sensor_flag"": 1, ""TempC_DS18B20"": 32.76}"
2025-09-21 05:30:29.407591180+00:00,dds75-lb-20,2,-33,8.0,"{""Bat"": 3.268, ""Distance_mm"": 916, ""Interrupt_flag"": 0, ""Node_type"": ""DDS75-LB"", ""Sensor_flag"": 1, ""TempC_DS18B20"": 32.76}"
2025-09-21 05:31:29.385965996+00:00,dds75-lb-20,2,-30,9.25,"{""Bat"": 3.268, ""Distance_mm"": 916, ""Interrupt_flag"": 0, ""Node_type"": ""DDS75-LB"", ""Sensor_flag"": 1, ""TempC_DS18B20"": 32.76}"
2025-09-21 05:32:29.398341008+00:00,dds75-lb-20,2,-33,9.25,"{""Bat"": 3.268, ""Distance_mm"": 916, ""Interrupt_flag"": 0, ""Node_type"": ""DDS75-LB"", ""Sensor_flag"": 1, ""TempC_DS18B20"": 32.76}"
2025-09-21 05:33:29.387943596+00:00,dds75-lb-20,2,-33,7.25,"{""Bat"": 3.268, ""Distance_mm"": 916, ""Interrupt_flag"": 0, ""Node_type"": ""DDS75-LB"", ""Sensor_flag"": 1, ""TempC_DS18B20"": 32.76}"
2025-09-21 05:34:29.365824534+00:00,dds75-lb-20,2,-32,9.75,"{""Bat"": 3.268, ""Distance_mm"": 916, ""Interrupt_flag"": 0, ""Node_type"": ""DDS75-LB"", ""Sensor_flag"": 1, ""TempC_DS18B20"": 32.76}"
2025-09-21 05:35:29.344796891+00:00,dds75-lb-20,2,-36,8.75,"{""Bat"": 3.268, ""Distance_mm"": 916, ""Interrupt_flag"": 0, ""Node_type"": ""DDS75-LB"", ""Sensor_flag"": 1, ""TempC_DS18B20"": 32.76}"
2025-09-21 05:36:29.344253851+00:00,dds75-lb-20,2,-111,-2.5,"{""Bat"": 3.268, ""Distance_mm"": 916, ""Interrupt_flag"": 0, ""Node_type"": ""DDS75-LB"", ""Sensor_flag"": 1, ""TempC_DS18B20"": 32.76}"
2025-09-21 05:37:29.314430796+00:00,dds75-lb-20,2,-30,8.0,"{""Bat"": 3.268, ""Distance_mm"": 916, ""Interrupt_flag"": 0, ""Node_type"": ""DDS75-LB"", ""Sensor_flag"": 1, ""TempC_DS18B20"": 32.76}"
2025-09-21 05:38:29.316273782+00:00,dds75-lb-20,2,-122,-6.75,"{""Bat"": 3.268, ""Distance_mm"": 916, ""Interrupt_flag"": 0, ""Node_type"": ""DDS75-LB"", ""Sensor_flag"": 1, ""TempC_DS18B20"": 32.76}"
2025-09-21 05:39:29.304767163+00:00,dds75-lb-20,2,-32,9.5,"{""Bat"": 3.268, ""Distance_mm"": 916, ""Interrupt_flag"": 0, ""Node_type"": ""DDS75-LB"", ""Sensor_flag"": 1, ""TempC_DS18B20"": 32.76}"
2025-09-21 05:40:29.291106043+00:00,dds75-lb-20,2,-111,4.75,"{""Bat"": 3.268, ""Distance_mm"": 916, ""Interrupt_flag"": 0, ""Node_type"": ""DDS75-LB"", ""Sensor_flag"": 1, ""TempC_DS18B20"": 32.76}"
2025-09-21 05:41:29.284528507+00:00,dds75-lb-20,2,-33,9.5,"{""Bat"": 3.268, ""Distance_mm"": 916, ""Interrupt_flag"": 0, ""Node_type"": ""DDS75-LB"", ""Sensor_flag"": 1, ""TempC_DS18B20"": 32.76}"
2025-09-21 05:42:29.292109097+00:00,dds75-lb-20,2,-31,8.75,"{""Bat"": 3.268, ""Distance_mm"": 916, ""Interrupt_flag"": 0, ""Node_type"": ""DDS75-LB"", ""Sensor_flag"": 1, ""TempC_DS18B20"": 32.76}"
2025-09-21 05:43:29.264439386+00:00,dds75-lb-20,2,-30,9.5,"{""Bat"": 3.268, ""Distance_mm"": 916, ""Interrupt_flag"": 0, ""Node_type"": ""DDS75-LB"", ""Sensor_flag"": 1, ""TempC_DS18B20"": 32.76}"
2025-09-21 05:44:29.241266739+00:00,dds75-lb-20,2,-32,10.0,"{""Bat"": 3.268, ""Distance_mm"": 916, ""Interrupt_flag"": 0, ""Node_type"": ""DDS75-LB"", ""Sensor_flag"": 1, ""TempC_DS18B20"": 32.76}"
2025-09-21 05:45:29.247217647+00:00,dds75-lb-20,2,-29,7.75,"{""Bat"": 3.268, ""Distance_mm"": 916, ""Interrupt_flag"": 0, ""Node_type"": ""DDS75-LB"", ""Sensor_flag"": 1, ""TempC_DS18B20"": 32.76}"
2025-09-21 05:46:29.227872620+00:00,dds75-lb-20,2,-32,7.5,"{""Bat"": 3.268, ""Distance_mm"": 916, ""Interrupt_flag"": 0, ""Node_type"": ""DDS75-LB"", ""Sensor_flag"": 1, ""TempC_DS18B20"": 32.76}"
2025-09-21 05:47:29.237323297+00:00,dds75-lb-20,2,-114,1.5,"{""Bat"": 3.268, ""Distance_mm"": 916, ""Interrupt_flag"": 0, ""Node_type"": ""DDS75-LB"", ""Sensor_flag"": 1, ""TempC_DS18B20"": 32.76}"
2025-09-21 05:48:29.224364166+00:00,dds75-lb-20,2,-111,4.0,"{""Bat"": 3.268, ""Distance_mm"": 916, ""Interrupt_flag"": 0, ""Node_type"": ""DDS75-LB"", ""Sensor_flag"": 1, ""TempC_DS18B20"": 32.76}"
2025-09-21 05:49:29.203170075+00:00,dds75-lb-20,2,-115,-1.0,"{""Bat"": 3.268, ""Distance_mm"": 916, ""Interrupt_flag"": 0, ""Node_type"": ""DDS75-LB"", ""Sensor_flag"": 1, ""TempC_DS18B20"": 32.76}"
2025-09-21 05:50:29.181330195+00:00,dds75-lb-20,2,-33,9.5,"{""Bat"": 3.268, ""Distance_mm"": 916, ""Interrupt_flag"": 0, ""Node_type"": ""DDS75-LB"", ""Sensor_flag"": 1, ""TempC_DS18B20"": 32.76}"
2025-09-21 05:51:29.188128890+00:00,dds75-lb-20,2,-31,9.0,"{""Bat"": 3.268, ""Distance_mm"": 916, ""Interrupt_flag"": 0, ""Node_type"": ""DDS75-LB"", ""Sensor_flag"": 1, ""TempC_DS18B20"": 32.76}"
2025-09-21 05:52:29.166726119+00:00,dds75-lb-20,2,-112,3.0,"{""Bat"": 3.268, ""Distance_mm"": 916, ""Interrupt_flag"": 0, ""Node_type"": ""DDS75-LB"", ""Sensor_flag"": 1, ""TempC_DS18B20"": 32.76}"
2025-09-21 05:53:29.157820214+00:00,dds75-lb-20,2,-109,5.75,"{""Bat"": 3.268, ""Distance_mm"": 916, ""Interrupt_flag"": 0, ""Node_type"": ""DDS75-LB"", ""Sensor_flag"": 1, ""TempC_DS18B20"": 32.76}"
2025-09-21 05:54:29.146562723+00:00,dds75-lb-20,2,-32,8.0,"{""Bat"": 3.268, ""Distance_mm"": 916, ""Interrupt_flag"": 0, ""Node_type"": ""DDS75-LB"", ""Sensor_flag"": 1, ""TempC_DS18B20"": 32.76}"
2025-09-21 05:55:29.135532962+00:00,dds75-lb-20,2,-116,-0.75,"{""Bat"": 3.268, ""Distance_mm"": 916, ""Interrupt_flag"": 0, ""Node_type"": ""DDS75-LB"", ""Sensor_flag"": 1, ""TempC_DS18B20"": 32.76}"
2025-09-21 05:56:29.128967186+00:00,dds75-lb-20,2,-31,9.25,"{""Bat"": 3.268, ""Distance_mm"": 916, ""Interrupt_flag"": 0, ""Node_type"": ""DDS75-LB"", ""Sensor_flag"": 1, ""TempC_DS18B20"": 32.76}"
2025-09-21 05:57:29.100872996+00:00,dds75-lb-20,2,-116,-2.5,"{""Bat"": 3.268, ""Distance_mm"": 916, ""Interrupt_flag"": 0, ""Node_type"": ""DDS75-LB"", ""Sensor_flag"": 1, ""TempC_DS18B20"": 32.76}"
2025-09-21 05:58:29.103053696+00:00,dds75-lb-20,2,-113,-1.0,"{""Bat"": 3.268, ""Distance_mm"": 916, ""Interrupt_flag"": 0, ""Node_type"": ""DDS75-LB"", ""Sensor_flag"": 1, ""TempC_DS18B20"": 32.76}"
2025-09-21 05:59:29.091894501+00:00,dds75-lb-20,2,-33,10.25,"{""Bat"": 3.268, ""Distance_mm"": 916, ""Interrupt_flag"": 0, ""Node_type"": ""DDS75-LB"", ""Sensor_flag"": 1, ""TempC_DS18B20"": 32.76}"
2025-09-21 06:00:29.080868286+00:00,dds75-lb-20,2,-110,4.5,"{""Bat"": 3.268, ""Distance_mm"": 916, ""Interrupt_flag"": 0, ""Node_type"": ""DDS75-LB"", ""Sensor_flag"": 1, ""TempC_DS18B20"": 32.76}"
2025-09-21 06:01:29.070460020+00:00,dds75-lb-20,2,-31,7.25,"{""Bat"": 3.268, ""Distance_mm"": 916, ""Interrupt_flag"": 0, ""Node_type"": ""DDS75-LB"", ""Sensor_flag"": 1, ""TempC_DS18B20"": 32.76}"
2025-09-21 06:02:29.080804374+00:00,dds75-lb-20,2,-32,7.5,"{""Bat"": 3.268, ""Distance_mm"": 916, ""Interrupt_flag"": 0, ""Node_type"": ""DDS75-LB"", ""Sensor_flag"": 1, ""TempC_DS18B20"": 32.76}"
2025-09-21 06:03:29.051975947+00:00,dds75-lb-20,2,-116,-0.25,"{""Bat"": 3.268, ""Distance_mm"": 916, ""Interrupt_flag"": 0, ""Node_type"": ""DDS75-LB"", ""Sensor_flag"": 1, ""TempC_DS18B20"": 32.76}"
2025-09-21 06:04:29.038139996+00:00,dds75-lb-20,2,-114,2.0,"{""Bat"": 3.268, ""Distance_mm"": 916, ""Interrupt_flag"": 0, ""Node_type"": ""DDS75-LB"", ""Sensor_flag"": 1, ""TempC_DS18B20"": 32.76}"
2025-09-21 06:05:29.042169703+00:00,dds75-lb-20,2,-29,7.75,"{""Bat"": 3.268, ""Distance_mm"": 916, ""Interrupt_flag"": 0, ""Node_type"": ""DDS75-LB"", ""Sensor_flag"": 1, ""TempC_DS18B20"": 32.76}"
2025-09-21 06:06:29.019085420+00:00,dds75-lb-20,2,-32,10.0,"{""Bat"": 3.268, ""Distance_mm"": 916, ""Interrupt_flag"": 0, ""Node_type"": ""DDS75-LB"", ""Sensor_flag"": 1, ""TempC_DS18B20"": 32.76}"
2025-09-21 06:07:29.012200750+00:00,dds75-lb-20,2,-114,2.25,"{""Bat"": 3.268, ""Distance_mm"": 916, ""Interrupt_flag"": 0, ""Node_type"": ""DDS75-LB"", ""Sensor_flag"": 1, ""TempC_DS18B20"": 32.76}"
2025-09-21 06:08:29.005385756+00:00,dds75-lb-20,2,-31,7.75,"{""Bat"": 3.268, ""Distance_mm"": 916, ""Interrupt_flag"": 0, ""Node_type"": ""DDS75-LB"", ""Sensor_flag"": 1, ""TempC_DS18B20"": 32.76}"
2025-09-21 06:09:28.990860766+00:00,dds75-lb-20,2,-30,9.25,"{""Bat"": 3.268, ""Distance_mm"": 916, ""Interrupt_flag"": 0, ""Node_type"": ""DDS75-LB"", ""Sensor_flag"": 1, ""TempC_DS18B20"": 32.76}"
2025-09-21 06:10:28.971527947+00:00,dds75-lb-20,2,-32,9.25,"{""Bat"": 3.268, ""Distance_mm"": 916, ""Interrupt_flag"": 0, ""Node_type"": ""DDS75-LB"", ""Sensor_flag"": 1, ""TempC_DS18B20"": 32.76}"
2025-09-21 06:11:28.979511258+00:00,dds75-lb-20,2,-29,8.75,"{""Bat"": 3.268, ""Distance_mm"": 916, ""Interrupt_flag"": 0, ""Node_type"": ""DDS75-LB"", ""Sensor_flag"": 1, ""TempC_DS18B20"": 32.76}"
2025-09-21 06:12:28.961486220+00:00,dds75-lb-20,2,-31,9.0,"{""Bat"": 3.268, ""Distance_mm"": 916, ""Interrupt_flag"": 0, ""Node_type"": ""DDS75-LB"", ""Sensor_flag"": 1, ""TempC_DS18B20"": 32.76}"
2025-09-21 06:13:28.961737715+00:00,dds75-lb-20,2,-33,9.5,"{""Bat"": 3.268, ""Distance_mm"": 916, ""Interrupt_flag"": 0, ""Node_type"": ""DDS75-LB"", ""Sensor_flag"": 1, ""TempC_DS18B20"": 32.76}"
2025-09-21 06:14:28.941523078+00:00,dds75-lb-20,2,-31,8.75,"{""Bat"": 3.268, ""Distance_mm"": 916, ""Interrupt_flag"": 0, ""Node_type"": ""DDS75-LB"", ""Sensor_flag"": 1, ""TempC_DS18B20"": 32.76}"
2025-09-21 06:15:28.941659224+00:00,dds75-lb-20,2,-113,3.25,"{""Bat"": 3.268, ""Distance_mm"": 916, ""Interrupt_flag"": 0, ""Node_type"": ""DDS75-LB"", ""Sensor_flag"": 1, ""TempC_DS18B20"": 32.76}"
2025-09-21 06:16:28.930782207+00:00,dds75-lb-20,2,-29,7.5,"{""Bat"": 3.268, ""Distance_mm"": 916, ""Interrupt_flag"": 0, ""Node_type"": ""DDS75-LB"", ""Sensor_flag"": 1, ""TempC_DS18B20"": 32.76}"
2025-09-21 06:17:28.895389846+00:00,dds75-lb-20,2,-111,1.0,"{""Bat"": 10.827, ""Distance_mm"": 916, ""Interrupt_flag"": 0, ""Node_type"": ""DDS75-LB"", ""Sensor_flag"": 1, ""TempC_DS18B20"": 32.76}"
2025-09-21 06:18:28.910741523+00:00,dds75-lb-20,2,-31,9.5,"{""Bat"": 3.268, ""Distance_mm"": 916, ""Interrupt_flag"": 0, ""Node_type"": ""DDS75-LB"", ""Sensor_flag"": 1, ""TempC_DS18B20"": 32.76}"
2025-09-21 06:19:28.887357018+00:00,dds75-lb-20,2,-31,9.75,"{""Bat"": 3.268, ""Distance_mm"": 916, ""Interrupt_flag"": 0, ""Node_type"": ""DDS75-LB"", ""Sensor_flag"": 1, ""TempC_DS18B20"": 32.76}"
2025-09-21 06:20:28.895864652+00:00,dds75-lb-20,2,-30,9.25,"{""Bat"": 3.268, ""Distance_mm"": 916, ""Interrupt_flag"": 0, ""Node_type"": ""DDS75-LB"", ""Sensor_flag"": 1, ""TempC_DS18B20"": 32.76}"
2025-09-21 06:21:28.880282679+00:00,dds75-lb-20,2,-32,9.5,"{""Bat"": 3.268, ""Distance_mm"": 916, ""Interrupt_flag"": 0, ""Node_type"": ""DDS75-LB"", ""Sensor_flag"": 1, ""TempC_DS18B20"": 32.76}"
2025-09-21 06:22:28.863391265+00:00,dds75-lb-20,2,-31,10.0,"{""Bat"": 3.268, ""Distance_mm"": 916, ""Interrupt_flag"": 0, ""Node_type"": ""DDS75-LB"", ""Sensor_flag"": 1, ""TempC_DS18B20"": 32.76}"
2025-09-21 06:23:28.846887990+00:00,dds75-lb-20,2,-33,9.5,"{""Bat"": 3.268, ""Distance_mm"": 916, ""Interrupt_flag"": 0, ""Node_type"": ""DDS75-LB"", ""Sensor_flag"": 1, ""TempC_DS18B20"": 32.76}"
2025-09-21 06:24:28.838965580+00:00,dds75-lb-20,2,-31,10.0,"{""Bat"": 3.268, ""Distance_mm"": 916, ""Interrupt_flag"": 0, ""Node_type"": ""DDS75-LB"", ""Sensor_flag"": 1, ""TempC_DS18B20"": 32.76}"
2025-09-21 06:25:28.821877187+00:00,dds75-lb-20,2,-29,8.5,"{""Bat"": 3.268, ""Distance_mm"": 916, ""Interrupt_flag"": 0, ""Node_type"": ""DDS75-LB"", ""Sensor_flag"": 1, ""TempC_DS18B20"": 32.76}"
2025-09-21 06:26:28.820151769+00:00,dds75-lb-20,2,-116,-0.5,"{""Bat"": 3.268, ""Distance_mm"": 916, ""Interrupt_flag"": 0, ""Node_type"": ""DDS75-LB"", ""Sensor_flag"": 1, ""TempC_DS18B20"": 32.76}"
2025-09-21 06:27:28.814283577+00:00,dds75-lb-20,2,-118,-9.5,"{""Bat"": 3.268, ""Distance_mm"": 916, ""Interrupt_flag"": 0, ""Node_type"": ""DDS75-LB"", ""Sensor_flag"": 1, ""TempC_DS18B20"": 32.76}"
2025-09-21 06:28:28.809204299+00:00,dds75-lb-20,2,-33,9.0,"{""Bat"": 3.268, ""Distance_mm"": 916, ""Interrupt_flag"": 0, ""Node_type"": ""DDS75-LB"", ""Sensor_flag"": 1, ""TempC_DS18B20"": 32.76}"
2025-09-21 06:29:28.812530002+00:00,dds75-lb-20,2,-116,-2.25,"{""Bat"": 3.268, ""Distance_mm"": 916, ""Interrupt_flag"": 0, ""Node_type"": ""DDS75-LB"", ""Sensor_flag"": 1, ""TempC_DS18B20"": 32.76}"
2025-09-21 06:30:28.762418953+00:00,dds75-lb-20,2,-110,4.25,"{""Bat"": 3.268, ""Distance_mm"": 916, ""Interrupt_flag"": 0, ""Node_type"": ""DDS75-LB"", ""Sensor_flag"": 1, ""TempC_DS18B20"": 32.76}"
2025-09-21 06:31:28.781716558+00:00,dds75-lb-20,2,-115,1.0,"{""Bat"": 3.268, ""Distance_mm"": 713, ""Interrupt_flag"": 0, ""Node_type"": ""DDS75-LB"", ""Sensor_flag"": 1, ""TempC_DS18B20"": 32.76}"
2025-09-21 06:32:28.763031186+00:00,dds75-lb-20,2,-30,9.5,"{""Bat"": 3.268, ""Distance_mm"": 916, ""Interrupt_flag"": 0, ""Node_type"": ""DDS75-LB"", ""Sensor_flag"": 1, ""TempC_DS18B20"": 32.76}"
2025-09-21 06:33:28.749483927+00:00,dds75-lb-20,2,-30,9.0,"{""Bat"": 3.268, ""Distance_mm"": 916, ""Interrupt_flag"": 0, ""Node_type"": ""DDS75-LB"", ""Sensor_flag"": 1, ""TempC_DS18B20"": 32.76}"
2025-09-21 06:34:28.731769025+00:00,dds75-lb-20,2,-32,9.5,"{""Bat"": 3.268, ""Distance_mm"": 916, ""Interrupt_flag"": 0, ""Node_type"": ""DDS75-LB"", ""Sensor_flag"": 1, ""TempC_DS18B20"": 32.76}"
2025-09-21 06:35:28.737887762+00:00,dds75-lb-20,2,-30,9.5,"{""Bat"": 3.268, ""Distance_mm"": 916, ""Interrupt_flag"": 0, ""Node_type"": ""DDS75-LB"", ""Sensor_flag"": 1, ""TempC_DS18B20"": 32.76}"
