received_at,device_id,f_port,rssi,snr,payload_json
2025-09-18 00:05:12.532705367+00:00,dds75-lb-09,2,-47,9.25,"{""Bat"": 3.332, ""Distance_mm"": 708, ""Interrupt_flag"": 0, ""Node_type"": ""DDS75-LB"", ""Sensor_flag"": 1, ""TempC_DS18B20"": 32.76}"
2025-09-18 00:25:12.330250559+00:00,dds75-lb-09,2,-47,9.25,"{""Bat"": 3.332, ""Distance_mm"": 708, ""Interrupt_flag"": 0, ""Node_type"": ""DDS75-LB"", ""Sensor_flag"": 1, ""TempC_DS18B20"": 32.76}"
2025-09-18 00:45:12.110337374+00:00,dds75-lb-09,2,-45,9.25,"{""Bat"": 3.332, ""Distance_mm"": 707, ""Interrupt_flag"": 0, ""Node_type"": ""DDS75-LB"", ""Sensor_flag"": 1, ""TempC_DS18B20"": 32.76}"
2025-09-18 01:05:11.880430150+00:00,dds75-lb-09,2,-47,9.75,"{""Bat"": 3.332, ""Distance_mm"": 707, ""Interrupt_flag"": 0, ""Node_type"": ""DDS75-LB"", ""Sensor_flag"": 1, ""TempC_DS18B20"": 32.76}"
2025-09-18 01:25:11.646011178+00:00,dds75-lb-09,2,-115,1.0,"{""Bat"": 3.332, ""Distance_mm"": 706, ""Interrupt_flag"": 0, ""Node_type"": ""DDS75-LB"", ""Sensor_flag"": 1, ""TempC_DS18B20"": 32.76}"
2025-09-18 01:45:11.432697535+00:00,dds75-lb-09,2,-49,10.25,"{""Bat"": 3.332, ""Distance_mm"": 707, ""Interrupt_flag"": 0, ""Node_type"": ""DDS75-LB"", ""Sensor_flag"": 1, ""TempC_DS18B20"": 32.76}"
2025-09-18 02:05:11.207993033+00:00,dds75-lb-09,2,-116,-2.25,"{""Bat"": 3.332, ""Distance_mm"": 707, ""Interrupt_flag"": 0, ""Node_type"": ""DDS75-LB"", ""Sensor_flag"": 1, ""TempC_DS18B20"": 32.76}"
2025-09-18 02:25:11.005404276+00:00,dds75-lb-09,2,-45,10.25,"{""Bat"": 3.332, ""Distance_mm"": 705, ""Interrupt_flag"": 0, ""Node_type"": ""DDS75-LB"", ""Sensor_flag"": 1, ""TempC_DS18B20"": 32.76}"
2025-09-18 02:45:10.767114963+00:00,dds75-lb-09,2,-44,7.75,"{""Bat"": 3.332, ""Distance_mm"": 707, ""Interrupt_flag"": 0, ""Node_type"": ""DDS75-LB"", ""Sensor_flag"": 1, ""TempC_DS18B20"": 32.76}"
2025-09-18 03:05:10.559611750+00:00,dds75-lb-09,2,-45,9.25,"{""Bat"": 3.332, ""Distance_mm"": 707, ""Interrupt_flag"": 0, ""Node_type"": ""DDS75-LB"", ""Sensor_flag"": 1, ""TempC_DS18B20"": 32.76}"
2025-09-18 03:25:10.329712555+00:00,dds75-lb-09,2,-49,10.75,"{""Bat"": 3.332, ""Distance_mm"": 707, ""Interrupt_flag"": 0, ""Node_type"": ""DDS75-LB"", ""Sensor_flag"": 1, ""TempC_DS18B20"": 32.76}"
2025-09-18 03:45:10.111978823+00:00,dds75-lb-09,2,-47,7.25,"{""Bat"": 3.332, ""Distance_mm"": 705, ""Interrupt_flag"": 0, ""Node_type"": ""DDS75-LB"", ""Sensor_flag"": 1, ""TempC_DS18B20"": 32.76}"
2025-09-18 04:05:09.890268268+00:00,dds75-lb-09,2,-43,9.0,"{""Bat"": 3.332, ""Distance_mm"": 707, ""Interrupt_flag"": 0, ""Node_type"": ""DDS75-LB"", ""Sensor_flag"": 1, ""TempC_DS18B20"": 32.76}"
2025-09-18 04:25:09.671375880+00:00,dds75-lb-09,2,-117,-1.75,"{""Bat"": 3.332, ""Distance_mm"": 707, ""Interrupt_flag"": 0, ""Node_type"": ""DDS75-LB"", ""Sensor_flag"": 1, ""TempC_DS18B20"": 32.76}"
2025-09-18 04:45:09.447350839+00:00,dds75-lb-09,2,-113,0.75,"{""Bat"": 3.332, ""Distance_mm"": 707, ""Interrupt_flag"": 0, ""Node_type"": ""DDS75-LB"", ""Sensor_flag"": 1, ""TempC_DS18B20"": 32.76}"
2025-09-18 05:05:09.240781261+00:00,dds75-lb-09,2,-114,2.0,"{""Bat"": 3.332, ""Distance_mm"": 706, ""Interrupt_flag"": 0, ""Node_type"": ""DDS75-LB"", ""Sensor_flag"": 1, ""TempC_DS18B20"": 32.76}"
2025-09-18 05:25:08.994867395+00:00,dds75-lb-09,2,-47,7.5,"{""Bat"": 3.332, ""Distance_mm"": 706, ""Interrupt_flag"": 0, ""Node_type"": ""DDS75-LB"", ""Sensor_flag"": 1, ""TempC_DS18B20"": 32.76}"
2025-09-18 05:45:08.800799814+00:00,dds75-lb-09,2,-120,-2.75,"{""Bat"": 3.332, ""Distance_mm"": 705, ""Interrupt_flag"": 0, ""Node_type"": ""DDS75-LB"", ""Sensor_flag"": 1, ""TempC_DS18B20"": 32.76}"
2025-09-18 06:05:08.563424616+00:00,dds75-lb-09,2,-41,9.25,"{""Bat"": 3.332, ""Distance_mm"": 707, ""Interrupt_flag"": 0, ""Node_type"": ""DDS75-LB"", ""Sensor_flag"": 1, ""TempC_DS18B20"": 32.76}"
2025-09-18 06:25:08.343751602+00:00,dds75-lb-09,2,-43,9.5,"{""Bat"": 3.332, ""Distance_mm"": 706, ""Interrupt_flag"": 0, ""Node_type"": ""DDS75-LB"", ""Sensor_flag"": 1, ""TempC_DS18B20"": 32.76}"
2025-09-18 06:45:08.113103931+00:00,dds75-lb-09,2,-39,9.75,"{""Bat"": 3.332, ""Distance_mm"": 707, ""Interrupt_flag"": 0, ""Node_type"": ""DDS75-LB"", ""Sensor_flag"": 1, ""TempC_DS18B20"": 32.76}"
2025-09-18 07:05:07.896074929+00:00,dds75-lb-09,2,-44,10.0,"{""Bat"": 3.332, ""Distance_mm"": 707, ""Interrupt_flag"": 0, ""Node_type"": ""DDS75-LB"", ""Sensor_flag"": 1, ""TempC_DS18B20"": 32.76}"
2025-09-18 07:25:07.669082631+00:00,dds75-lb-09,2,-41,7.25,"{""Bat"": 3.332, ""Distance_mm"": 707, ""Interrupt_flag"": 0, ""Node_type"": ""DDS75-LB"", ""Sensor_flag"": 1, ""TempC_DS18B20"": 32.76}"
2025-09-18 07:45:07.453585425+00:00,dds75-lb-09,2,-39,7.75,"{""Bat"": 3.332, ""Distance_mm"": 707, ""Interrupt_flag"": 0, ""Node_type"": ""DDS75-LB"", ""Sensor_flag"": 1, ""TempC_DS18B20"": 32.76}"
2025-09-18 08:05:07.233655048+00:00,dds75-lb-09,2,-41,9.5,"{""Bat"": 3.332, ""Distance_mm"": 707, ""Interrupt_flag"": 0, ""Node_type"": ""DDS75-LB"", ""Sensor_flag"": 1, ""TempC_DS18B20"": 32.76}"
2025-09-18 08:25:07.011226535+00:00,dds75-lb-09,2,-41,9.5,"{""Bat"": 3.332, ""Distance_mm"": 707, ""Interrupt_flag"": 0, ""Node_type"": ""DDS75-LB"", ""Sensor_flag"": 1, ""TempC_DS18B20"": 32.76}"
2025-09-18 08:45:06.791974987+00:00,dds75-lb-09,2,-43,8.75,"{""Bat"": 3.332, ""Distance_mm"": 707, ""Interrupt_flag"": 0, ""Node_type"": ""DDS75-LB"", ""Sensor_flag"": 1, ""TempC_DS18B20"": 32.76}"
2025-09-18 09:05:06.574753114+00:00,dds75-lb-09,2,-42,9.5,"{""Bat"": 3.332, ""Distance_mm"": 708, ""Interrupt_flag"": 0, ""Node_type"": ""DDS75-LB"", ""Sensor_flag"": 1, ""TempC_DS18B20"": 32.76}"
2025-09-18 09:25:06.350516525+00:00,dds75-lb-09,2,-43,10.25,"{""Bat"": 3.332, ""Distance_mm"": 354, ""Interrupt_flag"": 0, ""Node_type"": ""DDS75-LB"", ""Sensor_flag"": 1, ""TempC_DS18B20"": 32.76}"
2025-09-18 09:45:06.124146485+00:00,dds75-lb-09,2,-41,9.75,"{""Bat"": 3.332, ""Distance_mm"": 708, ""Interrupt_flag"": 0, ""Node_type"": ""DDS75-LB"", ""Sensor_flag"": 1, ""TempC_DS18B20"": 32.76}"
2025-09-18 10:05:05.900783907+00:00,dds75-lb-09,2,-39,7.25,"{""Bat"": 3.332, ""Distance_mm"": 0, ""Interrupt_flag"": 0, ""Node_type"": ""DDS75-LB"", ""Sensor_flag"": 1, ""TempC_DS18B20"": 32.76}"
2025-09-18 10:25:05.674916142+00:00,dds75-lb-09,2,-115,1.0,"{""Bat"": 3.332, ""Distance_mm"": 0, ""Interrupt_flag"": 0, ""Node_type"": ""DDS75-LB"", ""Sensor_flag"": 1, ""TempC_DS18B20"": 32.76}"
2025-09-18 10:45:05.460502151+00:00,dds75-lb-09,2,-39,7.5,"{""Bat"": 3.332, ""Distance_mm"": 0, ""Interrupt_flag"": 0, ""Node_type"": ""DDS75-LB"", ""Sensor_flag"": 1, ""TempC_DS18B20"": 32.76}"
2025-09-18 11:05:05.248211122+00:00,dds75-lb-09,2,-43,9.75,"{""Bat"": 3.332, ""Distance_mm"": 0, ""Interrupt_flag"": 0, ""Node_type"": ""DDS75-LB"", ""Sensor_flag"": 1, ""TempC_DS18B20"": 32.76}"
2025-09-18 11:25:05.054384413+00:00,dds75-lb-09,2,-42,10.5,"{""Bat"": 3.332, ""Distance_mm"": 0, ""Interrupt_flag"": 0, ""Node_type"": ""DDS75-LB"", ""Sensor_flag"": 1, ""TempC_DS18B20"": 32.76}"
2025-09-18 11:45:04.816468756+00:00,dds75-lb-09,2,-43,7.75,"{""Bat"": 3.332, ""Distance_mm"": 0, ""Interrupt_flag"": 0, ""Node_type"": ""DDS75-LB"", ""Sensor_flag"": 1, ""TempC_DS18B20"": 32.76}"
2025-09-18 12:05:04.588343539+00:00,dds75-lb-09,2,-114,1.75,"{""Bat"": 3.332, ""Distance_mm"": 0, ""Interrupt_flag"": 0, ""Node_type"": ""DDS75-LB"", ""Sensor_flag"": 1, ""TempC_DS18B20"": 32.76}"
2025-09-18 12:25:04.365215766+00:00,dds75-lb-09,2,-45,9.75,"{""Bat"": 3.332, ""Distance_mm"": 0, ""Interrupt_flag"": 0, ""Node_type"": ""DDS75-LB"", ""Sensor_flag"": 1, ""TempC_DS18B20"": 32.76}"
2025-09-18 12:45:04.135150182+00:00,dds75-lb-09,2,-40,7.25,"{""Bat"": 3.332, ""Distance_mm"": 0, ""Interrupt_flag"": 0, ""Node_type"": ""DDS75-LB"", ""Sensor_flag"": 1, ""TempC_DS18B20"": 32.76}"
2025-09-18 13:05:03.914634877+00:00,dds75-lb-09,2,-44,9.5,"{""Bat"": 3.332, ""Distance_mm"": 0, ""Interrupt_flag"": 0, ""Node_type"": ""DDS75-LB"", ""Sensor_flag"": 1, ""TempC_DS18B20"": 32.76}"
2025-09-18 13:25:03.683502926+00:00,dds75-lb-09,2,-44,9.25,"{""Bat"": 3.332, ""Distance_mm"": 0, ""Interrupt_flag"": 0, ""Node_type"": ""DDS75-LB"", ""Sensor_flag"": 1, ""TempC_DS18B20"": 32.76}"
2025-09-18 13:45:03.457252321+00:00,dds75-lb-09,2,-41,8.75,"{""Bat"": 3.332, ""Distance_mm"": 0, ""Interrupt_flag"": 0, ""Node_type"": ""DDS75-LB"", ""Sensor_flag"": 1, ""TempC_DS18B20"": 32.76}"
2025-09-18 14:05:03.266219739+00:00,dds75-lb-09,2,-44,8.75,"{""Bat"": 3.332, ""Distance_mm"": 0, ""Interrupt_flag"": 0, ""Node_type"": ""DDS75-LB"", ""Sensor_flag"": 1, ""TempC_DS18B20"": 32.76}"
2025-09-18 14:25:03.045517221+00:00,dds75-lb-09,2,-44,9.75,"{""Bat"": 3.332, ""Distance_mm"": 0, ""Interrupt_flag"": 0, ""Node_type"": ""DDS75-LB"", ""Sensor_flag"": 1, ""TempC_DS18B20"": 32.76}"
2025-09-18 14:45:02.803033724+00:00,dds75-lb-09,2,-44,8.75,"{""Bat"": 3.332, ""Distance_mm"": 0, ""Interrupt_flag"": 0, ""Node_type"": ""DDS75-LB"", ""Sensor_flag"": 1, ""TempC_DS18B20"": 32.76}"
2025-09-18 15:05:02.594351039+00:00,dds75-lb-09,2,-44,9.25,"{""Bat"": 3.332, ""Distance_mm"": 0, ""Interrupt_flag"": 0, ""Node_type"": ""DDS75-LB"", ""Sensor_flag"": 1, ""TempC_DS18B20"": 32.76}"
2025-09-18 15:25:02.373837068+00:00,dds75-lb-09,2,-43,6.75,"{""Bat"": 3.332, ""Distance_mm"": 0, ""Interrupt_flag"": 0, ""Node_type"": ""DDS75-LB"", ""Sensor_flag"": 1, ""TempC_DS18B20"": 32.76}"
2025-09-18 15:45:02.151494703+00:00,dds75-lb-09,2,-42,10.0,"{""Bat"": 3.332, ""Distance_mm"": 0, ""Interrupt_flag"": 0, ""Node_type"": ""DDS75-LB"", ""Sensor_flag"": 1, ""TempC_DS18B20"": 32.76}"
2025-09-18 16:05:01.925601058+00:00,dds75-lb-09,2,-44,8.75,"{""Bat"": 3.332, ""Distance_mm"": 0, ""Interrupt_flag"": 0, ""Node_type"": ""DDS75-LB"", ""Sensor_flag"": 1, ""TempC_DS18B20"": 32.76}"
2025-09-18 16:25:01.702007558+00:00,dds75-lb-09,2,-122,-7.0,"{""Bat"": 3.332, ""Distance_mm"": 177, ""Interrupt_flag"": 0, ""Node_type"": ""DDS75-LB"", ""Sensor_flag"": 1, ""TempC_DS18B20"": 32.76}"
2025-09-18 16:45:01.481456826+00:00,dds75-lb-09,2,-45,10.25,"{""Bat"": 3.332, ""Distance_mm"": 0, ""Interrupt_flag"": 0, ""Node_type"": ""DDS75-LB"", ""Sensor_flag"": 1, ""TempC_DS18B20"": 32.76}"
2025-09-18 17:05:01.267746749+00:00,dds75-lb-09,2,-45,9.5,"{""Bat"": 3.332, ""Distance_mm"": 0, ""Interrupt_flag"": 0, ""Node_type"": ""DDS75-LB"", ""Sensor_flag"": 1, ""TempC_DS18B20"": 32.76}"
2025-09-18 17:25:01.034512728+00:00,dds75-lb-09,2,-44,9.25,"{""Bat"": 3.332, ""Distance_mm"": 0, ""Interrupt_flag"": 0, ""Node_type"": ""DDS75-LB"", ""Sensor_flag"": 1, ""TempC_DS18B20"": 32.76}"
2025-09-18 17:45:00.802276809+00:00,dds75-lb-09,2,-43,8.75,"{""Bat"": 3.332, ""Distance_mm"": 0, ""Interrupt_flag"": 0, ""Node_type"": ""DDS75-LB"", ""Sensor_flag"": 1, ""TempC_DS18B20"": 32.76}"
2025-09-18 18:05:00.569406443+00:00,dds75-lb-09,2,-44,10.25,"{""Bat"": 3.332, ""Distance_mm"": 0, ""Interrupt_flag"": 0, ""Node_type"": ""DDS75-LB"", ""Sensor_flag"": 1, ""TempC_DS18B20"": 32.76}"
2025-09-18 18:25:00.353355071+00:00,dds75-lb-09,2,-44,9.5,"{""Bat"": 3.332, ""Distance_mm"": 0, ""Interrupt_flag"": 0, ""Node_type"": ""DDS75-LB"", ""Sensor_flag"": 1, ""TempC_DS18B20"": 32.76}"
2025-09-18 18:45:00.151032649+00:00,dds75-lb-09,2,-53,6.5,"{""Bat"": 3.332, ""Distance_mm"": 0, ""Interrupt_flag"": 0, ""Node_type"": ""DDS75-LB"", ""Sensor_flag"": 1, ""TempC_DS18B20"": 32.76}"
2025-09-18 19:04:59.927204869+00:00,dds75-lb-09,2,-47,10.25,"{""Bat"": 3.332, ""Distance_mm"": 0, ""Interrupt_flag"": 0, ""Node_type"": ""DDS75-LB"", ""Sensor_flag"": 1, ""TempC_DS18B20"": 32.76}"
2025-09-18 19:24:59.709293013+00:00,dds75-lb-09,2,-47,10.0,"{""Bat"": 3.332, ""Distance_mm"": 0, ""Interrupt_flag"": 0, ""Node_type"": ""DDS75-LB"", ""Sensor_flag"": 1, ""TempC_DS18B20"": 32.76}"
2025-09-18 19:44:59.480106182+00:00,dds75-lb-09,2,-47,9.25,"{""Bat"": 3.332, ""Distance_mm"": 0, ""Interrupt_flag"": 0, ""Node_type"": ""DDS75-LB"", ""Sensor_flag"": 1, ""TempC_DS18B20"": 32.76}"
2025-09-18 20:04:59.271113929+00:00,dds75-lb-09,2,-47,9.75,"{""Bat"": 3.332, ""Distance_mm"": 0, ""Interrupt_flag"": 0, ""Node_type"": ""DDS75-LB"", ""Sensor_flag"": 1, ""TempC_DS18B20"": 32.76}"
2025-09-18 20:24:59.051529799+00:00,dds75-lb-09,2,-49,9.0,"{""Bat"": 3.332, ""Distance_mm"": 0, ""Interrupt_flag"": 0, ""Node_type"": ""DDS75-LB"", ""Sensor_flag"": 1, ""TempC_DS18B20"": 32.76}"
2025-09-18 20:44:58.813228395+00:00,dds75-lb-09,2,-43,7.5,"{""Bat"": 3.332, ""Distance_mm"": 0, ""Interrupt_flag"": 0, ""Node_type"": ""DDS75-LB"", ""Sensor_flag"": 1, ""TempC_DS18B20"": 32.76}"
2025-09-18 21:04:58.597648723+00:00,dds75-lb-09,2,-45,7.75,"{""Bat"": 3.332, ""Distance_mm"": 0, ""Interrupt_flag"": 0, ""Node_type"": ""DDS75-LB"", ""Sensor_flag"": 1, ""TempC_DS18B20"": 32.76}"
2025-09-18 21:24:58.375304678+00:00,dds75-lb-09,2,-47,9.75,"{""Bat"": 3.332, ""Distance_mm"": 0, ""Interrupt_flag"": 0, ""Node_type"": ""DDS75-LB"", ""Sensor_flag"": 1, ""TempC_DS18B20"": 32.76}"
2025-09-18 21:44:58.165799900+00:00,dds75-lb-09,2,-47,10.25,"{""Bat"": 3.332, ""Distance_mm"": 0, ""Interrupt_flag"": 0, ""Node_type"": ""DDS75-LB"", ""Sensor_flag"": 1, ""TempC_DS18B20"": 32.76}"
2025-09-18 22:04:57.933406033+00:00,dds75-lb-09,2,-49,10.0,"{""Bat"": 3.332, ""Distance_mm"": 0, ""Interrupt_flag"": 0, ""Node_type"": ""DDS75-LB"", ""Sensor_flag"": 1, ""TempC_DS18B20"": 32.76}"
2025-09-18 22:24:57.703755686+00:00,dds75-lb-09,2,-44,8.75,"{""Bat"": 3.332, ""Distance_mm"": 0, ""Interrupt_flag"": 0, ""Node_type"": ""DDS75-LB"", ""Sensor_flag"": 1, ""TempC_DS18B20"": 32.76}"
2025-09-18 22:44:57.479833845+00:00,dds75-lb-09,2,-45,11.0,"{""Bat"": 3.332, ""Distance_mm"": 0, ""Interrupt_flag"": 0, ""Node_type"": ""DDS75-LB"", ""Sensor_flag"": 1, ""TempC_DS18B20"": 32.76}"
2025-09-18 23:04:57.267008313+00:00,dds75-lb-09,2,-49,9.25,"{""Bat"": 3.332, ""Distance_mm"": 0, ""Interrupt_flag"": 0, ""Node_type"": ""DDS75-LB"", ""Sensor_flag"": 1, ""TempC_DS18B20"": 32.76}"
2025-09-18 23:24:57.038607932+00:00,dds75-lb-09,2,-43,9.25,"{""Bat"": 3.332, ""Distance_mm"": 0, ""Interrupt_flag"": 0, ""Node_type"": ""DDS75-LB"", ""Sensor_flag"": 1, ""TempC_DS18B20"": 32.76}"
2025-09-18 23:44:56.809637278+00:00,dds75-lb-09,2,-45,10.0,"{""Bat"": 3.332, ""Distance_mm"": 0, ""Interrupt_flag"": 0, ""Node_type"": ""DDS75-LB"", ""Sensor_flag"": 1, ""TempC_DS18B20"": 32.76}"
2025-09-19 00:04:56.598927273+00:00,dds75-lb-09,2,-47,7.5,"{""Bat"": 3.332, ""Distance_mm"": 0, ""Interrupt_flag"": 0, ""Node_type"": ""DDS75-LB"", ""Sensor_flag"": 1, ""TempC_DS18B20"": 32.76}"
2025-09-19 00:24:56.370698518+00:00,dds75-lb-09,2,-45,10.0,"{""Bat"": 3.332, ""Distance_mm"": 0, ""Interrupt_flag"": 0, ""Node_type"": ""DDS75-LB"", ""Sensor_flag"": 1, ""TempC_DS18B20"": 32.76}"
2025-09-19 00:44:56.166807516+00:00,dds75-lb-09,2,-44,9.25,"{""Bat"": 3.332, ""Distance_mm"": 0, ""Interrupt_flag"": 0, ""Node_type"": ""DDS75-LB"", ""Sensor_flag"": 1, ""TempC_DS18B20"": 32.76}"
2025-09-19 01:04:55.946560326+00:00,dds75-lb-09,2,-47,9.0,"{""Bat"": 3.332, ""Distance_mm"": 0, ""Interrupt_flag"": 0, ""Node_type"": ""DDS75-LB"", ""Sensor_flag"": 1, ""TempC_DS18B20"": 32.76}"
2025-09-19 01:24:55.694736690+00:00,dds75-lb-09,2,-44,9.0,"{""Bat"": 3.332, ""Distance_mm"": 0, ""Interrupt_flag"": 0, ""Node_type"": ""DDS75-LB"", ""Sensor_flag"": 1, ""TempC_DS18B20"": 32.76}"
2025-09-19 01:44:55.501200974+00:00,dds75-lb-09,2,-49,8.75,"{""Bat"": 3.332, ""Distance_mm"": 0, ""Interrupt_flag"": 0, ""Node_type"": ""DDS75-LB"", ""Sensor_flag"": 1, ""TempC_DS18B20"": 32.76}"
2025-09-19 02:04:55.281415897+00:00,dds75-lb-09,2,-44,7.75,"{""Bat"": 3.332, ""Distance_mm"": 0, ""Interrupt_flag"": 0, ""Node_type"": ""DDS75-LB"", ""Sensor_flag"": 1, ""TempC_DS18B20"": 32.76}"
2025-09-19 02:24:55.053218271+00:00,dds75-lb-09,2,-47,7.75,"{""Bat"": 3.332, ""Distance_mm"": 0, ""Interrupt_flag"": 0, ""Node_type"": ""DDS75-LB"", ""Sensor_flag"": 1, ""TempC_DS18B20"": 32.76}"
2025-09-19 02:44:54.814417936+00:00,dds75-lb-09,2,-49,8.5,"{""Bat"": 3.332, ""Distance_mm"": 0, ""Interrupt_flag"": 0, ""Node_type"": ""DDS75-LB"", ""Sensor_flag"": 1, ""TempC_DS18B20"": 32.76}"
2025-09-19 03:04:54.613796298+00:00,dds75-lb-09,2,-47,10.0,"{""Bat"": 3.332, ""Distance_mm"": 0, ""Interrupt_flag"": 0, ""Node_type"": ""DDS75-LB"", ""Sensor_flag"": 1, ""TempC_DS18B20"": 32.76}"
2025-09-19 03:24:54.384154603+00:00,dds75-lb-09,2,-50,10.0,"{""Bat"": 3.332, ""Distance_mm"": 0, ""Interrupt_flag"": 0, ""Node_type"": ""DDS75-LB"", ""Sensor_flag"": 1, ""TempC_DS18B20"": 32.76}"
2025-09-19 03:44:54.152440225+00:00,dds75-lb-09,2,-48,7.75,"{""Bat"": 3.332, ""Distance_mm"": 0, ""Interrupt_flag"": 0, ""Node_type"": ""DDS75-LB"", ""Sensor_flag"": 1, ""TempC_DS18B20"": 32.76}"
2025-09-19 04:04:53.945688882+00:00,dds75-lb-09,2,-123,-7.25,"{""Bat"": 3.332, ""Distance_mm"": 0, ""Interrupt_flag"": 0, ""Node_type"": ""DDS75-LB"", ""Sensor_flag"": 1, ""TempC_DS18B20"": 32.76}"
2025-09-19 04:24:53.736065686+00:00,dds75-lb-09,2,-50,8.5,"{""Bat"": 3.332, ""Distance_mm"": 0, ""Interrupt_flag"": 0, ""Node_type"": ""DDS75-LB"", ""Sensor_flag"": 1, ""TempC_DS18B20"": 32.76}"
2025-09-19 04:44:53.499856775+00:00,dds75-lb-09,2,-47,7.75,"{""Bat"": 3.332, ""Distance_mm"": 0, ""Interrupt_flag"": 0, ""Node_type"": ""DDS75-LB"", ""Sensor_flag"": 1, ""TempC_DS18B20"": 32.76}"
2025-09-19 05:04:53.270787221+00:00,dds75-lb-09,2,-47,9.25,"{""Bat"": 3.332, ""Distance_mm"": 0, ""Interrupt_flag"": 0, ""Node_type"": ""DDS75-LB"", ""Sensor_flag"": 1, ""TempC_DS18B20"": 32.76}"
2025-09-19 05:24:53.065288941+00:00,dds75-lb-09,2,-47,8.25,"{""Bat"": 3.332, ""Distance_mm"": 0, ""Interrupt_flag"": 0, ""Node_type"": ""DDS75-LB"", ""Sensor_flag"": 1, ""TempC_DS18B20"": 32.76}"
2025-09-19 05:44:52.832944562+00:00,dds75-lb-09,2,-46,9.5,"{""Bat"": 3.332, ""Distance_mm"": 0, ""Interrupt_flag"": 0, ""Node_type"": ""DDS75-LB"", ""Sensor_flag"": 1, ""TempC_DS18B20"": 32.76}"
2025-09-19 06:04:52.624886037+00:00,dds75-lb-09,2,-49,9.75,"{""Bat"": 3.332, ""Distance_mm"": 0, ""Interrupt_flag"": 0, ""Node_type"": ""DDS75-LB"", ""Sensor_flag"": 1, ""TempC_DS18B20"": 32.76}"
2025-09-19 06:24:52.394424336+00:00,dds75-lb-09,2,-47,7.25,"{""Bat"": 3.332, ""Distance_mm"": 0, ""Interrupt_flag"": 0, ""Node_type"": ""DDS75-LB"", ""Sensor_flag"": 1, ""TempC_DS18B20"": 32.76}"
2025-09-19 06:44:52.181084769+00:00,dds75-lb-09,2,-45,8.75,"{""Bat"": 3.332, ""Distance_mm"": 0, ""Interrupt_flag"": 0, ""Node_type"": ""DDS75-LB"", ""Sensor_flag"": 1, ""TempC_DS18B20"": 32.76}"
2025-09-19 07:04:51.946720033+00:00,dds75-lb-09,2,-125,-9.0,"{""Bat"": 3.332, ""Distance_mm"": 708, ""Interrupt_flag"": 0, ""Node_type"": ""DDS75-LB"", ""Sensor_flag"": 1, ""TempC_DS18B20"": 32.76}"
2025-09-19 07:24:51.726367347+00:00,dds75-lb-09,2,-121,-6.0,"{""Bat"": 3.332, ""Distance_mm"": 708, ""Interrupt_flag"": 0, ""Node_type"": ""DDS75-LB"", ""Sensor_flag"": 1, ""TempC_DS18B20"": 32.76}"
2025-09-19 07:44:51.507597695+00:00,dds75-lb-09,2,-45,8.0,"{""Bat"": 3.332, ""Distance_mm"": 708, ""Interrupt_flag"": 0, ""Node_type"": ""DDS75-LB"", ""Sensor_flag"": 1, ""TempC_DS18B20"": 32.76}"
2025-09-19 08:04:51.277874408+00:00,dds75-lb-09,2,-49,10.25,"{""Bat"": 3.332, ""Distance_mm"": 0, ""Interrupt_flag"": 0, ""Node_type"": ""DDS75-LB"", ""Sensor_flag"": 1, ""TempC_DS18B20"": 32.76}"
2025-09-19 08:24:51.067187745+00:00,dds75-lb-09,2,-50,9.25,"{""Bat"": 3.332, ""Distance_mm"": 0, ""Interrupt_flag"": 0, ""Node_type"": ""DDS75-LB"", ""Sensor_flag"": 1, ""TempC_DS18B20"": 32.76}"
2025-09-19 08:44:50.834801466+00:00,dds75-lb-09,2,-51,10.5,"{""Bat"": 3.332, ""Distance_mm"": 0, ""Interrupt_flag"": 0, ""Node_type"": ""DDS75-LB"", ""Sensor_flag"": 1, ""TempC_DS18B20"": 32.76}"
2025-09-19 09:04:50.633718069+00:00,dds75-lb-09,2,-53,6.75,"{""Bat"": 3.332, ""Distance_mm"": 0, ""Interrupt_flag"": 0, ""Node_type"": ""DDS75-LB"", ""Sensor_flag"": 1, ""TempC_DS18B20"": 32.76}"
2025-09-19 09:24:50.405071417+00:00,dds75-lb-09,2,-48,9.5,"{""Bat"": 3.332, ""Distance_mm"": 0, ""Interrupt_flag"": 0, ""Node_type"": ""DDS75-LB"", ""Sensor_flag"": 1, ""TempC_DS18B20"": 32.76}"
2025-09-19 09:44:50.174008752+00:00,dds75-lb-09,2,-51,10.0,"{""Bat"": 3.332, ""Distance_mm"": 0, ""Interrupt_flag"": 0, ""Node_type"": ""DDS75-LB"", ""Sensor_flag"": 1, ""TempC_DS18B20"": 32.76}"
2025-09-19 10:04:49.961057268+00:00,dds75-lb-09,2,-124,-7.75,"{""Bat"": 3.332, ""Distance_mm"": 0, ""Interrupt_flag"": 0, ""Node_type"": ""DDS75-LB"", ""Sensor_flag"": 1, ""TempC_DS18B20"": 32.76}"
2025-09-19 10:24:49.733612184+00:00,dds75-lb-09,2,-123,-7.25,"{""Bat"": 3.332, ""Distance_mm"": 0, ""Interrupt_flag"": 0, ""Node_type"": ""DDS75-LB"", ""Sensor_flag"": 1, ""TempC_DS18B20"": 32.76}"
2025-09-19 10:44:49.496809181+00:00,dds75-lb-09,2,-50,9.75,"{""Bat"": 3.332, ""Distance_mm"": 0, ""Interrupt_flag"": 0, ""Node_type"": ""DDS75-LB"", ""Sensor_flag"": 1, ""TempC_DS18B20"": 32.76}"
2025-09-19 11:04:49.289851634+00:00,dds75-lb-09,2,-48,9.25,"{""Bat"": 3.332, ""Distance_mm"": 0, ""Interrupt_flag"": 0, ""Node_type"": ""DDS75-LB"", ""Sensor_flag"": 1, ""TempC_DS18B20"": 32.76}"
2025-09-19 11:24:49.059037368+00:00,dds75-lb-09,2,-51,9.5,"{""Bat"": 3.332, ""Distance_mm"": 0, ""Interrupt_flag"": 0, ""Node_type"": ""DDS75-LB"", ""Sensor_flag"": 1, ""TempC_DS18B20"": 32.76}"
2025-09-19 11:44:48.848278231+00:00,dds75-lb-09,2,-50,9.5,"{""Bat"": 3.332, ""Distance_mm"": 0, ""Interrupt_flag"": 0, ""Node_type"": ""DDS75-LB"", ""Sensor_flag"": 1, ""TempC_DS18B20"": 32.76}"
2025-09-19 12:04:48.620928444+00:00,dds75-lb-09,2,-50,10.0,"{""Bat"": 3.332, ""Distance_mm"": 0, ""Interrupt_flag"": 0, ""Node_type"": ""DDS75-LB"", ""Sensor_flag"": 1, ""TempC_DS18B20"": 32.76}"
2025-09-19 12:24:48.386463681+00:00,dds75-lb-09,2,-50,9.25,"{""Bat"": 3.332, ""Distance_mm"": 529, ""Interrupt_flag"": 0, ""Node_type"": ""DDS75-LB"", ""Sensor_flag"": 1, ""TempC_DS18B20"": 32.76}"
2025-09-19 12:44:48.177470216+00:00,dds75-lb-09,2,-49,7.5,"{""Bat"": 3.332, ""Distance_mm"": 0, ""Interrupt_flag"": 0, ""Node_type"": ""DDS75-LB"", ""Sensor_flag"": 1, ""TempC_DS18B20"": 32.76}"
2025-09-19 13:04:47.961349276+00:00,dds75-lb-09,2,-47,8.75,"{""Bat"": 3.332, ""Distance_mm"": 0, ""Interrupt_flag"": 0, ""Node_type"": ""DDS75-LB"", ""Sensor_flag"": 1, ""TempC_DS18B20"": 32.76}"
2025-09-19 13:24:47.755701615+00:00,dds75-lb-09,2,-50,9.5,"{""Bat"": 3.332, ""Distance_mm"": 709, ""Interrupt_flag"": 0, ""Node_type"": ""DDS75-LB"", ""Sensor_flag"": 1, ""TempC_DS18B20"": 32.76}"
2025-09-19 13:44:47.514898976+00:00,dds75-lb-09,2,-46,9.0,"{""Bat"": 3.332, ""Distance_mm"": 709, ""Interrupt_flag"": 0, ""Node_type"": ""DDS75-LB"", ""Sensor_flag"": 1, ""TempC_DS18B20"": 32.76}"
2025-09-19 14:04:47.304224812+00:00,dds75-lb-09,2,-48,10.25,"{""Bat"": 3.332, ""Distance_mm"": 0, ""Interrupt_flag"": 0, ""Node_type"": ""DDS75-LB"", ""Sensor_flag"": 1, ""TempC_DS18B20"": 32.76}"
2025-09-19 14:24:47.063908473+00:00,dds75-lb-09,2,-50,9.75,"{""Bat"": 3.332, ""Distance_mm"": 0, ""Interrupt_flag"": 0, ""Node_type"": ""DDS75-LB"", ""Sensor_flag"": 1, ""TempC_DS18B20"": 32.76}"
2025-09-19 14:44:46.856015689+00:00,dds75-lb-09,2,-47,8.75,"{""Bat"": 3.332, ""Distance_mm"": 0, ""Interrupt_flag"": 0, ""Node_type"": ""DDS75-LB"", ""Sensor_flag"": 1, ""TempC_DS18B20"": 32.76}"
2025-09-19 15:04:46.631351072+00:00,dds75-lb-09,2,-50,10.25,"{""Bat"": 3.332, ""Distance_mm"": 708, ""Interrupt_flag"": 0, ""Node_type"": ""DDS75-LB"", ""Sensor_flag"": 1, ""TempC_DS18B20"": 32.76}"
2025-09-19 15:24:46.411395446+00:00,dds75-lb-09,2,-49,6.75,"{""Bat"": 3.332, ""Distance_mm"": 0, ""Interrupt_flag"": 0, ""Node_type"": ""DDS75-LB"", ""Sensor_flag"": 1, ""TempC_DS18B20"": 32.76}"
2025-09-19 15:44:46.172729612+00:00,dds75-lb-09,2,-49,7.25,"{""Bat"": 3.332, ""Distance_mm"": 548, ""Interrupt_flag"": 0, ""Node_type"": ""DDS75-LB"", ""Sensor_flag"": 1, ""TempC_DS18B20"": 32.76}"
2025-09-19 16:04:45.948574362+00:00,dds75-lb-09,2,-51,6.75,"{""Bat"": 3.332, ""Distance_mm"": 176, ""Interrupt_flag"": 0, ""Node_type"": ""DDS75-LB"", ""Sensor_flag"": 1, ""TempC_DS18B20"": 32.76}"
2025-09-19 16:24:45.731840166+00:00,dds75-lb-09,2,-48,9.25,"{""Bat"": 3.332, ""Distance_mm"": 708, ""Interrupt_flag"": 0, ""Node_type"": ""DDS75-LB"", ""Sensor_flag"": 1, ""TempC_DS18B20"": 32.76}"
2025-09-19 16:44:45.517492949+00:00,dds75-lb-09,2,-50,9.75,"{""Bat"": 3.332, ""Distance_mm"": 247, ""Interrupt_flag"": 0, ""Node_type"": ""DDS75-LB"", ""Sensor_flag"": 1, ""TempC_DS18B20"": 32.76}"
2025-09-19 17:04:45.293650771+00:00,dds75-lb-09,2,-51,6.25,"{""Bat"": 3.332, ""Distance_mm"": 350, ""Interrupt_flag"": 0, ""Node_type"": ""DDS75-LB"", ""Sensor_flag"": 1, ""TempC_DS18B20"": 32.76}"
2025-09-19 17:24:45.074422642+00:00,dds75-lb-09,2,-47,9.25,"{""Bat"": 3.332, ""Distance_mm"": 0, ""Interrupt_flag"": 0, ""Node_type"": ""DDS75-LB"", ""Sensor_flag"": 1, ""TempC_DS18B20"": 32.76}"
2025-09-19 17:44:44.859520242+00:00,dds75-lb-09,2,-50,10.5,"{""Bat"": 3.332, ""Distance_mm"": 412, ""Interrupt_flag"": 0, ""Node_type"": ""DDS75-LB"", ""Sensor_flag"": 1, ""TempC_DS18B20"": 32.76}"
2025-09-19 18:04:44.619320645+00:00,dds75-lb-09,2,-49,9.25,"{""Bat"": 3.332, ""Distance_mm"": 352, ""Interrupt_flag"": 0, ""Node_type"": ""DDS75-LB"", ""Sensor_flag"": 1, ""TempC_DS18B20"": 32.76}"
2025-09-19 18:24:44.405932718+00:00,dds75-lb-09,2,-49,7.5,"{""Bat"": 3.332, ""Distance_mm"": 352, ""Interrupt_flag"": 0, ""Node_type"": ""DDS75-LB"", ""Sensor_flag"": 1, ""TempC_DS18B20"": 32.76}"
2025-09-19 18:44:44.187293107+00:00,dds75-lb-09,2,-51,10.5,"{""Bat"": 3.332, ""Distance_mm"": 0, ""Interrupt_flag"": 0, ""Node_type"": ""DDS75-LB"", ""Sensor_flag"": 1, ""TempC_DS18B20"": 32.76}"
2025-09-19 19:04:43.948569842+00:00,dds75-lb-09,2,-47,9.5,"{""Bat"": 3.332, ""Distance_mm"": 0, ""Interrupt_flag"": 0, ""Node_type"": ""DDS75-LB"", ""Sensor_flag"": 1, ""TempC_DS18B20"": 32.76}"
2025-09-19 19:24:43.733622805+00:00,dds75-lb-09,2,-51,9.5,"{""Bat"": 3.332, ""Distance_mm"": 0, ""Interrupt_flag"": 0, ""Node_type"": ""DDS75-LB"", ""Sensor_flag"": 1, ""TempC_DS18B20"": 32.76}"
2025-09-19 19:44:43.516526473+00:00,dds75-lb-09,2,-51,6.75,"{""Bat"": 3.332, ""Distance_mm"": 0, ""Interrupt_flag"": 0, ""Node_type"": ""DDS75-LB"", ""Sensor_flag"": 1, ""TempC_DS18B20"": 32.76}"
2025-09-19 20:04:43.307453932+00:00,dds75-lb-09,2,-50,10.75,"{""Bat"": 3.332, ""Distance_mm"": 0, ""Interrupt_flag"": 0, ""Node_type"": ""DDS75-LB"", ""Sensor_flag"": 1, ""TempC_DS18B20"": 32.76}"
2025-09-19 20:24:43.067615971+00:00,dds75-lb-09,2,-50,9.0,"{""Bat"": 3.332, ""Distance_mm"": 0, ""Interrupt_flag"": 0, ""Node_type"": ""DDS75-LB"", ""Sensor_flag"": 1, ""TempC_DS18B20"": 32.76}"
2025-09-19 20:44:42.856442042+00:00,dds75-lb-09,2,-48,7.0,"{""Bat"": 3.332, ""Distance_mm"": 0, ""Interrupt_flag"": 0, ""Node_type"": ""DDS75-LB"", ""Sensor_flag"": 1, ""TempC_DS18B20"": 32.76}"
2025-09-19 21:04:42.638339091+00:00,dds75-lb-09,2,-50,9.25,"{""Bat"": 3.332, ""Distance_mm"": 0, ""Interrupt_flag"": 0, ""Node_type"": ""DDS75-LB"", ""Sensor_flag"": 1, ""TempC_DS18B20"": 32.76}"
2025-09-19 21:24:42.408746415+00:00,dds75-lb-09,2,-50,10.25,"{""Bat"": 3.332, ""Distance_mm"": 0, ""Interrupt_flag"": 0, ""Node_type"": ""DDS75-LB"", ""Sensor_flag"": 1, ""TempC_DS18B20"": 32.76}"
2025-09-19 21:44:42.197844966+00:00,dds75-lb-09,2,-48,9.5,"{""Bat"": 3.332, ""Distance_mm"": 0, ""Interrupt_flag"": 0, ""Node_type"": ""DDS75-LB"", ""Sensor_flag"": 1, ""TempC_DS18B20"": 32.76}"
2025-09-19 22:04:41.971169362+00:00,dds75-lb-09,2,-49,9.25,"{""Bat"": 3.332, ""Distance_mm"": 0, ""Interrupt_flag"": 0, ""Node_type"": ""DDS75-LB"", ""Sensor_flag"": 1, ""TempC_DS18B20"": 32.76}"
2025-09-19 22:24:41.753727004+00:00,dds75-lb-09,2,-51,9.5,"{""Bat"": 3.332, ""Distance_mm"": 0, ""Interrupt_flag"": 0, ""Node_type"": ""DDS75-LB"", ""Sensor_flag"": 1, ""TempC_DS18B20"": 32.76}"
2025-09-19 22:44:41.528588291+00:00,dds75-lb-09,2,-124,-8.25,"{""Bat"": 3.332, ""Distance_mm"": 0, ""Interrupt_flag"": 0, ""Node_type"": ""DDS75-LB"", ""Sensor_flag"": 1, ""TempC_DS18B20"": 32.76}"
2025-09-19 23:04:41.297816983+00:00,dds75-lb-09,2,-53,10.25,"{""Bat"": 3.332, ""Distance_mm"": 0, ""Interrupt_flag"": 0, ""Node_type"": ""DDS75-LB"", ""Sensor_flag"": 1, ""TempC_DS18B20"": 32.76}"
2025-09-19 23:24:41.080796687+00:00,dds75-lb-09,2,-49,7.25,"{""Bat"": 3.332, ""Distance_mm"": 0, ""Interrupt_flag"": 0, ""Node_type"": ""DDS75-LB"", ""Sensor_flag"": 1, ""TempC_DS18B20"": 32.76}"
2025-09-19 23:44:40.851507201+00:00,dds75-lb-09,2,-47,8.0,"{""Bat"": 3.332, ""Distance_mm"": 0, ""Interrupt_flag"": 0, ""Node_type"": ""DDS75-LB"", ""Sensor_flag"": 1, ""TempC_DS18B20"": 32.76}"
2025-09-20 00:04:40.635493490+00:00,dds75-lb-09,2,-53,6.5,"{""Bat"": 3.332, ""Distance_mm"": 0, ""Interrupt_flag"": 0, ""Node_type"": ""DDS75-LB"", ""Sensor_flag"": 1, ""TempC_DS18B20"": 32.76}"
2025-09-20 00:24:40.404927715+00:00,dds75-lb-09,2,-48,9.25,"{""Bat"": 3.332, ""Distance_mm"": 0, ""Interrupt_flag"": 0, ""Node_type"": ""DDS75-LB"", ""Sensor_flag"": 1, ""TempC_DS18B20"": 32.76}"
2025-09-20 00:44:40.211100052+00:00,dds75-lb-09,2,-53,11.75,"{""Bat"": 3.332, ""Distance_mm"": 0, ""Interrupt_flag"": 0, ""Node_type"": ""DDS75-LB"", ""Sensor_flag"": 1, ""TempC_DS18B20"": 32.76}"
2025-09-20 01:04:39.974517922+00:00,dds75-lb-09,2,-55,7.0,"{""Bat"": 3.332, ""Distance_mm"": 0, ""Interrupt_flag"": 0, ""Node_type"": ""DDS75-LB"", ""Sensor_flag"": 1, ""TempC_DS18B20"": 32.76}"
2025-09-20 01:24:39.756146246+00:00,dds75-lb-09,2,-51,9.0,"{""Bat"": 3.332, ""Distance_mm"": 0, ""Interrupt_flag"": 0, ""Node_type"": ""DDS75-LB"", ""Sensor_flag"": 1, ""TempC_DS18B20"": 32.76}"
2025-09-20 01:44:39.544183596+00:00,dds75-lb-09,2,-53,9.0,"{""Bat"": 3.332, ""Distance_mm"": 0, ""Interrupt_flag"": 0, ""Node_type"": ""DDS75-LB"", ""Sensor_flag"": 1, ""TempC_DS18B20"": 32.76}"
2025-09-20 02:04:39.310682560+00:00,dds75-lb-09,2,-49,7.25,"{""Bat"": 3.332, ""Distance_mm"": 0, ""Interrupt_flag"": 0, ""Node_type"": ""DDS75-LB"", ""Sensor_flag"": 1, ""TempC_DS18B20"": 32.76}"
2025-09-20 02:24:39.083659415+00:00,dds75-lb-09,2,-46,7.75,"{""Bat"": 3.332, ""Distance_mm"": 0, ""Interrupt_flag"": 0, ""Node_type"": ""DDS75-LB"", ""Sensor_flag"": 1, ""TempC_DS18B20"": 32.76}"
2025-09-20 02:44:38.881434374+00:00,dds75-lb-09,2,-47,7.5,"{""Bat"": 3.332, ""Distance_mm"": 0, ""Interrupt_flag"": 0, ""Node_type"": ""DDS75-LB"", ""Sensor_flag"": 1, ""TempC_DS18B20"": 32.76}"
2025-09-20 03:04:38.639105216+00:00,dds75-lb-09,2,-48,9.25,"{""Bat"": 3.332, ""Distance_mm"": 0, ""Interrupt_flag"": 0, ""Node_type"": ""DDS75-LB"", ""Sensor_flag"": 1, ""TempC_DS18B20"": 32.76}"
2025-09-20 03:24:38.421794580+00:00,dds75-lb-09,2,-51,9.25,"{""Bat"": 3.332, ""Distance_mm"": 0, ""Interrupt_flag"": 0, ""Node_type"": ""DDS75-LB"", ""Sensor_flag"": 1, ""TempC_DS18B20"": 32.76}"
2025-09-20 03:44:38.198485376+00:00,dds75-lb-09,2,-49,9.25,"{""Bat"": 3.332, ""Distance_mm"": 0, ""Interrupt_flag"": 0, ""Node_type"": ""DDS75-LB"", ""Sensor_flag"": 1, ""TempC_DS18B20"": 32.76}"
2025-09-20 04:04:37.966340171+00:00,dds75-lb-09,2,-50,9.5,"{""Bat"": 3.332, ""Distance_mm"": 0, ""Interrupt_flag"": 0, ""Node_type"": ""DDS75-LB"", ""Sensor_flag"": 1, ""TempC_DS18B20"": 32.76}"
2025-09-20 04:24:37.826917364+00:00,dds75-lb-09,2,-53,10.25,"{""Bat"": 3.332, ""Distance_mm"": 0, ""Interrupt_flag"": 0, ""Node_type"": ""DDS75-LB"", ""Sensor_flag"": 1, ""TempC_DS18B20"": 32.76}"
2025-09-20 04:44:37.524921172+00:00,dds75-lb-09,2,-123,-7.75,"{""Bat"": 3.332, ""Distance_mm"": 0, ""Interrupt_flag"": 0, ""Node_type"": ""DDS75-LB"", ""Sensor_flag"": 1, ""TempC_DS18B20"": 32.76}"
2025-09-20 05:04:37.309256104+00:00,dds75-lb-09,2,-48,7.0,"{""Bat"": 3.332, ""Distance_mm"": 0, ""Interrupt_flag"": 0, ""Node_type"": ""DDS75-LB"", ""Sensor_flag"": 1, ""TempC_DS18B20"": 32.76}"
2025-09-20 05:24:37.074720496+00:00,dds75-lb-09,2,-57,7.0,"{""Bat"": 3.332, ""Distance_mm"": 0, ""Interrupt_flag"": 0, ""Node_type"": ""DDS75-LB"", ""Sensor_flag"": 1, ""TempC_DS18B20"": 32.76}"
2025-09-20 05:44:36.866390293+00:00,dds75-lb-09,2,-51,9.25,"{""Bat"": 3.332, ""Distance_mm"": 0, ""Interrupt_flag"": 0, ""Node_type"": ""DDS75-LB"", ""Sensor_flag"": 1, ""TempC_DS18B20"": 32.76}"
2025-09-20 06:04:36.648517754+00:00,dds75-lb-09,2,-48,9.5,"{""Bat"": 3.332, ""Distance_mm"": 0, ""Interrupt_flag"": 0, ""Node_type"": ""DDS75-LB"", ""Sensor_flag"": 1, ""TempC_DS18B20"": 32.76}"
2025-09-20 06:24:36.420435290+00:00,dds75-lb-09,2,-50,9.0,"{""Bat"": 3.332, ""Distance_mm"": 0, ""Interrupt_flag"": 0, ""Node_type"": ""DDS75-LB"", ""Sensor_flag"": 1, ""TempC_DS18B20"": 32.76}"
2025-09-20 06:44:36.209363937+00:00,dds75-lb-09,2,-49,9.75,"{""Bat"": 3.332, ""Distance_mm"": 0, ""Interrupt_flag"": 0, ""Node_type"": ""DDS75-LB"", ""Sensor_flag"": 1, ""TempC_DS18B20"": 32.76}"
2025-09-20 07:04:35.994892302+00:00,dds75-lb-09,2,-51,9.25,"{""Bat"": 3.332, ""Distance_mm"": 0, ""Interrupt_flag"": 0, ""Node_type"": ""DDS75-LB"", ""Sensor_flag"": 1, ""TempC_DS18B20"": 32.76}"
2025-09-20 07:24:35.755882456+00:00,dds75-lb-09,2,-48,9.5,"{""Bat"": 3.332, ""Distance_mm"": 0, ""Interrupt_flag"": 0, ""Node_type"": ""DDS75-LB"", ""Sensor_flag"": 1, ""TempC_DS18B20"": 32.76}"
2025-09-20 07:44:35.536238010+00:00,dds75-lb-09,2,-49,10.0,"{""Bat"": 3.332, ""Distance_mm"": 0, ""Interrupt_flag"": 0, ""Node_type"": ""DDS75-LB"", ""Sensor_flag"": 1, ""TempC_DS18B20"": 32.76}"
2025-09-20 08:04:35.317627206+00:00,dds75-lb-09,2,-51,9.5,"{""Bat"": 3.332, ""Distance_mm"": 0, ""Interrupt_flag"": 0, ""Node_type"": ""DDS75-LB"", ""Sensor_flag"": 1, ""TempC_DS18B20"": 32.76}"
2025-09-20 08:24:35.107165792+00:00,dds75-lb-09,2,-50,9.75,"{""Bat"": 3.332, ""Distance_mm"": 0, ""Interrupt_flag"": 0, ""Node_type"": ""DDS75-LB"", ""Sensor_flag"": 1, ""TempC_DS18B20"": 32.76}"
2025-09-20 08:44:34.862282326+00:00,dds75-lb-09,2,-47,9.25,"{""Bat"": 3.332, ""Distance_mm"": 0, ""Interrupt_flag"": 0, ""Node_type"": ""DDS75-LB"", ""Sensor_flag"": 1, ""TempC_DS18B20"": 32.76}"
2025-09-20 09:04:34.655312457+00:00,dds75-lb-09,2,-50,9.0,"{""Bat"": 3.332, ""Distance_mm"": 0, ""Interrupt_flag"": 0, ""Node_type"": ""DDS75-LB"", ""Sensor_flag"": 1, ""TempC_DS18B20"": 32.76}"
2025-09-20 09:24:34.426624555+00:00,dds75-lb-09,2,-48,9.25,"{""Bat"": 3.332, ""Distance_mm"": 0, ""Interrupt_flag"": 0, ""Node_type"": ""DDS75-LB"", ""Sensor_flag"": 1, ""TempC_DS18B20"": 32.76}"
2025-09-20 09:44:34.206018823+00:00,dds75-lb-09,2,-49,9.25,"{""Bat"": 3.332, ""Distance_mm"": 0, ""Interrupt_flag"": 0, ""Node_type"": ""DDS75-LB"", ""Sensor_flag"": 1, ""TempC_DS18B20"": 32.76}"
2025-09-20 10:04:34.010215843+00:00,dds75-lb-09,2,-47,7.5,"{""Bat"": 3.332, ""Distance_mm"": 0, ""Interrupt_flag"": 0, ""Node_type"": ""DDS75-LB"", ""Sensor_flag"": 1, ""TempC_DS18B20"": 32.76}"
2025-09-20 10:24:33.762129314+00:00,dds75-lb-09,2,-123,-7.75,"{""Bat"": 3.332, ""Distance_mm"": 0, ""Interrupt_flag"": 0, ""Node_type"": ""DDS75-LB"", ""Sensor_flag"": 1, ""TempC_DS18B20"": 32.76}"
2025-09-20 10:44:33.547803878+00:00,dds75-lb-09,2,-50,9.25,"{""Bat"": 3.332, ""Distance_mm"": 0, ""Interrupt_flag"": 0, ""Node_type"": ""DDS75-LB"", ""Sensor_flag"": 1, ""TempC_DS18B20"": 32.76}"
2025-09-20 11:04:33.337812759+00:00,dds75-lb-09,2,-51,8.25,"{""Bat"": 3.332, ""Distance_mm"": 0, ""Interrupt_flag"": 0, ""Node_type"": ""DDS75-LB"", ""Sensor_flag"": 1, ""TempC_DS18B20"": 32.76}"
2025-09-20 11:24:33.108023779+00:00,dds75-lb-09,2,-51,9.25,"{""Bat"": 3.332, ""Distance_mm"": 0, ""Interrupt_flag"": 0, ""Node_type"": ""DDS75-LB"", ""Sensor_flag"": 1, ""TempC_DS18B20"": 32.76}"
2025-09-20 11:44:32.892369039+00:00,dds75-lb-09,2,-56,6.75,"{""Bat"": 3.332, ""Distance_mm"": 0, ""Interrupt_flag"": 0, ""Node_type"": ""DDS75-LB"", ""Sensor_flag"": 1, ""TempC_DS18B20"": 32.76}"
2025-09-20 12:04:32.640484240+00:00,dds75-lb-09,2,-122,-6.75,"{""Bat"": 3.332, ""Distance_mm"": 0, ""Interrupt_flag"": 0, ""Node_type"": ""DDS75-LB"", ""Sensor_flag"": 1, ""TempC_DS18B20"": 32.76}"
2025-09-20 12:24:32.431081885+00:00,dds75-lb-09,2,-50,9.75,"{""Bat"": 3.332, ""Distance_mm"": 0, ""Interrupt_flag"": 0, ""Node_type"": ""DDS75-LB"", ""Sensor_flag"": 1, ""TempC_DS18B20"": 32.76}"
2025-09-20 12:44:32.245435767+00:00,dds75-lb-09,2,-47,7.25,"{""Bat"": 3.332, ""Distance_mm"": 0, ""Interrupt_flag"": 0, ""Node_type"": ""DDS75-LB"", ""Sensor_flag"": 1, ""TempC_DS18B20"": 32.76}"
2025-09-20 13:04:31.994535280+00:00,dds75-lb-09,2,-49,10.0,"{""Bat"": 3.332, ""Distance_mm"": 0, ""Interrupt_flag"": 0, ""Node_type"": ""DDS75-LB"", ""Sensor_flag"": 1, ""TempC_DS18B20"": 32.76}"
2025-09-20 13:24:31.767733077+00:00,dds75-lb-09,2,-49,9.5,"{""Bat"": 3.332, ""Distance_mm"": 0, ""Interrupt_flag"": 0, ""Node_type"": ""DDS75-LB"", ""Sensor_flag"": 1, ""TempC_DS18B20"": 32.76}"
2025-09-20 13:44:31.566331286+00:00,dds75-lb-09,2,-47,9.75,"{""Bat"": 3.332, ""Distance_mm"": 0, ""Interrupt_flag"": 0, ""Node_type"": ""DDS75-LB"", ""Sensor_flag"": 1, ""TempC_DS18B20"": 32.76}"
2025-09-20 14:04:31.338065621+00:00,dds75-lb-09,2,-51,9.0,"{""Bat"": 3.332, ""Distance_mm"": 0, ""Interrupt_flag"": 0, ""Node_type"": ""DDS75-LB"", ""Sensor_flag"": 1, ""TempC_DS18B20"": 32.76}"
2025-09-20 14:24:31.118887458+00:00,dds75-lb-09,2,-48,9.5,"{""Bat"": 3.332, ""Distance_mm"": 0, ""Interrupt_flag"": 0, ""Node_type"": ""DDS75-LB"", ""Sensor_flag"": 1, ""TempC_DS18B20"": 32.76}"
2025-09-20 14:44:30.885388905+00:00,dds75-lb-09,2,-120,-5.5,"{""Bat"": 3.332, ""Distance_mm"": 0, ""Interrupt_flag"": 0, ""Node_type"": ""DDS75-LB"", ""Sensor_flag"": 1, ""TempC_DS18B20"": 32.76}"
2025-09-20 15:04:30.665943449+00:00,dds75-lb-09,2,-50,9.25,"{""Bat"": 3.332, ""Distance_mm"": 0, ""Interrupt_flag"": 0, ""Node_type"": ""DDS75-LB"", ""Sensor_flag"": 1, ""TempC_DS18B20"": 32.76}"
2025-09-20 15:24:30.466364952+00:00,dds75-lb-09,2,-48,9.25,"{""Bat"": 3.332, ""Distance_mm"": 0, ""Interrupt_flag"": 0, ""Node_type"": ""DDS75-LB"", ""Sensor_flag"": 1, ""TempC_DS18B20"": 32.76}"
2025-09-20 15:44:30.219112709+00:00,dds75-lb-09,2,-47,7.75,"{""Bat"": 3.332, ""Distance_mm"": 0, ""Interrupt_flag"": 0, ""Node_type"": ""DDS75-LB"", ""Sensor_flag"": 1, ""TempC_DS18B20"": 32.76}"
2025-09-20 16:04:30.001966668+00:00,dds75-lb-09,2,-49,7.0,"{""Bat"": 3.332, ""Distance_mm"": 0, ""Interrupt_flag"": 0, ""Node_type"": ""DDS75-LB"", ""Sensor_flag"": 1, ""TempC_DS18B20"": 32.76}"
2025-09-20 16:24:29.801443503+00:00,dds75-lb-09,2,-123,-8.0,"{""Bat"": 3.332, ""Distance_mm"": 0, ""Interrupt_flag"": 0, ""Node_type"": ""DDS75-LB"", ""Sensor_flag"": 1, ""TempC_DS18B20"": 32.76}"
2025-09-20 16:44:29.556414084+00:00,dds75-lb-09,2,-53,8.5,"{""Bat"": 3.332, ""Distance_mm"": 0, ""Interrupt_flag"": 0, ""Node_type"": ""DDS75-LB"", ""Sensor_flag"": 1, ""TempC_DS18B20"": 32.76}"
2025-09-20 17:04:29.340306193+00:00,dds75-lb-09,2,-51,8.75,"{""Bat"": 3.332, ""Distance_mm"": 0, ""Interrupt_flag"": 0, ""Node_type"": ""DDS75-LB"", ""Sensor_flag"": 1, ""TempC_DS18B20"": 32.76}"
2025-09-20 17:24:29.103003424+00:00,dds75-lb-09,2,-49,8.5,"{""Bat"": 3.332, ""Distance_mm"": 0, ""Interrupt_flag"": 0, ""Node_type"": ""DDS75-LB"", ""Sensor_flag"": 1, ""TempC_DS18B20"": 32.76}"
2025-09-20 17:44:28.930333047+00:00,dds75-lb-09,2,-50,10.25,"{""Bat"": 3.332, ""Distance_mm"": 0, ""Interrupt_flag"": 0, ""Node_type"": ""DDS75-LB"", ""Sensor_flag"": 1, ""TempC_DS18B20"": 32.76}"
2025-09-20 18:04:28.672022574+00:00,dds75-lb-09,2,-49,9.75,"{""Bat"": 3.332, ""Distance_mm"": 0, ""Interrupt_flag"": 0, ""Node_type"": ""DDS75-LB"", ""Sensor_flag"": 1, ""TempC_DS18B20"": 32.76}"
2025-09-20 18:24:28.450412245+00:00,dds75-lb-09,2,-47,9.5,"{""Bat"": 3.332, ""Distance_mm"": 0, ""Interrupt_flag"": 0, ""Node_type"": ""DDS75-LB"", ""Sensor_flag"": 1, ""TempC_DS18B20"": 32.76}"
2025-09-20 18:44:28.265241391+00:00,dds75-lb-09,2,-50,11.0,"{""Bat"": 3.332, ""Distance_mm"": 0, ""Interrupt_flag"": 0, ""Node_type"": ""DDS75-LB"", ""Sensor_flag"": 1, ""TempC_DS18B20"": 32.76}"
2025-09-20 19:04:28.009039991+00:00,dds75-lb-09,2,-50,9.5,"{""Bat"": 3.332, ""Distance_mm"": 0, ""Interrupt_flag"": 0, ""Node_type"": ""DDS75-LB"", ""Sensor_flag"": 1, ""TempC_DS18B20"": 32.76}"
2025-09-20 19:24:27.789598070+00:00,dds75-lb-09,2,-49,9.25,"{""Bat"": 3.332, ""Distance_mm"": 0, ""Interrupt_flag"": 0, ""Node_type"": ""DDS75-LB"", ""Sensor_flag"": 1, ""TempC_DS18B20"": 32.76}"
2025-09-20 19:44:27.564093763+00:00,dds75-lb-09,2,-50,10.25,"{""Bat"": 3.332, ""Distance_mm"": 0, ""Interrupt_flag"": 0, ""Node_type"": ""DDS75-LB"", ""Sensor_flag"": 1, ""TempC_DS18B20"": 32.76}"
2025-09-20 20:04:27.343601461+00:00,dds75-lb-09,2,-50,9.25,"{""Bat"": 3.332, ""Distance_mm"": 0, ""Interrupt_flag"": 0, ""Node_type"": ""DDS75-LB"", ""Sensor_flag"": 1, ""TempC_DS18B20"": 32.76}"
2025-09-20 20:24:27.123986592+00:00,dds75-lb-09,2,-51,10.5,"{""Bat"": 3.332, ""Distance_mm"": 0, ""Interrupt_flag"": 0, ""Node_type"": ""DDS75-LB"", ""Sensor_flag"": 1, ""TempC_DS18B20"": 32.76}"
2025-09-20 20:25:37.327095+00:00,dds75-lb-09,2,-48,7.25,"{""Bat"": 3.332, ""Distance_mm"": 0, ""Interrupt_flag"": 0, ""Node_type"": ""DDS75-LB"", ""Sensor_flag"": 1, ""TempC_DS18B20"": 32.76}"
2025-09-20 20:26:37.309186220+00:00,dds75-lb-09,2,-49,7.25,"{""Bat"": 3.332, ""Distance_mm"": 0, ""Interrupt_flag"": 0, ""Node_type"": ""DDS75-LB"", ""Sensor_flag"": 1, ""TempC_DS18B20"": 32.76}"
2025-09-20 20:27:37.324383506+00:00,dds75-lb-09,2,-51,9.0,"{""Bat"": 3.332, ""Distance_mm"": 0, ""Interrupt_flag"": 0, ""Node_type"": ""DDS75-LB"", ""Sensor_flag"": 1, ""TempC_DS18B20"": 32.76}"
2025-09-20 21:27:46.866668118+00:00,dds75-lb-09,2,-47,10.0,"{""Bat"": 3.332, ""Distance_mm"": 0, ""Interrupt_flag"": 0, ""Node_type"": ""DDS75-LB"", ""Sensor_flag"": 1, ""TempC_DS18B20"": 32.76}"
2025-09-20 22:27:46.190852266+00:00,dds75-lb-09,2,-51,10.25,"{""Bat"": 3.332, ""Distance_mm"": 0, ""Interrupt_flag"": 0, ""Node_type"": ""DDS75-LB"", ""Sensor_flag"": 1, ""TempC_DS18B20"": 32.76}"
2025-09-20 23:27:45.537116542+00:00,dds75-lb-09,2,-50,9.5,"{""Bat"": 3.332, ""Distance_mm"": 0, ""Interrupt_flag"": 0, ""Node_type"": ""DDS75-LB"", ""Sensor_flag"": 1, ""TempC_DS18B20"": 32.76}"
2025-09-21 00:27:44.866232883+00:00,dds75-lb-09,2,-50,9.25,"{""Bat"": 3.332, ""Distance_mm"": 0, ""Interrupt_flag"": 0, ""Node_type"": ""DDS75-LB"", ""Sensor_flag"": 1, ""TempC_DS18B20"": 32.76}"
2025-09-21 01:27:44.187684767+00:00,dds75-lb-09,2,-51,10.5,"{""Bat"": 3.332, ""Distance_mm"": 0, ""Interrupt_flag"": 0, ""Node_type"": ""DDS75-LB"", ""Sensor_flag"": 1, ""TempC_DS18B20"": 32.76}"
2025-09-21 02:27:43.528299275+00:00,dds75-lb-09,2,-49,7.25,"{""Bat"": 3.332, ""Distance_mm"": 0, ""Interrupt_flag"": 0, ""Node_type"": ""DDS75-LB"", ""Sensor_flag"": 1, ""TempC_DS18B20"": 32.76}"
2025-09-21 03:27:42.851788722+00:00,dds75-lb-09,2,-49,7.75,"{""Bat"": 3.332, ""Distance_mm"": 0, ""Interrupt_flag"": 0, ""Node_type"": ""DDS75-LB"", ""Sensor_flag"": 1, ""TempC_DS18B20"": 32.76}"
2025-09-21 04:27:42.176483180+00:00,dds75-lb-09,2,-50,9.0,"{""Bat"": 3.332, ""Distance_mm"": 0, ""Interrupt_flag"": 0, ""Node_type"": ""DDS75-LB"", ""Sensor_flag"": 1, ""TempC_DS18B20"": 32.76}"
2025-09-21 05:27:41.531947496+00:00,dds75-lb-09,2,-51,10.25,"{""Bat"": 3.332, ""Distance_mm"": 0, ""Interrupt_flag"": 0, ""Node_type"": ""DDS75-LB"", ""Sensor_flag"": 1, ""TempC_DS18B20"": 32.76}"
2025-09-21 06:27:40.849226786+00:00,dds75-lb-09,2,-49,9.25,"{""Bat"": 3.332, ""Distance_mm"": 0, ""Interrupt_flag"": 0, ""Node_type"": ""DDS75-LB"", ""Sensor_flag"": 1, ""TempC_DS18B20"": 32.76}"
2025-09-21 07:27:40.181373510+00:00,dds75-lb-09,2,-49,7.0,"{""Bat"": 3.332, ""Distance_mm"": 0, ""Interrupt_flag"": 0, ""Node_type"": ""DDS75-LB"", ""Sensor_flag"": 1, ""TempC_DS18B20"": 32.76}"
2025-09-21 08:27:39.530448745+00:00,dds75-lb-09,2,-47,9.5,"{""Bat"": 3.332, ""Distance_mm"": 0, ""Interrupt_flag"": 0, ""Node_type"": ""DDS75-LB"", ""Sensor_flag"": 1, ""TempC_DS18B20"": 32.76}"
2025-09-21 09:27:38.863080852+00:00,dds75-lb-09,2,-49,9.0,"{""Bat"": 3.332, ""Distance_mm"": 0, ""Interrupt_flag"": 0, ""Node_type"": ""DDS75-LB"", ""Sensor_flag"": 1, ""TempC_DS18B20"": 32.76}"
2025-09-21 10:27:38.183774467+00:00,dds75-lb-09,2,-48,8.0,"{""Bat"": 3.332, ""Distance_mm"": 0, ""Interrupt_flag"": 0, ""Node_type"": ""DDS75-LB"", ""Sensor_flag"": 1, ""TempC_DS18B20"": 32.76}"
2025-09-21 11:27:37.525617467+00:00,dds75-lb-09,2,-48,9.75,"{""Bat"": 3.332, ""Distance_mm"": 0, ""Interrupt_flag"": 0, ""Node_type"": ""DDS75-LB"", ""Sensor_flag"": 1, ""TempC_DS18B20"": 32.76}"
2025-09-21 12:27:36.849117637+00:00,dds75-lb-09,2,-51,6.5,"{""Bat"": 3.332, ""Distance_mm"": 0, ""Interrupt_flag"": 0, ""Node_type"": ""DDS75-LB"", ""Sensor_flag"": 1, ""TempC_DS18B20"": 32.76}"
2025-09-21 13:27:36.182091322+00:00,dds75-lb-09,2,-49,9.25,"{""Bat"": 3.332, ""Distance_mm"": 0, ""Interrupt_flag"": 0, ""Node_type"": ""DDS75-LB"", ""Sensor_flag"": 1, ""TempC_DS18B20"": 32.76}"
2025-09-21 14:27:35.518299332+00:00,dds75-lb-09,2,-50,8.75,"{""Bat"": 3.332, ""Distance_mm"": 0, ""Interrupt_flag"": 0, ""Node_type"": ""DDS75-LB"", ""Sensor_flag"": 1, ""TempC_DS18B20"": 32.76}"
2025-09-21 15:27:34.848603103+00:00,dds75-lb-09,2,-51,10.0,"{""Bat"": 3.332, ""Distance_mm"": 0, ""Interrupt_flag"": 0, ""Node_type"": ""DDS75-LB"", ""Sensor_flag"": 1, ""TempC_DS18B20"": 32.76}"
2025-09-21 16:27:34.185017116+00:00,dds75-lb-09,2,-50,10.0,"{""Bat"": 3.332, ""Distance_mm"": 0, ""Interrupt_flag"": 0, ""Node_type"": ""DDS75-LB"", ""Sensor_flag"": 1, ""TempC_DS18B20"": 32.76}"
2025-09-21 17:27:33.521017359+00:00,dds75-lb-09,2,-50,9.25,"{""Bat"": 3.332, ""Distance_mm"": 0, ""Interrupt_flag"": 0, ""Node_type"": ""DDS75-LB"", ""Sensor_flag"": 1, ""TempC_DS18B20"": 32.76}"
2025-09-21 18:27:32.847457161+00:00,dds75-lb-09,2,-48,9.5,"{""Bat"": 3.332, ""Distance_mm"": 0, ""Interrupt_flag"": 0, ""Node_type"": ""DDS75-LB"", ""Sensor_flag"": 1, ""TempC_DS18B20"": 32.76}"
2025-09-21 19:27:32.190198459+00:00,dds75-lb-09,2,-49,7.5,"{""Bat"": 3.332, ""Distance_mm"": 0, ""Interrupt_flag"": 0, ""Node_type"": ""DDS75-LB"", ""Sensor_flag"": 1, ""TempC_DS18B20"": 32.76}"
2025-09-21 20:27:31.534450595+00:00,dds75-lb-09,2,-51,9.75,"{""Bat"": 3.332, ""Distance_mm"": 0, ""Interrupt_flag"": 0, ""Node_type"": ""DDS75-LB"", ""Sensor_flag"": 1, ""TempC_DS18B20"": 32.76}"
2025-09-21 21:27:30.849725693+00:00,dds75-lb-09,2,-51,9.75,"{""Bat"": 3.332, ""Distance_mm"": 0, ""Interrupt_flag"": 0, ""Node_type"": ""DDS75-LB"", ""Sensor_flag"": 1, ""TempC_DS18B20"": 32.76}"
2025-09-21 22:27:30.184787126+00:00,dds75-lb-09,2,-51,10.0,"{""Bat"": 3.332, ""Distance_mm"": 0, ""Interrupt_flag"": 0, ""Node_type"": ""DDS75-LB"", ""Sensor_flag"": 1, ""TempC_DS18B20"": 32.76}"
2025-09-21 23:27:29.519631269+00:00,dds75-lb-09,2,-56,6.5,"{""Bat"": 3.332, ""Distance_mm"": 0, ""Interrupt_flag"": 0, ""Node_type"": ""DDS75-LB"", ""Sensor_flag"": 1, ""TempC_DS18B20"": 32.76}"
2025-09-22 00:27:28.856306711+00:00,dds75-lb-09,2,-48,8.75,"{""Bat"": 3.332, ""Distance_mm"": 0, ""Interrupt_flag"": 0, ""Node_type"": ""DDS75-LB"", ""Sensor_flag"": 1, ""TempC_DS18B20"": 32.76}"
2025-09-22 01:27:28.192781804+00:00,dds75-lb-09,2,-51,8.5,"{""Bat"": 3.332, ""Distance_mm"": 0, ""Interrupt_flag"": 0, ""Node_type"": ""DDS75-LB"", ""Sensor_flag"": 1, ""TempC_DS18B20"": 32.76}"
2025-09-22 02:27:27.534588636+00:00,dds75-lb-09,2,-46,8.5,"{""Bat"": 3.332, ""Distance_mm"": 0, ""Interrupt_flag"": 0, ""Node_type"": ""DDS75-LB"", ""Sensor_flag"": 1, ""TempC_DS18B20"": 32.76}"
2025-09-22 03:27:26.864818488+00:00,dds75-lb-09,2,-49,7.25,"{""Bat"": 3.332, ""Distance_mm"": 0, ""Interrupt_flag"": 0, ""Node_type"": ""DDS75-LB"", ""Sensor_flag"": 1, ""TempC_DS18B20"": 32.76}"
2025-09-22 04:27:26.196793661+00:00,dds75-lb-09,2,-55,7.25,"{""Bat"": 3.332, ""Distance_mm"": 0, ""Interrupt_flag"": 0, ""Node_type"": ""DDS75-LB"", ""Sensor_flag"": 1, ""TempC_DS18B20"": 32.76}"
2025-09-22 05:27:25.529572432+00:00,dds75-lb-09,2,-50,9.0,"{""Bat"": 3.332, ""Distance_mm"": 0, ""Interrupt_flag"": 0, ""Node_type"": ""DDS75-LB"", ""Sensor_flag"": 1, ""TempC_DS18B20"": 32.76}"
2025-09-22 06:27:24.875031148+00:00,dds75-lb-09,2,-49,5.75,"{""Bat"": 3.332, ""Distance_mm"": 0, ""Interrupt_flag"": 0, ""Node_type"": ""DDS75-LB"", ""Sensor_flag"": 1, ""TempC_DS18B20"": 32.76}"
2025-09-22 07:27:24.212564408+00:00,dds75-lb-09,2,-50,9.5,"{""Bat"": 3.332, ""Distance_mm"": 0, ""Interrupt_flag"": 0, ""Node_type"": ""DDS75-LB"", ""Sensor_flag"": 1, ""TempC_DS18B20"": 32.76}"
2025-09-22 09:27:22.871326580+00:00,dds75-lb-09,2,-47,7.5,"{""Bat"": 3.332, ""Distance_mm"": 0, ""Interrupt_flag"": 0, ""Node_type"": ""DDS75-LB"", ""Sensor_flag"": 1, ""TempC_DS18B20"": 32.76}"
2025-09-22 10:27:22.211832843+00:00,dds75-lb-09,2,-49,7.75,"{""Bat"": 3.332, ""Distance_mm"": 0, ""Interrupt_flag"": 0, ""Node_type"": ""DDS75-LB"", ""Sensor_flag"": 1, ""TempC_DS18B20"": 32.76}"
2025-09-22 11:27:21.540271768+00:00,dds75-lb-09,2,-49,9.25,"{""Bat"": 3.332, ""Distance_mm"": 0, ""Interrupt_flag"": 0, ""Node_type"": ""DDS75-LB"", ""Sensor_flag"": 1, ""TempC_DS18B20"": 32.76}"
2025-09-22 12:27:20.887984769+00:00,dds75-lb-09,2,-48,9.25,"{""Bat"": 3.332, ""Distance_mm"": 0, ""Interrupt_flag"": 0, ""Node_type"": ""DDS75-LB"", ""Sensor_flag"": 1, ""TempC_DS18B20"": 32.76}"
2025-09-22 13:27:20.221857798+00:00,dds75-lb-09,2,-49,9.25,"{""Bat"": 3.332, ""Distance_mm"": 0, ""Interrupt_flag"": 0, ""Node_type"": ""DDS75-LB"", ""Sensor_flag"": 1, ""TempC_DS18B20"": 32.76}"
2025-09-22 14:27:19.532271227+00:00,dds75-lb-09,2,-50,9.25,"{""Bat"": 3.332, ""Distance_mm"": 0, ""Interrupt_flag"": 0, ""Node_type"": ""DDS75-LB"", ""Sensor_flag"": 1, ""TempC_DS18B20"": 32.76}"
2025-09-22 15:27:18.882207515+00:00,dds75-lb-09,2,-50,9.75,"{""Bat"": 3.332, ""Distance_mm"": 0, ""Interrupt_flag"": 0, ""Node_type"": ""DDS75-LB"", ""Sensor_flag"": 1, ""TempC_DS18B20"": 32.76}"
2025-09-22 16:27:18.206497125+00:00,dds75-lb-09,2,-50,9.25,"{""Bat"": 3.332, ""Distance_mm"": 0, ""Interrupt_flag"": 0, ""Node_type"": ""DDS75-LB"", ""Sensor_flag"": 1, ""TempC_DS18B20"": 32.76}"
2025-09-22 17:27:17.538927687+00:00,dds75-lb-09,2,-46,7.25,"{""Bat"": 3.332, ""Distance_mm"": 0, ""Interrupt_flag"": 0, ""Node_type"": ""DDS75-LB"", ""Sensor_flag"": 1, ""TempC_DS18B20"": 32.76}"
2025-09-22 18:27:16.895260527+00:00,dds75-lb-09,2,-47,8.0,"{""Bat"": 3.332, ""Distance_mm"": 0, ""Interrupt_flag"": 0, ""Node_type"": ""DDS75-LB"", ""Sensor_flag"": 1, ""TempC_DS18B20"": 32.76}"
2025-09-22 19:27:16.198778638+00:00,dds75-lb-09,2,-47,8.25,"{""Bat"": 3.332, ""Distance_mm"": 0, ""Interrupt_flag"": 0, ""Node_type"": ""DDS75-LB"", ""Sensor_flag"": 1, ""TempC_DS18B20"": 32.76}"
2025-09-22 20:27:15.562456481+00:00,dds75-lb-09,2,-48,9.0,"{""Bat"": 3.332, ""Distance_mm"": 0, ""Interrupt_flag"": 0, ""Node_type"": ""DDS75-LB"", ""Sensor_flag"": 1, ""TempC_DS18B20"": 32.76}"
2025-09-22 21:27:14.885344814+00:00,dds75-lb-09,2,-49,10.0,"{""Bat"": 3.332, ""Distance_mm"": 0, ""Interrupt_flag"": 0, ""Node_type"": ""DDS75-LB"", ""Sensor_flag"": 1, ""TempC_DS18B20"": 32.76}"
2025-09-22 22:27:14.243594788+00:00,dds75-lb-09,2,-48,7.25,"{""Bat"": 3.332, ""Distance_mm"": 0, ""Interrupt_flag"": 0, ""Node_type"": ""DDS75-LB"", ""Sensor_flag"": 1, ""TempC_DS18B20"": 32.76}"
2025-09-22 23:27:13.571556018+00:00,dds75-lb-09,2,-49,10.0,"{""Bat"": 3.332, ""Distance_mm"": 0, ""Interrupt_flag"": 0, ""Node_type"": ""DDS75-LB"", ""Sensor_flag"": 1, ""TempC_DS18B20"": 32.76}"
2025-09-23 00:27:12.902531023+00:00,dds75-lb-09,2,-53,10.0,"{""Bat"": 3.332, ""Distance_mm"": 0, ""Interrupt_flag"": 0, ""Node_type"": ""DDS75-LB"", ""Sensor_flag"": 1, ""TempC_DS18B20"": 32.76}"
2025-09-23 01:27:12.252274427+00:00,dds75-lb-09,2,-49,7.75,"{""Bat"": 3.332, ""Distance_mm"": 0, ""Interrupt_flag"": 0, ""Node_type"": ""DDS75-LB"", ""Sensor_flag"": 1, ""TempC_DS18B20"": 32.76}"
2025-09-23 02:27:11.580905474+00:00,dds75-lb-09,2,-50,10.25,"{""Bat"": 3.332, ""Distance_mm"": 0, ""Interrupt_flag"": 0, ""Node_type"": ""DDS75-LB"", ""Sensor_flag"": 1, ""TempC_DS18B20"": 32.76}"
2025-09-23 03:27:10.935065044+00:00,dds75-lb-09,2,-49,9.0,"{""Bat"": 3.332, ""Distance_mm"": 0, ""Interrupt_flag"": 0, ""Node_type"": ""DDS75-LB"", ""Sensor_flag"": 1, ""TempC_DS18B20"": 32.76}"
2025-09-23 04:27:10.230074664+00:00,dds75-lb-09,2,-50,8.75,"{""Bat"": 3.332, ""Distance_mm"": 0, ""Interrupt_flag"": 0, ""Node_type"": ""DDS75-LB"", ""Sensor_flag"": 1, ""TempC_DS18B20"": 32.76}"
2025-09-23 05:27:09.575627785+00:00,dds75-lb-09,2,-48,9.75,"{""Bat"": 3.332, ""Distance_mm"": 0, ""Interrupt_flag"": 0, ""Node_type"": ""DDS75-LB"", ""Sensor_flag"": 1, ""TempC_DS18B20"": 32.76}"
2025-09-23 06:27:08.907328506+00:00,dds75-lb-09,2,-50,9.0,"{""Bat"": 3.332, ""Distance_mm"": 0, ""Interrupt_flag"": 0, ""Node_type"": ""DDS75-LB"", ""Sensor_flag"": 1, ""TempC_DS18B20"": 32.76}"
2025-09-23 07:27:08.237683290+00:00,dds75-lb-09,2,-49,10.0,"{""Bat"": 3.332, ""Distance_mm"": 0, ""Interrupt_flag"": 0, ""Node_type"": ""DDS75-LB"", ""Sensor_flag"": 1, ""TempC_DS18B20"": 32.76}"
2025-09-23 08:27:07.578494349+00:00,dds75-lb-09,2,-123,-7.25,"{""Bat"": 3.332, ""Distance_mm"": 0, ""Interrupt_flag"": 0, ""Node_type"": ""DDS75-LB"", ""Sensor_flag"": 1, ""TempC_DS18B20"": 32.76}"
2025-09-23 09:27:06.917831654+00:00,dds75-lb-09,2,-50,10.0,"{""Bat"": 3.332, ""Distance_mm"": 0, ""Interrupt_flag"": 0, ""Node_type"": ""DDS75-LB"", ""Sensor_flag"": 1, ""TempC_DS18B20"": 32.76}"
2025-09-23 10:27:06.272170855+00:00,dds75-lb-09,2,-55,6.5,"{""Bat"": 3.332, ""Distance_mm"": 0, ""Interrupt_flag"": 0, ""Node_type"": ""DDS75-LB"", ""Sensor_flag"": 1, ""TempC_DS18B20"": 32.76}"
2025-09-23 11:27:05.601888615+00:00,dds75-lb-09,2,-47,9.75,"{""Bat"": 3.332, ""Distance_mm"": 0, ""Interrupt_flag"": 0, ""Node_type"": ""DDS75-LB"", ""Sensor_flag"": 1, ""TempC_DS18B20"": 32.76}"
2025-09-23 12:27:04.933287741+00:00,dds75-lb-09,2,-50,9.5,"{""Bat"": 3.332, ""Distance_mm"": 0, ""Interrupt_flag"": 0, ""Node_type"": ""DDS75-LB"", ""Sensor_flag"": 1, ""TempC_DS18B20"": 32.76}"
2025-09-23 13:27:04.276073163+00:00,dds75-lb-09,2,-50,9.25,"{""Bat"": 3.332, ""Distance_mm"": 0, ""Interrupt_flag"": 0, ""Node_type"": ""DDS75-LB"", ""Sensor_flag"": 1, ""TempC_DS18B20"": 32.76}"
2025-09-23 14:27:03.631146179+00:00,dds75-lb-09,2,-49,10.25,"{""Bat"": 3.332, ""Distance_mm"": 0, ""Interrupt_flag"": 0, ""Node_type"": ""DDS75-LB"", ""Sensor_flag"": 1, ""TempC_DS18B20"": 32.76}"
2025-09-23 15:27:02.936734304+00:00,dds75-lb-09,2,-51,11.0,"{""Bat"": 3.332, ""Distance_mm"": 0, ""Interrupt_flag"": 0, ""Node_type"": ""DDS75-LB"", ""Sensor_flag"": 1, ""TempC_DS18B20"": 32.76}"
2025-09-23 16:27:02.278635459+00:00,dds75-lb-09,2,-47,7.25,"{""Bat"": 3.332, ""Distance_mm"": 0, ""Interrupt_flag"": 0, ""Node_type"": ""DDS75-LB"", ""Sensor_flag"": 1, ""TempC_DS18B20"": 32.76}"
2025-09-23 17:27:01.630953188+00:00,dds75-lb-09,2,-47,7.75,"{""Bat"": 3.332, ""Distance_mm"": 0, ""Interrupt_flag"": 0, ""Node_type"": ""DDS75-LB"", ""Sensor_flag"": 1, ""TempC_DS18B20"": 32.76}"
2025-09-23 18:27:00.967886281+00:00,dds75-lb-09,2,-51,9.75,"{""Bat"": 3.332, ""Distance_mm"": 0, ""Interrupt_flag"": 0, ""Node_type"": ""DDS75-LB"", ""Sensor_flag"": 1, ""TempC_DS18B20"": 32.76}"
2025-09-23 19:27:00.297286582+00:00,dds75-lb-09,2,-51,11.75,"{""Bat"": 3.332, ""Distance_mm"": 0, ""Interrupt_flag"": 0, ""Node_type"": ""DDS75-LB"", ""Sensor_flag"": 1, ""TempC_DS18B20"": 32.76}"
2025-09-23 20:26:59.648933995+00:00,dds75-lb-09,2,-50,9.25,"{""Bat"": 3.332, ""Distance_mm"": 0, ""Interrupt_flag"": 0, ""Node_type"": ""DDS75-LB"", ""Sensor_flag"": 1, ""TempC_DS18B20"": 32.76}"
2025-09-23 21:26:58.960476744+00:00,dds75-lb-09,2,-55,6.75,"{""Bat"": 3.332, ""Distance_mm"": 0, ""Interrupt_flag"": 0, ""Node_type"": ""DDS75-LB"", ""Sensor_flag"": 1, ""TempC_DS18B20"": 32.76}"
2025-09-23 22:26:58.310707242+00:00,dds75-lb-09,2,-51,9.25,"{""Bat"": 3.332, ""Distance_mm"": 0, ""Interrupt_flag"": 0, ""Node_type"": ""DDS75-LB"", ""Sensor_flag"": 1, ""TempC_DS18B20"": 32.76}"
2025-09-23 23:26:57.630728864+00:00,dds75-lb-09,2,-51,9.5,"{""Bat"": 3.332, ""Distance_mm"": 0, ""Interrupt_flag"": 0, ""Node_type"": ""DDS75-LB"", ""Sensor_flag"": 1, ""TempC_DS18B20"": 32.76}"
2025-09-24 00:26:56.975037227+00:00,dds75-lb-09,2,-47,8.75,"{""Bat"": 3.332, ""Distance_mm"": 0, ""Interrupt_flag"": 0, ""Node_type"": ""DDS75-LB"", ""Sensor_flag"": 1, ""TempC_DS18B20"": 32.76}"
2025-09-24 01:26:56.316674175+00:00,dds75-lb-09,2,-49,7.25,"{""Bat"": 3.332, ""Distance_mm"": 0, ""Interrupt_flag"": 0, ""Node_type"": ""DDS75-LB"", ""Sensor_flag"": 1, ""TempC_DS18B20"": 32.76}"
2025-09-24 02:26:55.640042353+00:00,dds75-lb-09,2,-50,10.0,"{""Bat"": 3.332, ""Distance_mm"": 0, ""Interrupt_flag"": 0, ""Node_type"": ""DDS75-LB"", ""Sensor_flag"": 1, ""TempC_DS18B20"": 32.76}"
2025-09-24 03:26:54.991137609+00:00,dds75-lb-09,2,-51,11.0,"{""Bat"": 3.332, ""Distance_mm"": 0, ""Interrupt_flag"": 0, ""Node_type"": ""DDS75-LB"", ""Sensor_flag"": 1, ""TempC_DS18B20"": 32.76}"
2025-09-24 04:26:54.340646053+00:00,dds75-lb-09,2,-50,9.25,"{""Bat"": 3.332, ""Distance_mm"": 0, ""Interrupt_flag"": 0, ""Node_type"": ""DDS75-LB"", ""Sensor_flag"": 1, ""TempC_DS18B20"": 32.76}"
2025-09-24 05:26:53.667845063+00:00,dds75-lb-09,2,-50,9.0,"{""Bat"": 3.332, ""Distance_mm"": 0, ""Interrupt_flag"": 0, ""Node_type"": ""DDS75-LB"", ""Sensor_flag"": 1, ""TempC_DS18B20"": 32.76}"
2025-09-24 06:26:52.990589234+00:00,dds75-lb-09,2,-50,9.5,"{""Bat"": 3.332, ""Distance_mm"": 0, ""Interrupt_flag"": 0, ""Node_type"": ""DDS75-LB"", ""Sensor_flag"": 1, ""TempC_DS18B20"": 32.76}"
2025-09-24 07:26:52.348762796+00:00,dds75-lb-09,2,-53,10.25,"{""Bat"": 3.332, ""Distance_mm"": 0, ""Interrupt_flag"": 0, ""Node_type"": ""DDS75-LB"", ""Sensor_flag"": 1, ""TempC_DS18B20"": 32.76}"
2025-09-24 08:26:51.717450143+00:00,dds75-lb-09,2,-46,9.5,"{""Bat"": 3.332, ""Distance_mm"": 0, ""Interrupt_flag"": 0, ""Node_type"": ""DDS75-LB"", ""Sensor_flag"": 1, ""TempC_DS18B20"": 32.76}"
2025-09-24 09:26:51.016247584+00:00,dds75-lb-09,2,-50,10.0,"{""Bat"": 3.332, ""Distance_mm"": 0, ""Interrupt_flag"": 0, ""Node_type"": ""DDS75-LB"", ""Sensor_flag"": 1, ""TempC_DS18B20"": 32.76}"
2025-09-24 10:26:50.353143162+00:00,dds75-lb-09,2,-51,10.0,"{""Bat"": 3.332, ""Distance_mm"": 0, ""Interrupt_flag"": 0, ""Node_type"": ""DDS75-LB"", ""Sensor_flag"": 1, ""TempC_DS18B20"": 32.76}"
2025-09-24 11:26:49.700107492+00:00,dds75-lb-09,2,-53,10.5,"{""Bat"": 3.332, ""Distance_mm"": 0, ""Interrupt_flag"": 0, ""Node_type"": ""DDS75-LB"", ""Sensor_flag"": 1, ""TempC_DS18B20"": 32.76}"
2025-09-24 12:26:49.031098535+00:00,dds75-lb-09,2,-50,9.75,"{""Bat"": 3.332, ""Distance_mm"": 0, ""Interrupt_flag"": 0, ""Node_type"": ""DDS75-LB"", ""Sensor_flag"": 1, ""TempC_DS18B20"": 32.76}"
2025-09-24 13:26:48.370151719+00:00,dds75-lb-09,2,-50,9.75,"{""Bat"": 3.332, ""Distance_mm"": 0, ""Interrupt_flag"": 0, ""Node_type"": ""DDS75-LB"", ""Sensor_flag"": 1, ""TempC_DS18B20"": 32.76}"
2025-09-24 14:26:47.697932307+00:00,dds75-lb-09,2,-51,9.0,"{""Bat"": 3.332, ""Distance_mm"": 0, ""Interrupt_flag"": 0, ""Node_type"": ""DDS75-LB"", ""Sensor_flag"": 1, ""TempC_DS18B20"": 32.76}"
2025-09-24 15:26:47.042346956+00:00,dds75-lb-09,2,-48,8.0,"{""Bat"": 3.332, ""Distance_mm"": 0, ""Interrupt_flag"": 0, ""Node_type"": ""DDS75-LB"", ""Sensor_flag"": 1, ""TempC_DS18B20"": 32.76}"
2025-09-24 16:26:46.355384230+00:00,dds75-lb-09,2,-48,7.5,"{""Bat"": 3.332, ""Distance_mm"": 0, ""Interrupt_flag"": 0, ""Node_type"": ""DDS75-LB"", ""Sensor_flag"": 1, ""TempC_DS18B20"": 32.76}"
2025-09-24 17:26:45.729992069+00:00,dds75-lb-09,2,-51,9.5,"{""Bat"": 3.332, ""Distance_mm"": 0, ""Interrupt_flag"": 0, ""Node_type"": ""DDS75-LB"", ""Sensor_flag"": 1, ""TempC_DS18B20"": 32.76}"
2025-09-24 18:26:45.069171073+00:00,dds75-lb-09,2,-50,10.75,"{""Bat"": 3.332, ""Distance_mm"": 0, ""Interrupt_flag"": 0, ""Node_type"": ""DDS75-LB"", ""Sensor_flag"": 1, ""TempC_DS18B20"": 32.76}"
2025-09-24 19:26:44.385313739+00:00,dds75-lb-09,2,-51,10.0,"{""Bat"": 3.332, ""Distance_mm"": 0, ""Interrupt_flag"": 0, ""Node_type"": ""DDS75-LB"", ""Sensor_flag"": 1, ""TempC_DS18B20"": 32.76}"
2025-09-24 20:26:43.721726051+00:00,dds75-lb-09,2,-50,5.75,"{""Bat"": 3.332, ""Distance_mm"": 0, ""Interrupt_flag"": 0, ""Node_type"": ""DDS75-LB"", ""Sensor_flag"": 1, ""TempC_DS18B20"": 32.76}"
2025-09-24 21:26:43.053277166+00:00,dds75-lb-09,2,-50,10.5,"{""Bat"": 3.332, ""Distance_mm"": 0, ""Interrupt_flag"": 0, ""Node_type"": ""DDS75-LB"", ""Sensor_flag"": 1, ""TempC_DS18B20"": 32.76}"
2025-09-24 22:26:42.407905312+00:00,dds75-lb-09,2,-51,10.25,"{""Bat"": 3.332, ""Distance_mm"": 0, ""Interrupt_flag"": 0, ""Node_type"": ""DDS75-LB"", ""Sensor_flag"": 1, ""TempC_DS18B20"": 32.76}"
2025-09-24 23:26:41.728582123+00:00,dds75-lb-09,2,-48,9.25,"{""Bat"": 3.332, ""Distance_mm"": 0, ""Interrupt_flag"": 0, ""Node_type"": ""DDS75-LB"", ""Sensor_flag"": 1, ""TempC_DS18B20"": 32.76}"
2025-09-25 00:26:41.067044757+00:00,dds75-lb-09,2,-50,9.25,"{""Bat"": 3.332, ""Distance_mm"": 0, ""Interrupt_flag"": 0, ""Node_type"": ""DDS75-LB"", ""Sensor_flag"": 1, ""TempC_DS18B20"": 32.76}"
2025-09-25 01:26:40.406484622+00:00,dds75-lb-09,2,-49,7.0,"{""Bat"": 3.332, ""Distance_mm"": 0, ""Interrupt_flag"": 0, ""Node_type"": ""DDS75-LB"", ""Sensor_flag"": 1, ""TempC_DS18B20"": 32.76}"
2025-09-25 02:26:39.735414416+00:00,dds75-lb-09,2,-50,9.75,"{""Bat"": 3.332, ""Distance_mm"": 0, ""Interrupt_flag"": 0, ""Node_type"": ""DDS75-LB"", ""Sensor_flag"": 1, ""TempC_DS18B20"": 32.76}"
2025-09-25 03:26:39.090382+00:00,dds75-lb-09,2,-48,9.75,"{""Bat"": 3.332, ""Distance_mm"": 0, ""Interrupt_flag"": 0, ""Node_type"": ""DDS75-LB"", ""Sensor_flag"": 1, ""TempC_DS18B20"": 32.76}"
2025-09-25 04:26:38.410378099+00:00,dds75-lb-09,2,-51,10.5,"{""Bat"": 3.332, ""Distance_mm"": 0, ""Interrupt_flag"": 0, ""Node_type"": ""DDS75-LB"", ""Sensor_flag"": 1, ""TempC_DS18B20"": 32.76}"
2025-09-25 05:26:37.763535728+00:00,dds75-lb-09,2,-50,9.25,"{""Bat"": 3.332, ""Distance_mm"": 0, ""Interrupt_flag"": 0, ""Node_type"": ""DDS75-LB"", ""Sensor_flag"": 1, ""TempC_DS18B20"": 32.76}"
2025-09-25 06:26:37.096140595+00:00,dds75-lb-09,2,-50,9.75,"{""Bat"": 3.332, ""Distance_mm"": 0, ""Interrupt_flag"": 0, ""Node_type"": ""DDS75-LB"", ""Sensor_flag"": 1, ""TempC_DS18B20"": 32.76}"
2025-09-25 07:26:36.436842655+00:00,dds75-lb-09,2,-67,9.0,"{""Bat"": 3.332, ""Distance_mm"": 700, ""Interrupt_flag"": 0, ""Node_type"": ""DDS75-LB"", ""Sensor_flag"": 1, ""TempC_DS18B20"": 32.76}"
2025-09-25 08:26:35.760583602+00:00,dds75-lb-09,2,-65,8.0,"{""Bat"": 3.332, ""Distance_mm"": 700, ""Interrupt_flag"": 0, ""Node_type"": ""DDS75-LB"", ""Sensor_flag"": 1, ""TempC_DS18B20"": 32.76}"
2025-09-25 09:26:35.102917573+00:00,dds75-lb-09,2,-69,9.75,"{""Bat"": 3.332, ""Distance_mm"": 700, ""Interrupt_flag"": 0, ""Node_type"": ""DDS75-LB"", ""Sensor_flag"": 1, ""TempC_DS18B20"": 32.76}"
2025-09-25 10:26:34.435989645+00:00,dds75-lb-09,2,-67,8.75,"{""Bat"": 3.332, ""Distance_mm"": 700, ""Interrupt_flag"": 0, ""Node_type"": ""DDS75-LB"", ""Sensor_flag"": 1, ""TempC_DS18B20"": 32.76}"
2025-09-25 11:26:33.769222987+00:00,dds75-lb-09,2,-71,11.25,"{""Bat"": 3.332, ""Distance_mm"": 700, ""Interrupt_flag"": 0, ""Node_type"": ""DDS75-LB"", ""Sensor_flag"": 1, ""TempC_DS18B20"": 32.76}"
2025-09-25 12:26:33.117307913+00:00,dds75-lb-09,2,-71,9.0,"{""Bat"": 3.332, ""Distance_mm"": 700, ""Interrupt_flag"": 0, ""Node_type"": ""DDS75-LB"", ""Sensor_flag"": 1, ""TempC_DS18B20"": 32.76}"
2025-09-25 13:26:32.488542239+00:00,dds75-lb-09,2,-63,8.0,"{""Bat"": 3.332, ""Distance_mm"": 700, ""Interrupt_flag"": 0, ""Node_type"": ""DDS75-LB"", ""Sensor_flag"": 1, ""TempC_DS18B20"": 32.76}"
2025-09-25 14:26:31.806852944+00:00,dds75-lb-09,2,-65,7.75,"{""Bat"": 3.332, ""Distance_mm"": 700, ""Interrupt_flag"": 0, ""Node_type"": ""DDS75-LB"", ""Sensor_flag"": 1, ""TempC_DS18B20"": 32.76}"
2025-09-25 15:26:31.149390695+00:00,dds75-lb-09,2,-63,9.0,"{""Bat"": 3.332, ""Distance_mm"": 700, ""Interrupt_flag"": 0, ""Node_type"": ""DDS75-LB"", ""Sensor_flag"": 1, ""TempC_DS18B20"": 32.76}"
2025-09-25 16:26:30.473398271+00:00,dds75-lb-09,2,-125,-10.0,"{""Bat"": 3.332, ""Distance_mm"": 700, ""Interrupt_flag"": 0, ""Node_type"": ""DDS75-LB"", ""Sensor_flag"": 1, ""TempC_DS18B20"": 32.76}"
2025-09-25 17:26:29.818977839+00:00,dds75-lb-09,2,-65,9.75,"{""Bat"": 3.332, ""Distance_mm"": 700, ""Interrupt_flag"": 0, ""Node_type"": ""DDS75-LB"", ""Sensor_flag"": 1, ""TempC_DS18B20"": 32.76}"
2025-09-25 18:26:29.146896901+00:00,dds75-lb-09,2,-67,10.5,"{""Bat"": 3.332, ""Distance_mm"": 700, ""Interrupt_flag"": 0, ""Node_type"": ""DDS75-LB"", ""Sensor_flag"": 1, ""TempC_DS18B20"": 32.76}"
2025-09-25 19:26:28.504400152+00:00,dds75-lb-09,2,-66,8.0,"{""Bat"": 3.332, ""Distance_mm"": 700, ""Interrupt_flag"": 0, ""Node_type"": ""DDS75-LB"", ""Sensor_flag"": 1, ""TempC_DS18B20"": 32.76}"
2025-09-25 20:26:27.823079417+00:00,dds75-lb-09,2,-69,10.25,"{""Bat"": 3.332, ""Distance_mm"": 700, ""Interrupt_flag"": 0, ""Node_type"": ""DDS75-LB"", ""Sensor_flag"": 1, ""TempC_DS18B20"": 32.76}"
2025-09-25 21:26:27.159307401+00:00,dds75-lb-09,2,-66,9.0,"{""Bat"": 3.332, ""Distance_mm"": 700, ""Interrupt_flag"": 0, ""Node_type"": ""DDS75-LB"", ""Sensor_flag"": 1, ""TempC_DS18B20"": 32.76}"
2025-09-25 22:26:26.522188826+00:00,dds75-lb-09,2,-65,10.0,"{""Bat"": 3.332, ""Distance_mm"": 700, ""Interrupt_flag"": 0, ""Node_type"": ""DDS75-LB"", ""Sensor_flag"": 1, ""TempC_DS18B20"": 32.76}"
2025-09-25 23:26:25.835020181+00:00,dds75-lb-09,2,-63,7.5,"{""Bat"": 3.332, ""Distance_mm"": 700, ""Interrupt_flag"": 0, ""Node_type"": ""DDS75-LB"", ""Sensor_flag"": 1, ""TempC_DS18B20"": 32.76}"
2025-09-26 00:26:25.193807640+00:00,dds75-lb-09,2,-67,7.0,"{""Bat"": 3.332, ""Distance_mm"": 699, ""Interrupt_flag"": 0, ""Node_type"": ""DDS75-LB"", ""Sensor_flag"": 1, ""TempC_DS18B20"": 32.76}"
2025-09-26 01:26:24.520953874+00:00,dds75-lb-09,2,-68,9.25,"{""Bat"": 3.332, ""Distance_mm"": 700, ""Interrupt_flag"": 0, ""Node_type"": ""DDS75-LB"", ""Sensor_flag"": 1, ""TempC_DS18B20"": 32.76}"
2025-09-26 02:26:23.857348105+00:00,dds75-lb-09,2,-69,10.5,"{""Bat"": 3.332, ""Distance_mm"": 700, ""Interrupt_flag"": 0, ""Node_type"": ""DDS75-LB"", ""Sensor_flag"": 1, ""TempC_DS18B20"": 32.76}"
2025-09-26 03:26:23.200319962+00:00,dds75-lb-09,2,-68,7.0,"{""Bat"": 3.332, ""Distance_mm"": 700, ""Interrupt_flag"": 0, ""Node_type"": ""DDS75-LB"", ""Sensor_flag"": 1, ""TempC_DS18B20"": 32.76}"
2025-09-26 04:26:22.533906353+00:00,dds75-lb-09,2,-67,9.75,"{""Bat"": 3.332, ""Distance_mm"": 700, ""Interrupt_flag"": 0, ""Node_type"": ""DDS75-LB"", ""Sensor_flag"": 1, ""TempC_DS18B20"": 32.76}"
2025-09-26 05:26:21.864208167+00:00,dds75-lb-09,2,-67,9.75,"{""Bat"": 3.332, ""Distance_mm"": 700, ""Interrupt_flag"": 0, ""Node_type"": ""DDS75-LB"", ""Sensor_flag"": 1, ""TempC_DS18B20"": 32.76}"
2025-09-26 06:26:21.219787814+00:00,dds75-lb-09,2,-63,7.75,"{""Bat"": 3.332, ""Distance_mm"": 700, ""Interrupt_flag"": 0, ""Node_type"": ""DDS75-LB"", ""Sensor_flag"": 1, ""TempC_DS18B20"": 32.76}"
2025-09-26 07:26:20.563549782+00:00,dds75-lb-09,2,-63,7.75,"{""Bat"": 3.332, ""Distance_mm"": 701, ""Interrupt_flag"": 0, ""Node_type"": ""DDS75-LB"", ""Sensor_flag"": 1, ""TempC_DS18B20"": 32.76}"
2025-09-26 08:26:19.883850250+00:00,dds75-lb-09,2,-65,9.0,"{""Bat"": 3.332, ""Distance_mm"": 701, ""Interrupt_flag"": 0, ""Node_type"": ""DDS75-LB"", ""Sensor_flag"": 1, ""TempC_DS18B20"": 32.76}"
2025-09-26 09:26:19.243410597+00:00,dds75-lb-09,2,-63,9.25,"{""Bat"": 3.332, ""Distance_mm"": 700, ""Interrupt_flag"": 0, ""Node_type"": ""DDS75-LB"", ""Sensor_flag"": 1, ""TempC_DS18B20"": 32.76}"
2025-09-26 10:26:18.576556455+00:00,dds75-lb-09,2,-69,9.75,"{""Bat"": 3.332, ""Distance_mm"": 700, ""Interrupt_flag"": 0, ""Node_type"": ""DDS75-LB"", ""Sensor_flag"": 1, ""TempC_DS18B20"": 32.76}"
2025-09-26 11:26:17.927995547+00:00,dds75-lb-09,2,-68,9.25,"{""Bat"": 3.332, ""Distance_mm"": 700, ""Interrupt_flag"": 0, ""Node_type"": ""DDS75-LB"", ""Sensor_flag"": 1, ""TempC_DS18B20"": 32.76}"
2025-09-26 12:26:17.240796136+00:00,dds75-lb-09,2,-67,9.75,"{""Bat"": 3.332, ""Distance_mm"": 700, ""Interrupt_flag"": 0, ""Node_type"": ""DDS75-LB"", ""Sensor_flag"": 1, ""TempC_DS18B20"": 32.76}"
2025-09-26 13:26:16.593708367+00:00,dds75-lb-09,2,-64,9.75,"{""Bat"": 3.332, ""Distance_mm"": 700, ""Interrupt_flag"": 0, ""Node_type"": ""DDS75-LB"", ""Sensor_flag"": 1, ""TempC_DS18B20"": 32.76}"
2025-09-26 14:26:15.926768935+00:00,dds75-lb-09,2,-62,7.5,"{""Bat"": 3.332, ""Distance_mm"": 700, ""Interrupt_flag"": 0, ""Node_type"": ""DDS75-LB"", ""Sensor_flag"": 1, ""TempC_DS18B20"": 32.76}"
2025-09-26 15:26:15.275566733+00:00,dds75-lb-09,2,-65,9.25,"{""Bat"": 3.332, ""Distance_mm"": 700, ""Interrupt_flag"": 0, ""Node_type"": ""DDS75-LB"", ""Sensor_flag"": 1, ""TempC_DS18B20"": 32.76}"
2025-09-26 16:26:14.606768469+00:00,dds75-lb-09,2,-63,8.75,"{""Bat"": 3.332, ""Distance_mm"": 700, ""Interrupt_flag"": 0, ""Node_type"": ""DDS75-LB"", ""Sensor_flag"": 1, ""TempC_DS18B20"": 32.76}"
2025-09-26 17:26:13.954830194+00:00,dds75-lb-09,2,-67,9.75,"{""Bat"": 3.332, ""Distance_mm"": 700, ""Interrupt_flag"": 0, ""Node_type"": ""DDS75-LB"", ""Sensor_flag"": 1, ""TempC_DS18B20"": 32.76}"
2025-09-26 18:26:13.269765092+00:00,dds75-lb-09,2,-67,9.0,"{""Bat"": 3.332, ""Distance_mm"": 700, ""Interrupt_flag"": 0, ""Node_type"": ""DDS75-LB"", ""Sensor_flag"": 1, ""TempC_DS18B20"": 32.76}"
2025-09-26 19:26:12.622291285+00:00,dds75-lb-09,2,-124,-8.0,"{""Bat"": 3.332, ""Distance_mm"": 700, ""Interrupt_flag"": 0, ""Node_type"": ""DDS75-LB"", ""Sensor_flag"": 1, ""TempC_DS18B20"": 32.76}"
2025-09-26 20:26:11.963836609+00:00,dds75-lb-09,2,-64,8.75,"{""Bat"": 3.332, ""Distance_mm"": 700, ""Interrupt_flag"": 0, ""Node_type"": ""DDS75-LB"", ""Sensor_flag"": 1, ""TempC_DS18B20"": 32.76}"
2025-09-26 21:26:11.297770655+00:00,dds75-lb-09,2,-63,7.5,"{""Bat"": 3.332, ""Distance_mm"": 700, ""Interrupt_flag"": 0, ""Node_type"": ""DDS75-LB"", ""Sensor_flag"": 1, ""TempC_DS18B20"": 32.76}"
2025-09-26 23:26:09.975892334+00:00,dds75-lb-09,2,-65,9.75,"{""Bat"": 3.332, ""Distance_mm"": 700, ""Interrupt_flag"": 0, ""Node_type"": ""DDS75-LB"", ""Sensor_flag"": 1, ""TempC_DS18B20"": 32.76}"
2025-09-27 00:26:09.318676053+00:00,dds75-lb-09,2,-63,9.25,"{""Bat"": 3.332, ""Distance_mm"": 700, ""Interrupt_flag"": 0, ""Node_type"": ""DDS75-LB"", ""Sensor_flag"": 1, ""TempC_DS18B20"": 32.76}"
2025-09-27 01:26:08.644350534+00:00,dds75-lb-09,2,-67,9.25,"{""Bat"": 3.332, ""Distance_mm"": 700, ""Interrupt_flag"": 0, ""Node_type"": ""DDS75-LB"", ""Sensor_flag"": 1, ""TempC_DS18B20"": 32.76}"
2025-09-27 02:26:08.005650133+00:00,dds75-lb-09,2,-66,7.25,"{""Bat"": 3.332, ""Distance_mm"": 699, ""Interrupt_flag"": 0, ""Node_type"": ""DDS75-LB"", ""Sensor_flag"": 1, ""TempC_DS18B20"": 32.76}"
2025-09-27 03:26:07.329256318+00:00,dds75-lb-09,2,-67,10.0,"{""Bat"": 3.332, ""Distance_mm"": 700, ""Interrupt_flag"": 0, ""Node_type"": ""DDS75-LB"", ""Sensor_flag"": 1, ""TempC_DS18B20"": 32.76}"
2025-09-27 04:26:06.677351052+00:00,dds75-lb-09,2,-68,11.25,"{""Bat"": 3.332, ""Distance_mm"": 700, ""Interrupt_flag"": 0, ""Node_type"": ""DDS75-LB"", ""Sensor_flag"": 1, ""TempC_DS18B20"": 32.76}"
2025-09-27 05:26:06.026483323+00:00,dds75-lb-09,2,-65,7.75,"{""Bat"": 3.332, ""Distance_mm"": 700, ""Interrupt_flag"": 0, ""Node_type"": ""DDS75-LB"", ""Sensor_flag"": 1, ""TempC_DS18B20"": 32.76}"
2025-09-27 06:26:05.353950956+00:00,dds75-lb-09,2,-63,8.75,"{""Bat"": 3.332, ""Distance_mm"": 700, ""Interrupt_flag"": 0, ""Node_type"": ""DDS75-LB"", ""Sensor_flag"": 1, ""TempC_DS18B20"": 32.76}"
2025-09-27 07:26:04.696139290+00:00,dds75-lb-09,2,-67,7.5,"{""Bat"": 3.332, ""Distance_mm"": 700, ""Interrupt_flag"": 0, ""Node_type"": ""DDS75-LB"", ""Sensor_flag"": 1, ""TempC_DS18B20"": 32.76}"
2025-09-27 08:26:04.045751202+00:00,dds75-lb-09,2,-63,10.25,"{""Bat"": 3.332, ""Distance_mm"": 700, ""Interrupt_flag"": 0, ""Node_type"": ""DDS75-LB"", ""Sensor_flag"": 1, ""TempC_DS18B20"": 32.76}"
2025-09-27 09:26:03.389237459+00:00,dds75-lb-09,2,-68,9.0,"{""Bat"": 3.332, ""Distance_mm"": 700, ""Interrupt_flag"": 0, ""Node_type"": ""DDS75-LB"", ""Sensor_flag"": 1, ""TempC_DS18B20"": 32.76}"
2025-09-27 10:26:02.732527901+00:00,dds75-lb-09,2,-64,9.5,"{""Bat"": 3.332, ""Distance_mm"": 700, ""Interrupt_flag"": 0, ""Node_type"": ""DDS75-LB"", ""Sensor_flag"": 1, ""TempC_DS18B20"": 32.76}"
2025-09-27 11:26:02.065912095+00:00,dds75-lb-09,2,-65,9.0,"{""Bat"": 3.332, ""Distance_mm"": 700, ""Interrupt_flag"": 0, ""Node_type"": ""DDS75-LB"", ""Sensor_flag"": 1, ""TempC_DS18B20"": 32.76}"
2025-09-27 12:26:01.391893994+00:00,dds75-lb-09,2,-65,8.75,"{""Bat"": 3.332, ""Distance_mm"": 700, ""Interrupt_flag"": 0, ""Node_type"": ""DDS75-LB"", ""Sensor_flag"": 1, ""TempC_DS18B20"": 32.76}"
2025-09-27 13:26:00.734902818+00:00,dds75-lb-09,2,-67,7.25,"{""Bat"": 3.332, ""Distance_mm"": 700, ""Interrupt_flag"": 0, ""Node_type"": ""DDS75-LB"", ""Sensor_flag"": 1, ""TempC_DS18B20"": 32.76}"
2025-09-27 14:26:00.071948707+00:00,dds75-lb-09,2,-65,7.5,"{""Bat"": 3.332, ""Distance_mm"": 700, ""Interrupt_flag"": 0, ""Node_type"": ""DDS75-LB"", ""Sensor_flag"": 1, ""TempC_DS18B20"": 32.76}"
2025-09-27 15:25:59.408953509+00:00,dds75-lb-09,2,-65,7.25,"{""Bat"": 3.332, ""Distance_mm"": 700, ""Interrupt_flag"": 0, ""Node_type"": ""DDS75-LB"", ""Sensor_flag"": 1, ""TempC_DS18B20"": 32.76}"
2025-09-27 16:25:58.763730280+00:00,dds75-lb-09,2,-65,10.5,"{""Bat"": 3.332, ""Distance_mm"": 700, ""Interrupt_flag"": 0, ""Node_type"": ""DDS75-LB"", ""Sensor_flag"": 1, ""TempC_DS18B20"": 32.76}"
2025-09-27 17:25:58.110843811+00:00,dds75-lb-09,2,-66,8.5,"{""Bat"": 3.332, ""Distance_mm"": 700, ""Interrupt_flag"": 0, ""Node_type"": ""DDS75-LB"", ""Sensor_flag"": 1, ""TempC_DS18B20"": 32.76}"
2025-09-27 18:25:57.445167198+00:00,dds75-lb-09,2,-67,9.5,"{""Bat"": 3.332, ""Distance_mm"": 700, ""Interrupt_flag"": 0, ""Node_type"": ""DDS75-LB"", ""Sensor_flag"": 1, ""TempC_DS18B20"": 32.76}"
2025-09-27 19:25:56.776894207+00:00,dds75-lb-09,2,-63,9.5,"{""Bat"": 3.332, ""Distance_mm"": 700, ""Interrupt_flag"": 0, ""Node_type"": ""DDS75-LB"", ""Sensor_flag"": 1, ""TempC_DS18B20"": 32.76}"
2025-09-27 20:25:56.120643961+00:00,dds75-lb-09,2,-62,9.0,"{""Bat"": 3.332, ""Distance_mm"": 700, ""Interrupt_flag"": 0, ""Node_type"": ""DDS75-LB"", ""Sensor_flag"": 1, ""TempC_DS18B20"": 32.76}"
2025-09-27 21:25:55.444184662+00:00,dds75-lb-09,2,-63,9.75,"{""Bat"": 3.332, ""Distance_mm"": 700, ""Interrupt_flag"": 0, ""Node_type"": ""DDS75-LB"", ""Sensor_flag"": 1, ""TempC_DS18B20"": 32.76}"
2025-09-27 22:25:54.797094932+00:00,dds75-lb-09,2,-62,8.5,"{""Bat"": 3.332, ""Distance_mm"": 700, ""Interrupt_flag"": 0, ""Node_type"": ""DDS75-LB"", ""Sensor_flag"": 1, ""TempC_DS18B20"": 32.76}"
2025-09-27 23:25:54.136830159+00:00,dds75-lb-09,2,-67,8.75,"{""Bat"": 3.332, ""Distance_mm"": 700, ""Interrupt_flag"": 0, ""Node_type"": ""DDS75-LB"", ""Sensor_flag"": 1, ""TempC_DS18B20"": 32.76}"
2025-09-28 00:25:53.463351620+00:00,dds75-lb-09,2,-65,9.0,"{""Bat"": 3.332, ""Distance_mm"": 700, ""Interrupt_flag"": 0, ""Node_type"": ""DDS75-LB"", ""Sensor_flag"": 1, ""TempC_DS18B20"": 32.76}"
2025-09-28 01:25:52.821365555+00:00,dds75-lb-09,2,-67,9.5,"{""Bat"": 3.332, ""Distance_mm"": 700, ""Interrupt_flag"": 0, ""Node_type"": ""DDS75-LB"", ""Sensor_flag"": 1, ""TempC_DS18B20"": 32.76}"
2025-09-28 02:25:52.168498526+00:00,dds75-lb-09,2,-67,10.5,"{""Bat"": 3.332, ""Distance_mm"": 700, ""Interrupt_flag"": 0, ""Node_type"": ""DDS75-LB"", ""Sensor_flag"": 1, ""TempC_DS18B20"": 32.76}"
2025-09-28 03:25:51.493199385+00:00,dds75-lb-09,2,-63,7.5,"{""Bat"": 3.332, ""Distance_mm"": 700, ""Interrupt_flag"": 0, ""Node_type"": ""DDS75-LB"", ""Sensor_flag"": 1, ""TempC_DS18B20"": 32.76}"
2025-09-28 04:25:50.853017720+00:00,dds75-lb-09,2,-71,6.75,"{""Bat"": 3.332, ""Distance_mm"": 700, ""Interrupt_flag"": 0, ""Node_type"": ""DDS75-LB"", ""Sensor_flag"": 1, ""TempC_DS18B20"": 32.76}"
2025-09-28 05:25:50.192539853+00:00,dds75-lb-09,2,-63,9.5,"{""Bat"": 3.332, ""Distance_mm"": 700, ""Interrupt_flag"": 0, ""Node_type"": ""DDS75-LB"", ""Sensor_flag"": 1, ""TempC_DS18B20"": 32.76}"
2025-09-28 06:25:49.533516957+00:00,dds75-lb-09,2,-65,9.75,"{""Bat"": 3.332, ""Distance_mm"": 700, ""Interrupt_flag"": 0, ""Node_type"": ""DDS75-LB"", ""Sensor_flag"": 1, ""TempC_DS18B20"": 32.76}"
2025-09-28 07:25:48.851579052+00:00,dds75-lb-09,2,-67,10.25,"{""Bat"": 3.332, ""Distance_mm"": 700, ""Interrupt_flag"": 0, ""Node_type"": ""DDS75-LB"", ""Sensor_flag"": 1, ""TempC_DS18B20"": 32.76}"
2025-09-28 08:25:48.211161542+00:00,dds75-lb-09,2,-66,8.25,"{""Bat"": 3.332, ""Distance_mm"": 700, ""Interrupt_flag"": 0, ""Node_type"": ""DDS75-LB"", ""Sensor_flag"": 1, ""TempC_DS18B20"": 32.76}"
2025-09-28 09:25:47.551644479+00:00,dds75-lb-09,2,-65,9.25,"{""Bat"": 3.332, ""Distance_mm"": 700, ""Interrupt_flag"": 0, ""Node_type"": ""DDS75-LB"", ""Sensor_flag"": 1, ""TempC_DS18B20"": 32.76}"
2025-09-28 10:25:46.894377453+00:00,dds75-lb-09,2,-67,9.5,"{""Bat"": 3.332, ""Distance_mm"": 700, ""Interrupt_flag"": 0, ""Node_type"": ""DDS75-LB"", ""Sensor_flag"": 1, ""TempC_DS18B20"": 32.76}"
2025-09-28 11:25:46.217267173+00:00,dds75-lb-09,2,-71,7.25,"{""Bat"": 3.332, ""Distance_mm"": 700, ""Interrupt_flag"": 0, ""Node_type"": ""DDS75-LB"", ""Sensor_flag"": 1, ""TempC_DS18B20"": 32.76}"
2025-09-28 12:25:45.547722462+00:00,dds75-lb-09,2,-65,9.75,"{""Bat"": 3.332, ""Distance_mm"": 700, ""Interrupt_flag"": 0, ""Node_type"": ""DDS75-LB"", ""Sensor_flag"": 1, ""TempC_DS18B20"": 32.76}"
2025-09-28 13:25:44.906918022+00:00,dds75-lb-09,2,-65,10.0,"{""Bat"": 3.332, ""Distance_mm"": 700, ""Interrupt_flag"": 0, ""Node_type"": ""DDS75-LB"", ""Sensor_flag"": 1, ""TempC_DS18B20"": 32.76}"
2025-09-28 14:25:44.252022097+00:00,dds75-lb-09,2,-61,9.75,"{""Bat"": 3.332, ""Distance_mm"": 700, ""Interrupt_flag"": 0, ""Node_type"": ""DDS75-LB"", ""Sensor_flag"": 1, ""TempC_DS18B20"": 32.76}"
2025-09-28 15:25:43.574829252+00:00,dds75-lb-09,2,-67,9.5,"{""Bat"": 3.332, ""Distance_mm"": 700, ""Interrupt_flag"": 0, ""Node_type"": ""DDS75-LB"", ""Sensor_flag"": 1, ""TempC_DS18B20"": 32.76}"
2025-09-28 16:25:42.924041403+00:00,dds75-lb-09,2,-66,8.5,"{""Bat"": 3.332, ""Distance_mm"": 700, ""Interrupt_flag"": 0, ""Node_type"": ""DDS75-LB"", ""Sensor_flag"": 1, ""TempC_DS18B20"": 32.76}"
2025-09-28 17:25:42.268803033+00:00,dds75-lb-09,2,-65,10.25,"{""Bat"": 3.332, ""Distance_mm"": 700, ""Interrupt_flag"": 0, ""Node_type"": ""DDS75-LB"", ""Sensor_flag"": 1, ""TempC_DS18B20"": 32.76}"
2025-09-28 18:25:41.590967384+00:00,dds75-lb-09,2,-67,10.0,"{""Bat"": 3.332, ""Distance_mm"": 700, ""Interrupt_flag"": 0, ""Node_type"": ""DDS75-LB"", ""Sensor_flag"": 1, ""TempC_DS18B20"": 32.76}"
2025-09-28 19:25:40.922912114+00:00,dds75-lb-09,2,-65,10.0,"{""Bat"": 3.332, ""Distance_mm"": 700, ""Interrupt_flag"": 0, ""Node_type"": ""DDS75-LB"", ""Sensor_flag"": 1, ""TempC_DS18B20"": 32.76}"
2025-09-28 20:25:40.273477319+00:00,dds75-lb-09,2,-63,8.0,"{""Bat"": 3.332, ""Distance_mm"": 700, ""Interrupt_flag"": 0, ""Node_type"": ""DDS75-LB"", ""Sensor_flag"": 1, ""TempC_DS18B20"": 32.76}"
2025-09-28 21:25:39.631975405+00:00,dds75-lb-09,2,-62,9.0,"{""Bat"": 3.332, ""Distance_mm"": 700, ""Interrupt_flag"": 0, ""Node_type"": ""DDS75-LB"", ""Sensor_flag"": 1, ""TempC_DS18B20"": 32.76}"
2025-09-28 22:25:38.956342911+00:00,dds75-lb-09,2,-67,10.0,"{""Bat"": 3.332, ""Distance_mm"": 700, ""Interrupt_flag"": 0, ""Node_type"": ""DDS75-LB"", ""Sensor_flag"": 1, ""TempC_DS18B20"": 32.76}"
2025-09-28 23:25:38.284348454+00:00,dds75-lb-09,2,-67,7.75,"{""Bat"": 3.332, ""Distance_mm"": 700, ""Interrupt_flag"": 0, ""Node_type"": ""DDS75-LB"", ""Sensor_flag"": 1, ""TempC_DS18B20"": 32.76}"
2025-09-29 00:25:37.622428427+00:00,dds75-lb-09,2,-127,-10.75,"{""Bat"": 3.332, ""Distance_mm"": 700, ""Interrupt_flag"": 0, ""Node_type"": ""DDS75-LB"", ""Sensor_flag"": 1, ""TempC_DS18B20"": 32.76}"
2025-09-29 01:25:36.974328338+00:00,dds75-lb-09,2,-63,9.75,"{""Bat"": 3.332, ""Distance_mm"": 699, ""Interrupt_flag"": 0, ""Node_type"": ""DDS75-LB"", ""Sensor_flag"": 1, ""TempC_DS18B20"": 32.76}"
2025-09-29 02:25:36.319203555+00:00,dds75-lb-09,2,-68,7.25,"{""Bat"": 3.332, ""Distance_mm"": 700, ""Interrupt_flag"": 0, ""Node_type"": ""DDS75-LB"", ""Sensor_flag"": 1, ""TempC_DS18B20"": 32.76}"
2025-09-29 03:25:35.656005787+00:00,dds75-lb-09,2,-122,-6.0,"{""Bat"": 3.332, ""Distance_mm"": 700, ""Interrupt_flag"": 0, ""Node_type"": ""DDS75-LB"", ""Sensor_flag"": 1, ""TempC_DS18B20"": 32.76}"
2025-09-29 04:25:34.996787736+00:00,dds75-lb-09,2,-64,7.75,"{""Bat"": 3.332, ""Distance_mm"": 700, ""Interrupt_flag"": 0, ""Node_type"": ""DDS75-LB"", ""Sensor_flag"": 1, ""TempC_DS18B20"": 32.76}"
2025-09-29 05:25:34.328945922+00:00,dds75-lb-09,2,-65,10.25,"{""Bat"": 3.332, ""Distance_mm"": 700, ""Interrupt_flag"": 0, ""Node_type"": ""DDS75-LB"", ""Sensor_flag"": 1, ""TempC_DS18B20"": 32.76}"
2025-09-29 06:25:33.663689872+00:00,dds75-lb-09,2,-67,9.75,"{""Bat"": 3.332, ""Distance_mm"": 700, ""Interrupt_flag"": 0, ""Node_type"": ""DDS75-LB"", ""Sensor_flag"": 1, ""TempC_DS18B20"": 32.76}"
2025-09-29 07:25:33.006750741+00:00,dds75-lb-09,2,-67,9.75,"{""Bat"": 3.332, ""Distance_mm"": 700, ""Interrupt_flag"": 0, ""Node_type"": ""DDS75-LB"", ""Sensor_flag"": 1, ""TempC_DS18B20"": 32.76}"
2025-09-29 08:25:32.347909104+00:00,dds75-lb-09,2,-65,10.25,"{""Bat"": 3.332, ""Distance_mm"": 700, ""Interrupt_flag"": 0, ""Node_type"": ""DDS75-LB"", ""Sensor_flag"": 1, ""TempC_DS18B20"": 32.76}"
2025-09-29 09:25:31.678426304+00:00,dds75-lb-09,2,-65,10.0,"{""Bat"": 3.332, ""Distance_mm"": 700, ""Interrupt_flag"": 0, ""Node_type"": ""DDS75-LB"", ""Sensor_flag"": 1, ""TempC_DS18B20"": 32.76}"
2025-09-29 10:25:31.041192484+00:00,dds75-lb-09,2,-65,9.25,"{""Bat"": 3.332, ""Distance_mm"": 700, ""Interrupt_flag"": 0, ""Node_type"": ""DDS75-LB"", ""Sensor_flag"": 1, ""TempC_DS18B20"": 32.76}"
2025-09-29 11:25:30.365254407+00:00,dds75-lb-09,2,-63,9.75,"{""Bat"": 3.332, ""Distance_mm"": 700, ""Interrupt_flag"": 0, ""Node_type"": ""DDS75-LB"", ""Sensor_flag"": 1, ""TempC_DS18B20"": 32.76}"
2025-09-29 12:25:29.713177943+00:00,dds75-lb-09,2,-63,9.0,"{""Bat"": 3.332, ""Distance_mm"": 700, ""Interrupt_flag"": 0, ""Node_type"": ""DDS75-LB"", ""Sensor_flag"": 1, ""TempC_DS18B20"": 32.76}"
2025-09-29 13:25:29.040083732+00:00,dds75-lb-09,2,-63,10.0,"{""Bat"": 3.332, ""Distance_mm"": 700, ""Interrupt_flag"": 0, ""Node_type"": ""DDS75-LB"", ""Sensor_flag"": 1, ""TempC_DS18B20"": 32.76}"
2025-09-29 14:25:28.374205442+00:00,dds75-lb-09,2,-66,9.75,"{""Bat"": 3.332, ""Distance_mm"": 701, ""Interrupt_flag"": 0, ""Node_type"": ""DDS75-LB"", ""Sensor_flag"": 1, ""TempC_DS18B20"": 32.76}"
2025-09-29 15:25:27.729596296+00:00,dds75-lb-09,2,-67,9.5,"{""Bat"": 3.332, ""Distance_mm"": 700, ""Interrupt_flag"": 0, ""Node_type"": ""DDS75-LB"", ""Sensor_flag"": 1, ""TempC_DS18B20"": 32.76}"
2025-09-29 16:25:27.053928733+00:00,dds75-lb-09,2,-65,9.25,"{""Bat"": 3.332, ""Distance_mm"": 700, ""Interrupt_flag"": 0, ""Node_type"": ""DDS75-LB"", ""Sensor_flag"": 1, ""TempC_DS18B20"": 32.76}"
2025-09-29 17:25:26.406360357+00:00,dds75-lb-09,2,-67,9.75,"{""Bat"": 3.332, ""Distance_mm"": 700, ""Interrupt_flag"": 0, ""Node_type"": ""DDS75-LB"", ""Sensor_flag"": 1, ""TempC_DS18B20"": 32.76}"
2025-09-29 18:25:25.745352340+00:00,dds75-lb-09,2,-65,10.5,"{""Bat"": 3.332, ""Distance_mm"": 700, ""Interrupt_flag"": 0, ""Node_type"": ""DDS75-LB"", ""Sensor_flag"": 1, ""TempC_DS18B20"": 32.76}"
2025-09-29 19:25:25.104118601+00:00,dds75-lb-09,2,-69,6.75,"{""Bat"": 3.332, ""Distance_mm"": 700, ""Interrupt_flag"": 0, ""Node_type"": ""DDS75-LB"", ""Sensor_flag"": 1, ""TempC_DS18B20"": 32.76}"
2025-09-29 20:25:24.399609521+00:00,dds75-lb-09,2,-63,9.0,"{""Bat"": 3.332, ""Distance_mm"": 700, ""Interrupt_flag"": 0, ""Node_type"": ""DDS75-LB"", ""Sensor_flag"": 1, ""TempC_DS18B20"": 32.76}"
2025-09-29 21:25:23.730662189+00:00,dds75-lb-09,2,-63,9.25,"{""Bat"": 3.332, ""Distance_mm"": 700, ""Interrupt_flag"": 0, ""Node_type"": ""DDS75-LB"", ""Sensor_flag"": 1, ""TempC_DS18B20"": 32.76}"
2025-09-29 22:25:23.083822344+00:00,dds75-lb-09,2,-62,9.25,"{""Bat"": 3.332, ""Distance_mm"": 700, ""Interrupt_flag"": 0, ""Node_type"": ""DDS75-LB"", ""Sensor_flag"": 1, ""TempC_DS18B20"": 32.76}"
2025-09-29 23:25:22.430542789+00:00,dds75-lb-09,2,-124,-8.0,"{""Bat"": 3.332, ""Distance_mm"": 700, ""Interrupt_flag"": 0, ""Node_type"": ""DDS75-LB"", ""Sensor_flag"": 1, ""TempC_DS18B20"": 32.76}"
2025-09-30 00:25:21.762414834+00:00,dds75-lb-09,2,-67,9.5,"{""Bat"": 3.332, ""Distance_mm"": 700, ""Interrupt_flag"": 0, ""Node_type"": ""DDS75-LB"", ""Sensor_flag"": 1, ""TempC_DS18B20"": 32.76}"
2025-09-30 01:25:21.102337918+00:00,dds75-lb-09,2,-65,10.5,"{""Bat"": 3.332, ""Distance_mm"": 700, ""Interrupt_flag"": 0, ""Node_type"": ""DDS75-LB"", ""Sensor_flag"": 1, ""TempC_DS18B20"": 32.76}"
2025-09-30 02:25:20.443270433+00:00,dds75-lb-09,2,-69,7.5,"{""Bat"": 3.332, ""Distance_mm"": 700, ""Interrupt_flag"": 0, ""Node_type"": ""DDS75-LB"", ""Sensor_flag"": 1, ""TempC_DS18B20"": 32.76}"
2025-09-30 03:25:19.770330706+00:00,dds75-lb-09,2,-67,7.75,"{""Bat"": 3.332, ""Distance_mm"": 700, ""Interrupt_flag"": 0, ""Node_type"": ""DDS75-LB"", ""Sensor_flag"": 1, ""TempC_DS18B20"": 32.76}"
2025-09-30 04:25:19.123718546+00:00,dds75-lb-09,2,-63,9.0,"{""Bat"": 3.332, ""Distance_mm"": 700, ""Interrupt_flag"": 0, ""Node_type"": ""DDS75-LB"", ""Sensor_flag"": 1, ""TempC_DS18B20"": 32.76}"
2025-09-30 05:25:18.445632823+00:00,dds75-lb-09,2,-67,9.25,"{""Bat"": 3.332, ""Distance_mm"": 700, ""Interrupt_flag"": 0, ""Node_type"": ""DDS75-LB"", ""Sensor_flag"": 1, ""TempC_DS18B20"": 32.76}"
2025-09-30 06:25:17.793824766+00:00,dds75-lb-09,2,-67,9.0,"{""Bat"": 3.332, ""Distance_mm"": 700, ""Interrupt_flag"": 0, ""Node_type"": ""DDS75-LB"", ""Sensor_flag"": 1, ""TempC_DS18B20"": 32.76}"
2025-09-30 07:25:17.123886832+00:00,dds75-lb-09,2,-62,9.25,"{""Bat"": 3.332, ""Distance_mm"": 700, ""Interrupt_flag"": 0, ""Node_type"": ""DDS75-LB"", ""Sensor_flag"": 1, ""TempC_DS18B20"": 32.76}"
2025-09-30 08:25:16.463933995+00:00,dds75-lb-09,2,-65,9.5,"{""Bat"": 3.332, ""Distance_mm"": 700, ""Interrupt_flag"": 0, ""Node_type"": ""DDS75-LB"", ""Sensor_flag"": 1, ""TempC_DS18B20"": 32.76}"
2025-09-30 09:25:15.816461608+00:00,dds75-lb-09,2,-63,11.5,"{""Bat"": 3.332, ""Distance_mm"": 700, ""Interrupt_flag"": 0, ""Node_type"": ""DDS75-LB"", ""Sensor_flag"": 1, ""TempC_DS18B20"": 32.76}"
2025-09-30 10:25:15.143794439+00:00,dds75-lb-09,2,-63,10.0,"{""Bat"": 3.332, ""Distance_mm"": 700, ""Interrupt_flag"": 0, ""Node_type"": ""DDS75-LB"", ""Sensor_flag"": 1, ""TempC_DS18B20"": 32.76}"
2025-09-30 11:25:14.463895911+00:00,dds75-lb-09,2,-67,8.0,"{""Bat"": 3.332, ""Distance_mm"": 701, ""Interrupt_flag"": 0, ""Node_type"": ""DDS75-LB"", ""Sensor_flag"": 1, ""TempC_DS18B20"": 32.76}"
2025-09-30 12:25:13.810898099+00:00,dds75-lb-09,2,-61,9.75,"{""Bat"": 3.332, ""Distance_mm"": 701, ""Interrupt_flag"": 0, ""Node_type"": ""DDS75-LB"", ""Sensor_flag"": 1, ""TempC_DS18B20"": 32.76}"
2025-09-30 13:25:13.149713388+00:00,dds75-lb-09,2,-62,9.75,"{""Bat"": 3.332, ""Distance_mm"": 700, ""Interrupt_flag"": 0, ""Node_type"": ""DDS75-LB"", ""Sensor_flag"": 1, ""TempC_DS18B20"": 32.76}"
2025-09-30 14:25:12.495592847+00:00,dds75-lb-09,2,-59,8.5,"{""Bat"": 3.332, ""Distance_mm"": 700, ""Interrupt_flag"": 0, ""Node_type"": ""DDS75-LB"", ""Sensor_flag"": 1, ""TempC_DS18B20"": 32.76}"
2025-09-30 15:25:11.816811224+00:00,dds75-lb-09,2,-59,9.75,"{""Bat"": 3.332, ""Distance_mm"": 700, ""Interrupt_flag"": 0, ""Node_type"": ""DDS75-LB"", ""Sensor_flag"": 1, ""TempC_DS18B20"": 32.76}"
2025-09-30 16:25:11.170279234+00:00,dds75-lb-09,2,-62,9.25,"{""Bat"": 3.332, ""Distance_mm"": 700, ""Interrupt_flag"": 0, ""Node_type"": ""DDS75-LB"", ""Sensor_flag"": 1, ""TempC_DS18B20"": 32.76}"
2025-09-30 17:25:10.511338755+00:00,dds75-lb-09,2,-61,9.25,"{""Bat"": 3.332, ""Distance_mm"": 700, ""Interrupt_flag"": 0, ""Node_type"": ""DDS75-LB"", ""Sensor_flag"": 1, ""TempC_DS18B20"": 32.76}"
2025-09-30 18:25:09.831243799+00:00,dds75-lb-09,2,-59,7.75,"{""Bat"": 3.332, ""Distance_mm"": 700, ""Interrupt_flag"": 0, ""Node_type"": ""DDS75-LB"", ""Sensor_flag"": 1, ""TempC_DS18B20"": 32.76}"
2025-09-30 19:25:09.164716062+00:00,dds75-lb-09,2,-60,10.0,"{""Bat"": 3.332, ""Distance_mm"": 700, ""Interrupt_flag"": 0, ""Node_type"": ""DDS75-LB"", ""Sensor_flag"": 1, ""TempC_DS18B20"": 32.76}"
2025-09-30 20:25:08.516608179+00:00,dds75-lb-09,2,-61,9.0,"{""Bat"": 3.332, ""Distance_mm"": 700, ""Interrupt_flag"": 0, ""Node_type"": ""DDS75-LB"", ""Sensor_flag"": 1, ""TempC_DS18B20"": 32.76}"
2025-09-30 21:25:07.845775026+00:00,dds75-lb-09,2,-60,9.5,"{""Bat"": 3.332, ""Distance_mm"": 700, ""Interrupt_flag"": 0, ""Node_type"": ""DDS75-LB"", ""Sensor_flag"": 1, ""TempC_DS18B20"": 32.76}"
2025-09-30 22:25:07.181970537+00:00,dds75-lb-09,2,-61,6.5,"{""Bat"": 3.332, ""Distance_mm"": 700, ""Interrupt_flag"": 0, ""Node_type"": ""DDS75-LB"", ""Sensor_flag"": 1, ""TempC_DS18B20"": 32.76}"
2025-09-30 23:25:06.531156484+00:00,dds75-lb-09,2,-59,9.5,"{""Bat"": 3.332, ""Distance_mm"": 700, ""Interrupt_flag"": 0, ""Node_type"": ""DDS75-LB"", ""Sensor_flag"": 1, ""TempC_DS18B20"": 32.76}"
2025-10-01 00:25:05.860987739+00:00,dds75-lb-09,2,-59,8.0,"{""Bat"": 3.332, ""Distance_mm"": 700, ""Interrupt_flag"": 0, ""Node_type"": ""DDS75-LB"", ""Sensor_flag"": 1, ""TempC_DS18B20"": 32.76}"
2025-10-01 01:25:05.205845426+00:00,dds75-lb-09,2,-58,8.0,"{""Bat"": 3.332, ""Distance_mm"": 700, ""Interrupt_flag"": 0, ""Node_type"": ""DDS75-LB"", ""Sensor_flag"": 1, ""TempC_DS18B20"": 32.76}"
2025-10-01 02:25:04.545079939+00:00,dds75-lb-09,2,-60,9.0,"{""Bat"": 3.332, ""Distance_mm"": 700, ""Interrupt_flag"": 0, ""Node_type"": ""DDS75-LB"", ""Sensor_flag"": 1, ""TempC_DS18B20"": 32.76}"
2025-10-01 03:25:03.873974635+00:00,dds75-lb-09,2,-59,9.5,"{""Bat"": 3.332, ""Distance_mm"": 700, ""Interrupt_flag"": 0, ""Node_type"": ""DDS75-LB"", ""Sensor_flag"": 1, ""TempC_DS18B20"": 32.76}"
2025-10-01 04:25:03.207761864+00:00,dds75-lb-09,2,-61,9.0,"{""Bat"": 3.332, ""Distance_mm"": 700, ""Interrupt_flag"": 0, ""Node_type"": ""DDS75-LB"", ""Sensor_flag"": 1, ""TempC_DS18B20"": 32.76}"
2025-10-01 05:25:02.546112915+00:00,dds75-lb-09,2,-68,7.25,"{""Bat"": 3.332, ""Distance_mm"": 700, ""Interrupt_flag"": 0, ""Node_type"": ""DDS75-LB"", ""Sensor_flag"": 1, ""TempC_DS18B20"": 32.76}"
2025-10-01 06:25:01.911133381+00:00,dds75-lb-09,2,-62,8.75,"{""Bat"": 3.332, ""Distance_mm"": 699, ""Interrupt_flag"": 0, ""Node_type"": ""DDS75-LB"", ""Sensor_flag"": 1, ""TempC_DS18B20"": 32.76}"
2025-10-01 07:25:01.231305336+00:00,dds75-lb-09,2,-61,8.75,"{""Bat"": 3.332, ""Distance_mm"": 699, ""Interrupt_flag"": 0, ""Node_type"": ""DDS75-LB"", ""Sensor_flag"": 1, ""TempC_DS18B20"": 32.76}"
2025-10-01 08:25:00.587971507+00:00,dds75-lb-09,2,-67,6.75,"{""Bat"": 3.332, ""Distance_mm"": 700, ""Interrupt_flag"": 0, ""Node_type"": ""DDS75-LB"", ""Sensor_flag"": 1, ""TempC_DS18B20"": 32.76}"
2025-10-01 09:24:59.913877613+00:00,dds75-lb-09,2,-65,9.25,"{""Bat"": 3.332, ""Distance_mm"": 700, ""Interrupt_flag"": 0, ""Node_type"": ""DDS75-LB"", ""Sensor_flag"": 1, ""TempC_DS18B20"": 32.76}"
2025-10-01 10:24:59.250170945+00:00,dds75-lb-09,2,-67,9.25,"{""Bat"": 3.332, ""Distance_mm"": 700, ""Interrupt_flag"": 0, ""Node_type"": ""DDS75-LB"", ""Sensor_flag"": 1, ""TempC_DS18B20"": 32.76}"
2025-10-01 11:24:58.600012503+00:00,dds75-lb-09,2,-66,11.25,"{""Bat"": 3.332, ""Distance_mm"": 700, ""Interrupt_flag"": 0, ""Node_type"": ""DDS75-LB"", ""Sensor_flag"": 1, ""TempC_DS18B20"": 32.76}"
2025-10-01 12:24:57.936235097+00:00,dds75-lb-09,2,-67,9.75,"{""Bat"": 3.332, ""Distance_mm"": 700, ""Interrupt_flag"": 0, ""Node_type"": ""DDS75-LB"", ""Sensor_flag"": 1, ""TempC_DS18B20"": 32.76}"
2025-10-01 13:24:57.280215520+00:00,dds75-lb-09,2,-66,7.75,"{""Bat"": 3.332, ""Distance_mm"": 700, ""Interrupt_flag"": 0, ""Node_type"": ""DDS75-LB"", ""Sensor_flag"": 1, ""TempC_DS18B20"": 32.76}"
2025-10-01 14:24:56.607486458+00:00,dds75-lb-09,2,-65,9.25,"{""Bat"": 3.332, ""Distance_mm"": 700, ""Interrupt_flag"": 0, ""Node_type"": ""DDS75-LB"", ""Sensor_flag"": 1, ""TempC_DS18B20"": 32.76}"
2025-10-01 15:24:55.934335158+00:00,dds75-lb-09,2,-69,9.75,"{""Bat"": 3.332, ""Distance_mm"": 700, ""Interrupt_flag"": 0, ""Node_type"": ""DDS75-LB"", ""Sensor_flag"": 1, ""TempC_DS18B20"": 32.76}"
2025-10-01 16:24:55.306170952+00:00,dds75-lb-09,2,-67,7.5,"{""Bat"": 3.332, ""Distance_mm"": 700, ""Interrupt_flag"": 0, ""Node_type"": ""DDS75-LB"", ""Sensor_flag"": 1, ""TempC_DS18B20"": 32.76}"
2025-10-01 17:24:54.636847665+00:00,dds75-lb-09,2,-65,7.75,"{""Bat"": 3.332, ""Distance_mm"": 700, ""Interrupt_flag"": 0, ""Node_type"": ""DDS75-LB"", ""Sensor_flag"": 1, ""TempC_DS18B20"": 32.76}"
2025-10-01 18:24:53.973861543+00:00,dds75-lb-09,2,-68,9.5,"{""Bat"": 3.332, ""Distance_mm"": 700, ""Interrupt_flag"": 0, ""Node_type"": ""DDS75-LB"", ""Sensor_flag"": 1, ""TempC_DS18B20"": 32.76}"
2025-10-01 19:24:53.306930304+00:00,dds75-lb-09,2,-68,8.5,"{""Bat"": 3.332, ""Distance_mm"": 700, ""Interrupt_flag"": 0, ""Node_type"": ""DDS75-LB"", ""Sensor_flag"": 1, ""TempC_DS18B20"": 32.76}"
2025-10-01 20:24:52.644531409+00:00,dds75-lb-09,2,-67,9.25,"{""Bat"": 3.332, ""Distance_mm"": 700, ""Interrupt_flag"": 0, ""Node_type"": ""DDS75-LB"", ""Sensor_flag"": 1, ""TempC_DS18B20"": 32.76}"
2025-10-01 21:24:51.988131140+00:00,dds75-lb-09,2,-69,9.25,"{""Bat"": 3.332, ""Distance_mm"": 699, ""Interrupt_flag"": 0, ""Node_type"": ""DDS75-LB"", ""Sensor_flag"": 1, ""TempC_DS18B20"": 32.76}"
2025-10-01 22:24:51.313058436+00:00,dds75-lb-09,2,-67,9.25,"{""Bat"": 3.332, ""Distance_mm"": 700, ""Interrupt_flag"": 0, ""Node_type"": ""DDS75-LB"", ""Sensor_flag"": 1, ""TempC_DS18B20"": 32.76}"
2025-10-01 23:24:50.675807132+00:00,dds75-lb-09,2,-69,9.5,"{""Bat"": 3.332, ""Distance_mm"": 700, ""Interrupt_flag"": 0, ""Node_type"": ""DDS75-LB"", ""Sensor_flag"": 1, ""TempC_DS18B20"": 32.76}"
2025-10-02 00:24:50.020269326+00:00,dds75-lb-09,2,-66,9.5,"{""Bat"": 3.332, ""Distance_mm"": 699, ""Interrupt_flag"": 0, ""Node_type"": ""DDS75-LB"", ""Sensor_flag"": 1, ""TempC_DS18B20"": 32.76}"
2025-10-02 01:24:49.349832168+00:00,dds75-lb-09,2,-67,6.75,"{""Bat"": 3.332, ""Distance_mm"": 700, ""Interrupt_flag"": 0, ""Node_type"": ""DDS75-LB"", ""Sensor_flag"": 1, ""TempC_DS18B20"": 32.76}"
2025-10-02 02:24:48.678645078+00:00,dds75-lb-09,2,-69,10.5,"{""Bat"": 3.332, ""Distance_mm"": 700, ""Interrupt_flag"": 0, ""Node_type"": ""DDS75-LB"", ""Sensor_flag"": 1, ""TempC_DS18B20"": 32.76}"
2025-10-02 03:24:48.026367633+00:00,dds75-lb-09,2,-71,10.0,"{""Bat"": 3.332, ""Distance_mm"": 700, ""Interrupt_flag"": 0, ""Node_type"": ""DDS75-LB"", ""Sensor_flag"": 1, ""TempC_DS18B20"": 32.76}"
2025-10-02 04:24:47.382462736+00:00,dds75-lb-09,2,-124,-8.5,"{""Bat"": 3.332, ""Distance_mm"": 700, ""Interrupt_flag"": 0, ""Node_type"": ""DDS75-LB"", ""Sensor_flag"": 1, ""TempC_DS18B20"": 32.76}"
2025-10-02 05:24:46.713288277+00:00,dds75-lb-09,2,-73,8.5,"{""Bat"": 3.332, ""Distance_mm"": 699, ""Interrupt_flag"": 0, ""Node_type"": ""DDS75-LB"", ""Sensor_flag"": 1, ""TempC_DS18B20"": 32.76}"
2025-10-02 06:24:46.046441859+00:00,dds75-lb-09,2,-71,9.0,"{""Bat"": 3.332, ""Distance_mm"": 700, ""Interrupt_flag"": 0, ""Node_type"": ""DDS75-LB"", ""Sensor_flag"": 1, ""TempC_DS18B20"": 32.76}"
2025-10-02 07:24:45.408708452+00:00,dds75-lb-09,2,-71,7.5,"{""Bat"": 3.332, ""Distance_mm"": 700, ""Interrupt_flag"": 0, ""Node_type"": ""DDS75-LB"", ""Sensor_flag"": 1, ""TempC_DS18B20"": 32.76}"
2025-10-02 08:24:44.739891709+00:00,dds75-lb-09,2,-69,9.25,"{""Bat"": 3.332, ""Distance_mm"": 700, ""Interrupt_flag"": 0, ""Node_type"": ""DDS75-LB"", ""Sensor_flag"": 1, ""TempC_DS18B20"": 32.76}"
2025-10-02 09:24:44.085596141+00:00,dds75-lb-09,2,-75,6.75,"{""Bat"": 3.332, ""Distance_mm"": 700, ""Interrupt_flag"": 0, ""Node_type"": ""DDS75-LB"", ""Sensor_flag"": 1, ""TempC_DS18B20"": 32.76}"
2025-10-02 10:24:43.413618619+00:00,dds75-lb-09,2,-63,8.5,"{""Bat"": 3.332, ""Distance_mm"": 700, ""Interrupt_flag"": 0, ""Node_type"": ""DDS75-LB"", ""Sensor_flag"": 1, ""TempC_DS18B20"": 32.76}"
2025-10-02 11:24:42.769529415+00:00,dds75-lb-09,2,-69,9.75,"{""Bat"": 3.332, ""Distance_mm"": 700, ""Interrupt_flag"": 0, ""Node_type"": ""DDS75-LB"", ""Sensor_flag"": 1, ""TempC_DS18B20"": 32.76}"
2025-10-02 12:24:42.109100668+00:00,dds75-lb-09,2,-68,9.0,"{""Bat"": 3.332, ""Distance_mm"": 700, ""Interrupt_flag"": 0, ""Node_type"": ""DDS75-LB"", ""Sensor_flag"": 1, ""TempC_DS18B20"": 32.76}"
2025-10-02 13:24:41.458156582+00:00,dds75-lb-09,2,-66,8.5,"{""Bat"": 3.332, ""Distance_mm"": 700, ""Interrupt_flag"": 0, ""Node_type"": ""DDS75-LB"", ""Sensor_flag"": 1, ""TempC_DS18B20"": 32.76}"
2025-10-02 14:24:40.771684942+00:00,dds75-lb-09,2,-69,10.5,"{""Bat"": 3.332, ""Distance_mm"": 700, ""Interrupt_flag"": 0, ""Node_type"": ""DDS75-LB"", ""Sensor_flag"": 1, ""TempC_DS18B20"": 32.76}"
2025-10-02 15:24:40.117023681+00:00,dds75-lb-09,2,-66,7.25,"{""Bat"": 3.332, ""Distance_mm"": 700, ""Interrupt_flag"": 0, ""Node_type"": ""DDS75-LB"", ""Sensor_flag"": 1, ""TempC_DS18B20"": 32.76}"
2025-10-02 16:24:39.490812693+00:00,dds75-lb-09,2,-68,8.75,"{""Bat"": 3.332, ""Distance_mm"": 700, ""Interrupt_flag"": 0, ""Node_type"": ""DDS75-LB"", ""Sensor_flag"": 1, ""TempC_DS18B20"": 32.76}"
2025-10-02 17:24:38.829469273+00:00,dds75-lb-09,2,-69,9.0,"{""Bat"": 3.332, ""Distance_mm"": 700, ""Interrupt_flag"": 0, ""Node_type"": ""DDS75-LB"", ""Sensor_flag"": 1, ""TempC_DS18B20"": 32.76}"
2025-10-02 18:24:38.152419341+00:00,dds75-lb-09,2,-69,10.5,"{""Bat"": 3.332, ""Distance_mm"": 700, ""Interrupt_flag"": 0, ""Node_type"": ""DDS75-LB"", ""Sensor_flag"": 1, ""TempC_DS18B20"": 32.76}"
2025-10-02 19:24:37.513562538+00:00,dds75-lb-09,2,-73,9.75,"{""Bat"": 3.332, ""Distance_mm"": 700, ""Interrupt_flag"": 0, ""Node_type"": ""DDS75-LB"", ""Sensor_flag"": 1, ""TempC_DS18B20"": 32.76}"
2025-10-02 20:24:36.842014571+00:00,dds75-lb-09,2,-71,10.25,"{""Bat"": 3.332, ""Distance_mm"": 700, ""Interrupt_flag"": 0, ""Node_type"": ""DDS75-LB"", ""Sensor_flag"": 1, ""TempC_DS18B20"": 32.76}"
2025-10-02 21:24:36.177066781+00:00,dds75-lb-09,2,-69,10.0,"{""Bat"": 3.332, ""Distance_mm"": 700, ""Interrupt_flag"": 0, ""Node_type"": ""DDS75-LB"", ""Sensor_flag"": 1, ""TempC_DS18B20"": 32.76}"
2025-10-02 22:24:35.512085011+00:00,dds75-lb-09,2,-72,10.5,"{""Bat"": 3.332, ""Distance_mm"": 700, ""Interrupt_flag"": 0, ""Node_type"": ""DDS75-LB"", ""Sensor_flag"": 1, ""TempC_DS18B20"": 32.76}"
2025-10-02 23:24:34.860430276+00:00,dds75-lb-09,2,-67,8.75,"{""Bat"": 3.332, ""Distance_mm"": 700, ""Interrupt_flag"": 0, ""Node_type"": ""DDS75-LB"", ""Sensor_flag"": 1, ""TempC_DS18B20"": 32.76}"
2025-10-03 00:24:34.202372520+00:00,dds75-lb-09,2,-123,-7.75,"{""Bat"": 3.332, ""Distance_mm"": 699, ""Interrupt_flag"": 0, ""Node_type"": ""DDS75-LB"", ""Sensor_flag"": 1, ""TempC_DS18B20"": 32.76}"
2025-10-03 01:24:33.543670175+00:00,dds75-lb-09,2,-71,8.25,"{""Bat"": 3.332, ""Distance_mm"": 700, ""Interrupt_flag"": 0, ""Node_type"": ""DDS75-LB"", ""Sensor_flag"": 1, ""TempC_DS18B20"": 32.76}"
2025-10-03 02:24:32.884093951+00:00,dds75-lb-09,2,-71,8.75,"{""Bat"": 3.332, ""Distance_mm"": 700, ""Interrupt_flag"": 0, ""Node_type"": ""DDS75-LB"", ""Sensor_flag"": 1, ""TempC_DS18B20"": 32.76}"
2025-10-03 03:24:32.238155213+00:00,dds75-lb-09,2,-74,9.0,"{""Bat"": 3.332, ""Distance_mm"": 700, ""Interrupt_flag"": 0, ""Node_type"": ""DDS75-LB"", ""Sensor_flag"": 1, ""TempC_DS18B20"": 32.76}"
2025-10-03 04:24:31.594069636+00:00,dds75-lb-09,2,-75,9.25,"{""Bat"": 3.332, ""Distance_mm"": 699, ""Interrupt_flag"": 0, ""Node_type"": ""DDS75-LB"", ""Sensor_flag"": 1, ""TempC_DS18B20"": 32.76}"
2025-10-03 05:24:30.919569416+00:00,dds75-lb-09,2,-77,9.25,"{""Bat"": 3.332, ""Distance_mm"": 700, ""Interrupt_flag"": 0, ""Node_type"": ""DDS75-LB"", ""Sensor_flag"": 1, ""TempC_DS18B20"": 32.76}"
2025-10-03 06:24:30.288557380+00:00,dds75-lb-09,2,-72,9.0,"{""Bat"": 3.332, ""Distance_mm"": 700, ""Interrupt_flag"": 0, ""Node_type"": ""DDS75-LB"", ""Sensor_flag"": 1, ""TempC_DS18B20"": 32.76}"
2025-10-03 07:24:29.617858907+00:00,dds75-lb-09,2,-75,9.5,"{""Bat"": 3.332, ""Distance_mm"": 700, ""Interrupt_flag"": 0, ""Node_type"": ""DDS75-LB"", ""Sensor_flag"": 1, ""TempC_DS18B20"": 32.76}"
2025-10-03 08:24:29.025674383+00:00,dds75-lb-09,2,-74,8.0,"{""Bat"": 3.332, ""Distance_mm"": 699, ""Interrupt_flag"": 0, ""Node_type"": ""DDS75-LB"", ""Sensor_flag"": 1, ""TempC_DS18B20"": 32.76}"
2025-10-03 09:24:28.304353783+00:00,dds75-lb-09,2,-75,9.5,"{""Bat"": 3.332, ""Distance_mm"": 700, ""Interrupt_flag"": 0, ""Node_type"": ""DDS75-LB"", ""Sensor_flag"": 1, ""TempC_DS18B20"": 32.76}"
2025-10-03 10:24:27.633698890+00:00,dds75-lb-09,2,-72,9.0,"{""Bat"": 3.332, ""Distance_mm"": 700, ""Interrupt_flag"": 0, ""Node_type"": ""DDS75-LB"", ""Sensor_flag"": 1, ""TempC_DS18B20"": 32.76}"
2025-10-03 11:24:26.981567230+00:00,dds75-lb-09,2,-71,10.25,"{""Bat"": 3.332, ""Distance_mm"": 700, ""Interrupt_flag"": 0, ""Node_type"": ""DDS75-LB"", ""Sensor_flag"": 1, ""TempC_DS18B20"": 32.76}"
2025-10-03 12:24:26.337842348+00:00,dds75-lb-09,2,-71,9.0,"{""Bat"": 3.332, ""Distance_mm"": 700, ""Interrupt_flag"": 0, ""Node_type"": ""DDS75-LB"", ""Sensor_flag"": 1, ""TempC_DS18B20"": 32.76}"
2025-10-03 13:24:25.681697246+00:00,dds75-lb-09,2,-74,10.25,"{""Bat"": 3.332, ""Distance_mm"": 700, ""Interrupt_flag"": 0, ""Node_type"": ""DDS75-LB"", ""Sensor_flag"": 1, ""TempC_DS18B20"": 32.76}"
2025-10-03 14:24:25.022644165+00:00,dds75-lb-09,2,-69,9.25,"{""Bat"": 3.332, ""Distance_mm"": 700, ""Interrupt_flag"": 0, ""Node_type"": ""DDS75-LB"", ""Sensor_flag"": 1, ""TempC_DS18B20"": 32.76}"
2025-10-03 15:24:24.442366060+00:00,dds75-lb-09,2,-69,8.75,"{""Bat"": 3.332, ""Distance_mm"": 700, ""Interrupt_flag"": 0, ""Node_type"": ""DDS75-LB"", ""Sensor_flag"": 1, ""TempC_DS18B20"": 32.76}"
2025-10-03 16:24:23.717853230+00:00,dds75-lb-09,2,-67,8.75,"{""Bat"": 3.332, ""Distance_mm"": 700, ""Interrupt_flag"": 0, ""Node_type"": ""DDS75-LB"", ""Sensor_flag"": 1, ""TempC_DS18B20"": 32.76}"
2025-10-03 17:24:23.063116009+00:00,dds75-lb-09,2,-69,9.75,"{""Bat"": 3.332, ""Distance_mm"": 700, ""Interrupt_flag"": 0, ""Node_type"": ""DDS75-LB"", ""Sensor_flag"": 1, ""TempC_DS18B20"": 32.76}"
2025-10-03 18:24:22.399626387+00:00,dds75-lb-09,2,-71,9.75,"{""Bat"": 3.332, ""Distance_mm"": 700, ""Interrupt_flag"": 0, ""Node_type"": ""DDS75-LB"", ""Sensor_flag"": 1, ""TempC_DS18B20"": 32.76}"
2025-10-03 19:24:21.747243543+00:00,dds75-lb-09,2,-71,9.5,"{""Bat"": 3.332, ""Distance_mm"": 700, ""Interrupt_flag"": 0, ""Node_type"": ""DDS75-LB"", ""Sensor_flag"": 1, ""TempC_DS18B20"": 32.76}"
2025-10-03 20:24:21.083410712+00:00,dds75-lb-09,2,-123,-8.25,"{""Bat"": 3.332, ""Distance_mm"": 700, ""Interrupt_flag"": 0, ""Node_type"": ""DDS75-LB"", ""Sensor_flag"": 1, ""TempC_DS18B20"": 32.76}"
2025-10-03 21:24:20.431677366+00:00,dds75-lb-09,2,-72,9.0,"{""Bat"": 3.332, ""Distance_mm"": 700, ""Interrupt_flag"": 0, ""Node_type"": ""DDS75-LB"", ""Sensor_flag"": 1, ""TempC_DS18B20"": 32.76}"
2025-10-03 22:24:19.776069118+00:00,dds75-lb-09,2,-69,9.75,"{""Bat"": 3.332, ""Distance_mm"": 699, ""Interrupt_flag"": 0, ""Node_type"": ""DDS75-LB"", ""Sensor_flag"": 1, ""TempC_DS18B20"": 32.76}"
2025-10-03 23:24:19.105751854+00:00,dds75-lb-09,2,-123,-7.75,"{""Bat"": 3.332, ""Distance_mm"": 700, ""Interrupt_flag"": 0, ""Node_type"": ""DDS75-LB"", ""Sensor_flag"": 1, ""TempC_DS18B20"": 32.76}"
2025-10-04 00:24:18.486389117+00:00,dds75-lb-09,2,-69,9.75,"{""Bat"": 3.332, ""Distance_mm"": 700, ""Interrupt_flag"": 0, ""Node_type"": ""DDS75-LB"", ""Sensor_flag"": 1, ""TempC_DS18B20"": 32.76}"
2025-10-04 01:24:17.813198777+00:00,dds75-lb-09,2,-72,9.25,"{""Bat"": 3.332, ""Distance_mm"": 700, ""Interrupt_flag"": 0, ""Node_type"": ""DDS75-LB"", ""Sensor_flag"": 1, ""TempC_DS18B20"": 32.76}"
2025-10-04 02:24:17.156045328+00:00,dds75-lb-09,2,-69,9.0,"{""Bat"": 3.332, ""Distance_mm"": 699, ""Interrupt_flag"": 0, ""Node_type"": ""DDS75-LB"", ""Sensor_flag"": 1, ""TempC_DS18B20"": 32.76}"
2025-10-04 03:24:16.507570472+00:00,dds75-lb-09,2,-69,4.25,"{""Bat"": 3.332, ""Distance_mm"": 699, ""Interrupt_flag"": 0, ""Node_type"": ""DDS75-LB"", ""Sensor_flag"": 1, ""TempC_DS18B20"": 32.76}"
2025-10-04 04:24:15.852268704+00:00,dds75-lb-09,2,-69,8.5,"{""Bat"": 3.332, ""Distance_mm"": 699, ""Interrupt_flag"": 0, ""Node_type"": ""DDS75-LB"", ""Sensor_flag"": 1, ""TempC_DS18B20"": 32.76}"
2025-10-04 05:24:15.167603043+00:00,dds75-lb-09,2,-73,7.75,"{""Bat"": 3.332, ""Distance_mm"": 700, ""Interrupt_flag"": 0, ""Node_type"": ""DDS75-LB"", ""Sensor_flag"": 1, ""TempC_DS18B20"": 32.76}"
2025-10-04 06:24:14.558954135+00:00,dds75-lb-09,2,-66,7.25,"{""Bat"": 3.332, ""Distance_mm"": 700, ""Interrupt_flag"": 0, ""Node_type"": ""DDS75-LB"", ""Sensor_flag"": 1, ""TempC_DS18B20"": 32.76}"
2025-10-04 07:24:13.911050597+00:00,dds75-lb-09,2,-67,9.0,"{""Bat"": 3.332, ""Distance_mm"": 700, ""Interrupt_flag"": 0, ""Node_type"": ""DDS75-LB"", ""Sensor_flag"": 1, ""TempC_DS18B20"": 32.76}"
2025-10-04 08:24:13.225600822+00:00,dds75-lb-09,2,-67,8.25,"{""Bat"": 3.332, ""Distance_mm"": 700, ""Interrupt_flag"": 0, ""Node_type"": ""DDS75-LB"", ""Sensor_flag"": 1, ""TempC_DS18B20"": 32.76}"
2025-10-04 09:24:12.565317123+00:00,dds75-lb-09,2,-68,8.0,"{""Bat"": 3.332, ""Distance_mm"": 700, ""Interrupt_flag"": 0, ""Node_type"": ""DDS75-LB"", ""Sensor_flag"": 1, ""TempC_DS18B20"": 32.76}"
2025-10-04 10:24:11.925843422+00:00,dds75-lb-09,2,-68,9.75,"{""Bat"": 3.332, ""Distance_mm"": 700, ""Interrupt_flag"": 0, ""Node_type"": ""DDS75-LB"", ""Sensor_flag"": 1, ""TempC_DS18B20"": 32.76}"
2025-10-04 11:24:11.282569790+00:00,dds75-lb-09,2,-68,9.25,"{""Bat"": 3.332, ""Distance_mm"": 700, ""Interrupt_flag"": 0, ""Node_type"": ""DDS75-LB"", ""Sensor_flag"": 1, ""TempC_DS18B20"": 32.76}"
2025-10-04 12:24:10.614815535+00:00,dds75-lb-09,2,-66,8.0,"{""Bat"": 3.332, ""Distance_mm"": 700, ""Interrupt_flag"": 0, ""Node_type"": ""DDS75-LB"", ""Sensor_flag"": 1, ""TempC_DS18B20"": 32.76}"
2025-10-04 13:24:09.968213293+00:00,dds75-lb-09,2,-65,6.5,"{""Bat"": 3.332, ""Distance_mm"": 700, ""Interrupt_flag"": 0, ""Node_type"": ""DDS75-LB"", ""Sensor_flag"": 1, ""TempC_DS18B20"": 32.76}"
2025-10-04 14:24:09.310912066+00:00,dds75-lb-09,2,-68,7.75,"{""Bat"": 3.332, ""Distance_mm"": 700, ""Interrupt_flag"": 0, ""Node_type"": ""DDS75-LB"", ""Sensor_flag"": 1, ""TempC_DS18B20"": 32.76}"
2025-10-04 15:24:08.653873624+00:00,dds75-lb-09,2,-65,8.0,"{""Bat"": 3.332, ""Distance_mm"": 699, ""Interrupt_flag"": 0, ""Node_type"": ""DDS75-LB"", ""Sensor_flag"": 1, ""TempC_DS18B20"": 32.76}"
2025-10-04 16:24:07.999660027+00:00,dds75-lb-09,2,-66,9.25,"{""Bat"": 3.332, ""Distance_mm"": 700, ""Interrupt_flag"": 0, ""Node_type"": ""DDS75-LB"", ""Sensor_flag"": 1, ""TempC_DS18B20"": 32.76}"
2025-10-04 17:24:07.352478148+00:00,dds75-lb-09,2,-53,8.75,"{""Bat"": 3.332, ""Distance_mm"": 704, ""Interrupt_flag"": 0, ""Node_type"": ""DDS75-LB"", ""Sensor_flag"": 1, ""TempC_DS18B20"": 32.76}"
2025-10-04 18:24:06.687453314+00:00,dds75-lb-09,2,-53,7.75,"{""Bat"": 3.332, ""Distance_mm"": 704, ""Interrupt_flag"": 0, ""Node_type"": ""DDS75-LB"", ""Sensor_flag"": 1, ""TempC_DS18B20"": 32.76}"
2025-10-04 19:24:06.045913557+00:00,dds75-lb-09,2,-53,9.5,"{""Bat"": 3.332, ""Distance_mm"": 704, ""Interrupt_flag"": 0, ""Node_type"": ""DDS75-LB"", ""Sensor_flag"": 1, ""TempC_DS18B20"": 32.76}"
2025-10-04 20:24:05.403733922+00:00,dds75-lb-09,2,-123,-7.0,"{""Bat"": 3.332, ""Distance_mm"": 700, ""Interrupt_flag"": 0, ""Node_type"": ""DDS75-LB"", ""Sensor_flag"": 1, ""TempC_DS18B20"": 32.76}"
2025-10-04 21:24:04.741796202+00:00,dds75-lb-09,2,-50,9.0,"{""Bat"": 3.332, ""Distance_mm"": 700, ""Interrupt_flag"": 0, ""Node_type"": ""DDS75-LB"", ""Sensor_flag"": 1, ""TempC_DS18B20"": 32.76}"
2025-10-05 03:24:00.792122644+00:00,dds75-lb-09,2,-125,-8.5,"{""Bat"": 3.332, ""Distance_mm"": 699, ""Interrupt_flag"": 0, ""Node_type"": ""DDS75-LB"", ""Sensor_flag"": 1, ""TempC_DS18B20"": 32.76}"
2025-10-05 06:23:58.865551936+00:00,dds75-lb-09,2,-122,-7.25,"{""Bat"": 3.332, ""Distance_mm"": 700, ""Interrupt_flag"": 0, ""Node_type"": ""DDS75-LB"", ""Sensor_flag"": 1, ""TempC_DS18B20"": 32.76}"
2025-10-05 22:23:48.381096570+00:00,dds75-lb-09,2,-123,-7.25,"{""Bat"": 3.332, ""Distance_mm"": 700, ""Interrupt_flag"": 0, ""Node_type"": ""DDS75-LB"", ""Sensor_flag"": 1, ""TempC_DS18B20"": 32.76}"
2025-10-05 23:23:47.729464814+00:00,dds75-lb-09,2,-122,-6.75,"{""Bat"": 3.332, ""Distance_mm"": 700, ""Interrupt_flag"": 0, ""Node_type"": ""DDS75-LB"", ""Sensor_flag"": 1, ""TempC_DS18B20"": 32.76}"
2025-10-06 03:23:45.098493978+00:00,dds75-lb-09,2,-122,-7.0,"{""Bat"": 3.332, ""Distance_mm"": 699, ""Interrupt_flag"": 0, ""Node_type"": ""DDS75-LB"", ""Sensor_flag"": 1, ""TempC_DS18B20"": 32.76}"
2025-10-06 07:23:42.491232212+00:00,dds75-lb-09,2,-125,-8.75,"{""Bat"": 3.332, ""Distance_mm"": 704, ""Interrupt_flag"": 0, ""Node_type"": ""DDS75-LB"", ""Sensor_flag"": 1, ""TempC_DS18B20"": 32.76}"
2025-10-06 15:23:37.191259257+00:00,dds75-lb-09,2,-123,-7.5,"{""Bat"": 3.332, ""Distance_mm"": 705, ""Interrupt_flag"": 0, ""Node_type"": ""DDS75-LB"", ""Sensor_flag"": 1, ""TempC_DS18B20"": 32.76}"
