received_at,device_id,f_port,rssi,snr,payload_json
2025-09-18 00:12:01.368559752+00:00,ps-lb-14,2,-38,10.0,"{""Bat_V"": 3.624, ""Exti_pin_level"": ""Low"", ""Exti_status"": ""False"", ""IDC_intput_mA"": 5.46, ""IN1_pin_level"": ""Low"", ""IN2_pin_level"": ""Low"", ""Node_type"": ""PS-LB"", ""Probe_mod"": 0, ""VDC_intput_V"": 0, ""Water_deep_cm"": 0}"
2025-09-18 00:32:01.120434684+00:00,ps-lb-14,2,-36,7.0,"{""Bat_V"": 3.618, ""Exti_pin_level"": ""Low"", ""Exti_status"": ""False"", ""IDC_intput_mA"": 5.459, ""IN1_pin_level"": ""Low"", ""IN2_pin_level"": ""Low"", ""Node_type"": ""PS-LB"", ""Probe_mod"": 0, ""VDC_intput_V"": 0, ""Water_deep_cm"": 0}"
2025-09-18 00:52:00.910441774+00:00,ps-lb-14,2,-39,9.5,"{""Bat_V"": 3.624, ""Exti_pin_level"": ""Low"", ""Exti_status"": ""False"", ""IDC_intput_mA"": 5.46, ""IN1_pin_level"": ""Low"", ""IN2_pin_level"": ""Low"", ""Node_type"": ""PS-LB"", ""Probe_mod"": 0, ""VDC_intput_V"": 0, ""Water_deep_cm"": 0}"
2025-09-18 01:12:00.670152165+00:00,ps-lb-14,2,-42,9.5,"{""Bat_V"": 3.624, ""Exti_pin_level"": ""Low"", ""Exti_status"": ""False"", ""IDC_intput_mA"": 5.459, ""IN1_pin_level"": ""Low"", ""IN2_pin_level"": ""Low"", ""Node_type"": ""PS-LB"", ""Probe_mod"": 0, ""VDC_intput_V"": 0, ""Water_deep_cm"": 0}"
2025-09-18 01:32:00.466317277+00:00,ps-lb-14,2,-39,9.5,"{""Bat_V"": 3.624, ""Exti_pin_level"": ""Low"", ""Exti_status"": ""False"", ""IDC_intput_mA"": 5.458, ""IN1_pin_level"": ""Low"", ""IN2_pin_level"": ""Low"", ""Node_type"": ""PS-LB"", ""Probe_mod"": 0, ""VDC_intput_V"": 0, ""Water_deep_cm"": 0}"
2025-09-18 01:52:00.217327045+00:00,ps-lb-14,2,-41,10.0,"{""Bat_V"": 3.624, ""Exti_pin_level"": ""Low"", ""Exti_status"": ""False"", ""IDC_intput_mA"": 5.458, ""IN1_pin_level"": ""Low"", ""IN2_pin_level"": ""Low"", ""Node_type"": ""PS-LB"", ""Probe_mod"": 0, ""VDC_intput_V"": 0, ""Water_deep_cm"": 0}"
2025-09-18 02:12:00.003247353+00:00,ps-lb-14,2,-41,10.5,"{""Bat_V"": 3.624, ""Exti_pin_level"": ""Low"", ""Exti_status"": ""False"", ""IDC_intput_mA"": 5.458, ""IN1_pin_level"": ""Low"", ""IN2_pin_level"": ""Low"", ""Node_type"": ""PS-LB"", ""Probe_mod"": 0, ""VDC_intput_V"": 0, ""Water_deep_cm"": 0}"
2025-09-18 02:31:59.758311048+00:00,ps-lb-14,2,-39,9.25,"{""Bat_V"": 3.618, ""Exti_pin_level"": ""Low"", ""Exti_status"": ""False"", ""IDC_intput_mA"": 5.458, ""IN1_pin_level"": ""Low"", ""IN2_pin_level"": ""Low"", ""Node_type"": ""PS-LB"", ""Probe_mod"": 0, ""VDC_intput_V"": 0, ""Water_deep_cm"": 0}"
2025-09-18 02:51:59.537028709+00:00,ps-lb-14,2,-43,9.0,"{""Bat_V"": 3.624, ""Exti_pin_level"": ""Low"", ""Exti_status"": ""False"", ""IDC_intput_mA"": 5.458, ""IN1_pin_level"": ""Low"", ""IN2_pin_level"": ""Low"", ""Node_type"": ""PS-LB"", ""Probe_mod"": 0, ""VDC_intput_V"": 0, ""Water_deep_cm"": 0}"
2025-09-18 03:11:59.307469110+00:00,ps-lb-14,2,-41,7.75,"{""Bat_V"": 3.624, ""Exti_pin_level"": ""Low"", ""Exti_status"": ""False"", ""IDC_intput_mA"": 5.458, ""IN1_pin_level"": ""Low"", ""IN2_pin_level"": ""Low"", ""Node_type"": ""PS-LB"", ""Probe_mod"": 0, ""VDC_intput_V"": 0, ""Water_deep_cm"": 0}"
2025-09-18 03:31:59.091396763+00:00,ps-lb-14,2,-39,7.25,"{""Bat_V"": 3.624, ""Exti_pin_level"": ""Low"", ""Exti_status"": ""False"", ""IDC_intput_mA"": 5.458, ""IN1_pin_level"": ""Low"", ""IN2_pin_level"": ""Low"", ""Node_type"": ""PS-LB"", ""Probe_mod"": 0, ""VDC_intput_V"": 0, ""Water_deep_cm"": 0}"
2025-09-18 03:51:58.870168550+00:00,ps-lb-14,2,-42,10.0,"{""Bat_V"": 3.624, ""Exti_pin_level"": ""Low"", ""Exti_status"": ""False"", ""IDC_intput_mA"": 5.457, ""IN1_pin_level"": ""Low"", ""IN2_pin_level"": ""Low"", ""Node_type"": ""PS-LB"", ""Probe_mod"": 0, ""VDC_intput_V"": 0, ""Water_deep_cm"": 0}"
2025-09-18 04:11:58.634617031+00:00,ps-lb-14,2,-39,9.5,"{""Bat_V"": 3.618, ""Exti_pin_level"": ""Low"", ""Exti_status"": ""False"", ""IDC_intput_mA"": 5.457, ""IN1_pin_level"": ""Low"", ""IN2_pin_level"": ""Low"", ""Node_type"": ""PS-LB"", ""Probe_mod"": 0, ""VDC_intput_V"": 0, ""Water_deep_cm"": 0}"
2025-09-18 04:31:58.406929921+00:00,ps-lb-14,2,-116,,"{""Bat_V"": 3.618, ""Exti_pin_level"": ""Low"", ""Exti_status"": ""False"", ""IDC_intput_mA"": 5.456, ""IN1_pin_level"": ""Low"", ""IN2_pin_level"": ""Low"", ""Node_type"": ""PS-LB"", ""Probe_mod"": 0, ""VDC_intput_V"": 0, ""Water_deep_cm"": 0}"
2025-09-18 05:11:57.960284216+00:00,ps-lb-14,2,-120,-4.0,"{""Bat_V"": 3.624, ""Exti_pin_level"": ""Low"", ""Exti_status"": ""False"", ""IDC_intput_mA"": 5.456, ""IN1_pin_level"": ""Low"", ""IN2_pin_level"": ""Low"", ""Node_type"": ""PS-LB"", ""Probe_mod"": 0, ""VDC_intput_V"": 0, ""Water_deep_cm"": 0}"
2025-09-18 05:31:57.734993618+00:00,ps-lb-14,2,-43,10.0,"{""Bat_V"": 3.624, ""Exti_pin_level"": ""Low"", ""Exti_status"": ""False"", ""IDC_intput_mA"": 5.456, ""IN1_pin_level"": ""Low"", ""IN2_pin_level"": ""Low"", ""Node_type"": ""PS-LB"", ""Probe_mod"": 0, ""VDC_intput_V"": 0, ""Water_deep_cm"": 0}"
2025-09-18 05:51:57.508072320+00:00,ps-lb-14,2,-43,6.75,"{""Bat_V"": 3.618, ""Exti_pin_level"": ""Low"", ""Exti_status"": ""False"", ""IDC_intput_mA"": 5.455, ""IN1_pin_level"": ""Low"", ""IN2_pin_level"": ""Low"", ""Node_type"": ""PS-LB"", ""Probe_mod"": 0, ""VDC_intput_V"": 0, ""Water_deep_cm"": 0}"
2025-09-18 06:11:57.290336694+00:00,ps-lb-14,2,-42,8.25,"{""Bat_V"": 3.624, ""Exti_pin_level"": ""Low"", ""Exti_status"": ""False"", ""IDC_intput_mA"": 5.455, ""IN1_pin_level"": ""Low"", ""IN2_pin_level"": ""Low"", ""Node_type"": ""PS-LB"", ""Probe_mod"": 0, ""VDC_intput_V"": 0, ""Water_deep_cm"": 0}"
2025-09-18 06:31:57.044497501+00:00,ps-lb-14,2,-44,7.0,"{""Bat_V"": 3.618, ""Exti_pin_level"": ""Low"", ""Exti_status"": ""False"", ""IDC_intput_mA"": 5.455, ""IN1_pin_level"": ""Low"", ""IN2_pin_level"": ""Low"", ""Node_type"": ""PS-LB"", ""Probe_mod"": 0, ""VDC_intput_V"": 0, ""Water_deep_cm"": 0}"
2025-09-18 06:51:56.811519352+00:00,ps-lb-14,2,-41,9.0,"{""Bat_V"": 3.618, ""Exti_pin_level"": ""Low"", ""Exti_status"": ""False"", ""IDC_intput_mA"": 5.455, ""IN1_pin_level"": ""Low"", ""IN2_pin_level"": ""Low"", ""Node_type"": ""PS-LB"", ""Probe_mod"": 0, ""VDC_intput_V"": 0, ""Water_deep_cm"": 0}"
2025-09-18 07:11:56.589431906+00:00,ps-lb-14,2,-43,9.75,"{""Bat_V"": 3.618, ""Exti_pin_level"": ""Low"", ""Exti_status"": ""False"", ""IDC_intput_mA"": 5.454, ""IN1_pin_level"": ""Low"", ""IN2_pin_level"": ""Low"", ""Node_type"": ""PS-LB"", ""Probe_mod"": 0, ""VDC_intput_V"": 0, ""Water_deep_cm"": 0}"
2025-09-18 07:13:03.682427558+00:00,ps-lb-14,2,-45,6.25,"{""Bat_V"": 3.618, ""Exti_pin_level"": ""Low"", ""Exti_status"": ""False"", ""IDC_intput_mA"": 5.455, ""IN1_pin_level"": ""Low"", ""IN2_pin_level"": ""Low"", ""Node_type"": ""PS-LB"", ""Probe_mod"": 0, ""VDC_intput_V"": 0, ""Water_deep_cm"": 0}"
2025-09-18 07:14:03.681042026+00:00,ps-lb-14,2,-43,9.25,"{""Bat_V"": 3.618, ""Exti_pin_level"": ""Low"", ""Exti_status"": ""False"", ""IDC_intput_mA"": 5.455, ""IN1_pin_level"": ""Low"", ""IN2_pin_level"": ""Low"", ""Node_type"": ""PS-LB"", ""Probe_mod"": 0, ""VDC_intput_V"": 0, ""Water_deep_cm"": 18.188}"
2025-09-18 07:15:11.168890023+00:00,ps-lb-14,2,-44,9.0,"{""Bat_V"": 3.618, ""Exti_pin_level"": ""Low"", ""Exti_status"": ""False"", ""IDC_intput_mA"": 5.454, ""IN1_pin_level"": ""Low"", ""IN2_pin_level"": ""Low"", ""Node_type"": ""PS-LB"", ""Probe_mod"": 0, ""VDC_intput_V"": 0, ""Water_deep_cm"": 18.175}"
2025-09-18 07:16:11.148585304+00:00,ps-lb-14,2,-42,9.25,"{""Bat_V"": 3.618, ""Exti_pin_level"": ""Low"", ""Exti_status"": ""False"", ""IDC_intput_mA"": 5.454, ""IN1_pin_level"": ""Low"", ""IN2_pin_level"": ""Low"", ""Node_type"": ""PS-LB"", ""Probe_mod"": 0, ""VDC_intput_V"": 0, ""Water_deep_cm"": 18.175}"
2025-09-18 07:17:11.132044933+00:00,ps-lb-14,2,-44,9.5,"{""Bat_V"": 3.618, ""Exti_pin_level"": ""Low"", ""Exti_status"": ""False"", ""IDC_intput_mA"": 5.454, ""IN1_pin_level"": ""Low"", ""IN2_pin_level"": ""Low"", ""Node_type"": ""PS-LB"", ""Probe_mod"": 0, ""VDC_intput_V"": 0, ""Water_deep_cm"": 18.175}"
2025-09-18 07:18:11.129116526+00:00,ps-lb-14,2,-45,11.25,"{""Bat_V"": 3.618, ""Exti_pin_level"": ""Low"", ""Exti_status"": ""False"", ""IDC_intput_mA"": 5.454, ""IN1_pin_level"": ""Low"", ""IN2_pin_level"": ""Low"", ""Node_type"": ""PS-LB"", ""Probe_mod"": 0, ""VDC_intput_V"": 0, ""Water_deep_cm"": 18.175}"
2025-09-18 07:19:11.121839037+00:00,ps-lb-14,2,-43,9.75,"{""Bat_V"": 3.618, ""Exti_pin_level"": ""Low"", ""Exti_status"": ""False"", ""IDC_intput_mA"": 5.454, ""IN1_pin_level"": ""Low"", ""IN2_pin_level"": ""Low"", ""Node_type"": ""PS-LB"", ""Probe_mod"": 0, ""VDC_intput_V"": 0, ""Water_deep_cm"": 18.175}"
2025-09-18 07:20:11.099249074+00:00,ps-lb-14,2,-44,9.5,"{""Bat_V"": 3.618, ""Exti_pin_level"": ""Low"", ""Exti_status"": ""False"", ""IDC_intput_mA"": 5.454, ""IN1_pin_level"": ""Low"", ""IN2_pin_level"": ""Low"", ""Node_type"": ""PS-LB"", ""Probe_mod"": 0, ""VDC_intput_V"": 0, ""Water_deep_cm"": 18.175}"
2025-09-18 07:21:11.110240047+00:00,ps-lb-14,2,-45,8.0,"{""Bat_V"": 3.618, ""Exti_pin_level"": ""Low"", ""Exti_status"": ""False"", ""IDC_intput_mA"": 5.454, ""IN1_pin_level"": ""Low"", ""IN2_pin_level"": ""Low"", ""Node_type"": ""PS-LB"", ""Probe_mod"": 0, ""VDC_intput_V"": 0, ""Water_deep_cm"": 18.175}"
2025-09-18 07:22:11.091403613+00:00,ps-lb-14,2,-44,8.25,"{""Bat_V"": 3.618, ""Exti_pin_level"": ""Low"", ""Exti_status"": ""False"", ""IDC_intput_mA"": 5.454, ""IN1_pin_level"": ""Low"", ""IN2_pin_level"": ""Low"", ""Node_type"": ""PS-LB"", ""Probe_mod"": 0, ""VDC_intput_V"": 0, ""Water_deep_cm"": 18.175}"
2025-09-18 07:23:11.070276365+00:00,ps-lb-14,2,-47,10.0,"{""Bat_V"": 3.618, ""Exti_pin_level"": ""Low"", ""Exti_status"": ""False"", ""IDC_intput_mA"": 5.454, ""IN1_pin_level"": ""Low"", ""IN2_pin_level"": ""Low"", ""Node_type"": ""PS-LB"", ""Probe_mod"": 0, ""VDC_intput_V"": 0, ""Water_deep_cm"": 18.175}"
2025-09-18 07:24:11.060856841+00:00,ps-lb-14,2,-43,9.25,"{""Bat_V"": 3.618, ""Exti_pin_level"": ""Low"", ""Exti_status"": ""False"", ""IDC_intput_mA"": 5.454, ""IN1_pin_level"": ""Low"", ""IN2_pin_level"": ""Low"", ""Node_type"": ""PS-LB"", ""Probe_mod"": 0, ""VDC_intput_V"": 0, ""Water_deep_cm"": 18.175}"
2025-09-18 07:25:11.060001384+00:00,ps-lb-14,2,-44,10.0,"{""Bat_V"": 3.618, ""Exti_pin_level"": ""Low"", ""Exti_status"": ""False"", ""IDC_intput_mA"": 5.454, ""IN1_pin_level"": ""Low"", ""IN2_pin_level"": ""Low"", ""Node_type"": ""PS-LB"", ""Probe_mod"": 0, ""VDC_intput_V"": 0, ""Water_deep_cm"": 18.175}"
2025-09-18 07:26:11.048439513+00:00,ps-lb-14,2,-44,9.25,"{""Bat_V"": 3.618, ""Exti_pin_level"": ""Low"", ""Exti_status"": ""False"", ""IDC_intput_mA"": 5.454, ""IN1_pin_level"": ""Low"", ""IN2_pin_level"": ""Low"", ""Node_type"": ""PS-LB"", ""Probe_mod"": 0, ""VDC_intput_V"": 0, ""Water_deep_cm"": 18.175}"
2025-09-18 07:27:11.031426077+00:00,ps-lb-14,2,-45,10.0,"{""Bat_V"": 3.618, ""Exti_pin_level"": ""Low"", ""Exti_status"": ""False"", ""IDC_intput_mA"": 5.454, ""IN1_pin_level"": ""Low"", ""IN2_pin_level"": ""Low"", ""Node_type"": ""PS-LB"", ""Probe_mod"": 0, ""VDC_intput_V"": 0, ""Water_deep_cm"": 18.175}"
2025-09-18 07:28:11.040457036+00:00,ps-lb-14,2,-44,9.0,"{""Bat_V"": 3.618, ""Exti_pin_level"": ""Low"", ""Exti_status"": ""False"", ""IDC_intput_mA"": 5.454, ""IN1_pin_level"": ""Low"", ""IN2_pin_level"": ""Low"", ""Node_type"": ""PS-LB"", ""Probe_mod"": 0, ""VDC_intput_V"": 0, ""Water_deep_cm"": 18.175}"
2025-09-18 07:29:11.017513654+00:00,ps-lb-14,2,-44,7.25,"{""Bat_V"": 3.618, ""Exti_pin_level"": ""Low"", ""Exti_status"": ""False"", ""IDC_intput_mA"": 5.454, ""IN1_pin_level"": ""Low"", ""IN2_pin_level"": ""Low"", ""Node_type"": ""PS-LB"", ""Probe_mod"": 0, ""VDC_intput_V"": 0, ""Water_deep_cm"": 18.175}"
2025-09-18 07:30:10.999924606+00:00,ps-lb-14,2,-43,8.75,"{""Bat_V"": 3.612, ""Exti_pin_level"": ""Low"", ""Exti_status"": ""False"", ""IDC_intput_mA"": 5.454, ""IN1_pin_level"": ""Low"", ""IN2_pin_level"": ""Low"", ""Node_type"": ""PS-LB"", ""Probe_mod"": 0, ""VDC_intput_V"": 0, ""Water_deep_cm"": 18.175}"
2025-09-18 07:31:10.993581535+00:00,ps-lb-14,2,-124,-8.25,"{""Bat_V"": 3.612, ""Exti_pin_level"": ""Low"", ""Exti_status"": ""False"", ""IDC_intput_mA"": 5.454, ""IN1_pin_level"": ""Low"", ""IN2_pin_level"": ""Low"", ""Node_type"": ""PS-LB"", ""Probe_mod"": 0, ""VDC_intput_V"": 0, ""Water_deep_cm"": 18.175}"
2025-09-18 07:32:10.971339372+00:00,ps-lb-14,2,-36,6.75,"{""Bat_V"": 3.618, ""Exti_pin_level"": ""Low"", ""Exti_status"": ""False"", ""IDC_intput_mA"": 5.454, ""IN1_pin_level"": ""Low"", ""IN2_pin_level"": ""Low"", ""Node_type"": ""PS-LB"", ""Probe_mod"": 0, ""VDC_intput_V"": 0, ""Water_deep_cm"": 18.175}"
2025-09-18 07:33:10.963439611+00:00,ps-lb-14,2,-45,10.5,"{""Bat_V"": 3.618, ""Exti_pin_level"": ""Low"", ""Exti_status"": ""False"", ""IDC_intput_mA"": 5.454, ""IN1_pin_level"": ""Low"", ""IN2_pin_level"": ""Low"", ""Node_type"": ""PS-LB"", ""Probe_mod"": 0, ""VDC_intput_V"": 0, ""Water_deep_cm"": 18.175}"
2025-09-18 07:34:10.975088488+00:00,ps-lb-14,2,-47,10.25,"{""Bat_V"": 3.612, ""Exti_pin_level"": ""Low"", ""Exti_status"": ""False"", ""IDC_intput_mA"": 5.454, ""IN1_pin_level"": ""Low"", ""IN2_pin_level"": ""Low"", ""Node_type"": ""PS-LB"", ""Probe_mod"": 0, ""VDC_intput_V"": 0, ""Water_deep_cm"": 18.175}"
2025-09-18 07:35:10.953030571+00:00,ps-lb-14,2,-47,10.5,"{""Bat_V"": 3.612, ""Exti_pin_level"": ""Low"", ""Exti_status"": ""False"", ""IDC_intput_mA"": 5.454, ""IN1_pin_level"": ""Low"", ""IN2_pin_level"": ""Low"", ""Node_type"": ""PS-LB"", ""Probe_mod"": 0, ""VDC_intput_V"": 0, ""Water_deep_cm"": 18.175}"
2025-09-18 07:36:10.951796613+00:00,ps-lb-14,2,-48,9.25,"{""Bat_V"": 3.612, ""Exti_pin_level"": ""Low"", ""Exti_status"": ""False"", ""IDC_intput_mA"": 5.454, ""IN1_pin_level"": ""Low"", ""IN2_pin_level"": ""Low"", ""Node_type"": ""PS-LB"", ""Probe_mod"": 0, ""VDC_intput_V"": 0, ""Water_deep_cm"": 18.175}"
2025-09-18 07:37:10.943944943+00:00,ps-lb-14,2,-47,7.25,"{""Bat_V"": 3.612, ""Exti_pin_level"": ""Low"", ""Exti_status"": ""False"", ""IDC_intput_mA"": 5.454, ""IN1_pin_level"": ""Low"", ""IN2_pin_level"": ""Low"", ""Node_type"": ""PS-LB"", ""Probe_mod"": 0, ""VDC_intput_V"": 0, ""Water_deep_cm"": 18.175}"
2025-09-18 07:38:10.935192528+00:00,ps-lb-14,2,-45,10.5,"{""Bat_V"": 3.612, ""Exti_pin_level"": ""Low"", ""Exti_status"": ""False"", ""IDC_intput_mA"": 5.454, ""IN1_pin_level"": ""Low"", ""IN2_pin_level"": ""Low"", ""Node_type"": ""PS-LB"", ""Probe_mod"": 0, ""VDC_intput_V"": 0, ""Water_deep_cm"": 18.175}"
2025-09-18 07:39:10.903297498+00:00,ps-lb-14,2,-47,8.75,"{""Bat_V"": 3.612, ""Exti_pin_level"": ""Low"", ""Exti_status"": ""False"", ""IDC_intput_mA"": 5.454, ""IN1_pin_level"": ""Low"", ""IN2_pin_level"": ""Low"", ""Node_type"": ""PS-LB"", ""Probe_mod"": 0, ""VDC_intput_V"": 0, ""Water_deep_cm"": 18.175}"
2025-09-18 07:40:10.891826162+00:00,ps-lb-14,2,-45,7.5,"{""Bat_V"": 3.612, ""Exti_pin_level"": ""Low"", ""Exti_status"": ""False"", ""IDC_intput_mA"": 5.454, ""IN1_pin_level"": ""Low"", ""IN2_pin_level"": ""Low"", ""Node_type"": ""PS-LB"", ""Probe_mod"": 0, ""VDC_intput_V"": 0, ""Water_deep_cm"": 18.175}"
2025-09-18 07:41:10.894717938+00:00,ps-lb-14,2,-45,9.25,"{""Bat_V"": 3.612, ""Exti_pin_level"": ""Low"", ""Exti_status"": ""False"", ""IDC_intput_mA"": 5.454, ""IN1_pin_level"": ""Low"", ""IN2_pin_level"": ""Low"", ""Node_type"": ""PS-LB"", ""Probe_mod"": 0, ""VDC_intput_V"": 0, ""Water_deep_cm"": 18.175}"
2025-09-18 07:42:10.869578939+00:00,ps-lb-14,2,-47,7.5,"{""Bat_V"": 3.612, ""Exti_pin_level"": ""Low"", ""Exti_status"": ""False"", ""IDC_intput_mA"": 5.454, ""IN1_pin_level"": ""Low"", ""IN2_pin_level"": ""Low"", ""Node_type"": ""PS-LB"", ""Probe_mod"": 0, ""VDC_intput_V"": 0, ""Water_deep_cm"": 18.175}"
2025-09-18 07:43:10.889944128+00:00,ps-lb-14,2,-47,10.5,"{""Bat_V"": 3.612, ""Exti_pin_level"": ""Low"", ""Exti_status"": ""False"", ""IDC_intput_mA"": 5.454, ""IN1_pin_level"": ""Low"", ""IN2_pin_level"": ""Low"", ""Node_type"": ""PS-LB"", ""Probe_mod"": 0, ""VDC_intput_V"": 0, ""Water_deep_cm"": 18.175}"
2025-09-18 07:44:10.858805892+00:00,ps-lb-14,2,-48,9.0,"{""Bat_V"": 3.612, ""Exti_pin_level"": ""Low"", ""Exti_status"": ""False"", ""IDC_intput_mA"": 5.454, ""IN1_pin_level"": ""Low"", ""IN2_pin_level"": ""Low"", ""Node_type"": ""PS-LB"", ""Probe_mod"": 0, ""VDC_intput_V"": 0, ""Water_deep_cm"": 18.175}"
2025-09-18 07:45:10.829226073+00:00,ps-lb-14,2,-48,10.75,"{""Bat_V"": 3.612, ""Exti_pin_level"": ""Low"", ""Exti_status"": ""False"", ""IDC_intput_mA"": 5.454, ""IN1_pin_level"": ""Low"", ""IN2_pin_level"": ""Low"", ""Node_type"": ""PS-LB"", ""Probe_mod"": 0, ""VDC_intput_V"": 0, ""Water_deep_cm"": 18.175}"
2025-09-18 07:46:10.832030628+00:00,ps-lb-14,2,-45,10.0,"{""Bat_V"": 3.612, ""Exti_pin_level"": ""Low"", ""Exti_status"": ""False"", ""IDC_intput_mA"": 5.454, ""IN1_pin_level"": ""Low"", ""IN2_pin_level"": ""Low"", ""Node_type"": ""PS-LB"", ""Probe_mod"": 0, ""VDC_intput_V"": 0, ""Water_deep_cm"": 18.175}"
2025-09-18 07:47:10.831403996+00:00,ps-lb-14,2,-47,9.0,"{""Bat_V"": 3.612, ""Exti_pin_level"": ""Low"", ""Exti_status"": ""False"", ""IDC_intput_mA"": 5.454, ""IN1_pin_level"": ""Low"", ""IN2_pin_level"": ""Low"", ""Node_type"": ""PS-LB"", ""Probe_mod"": 0, ""VDC_intput_V"": 0, ""Water_deep_cm"": 18.175}"
2025-09-18 07:48:10.818874371+00:00,ps-lb-14,2,-47,10.5,"{""Bat_V"": 3.612, ""Exti_pin_level"": ""Low"", ""Exti_status"": ""False"", ""IDC_intput_mA"": 5.454, ""IN1_pin_level"": ""Low"", ""IN2_pin_level"": ""Low"", ""Node_type"": ""PS-LB"", ""Probe_mod"": 0, ""VDC_intput_V"": 0, ""Water_deep_cm"": 18.175}"
2025-09-18 07:49:10.813173570+00:00,ps-lb-14,2,-45,9.25,"{""Bat_V"": 3.612, ""Exti_pin_level"": ""Low"", ""Exti_status"": ""False"", ""IDC_intput_mA"": 5.454, ""IN1_pin_level"": ""Low"", ""IN2_pin_level"": ""Low"", ""Node_type"": ""PS-LB"", ""Probe_mod"": 0, ""VDC_intput_V"": 0, ""Water_deep_cm"": 18.175}"
2025-09-18 07:50:10.804278623+00:00,ps-lb-14,2,-47,9.75,"{""Bat_V"": 3.612, ""Exti_pin_level"": ""Low"", ""Exti_status"": ""False"", ""IDC_intput_mA"": 5.454, ""IN1_pin_level"": ""Low"", ""IN2_pin_level"": ""Low"", ""Node_type"": ""PS-LB"", ""Probe_mod"": 0, ""VDC_intput_V"": 0, ""Water_deep_cm"": 18.175}"
2025-09-18 07:51:10.779087471+00:00,ps-lb-14,2,-45,9.0,"{""Bat_V"": 3.612, ""Exti_pin_level"": ""Low"", ""Exti_status"": ""False"", ""IDC_intput_mA"": 5.454, ""IN1_pin_level"": ""Low"", ""IN2_pin_level"": ""Low"", ""Node_type"": ""PS-LB"", ""Probe_mod"": 0, ""VDC_intput_V"": 0, ""Water_deep_cm"": 18.175}"
2025-09-18 07:52:10.761808200+00:00,ps-lb-14,2,-47,9.0,"{""Bat_V"": 3.606, ""Exti_pin_level"": ""Low"", ""Exti_status"": ""False"", ""IDC_intput_mA"": 5.454, ""IN1_pin_level"": ""Low"", ""IN2_pin_level"": ""Low"", ""Node_type"": ""PS-LB"", ""Probe_mod"": 0, ""VDC_intput_V"": 0, ""Water_deep_cm"": 18.175}"
2025-09-18 07:53:10.754014679+00:00,ps-lb-14,2,-47,10.75,"{""Bat_V"": 3.612, ""Exti_pin_level"": ""Low"", ""Exti_status"": ""False"", ""IDC_intput_mA"": 5.454, ""IN1_pin_level"": ""Low"", ""IN2_pin_level"": ""Low"", ""Node_type"": ""PS-LB"", ""Probe_mod"": 0, ""VDC_intput_V"": 0, ""Water_deep_cm"": 18.175}"
2025-09-18 07:54:10.752813414+00:00,ps-lb-14,2,-49,9.75,"{""Bat_V"": 3.606, ""Exti_pin_level"": ""Low"", ""Exti_status"": ""False"", ""IDC_intput_mA"": 5.454, ""IN1_pin_level"": ""Low"", ""IN2_pin_level"": ""Low"", ""Node_type"": ""PS-LB"", ""Probe_mod"": 0, ""VDC_intput_V"": 0, ""Water_deep_cm"": 18.175}"
2025-09-18 07:55:10.744906744+00:00,ps-lb-14,2,-51,9.25,"{""Bat_V"": 3.606, ""Exti_pin_level"": ""Low"", ""Exti_status"": ""False"", ""IDC_intput_mA"": 5.454, ""IN1_pin_level"": ""Low"", ""IN2_pin_level"": ""Low"", ""Node_type"": ""PS-LB"", ""Probe_mod"": 0, ""VDC_intput_V"": 0, ""Water_deep_cm"": 18.175}"
2025-09-18 07:56:10.743353022+00:00,ps-lb-14,2,-46,8.0,"{""Bat_V"": 3.606, ""Exti_pin_level"": ""Low"", ""Exti_status"": ""False"", ""IDC_intput_mA"": 5.454, ""IN1_pin_level"": ""Low"", ""IN2_pin_level"": ""Low"", ""Node_type"": ""PS-LB"", ""Probe_mod"": 0, ""VDC_intput_V"": 0, ""Water_deep_cm"": 18.175}"
2025-09-18 07:57:10.731928844+00:00,ps-lb-14,2,-48,7.75,"{""Bat_V"": 3.606, ""Exti_pin_level"": ""Low"", ""Exti_status"": ""False"", ""IDC_intput_mA"": 5.454, ""IN1_pin_level"": ""Low"", ""IN2_pin_level"": ""Low"", ""Node_type"": ""PS-LB"", ""Probe_mod"": 0, ""VDC_intput_V"": 0, ""Water_deep_cm"": 18.175}"
2025-09-18 07:58:10.719391088+00:00,ps-lb-14,2,-48,10.0,"{""Bat_V"": 3.606, ""Exti_pin_level"": ""Low"", ""Exti_status"": ""False"", ""IDC_intput_mA"": 5.454, ""IN1_pin_level"": ""Low"", ""IN2_pin_level"": ""Low"", ""Node_type"": ""PS-LB"", ""Probe_mod"": 0, ""VDC_intput_V"": 0, ""Water_deep_cm"": 18.175}"
2025-09-18 07:59:10.699735242+00:00,ps-lb-14,2,-50,10.0,"{""Bat_V"": 3.606, ""Exti_pin_level"": ""Low"", ""Exti_status"": ""False"", ""IDC_intput_mA"": 5.454, ""IN1_pin_level"": ""Low"", ""IN2_pin_level"": ""Low"", ""Node_type"": ""PS-LB"", ""Probe_mod"": 0, ""VDC_intput_V"": 0, ""Water_deep_cm"": 18.175}"
2025-09-18 08:00:10.692167033+00:00,ps-lb-14,2,-49,9.25,"{""Bat_V"": 3.606, ""Exti_pin_level"": ""Low"", ""Exti_status"": ""False"", ""IDC_intput_mA"": 5.454, ""IN1_pin_level"": ""Low"", ""IN2_pin_level"": ""Low"", ""Node_type"": ""PS-LB"", ""Probe_mod"": 0, ""VDC_intput_V"": 0, ""Water_deep_cm"": 18.175}"
2025-09-18 08:01:10.719874106+00:00,ps-lb-14,2,-50,9.25,"{""Bat_V"": 3.606, ""Exti_pin_level"": ""Low"", ""Exti_status"": ""False"", ""IDC_intput_mA"": 5.454, ""IN1_pin_level"": ""Low"", ""IN2_pin_level"": ""Low"", ""Node_type"": ""PS-LB"", ""Probe_mod"": 0, ""VDC_intput_V"": 0, ""Water_deep_cm"": 18.175}"
2025-09-18 08:02:10.657388069+00:00,ps-lb-14,2,-49,8.75,"{""Bat_V"": 3.606, ""Exti_pin_level"": ""Low"", ""Exti_status"": ""False"", ""IDC_intput_mA"": 5.454, ""IN1_pin_level"": ""Low"", ""IN2_pin_level"": ""Low"", ""Node_type"": ""PS-LB"", ""Probe_mod"": 0, ""VDC_intput_V"": 0, ""Water_deep_cm"": 18.175}"
2025-09-18 08:03:10.651668063+00:00,ps-lb-14,2,-51,11.25,"{""Bat_V"": 3.606, ""Exti_pin_level"": ""Low"", ""Exti_status"": ""False"", ""IDC_intput_mA"": 5.454, ""IN1_pin_level"": ""Low"", ""IN2_pin_level"": ""Low"", ""Node_type"": ""PS-LB"", ""Probe_mod"": 0, ""VDC_intput_V"": 0, ""Water_deep_cm"": 18.175}"
2025-09-18 08:04:10.640820590+00:00,ps-lb-14,2,-46,7.5,"{""Bat_V"": 3.606, ""Exti_pin_level"": ""Low"", ""Exti_status"": ""False"", ""IDC_intput_mA"": 5.454, ""IN1_pin_level"": ""Low"", ""IN2_pin_level"": ""Low"", ""Node_type"": ""PS-LB"", ""Probe_mod"": 0, ""VDC_intput_V"": 0, ""Water_deep_cm"": 18.175}"
2025-09-18 08:05:10.634255080+00:00,ps-lb-14,2,-49,7.25,"{""Bat_V"": 3.606, ""Exti_pin_level"": ""Low"", ""Exti_status"": ""False"", ""IDC_intput_mA"": 5.454, ""IN1_pin_level"": ""Low"", ""IN2_pin_level"": ""Low"", ""Node_type"": ""PS-LB"", ""Probe_mod"": 0, ""VDC_intput_V"": 0, ""Water_deep_cm"": 18.175}"
2025-09-18 08:06:10.639797417+00:00,ps-lb-14,2,-51,6.5,"{""Bat_V"": 3.606, ""Exti_pin_level"": ""Low"", ""Exti_status"": ""False"", ""IDC_intput_mA"": 5.454, ""IN1_pin_level"": ""Low"", ""IN2_pin_level"": ""Low"", ""Node_type"": ""PS-LB"", ""Probe_mod"": 0, ""VDC_intput_V"": 0, ""Water_deep_cm"": 18.175}"
2025-09-18 08:07:10.632978125+00:00,ps-lb-14,2,-48,9.0,"{""Bat_V"": 3.606, ""Exti_pin_level"": ""Low"", ""Exti_status"": ""False"", ""IDC_intput_mA"": 5.454, ""IN1_pin_level"": ""Low"", ""IN2_pin_level"": ""Low"", ""Node_type"": ""PS-LB"", ""Probe_mod"": 0, ""VDC_intput_V"": 0, ""Water_deep_cm"": 18.175}"
2025-09-18 08:08:10.602350232+00:00,ps-lb-14,2,-49,8.75,"{""Bat_V"": 3.606, ""Exti_pin_level"": ""Low"", ""Exti_status"": ""False"", ""IDC_intput_mA"": 5.454, ""IN1_pin_level"": ""Low"", ""IN2_pin_level"": ""Low"", ""Node_type"": ""PS-LB"", ""Probe_mod"": 0, ""VDC_intput_V"": 0, ""Water_deep_cm"": 18.175}"
2025-09-18 08:09:10.582198395+00:00,ps-lb-14,2,-49,7.75,"{""Bat_V"": 3.606, ""Exti_pin_level"": ""Low"", ""Exti_status"": ""False"", ""IDC_intput_mA"": 5.454, ""IN1_pin_level"": ""Low"", ""IN2_pin_level"": ""Low"", ""Node_type"": ""PS-LB"", ""Probe_mod"": 0, ""VDC_intput_V"": 0, ""Water_deep_cm"": 18.175}"
2025-09-18 08:10:10.580698378+00:00,ps-lb-14,2,-124,-9.5,"{""Bat_V"": 3.606, ""Exti_pin_level"": ""Low"", ""Exti_status"": ""False"", ""IDC_intput_mA"": 5.454, ""IN1_pin_level"": ""Low"", ""IN2_pin_level"": ""Low"", ""Node_type"": ""PS-LB"", ""Probe_mod"": 0, ""VDC_intput_V"": 0, ""Water_deep_cm"": 18.175}"
2025-09-18 08:11:10.588087921+00:00,ps-lb-14,2,-50,9.25,"{""Bat_V"": 3.606, ""Exti_pin_level"": ""Low"", ""Exti_status"": ""False"", ""IDC_intput_mA"": 5.454, ""IN1_pin_level"": ""Low"", ""IN2_pin_level"": ""Low"", ""Node_type"": ""PS-LB"", ""Probe_mod"": 0, ""VDC_intput_V"": 0, ""Water_deep_cm"": 18.175}"
2025-09-18 08:12:10.559285535+00:00,ps-lb-14,2,-48,6.25,"{""Bat_V"": 3.606, ""Exti_pin_level"": ""Low"", ""Exti_status"": ""False"", ""IDC_intput_mA"": 5.454, ""IN1_pin_level"": ""Low"", ""IN2_pin_level"": ""Low"", ""Node_type"": ""PS-LB"", ""Probe_mod"": 0, ""VDC_intput_V"": 0, ""Water_deep_cm"": 18.175}"
2025-09-18 08:13:10.549653754+00:00,ps-lb-14,2,-48,7.75,"{""Bat_V"": 3.606, ""Exti_pin_level"": ""Low"", ""Exti_status"": ""False"", ""IDC_intput_mA"": 5.454, ""IN1_pin_level"": ""Low"", ""IN2_pin_level"": ""Low"", ""Node_type"": ""PS-LB"", ""Probe_mod"": 0, ""VDC_intput_V"": 0, ""Water_deep_cm"": 18.175}"
2025-09-18 08:14:10.529513017+00:00,ps-lb-14,2,-51,7.75,"{""Bat_V"": 3.606, ""Exti_pin_level"": ""Low"", ""Exti_status"": ""False"", ""IDC_intput_mA"": 5.454, ""IN1_pin_level"": ""Low"", ""IN2_pin_level"": ""Low"", ""Node_type"": ""PS-LB"", ""Probe_mod"": 0, ""VDC_intput_V"": 0, ""Water_deep_cm"": 18.175}"
2025-09-18 08:15:10.519629064+00:00,ps-lb-14,2,-47,10.25,"{""Bat_V"": 3.606, ""Exti_pin_level"": ""Low"", ""Exti_status"": ""False"", ""IDC_intput_mA"": 5.454, ""IN1_pin_level"": ""Low"", ""IN2_pin_level"": ""Low"", ""Node_type"": ""PS-LB"", ""Probe_mod"": 0, ""VDC_intput_V"": 0, ""Water_deep_cm"": 18.175}"
2025-09-18 08:16:10.508723745+00:00,ps-lb-14,2,-48,8.75,"{""Bat_V"": 3.606, ""Exti_pin_level"": ""Low"", ""Exti_status"": ""False"", ""IDC_intput_mA"": 5.454, ""IN1_pin_level"": ""Low"", ""IN2_pin_level"": ""Low"", ""Node_type"": ""PS-LB"", ""Probe_mod"": 0, ""VDC_intput_V"": 0, ""Water_deep_cm"": 18.175}"
2025-09-18 08:17:10.522611936+00:00,ps-lb-14,2,-47,8.75,"{""Bat_V"": 3.606, ""Exti_pin_level"": ""Low"", ""Exti_status"": ""False"", ""IDC_intput_mA"": 5.454, ""IN1_pin_level"": ""Low"", ""IN2_pin_level"": ""Low"", ""Node_type"": ""PS-LB"", ""Probe_mod"": 0, ""VDC_intput_V"": 0, ""Water_deep_cm"": 18.175}"
2025-09-18 08:18:10.492610888+00:00,ps-lb-14,2,-48,9.5,"{""Bat_V"": 3.606, ""Exti_pin_level"": ""Low"", ""Exti_status"": ""False"", ""IDC_intput_mA"": 5.454, ""IN1_pin_level"": ""Low"", ""IN2_pin_level"": ""Low"", ""Node_type"": ""PS-LB"", ""Probe_mod"": 0, ""VDC_intput_V"": 0, ""Water_deep_cm"": 18.175}"
2025-09-18 08:19:10.504091990+00:00,ps-lb-14,2,-48,9.25,"{""Bat_V"": 3.606, ""Exti_pin_level"": ""Low"", ""Exti_status"": ""False"", ""IDC_intput_mA"": 5.454, ""IN1_pin_level"": ""Low"", ""IN2_pin_level"": ""Low"", ""Node_type"": ""PS-LB"", ""Probe_mod"": 0, ""VDC_intput_V"": 0, ""Water_deep_cm"": 18.175}"
2025-09-18 08:20:10.470324193+00:00,ps-lb-14,2,-45,10.5,"{""Bat_V"": 3.606, ""Exti_pin_level"": ""Low"", ""Exti_status"": ""False"", ""IDC_intput_mA"": 5.454, ""IN1_pin_level"": ""Low"", ""IN2_pin_level"": ""Low"", ""Node_type"": ""PS-LB"", ""Probe_mod"": 0, ""VDC_intput_V"": 0, ""Water_deep_cm"": 18.175}"
2025-09-18 08:21:10.480096168+00:00,ps-lb-14,2,-45,9.5,"{""Bat_V"": 3.6, ""Exti_pin_level"": ""Low"", ""Exti_status"": ""False"", ""IDC_intput_mA"": 5.454, ""IN1_pin_level"": ""Low"", ""IN2_pin_level"": ""Low"", ""Node_type"": ""PS-LB"", ""Probe_mod"": 0, ""VDC_intput_V"": 0, ""Water_deep_cm"": 18.175}"
2025-09-18 08:22:10.461889611+00:00,ps-lb-14,2,-48,7.25,"{""Bat_V"": 3.6, ""Exti_pin_level"": ""Low"", ""Exti_status"": ""False"", ""IDC_intput_mA"": 5.454, ""IN1_pin_level"": ""Low"", ""IN2_pin_level"": ""Low"", ""Node_type"": ""PS-LB"", ""Probe_mod"": 0, ""VDC_intput_V"": 0, ""Water_deep_cm"": 18.175}"
2025-09-18 08:23:10.432622356+00:00,ps-lb-14,2,-45,9.5,"{""Bat_V"": 3.6, ""Exti_pin_level"": ""Low"", ""Exti_status"": ""False"", ""IDC_intput_mA"": 5.454, ""IN1_pin_level"": ""Low"", ""IN2_pin_level"": ""Low"", ""Node_type"": ""PS-LB"", ""Probe_mod"": 0, ""VDC_intput_V"": 0, ""Water_deep_cm"": 18.175}"
2025-09-18 08:24:10.432583222+00:00,ps-lb-14,2,-46,9.25,"{""Bat_V"": 3.6, ""Exti_pin_level"": ""Low"", ""Exti_status"": ""False"", ""IDC_intput_mA"": 5.454, ""IN1_pin_level"": ""Low"", ""IN2_pin_level"": ""Low"", ""Node_type"": ""PS-LB"", ""Probe_mod"": 0, ""VDC_intput_V"": 0, ""Water_deep_cm"": 18.175}"
2025-09-18 08:25:10.422510190+00:00,ps-lb-14,2,-47,7.5,"{""Bat_V"": 3.6, ""Exti_pin_level"": ""Low"", ""Exti_status"": ""False"", ""IDC_intput_mA"": 5.454, ""IN1_pin_level"": ""Low"", ""IN2_pin_level"": ""Low"", ""Node_type"": ""PS-LB"", ""Probe_mod"": 0, ""VDC_intput_V"": 0, ""Water_deep_cm"": 18.175}"
2025-09-18 08:26:10.412013726+00:00,ps-lb-14,2,-45,9.5,"{""Bat_V"": 3.6, ""Exti_pin_level"": ""Low"", ""Exti_status"": ""False"", ""IDC_intput_mA"": 5.454, ""IN1_pin_level"": ""Low"", ""IN2_pin_level"": ""Low"", ""Node_type"": ""PS-LB"", ""Probe_mod"": 0, ""VDC_intput_V"": 0, ""Water_deep_cm"": 18.175}"
2025-09-18 08:27:10.408057993+00:00,ps-lb-14,2,-50,10.5,"{""Bat_V"": 3.6, ""Exti_pin_level"": ""Low"", ""Exti_status"": ""False"", ""IDC_intput_mA"": 5.454, ""IN1_pin_level"": ""Low"", ""IN2_pin_level"": ""Low"", ""Node_type"": ""PS-LB"", ""Probe_mod"": 0, ""VDC_intput_V"": 0, ""Water_deep_cm"": 18.175}"
2025-09-18 08:28:10.394929058+00:00,ps-lb-14,2,-47,7.5,"{""Bat_V"": 3.6, ""Exti_pin_level"": ""Low"", ""Exti_status"": ""False"", ""IDC_intput_mA"": 5.454, ""IN1_pin_level"": ""Low"", ""IN2_pin_level"": ""Low"", ""Node_type"": ""PS-LB"", ""Probe_mod"": 0, ""VDC_intput_V"": 0, ""Water_deep_cm"": 18.175}"
2025-09-18 08:29:10.388137592+00:00,ps-lb-14,2,-44,7.25,"{""Bat_V"": 3.6, ""Exti_pin_level"": ""Low"", ""Exti_status"": ""False"", ""IDC_intput_mA"": 5.454, ""IN1_pin_level"": ""Low"", ""IN2_pin_level"": ""Low"", ""Node_type"": ""PS-LB"", ""Probe_mod"": 0, ""VDC_intput_V"": 0, ""Water_deep_cm"": 18.175}"
2025-09-18 08:30:10.363175019+00:00,ps-lb-14,2,-47,7.5,"{""Bat_V"": 3.6, ""Exti_pin_level"": ""Low"", ""Exti_status"": ""False"", ""IDC_intput_mA"": 5.454, ""IN1_pin_level"": ""Low"", ""IN2_pin_level"": ""Low"", ""Node_type"": ""PS-LB"", ""Probe_mod"": 0, ""VDC_intput_V"": 0, ""Water_deep_cm"": 18.175}"
2025-09-18 08:31:10.364004215+00:00,ps-lb-14,2,-47,9.5,"{""Bat_V"": 3.6, ""Exti_pin_level"": ""Low"", ""Exti_status"": ""False"", ""IDC_intput_mA"": 5.454, ""IN1_pin_level"": ""Low"", ""IN2_pin_level"": ""Low"", ""Node_type"": ""PS-LB"", ""Probe_mod"": 0, ""VDC_intput_V"": 0, ""Water_deep_cm"": 18.175}"
2025-09-18 08:32:10.343242124+00:00,ps-lb-14,2,-47,9.5,"{""Bat_V"": 3.6, ""Exti_pin_level"": ""Low"", ""Exti_status"": ""False"", ""IDC_intput_mA"": 5.454, ""IN1_pin_level"": ""Low"", ""IN2_pin_level"": ""Low"", ""Node_type"": ""PS-LB"", ""Probe_mod"": 0, ""VDC_intput_V"": 0, ""Water_deep_cm"": 18.175}"
2025-09-18 08:33:10.335003222+00:00,ps-lb-14,2,-48,7.25,"{""Bat_V"": 3.6, ""Exti_pin_level"": ""Low"", ""Exti_status"": ""False"", ""IDC_intput_mA"": 5.454, ""IN1_pin_level"": ""Low"", ""IN2_pin_level"": ""Low"", ""Node_type"": ""PS-LB"", ""Probe_mod"": 0, ""VDC_intput_V"": 0, ""Water_deep_cm"": 18.175}"
2025-09-18 08:34:10.331581073+00:00,ps-lb-14,2,-46,9.75,"{""Bat_V"": 3.6, ""Exti_pin_level"": ""Low"", ""Exti_status"": ""False"", ""IDC_intput_mA"": 5.454, ""IN1_pin_level"": ""Low"", ""IN2_pin_level"": ""Low"", ""Node_type"": ""PS-LB"", ""Probe_mod"": 0, ""VDC_intput_V"": 0, ""Water_deep_cm"": 18.175}"
2025-09-18 08:35:10.310736337+00:00,ps-lb-14,2,-48,9.5,"{""Bat_V"": 3.6, ""Exti_pin_level"": ""Low"", ""Exti_status"": ""False"", ""IDC_intput_mA"": 5.454, ""IN1_pin_level"": ""Low"", ""IN2_pin_level"": ""Low"", ""Node_type"": ""PS-LB"", ""Probe_mod"": 0, ""VDC_intput_V"": 0, ""Water_deep_cm"": 18.175}"
2025-09-18 08:36:10.312165613+00:00,ps-lb-14,2,-47,9.25,"{""Bat_V"": 3.6, ""Exti_pin_level"": ""Low"", ""Exti_status"": ""False"", ""IDC_intput_mA"": 5.454, ""IN1_pin_level"": ""Low"", ""IN2_pin_level"": ""Low"", ""Node_type"": ""PS-LB"", ""Probe_mod"": 0, ""VDC_intput_V"": 0, ""Water_deep_cm"": 18.175}"
2025-09-18 08:37:10.291735828+00:00,ps-lb-14,2,-49,7.0,"{""Bat_V"": 3.6, ""Exti_pin_level"": ""Low"", ""Exti_status"": ""False"", ""IDC_intput_mA"": 5.454, ""IN1_pin_level"": ""Low"", ""IN2_pin_level"": ""Low"", ""Node_type"": ""PS-LB"", ""Probe_mod"": 0, ""VDC_intput_V"": 0, ""Water_deep_cm"": 18.175}"
2025-09-18 08:38:10.292720498+00:00,ps-lb-14,2,-50,7.5,"{""Bat_V"": 3.6, ""Exti_pin_level"": ""Low"", ""Exti_status"": ""False"", ""IDC_intput_mA"": 5.454, ""IN1_pin_level"": ""Low"", ""IN2_pin_level"": ""Low"", ""Node_type"": ""PS-LB"", ""Probe_mod"": 0, ""VDC_intput_V"": 0, ""Water_deep_cm"": 18.175}"
2025-09-18 08:39:10.263467035+00:00,ps-lb-14,2,-47,9.75,"{""Bat_V"": 3.6, ""Exti_pin_level"": ""Low"", ""Exti_status"": ""False"", ""IDC_intput_mA"": 5.454, ""IN1_pin_level"": ""Low"", ""IN2_pin_level"": ""Low"", ""Node_type"": ""PS-LB"", ""Probe_mod"": 0, ""VDC_intput_V"": 0, ""Water_deep_cm"": 18.175}"
2025-09-18 08:40:10.262936235+00:00,ps-lb-14,2,-50,10.0,"{""Bat_V"": 3.6, ""Exti_pin_level"": ""Low"", ""Exti_status"": ""False"", ""IDC_intput_mA"": 5.454, ""IN1_pin_level"": ""Low"", ""IN2_pin_level"": ""Low"", ""Node_type"": ""PS-LB"", ""Probe_mod"": 0, ""VDC_intput_V"": 0, ""Water_deep_cm"": 18.175}"
2025-09-18 08:41:10.251916129+00:00,ps-lb-14,2,-50,7.25,"{""Bat_V"": 3.6, ""Exti_pin_level"": ""Low"", ""Exti_status"": ""False"", ""IDC_intput_mA"": 5.454, ""IN1_pin_level"": ""Low"", ""IN2_pin_level"": ""Low"", ""Node_type"": ""PS-LB"", ""Probe_mod"": 0, ""VDC_intput_V"": 0, ""Water_deep_cm"": 18.175}"
2025-09-18 08:42:10.239864701+00:00,ps-lb-14,2,-50,9.75,"{""Bat_V"": 3.6, ""Exti_pin_level"": ""Low"", ""Exti_status"": ""False"", ""IDC_intput_mA"": 5.454, ""IN1_pin_level"": ""Low"", ""IN2_pin_level"": ""Low"", ""Node_type"": ""PS-LB"", ""Probe_mod"": 0, ""VDC_intput_V"": 0, ""Water_deep_cm"": 18.175}"
2025-09-18 08:43:10.247360074+00:00,ps-lb-14,2,-51,9.0,"{""Bat_V"": 3.6, ""Exti_pin_level"": ""Low"", ""Exti_status"": ""False"", ""IDC_intput_mA"": 5.454, ""IN1_pin_level"": ""Low"", ""IN2_pin_level"": ""Low"", ""Node_type"": ""PS-LB"", ""Probe_mod"": 0, ""VDC_intput_V"": 0, ""Water_deep_cm"": 18.175}"
2025-09-18 08:44:10.229030561+00:00,ps-lb-14,2,-49,7.0,"{""Bat_V"": 3.6, ""Exti_pin_level"": ""Low"", ""Exti_status"": ""False"", ""IDC_intput_mA"": 5.454, ""IN1_pin_level"": ""Low"", ""IN2_pin_level"": ""Low"", ""Node_type"": ""PS-LB"", ""Probe_mod"": 0, ""VDC_intput_V"": 0, ""Water_deep_cm"": 18.175}"
2025-09-18 08:45:10.214175722+00:00,ps-lb-14,2,-48,10.5,"{""Bat_V"": 3.6, ""Exti_pin_level"": ""Low"", ""Exti_status"": ""False"", ""IDC_intput_mA"": 5.453, ""IN1_pin_level"": ""Low"", ""IN2_pin_level"": ""Low"", ""Node_type"": ""PS-LB"", ""Probe_mod"": 0, ""VDC_intput_V"": 0, ""Water_deep_cm"": 18.163}"
2025-09-18 08:46:10.201414617+00:00,ps-lb-14,2,-50,7.5,"{""Bat_V"": 3.6, ""Exti_pin_level"": ""Low"", ""Exti_status"": ""False"", ""IDC_intput_mA"": 5.454, ""IN1_pin_level"": ""Low"", ""IN2_pin_level"": ""Low"", ""Node_type"": ""PS-LB"", ""Probe_mod"": 0, ""VDC_intput_V"": 0, ""Water_deep_cm"": 18.175}"
2025-09-18 08:47:10.179152331+00:00,ps-lb-14,2,-48,9.5,"{""Bat_V"": 3.594, ""Exti_pin_level"": ""Low"", ""Exti_status"": ""False"", ""IDC_intput_mA"": 5.454, ""IN1_pin_level"": ""Low"", ""IN2_pin_level"": ""Low"", ""Node_type"": ""PS-LB"", ""Probe_mod"": 0, ""VDC_intput_V"": 0, ""Water_deep_cm"": 18.175}"
2025-09-18 08:48:10.169670632+00:00,ps-lb-14,2,-50,10.0,"{""Bat_V"": 3.594, ""Exti_pin_level"": ""Low"", ""Exti_status"": ""False"", ""IDC_intput_mA"": 5.454, ""IN1_pin_level"": ""Low"", ""IN2_pin_level"": ""Low"", ""Node_type"": ""PS-LB"", ""Probe_mod"": 0, ""VDC_intput_V"": 0, ""Water_deep_cm"": 18.175}"
2025-09-18 08:49:10.176749880+00:00,ps-lb-14,2,-50,7.0,"{""Bat_V"": 3.594, ""Exti_pin_level"": ""Low"", ""Exti_status"": ""False"", ""IDC_intput_mA"": 5.454, ""IN1_pin_level"": ""Low"", ""IN2_pin_level"": ""Low"", ""Node_type"": ""PS-LB"", ""Probe_mod"": 0, ""VDC_intput_V"": 0, ""Water_deep_cm"": 18.175}"
2025-09-18 08:50:10.169466838+00:00,ps-lb-14,2,-50,10.25,"{""Bat_V"": 3.594, ""Exti_pin_level"": ""Low"", ""Exti_status"": ""False"", ""IDC_intput_mA"": 5.454, ""IN1_pin_level"": ""Low"", ""IN2_pin_level"": ""Low"", ""Node_type"": ""PS-LB"", ""Probe_mod"": 0, ""VDC_intput_V"": 0, ""Water_deep_cm"": 18.175}"
2025-09-18 08:51:10.152174394+00:00,ps-lb-14,2,-49,9.25,"{""Bat_V"": 3.6, ""Exti_pin_level"": ""Low"", ""Exti_status"": ""False"", ""IDC_intput_mA"": 5.454, ""IN1_pin_level"": ""Low"", ""IN2_pin_level"": ""Low"", ""Node_type"": ""PS-LB"", ""Probe_mod"": 0, ""VDC_intput_V"": 0, ""Water_deep_cm"": 18.175}"
2025-09-18 08:52:10.149356041+00:00,ps-lb-14,2,-46,9.0,"{""Bat_V"": 3.594, ""Exti_pin_level"": ""Low"", ""Exti_status"": ""False"", ""IDC_intput_mA"": 5.454, ""IN1_pin_level"": ""Low"", ""IN2_pin_level"": ""Low"", ""Node_type"": ""PS-LB"", ""Probe_mod"": 0, ""VDC_intput_V"": 0, ""Water_deep_cm"": 18.175}"
2025-09-18 08:53:10.112972370+00:00,ps-lb-14,2,-48,6.75,"{""Bat_V"": 3.594, ""Exti_pin_level"": ""Low"", ""Exti_status"": ""False"", ""IDC_intput_mA"": 5.454, ""IN1_pin_level"": ""Low"", ""IN2_pin_level"": ""Low"", ""Node_type"": ""PS-LB"", ""Probe_mod"": 0, ""VDC_intput_V"": 0, ""Water_deep_cm"": 18.175}"
2025-09-18 08:54:10.112112296+00:00,ps-lb-14,2,-49,7.0,"{""Bat_V"": 3.6, ""Exti_pin_level"": ""Low"", ""Exti_status"": ""False"", ""IDC_intput_mA"": 5.454, ""IN1_pin_level"": ""Low"", ""IN2_pin_level"": ""Low"", ""Node_type"": ""PS-LB"", ""Probe_mod"": 0, ""VDC_intput_V"": 0, ""Water_deep_cm"": 18.175}"
2025-09-18 08:55:10.102024333+00:00,ps-lb-14,2,-51,10.5,"{""Bat_V"": 3.594, ""Exti_pin_level"": ""Low"", ""Exti_status"": ""False"", ""IDC_intput_mA"": 5.454, ""IN1_pin_level"": ""Low"", ""IN2_pin_level"": ""Low"", ""Node_type"": ""PS-LB"", ""Probe_mod"": 0, ""VDC_intput_V"": 0, ""Water_deep_cm"": 18.175}"
2025-09-18 08:56:10.080303032+00:00,ps-lb-14,2,-53,9.0,"{""Bat_V"": 3.594, ""Exti_pin_level"": ""Low"", ""Exti_status"": ""False"", ""IDC_intput_mA"": 5.454, ""IN1_pin_level"": ""Low"", ""IN2_pin_level"": ""Low"", ""Node_type"": ""PS-LB"", ""Probe_mod"": 0, ""VDC_intput_V"": 0, ""Water_deep_cm"": 18.175}"
2025-09-18 08:57:10.080073610+00:00,ps-lb-14,2,-51,8.25,"{""Bat_V"": 3.594, ""Exti_pin_level"": ""Low"", ""Exti_status"": ""False"", ""IDC_intput_mA"": 5.454, ""IN1_pin_level"": ""Low"", ""IN2_pin_level"": ""Low"", ""Node_type"": ""PS-LB"", ""Probe_mod"": 0, ""VDC_intput_V"": 0, ""Water_deep_cm"": 18.175}"
2025-09-18 08:58:10.080183571+00:00,ps-lb-14,2,-51,10.25,"{""Bat_V"": 3.594, ""Exti_pin_level"": ""Low"", ""Exti_status"": ""False"", ""IDC_intput_mA"": 5.454, ""IN1_pin_level"": ""Low"", ""IN2_pin_level"": ""Low"", ""Node_type"": ""PS-LB"", ""Probe_mod"": 0, ""VDC_intput_V"": 0, ""Water_deep_cm"": 18.175}"
2025-09-18 08:59:10.144160243+00:00,ps-lb-14,2,-53,10.25,"{""Bat_V"": 3.594, ""Exti_pin_level"": ""Low"", ""Exti_status"": ""False"", ""IDC_intput_mA"": 5.454, ""IN1_pin_level"": ""Low"", ""IN2_pin_level"": ""Low"", ""Node_type"": ""PS-LB"", ""Probe_mod"": 0, ""VDC_intput_V"": 0, ""Water_deep_cm"": 18.175}"
2025-09-18 09:00:10.051324+00:00,ps-lb-14,2,-51,7.5,"{""Bat_V"": 3.594, ""Exti_pin_level"": ""Low"", ""Exti_status"": ""False"", ""IDC_intput_mA"": 5.454, ""IN1_pin_level"": ""Low"", ""IN2_pin_level"": ""Low"", ""Node_type"": ""PS-LB"", ""Probe_mod"": 0, ""VDC_intput_V"": 0, ""Water_deep_cm"": 18.175}"
2025-09-18 09:01:10.029096741+00:00,ps-lb-14,2,-51,7.5,"{""Bat_V"": 3.594, ""Exti_pin_level"": ""Low"", ""Exti_status"": ""False"", ""IDC_intput_mA"": 5.454, ""IN1_pin_level"": ""Low"", ""IN2_pin_level"": ""Low"", ""Node_type"": ""PS-LB"", ""Probe_mod"": 0, ""VDC_intput_V"": 0, ""Water_deep_cm"": 18.175}"
2025-09-18 09:02:10.030274990+00:00,ps-lb-14,2,-50,9.0,"{""Bat_V"": 3.594, ""Exti_pin_level"": ""Low"", ""Exti_status"": ""False"", ""IDC_intput_mA"": 5.454, ""IN1_pin_level"": ""Low"", ""IN2_pin_level"": ""Low"", ""Node_type"": ""PS-LB"", ""Probe_mod"": 0, ""VDC_intput_V"": 0, ""Water_deep_cm"": 18.175}"
2025-09-18 09:03:10.030175372+00:00,ps-lb-14,2,-50,10.25,"{""Bat_V"": 3.594, ""Exti_pin_level"": ""Low"", ""Exti_status"": ""False"", ""IDC_intput_mA"": 5.454, ""IN1_pin_level"": ""Low"", ""IN2_pin_level"": ""Low"", ""Node_type"": ""PS-LB"", ""Probe_mod"": 0, ""VDC_intput_V"": 0, ""Water_deep_cm"": 18.175}"
2025-09-18 09:04:10.009355359+00:00,ps-lb-14,2,-50,9.0,"{""Bat_V"": 3.594, ""Exti_pin_level"": ""Low"", ""Exti_status"": ""False"", ""IDC_intput_mA"": 5.454, ""IN1_pin_level"": ""Low"", ""IN2_pin_level"": ""Low"", ""Node_type"": ""PS-LB"", ""Probe_mod"": 0, ""VDC_intput_V"": 0, ""Water_deep_cm"": 18.175}"
2025-09-18 09:05:09.988115386+00:00,ps-lb-14,2,-53,10.5,"{""Bat_V"": 3.594, ""Exti_pin_level"": ""Low"", ""Exti_status"": ""False"", ""IDC_intput_mA"": 5.454, ""IN1_pin_level"": ""Low"", ""IN2_pin_level"": ""Low"", ""Node_type"": ""PS-LB"", ""Probe_mod"": 0, ""VDC_intput_V"": 0, ""Water_deep_cm"": 18.175}"
2025-09-18 09:06:09.988694249+00:00,ps-lb-14,2,-50,9.0,"{""Bat_V"": 3.594, ""Exti_pin_level"": ""Low"", ""Exti_status"": ""False"", ""IDC_intput_mA"": 5.454, ""IN1_pin_level"": ""Low"", ""IN2_pin_level"": ""Low"", ""Node_type"": ""PS-LB"", ""Probe_mod"": 0, ""VDC_intput_V"": 0, ""Water_deep_cm"": 18.175}"
2025-09-18 09:07:09.991638823+00:00,ps-lb-14,2,-53,10.0,"{""Bat_V"": 3.594, ""Exti_pin_level"": ""Low"", ""Exti_status"": ""False"", ""IDC_intput_mA"": 5.454, ""IN1_pin_level"": ""Low"", ""IN2_pin_level"": ""Low"", ""Node_type"": ""PS-LB"", ""Probe_mod"": 0, ""VDC_intput_V"": 0, ""Water_deep_cm"": 18.175}"
2025-09-18 09:08:09.966933221+00:00,ps-lb-14,2,-51,7.75,"{""Bat_V"": 3.594, ""Exti_pin_level"": ""Low"", ""Exti_status"": ""False"", ""IDC_intput_mA"": 5.454, ""IN1_pin_level"": ""Low"", ""IN2_pin_level"": ""Low"", ""Node_type"": ""PS-LB"", ""Probe_mod"": 0, ""VDC_intput_V"": 0, ""Water_deep_cm"": 18.175}"
2025-09-18 09:09:09.950686306+00:00,ps-lb-14,2,-50,7.25,"{""Bat_V"": 3.594, ""Exti_pin_level"": ""Low"", ""Exti_status"": ""False"", ""IDC_intput_mA"": 5.454, ""IN1_pin_level"": ""Low"", ""IN2_pin_level"": ""Low"", ""Node_type"": ""PS-LB"", ""Probe_mod"": 0, ""VDC_intput_V"": 0, ""Water_deep_cm"": 18.175}"
2025-09-18 09:10:09.939005461+00:00,ps-lb-14,2,-51,7.0,"{""Bat_V"": 3.594, ""Exti_pin_level"": ""Low"", ""Exti_status"": ""False"", ""IDC_intput_mA"": 5.454, ""IN1_pin_level"": ""Low"", ""IN2_pin_level"": ""Low"", ""Node_type"": ""PS-LB"", ""Probe_mod"": 0, ""VDC_intput_V"": 0, ""Water_deep_cm"": 18.175}"
2025-09-18 09:11:09.928852470+00:00,ps-lb-14,2,-51,10.25,"{""Bat_V"": 3.594, ""Exti_pin_level"": ""Low"", ""Exti_status"": ""False"", ""IDC_intput_mA"": 5.454, ""IN1_pin_level"": ""Low"", ""IN2_pin_level"": ""Low"", ""Node_type"": ""PS-LB"", ""Probe_mod"": 0, ""VDC_intput_V"": 0, ""Water_deep_cm"": 18.175}"
2025-09-18 09:12:09.928309753+00:00,ps-lb-14,2,-51,9.5,"{""Bat_V"": 3.594, ""Exti_pin_level"": ""Low"", ""Exti_status"": ""False"", ""IDC_intput_mA"": 5.454, ""IN1_pin_level"": ""Low"", ""IN2_pin_level"": ""Low"", ""Node_type"": ""PS-LB"", ""Probe_mod"": 0, ""VDC_intput_V"": 0, ""Water_deep_cm"": 18.175}"
2025-09-18 09:13:09.919915092+00:00,ps-lb-14,2,-51,9.5,"{""Bat_V"": 3.594, ""Exti_pin_level"": ""Low"", ""Exti_status"": ""False"", ""IDC_intput_mA"": 5.454, ""IN1_pin_level"": ""Low"", ""IN2_pin_level"": ""Low"", ""Node_type"": ""PS-LB"", ""Probe_mod"": 0, ""VDC_intput_V"": 0, ""Water_deep_cm"": 18.175}"
2025-09-18 09:14:09.898883977+00:00,ps-lb-14,2,-51,9.5,"{""Bat_V"": 3.594, ""Exti_pin_level"": ""Low"", ""Exti_status"": ""False"", ""IDC_intput_mA"": 5.454, ""IN1_pin_level"": ""Low"", ""IN2_pin_level"": ""Low"", ""Node_type"": ""PS-LB"", ""Probe_mod"": 0, ""VDC_intput_V"": 0, ""Water_deep_cm"": 18.175}"
2025-09-18 09:15:09.924793716+00:00,ps-lb-14,2,-55,10.25,"{""Bat_V"": 3.594, ""Exti_pin_level"": ""Low"", ""Exti_status"": ""False"", ""IDC_intput_mA"": 5.454, ""IN1_pin_level"": ""Low"", ""IN2_pin_level"": ""Low"", ""Node_type"": ""PS-LB"", ""Probe_mod"": 0, ""VDC_intput_V"": 0, ""Water_deep_cm"": 18.175}"
2025-09-18 09:16:09.891583967+00:00,ps-lb-14,2,-50,9.25,"{""Bat_V"": 3.588, ""Exti_pin_level"": ""Low"", ""Exti_status"": ""False"", ""IDC_intput_mA"": 5.453, ""IN1_pin_level"": ""Low"", ""IN2_pin_level"": ""Low"", ""Node_type"": ""PS-LB"", ""Probe_mod"": 0, ""VDC_intput_V"": 0, ""Water_deep_cm"": 18.163}"
2025-09-18 09:17:09.890116830+00:00,ps-lb-14,2,-50,7.75,"{""Bat_V"": 3.594, ""Exti_pin_level"": ""Low"", ""Exti_status"": ""False"", ""IDC_intput_mA"": 5.454, ""IN1_pin_level"": ""Low"", ""IN2_pin_level"": ""Low"", ""Node_type"": ""PS-LB"", ""Probe_mod"": 0, ""VDC_intput_V"": 0, ""Water_deep_cm"": 18.175}"
2025-09-18 09:18:09.860562268+00:00,ps-lb-14,2,-54,7.75,"{""Bat_V"": 3.594, ""Exti_pin_level"": ""Low"", ""Exti_status"": ""False"", ""IDC_intput_mA"": 5.454, ""IN1_pin_level"": ""Low"", ""IN2_pin_level"": ""Low"", ""Node_type"": ""PS-LB"", ""Probe_mod"": 0, ""VDC_intput_V"": 0, ""Water_deep_cm"": 18.175}"
2025-09-18 09:19:09.853199487+00:00,ps-lb-14,2,-51,10.0,"{""Bat_V"": 3.594, ""Exti_pin_level"": ""Low"", ""Exti_status"": ""False"", ""IDC_intput_mA"": 5.454, ""IN1_pin_level"": ""Low"", ""IN2_pin_level"": ""Low"", ""Node_type"": ""PS-LB"", ""Probe_mod"": 0, ""VDC_intput_V"": 0, ""Water_deep_cm"": 18.175}"
2025-09-18 09:20:09.853297119+00:00,ps-lb-14,2,-54,8.75,"{""Bat_V"": 3.588, ""Exti_pin_level"": ""Low"", ""Exti_status"": ""False"", ""IDC_intput_mA"": 5.454, ""IN1_pin_level"": ""Low"", ""IN2_pin_level"": ""Low"", ""Node_type"": ""PS-LB"", ""Probe_mod"": 0, ""VDC_intput_V"": 0, ""Water_deep_cm"": 18.175}"
2025-09-18 09:21:09.839869793+00:00,ps-lb-14,2,-55,9.0,"{""Bat_V"": 3.588, ""Exti_pin_level"": ""Low"", ""Exti_status"": ""False"", ""IDC_intput_mA"": 5.454, ""IN1_pin_level"": ""Low"", ""IN2_pin_level"": ""Low"", ""Node_type"": ""PS-LB"", ""Probe_mod"": 0, ""VDC_intput_V"": 0, ""Water_deep_cm"": 18.175}"
2025-09-18 09:22:09.829523995+00:00,ps-lb-14,2,-54,9.25,"{""Bat_V"": 3.588, ""Exti_pin_level"": ""Low"", ""Exti_status"": ""False"", ""IDC_intput_mA"": 5.454, ""IN1_pin_level"": ""Low"", ""IN2_pin_level"": ""Low"", ""Node_type"": ""PS-LB"", ""Probe_mod"": 0, ""VDC_intput_V"": 0, ""Water_deep_cm"": 18.175}"
2025-09-18 09:23:09.790704553+00:00,ps-lb-14,2,-55,9.25,"{""Bat_V"": 3.588, ""Exti_pin_level"": ""Low"", ""Exti_status"": ""False"", ""IDC_intput_mA"": 5.454, ""IN1_pin_level"": ""Low"", ""IN2_pin_level"": ""Low"", ""Node_type"": ""PS-LB"", ""Probe_mod"": 0, ""VDC_intput_V"": 0, ""Water_deep_cm"": 18.175}"
2025-09-18 09:24:09.815162039+00:00,ps-lb-14,2,-53,9.5,"{""Bat_V"": 3.588, ""Exti_pin_level"": ""Low"", ""Exti_status"": ""False"", ""IDC_intput_mA"": 5.454, ""IN1_pin_level"": ""Low"", ""IN2_pin_level"": ""Low"", ""Node_type"": ""PS-LB"", ""Probe_mod"": 0, ""VDC_intput_V"": 0, ""Water_deep_cm"": 18.175}"
2025-09-18 09:25:09.790868914+00:00,ps-lb-14,2,-51,7.5,"{""Bat_V"": 3.588, ""Exti_pin_level"": ""Low"", ""Exti_status"": ""False"", ""IDC_intput_mA"": 5.454, ""IN1_pin_level"": ""Low"", ""IN2_pin_level"": ""Low"", ""Node_type"": ""PS-LB"", ""Probe_mod"": 0, ""VDC_intput_V"": 0, ""Water_deep_cm"": 18.175}"
2025-09-18 09:26:09.806590225+00:00,ps-lb-14,2,-53,9.5,"{""Bat_V"": 3.588, ""Exti_pin_level"": ""Low"", ""Exti_status"": ""False"", ""IDC_intput_mA"": 5.454, ""IN1_pin_level"": ""Low"", ""IN2_pin_level"": ""Low"", ""Node_type"": ""PS-LB"", ""Probe_mod"": 0, ""VDC_intput_V"": 0, ""Water_deep_cm"": 18.175}"
2025-09-18 09:27:09.763554813+00:00,ps-lb-14,2,-51,9.25,"{""Bat_V"": 3.588, ""Exti_pin_level"": ""Low"", ""Exti_status"": ""False"", ""IDC_intput_mA"": 5.454, ""IN1_pin_level"": ""Low"", ""IN2_pin_level"": ""Low"", ""Node_type"": ""PS-LB"", ""Probe_mod"": 0, ""VDC_intput_V"": 0, ""Water_deep_cm"": 18.175}"
2025-09-18 09:28:09.770533584+00:00,ps-lb-14,2,-56,10.75,"{""Bat_V"": 3.588, ""Exti_pin_level"": ""Low"", ""Exti_status"": ""False"", ""IDC_intput_mA"": 5.454, ""IN1_pin_level"": ""Low"", ""IN2_pin_level"": ""Low"", ""Node_type"": ""PS-LB"", ""Probe_mod"": 0, ""VDC_intput_V"": 0, ""Water_deep_cm"": 18.175}"
2025-09-18 09:29:09.741012226+00:00,ps-lb-14,2,-54,7.25,"{""Bat_V"": 3.588, ""Exti_pin_level"": ""Low"", ""Exti_status"": ""False"", ""IDC_intput_mA"": 5.454, ""IN1_pin_level"": ""Low"", ""IN2_pin_level"": ""Low"", ""Node_type"": ""PS-LB"", ""Probe_mod"": 0, ""VDC_intput_V"": 0, ""Water_deep_cm"": 18.175}"
2025-09-18 09:30:09.733293734+00:00,ps-lb-14,2,-51,9.25,"{""Bat_V"": 3.588, ""Exti_pin_level"": ""Low"", ""Exti_status"": ""False"", ""IDC_intput_mA"": 5.454, ""IN1_pin_level"": ""Low"", ""IN2_pin_level"": ""Low"", ""Node_type"": ""PS-LB"", ""Probe_mod"": 0, ""VDC_intput_V"": 0, ""Water_deep_cm"": 18.175}"
2025-09-18 09:31:09.709012646+00:00,ps-lb-14,2,-54,9.5,"{""Bat_V"": 3.588, ""Exti_pin_level"": ""Low"", ""Exti_status"": ""False"", ""IDC_intput_mA"": 5.454, ""IN1_pin_level"": ""Low"", ""IN2_pin_level"": ""Low"", ""Node_type"": ""PS-LB"", ""Probe_mod"": 0, ""VDC_intput_V"": 0, ""Water_deep_cm"": 18.175}"
2025-09-18 09:32:09.713859302+00:00,ps-lb-14,2,-51,7.5,"{""Bat_V"": 3.588, ""Exti_pin_level"": ""Low"", ""Exti_status"": ""False"", ""IDC_intput_mA"": 5.454, ""IN1_pin_level"": ""Low"", ""IN2_pin_level"": ""Low"", ""Node_type"": ""PS-LB"", ""Probe_mod"": 0, ""VDC_intput_V"": 0, ""Water_deep_cm"": 18.175}"
2025-09-18 09:33:09.702298384+00:00,ps-lb-14,2,-53,7.25,"{""Bat_V"": 3.588, ""Exti_pin_level"": ""Low"", ""Exti_status"": ""False"", ""IDC_intput_mA"": 5.453, ""IN1_pin_level"": ""Low"", ""IN2_pin_level"": ""Low"", ""Node_type"": ""PS-LB"", ""Probe_mod"": 0, ""VDC_intput_V"": 0, ""Water_deep_cm"": 18.163}"
2025-09-18 09:34:09.698809867+00:00,ps-lb-14,2,-54,7.25,"{""Bat_V"": 3.588, ""Exti_pin_level"": ""Low"", ""Exti_status"": ""False"", ""IDC_intput_mA"": 5.454, ""IN1_pin_level"": ""Low"", ""IN2_pin_level"": ""Low"", ""Node_type"": ""PS-LB"", ""Probe_mod"": 0, ""VDC_intput_V"": 0, ""Water_deep_cm"": 18.175}"
2025-09-18 09:36:09.702243655+00:00,ps-lb-14,2,-55,10.0,"{""Bat_V"": 3.588, ""Exti_pin_level"": ""Low"", ""Exti_status"": ""False"", ""IDC_intput_mA"": 5.454, ""IN1_pin_level"": ""Low"", ""IN2_pin_level"": ""Low"", ""Node_type"": ""PS-LB"", ""Probe_mod"": 0, ""VDC_intput_V"": 0, ""Water_deep_cm"": 18.175}"
2025-09-18 09:37:09.673685377+00:00,ps-lb-14,2,-53,9.5,"{""Bat_V"": 3.588, ""Exti_pin_level"": ""Low"", ""Exti_status"": ""False"", ""IDC_intput_mA"": 5.453, ""IN1_pin_level"": ""Low"", ""IN2_pin_level"": ""Low"", ""Node_type"": ""PS-LB"", ""Probe_mod"": 0, ""VDC_intput_V"": 0, ""Water_deep_cm"": 18.163}"
2025-09-18 09:38:09.651959648+00:00,ps-lb-14,2,-53,10.0,"{""Bat_V"": 3.588, ""Exti_pin_level"": ""Low"", ""Exti_status"": ""False"", ""IDC_intput_mA"": 5.454, ""IN1_pin_level"": ""Low"", ""IN2_pin_level"": ""Low"", ""Node_type"": ""PS-LB"", ""Probe_mod"": 0, ""VDC_intput_V"": 0, ""Water_deep_cm"": 18.175}"
2025-09-18 09:39:09.640946971+00:00,ps-lb-14,2,-53,9.75,"{""Bat_V"": 3.588, ""Exti_pin_level"": ""Low"", ""Exti_status"": ""False"", ""IDC_intput_mA"": 5.454, ""IN1_pin_level"": ""Low"", ""IN2_pin_level"": ""Low"", ""Node_type"": ""PS-LB"", ""Probe_mod"": 0, ""VDC_intput_V"": 0, ""Water_deep_cm"": 18.175}"
2025-09-18 09:40:09.631294032+00:00,ps-lb-14,2,-51,10.0,"{""Bat_V"": 3.588, ""Exti_pin_level"": ""Low"", ""Exti_status"": ""False"", ""IDC_intput_mA"": 5.454, ""IN1_pin_level"": ""Low"", ""IN2_pin_level"": ""Low"", ""Node_type"": ""PS-LB"", ""Probe_mod"": 0, ""VDC_intput_V"": 0, ""Water_deep_cm"": 18.175}"
2025-09-18 09:41:09.631095820+00:00,ps-lb-14,2,-54,11.25,"{""Bat_V"": 3.588, ""Exti_pin_level"": ""Low"", ""Exti_status"": ""False"", ""IDC_intput_mA"": 5.453, ""IN1_pin_level"": ""Low"", ""IN2_pin_level"": ""Low"", ""Node_type"": ""PS-LB"", ""Probe_mod"": 0, ""VDC_intput_V"": 0, ""Water_deep_cm"": 18.163}"
2025-09-18 09:42:09.610962319+00:00,ps-lb-14,2,-55,7.5,"{""Bat_V"": 3.588, ""Exti_pin_level"": ""Low"", ""Exti_status"": ""False"", ""IDC_intput_mA"": 5.454, ""IN1_pin_level"": ""Low"", ""IN2_pin_level"": ""Low"", ""Node_type"": ""PS-LB"", ""Probe_mod"": 0, ""VDC_intput_V"": 0, ""Water_deep_cm"": 18.175}"
2025-09-18 09:43:09.604566377+00:00,ps-lb-14,2,-54,9.75,"{""Bat_V"": 3.588, ""Exti_pin_level"": ""Low"", ""Exti_status"": ""False"", ""IDC_intput_mA"": 5.454, ""IN1_pin_level"": ""Low"", ""IN2_pin_level"": ""Low"", ""Node_type"": ""PS-LB"", ""Probe_mod"": 0, ""VDC_intput_V"": 0, ""Water_deep_cm"": 18.175}"
2025-09-18 09:44:09.582650819+00:00,ps-lb-14,2,-56,9.5,"{""Bat_V"": 3.588, ""Exti_pin_level"": ""Low"", ""Exti_status"": ""False"", ""IDC_intput_mA"": 5.454, ""IN1_pin_level"": ""Low"", ""IN2_pin_level"": ""Low"", ""Node_type"": ""PS-LB"", ""Probe_mod"": 0, ""VDC_intput_V"": 0, ""Water_deep_cm"": 18.175}"
2025-09-18 09:45:09.585264504+00:00,ps-lb-14,2,-54,7.0,"{""Bat_V"": 3.588, ""Exti_pin_level"": ""Low"", ""Exti_status"": ""False"", ""IDC_intput_mA"": 5.454, ""IN1_pin_level"": ""Low"", ""IN2_pin_level"": ""Low"", ""Node_type"": ""PS-LB"", ""Probe_mod"": 0, ""VDC_intput_V"": 0, ""Water_deep_cm"": 18.175}"
2025-09-18 09:46:09.563268052+00:00,ps-lb-14,2,-55,9.25,"{""Bat_V"": 3.588, ""Exti_pin_level"": ""Low"", ""Exti_status"": ""False"", ""IDC_intput_mA"": 5.454, ""IN1_pin_level"": ""Low"", ""IN2_pin_level"": ""Low"", ""Node_type"": ""PS-LB"", ""Probe_mod"": 0, ""VDC_intput_V"": 0, ""Water_deep_cm"": 18.175}"
2025-09-18 09:47:09.583084275+00:00,ps-lb-14,2,-53,9.25,"{""Bat_V"": 3.588, ""Exti_pin_level"": ""Low"", ""Exti_status"": ""False"", ""IDC_intput_mA"": 5.454, ""IN1_pin_level"": ""Low"", ""IN2_pin_level"": ""Low"", ""Node_type"": ""PS-LB"", ""Probe_mod"": 0, ""VDC_intput_V"": 0, ""Water_deep_cm"": 18.175}"
2025-09-18 09:48:09.571200819+00:00,ps-lb-14,2,-53,7.75,"{""Bat_V"": 3.588, ""Exti_pin_level"": ""Low"", ""Exti_status"": ""False"", ""IDC_intput_mA"": 5.454, ""IN1_pin_level"": ""Low"", ""IN2_pin_level"": ""Low"", ""Node_type"": ""PS-LB"", ""Probe_mod"": 0, ""VDC_intput_V"": 0, ""Water_deep_cm"": 18.175}"
2025-09-18 09:49:09.532609143+00:00,ps-lb-14,2,-51,9.25,"{""Bat_V"": 3.588, ""Exti_pin_level"": ""Low"", ""Exti_status"": ""False"", ""IDC_intput_mA"": 5.453, ""IN1_pin_level"": ""Low"", ""IN2_pin_level"": ""Low"", ""Node_type"": ""PS-LB"", ""Probe_mod"": 0, ""VDC_intput_V"": 0, ""Water_deep_cm"": 18.163}"
2025-09-18 09:50:09.524192748+00:00,ps-lb-14,2,-53,9.25,"{""Bat_V"": 3.588, ""Exti_pin_level"": ""Low"", ""Exti_status"": ""False"", ""IDC_intput_mA"": 5.454, ""IN1_pin_level"": ""Low"", ""IN2_pin_level"": ""Low"", ""Node_type"": ""PS-LB"", ""Probe_mod"": 0, ""VDC_intput_V"": 0, ""Water_deep_cm"": 18.175}"
2025-09-18 09:51:09.533530341+00:00,ps-lb-14,2,-53,9.5,"{""Bat_V"": 3.582, ""Exti_pin_level"": ""Low"", ""Exti_status"": ""False"", ""IDC_intput_mA"": 5.454, ""IN1_pin_level"": ""Low"", ""IN2_pin_level"": ""Low"", ""Node_type"": ""PS-LB"", ""Probe_mod"": 0, ""VDC_intput_V"": 0, ""Water_deep_cm"": 18.175}"
2025-09-18 09:52:09.511224412+00:00,ps-lb-14,2,-55,9.25,"{""Bat_V"": 3.588, ""Exti_pin_level"": ""Low"", ""Exti_status"": ""False"", ""IDC_intput_mA"": 5.454, ""IN1_pin_level"": ""Low"", ""IN2_pin_level"": ""Low"", ""Node_type"": ""PS-LB"", ""Probe_mod"": 0, ""VDC_intput_V"": 0, ""Water_deep_cm"": 18.175}"
2025-09-18 09:53:09.503816591+00:00,ps-lb-14,2,-55,10.5,"{""Bat_V"": 3.582, ""Exti_pin_level"": ""Low"", ""Exti_status"": ""False"", ""IDC_intput_mA"": 5.454, ""IN1_pin_level"": ""Low"", ""IN2_pin_level"": ""Low"", ""Node_type"": ""PS-LB"", ""Probe_mod"": 0, ""VDC_intput_V"": 0, ""Water_deep_cm"": 18.175}"
2025-09-18 09:54:09.494406415+00:00,ps-lb-14,2,-53,9.75,"{""Bat_V"": 3.582, ""Exti_pin_level"": ""Low"", ""Exti_status"": ""False"", ""IDC_intput_mA"": 5.454, ""IN1_pin_level"": ""Low"", ""IN2_pin_level"": ""Low"", ""Node_type"": ""PS-LB"", ""Probe_mod"": 0, ""VDC_intput_V"": 0, ""Water_deep_cm"": 18.175}"
2025-09-18 09:55:09.476409349+00:00,ps-lb-14,2,-56,10.25,"{""Bat_V"": 3.582, ""Exti_pin_level"": ""Low"", ""Exti_status"": ""False"", ""IDC_intput_mA"": 5.454, ""IN1_pin_level"": ""Low"", ""IN2_pin_level"": ""Low"", ""Node_type"": ""PS-LB"", ""Probe_mod"": 0, ""VDC_intput_V"": 0, ""Water_deep_cm"": 18.175}"
2025-09-18 09:56:09.472494219+00:00,ps-lb-14,2,-51,7.75,"{""Bat_V"": 3.582, ""Exti_pin_level"": ""Low"", ""Exti_status"": ""False"", ""IDC_intput_mA"": 5.453, ""IN1_pin_level"": ""Low"", ""IN2_pin_level"": ""Low"", ""Node_type"": ""PS-LB"", ""Probe_mod"": 0, ""VDC_intput_V"": 0, ""Water_deep_cm"": 18.163}"
2025-09-18 09:57:09.450857521+00:00,ps-lb-14,2,-53,10.0,"{""Bat_V"": 3.582, ""Exti_pin_level"": ""Low"", ""Exti_status"": ""False"", ""IDC_intput_mA"": 5.454, ""IN1_pin_level"": ""Low"", ""IN2_pin_level"": ""Low"", ""Node_type"": ""PS-LB"", ""Probe_mod"": 0, ""VDC_intput_V"": 0, ""Water_deep_cm"": 18.175}"
2025-09-18 09:58:09.434618100+00:00,ps-lb-14,2,-55,9.75,"{""Bat_V"": 3.582, ""Exti_pin_level"": ""Low"", ""Exti_status"": ""False"", ""IDC_intput_mA"": 5.454, ""IN1_pin_level"": ""Low"", ""IN2_pin_level"": ""Low"", ""Node_type"": ""PS-LB"", ""Probe_mod"": 0, ""VDC_intput_V"": 0, ""Water_deep_cm"": 18.175}"
2025-09-18 09:59:09.423665904+00:00,ps-lb-14,2,-51,9.25,"{""Bat_V"": 3.582, ""Exti_pin_level"": ""Low"", ""Exti_status"": ""False"", ""IDC_intput_mA"": 5.454, ""IN1_pin_level"": ""Low"", ""IN2_pin_level"": ""Low"", ""Node_type"": ""PS-LB"", ""Probe_mod"": 0, ""VDC_intput_V"": 0, ""Water_deep_cm"": 18.175}"
2025-09-18 10:00:09.439730703+00:00,ps-lb-14,2,-55,9.75,"{""Bat_V"": 3.582, ""Exti_pin_level"": ""Low"", ""Exti_status"": ""False"", ""IDC_intput_mA"": 5.454, ""IN1_pin_level"": ""Low"", ""IN2_pin_level"": ""Low"", ""Node_type"": ""PS-LB"", ""Probe_mod"": 0, ""VDC_intput_V"": 0, ""Water_deep_cm"": 18.175}"
2025-09-18 10:01:09.393142400+00:00,ps-lb-14,2,-55,7.25,"{""Bat_V"": 3.582, ""Exti_pin_level"": ""Low"", ""Exti_status"": ""False"", ""IDC_intput_mA"": 5.454, ""IN1_pin_level"": ""Low"", ""IN2_pin_level"": ""Low"", ""Node_type"": ""PS-LB"", ""Probe_mod"": 0, ""VDC_intput_V"": 0, ""Water_deep_cm"": 18.175}"
2025-09-18 10:02:09.384057595+00:00,ps-lb-14,2,-55,9.75,"{""Bat_V"": 3.582, ""Exti_pin_level"": ""Low"", ""Exti_status"": ""False"", ""IDC_intput_mA"": 5.454, ""IN1_pin_level"": ""Low"", ""IN2_pin_level"": ""Low"", ""Node_type"": ""PS-LB"", ""Probe_mod"": 0, ""VDC_intput_V"": 0, ""Water_deep_cm"": 18.175}"
2025-09-18 10:03:09.383919008+00:00,ps-lb-14,2,-53,8.75,"{""Bat_V"": 3.582, ""Exti_pin_level"": ""Low"", ""Exti_status"": ""False"", ""IDC_intput_mA"": 5.454, ""IN1_pin_level"": ""Low"", ""IN2_pin_level"": ""Low"", ""Node_type"": ""PS-LB"", ""Probe_mod"": 0, ""VDC_intput_V"": 0, ""Water_deep_cm"": 18.175}"
2025-09-18 10:04:09.364045363+00:00,ps-lb-14,2,-51,9.5,"{""Bat_V"": 3.582, ""Exti_pin_level"": ""Low"", ""Exti_status"": ""False"", ""IDC_intput_mA"": 5.454, ""IN1_pin_level"": ""Low"", ""IN2_pin_level"": ""Low"", ""Node_type"": ""PS-LB"", ""Probe_mod"": 0, ""VDC_intput_V"": 0, ""Water_deep_cm"": 18.175}"
2025-09-18 10:05:09.375199888+00:00,ps-lb-14,2,-53,8.0,"{""Bat_V"": 3.582, ""Exti_pin_level"": ""Low"", ""Exti_status"": ""False"", ""IDC_intput_mA"": 5.454, ""IN1_pin_level"": ""Low"", ""IN2_pin_level"": ""Low"", ""Node_type"": ""PS-LB"", ""Probe_mod"": 0, ""VDC_intput_V"": 0, ""Water_deep_cm"": 18.175}"
2025-09-18 10:06:09.363457393+00:00,ps-lb-14,2,-54,7.5,"{""Bat_V"": 3.582, ""Exti_pin_level"": ""Low"", ""Exti_status"": ""False"", ""IDC_intput_mA"": 5.454, ""IN1_pin_level"": ""Low"", ""IN2_pin_level"": ""Low"", ""Node_type"": ""PS-LB"", ""Probe_mod"": 0, ""VDC_intput_V"": 0, ""Water_deep_cm"": 18.175}"
2025-09-18 10:07:09.341447762+00:00,ps-lb-14,2,-55,9.75,"{""Bat_V"": 3.582, ""Exti_pin_level"": ""Low"", ""Exti_status"": ""False"", ""IDC_intput_mA"": 5.454, ""IN1_pin_level"": ""Low"", ""IN2_pin_level"": ""Low"", ""Node_type"": ""PS-LB"", ""Probe_mod"": 0, ""VDC_intput_V"": 0, ""Water_deep_cm"": 18.175}"
2025-09-18 10:08:09.344700366+00:00,ps-lb-14,2,-56,9.5,"{""Bat_V"": 3.582, ""Exti_pin_level"": ""Low"", ""Exti_status"": ""False"", ""IDC_intput_mA"": 5.454, ""IN1_pin_level"": ""Low"", ""IN2_pin_level"": ""Low"", ""Node_type"": ""PS-LB"", ""Probe_mod"": 0, ""VDC_intput_V"": 0, ""Water_deep_cm"": 18.175}"
2025-09-18 10:09:09.363765019+00:00,ps-lb-14,2,-55,9.75,"{""Bat_V"": 3.582, ""Exti_pin_level"": ""Low"", ""Exti_status"": ""False"", ""IDC_intput_mA"": 5.453, ""IN1_pin_level"": ""Low"", ""IN2_pin_level"": ""Low"", ""Node_type"": ""PS-LB"", ""Probe_mod"": 0, ""VDC_intput_V"": 0, ""Water_deep_cm"": 18.163}"
2025-09-18 10:10:09.305015658+00:00,ps-lb-14,2,-53,10.5,"{""Bat_V"": 3.582, ""Exti_pin_level"": ""Low"", ""Exti_status"": ""False"", ""IDC_intput_mA"": 5.454, ""IN1_pin_level"": ""Low"", ""IN2_pin_level"": ""Low"", ""Node_type"": ""PS-LB"", ""Probe_mod"": 0, ""VDC_intput_V"": 0, ""Water_deep_cm"": 18.175}"
2025-09-18 10:11:09.304850543+00:00,ps-lb-14,2,-56,10.0,"{""Bat_V"": 3.582, ""Exti_pin_level"": ""Low"", ""Exti_status"": ""False"", ""IDC_intput_mA"": 5.453, ""IN1_pin_level"": ""Low"", ""IN2_pin_level"": ""Low"", ""Node_type"": ""PS-LB"", ""Probe_mod"": 0, ""VDC_intput_V"": 0, ""Water_deep_cm"": 18.163}"
2025-09-18 10:12:09.299421192+00:00,ps-lb-14,2,-51,7.75,"{""Bat_V"": 3.582, ""Exti_pin_level"": ""Low"", ""Exti_status"": ""False"", ""IDC_intput_mA"": 5.454, ""IN1_pin_level"": ""Low"", ""IN2_pin_level"": ""Low"", ""Node_type"": ""PS-LB"", ""Probe_mod"": 0, ""VDC_intput_V"": 0, ""Water_deep_cm"": 18.175}"
2025-09-18 10:13:09.280801143+00:00,ps-lb-14,2,-54,10.0,"{""Bat_V"": 3.582, ""Exti_pin_level"": ""Low"", ""Exti_status"": ""False"", ""IDC_intput_mA"": 5.454, ""IN1_pin_level"": ""Low"", ""IN2_pin_level"": ""Low"", ""Node_type"": ""PS-LB"", ""Probe_mod"": 0, ""VDC_intput_V"": 0, ""Water_deep_cm"": 18.175}"
2025-09-18 10:14:09.274399439+00:00,ps-lb-14,2,-52,9.0,"{""Bat_V"": 3.582, ""Exti_pin_level"": ""Low"", ""Exti_status"": ""False"", ""IDC_intput_mA"": 5.454, ""IN1_pin_level"": ""Low"", ""IN2_pin_level"": ""Low"", ""Node_type"": ""PS-LB"", ""Probe_mod"": 0, ""VDC_intput_V"": 0, ""Water_deep_cm"": 18.175}"
2025-09-18 10:15:09.269887781+00:00,ps-lb-14,2,-51,10.25,"{""Bat_V"": 3.582, ""Exti_pin_level"": ""Low"", ""Exti_status"": ""False"", ""IDC_intput_mA"": 5.454, ""IN1_pin_level"": ""Low"", ""IN2_pin_level"": ""Low"", ""Node_type"": ""PS-LB"", ""Probe_mod"": 0, ""VDC_intput_V"": 0, ""Water_deep_cm"": 18.175}"
2025-09-18 10:16:09.265711857+00:00,ps-lb-14,2,-54,10.0,"{""Bat_V"": 3.582, ""Exti_pin_level"": ""Low"", ""Exti_status"": ""False"", ""IDC_intput_mA"": 5.454, ""IN1_pin_level"": ""Low"", ""IN2_pin_level"": ""Low"", ""Node_type"": ""PS-LB"", ""Probe_mod"": 0, ""VDC_intput_V"": 0, ""Water_deep_cm"": 18.175}"
2025-09-18 10:17:09.234086802+00:00,ps-lb-14,2,-55,9.5,"{""Bat_V"": 3.582, ""Exti_pin_level"": ""Low"", ""Exti_status"": ""False"", ""IDC_intput_mA"": 5.454, ""IN1_pin_level"": ""Low"", ""IN2_pin_level"": ""Low"", ""Node_type"": ""PS-LB"", ""Probe_mod"": 0, ""VDC_intput_V"": 0, ""Water_deep_cm"": 18.175}"
2025-09-18 10:18:09.227160016+00:00,ps-lb-14,2,-55,9.5,"{""Bat_V"": 3.576, ""Exti_pin_level"": ""Low"", ""Exti_status"": ""False"", ""IDC_intput_mA"": 5.453, ""IN1_pin_level"": ""Low"", ""IN2_pin_level"": ""Low"", ""Node_type"": ""PS-LB"", ""Probe_mod"": 0, ""VDC_intput_V"": 0, ""Water_deep_cm"": 18.163}"
2025-09-18 10:19:09.211672413+00:00,ps-lb-14,2,-53,9.5,"{""Bat_V"": 3.582, ""Exti_pin_level"": ""Low"", ""Exti_status"": ""False"", ""IDC_intput_mA"": 5.454, ""IN1_pin_level"": ""Low"", ""IN2_pin_level"": ""Low"", ""Node_type"": ""PS-LB"", ""Probe_mod"": 0, ""VDC_intput_V"": 0, ""Water_deep_cm"": 18.175}"
2025-09-18 10:20:09.191341331+00:00,ps-lb-14,2,-51,9.75,"{""Bat_V"": 3.582, ""Exti_pin_level"": ""Low"", ""Exti_status"": ""False"", ""IDC_intput_mA"": 5.454, ""IN1_pin_level"": ""Low"", ""IN2_pin_level"": ""Low"", ""Node_type"": ""PS-LB"", ""Probe_mod"": 0, ""VDC_intput_V"": 0, ""Water_deep_cm"": 18.175}"
2025-09-18 10:21:09.184972889+00:00,ps-lb-14,2,-54,10.25,"{""Bat_V"": 3.582, ""Exti_pin_level"": ""Low"", ""Exti_status"": ""False"", ""IDC_intput_mA"": 5.454, ""IN1_pin_level"": ""Low"", ""IN2_pin_level"": ""Low"", ""Node_type"": ""PS-LB"", ""Probe_mod"": 0, ""VDC_intput_V"": 0, ""Water_deep_cm"": 18.175}"
2025-09-18 10:22:09.188898486+00:00,ps-lb-14,2,-55,10.0,"{""Bat_V"": 3.576, ""Exti_pin_level"": ""Low"", ""Exti_status"": ""False"", ""IDC_intput_mA"": 5.454, ""IN1_pin_level"": ""Low"", ""IN2_pin_level"": ""Low"", ""Node_type"": ""PS-LB"", ""Probe_mod"": 0, ""VDC_intput_V"": 0, ""Water_deep_cm"": 18.175}"
2025-09-18 10:23:09.189898631+00:00,ps-lb-14,2,-53,11.0,"{""Bat_V"": 3.582, ""Exti_pin_level"": ""Low"", ""Exti_status"": ""False"", ""IDC_intput_mA"": 5.454, ""IN1_pin_level"": ""Low"", ""IN2_pin_level"": ""Low"", ""Node_type"": ""PS-LB"", ""Probe_mod"": 0, ""VDC_intput_V"": 0, ""Water_deep_cm"": 18.175}"
2025-09-18 10:24:09.170872752+00:00,ps-lb-14,2,-54,9.25,"{""Bat_V"": 3.576, ""Exti_pin_level"": ""Low"", ""Exti_status"": ""False"", ""IDC_intput_mA"": 5.453, ""IN1_pin_level"": ""Low"", ""IN2_pin_level"": ""Low"", ""Node_type"": ""PS-LB"", ""Probe_mod"": 0, ""VDC_intput_V"": 0, ""Water_deep_cm"": 18.163}"
2025-09-18 10:25:09.174234182+00:00,ps-lb-14,2,-53,7.75,"{""Bat_V"": 3.582, ""Exti_pin_level"": ""Low"", ""Exti_status"": ""False"", ""IDC_intput_mA"": 5.454, ""IN1_pin_level"": ""Low"", ""IN2_pin_level"": ""Low"", ""Node_type"": ""PS-LB"", ""Probe_mod"": 0, ""VDC_intput_V"": 0, ""Water_deep_cm"": 18.175}"
2025-09-18 10:26:09.144089352+00:00,ps-lb-14,2,-54,9.75,"{""Bat_V"": 3.576, ""Exti_pin_level"": ""Low"", ""Exti_status"": ""False"", ""IDC_intput_mA"": 5.454, ""IN1_pin_level"": ""Low"", ""IN2_pin_level"": ""Low"", ""Node_type"": ""PS-LB"", ""Probe_mod"": 0, ""VDC_intput_V"": 0, ""Water_deep_cm"": 18.175}"
2025-09-18 10:27:09.134873021+00:00,ps-lb-14,2,-53,9.75,"{""Bat_V"": 3.576, ""Exti_pin_level"": ""Low"", ""Exti_status"": ""False"", ""IDC_intput_mA"": 5.453, ""IN1_pin_level"": ""Low"", ""IN2_pin_level"": ""Low"", ""Node_type"": ""PS-LB"", ""Probe_mod"": 0, ""VDC_intput_V"": 0, ""Water_deep_cm"": 18.163}"
2025-09-18 10:28:23.725355351+00:00,ps-lb-14,2,-53,7.75,"{""Bat_V"": 3.576, ""Exti_pin_level"": ""Low"", ""Exti_status"": ""False"", ""IDC_intput_mA"": 5.454, ""IN1_pin_level"": ""Low"", ""IN2_pin_level"": ""Low"", ""Node_type"": ""PS-LB"", ""Probe_mod"": 0, ""VDC_intput_V"": 0, ""Water_deep_cm"": 18.175}"
2025-09-18 10:29:23.691623968+00:00,ps-lb-14,2,-53,7.75,"{""Bat_V"": 3.576, ""Exti_pin_level"": ""Low"", ""Exti_status"": ""False"", ""IDC_intput_mA"": 5.453, ""IN1_pin_level"": ""Low"", ""IN2_pin_level"": ""Low"", ""Node_type"": ""PS-LB"", ""Probe_mod"": 0, ""VDC_intput_V"": 0, ""Water_deep_cm"": 18.163}"
2025-09-18 10:30:23.704376892+00:00,ps-lb-14,2,-54,9.0,"{""Bat_V"": 3.582, ""Exti_pin_level"": ""Low"", ""Exti_status"": ""False"", ""IDC_intput_mA"": 5.453, ""IN1_pin_level"": ""Low"", ""IN2_pin_level"": ""Low"", ""Node_type"": ""PS-LB"", ""Probe_mod"": 0, ""VDC_intput_V"": 0, ""Water_deep_cm"": 18.163}"
2025-09-18 10:40:38.188525997+00:00,ps-lb-14,2,-53,9.5,"{""Bat_V"": 3.582, ""Exti_pin_level"": ""Low"", ""Exti_status"": ""False"", ""IDC_intput_mA"": 5.453, ""IN1_pin_level"": ""Low"", ""IN2_pin_level"": ""Low"", ""Node_type"": ""PS-LB"", ""Probe_mod"": 0, ""VDC_intput_V"": 0, ""Water_deep_cm"": 18.163}"
2025-09-18 10:50:38.061192904+00:00,ps-lb-14,2,-56,10.25,"{""Bat_V"": 3.582, ""Exti_pin_level"": ""Low"", ""Exti_status"": ""False"", ""IDC_intput_mA"": 5.454, ""IN1_pin_level"": ""Low"", ""IN2_pin_level"": ""Low"", ""Node_type"": ""PS-LB"", ""Probe_mod"": 0, ""VDC_intput_V"": 0, ""Water_deep_cm"": 18.175}"
2025-09-18 11:00:37.947676194+00:00,ps-lb-14,2,-53,7.5,"{""Bat_V"": 3.582, ""Exti_pin_level"": ""Low"", ""Exti_status"": ""False"", ""IDC_intput_mA"": 5.454, ""IN1_pin_level"": ""Low"", ""IN2_pin_level"": ""Low"", ""Node_type"": ""PS-LB"", ""Probe_mod"": 0, ""VDC_intput_V"": 0, ""Water_deep_cm"": 18.175}"
2025-09-18 11:10:37.838137774+00:00,ps-lb-14,2,-55,9.75,"{""Bat_V"": 3.582, ""Exti_pin_level"": ""Low"", ""Exti_status"": ""False"", ""IDC_intput_mA"": 5.453, ""IN1_pin_level"": ""Low"", ""IN2_pin_level"": ""Low"", ""Node_type"": ""PS-LB"", ""Probe_mod"": 0, ""VDC_intput_V"": 0, ""Water_deep_cm"": 18.163}"
2025-09-18 11:20:37.728765935+00:00,ps-lb-14,2,-56,9.5,"{""Bat_V"": 3.582, ""Exti_pin_level"": ""Low"", ""Exti_status"": ""False"", ""IDC_intput_mA"": 5.453, ""IN1_pin_level"": ""Low"", ""IN2_pin_level"": ""Low"", ""Node_type"": ""PS-LB"", ""Probe_mod"": 0, ""VDC_intput_V"": 0, ""Water_deep_cm"": 18.163}"
2025-09-18 11:30:37.595511480+00:00,ps-lb-14,2,-51,9.0,"{""Bat_V"": 3.582, ""Exti_pin_level"": ""Low"", ""Exti_status"": ""False"", ""IDC_intput_mA"": 5.453, ""IN1_pin_level"": ""Low"", ""IN2_pin_level"": ""Low"", ""Node_type"": ""PS-LB"", ""Probe_mod"": 0, ""VDC_intput_V"": 0, ""Water_deep_cm"": 18.163}"
2025-09-18 11:40:37.504587685+00:00,ps-lb-14,2,-51,7.75,"{""Bat_V"": 3.582, ""Exti_pin_level"": ""Low"", ""Exti_status"": ""False"", ""IDC_intput_mA"": 5.452, ""IN1_pin_level"": ""Low"", ""IN2_pin_level"": ""Low"", ""Node_type"": ""PS-LB"", ""Probe_mod"": 0, ""VDC_intput_V"": 0, ""Water_deep_cm"": 18.15}"
2025-09-18 11:50:37.387523389+00:00,ps-lb-14,2,-53,9.5,"{""Bat_V"": 3.582, ""Exti_pin_level"": ""Low"", ""Exti_status"": ""False"", ""IDC_intput_mA"": 5.453, ""IN1_pin_level"": ""Low"", ""IN2_pin_level"": ""Low"", ""Node_type"": ""PS-LB"", ""Probe_mod"": 0, ""VDC_intput_V"": 0, ""Water_deep_cm"": 18.163}"
2025-09-18 12:00:37.275832747+00:00,ps-lb-14,2,-51,10.25,"{""Bat_V"": 3.582, ""Exti_pin_level"": ""Low"", ""Exti_status"": ""False"", ""IDC_intput_mA"": 5.453, ""IN1_pin_level"": ""Low"", ""IN2_pin_level"": ""Low"", ""Node_type"": ""PS-LB"", ""Probe_mod"": 0, ""VDC_intput_V"": 0, ""Water_deep_cm"": 18.163}"
2025-09-18 12:10:37.165537671+00:00,ps-lb-14,2,-55,10.5,"{""Bat_V"": 3.582, ""Exti_pin_level"": ""Low"", ""Exti_status"": ""False"", ""IDC_intput_mA"": 5.454, ""IN1_pin_level"": ""Low"", ""IN2_pin_level"": ""Low"", ""Node_type"": ""PS-LB"", ""Probe_mod"": 0, ""VDC_intput_V"": 0, ""Water_deep_cm"": 18.175}"
2025-09-18 12:20:37.045705541+00:00,ps-lb-14,2,-55,7.5,"{""Bat_V"": 3.582, ""Exti_pin_level"": ""Low"", ""Exti_status"": ""False"", ""IDC_intput_mA"": 5.453, ""IN1_pin_level"": ""Low"", ""IN2_pin_level"": ""Low"", ""Node_type"": ""PS-LB"", ""Probe_mod"": 0, ""VDC_intput_V"": 0, ""Water_deep_cm"": 18.163}"
2025-09-18 12:30:36.921171240+00:00,ps-lb-14,2,-53,9.5,"{""Bat_V"": 3.582, ""Exti_pin_level"": ""Low"", ""Exti_status"": ""False"", ""IDC_intput_mA"": 5.453, ""IN1_pin_level"": ""Low"", ""IN2_pin_level"": ""Low"", ""Node_type"": ""PS-LB"", ""Probe_mod"": 0, ""VDC_intput_V"": 0, ""Water_deep_cm"": 18.163}"
2025-09-18 12:40:36.814125400+00:00,ps-lb-14,2,-54,9.5,"{""Bat_V"": 3.582, ""Exti_pin_level"": ""Low"", ""Exti_status"": ""False"", ""IDC_intput_mA"": 5.453, ""IN1_pin_level"": ""Low"", ""IN2_pin_level"": ""Low"", ""Node_type"": ""PS-LB"", ""Probe_mod"": 0, ""VDC_intput_V"": 0, ""Water_deep_cm"": 18.163}"
2025-09-18 12:50:36.710969079+00:00,ps-lb-14,2,-53,10.75,"{""Bat_V"": 3.582, ""Exti_pin_level"": ""Low"", ""Exti_status"": ""False"", ""IDC_intput_mA"": 5.453, ""IN1_pin_level"": ""Low"", ""IN2_pin_level"": ""Low"", ""Node_type"": ""PS-LB"", ""Probe_mod"": 0, ""VDC_intput_V"": 0, ""Water_deep_cm"": 18.163}"
2025-09-18 13:00:36.651400982+00:00,ps-lb-14,2,-53,10.5,"{""Bat_V"": 3.582, ""Exti_pin_level"": ""Low"", ""Exti_status"": ""False"", ""IDC_intput_mA"": 5.453, ""IN1_pin_level"": ""Low"", ""IN2_pin_level"": ""Low"", ""Node_type"": ""PS-LB"", ""Probe_mod"": 0, ""VDC_intput_V"": 0, ""Water_deep_cm"": 18.163}"
2025-09-18 13:10:36.465756546+00:00,ps-lb-14,2,-52,9.5,"{""Bat_V"": 3.582, ""Exti_pin_level"": ""Low"", ""Exti_status"": ""False"", ""IDC_intput_mA"": 5.453, ""IN1_pin_level"": ""Low"", ""IN2_pin_level"": ""Low"", ""Node_type"": ""PS-LB"", ""Probe_mod"": 0, ""VDC_intput_V"": 0, ""Water_deep_cm"": 18.163}"
2025-09-18 13:20:36.365993814+00:00,ps-lb-14,2,-50,8.75,"{""Bat_V"": 3.582, ""Exti_pin_level"": ""Low"", ""Exti_status"": ""False"", ""IDC_intput_mA"": 5.453, ""IN1_pin_level"": ""Low"", ""IN2_pin_level"": ""Low"", ""Node_type"": ""PS-LB"", ""Probe_mod"": 0, ""VDC_intput_V"": 0, ""Water_deep_cm"": 18.163}"
2025-09-18 13:30:36.266096274+00:00,ps-lb-14,2,-56,9.5,"{""Bat_V"": 3.582, ""Exti_pin_level"": ""Low"", ""Exti_status"": ""False"", ""IDC_intput_mA"": 5.453, ""IN1_pin_level"": ""Low"", ""IN2_pin_level"": ""Low"", ""Node_type"": ""PS-LB"", ""Probe_mod"": 0, ""VDC_intput_V"": 0, ""Water_deep_cm"": 18.163}"
2025-09-18 13:40:36.137825764+00:00,ps-lb-14,2,-55,7.5,"{""Bat_V"": 3.582, ""Exti_pin_level"": ""Low"", ""Exti_status"": ""False"", ""IDC_intput_mA"": 5.452, ""IN1_pin_level"": ""Low"", ""IN2_pin_level"": ""Low"", ""Node_type"": ""PS-LB"", ""Probe_mod"": 0, ""VDC_intput_V"": 0, ""Water_deep_cm"": 18.15}"
2025-09-18 13:50:36.022567770+00:00,ps-lb-14,2,-53,10.25,"{""Bat_V"": 3.582, ""Exti_pin_level"": ""Low"", ""Exti_status"": ""False"", ""IDC_intput_mA"": 5.453, ""IN1_pin_level"": ""Low"", ""IN2_pin_level"": ""Low"", ""Node_type"": ""PS-LB"", ""Probe_mod"": 0, ""VDC_intput_V"": 0, ""Water_deep_cm"": 18.163}"
2025-09-18 14:00:35.920735925+00:00,ps-lb-14,2,-54,9.5,"{""Bat_V"": 3.576, ""Exti_pin_level"": ""Low"", ""Exti_status"": ""False"", ""IDC_intput_mA"": 5.452, ""IN1_pin_level"": ""Low"", ""IN2_pin_level"": ""Low"", ""Node_type"": ""PS-LB"", ""Probe_mod"": 0, ""VDC_intput_V"": 0, ""Water_deep_cm"": 18.15}"
2025-09-18 14:10:35.787820020+00:00,ps-lb-14,2,-53,9.0,"{""Bat_V"": 3.576, ""Exti_pin_level"": ""Low"", ""Exti_status"": ""False"", ""IDC_intput_mA"": 5.452, ""IN1_pin_level"": ""Low"", ""IN2_pin_level"": ""Low"", ""Node_type"": ""PS-LB"", ""Probe_mod"": 0, ""VDC_intput_V"": 0, ""Water_deep_cm"": 18.15}"
2025-09-18 14:20:35.692364557+00:00,ps-lb-14,2,-51,7.5,"{""Bat_V"": 3.582, ""Exti_pin_level"": ""Low"", ""Exti_status"": ""False"", ""IDC_intput_mA"": 5.453, ""IN1_pin_level"": ""Low"", ""IN2_pin_level"": ""Low"", ""Node_type"": ""PS-LB"", ""Probe_mod"": 0, ""VDC_intput_V"": 0, ""Water_deep_cm"": 18.163}"
2025-09-18 14:30:35.581140132+00:00,ps-lb-14,2,-55,6.75,"{""Bat_V"": 3.582, ""Exti_pin_level"": ""Low"", ""Exti_status"": ""False"", ""IDC_intput_mA"": 5.452, ""IN1_pin_level"": ""Low"", ""IN2_pin_level"": ""Low"", ""Node_type"": ""PS-LB"", ""Probe_mod"": 0, ""VDC_intput_V"": 0, ""Water_deep_cm"": 18.15}"
2025-09-18 14:40:35.473993285+00:00,ps-lb-14,2,-54,11.0,"{""Bat_V"": 3.576, ""Exti_pin_level"": ""Low"", ""Exti_status"": ""False"", ""IDC_intput_mA"": 5.452, ""IN1_pin_level"": ""Low"", ""IN2_pin_level"": ""Low"", ""Node_type"": ""PS-LB"", ""Probe_mod"": 0, ""VDC_intput_V"": 0, ""Water_deep_cm"": 18.15}"
2025-09-18 14:50:35.333245046+00:00,ps-lb-14,2,-55,9.5,"{""Bat_V"": 3.576, ""Exti_pin_level"": ""Low"", ""Exti_status"": ""False"", ""IDC_intput_mA"": 5.452, ""IN1_pin_level"": ""Low"", ""IN2_pin_level"": ""Low"", ""Node_type"": ""PS-LB"", ""Probe_mod"": 0, ""VDC_intput_V"": 0, ""Water_deep_cm"": 18.15}"
2025-09-18 15:00:35.251149270+00:00,ps-lb-14,2,-55,10.25,"{""Bat_V"": 3.582, ""Exti_pin_level"": ""Low"", ""Exti_status"": ""False"", ""IDC_intput_mA"": 5.453, ""IN1_pin_level"": ""Low"", ""IN2_pin_level"": ""Low"", ""Node_type"": ""PS-LB"", ""Probe_mod"": 0, ""VDC_intput_V"": 0, ""Water_deep_cm"": 18.163}"
2025-09-18 15:10:35.116464978+00:00,ps-lb-14,2,-55,10.0,"{""Bat_V"": 3.582, ""Exti_pin_level"": ""Low"", ""Exti_status"": ""False"", ""IDC_intput_mA"": 5.452, ""IN1_pin_level"": ""Low"", ""IN2_pin_level"": ""Low"", ""Node_type"": ""PS-LB"", ""Probe_mod"": 0, ""VDC_intput_V"": 0, ""Water_deep_cm"": 18.15}"
2025-09-18 15:20:34.986294629+00:00,ps-lb-14,2,-54,9.75,"{""Bat_V"": 3.582, ""Exti_pin_level"": ""Low"", ""Exti_status"": ""False"", ""IDC_intput_mA"": 5.452, ""IN1_pin_level"": ""Low"", ""IN2_pin_level"": ""Low"", ""Node_type"": ""PS-LB"", ""Probe_mod"": 0, ""VDC_intput_V"": 0, ""Water_deep_cm"": 18.15}"
2025-09-18 15:30:34.878870797+00:00,ps-lb-14,2,-51,7.0,"{""Bat_V"": 3.582, ""Exti_pin_level"": ""Low"", ""Exti_status"": ""False"", ""IDC_intput_mA"": 5.452, ""IN1_pin_level"": ""Low"", ""IN2_pin_level"": ""Low"", ""Node_type"": ""PS-LB"", ""Probe_mod"": 0, ""VDC_intput_V"": 0, ""Water_deep_cm"": 18.15}"
2025-09-18 15:40:34.771773020+00:00,ps-lb-14,2,-53,10.5,"{""Bat_V"": 3.576, ""Exti_pin_level"": ""Low"", ""Exti_status"": ""False"", ""IDC_intput_mA"": 5.452, ""IN1_pin_level"": ""Low"", ""IN2_pin_level"": ""Low"", ""Node_type"": ""PS-LB"", ""Probe_mod"": 0, ""VDC_intput_V"": 0, ""Water_deep_cm"": 18.15}"
2025-09-18 16:00:34.555270845+00:00,ps-lb-14,2,-53,9.5,"{""Bat_V"": 3.582, ""Exti_pin_level"": ""Low"", ""Exti_status"": ""False"", ""IDC_intput_mA"": 5.452, ""IN1_pin_level"": ""Low"", ""IN2_pin_level"": ""Low"", ""Node_type"": ""PS-LB"", ""Probe_mod"": 0, ""VDC_intput_V"": 0, ""Water_deep_cm"": 18.15}"
2025-09-18 16:10:34.446027439+00:00,ps-lb-14,2,-55,11.0,"{""Bat_V"": 3.582, ""Exti_pin_level"": ""Low"", ""Exti_status"": ""False"", ""IDC_intput_mA"": 5.452, ""IN1_pin_level"": ""Low"", ""IN2_pin_level"": ""Low"", ""Node_type"": ""PS-LB"", ""Probe_mod"": 0, ""VDC_intput_V"": 0, ""Water_deep_cm"": 18.15}"
2025-09-18 16:20:34.343640237+00:00,ps-lb-14,2,-53,9.5,"{""Bat_V"": 3.582, ""Exti_pin_level"": ""Low"", ""Exti_status"": ""False"", ""IDC_intput_mA"": 5.452, ""IN1_pin_level"": ""Low"", ""IN2_pin_level"": ""Low"", ""Node_type"": ""PS-LB"", ""Probe_mod"": 0, ""VDC_intput_V"": 0, ""Water_deep_cm"": 18.15}"
2025-09-18 16:30:34.222948782+00:00,ps-lb-14,2,-54,10.25,"{""Bat_V"": 3.582, ""Exti_pin_level"": ""Low"", ""Exti_status"": ""False"", ""IDC_intput_mA"": 5.452, ""IN1_pin_level"": ""Low"", ""IN2_pin_level"": ""Low"", ""Node_type"": ""PS-LB"", ""Probe_mod"": 0, ""VDC_intput_V"": 0, ""Water_deep_cm"": 18.15}"
2025-09-18 16:40:34.109593311+00:00,ps-lb-14,2,-55,9.0,"{""Bat_V"": 3.576, ""Exti_pin_level"": ""Low"", ""Exti_status"": ""False"", ""IDC_intput_mA"": 5.452, ""IN1_pin_level"": ""Low"", ""IN2_pin_level"": ""Low"", ""Node_type"": ""PS-LB"", ""Probe_mod"": 0, ""VDC_intput_V"": 0, ""Water_deep_cm"": 18.15}"
2025-09-18 16:50:33.990736114+00:00,ps-lb-14,2,-53,7.75,"{""Bat_V"": 3.576, ""Exti_pin_level"": ""Low"", ""Exti_status"": ""False"", ""IDC_intput_mA"": 5.452, ""IN1_pin_level"": ""Low"", ""IN2_pin_level"": ""Low"", ""Node_type"": ""PS-LB"", ""Probe_mod"": 0, ""VDC_intput_V"": 0, ""Water_deep_cm"": 18.15}"
2025-09-18 17:00:33.878932867+00:00,ps-lb-14,2,-51,7.25,"{""Bat_V"": 3.582, ""Exti_pin_level"": ""Low"", ""Exti_status"": ""False"", ""IDC_intput_mA"": 5.452, ""IN1_pin_level"": ""Low"", ""IN2_pin_level"": ""Low"", ""Node_type"": ""PS-LB"", ""Probe_mod"": 0, ""VDC_intput_V"": 0, ""Water_deep_cm"": 18.15}"
2025-09-18 17:10:33.782553500+00:00,ps-lb-14,2,-53,10.5,"{""Bat_V"": 3.576, ""Exti_pin_level"": ""Low"", ""Exti_status"": ""False"", ""IDC_intput_mA"": 5.452, ""IN1_pin_level"": ""Low"", ""IN2_pin_level"": ""Low"", ""Node_type"": ""PS-LB"", ""Probe_mod"": 0, ""VDC_intput_V"": 0, ""Water_deep_cm"": 18.15}"
2025-09-18 17:20:33.660981517+00:00,ps-lb-14,2,-49,9.5,"{""Bat_V"": 3.576, ""Exti_pin_level"": ""Low"", ""Exti_status"": ""False"", ""IDC_intput_mA"": 5.452, ""IN1_pin_level"": ""Low"", ""IN2_pin_level"": ""Low"", ""Node_type"": ""PS-LB"", ""Probe_mod"": 0, ""VDC_intput_V"": 0, ""Water_deep_cm"": 18.15}"
2025-09-18 17:30:33.546816344+00:00,ps-lb-14,2,-52,9.75,"{""Bat_V"": 3.582, ""Exti_pin_level"": ""Low"", ""Exti_status"": ""False"", ""IDC_intput_mA"": 5.452, ""IN1_pin_level"": ""Low"", ""IN2_pin_level"": ""Low"", ""Node_type"": ""PS-LB"", ""Probe_mod"": 0, ""VDC_intput_V"": 0, ""Water_deep_cm"": 18.15}"
2025-09-18 17:40:33.420639202+00:00,ps-lb-14,2,-53,9.75,"{""Bat_V"": 3.576, ""Exti_pin_level"": ""Low"", ""Exti_status"": ""False"", ""IDC_intput_mA"": 5.452, ""IN1_pin_level"": ""Low"", ""IN2_pin_level"": ""Low"", ""Node_type"": ""PS-LB"", ""Probe_mod"": 0, ""VDC_intput_V"": 0, ""Water_deep_cm"": 18.15}"
2025-09-18 17:50:33.335322937+00:00,ps-lb-14,2,-53,9.5,"{""Bat_V"": 3.576, ""Exti_pin_level"": ""Low"", ""Exti_status"": ""False"", ""IDC_intput_mA"": 5.452, ""IN1_pin_level"": ""Low"", ""IN2_pin_level"": ""Low"", ""Node_type"": ""PS-LB"", ""Probe_mod"": 0, ""VDC_intput_V"": 0, ""Water_deep_cm"": 18.15}"
2025-09-18 18:00:33.203723036+00:00,ps-lb-14,2,-54,9.25,"{""Bat_V"": 3.576, ""Exti_pin_level"": ""Low"", ""Exti_status"": ""False"", ""IDC_intput_mA"": 5.452, ""IN1_pin_level"": ""Low"", ""IN2_pin_level"": ""Low"", ""Node_type"": ""PS-LB"", ""Probe_mod"": 0, ""VDC_intput_V"": 0, ""Water_deep_cm"": 18.15}"
2025-09-18 18:10:33.076212807+00:00,ps-lb-14,2,-51,7.0,"{""Bat_V"": 3.582, ""Exti_pin_level"": ""Low"", ""Exti_status"": ""False"", ""IDC_intput_mA"": 5.452, ""IN1_pin_level"": ""Low"", ""IN2_pin_level"": ""Low"", ""Node_type"": ""PS-LB"", ""Probe_mod"": 0, ""VDC_intput_V"": 0, ""Water_deep_cm"": 18.15}"
2025-09-18 18:20:32.965612556+00:00,ps-lb-14,2,-53,8.25,"{""Bat_V"": 3.576, ""Exti_pin_level"": ""Low"", ""Exti_status"": ""False"", ""IDC_intput_mA"": 5.452, ""IN1_pin_level"": ""Low"", ""IN2_pin_level"": ""Low"", ""Node_type"": ""PS-LB"", ""Probe_mod"": 0, ""VDC_intput_V"": 0, ""Water_deep_cm"": 18.15}"
2025-09-18 18:30:32.846495408+00:00,ps-lb-14,2,-53,9.25,"{""Bat_V"": 3.582, ""Exti_pin_level"": ""Low"", ""Exti_status"": ""False"", ""IDC_intput_mA"": 5.452, ""IN1_pin_level"": ""Low"", ""IN2_pin_level"": ""Low"", ""Node_type"": ""PS-LB"", ""Probe_mod"": 0, ""VDC_intput_V"": 0, ""Water_deep_cm"": 18.15}"
2025-09-18 18:40:32.752079324+00:00,ps-lb-14,2,-51,9.5,"{""Bat_V"": 3.576, ""Exti_pin_level"": ""Low"", ""Exti_status"": ""False"", ""IDC_intput_mA"": 5.452, ""IN1_pin_level"": ""Low"", ""IN2_pin_level"": ""Low"", ""Node_type"": ""PS-LB"", ""Probe_mod"": 0, ""VDC_intput_V"": 0, ""Water_deep_cm"": 18.15}"
2025-09-18 18:50:32.634036579+00:00,ps-lb-14,2,-55,10.0,"{""Bat_V"": 3.576, ""Exti_pin_level"": ""Low"", ""Exti_status"": ""False"", ""IDC_intput_mA"": 5.452, ""IN1_pin_level"": ""Low"", ""IN2_pin_level"": ""Low"", ""Node_type"": ""PS-LB"", ""Probe_mod"": 0, ""VDC_intput_V"": 0, ""Water_deep_cm"": 18.15}"
2025-09-18 19:00:32.520745875+00:00,ps-lb-14,2,-54,10.0,"{""Bat_V"": 3.582, ""Exti_pin_level"": ""Low"", ""Exti_status"": ""False"", ""IDC_intput_mA"": 5.452, ""IN1_pin_level"": ""Low"", ""IN2_pin_level"": ""Low"", ""Node_type"": ""PS-LB"", ""Probe_mod"": 0, ""VDC_intput_V"": 0, ""Water_deep_cm"": 18.15}"
2025-09-18 19:10:32.409654720+00:00,ps-lb-14,2,-53,10.25,"{""Bat_V"": 3.576, ""Exti_pin_level"": ""Low"", ""Exti_status"": ""False"", ""IDC_intput_mA"": 5.452, ""IN1_pin_level"": ""Low"", ""IN2_pin_level"": ""Low"", ""Node_type"": ""PS-LB"", ""Probe_mod"": 0, ""VDC_intput_V"": 0, ""Water_deep_cm"": 18.15}"
2025-09-18 19:20:32.306627064+00:00,ps-lb-14,2,-55,9.0,"{""Bat_V"": 3.576, ""Exti_pin_level"": ""Low"", ""Exti_status"": ""False"", ""IDC_intput_mA"": 5.452, ""IN1_pin_level"": ""Low"", ""IN2_pin_level"": ""Low"", ""Node_type"": ""PS-LB"", ""Probe_mod"": 0, ""VDC_intput_V"": 0, ""Water_deep_cm"": 18.15}"
2025-09-18 19:30:32.189352555+00:00,ps-lb-14,2,-51,7.25,"{""Bat_V"": 3.576, ""Exti_pin_level"": ""Low"", ""Exti_status"": ""False"", ""IDC_intput_mA"": 5.452, ""IN1_pin_level"": ""Low"", ""IN2_pin_level"": ""Low"", ""Node_type"": ""PS-LB"", ""Probe_mod"": 0, ""VDC_intput_V"": 0, ""Water_deep_cm"": 18.15}"
2025-09-18 19:40:32.066875732+00:00,ps-lb-14,2,-53,7.25,"{""Bat_V"": 3.582, ""Exti_pin_level"": ""Low"", ""Exti_status"": ""False"", ""IDC_intput_mA"": 5.452, ""IN1_pin_level"": ""Low"", ""IN2_pin_level"": ""Low"", ""Node_type"": ""PS-LB"", ""Probe_mod"": 0, ""VDC_intput_V"": 0, ""Water_deep_cm"": 18.15}"
2025-09-18 19:50:31.940129149+00:00,ps-lb-14,2,-54,9.75,"{""Bat_V"": 3.582, ""Exti_pin_level"": ""Low"", ""Exti_status"": ""False"", ""IDC_intput_mA"": 5.452, ""IN1_pin_level"": ""Low"", ""IN2_pin_level"": ""Low"", ""Node_type"": ""PS-LB"", ""Probe_mod"": 0, ""VDC_intput_V"": 0, ""Water_deep_cm"": 18.15}"
2025-09-18 20:00:31.857166711+00:00,ps-lb-14,2,-54,8.75,"{""Bat_V"": 3.576, ""Exti_pin_level"": ""Low"", ""Exti_status"": ""False"", ""IDC_intput_mA"": 5.452, ""IN1_pin_level"": ""Low"", ""IN2_pin_level"": ""Low"", ""Node_type"": ""PS-LB"", ""Probe_mod"": 0, ""VDC_intput_V"": 0, ""Water_deep_cm"": 18.15}"
2025-09-18 20:10:31.720085015+00:00,ps-lb-14,2,-55,9.25,"{""Bat_V"": 3.576, ""Exti_pin_level"": ""Low"", ""Exti_status"": ""False"", ""IDC_intput_mA"": 5.452, ""IN1_pin_level"": ""Low"", ""IN2_pin_level"": ""Low"", ""Node_type"": ""PS-LB"", ""Probe_mod"": 0, ""VDC_intput_V"": 0, ""Water_deep_cm"": 18.15}"
2025-09-18 20:20:31.621383984+00:00,ps-lb-14,2,-55,7.25,"{""Bat_V"": 3.576, ""Exti_pin_level"": ""Low"", ""Exti_status"": ""False"", ""IDC_intput_mA"": 5.452, ""IN1_pin_level"": ""Low"", ""IN2_pin_level"": ""Low"", ""Node_type"": ""PS-LB"", ""Probe_mod"": 0, ""VDC_intput_V"": 0, ""Water_deep_cm"": 18.15}"
2025-09-18 20:30:31.506123286+00:00,ps-lb-14,2,-55,9.5,"{""Bat_V"": 3.582, ""Exti_pin_level"": ""Low"", ""Exti_status"": ""False"", ""IDC_intput_mA"": 5.452, ""IN1_pin_level"": ""Low"", ""IN2_pin_level"": ""Low"", ""Node_type"": ""PS-LB"", ""Probe_mod"": 0, ""VDC_intput_V"": 0, ""Water_deep_cm"": 18.15}"
2025-09-18 20:40:31.374235715+00:00,ps-lb-14,2,-56,9.5,"{""Bat_V"": 3.576, ""Exti_pin_level"": ""Low"", ""Exti_status"": ""False"", ""IDC_intput_mA"": 5.452, ""IN1_pin_level"": ""Low"", ""IN2_pin_level"": ""Low"", ""Node_type"": ""PS-LB"", ""Probe_mod"": 0, ""VDC_intput_V"": 0, ""Water_deep_cm"": 18.15}"
2025-09-18 20:50:31.275317653+00:00,ps-lb-14,2,-53,7.75,"{""Bat_V"": 3.576, ""Exti_pin_level"": ""Low"", ""Exti_status"": ""False"", ""IDC_intput_mA"": 5.452, ""IN1_pin_level"": ""Low"", ""IN2_pin_level"": ""Low"", ""Node_type"": ""PS-LB"", ""Probe_mod"": 0, ""VDC_intput_V"": 0, ""Water_deep_cm"": 18.15}"
2025-09-18 21:00:31.164082164+00:00,ps-lb-14,2,-53,9.25,"{""Bat_V"": 3.576, ""Exti_pin_level"": ""Low"", ""Exti_status"": ""False"", ""IDC_intput_mA"": 5.452, ""IN1_pin_level"": ""Low"", ""IN2_pin_level"": ""Low"", ""Node_type"": ""PS-LB"", ""Probe_mod"": 0, ""VDC_intput_V"": 0, ""Water_deep_cm"": 18.15}"
2025-09-18 21:10:31.034472733+00:00,ps-lb-14,2,-54,9.0,"{""Bat_V"": 3.576, ""Exti_pin_level"": ""Low"", ""Exti_status"": ""False"", ""IDC_intput_mA"": 5.452, ""IN1_pin_level"": ""Low"", ""IN2_pin_level"": ""Low"", ""Node_type"": ""PS-LB"", ""Probe_mod"": 0, ""VDC_intput_V"": 0, ""Water_deep_cm"": 18.15}"
2025-09-18 21:20:30.938293355+00:00,ps-lb-14,2,-51,9.25,"{""Bat_V"": 3.576, ""Exti_pin_level"": ""Low"", ""Exti_status"": ""False"", ""IDC_intput_mA"": 5.452, ""IN1_pin_level"": ""Low"", ""IN2_pin_level"": ""Low"", ""Node_type"": ""PS-LB"", ""Probe_mod"": 0, ""VDC_intput_V"": 0, ""Water_deep_cm"": 18.15}"
2025-09-18 21:30:30.814503068+00:00,ps-lb-14,2,-54,9.5,"{""Bat_V"": 3.576, ""Exti_pin_level"": ""Low"", ""Exti_status"": ""False"", ""IDC_intput_mA"": 5.452, ""IN1_pin_level"": ""Low"", ""IN2_pin_level"": ""Low"", ""Node_type"": ""PS-LB"", ""Probe_mod"": 0, ""VDC_intput_V"": 0, ""Water_deep_cm"": 18.15}"
2025-09-18 21:40:30.719868210+00:00,ps-lb-14,2,-55,7.0,"{""Bat_V"": 3.576, ""Exti_pin_level"": ""Low"", ""Exti_status"": ""False"", ""IDC_intput_mA"": 5.452, ""IN1_pin_level"": ""Low"", ""IN2_pin_level"": ""Low"", ""Node_type"": ""PS-LB"", ""Probe_mod"": 0, ""VDC_intput_V"": 0, ""Water_deep_cm"": 18.15}"
2025-09-18 21:50:30.600902962+00:00,ps-lb-14,2,-55,8.75,"{""Bat_V"": 3.576, ""Exti_pin_level"": ""Low"", ""Exti_status"": ""False"", ""IDC_intput_mA"": 5.452, ""IN1_pin_level"": ""Low"", ""IN2_pin_level"": ""Low"", ""Node_type"": ""PS-LB"", ""Probe_mod"": 0, ""VDC_intput_V"": 0, ""Water_deep_cm"": 18.15}"
2025-09-18 22:00:30.484693520+00:00,ps-lb-14,2,-54,9.5,"{""Bat_V"": 3.576, ""Exti_pin_level"": ""Low"", ""Exti_status"": ""False"", ""IDC_intput_mA"": 5.452, ""IN1_pin_level"": ""Low"", ""IN2_pin_level"": ""Low"", ""Node_type"": ""PS-LB"", ""Probe_mod"": 0, ""VDC_intput_V"": 0, ""Water_deep_cm"": 18.15}"
2025-09-18 22:10:30.374920179+00:00,ps-lb-14,2,-53,7.75,"{""Bat_V"": 3.576, ""Exti_pin_level"": ""Low"", ""Exti_status"": ""False"", ""IDC_intput_mA"": 5.452, ""IN1_pin_level"": ""Low"", ""IN2_pin_level"": ""Low"", ""Node_type"": ""PS-LB"", ""Probe_mod"": 0, ""VDC_intput_V"": 0, ""Water_deep_cm"": 18.15}"
2025-09-18 22:20:30.283710131+00:00,ps-lb-14,2,-53,11.0,"{""Bat_V"": 3.576, ""Exti_pin_level"": ""Low"", ""Exti_status"": ""False"", ""IDC_intput_mA"": 5.452, ""IN1_pin_level"": ""Low"", ""IN2_pin_level"": ""Low"", ""Node_type"": ""PS-LB"", ""Probe_mod"": 0, ""VDC_intput_V"": 0, ""Water_deep_cm"": 18.15}"
2025-09-18 22:30:30.147168779+00:00,ps-lb-14,2,-54,7.0,"{""Bat_V"": 3.576, ""Exti_pin_level"": ""Low"", ""Exti_status"": ""False"", ""IDC_intput_mA"": 5.452, ""IN1_pin_level"": ""Low"", ""IN2_pin_level"": ""Low"", ""Node_type"": ""PS-LB"", ""Probe_mod"": 0, ""VDC_intput_V"": 0, ""Water_deep_cm"": 18.15}"
2025-09-18 22:40:30.022850804+00:00,ps-lb-14,2,-51,9.5,"{""Bat_V"": 3.576, ""Exti_pin_level"": ""Low"", ""Exti_status"": ""False"", ""IDC_intput_mA"": 5.452, ""IN1_pin_level"": ""Low"", ""IN2_pin_level"": ""Low"", ""Node_type"": ""PS-LB"", ""Probe_mod"": 0, ""VDC_intput_V"": 0, ""Water_deep_cm"": 18.15}"
2025-09-18 22:50:29.923167214+00:00,ps-lb-14,2,-54,9.25,"{""Bat_V"": 3.576, ""Exti_pin_level"": ""Low"", ""Exti_status"": ""False"", ""IDC_intput_mA"": 5.452, ""IN1_pin_level"": ""Low"", ""IN2_pin_level"": ""Low"", ""Node_type"": ""PS-LB"", ""Probe_mod"": 0, ""VDC_intput_V"": 0, ""Water_deep_cm"": 18.15}"
2025-09-18 23:00:29.801677696+00:00,ps-lb-14,2,-54,9.75,"{""Bat_V"": 3.576, ""Exti_pin_level"": ""Low"", ""Exti_status"": ""False"", ""IDC_intput_mA"": 5.452, ""IN1_pin_level"": ""Low"", ""IN2_pin_level"": ""Low"", ""Node_type"": ""PS-LB"", ""Probe_mod"": 0, ""VDC_intput_V"": 0, ""Water_deep_cm"": 18.15}"
2025-09-18 23:10:29.686361909+00:00,ps-lb-14,2,-55,10.0,"{""Bat_V"": 3.576, ""Exti_pin_level"": ""Low"", ""Exti_status"": ""False"", ""IDC_intput_mA"": 5.452, ""IN1_pin_level"": ""Low"", ""IN2_pin_level"": ""Low"", ""Node_type"": ""PS-LB"", ""Probe_mod"": 0, ""VDC_intput_V"": 0, ""Water_deep_cm"": 18.15}"
2025-09-18 23:20:29.575478759+00:00,ps-lb-14,2,-55,9.0,"{""Bat_V"": 3.576, ""Exti_pin_level"": ""Low"", ""Exti_status"": ""False"", ""IDC_intput_mA"": 5.452, ""IN1_pin_level"": ""Low"", ""IN2_pin_level"": ""Low"", ""Node_type"": ""PS-LB"", ""Probe_mod"": 0, ""VDC_intput_V"": 0, ""Water_deep_cm"": 18.15}"
2025-09-18 23:30:29.451278264+00:00,ps-lb-14,2,-53,10.75,"{""Bat_V"": 3.576, ""Exti_pin_level"": ""Low"", ""Exti_status"": ""False"", ""IDC_intput_mA"": 5.452, ""IN1_pin_level"": ""Low"", ""IN2_pin_level"": ""Low"", ""Node_type"": ""PS-LB"", ""Probe_mod"": 0, ""VDC_intput_V"": 0, ""Water_deep_cm"": 18.15}"
2025-09-18 23:40:29.342435128+00:00,ps-lb-14,2,-51,7.25,"{""Bat_V"": 3.576, ""Exti_pin_level"": ""Low"", ""Exti_status"": ""False"", ""IDC_intput_mA"": 5.452, ""IN1_pin_level"": ""Low"", ""IN2_pin_level"": ""Low"", ""Node_type"": ""PS-LB"", ""Probe_mod"": 0, ""VDC_intput_V"": 0, ""Water_deep_cm"": 18.15}"
2025-09-18 23:50:29.246908314+00:00,ps-lb-14,2,-53,7.25,"{""Bat_V"": 3.576, ""Exti_pin_level"": ""Low"", ""Exti_status"": ""False"", ""IDC_intput_mA"": 5.452, ""IN1_pin_level"": ""Low"", ""IN2_pin_level"": ""Low"", ""Node_type"": ""PS-LB"", ""Probe_mod"": 0, ""VDC_intput_V"": 0, ""Water_deep_cm"": 18.15}"
2025-09-19 00:00:29.126609750+00:00,ps-lb-14,2,-55,10.0,"{""Bat_V"": 3.576, ""Exti_pin_level"": ""Low"", ""Exti_status"": ""False"", ""IDC_intput_mA"": 5.452, ""IN1_pin_level"": ""Low"", ""IN2_pin_level"": ""Low"", ""Node_type"": ""PS-LB"", ""Probe_mod"": 0, ""VDC_intput_V"": 0, ""Water_deep_cm"": 18.15}"
2025-09-19 00:10:29.038554833+00:00,ps-lb-14,2,-57,10.0,"{""Bat_V"": 3.576, ""Exti_pin_level"": ""Low"", ""Exti_status"": ""False"", ""IDC_intput_mA"": 5.452, ""IN1_pin_level"": ""Low"", ""IN2_pin_level"": ""Low"", ""Node_type"": ""PS-LB"", ""Probe_mod"": 0, ""VDC_intput_V"": 0, ""Water_deep_cm"": 18.15}"
2025-09-19 00:30:28.801339608+00:00,ps-lb-14,2,-53,9.75,"{""Bat_V"": 3.576, ""Exti_pin_level"": ""Low"", ""Exti_status"": ""False"", ""IDC_intput_mA"": 5.452, ""IN1_pin_level"": ""Low"", ""IN2_pin_level"": ""Low"", ""Node_type"": ""PS-LB"", ""Probe_mod"": 0, ""VDC_intput_V"": 0, ""Water_deep_cm"": 18.15}"
2025-09-19 00:40:28.676357378+00:00,ps-lb-14,2,-57,10.5,"{""Bat_V"": 3.576, ""Exti_pin_level"": ""Low"", ""Exti_status"": ""False"", ""IDC_intput_mA"": 5.452, ""IN1_pin_level"": ""Low"", ""IN2_pin_level"": ""Low"", ""Node_type"": ""PS-LB"", ""Probe_mod"": 0, ""VDC_intput_V"": 0, ""Water_deep_cm"": 18.15}"
2025-09-19 00:50:28.569480165+00:00,ps-lb-14,2,-53,8.0,"{""Bat_V"": 3.576, ""Exti_pin_level"": ""Low"", ""Exti_status"": ""False"", ""IDC_intput_mA"": 5.452, ""IN1_pin_level"": ""Low"", ""IN2_pin_level"": ""Low"", ""Node_type"": ""PS-LB"", ""Probe_mod"": 0, ""VDC_intput_V"": 0, ""Water_deep_cm"": 18.15}"
2025-09-19 01:00:28.448689615+00:00,ps-lb-14,2,-53,9.75,"{""Bat_V"": 3.576, ""Exti_pin_level"": ""Low"", ""Exti_status"": ""False"", ""IDC_intput_mA"": 5.452, ""IN1_pin_level"": ""Low"", ""IN2_pin_level"": ""Low"", ""Node_type"": ""PS-LB"", ""Probe_mod"": 0, ""VDC_intput_V"": 0, ""Water_deep_cm"": 18.15}"
2025-09-19 01:10:28.347464748+00:00,ps-lb-14,2,-55,7.0,"{""Bat_V"": 3.576, ""Exti_pin_level"": ""Low"", ""Exti_status"": ""False"", ""IDC_intput_mA"": 5.452, ""IN1_pin_level"": ""Low"", ""IN2_pin_level"": ""Low"", ""Node_type"": ""PS-LB"", ""Probe_mod"": 0, ""VDC_intput_V"": 0, ""Water_deep_cm"": 18.15}"
2025-09-19 01:20:28.212413963+00:00,ps-lb-14,2,-53,10.0,"{""Bat_V"": 3.576, ""Exti_pin_level"": ""Low"", ""Exti_status"": ""False"", ""IDC_intput_mA"": 5.452, ""IN1_pin_level"": ""Low"", ""IN2_pin_level"": ""Low"", ""Node_type"": ""PS-LB"", ""Probe_mod"": 0, ""VDC_intput_V"": 0, ""Water_deep_cm"": 18.15}"
2025-09-19 01:30:28.115149455+00:00,ps-lb-14,2,-56,10.25,"{""Bat_V"": 3.576, ""Exti_pin_level"": ""Low"", ""Exti_status"": ""False"", ""IDC_intput_mA"": 5.452, ""IN1_pin_level"": ""Low"", ""IN2_pin_level"": ""Low"", ""Node_type"": ""PS-LB"", ""Probe_mod"": 0, ""VDC_intput_V"": 0, ""Water_deep_cm"": 18.15}"
2025-09-19 01:40:27.994793775+00:00,ps-lb-14,2,-55,7.5,"{""Bat_V"": 3.576, ""Exti_pin_level"": ""Low"", ""Exti_status"": ""False"", ""IDC_intput_mA"": 5.452, ""IN1_pin_level"": ""Low"", ""IN2_pin_level"": ""Low"", ""Node_type"": ""PS-LB"", ""Probe_mod"": 0, ""VDC_intput_V"": 0, ""Water_deep_cm"": 18.15}"
2025-09-19 01:50:27.876046369+00:00,ps-lb-14,2,-55,9.75,"{""Bat_V"": 3.576, ""Exti_pin_level"": ""Low"", ""Exti_status"": ""False"", ""IDC_intput_mA"": 5.452, ""IN1_pin_level"": ""Low"", ""IN2_pin_level"": ""Low"", ""Node_type"": ""PS-LB"", ""Probe_mod"": 0, ""VDC_intput_V"": 0, ""Water_deep_cm"": 18.15}"
2025-09-19 02:00:27.749986542+00:00,ps-lb-14,2,-57,11.75,"{""Bat_V"": 3.576, ""Exti_pin_level"": ""Low"", ""Exti_status"": ""False"", ""IDC_intput_mA"": 5.452, ""IN1_pin_level"": ""Low"", ""IN2_pin_level"": ""Low"", ""Node_type"": ""PS-LB"", ""Probe_mod"": 0, ""VDC_intput_V"": 0, ""Water_deep_cm"": 18.15}"
2025-09-19 02:10:27.660153621+00:00,ps-lb-14,2,-53,9.75,"{""Bat_V"": 3.576, ""Exti_pin_level"": ""Low"", ""Exti_status"": ""False"", ""IDC_intput_mA"": 5.452, ""IN1_pin_level"": ""Low"", ""IN2_pin_level"": ""Low"", ""Node_type"": ""PS-LB"", ""Probe_mod"": 0, ""VDC_intput_V"": 0, ""Water_deep_cm"": 18.15}"
2025-09-19 02:20:27.543403405+00:00,ps-lb-14,2,-53,9.0,"{""Bat_V"": 3.576, ""Exti_pin_level"": ""Low"", ""Exti_status"": ""False"", ""IDC_intput_mA"": 5.452, ""IN1_pin_level"": ""Low"", ""IN2_pin_level"": ""Low"", ""Node_type"": ""PS-LB"", ""Probe_mod"": 0, ""VDC_intput_V"": 0, ""Water_deep_cm"": 18.15}"
2025-09-19 02:30:27.430345325+00:00,ps-lb-14,2,-53,7.75,"{""Bat_V"": 3.576, ""Exti_pin_level"": ""Low"", ""Exti_status"": ""False"", ""IDC_intput_mA"": 5.452, ""IN1_pin_level"": ""Low"", ""IN2_pin_level"": ""Low"", ""Node_type"": ""PS-LB"", ""Probe_mod"": 0, ""VDC_intput_V"": 0, ""Water_deep_cm"": 18.15}"
2025-09-19 02:40:27.316681601+00:00,ps-lb-14,2,-52,10.0,"{""Bat_V"": 3.576, ""Exti_pin_level"": ""Low"", ""Exti_status"": ""False"", ""IDC_intput_mA"": 5.452, ""IN1_pin_level"": ""Low"", ""IN2_pin_level"": ""Low"", ""Node_type"": ""PS-LB"", ""Probe_mod"": 0, ""VDC_intput_V"": 0, ""Water_deep_cm"": 18.15}"
2025-09-19 02:50:27.184045252+00:00,ps-lb-14,2,-55,9.25,"{""Bat_V"": 3.576, ""Exti_pin_level"": ""Low"", ""Exti_status"": ""False"", ""IDC_intput_mA"": 5.452, ""IN1_pin_level"": ""Low"", ""IN2_pin_level"": ""Low"", ""Node_type"": ""PS-LB"", ""Probe_mod"": 0, ""VDC_intput_V"": 0, ""Water_deep_cm"": 18.15}"
2025-09-19 03:00:27.084060877+00:00,ps-lb-14,2,-54,9.5,"{""Bat_V"": 3.576, ""Exti_pin_level"": ""Low"", ""Exti_status"": ""False"", ""IDC_intput_mA"": 5.452, ""IN1_pin_level"": ""Low"", ""IN2_pin_level"": ""Low"", ""Node_type"": ""PS-LB"", ""Probe_mod"": 0, ""VDC_intput_V"": 0, ""Water_deep_cm"": 18.15}"
2025-09-19 03:10:26.982677806+00:00,ps-lb-14,2,-54,10.25,"{""Bat_V"": 3.576, ""Exti_pin_level"": ""Low"", ""Exti_status"": ""False"", ""IDC_intput_mA"": 5.452, ""IN1_pin_level"": ""Low"", ""IN2_pin_level"": ""Low"", ""Node_type"": ""PS-LB"", ""Probe_mod"": 0, ""VDC_intput_V"": 0, ""Water_deep_cm"": 18.15}"
2025-09-19 03:20:26.876304186+00:00,ps-lb-14,2,-54,10.0,"{""Bat_V"": 3.576, ""Exti_pin_level"": ""Low"", ""Exti_status"": ""False"", ""IDC_intput_mA"": 5.452, ""IN1_pin_level"": ""Low"", ""IN2_pin_level"": ""Low"", ""Node_type"": ""PS-LB"", ""Probe_mod"": 0, ""VDC_intput_V"": 0, ""Water_deep_cm"": 18.15}"
2025-09-19 03:30:26.754061746+00:00,ps-lb-14,2,-53,7.75,"{""Bat_V"": 3.576, ""Exti_pin_level"": ""Low"", ""Exti_status"": ""False"", ""IDC_intput_mA"": 5.452, ""IN1_pin_level"": ""Low"", ""IN2_pin_level"": ""Low"", ""Node_type"": ""PS-LB"", ""Probe_mod"": 0, ""VDC_intput_V"": 0, ""Water_deep_cm"": 18.15}"
2025-09-19 03:40:26.644727383+00:00,ps-lb-14,2,-53,8.25,"{""Bat_V"": 3.576, ""Exti_pin_level"": ""Low"", ""Exti_status"": ""False"", ""IDC_intput_mA"": 5.452, ""IN1_pin_level"": ""Low"", ""IN2_pin_level"": ""Low"", ""Node_type"": ""PS-LB"", ""Probe_mod"": 0, ""VDC_intput_V"": 0, ""Water_deep_cm"": 18.15}"
2025-09-19 03:50:26.522146362+00:00,ps-lb-14,2,-55,9.75,"{""Bat_V"": 3.576, ""Exti_pin_level"": ""Low"", ""Exti_status"": ""False"", ""IDC_intput_mA"": 5.451, ""IN1_pin_level"": ""Low"", ""IN2_pin_level"": ""Low"", ""Node_type"": ""PS-LB"", ""Probe_mod"": 0, ""VDC_intput_V"": 0, ""Water_deep_cm"": 18.137}"
2025-09-19 04:00:26.424747602+00:00,ps-lb-14,2,-51,10.25,"{""Bat_V"": 3.576, ""Exti_pin_level"": ""Low"", ""Exti_status"": ""False"", ""IDC_intput_mA"": 5.451, ""IN1_pin_level"": ""Low"", ""IN2_pin_level"": ""Low"", ""Node_type"": ""PS-LB"", ""Probe_mod"": 0, ""VDC_intput_V"": 0, ""Water_deep_cm"": 18.137}"
2025-09-19 04:10:26.321115074+00:00,ps-lb-14,2,-56,10.75,"{""Bat_V"": 3.576, ""Exti_pin_level"": ""Low"", ""Exti_status"": ""False"", ""IDC_intput_mA"": 5.451, ""IN1_pin_level"": ""Low"", ""IN2_pin_level"": ""Low"", ""Node_type"": ""PS-LB"", ""Probe_mod"": 0, ""VDC_intput_V"": 0, ""Water_deep_cm"": 18.137}"
2025-09-19 04:20:26.177254137+00:00,ps-lb-14,2,-55,9.5,"{""Bat_V"": 3.576, ""Exti_pin_level"": ""Low"", ""Exti_status"": ""False"", ""IDC_intput_mA"": 5.452, ""IN1_pin_level"": ""Low"", ""IN2_pin_level"": ""Low"", ""Node_type"": ""PS-LB"", ""Probe_mod"": 0, ""VDC_intput_V"": 0, ""Water_deep_cm"": 18.15}"
2025-09-19 04:30:26.076120840+00:00,ps-lb-14,2,-55,10.25,"{""Bat_V"": 3.576, ""Exti_pin_level"": ""Low"", ""Exti_status"": ""False"", ""IDC_intput_mA"": 5.452, ""IN1_pin_level"": ""Low"", ""IN2_pin_level"": ""Low"", ""Node_type"": ""PS-LB"", ""Probe_mod"": 0, ""VDC_intput_V"": 0, ""Water_deep_cm"": 18.15}"
2025-09-19 04:40:25.966694115+00:00,ps-lb-14,2,-53,9.25,"{""Bat_V"": 3.576, ""Exti_pin_level"": ""Low"", ""Exti_status"": ""False"", ""IDC_intput_mA"": 5.451, ""IN1_pin_level"": ""Low"", ""IN2_pin_level"": ""Low"", ""Node_type"": ""PS-LB"", ""Probe_mod"": 0, ""VDC_intput_V"": 0, ""Water_deep_cm"": 18.137}"
2025-09-19 04:50:25.853809074+00:00,ps-lb-14,2,-37,10.0,"{""Bat_V"": 3.576, ""Exti_pin_level"": ""Low"", ""Exti_status"": ""False"", ""IDC_intput_mA"": 5.451, ""IN1_pin_level"": ""Low"", ""IN2_pin_level"": ""Low"", ""Node_type"": ""PS-LB"", ""Probe_mod"": 0, ""VDC_intput_V"": 0, ""Water_deep_cm"": 18.137}"
2025-09-19 05:00:25.743111034+00:00,ps-lb-14,2,-39,7.25,"{""Bat_V"": 3.576, ""Exti_pin_level"": ""Low"", ""Exti_status"": ""False"", ""IDC_intput_mA"": 5.451, ""IN1_pin_level"": ""Low"", ""IN2_pin_level"": ""Low"", ""Node_type"": ""PS-LB"", ""Probe_mod"": 0, ""VDC_intput_V"": 0, ""Water_deep_cm"": 18.137}"
2025-09-19 05:10:25.610674279+00:00,ps-lb-14,2,-41,7.0,"{""Bat_V"": 3.576, ""Exti_pin_level"": ""Low"", ""Exti_status"": ""False"", ""IDC_intput_mA"": 5.451, ""IN1_pin_level"": ""Low"", ""IN2_pin_level"": ""Low"", ""Node_type"": ""PS-LB"", ""Probe_mod"": 0, ""VDC_intput_V"": 0, ""Water_deep_cm"": 18.137}"
2025-09-19 05:20:25.509508243+00:00,ps-lb-14,2,-122,-4.75,"{""Bat_V"": 3.576, ""Exti_pin_level"": ""Low"", ""Exti_status"": ""False"", ""IDC_intput_mA"": 5.451, ""IN1_pin_level"": ""Low"", ""IN2_pin_level"": ""Low"", ""Node_type"": ""PS-LB"", ""Probe_mod"": 0, ""VDC_intput_V"": 0, ""Water_deep_cm"": 18.137}"
2025-09-19 05:30:25.415133446+00:00,ps-lb-14,2,-39,9.25,"{""Bat_V"": 3.576, ""Exti_pin_level"": ""Low"", ""Exti_status"": ""False"", ""IDC_intput_mA"": 5.451, ""IN1_pin_level"": ""Low"", ""IN2_pin_level"": ""Low"", ""Node_type"": ""PS-LB"", ""Probe_mod"": 0, ""VDC_intput_V"": 0, ""Water_deep_cm"": 18.137}"
2025-09-19 05:40:25.273226795+00:00,ps-lb-14,2,-41,9.75,"{""Bat_V"": 3.576, ""Exti_pin_level"": ""Low"", ""Exti_status"": ""False"", ""IDC_intput_mA"": 5.45, ""IN1_pin_level"": ""Low"", ""IN2_pin_level"": ""Low"", ""Node_type"": ""PS-LB"", ""Probe_mod"": 0, ""VDC_intput_V"": 0, ""Water_deep_cm"": 18.125}"
2025-09-19 05:50:25.179652386+00:00,ps-lb-14,2,-39,9.0,"{""Bat_V"": 3.576, ""Exti_pin_level"": ""Low"", ""Exti_status"": ""False"", ""IDC_intput_mA"": 5.45, ""IN1_pin_level"": ""Low"", ""IN2_pin_level"": ""Low"", ""Node_type"": ""PS-LB"", ""Probe_mod"": 0, ""VDC_intput_V"": 0, ""Water_deep_cm"": 18.125}"
2025-09-19 06:00:25.053555460+00:00,ps-lb-14,2,-41,10.5,"{""Bat_V"": 3.576, ""Exti_pin_level"": ""Low"", ""Exti_status"": ""False"", ""IDC_intput_mA"": 5.45, ""IN1_pin_level"": ""Low"", ""IN2_pin_level"": ""Low"", ""Node_type"": ""PS-LB"", ""Probe_mod"": 0, ""VDC_intput_V"": 0, ""Water_deep_cm"": 18.125}"
2025-09-19 06:10:24.942638823+00:00,ps-lb-14,2,-39,10.0,"{""Bat_V"": 3.576, ""Exti_pin_level"": ""Low"", ""Exti_status"": ""False"", ""IDC_intput_mA"": 5.451, ""IN1_pin_level"": ""Low"", ""IN2_pin_level"": ""Low"", ""Node_type"": ""PS-LB"", ""Probe_mod"": 0, ""VDC_intput_V"": 0, ""Water_deep_cm"": 18.137}"
2025-09-19 06:20:24.835218586+00:00,ps-lb-14,2,-37,7.75,"{""Bat_V"": 3.576, ""Exti_pin_level"": ""Low"", ""Exti_status"": ""False"", ""IDC_intput_mA"": 5.45, ""IN1_pin_level"": ""Low"", ""IN2_pin_level"": ""Low"", ""Node_type"": ""PS-LB"", ""Probe_mod"": 0, ""VDC_intput_V"": 0, ""Water_deep_cm"": 18.125}"
2025-09-19 06:30:24.705560097+00:00,ps-lb-14,2,-41,7.25,"{""Bat_V"": 3.576, ""Exti_pin_level"": ""Low"", ""Exti_status"": ""False"", ""IDC_intput_mA"": 5.45, ""IN1_pin_level"": ""Low"", ""IN2_pin_level"": ""Low"", ""Node_type"": ""PS-LB"", ""Probe_mod"": 0, ""VDC_intput_V"": 0, ""Water_deep_cm"": 18.125}"
2025-09-19 06:40:24.593771247+00:00,ps-lb-14,2,-122,-5.0,"{""Bat_V"": 3.576, ""Exti_pin_level"": ""Low"", ""Exti_status"": ""False"", ""IDC_intput_mA"": 5.45, ""IN1_pin_level"": ""Low"", ""IN2_pin_level"": ""Low"", ""Node_type"": ""PS-LB"", ""Probe_mod"": 0, ""VDC_intput_V"": 0, ""Water_deep_cm"": 18.125}"
2025-09-19 06:50:24.530462537+00:00,ps-lb-14,2,-122,-7.25,"{""Bat_V"": 3.576, ""Exti_pin_level"": ""Low"", ""Exti_status"": ""False"", ""IDC_intput_mA"": 5.45, ""IN1_pin_level"": ""Low"", ""IN2_pin_level"": ""Low"", ""Node_type"": ""PS-LB"", ""Probe_mod"": 0, ""VDC_intput_V"": 0, ""Water_deep_cm"": 18.125}"
2025-09-19 07:00:24.382542681+00:00,ps-lb-14,2,-41,10.5,"{""Bat_V"": 3.576, ""Exti_pin_level"": ""Low"", ""Exti_status"": ""False"", ""IDC_intput_mA"": 5.45, ""IN1_pin_level"": ""Low"", ""IN2_pin_level"": ""Low"", ""Node_type"": ""PS-LB"", ""Probe_mod"": 0, ""VDC_intput_V"": 0, ""Water_deep_cm"": 18.125}"
2025-09-19 07:10:24.268000539+00:00,ps-lb-14,2,-39,9.75,"{""Bat_V"": 3.576, ""Exti_pin_level"": ""Low"", ""Exti_status"": ""False"", ""IDC_intput_mA"": 5.45, ""IN1_pin_level"": ""Low"", ""IN2_pin_level"": ""Low"", ""Node_type"": ""PS-LB"", ""Probe_mod"": 0, ""VDC_intput_V"": 0, ""Water_deep_cm"": 18.125}"
2025-09-19 07:20:24.145383443+00:00,ps-lb-14,2,-39,9.0,"{""Bat_V"": 3.576, ""Exti_pin_level"": ""Low"", ""Exti_status"": ""False"", ""IDC_intput_mA"": 5.45, ""IN1_pin_level"": ""Low"", ""IN2_pin_level"": ""Low"", ""Node_type"": ""PS-LB"", ""Probe_mod"": 0, ""VDC_intput_V"": 0, ""Water_deep_cm"": 18.125}"
2025-09-19 07:30:24.038245257+00:00,ps-lb-14,2,-123,-6.5,"{""Bat_V"": 3.576, ""Exti_pin_level"": ""Low"", ""Exti_status"": ""False"", ""IDC_intput_mA"": 5.45, ""IN1_pin_level"": ""Low"", ""IN2_pin_level"": ""Low"", ""Node_type"": ""PS-LB"", ""Probe_mod"": 0, ""VDC_intput_V"": 0, ""Water_deep_cm"": 18.125}"
2025-09-19 07:40:23.916121925+00:00,ps-lb-14,2,-39,7.25,"{""Bat_V"": 3.57, ""Exti_pin_level"": ""Low"", ""Exti_status"": ""False"", ""IDC_intput_mA"": 5.45, ""IN1_pin_level"": ""Low"", ""IN2_pin_level"": ""Low"", ""Node_type"": ""PS-LB"", ""Probe_mod"": 0, ""VDC_intput_V"": 0, ""Water_deep_cm"": 18.125}"
2025-09-19 07:50:23.816614853+00:00,ps-lb-14,2,-38,9.25,"{""Bat_V"": 3.576, ""Exti_pin_level"": ""Low"", ""Exti_status"": ""False"", ""IDC_intput_mA"": 5.45, ""IN1_pin_level"": ""Low"", ""IN2_pin_level"": ""Low"", ""Node_type"": ""PS-LB"", ""Probe_mod"": 0, ""VDC_intput_V"": 0, ""Water_deep_cm"": 18.125}"
2025-09-19 08:00:23.713791852+00:00,ps-lb-14,2,-39,8.75,"{""Bat_V"": 3.576, ""Exti_pin_level"": ""Low"", ""Exti_status"": ""False"", ""IDC_intput_mA"": 5.45, ""IN1_pin_level"": ""Low"", ""IN2_pin_level"": ""Low"", ""Node_type"": ""PS-LB"", ""Probe_mod"": 0, ""VDC_intput_V"": 0, ""Water_deep_cm"": 18.125}"
2025-09-19 08:10:23.604882498+00:00,ps-lb-14,2,-41,9.5,"{""Bat_V"": 3.576, ""Exti_pin_level"": ""Low"", ""Exti_status"": ""False"", ""IDC_intput_mA"": 5.45, ""IN1_pin_level"": ""Low"", ""IN2_pin_level"": ""Low"", ""Node_type"": ""PS-LB"", ""Probe_mod"": 0, ""VDC_intput_V"": 0, ""Water_deep_cm"": 18.125}"
2025-09-19 08:20:23.491416378+00:00,ps-lb-14,2,-41,7.5,"{""Bat_V"": 3.576, ""Exti_pin_level"": ""Low"", ""Exti_status"": ""False"", ""IDC_intput_mA"": 5.45, ""IN1_pin_level"": ""Low"", ""IN2_pin_level"": ""Low"", ""Node_type"": ""PS-LB"", ""Probe_mod"": 0, ""VDC_intput_V"": 0, ""Water_deep_cm"": 18.125}"
2025-09-19 08:30:23.357091301+00:00,ps-lb-14,2,-39,8.5,"{""Bat_V"": 3.576, ""Exti_pin_level"": ""Low"", ""Exti_status"": ""False"", ""IDC_intput_mA"": 5.45, ""IN1_pin_level"": ""Low"", ""IN2_pin_level"": ""Low"", ""Node_type"": ""PS-LB"", ""Probe_mod"": 0, ""VDC_intput_V"": 0, ""Water_deep_cm"": 18.125}"
2025-09-19 08:40:23.273946514+00:00,ps-lb-14,2,-39,9.75,"{""Bat_V"": 3.576, ""Exti_pin_level"": ""Low"", ""Exti_status"": ""False"", ""IDC_intput_mA"": 5.45, ""IN1_pin_level"": ""Low"", ""IN2_pin_level"": ""Low"", ""Node_type"": ""PS-LB"", ""Probe_mod"": 0, ""VDC_intput_V"": 0, ""Water_deep_cm"": 18.125}"
2025-09-19 08:50:23.141014515+00:00,ps-lb-14,2,-39,9.75,"{""Bat_V"": 3.576, ""Exti_pin_level"": ""Low"", ""Exti_status"": ""False"", ""IDC_intput_mA"": 5.45, ""IN1_pin_level"": ""Low"", ""IN2_pin_level"": ""Low"", ""Node_type"": ""PS-LB"", ""Probe_mod"": 0, ""VDC_intput_V"": 0, ""Water_deep_cm"": 18.125}"
2025-09-19 09:00:23.020664861+00:00,ps-lb-14,2,-38,7.75,"{""Bat_V"": 3.576, ""Exti_pin_level"": ""Low"", ""Exti_status"": ""False"", ""IDC_intput_mA"": 5.45, ""IN1_pin_level"": ""Low"", ""IN2_pin_level"": ""Low"", ""Node_type"": ""PS-LB"", ""Probe_mod"": 0, ""VDC_intput_V"": 0, ""Water_deep_cm"": 18.125}"
2025-09-19 09:10:22.915325519+00:00,ps-lb-14,2,-39,9.75,"{""Bat_V"": 3.57, ""Exti_pin_level"": ""Low"", ""Exti_status"": ""False"", ""IDC_intput_mA"": 5.45, ""IN1_pin_level"": ""Low"", ""IN2_pin_level"": ""Low"", ""Node_type"": ""PS-LB"", ""Probe_mod"": 0, ""VDC_intput_V"": 0, ""Water_deep_cm"": 18.125}"
2025-09-19 09:20:22.813078246+00:00,ps-lb-14,2,-37,9.0,"{""Bat_V"": 3.576, ""Exti_pin_level"": ""Low"", ""Exti_status"": ""False"", ""IDC_intput_mA"": 5.45, ""IN1_pin_level"": ""Low"", ""IN2_pin_level"": ""Low"", ""Node_type"": ""PS-LB"", ""Probe_mod"": 0, ""VDC_intput_V"": 0, ""Water_deep_cm"": 18.125}"
2025-09-19 09:30:22.680181414+00:00,ps-lb-14,2,-41,10.0,"{""Bat_V"": 3.576, ""Exti_pin_level"": ""Low"", ""Exti_status"": ""False"", ""IDC_intput_mA"": 5.45, ""IN1_pin_level"": ""Low"", ""IN2_pin_level"": ""Low"", ""Node_type"": ""PS-LB"", ""Probe_mod"": 0, ""VDC_intput_V"": 0, ""Water_deep_cm"": 18.125}"
2025-09-19 09:40:22.568846759+00:00,ps-lb-14,2,-38,7.5,"{""Bat_V"": 3.576, ""Exti_pin_level"": ""Low"", ""Exti_status"": ""False"", ""IDC_intput_mA"": 5.45, ""IN1_pin_level"": ""Low"", ""IN2_pin_level"": ""Low"", ""Node_type"": ""PS-LB"", ""Probe_mod"": 0, ""VDC_intput_V"": 0, ""Water_deep_cm"": 18.125}"
2025-09-19 09:50:22.460971985+00:00,ps-lb-14,2,-41,10.25,"{""Bat_V"": 3.576, ""Exti_pin_level"": ""Low"", ""Exti_status"": ""False"", ""IDC_intput_mA"": 5.45, ""IN1_pin_level"": ""Low"", ""IN2_pin_level"": ""Low"", ""Node_type"": ""PS-LB"", ""Probe_mod"": 0, ""VDC_intput_V"": 0, ""Water_deep_cm"": 18.125}"
2025-09-19 10:00:22.333780571+00:00,ps-lb-14,2,-41,10.5,"{""Bat_V"": 3.576, ""Exti_pin_level"": ""Low"", ""Exti_status"": ""False"", ""IDC_intput_mA"": 5.45, ""IN1_pin_level"": ""Low"", ""IN2_pin_level"": ""Low"", ""Node_type"": ""PS-LB"", ""Probe_mod"": 0, ""VDC_intput_V"": 0, ""Water_deep_cm"": 18.125}"
2025-09-19 10:10:22.244589552+00:00,ps-lb-14,2,-121,-6.0,"{""Bat_V"": 3.576, ""Exti_pin_level"": ""Low"", ""Exti_status"": ""False"", ""IDC_intput_mA"": 5.45, ""IN1_pin_level"": ""Low"", ""IN2_pin_level"": ""Low"", ""Node_type"": ""PS-LB"", ""Probe_mod"": 0, ""VDC_intput_V"": 0, ""Water_deep_cm"": 18.125}"
2025-09-19 10:20:22.131884410+00:00,ps-lb-14,2,-39,7.75,"{""Bat_V"": 3.576, ""Exti_pin_level"": ""Low"", ""Exti_status"": ""False"", ""IDC_intput_mA"": 5.45, ""IN1_pin_level"": ""Low"", ""IN2_pin_level"": ""Low"", ""Node_type"": ""PS-LB"", ""Probe_mod"": 0, ""VDC_intput_V"": 0, ""Water_deep_cm"": 18.125}"
2025-09-19 10:30:22.017933633+00:00,ps-lb-14,2,-39,7.75,"{""Bat_V"": 3.57, ""Exti_pin_level"": ""Low"", ""Exti_status"": ""False"", ""IDC_intput_mA"": 5.45, ""IN1_pin_level"": ""Low"", ""IN2_pin_level"": ""Low"", ""Node_type"": ""PS-LB"", ""Probe_mod"": 0, ""VDC_intput_V"": 0, ""Water_deep_cm"": 18.125}"
2025-09-19 10:40:21.887577051+00:00,ps-lb-14,2,-126,-9.25,"{""Bat_V"": 3.576, ""Exti_pin_level"": ""Low"", ""Exti_status"": ""False"", ""IDC_intput_mA"": 5.45, ""IN1_pin_level"": ""Low"", ""IN2_pin_level"": ""Low"", ""Node_type"": ""PS-LB"", ""Probe_mod"": 0, ""VDC_intput_V"": 0, ""Water_deep_cm"": 18.125}"
2025-09-19 10:50:21.777006994+00:00,ps-lb-14,2,-39,10.25,"{""Bat_V"": 3.576, ""Exti_pin_level"": ""Low"", ""Exti_status"": ""False"", ""IDC_intput_mA"": 5.45, ""IN1_pin_level"": ""Low"", ""IN2_pin_level"": ""Low"", ""Node_type"": ""PS-LB"", ""Probe_mod"": 0, ""VDC_intput_V"": 0, ""Water_deep_cm"": 18.125}"
2025-09-19 11:00:21.668503189+00:00,ps-lb-14,2,-39,7.5,"{""Bat_V"": 3.576, ""Exti_pin_level"": ""Low"", ""Exti_status"": ""False"", ""IDC_intput_mA"": 5.45, ""IN1_pin_level"": ""Low"", ""IN2_pin_level"": ""Low"", ""Node_type"": ""PS-LB"", ""Probe_mod"": 0, ""VDC_intput_V"": 0, ""Water_deep_cm"": 18.125}"
2025-09-19 11:10:21.557692281+00:00,ps-lb-14,2,-39,10.25,"{""Bat_V"": 3.576, ""Exti_pin_level"": ""Low"", ""Exti_status"": ""False"", ""IDC_intput_mA"": 5.45, ""IN1_pin_level"": ""Low"", ""IN2_pin_level"": ""Low"", ""Node_type"": ""PS-LB"", ""Probe_mod"": 0, ""VDC_intput_V"": 0, ""Water_deep_cm"": 18.125}"
2025-09-19 11:20:21.439700474+00:00,ps-lb-14,2,-39,9.75,"{""Bat_V"": 3.57, ""Exti_pin_level"": ""Low"", ""Exti_status"": ""False"", ""IDC_intput_mA"": 5.45, ""IN1_pin_level"": ""Low"", ""IN2_pin_level"": ""Low"", ""Node_type"": ""PS-LB"", ""Probe_mod"": 0, ""VDC_intput_V"": 0, ""Water_deep_cm"": 18.125}"
2025-09-19 11:30:21.329401250+00:00,ps-lb-14,2,-38,7.25,"{""Bat_V"": 3.57, ""Exti_pin_level"": ""Low"", ""Exti_status"": ""False"", ""IDC_intput_mA"": 5.45, ""IN1_pin_level"": ""Low"", ""IN2_pin_level"": ""Low"", ""Node_type"": ""PS-LB"", ""Probe_mod"": 0, ""VDC_intput_V"": 0, ""Water_deep_cm"": 18.125}"
2025-09-19 11:40:21.215447903+00:00,ps-lb-14,2,-38,6.0,"{""Bat_V"": 3.57, ""Exti_pin_level"": ""Low"", ""Exti_status"": ""False"", ""IDC_intput_mA"": 5.45, ""IN1_pin_level"": ""Low"", ""IN2_pin_level"": ""Low"", ""Node_type"": ""PS-LB"", ""Probe_mod"": 0, ""VDC_intput_V"": 0, ""Water_deep_cm"": 18.125}"
2025-09-19 11:50:21.110204693+00:00,ps-lb-14,2,-39,9.25,"{""Bat_V"": 3.576, ""Exti_pin_level"": ""Low"", ""Exti_status"": ""False"", ""IDC_intput_mA"": 5.45, ""IN1_pin_level"": ""Low"", ""IN2_pin_level"": ""Low"", ""Node_type"": ""PS-LB"", ""Probe_mod"": 0, ""VDC_intput_V"": 0, ""Water_deep_cm"": 18.125}"
2025-09-19 12:00:20.980602078+00:00,ps-lb-14,2,-39,9.5,"{""Bat_V"": 3.576, ""Exti_pin_level"": ""Low"", ""Exti_status"": ""False"", ""IDC_intput_mA"": 5.45, ""IN1_pin_level"": ""Low"", ""IN2_pin_level"": ""Low"", ""Node_type"": ""PS-LB"", ""Probe_mod"": 0, ""VDC_intput_V"": 0, ""Water_deep_cm"": 18.125}"
2025-09-19 12:10:20.887022501+00:00,ps-lb-14,2,-39,9.75,"{""Bat_V"": 3.576, ""Exti_pin_level"": ""Low"", ""Exti_status"": ""False"", ""IDC_intput_mA"": 5.45, ""IN1_pin_level"": ""Low"", ""IN2_pin_level"": ""Low"", ""Node_type"": ""PS-LB"", ""Probe_mod"": 0, ""VDC_intput_V"": 0, ""Water_deep_cm"": 18.125}"
2025-09-19 12:20:20.770225786+00:00,ps-lb-14,2,-39,7.25,"{""Bat_V"": 3.576, ""Exti_pin_level"": ""Low"", ""Exti_status"": ""False"", ""IDC_intput_mA"": 5.45, ""IN1_pin_level"": ""Low"", ""IN2_pin_level"": ""Low"", ""Node_type"": ""PS-LB"", ""Probe_mod"": 0, ""VDC_intput_V"": 0, ""Water_deep_cm"": 18.125}"
2025-09-19 12:30:20.634847405+00:00,ps-lb-14,2,-38,9.25,"{""Bat_V"": 3.576, ""Exti_pin_level"": ""Low"", ""Exti_status"": ""False"", ""IDC_intput_mA"": 5.45, ""IN1_pin_level"": ""Low"", ""IN2_pin_level"": ""Low"", ""Node_type"": ""PS-LB"", ""Probe_mod"": 0, ""VDC_intput_V"": 0, ""Water_deep_cm"": 18.125}"
2025-09-19 12:40:20.541266861+00:00,ps-lb-14,2,-41,9.25,"{""Bat_V"": 3.576, ""Exti_pin_level"": ""Low"", ""Exti_status"": ""False"", ""IDC_intput_mA"": 5.449, ""IN1_pin_level"": ""Low"", ""IN2_pin_level"": ""Low"", ""Node_type"": ""PS-LB"", ""Probe_mod"": 0, ""VDC_intput_V"": 0, ""Water_deep_cm"": 18.112}"
2025-09-19 12:50:20.424001049+00:00,ps-lb-14,2,-38,7.25,"{""Bat_V"": 3.57, ""Exti_pin_level"": ""Low"", ""Exti_status"": ""False"", ""IDC_intput_mA"": 5.45, ""IN1_pin_level"": ""Low"", ""IN2_pin_level"": ""Low"", ""Node_type"": ""PS-LB"", ""Probe_mod"": 0, ""VDC_intput_V"": 0, ""Water_deep_cm"": 18.125}"
2025-09-19 13:00:20.318719467+00:00,ps-lb-14,2,-39,9.75,"{""Bat_V"": 3.576, ""Exti_pin_level"": ""Low"", ""Exti_status"": ""False"", ""IDC_intput_mA"": 5.45, ""IN1_pin_level"": ""Low"", ""IN2_pin_level"": ""Low"", ""Node_type"": ""PS-LB"", ""Probe_mod"": 0, ""VDC_intput_V"": 0, ""Water_deep_cm"": 18.125}"
2025-09-19 13:10:20.204372601+00:00,ps-lb-14,2,-41,7.0,"{""Bat_V"": 3.576, ""Exti_pin_level"": ""Low"", ""Exti_status"": ""False"", ""IDC_intput_mA"": 5.45, ""IN1_pin_level"": ""Low"", ""IN2_pin_level"": ""Low"", ""Node_type"": ""PS-LB"", ""Probe_mod"": 0, ""VDC_intput_V"": 0, ""Water_deep_cm"": 18.125}"
2025-09-19 13:20:20.109190241+00:00,ps-lb-14,2,-39,10.5,"{""Bat_V"": 3.576, ""Exti_pin_level"": ""Low"", ""Exti_status"": ""False"", ""IDC_intput_mA"": 5.45, ""IN1_pin_level"": ""Low"", ""IN2_pin_level"": ""Low"", ""Node_type"": ""PS-LB"", ""Probe_mod"": 0, ""VDC_intput_V"": 0, ""Water_deep_cm"": 18.125}"
2025-09-19 13:30:19.975228293+00:00,ps-lb-14,2,-41,9.75,"{""Bat_V"": 3.576, ""Exti_pin_level"": ""Low"", ""Exti_status"": ""False"", ""IDC_intput_mA"": 5.45, ""IN1_pin_level"": ""Low"", ""IN2_pin_level"": ""Low"", ""Node_type"": ""PS-LB"", ""Probe_mod"": 0, ""VDC_intput_V"": 0, ""Water_deep_cm"": 18.125}"
2025-09-19 13:40:19.841992191+00:00,ps-lb-14,2,-38,9.5,"{""Bat_V"": 3.57, ""Exti_pin_level"": ""Low"", ""Exti_status"": ""False"", ""IDC_intput_mA"": 5.45, ""IN1_pin_level"": ""Low"", ""IN2_pin_level"": ""Low"", ""Node_type"": ""PS-LB"", ""Probe_mod"": 0, ""VDC_intput_V"": 0, ""Water_deep_cm"": 18.125}"
2025-09-19 13:50:19.752424259+00:00,ps-lb-14,2,-38,9.75,"{""Bat_V"": 3.576, ""Exti_pin_level"": ""Low"", ""Exti_status"": ""False"", ""IDC_intput_mA"": 5.45, ""IN1_pin_level"": ""Low"", ""IN2_pin_level"": ""Low"", ""Node_type"": ""PS-LB"", ""Probe_mod"": 0, ""VDC_intput_V"": 0, ""Water_deep_cm"": 18.125}"
2025-09-19 14:00:19.631722261+00:00,ps-lb-14,2,-120,-4.75,"{""Bat_V"": 3.576, ""Exti_pin_level"": ""Low"", ""Exti_status"": ""False"", ""IDC_intput_mA"": 5.45, ""IN1_pin_level"": ""Low"", ""IN2_pin_level"": ""Low"", ""Node_type"": ""PS-LB"", ""Probe_mod"": 0, ""VDC_intput_V"": 0, ""Water_deep_cm"": 18.125}"
2025-09-19 14:10:19.513792969+00:00,ps-lb-14,2,-37,9.75,"{""Bat_V"": 3.576, ""Exti_pin_level"": ""Low"", ""Exti_status"": ""False"", ""IDC_intput_mA"": 5.45, ""IN1_pin_level"": ""Low"", ""IN2_pin_level"": ""Low"", ""Node_type"": ""PS-LB"", ""Probe_mod"": 0, ""VDC_intput_V"": 0, ""Water_deep_cm"": 18.125}"
2025-09-19 14:20:19.402713665+00:00,ps-lb-14,2,-39,9.0,"{""Bat_V"": 3.576, ""Exti_pin_level"": ""Low"", ""Exti_status"": ""False"", ""IDC_intput_mA"": 5.449, ""IN1_pin_level"": ""Low"", ""IN2_pin_level"": ""Low"", ""Node_type"": ""PS-LB"", ""Probe_mod"": 0, ""VDC_intput_V"": 0, ""Water_deep_cm"": 18.112}"
2025-09-19 14:30:19.283902517+00:00,ps-lb-14,2,-38,7.25,"{""Bat_V"": 3.576, ""Exti_pin_level"": ""Low"", ""Exti_status"": ""False"", ""IDC_intput_mA"": 5.45, ""IN1_pin_level"": ""Low"", ""IN2_pin_level"": ""Low"", ""Node_type"": ""PS-LB"", ""Probe_mod"": 0, ""VDC_intput_V"": 0, ""Water_deep_cm"": 18.125}"
2025-09-19 14:40:19.187725988+00:00,ps-lb-14,2,-38,10.25,"{""Bat_V"": 3.576, ""Exti_pin_level"": ""Low"", ""Exti_status"": ""False"", ""IDC_intput_mA"": 5.449, ""IN1_pin_level"": ""Low"", ""IN2_pin_level"": ""Low"", ""Node_type"": ""PS-LB"", ""Probe_mod"": 0, ""VDC_intput_V"": 0, ""Water_deep_cm"": 18.112}"
2025-09-19 14:50:19.027662322+00:00,ps-lb-14,2,-118,-0.8,"{""Bat_V"": 3.57, ""Exti_pin_level"": ""Low"", ""Exti_status"": ""False"", ""IDC_intput_mA"": 5.449, ""IN1_pin_level"": ""Low"", ""IN2_pin_level"": ""Low"", ""Node_type"": ""PS-LB"", ""Probe_mod"": 0, ""VDC_intput_V"": 0, ""Water_deep_cm"": 18.112}"
2025-09-19 15:00:18.952124980+00:00,ps-lb-14,2,-39,7.25,"{""Bat_V"": 3.576, ""Exti_pin_level"": ""Low"", ""Exti_status"": ""False"", ""IDC_intput_mA"": 5.45, ""IN1_pin_level"": ""Low"", ""IN2_pin_level"": ""Low"", ""Node_type"": ""PS-LB"", ""Probe_mod"": 0, ""VDC_intput_V"": 0, ""Water_deep_cm"": 18.125}"
2025-09-19 15:10:18.843279798+00:00,ps-lb-14,2,-37,9.75,"{""Bat_V"": 3.576, ""Exti_pin_level"": ""Low"", ""Exti_status"": ""False"", ""IDC_intput_mA"": 5.45, ""IN1_pin_level"": ""Low"", ""IN2_pin_level"": ""Low"", ""Node_type"": ""PS-LB"", ""Probe_mod"": 0, ""VDC_intput_V"": 0, ""Water_deep_cm"": 18.125}"
2025-09-19 15:20:18.735386904+00:00,ps-lb-14,2,-41,9.5,"{""Bat_V"": 3.576, ""Exti_pin_level"": ""Low"", ""Exti_status"": ""False"", ""IDC_intput_mA"": 5.45, ""IN1_pin_level"": ""Low"", ""IN2_pin_level"": ""Low"", ""Node_type"": ""PS-LB"", ""Probe_mod"": 0, ""VDC_intput_V"": 0, ""Water_deep_cm"": 18.125}"
2025-09-19 15:30:18.604044578+00:00,ps-lb-14,2,-39,7.25,"{""Bat_V"": 3.576, ""Exti_pin_level"": ""Low"", ""Exti_status"": ""False"", ""IDC_intput_mA"": 5.449, ""IN1_pin_level"": ""Low"", ""IN2_pin_level"": ""Low"", ""Node_type"": ""PS-LB"", ""Probe_mod"": 0, ""VDC_intput_V"": 0, ""Water_deep_cm"": 18.112}"
2025-09-19 15:40:18.511604611+00:00,ps-lb-14,2,-122,-7.0,"{""Bat_V"": 3.57, ""Exti_pin_level"": ""Low"", ""Exti_status"": ""False"", ""IDC_intput_mA"": 5.45, ""IN1_pin_level"": ""Low"", ""IN2_pin_level"": ""Low"", ""Node_type"": ""PS-LB"", ""Probe_mod"": 0, ""VDC_intput_V"": 0, ""Water_deep_cm"": 18.125}"
2025-09-19 15:50:18.365005896+00:00,ps-lb-14,2,-39,8.0,"{""Bat_V"": 3.576, ""Exti_pin_level"": ""Low"", ""Exti_status"": ""False"", ""IDC_intput_mA"": 5.45, ""IN1_pin_level"": ""Low"", ""IN2_pin_level"": ""Low"", ""Node_type"": ""PS-LB"", ""Probe_mod"": 0, ""VDC_intput_V"": 0, ""Water_deep_cm"": 18.125}"
2025-09-19 16:00:18.278577291+00:00,ps-lb-14,2,-39,9.75,"{""Bat_V"": 3.576, ""Exti_pin_level"": ""Low"", ""Exti_status"": ""False"", ""IDC_intput_mA"": 5.45, ""IN1_pin_level"": ""Low"", ""IN2_pin_level"": ""Low"", ""Node_type"": ""PS-LB"", ""Probe_mod"": 0, ""VDC_intput_V"": 0, ""Water_deep_cm"": 18.125}"
2025-09-19 16:10:18.158730744+00:00,ps-lb-14,2,-41,9.75,"{""Bat_V"": 3.576, ""Exti_pin_level"": ""Low"", ""Exti_status"": ""False"", ""IDC_intput_mA"": 5.449, ""IN1_pin_level"": ""Low"", ""IN2_pin_level"": ""Low"", ""Node_type"": ""PS-LB"", ""Probe_mod"": 0, ""VDC_intput_V"": 0, ""Water_deep_cm"": 18.112}"
2025-09-19 16:20:18.065332899+00:00,ps-lb-14,2,-39,8.25,"{""Bat_V"": 3.57, ""Exti_pin_level"": ""Low"", ""Exti_status"": ""False"", ""IDC_intput_mA"": 5.449, ""IN1_pin_level"": ""Low"", ""IN2_pin_level"": ""Low"", ""Node_type"": ""PS-LB"", ""Probe_mod"": 0, ""VDC_intput_V"": 0, ""Water_deep_cm"": 18.112}"
2025-09-19 16:30:17.927131363+00:00,ps-lb-14,2,-39,9.25,"{""Bat_V"": 3.576, ""Exti_pin_level"": ""Low"", ""Exti_status"": ""False"", ""IDC_intput_mA"": 5.45, ""IN1_pin_level"": ""Low"", ""IN2_pin_level"": ""Low"", ""Node_type"": ""PS-LB"", ""Probe_mod"": 0, ""VDC_intput_V"": 0, ""Water_deep_cm"": 18.125}"
2025-09-19 16:40:17.817884085+00:00,ps-lb-14,2,-41,9.5,"{""Bat_V"": 3.576, ""Exti_pin_level"": ""Low"", ""Exti_status"": ""False"", ""IDC_intput_mA"": 5.45, ""IN1_pin_level"": ""Low"", ""IN2_pin_level"": ""Low"", ""Node_type"": ""PS-LB"", ""Probe_mod"": 0, ""VDC_intput_V"": 0, ""Water_deep_cm"": 18.125}"
2025-09-19 16:50:17.727166042+00:00,ps-lb-14,2,-38,9.0,"{""Bat_V"": 3.576, ""Exti_pin_level"": ""Low"", ""Exti_status"": ""False"", ""IDC_intput_mA"": 5.45, ""IN1_pin_level"": ""Low"", ""IN2_pin_level"": ""Low"", ""Node_type"": ""PS-LB"", ""Probe_mod"": 0, ""VDC_intput_V"": 0, ""Water_deep_cm"": 18.125}"
2025-09-19 17:00:17.588794956+00:00,ps-lb-14,2,-39,9.25,"{""Bat_V"": 3.576, ""Exti_pin_level"": ""Low"", ""Exti_status"": ""False"", ""IDC_intput_mA"": 5.45, ""IN1_pin_level"": ""Low"", ""IN2_pin_level"": ""Low"", ""Node_type"": ""PS-LB"", ""Probe_mod"": 0, ""VDC_intput_V"": 0, ""Water_deep_cm"": 18.125}"
2025-09-19 17:10:17.488474185+00:00,ps-lb-14,2,-123,-8.0,"{""Bat_V"": 3.576, ""Exti_pin_level"": ""Low"", ""Exti_status"": ""False"", ""IDC_intput_mA"": 5.449, ""IN1_pin_level"": ""Low"", ""IN2_pin_level"": ""Low"", ""Node_type"": ""PS-LB"", ""Probe_mod"": 0, ""VDC_intput_V"": 0, ""Water_deep_cm"": 18.112}"
2025-09-19 17:20:17.384008255+00:00,ps-lb-14,2,-38,9.25,"{""Bat_V"": 3.57, ""Exti_pin_level"": ""Low"", ""Exti_status"": ""False"", ""IDC_intput_mA"": 5.45, ""IN1_pin_level"": ""Low"", ""IN2_pin_level"": ""Low"", ""Node_type"": ""PS-LB"", ""Probe_mod"": 0, ""VDC_intput_V"": 0, ""Water_deep_cm"": 18.125}"
2025-09-19 17:30:17.249695679+00:00,ps-lb-14,2,-41,9.5,"{""Bat_V"": 3.576, ""Exti_pin_level"": ""Low"", ""Exti_status"": ""False"", ""IDC_intput_mA"": 5.45, ""IN1_pin_level"": ""Low"", ""IN2_pin_level"": ""Low"", ""Node_type"": ""PS-LB"", ""Probe_mod"": 0, ""VDC_intput_V"": 0, ""Water_deep_cm"": 18.125}"
2025-09-19 17:40:17.151855427+00:00,ps-lb-14,2,-39,9.75,"{""Bat_V"": 3.57, ""Exti_pin_level"": ""Low"", ""Exti_status"": ""False"", ""IDC_intput_mA"": 5.449, ""IN1_pin_level"": ""Low"", ""IN2_pin_level"": ""Low"", ""Node_type"": ""PS-LB"", ""Probe_mod"": 0, ""VDC_intput_V"": 0, ""Water_deep_cm"": 18.112}"
2025-09-19 17:50:17.031190728+00:00,ps-lb-14,2,-39,9.75,"{""Bat_V"": 3.57, ""Exti_pin_level"": ""Low"", ""Exti_status"": ""False"", ""IDC_intput_mA"": 5.449, ""IN1_pin_level"": ""Low"", ""IN2_pin_level"": ""Low"", ""Node_type"": ""PS-LB"", ""Probe_mod"": 0, ""VDC_intput_V"": 0, ""Water_deep_cm"": 18.112}"
2025-09-19 18:00:16.928227215+00:00,ps-lb-14,2,-119,-4.0,"{""Bat_V"": 3.57, ""Exti_pin_level"": ""Low"", ""Exti_status"": ""False"", ""IDC_intput_mA"": 5.449, ""IN1_pin_level"": ""Low"", ""IN2_pin_level"": ""Low"", ""Node_type"": ""PS-LB"", ""Probe_mod"": 0, ""VDC_intput_V"": 0, ""Water_deep_cm"": 18.112}"
2025-09-19 18:10:16.821767042+00:00,ps-lb-14,2,-39,9.5,"{""Bat_V"": 3.576, ""Exti_pin_level"": ""Low"", ""Exti_status"": ""False"", ""IDC_intput_mA"": 5.449, ""IN1_pin_level"": ""Low"", ""IN2_pin_level"": ""Low"", ""Node_type"": ""PS-LB"", ""Probe_mod"": 0, ""VDC_intput_V"": 0, ""Water_deep_cm"": 18.112}"
2025-09-19 18:20:16.710001635+00:00,ps-lb-14,2,-39,7.25,"{""Bat_V"": 3.57, ""Exti_pin_level"": ""Low"", ""Exti_status"": ""False"", ""IDC_intput_mA"": 5.45, ""IN1_pin_level"": ""Low"", ""IN2_pin_level"": ""Low"", ""Node_type"": ""PS-LB"", ""Probe_mod"": 0, ""VDC_intput_V"": 0, ""Water_deep_cm"": 18.125}"
2025-09-19 18:30:16.589856091+00:00,ps-lb-14,2,-38,8.0,"{""Bat_V"": 3.576, ""Exti_pin_level"": ""Low"", ""Exti_status"": ""False"", ""IDC_intput_mA"": 5.449, ""IN1_pin_level"": ""Low"", ""IN2_pin_level"": ""Low"", ""Node_type"": ""PS-LB"", ""Probe_mod"": 0, ""VDC_intput_V"": 0, ""Water_deep_cm"": 18.112}"
2025-09-19 18:40:16.469988931+00:00,ps-lb-14,2,-39,10.75,"{""Bat_V"": 3.57, ""Exti_pin_level"": ""Low"", ""Exti_status"": ""False"", ""IDC_intput_mA"": 5.449, ""IN1_pin_level"": ""Low"", ""IN2_pin_level"": ""Low"", ""Node_type"": ""PS-LB"", ""Probe_mod"": 0, ""VDC_intput_V"": 0, ""Water_deep_cm"": 18.112}"
2025-09-19 18:50:16.356455894+00:00,ps-lb-14,2,-41,9.25,"{""Bat_V"": 3.576, ""Exti_pin_level"": ""Low"", ""Exti_status"": ""False"", ""IDC_intput_mA"": 5.45, ""IN1_pin_level"": ""Low"", ""IN2_pin_level"": ""Low"", ""Node_type"": ""PS-LB"", ""Probe_mod"": 0, ""VDC_intput_V"": 0, ""Water_deep_cm"": 18.125}"
2025-09-19 19:00:16.227095876+00:00,ps-lb-14,2,-39,7.5,"{""Bat_V"": 3.57, ""Exti_pin_level"": ""Low"", ""Exti_status"": ""False"", ""IDC_intput_mA"": 5.449, ""IN1_pin_level"": ""Low"", ""IN2_pin_level"": ""Low"", ""Node_type"": ""PS-LB"", ""Probe_mod"": 0, ""VDC_intput_V"": 0, ""Water_deep_cm"": 18.112}"
2025-09-19 19:10:16.140843215+00:00,ps-lb-14,2,-120,-5.0,"{""Bat_V"": 3.576, ""Exti_pin_level"": ""Low"", ""Exti_status"": ""False"", ""IDC_intput_mA"": 5.449, ""IN1_pin_level"": ""Low"", ""IN2_pin_level"": ""Low"", ""Node_type"": ""PS-LB"", ""Probe_mod"": 0, ""VDC_intput_V"": 0, ""Water_deep_cm"": 18.112}"
2025-09-19 19:20:16.010214766+00:00,ps-lb-14,2,-39,9.5,"{""Bat_V"": 3.57, ""Exti_pin_level"": ""Low"", ""Exti_status"": ""False"", ""IDC_intput_mA"": 5.449, ""IN1_pin_level"": ""Low"", ""IN2_pin_level"": ""Low"", ""Node_type"": ""PS-LB"", ""Probe_mod"": 0, ""VDC_intput_V"": 0, ""Water_deep_cm"": 18.112}"
2025-09-19 19:30:15.904197049+00:00,ps-lb-14,2,-37,7.0,"{""Bat_V"": 3.57, ""Exti_pin_level"": ""Low"", ""Exti_status"": ""False"", ""IDC_intput_mA"": 5.449, ""IN1_pin_level"": ""Low"", ""IN2_pin_level"": ""Low"", ""Node_type"": ""PS-LB"", ""Probe_mod"": 0, ""VDC_intput_V"": 0, ""Water_deep_cm"": 18.112}"
2025-09-19 19:40:15.794969607+00:00,ps-lb-14,2,-36,7.5,"{""Bat_V"": 3.576, ""Exti_pin_level"": ""Low"", ""Exti_status"": ""False"", ""IDC_intput_mA"": 5.449, ""IN1_pin_level"": ""Low"", ""IN2_pin_level"": ""Low"", ""Node_type"": ""PS-LB"", ""Probe_mod"": 0, ""VDC_intput_V"": 0, ""Water_deep_cm"": 18.112}"
2025-09-19 19:50:15.686125854+00:00,ps-lb-14,2,-39,7.75,"{""Bat_V"": 3.576, ""Exti_pin_level"": ""Low"", ""Exti_status"": ""False"", ""IDC_intput_mA"": 5.449, ""IN1_pin_level"": ""Low"", ""IN2_pin_level"": ""Low"", ""Node_type"": ""PS-LB"", ""Probe_mod"": 0, ""VDC_intput_V"": 0, ""Water_deep_cm"": 18.112}"
2025-09-19 20:00:15.569326662+00:00,ps-lb-14,2,-38,9.0,"{""Bat_V"": 3.57, ""Exti_pin_level"": ""Low"", ""Exti_status"": ""False"", ""IDC_intput_mA"": 5.449, ""IN1_pin_level"": ""Low"", ""IN2_pin_level"": ""Low"", ""Node_type"": ""PS-LB"", ""Probe_mod"": 0, ""VDC_intput_V"": 0, ""Water_deep_cm"": 18.112}"
2025-09-19 20:10:15.447818725+00:00,ps-lb-14,2,-41,11.0,"{""Bat_V"": 3.57, ""Exti_pin_level"": ""Low"", ""Exti_status"": ""False"", ""IDC_intput_mA"": 5.449, ""IN1_pin_level"": ""Low"", ""IN2_pin_level"": ""Low"", ""Node_type"": ""PS-LB"", ""Probe_mod"": 0, ""VDC_intput_V"": 0, ""Water_deep_cm"": 18.112}"
2025-09-19 20:20:15.312692696+00:00,ps-lb-14,2,-118,-3.8,"{""Bat_V"": 3.57, ""Exti_pin_level"": ""Low"", ""Exti_status"": ""False"", ""IDC_intput_mA"": 5.449, ""IN1_pin_level"": ""Low"", ""IN2_pin_level"": ""Low"", ""Node_type"": ""PS-LB"", ""Probe_mod"": 0, ""VDC_intput_V"": 0, ""Water_deep_cm"": 18.112}"
2025-09-19 20:30:15.220432979+00:00,ps-lb-14,2,-39,9.75,"{""Bat_V"": 3.57, ""Exti_pin_level"": ""Low"", ""Exti_status"": ""False"", ""IDC_intput_mA"": 5.45, ""IN1_pin_level"": ""Low"", ""IN2_pin_level"": ""Low"", ""Node_type"": ""PS-LB"", ""Probe_mod"": 0, ""VDC_intput_V"": 0, ""Water_deep_cm"": 18.125}"
2025-09-19 20:40:15.115874529+00:00,ps-lb-14,2,-119,-4.75,"{""Bat_V"": 3.57, ""Exti_pin_level"": ""Low"", ""Exti_status"": ""False"", ""IDC_intput_mA"": 5.449, ""IN1_pin_level"": ""Low"", ""IN2_pin_level"": ""Low"", ""Node_type"": ""PS-LB"", ""Probe_mod"": 0, ""VDC_intput_V"": 0, ""Water_deep_cm"": 18.112}"
2025-09-19 20:50:15.000948549+00:00,ps-lb-14,2,-37,8.0,"{""Bat_V"": 3.57, ""Exti_pin_level"": ""Low"", ""Exti_status"": ""False"", ""IDC_intput_mA"": 5.449, ""IN1_pin_level"": ""Low"", ""IN2_pin_level"": ""Low"", ""Node_type"": ""PS-LB"", ""Probe_mod"": 0, ""VDC_intput_V"": 0, ""Water_deep_cm"": 18.112}"
2025-09-19 21:00:14.887410409+00:00,ps-lb-14,2,-39,7.5,"{""Bat_V"": 3.576, ""Exti_pin_level"": ""Low"", ""Exti_status"": ""False"", ""IDC_intput_mA"": 5.45, ""IN1_pin_level"": ""Low"", ""IN2_pin_level"": ""Low"", ""Node_type"": ""PS-LB"", ""Probe_mod"": 0, ""VDC_intput_V"": 0, ""Water_deep_cm"": 18.125}"
2025-09-19 21:10:14.781287155+00:00,ps-lb-14,2,-39,10.75,"{""Bat_V"": 3.576, ""Exti_pin_level"": ""Low"", ""Exti_status"": ""False"", ""IDC_intput_mA"": 5.45, ""IN1_pin_level"": ""Low"", ""IN2_pin_level"": ""Low"", ""Node_type"": ""PS-LB"", ""Probe_mod"": 0, ""VDC_intput_V"": 0, ""Water_deep_cm"": 18.125}"
2025-09-19 21:20:14.660203741+00:00,ps-lb-14,2,-39,9.5,"{""Bat_V"": 3.576, ""Exti_pin_level"": ""Low"", ""Exti_status"": ""False"", ""IDC_intput_mA"": 5.449, ""IN1_pin_level"": ""Low"", ""IN2_pin_level"": ""Low"", ""Node_type"": ""PS-LB"", ""Probe_mod"": 0, ""VDC_intput_V"": 0, ""Water_deep_cm"": 18.112}"
2025-09-19 21:30:14.541788064+00:00,ps-lb-14,2,-41,11.5,"{""Bat_V"": 3.576, ""Exti_pin_level"": ""Low"", ""Exti_status"": ""False"", ""IDC_intput_mA"": 5.45, ""IN1_pin_level"": ""Low"", ""IN2_pin_level"": ""Low"", ""Node_type"": ""PS-LB"", ""Probe_mod"": 0, ""VDC_intput_V"": 0, ""Water_deep_cm"": 18.125}"
2025-09-19 21:50:14.318014282+00:00,ps-lb-14,2,-39,9.0,"{""Bat_V"": 3.57, ""Exti_pin_level"": ""Low"", ""Exti_status"": ""False"", ""IDC_intput_mA"": 5.45, ""IN1_pin_level"": ""Low"", ""IN2_pin_level"": ""Low"", ""Node_type"": ""PS-LB"", ""Probe_mod"": 0, ""VDC_intput_V"": 0, ""Water_deep_cm"": 18.125}"
2025-09-19 22:00:14.215338329+00:00,ps-lb-14,2,-41,10.0,"{""Bat_V"": 3.57, ""Exti_pin_level"": ""Low"", ""Exti_status"": ""False"", ""IDC_intput_mA"": 5.449, ""IN1_pin_level"": ""Low"", ""IN2_pin_level"": ""Low"", ""Node_type"": ""PS-LB"", ""Probe_mod"": 0, ""VDC_intput_V"": 0, ""Water_deep_cm"": 18.112}"
2025-09-19 22:10:14.110097813+00:00,ps-lb-14,2,-39,12.0,"{""Bat_V"": 3.57, ""Exti_pin_level"": ""Low"", ""Exti_status"": ""False"", ""IDC_intput_mA"": 5.449, ""IN1_pin_level"": ""Low"", ""IN2_pin_level"": ""Low"", ""Node_type"": ""PS-LB"", ""Probe_mod"": 0, ""VDC_intput_V"": 0, ""Water_deep_cm"": 18.112}"
2025-09-19 22:20:13.982749786+00:00,ps-lb-14,2,-38,8.0,"{""Bat_V"": 3.576, ""Exti_pin_level"": ""Low"", ""Exti_status"": ""False"", ""IDC_intput_mA"": 5.449, ""IN1_pin_level"": ""Low"", ""IN2_pin_level"": ""Low"", ""Node_type"": ""PS-LB"", ""Probe_mod"": 0, ""VDC_intput_V"": 0, ""Water_deep_cm"": 18.112}"
2025-09-19 22:30:13.876876756+00:00,ps-lb-14,2,-39,7.75,"{""Bat_V"": 3.576, ""Exti_pin_level"": ""Low"", ""Exti_status"": ""False"", ""IDC_intput_mA"": 5.449, ""IN1_pin_level"": ""Low"", ""IN2_pin_level"": ""Low"", ""Node_type"": ""PS-LB"", ""Probe_mod"": 0, ""VDC_intput_V"": 0, ""Water_deep_cm"": 18.112}"
2025-09-19 22:40:13.745784050+00:00,ps-lb-14,2,-39,10.0,"{""Bat_V"": 3.57, ""Exti_pin_level"": ""Low"", ""Exti_status"": ""False"", ""IDC_intput_mA"": 5.449, ""IN1_pin_level"": ""Low"", ""IN2_pin_level"": ""Low"", ""Node_type"": ""PS-LB"", ""Probe_mod"": 0, ""VDC_intput_V"": 0, ""Water_deep_cm"": 18.112}"
2025-09-19 22:50:13.661325565+00:00,ps-lb-14,2,-38,8.75,"{""Bat_V"": 3.57, ""Exti_pin_level"": ""Low"", ""Exti_status"": ""False"", ""IDC_intput_mA"": 5.449, ""IN1_pin_level"": ""Low"", ""IN2_pin_level"": ""Low"", ""Node_type"": ""PS-LB"", ""Probe_mod"": 0, ""VDC_intput_V"": 0, ""Water_deep_cm"": 18.112}"
2025-09-19 23:00:13.533797254+00:00,ps-lb-14,2,-41,7.5,"{""Bat_V"": 3.576, ""Exti_pin_level"": ""Low"", ""Exti_status"": ""False"", ""IDC_intput_mA"": 5.449, ""IN1_pin_level"": ""Low"", ""IN2_pin_level"": ""Low"", ""Node_type"": ""PS-LB"", ""Probe_mod"": 0, ""VDC_intput_V"": 0, ""Water_deep_cm"": 18.112}"
2025-09-19 23:10:13.423958574+00:00,ps-lb-14,2,-37,9.0,"{""Bat_V"": 3.57, ""Exti_pin_level"": ""Low"", ""Exti_status"": ""False"", ""IDC_intput_mA"": 5.449, ""IN1_pin_level"": ""Low"", ""IN2_pin_level"": ""Low"", ""Node_type"": ""PS-LB"", ""Probe_mod"": 0, ""VDC_intput_V"": 0, ""Water_deep_cm"": 18.112}"
2025-09-19 23:20:13.291548828+00:00,ps-lb-14,2,-41,11.25,"{""Bat_V"": 3.57, ""Exti_pin_level"": ""Low"", ""Exti_status"": ""False"", ""IDC_intput_mA"": 5.449, ""IN1_pin_level"": ""Low"", ""IN2_pin_level"": ""Low"", ""Node_type"": ""PS-LB"", ""Probe_mod"": 0, ""VDC_intput_V"": 0, ""Water_deep_cm"": 18.112}"
2025-09-19 23:30:13.192901682+00:00,ps-lb-14,2,-38,5.75,"{""Bat_V"": 3.57, ""Exti_pin_level"": ""Low"", ""Exti_status"": ""False"", ""IDC_intput_mA"": 5.449, ""IN1_pin_level"": ""Low"", ""IN2_pin_level"": ""Low"", ""Node_type"": ""PS-LB"", ""Probe_mod"": 0, ""VDC_intput_V"": 0, ""Water_deep_cm"": 18.112}"
2025-09-19 23:40:13.064014021+00:00,ps-lb-14,2,-39,9.75,"{""Bat_V"": 3.57, ""Exti_pin_level"": ""Low"", ""Exti_status"": ""False"", ""IDC_intput_mA"": 5.449, ""IN1_pin_level"": ""Low"", ""IN2_pin_level"": ""Low"", ""Node_type"": ""PS-LB"", ""Probe_mod"": 0, ""VDC_intput_V"": 0, ""Water_deep_cm"": 18.112}"
2025-09-19 23:50:12.962271424+00:00,ps-lb-14,2,-38,9.25,"{""Bat_V"": 3.57, ""Exti_pin_level"": ""Low"", ""Exti_status"": ""False"", ""IDC_intput_mA"": 5.449, ""IN1_pin_level"": ""Low"", ""IN2_pin_level"": ""Low"", ""Node_type"": ""PS-LB"", ""Probe_mod"": 0, ""VDC_intput_V"": 0, ""Water_deep_cm"": 18.112}"
2025-09-20 00:00:12.848366150+00:00,ps-lb-14,2,-38,9.25,"{""Bat_V"": 3.57, ""Exti_pin_level"": ""Low"", ""Exti_status"": ""False"", ""IDC_intput_mA"": 5.449, ""IN1_pin_level"": ""Low"", ""IN2_pin_level"": ""Low"", ""Node_type"": ""PS-LB"", ""Probe_mod"": 0, ""VDC_intput_V"": 0, ""Water_deep_cm"": 18.112}"
2025-09-20 00:10:12.736810229+00:00,ps-lb-14,2,-39,9.25,"{""Bat_V"": 3.57, ""Exti_pin_level"": ""Low"", ""Exti_status"": ""False"", ""IDC_intput_mA"": 5.449, ""IN1_pin_level"": ""Low"", ""IN2_pin_level"": ""Low"", ""Node_type"": ""PS-LB"", ""Probe_mod"": 0, ""VDC_intput_V"": 0, ""Water_deep_cm"": 18.112}"
2025-09-20 00:20:12.637007228+00:00,ps-lb-14,2,-41,7.25,"{""Bat_V"": 3.57, ""Exti_pin_level"": ""Low"", ""Exti_status"": ""False"", ""IDC_intput_mA"": 5.449, ""IN1_pin_level"": ""Low"", ""IN2_pin_level"": ""Low"", ""Node_type"": ""PS-LB"", ""Probe_mod"": 0, ""VDC_intput_V"": 0, ""Water_deep_cm"": 18.112}"
2025-09-20 00:30:12.517440653+00:00,ps-lb-14,2,-41,10.0,"{""Bat_V"": 3.57, ""Exti_pin_level"": ""Low"", ""Exti_status"": ""False"", ""IDC_intput_mA"": 5.449, ""IN1_pin_level"": ""Low"", ""IN2_pin_level"": ""Low"", ""Node_type"": ""PS-LB"", ""Probe_mod"": 0, ""VDC_intput_V"": 0, ""Water_deep_cm"": 18.112}"
2025-09-20 00:40:12.409967100+00:00,ps-lb-14,2,-39,9.75,"{""Bat_V"": 3.57, ""Exti_pin_level"": ""Low"", ""Exti_status"": ""False"", ""IDC_intput_mA"": 5.449, ""IN1_pin_level"": ""Low"", ""IN2_pin_level"": ""Low"", ""Node_type"": ""PS-LB"", ""Probe_mod"": 0, ""VDC_intput_V"": 0, ""Water_deep_cm"": 18.112}"
2025-09-20 00:50:12.281186810+00:00,ps-lb-14,2,-37,7.0,"{""Bat_V"": 3.57, ""Exti_pin_level"": ""Low"", ""Exti_status"": ""False"", ""IDC_intput_mA"": 5.449, ""IN1_pin_level"": ""Low"", ""IN2_pin_level"": ""Low"", ""Node_type"": ""PS-LB"", ""Probe_mod"": 0, ""VDC_intput_V"": 0, ""Water_deep_cm"": 18.112}"
2025-09-20 01:00:12.163920665+00:00,ps-lb-14,2,-39,10.5,"{""Bat_V"": 3.57, ""Exti_pin_level"": ""Low"", ""Exti_status"": ""False"", ""IDC_intput_mA"": 5.449, ""IN1_pin_level"": ""Low"", ""IN2_pin_level"": ""Low"", ""Node_type"": ""PS-LB"", ""Probe_mod"": 0, ""VDC_intput_V"": 0, ""Water_deep_cm"": 18.112}"
2025-09-20 01:10:12.072056319+00:00,ps-lb-14,2,-39,7.5,"{""Bat_V"": 3.57, ""Exti_pin_level"": ""Low"", ""Exti_status"": ""False"", ""IDC_intput_mA"": 5.449, ""IN1_pin_level"": ""Low"", ""IN2_pin_level"": ""Low"", ""Node_type"": ""PS-LB"", ""Probe_mod"": 0, ""VDC_intput_V"": 0, ""Water_deep_cm"": 18.112}"
2025-09-20 01:20:11.963415012+00:00,ps-lb-14,2,-39,9.5,"{""Bat_V"": 3.57, ""Exti_pin_level"": ""Low"", ""Exti_status"": ""False"", ""IDC_intput_mA"": 5.449, ""IN1_pin_level"": ""Low"", ""IN2_pin_level"": ""Low"", ""Node_type"": ""PS-LB"", ""Probe_mod"": 0, ""VDC_intput_V"": 0, ""Water_deep_cm"": 18.112}"
2025-09-20 01:30:11.848578123+00:00,ps-lb-14,2,-42,10.75,"{""Bat_V"": 3.57, ""Exti_pin_level"": ""Low"", ""Exti_status"": ""False"", ""IDC_intput_mA"": 5.449, ""IN1_pin_level"": ""Low"", ""IN2_pin_level"": ""Low"", ""Node_type"": ""PS-LB"", ""Probe_mod"": 0, ""VDC_intput_V"": 0, ""Water_deep_cm"": 18.112}"
2025-09-20 01:40:11.721796908+00:00,ps-lb-14,2,-41,8.0,"{""Bat_V"": 3.57, ""Exti_pin_level"": ""Low"", ""Exti_status"": ""False"", ""IDC_intput_mA"": 5.449, ""IN1_pin_level"": ""Low"", ""IN2_pin_level"": ""Low"", ""Node_type"": ""PS-LB"", ""Probe_mod"": 0, ""VDC_intput_V"": 0, ""Water_deep_cm"": 18.112}"
2025-09-20 01:50:11.623163673+00:00,ps-lb-14,2,-38,8.75,"{""Bat_V"": 3.57, ""Exti_pin_level"": ""Low"", ""Exti_status"": ""False"", ""IDC_intput_mA"": 5.449, ""IN1_pin_level"": ""Low"", ""IN2_pin_level"": ""Low"", ""Node_type"": ""PS-LB"", ""Probe_mod"": 0, ""VDC_intput_V"": 0, ""Water_deep_cm"": 18.112}"
2025-09-20 02:00:11.491872655+00:00,ps-lb-14,2,-39,9.75,"{""Bat_V"": 3.57, ""Exti_pin_level"": ""Low"", ""Exti_status"": ""False"", ""IDC_intput_mA"": 5.449, ""IN1_pin_level"": ""Low"", ""IN2_pin_level"": ""Low"", ""Node_type"": ""PS-LB"", ""Probe_mod"": 0, ""VDC_intput_V"": 0, ""Water_deep_cm"": 18.112}"
2025-09-20 02:10:11.380925803+00:00,ps-lb-14,2,-37,7.75,"{""Bat_V"": 3.57, ""Exti_pin_level"": ""Low"", ""Exti_status"": ""False"", ""IDC_intput_mA"": 5.449, ""IN1_pin_level"": ""Low"", ""IN2_pin_level"": ""Low"", ""Node_type"": ""PS-LB"", ""Probe_mod"": 0, ""VDC_intput_V"": 0, ""Water_deep_cm"": 18.112}"
2025-09-20 02:20:11.231683870+00:00,ps-lb-14,2,-116,-3.0,"{""Bat_V"": 3.57, ""Exti_pin_level"": ""Low"", ""Exti_status"": ""False"", ""IDC_intput_mA"": 5.448, ""IN1_pin_level"": ""Low"", ""IN2_pin_level"": ""Low"", ""Node_type"": ""PS-LB"", ""Probe_mod"": 0, ""VDC_intput_V"": 0, ""Water_deep_cm"": 18.1}"
2025-09-20 02:30:11.152834728+00:00,ps-lb-14,2,-38,9.25,"{""Bat_V"": 3.57, ""Exti_pin_level"": ""Low"", ""Exti_status"": ""False"", ""IDC_intput_mA"": 5.448, ""IN1_pin_level"": ""Low"", ""IN2_pin_level"": ""Low"", ""Node_type"": ""PS-LB"", ""Probe_mod"": 0, ""VDC_intput_V"": 0, ""Water_deep_cm"": 18.1}"
2025-09-20 02:40:11.044200637+00:00,ps-lb-14,2,-38,9.25,"{""Bat_V"": 3.57, ""Exti_pin_level"": ""Low"", ""Exti_status"": ""False"", ""IDC_intput_mA"": 5.448, ""IN1_pin_level"": ""Low"", ""IN2_pin_level"": ""Low"", ""Node_type"": ""PS-LB"", ""Probe_mod"": 0, ""VDC_intput_V"": 0, ""Water_deep_cm"": 18.1}"
2025-09-20 02:50:10.933279587+00:00,ps-lb-14,2,-41,9.5,"{""Bat_V"": 3.57, ""Exti_pin_level"": ""Low"", ""Exti_status"": ""False"", ""IDC_intput_mA"": 5.448, ""IN1_pin_level"": ""Low"", ""IN2_pin_level"": ""Low"", ""Node_type"": ""PS-LB"", ""Probe_mod"": 0, ""VDC_intput_V"": 0, ""Water_deep_cm"": 18.1}"
2025-09-20 03:00:10.821031329+00:00,ps-lb-14,2,-41,10.0,"{""Bat_V"": 3.57, ""Exti_pin_level"": ""Low"", ""Exti_status"": ""False"", ""IDC_intput_mA"": 5.448, ""IN1_pin_level"": ""Low"", ""IN2_pin_level"": ""Low"", ""Node_type"": ""PS-LB"", ""Probe_mod"": 0, ""VDC_intput_V"": 0, ""Water_deep_cm"": 18.1}"
2025-09-20 03:10:10.709262591+00:00,ps-lb-14,2,-39,10.25,"{""Bat_V"": 3.57, ""Exti_pin_level"": ""Low"", ""Exti_status"": ""False"", ""IDC_intput_mA"": 5.448, ""IN1_pin_level"": ""Low"", ""IN2_pin_level"": ""Low"", ""Node_type"": ""PS-LB"", ""Probe_mod"": 0, ""VDC_intput_V"": 0, ""Water_deep_cm"": 18.1}"
2025-09-20 03:20:10.589855517+00:00,ps-lb-14,2,-120,-4.5,"{""Bat_V"": 3.57, ""Exti_pin_level"": ""Low"", ""Exti_status"": ""False"", ""IDC_intput_mA"": 5.448, ""IN1_pin_level"": ""Low"", ""IN2_pin_level"": ""Low"", ""Node_type"": ""PS-LB"", ""Probe_mod"": 0, ""VDC_intput_V"": 0, ""Water_deep_cm"": 18.1}"
2025-09-20 03:30:10.483420478+00:00,ps-lb-14,2,-39,10.75,"{""Bat_V"": 3.57, ""Exti_pin_level"": ""Low"", ""Exti_status"": ""False"", ""IDC_intput_mA"": 5.448, ""IN1_pin_level"": ""Low"", ""IN2_pin_level"": ""Low"", ""Node_type"": ""PS-LB"", ""Probe_mod"": 0, ""VDC_intput_V"": 0, ""Water_deep_cm"": 18.1}"
2025-09-20 03:40:10.348716448+00:00,ps-lb-14,2,-38,9.0,"{""Bat_V"": 3.57, ""Exti_pin_level"": ""Low"", ""Exti_status"": ""False"", ""IDC_intput_mA"": 5.448, ""IN1_pin_level"": ""Low"", ""IN2_pin_level"": ""Low"", ""Node_type"": ""PS-LB"", ""Probe_mod"": 0, ""VDC_intput_V"": 0, ""Water_deep_cm"": 18.1}"
2025-09-20 03:50:10.243742863+00:00,ps-lb-14,2,-41,10.25,"{""Bat_V"": 3.57, ""Exti_pin_level"": ""Low"", ""Exti_status"": ""False"", ""IDC_intput_mA"": 5.448, ""IN1_pin_level"": ""Low"", ""IN2_pin_level"": ""Low"", ""Node_type"": ""PS-LB"", ""Probe_mod"": 0, ""VDC_intput_V"": 0, ""Water_deep_cm"": 18.1}"
2025-09-20 04:00:10.147667560+00:00,ps-lb-14,2,-41,10.5,"{""Bat_V"": 3.57, ""Exti_pin_level"": ""Low"", ""Exti_status"": ""False"", ""IDC_intput_mA"": 5.448, ""IN1_pin_level"": ""Low"", ""IN2_pin_level"": ""Low"", ""Node_type"": ""PS-LB"", ""Probe_mod"": 0, ""VDC_intput_V"": 0, ""Water_deep_cm"": 18.1}"
2025-09-20 04:10:10.026442562+00:00,ps-lb-14,2,-39,9.5,"{""Bat_V"": 3.57, ""Exti_pin_level"": ""Low"", ""Exti_status"": ""False"", ""IDC_intput_mA"": 5.448, ""IN1_pin_level"": ""Low"", ""IN2_pin_level"": ""Low"", ""Node_type"": ""PS-LB"", ""Probe_mod"": 0, ""VDC_intput_V"": 0, ""Water_deep_cm"": 18.1}"
2025-09-20 04:20:09.894117945+00:00,ps-lb-14,2,-41,7.25,"{""Bat_V"": 3.57, ""Exti_pin_level"": ""Low"", ""Exti_status"": ""False"", ""IDC_intput_mA"": 5.448, ""IN1_pin_level"": ""Low"", ""IN2_pin_level"": ""Low"", ""Node_type"": ""PS-LB"", ""Probe_mod"": 0, ""VDC_intput_V"": 0, ""Water_deep_cm"": 18.1}"
2025-09-20 04:30:09.784568499+00:00,ps-lb-14,2,-39,10.25,"{""Bat_V"": 3.57, ""Exti_pin_level"": ""Low"", ""Exti_status"": ""False"", ""IDC_intput_mA"": 5.448, ""IN1_pin_level"": ""Low"", ""IN2_pin_level"": ""Low"", ""Node_type"": ""PS-LB"", ""Probe_mod"": 0, ""VDC_intput_V"": 0, ""Water_deep_cm"": 18.1}"
2025-09-20 04:40:09.675111154+00:00,ps-lb-14,2,-42,9.75,"{""Bat_V"": 3.57, ""Exti_pin_level"": ""Low"", ""Exti_status"": ""False"", ""IDC_intput_mA"": 5.448, ""IN1_pin_level"": ""Low"", ""IN2_pin_level"": ""Low"", ""Node_type"": ""PS-LB"", ""Probe_mod"": 0, ""VDC_intput_V"": 0, ""Water_deep_cm"": 18.1}"
2025-09-20 04:50:09.584785396+00:00,ps-lb-14,2,-38,9.25,"{""Bat_V"": 3.57, ""Exti_pin_level"": ""Low"", ""Exti_status"": ""False"", ""IDC_intput_mA"": 5.447, ""IN1_pin_level"": ""Low"", ""IN2_pin_level"": ""Low"", ""Node_type"": ""PS-LB"", ""Probe_mod"": 0, ""VDC_intput_V"": 0, ""Water_deep_cm"": 18.088}"
2025-09-20 05:00:09.456757138+00:00,ps-lb-14,2,-38,9.75,"{""Bat_V"": 3.57, ""Exti_pin_level"": ""Low"", ""Exti_status"": ""False"", ""IDC_intput_mA"": 5.447, ""IN1_pin_level"": ""Low"", ""IN2_pin_level"": ""Low"", ""Node_type"": ""PS-LB"", ""Probe_mod"": 0, ""VDC_intput_V"": 0, ""Water_deep_cm"": 18.088}"
2025-09-20 05:10:09.353980698+00:00,ps-lb-14,2,-41,7.5,"{""Bat_V"": 3.57, ""Exti_pin_level"": ""Low"", ""Exti_status"": ""False"", ""IDC_intput_mA"": 5.448, ""IN1_pin_level"": ""Low"", ""IN2_pin_level"": ""Low"", ""Node_type"": ""PS-LB"", ""Probe_mod"": 0, ""VDC_intput_V"": 0, ""Water_deep_cm"": 18.1}"
2025-09-20 05:20:09.236826392+00:00,ps-lb-14,2,-37,8.75,"{""Bat_V"": 3.57, ""Exti_pin_level"": ""Low"", ""Exti_status"": ""False"", ""IDC_intput_mA"": 5.447, ""IN1_pin_level"": ""Low"", ""IN2_pin_level"": ""Low"", ""Node_type"": ""PS-LB"", ""Probe_mod"": 0, ""VDC_intput_V"": 0, ""Water_deep_cm"": 18.088}"
2025-09-20 05:30:09.108425661+00:00,ps-lb-14,2,-41,10.5,"{""Bat_V"": 3.57, ""Exti_pin_level"": ""Low"", ""Exti_status"": ""False"", ""IDC_intput_mA"": 5.447, ""IN1_pin_level"": ""Low"", ""IN2_pin_level"": ""Low"", ""Node_type"": ""PS-LB"", ""Probe_mod"": 0, ""VDC_intput_V"": 0, ""Water_deep_cm"": 18.088}"
2025-09-20 05:40:09.009220049+00:00,ps-lb-14,2,-41,7.0,"{""Bat_V"": 3.57, ""Exti_pin_level"": ""Low"", ""Exti_status"": ""False"", ""IDC_intput_mA"": 5.447, ""IN1_pin_level"": ""Low"", ""IN2_pin_level"": ""Low"", ""Node_type"": ""PS-LB"", ""Probe_mod"": 0, ""VDC_intput_V"": 0, ""Water_deep_cm"": 18.088}"
2025-09-20 05:50:08.900084855+00:00,ps-lb-14,2,-117,-1.0,"{""Bat_V"": 3.57, ""Exti_pin_level"": ""Low"", ""Exti_status"": ""False"", ""IDC_intput_mA"": 5.447, ""IN1_pin_level"": ""Low"", ""IN2_pin_level"": ""Low"", ""Node_type"": ""PS-LB"", ""Probe_mod"": 0, ""VDC_intput_V"": 0, ""Water_deep_cm"": 18.088}"
2025-09-20 06:00:08.763385224+00:00,ps-lb-14,2,-39,9.25,"{""Bat_V"": 3.57, ""Exti_pin_level"": ""Low"", ""Exti_status"": ""False"", ""IDC_intput_mA"": 5.447, ""IN1_pin_level"": ""Low"", ""IN2_pin_level"": ""Low"", ""Node_type"": ""PS-LB"", ""Probe_mod"": 0, ""VDC_intput_V"": 0, ""Water_deep_cm"": 18.088}"
2025-09-20 06:10:08.653194233+00:00,ps-lb-14,2,-37,7.5,"{""Bat_V"": 3.57, ""Exti_pin_level"": ""Low"", ""Exti_status"": ""False"", ""IDC_intput_mA"": 5.446, ""IN1_pin_level"": ""Low"", ""IN2_pin_level"": ""Low"", ""Node_type"": ""PS-LB"", ""Probe_mod"": 0, ""VDC_intput_V"": 0, ""Water_deep_cm"": 18.075}"
2025-09-20 06:20:08.561124983+00:00,ps-lb-14,2,-38,7.5,"{""Bat_V"": 3.57, ""Exti_pin_level"": ""Low"", ""Exti_status"": ""False"", ""IDC_intput_mA"": 5.446, ""IN1_pin_level"": ""Low"", ""IN2_pin_level"": ""Low"", ""Node_type"": ""PS-LB"", ""Probe_mod"": 0, ""VDC_intput_V"": 0, ""Water_deep_cm"": 18.075}"
2025-09-20 06:30:08.440714714+00:00,ps-lb-14,2,-41,6.75,"{""Bat_V"": 3.57, ""Exti_pin_level"": ""Low"", ""Exti_status"": ""False"", ""IDC_intput_mA"": 5.447, ""IN1_pin_level"": ""Low"", ""IN2_pin_level"": ""Low"", ""Node_type"": ""PS-LB"", ""Probe_mod"": 0, ""VDC_intput_V"": 0, ""Water_deep_cm"": 18.088}"
2025-09-20 06:40:08.315760711+00:00,ps-lb-14,2,-41,10.75,"{""Bat_V"": 3.57, ""Exti_pin_level"": ""Low"", ""Exti_status"": ""False"", ""IDC_intput_mA"": 5.446, ""IN1_pin_level"": ""Low"", ""IN2_pin_level"": ""Low"", ""Node_type"": ""PS-LB"", ""Probe_mod"": 0, ""VDC_intput_V"": 0, ""Water_deep_cm"": 18.075}"
2025-09-20 06:50:08.202525487+00:00,ps-lb-14,2,-117,-1.0,"{""Bat_V"": 3.57, ""Exti_pin_level"": ""Low"", ""Exti_status"": ""False"", ""IDC_intput_mA"": 5.446, ""IN1_pin_level"": ""Low"", ""IN2_pin_level"": ""Low"", ""Node_type"": ""PS-LB"", ""Probe_mod"": 0, ""VDC_intput_V"": 0, ""Water_deep_cm"": 18.075}"
2025-09-20 07:00:08.110571611+00:00,ps-lb-14,2,-41,8.0,"{""Bat_V"": 3.57, ""Exti_pin_level"": ""Low"", ""Exti_status"": ""False"", ""IDC_intput_mA"": 5.446, ""IN1_pin_level"": ""Low"", ""IN2_pin_level"": ""Low"", ""Node_type"": ""PS-LB"", ""Probe_mod"": 0, ""VDC_intput_V"": 0, ""Water_deep_cm"": 18.075}"
2025-09-20 07:10:08.008177551+00:00,ps-lb-14,2,-38,9.5,"{""Bat_V"": 3.57, ""Exti_pin_level"": ""Low"", ""Exti_status"": ""False"", ""IDC_intput_mA"": 5.446, ""IN1_pin_level"": ""Low"", ""IN2_pin_level"": ""Low"", ""Node_type"": ""PS-LB"", ""Probe_mod"": 0, ""VDC_intput_V"": 0, ""Water_deep_cm"": 18.075}"
2025-09-20 07:20:07.876770720+00:00,ps-lb-14,2,-118,-2.75,"{""Bat_V"": 3.57, ""Exti_pin_level"": ""Low"", ""Exti_status"": ""False"", ""IDC_intput_mA"": 5.446, ""IN1_pin_level"": ""Low"", ""IN2_pin_level"": ""Low"", ""Node_type"": ""PS-LB"", ""Probe_mod"": 0, ""VDC_intput_V"": 0, ""Water_deep_cm"": 18.075}"
2025-09-20 07:30:07.718701630+00:00,ps-lb-14,2,-115,-5.5,"{""Bat_V"": 3.57, ""Exti_pin_level"": ""Low"", ""Exti_status"": ""False"", ""IDC_intput_mA"": 5.446, ""IN1_pin_level"": ""Low"", ""IN2_pin_level"": ""Low"", ""Node_type"": ""PS-LB"", ""Probe_mod"": 0, ""VDC_intput_V"": 0, ""Water_deep_cm"": 18.075}"
2025-09-20 07:40:07.638905719+00:00,ps-lb-14,2,-37,9.25,"{""Bat_V"": 3.57, ""Exti_pin_level"": ""Low"", ""Exti_status"": ""False"", ""IDC_intput_mA"": 5.446, ""IN1_pin_level"": ""Low"", ""IN2_pin_level"": ""Low"", ""Node_type"": ""PS-LB"", ""Probe_mod"": 0, ""VDC_intput_V"": 0, ""Water_deep_cm"": 18.075}"
2025-09-20 07:50:07.530565143+00:00,ps-lb-14,2,-39,7.25,"{""Bat_V"": 3.57, ""Exti_pin_level"": ""Low"", ""Exti_status"": ""False"", ""IDC_intput_mA"": 5.446, ""IN1_pin_level"": ""Low"", ""IN2_pin_level"": ""Low"", ""Node_type"": ""PS-LB"", ""Probe_mod"": 0, ""VDC_intput_V"": 0, ""Water_deep_cm"": 18.075}"
2025-09-20 08:00:07.414965326+00:00,ps-lb-14,2,-38,9.5,"{""Bat_V"": 3.57, ""Exti_pin_level"": ""Low"", ""Exti_status"": ""False"", ""IDC_intput_mA"": 5.446, ""IN1_pin_level"": ""Low"", ""IN2_pin_level"": ""Low"", ""Node_type"": ""PS-LB"", ""Probe_mod"": 0, ""VDC_intput_V"": 0, ""Water_deep_cm"": 18.075}"
2025-09-20 08:10:07.298836502+00:00,ps-lb-14,2,-39,9.75,"{""Bat_V"": 3.57, ""Exti_pin_level"": ""Low"", ""Exti_status"": ""False"", ""IDC_intput_mA"": 5.446, ""IN1_pin_level"": ""Low"", ""IN2_pin_level"": ""Low"", ""Node_type"": ""PS-LB"", ""Probe_mod"": 0, ""VDC_intput_V"": 0, ""Water_deep_cm"": 18.075}"
2025-09-20 08:20:07.188193379+00:00,ps-lb-14,2,-39,10.25,"{""Bat_V"": 3.57, ""Exti_pin_level"": ""Low"", ""Exti_status"": ""False"", ""IDC_intput_mA"": 5.446, ""IN1_pin_level"": ""Low"", ""IN2_pin_level"": ""Low"", ""Node_type"": ""PS-LB"", ""Probe_mod"": 0, ""VDC_intput_V"": 0, ""Water_deep_cm"": 18.075}"
2025-09-20 08:30:07.096255320+00:00,ps-lb-14,2,-38,10.0,"{""Bat_V"": 3.57, ""Exti_pin_level"": ""Low"", ""Exti_status"": ""False"", ""IDC_intput_mA"": 5.446, ""IN1_pin_level"": ""Low"", ""IN2_pin_level"": ""Low"", ""Node_type"": ""PS-LB"", ""Probe_mod"": 0, ""VDC_intput_V"": 0, ""Water_deep_cm"": 18.075}"
2025-09-20 08:40:06.959026348+00:00,ps-lb-14,2,-41,10.25,"{""Bat_V"": 3.57, ""Exti_pin_level"": ""Low"", ""Exti_status"": ""False"", ""IDC_intput_mA"": 5.446, ""IN1_pin_level"": ""Low"", ""IN2_pin_level"": ""Low"", ""Node_type"": ""PS-LB"", ""Probe_mod"": 0, ""VDC_intput_V"": 0, ""Water_deep_cm"": 18.075}"
2025-09-20 08:50:06.864263597+00:00,ps-lb-14,2,-38,7.25,"{""Bat_V"": 3.57, ""Exti_pin_level"": ""Low"", ""Exti_status"": ""False"", ""IDC_intput_mA"": 5.446, ""IN1_pin_level"": ""Low"", ""IN2_pin_level"": ""Low"", ""Node_type"": ""PS-LB"", ""Probe_mod"": 0, ""VDC_intput_V"": 0, ""Water_deep_cm"": 18.075}"
2025-09-20 09:00:06.726306153+00:00,ps-lb-14,2,-37,8.75,"{""Bat_V"": 3.576, ""Exti_pin_level"": ""Low"", ""Exti_status"": ""False"", ""IDC_intput_mA"": 5.446, ""IN1_pin_level"": ""Low"", ""IN2_pin_level"": ""Low"", ""Node_type"": ""PS-LB"", ""Probe_mod"": 0, ""VDC_intput_V"": 0, ""Water_deep_cm"": 18.075}"
2025-09-20 09:10:06.647322948+00:00,ps-lb-14,2,-41,7.5,"{""Bat_V"": 3.57, ""Exti_pin_level"": ""Low"", ""Exti_status"": ""False"", ""IDC_intput_mA"": 5.446, ""IN1_pin_level"": ""Low"", ""IN2_pin_level"": ""Low"", ""Node_type"": ""PS-LB"", ""Probe_mod"": 0, ""VDC_intput_V"": 0, ""Water_deep_cm"": 18.075}"
2025-09-20 09:20:06.525355036+00:00,ps-lb-14,2,-38,9.25,"{""Bat_V"": 3.57, ""Exti_pin_level"": ""Low"", ""Exti_status"": ""False"", ""IDC_intput_mA"": 5.446, ""IN1_pin_level"": ""Low"", ""IN2_pin_level"": ""Low"", ""Node_type"": ""PS-LB"", ""Probe_mod"": 0, ""VDC_intput_V"": 0, ""Water_deep_cm"": 18.075}"
2025-09-20 09:30:06.401082830+00:00,ps-lb-14,2,-39,9.25,"{""Bat_V"": 3.57, ""Exti_pin_level"": ""Low"", ""Exti_status"": ""False"", ""IDC_intput_mA"": 5.446, ""IN1_pin_level"": ""Low"", ""IN2_pin_level"": ""Low"", ""Node_type"": ""PS-LB"", ""Probe_mod"": 0, ""VDC_intput_V"": 0, ""Water_deep_cm"": 18.075}"
2025-09-20 09:40:06.286289620+00:00,ps-lb-14,2,-41,8.25,"{""Bat_V"": 3.57, ""Exti_pin_level"": ""Low"", ""Exti_status"": ""False"", ""IDC_intput_mA"": 5.446, ""IN1_pin_level"": ""Low"", ""IN2_pin_level"": ""Low"", ""Node_type"": ""PS-LB"", ""Probe_mod"": 0, ""VDC_intput_V"": 0, ""Water_deep_cm"": 18.075}"
2025-09-20 09:50:06.180963265+00:00,ps-lb-14,2,-118,-1.25,"{""Bat_V"": 3.57, ""Exti_pin_level"": ""Low"", ""Exti_status"": ""False"", ""IDC_intput_mA"": 5.446, ""IN1_pin_level"": ""Low"", ""IN2_pin_level"": ""Low"", ""Node_type"": ""PS-LB"", ""Probe_mod"": 0, ""VDC_intput_V"": 0, ""Water_deep_cm"": 18.075}"
2025-09-20 10:00:06.067606303+00:00,ps-lb-14,2,-120,-4.5,"{""Bat_V"": 3.57, ""Exti_pin_level"": ""Low"", ""Exti_status"": ""False"", ""IDC_intput_mA"": 5.446, ""IN1_pin_level"": ""Low"", ""IN2_pin_level"": ""Low"", ""Node_type"": ""PS-LB"", ""Probe_mod"": 0, ""VDC_intput_V"": 0, ""Water_deep_cm"": 18.075}"
2025-09-20 10:10:05.946840724+00:00,ps-lb-14,2,-38,7.5,"{""Bat_V"": 3.57, ""Exti_pin_level"": ""Low"", ""Exti_status"": ""False"", ""IDC_intput_mA"": 5.446, ""IN1_pin_level"": ""Low"", ""IN2_pin_level"": ""Low"", ""Node_type"": ""PS-LB"", ""Probe_mod"": 0, ""VDC_intput_V"": 0, ""Water_deep_cm"": 18.075}"
2025-09-20 10:20:05.834380510+00:00,ps-lb-14,2,-37,8.0,"{""Bat_V"": 3.57, ""Exti_pin_level"": ""Low"", ""Exti_status"": ""False"", ""IDC_intput_mA"": 5.446, ""IN1_pin_level"": ""Low"", ""IN2_pin_level"": ""Low"", ""Node_type"": ""PS-LB"", ""Probe_mod"": 0, ""VDC_intput_V"": 0, ""Water_deep_cm"": 18.075}"
2025-09-20 10:30:05.735879391+00:00,ps-lb-14,2,-39,8.25,"{""Bat_V"": 3.57, ""Exti_pin_level"": ""Low"", ""Exti_status"": ""False"", ""IDC_intput_mA"": 5.446, ""IN1_pin_level"": ""Low"", ""IN2_pin_level"": ""Low"", ""Node_type"": ""PS-LB"", ""Probe_mod"": 0, ""VDC_intput_V"": 0, ""Water_deep_cm"": 18.075}"
2025-09-20 10:40:05.622196494+00:00,ps-lb-14,2,-38,8.75,"{""Bat_V"": 3.57, ""Exti_pin_level"": ""Low"", ""Exti_status"": ""False"", ""IDC_intput_mA"": 5.445, ""IN1_pin_level"": ""Low"", ""IN2_pin_level"": ""Low"", ""Node_type"": ""PS-LB"", ""Probe_mod"": 0, ""VDC_intput_V"": 0, ""Water_deep_cm"": 18.063}"
2025-09-20 10:50:05.510870278+00:00,ps-lb-14,2,-37,9.5,"{""Bat_V"": 3.57, ""Exti_pin_level"": ""Low"", ""Exti_status"": ""False"", ""IDC_intput_mA"": 5.445, ""IN1_pin_level"": ""Low"", ""IN2_pin_level"": ""Low"", ""Node_type"": ""PS-LB"", ""Probe_mod"": 0, ""VDC_intput_V"": 0, ""Water_deep_cm"": 18.063}"
2025-09-20 11:00:05.395229774+00:00,ps-lb-14,2,-39,6.75,"{""Bat_V"": 3.57, ""Exti_pin_level"": ""Low"", ""Exti_status"": ""False"", ""IDC_intput_mA"": 5.446, ""IN1_pin_level"": ""Low"", ""IN2_pin_level"": ""Low"", ""Node_type"": ""PS-LB"", ""Probe_mod"": 0, ""VDC_intput_V"": 0, ""Water_deep_cm"": 18.075}"
2025-09-20 11:10:05.277093265+00:00,ps-lb-14,2,-39,10.0,"{""Bat_V"": 3.57, ""Exti_pin_level"": ""Low"", ""Exti_status"": ""False"", ""IDC_intput_mA"": 5.445, ""IN1_pin_level"": ""Low"", ""IN2_pin_level"": ""Low"", ""Node_type"": ""PS-LB"", ""Probe_mod"": 0, ""VDC_intput_V"": 0, ""Water_deep_cm"": 18.063}"
2025-09-20 11:20:05.157808420+00:00,ps-lb-14,2,-42,10.0,"{""Bat_V"": 3.57, ""Exti_pin_level"": ""Low"", ""Exti_status"": ""False"", ""IDC_intput_mA"": 5.446, ""IN1_pin_level"": ""Low"", ""IN2_pin_level"": ""Low"", ""Node_type"": ""PS-LB"", ""Probe_mod"": 0, ""VDC_intput_V"": 0, ""Water_deep_cm"": 18.075}"
2025-09-20 11:30:05.052344081+00:00,ps-lb-14,2,-38,9.0,"{""Bat_V"": 3.57, ""Exti_pin_level"": ""Low"", ""Exti_status"": ""False"", ""IDC_intput_mA"": 5.446, ""IN1_pin_level"": ""Low"", ""IN2_pin_level"": ""Low"", ""Node_type"": ""PS-LB"", ""Probe_mod"": 0, ""VDC_intput_V"": 0, ""Water_deep_cm"": 18.075}"
2025-09-20 11:40:04.934206183+00:00,ps-lb-14,2,-38,10.0,"{""Bat_V"": 3.57, ""Exti_pin_level"": ""Low"", ""Exti_status"": ""False"", ""IDC_intput_mA"": 5.445, ""IN1_pin_level"": ""Low"", ""IN2_pin_level"": ""Low"", ""Node_type"": ""PS-LB"", ""Probe_mod"": 0, ""VDC_intput_V"": 0, ""Water_deep_cm"": 18.063}"
2025-09-20 11:50:04.842173346+00:00,ps-lb-14,2,-39,9.25,"{""Bat_V"": 3.57, ""Exti_pin_level"": ""Low"", ""Exti_status"": ""False"", ""IDC_intput_mA"": 5.445, ""IN1_pin_level"": ""Low"", ""IN2_pin_level"": ""Low"", ""Node_type"": ""PS-LB"", ""Probe_mod"": 0, ""VDC_intput_V"": 0, ""Water_deep_cm"": 18.063}"
2025-09-20 12:00:04.696131998+00:00,ps-lb-14,2,-122,-5.5,"{""Bat_V"": 3.57, ""Exti_pin_level"": ""Low"", ""Exti_status"": ""False"", ""IDC_intput_mA"": 5.446, ""IN1_pin_level"": ""Low"", ""IN2_pin_level"": ""Low"", ""Node_type"": ""PS-LB"", ""Probe_mod"": 0, ""VDC_intput_V"": 0, ""Water_deep_cm"": 18.075}"
2025-09-20 12:10:04.602083637+00:00,ps-lb-14,2,-118,-3.0,"{""Bat_V"": 3.57, ""Exti_pin_level"": ""Low"", ""Exti_status"": ""False"", ""IDC_intput_mA"": 5.445, ""IN1_pin_level"": ""Low"", ""IN2_pin_level"": ""Low"", ""Node_type"": ""PS-LB"", ""Probe_mod"": 0, ""VDC_intput_V"": 0, ""Water_deep_cm"": 18.063}"
2025-09-20 12:20:04.475280+00:00,ps-lb-14,2,-41,7.5,"{""Bat_V"": 3.57, ""Exti_pin_level"": ""Low"", ""Exti_status"": ""False"", ""IDC_intput_mA"": 5.445, ""IN1_pin_level"": ""Low"", ""IN2_pin_level"": ""Low"", ""Node_type"": ""PS-LB"", ""Probe_mod"": 0, ""VDC_intput_V"": 0, ""Water_deep_cm"": 18.063}"
2025-09-20 12:30:04.377172054+00:00,ps-lb-14,2,-38,10.0,"{""Bat_V"": 3.57, ""Exti_pin_level"": ""Low"", ""Exti_status"": ""False"", ""IDC_intput_mA"": 5.444, ""IN1_pin_level"": ""Low"", ""IN2_pin_level"": ""Low"", ""Node_type"": ""PS-LB"", ""Probe_mod"": 0, ""VDC_intput_V"": 0, ""Water_deep_cm"": 18.05}"
2025-09-20 12:40:04.242963203+00:00,ps-lb-14,2,-120,-6.0,"{""Bat_V"": 3.57, ""Exti_pin_level"": ""Low"", ""Exti_status"": ""False"", ""IDC_intput_mA"": 5.446, ""IN1_pin_level"": ""Low"", ""IN2_pin_level"": ""Low"", ""Node_type"": ""PS-LB"", ""Probe_mod"": 0, ""VDC_intput_V"": 0, ""Water_deep_cm"": 18.075}"
2025-09-20 12:50:04.138819631+00:00,ps-lb-14,2,-37,8.25,"{""Bat_V"": 3.57, ""Exti_pin_level"": ""Low"", ""Exti_status"": ""False"", ""IDC_intput_mA"": 5.445, ""IN1_pin_level"": ""Low"", ""IN2_pin_level"": ""Low"", ""Node_type"": ""PS-LB"", ""Probe_mod"": 0, ""VDC_intput_V"": 0, ""Water_deep_cm"": 18.063}"
2025-09-20 13:00:04.012540814+00:00,ps-lb-14,2,-39,7.5,"{""Bat_V"": 3.57, ""Exti_pin_level"": ""Low"", ""Exti_status"": ""False"", ""IDC_intput_mA"": 5.445, ""IN1_pin_level"": ""Low"", ""IN2_pin_level"": ""Low"", ""Node_type"": ""PS-LB"", ""Probe_mod"": 0, ""VDC_intput_V"": 0, ""Water_deep_cm"": 18.063}"
2025-09-20 13:10:03.933835790+00:00,ps-lb-14,2,-39,10.5,"{""Bat_V"": 3.57, ""Exti_pin_level"": ""Low"", ""Exti_status"": ""False"", ""IDC_intput_mA"": 5.445, ""IN1_pin_level"": ""Low"", ""IN2_pin_level"": ""Low"", ""Node_type"": ""PS-LB"", ""Probe_mod"": 0, ""VDC_intput_V"": 0, ""Water_deep_cm"": 18.063}"
2025-09-20 13:20:03.816918327+00:00,ps-lb-14,2,-39,10.25,"{""Bat_V"": 3.57, ""Exti_pin_level"": ""Low"", ""Exti_status"": ""False"", ""IDC_intput_mA"": 5.445, ""IN1_pin_level"": ""Low"", ""IN2_pin_level"": ""Low"", ""Node_type"": ""PS-LB"", ""Probe_mod"": 0, ""VDC_intput_V"": 0, ""Water_deep_cm"": 18.063}"
2025-09-20 13:30:03.695919215+00:00,ps-lb-14,2,-39,9.0,"{""Bat_V"": 3.57, ""Exti_pin_level"": ""Low"", ""Exti_status"": ""False"", ""IDC_intput_mA"": 5.445, ""IN1_pin_level"": ""Low"", ""IN2_pin_level"": ""Low"", ""Node_type"": ""PS-LB"", ""Probe_mod"": 0, ""VDC_intput_V"": 0, ""Water_deep_cm"": 18.063}"
2025-09-20 13:40:03.580366935+00:00,ps-lb-14,2,-119,-6.75,"{""Bat_V"": 3.57, ""Exti_pin_level"": ""Low"", ""Exti_status"": ""False"", ""IDC_intput_mA"": 5.446, ""IN1_pin_level"": ""Low"", ""IN2_pin_level"": ""Low"", ""Node_type"": ""PS-LB"", ""Probe_mod"": 0, ""VDC_intput_V"": 0, ""Water_deep_cm"": 18.075}"
2025-09-20 13:50:03.459808524+00:00,ps-lb-14,2,-38,8.5,"{""Bat_V"": 3.57, ""Exti_pin_level"": ""Low"", ""Exti_status"": ""False"", ""IDC_intput_mA"": 5.445, ""IN1_pin_level"": ""Low"", ""IN2_pin_level"": ""Low"", ""Node_type"": ""PS-LB"", ""Probe_mod"": 0, ""VDC_intput_V"": 0, ""Water_deep_cm"": 18.063}"
2025-09-20 14:00:03.336856542+00:00,ps-lb-14,2,-118,-3.5,"{""Bat_V"": 3.57, ""Exti_pin_level"": ""Low"", ""Exti_status"": ""False"", ""IDC_intput_mA"": 5.445, ""IN1_pin_level"": ""Low"", ""IN2_pin_level"": ""Low"", ""Node_type"": ""PS-LB"", ""Probe_mod"": 0, ""VDC_intput_V"": 0, ""Water_deep_cm"": 18.063}"
2025-09-20 14:10:03.226744882+00:00,ps-lb-14,2,-37,6.75,"{""Bat_V"": 3.57, ""Exti_pin_level"": ""Low"", ""Exti_status"": ""False"", ""IDC_intput_mA"": 5.445, ""IN1_pin_level"": ""Low"", ""IN2_pin_level"": ""Low"", ""Node_type"": ""PS-LB"", ""Probe_mod"": 0, ""VDC_intput_V"": 0, ""Water_deep_cm"": 18.063}"
2025-09-20 14:20:03.151362172+00:00,ps-lb-14,2,-38,9.0,"{""Bat_V"": 3.57, ""Exti_pin_level"": ""Low"", ""Exti_status"": ""False"", ""IDC_intput_mA"": 5.445, ""IN1_pin_level"": ""Low"", ""IN2_pin_level"": ""Low"", ""Node_type"": ""PS-LB"", ""Probe_mod"": 0, ""VDC_intput_V"": 0, ""Water_deep_cm"": 18.063}"
2025-09-20 14:30:03.017543313+00:00,ps-lb-14,2,-38,9.75,"{""Bat_V"": 3.57, ""Exti_pin_level"": ""Low"", ""Exti_status"": ""False"", ""IDC_intput_mA"": 5.445, ""IN1_pin_level"": ""Low"", ""IN2_pin_level"": ""Low"", ""Node_type"": ""PS-LB"", ""Probe_mod"": 0, ""VDC_intput_V"": 0, ""Water_deep_cm"": 18.063}"
2025-09-20 14:40:02.891430008+00:00,ps-lb-14,2,-122,-6.75,"{""Bat_V"": 3.57, ""Exti_pin_level"": ""Low"", ""Exti_status"": ""False"", ""IDC_intput_mA"": 5.446, ""IN1_pin_level"": ""Low"", ""IN2_pin_level"": ""Low"", ""Node_type"": ""PS-LB"", ""Probe_mod"": 0, ""VDC_intput_V"": 0, ""Water_deep_cm"": 18.075}"
2025-09-20 14:50:02.802208333+00:00,ps-lb-14,2,-39,9.5,"{""Bat_V"": 3.57, ""Exti_pin_level"": ""Low"", ""Exti_status"": ""False"", ""IDC_intput_mA"": 5.445, ""IN1_pin_level"": ""Low"", ""IN2_pin_level"": ""Low"", ""Node_type"": ""PS-LB"", ""Probe_mod"": 0, ""VDC_intput_V"": 0, ""Water_deep_cm"": 18.063}"
2025-09-20 15:00:02.682263014+00:00,ps-lb-14,2,-41,7.75,"{""Bat_V"": 3.57, ""Exti_pin_level"": ""Low"", ""Exti_status"": ""False"", ""IDC_intput_mA"": 5.445, ""IN1_pin_level"": ""Low"", ""IN2_pin_level"": ""Low"", ""Node_type"": ""PS-LB"", ""Probe_mod"": 0, ""VDC_intput_V"": 0, ""Water_deep_cm"": 18.063}"
2025-09-20 15:10:02.554401285+00:00,ps-lb-14,2,-120,-5.25,"{""Bat_V"": 3.57, ""Exti_pin_level"": ""Low"", ""Exti_status"": ""False"", ""IDC_intput_mA"": 5.445, ""IN1_pin_level"": ""Low"", ""IN2_pin_level"": ""Low"", ""Node_type"": ""PS-LB"", ""Probe_mod"": 0, ""VDC_intput_V"": 0, ""Water_deep_cm"": 18.063}"
2025-09-20 15:20:02.445840228+00:00,ps-lb-14,2,-41,10.0,"{""Bat_V"": 3.57, ""Exti_pin_level"": ""Low"", ""Exti_status"": ""False"", ""IDC_intput_mA"": 5.444, ""IN1_pin_level"": ""Low"", ""IN2_pin_level"": ""Low"", ""Node_type"": ""PS-LB"", ""Probe_mod"": 0, ""VDC_intput_V"": 0, ""Water_deep_cm"": 18.05}"
2025-09-20 15:30:02.325108521+00:00,ps-lb-14,2,-38,7.25,"{""Bat_V"": 3.57, ""Exti_pin_level"": ""Low"", ""Exti_status"": ""False"", ""IDC_intput_mA"": 5.445, ""IN1_pin_level"": ""Low"", ""IN2_pin_level"": ""Low"", ""Node_type"": ""PS-LB"", ""Probe_mod"": 0, ""VDC_intput_V"": 0, ""Water_deep_cm"": 18.063}"
2025-09-20 15:40:02.209693743+00:00,ps-lb-14,2,-38,7.75,"{""Bat_V"": 3.57, ""Exti_pin_level"": ""Low"", ""Exti_status"": ""False"", ""IDC_intput_mA"": 5.445, ""IN1_pin_level"": ""Low"", ""IN2_pin_level"": ""Low"", ""Node_type"": ""PS-LB"", ""Probe_mod"": 0, ""VDC_intput_V"": 0, ""Water_deep_cm"": 18.063}"
2025-09-20 15:50:02.103876544+00:00,ps-lb-14,2,-122,-6.5,"{""Bat_V"": 3.57, ""Exti_pin_level"": ""Low"", ""Exti_status"": ""False"", ""IDC_intput_mA"": 5.445, ""IN1_pin_level"": ""Low"", ""IN2_pin_level"": ""Low"", ""Node_type"": ""PS-LB"", ""Probe_mod"": 0, ""VDC_intput_V"": 0, ""Water_deep_cm"": 18.063}"
2025-09-20 16:00:01.991023269+00:00,ps-lb-14,2,-38,9.5,"{""Bat_V"": 3.57, ""Exti_pin_level"": ""Low"", ""Exti_status"": ""False"", ""IDC_intput_mA"": 5.445, ""IN1_pin_level"": ""Low"", ""IN2_pin_level"": ""Low"", ""Node_type"": ""PS-LB"", ""Probe_mod"": 0, ""VDC_intput_V"": 0, ""Water_deep_cm"": 18.063}"
2025-09-20 16:10:01.877682796+00:00,ps-lb-14,2,-41,9.75,"{""Bat_V"": 3.57, ""Exti_pin_level"": ""Low"", ""Exti_status"": ""False"", ""IDC_intput_mA"": 5.445, ""IN1_pin_level"": ""Low"", ""IN2_pin_level"": ""Low"", ""Node_type"": ""PS-LB"", ""Probe_mod"": 0, ""VDC_intput_V"": 0, ""Water_deep_cm"": 18.063}"
2025-09-20 16:20:01.790368176+00:00,ps-lb-14,2,-41,10.0,"{""Bat_V"": 3.57, ""Exti_pin_level"": ""Low"", ""Exti_status"": ""False"", ""IDC_intput_mA"": 5.445, ""IN1_pin_level"": ""Low"", ""IN2_pin_level"": ""Low"", ""Node_type"": ""PS-LB"", ""Probe_mod"": 0, ""VDC_intput_V"": 0, ""Water_deep_cm"": 18.063}"
2025-09-20 16:30:01.649582652+00:00,ps-lb-14,2,-118,-4.5,"{""Bat_V"": 3.57, ""Exti_pin_level"": ""Low"", ""Exti_status"": ""False"", ""IDC_intput_mA"": 5.445, ""IN1_pin_level"": ""Low"", ""IN2_pin_level"": ""Low"", ""Node_type"": ""PS-LB"", ""Probe_mod"": 0, ""VDC_intput_V"": 0, ""Water_deep_cm"": 18.063}"
2025-09-20 16:40:01.519371105+00:00,ps-lb-14,2,-118,-2.5,"{""Bat_V"": 3.57, ""Exti_pin_level"": ""Low"", ""Exti_status"": ""False"", ""IDC_intput_mA"": 5.445, ""IN1_pin_level"": ""Low"", ""IN2_pin_level"": ""Low"", ""Node_type"": ""PS-LB"", ""Probe_mod"": 0, ""VDC_intput_V"": 0, ""Water_deep_cm"": 18.063}"
2025-09-20 16:50:01.419417136+00:00,ps-lb-14,2,-118,-3.25,"{""Bat_V"": 3.57, ""Exti_pin_level"": ""Low"", ""Exti_status"": ""False"", ""IDC_intput_mA"": 5.445, ""IN1_pin_level"": ""Low"", ""IN2_pin_level"": ""Low"", ""Node_type"": ""PS-LB"", ""Probe_mod"": 0, ""VDC_intput_V"": 0, ""Water_deep_cm"": 18.063}"
2025-09-20 17:00:01.322641361+00:00,ps-lb-14,2,-37,9.25,"{""Bat_V"": 3.57, ""Exti_pin_level"": ""Low"", ""Exti_status"": ""False"", ""IDC_intput_mA"": 5.445, ""IN1_pin_level"": ""Low"", ""IN2_pin_level"": ""Low"", ""Node_type"": ""PS-LB"", ""Probe_mod"": 0, ""VDC_intput_V"": 0, ""Water_deep_cm"": 18.063}"
2025-09-20 17:10:01.222991664+00:00,ps-lb-14,2,-41,7.5,"{""Bat_V"": 3.57, ""Exti_pin_level"": ""Low"", ""Exti_status"": ""False"", ""IDC_intput_mA"": 5.445, ""IN1_pin_level"": ""Low"", ""IN2_pin_level"": ""Low"", ""Node_type"": ""PS-LB"", ""Probe_mod"": 0, ""VDC_intput_V"": 0, ""Water_deep_cm"": 18.063}"
2025-09-20 17:20:01.082864645+00:00,ps-lb-14,2,-38,9.5,"{""Bat_V"": 3.57, ""Exti_pin_level"": ""Low"", ""Exti_status"": ""False"", ""IDC_intput_mA"": 5.444, ""IN1_pin_level"": ""Low"", ""IN2_pin_level"": ""Low"", ""Node_type"": ""PS-LB"", ""Probe_mod"": 0, ""VDC_intput_V"": 0, ""Water_deep_cm"": 18.05}"
2025-09-20 17:30:00.972146684+00:00,ps-lb-14,2,-41,9.5,"{""Bat_V"": 3.57, ""Exti_pin_level"": ""Low"", ""Exti_status"": ""False"", ""IDC_intput_mA"": 5.444, ""IN1_pin_level"": ""Low"", ""IN2_pin_level"": ""Low"", ""Node_type"": ""PS-LB"", ""Probe_mod"": 0, ""VDC_intput_V"": 0, ""Water_deep_cm"": 18.05}"
2025-09-20 17:40:00.893236197+00:00,ps-lb-14,2,-38,8.25,"{""Bat_V"": 3.57, ""Exti_pin_level"": ""Low"", ""Exti_status"": ""False"", ""IDC_intput_mA"": 5.445, ""IN1_pin_level"": ""Low"", ""IN2_pin_level"": ""Low"", ""Node_type"": ""PS-LB"", ""Probe_mod"": 0, ""VDC_intput_V"": 0, ""Water_deep_cm"": 18.063}"
2025-09-20 17:50:00.755145379+00:00,ps-lb-14,2,-118,-2.75,"{""Bat_V"": 3.57, ""Exti_pin_level"": ""Low"", ""Exti_status"": ""False"", ""IDC_intput_mA"": 5.445, ""IN1_pin_level"": ""Low"", ""IN2_pin_level"": ""Low"", ""Node_type"": ""PS-LB"", ""Probe_mod"": 0, ""VDC_intput_V"": 0, ""Water_deep_cm"": 18.063}"
2025-09-20 18:00:00.648960164+00:00,ps-lb-14,2,-41,10.0,"{""Bat_V"": 3.57, ""Exti_pin_level"": ""Low"", ""Exti_status"": ""False"", ""IDC_intput_mA"": 5.445, ""IN1_pin_level"": ""Low"", ""IN2_pin_level"": ""Low"", ""Node_type"": ""PS-LB"", ""Probe_mod"": 0, ""VDC_intput_V"": 0, ""Water_deep_cm"": 18.063}"
2025-09-20 18:10:00.531532563+00:00,ps-lb-14,2,-36,7.5,"{""Bat_V"": 3.57, ""Exti_pin_level"": ""Low"", ""Exti_status"": ""False"", ""IDC_intput_mA"": 5.445, ""IN1_pin_level"": ""Low"", ""IN2_pin_level"": ""Low"", ""Node_type"": ""PS-LB"", ""Probe_mod"": 0, ""VDC_intput_V"": 0, ""Water_deep_cm"": 18.063}"
2025-09-20 18:20:00.405040206+00:00,ps-lb-14,2,-39,7.75,"{""Bat_V"": 3.57, ""Exti_pin_level"": ""Low"", ""Exti_status"": ""False"", ""IDC_intput_mA"": 5.445, ""IN1_pin_level"": ""Low"", ""IN2_pin_level"": ""Low"", ""Node_type"": ""PS-LB"", ""Probe_mod"": 0, ""VDC_intput_V"": 0, ""Water_deep_cm"": 18.063}"
2025-09-20 18:30:00.293022205+00:00,ps-lb-14,2,-38,9.25,"{""Bat_V"": 3.57, ""Exti_pin_level"": ""Low"", ""Exti_status"": ""False"", ""IDC_intput_mA"": 5.445, ""IN1_pin_level"": ""Low"", ""IN2_pin_level"": ""Low"", ""Node_type"": ""PS-LB"", ""Probe_mod"": 0, ""VDC_intput_V"": 0, ""Water_deep_cm"": 18.063}"
2025-09-20 18:40:00.168836432+00:00,ps-lb-14,2,-39,10.0,"{""Bat_V"": 3.57, ""Exti_pin_level"": ""Low"", ""Exti_status"": ""False"", ""IDC_intput_mA"": 5.445, ""IN1_pin_level"": ""Low"", ""IN2_pin_level"": ""Low"", ""Node_type"": ""PS-LB"", ""Probe_mod"": 0, ""VDC_intput_V"": 0, ""Water_deep_cm"": 18.063}"
2025-09-20 18:50:00.075776606+00:00,ps-lb-14,2,-38,9.25,"{""Bat_V"": 3.57, ""Exti_pin_level"": ""Low"", ""Exti_status"": ""False"", ""IDC_intput_mA"": 5.444, ""IN1_pin_level"": ""Low"", ""IN2_pin_level"": ""Low"", ""Node_type"": ""PS-LB"", ""Probe_mod"": 0, ""VDC_intput_V"": 0, ""Water_deep_cm"": 18.05}"
2025-09-20 18:59:59.951233458+00:00,ps-lb-14,2,-122,-7.0,"{""Bat_V"": 3.57, ""Exti_pin_level"": ""Low"", ""Exti_status"": ""False"", ""IDC_intput_mA"": 5.445, ""IN1_pin_level"": ""Low"", ""IN2_pin_level"": ""Low"", ""Node_type"": ""PS-LB"", ""Probe_mod"": 0, ""VDC_intput_V"": 0, ""Water_deep_cm"": 18.063}"
2025-09-20 19:09:59.847160979+00:00,ps-lb-14,2,-39,10.25,"{""Bat_V"": 3.57, ""Exti_pin_level"": ""Low"", ""Exti_status"": ""False"", ""IDC_intput_mA"": 5.445, ""IN1_pin_level"": ""Low"", ""IN2_pin_level"": ""Low"", ""Node_type"": ""PS-LB"", ""Probe_mod"": 0, ""VDC_intput_V"": 0, ""Water_deep_cm"": 18.063}"
2025-09-20 19:19:59.731226864+00:00,ps-lb-14,2,-41,9.75,"{""Bat_V"": 3.57, ""Exti_pin_level"": ""Low"", ""Exti_status"": ""False"", ""IDC_intput_mA"": 5.445, ""IN1_pin_level"": ""Low"", ""IN2_pin_level"": ""Low"", ""Node_type"": ""PS-LB"", ""Probe_mod"": 0, ""VDC_intput_V"": 0, ""Water_deep_cm"": 18.063}"
2025-09-20 19:29:59.621665184+00:00,ps-lb-14,2,-117,-2.75,"{""Bat_V"": 3.57, ""Exti_pin_level"": ""Low"", ""Exti_status"": ""False"", ""IDC_intput_mA"": 5.445, ""IN1_pin_level"": ""Low"", ""IN2_pin_level"": ""Low"", ""Node_type"": ""PS-LB"", ""Probe_mod"": 0, ""VDC_intput_V"": 0, ""Water_deep_cm"": 18.063}"
2025-09-20 19:39:59.502392325+00:00,ps-lb-14,2,-38,10.25,"{""Bat_V"": 3.57, ""Exti_pin_level"": ""Low"", ""Exti_status"": ""False"", ""IDC_intput_mA"": 5.445, ""IN1_pin_level"": ""Low"", ""IN2_pin_level"": ""Low"", ""Node_type"": ""PS-LB"", ""Probe_mod"": 0, ""VDC_intput_V"": 0, ""Water_deep_cm"": 18.063}"
2025-09-20 19:49:59.375008447+00:00,ps-lb-14,2,-39,7.0,"{""Bat_V"": 3.57, ""Exti_pin_level"": ""Low"", ""Exti_status"": ""False"", ""IDC_intput_mA"": 5.445, ""IN1_pin_level"": ""Low"", ""IN2_pin_level"": ""Low"", ""Node_type"": ""PS-LB"", ""Probe_mod"": 0, ""VDC_intput_V"": 0, ""Water_deep_cm"": 18.063}"
2025-09-20 19:59:59.282267397+00:00,ps-lb-14,2,-37,9.75,"{""Bat_V"": 3.57, ""Exti_pin_level"": ""Low"", ""Exti_status"": ""False"", ""IDC_intput_mA"": 5.445, ""IN1_pin_level"": ""Low"", ""IN2_pin_level"": ""Low"", ""Node_type"": ""PS-LB"", ""Probe_mod"": 0, ""VDC_intput_V"": 0, ""Water_deep_cm"": 18.063}"
2025-09-20 20:09:59.154573080+00:00,ps-lb-14,2,-39,9.5,"{""Bat_V"": 3.57, ""Exti_pin_level"": ""Low"", ""Exti_status"": ""False"", ""IDC_intput_mA"": 5.445, ""IN1_pin_level"": ""Low"", ""IN2_pin_level"": ""Low"", ""Node_type"": ""PS-LB"", ""Probe_mod"": 0, ""VDC_intput_V"": 0, ""Water_deep_cm"": 18.063}"
2025-09-20 20:19:59.044604774+00:00,ps-lb-14,2,-39,7.0,"{""Bat_V"": 3.57, ""Exti_pin_level"": ""Low"", ""Exti_status"": ""False"", ""IDC_intput_mA"": 5.445, ""IN1_pin_level"": ""Low"", ""IN2_pin_level"": ""Low"", ""Node_type"": ""PS-LB"", ""Probe_mod"": 0, ""VDC_intput_V"": 0, ""Water_deep_cm"": 18.063}"
2025-09-20 20:29:58.937104918+00:00,ps-lb-14,2,-38,9.5,"{""Bat_V"": 3.57, ""Exti_pin_level"": ""Low"", ""Exti_status"": ""False"", ""IDC_intput_mA"": 5.445, ""IN1_pin_level"": ""Low"", ""IN2_pin_level"": ""Low"", ""Node_type"": ""PS-LB"", ""Probe_mod"": 0, ""VDC_intput_V"": 0, ""Water_deep_cm"": 18.063}"
2025-09-20 20:31:13.516428284+00:00,ps-lb-14,2,-41,10.5,"{""Bat_V"": 3.57, ""Exti_pin_level"": ""Low"", ""Exti_status"": ""False"", ""IDC_intput_mA"": 5.445, ""IN1_pin_level"": ""Low"", ""IN2_pin_level"": ""Low"", ""Node_type"": ""PS-LB"", ""Probe_mod"": 0, ""VDC_intput_V"": 0, ""Water_deep_cm"": 18.063}"
2025-09-20 20:32:13.514856639+00:00,ps-lb-14,2,-37,9.5,"{""Bat_V"": 3.57, ""Exti_pin_level"": ""Low"", ""Exti_status"": ""False"", ""IDC_intput_mA"": 5.445, ""IN1_pin_level"": ""Low"", ""IN2_pin_level"": ""Low"", ""Node_type"": ""PS-LB"", ""Probe_mod"": 0, ""VDC_intput_V"": 0, ""Water_deep_cm"": 18.063}"
2025-09-20 20:33:13.497970157+00:00,ps-lb-14,2,-37,8.0,"{""Bat_V"": 3.57, ""Exti_pin_level"": ""Low"", ""Exti_status"": ""False"", ""IDC_intput_mA"": 5.446, ""IN1_pin_level"": ""Low"", ""IN2_pin_level"": ""Low"", ""Node_type"": ""PS-LB"", ""Probe_mod"": 0, ""VDC_intput_V"": 0, ""Water_deep_cm"": 18.075}"
2025-09-20 21:33:27.407737307+00:00,ps-lb-14,2,-39,7.0,"{""Bat_V"": 3.57, ""Exti_pin_level"": ""Low"", ""Exti_status"": ""False"", ""IDC_intput_mA"": 5.445, ""IN1_pin_level"": ""Low"", ""IN2_pin_level"": ""Low"", ""Node_type"": ""PS-LB"", ""Probe_mod"": 0, ""VDC_intput_V"": 0, ""Water_deep_cm"": 18.063}"
2025-09-20 22:33:26.739173071+00:00,ps-lb-14,2,-39,10.0,"{""Bat_V"": 3.57, ""Exti_pin_level"": ""Low"", ""Exti_status"": ""False"", ""IDC_intput_mA"": 5.445, ""IN1_pin_level"": ""Low"", ""IN2_pin_level"": ""Low"", ""Node_type"": ""PS-LB"", ""Probe_mod"": 0, ""VDC_intput_V"": 0, ""Water_deep_cm"": 18.063}"
2025-09-20 23:33:26.041653101+00:00,ps-lb-14,2,-41,10.0,"{""Bat_V"": 3.576, ""Exti_pin_level"": ""Low"", ""Exti_status"": ""False"", ""IDC_intput_mA"": 5.444, ""IN1_pin_level"": ""Low"", ""IN2_pin_level"": ""Low"", ""Node_type"": ""PS-LB"", ""Probe_mod"": 0, ""VDC_intput_V"": 0, ""Water_deep_cm"": 18.05}"
2025-09-21 00:33:25.352224764+00:00,ps-lb-14,2,-125,-9.5,"{""Bat_V"": 3.576, ""Exti_pin_level"": ""Low"", ""Exti_status"": ""False"", ""IDC_intput_mA"": 5.445, ""IN1_pin_level"": ""Low"", ""IN2_pin_level"": ""Low"", ""Node_type"": ""PS-LB"", ""Probe_mod"": 0, ""VDC_intput_V"": 0, ""Water_deep_cm"": 18.063}"
2025-09-21 01:33:24.667206112+00:00,ps-lb-14,2,-39,9.75,"{""Bat_V"": 3.576, ""Exti_pin_level"": ""Low"", ""Exti_status"": ""False"", ""IDC_intput_mA"": 5.444, ""IN1_pin_level"": ""Low"", ""IN2_pin_level"": ""Low"", ""Node_type"": ""PS-LB"", ""Probe_mod"": 0, ""VDC_intput_V"": 0, ""Water_deep_cm"": 18.05}"
2025-09-21 02:33:23.990512999+00:00,ps-lb-14,2,-116,,"{""Bat_V"": 3.576, ""Exti_pin_level"": ""Low"", ""Exti_status"": ""False"", ""IDC_intput_mA"": 5.444, ""IN1_pin_level"": ""Low"", ""IN2_pin_level"": ""Low"", ""Node_type"": ""PS-LB"", ""Probe_mod"": 0, ""VDC_intput_V"": 0, ""Water_deep_cm"": 18.05}"
2025-09-21 03:33:23.299179399+00:00,ps-lb-14,2,-122,-6.75,"{""Bat_V"": 3.576, ""Exti_pin_level"": ""Low"", ""Exti_status"": ""False"", ""IDC_intput_mA"": 5.444, ""IN1_pin_level"": ""Low"", ""IN2_pin_level"": ""Low"", ""Node_type"": ""PS-LB"", ""Probe_mod"": 0, ""VDC_intput_V"": 0, ""Water_deep_cm"": 18.05}"
2025-09-21 04:33:22.619893502+00:00,ps-lb-14,2,-121,-5.75,"{""Bat_V"": 3.576, ""Exti_pin_level"": ""Low"", ""Exti_status"": ""False"", ""IDC_intput_mA"": 5.444, ""IN1_pin_level"": ""Low"", ""IN2_pin_level"": ""Low"", ""Node_type"": ""PS-LB"", ""Probe_mod"": 0, ""VDC_intput_V"": 0, ""Water_deep_cm"": 18.05}"
2025-09-21 05:33:21.936069693+00:00,ps-lb-14,2,-39,8.0,"{""Bat_V"": 3.576, ""Exti_pin_level"": ""Low"", ""Exti_status"": ""False"", ""IDC_intput_mA"": 5.444, ""IN1_pin_level"": ""Low"", ""IN2_pin_level"": ""Low"", ""Node_type"": ""PS-LB"", ""Probe_mod"": 0, ""VDC_intput_V"": 0, ""Water_deep_cm"": 18.05}"
2025-09-21 06:33:21.260178724+00:00,ps-lb-14,2,-39,10.5,"{""Bat_V"": 3.582, ""Exti_pin_level"": ""Low"", ""Exti_status"": ""False"", ""IDC_intput_mA"": 5.444, ""IN1_pin_level"": ""Low"", ""IN2_pin_level"": ""Low"", ""Node_type"": ""PS-LB"", ""Probe_mod"": 0, ""VDC_intput_V"": 0, ""Water_deep_cm"": 18.05}"
2025-09-21 07:33:20.590029476+00:00,ps-lb-14,2,-39,9.5,"{""Bat_V"": 3.582, ""Exti_pin_level"": ""Low"", ""Exti_status"": ""False"", ""IDC_intput_mA"": 5.444, ""IN1_pin_level"": ""Low"", ""IN2_pin_level"": ""Low"", ""Node_type"": ""PS-LB"", ""Probe_mod"": 0, ""VDC_intput_V"": 0, ""Water_deep_cm"": 18.05}"
2025-09-21 08:33:19.891555349+00:00,ps-lb-14,2,-38,8.25,"{""Bat_V"": 3.576, ""Exti_pin_level"": ""Low"", ""Exti_status"": ""False"", ""IDC_intput_mA"": 5.444, ""IN1_pin_level"": ""Low"", ""IN2_pin_level"": ""Low"", ""Node_type"": ""PS-LB"", ""Probe_mod"": 0, ""VDC_intput_V"": 0, ""Water_deep_cm"": 18.05}"
2025-09-21 09:33:19.214874547+00:00,ps-lb-14,2,-38,9.75,"{""Bat_V"": 3.582, ""Exti_pin_level"": ""Low"", ""Exti_status"": ""False"", ""IDC_intput_mA"": 5.443, ""IN1_pin_level"": ""Low"", ""IN2_pin_level"": ""Low"", ""Node_type"": ""PS-LB"", ""Probe_mod"": 0, ""VDC_intput_V"": 0, ""Water_deep_cm"": 18.037}"
2025-09-21 10:33:18.530519064+00:00,ps-lb-14,2,-117,-0.5,"{""Bat_V"": 3.582, ""Exti_pin_level"": ""Low"", ""Exti_status"": ""False"", ""IDC_intput_mA"": 5.444, ""IN1_pin_level"": ""Low"", ""IN2_pin_level"": ""Low"", ""Node_type"": ""PS-LB"", ""Probe_mod"": 0, ""VDC_intput_V"": 0, ""Water_deep_cm"": 18.05}"
2025-09-21 11:33:17.852882599+00:00,ps-lb-14,2,-39,7.5,"{""Bat_V"": 3.582, ""Exti_pin_level"": ""Low"", ""Exti_status"": ""False"", ""IDC_intput_mA"": 5.443, ""IN1_pin_level"": ""Low"", ""IN2_pin_level"": ""Low"", ""Node_type"": ""PS-LB"", ""Probe_mod"": 0, ""VDC_intput_V"": 0, ""Water_deep_cm"": 18.037}"
2025-09-21 13:33:16.491390612+00:00,ps-lb-14,2,-35,9.5,"{""Bat_V"": 3.582, ""Exti_pin_level"": ""Low"", ""Exti_status"": ""False"", ""IDC_intput_mA"": 5.443, ""IN1_pin_level"": ""Low"", ""IN2_pin_level"": ""Low"", ""Node_type"": ""PS-LB"", ""Probe_mod"": 0, ""VDC_intput_V"": 0, ""Water_deep_cm"": 18.037}"
2025-09-21 14:33:15.802943333+00:00,ps-lb-14,2,-41,9.25,"{""Bat_V"": 3.582, ""Exti_pin_level"": ""Low"", ""Exti_status"": ""False"", ""IDC_intput_mA"": 5.442, ""IN1_pin_level"": ""Low"", ""IN2_pin_level"": ""Low"", ""Node_type"": ""PS-LB"", ""Probe_mod"": 0, ""VDC_intput_V"": 0, ""Water_deep_cm"": 18.025}"
2025-09-21 15:33:15.127238062+00:00,ps-lb-14,2,-41,9.75,"{""Bat_V"": 3.582, ""Exti_pin_level"": ""Low"", ""Exti_status"": ""False"", ""IDC_intput_mA"": 5.443, ""IN1_pin_level"": ""Low"", ""IN2_pin_level"": ""Low"", ""Node_type"": ""PS-LB"", ""Probe_mod"": 0, ""VDC_intput_V"": 0, ""Water_deep_cm"": 18.037}"
2025-09-21 16:33:14.439108954+00:00,ps-lb-14,2,-39,7.5,"{""Bat_V"": 3.582, ""Exti_pin_level"": ""Low"", ""Exti_status"": ""False"", ""IDC_intput_mA"": 5.441, ""IN1_pin_level"": ""Low"", ""IN2_pin_level"": ""Low"", ""Node_type"": ""PS-LB"", ""Probe_mod"": 0, ""VDC_intput_V"": 0, ""Water_deep_cm"": 18.012}"
2025-09-21 17:33:13.751812043+00:00,ps-lb-14,2,-39,9.0,"{""Bat_V"": 3.582, ""Exti_pin_level"": ""Low"", ""Exti_status"": ""False"", ""IDC_intput_mA"": 5.441, ""IN1_pin_level"": ""Low"", ""IN2_pin_level"": ""Low"", ""Node_type"": ""PS-LB"", ""Probe_mod"": 0, ""VDC_intput_V"": 0, ""Water_deep_cm"": 18.012}"
2025-09-21 18:33:13.078769782+00:00,ps-lb-14,2,-43,10.25,"{""Bat_V"": 3.588, ""Exti_pin_level"": ""Low"", ""Exti_status"": ""False"", ""IDC_intput_mA"": 5.441, ""IN1_pin_level"": ""Low"", ""IN2_pin_level"": ""Low"", ""Node_type"": ""PS-LB"", ""Probe_mod"": 0, ""VDC_intput_V"": 0, ""Water_deep_cm"": 18.012}"
2025-09-21 19:33:12.390739999+00:00,ps-lb-14,2,-37,9.0,"{""Bat_V"": 3.582, ""Exti_pin_level"": ""Low"", ""Exti_status"": ""False"", ""IDC_intput_mA"": 5.441, ""IN1_pin_level"": ""Low"", ""IN2_pin_level"": ""Low"", ""Node_type"": ""PS-LB"", ""Probe_mod"": 0, ""VDC_intput_V"": 0, ""Water_deep_cm"": 18.012}"
2025-09-21 20:33:11.697241206+00:00,ps-lb-14,2,-37,7.25,"{""Bat_V"": 3.588, ""Exti_pin_level"": ""Low"", ""Exti_status"": ""False"", ""IDC_intput_mA"": 5.441, ""IN1_pin_level"": ""Low"", ""IN2_pin_level"": ""Low"", ""Node_type"": ""PS-LB"", ""Probe_mod"": 0, ""VDC_intput_V"": 0, ""Water_deep_cm"": 18.012}"
2025-09-21 21:33:11.020636988+00:00,ps-lb-14,2,-39,9.75,"{""Bat_V"": 3.582, ""Exti_pin_level"": ""Low"", ""Exti_status"": ""False"", ""IDC_intput_mA"": 5.44, ""IN1_pin_level"": ""Low"", ""IN2_pin_level"": ""Low"", ""Node_type"": ""PS-LB"", ""Probe_mod"": 0, ""VDC_intput_V"": 0, ""Water_deep_cm"": 18}"
2025-09-21 22:33:10.341570468+00:00,ps-lb-14,2,-39,9.0,"{""Bat_V"": 3.588, ""Exti_pin_level"": ""Low"", ""Exti_status"": ""False"", ""IDC_intput_mA"": 5.439, ""IN1_pin_level"": ""Low"", ""IN2_pin_level"": ""Low"", ""Node_type"": ""PS-LB"", ""Probe_mod"": 0, ""VDC_intput_V"": 0, ""Water_deep_cm"": 17.988}"
2025-09-21 23:33:09.673431185+00:00,ps-lb-14,2,-39,9.25,"{""Bat_V"": 3.588, ""Exti_pin_level"": ""Low"", ""Exti_status"": ""False"", ""IDC_intput_mA"": 5.439, ""IN1_pin_level"": ""Low"", ""IN2_pin_level"": ""Low"", ""Node_type"": ""PS-LB"", ""Probe_mod"": 0, ""VDC_intput_V"": 0, ""Water_deep_cm"": 17.988}"
2025-09-22 00:33:08.976926392+00:00,ps-lb-14,2,-38,8.75,"{""Bat_V"": 3.588, ""Exti_pin_level"": ""Low"", ""Exti_status"": ""False"", ""IDC_intput_mA"": 5.438, ""IN1_pin_level"": ""Low"", ""IN2_pin_level"": ""Low"", ""Node_type"": ""PS-LB"", ""Probe_mod"": 0, ""VDC_intput_V"": 0, ""Water_deep_cm"": 17.975}"
2025-09-22 01:33:08.301853129+00:00,ps-lb-14,2,-39,10.5,"{""Bat_V"": 3.588, ""Exti_pin_level"": ""Low"", ""Exti_status"": ""False"", ""IDC_intput_mA"": 5.438, ""IN1_pin_level"": ""Low"", ""IN2_pin_level"": ""Low"", ""Node_type"": ""PS-LB"", ""Probe_mod"": 0, ""VDC_intput_V"": 0, ""Water_deep_cm"": 17.975}"
2025-09-22 02:33:07.617181460+00:00,ps-lb-14,2,-41,9.75,"{""Bat_V"": 3.588, ""Exti_pin_level"": ""Low"", ""Exti_status"": ""False"", ""IDC_intput_mA"": 5.437, ""IN1_pin_level"": ""Low"", ""IN2_pin_level"": ""Low"", ""Node_type"": ""PS-LB"", ""Probe_mod"": 0, ""VDC_intput_V"": 0, ""Water_deep_cm"": 17.963}"
2025-09-22 03:33:06.944267453+00:00,ps-lb-14,2,-39,7.75,"{""Bat_V"": 3.588, ""Exti_pin_level"": ""Low"", ""Exti_status"": ""False"", ""IDC_intput_mA"": 5.437, ""IN1_pin_level"": ""Low"", ""IN2_pin_level"": ""Low"", ""Node_type"": ""PS-LB"", ""Probe_mod"": 0, ""VDC_intput_V"": 0, ""Water_deep_cm"": 17.963}"
2025-09-22 04:33:06.266680022+00:00,ps-lb-14,2,-39,9.75,"{""Bat_V"": 3.588, ""Exti_pin_level"": ""Low"", ""Exti_status"": ""False"", ""IDC_intput_mA"": 5.436, ""IN1_pin_level"": ""Low"", ""IN2_pin_level"": ""Low"", ""Node_type"": ""PS-LB"", ""Probe_mod"": 0, ""VDC_intput_V"": 0, ""Water_deep_cm"": 17.95}"
2025-09-22 05:33:05.586779506+00:00,ps-lb-14,2,-39,9.75,"{""Bat_V"": 3.588, ""Exti_pin_level"": ""Low"", ""Exti_status"": ""False"", ""IDC_intput_mA"": 5.435, ""IN1_pin_level"": ""Low"", ""IN2_pin_level"": ""Low"", ""Node_type"": ""PS-LB"", ""Probe_mod"": 0, ""VDC_intput_V"": 0, ""Water_deep_cm"": 17.937}"
2025-09-22 06:33:04.893923955+00:00,ps-lb-14,2,-125,-8.75,"{""Bat_V"": 3.588, ""Exti_pin_level"": ""Low"", ""Exti_status"": ""False"", ""IDC_intput_mA"": 5.435, ""IN1_pin_level"": ""Low"", ""IN2_pin_level"": ""Low"", ""Node_type"": ""PS-LB"", ""Probe_mod"": 0, ""VDC_intput_V"": 0, ""Water_deep_cm"": 17.937}"
2025-09-22 07:33:04.220544446+00:00,ps-lb-14,2,-39,10.25,"{""Bat_V"": 3.588, ""Exti_pin_level"": ""Low"", ""Exti_status"": ""False"", ""IDC_intput_mA"": 5.434, ""IN1_pin_level"": ""Low"", ""IN2_pin_level"": ""Low"", ""Node_type"": ""PS-LB"", ""Probe_mod"": 0, ""VDC_intput_V"": 0, ""Water_deep_cm"": 17.925}"
2025-09-22 08:33:03.533700373+00:00,ps-lb-14,2,-41,11.0,"{""Bat_V"": 3.588, ""Exti_pin_level"": ""Low"", ""Exti_status"": ""False"", ""IDC_intput_mA"": 5.434, ""IN1_pin_level"": ""Low"", ""IN2_pin_level"": ""Low"", ""Node_type"": ""PS-LB"", ""Probe_mod"": 0, ""VDC_intput_V"": 0, ""Water_deep_cm"": 17.925}"
2025-09-22 09:33:02.867051670+00:00,ps-lb-14,2,-121,-5.75,"{""Bat_V"": 3.588, ""Exti_pin_level"": ""Low"", ""Exti_status"": ""False"", ""IDC_intput_mA"": 5.433, ""IN1_pin_level"": ""Low"", ""IN2_pin_level"": ""Low"", ""Node_type"": ""PS-LB"", ""Probe_mod"": 0, ""VDC_intput_V"": 0, ""Water_deep_cm"": 17.912}"
2025-09-22 10:33:02.174212080+00:00,ps-lb-14,2,-44,10.0,"{""Bat_V"": 3.588, ""Exti_pin_level"": ""Low"", ""Exti_status"": ""False"", ""IDC_intput_mA"": 5.4, ""IN1_pin_level"": ""Low"", ""IN2_pin_level"": ""Low"", ""Node_type"": ""PS-LB"", ""Probe_mod"": 0, ""VDC_intput_V"": 0, ""Water_deep_cm"": 17.5}"
2025-09-22 11:33:01.523197679+00:00,ps-lb-14,2,-41,10.25,"{""Bat_V"": 3.588, ""Exti_pin_level"": ""Low"", ""Exti_status"": ""False"", ""IDC_intput_mA"": 5.401, ""IN1_pin_level"": ""Low"", ""IN2_pin_level"": ""Low"", ""Node_type"": ""PS-LB"", ""Probe_mod"": 0, ""VDC_intput_V"": 0, ""Water_deep_cm"": 17.512}"
2025-09-22 12:33:00.818916005+00:00,ps-lb-14,2,-39,8.0,"{""Bat_V"": 3.588, ""Exti_pin_level"": ""Low"", ""Exti_status"": ""False"", ""IDC_intput_mA"": 5.4, ""IN1_pin_level"": ""Low"", ""IN2_pin_level"": ""Low"", ""Node_type"": ""PS-LB"", ""Probe_mod"": 0, ""VDC_intput_V"": 0, ""Water_deep_cm"": 17.5}"
2025-09-22 13:33:00.148971053+00:00,ps-lb-14,2,-41,7.25,"{""Bat_V"": 3.588, ""Exti_pin_level"": ""Low"", ""Exti_status"": ""False"", ""IDC_intput_mA"": 5.4, ""IN1_pin_level"": ""Low"", ""IN2_pin_level"": ""Low"", ""Node_type"": ""PS-LB"", ""Probe_mod"": 0, ""VDC_intput_V"": 0, ""Water_deep_cm"": 17.5}"
2025-09-22 14:32:59.465797859+00:00,ps-lb-14,2,-43,9.0,"{""Bat_V"": 3.588, ""Exti_pin_level"": ""Low"", ""Exti_status"": ""False"", ""IDC_intput_mA"": 5.4, ""IN1_pin_level"": ""Low"", ""IN2_pin_level"": ""Low"", ""Node_type"": ""PS-LB"", ""Probe_mod"": 0, ""VDC_intput_V"": 0, ""Water_deep_cm"": 17.5}"
2025-09-22 15:32:58.801424446+00:00,ps-lb-14,2,-43,10.75,"{""Bat_V"": 3.588, ""Exti_pin_level"": ""Low"", ""Exti_status"": ""False"", ""IDC_intput_mA"": 5.399, ""IN1_pin_level"": ""Low"", ""IN2_pin_level"": ""Low"", ""Node_type"": ""PS-LB"", ""Probe_mod"": 0, ""VDC_intput_V"": 0, ""Water_deep_cm"": 17.488}"
2025-09-22 16:32:58.098752486+00:00,ps-lb-14,2,-123,-7.0,"{""Bat_V"": 3.588, ""Exti_pin_level"": ""Low"", ""Exti_status"": ""False"", ""IDC_intput_mA"": 5.399, ""IN1_pin_level"": ""Low"", ""IN2_pin_level"": ""Low"", ""Node_type"": ""PS-LB"", ""Probe_mod"": 0, ""VDC_intput_V"": 0, ""Water_deep_cm"": 17.488}"
2025-09-22 17:32:57.411479561+00:00,ps-lb-14,2,-41,10.25,"{""Bat_V"": 3.588, ""Exti_pin_level"": ""Low"", ""Exti_status"": ""False"", ""IDC_intput_mA"": 5.399, ""IN1_pin_level"": ""Low"", ""IN2_pin_level"": ""Low"", ""Node_type"": ""PS-LB"", ""Probe_mod"": 0, ""VDC_intput_V"": 0, ""Water_deep_cm"": 17.488}"
2025-09-22 18:32:56.730850328+00:00,ps-lb-14,2,-124,-6.5,"{""Bat_V"": 3.588, ""Exti_pin_level"": ""Low"", ""Exti_status"": ""False"", ""IDC_intput_mA"": 5.398, ""IN1_pin_level"": ""Low"", ""IN2_pin_level"": ""Low"", ""Node_type"": ""PS-LB"", ""Probe_mod"": 0, ""VDC_intput_V"": 0, ""Water_deep_cm"": 17.475}"
2025-09-22 19:32:56.056443070+00:00,ps-lb-14,2,-39,7.0,"{""Bat_V"": 3.588, ""Exti_pin_level"": ""Low"", ""Exti_status"": ""False"", ""IDC_intput_mA"": 5.398, ""IN1_pin_level"": ""Low"", ""IN2_pin_level"": ""Low"", ""Node_type"": ""PS-LB"", ""Probe_mod"": 0, ""VDC_intput_V"": 0, ""Water_deep_cm"": 17.475}"
2025-09-22 20:32:55.381732586+00:00,ps-lb-14,2,-38,7.5,"{""Bat_V"": 3.588, ""Exti_pin_level"": ""Low"", ""Exti_status"": ""False"", ""IDC_intput_mA"": 5.397, ""IN1_pin_level"": ""Low"", ""IN2_pin_level"": ""Low"", ""Node_type"": ""PS-LB"", ""Probe_mod"": 0, ""VDC_intput_V"": 0, ""Water_deep_cm"": 17.463}"
2025-09-22 21:32:54.702811298+00:00,ps-lb-14,2,-41,7.75,"{""Bat_V"": 3.588, ""Exti_pin_level"": ""Low"", ""Exti_status"": ""False"", ""IDC_intput_mA"": 5.397, ""IN1_pin_level"": ""Low"", ""IN2_pin_level"": ""Low"", ""Node_type"": ""PS-LB"", ""Probe_mod"": 0, ""VDC_intput_V"": 0, ""Water_deep_cm"": 17.463}"
2025-09-22 22:32:54.013174284+00:00,ps-lb-14,2,-118,-1.5,"{""Bat_V"": 3.588, ""Exti_pin_level"": ""Low"", ""Exti_status"": ""False"", ""IDC_intput_mA"": 5.396, ""IN1_pin_level"": ""Low"", ""IN2_pin_level"": ""Low"", ""Node_type"": ""PS-LB"", ""Probe_mod"": 0, ""VDC_intput_V"": 0, ""Water_deep_cm"": 17.45}"
2025-09-22 23:32:53.342216479+00:00,ps-lb-14,2,-42,9.75,"{""Bat_V"": 3.588, ""Exti_pin_level"": ""Low"", ""Exti_status"": ""False"", ""IDC_intput_mA"": 5.395, ""IN1_pin_level"": ""Low"", ""IN2_pin_level"": ""Low"", ""Node_type"": ""PS-LB"", ""Probe_mod"": 0, ""VDC_intput_V"": 0, ""Water_deep_cm"": 17.437}"
2025-09-23 00:32:52.650901006+00:00,ps-lb-14,2,-41,8.25,"{""Bat_V"": 3.588, ""Exti_pin_level"": ""Low"", ""Exti_status"": ""False"", ""IDC_intput_mA"": 5.395, ""IN1_pin_level"": ""Low"", ""IN2_pin_level"": ""Low"", ""Node_type"": ""PS-LB"", ""Probe_mod"": 0, ""VDC_intput_V"": 0, ""Water_deep_cm"": 17.437}"
2025-09-23 01:32:51.963255312+00:00,ps-lb-14,2,-41,11.25,"{""Bat_V"": 3.588, ""Exti_pin_level"": ""Low"", ""Exti_status"": ""False"", ""IDC_intput_mA"": 5.395, ""IN1_pin_level"": ""Low"", ""IN2_pin_level"": ""Low"", ""Node_type"": ""PS-LB"", ""Probe_mod"": 0, ""VDC_intput_V"": 0, ""Water_deep_cm"": 17.437}"
2025-09-23 02:32:51.289169414+00:00,ps-lb-14,2,-41,10.5,"{""Bat_V"": 3.588, ""Exti_pin_level"": ""Low"", ""Exti_status"": ""False"", ""IDC_intput_mA"": 5.394, ""IN1_pin_level"": ""Low"", ""IN2_pin_level"": ""Low"", ""Node_type"": ""PS-LB"", ""Probe_mod"": 0, ""VDC_intput_V"": 0, ""Water_deep_cm"": 17.425}"
2025-09-23 03:32:50.603001087+00:00,ps-lb-14,2,-41,10.25,"{""Bat_V"": 3.588, ""Exti_pin_level"": ""Low"", ""Exti_status"": ""False"", ""IDC_intput_mA"": 5.393, ""IN1_pin_level"": ""Low"", ""IN2_pin_level"": ""Low"", ""Node_type"": ""PS-LB"", ""Probe_mod"": 0, ""VDC_intput_V"": 0, ""Water_deep_cm"": 17.412}"
2025-09-23 04:32:49.938907484+00:00,ps-lb-14,2,-38,8.75,"{""Bat_V"": 3.594, ""Exti_pin_level"": ""Low"", ""Exti_status"": ""False"", ""IDC_intput_mA"": 5.393, ""IN1_pin_level"": ""Low"", ""IN2_pin_level"": ""Low"", ""Node_type"": ""PS-LB"", ""Probe_mod"": 0, ""VDC_intput_V"": 0, ""Water_deep_cm"": 17.412}"
2025-09-23 05:32:49.249549350+00:00,ps-lb-14,2,-124,-7.5,"{""Bat_V"": 3.594, ""Exti_pin_level"": ""Low"", ""Exti_status"": ""False"", ""IDC_intput_mA"": 5.392, ""IN1_pin_level"": ""Low"", ""IN2_pin_level"": ""Low"", ""Node_type"": ""PS-LB"", ""Probe_mod"": 0, ""VDC_intput_V"": 0, ""Water_deep_cm"": 17.4}"
2025-09-23 06:32:48.591102332+00:00,ps-lb-14,2,-39,10.0,"{""Bat_V"": 3.588, ""Exti_pin_level"": ""Low"", ""Exti_status"": ""False"", ""IDC_intput_mA"": 5.391, ""IN1_pin_level"": ""Low"", ""IN2_pin_level"": ""Low"", ""Node_type"": ""PS-LB"", ""Probe_mod"": 0, ""VDC_intput_V"": 0, ""Water_deep_cm"": 17.387}"
2025-09-23 07:32:47.900168681+00:00,ps-lb-14,2,-41,9.25,"{""Bat_V"": 3.588, ""Exti_pin_level"": ""Low"", ""Exti_status"": ""False"", ""IDC_intput_mA"": 5.391, ""IN1_pin_level"": ""Low"", ""IN2_pin_level"": ""Low"", ""Node_type"": ""PS-LB"", ""Probe_mod"": 0, ""VDC_intput_V"": 0, ""Water_deep_cm"": 17.387}"
2025-09-23 08:32:47.201183587+00:00,ps-lb-14,2,-118,-2.5,"{""Bat_V"": 3.588, ""Exti_pin_level"": ""Low"", ""Exti_status"": ""False"", ""IDC_intput_mA"": 5.391, ""IN1_pin_level"": ""Low"", ""IN2_pin_level"": ""Low"", ""Node_type"": ""PS-LB"", ""Probe_mod"": 0, ""VDC_intput_V"": 0, ""Water_deep_cm"": 17.387}"
2025-09-23 09:32:46.535745562+00:00,ps-lb-14,2,-41,10.5,"{""Bat_V"": 3.588, ""Exti_pin_level"": ""Low"", ""Exti_status"": ""False"", ""IDC_intput_mA"": 5.391, ""IN1_pin_level"": ""Low"", ""IN2_pin_level"": ""Low"", ""Node_type"": ""PS-LB"", ""Probe_mod"": 0, ""VDC_intput_V"": 0, ""Water_deep_cm"": 17.387}"
2025-09-23 10:32:45.833896143+00:00,ps-lb-14,2,-39,9.0,"{""Bat_V"": 3.594, ""Exti_pin_level"": ""Low"", ""Exti_status"": ""False"", ""IDC_intput_mA"": 5.39, ""IN1_pin_level"": ""Low"", ""IN2_pin_level"": ""Low"", ""Node_type"": ""PS-LB"", ""Probe_mod"": 0, ""VDC_intput_V"": 0, ""Water_deep_cm"": 17.375}"
2025-09-23 11:32:45.170189906+00:00,ps-lb-14,2,-38,7.75,"{""Bat_V"": 3.588, ""Exti_pin_level"": ""Low"", ""Exti_status"": ""False"", ""IDC_intput_mA"": 5.389, ""IN1_pin_level"": ""Low"", ""IN2_pin_level"": ""Low"", ""Node_type"": ""PS-LB"", ""Probe_mod"": 0, ""VDC_intput_V"": 0, ""Water_deep_cm"": 17.363}"
2025-09-23 12:32:44.486373390+00:00,ps-lb-14,2,-122,-7.25,"{""Bat_V"": 3.588, ""Exti_pin_level"": ""Low"", ""Exti_status"": ""False"", ""IDC_intput_mA"": 5.389, ""IN1_pin_level"": ""Low"", ""IN2_pin_level"": ""Low"", ""Node_type"": ""PS-LB"", ""Probe_mod"": 0, ""VDC_intput_V"": 0, ""Water_deep_cm"": 17.363}"
2025-09-23 13:32:43.816025530+00:00,ps-lb-14,2,-41,8.25,"{""Bat_V"": 3.588, ""Exti_pin_level"": ""Low"", ""Exti_status"": ""False"", ""IDC_intput_mA"": 5.388, ""IN1_pin_level"": ""Low"", ""IN2_pin_level"": ""Low"", ""Node_type"": ""PS-LB"", ""Probe_mod"": 0, ""VDC_intput_V"": 0, ""Water_deep_cm"": 17.35}"
2025-09-23 14:32:43.134414041+00:00,ps-lb-14,2,-41,9.5,"{""Bat_V"": 3.594, ""Exti_pin_level"": ""Low"", ""Exti_status"": ""False"", ""IDC_intput_mA"": 5.389, ""IN1_pin_level"": ""Low"", ""IN2_pin_level"": ""Low"", ""Node_type"": ""PS-LB"", ""Probe_mod"": 0, ""VDC_intput_V"": 0, ""Water_deep_cm"": 17.363}"
2025-09-23 15:32:42.454789743+00:00,ps-lb-14,2,-41,9.0,"{""Bat_V"": 3.588, ""Exti_pin_level"": ""Low"", ""Exti_status"": ""False"", ""IDC_intput_mA"": 5.389, ""IN1_pin_level"": ""Low"", ""IN2_pin_level"": ""Low"", ""Node_type"": ""PS-LB"", ""Probe_mod"": 0, ""VDC_intput_V"": 0, ""Water_deep_cm"": 17.363}"
2025-09-23 16:32:41.780030141+00:00,ps-lb-14,2,-41,7.5,"{""Bat_V"": 3.588, ""Exti_pin_level"": ""Low"", ""Exti_status"": ""False"", ""IDC_intput_mA"": 5.389, ""IN1_pin_level"": ""Low"", ""IN2_pin_level"": ""Low"", ""Node_type"": ""PS-LB"", ""Probe_mod"": 0, ""VDC_intput_V"": 0, ""Water_deep_cm"": 17.363}"
2025-09-23 17:32:41.091075854+00:00,ps-lb-14,2,-39,10.75,"{""Bat_V"": 3.594, ""Exti_pin_level"": ""Low"", ""Exti_status"": ""False"", ""IDC_intput_mA"": 5.388, ""IN1_pin_level"": ""Low"", ""IN2_pin_level"": ""Low"", ""Node_type"": ""PS-LB"", ""Probe_mod"": 0, ""VDC_intput_V"": 0, ""Water_deep_cm"": 17.35}"
2025-09-23 18:32:40.430782422+00:00,ps-lb-14,2,-42,10.0,"{""Bat_V"": 3.594, ""Exti_pin_level"": ""Low"", ""Exti_status"": ""False"", ""IDC_intput_mA"": 5.388, ""IN1_pin_level"": ""Low"", ""IN2_pin_level"": ""Low"", ""Node_type"": ""PS-LB"", ""Probe_mod"": 0, ""VDC_intput_V"": 0, ""Water_deep_cm"": 17.35}"
2025-09-23 19:32:39.736692636+00:00,ps-lb-14,2,-38,9.75,"{""Bat_V"": 3.594, ""Exti_pin_level"": ""Low"", ""Exti_status"": ""False"", ""IDC_intput_mA"": 5.388, ""IN1_pin_level"": ""Low"", ""IN2_pin_level"": ""Low"", ""Node_type"": ""PS-LB"", ""Probe_mod"": 0, ""VDC_intput_V"": 0, ""Water_deep_cm"": 17.35}"
2025-09-23 20:32:39.049313255+00:00,ps-lb-14,2,-118,-2.75,"{""Bat_V"": 3.594, ""Exti_pin_level"": ""Low"", ""Exti_status"": ""False"", ""IDC_intput_mA"": 5.388, ""IN1_pin_level"": ""Low"", ""IN2_pin_level"": ""Low"", ""Node_type"": ""PS-LB"", ""Probe_mod"": 0, ""VDC_intput_V"": 0, ""Water_deep_cm"": 17.35}"
2025-09-23 21:32:38.372066514+00:00,ps-lb-14,2,-41,7.5,"{""Bat_V"": 3.594, ""Exti_pin_level"": ""Low"", ""Exti_status"": ""False"", ""IDC_intput_mA"": 5.387, ""IN1_pin_level"": ""Low"", ""IN2_pin_level"": ""Low"", ""Node_type"": ""PS-LB"", ""Probe_mod"": 0, ""VDC_intput_V"": 0, ""Water_deep_cm"": 17.337}"
2025-09-23 22:32:37.705985148+00:00,ps-lb-14,2,-39,9.0,"{""Bat_V"": 3.588, ""Exti_pin_level"": ""Low"", ""Exti_status"": ""False"", ""IDC_intput_mA"": 5.387, ""IN1_pin_level"": ""Low"", ""IN2_pin_level"": ""Low"", ""Node_type"": ""PS-LB"", ""Probe_mod"": 0, ""VDC_intput_V"": 0, ""Water_deep_cm"": 17.337}"
2025-09-23 23:32:37.003853812+00:00,ps-lb-14,2,-41,10.25,"{""Bat_V"": 3.588, ""Exti_pin_level"": ""Low"", ""Exti_status"": ""False"", ""IDC_intput_mA"": 5.387, ""IN1_pin_level"": ""Low"", ""IN2_pin_level"": ""Low"", ""Node_type"": ""PS-LB"", ""Probe_mod"": 0, ""VDC_intput_V"": 0, ""Water_deep_cm"": 17.337}"
2025-09-24 00:32:36.335951442+00:00,ps-lb-14,2,-41,9.75,"{""Bat_V"": 3.594, ""Exti_pin_level"": ""Low"", ""Exti_status"": ""False"", ""IDC_intput_mA"": 5.386, ""IN1_pin_level"": ""Low"", ""IN2_pin_level"": ""Low"", ""Node_type"": ""PS-LB"", ""Probe_mod"": 0, ""VDC_intput_V"": 0, ""Water_deep_cm"": 17.325}"
2025-09-24 01:32:35.666614491+00:00,ps-lb-14,2,-39,10.25,"{""Bat_V"": 3.594, ""Exti_pin_level"": ""Low"", ""Exti_status"": ""False"", ""IDC_intput_mA"": 5.385, ""IN1_pin_level"": ""Low"", ""IN2_pin_level"": ""Low"", ""Node_type"": ""PS-LB"", ""Probe_mod"": 0, ""VDC_intput_V"": 0, ""Water_deep_cm"": 17.312}"
2025-09-24 02:32:34.979962919+00:00,ps-lb-14,2,-39,9.5,"{""Bat_V"": 3.588, ""Exti_pin_level"": ""Low"", ""Exti_status"": ""False"", ""IDC_intput_mA"": 5.385, ""IN1_pin_level"": ""Low"", ""IN2_pin_level"": ""Low"", ""Node_type"": ""PS-LB"", ""Probe_mod"": 0, ""VDC_intput_V"": 0, ""Water_deep_cm"": 17.312}"
2025-09-24 03:32:34.291193302+00:00,ps-lb-14,2,-38,8.75,"{""Bat_V"": 3.594, ""Exti_pin_level"": ""Low"", ""Exti_status"": ""False"", ""IDC_intput_mA"": 5.384, ""IN1_pin_level"": ""Low"", ""IN2_pin_level"": ""Low"", ""Node_type"": ""PS-LB"", ""Probe_mod"": 0, ""VDC_intput_V"": 0, ""Water_deep_cm"": 17.3}"
2025-09-24 04:32:33.613656565+00:00,ps-lb-14,2,-39,7.5,"{""Bat_V"": 3.594, ""Exti_pin_level"": ""Low"", ""Exti_status"": ""False"", ""IDC_intput_mA"": 5.383, ""IN1_pin_level"": ""Low"", ""IN2_pin_level"": ""Low"", ""Node_type"": ""PS-LB"", ""Probe_mod"": 0, ""VDC_intput_V"": 0, ""Water_deep_cm"": 17.288}"
2025-09-24 05:32:32.958624021+00:00,ps-lb-14,2,-41,10.5,"{""Bat_V"": 3.594, ""Exti_pin_level"": ""Low"", ""Exti_status"": ""False"", ""IDC_intput_mA"": 5.383, ""IN1_pin_level"": ""Low"", ""IN2_pin_level"": ""Low"", ""Node_type"": ""PS-LB"", ""Probe_mod"": 0, ""VDC_intput_V"": 0, ""Water_deep_cm"": 17.288}"
2025-09-24 06:32:32.268703174+00:00,ps-lb-14,2,-41,10.0,"{""Bat_V"": 3.594, ""Exti_pin_level"": ""Low"", ""Exti_status"": ""False"", ""IDC_intput_mA"": 5.382, ""IN1_pin_level"": ""Low"", ""IN2_pin_level"": ""Low"", ""Node_type"": ""PS-LB"", ""Probe_mod"": 0, ""VDC_intput_V"": 0, ""Water_deep_cm"": 17.275}"
2025-09-24 07:32:31.589900582+00:00,ps-lb-14,2,-39,10.75,"{""Bat_V"": 3.594, ""Exti_pin_level"": ""Low"", ""Exti_status"": ""False"", ""IDC_intput_mA"": 5.381, ""IN1_pin_level"": ""Low"", ""IN2_pin_level"": ""Low"", ""Node_type"": ""PS-LB"", ""Probe_mod"": 0, ""VDC_intput_V"": 0, ""Water_deep_cm"": 17.263}"
2025-09-24 08:32:30.908576114+00:00,ps-lb-14,2,-41,10.5,"{""Bat_V"": 3.594, ""Exti_pin_level"": ""Low"", ""Exti_status"": ""False"", ""IDC_intput_mA"": 5.381, ""IN1_pin_level"": ""Low"", ""IN2_pin_level"": ""Low"", ""Node_type"": ""PS-LB"", ""Probe_mod"": 0, ""VDC_intput_V"": 0, ""Water_deep_cm"": 17.263}"
2025-09-24 09:32:30.229436132+00:00,ps-lb-14,2,-39,9.25,"{""Bat_V"": 3.594, ""Exti_pin_level"": ""Low"", ""Exti_status"": ""False"", ""IDC_intput_mA"": 5.381, ""IN1_pin_level"": ""Low"", ""IN2_pin_level"": ""Low"", ""Node_type"": ""PS-LB"", ""Probe_mod"": 0, ""VDC_intput_V"": 0, ""Water_deep_cm"": 17.263}"
2025-09-24 10:32:29.540109538+00:00,ps-lb-14,2,-42,10.25,"{""Bat_V"": 3.594, ""Exti_pin_level"": ""Low"", ""Exti_status"": ""False"", ""IDC_intput_mA"": 5.381, ""IN1_pin_level"": ""Low"", ""IN2_pin_level"": ""Low"", ""Node_type"": ""PS-LB"", ""Probe_mod"": 0, ""VDC_intput_V"": 0, ""Water_deep_cm"": 17.263}"
2025-09-24 11:32:28.884874453+00:00,ps-lb-14,2,-39,7.5,"{""Bat_V"": 3.594, ""Exti_pin_level"": ""Low"", ""Exti_status"": ""False"", ""IDC_intput_mA"": 5.381, ""IN1_pin_level"": ""Low"", ""IN2_pin_level"": ""Low"", ""Node_type"": ""PS-LB"", ""Probe_mod"": 0, ""VDC_intput_V"": 0, ""Water_deep_cm"": 17.263}"
2025-09-24 12:32:28.186632793+00:00,ps-lb-14,2,-38,8.75,"{""Bat_V"": 3.594, ""Exti_pin_level"": ""Low"", ""Exti_status"": ""False"", ""IDC_intput_mA"": 5.381, ""IN1_pin_level"": ""Low"", ""IN2_pin_level"": ""Low"", ""Node_type"": ""PS-LB"", ""Probe_mod"": 0, ""VDC_intput_V"": 0, ""Water_deep_cm"": 17.263}"
2025-09-24 13:32:27.525759736+00:00,ps-lb-14,2,-39,7.25,"{""Bat_V"": 3.594, ""Exti_pin_level"": ""Low"", ""Exti_status"": ""False"", ""IDC_intput_mA"": 5.381, ""IN1_pin_level"": ""Low"", ""IN2_pin_level"": ""Low"", ""Node_type"": ""PS-LB"", ""Probe_mod"": 0, ""VDC_intput_V"": 0, ""Water_deep_cm"": 17.263}"
2025-09-24 14:32:26.884018632+00:00,ps-lb-14,2,-39,9.75,"{""Bat_V"": 3.594, ""Exti_pin_level"": ""Low"", ""Exti_status"": ""False"", ""IDC_intput_mA"": 5.381, ""IN1_pin_level"": ""Low"", ""IN2_pin_level"": ""Low"", ""Node_type"": ""PS-LB"", ""Probe_mod"": 0, ""VDC_intput_V"": 0, ""Water_deep_cm"": 17.263}"
2025-09-24 15:32:26.150484763+00:00,ps-lb-14,2,-39,9.75,"{""Bat_V"": 3.594, ""Exti_pin_level"": ""Low"", ""Exti_status"": ""False"", ""IDC_intput_mA"": 5.38, ""IN1_pin_level"": ""Low"", ""IN2_pin_level"": ""Low"", ""Node_type"": ""PS-LB"", ""Probe_mod"": 0, ""VDC_intput_V"": 0, ""Water_deep_cm"": 17.25}"
2025-09-24 16:32:25.475380153+00:00,ps-lb-14,2,-41,9.75,"{""Bat_V"": 3.594, ""Exti_pin_level"": ""Low"", ""Exti_status"": ""False"", ""IDC_intput_mA"": 5.381, ""IN1_pin_level"": ""Low"", ""IN2_pin_level"": ""Low"", ""Node_type"": ""PS-LB"", ""Probe_mod"": 0, ""VDC_intput_V"": 0, ""Water_deep_cm"": 17.263}"
2025-09-24 17:32:24.799496136+00:00,ps-lb-14,2,-123,-7.25,"{""Bat_V"": 3.594, ""Exti_pin_level"": ""Low"", ""Exti_status"": ""False"", ""IDC_intput_mA"": 5.379, ""IN1_pin_level"": ""Low"", ""IN2_pin_level"": ""Low"", ""Node_type"": ""PS-LB"", ""Probe_mod"": 0, ""VDC_intput_V"": 0, ""Water_deep_cm"": 17.237}"
2025-09-24 18:32:24.119889388+00:00,ps-lb-14,2,-41,10.0,"{""Bat_V"": 3.594, ""Exti_pin_level"": ""Low"", ""Exti_status"": ""False"", ""IDC_intput_mA"": 5.38, ""IN1_pin_level"": ""Low"", ""IN2_pin_level"": ""Low"", ""Node_type"": ""PS-LB"", ""Probe_mod"": 0, ""VDC_intput_V"": 0, ""Water_deep_cm"": 17.25}"
2025-09-24 19:32:23.447659688+00:00,ps-lb-14,2,-39,9.25,"{""Bat_V"": 3.594, ""Exti_pin_level"": ""Low"", ""Exti_status"": ""False"", ""IDC_intput_mA"": 5.379, ""IN1_pin_level"": ""Low"", ""IN2_pin_level"": ""Low"", ""Node_type"": ""PS-LB"", ""Probe_mod"": 0, ""VDC_intput_V"": 0, ""Water_deep_cm"": 17.237}"
2025-09-24 20:32:22.760936167+00:00,ps-lb-14,2,-41,10.5,"{""Bat_V"": 3.594, ""Exti_pin_level"": ""Low"", ""Exti_status"": ""False"", ""IDC_intput_mA"": 5.379, ""IN1_pin_level"": ""Low"", ""IN2_pin_level"": ""Low"", ""Node_type"": ""PS-LB"", ""Probe_mod"": 0, ""VDC_intput_V"": 0, ""Water_deep_cm"": 17.237}"
2025-09-24 21:32:22.073335218+00:00,ps-lb-14,2,-43,10.75,"{""Bat_V"": 3.594, ""Exti_pin_level"": ""Low"", ""Exti_status"": ""False"", ""IDC_intput_mA"": 5.379, ""IN1_pin_level"": ""Low"", ""IN2_pin_level"": ""Low"", ""Node_type"": ""PS-LB"", ""Probe_mod"": 0, ""VDC_intput_V"": 0, ""Water_deep_cm"": 17.237}"
2025-09-24 23:32:20.721295496+00:00,ps-lb-14,2,-42,9.25,"{""Bat_V"": 3.594, ""Exti_pin_level"": ""Low"", ""Exti_status"": ""False"", ""IDC_intput_mA"": 5.378, ""IN1_pin_level"": ""Low"", ""IN2_pin_level"": ""Low"", ""Node_type"": ""PS-LB"", ""Probe_mod"": 0, ""VDC_intput_V"": 0, ""Water_deep_cm"": 17.225}"
2025-09-25 00:32:20.022881801+00:00,ps-lb-14,2,-122,-7.5,"{""Bat_V"": 3.594, ""Exti_pin_level"": ""Low"", ""Exti_status"": ""False"", ""IDC_intput_mA"": 5.378, ""IN1_pin_level"": ""Low"", ""IN2_pin_level"": ""Low"", ""Node_type"": ""PS-LB"", ""Probe_mod"": 0, ""VDC_intput_V"": 0, ""Water_deep_cm"": 17.225}"
2025-09-25 01:32:19.357774944+00:00,ps-lb-14,2,-42,10.25,"{""Bat_V"": 3.594, ""Exti_pin_level"": ""Low"", ""Exti_status"": ""False"", ""IDC_intput_mA"": 5.377, ""IN1_pin_level"": ""Low"", ""IN2_pin_level"": ""Low"", ""Node_type"": ""PS-LB"", ""Probe_mod"": 0, ""VDC_intput_V"": 0, ""Water_deep_cm"": 17.212}"
2025-09-25 02:32:18.684834296+00:00,ps-lb-14,2,-122,-5.75,"{""Bat_V"": 3.594, ""Exti_pin_level"": ""Low"", ""Exti_status"": ""False"", ""IDC_intput_mA"": 5.376, ""IN1_pin_level"": ""Low"", ""IN2_pin_level"": ""Low"", ""Node_type"": ""PS-LB"", ""Probe_mod"": 0, ""VDC_intput_V"": 0, ""Water_deep_cm"": 17.2}"
2025-09-25 03:32:18.030193705+00:00,ps-lb-14,2,-41,7.75,"{""Bat_V"": 3.588, ""Exti_pin_level"": ""Low"", ""Exti_status"": ""False"", ""IDC_intput_mA"": 5.376, ""IN1_pin_level"": ""Low"", ""IN2_pin_level"": ""Low"", ""Node_type"": ""PS-LB"", ""Probe_mod"": 0, ""VDC_intput_V"": 0, ""Water_deep_cm"": 17.2}"
2025-09-25 04:32:17.332653461+00:00,ps-lb-14,2,-124,-8.0,"{""Bat_V"": 3.594, ""Exti_pin_level"": ""Low"", ""Exti_status"": ""False"", ""IDC_intput_mA"": 5.376, ""IN1_pin_level"": ""Low"", ""IN2_pin_level"": ""Low"", ""Node_type"": ""PS-LB"", ""Probe_mod"": 0, ""VDC_intput_V"": 0, ""Water_deep_cm"": 17.2}"
2025-09-25 05:32:16.651958422+00:00,ps-lb-14,2,-42,9.75,"{""Bat_V"": 3.594, ""Exti_pin_level"": ""Low"", ""Exti_status"": ""False"", ""IDC_intput_mA"": 5.375, ""IN1_pin_level"": ""Low"", ""IN2_pin_level"": ""Low"", ""Node_type"": ""PS-LB"", ""Probe_mod"": 0, ""VDC_intput_V"": 0, ""Water_deep_cm"": 17.188}"
2025-09-25 06:32:15.984784897+00:00,ps-lb-14,2,-41,9.5,"{""Bat_V"": 3.594, ""Exti_pin_level"": ""Low"", ""Exti_status"": ""False"", ""IDC_intput_mA"": 5.375, ""IN1_pin_level"": ""Low"", ""IN2_pin_level"": ""Low"", ""Node_type"": ""PS-LB"", ""Probe_mod"": 0, ""VDC_intput_V"": 0, ""Water_deep_cm"": 17.188}"
2025-09-25 07:32:15.307987718+00:00,ps-lb-14,2,-44,9.5,"{""Bat_V"": 3.594, ""Exti_pin_level"": ""Low"", ""Exti_status"": ""False"", ""IDC_intput_mA"": 5.374, ""IN1_pin_level"": ""Low"", ""IN2_pin_level"": ""Low"", ""Node_type"": ""PS-LB"", ""Probe_mod"": 0, ""VDC_intput_V"": 0, ""Water_deep_cm"": 17.175}"
2025-09-25 08:32:14.613832498+00:00,ps-lb-14,2,-43,9.25,"{""Bat_V"": 3.594, ""Exti_pin_level"": ""Low"", ""Exti_status"": ""False"", ""IDC_intput_mA"": 5.374, ""IN1_pin_level"": ""Low"", ""IN2_pin_level"": ""Low"", ""Node_type"": ""PS-LB"", ""Probe_mod"": 0, ""VDC_intput_V"": 0, ""Water_deep_cm"": 17.175}"
2025-09-25 09:32:13.959310280+00:00,ps-lb-14,2,-39,9.25,"{""Bat_V"": 3.594, ""Exti_pin_level"": ""Low"", ""Exti_status"": ""False"", ""IDC_intput_mA"": 5.374, ""IN1_pin_level"": ""Low"", ""IN2_pin_level"": ""Low"", ""Node_type"": ""PS-LB"", ""Probe_mod"": 0, ""VDC_intput_V"": 0, ""Water_deep_cm"": 17.175}"
2025-09-25 10:32:13.260745289+00:00,ps-lb-14,2,-125,-8.5,"{""Bat_V"": 3.594, ""Exti_pin_level"": ""Low"", ""Exti_status"": ""False"", ""IDC_intput_mA"": 5.373, ""IN1_pin_level"": ""Low"", ""IN2_pin_level"": ""Low"", ""Node_type"": ""PS-LB"", ""Probe_mod"": 0, ""VDC_intput_V"": 0, ""Water_deep_cm"": 17.163}"
2025-09-25 11:32:12.596605648+00:00,ps-lb-14,2,-39,9.75,"{""Bat_V"": 3.594, ""Exti_pin_level"": ""Low"", ""Exti_status"": ""False"", ""IDC_intput_mA"": 5.373, ""IN1_pin_level"": ""Low"", ""IN2_pin_level"": ""Low"", ""Node_type"": ""PS-LB"", ""Probe_mod"": 0, ""VDC_intput_V"": 0, ""Water_deep_cm"": 17.163}"
2025-09-25 12:32:11.917378185+00:00,ps-lb-14,2,-39,7.0,"{""Bat_V"": 3.594, ""Exti_pin_level"": ""Low"", ""Exti_status"": ""False"", ""IDC_intput_mA"": 5.373, ""IN1_pin_level"": ""Low"", ""IN2_pin_level"": ""Low"", ""Node_type"": ""PS-LB"", ""Probe_mod"": 0, ""VDC_intput_V"": 0, ""Water_deep_cm"": 17.163}"
2025-09-25 13:32:11.218730945+00:00,ps-lb-14,2,-42,8.25,"{""Bat_V"": 3.594, ""Exti_pin_level"": ""Low"", ""Exti_status"": ""False"", ""IDC_intput_mA"": 5.373, ""IN1_pin_level"": ""Low"", ""IN2_pin_level"": ""Low"", ""Node_type"": ""PS-LB"", ""Probe_mod"": 0, ""VDC_intput_V"": 0, ""Water_deep_cm"": 17.163}"
2025-09-25 14:32:10.558134885+00:00,ps-lb-14,2,-39,8.5,"{""Bat_V"": 3.594, ""Exti_pin_level"": ""Low"", ""Exti_status"": ""False"", ""IDC_intput_mA"": 5.372, ""IN1_pin_level"": ""Low"", ""IN2_pin_level"": ""Low"", ""Node_type"": ""PS-LB"", ""Probe_mod"": 0, ""VDC_intput_V"": 0, ""Water_deep_cm"": 17.15}"
2025-09-25 15:32:09.881936364+00:00,ps-lb-14,2,-43,10.75,"{""Bat_V"": 3.594, ""Exti_pin_level"": ""Low"", ""Exti_status"": ""False"", ""IDC_intput_mA"": 5.372, ""IN1_pin_level"": ""Low"", ""IN2_pin_level"": ""Low"", ""Node_type"": ""PS-LB"", ""Probe_mod"": 0, ""VDC_intput_V"": 0, ""Water_deep_cm"": 17.15}"
2025-09-25 16:32:09.195280167+00:00,ps-lb-14,2,-40,9.25,"{""Bat_V"": 3.594, ""Exti_pin_level"": ""Low"", ""Exti_status"": ""False"", ""IDC_intput_mA"": 5.372, ""IN1_pin_level"": ""Low"", ""IN2_pin_level"": ""Low"", ""Node_type"": ""PS-LB"", ""Probe_mod"": 0, ""VDC_intput_V"": 0, ""Water_deep_cm"": 17.15}"
2025-09-25 17:32:08.519672405+00:00,ps-lb-14,2,-41,10.0,"{""Bat_V"": 3.594, ""Exti_pin_level"": ""Low"", ""Exti_status"": ""False"", ""IDC_intput_mA"": 5.372, ""IN1_pin_level"": ""Low"", ""IN2_pin_level"": ""Low"", ""Node_type"": ""PS-LB"", ""Probe_mod"": 0, ""VDC_intput_V"": 0, ""Water_deep_cm"": 17.15}"
2025-09-25 18:32:07.846272738+00:00,ps-lb-14,2,-43,9.5,"{""Bat_V"": 3.594, ""Exti_pin_level"": ""Low"", ""Exti_status"": ""False"", ""IDC_intput_mA"": 5.371, ""IN1_pin_level"": ""Low"", ""IN2_pin_level"": ""Low"", ""Node_type"": ""PS-LB"", ""Probe_mod"": 0, ""VDC_intput_V"": 0, ""Water_deep_cm"": 17.138}"
2025-09-25 19:32:07.143611043+00:00,ps-lb-14,2,-41,9.75,"{""Bat_V"": 3.594, ""Exti_pin_level"": ""Low"", ""Exti_status"": ""False"", ""IDC_intput_mA"": 5.37, ""IN1_pin_level"": ""Low"", ""IN2_pin_level"": ""Low"", ""Node_type"": ""PS-LB"", ""Probe_mod"": 0, ""VDC_intput_V"": 0, ""Water_deep_cm"": 17.125}"
2025-09-25 20:32:06.501434287+00:00,ps-lb-14,2,-41,9.75,"{""Bat_V"": 3.594, ""Exti_pin_level"": ""Low"", ""Exti_status"": ""False"", ""IDC_intput_mA"": 5.37, ""IN1_pin_level"": ""Low"", ""IN2_pin_level"": ""Low"", ""Node_type"": ""PS-LB"", ""Probe_mod"": 0, ""VDC_intput_V"": 0, ""Water_deep_cm"": 17.125}"
2025-09-25 21:32:05.799189115+00:00,ps-lb-14,2,-41,7.0,"{""Bat_V"": 3.594, ""Exti_pin_level"": ""Low"", ""Exti_status"": ""False"", ""IDC_intput_mA"": 5.37, ""IN1_pin_level"": ""Low"", ""IN2_pin_level"": ""Low"", ""Node_type"": ""PS-LB"", ""Probe_mod"": 0, ""VDC_intput_V"": 0, ""Water_deep_cm"": 17.125}"
2025-09-25 22:32:05.123122279+00:00,ps-lb-14,2,-38,8.75,"{""Bat_V"": 3.594, ""Exti_pin_level"": ""Low"", ""Exti_status"": ""False"", ""IDC_intput_mA"": 5.369, ""IN1_pin_level"": ""Low"", ""IN2_pin_level"": ""Low"", ""Node_type"": ""PS-LB"", ""Probe_mod"": 0, ""VDC_intput_V"": 0, ""Water_deep_cm"": 17.112}"
2025-09-25 23:32:04.465538485+00:00,ps-lb-14,2,-43,9.25,"{""Bat_V"": 3.594, ""Exti_pin_level"": ""Low"", ""Exti_status"": ""False"", ""IDC_intput_mA"": 5.368, ""IN1_pin_level"": ""Low"", ""IN2_pin_level"": ""Low"", ""Node_type"": ""PS-LB"", ""Probe_mod"": 0, ""VDC_intput_V"": 0, ""Water_deep_cm"": 17.1}"
2025-09-26 00:32:03.762379667+00:00,ps-lb-14,2,-41,7.75,"{""Bat_V"": 3.594, ""Exti_pin_level"": ""Low"", ""Exti_status"": ""False"", ""IDC_intput_mA"": 5.368, ""IN1_pin_level"": ""Low"", ""IN2_pin_level"": ""Low"", ""Node_type"": ""PS-LB"", ""Probe_mod"": 0, ""VDC_intput_V"": 0, ""Water_deep_cm"": 17.1}"
2025-09-26 01:32:03.100335305+00:00,ps-lb-14,2,-41,10.5,"{""Bat_V"": 3.594, ""Exti_pin_level"": ""Low"", ""Exti_status"": ""False"", ""IDC_intput_mA"": 5.367, ""IN1_pin_level"": ""Low"", ""IN2_pin_level"": ""Low"", ""Node_type"": ""PS-LB"", ""Probe_mod"": 0, ""VDC_intput_V"": 0, ""Water_deep_cm"": 17.087}"
2025-09-26 02:32:02.435296039+00:00,ps-lb-14,2,-43,9.5,"{""Bat_V"": 3.594, ""Exti_pin_level"": ""Low"", ""Exti_status"": ""False"", ""IDC_intput_mA"": 5.367, ""IN1_pin_level"": ""Low"", ""IN2_pin_level"": ""Low"", ""Node_type"": ""PS-LB"", ""Probe_mod"": 0, ""VDC_intput_V"": 0, ""Water_deep_cm"": 17.087}"
2025-09-26 03:32:01.738230678+00:00,ps-lb-14,2,-41,7.75,"{""Bat_V"": 3.594, ""Exti_pin_level"": ""Low"", ""Exti_status"": ""False"", ""IDC_intput_mA"": 5.366, ""IN1_pin_level"": ""Low"", ""IN2_pin_level"": ""Low"", ""Node_type"": ""PS-LB"", ""Probe_mod"": 0, ""VDC_intput_V"": 0, ""Water_deep_cm"": 17.075}"
2025-09-26 04:32:01.064501762+00:00,ps-lb-14,2,-39,8.25,"{""Bat_V"": 3.594, ""Exti_pin_level"": ""Low"", ""Exti_status"": ""False"", ""IDC_intput_mA"": 5.366, ""IN1_pin_level"": ""Low"", ""IN2_pin_level"": ""Low"", ""Node_type"": ""PS-LB"", ""Probe_mod"": 0, ""VDC_intput_V"": 0, ""Water_deep_cm"": 17.075}"
2025-09-26 05:32:00.408619171+00:00,ps-lb-14,2,-42,7.5,"{""Bat_V"": 3.594, ""Exti_pin_level"": ""Low"", ""Exti_status"": ""False"", ""IDC_intput_mA"": 5.366, ""IN1_pin_level"": ""Low"", ""IN2_pin_level"": ""Low"", ""Node_type"": ""PS-LB"", ""Probe_mod"": 0, ""VDC_intput_V"": 0, ""Water_deep_cm"": 17.075}"
2025-09-26 06:31:59.719061511+00:00,ps-lb-14,2,-41,10.0,"{""Bat_V"": 3.594, ""Exti_pin_level"": ""Low"", ""Exti_status"": ""False"", ""IDC_intput_mA"": 5.365, ""IN1_pin_level"": ""Low"", ""IN2_pin_level"": ""Low"", ""Node_type"": ""PS-LB"", ""Probe_mod"": 0, ""VDC_intput_V"": 0, ""Water_deep_cm"": 17.063}"
2025-09-26 07:31:59.049096394+00:00,ps-lb-14,2,-42,11.5,"{""Bat_V"": 3.594, ""Exti_pin_level"": ""Low"", ""Exti_status"": ""False"", ""IDC_intput_mA"": 5.365, ""IN1_pin_level"": ""Low"", ""IN2_pin_level"": ""Low"", ""Node_type"": ""PS-LB"", ""Probe_mod"": 0, ""VDC_intput_V"": 0, ""Water_deep_cm"": 17.063}"
2025-09-26 08:31:58.370662655+00:00,ps-lb-14,2,-119,-3.5,"{""Bat_V"": 3.594, ""Exti_pin_level"": ""Low"", ""Exti_status"": ""False"", ""IDC_intput_mA"": 5.364, ""IN1_pin_level"": ""Low"", ""IN2_pin_level"": ""Low"", ""Node_type"": ""PS-LB"", ""Probe_mod"": 0, ""VDC_intput_V"": 0, ""Water_deep_cm"": 17.05}"
2025-09-26 09:31:57.702693606+00:00,ps-lb-14,2,-39,10.0,"{""Bat_V"": 3.594, ""Exti_pin_level"": ""Low"", ""Exti_status"": ""False"", ""IDC_intput_mA"": 5.364, ""IN1_pin_level"": ""Low"", ""IN2_pin_level"": ""Low"", ""Node_type"": ""PS-LB"", ""Probe_mod"": 0, ""VDC_intput_V"": 0, ""Water_deep_cm"": 17.05}"
2025-09-26 10:31:57.006943573+00:00,ps-lb-14,2,-41,9.5,"{""Bat_V"": 3.594, ""Exti_pin_level"": ""Low"", ""Exti_status"": ""False"", ""IDC_intput_mA"": 5.364, ""IN1_pin_level"": ""Low"", ""IN2_pin_level"": ""Low"", ""Node_type"": ""PS-LB"", ""Probe_mod"": 0, ""VDC_intput_V"": 0, ""Water_deep_cm"": 17.05}"
2025-09-26 11:31:56.321213611+00:00,ps-lb-14,2,-118,-2.5,"{""Bat_V"": 3.594, ""Exti_pin_level"": ""Low"", ""Exti_status"": ""False"", ""IDC_intput_mA"": 5.364, ""IN1_pin_level"": ""Low"", ""IN2_pin_level"": ""Low"", ""Node_type"": ""PS-LB"", ""Probe_mod"": 0, ""VDC_intput_V"": 0, ""Water_deep_cm"": 17.05}"
2025-09-26 12:31:55.653705965+00:00,ps-lb-14,2,-38,8.0,"{""Bat_V"": 3.594, ""Exti_pin_level"": ""Low"", ""Exti_status"": ""False"", ""IDC_intput_mA"": 5.364, ""IN1_pin_level"": ""Low"", ""IN2_pin_level"": ""Low"", ""Node_type"": ""PS-LB"", ""Probe_mod"": 0, ""VDC_intput_V"": 0, ""Water_deep_cm"": 17.05}"
2025-09-26 13:31:54.991344082+00:00,ps-lb-14,2,-40,8.5,"{""Bat_V"": 3.594, ""Exti_pin_level"": ""Low"", ""Exti_status"": ""False"", ""IDC_intput_mA"": 5.364, ""IN1_pin_level"": ""Low"", ""IN2_pin_level"": ""Low"", ""Node_type"": ""PS-LB"", ""Probe_mod"": 0, ""VDC_intput_V"": 0, ""Water_deep_cm"": 17.05}"
2025-09-26 14:31:54.303323785+00:00,ps-lb-14,2,-123,-7.5,"{""Bat_V"": 3.594, ""Exti_pin_level"": ""Low"", ""Exti_status"": ""False"", ""IDC_intput_mA"": 5.364, ""IN1_pin_level"": ""Low"", ""IN2_pin_level"": ""Low"", ""Node_type"": ""PS-LB"", ""Probe_mod"": 0, ""VDC_intput_V"": 0, ""Water_deep_cm"": 17.05}"
2025-09-26 15:31:53.619413228+00:00,ps-lb-14,2,-43,9.25,"{""Bat_V"": 3.594, ""Exti_pin_level"": ""Low"", ""Exti_status"": ""False"", ""IDC_intput_mA"": 5.364, ""IN1_pin_level"": ""Low"", ""IN2_pin_level"": ""Low"", ""Node_type"": ""PS-LB"", ""Probe_mod"": 0, ""VDC_intput_V"": 0, ""Water_deep_cm"": 17.05}"
2025-09-26 16:31:52.932762423+00:00,ps-lb-14,2,-120,-5.0,"{""Bat_V"": 3.594, ""Exti_pin_level"": ""Low"", ""Exti_status"": ""False"", ""IDC_intput_mA"": 5.364, ""IN1_pin_level"": ""Low"", ""IN2_pin_level"": ""Low"", ""Node_type"": ""PS-LB"", ""Probe_mod"": 0, ""VDC_intput_V"": 0, ""Water_deep_cm"": 17.05}"
2025-09-26 17:31:52.268829472+00:00,ps-lb-14,2,-41,10.5,"{""Bat_V"": 3.594, ""Exti_pin_level"": ""Low"", ""Exti_status"": ""False"", ""IDC_intput_mA"": 5.364, ""IN1_pin_level"": ""Low"", ""IN2_pin_level"": ""Low"", ""Node_type"": ""PS-LB"", ""Probe_mod"": 0, ""VDC_intput_V"": 0, ""Water_deep_cm"": 17.05}"
2025-09-26 18:31:51.601736724+00:00,ps-lb-14,2,-123,-7.75,"{""Bat_V"": 3.594, ""Exti_pin_level"": ""Low"", ""Exti_status"": ""False"", ""IDC_intput_mA"": 5.364, ""IN1_pin_level"": ""Low"", ""IN2_pin_level"": ""Low"", ""Node_type"": ""PS-LB"", ""Probe_mod"": 0, ""VDC_intput_V"": 0, ""Water_deep_cm"": 17.05}"
2025-09-26 19:31:50.909915943+00:00,ps-lb-14,2,-38,9.0,"{""Bat_V"": 3.594, ""Exti_pin_level"": ""Low"", ""Exti_status"": ""False"", ""IDC_intput_mA"": 5.364, ""IN1_pin_level"": ""Low"", ""IN2_pin_level"": ""Low"", ""Node_type"": ""PS-LB"", ""Probe_mod"": 0, ""VDC_intput_V"": 0, ""Water_deep_cm"": 17.05}"
2025-09-26 20:31:50.308126251+00:00,ps-lb-14,2,-41,9.5,"{""Bat_V"": 3.594, ""Exti_pin_level"": ""Low"", ""Exti_status"": ""False"", ""IDC_intput_mA"": 5.364, ""IN1_pin_level"": ""Low"", ""IN2_pin_level"": ""Low"", ""Node_type"": ""PS-LB"", ""Probe_mod"": 0, ""VDC_intput_V"": 0, ""Water_deep_cm"": 17.05}"
2025-09-26 21:31:49.575146279+00:00,ps-lb-14,2,-41,10.5,"{""Bat_V"": 3.594, ""Exti_pin_level"": ""Low"", ""Exti_status"": ""False"", ""IDC_intput_mA"": 5.363, ""IN1_pin_level"": ""Low"", ""IN2_pin_level"": ""Low"", ""Node_type"": ""PS-LB"", ""Probe_mod"": 0, ""VDC_intput_V"": 0, ""Water_deep_cm"": 17.038}"
2025-09-26 22:31:48.893533677+00:00,ps-lb-14,2,-42,9.75,"{""Bat_V"": 3.594, ""Exti_pin_level"": ""Low"", ""Exti_status"": ""False"", ""IDC_intput_mA"": 5.363, ""IN1_pin_level"": ""Low"", ""IN2_pin_level"": ""Low"", ""Node_type"": ""PS-LB"", ""Probe_mod"": 0, ""VDC_intput_V"": 0, ""Water_deep_cm"": 17.038}"
2025-09-26 23:31:48.214834342+00:00,ps-lb-14,2,-40,9.0,"{""Bat_V"": 3.594, ""Exti_pin_level"": ""Low"", ""Exti_status"": ""False"", ""IDC_intput_mA"": 5.363, ""IN1_pin_level"": ""Low"", ""IN2_pin_level"": ""Low"", ""Node_type"": ""PS-LB"", ""Probe_mod"": 0, ""VDC_intput_V"": 0, ""Water_deep_cm"": 17.038}"
2025-09-27 00:31:47.530332235+00:00,ps-lb-14,2,-39,7.5,"{""Bat_V"": 3.594, ""Exti_pin_level"": ""Low"", ""Exti_status"": ""False"", ""IDC_intput_mA"": 5.362, ""IN1_pin_level"": ""Low"", ""IN2_pin_level"": ""Low"", ""Node_type"": ""PS-LB"", ""Probe_mod"": 0, ""VDC_intput_V"": 0, ""Water_deep_cm"": 17.025}"
2025-09-27 01:31:46.844571712+00:00,ps-lb-14,2,-41,9.5,"{""Bat_V"": 3.594, ""Exti_pin_level"": ""Low"", ""Exti_status"": ""False"", ""IDC_intput_mA"": 5.362, ""IN1_pin_level"": ""Low"", ""IN2_pin_level"": ""Low"", ""Node_type"": ""PS-LB"", ""Probe_mod"": 0, ""VDC_intput_V"": 0, ""Water_deep_cm"": 17.025}"
2025-09-27 02:31:46.172401134+00:00,ps-lb-14,2,-43,9.75,"{""Bat_V"": 3.594, ""Exti_pin_level"": ""Low"", ""Exti_status"": ""False"", ""IDC_intput_mA"": 5.362, ""IN1_pin_level"": ""Low"", ""IN2_pin_level"": ""Low"", ""Node_type"": ""PS-LB"", ""Probe_mod"": 0, ""VDC_intput_V"": 0, ""Water_deep_cm"": 17.025}"
2025-09-27 03:31:45.496769993+00:00,ps-lb-14,2,-122,-5.75,"{""Bat_V"": 3.594, ""Exti_pin_level"": ""Low"", ""Exti_status"": ""False"", ""IDC_intput_mA"": 5.362, ""IN1_pin_level"": ""Low"", ""IN2_pin_level"": ""Low"", ""Node_type"": ""PS-LB"", ""Probe_mod"": 0, ""VDC_intput_V"": 0, ""Water_deep_cm"": 17.025}"
2025-09-27 04:31:44.826206365+00:00,ps-lb-14,2,-41,9.25,"{""Bat_V"": 3.594, ""Exti_pin_level"": ""Low"", ""Exti_status"": ""False"", ""IDC_intput_mA"": 5.361, ""IN1_pin_level"": ""Low"", ""IN2_pin_level"": ""Low"", ""Node_type"": ""PS-LB"", ""Probe_mod"": 0, ""VDC_intput_V"": 0, ""Water_deep_cm"": 17.012}"
2025-09-27 05:31:44.138351744+00:00,ps-lb-14,2,-39,9.75,"{""Bat_V"": 3.594, ""Exti_pin_level"": ""Low"", ""Exti_status"": ""False"", ""IDC_intput_mA"": 5.36, ""IN1_pin_level"": ""Low"", ""IN2_pin_level"": ""Low"", ""Node_type"": ""PS-LB"", ""Probe_mod"": 0, ""VDC_intput_V"": 0, ""Water_deep_cm"": 17}"
2025-09-27 06:31:43.524968590+00:00,ps-lb-14,2,-38,9.25,"{""Bat_V"": 3.594, ""Exti_pin_level"": ""Low"", ""Exti_status"": ""False"", ""IDC_intput_mA"": 5.36, ""IN1_pin_level"": ""Low"", ""IN2_pin_level"": ""Low"", ""Node_type"": ""PS-LB"", ""Probe_mod"": 0, ""VDC_intput_V"": 0, ""Water_deep_cm"": 17}"
2025-09-27 07:31:42.813747359+00:00,ps-lb-14,2,-42,10.75,"{""Bat_V"": 3.594, ""Exti_pin_level"": ""Low"", ""Exti_status"": ""False"", ""IDC_intput_mA"": 5.36, ""IN1_pin_level"": ""Low"", ""IN2_pin_level"": ""Low"", ""Node_type"": ""PS-LB"", ""Probe_mod"": 0, ""VDC_intput_V"": 0, ""Water_deep_cm"": 17}"
2025-09-27 08:31:42.127548997+00:00,ps-lb-14,2,-42,10.25,"{""Bat_V"": 3.594, ""Exti_pin_level"": ""Low"", ""Exti_status"": ""False"", ""IDC_intput_mA"": 5.36, ""IN1_pin_level"": ""Low"", ""IN2_pin_level"": ""Low"", ""Node_type"": ""PS-LB"", ""Probe_mod"": 0, ""VDC_intput_V"": 0, ""Water_deep_cm"": 17}"
2025-09-27 09:31:41.431166720+00:00,ps-lb-14,2,-38,8.5,"{""Bat_V"": 3.594, ""Exti_pin_level"": ""Low"", ""Exti_status"": ""False"", ""IDC_intput_mA"": 5.36, ""IN1_pin_level"": ""Low"", ""IN2_pin_level"": ""Low"", ""Node_type"": ""PS-LB"", ""Probe_mod"": 0, ""VDC_intput_V"": 0, ""Water_deep_cm"": 17}"
2025-09-27 10:31:40.776574291+00:00,ps-lb-14,2,-43,10.75,"{""Bat_V"": 3.594, ""Exti_pin_level"": ""Low"", ""Exti_status"": ""False"", ""IDC_intput_mA"": 5.359, ""IN1_pin_level"": ""Low"", ""IN2_pin_level"": ""Low"", ""Node_type"": ""PS-LB"", ""Probe_mod"": 0, ""VDC_intput_V"": 0, ""Water_deep_cm"": 16.988}"
2025-09-27 11:31:40.086014672+00:00,ps-lb-14,2,-38,7.5,"{""Bat_V"": 3.594, ""Exti_pin_level"": ""Low"", ""Exti_status"": ""False"", ""IDC_intput_mA"": 5.359, ""IN1_pin_level"": ""Low"", ""IN2_pin_level"": ""Low"", ""Node_type"": ""PS-LB"", ""Probe_mod"": 0, ""VDC_intput_V"": 0, ""Water_deep_cm"": 16.988}"
2025-09-27 12:31:39.413398807+00:00,ps-lb-14,2,-39,7.75,"{""Bat_V"": 3.594, ""Exti_pin_level"": ""Low"", ""Exti_status"": ""False"", ""IDC_intput_mA"": 5.359, ""IN1_pin_level"": ""Low"", ""IN2_pin_level"": ""Low"", ""Node_type"": ""PS-LB"", ""Probe_mod"": 0, ""VDC_intput_V"": 0, ""Water_deep_cm"": 16.988}"
2025-09-27 13:31:38.744160100+00:00,ps-lb-14,2,-39,8.0,"{""Bat_V"": 3.594, ""Exti_pin_level"": ""Low"", ""Exti_status"": ""False"", ""IDC_intput_mA"": 5.358, ""IN1_pin_level"": ""Low"", ""IN2_pin_level"": ""Low"", ""Node_type"": ""PS-LB"", ""Probe_mod"": 0, ""VDC_intput_V"": 0, ""Water_deep_cm"": 16.975}"
2025-09-27 14:31:38.076847102+00:00,ps-lb-14,2,-41,9.25,"{""Bat_V"": 3.594, ""Exti_pin_level"": ""Low"", ""Exti_status"": ""False"", ""IDC_intput_mA"": 5.358, ""IN1_pin_level"": ""Low"", ""IN2_pin_level"": ""Low"", ""Node_type"": ""PS-LB"", ""Probe_mod"": 0, ""VDC_intput_V"": 0, ""Water_deep_cm"": 16.975}"
2025-09-27 15:31:37.398428940+00:00,ps-lb-14,2,-41,9.0,"{""Bat_V"": 3.594, ""Exti_pin_level"": ""Low"", ""Exti_status"": ""False"", ""IDC_intput_mA"": 5.358, ""IN1_pin_level"": ""Low"", ""IN2_pin_level"": ""Low"", ""Node_type"": ""PS-LB"", ""Probe_mod"": 0, ""VDC_intput_V"": 0, ""Water_deep_cm"": 16.975}"
2025-09-27 16:31:36.714382390+00:00,ps-lb-14,2,-42,9.5,"{""Bat_V"": 3.594, ""Exti_pin_level"": ""Low"", ""Exti_status"": ""False"", ""IDC_intput_mA"": 5.358, ""IN1_pin_level"": ""Low"", ""IN2_pin_level"": ""Low"", ""Node_type"": ""PS-LB"", ""Probe_mod"": 0, ""VDC_intput_V"": 0, ""Water_deep_cm"": 16.975}"
2025-09-27 17:31:36.029420915+00:00,ps-lb-14,2,-41,9.75,"{""Bat_V"": 3.594, ""Exti_pin_level"": ""Low"", ""Exti_status"": ""False"", ""IDC_intput_mA"": 5.358, ""IN1_pin_level"": ""Low"", ""IN2_pin_level"": ""Low"", ""Node_type"": ""PS-LB"", ""Probe_mod"": 0, ""VDC_intput_V"": 0, ""Water_deep_cm"": 16.975}"
2025-09-27 18:31:35.369347697+00:00,ps-lb-14,2,-44,10.5,"{""Bat_V"": 3.594, ""Exti_pin_level"": ""Low"", ""Exti_status"": ""False"", ""IDC_intput_mA"": 5.358, ""IN1_pin_level"": ""Low"", ""IN2_pin_level"": ""Low"", ""Node_type"": ""PS-LB"", ""Probe_mod"": 0, ""VDC_intput_V"": 0, ""Water_deep_cm"": 16.975}"
2025-09-27 19:31:34.690760389+00:00,ps-lb-14,2,-39,7.5,"{""Bat_V"": 3.594, ""Exti_pin_level"": ""Low"", ""Exti_status"": ""False"", ""IDC_intput_mA"": 5.357, ""IN1_pin_level"": ""Low"", ""IN2_pin_level"": ""Low"", ""Node_type"": ""PS-LB"", ""Probe_mod"": 0, ""VDC_intput_V"": 0, ""Water_deep_cm"": 16.963}"
2025-09-27 20:31:34.015251942+00:00,ps-lb-14,2,-124,-8.25,"{""Bat_V"": 3.594, ""Exti_pin_level"": ""Low"", ""Exti_status"": ""False"", ""IDC_intput_mA"": 5.357, ""IN1_pin_level"": ""Low"", ""IN2_pin_level"": ""Low"", ""Node_type"": ""PS-LB"", ""Probe_mod"": 0, ""VDC_intput_V"": 0, ""Water_deep_cm"": 16.963}"
2025-09-27 21:31:33.334796659+00:00,ps-lb-14,2,-41,9.75,"{""Bat_V"": 3.594, ""Exti_pin_level"": ""Low"", ""Exti_status"": ""False"", ""IDC_intput_mA"": 5.357, ""IN1_pin_level"": ""Low"", ""IN2_pin_level"": ""Low"", ""Node_type"": ""PS-LB"", ""Probe_mod"": 0, ""VDC_intput_V"": 0, ""Water_deep_cm"": 16.963}"
2025-09-27 22:31:32.669291308+00:00,ps-lb-14,2,-41,9.25,"{""Bat_V"": 3.594, ""Exti_pin_level"": ""Low"", ""Exti_status"": ""False"", ""IDC_intput_mA"": 5.357, ""IN1_pin_level"": ""Low"", ""IN2_pin_level"": ""Low"", ""Node_type"": ""PS-LB"", ""Probe_mod"": 0, ""VDC_intput_V"": 0, ""Water_deep_cm"": 16.963}"
2025-09-27 23:31:31.998428799+00:00,ps-lb-14,2,-42,10.0,"{""Bat_V"": 3.594, ""Exti_pin_level"": ""Low"", ""Exti_status"": ""False"", ""IDC_intput_mA"": 5.357, ""IN1_pin_level"": ""Low"", ""IN2_pin_level"": ""Low"", ""Node_type"": ""PS-LB"", ""Probe_mod"": 0, ""VDC_intput_V"": 0, ""Water_deep_cm"": 16.963}"
2025-09-28 00:31:31.301591927+00:00,ps-lb-14,2,-40,10.5,"{""Bat_V"": 3.594, ""Exti_pin_level"": ""Low"", ""Exti_status"": ""False"", ""IDC_intput_mA"": 5.357, ""IN1_pin_level"": ""Low"", ""IN2_pin_level"": ""Low"", ""Node_type"": ""PS-LB"", ""Probe_mod"": 0, ""VDC_intput_V"": 0, ""Water_deep_cm"": 16.963}"
2025-09-28 01:31:30.632457268+00:00,ps-lb-14,2,-41,10.25,"{""Bat_V"": 3.594, ""Exti_pin_level"": ""Low"", ""Exti_status"": ""False"", ""IDC_intput_mA"": 5.357, ""IN1_pin_level"": ""Low"", ""IN2_pin_level"": ""Low"", ""Node_type"": ""PS-LB"", ""Probe_mod"": 0, ""VDC_intput_V"": 0, ""Water_deep_cm"": 16.963}"
2025-09-28 02:31:29.960777822+00:00,ps-lb-14,2,-43,9.5,"{""Bat_V"": 3.594, ""Exti_pin_level"": ""Low"", ""Exti_status"": ""False"", ""IDC_intput_mA"": 5.357, ""IN1_pin_level"": ""Low"", ""IN2_pin_level"": ""Low"", ""Node_type"": ""PS-LB"", ""Probe_mod"": 0, ""VDC_intput_V"": 0, ""Water_deep_cm"": 16.963}"
2025-09-28 03:31:29.294515476+00:00,ps-lb-14,2,-41,7.75,"{""Bat_V"": 3.594, ""Exti_pin_level"": ""Low"", ""Exti_status"": ""False"", ""IDC_intput_mA"": 5.356, ""IN1_pin_level"": ""Low"", ""IN2_pin_level"": ""Low"", ""Node_type"": ""PS-LB"", ""Probe_mod"": 0, ""VDC_intput_V"": 0, ""Water_deep_cm"": 16.95}"
2025-09-28 04:31:28.616532668+00:00,ps-lb-14,2,-38,9.25,"{""Bat_V"": 3.594, ""Exti_pin_level"": ""Low"", ""Exti_status"": ""False"", ""IDC_intput_mA"": 5.356, ""IN1_pin_level"": ""Low"", ""IN2_pin_level"": ""Low"", ""Node_type"": ""PS-LB"", ""Probe_mod"": 0, ""VDC_intput_V"": 0, ""Water_deep_cm"": 16.95}"
2025-09-28 05:31:27.930873494+00:00,ps-lb-14,2,-41,9.5,"{""Bat_V"": 3.594, ""Exti_pin_level"": ""Low"", ""Exti_status"": ""False"", ""IDC_intput_mA"": 5.356, ""IN1_pin_level"": ""Low"", ""IN2_pin_level"": ""Low"", ""Node_type"": ""PS-LB"", ""Probe_mod"": 0, ""VDC_intput_V"": 0, ""Water_deep_cm"": 16.95}"
2025-09-28 06:31:27.237035445+00:00,ps-lb-14,2,-39,9.25,"{""Bat_V"": 3.594, ""Exti_pin_level"": ""Low"", ""Exti_status"": ""False"", ""IDC_intput_mA"": 5.355, ""IN1_pin_level"": ""Low"", ""IN2_pin_level"": ""Low"", ""Node_type"": ""PS-LB"", ""Probe_mod"": 0, ""VDC_intput_V"": 0, ""Water_deep_cm"": 16.938}"
2025-09-28 07:31:26.569696485+00:00,ps-lb-14,2,-122,-6.25,"{""Bat_V"": 3.594, ""Exti_pin_level"": ""Low"", ""Exti_status"": ""False"", ""IDC_intput_mA"": 5.355, ""IN1_pin_level"": ""Low"", ""IN2_pin_level"": ""Low"", ""Node_type"": ""PS-LB"", ""Probe_mod"": 0, ""VDC_intput_V"": 0, ""Water_deep_cm"": 16.938}"
2025-09-28 08:31:25.915374648+00:00,ps-lb-14,2,-39,9.25,"{""Bat_V"": 3.594, ""Exti_pin_level"": ""Low"", ""Exti_status"": ""False"", ""IDC_intput_mA"": 5.355, ""IN1_pin_level"": ""Low"", ""IN2_pin_level"": ""Low"", ""Node_type"": ""PS-LB"", ""Probe_mod"": 0, ""VDC_intput_V"": 0, ""Water_deep_cm"": 16.938}"
2025-09-28 09:31:25.241597302+00:00,ps-lb-14,2,-41,9.5,"{""Bat_V"": 3.594, ""Exti_pin_level"": ""Low"", ""Exti_status"": ""False"", ""IDC_intput_mA"": 5.355, ""IN1_pin_level"": ""Low"", ""IN2_pin_level"": ""Low"", ""Node_type"": ""PS-LB"", ""Probe_mod"": 0, ""VDC_intput_V"": 0, ""Water_deep_cm"": 16.938}"
2025-09-28 10:31:24.548686725+00:00,ps-lb-14,2,-118,-1.5,"{""Bat_V"": 3.594, ""Exti_pin_level"": ""Low"", ""Exti_status"": ""False"", ""IDC_intput_mA"": 5.355, ""IN1_pin_level"": ""Low"", ""IN2_pin_level"": ""Low"", ""Node_type"": ""PS-LB"", ""Probe_mod"": 0, ""VDC_intput_V"": 0, ""Water_deep_cm"": 16.938}"
2025-09-28 11:31:23.892370568+00:00,ps-lb-14,2,-119,-3.5,"{""Bat_V"": 3.594, ""Exti_pin_level"": ""Low"", ""Exti_status"": ""False"", ""IDC_intput_mA"": 5.355, ""IN1_pin_level"": ""Low"", ""IN2_pin_level"": ""Low"", ""Node_type"": ""PS-LB"", ""Probe_mod"": 0, ""VDC_intput_V"": 0, ""Water_deep_cm"": 16.938}"
2025-09-28 12:31:23.214607443+00:00,ps-lb-14,2,-39,7.5,"{""Bat_V"": 3.594, ""Exti_pin_level"": ""Low"", ""Exti_status"": ""False"", ""IDC_intput_mA"": 5.355, ""IN1_pin_level"": ""Low"", ""IN2_pin_level"": ""Low"", ""Node_type"": ""PS-LB"", ""Probe_mod"": 0, ""VDC_intput_V"": 0, ""Water_deep_cm"": 16.938}"
2025-09-28 13:31:22.534566121+00:00,ps-lb-14,2,-43,9.5,"{""Bat_V"": 3.594, ""Exti_pin_level"": ""Low"", ""Exti_status"": ""False"", ""IDC_intput_mA"": 5.355, ""IN1_pin_level"": ""Low"", ""IN2_pin_level"": ""Low"", ""Node_type"": ""PS-LB"", ""Probe_mod"": 0, ""VDC_intput_V"": 0, ""Water_deep_cm"": 16.938}"
2025-09-28 14:31:21.848901022+00:00,ps-lb-14,2,-122,-6.25,"{""Bat_V"": 3.594, ""Exti_pin_level"": ""Low"", ""Exti_status"": ""False"", ""IDC_intput_mA"": 5.355, ""IN1_pin_level"": ""Low"", ""IN2_pin_level"": ""Low"", ""Node_type"": ""PS-LB"", ""Probe_mod"": 0, ""VDC_intput_V"": 0, ""Water_deep_cm"": 16.938}"
2025-09-28 15:31:21.183053493+00:00,ps-lb-14,2,-41,10.0,"{""Bat_V"": 3.594, ""Exti_pin_level"": ""Low"", ""Exti_status"": ""False"", ""IDC_intput_mA"": 5.354, ""IN1_pin_level"": ""Low"", ""IN2_pin_level"": ""Low"", ""Node_type"": ""PS-LB"", ""Probe_mod"": 0, ""VDC_intput_V"": 0, ""Water_deep_cm"": 16.925}"
2025-09-28 16:31:20.506472653+00:00,ps-lb-14,2,-41,7.25,"{""Bat_V"": 3.594, ""Exti_pin_level"": ""Low"", ""Exti_status"": ""False"", ""IDC_intput_mA"": 5.355, ""IN1_pin_level"": ""Low"", ""IN2_pin_level"": ""Low"", ""Node_type"": ""PS-LB"", ""Probe_mod"": 0, ""VDC_intput_V"": 0, ""Water_deep_cm"": 16.938}"
2025-09-28 17:31:19.844864762+00:00,ps-lb-14,2,-41,9.75,"{""Bat_V"": 3.594, ""Exti_pin_level"": ""Low"", ""Exti_status"": ""False"", ""IDC_intput_mA"": 5.355, ""IN1_pin_level"": ""Low"", ""IN2_pin_level"": ""Low"", ""Node_type"": ""PS-LB"", ""Probe_mod"": 0, ""VDC_intput_V"": 0, ""Water_deep_cm"": 16.938}"
2025-09-28 18:31:19.146033190+00:00,ps-lb-14,2,-43,10.0,"{""Bat_V"": 3.594, ""Exti_pin_level"": ""Low"", ""Exti_status"": ""False"", ""IDC_intput_mA"": 5.355, ""IN1_pin_level"": ""Low"", ""IN2_pin_level"": ""Low"", ""Node_type"": ""PS-LB"", ""Probe_mod"": 0, ""VDC_intput_V"": 0, ""Water_deep_cm"": 16.938}"
2025-09-28 19:31:18.462119393+00:00,ps-lb-14,2,-39,7.25,"{""Bat_V"": 3.594, ""Exti_pin_level"": ""Low"", ""Exti_status"": ""False"", ""IDC_intput_mA"": 5.355, ""IN1_pin_level"": ""Low"", ""IN2_pin_level"": ""Low"", ""Node_type"": ""PS-LB"", ""Probe_mod"": 0, ""VDC_intput_V"": 0, ""Water_deep_cm"": 16.938}"
2025-09-28 20:31:17.791256412+00:00,ps-lb-14,2,-41,7.0,"{""Bat_V"": 3.594, ""Exti_pin_level"": ""Low"", ""Exti_status"": ""False"", ""IDC_intput_mA"": 5.355, ""IN1_pin_level"": ""Low"", ""IN2_pin_level"": ""Low"", ""Node_type"": ""PS-LB"", ""Probe_mod"": 0, ""VDC_intput_V"": 0, ""Water_deep_cm"": 16.938}"
2025-09-28 21:31:17.124178496+00:00,ps-lb-14,2,-41,7.75,"{""Bat_V"": 3.594, ""Exti_pin_level"": ""Low"", ""Exti_status"": ""False"", ""IDC_intput_mA"": 5.355, ""IN1_pin_level"": ""Low"", ""IN2_pin_level"": ""Low"", ""Node_type"": ""PS-LB"", ""Probe_mod"": 0, ""VDC_intput_V"": 0, ""Water_deep_cm"": 16.938}"
2025-09-28 22:31:16.434377977+00:00,ps-lb-14,2,-41,10.5,"{""Bat_V"": 3.594, ""Exti_pin_level"": ""Low"", ""Exti_status"": ""False"", ""IDC_intput_mA"": 5.355, ""IN1_pin_level"": ""Low"", ""IN2_pin_level"": ""Low"", ""Node_type"": ""PS-LB"", ""Probe_mod"": 0, ""VDC_intput_V"": 0, ""Water_deep_cm"": 16.938}"
2025-09-28 23:31:15.757998287+00:00,ps-lb-14,2,-44,10.0,"{""Bat_V"": 3.594, ""Exti_pin_level"": ""Low"", ""Exti_status"": ""False"", ""IDC_intput_mA"": 5.354, ""IN1_pin_level"": ""Low"", ""IN2_pin_level"": ""Low"", ""Node_type"": ""PS-LB"", ""Probe_mod"": 0, ""VDC_intput_V"": 0, ""Water_deep_cm"": 16.925}"
2025-09-29 00:31:15.082005693+00:00,ps-lb-14,2,-41,9.25,"{""Bat_V"": 3.594, ""Exti_pin_level"": ""Low"", ""Exti_status"": ""False"", ""IDC_intput_mA"": 5.354, ""IN1_pin_level"": ""Low"", ""IN2_pin_level"": ""Low"", ""Node_type"": ""PS-LB"", ""Probe_mod"": 0, ""VDC_intput_V"": 0, ""Water_deep_cm"": 16.925}"
2025-09-29 01:31:14.438110100+00:00,ps-lb-14,2,-41,9.75,"{""Bat_V"": 3.594, ""Exti_pin_level"": ""Low"", ""Exti_status"": ""False"", ""IDC_intput_mA"": 5.353, ""IN1_pin_level"": ""Low"", ""IN2_pin_level"": ""Low"", ""Node_type"": ""PS-LB"", ""Probe_mod"": 0, ""VDC_intput_V"": 0, ""Water_deep_cm"": 16.912}"
2025-09-29 02:31:13.726635981+00:00,ps-lb-14,2,-42,10.0,"{""Bat_V"": 3.594, ""Exti_pin_level"": ""Low"", ""Exti_status"": ""False"", ""IDC_intput_mA"": 5.353, ""IN1_pin_level"": ""Low"", ""IN2_pin_level"": ""Low"", ""Node_type"": ""PS-LB"", ""Probe_mod"": 0, ""VDC_intput_V"": 0, ""Water_deep_cm"": 16.912}"
2025-09-29 03:31:13.061311623+00:00,ps-lb-14,2,-38,8.0,"{""Bat_V"": 3.594, ""Exti_pin_level"": ""Low"", ""Exti_status"": ""False"", ""IDC_intput_mA"": 5.353, ""IN1_pin_level"": ""Low"", ""IN2_pin_level"": ""Low"", ""Node_type"": ""PS-LB"", ""Probe_mod"": 0, ""VDC_intput_V"": 0, ""Water_deep_cm"": 16.912}"
2025-09-29 04:31:12.401830902+00:00,ps-lb-14,2,-38,9.0,"{""Bat_V"": 3.594, ""Exti_pin_level"": ""Low"", ""Exti_status"": ""False"", ""IDC_intput_mA"": 5.353, ""IN1_pin_level"": ""Low"", ""IN2_pin_level"": ""Low"", ""Node_type"": ""PS-LB"", ""Probe_mod"": 0, ""VDC_intput_V"": 0, ""Water_deep_cm"": 16.912}"
2025-09-29 05:31:11.715240779+00:00,ps-lb-14,2,-41,10.25,"{""Bat_V"": 3.594, ""Exti_pin_level"": ""Low"", ""Exti_status"": ""False"", ""IDC_intput_mA"": 5.353, ""IN1_pin_level"": ""Low"", ""IN2_pin_level"": ""Low"", ""Node_type"": ""PS-LB"", ""Probe_mod"": 0, ""VDC_intput_V"": 0, ""Water_deep_cm"": 16.912}"
2025-09-29 06:31:11.060799344+00:00,ps-lb-14,2,-39,9.25,"{""Bat_V"": 3.594, ""Exti_pin_level"": ""Low"", ""Exti_status"": ""False"", ""IDC_intput_mA"": 5.352, ""IN1_pin_level"": ""Low"", ""IN2_pin_level"": ""Low"", ""Node_type"": ""PS-LB"", ""Probe_mod"": 0, ""VDC_intput_V"": 0, ""Water_deep_cm"": 16.9}"
2025-09-29 07:31:10.364163787+00:00,ps-lb-14,2,-122,-7.25,"{""Bat_V"": 3.594, ""Exti_pin_level"": ""Low"", ""Exti_status"": ""False"", ""IDC_intput_mA"": 5.352, ""IN1_pin_level"": ""Low"", ""IN2_pin_level"": ""Low"", ""Node_type"": ""PS-LB"", ""Probe_mod"": 0, ""VDC_intput_V"": 0, ""Water_deep_cm"": 16.9}"
2025-09-29 08:31:09.671470246+00:00,ps-lb-14,2,-119,-6.5,"{""Bat_V"": 3.594, ""Exti_pin_level"": ""Low"", ""Exti_status"": ""False"", ""IDC_intput_mA"": 5.351, ""IN1_pin_level"": ""Low"", ""IN2_pin_level"": ""Low"", ""Node_type"": ""PS-LB"", ""Probe_mod"": 0, ""VDC_intput_V"": 0, ""Water_deep_cm"": 16.887}"
2025-09-29 09:31:09.029367095+00:00,ps-lb-14,2,-39,9.25,"{""Bat_V"": 3.594, ""Exti_pin_level"": ""Low"", ""Exti_status"": ""False"", ""IDC_intput_mA"": 5.351, ""IN1_pin_level"": ""Low"", ""IN2_pin_level"": ""Low"", ""Node_type"": ""PS-LB"", ""Probe_mod"": 0, ""VDC_intput_V"": 0, ""Water_deep_cm"": 16.887}"
2025-09-29 10:31:08.340807053+00:00,ps-lb-14,2,-43,10.5,"{""Bat_V"": 3.594, ""Exti_pin_level"": ""Low"", ""Exti_status"": ""False"", ""IDC_intput_mA"": 5.351, ""IN1_pin_level"": ""Low"", ""IN2_pin_level"": ""Low"", ""Node_type"": ""PS-LB"", ""Probe_mod"": 0, ""VDC_intput_V"": 0, ""Water_deep_cm"": 16.887}"
2025-09-29 11:31:07.675160431+00:00,ps-lb-14,2,-41,7.5,"{""Bat_V"": 3.594, ""Exti_pin_level"": ""Low"", ""Exti_status"": ""False"", ""IDC_intput_mA"": 5.351, ""IN1_pin_level"": ""Low"", ""IN2_pin_level"": ""Low"", ""Node_type"": ""PS-LB"", ""Probe_mod"": 0, ""VDC_intput_V"": 0, ""Water_deep_cm"": 16.887}"
2025-09-29 12:31:06.992988443+00:00,ps-lb-14,2,-41,9.25,"{""Bat_V"": 3.594, ""Exti_pin_level"": ""Low"", ""Exti_status"": ""False"", ""IDC_intput_mA"": 5.351, ""IN1_pin_level"": ""Low"", ""IN2_pin_level"": ""Low"", ""Node_type"": ""PS-LB"", ""Probe_mod"": 0, ""VDC_intput_V"": 0, ""Water_deep_cm"": 16.887}"
2025-09-29 13:31:06.292649682+00:00,ps-lb-14,2,-41,10.25,"{""Bat_V"": 3.594, ""Exti_pin_level"": ""Low"", ""Exti_status"": ""False"", ""IDC_intput_mA"": 5.351, ""IN1_pin_level"": ""Low"", ""IN2_pin_level"": ""Low"", ""Node_type"": ""PS-LB"", ""Probe_mod"": 0, ""VDC_intput_V"": 0, ""Water_deep_cm"": 16.887}"
2025-09-29 14:31:05.624607688+00:00,ps-lb-14,2,-41,9.5,"{""Bat_V"": 3.594, ""Exti_pin_level"": ""Low"", ""Exti_status"": ""False"", ""IDC_intput_mA"": 5.352, ""IN1_pin_level"": ""Low"", ""IN2_pin_level"": ""Low"", ""Node_type"": ""PS-LB"", ""Probe_mod"": 0, ""VDC_intput_V"": 0, ""Water_deep_cm"": 16.9}"
2025-09-29 15:31:04.950384368+00:00,ps-lb-14,2,-41,9.0,"{""Bat_V"": 3.594, ""Exti_pin_level"": ""Low"", ""Exti_status"": ""False"", ""IDC_intput_mA"": 5.352, ""IN1_pin_level"": ""Low"", ""IN2_pin_level"": ""Low"", ""Node_type"": ""PS-LB"", ""Probe_mod"": 0, ""VDC_intput_V"": 0, ""Water_deep_cm"": 16.9}"
2025-09-29 16:31:04.265312172+00:00,ps-lb-14,2,-41,7.75,"{""Bat_V"": 3.594, ""Exti_pin_level"": ""Low"", ""Exti_status"": ""False"", ""IDC_intput_mA"": 5.352, ""IN1_pin_level"": ""Low"", ""IN2_pin_level"": ""Low"", ""Node_type"": ""PS-LB"", ""Probe_mod"": 0, ""VDC_intput_V"": 0, ""Water_deep_cm"": 16.9}"
2025-09-29 17:31:03.598132140+00:00,ps-lb-14,2,-38,9.25,"{""Bat_V"": 3.594, ""Exti_pin_level"": ""Low"", ""Exti_status"": ""False"", ""IDC_intput_mA"": 5.352, ""IN1_pin_level"": ""Low"", ""IN2_pin_level"": ""Low"", ""Node_type"": ""PS-LB"", ""Probe_mod"": 0, ""VDC_intput_V"": 0, ""Water_deep_cm"": 16.9}"
2025-09-29 18:31:02.918295050+00:00,ps-lb-14,2,-43,9.75,"{""Bat_V"": 3.594, ""Exti_pin_level"": ""Low"", ""Exti_status"": ""False"", ""IDC_intput_mA"": 5.353, ""IN1_pin_level"": ""Low"", ""IN2_pin_level"": ""Low"", ""Node_type"": ""PS-LB"", ""Probe_mod"": 0, ""VDC_intput_V"": 0, ""Water_deep_cm"": 16.912}"
2025-09-29 19:31:02.233918594+00:00,ps-lb-14,2,-38,7.5,"{""Bat_V"": 3.594, ""Exti_pin_level"": ""Low"", ""Exti_status"": ""False"", ""IDC_intput_mA"": 5.353, ""IN1_pin_level"": ""Low"", ""IN2_pin_level"": ""Low"", ""Node_type"": ""PS-LB"", ""Probe_mod"": 0, ""VDC_intput_V"": 0, ""Water_deep_cm"": 16.912}"
2025-09-29 20:31:01.553150158+00:00,ps-lb-14,2,-41,9.25,"{""Bat_V"": 3.594, ""Exti_pin_level"": ""Low"", ""Exti_status"": ""False"", ""IDC_intput_mA"": 5.353, ""IN1_pin_level"": ""Low"", ""IN2_pin_level"": ""Low"", ""Node_type"": ""PS-LB"", ""Probe_mod"": 0, ""VDC_intput_V"": 0, ""Water_deep_cm"": 16.912}"
2025-09-29 21:31:00.887545046+00:00,ps-lb-14,2,-41,7.75,"{""Bat_V"": 3.594, ""Exti_pin_level"": ""Low"", ""Exti_status"": ""False"", ""IDC_intput_mA"": 5.353, ""IN1_pin_level"": ""Low"", ""IN2_pin_level"": ""Low"", ""Node_type"": ""PS-LB"", ""Probe_mod"": 0, ""VDC_intput_V"": 0, ""Water_deep_cm"": 16.912}"
2025-09-29 22:31:00.198439570+00:00,ps-lb-14,2,-123,-6.75,"{""Bat_V"": 3.594, ""Exti_pin_level"": ""Low"", ""Exti_status"": ""False"", ""IDC_intput_mA"": 5.353, ""IN1_pin_level"": ""Low"", ""IN2_pin_level"": ""Low"", ""Node_type"": ""PS-LB"", ""Probe_mod"": 0, ""VDC_intput_V"": 0, ""Water_deep_cm"": 16.912}"
2025-09-29 23:30:59.521339171+00:00,ps-lb-14,2,-40,9.5,"{""Bat_V"": 3.594, ""Exti_pin_level"": ""Low"", ""Exti_status"": ""False"", ""IDC_intput_mA"": 5.353, ""IN1_pin_level"": ""Low"", ""IN2_pin_level"": ""Low"", ""Node_type"": ""PS-LB"", ""Probe_mod"": 0, ""VDC_intput_V"": 0, ""Water_deep_cm"": 16.912}"
2025-09-30 00:30:58.854747513+00:00,ps-lb-14,2,-119,-3.75,"{""Bat_V"": 3.594, ""Exti_pin_level"": ""Low"", ""Exti_status"": ""False"", ""IDC_intput_mA"": 5.353, ""IN1_pin_level"": ""Low"", ""IN2_pin_level"": ""Low"", ""Node_type"": ""PS-LB"", ""Probe_mod"": 0, ""VDC_intput_V"": 0, ""Water_deep_cm"": 16.912}"
2025-09-30 01:30:58.201016536+00:00,ps-lb-14,2,-39,10.25,"{""Bat_V"": 3.594, ""Exti_pin_level"": ""Low"", ""Exti_status"": ""False"", ""IDC_intput_mA"": 5.353, ""IN1_pin_level"": ""Low"", ""IN2_pin_level"": ""Low"", ""Node_type"": ""PS-LB"", ""Probe_mod"": 0, ""VDC_intput_V"": 0, ""Water_deep_cm"": 16.912}"
2025-09-30 02:30:57.509311030+00:00,ps-lb-14,2,-121,-6.5,"{""Bat_V"": 3.594, ""Exti_pin_level"": ""Low"", ""Exti_status"": ""False"", ""IDC_intput_mA"": 5.353, ""IN1_pin_level"": ""Low"", ""IN2_pin_level"": ""Low"", ""Node_type"": ""PS-LB"", ""Probe_mod"": 0, ""VDC_intput_V"": 0, ""Water_deep_cm"": 16.912}"
2025-09-30 03:30:56.834735387+00:00,ps-lb-14,2,-39,10.25,"{""Bat_V"": 3.594, ""Exti_pin_level"": ""Low"", ""Exti_status"": ""False"", ""IDC_intput_mA"": 5.353, ""IN1_pin_level"": ""Low"", ""IN2_pin_level"": ""Low"", ""Node_type"": ""PS-LB"", ""Probe_mod"": 0, ""VDC_intput_V"": 0, ""Water_deep_cm"": 16.912}"
2025-09-30 04:30:56.153046246+00:00,ps-lb-14,2,-41,9.5,"{""Bat_V"": 3.594, ""Exti_pin_level"": ""Low"", ""Exti_status"": ""False"", ""IDC_intput_mA"": 5.352, ""IN1_pin_level"": ""Low"", ""IN2_pin_level"": ""Low"", ""Node_type"": ""PS-LB"", ""Probe_mod"": 0, ""VDC_intput_V"": 0, ""Water_deep_cm"": 16.9}"
2025-09-30 05:30:55.453829205+00:00,ps-lb-14,2,-121,-4.0,"{""Bat_V"": 3.594, ""Exti_pin_level"": ""Low"", ""Exti_status"": ""False"", ""IDC_intput_mA"": 5.352, ""IN1_pin_level"": ""Low"", ""IN2_pin_level"": ""Low"", ""Node_type"": ""PS-LB"", ""Probe_mod"": 0, ""VDC_intput_V"": 0, ""Water_deep_cm"": 16.9}"
2025-09-30 06:30:54.789403317+00:00,ps-lb-14,2,-123,-7.25,"{""Bat_V"": 3.594, ""Exti_pin_level"": ""Low"", ""Exti_status"": ""False"", ""IDC_intput_mA"": 5.352, ""IN1_pin_level"": ""Low"", ""IN2_pin_level"": ""Low"", ""Node_type"": ""PS-LB"", ""Probe_mod"": 0, ""VDC_intput_V"": 0, ""Water_deep_cm"": 16.9}"
2025-09-30 07:30:54.123737470+00:00,ps-lb-14,2,-42,10.0,"{""Bat_V"": 3.594, ""Exti_pin_level"": ""Low"", ""Exti_status"": ""False"", ""IDC_intput_mA"": 5.352, ""IN1_pin_level"": ""Low"", ""IN2_pin_level"": ""Low"", ""Node_type"": ""PS-LB"", ""Probe_mod"": 0, ""VDC_intput_V"": 0, ""Water_deep_cm"": 16.9}"
2025-09-30 08:30:53.453248285+00:00,ps-lb-14,2,-41,8.0,"{""Bat_V"": 3.594, ""Exti_pin_level"": ""Low"", ""Exti_status"": ""False"", ""IDC_intput_mA"": 5.352, ""IN1_pin_level"": ""Low"", ""IN2_pin_level"": ""Low"", ""Node_type"": ""PS-LB"", ""Probe_mod"": 0, ""VDC_intput_V"": 0, ""Water_deep_cm"": 16.9}"
2025-09-30 09:30:52.761870002+00:00,ps-lb-14,2,-41,9.5,"{""Bat_V"": 3.594, ""Exti_pin_level"": ""Low"", ""Exti_status"": ""False"", ""IDC_intput_mA"": 5.351, ""IN1_pin_level"": ""Low"", ""IN2_pin_level"": ""Low"", ""Node_type"": ""PS-LB"", ""Probe_mod"": 0, ""VDC_intput_V"": 0, ""Water_deep_cm"": 16.887}"
2025-09-30 10:30:52.094173253+00:00,ps-lb-14,2,-41,9.5,"{""Bat_V"": 3.594, ""Exti_pin_level"": ""Low"", ""Exti_status"": ""False"", ""IDC_intput_mA"": 5.352, ""IN1_pin_level"": ""Low"", ""IN2_pin_level"": ""Low"", ""Node_type"": ""PS-LB"", ""Probe_mod"": 0, ""VDC_intput_V"": 0, ""Water_deep_cm"": 16.9}"
2025-09-30 11:30:51.405734352+00:00,ps-lb-14,2,-39,7.0,"{""Bat_V"": 3.594, ""Exti_pin_level"": ""Low"", ""Exti_status"": ""False"", ""IDC_intput_mA"": 5.352, ""IN1_pin_level"": ""Low"", ""IN2_pin_level"": ""Low"", ""Node_type"": ""PS-LB"", ""Probe_mod"": 0, ""VDC_intput_V"": 0, ""Water_deep_cm"": 16.9}"
2025-09-30 12:30:50.724473323+00:00,ps-lb-14,2,-32,9.5,"{""Bat_V"": 3.594, ""Exti_pin_level"": ""Low"", ""Exti_status"": ""False"", ""IDC_intput_mA"": 3.924, ""IN1_pin_level"": ""Low"", ""IN2_pin_level"": ""Low"", ""Node_type"": ""PS-LB"", ""Probe_mod"": 0, ""VDC_intput_V"": 0, ""Water_deep_cm"": 0}"
2025-09-30 13:30:50.052196056+00:00,ps-lb-14,2,-33,9.75,"{""Bat_V"": 3.594, ""Exti_pin_level"": ""Low"", ""Exti_status"": ""False"", ""IDC_intput_mA"": 3.925, ""IN1_pin_level"": ""Low"", ""IN2_pin_level"": ""Low"", ""Node_type"": ""PS-LB"", ""Probe_mod"": 0, ""VDC_intput_V"": 0, ""Water_deep_cm"": 0}"
2025-09-30 14:30:49.358851959+00:00,ps-lb-14,2,-30,9.25,"{""Bat_V"": 3.594, ""Exti_pin_level"": ""Low"", ""Exti_status"": ""False"", ""IDC_intput_mA"": 3.928, ""IN1_pin_level"": ""Low"", ""IN2_pin_level"": ""Low"", ""Node_type"": ""PS-LB"", ""Probe_mod"": 0, ""VDC_intput_V"": 0, ""Water_deep_cm"": 0}"
2025-09-30 15:30:48.690338504+00:00,ps-lb-14,2,-33,9.0,"{""Bat_V"": 3.594, ""Exti_pin_level"": ""Low"", ""Exti_status"": ""False"", ""IDC_intput_mA"": 3.929, ""IN1_pin_level"": ""Low"", ""IN2_pin_level"": ""Low"", ""Node_type"": ""PS-LB"", ""Probe_mod"": 0, ""VDC_intput_V"": 0, ""Water_deep_cm"": 0}"
2025-09-30 16:30:48.005209327+00:00,ps-lb-14,2,-32,7.5,"{""Bat_V"": 3.594, ""Exti_pin_level"": ""Low"", ""Exti_status"": ""False"", ""IDC_intput_mA"": 3.93, ""IN1_pin_level"": ""Low"", ""IN2_pin_level"": ""Low"", ""Node_type"": ""PS-LB"", ""Probe_mod"": 0, ""VDC_intput_V"": 0, ""Water_deep_cm"": 0}"
2025-09-30 17:30:47.334101580+00:00,ps-lb-14,2,-120,-3.5,"{""Bat_V"": 3.594, ""Exti_pin_level"": ""Low"", ""Exti_status"": ""False"", ""IDC_intput_mA"": 3.93, ""IN1_pin_level"": ""Low"", ""IN2_pin_level"": ""Low"", ""Node_type"": ""PS-LB"", ""Probe_mod"": 0, ""VDC_intput_V"": 0, ""Water_deep_cm"": 0}"
2025-09-30 18:30:46.665243260+00:00,ps-lb-14,2,-33,9.75,"{""Bat_V"": 3.594, ""Exti_pin_level"": ""Low"", ""Exti_status"": ""False"", ""IDC_intput_mA"": 3.93, ""IN1_pin_level"": ""Low"", ""IN2_pin_level"": ""Low"", ""Node_type"": ""PS-LB"", ""Probe_mod"": 0, ""VDC_intput_V"": 0, ""Water_deep_cm"": 0}"
2025-09-30 19:30:45.979850698+00:00,ps-lb-14,2,-30,9.75,"{""Bat_V"": 3.594, ""Exti_pin_level"": ""Low"", ""Exti_status"": ""False"", ""IDC_intput_mA"": 3.93, ""IN1_pin_level"": ""Low"", ""IN2_pin_level"": ""Low"", ""Node_type"": ""PS-LB"", ""Probe_mod"": 0, ""VDC_intput_V"": 0, ""Water_deep_cm"": 0}"
2025-09-30 20:30:45.305568885+00:00,ps-lb-14,2,-121,-5.25,"{""Bat_V"": 3.594, ""Exti_pin_level"": ""Low"", ""Exti_status"": ""False"", ""IDC_intput_mA"": 3.93, ""IN1_pin_level"": ""Low"", ""IN2_pin_level"": ""Low"", ""Node_type"": ""PS-LB"", ""Probe_mod"": 0, ""VDC_intput_V"": 0, ""Water_deep_cm"": 0}"
2025-09-30 21:30:44.613353536+00:00,ps-lb-14,2,-33,9.75,"{""Bat_V"": 3.594, ""Exti_pin_level"": ""Low"", ""Exti_status"": ""False"", ""IDC_intput_mA"": 3.93, ""IN1_pin_level"": ""Low"", ""IN2_pin_level"": ""Low"", ""Node_type"": ""PS-LB"", ""Probe_mod"": 0, ""VDC_intput_V"": 0, ""Water_deep_cm"": 0}"
2025-09-30 22:30:43.941784764+00:00,ps-lb-14,2,-33,9.75,"{""Bat_V"": 3.594, ""Exti_pin_level"": ""Low"", ""Exti_status"": ""False"", ""IDC_intput_mA"": 3.929, ""IN1_pin_level"": ""Low"", ""IN2_pin_level"": ""Low"", ""Node_type"": ""PS-LB"", ""Probe_mod"": 0, ""VDC_intput_V"": 0, ""Water_deep_cm"": 0}"
2025-09-30 23:30:43.244479707+00:00,ps-lb-14,2,-33,10.0,"{""Bat_V"": 3.594, ""Exti_pin_level"": ""Low"", ""Exti_status"": ""False"", ""IDC_intput_mA"": 3.929, ""IN1_pin_level"": ""Low"", ""IN2_pin_level"": ""Low"", ""Node_type"": ""PS-LB"", ""Probe_mod"": 0, ""VDC_intput_V"": 0, ""Water_deep_cm"": 0}"
2025-10-01 00:30:42.559697010+00:00,ps-lb-14,2,-33,9.75,"{""Bat_V"": 3.594, ""Exti_pin_level"": ""Low"", ""Exti_status"": ""False"", ""IDC_intput_mA"": 3.928, ""IN1_pin_level"": ""Low"", ""IN2_pin_level"": ""Low"", ""Node_type"": ""PS-LB"", ""Probe_mod"": 0, ""VDC_intput_V"": 0, ""Water_deep_cm"": 0}"
2025-10-01 01:30:41.909372768+00:00,ps-lb-14,2,-32,10.0,"{""Bat_V"": 3.594, ""Exti_pin_level"": ""Low"", ""Exti_status"": ""False"", ""IDC_intput_mA"": 3.928, ""IN1_pin_level"": ""Low"", ""IN2_pin_level"": ""Low"", ""Node_type"": ""PS-LB"", ""Probe_mod"": 0, ""VDC_intput_V"": 0, ""Water_deep_cm"": 0}"
2025-10-01 02:30:41.224705542+00:00,ps-lb-14,2,-31,9.0,"{""Bat_V"": 3.594, ""Exti_pin_level"": ""Low"", ""Exti_status"": ""False"", ""IDC_intput_mA"": 3.926, ""IN1_pin_level"": ""Low"", ""IN2_pin_level"": ""Low"", ""Node_type"": ""PS-LB"", ""Probe_mod"": 0, ""VDC_intput_V"": 0, ""Water_deep_cm"": 0}"
2025-10-01 03:30:40.559695662+00:00,ps-lb-14,2,-30,6.75,"{""Bat_V"": 3.594, ""Exti_pin_level"": ""Low"", ""Exti_status"": ""False"", ""IDC_intput_mA"": 3.926, ""IN1_pin_level"": ""Low"", ""IN2_pin_level"": ""Low"", ""Node_type"": ""PS-LB"", ""Probe_mod"": 0, ""VDC_intput_V"": 0, ""Water_deep_cm"": 0}"
2025-10-01 04:30:39.886565309+00:00,ps-lb-14,2,-32,9.5,"{""Bat_V"": 3.594, ""Exti_pin_level"": ""Low"", ""Exti_status"": ""False"", ""IDC_intput_mA"": 3.925, ""IN1_pin_level"": ""Low"", ""IN2_pin_level"": ""Low"", ""Node_type"": ""PS-LB"", ""Probe_mod"": 0, ""VDC_intput_V"": 0, ""Water_deep_cm"": 0}"
2025-10-01 05:30:39.218650496+00:00,ps-lb-14,2,-120,-5.5,"{""Bat_V"": 3.594, ""Exti_pin_level"": ""Low"", ""Exti_status"": ""False"", ""IDC_intput_mA"": 3.925, ""IN1_pin_level"": ""Low"", ""IN2_pin_level"": ""Low"", ""Node_type"": ""PS-LB"", ""Probe_mod"": 0, ""VDC_intput_V"": 0, ""Water_deep_cm"": 0}"
2025-10-01 06:30:38.542898857+00:00,ps-lb-14,2,-101,5.5,"{""Bat_V"": 3.594, ""Exti_pin_level"": ""Low"", ""Exti_status"": ""False"", ""IDC_intput_mA"": 3.904, ""IN1_pin_level"": ""Low"", ""IN2_pin_level"": ""Low"", ""Node_type"": ""PS-LB"", ""Probe_mod"": 0, ""VDC_intput_V"": 0, ""Water_deep_cm"": 0}"
2025-10-01 07:30:37.867237047+00:00,ps-lb-14,2,-80,9.75,"{""Bat_V"": 3.594, ""Exti_pin_level"": ""Low"", ""Exti_status"": ""False"", ""IDC_intput_mA"": 7.304, ""IN1_pin_level"": ""Low"", ""IN2_pin_level"": ""Low"", ""Node_type"": ""PS-LB"", ""Probe_mod"": 0, ""VDC_intput_V"": 0, ""Water_deep_cm"": 41.3}"
2025-10-01 08:30:37.222463082+00:00,ps-lb-14,2,-114,,"{""Bat_V"": 3.594, ""Exti_pin_level"": ""Low"", ""Exti_status"": ""False"", ""IDC_intput_mA"": 7.307, ""IN1_pin_level"": ""Low"", ""IN2_pin_level"": ""Low"", ""Node_type"": ""PS-LB"", ""Probe_mod"": 0, ""VDC_intput_V"": 0, ""Water_deep_cm"": 41.338}"
2025-10-01 09:30:36.554049774+00:00,ps-lb-14,2,-77,10.0,"{""Bat_V"": 3.588, ""Exti_pin_level"": ""Low"", ""Exti_status"": ""False"", ""IDC_intput_mA"": 7.307, ""IN1_pin_level"": ""Low"", ""IN2_pin_level"": ""Low"", ""Node_type"": ""PS-LB"", ""Probe_mod"": 0, ""VDC_intput_V"": 0, ""Water_deep_cm"": 41.338}"
2025-10-01 10:30:35.887378859+00:00,ps-lb-14,2,-107,6.5,"{""Bat_V"": 3.594, ""Exti_pin_level"": ""Low"", ""Exti_status"": ""False"", ""IDC_intput_mA"": 7.308, ""IN1_pin_level"": ""Low"", ""IN2_pin_level"": ""Low"", ""Node_type"": ""PS-LB"", ""Probe_mod"": 0, ""VDC_intput_V"": 0, ""Water_deep_cm"": 41.35}"
2025-10-01 11:30:35.238295479+00:00,ps-lb-14,2,-77,7.5,"{""Bat_V"": 3.594, ""Exti_pin_level"": ""Low"", ""Exti_status"": ""False"", ""IDC_intput_mA"": 7.308, ""IN1_pin_level"": ""Low"", ""IN2_pin_level"": ""Low"", ""Node_type"": ""PS-LB"", ""Probe_mod"": 0, ""VDC_intput_V"": 0, ""Water_deep_cm"": 41.35}"
2025-10-01 12:30:34.568401845+00:00,ps-lb-14,2,-75,9.5,"{""Bat_V"": 3.594, ""Exti_pin_level"": ""Low"", ""Exti_status"": ""False"", ""IDC_intput_mA"": 7.301, ""IN1_pin_level"": ""Low"", ""IN2_pin_level"": ""Low"", ""Node_type"": ""PS-LB"", ""Probe_mod"": 0, ""VDC_intput_V"": 0, ""Water_deep_cm"": 41.263}"
2025-10-01 13:30:33.906869158+00:00,ps-lb-14,2,-79,7.75,"{""Bat_V"": 3.594, ""Exti_pin_level"": ""Low"", ""Exti_status"": ""False"", ""IDC_intput_mA"": 7.341, ""IN1_pin_level"": ""Low"", ""IN2_pin_level"": ""Low"", ""Node_type"": ""PS-LB"", ""Probe_mod"": 0, ""VDC_intput_V"": 0, ""Water_deep_cm"": 41.763}"
2025-10-01 14:30:33.247272617+00:00,ps-lb-14,2,-77,8.75,"{""Bat_V"": 3.588, ""Exti_pin_level"": ""Low"", ""Exti_status"": ""False"", ""IDC_intput_mA"": 7.351, ""IN1_pin_level"": ""Low"", ""IN2_pin_level"": ""Low"", ""Node_type"": ""PS-LB"", ""Probe_mod"": 0, ""VDC_intput_V"": 0, ""Water_deep_cm"": 41.888}"
2025-10-01 15:30:32.565071159+00:00,ps-lb-14,2,-79,9.75,"{""Bat_V"": 3.588, ""Exti_pin_level"": ""Low"", ""Exti_status"": ""False"", ""IDC_intput_mA"": 7.347, ""IN1_pin_level"": ""Low"", ""IN2_pin_level"": ""Low"", ""Node_type"": ""PS-LB"", ""Probe_mod"": 0, ""VDC_intput_V"": 0, ""Water_deep_cm"": 41.838}"
2025-10-01 16:30:31.874113242+00:00,ps-lb-14,2,-114,-2.8,"{""Bat_V"": 3.588, ""Exti_pin_level"": ""Low"", ""Exti_status"": ""False"", ""IDC_intput_mA"": 7.345, ""IN1_pin_level"": ""Low"", ""IN2_pin_level"": ""Low"", ""Node_type"": ""PS-LB"", ""Probe_mod"": 0, ""VDC_intput_V"": 0, ""Water_deep_cm"": 41.813}"
2025-10-01 17:30:31.236488133+00:00,ps-lb-14,2,-92,4.0,"{""Bat_V"": 3.588, ""Exti_pin_level"": ""Low"", ""Exti_status"": ""False"", ""IDC_intput_mA"": 3.906, ""IN1_pin_level"": ""Low"", ""IN2_pin_level"": ""Low"", ""Node_type"": ""PS-LB"", ""Probe_mod"": 0, ""VDC_intput_V"": 0, ""Water_deep_cm"": 0}"
2025-10-01 18:30:30.597279058+00:00,ps-lb-14,2,-95,4.5,"{""Bat_V"": 3.594, ""Exti_pin_level"": ""Low"", ""Exti_status"": ""False"", ""IDC_intput_mA"": 3.913, ""IN1_pin_level"": ""Low"", ""IN2_pin_level"": ""Low"", ""Node_type"": ""PS-LB"", ""Probe_mod"": 0, ""VDC_intput_V"": 0, ""Water_deep_cm"": 0}"
2025-10-01 19:30:29.895539918+00:00,ps-lb-14,2,-96,3.0,"{""Bat_V"": 3.594, ""Exti_pin_level"": ""Low"", ""Exti_status"": ""False"", ""IDC_intput_mA"": 3.919, ""IN1_pin_level"": ""Low"", ""IN2_pin_level"": ""Low"", ""Node_type"": ""PS-LB"", ""Probe_mod"": 0, ""VDC_intput_V"": 0, ""Water_deep_cm"": 0}"
2025-10-01 20:30:29.207418176+00:00,ps-lb-14,2,-91,3.0,"{""Bat_V"": 3.594, ""Exti_pin_level"": ""Low"", ""Exti_status"": ""False"", ""IDC_intput_mA"": 3.923, ""IN1_pin_level"": ""Low"", ""IN2_pin_level"": ""Low"", ""Node_type"": ""PS-LB"", ""Probe_mod"": 0, ""VDC_intput_V"": 0, ""Water_deep_cm"": 0}"
2025-10-01 21:30:28.541160205+00:00,ps-lb-14,2,-94,5.0,"{""Bat_V"": 3.594, ""Exti_pin_level"": ""Low"", ""Exti_status"": ""False"", ""IDC_intput_mA"": 3.925, ""IN1_pin_level"": ""Low"", ""IN2_pin_level"": ""Low"", ""Node_type"": ""PS-LB"", ""Probe_mod"": 0, ""VDC_intput_V"": 0, ""Water_deep_cm"": 0}"
2025-10-01 22:30:27.843300065+00:00,ps-lb-14,2,-92,3.5,"{""Bat_V"": 3.588, ""Exti_pin_level"": ""Low"", ""Exti_status"": ""False"", ""IDC_intput_mA"": 3.926, ""IN1_pin_level"": ""Low"", ""IN2_pin_level"": ""Low"", ""Node_type"": ""PS-LB"", ""Probe_mod"": 0, ""VDC_intput_V"": 0, ""Water_deep_cm"": 0}"
2025-10-01 23:30:27.187063190+00:00,ps-lb-14,2,-93,5.5,"{""Bat_V"": 3.594, ""Exti_pin_level"": ""Low"", ""Exti_status"": ""False"", ""IDC_intput_mA"": 3.928, ""IN1_pin_level"": ""Low"", ""IN2_pin_level"": ""Low"", ""Node_type"": ""PS-LB"", ""Probe_mod"": 0, ""VDC_intput_V"": 0, ""Water_deep_cm"": 0}"
2025-10-02 00:30:26.521298927+00:00,ps-lb-14,2,-93,5.5,"{""Bat_V"": 3.594, ""Exti_pin_level"": ""Low"", ""Exti_status"": ""False"", ""IDC_intput_mA"": 3.928, ""IN1_pin_level"": ""Low"", ""IN2_pin_level"": ""Low"", ""Node_type"": ""PS-LB"", ""Probe_mod"": 0, ""VDC_intput_V"": 0, ""Water_deep_cm"": 0}"
2025-10-02 01:30:25.832323663+00:00,ps-lb-14,2,-88,6.5,"{""Bat_V"": 3.594, ""Exti_pin_level"": ""Low"", ""Exti_status"": ""False"", ""IDC_intput_mA"": 3.928, ""IN1_pin_level"": ""Low"", ""IN2_pin_level"": ""Low"", ""Node_type"": ""PS-LB"", ""Probe_mod"": 0, ""VDC_intput_V"": 0, ""Water_deep_cm"": 0}"
2025-10-02 02:30:25.163070225+00:00,ps-lb-14,2,-92,3.5,"{""Bat_V"": 3.594, ""Exti_pin_level"": ""Low"", ""Exti_status"": ""False"", ""IDC_intput_mA"": 3.928, ""IN1_pin_level"": ""Low"", ""IN2_pin_level"": ""Low"", ""Node_type"": ""PS-LB"", ""Probe_mod"": 0, ""VDC_intput_V"": 0, ""Water_deep_cm"": 0}"
2025-10-02 03:30:24.475445729+00:00,ps-lb-14,2,-93,2.0,"{""Bat_V"": 3.594, ""Exti_pin_level"": ""Low"", ""Exti_status"": ""False"", ""IDC_intput_mA"": 3.928, ""IN1_pin_level"": ""Low"", ""IN2_pin_level"": ""Low"", ""Node_type"": ""PS-LB"", ""Probe_mod"": 0, ""VDC_intput_V"": 0, ""Water_deep_cm"": 0}"
2025-10-02 04:30:23.794473071+00:00,ps-lb-14,2,-89,6.75,"{""Bat_V"": 3.594, ""Exti_pin_level"": ""Low"", ""Exti_status"": ""False"", ""IDC_intput_mA"": 3.928, ""IN1_pin_level"": ""Low"", ""IN2_pin_level"": ""Low"", ""Node_type"": ""PS-LB"", ""Probe_mod"": 0, ""VDC_intput_V"": 0, ""Water_deep_cm"": 0}"
2025-10-02 05:30:23.120048624+00:00,ps-lb-14,2,-93,5.25,"{""Bat_V"": 3.594, ""Exti_pin_level"": ""Low"", ""Exti_status"": ""False"", ""IDC_intput_mA"": 3.928, ""IN1_pin_level"": ""Low"", ""IN2_pin_level"": ""Low"", ""Node_type"": ""PS-LB"", ""Probe_mod"": 0, ""VDC_intput_V"": 0, ""Water_deep_cm"": 0}"
2025-10-02 07:30:21.775044863+00:00,ps-lb-14,2,-78,10.0,"{""Bat_V"": 3.594, ""Exti_pin_level"": ""Low"", ""Exti_status"": ""False"", ""IDC_intput_mA"": 7.241, ""IN1_pin_level"": ""Low"", ""IN2_pin_level"": ""Low"", ""Node_type"": ""PS-LB"", ""Probe_mod"": 0, ""VDC_intput_V"": 0, ""Water_deep_cm"": 40.512}"
2025-10-02 08:30:21.142715476+00:00,ps-lb-14,2,-123,-7.5,"{""Bat_V"": 3.588, ""Exti_pin_level"": ""Low"", ""Exti_status"": ""False"", ""IDC_intput_mA"": 7.24, ""IN1_pin_level"": ""Low"", ""IN2_pin_level"": ""Low"", ""Node_type"": ""PS-LB"", ""Probe_mod"": 0, ""VDC_intput_V"": 0, ""Water_deep_cm"": 40.5}"
2025-10-02 09:30:20.508537857+00:00,ps-lb-14,2,-77,10.5,"{""Bat_V"": 3.594, ""Exti_pin_level"": ""Low"", ""Exti_status"": ""False"", ""IDC_intput_mA"": 7.241, ""IN1_pin_level"": ""Low"", ""IN2_pin_level"": ""Low"", ""Node_type"": ""PS-LB"", ""Probe_mod"": 0, ""VDC_intput_V"": 0, ""Water_deep_cm"": 40.512}"
2025-10-02 10:30:19.832021486+00:00,ps-lb-14,2,-79,9.25,"{""Bat_V"": 3.588, ""Exti_pin_level"": ""Low"", ""Exti_status"": ""False"", ""IDC_intput_mA"": 7.249, ""IN1_pin_level"": ""Low"", ""IN2_pin_level"": ""Low"", ""Node_type"": ""PS-LB"", ""Probe_mod"": 0, ""VDC_intput_V"": 0, ""Water_deep_cm"": 40.612}"
2025-10-02 11:30:19.184999243+00:00,ps-lb-14,2,-107,6.75,"{""Bat_V"": 3.594, ""Exti_pin_level"": ""Low"", ""Exti_status"": ""False"", ""IDC_intput_mA"": 7.248, ""IN1_pin_level"": ""Low"", ""IN2_pin_level"": ""Low"", ""Node_type"": ""PS-LB"", ""Probe_mod"": 0, ""VDC_intput_V"": 0, ""Water_deep_cm"": 40.6}"
2025-10-02 12:30:18.520405323+00:00,ps-lb-14,2,-109,5.5,"{""Bat_V"": 3.594, ""Exti_pin_level"": ""Low"", ""Exti_status"": ""False"", ""IDC_intput_mA"": 7.3, ""IN1_pin_level"": ""Low"", ""IN2_pin_level"": ""Low"", ""Node_type"": ""PS-LB"", ""Probe_mod"": 0, ""VDC_intput_V"": 0, ""Water_deep_cm"": 41.25}"
2025-10-02 13:30:17.846229208+00:00,ps-lb-14,2,-116,-0.75,"{""Bat_V"": 3.594, ""Exti_pin_level"": ""Low"", ""Exti_status"": ""False"", ""IDC_intput_mA"": 7.295, ""IN1_pin_level"": ""Low"", ""IN2_pin_level"": ""Low"", ""Node_type"": ""PS-LB"", ""Probe_mod"": 0, ""VDC_intput_V"": 0, ""Water_deep_cm"": 41.188}"
2025-10-02 14:30:17.165427873+00:00,ps-lb-14,2,-77,9.0,"{""Bat_V"": 3.588, ""Exti_pin_level"": ""Low"", ""Exti_status"": ""False"", ""IDC_intput_mA"": 7.3, ""IN1_pin_level"": ""Low"", ""IN2_pin_level"": ""Low"", ""Node_type"": ""PS-LB"", ""Probe_mod"": 0, ""VDC_intput_V"": 0, ""Water_deep_cm"": 41.25}"
2025-10-02 15:30:16.516262614+00:00,ps-lb-14,2,-77,-2.0,"{""Bat_V"": 3.588, ""Exti_pin_level"": ""Low"", ""Exti_status"": ""False"", ""IDC_intput_mA"": 7.297, ""IN1_pin_level"": ""Low"", ""IN2_pin_level"": ""Low"", ""Node_type"": ""PS-LB"", ""Probe_mod"": 0, ""VDC_intput_V"": 0, ""Water_deep_cm"": 41.212}"
2025-10-02 16:30:15.821922003+00:00,ps-lb-14,2,-120,-6.0,"{""Bat_V"": 3.588, ""Exti_pin_level"": ""Low"", ""Exti_status"": ""False"", ""IDC_intput_mA"": 3.901, ""IN1_pin_level"": ""Low"", ""IN2_pin_level"": ""Low"", ""Node_type"": ""PS-LB"", ""Probe_mod"": 0, ""VDC_intput_V"": 0, ""Water_deep_cm"": 0}"
2025-10-02 18:30:14.469244820+00:00,ps-lb-14,2,-96,3.5,"{""Bat_V"": 3.594, ""Exti_pin_level"": ""Low"", ""Exti_status"": ""False"", ""IDC_intput_mA"": 3.922, ""IN1_pin_level"": ""Low"", ""IN2_pin_level"": ""Low"", ""Node_type"": ""PS-LB"", ""Probe_mod"": 0, ""VDC_intput_V"": 0, ""Water_deep_cm"": 0}"
2025-10-02 19:30:13.800627906+00:00,ps-lb-14,2,-96,2.0,"{""Bat_V"": 3.588, ""Exti_pin_level"": ""Low"", ""Exti_status"": ""False"", ""IDC_intput_mA"": 3.925, ""IN1_pin_level"": ""Low"", ""IN2_pin_level"": ""Low"", ""Node_type"": ""PS-LB"", ""Probe_mod"": 0, ""VDC_intput_V"": 0, ""Water_deep_cm"": 0}"
2025-10-02 20:30:13.110069361+00:00,ps-lb-14,2,-92,2.75,"{""Bat_V"": 3.594, ""Exti_pin_level"": ""Low"", ""Exti_status"": ""False"", ""IDC_intput_mA"": 3.926, ""IN1_pin_level"": ""Low"", ""IN2_pin_level"": ""Low"", ""Node_type"": ""PS-LB"", ""Probe_mod"": 0, ""VDC_intput_V"": 0, ""Water_deep_cm"": 0}"
2025-10-02 21:30:12.430658249+00:00,ps-lb-14,2,-93,6.0,"{""Bat_V"": 3.594, ""Exti_pin_level"": ""Low"", ""Exti_status"": ""False"", ""IDC_intput_mA"": 3.926, ""IN1_pin_level"": ""Low"", ""IN2_pin_level"": ""Low"", ""Node_type"": ""PS-LB"", ""Probe_mod"": 0, ""VDC_intput_V"": 0, ""Water_deep_cm"": 0}"
2025-10-02 22:30:11.763571507+00:00,ps-lb-14,2,-97,3.75,"{""Bat_V"": 3.594, ""Exti_pin_level"": ""Low"", ""Exti_status"": ""False"", ""IDC_intput_mA"": 3.926, ""IN1_pin_level"": ""Low"", ""IN2_pin_level"": ""Low"", ""Node_type"": ""PS-LB"", ""Probe_mod"": 0, ""VDC_intput_V"": 0, ""Water_deep_cm"": 0}"
2025-10-02 23:30:11.089010736+00:00,ps-lb-14,2,-96,1.25,"{""Bat_V"": 3.594, ""Exti_pin_level"": ""Low"", ""Exti_status"": ""False"", ""IDC_intput_mA"": 3.927, ""IN1_pin_level"": ""Low"", ""IN2_pin_level"": ""Low"", ""Node_type"": ""PS-LB"", ""Probe_mod"": 0, ""VDC_intput_V"": 0, ""Water_deep_cm"": 0}"
2025-10-03 00:30:10.390106299+00:00,ps-lb-14,2,-95,2.25,"{""Bat_V"": 3.594, ""Exti_pin_level"": ""Low"", ""Exti_status"": ""False"", ""IDC_intput_mA"": 3.926, ""IN1_pin_level"": ""Low"", ""IN2_pin_level"": ""Low"", ""Node_type"": ""PS-LB"", ""Probe_mod"": 0, ""VDC_intput_V"": 0, ""Water_deep_cm"": 0}"
2025-10-03 01:30:09.704172115+00:00,ps-lb-14,2,-91,4.75,"{""Bat_V"": 3.594, ""Exti_pin_level"": ""Low"", ""Exti_status"": ""False"", ""IDC_intput_mA"": 3.927, ""IN1_pin_level"": ""Low"", ""IN2_pin_level"": ""Low"", ""Node_type"": ""PS-LB"", ""Probe_mod"": 0, ""VDC_intput_V"": 0, ""Water_deep_cm"": 0}"
2025-10-03 02:30:09.042910035+00:00,ps-lb-14,2,-93,2.25,"{""Bat_V"": 3.594, ""Exti_pin_level"": ""Low"", ""Exti_status"": ""False"", ""IDC_intput_mA"": 3.926, ""IN1_pin_level"": ""Low"", ""IN2_pin_level"": ""Low"", ""Node_type"": ""PS-LB"", ""Probe_mod"": 0, ""VDC_intput_V"": 0, ""Water_deep_cm"": 0}"
2025-10-03 03:30:08.368359033+00:00,ps-lb-14,2,-95,,"{""Bat_V"": 3.594, ""Exti_pin_level"": ""Low"", ""Exti_status"": ""False"", ""IDC_intput_mA"": 3.926, ""IN1_pin_level"": ""Low"", ""IN2_pin_level"": ""Low"", ""Node_type"": ""PS-LB"", ""Probe_mod"": 0, ""VDC_intput_V"": 0, ""Water_deep_cm"": 0}"
2025-10-03 04:30:07.693632644+00:00,ps-lb-14,2,-95,-3.0,"{""Bat_V"": 3.594, ""Exti_pin_level"": ""Low"", ""Exti_status"": ""False"", ""IDC_intput_mA"": 3.926, ""IN1_pin_level"": ""Low"", ""IN2_pin_level"": ""Low"", ""Node_type"": ""PS-LB"", ""Probe_mod"": 0, ""VDC_intput_V"": 0, ""Water_deep_cm"": 0}"
2025-10-03 05:30:06.990529153+00:00,ps-lb-14,2,-98,1.0,"{""Bat_V"": 3.594, ""Exti_pin_level"": ""Low"", ""Exti_status"": ""False"", ""IDC_intput_mA"": 3.926, ""IN1_pin_level"": ""Low"", ""IN2_pin_level"": ""Low"", ""Node_type"": ""PS-LB"", ""Probe_mod"": 0, ""VDC_intput_V"": 0, ""Water_deep_cm"": 0}"
2025-10-03 06:30:06.370570188+00:00,ps-lb-14,2,-122,-5.25,"{""Bat_V"": 3.594, ""Exti_pin_level"": ""Low"", ""Exti_status"": ""False"", ""IDC_intput_mA"": 3.926, ""IN1_pin_level"": ""Low"", ""IN2_pin_level"": ""Low"", ""Node_type"": ""PS-LB"", ""Probe_mod"": 0, ""VDC_intput_V"": 0, ""Water_deep_cm"": 0}"
2025-10-03 07:30:05.641825444+00:00,ps-lb-14,2,-90,8.0,"{""Bat_V"": 3.594, ""Exti_pin_level"": ""Low"", ""Exti_status"": ""False"", ""IDC_intput_mA"": 3.926, ""IN1_pin_level"": ""Low"", ""IN2_pin_level"": ""Low"", ""Node_type"": ""PS-LB"", ""Probe_mod"": 0, ""VDC_intput_V"": 0, ""Water_deep_cm"": 0}"
2025-10-03 08:30:04.967910440+00:00,ps-lb-14,2,-95,1.5,"{""Bat_V"": 3.594, ""Exti_pin_level"": ""Low"", ""Exti_status"": ""False"", ""IDC_intput_mA"": 3.926, ""IN1_pin_level"": ""Low"", ""IN2_pin_level"": ""Low"", ""Node_type"": ""PS-LB"", ""Probe_mod"": 0, ""VDC_intput_V"": 0, ""Water_deep_cm"": 0}"
2025-10-03 09:30:04.302764334+00:00,ps-lb-14,2,-92,4.75,"{""Bat_V"": 3.594, ""Exti_pin_level"": ""Low"", ""Exti_status"": ""False"", ""IDC_intput_mA"": 3.926, ""IN1_pin_level"": ""Low"", ""IN2_pin_level"": ""Low"", ""Node_type"": ""PS-LB"", ""Probe_mod"": 0, ""VDC_intput_V"": 0, ""Water_deep_cm"": 0}"
2025-10-03 10:30:03.598332049+00:00,ps-lb-14,2,-97,1.25,"{""Bat_V"": 3.594, ""Exti_pin_level"": ""Low"", ""Exti_status"": ""False"", ""IDC_intput_mA"": 3.926, ""IN1_pin_level"": ""Low"", ""IN2_pin_level"": ""Low"", ""Node_type"": ""PS-LB"", ""Probe_mod"": 0, ""VDC_intput_V"": 0, ""Water_deep_cm"": 0}"
2025-10-03 12:30:02.238681600+00:00,ps-lb-14,2,-125,-9.0,"{""Bat_V"": 3.594, ""Exti_pin_level"": ""Low"", ""Exti_status"": ""False"", ""IDC_intput_mA"": 3.927, ""IN1_pin_level"": ""Low"", ""IN2_pin_level"": ""Low"", ""Node_type"": ""PS-LB"", ""Probe_mod"": 0, ""VDC_intput_V"": 0, ""Water_deep_cm"": 0}"
2025-10-03 13:30:01.538305423+00:00,ps-lb-14,2,-120,-4.0,"{""Bat_V"": 3.594, ""Exti_pin_level"": ""Low"", ""Exti_status"": ""False"", ""IDC_intput_mA"": 3.928, ""IN1_pin_level"": ""Low"", ""IN2_pin_level"": ""Low"", ""Node_type"": ""PS-LB"", ""Probe_mod"": 0, ""VDC_intput_V"": 0, ""Water_deep_cm"": 0}"
2025-10-03 14:30:00.871528841+00:00,ps-lb-14,2,-94,1.75,"{""Bat_V"": 3.594, ""Exti_pin_level"": ""Low"", ""Exti_status"": ""False"", ""IDC_intput_mA"": 3.928, ""IN1_pin_level"": ""Low"", ""IN2_pin_level"": ""Low"", ""Node_type"": ""PS-LB"", ""Probe_mod"": 0, ""VDC_intput_V"": 0, ""Water_deep_cm"": 0}"
2025-10-03 15:30:00.194207352+00:00,ps-lb-14,2,-101,-4.5,"{""Bat_V"": 3.594, ""Exti_pin_level"": ""Low"", ""Exti_status"": ""False"", ""IDC_intput_mA"": 3.928, ""IN1_pin_level"": ""Low"", ""IN2_pin_level"": ""Low"", ""Node_type"": ""PS-LB"", ""Probe_mod"": 0, ""VDC_intput_V"": 0, ""Water_deep_cm"": 0}"
2025-10-03 16:29:59.539203013+00:00,ps-lb-14,2,-98,,"{""Bat_V"": 3.594, ""Exti_pin_level"": ""Low"", ""Exti_status"": ""False"", ""IDC_intput_mA"": 3.928, ""IN1_pin_level"": ""Low"", ""IN2_pin_level"": ""Low"", ""Node_type"": ""PS-LB"", ""Probe_mod"": 0, ""VDC_intput_V"": 0, ""Water_deep_cm"": 0}"
2025-10-03 17:29:58.832016507+00:00,ps-lb-14,2,-94,,"{""Bat_V"": 3.594, ""Exti_pin_level"": ""Low"", ""Exti_status"": ""False"", ""IDC_intput_mA"": 3.928, ""IN1_pin_level"": ""Low"", ""IN2_pin_level"": ""Low"", ""Node_type"": ""PS-LB"", ""Probe_mod"": 0, ""VDC_intput_V"": 0, ""Water_deep_cm"": 0}"
2025-10-03 18:29:58.149842136+00:00,ps-lb-14,2,-96,-0.75,"{""Bat_V"": 3.594, ""Exti_pin_level"": ""Low"", ""Exti_status"": ""False"", ""IDC_intput_mA"": 3.928, ""IN1_pin_level"": ""Low"", ""IN2_pin_level"": ""Low"", ""Node_type"": ""PS-LB"", ""Probe_mod"": 0, ""VDC_intput_V"": 0, ""Water_deep_cm"": 0}"
2025-10-03 19:29:57.468202630+00:00,ps-lb-14,2,-98,-3.75,"{""Bat_V"": 3.594, ""Exti_pin_level"": ""Low"", ""Exti_status"": ""False"", ""IDC_intput_mA"": 3.928, ""IN1_pin_level"": ""Low"", ""IN2_pin_level"": ""Low"", ""Node_type"": ""PS-LB"", ""Probe_mod"": 0, ""VDC_intput_V"": 0, ""Water_deep_cm"": 0}"
2025-10-03 20:29:56.772015431+00:00,ps-lb-14,2,-95,-3.5,"{""Bat_V"": 3.594, ""Exti_pin_level"": ""Low"", ""Exti_status"": ""False"", ""IDC_intput_mA"": 3.928, ""IN1_pin_level"": ""Low"", ""IN2_pin_level"": ""Low"", ""Node_type"": ""PS-LB"", ""Probe_mod"": 0, ""VDC_intput_V"": 0, ""Water_deep_cm"": 0}"
2025-10-03 21:29:56.112929654+00:00,ps-lb-14,2,-96,3.25,"{""Bat_V"": 3.594, ""Exti_pin_level"": ""Low"", ""Exti_status"": ""False"", ""IDC_intput_mA"": 3.928, ""IN1_pin_level"": ""Low"", ""IN2_pin_level"": ""Low"", ""Node_type"": ""PS-LB"", ""Probe_mod"": 0, ""VDC_intput_V"": 0, ""Water_deep_cm"": 0}"
2025-10-03 23:29:54.745502040+00:00,ps-lb-14,2,-97,1.75,"{""Bat_V"": 3.594, ""Exti_pin_level"": ""Low"", ""Exti_status"": ""False"", ""IDC_intput_mA"": 3.927, ""IN1_pin_level"": ""Low"", ""IN2_pin_level"": ""Low"", ""Node_type"": ""PS-LB"", ""Probe_mod"": 0, ""VDC_intput_V"": 0, ""Water_deep_cm"": 0}"
2025-10-04 01:29:53.398864439+00:00,ps-lb-14,2,-95,-0.75,"{""Bat_V"": 3.594, ""Exti_pin_level"": ""Low"", ""Exti_status"": ""False"", ""IDC_intput_mA"": 3.927, ""IN1_pin_level"": ""Low"", ""IN2_pin_level"": ""Low"", ""Node_type"": ""PS-LB"", ""Probe_mod"": 0, ""VDC_intput_V"": 0, ""Water_deep_cm"": 0}"
2025-10-04 10:29:47.283984652+00:00,ps-lb-14,2,-98,-4.75,"{""Bat_V"": 3.594, ""Exti_pin_level"": ""Low"", ""Exti_status"": ""False"", ""IDC_intput_mA"": 3.927, ""IN1_pin_level"": ""Low"", ""IN2_pin_level"": ""Low"", ""Node_type"": ""PS-LB"", ""Probe_mod"": 0, ""VDC_intput_V"": 0, ""Water_deep_cm"": 0}"
2025-10-04 14:29:44.550540551+00:00,ps-lb-14,2,-101,-7.75,"{""Bat_V"": 3.594, ""Exti_pin_level"": ""Low"", ""Exti_status"": ""False"", ""IDC_intput_mA"": 3.926, ""IN1_pin_level"": ""Low"", ""IN2_pin_level"": ""Low"", ""Node_type"": ""PS-LB"", ""Probe_mod"": 0, ""VDC_intput_V"": 0, ""Water_deep_cm"": 0}"
2025-10-04 16:29:43.218302881+00:00,ps-lb-14,2,-99,-7.25,"{""Bat_V"": 3.594, ""Exti_pin_level"": ""Low"", ""Exti_status"": ""False"", ""IDC_intput_mA"": 3.926, ""IN1_pin_level"": ""Low"", ""IN2_pin_level"": ""Low"", ""Node_type"": ""PS-LB"", ""Probe_mod"": 0, ""VDC_intput_V"": 0, ""Water_deep_cm"": 0}"
2025-10-04 21:29:39.834425001+00:00,ps-lb-14,2,-103,-5.5,"{""Bat_V"": 3.6, ""Exti_pin_level"": ""Low"", ""Exti_status"": ""False"", ""IDC_intput_mA"": 3.925, ""IN1_pin_level"": ""Low"", ""IN2_pin_level"": ""Low"", ""Node_type"": ""PS-LB"", ""Probe_mod"": 0, ""VDC_intput_V"": 0, ""Water_deep_cm"": 0}"
2025-10-06 23:30:22.359455518+00:00,ps-lb-14,5,-122,-6.5,"{""BAT"": 3.594, ""FIRMWARE_VERSION"": ""1.2.0"", ""FREQUENCY_BAND"": ""EU868"", ""SENSOR_MODEL"": ""PS-LB"", ""SUB_BAND"": ""NULL""}"
2025-10-06 23:30:39.789264006+00:00,ps-lb-14,2,-119,-4.25,"{""Bat_V"": 3.594, ""Exti_pin_level"": ""Low"", ""Exti_status"": ""False"", ""IDC_intput_mA"": 3.93, ""IN1_pin_level"": ""Low"", ""IN2_pin_level"": ""Low"", ""Node_type"": ""PS-LB"", ""Probe_mod"": 0, ""VDC_intput_V"": 0, ""Water_deep_cm"": 0}"
2025-10-07 01:30:30.399190849+00:00,ps-lb-14,2,-119,-4.75,"{""Bat_V"": 3.594, ""Exti_pin_level"": ""Low"", ""Exti_status"": ""False"", ""IDC_intput_mA"": 3.93, ""IN1_pin_level"": ""Low"", ""IN2_pin_level"": ""Low"", ""Node_type"": ""PS-LB"", ""Probe_mod"": 0, ""VDC_intput_V"": 0, ""Water_deep_cm"": 0}"
2025-10-07 02:30:29.719286647+00:00,ps-lb-14,2,-117,-2.75,"{""Bat_V"": 3.594, ""Exti_pin_level"": ""Low"", ""Exti_status"": ""False"", ""IDC_intput_mA"": 3.93, ""IN1_pin_level"": ""Low"", ""IN2_pin_level"": ""Low"", ""Node_type"": ""PS-LB"", ""Probe_mod"": 0, ""VDC_intput_V"": 0, ""Water_deep_cm"": 0}"
2025-10-07 03:30:29.029893267+00:00,ps-lb-14,2,-122,-14.0,"{""Bat_V"": 3.594, ""Exti_pin_level"": ""Low"", ""Exti_status"": ""False"", ""IDC_intput_mA"": 3.93, ""IN1_pin_level"": ""Low"", ""IN2_pin_level"": ""Low"", ""Node_type"": ""PS-LB"", ""Probe_mod"": 0, ""VDC_intput_V"": 0, ""Water_deep_cm"": 0}"
2025-10-07 04:30:28.409792776+00:00,ps-lb-14,2,-120,-8.25,"{""Bat_V"": 3.594, ""Exti_pin_level"": ""Low"", ""Exti_status"": ""False"", ""IDC_intput_mA"": 3.93, ""IN1_pin_level"": ""Low"", ""IN2_pin_level"": ""Low"", ""Node_type"": ""PS-LB"", ""Probe_mod"": 0, ""VDC_intput_V"": 0, ""Water_deep_cm"": 0}"
2025-10-07 05:30:27.679249576+00:00,ps-lb-14,2,-119,-12.25,"{""Bat_V"": 3.594, ""Exti_pin_level"": ""Low"", ""Exti_status"": ""False"", ""IDC_intput_mA"": 3.93, ""IN1_pin_level"": ""Low"", ""IN2_pin_level"": ""Low"", ""Node_type"": ""PS-LB"", ""Probe_mod"": 0, ""VDC_intput_V"": 0, ""Water_deep_cm"": 0}"
2025-10-07 06:30:27.048401261+00:00,ps-lb-14,2,-118,-12.75,"{""Bat_V"": 3.594, ""Exti_pin_level"": ""Low"", ""Exti_status"": ""False"", ""IDC_intput_mA"": 3.93, ""IN1_pin_level"": ""Low"", ""IN2_pin_level"": ""Low"", ""Node_type"": ""PS-LB"", ""Probe_mod"": 0, ""VDC_intput_V"": 0, ""Water_deep_cm"": 0}"
2025-10-07 07:30:26.318442985+00:00,ps-lb-14,2,-122,-7.25,"{""Bat_V"": 3.594, ""Exti_pin_level"": ""Low"", ""Exti_status"": ""False"", ""IDC_intput_mA"": 3.931, ""IN1_pin_level"": ""Low"", ""IN2_pin_level"": ""Low"", ""Node_type"": ""PS-LB"", ""Probe_mod"": 0, ""VDC_intput_V"": 0, ""Water_deep_cm"": 0}"
2025-10-07 08:30:25.632037147+00:00,ps-lb-14,2,-116,-2.5,"{""Bat_V"": 3.594, ""Exti_pin_level"": ""Low"", ""Exti_status"": ""False"", ""IDC_intput_mA"": 3.932, ""IN1_pin_level"": ""Low"", ""IN2_pin_level"": ""Low"", ""Node_type"": ""PS-LB"", ""Probe_mod"": 0, ""VDC_intput_V"": 0, ""Water_deep_cm"": 0}"
2025-10-07 10:30:24.262003443+00:00,ps-lb-14,2,-121,-9.25,"{""Bat_V"": 3.594, ""Exti_pin_level"": ""Low"", ""Exti_status"": ""False"", ""IDC_intput_mA"": 3.933, ""IN1_pin_level"": ""Low"", ""IN2_pin_level"": ""Low"", ""Node_type"": ""PS-LB"", ""Probe_mod"": 0, ""VDC_intput_V"": 0, ""Water_deep_cm"": 0}"
2025-10-07 11:30:23.583009842+00:00,ps-lb-14,2,-114,-1.25,"{""Bat_V"": 3.594, ""Exti_pin_level"": ""Low"", ""Exti_status"": ""False"", ""IDC_intput_mA"": 3.934, ""IN1_pin_level"": ""Low"", ""IN2_pin_level"": ""Low"", ""Node_type"": ""PS-LB"", ""Probe_mod"": 0, ""VDC_intput_V"": 0, ""Water_deep_cm"": 0}"
2025-10-07 12:30:22.898617365+00:00,ps-lb-14,2,-121,-5.75,"{""Bat_V"": 3.594, ""Exti_pin_level"": ""Low"", ""Exti_status"": ""False"", ""IDC_intput_mA"": 3.934, ""IN1_pin_level"": ""Low"", ""IN2_pin_level"": ""Low"", ""Node_type"": ""PS-LB"", ""Probe_mod"": 0, ""VDC_intput_V"": 0, ""Water_deep_cm"": 0}"
2025-10-07 13:30:22.208282906+00:00,ps-lb-14,2,-116,-6.0,"{""Bat_V"": 3.594, ""Exti_pin_level"": ""Low"", ""Exti_status"": ""False"", ""IDC_intput_mA"": 3.934, ""IN1_pin_level"": ""Low"", ""IN2_pin_level"": ""Low"", ""Node_type"": ""PS-LB"", ""Probe_mod"": 0, ""VDC_intput_V"": 0, ""Water_deep_cm"": 0}"
2025-10-07 14:30:21.571227480+00:00,ps-lb-14,2,-115,-5.5,"{""Bat_V"": 3.594, ""Exti_pin_level"": ""Low"", ""Exti_status"": ""False"", ""IDC_intput_mA"": 3.935, ""IN1_pin_level"": ""Low"", ""IN2_pin_level"": ""Low"", ""Node_type"": ""PS-LB"", ""Probe_mod"": 0, ""VDC_intput_V"": 0, ""Water_deep_cm"": 0}"
2025-10-07 15:30:20.878926830+00:00,ps-lb-14,2,-121,-6.5,"{""Bat_V"": 3.594, ""Exti_pin_level"": ""Low"", ""Exti_status"": ""False"", ""IDC_intput_mA"": 3.935, ""IN1_pin_level"": ""Low"", ""IN2_pin_level"": ""Low"", ""Node_type"": ""PS-LB"", ""Probe_mod"": 0, ""VDC_intput_V"": 0, ""Water_deep_cm"": 0}"
2025-10-07 16:30:20.201717397+00:00,ps-lb-14,2,-122,-6.75,"{""Bat_V"": 3.594, ""Exti_pin_level"": ""Low"", ""Exti_status"": ""False"", ""IDC_intput_mA"": 3.936, ""IN1_pin_level"": ""Low"", ""IN2_pin_level"": ""Low"", ""Node_type"": ""PS-LB"", ""Probe_mod"": 0, ""VDC_intput_V"": 0, ""Water_deep_cm"": 0}"
2025-10-07 17:30:19.505078143+00:00,ps-lb-14,2,-121,-6.0,"{""Bat_V"": 3.594, ""Exti_pin_level"": ""Low"", ""Exti_status"": ""False"", ""IDC_intput_mA"": 3.936, ""IN1_pin_level"": ""Low"", ""IN2_pin_level"": ""Low"", ""Node_type"": ""PS-LB"", ""Probe_mod"": 0, ""VDC_intput_V"": 0, ""Water_deep_cm"": 0}"
2025-10-07 18:30:18.915814+00:00,ps-lb-14,2,-120,-12.25,"{""Bat_V"": 3.594, ""Exti_pin_level"": ""Low"", ""Exti_status"": ""False"", ""IDC_intput_mA"": 3.936, ""IN1_pin_level"": ""Low"", ""IN2_pin_level"": ""Low"", ""Node_type"": ""PS-LB"", ""Probe_mod"": 0, ""VDC_intput_V"": 0, ""Water_deep_cm"": 0}"
2025-10-07 19:30:18.136704152+00:00,ps-lb-14,2,-116,-2.25,"{""Bat_V"": 3.594, ""Exti_pin_level"": ""Low"", ""Exti_status"": ""False"", ""IDC_intput_mA"": 3.936, ""IN1_pin_level"": ""Low"", ""IN2_pin_level"": ""Low"", ""Node_type"": ""PS-LB"", ""Probe_mod"": 0, ""VDC_intput_V"": 0, ""Water_deep_cm"": 0}"
2025-10-07 20:30:17.456392810+00:00,ps-lb-14,2,-125,-9.0,"{""Bat_V"": 3.594, ""Exti_pin_level"": ""Low"", ""Exti_status"": ""False"", ""IDC_intput_mA"": 3.936, ""IN1_pin_level"": ""Low"", ""IN2_pin_level"": ""Low"", ""Node_type"": ""PS-LB"", ""Probe_mod"": 0, ""VDC_intput_V"": 0, ""Water_deep_cm"": 0}"
2025-10-07 22:30:16.088609083+00:00,ps-lb-14,2,-119,-7.0,"{""Bat_V"": 3.594, ""Exti_pin_level"": ""Low"", ""Exti_status"": ""False"", ""IDC_intput_mA"": 3.935, ""IN1_pin_level"": ""Low"", ""IN2_pin_level"": ""Low"", ""Node_type"": ""PS-LB"", ""Probe_mod"": 0, ""VDC_intput_V"": 0, ""Water_deep_cm"": 0}"
2025-10-07 23:30:15.406322562+00:00,ps-lb-14,2,-120,-5.75,"{""Bat_V"": 3.594, ""Exti_pin_level"": ""Low"", ""Exti_status"": ""False"", ""IDC_intput_mA"": 3.934, ""IN1_pin_level"": ""Low"", ""IN2_pin_level"": ""Low"", ""Node_type"": ""PS-LB"", ""Probe_mod"": 0, ""VDC_intput_V"": 0, ""Water_deep_cm"": 0}"
2025-10-08 00:30:14.724167981+00:00,ps-lb-14,2,-119,-5.0,"{""Bat_V"": 3.594, ""Exti_pin_level"": ""Low"", ""Exti_status"": ""False"", ""IDC_intput_mA"": 3.934, ""IN1_pin_level"": ""Low"", ""IN2_pin_level"": ""Low"", ""Node_type"": ""PS-LB"", ""Probe_mod"": 0, ""VDC_intput_V"": 0, ""Water_deep_cm"": 0}"
2025-10-08 01:30:14.042287679+00:00,ps-lb-14,2,-121,-7.5,"{""Bat_V"": 3.594, ""Exti_pin_level"": ""Low"", ""Exti_status"": ""False"", ""IDC_intput_mA"": 3.934, ""IN1_pin_level"": ""Low"", ""IN2_pin_level"": ""Low"", ""Node_type"": ""PS-LB"", ""Probe_mod"": 0, ""VDC_intput_V"": 0, ""Water_deep_cm"": 0}"
2025-10-08 02:30:13.382312464+00:00,ps-lb-14,2,-123,-12.75,"{""Bat_V"": 3.594, ""Exti_pin_level"": ""Low"", ""Exti_status"": ""False"", ""IDC_intput_mA"": 3.934, ""IN1_pin_level"": ""Low"", ""IN2_pin_level"": ""Low"", ""Node_type"": ""PS-LB"", ""Probe_mod"": 0, ""VDC_intput_V"": 0, ""Water_deep_cm"": 0}"
2025-10-08 03:30:12.691692277+00:00,ps-lb-14,2,-126,-10.5,"{""Bat_V"": 3.594, ""Exti_pin_level"": ""Low"", ""Exti_status"": ""False"", ""IDC_intput_mA"": 3.934, ""IN1_pin_level"": ""Low"", ""IN2_pin_level"": ""Low"", ""Node_type"": ""PS-LB"", ""Probe_mod"": 0, ""VDC_intput_V"": 0, ""Water_deep_cm"": 0}"
2025-10-08 04:30:12.017122675+00:00,ps-lb-14,2,-130,-14.0,"{""Bat_V"": 3.594, ""Exti_pin_level"": ""Low"", ""Exti_status"": ""False"", ""IDC_intput_mA"": 3.934, ""IN1_pin_level"": ""Low"", ""IN2_pin_level"": ""Low"", ""Node_type"": ""PS-LB"", ""Probe_mod"": 0, ""VDC_intput_V"": 0, ""Water_deep_cm"": 0}"
2025-10-08 05:30:11.332520871+00:00,ps-lb-14,2,-120,-5.0,"{""Bat_V"": 3.594, ""Exti_pin_level"": ""Low"", ""Exti_status"": ""False"", ""IDC_intput_mA"": 3.934, ""IN1_pin_level"": ""Low"", ""IN2_pin_level"": ""Low"", ""Node_type"": ""PS-LB"", ""Probe_mod"": 0, ""VDC_intput_V"": 0, ""Water_deep_cm"": 0}"
2025-10-08 06:30:10.647651350+00:00,ps-lb-14,2,-116,-3.5,"{""Bat_V"": 3.594, ""Exti_pin_level"": ""Low"", ""Exti_status"": ""False"", ""IDC_intput_mA"": 3.935, ""IN1_pin_level"": ""Low"", ""IN2_pin_level"": ""Low"", ""Node_type"": ""PS-LB"", ""Probe_mod"": 0, ""VDC_intput_V"": 0, ""Water_deep_cm"": 0}"
2025-10-08 07:30:09.969759230+00:00,ps-lb-14,2,-119,-4.25,"{""Bat_V"": 3.594, ""Exti_pin_level"": ""Low"", ""Exti_status"": ""False"", ""IDC_intput_mA"": 3.936, ""IN1_pin_level"": ""Low"", ""IN2_pin_level"": ""Low"", ""Node_type"": ""PS-LB"", ""Probe_mod"": 0, ""VDC_intput_V"": 0, ""Water_deep_cm"": 0}"
2025-10-08 08:30:09.301475157+00:00,ps-lb-14,2,-115,-2.0,"{""Bat_V"": 3.594, ""Exti_pin_level"": ""Low"", ""Exti_status"": ""False"", ""IDC_intput_mA"": 3.936, ""IN1_pin_level"": ""Low"", ""IN2_pin_level"": ""Low"", ""Node_type"": ""PS-LB"", ""Probe_mod"": 0, ""VDC_intput_V"": 0, ""Water_deep_cm"": 0}"
2025-10-08 09:30:07.930039724+00:00,ps-lb-14,2,-88,8.25,"{""Bat_V"": 3.594, ""Exti_pin_level"": ""Low"", ""Exti_status"": ""False"", ""IDC_intput_mA"": 3.936, ""IN1_pin_level"": ""Low"", ""IN2_pin_level"": ""Low"", ""Node_type"": ""PS-LB"", ""Probe_mod"": 0, ""VDC_intput_V"": 0, ""Water_deep_cm"": 0}"
2025-10-08 10:30:06.537508452+00:00,ps-lb-14,2,-90,7.5,"{""Bat_V"": 3.594, ""Exti_pin_level"": ""Low"", ""Exti_status"": ""False"", ""IDC_intput_mA"": 3.937, ""IN1_pin_level"": ""Low"", ""IN2_pin_level"": ""Low"", ""Node_type"": ""PS-LB"", ""Probe_mod"": 0, ""VDC_intput_V"": 0, ""Water_deep_cm"": 0}"
2025-10-08 11:30:05.852762873+00:00,ps-lb-14,2,-91,8.0,"{""Bat_V"": 3.594, ""Exti_pin_level"": ""Low"", ""Exti_status"": ""False"", ""IDC_intput_mA"": 3.937, ""IN1_pin_level"": ""Low"", ""IN2_pin_level"": ""Low"", ""Node_type"": ""PS-LB"", ""Probe_mod"": 0, ""VDC_intput_V"": 0, ""Water_deep_cm"": 0}"
2025-10-08 12:30:05.156447137+00:00,ps-lb-14,2,-93,7.75,"{""Bat_V"": 3.594, ""Exti_pin_level"": ""Low"", ""Exti_status"": ""False"", ""IDC_intput_mA"": 3.938, ""IN1_pin_level"": ""Low"", ""IN2_pin_level"": ""Low"", ""Node_type"": ""PS-LB"", ""Probe_mod"": 0, ""VDC_intput_V"": 0, ""Water_deep_cm"": 0}"
2025-10-08 13:30:04.498942243+00:00,ps-lb-14,2,-89,8.25,"{""Bat_V"": 3.594, ""Exti_pin_level"": ""Low"", ""Exti_status"": ""False"", ""IDC_intput_mA"": 3.938, ""IN1_pin_level"": ""Low"", ""IN2_pin_level"": ""Low"", ""Node_type"": ""PS-LB"", ""Probe_mod"": 0, ""VDC_intput_V"": 0, ""Water_deep_cm"": 0}"
2025-10-08 14:30:03.797333400+00:00,ps-lb-14,2,-87,9.0,"{""Bat_V"": 3.6, ""Exti_pin_level"": ""Low"", ""Exti_status"": ""False"", ""IDC_intput_mA"": 3.938, ""IN1_pin_level"": ""Low"", ""IN2_pin_level"": ""Low"", ""Node_type"": ""PS-LB"", ""Probe_mod"": 0, ""VDC_intput_V"": 0, ""Water_deep_cm"": 0}"
2025-10-08 15:30:03.120169571+00:00,ps-lb-14,2,-96,-1.5,"{""Bat_V"": 3.594, ""Exti_pin_level"": ""Low"", ""Exti_status"": ""False"", ""IDC_intput_mA"": 3.939, ""IN1_pin_level"": ""Low"", ""IN2_pin_level"": ""Low"", ""Node_type"": ""PS-LB"", ""Probe_mod"": 0, ""VDC_intput_V"": 0, ""Water_deep_cm"": 0}"
2025-10-08 16:30:02.422744848+00:00,ps-lb-14,2,-120,-4.25,"{""Bat_V"": 3.594, ""Exti_pin_level"": ""Low"", ""Exti_status"": ""False"", ""IDC_intput_mA"": 3.939, ""IN1_pin_level"": ""Low"", ""IN2_pin_level"": ""Low"", ""Node_type"": ""PS-LB"", ""Probe_mod"": 0, ""VDC_intput_V"": 0, ""Water_deep_cm"": 0}"
2025-10-08 17:30:01.756495848+00:00,ps-lb-14,2,-101,-5.25,"{""Bat_V"": 3.594, ""Exti_pin_level"": ""Low"", ""Exti_status"": ""False"", ""IDC_intput_mA"": 3.939, ""IN1_pin_level"": ""Low"", ""IN2_pin_level"": ""Low"", ""Node_type"": ""PS-LB"", ""Probe_mod"": 0, ""VDC_intput_V"": 0, ""Water_deep_cm"": 0}"
2025-10-08 18:30:01.070393404+00:00,ps-lb-14,2,-98,-2.0,"{""Bat_V"": 3.594, ""Exti_pin_level"": ""Low"", ""Exti_status"": ""False"", ""IDC_intput_mA"": 3.939, ""IN1_pin_level"": ""Low"", ""IN2_pin_level"": ""Low"", ""Node_type"": ""PS-LB"", ""Probe_mod"": 0, ""VDC_intput_V"": 0, ""Water_deep_cm"": 0}"
2025-10-08 19:30:00.393840741+00:00,ps-lb-14,2,-96,1.0,"{""Bat_V"": 3.594, ""Exti_pin_level"": ""Low"", ""Exti_status"": ""False"", ""IDC_intput_mA"": 3.939, ""IN1_pin_level"": ""Low"", ""IN2_pin_level"": ""Low"", ""Node_type"": ""PS-LB"", ""Probe_mod"": 0, ""VDC_intput_V"": 0, ""Water_deep_cm"": 0}"
2025-10-08 20:29:59.709988713+00:00,ps-lb-14,2,-101,-5.75,"{""Bat_V"": 3.594, ""Exti_pin_level"": ""Low"", ""Exti_status"": ""False"", ""IDC_intput_mA"": 3.938, ""IN1_pin_level"": ""Low"", ""IN2_pin_level"": ""Low"", ""Node_type"": ""PS-LB"", ""Probe_mod"": 0, ""VDC_intput_V"": 0, ""Water_deep_cm"": 0}"
2025-10-08 21:29:59.031062660+00:00,ps-lb-14,2,-120,-4.0,"{""Bat_V"": 3.594, ""Exti_pin_level"": ""Low"", ""Exti_status"": ""False"", ""IDC_intput_mA"": 3.938, ""IN1_pin_level"": ""Low"", ""IN2_pin_level"": ""Low"", ""Node_type"": ""PS-LB"", ""Probe_mod"": 0, ""VDC_intput_V"": 0, ""Water_deep_cm"": 0}"
2025-10-08 22:29:58.359151021+00:00,ps-lb-14,2,-99,1.0,"{""Bat_V"": 3.594, ""Exti_pin_level"": ""Low"", ""Exti_status"": ""False"", ""IDC_intput_mA"": 3.938, ""IN1_pin_level"": ""Low"", ""IN2_pin_level"": ""Low"", ""Node_type"": ""PS-LB"", ""Probe_mod"": 0, ""VDC_intput_V"": 0, ""Water_deep_cm"": 0}"
2025-10-08 23:29:57.670643596+00:00,ps-lb-14,2,-95,-4.75,"{""Bat_V"": 3.594, ""Exti_pin_level"": ""Low"", ""Exti_status"": ""False"", ""IDC_intput_mA"": 3.938, ""IN1_pin_level"": ""Low"", ""IN2_pin_level"": ""Low"", ""Node_type"": ""PS-LB"", ""Probe_mod"": 0, ""VDC_intput_V"": 0, ""Water_deep_cm"": 0}"
2025-10-09 00:29:57.013866725+00:00,ps-lb-14,2,-103,-5.0,"{""Bat_V"": 3.6, ""Exti_pin_level"": ""Low"", ""Exti_status"": ""False"", ""IDC_intput_mA"": 3.937, ""IN1_pin_level"": ""Low"", ""IN2_pin_level"": ""Low"", ""Node_type"": ""PS-LB"", ""Probe_mod"": 0, ""VDC_intput_V"": 0, ""Water_deep_cm"": 0}"
2025-10-09 01:29:56.312109094+00:00,ps-lb-14,2,-99,-10.25,"{""Bat_V"": 3.594, ""Exti_pin_level"": ""Low"", ""Exti_status"": ""False"", ""IDC_intput_mA"": 3.938, ""IN1_pin_level"": ""Low"", ""IN2_pin_level"": ""Low"", ""Node_type"": ""PS-LB"", ""Probe_mod"": 0, ""VDC_intput_V"": 0, ""Water_deep_cm"": 0}"
2025-10-09 02:29:55.625755719+00:00,ps-lb-14,2,-98,-5.5,"{""Bat_V"": 3.594, ""Exti_pin_level"": ""Low"", ""Exti_status"": ""False"", ""IDC_intput_mA"": 3.937, ""IN1_pin_level"": ""Low"", ""IN2_pin_level"": ""Low"", ""Node_type"": ""PS-LB"", ""Probe_mod"": 0, ""VDC_intput_V"": 0, ""Water_deep_cm"": 0}"
2025-10-09 03:29:54.951029464+00:00,ps-lb-14,2,-120,-3.25,"{""Bat_V"": 3.594, ""Exti_pin_level"": ""Low"", ""Exti_status"": ""False"", ""IDC_intput_mA"": 3.936, ""IN1_pin_level"": ""Low"", ""IN2_pin_level"": ""Low"", ""Node_type"": ""PS-LB"", ""Probe_mod"": 0, ""VDC_intput_V"": 0, ""Water_deep_cm"": 0}"
2025-10-09 04:29:54.265875410+00:00,ps-lb-14,2,-101,-5.25,"{""Bat_V"": 3.594, ""Exti_pin_level"": ""Low"", ""Exti_status"": ""False"", ""IDC_intput_mA"": 3.936, ""IN1_pin_level"": ""Low"", ""IN2_pin_level"": ""Low"", ""Node_type"": ""PS-LB"", ""Probe_mod"": 0, ""VDC_intput_V"": 0, ""Water_deep_cm"": 0}"
2025-10-09 05:29:53.593547023+00:00,ps-lb-14,2,-97,1.5,"{""Bat_V"": 3.594, ""Exti_pin_level"": ""Low"", ""Exti_status"": ""False"", ""IDC_intput_mA"": 3.937, ""IN1_pin_level"": ""Low"", ""IN2_pin_level"": ""Low"", ""Node_type"": ""PS-LB"", ""Probe_mod"": 0, ""VDC_intput_V"": 0, ""Water_deep_cm"": 0}"
2025-10-09 06:29:52.863669457+00:00,ps-lb-14,2,-95,5.5,"{""Bat_V"": 3.594, ""Exti_pin_level"": ""Low"", ""Exti_status"": ""False"", ""IDC_intput_mA"": 3.938, ""IN1_pin_level"": ""Low"", ""IN2_pin_level"": ""Low"", ""Node_type"": ""PS-LB"", ""Probe_mod"": 0, ""VDC_intput_V"": 0, ""Water_deep_cm"": 0}"
2025-10-09 07:29:52.186821466+00:00,ps-lb-14,2,-81,9.25,"{""Bat_V"": 3.594, ""Exti_pin_level"": ""Low"", ""Exti_status"": ""False"", ""IDC_intput_mA"": 7.407, ""IN1_pin_level"": ""Low"", ""IN2_pin_level"": ""Low"", ""Node_type"": ""PS-LB"", ""Probe_mod"": 0, ""VDC_intput_V"": 0, ""Water_deep_cm"": 42.587}"
2025-10-09 08:29:51.517953387+00:00,ps-lb-14,2,-81,9.0,"{""Bat_V"": 3.594, ""Exti_pin_level"": ""Low"", ""Exti_status"": ""False"", ""IDC_intput_mA"": 7.403, ""IN1_pin_level"": ""Low"", ""IN2_pin_level"": ""Low"", ""Node_type"": ""PS-LB"", ""Probe_mod"": 0, ""VDC_intput_V"": 0, ""Water_deep_cm"": 42.537}"
2025-10-09 09:29:50.845720112+00:00,ps-lb-14,2,-118,-3.5,"{""Bat_V"": 3.594, ""Exti_pin_level"": ""Low"", ""Exti_status"": ""False"", ""IDC_intput_mA"": 7.402, ""IN1_pin_level"": ""Low"", ""IN2_pin_level"": ""Low"", ""Node_type"": ""PS-LB"", ""Probe_mod"": 0, ""VDC_intput_V"": 0, ""Water_deep_cm"": 42.525}"
2025-10-09 10:29:50.170681839+00:00,ps-lb-14,2,-78,7.0,"{""Bat_V"": 3.594, ""Exti_pin_level"": ""Low"", ""Exti_status"": ""False"", ""IDC_intput_mA"": 7.406, ""IN1_pin_level"": ""Low"", ""IN2_pin_level"": ""Low"", ""Node_type"": ""PS-LB"", ""Probe_mod"": 0, ""VDC_intput_V"": 0, ""Water_deep_cm"": 42.575}"
2025-10-09 11:29:49.493351989+00:00,ps-lb-14,2,-109,6.75,"{""Bat_V"": 3.594, ""Exti_pin_level"": ""Low"", ""Exti_status"": ""False"", ""IDC_intput_mA"": 7.457, ""IN1_pin_level"": ""Low"", ""IN2_pin_level"": ""Low"", ""Node_type"": ""PS-LB"", ""Probe_mod"": 0, ""VDC_intput_V"": 0, ""Water_deep_cm"": 43.212}"
2025-10-09 12:29:48.808862648+00:00,ps-lb-14,2,-78,9.5,"{""Bat_V"": 3.594, ""Exti_pin_level"": ""Low"", ""Exti_status"": ""False"", ""IDC_intput_mA"": 7.468, ""IN1_pin_level"": ""Low"", ""IN2_pin_level"": ""Low"", ""Node_type"": ""PS-LB"", ""Probe_mod"": 0, ""VDC_intput_V"": 0, ""Water_deep_cm"": 43.35}"
2025-10-09 13:29:48.146640796+00:00,ps-lb-14,2,-84,8.5,"{""Bat_V"": 3.594, ""Exti_pin_level"": ""Low"", ""Exti_status"": ""False"", ""IDC_intput_mA"": 7.461, ""IN1_pin_level"": ""Low"", ""IN2_pin_level"": ""Low"", ""Node_type"": ""PS-LB"", ""Probe_mod"": 0, ""VDC_intput_V"": 0, ""Water_deep_cm"": 43.263}"
2025-10-09 14:29:47.469606525+00:00,ps-lb-14,2,-121,-7.75,"{""Bat_V"": 3.594, ""Exti_pin_level"": ""Low"", ""Exti_status"": ""False"", ""IDC_intput_mA"": 7.449, ""IN1_pin_level"": ""Low"", ""IN2_pin_level"": ""Low"", ""Node_type"": ""PS-LB"", ""Probe_mod"": 0, ""VDC_intput_V"": 0, ""Water_deep_cm"": 43.112}"
2025-10-09 15:29:46.799140684+00:00,ps-lb-14,2,-107,7.0,"{""Bat_V"": 3.594, ""Exti_pin_level"": ""Low"", ""Exti_status"": ""False"", ""IDC_intput_mA"": 7.438, ""IN1_pin_level"": ""Low"", ""IN2_pin_level"": ""Low"", ""Node_type"": ""PS-LB"", ""Probe_mod"": 0, ""VDC_intput_V"": 0, ""Water_deep_cm"": 42.975}"
2025-10-09 16:29:46.125749603+00:00,ps-lb-14,2,-84,9.5,"{""Bat_V"": 3.594, ""Exti_pin_level"": ""Low"", ""Exti_status"": ""False"", ""IDC_intput_mA"": 7.427, ""IN1_pin_level"": ""Low"", ""IN2_pin_level"": ""Low"", ""Node_type"": ""PS-LB"", ""Probe_mod"": 0, ""VDC_intput_V"": 0, ""Water_deep_cm"": 42.837}"
2025-10-09 17:29:45.454794673+00:00,ps-lb-14,2,-95,0.5,"{""Bat_V"": 3.594, ""Exti_pin_level"": ""Low"", ""Exti_status"": ""False"", ""IDC_intput_mA"": 3.912, ""IN1_pin_level"": ""Low"", ""IN2_pin_level"": ""Low"", ""Node_type"": ""PS-LB"", ""Probe_mod"": 0, ""VDC_intput_V"": 0, ""Water_deep_cm"": 0}"
2025-10-09 18:29:44.783414143+00:00,ps-lb-14,2,-97,,"{""Bat_V"": 3.594, ""Exti_pin_level"": ""Low"", ""Exti_status"": ""False"", ""IDC_intput_mA"": 3.924, ""IN1_pin_level"": ""Low"", ""IN2_pin_level"": ""Low"", ""Node_type"": ""PS-LB"", ""Probe_mod"": 0, ""VDC_intput_V"": 0, ""Water_deep_cm"": 0}"
2025-10-09 19:29:44.085336507+00:00,ps-lb-14,2,-97,1.75,"{""Bat_V"": 3.594, ""Exti_pin_level"": ""Low"", ""Exti_status"": ""False"", ""IDC_intput_mA"": 3.929, ""IN1_pin_level"": ""Low"", ""IN2_pin_level"": ""Low"", ""Node_type"": ""PS-LB"", ""Probe_mod"": 0, ""VDC_intput_V"": 0, ""Water_deep_cm"": 0}"
2025-10-09 20:29:43.517235033+00:00,ps-lb-14,2,-97,3.0,"{""Bat_V"": 3.594, ""Exti_pin_level"": ""Low"", ""Exti_status"": ""False"", ""IDC_intput_mA"": 3.932, ""IN1_pin_level"": ""Low"", ""IN2_pin_level"": ""Low"", ""Node_type"": ""PS-LB"", ""Probe_mod"": 0, ""VDC_intput_V"": 0, ""Water_deep_cm"": 0}"
2025-10-09 21:29:42.728430469+00:00,ps-lb-14,2,-98,1.0,"{""Bat_V"": 3.594, ""Exti_pin_level"": ""Low"", ""Exti_status"": ""False"", ""IDC_intput_mA"": 3.933, ""IN1_pin_level"": ""Low"", ""IN2_pin_level"": ""Low"", ""Node_type"": ""PS-LB"", ""Probe_mod"": 0, ""VDC_intput_V"": 0, ""Water_deep_cm"": 0}"
2025-10-09 22:29:42.037751733+00:00,ps-lb-14,2,-98,1.75,"{""Bat_V"": 3.594, ""Exti_pin_level"": ""Low"", ""Exti_status"": ""False"", ""IDC_intput_mA"": 3.934, ""IN1_pin_level"": ""Low"", ""IN2_pin_level"": ""Low"", ""Node_type"": ""PS-LB"", ""Probe_mod"": 0, ""VDC_intput_V"": 0, ""Water_deep_cm"": 0}"
2025-10-09 23:29:41.384336744+00:00,ps-lb-14,2,-96,0.75,"{""Bat_V"": 3.594, ""Exti_pin_level"": ""Low"", ""Exti_status"": ""False"", ""IDC_intput_mA"": 3.934, ""IN1_pin_level"": ""Low"", ""IN2_pin_level"": ""Low"", ""Node_type"": ""PS-LB"", ""Probe_mod"": 0, ""VDC_intput_V"": 0, ""Water_deep_cm"": 0}"
2025-10-10 00:29:40.684474380+00:00,ps-lb-14,2,-98,0.75,"{""Bat_V"": 3.594, ""Exti_pin_level"": ""Low"", ""Exti_status"": ""False"", ""IDC_intput_mA"": 3.935, ""IN1_pin_level"": ""Low"", ""IN2_pin_level"": ""Low"", ""Node_type"": ""PS-LB"", ""Probe_mod"": 0, ""VDC_intput_V"": 0, ""Water_deep_cm"": 0}"
2025-10-10 01:29:40.007391289+00:00,ps-lb-14,2,-97,2.5,"{""Bat_V"": 3.594, ""Exti_pin_level"": ""Low"", ""Exti_status"": ""False"", ""IDC_intput_mA"": 3.934, ""IN1_pin_level"": ""Low"", ""IN2_pin_level"": ""Low"", ""Node_type"": ""PS-LB"", ""Probe_mod"": 0, ""VDC_intput_V"": 0, ""Water_deep_cm"": 0}"
2025-10-10 02:29:39.333499752+00:00,ps-lb-14,2,-97,-3.5,"{""Bat_V"": 3.594, ""Exti_pin_level"": ""Low"", ""Exti_status"": ""False"", ""IDC_intput_mA"": 3.934, ""IN1_pin_level"": ""Low"", ""IN2_pin_level"": ""Low"", ""Node_type"": ""PS-LB"", ""Probe_mod"": 0, ""VDC_intput_V"": 0, ""Water_deep_cm"": 0}"
2025-10-10 03:29:38.638436646+00:00,ps-lb-14,2,-101,1.5,"{""Bat_V"": 3.594, ""Exti_pin_level"": ""Low"", ""Exti_status"": ""False"", ""IDC_intput_mA"": 3.935, ""IN1_pin_level"": ""Low"", ""IN2_pin_level"": ""Low"", ""Node_type"": ""PS-LB"", ""Probe_mod"": 0, ""VDC_intput_V"": 0, ""Water_deep_cm"": 0}"
2025-10-10 04:29:37.962415778+00:00,ps-lb-14,2,-96,-0.25,"{""Bat_V"": 3.594, ""Exti_pin_level"": ""Low"", ""Exti_status"": ""False"", ""IDC_intput_mA"": 3.934, ""IN1_pin_level"": ""Low"", ""IN2_pin_level"": ""Low"", ""Node_type"": ""PS-LB"", ""Probe_mod"": 0, ""VDC_intput_V"": 0, ""Water_deep_cm"": 0}"
2025-10-10 05:29:37.303251245+00:00,ps-lb-14,2,-98,2.0,"{""Bat_V"": 3.594, ""Exti_pin_level"": ""Low"", ""Exti_status"": ""False"", ""IDC_intput_mA"": 3.935, ""IN1_pin_level"": ""Low"", ""IN2_pin_level"": ""Low"", ""Node_type"": ""PS-LB"", ""Probe_mod"": 0, ""VDC_intput_V"": 0, ""Water_deep_cm"": 0}"
2025-10-10 06:29:36.594660820+00:00,ps-lb-14,2,-85,8.25,"{""Bat_V"": 3.594, ""Exti_pin_level"": ""Low"", ""Exti_status"": ""False"", ""IDC_intput_mA"": 7.322, ""IN1_pin_level"": ""Low"", ""IN2_pin_level"": ""Low"", ""Node_type"": ""PS-LB"", ""Probe_mod"": 0, ""VDC_intput_V"": 0, ""Water_deep_cm"": 41.525}"
2025-10-10 07:29:35.928925419+00:00,ps-lb-14,2,-86,8.25,"{""Bat_V"": 3.594, ""Exti_pin_level"": ""Low"", ""Exti_status"": ""False"", ""IDC_intput_mA"": 7.308, ""IN1_pin_level"": ""Low"", ""IN2_pin_level"": ""Low"", ""Node_type"": ""PS-LB"", ""Probe_mod"": 0, ""VDC_intput_V"": 0, ""Water_deep_cm"": 41.35}"
2025-10-10 08:29:35.280984849+00:00,ps-lb-14,2,-84,7.75,"{""Bat_V"": 3.594, ""Exti_pin_level"": ""Low"", ""Exti_status"": ""False"", ""IDC_intput_mA"": 7.321, ""IN1_pin_level"": ""Low"", ""IN2_pin_level"": ""Low"", ""Node_type"": ""PS-LB"", ""Probe_mod"": 0, ""VDC_intput_V"": 0, ""Water_deep_cm"": 41.512}"
2025-10-10 09:29:34.598174433+00:00,ps-lb-14,2,-80,9.0,"{""Bat_V"": 3.594, ""Exti_pin_level"": ""Low"", ""Exti_status"": ""False"", ""IDC_intput_mA"": 7.417, ""IN1_pin_level"": ""Low"", ""IN2_pin_level"": ""Low"", ""Node_type"": ""PS-LB"", ""Probe_mod"": 0, ""VDC_intput_V"": 0, ""Water_deep_cm"": 42.712}"
2025-10-10 10:29:33.928985553+00:00,ps-lb-14,2,-79,7.75,"{""Bat_V"": 3.594, ""Exti_pin_level"": ""Low"", ""Exti_status"": ""False"", ""IDC_intput_mA"": 7.494, ""IN1_pin_level"": ""Low"", ""IN2_pin_level"": ""Low"", ""Node_type"": ""PS-LB"", ""Probe_mod"": 0, ""VDC_intput_V"": 0, ""Water_deep_cm"": 43.675}"
2025-10-10 11:29:33.275112035+00:00,ps-lb-14,2,-98,2.25,"{""Bat_V"": 3.594, ""Exti_pin_level"": ""Low"", ""Exti_status"": ""False"", ""IDC_intput_mA"": 3.902, ""IN1_pin_level"": ""Low"", ""IN2_pin_level"": ""Low"", ""Node_type"": ""PS-LB"", ""Probe_mod"": 0, ""VDC_intput_V"": 0, ""Water_deep_cm"": 0}"
2025-10-10 12:29:32.576410623+00:00,ps-lb-14,2,-97,3.0,"{""Bat_V"": 3.594, ""Exti_pin_level"": ""Low"", ""Exti_status"": ""False"", ""IDC_intput_mA"": 3.93, ""IN1_pin_level"": ""Low"", ""IN2_pin_level"": ""Low"", ""Node_type"": ""PS-LB"", ""Probe_mod"": 0, ""VDC_intput_V"": 0, ""Water_deep_cm"": 0}"
2025-10-10 13:29:31.882737551+00:00,ps-lb-14,2,-95,3.5,"{""Bat_V"": 3.594, ""Exti_pin_level"": ""Low"", ""Exti_status"": ""False"", ""IDC_intput_mA"": 3.936, ""IN1_pin_level"": ""Low"", ""IN2_pin_level"": ""Low"", ""Node_type"": ""PS-LB"", ""Probe_mod"": 0, ""VDC_intput_V"": 0, ""Water_deep_cm"": 0}"
2025-10-10 14:29:31.225879205+00:00,ps-lb-14,2,-92,3.25,"{""Bat_V"": 3.594, ""Exti_pin_level"": ""Low"", ""Exti_status"": ""False"", ""IDC_intput_mA"": 3.938, ""IN1_pin_level"": ""Low"", ""IN2_pin_level"": ""Low"", ""Node_type"": ""PS-LB"", ""Probe_mod"": 0, ""VDC_intput_V"": 0, ""Water_deep_cm"": 0}"
2025-10-10 15:29:30.536971868+00:00,ps-lb-14,2,-96,-1.5,"{""Bat_V"": 3.6, ""Exti_pin_level"": ""Low"", ""Exti_status"": ""False"", ""IDC_intput_mA"": 3.94, ""IN1_pin_level"": ""Low"", ""IN2_pin_level"": ""Low"", ""Node_type"": ""PS-LB"", ""Probe_mod"": 0, ""VDC_intput_V"": 0, ""Water_deep_cm"": 0}"
2025-10-10 16:29:29.857156954+00:00,ps-lb-14,2,-99,2.75,"{""Bat_V"": 3.594, ""Exti_pin_level"": ""Low"", ""Exti_status"": ""False"", ""IDC_intput_mA"": 3.941, ""IN1_pin_level"": ""Low"", ""IN2_pin_level"": ""Low"", ""Node_type"": ""PS-LB"", ""Probe_mod"": 0, ""VDC_intput_V"": 0, ""Water_deep_cm"": 0}"
2025-10-10 17:29:29.175457334+00:00,ps-lb-14,2,-97,3.0,"{""Bat_V"": 3.594, ""Exti_pin_level"": ""Low"", ""Exti_status"": ""False"", ""IDC_intput_mA"": 3.941, ""IN1_pin_level"": ""Low"", ""IN2_pin_level"": ""Low"", ""Node_type"": ""PS-LB"", ""Probe_mod"": 0, ""VDC_intput_V"": 0, ""Water_deep_cm"": 0}"
2025-10-10 18:29:28.506280939+00:00,ps-lb-14,2,-95,2.75,"{""Bat_V"": 3.594, ""Exti_pin_level"": ""Low"", ""Exti_status"": ""False"", ""IDC_intput_mA"": 3.942, ""IN1_pin_level"": ""Low"", ""IN2_pin_level"": ""Low"", ""Node_type"": ""PS-LB"", ""Probe_mod"": 0, ""VDC_intput_V"": 0, ""Water_deep_cm"": 0}"
2025-10-10 19:29:27.832903672+00:00,ps-lb-14,2,-97,5.0,"{""Bat_V"": 3.594, ""Exti_pin_level"": ""Low"", ""Exti_status"": ""False"", ""IDC_intput_mA"": 3.942, ""IN1_pin_level"": ""Low"", ""IN2_pin_level"": ""Low"", ""Node_type"": ""PS-LB"", ""Probe_mod"": 0, ""VDC_intput_V"": 0, ""Water_deep_cm"": 0}"
2025-10-10 20:29:27.132468740+00:00,ps-lb-14,2,-95,3.25,"{""Bat_V"": 3.6, ""Exti_pin_level"": ""Low"", ""Exti_status"": ""False"", ""IDC_intput_mA"": 3.942, ""IN1_pin_level"": ""Low"", ""IN2_pin_level"": ""Low"", ""Node_type"": ""PS-LB"", ""Probe_mod"": 0, ""VDC_intput_V"": 0, ""Water_deep_cm"": 0}"
2025-10-10 21:29:26.447108380+00:00,ps-lb-14,2,-96,5.25,"{""Bat_V"": 3.594, ""Exti_pin_level"": ""Low"", ""Exti_status"": ""False"", ""IDC_intput_mA"": 3.942, ""IN1_pin_level"": ""Low"", ""IN2_pin_level"": ""Low"", ""Node_type"": ""PS-LB"", ""Probe_mod"": 0, ""VDC_intput_V"": 0, ""Water_deep_cm"": 0}"
2025-10-10 22:29:25.775786740+00:00,ps-lb-14,2,-97,3.5,"{""Bat_V"": 3.594, ""Exti_pin_level"": ""Low"", ""Exti_status"": ""False"", ""IDC_intput_mA"": 3.942, ""IN1_pin_level"": ""Low"", ""IN2_pin_level"": ""Low"", ""Node_type"": ""PS-LB"", ""Probe_mod"": 0, ""VDC_intput_V"": 0, ""Water_deep_cm"": 0}"
2025-10-10 23:29:25.107499761+00:00,ps-lb-14,2,-124,-8.25,"{""Bat_V"": 3.6, ""Exti_pin_level"": ""Low"", ""Exti_status"": ""False"", ""IDC_intput_mA"": 3.942, ""IN1_pin_level"": ""Low"", ""IN2_pin_level"": ""Low"", ""Node_type"": ""PS-LB"", ""Probe_mod"": 0, ""VDC_intput_V"": 0, ""Water_deep_cm"": 0}"
2025-10-11 00:29:24.420562644+00:00,ps-lb-14,2,-97,,"{""Bat_V"": 3.594, ""Exti_pin_level"": ""Low"", ""Exti_status"": ""False"", ""IDC_intput_mA"": 3.942, ""IN1_pin_level"": ""Low"", ""IN2_pin_level"": ""Low"", ""Node_type"": ""PS-LB"", ""Probe_mod"": 0, ""VDC_intput_V"": 0, ""Water_deep_cm"": 0}"
2025-10-11 01:29:23.728501176+00:00,ps-lb-14,2,-94,2.5,"{""Bat_V"": 3.594, ""Exti_pin_level"": ""Low"", ""Exti_status"": ""False"", ""IDC_intput_mA"": 3.942, ""IN1_pin_level"": ""Low"", ""IN2_pin_level"": ""Low"", ""Node_type"": ""PS-LB"", ""Probe_mod"": 0, ""VDC_intput_V"": 0, ""Water_deep_cm"": 0}"
2025-10-11 02:29:23.050889532+00:00,ps-lb-14,2,-98,-0.25,"{""Bat_V"": 3.6, ""Exti_pin_level"": ""Low"", ""Exti_status"": ""False"", ""IDC_intput_mA"": 3.942, ""IN1_pin_level"": ""Low"", ""IN2_pin_level"": ""Low"", ""Node_type"": ""PS-LB"", ""Probe_mod"": 0, ""VDC_intput_V"": 0, ""Water_deep_cm"": 0}"
2025-10-11 03:29:22.375697889+00:00,ps-lb-14,2,-98,4.25,"{""Bat_V"": 3.6, ""Exti_pin_level"": ""Low"", ""Exti_status"": ""False"", ""IDC_intput_mA"": 3.942, ""IN1_pin_level"": ""Low"", ""IN2_pin_level"": ""Low"", ""Node_type"": ""PS-LB"", ""Probe_mod"": 0, ""VDC_intput_V"": 0, ""Water_deep_cm"": 0}"
2025-10-11 04:29:21.703608484+00:00,ps-lb-14,2,-96,3.25,"{""Bat_V"": 3.594, ""Exti_pin_level"": ""Low"", ""Exti_status"": ""False"", ""IDC_intput_mA"": 3.942, ""IN1_pin_level"": ""Low"", ""IN2_pin_level"": ""Low"", ""Node_type"": ""PS-LB"", ""Probe_mod"": 0, ""VDC_intput_V"": 0, ""Water_deep_cm"": 0}"
2025-10-11 05:29:21.018965793+00:00,ps-lb-14,2,-97,4.25,"{""Bat_V"": 3.594, ""Exti_pin_level"": ""Low"", ""Exti_status"": ""False"", ""IDC_intput_mA"": 3.941, ""IN1_pin_level"": ""Low"", ""IN2_pin_level"": ""Low"", ""Node_type"": ""PS-LB"", ""Probe_mod"": 0, ""VDC_intput_V"": 0, ""Water_deep_cm"": 0}"
2025-10-11 06:29:20.332257467+00:00,ps-lb-14,2,-95,1.25,"{""Bat_V"": 3.6, ""Exti_pin_level"": ""Low"", ""Exti_status"": ""False"", ""IDC_intput_mA"": 3.941, ""IN1_pin_level"": ""Low"", ""IN2_pin_level"": ""Low"", ""Node_type"": ""PS-LB"", ""Probe_mod"": 0, ""VDC_intput_V"": 0, ""Water_deep_cm"": 0}"
2025-10-11 07:29:19.674339670+00:00,ps-lb-14,2,-93,1.75,"{""Bat_V"": 3.6, ""Exti_pin_level"": ""Low"", ""Exti_status"": ""False"", ""IDC_intput_mA"": 3.941, ""IN1_pin_level"": ""Low"", ""IN2_pin_level"": ""Low"", ""Node_type"": ""PS-LB"", ""Probe_mod"": 0, ""VDC_intput_V"": 0, ""Water_deep_cm"": 0}"
2025-10-11 08:29:18.974327336+00:00,ps-lb-14,2,-97,1.25,"{""Bat_V"": 3.594, ""Exti_pin_level"": ""Low"", ""Exti_status"": ""False"", ""IDC_intput_mA"": 3.941, ""IN1_pin_level"": ""Low"", ""IN2_pin_level"": ""Low"", ""Node_type"": ""PS-LB"", ""Probe_mod"": 0, ""VDC_intput_V"": 0, ""Water_deep_cm"": 0}"
2025-10-11 09:29:18.300211258+00:00,ps-lb-14,2,-95,3.75,"{""Bat_V"": 3.594, ""Exti_pin_level"": ""Low"", ""Exti_status"": ""False"", ""IDC_intput_mA"": 3.94, ""IN1_pin_level"": ""Low"", ""IN2_pin_level"": ""Low"", ""Node_type"": ""PS-LB"", ""Probe_mod"": 0, ""VDC_intput_V"": 0, ""Water_deep_cm"": 0}"
2025-10-11 10:29:17.632399687+00:00,ps-lb-14,2,-95,1.0,"{""Bat_V"": 3.6, ""Exti_pin_level"": ""Low"", ""Exti_status"": ""False"", ""IDC_intput_mA"": 3.94, ""IN1_pin_level"": ""Low"", ""IN2_pin_level"": ""Low"", ""Node_type"": ""PS-LB"", ""Probe_mod"": 0, ""VDC_intput_V"": 0, ""Water_deep_cm"": 0}"
2025-10-11 11:29:16.955503358+00:00,ps-lb-14,2,-123,-7.75,"{""Bat_V"": 3.6, ""Exti_pin_level"": ""Low"", ""Exti_status"": ""False"", ""IDC_intput_mA"": 3.94, ""IN1_pin_level"": ""Low"", ""IN2_pin_level"": ""Low"", ""Node_type"": ""PS-LB"", ""Probe_mod"": 0, ""VDC_intput_V"": 0, ""Water_deep_cm"": 0}"
2025-10-11 12:29:16.297178264+00:00,ps-lb-14,2,-96,4.75,"{""Bat_V"": 3.6, ""Exti_pin_level"": ""Low"", ""Exti_status"": ""False"", ""IDC_intput_mA"": 3.94, ""IN1_pin_level"": ""Low"", ""IN2_pin_level"": ""Low"", ""Node_type"": ""PS-LB"", ""Probe_mod"": 0, ""VDC_intput_V"": 0, ""Water_deep_cm"": 0}"
2025-10-11 13:29:15.598688292+00:00,ps-lb-14,2,-99,,"{""Bat_V"": 3.594, ""Exti_pin_level"": ""Low"", ""Exti_status"": ""False"", ""IDC_intput_mA"": 3.94, ""IN1_pin_level"": ""Low"", ""IN2_pin_level"": ""Low"", ""Node_type"": ""PS-LB"", ""Probe_mod"": 0, ""VDC_intput_V"": 0, ""Water_deep_cm"": 0}"
2025-10-11 14:29:14.905834953+00:00,ps-lb-14,2,-92,4.0,"{""Bat_V"": 3.594, ""Exti_pin_level"": ""Low"", ""Exti_status"": ""False"", ""IDC_intput_mA"": 3.94, ""IN1_pin_level"": ""Low"", ""IN2_pin_level"": ""Low"", ""Node_type"": ""PS-LB"", ""Probe_mod"": 0, ""VDC_intput_V"": 0, ""Water_deep_cm"": 0}"
2025-10-11 15:29:14.228145925+00:00,ps-lb-14,2,-95,4.25,"{""Bat_V"": 3.594, ""Exti_pin_level"": ""Low"", ""Exti_status"": ""False"", ""IDC_intput_mA"": 3.94, ""IN1_pin_level"": ""Low"", ""IN2_pin_level"": ""Low"", ""Node_type"": ""PS-LB"", ""Probe_mod"": 0, ""VDC_intput_V"": 0, ""Water_deep_cm"": 0}"
2025-10-11 16:29:13.558263207+00:00,ps-lb-14,2,-94,3.5,"{""Bat_V"": 3.6, ""Exti_pin_level"": ""Low"", ""Exti_status"": ""False"", ""IDC_intput_mA"": 3.94, ""IN1_pin_level"": ""Low"", ""IN2_pin_level"": ""Low"", ""Node_type"": ""PS-LB"", ""Probe_mod"": 0, ""VDC_intput_V"": 0, ""Water_deep_cm"": 0}"
2025-10-11 17:29:12.867493385+00:00,ps-lb-14,2,-97,3.0,"{""Bat_V"": 3.594, ""Exti_pin_level"": ""Low"", ""Exti_status"": ""False"", ""IDC_intput_mA"": 3.94, ""IN1_pin_level"": ""Low"", ""IN2_pin_level"": ""Low"", ""Node_type"": ""PS-LB"", ""Probe_mod"": 0, ""VDC_intput_V"": 0, ""Water_deep_cm"": 0}"
2025-10-11 18:29:12.194936449+00:00,ps-lb-14,2,-94,0.75,"{""Bat_V"": 3.6, ""Exti_pin_level"": ""Low"", ""Exti_status"": ""False"", ""IDC_intput_mA"": 3.94, ""IN1_pin_level"": ""Low"", ""IN2_pin_level"": ""Low"", ""Node_type"": ""PS-LB"", ""Probe_mod"": 0, ""VDC_intput_V"": 0, ""Water_deep_cm"": 0}"
2025-10-11 19:29:11.534885885+00:00,ps-lb-14,2,-92,4.5,"{""Bat_V"": 3.6, ""Exti_pin_level"": ""Low"", ""Exti_status"": ""False"", ""IDC_intput_mA"": 3.94, ""IN1_pin_level"": ""Low"", ""IN2_pin_level"": ""Low"", ""Node_type"": ""PS-LB"", ""Probe_mod"": 0, ""VDC_intput_V"": 0, ""Water_deep_cm"": 0}"
2025-10-11 20:29:10.826320234+00:00,ps-lb-14,2,-96,3.0,"{""Bat_V"": 3.594, ""Exti_pin_level"": ""Low"", ""Exti_status"": ""False"", ""IDC_intput_mA"": 3.939, ""IN1_pin_level"": ""Low"", ""IN2_pin_level"": ""Low"", ""Node_type"": ""PS-LB"", ""Probe_mod"": 0, ""VDC_intput_V"": 0, ""Water_deep_cm"": 0}"
2025-10-11 21:29:10.158779209+00:00,ps-lb-14,2,-93,5.0,"{""Bat_V"": 3.6, ""Exti_pin_level"": ""Low"", ""Exti_status"": ""False"", ""IDC_intput_mA"": 3.939, ""IN1_pin_level"": ""Low"", ""IN2_pin_level"": ""Low"", ""Node_type"": ""PS-LB"", ""Probe_mod"": 0, ""VDC_intput_V"": 0, ""Water_deep_cm"": 0}"
2025-10-11 22:29:09.476535518+00:00,ps-lb-14,2,-93,5.0,"{""Bat_V"": 3.594, ""Exti_pin_level"": ""Low"", ""Exti_status"": ""False"", ""IDC_intput_mA"": 3.939, ""IN1_pin_level"": ""Low"", ""IN2_pin_level"": ""Low"", ""Node_type"": ""PS-LB"", ""Probe_mod"": 0, ""VDC_intput_V"": 0, ""Water_deep_cm"": 0}"
2025-10-11 23:29:08.805533463+00:00,ps-lb-14,2,-96,,"{""Bat_V"": 3.594, ""Exti_pin_level"": ""Low"", ""Exti_status"": ""False"", ""IDC_intput_mA"": 3.939, ""IN1_pin_level"": ""Low"", ""IN2_pin_level"": ""Low"", ""Node_type"": ""PS-LB"", ""Probe_mod"": 0, ""VDC_intput_V"": 0, ""Water_deep_cm"": 0}"
2025-10-12 00:29:08.122100588+00:00,ps-lb-14,2,-95,2.75,"{""Bat_V"": 3.594, ""Exti_pin_level"": ""Low"", ""Exti_status"": ""False"", ""IDC_intput_mA"": 3.939, ""IN1_pin_level"": ""Low"", ""IN2_pin_level"": ""Low"", ""Node_type"": ""PS-LB"", ""Probe_mod"": 0, ""VDC_intput_V"": 0, ""Water_deep_cm"": 0}"
2025-10-12 01:29:07.435614250+00:00,ps-lb-14,2,-95,3.75,"{""Bat_V"": 3.594, ""Exti_pin_level"": ""Low"", ""Exti_status"": ""False"", ""IDC_intput_mA"": 3.939, ""IN1_pin_level"": ""Low"", ""IN2_pin_level"": ""Low"", ""Node_type"": ""PS-LB"", ""Probe_mod"": 0, ""VDC_intput_V"": 0, ""Water_deep_cm"": 0}"
2025-10-12 02:29:06.753519982+00:00,ps-lb-14,2,-93,0.25,"{""Bat_V"": 3.6, ""Exti_pin_level"": ""Low"", ""Exti_status"": ""False"", ""IDC_intput_mA"": 3.939, ""IN1_pin_level"": ""Low"", ""IN2_pin_level"": ""Low"", ""Node_type"": ""PS-LB"", ""Probe_mod"": 0, ""VDC_intput_V"": 0, ""Water_deep_cm"": 0}"
2025-10-12 03:29:06.087049756+00:00,ps-lb-14,2,-93,4.75,"{""Bat_V"": 3.6, ""Exti_pin_level"": ""Low"", ""Exti_status"": ""False"", ""IDC_intput_mA"": 3.939, ""IN1_pin_level"": ""Low"", ""IN2_pin_level"": ""Low"", ""Node_type"": ""PS-LB"", ""Probe_mod"": 0, ""VDC_intput_V"": 0, ""Water_deep_cm"": 0}"
2025-10-12 04:29:05.431894964+00:00,ps-lb-14,2,-95,4.5,"{""Bat_V"": 3.6, ""Exti_pin_level"": ""Low"", ""Exti_status"": ""False"", ""IDC_intput_mA"": 3.938, ""IN1_pin_level"": ""Low"", ""IN2_pin_level"": ""Low"", ""Node_type"": ""PS-LB"", ""Probe_mod"": 0, ""VDC_intput_V"": 0, ""Water_deep_cm"": 0}"
2025-10-12 05:29:04.742803741+00:00,ps-lb-14,2,-95,4.25,"{""Bat_V"": 3.6, ""Exti_pin_level"": ""Low"", ""Exti_status"": ""False"", ""IDC_intput_mA"": 3.939, ""IN1_pin_level"": ""Low"", ""IN2_pin_level"": ""Low"", ""Node_type"": ""PS-LB"", ""Probe_mod"": 0, ""VDC_intput_V"": 0, ""Water_deep_cm"": 0}"
2025-10-12 06:29:04.063773839+00:00,ps-lb-14,2,-92,3.75,"{""Bat_V"": 3.594, ""Exti_pin_level"": ""Low"", ""Exti_status"": ""False"", ""IDC_intput_mA"": 3.938, ""IN1_pin_level"": ""Low"", ""IN2_pin_level"": ""Low"", ""Node_type"": ""PS-LB"", ""Probe_mod"": 0, ""VDC_intput_V"": 0, ""Water_deep_cm"": 0}"
2025-10-12 07:29:03.381740856+00:00,ps-lb-14,2,-95,2.75,"{""Bat_V"": 3.594, ""Exti_pin_level"": ""Low"", ""Exti_status"": ""False"", ""IDC_intput_mA"": 3.938, ""IN1_pin_level"": ""Low"", ""IN2_pin_level"": ""Low"", ""Node_type"": ""PS-LB"", ""Probe_mod"": 0, ""VDC_intput_V"": 0, ""Water_deep_cm"": 0}"
2025-10-12 08:29:02.706259451+00:00,ps-lb-14,2,-97,3.75,"{""Bat_V"": 3.594, ""Exti_pin_level"": ""Low"", ""Exti_status"": ""False"", ""IDC_intput_mA"": 3.938, ""IN1_pin_level"": ""Low"", ""IN2_pin_level"": ""Low"", ""Node_type"": ""PS-LB"", ""Probe_mod"": 0, ""VDC_intput_V"": 0, ""Water_deep_cm"": 0}"
2025-10-12 09:29:02.021335296+00:00,ps-lb-14,2,-95,4.0,"{""Bat_V"": 3.6, ""Exti_pin_level"": ""Low"", ""Exti_status"": ""False"", ""IDC_intput_mA"": 3.938, ""IN1_pin_level"": ""Low"", ""IN2_pin_level"": ""Low"", ""Node_type"": ""PS-LB"", ""Probe_mod"": 0, ""VDC_intput_V"": 0, ""Water_deep_cm"": 0}"
2025-10-12 10:29:01.355906704+00:00,ps-lb-14,2,-92,5.25,"{""Bat_V"": 3.6, ""Exti_pin_level"": ""Low"", ""Exti_status"": ""False"", ""IDC_intput_mA"": 3.938, ""IN1_pin_level"": ""Low"", ""IN2_pin_level"": ""Low"", ""Node_type"": ""PS-LB"", ""Probe_mod"": 0, ""VDC_intput_V"": 0, ""Water_deep_cm"": 0}"
2025-10-12 11:29:00.647913664+00:00,ps-lb-14,2,-95,4.25,"{""Bat_V"": 3.594, ""Exti_pin_level"": ""Low"", ""Exti_status"": ""False"", ""IDC_intput_mA"": 3.938, ""IN1_pin_level"": ""Low"", ""IN2_pin_level"": ""Low"", ""Node_type"": ""PS-LB"", ""Probe_mod"": 0, ""VDC_intput_V"": 0, ""Water_deep_cm"": 0}"
2025-10-12 12:28:59.976113222+00:00,ps-lb-14,2,-93,5.25,"{""Bat_V"": 3.594, ""Exti_pin_level"": ""Low"", ""Exti_status"": ""False"", ""IDC_intput_mA"": 3.938, ""IN1_pin_level"": ""Low"", ""IN2_pin_level"": ""Low"", ""Node_type"": ""PS-LB"", ""Probe_mod"": 0, ""VDC_intput_V"": 0, ""Water_deep_cm"": 0}"
2025-10-12 13:28:59.305479746+00:00,ps-lb-14,2,-96,1.5,"{""Bat_V"": 3.6, ""Exti_pin_level"": ""Low"", ""Exti_status"": ""False"", ""IDC_intput_mA"": 3.938, ""IN1_pin_level"": ""Low"", ""IN2_pin_level"": ""Low"", ""Node_type"": ""PS-LB"", ""Probe_mod"": 0, ""VDC_intput_V"": 0, ""Water_deep_cm"": 0}"
2025-10-12 14:28:58.633927852+00:00,ps-lb-14,2,-95,3.75,"{""Bat_V"": 3.594, ""Exti_pin_level"": ""Low"", ""Exti_status"": ""False"", ""IDC_intput_mA"": 3.938, ""IN1_pin_level"": ""Low"", ""IN2_pin_level"": ""Low"", ""Node_type"": ""PS-LB"", ""Probe_mod"": 0, ""VDC_intput_V"": 0, ""Water_deep_cm"": 0}"
2025-10-12 15:28:57.938848445+00:00,ps-lb-14,2,-97,1.0,"{""Bat_V"": 3.594, ""Exti_pin_level"": ""Low"", ""Exti_status"": ""False"", ""IDC_intput_mA"": 3.938, ""IN1_pin_level"": ""Low"", ""IN2_pin_level"": ""Low"", ""Node_type"": ""PS-LB"", ""Probe_mod"": 0, ""VDC_intput_V"": 0, ""Water_deep_cm"": 0}"
2025-10-12 16:28:57.260166411+00:00,ps-lb-14,2,-96,4.25,"{""Bat_V"": 3.594, ""Exti_pin_level"": ""Low"", ""Exti_status"": ""False"", ""IDC_intput_mA"": 3.938, ""IN1_pin_level"": ""Low"", ""IN2_pin_level"": ""Low"", ""Node_type"": ""PS-LB"", ""Probe_mod"": 0, ""VDC_intput_V"": 0, ""Water_deep_cm"": 0}"
2025-10-12 17:28:56.605729158+00:00,ps-lb-14,2,-95,3.75,"{""Bat_V"": 3.594, ""Exti_pin_level"": ""Low"", ""Exti_status"": ""False"", ""IDC_intput_mA"": 3.938, ""IN1_pin_level"": ""Low"", ""IN2_pin_level"": ""Low"", ""Node_type"": ""PS-LB"", ""Probe_mod"": 0, ""VDC_intput_V"": 0, ""Water_deep_cm"": 0}"
2025-10-12 18:28:55.923171335+00:00,ps-lb-14,2,-95,1.25,"{""Bat_V"": 3.594, ""Exti_pin_level"": ""Low"", ""Exti_status"": ""False"", ""IDC_intput_mA"": 3.938, ""IN1_pin_level"": ""Low"", ""IN2_pin_level"": ""Low"", ""Node_type"": ""PS-LB"", ""Probe_mod"": 0, ""VDC_intput_V"": 0, ""Water_deep_cm"": 0}"
2025-10-12 19:28:55.230567189+00:00,ps-lb-14,2,-95,5.5,"{""Bat_V"": 3.594, ""Exti_pin_level"": ""Low"", ""Exti_status"": ""False"", ""IDC_intput_mA"": 3.938, ""IN1_pin_level"": ""Low"", ""IN2_pin_level"": ""Low"", ""Node_type"": ""PS-LB"", ""Probe_mod"": 0, ""VDC_intput_V"": 0, ""Water_deep_cm"": 0}"
2025-10-12 20:28:54.554958724+00:00,ps-lb-14,2,-93,4.75,"{""Bat_V"": 3.6, ""Exti_pin_level"": ""Low"", ""Exti_status"": ""False"", ""IDC_intput_mA"": 3.938, ""IN1_pin_level"": ""Low"", ""IN2_pin_level"": ""Low"", ""Node_type"": ""PS-LB"", ""Probe_mod"": 0, ""VDC_intput_V"": 0, ""Water_deep_cm"": 0}"
2025-10-12 22:28:53.193163187+00:00,ps-lb-14,2,-94,5.25,"{""Bat_V"": 3.6, ""Exti_pin_level"": ""Low"", ""Exti_status"": ""False"", ""IDC_intput_mA"": 3.938, ""IN1_pin_level"": ""Low"", ""IN2_pin_level"": ""Low"", ""Node_type"": ""PS-LB"", ""Probe_mod"": 0, ""VDC_intput_V"": 0, ""Water_deep_cm"": 0}"
2025-10-12 23:28:52.530436943+00:00,ps-lb-14,2,-93,1.0,"{""Bat_V"": 3.6, ""Exti_pin_level"": ""Low"", ""Exti_status"": ""False"", ""IDC_intput_mA"": 3.938, ""IN1_pin_level"": ""Low"", ""IN2_pin_level"": ""Low"", ""Node_type"": ""PS-LB"", ""Probe_mod"": 0, ""VDC_intput_V"": 0, ""Water_deep_cm"": 0}"
2025-10-13 00:28:51.860305737+00:00,ps-lb-14,2,-97,,"{""Bat_V"": 3.6, ""Exti_pin_level"": ""Low"", ""Exti_status"": ""False"", ""IDC_intput_mA"": 3.937, ""IN1_pin_level"": ""Low"", ""IN2_pin_level"": ""Low"", ""Node_type"": ""PS-LB"", ""Probe_mod"": 0, ""VDC_intput_V"": 0, ""Water_deep_cm"": 0}"
2025-10-13 01:28:51.158611315+00:00,ps-lb-14,2,-95,3.25,"{""Bat_V"": 3.6, ""Exti_pin_level"": ""Low"", ""Exti_status"": ""False"", ""IDC_intput_mA"": 3.937, ""IN1_pin_level"": ""Low"", ""IN2_pin_level"": ""Low"", ""Node_type"": ""PS-LB"", ""Probe_mod"": 0, ""VDC_intput_V"": 0, ""Water_deep_cm"": 0}"
2025-10-13 02:28:50.499987670+00:00,ps-lb-14,2,-95,1.0,"{""Bat_V"": 3.594, ""Exti_pin_level"": ""Low"", ""Exti_status"": ""False"", ""IDC_intput_mA"": 3.938, ""IN1_pin_level"": ""Low"", ""IN2_pin_level"": ""Low"", ""Node_type"": ""PS-LB"", ""Probe_mod"": 0, ""VDC_intput_V"": 0, ""Water_deep_cm"": 0}"
2025-10-13 03:28:49.822828496+00:00,ps-lb-14,2,-95,3.25,"{""Bat_V"": 3.594, ""Exti_pin_level"": ""Low"", ""Exti_status"": ""False"", ""IDC_intput_mA"": 3.937, ""IN1_pin_level"": ""Low"", ""IN2_pin_level"": ""Low"", ""Node_type"": ""PS-LB"", ""Probe_mod"": 0, ""VDC_intput_V"": 0, ""Water_deep_cm"": 0}"
2025-10-13 04:28:49.122180098+00:00,ps-lb-14,2,-96,4.5,"{""Bat_V"": 3.6, ""Exti_pin_level"": ""Low"", ""Exti_status"": ""False"", ""IDC_intput_mA"": 3.937, ""IN1_pin_level"": ""Low"", ""IN2_pin_level"": ""Low"", ""Node_type"": ""PS-LB"", ""Probe_mod"": 0, ""VDC_intput_V"": 0, ""Water_deep_cm"": 0}"
2025-10-13 05:28:48.446856715+00:00,ps-lb-14,2,-93,4.0,"{""Bat_V"": 3.594, ""Exti_pin_level"": ""Low"", ""Exti_status"": ""False"", ""IDC_intput_mA"": 3.938, ""IN1_pin_level"": ""Low"", ""IN2_pin_level"": ""Low"", ""Node_type"": ""PS-LB"", ""Probe_mod"": 0, ""VDC_intput_V"": 0, ""Water_deep_cm"": 0}"
2025-10-13 06:28:47.774955334+00:00,ps-lb-14,2,-92,4.75,"{""Bat_V"": 3.6, ""Exti_pin_level"": ""Low"", ""Exti_status"": ""False"", ""IDC_intput_mA"": 3.938, ""IN1_pin_level"": ""Low"", ""IN2_pin_level"": ""Low"", ""Node_type"": ""PS-LB"", ""Probe_mod"": 0, ""VDC_intput_V"": 0, ""Water_deep_cm"": 0}"
2025-10-13 07:28:47.093083289+00:00,ps-lb-14,2,-93,2.0,"{""Bat_V"": 3.594, ""Exti_pin_level"": ""Low"", ""Exti_status"": ""False"", ""IDC_intput_mA"": 3.938, ""IN1_pin_level"": ""Low"", ""IN2_pin_level"": ""Low"", ""Node_type"": ""PS-LB"", ""Probe_mod"": 0, ""VDC_intput_V"": 0, ""Water_deep_cm"": 0}"
2025-10-13 08:28:46.410713965+00:00,ps-lb-14,2,-96,3.0,"{""Bat_V"": 3.6, ""Exti_pin_level"": ""Low"", ""Exti_status"": ""False"", ""IDC_intput_mA"": 3.939, ""IN1_pin_level"": ""Low"", ""IN2_pin_level"": ""Low"", ""Node_type"": ""PS-LB"", ""Probe_mod"": 0, ""VDC_intput_V"": 0, ""Water_deep_cm"": 0}"
2025-10-13 09:28:45.747169627+00:00,ps-lb-14,2,-91,5.25,"{""Bat_V"": 3.6, ""Exti_pin_level"": ""Low"", ""Exti_status"": ""False"", ""IDC_intput_mA"": 3.939, ""IN1_pin_level"": ""Low"", ""IN2_pin_level"": ""Low"", ""Node_type"": ""PS-LB"", ""Probe_mod"": 0, ""VDC_intput_V"": 0, ""Water_deep_cm"": 0}"
2025-10-13 10:28:45.073019697+00:00,ps-lb-14,2,-97,2.5,"{""Bat_V"": 3.6, ""Exti_pin_level"": ""Low"", ""Exti_status"": ""False"", ""IDC_intput_mA"": 3.94, ""IN1_pin_level"": ""Low"", ""IN2_pin_level"": ""Low"", ""Node_type"": ""PS-LB"", ""Probe_mod"": 0, ""VDC_intput_V"": 0, ""Water_deep_cm"": 0}"
2025-10-13 11:28:44.385255435+00:00,ps-lb-14,2,-97,5.25,"{""Bat_V"": 3.6, ""Exti_pin_level"": ""Low"", ""Exti_status"": ""False"", ""IDC_intput_mA"": 3.94, ""IN1_pin_level"": ""Low"", ""IN2_pin_level"": ""Low"", ""Node_type"": ""PS-LB"", ""Probe_mod"": 0, ""VDC_intput_V"": 0, ""Water_deep_cm"": 0}"
2025-10-13 12:28:43.693359063+00:00,ps-lb-14,2,-123,-5.25,"{""Bat_V"": 3.6, ""Exti_pin_level"": ""Low"", ""Exti_status"": ""False"", ""IDC_intput_mA"": 3.94, ""IN1_pin_level"": ""Low"", ""IN2_pin_level"": ""Low"", ""Node_type"": ""PS-LB"", ""Probe_mod"": 0, ""VDC_intput_V"": 0, ""Water_deep_cm"": 0}"
2025-10-13 13:28:43.032174832+00:00,ps-lb-14,2,-103,-4.5,"{""Bat_V"": 3.6, ""Exti_pin_level"": ""Low"", ""Exti_status"": ""False"", ""IDC_intput_mA"": 3.94, ""IN1_pin_level"": ""Low"", ""IN2_pin_level"": ""Low"", ""Node_type"": ""PS-LB"", ""Probe_mod"": 0, ""VDC_intput_V"": 0, ""Water_deep_cm"": 0}"
2025-10-13 14:28:42.374706213+00:00,ps-lb-14,2,-96,3.0,"{""Bat_V"": 3.6, ""Exti_pin_level"": ""Low"", ""Exti_status"": ""False"", ""IDC_intput_mA"": 3.94, ""IN1_pin_level"": ""Low"", ""IN2_pin_level"": ""Low"", ""Node_type"": ""PS-LB"", ""Probe_mod"": 0, ""VDC_intput_V"": 0, ""Water_deep_cm"": 0}"
2025-10-13 15:28:41.660213636+00:00,ps-lb-14,2,-121,-4.75,"{""Bat_V"": 3.594, ""Exti_pin_level"": ""Low"", ""Exti_status"": ""False"", ""IDC_intput_mA"": 3.94, ""IN1_pin_level"": ""Low"", ""IN2_pin_level"": ""Low"", ""Node_type"": ""PS-LB"", ""Probe_mod"": 0, ""VDC_intput_V"": 0, ""Water_deep_cm"": 0}"
2025-10-13 16:28:40.975788691+00:00,ps-lb-14,2,-97,2.5,"{""Bat_V"": 3.594, ""Exti_pin_level"": ""Low"", ""Exti_status"": ""False"", ""IDC_intput_mA"": 3.941, ""IN1_pin_level"": ""Low"", ""IN2_pin_level"": ""Low"", ""Node_type"": ""PS-LB"", ""Probe_mod"": 0, ""VDC_intput_V"": 0, ""Water_deep_cm"": 0}"
2025-10-13 17:28:40.317943809+00:00,ps-lb-14,2,-95,3.25,"{""Bat_V"": 3.6, ""Exti_pin_level"": ""Low"", ""Exti_status"": ""False"", ""IDC_intput_mA"": 3.94, ""IN1_pin_level"": ""Low"", ""IN2_pin_level"": ""Low"", ""Node_type"": ""PS-LB"", ""Probe_mod"": 0, ""VDC_intput_V"": 0, ""Water_deep_cm"": 0}"
2025-10-13 18:28:39.640371617+00:00,ps-lb-14,2,-95,-0.75,"{""Bat_V"": 3.6, ""Exti_pin_level"": ""Low"", ""Exti_status"": ""False"", ""IDC_intput_mA"": 3.94, ""IN1_pin_level"": ""Low"", ""IN2_pin_level"": ""Low"", ""Node_type"": ""PS-LB"", ""Probe_mod"": 0, ""VDC_intput_V"": 0, ""Water_deep_cm"": 0}"
2025-10-13 19:28:38.948502862+00:00,ps-lb-14,2,-98,3.0,"{""Bat_V"": 3.6, ""Exti_pin_level"": ""Low"", ""Exti_status"": ""False"", ""IDC_intput_mA"": 3.941, ""IN1_pin_level"": ""Low"", ""IN2_pin_level"": ""Low"", ""Node_type"": ""PS-LB"", ""Probe_mod"": 0, ""VDC_intput_V"": 0, ""Water_deep_cm"": 0}"
2025-10-13 20:28:38.270335107+00:00,ps-lb-14,2,-97,4.0,"{""Bat_V"": 3.6, ""Exti_pin_level"": ""Low"", ""Exti_status"": ""False"", ""IDC_intput_mA"": 3.942, ""IN1_pin_level"": ""Low"", ""IN2_pin_level"": ""Low"", ""Node_type"": ""PS-LB"", ""Probe_mod"": 0, ""VDC_intput_V"": 0, ""Water_deep_cm"": 0}"
2025-10-13 21:28:37.595859740+00:00,ps-lb-14,2,-96,1.25,"{""Bat_V"": 3.6, ""Exti_pin_level"": ""Low"", ""Exti_status"": ""False"", ""IDC_intput_mA"": 3.941, ""IN1_pin_level"": ""Low"", ""IN2_pin_level"": ""Low"", ""Node_type"": ""PS-LB"", ""Probe_mod"": 0, ""VDC_intput_V"": 0, ""Water_deep_cm"": 0}"
2025-10-13 22:28:36.931553639+00:00,ps-lb-14,2,-97,2.75,"{""Bat_V"": 3.6, ""Exti_pin_level"": ""Low"", ""Exti_status"": ""False"", ""IDC_intput_mA"": 3.941, ""IN1_pin_level"": ""Low"", ""IN2_pin_level"": ""Low"", ""Node_type"": ""PS-LB"", ""Probe_mod"": 0, ""VDC_intput_V"": 0, ""Water_deep_cm"": 0}"
2025-10-13 23:28:36.221234547+00:00,ps-lb-14,2,-120,-4.0,"{""Bat_V"": 3.594, ""Exti_pin_level"": ""Low"", ""Exti_status"": ""False"", ""IDC_intput_mA"": 3.941, ""IN1_pin_level"": ""Low"", ""IN2_pin_level"": ""Low"", ""Node_type"": ""PS-LB"", ""Probe_mod"": 0, ""VDC_intput_V"": 0, ""Water_deep_cm"": 0}"
2025-10-14 00:28:35.559102679+00:00,ps-lb-14,2,-97,-2.75,"{""Bat_V"": 3.6, ""Exti_pin_level"": ""Low"", ""Exti_status"": ""False"", ""IDC_intput_mA"": 3.94, ""IN1_pin_level"": ""Low"", ""IN2_pin_level"": ""Low"", ""Node_type"": ""PS-LB"", ""Probe_mod"": 0, ""VDC_intput_V"": 0, ""Water_deep_cm"": 0}"
2025-10-14 01:28:34.874418940+00:00,ps-lb-14,2,-95,1.25,"{""Bat_V"": 3.6, ""Exti_pin_level"": ""Low"", ""Exti_status"": ""False"", ""IDC_intput_mA"": 3.94, ""IN1_pin_level"": ""Low"", ""IN2_pin_level"": ""Low"", ""Node_type"": ""PS-LB"", ""Probe_mod"": 0, ""VDC_intput_V"": 0, ""Water_deep_cm"": 0}"
2025-10-14 02:28:34.203375472+00:00,ps-lb-14,2,-97,0.25,"{""Bat_V"": 3.594, ""Exti_pin_level"": ""Low"", ""Exti_status"": ""False"", ""IDC_intput_mA"": 3.94, ""IN1_pin_level"": ""Low"", ""IN2_pin_level"": ""Low"", ""Node_type"": ""PS-LB"", ""Probe_mod"": 0, ""VDC_intput_V"": 0, ""Water_deep_cm"": 0}"
2025-10-14 03:28:33.524798242+00:00,ps-lb-14,2,-98,2.75,"{""Bat_V"": 3.594, ""Exti_pin_level"": ""Low"", ""Exti_status"": ""False"", ""IDC_intput_mA"": 3.94, ""IN1_pin_level"": ""Low"", ""IN2_pin_level"": ""Low"", ""Node_type"": ""PS-LB"", ""Probe_mod"": 0, ""VDC_intput_V"": 0, ""Water_deep_cm"": 0}"
2025-10-14 04:28:32.845103312+00:00,ps-lb-14,2,-98,3.5,"{""Bat_V"": 3.6, ""Exti_pin_level"": ""Low"", ""Exti_status"": ""False"", ""IDC_intput_mA"": 3.94, ""IN1_pin_level"": ""Low"", ""IN2_pin_level"": ""Low"", ""Node_type"": ""PS-LB"", ""Probe_mod"": 0, ""VDC_intput_V"": 0, ""Water_deep_cm"": 0}"
2025-10-14 05:28:32.153019733+00:00,ps-lb-14,2,-97,3.5,"{""Bat_V"": 3.6, ""Exti_pin_level"": ""Low"", ""Exti_status"": ""False"", ""IDC_intput_mA"": 3.94, ""IN1_pin_level"": ""Low"", ""IN2_pin_level"": ""Low"", ""Node_type"": ""PS-LB"", ""Probe_mod"": 0, ""VDC_intput_V"": 0, ""Water_deep_cm"": 0}"
2025-10-14 06:28:31.578097202+00:00,ps-lb-14,2,-101,-1.0,"{""Bat_V"": 3.6, ""Exti_pin_level"": ""Low"", ""Exti_status"": ""False"", ""IDC_intput_mA"": 3.94, ""IN1_pin_level"": ""Low"", ""IN2_pin_level"": ""Low"", ""Node_type"": ""PS-LB"", ""Probe_mod"": 0, ""VDC_intput_V"": 0, ""Water_deep_cm"": 0}"
2025-10-14 07:28:30.807483538+00:00,ps-lb-14,2,-124,-7.5,"{""Bat_V"": 3.6, ""Exti_pin_level"": ""Low"", ""Exti_status"": ""False"", ""IDC_intput_mA"": 3.94, ""IN1_pin_level"": ""Low"", ""IN2_pin_level"": ""Low"", ""Node_type"": ""PS-LB"", ""Probe_mod"": 0, ""VDC_intput_V"": 0, ""Water_deep_cm"": 0}"
2025-10-14 08:28:30.141520984+00:00,ps-lb-14,2,-126,-9.25,"{""Bat_V"": 3.6, ""Exti_pin_level"": ""Low"", ""Exti_status"": ""False"", ""IDC_intput_mA"": 3.94, ""IN1_pin_level"": ""Low"", ""IN2_pin_level"": ""Low"", ""Node_type"": ""PS-LB"", ""Probe_mod"": 0, ""VDC_intput_V"": 0, ""Water_deep_cm"": 0}"
2025-10-14 11:28:28.083717573+00:00,ps-lb-14,2,-99,-2.25,"{""Bat_V"": 3.6, ""Exti_pin_level"": ""Low"", ""Exti_status"": ""False"", ""IDC_intput_mA"": 3.94, ""IN1_pin_level"": ""Low"", ""IN2_pin_level"": ""Low"", ""Node_type"": ""PS-LB"", ""Probe_mod"": 0, ""VDC_intput_V"": 0, ""Water_deep_cm"": 0}"
2025-10-14 12:28:27.413458452+00:00,ps-lb-14,2,-102,-4.0,"{""Bat_V"": 3.6, ""Exti_pin_level"": ""Low"", ""Exti_status"": ""False"", ""IDC_intput_mA"": 3.94, ""IN1_pin_level"": ""Low"", ""IN2_pin_level"": ""Low"", ""Node_type"": ""PS-LB"", ""Probe_mod"": 0, ""VDC_intput_V"": 0, ""Water_deep_cm"": 0}"
2025-10-14 13:28:26.719505145+00:00,ps-lb-14,2,-122,-5.75,"{""Bat_V"": 3.6, ""Exti_pin_level"": ""Low"", ""Exti_status"": ""False"", ""IDC_intput_mA"": 3.94, ""IN1_pin_level"": ""Low"", ""IN2_pin_level"": ""Low"", ""Node_type"": ""PS-LB"", ""Probe_mod"": 0, ""VDC_intput_V"": 0, ""Water_deep_cm"": 0}"
2025-10-14 14:28:26.034960259+00:00,ps-lb-14,2,-123,-8.0,"{""Bat_V"": 3.6, ""Exti_pin_level"": ""Low"", ""Exti_status"": ""False"", ""IDC_intput_mA"": 3.94, ""IN1_pin_level"": ""Low"", ""IN2_pin_level"": ""Low"", ""Node_type"": ""PS-LB"", ""Probe_mod"": 0, ""VDC_intput_V"": 0, ""Water_deep_cm"": 0}"
2025-10-14 15:28:25.336098356+00:00,ps-lb-14,2,-123,-7.0,"{""Bat_V"": 3.6, ""Exti_pin_level"": ""Low"", ""Exti_status"": ""False"", ""IDC_intput_mA"": 3.94, ""IN1_pin_level"": ""Low"", ""IN2_pin_level"": ""Low"", ""Node_type"": ""PS-LB"", ""Probe_mod"": 0, ""VDC_intput_V"": 0, ""Water_deep_cm"": 0}"
2025-10-14 16:28:24.679685209+00:00,ps-lb-14,2,-99,-5.25,"{""Bat_V"": 3.6, ""Exti_pin_level"": ""Low"", ""Exti_status"": ""False"", ""IDC_intput_mA"": 3.94, ""IN1_pin_level"": ""Low"", ""IN2_pin_level"": ""Low"", ""Node_type"": ""PS-LB"", ""Probe_mod"": 0, ""VDC_intput_V"": 0, ""Water_deep_cm"": 0}"
2025-10-14 18:28:23.392236317+00:00,ps-lb-14,2,-101,-6.0,"{""Bat_V"": 3.6, ""Exti_pin_level"": ""Low"", ""Exti_status"": ""False"", ""IDC_intput_mA"": 3.94, ""IN1_pin_level"": ""Low"", ""IN2_pin_level"": ""Low"", ""Node_type"": ""PS-LB"", ""Probe_mod"": 0, ""VDC_intput_V"": 0, ""Water_deep_cm"": 0}"
2025-10-14 19:28:22.640770049+00:00,ps-lb-14,2,-99,1.25,"{""Bat_V"": 3.6, ""Exti_pin_level"": ""Low"", ""Exti_status"": ""False"", ""IDC_intput_mA"": 3.94, ""IN1_pin_level"": ""Low"", ""IN2_pin_level"": ""Low"", ""Node_type"": ""PS-LB"", ""Probe_mod"": 0, ""VDC_intput_V"": 0, ""Water_deep_cm"": 0}"
2025-10-14 20:28:21.974690050+00:00,ps-lb-14,2,-101,-4.75,"{""Bat_V"": 3.6, ""Exti_pin_level"": ""Low"", ""Exti_status"": ""False"", ""IDC_intput_mA"": 3.94, ""IN1_pin_level"": ""Low"", ""IN2_pin_level"": ""Low"", ""Node_type"": ""PS-LB"", ""Probe_mod"": 0, ""VDC_intput_V"": 0, ""Water_deep_cm"": 0}"
2025-10-14 21:28:21.291365423+00:00,ps-lb-14,2,-99,-1.75,"{""Bat_V"": 3.6, ""Exti_pin_level"": ""Low"", ""Exti_status"": ""False"", ""IDC_intput_mA"": 3.94, ""IN1_pin_level"": ""Low"", ""IN2_pin_level"": ""Low"", ""Node_type"": ""PS-LB"", ""Probe_mod"": 0, ""VDC_intput_V"": 0, ""Water_deep_cm"": 0}"
2025-10-14 22:28:20.584222958+00:00,ps-lb-14,2,-99,0.5,"{""Bat_V"": 3.6, ""Exti_pin_level"": ""Low"", ""Exti_status"": ""False"", ""IDC_intput_mA"": 3.94, ""IN1_pin_level"": ""Low"", ""IN2_pin_level"": ""Low"", ""Node_type"": ""PS-LB"", ""Probe_mod"": 0, ""VDC_intput_V"": 0, ""Water_deep_cm"": 0}"
2025-10-14 23:28:19.940702511+00:00,ps-lb-14,2,-123,-6.25,"{""Bat_V"": 3.6, ""Exti_pin_level"": ""Low"", ""Exti_status"": ""False"", ""IDC_intput_mA"": 3.94, ""IN1_pin_level"": ""Low"", ""IN2_pin_level"": ""Low"", ""Node_type"": ""PS-LB"", ""Probe_mod"": 0, ""VDC_intput_V"": 0, ""Water_deep_cm"": 0}"
2025-10-15 00:28:19.235335785+00:00,ps-lb-14,2,-100,-9.25,"{""Bat_V"": 3.6, ""Exti_pin_level"": ""Low"", ""Exti_status"": ""False"", ""IDC_intput_mA"": 3.94, ""IN1_pin_level"": ""Low"", ""IN2_pin_level"": ""Low"", ""Node_type"": ""PS-LB"", ""Probe_mod"": 0, ""VDC_intput_V"": 0, ""Water_deep_cm"": 0}"
2025-10-15 02:28:18.089744327+00:00,ps-lb-14,2,-99,-7.25,"{""Bat_V"": 3.6, ""Exti_pin_level"": ""Low"", ""Exti_status"": ""False"", ""IDC_intput_mA"": 3.94, ""IN1_pin_level"": ""Low"", ""IN2_pin_level"": ""Low"", ""Node_type"": ""PS-LB"", ""Probe_mod"": 0, ""VDC_intput_V"": 0, ""Water_deep_cm"": 0}"
2025-10-15 03:28:17.207534386+00:00,ps-lb-14,2,-99,1.0,"{""Bat_V"": 3.6, ""Exti_pin_level"": ""Low"", ""Exti_status"": ""False"", ""IDC_intput_mA"": 3.94, ""IN1_pin_level"": ""Low"", ""IN2_pin_level"": ""Low"", ""Node_type"": ""PS-LB"", ""Probe_mod"": 0, ""VDC_intput_V"": 0, ""Water_deep_cm"": 0}"
2025-10-15 04:28:16.532608581+00:00,ps-lb-14,2,-102,-2.5,"{""Bat_V"": 3.6, ""Exti_pin_level"": ""Low"", ""Exti_status"": ""False"", ""IDC_intput_mA"": 3.94, ""IN1_pin_level"": ""Low"", ""IN2_pin_level"": ""Low"", ""Node_type"": ""PS-LB"", ""Probe_mod"": 0, ""VDC_intput_V"": 0, ""Water_deep_cm"": 0}"
2025-10-15 05:28:15.860300614+00:00,ps-lb-14,2,-99,-7.75,"{""Bat_V"": 3.6, ""Exti_pin_level"": ""Low"", ""Exti_status"": ""False"", ""IDC_intput_mA"": 3.94, ""IN1_pin_level"": ""Low"", ""IN2_pin_level"": ""Low"", ""Node_type"": ""PS-LB"", ""Probe_mod"": 0, ""VDC_intput_V"": 0, ""Water_deep_cm"": 0}"
2025-10-15 06:28:15.170448350+00:00,ps-lb-14,2,-101,1.0,"{""Bat_V"": 3.6, ""Exti_pin_level"": ""Low"", ""Exti_status"": ""False"", ""IDC_intput_mA"": 3.94, ""IN1_pin_level"": ""Low"", ""IN2_pin_level"": ""Low"", ""Node_type"": ""PS-LB"", ""Probe_mod"": 0, ""VDC_intput_V"": 0, ""Water_deep_cm"": 0}"
2025-10-15 08:28:13.811312455+00:00,ps-lb-14,2,-123,-7.0,"{""Bat_V"": 3.6, ""Exti_pin_level"": ""Low"", ""Exti_status"": ""False"", ""IDC_intput_mA"": 3.94, ""IN1_pin_level"": ""Low"", ""IN2_pin_level"": ""Low"", ""Node_type"": ""PS-LB"", ""Probe_mod"": 0, ""VDC_intput_V"": 0, ""Water_deep_cm"": 0}"
2025-10-15 11:28:11.773140001+00:00,ps-lb-14,2,-103,0.25,"{""Bat_V"": 3.6, ""Exti_pin_level"": ""Low"", ""Exti_status"": ""False"", ""IDC_intput_mA"": 3.941, ""IN1_pin_level"": ""Low"", ""IN2_pin_level"": ""Low"", ""Node_type"": ""PS-LB"", ""Probe_mod"": 0, ""VDC_intput_V"": 0, ""Water_deep_cm"": 0}"
2025-10-15 12:28:11.090562179+00:00,ps-lb-14,2,-100,-2.5,"{""Bat_V"": 3.6, ""Exti_pin_level"": ""Low"", ""Exti_status"": ""False"", ""IDC_intput_mA"": 3.941, ""IN1_pin_level"": ""Low"", ""IN2_pin_level"": ""Low"", ""Node_type"": ""PS-LB"", ""Probe_mod"": 0, ""VDC_intput_V"": 0, ""Water_deep_cm"": 0}"
2025-10-15 13:28:10.410463969+00:00,ps-lb-14,2,-103,-4.5,"{""Bat_V"": 3.6, ""Exti_pin_level"": ""Low"", ""Exti_status"": ""False"", ""IDC_intput_mA"": 3.941, ""IN1_pin_level"": ""Low"", ""IN2_pin_level"": ""Low"", ""Node_type"": ""PS-LB"", ""Probe_mod"": 0, ""VDC_intput_V"": 0, ""Water_deep_cm"": 0}"
2025-10-15 14:28:09.744853459+00:00,ps-lb-14,2,-97,-4.25,"{""Bat_V"": 3.6, ""Exti_pin_level"": ""Low"", ""Exti_status"": ""False"", ""IDC_intput_mA"": 3.941, ""IN1_pin_level"": ""Low"", ""IN2_pin_level"": ""Low"", ""Node_type"": ""PS-LB"", ""Probe_mod"": 0, ""VDC_intput_V"": 0, ""Water_deep_cm"": 0}"
2025-10-15 15:28:09.046091889+00:00,ps-lb-14,2,-124,-8.75,"{""Bat_V"": 3.6, ""Exti_pin_level"": ""Low"", ""Exti_status"": ""False"", ""IDC_intput_mA"": 3.942, ""IN1_pin_level"": ""Low"", ""IN2_pin_level"": ""Low"", ""Node_type"": ""PS-LB"", ""Probe_mod"": 0, ""VDC_intput_V"": 0, ""Water_deep_cm"": 0}"
2025-10-15 17:28:07.680578340+00:00,ps-lb-14,2,-99,-4.75,"{""Bat_V"": 3.6, ""Exti_pin_level"": ""Low"", ""Exti_status"": ""False"", ""IDC_intput_mA"": 3.942, ""IN1_pin_level"": ""Low"", ""IN2_pin_level"": ""Low"", ""Node_type"": ""PS-LB"", ""Probe_mod"": 0, ""VDC_intput_V"": 0, ""Water_deep_cm"": 0}"
2025-10-15 19:28:06.325574493+00:00,ps-lb-14,2,-101,1.0,"{""Bat_V"": 3.6, ""Exti_pin_level"": ""Low"", ""Exti_status"": ""False"", ""IDC_intput_mA"": 3.942, ""IN1_pin_level"": ""Low"", ""IN2_pin_level"": ""Low"", ""Node_type"": ""PS-LB"", ""Probe_mod"": 0, ""VDC_intput_V"": 0, ""Water_deep_cm"": 0}"
2025-10-15 20:28:05.650467837+00:00,ps-lb-14,2,-98,-5.5,"{""Bat_V"": 3.6, ""Exti_pin_level"": ""Low"", ""Exti_status"": ""False"", ""IDC_intput_mA"": 3.942, ""IN1_pin_level"": ""Low"", ""IN2_pin_level"": ""Low"", ""Node_type"": ""PS-LB"", ""Probe_mod"": 0, ""VDC_intput_V"": 0, ""Water_deep_cm"": 0}"
2025-10-15 21:28:04.953252632+00:00,ps-lb-14,2,-124,-8.0,"{""Bat_V"": 3.6, ""Exti_pin_level"": ""Low"", ""Exti_status"": ""False"", ""IDC_intput_mA"": 3.942, ""IN1_pin_level"": ""Low"", ""IN2_pin_level"": ""Low"", ""Node_type"": ""PS-LB"", ""Probe_mod"": 0, ""VDC_intput_V"": 0, ""Water_deep_cm"": 0}"
2025-10-15 22:28:04.290367202+00:00,ps-lb-14,2,-99,-0.25,"{""Bat_V"": 3.6, ""Exti_pin_level"": ""Low"", ""Exti_status"": ""False"", ""IDC_intput_mA"": 3.942, ""IN1_pin_level"": ""Low"", ""IN2_pin_level"": ""Low"", ""Node_type"": ""PS-LB"", ""Probe_mod"": 0, ""VDC_intput_V"": 0, ""Water_deep_cm"": 0}"
2025-10-16 00:28:02.942090039+00:00,ps-lb-14,2,-123,-6.5,"{""Bat_V"": 3.6, ""Exti_pin_level"": ""Low"", ""Exti_status"": ""False"", ""IDC_intput_mA"": 3.942, ""IN1_pin_level"": ""Low"", ""IN2_pin_level"": ""Low"", ""Node_type"": ""PS-LB"", ""Probe_mod"": 0, ""VDC_intput_V"": 0, ""Water_deep_cm"": 0}"
2025-10-16 01:28:02.260003452+00:00,ps-lb-14,2,-101,-3.25,"{""Bat_V"": 3.6, ""Exti_pin_level"": ""Low"", ""Exti_status"": ""False"", ""IDC_intput_mA"": 3.942, ""IN1_pin_level"": ""Low"", ""IN2_pin_level"": ""Low"", ""Node_type"": ""PS-LB"", ""Probe_mod"": 0, ""VDC_intput_V"": 0, ""Water_deep_cm"": 0}"
2025-10-16 03:28:00.888726697+00:00,ps-lb-14,2,-99,-0.5,"{""Bat_V"": 3.6, ""Exti_pin_level"": ""Low"", ""Exti_status"": ""False"", ""IDC_intput_mA"": 3.942, ""IN1_pin_level"": ""Low"", ""IN2_pin_level"": ""Low"", ""Node_type"": ""PS-LB"", ""Probe_mod"": 0, ""VDC_intput_V"": 0, ""Water_deep_cm"": 0}"
2025-10-16 04:28:00.218059525+00:00,ps-lb-14,2,-103,-1.5,"{""Bat_V"": 3.6, ""Exti_pin_level"": ""Low"", ""Exti_status"": ""False"", ""IDC_intput_mA"": 3.942, ""IN1_pin_level"": ""Low"", ""IN2_pin_level"": ""Low"", ""Node_type"": ""PS-LB"", ""Probe_mod"": 0, ""VDC_intput_V"": 0, ""Water_deep_cm"": 0}"
2025-10-16 05:27:59.548612662+00:00,ps-lb-14,2,-96,-3.75,"{""Bat_V"": 3.6, ""Exti_pin_level"": ""Low"", ""Exti_status"": ""False"", ""IDC_intput_mA"": 3.942, ""IN1_pin_level"": ""Low"", ""IN2_pin_level"": ""Low"", ""Node_type"": ""PS-LB"", ""Probe_mod"": 0, ""VDC_intput_V"": 0, ""Water_deep_cm"": 0}"
2025-10-16 06:27:58.857501389+00:00,ps-lb-14,2,-97,-1.0,"{""Bat_V"": 3.6, ""Exti_pin_level"": ""Low"", ""Exti_status"": ""False"", ""IDC_intput_mA"": 3.942, ""IN1_pin_level"": ""Low"", ""IN2_pin_level"": ""Low"", ""Node_type"": ""PS-LB"", ""Probe_mod"": 0, ""VDC_intput_V"": 0, ""Water_deep_cm"": 0}"
2025-10-16 09:27:56.803858735+00:00,ps-lb-14,2,-98,-3.25,"{""Bat_V"": 3.6, ""Exti_pin_level"": ""Low"", ""Exti_status"": ""False"", ""IDC_intput_mA"": 3.944, ""IN1_pin_level"": ""Low"", ""IN2_pin_level"": ""Low"", ""Node_type"": ""PS-LB"", ""Probe_mod"": 0, ""VDC_intput_V"": 0, ""Water_deep_cm"": 0}"
2025-10-16 11:27:55.447522786+00:00,ps-lb-14,2,-101,-4.25,"{""Bat_V"": 3.6, ""Exti_pin_level"": ""Low"", ""Exti_status"": ""False"", ""IDC_intput_mA"": 3.944, ""IN1_pin_level"": ""Low"", ""IN2_pin_level"": ""Low"", ""Node_type"": ""PS-LB"", ""Probe_mod"": 0, ""VDC_intput_V"": 0, ""Water_deep_cm"": 0}"
2025-10-16 12:27:54.783965316+00:00,ps-lb-14,2,-101,-4.5,"{""Bat_V"": 3.6, ""Exti_pin_level"": ""Low"", ""Exti_status"": ""False"", ""IDC_intput_mA"": 3.944, ""IN1_pin_level"": ""Low"", ""IN2_pin_level"": ""Low"", ""Node_type"": ""PS-LB"", ""Probe_mod"": 0, ""VDC_intput_V"": 0, ""Water_deep_cm"": 0}"
2025-10-16 13:27:54.101875324+00:00,ps-lb-14,2,-99,-5.0,"{""Bat_V"": 3.6, ""Exti_pin_level"": ""Low"", ""Exti_status"": ""False"", ""IDC_intput_mA"": 3.944, ""IN1_pin_level"": ""Low"", ""IN2_pin_level"": ""Low"", ""Node_type"": ""PS-LB"", ""Probe_mod"": 0, ""VDC_intput_V"": 0, ""Water_deep_cm"": 0}"
2025-10-16 15:27:52.713784598+00:00,ps-lb-14,2,-124,-9.0,"{""Bat_V"": 3.6, ""Exti_pin_level"": ""Low"", ""Exti_status"": ""False"", ""IDC_intput_mA"": 3.944, ""IN1_pin_level"": ""Low"", ""IN2_pin_level"": ""Low"", ""Node_type"": ""PS-LB"", ""Probe_mod"": 0, ""VDC_intput_V"": 0, ""Water_deep_cm"": 0}"
2025-10-16 19:27:50.014439329+00:00,ps-lb-14,2,-103,-3.5,"{""Bat_V"": 3.6, ""Exti_pin_level"": ""Low"", ""Exti_status"": ""False"", ""IDC_intput_mA"": 3.945, ""IN1_pin_level"": ""Low"", ""IN2_pin_level"": ""Low"", ""Node_type"": ""PS-LB"", ""Probe_mod"": 0, ""VDC_intput_V"": 0, ""Water_deep_cm"": 0}"
2025-10-16 20:27:49.341890556+00:00,ps-lb-14,2,-125,-7.75,"{""Bat_V"": 3.6, ""Exti_pin_level"": ""Low"", ""Exti_status"": ""False"", ""IDC_intput_mA"": 3.945, ""IN1_pin_level"": ""Low"", ""IN2_pin_level"": ""Low"", ""Node_type"": ""PS-LB"", ""Probe_mod"": 0, ""VDC_intput_V"": 0, ""Water_deep_cm"": 0}"
2025-10-17 03:27:44.571605616+00:00,ps-lb-14,2,-103,-4.0,"{""Bat_V"": 3.6, ""Exti_pin_level"": ""Low"", ""Exti_status"": ""False"", ""IDC_intput_mA"": 3.945, ""IN1_pin_level"": ""Low"", ""IN2_pin_level"": ""Low"", ""Node_type"": ""PS-LB"", ""Probe_mod"": 0, ""VDC_intput_V"": 0, ""Water_deep_cm"": 0}"
2025-10-17 04:27:43.909501169+00:00,ps-lb-14,2,-100,-8.25,"{""Bat_V"": 3.6, ""Exti_pin_level"": ""Low"", ""Exti_status"": ""False"", ""IDC_intput_mA"": 3.945, ""IN1_pin_level"": ""Low"", ""IN2_pin_level"": ""Low"", ""Node_type"": ""PS-LB"", ""Probe_mod"": 0, ""VDC_intput_V"": 0, ""Water_deep_cm"": 0}"
2025-10-17 07:27:41.837186452+00:00,ps-lb-14,2,-99,-1.75,"{""Bat_V"": 3.6, ""Exti_pin_level"": ""Low"", ""Exti_status"": ""False"", ""IDC_intput_mA"": 3.945, ""IN1_pin_level"": ""Low"", ""IN2_pin_level"": ""Low"", ""Node_type"": ""PS-LB"", ""Probe_mod"": 0, ""VDC_intput_V"": 0, ""Water_deep_cm"": 0}"
2025-10-17 09:27:40.499532080+00:00,ps-lb-14,2,-122,-5.5,"{""Bat_V"": 3.6, ""Exti_pin_level"": ""Low"", ""Exti_status"": ""False"", ""IDC_intput_mA"": 3.946, ""IN1_pin_level"": ""Low"", ""IN2_pin_level"": ""Low"", ""Node_type"": ""PS-LB"", ""Probe_mod"": 0, ""VDC_intput_V"": 0, ""Water_deep_cm"": 0}"
2025-10-17 10:27:39.841651953+00:00,ps-lb-14,2,-96,3.0,"{""Bat_V"": 3.6, ""Exti_pin_level"": ""Low"", ""Exti_status"": ""False"", ""IDC_intput_mA"": 3.946, ""IN1_pin_level"": ""Low"", ""IN2_pin_level"": ""Low"", ""Node_type"": ""PS-LB"", ""Probe_mod"": 0, ""VDC_intput_V"": 0, ""Water_deep_cm"": 0}"
2025-10-17 11:27:39.121739715+00:00,ps-lb-14,2,-98,1.5,"{""Bat_V"": 3.6, ""Exti_pin_level"": ""Low"", ""Exti_status"": ""False"", ""IDC_intput_mA"": 3.946, ""IN1_pin_level"": ""Low"", ""IN2_pin_level"": ""Low"", ""Node_type"": ""PS-LB"", ""Probe_mod"": 0, ""VDC_intput_V"": 0, ""Water_deep_cm"": 0}"
2025-10-17 12:27:38.485039738+00:00,ps-lb-14,2,-96,1.0,"{""Bat_V"": 3.6, ""Exti_pin_level"": ""Low"", ""Exti_status"": ""False"", ""IDC_intput_mA"": 3.946, ""IN1_pin_level"": ""Low"", ""IN2_pin_level"": ""Low"", ""Node_type"": ""PS-LB"", ""Probe_mod"": 0, ""VDC_intput_V"": 0, ""Water_deep_cm"": 0}"
2025-10-17 13:27:37.775612531+00:00,ps-lb-14,2,-96,0.25,"{""Bat_V"": 3.6, ""Exti_pin_level"": ""Low"", ""Exti_status"": ""False"", ""IDC_intput_mA"": 3.947, ""IN1_pin_level"": ""Low"", ""IN2_pin_level"": ""Low"", ""Node_type"": ""PS-LB"", ""Probe_mod"": 0, ""VDC_intput_V"": 0, ""Water_deep_cm"": 0}"
2025-10-17 14:27:37.092002670+00:00,ps-lb-14,2,-98,,"{""Bat_V"": 3.6, ""Exti_pin_level"": ""Low"", ""Exti_status"": ""False"", ""IDC_intput_mA"": 3.947, ""IN1_pin_level"": ""Low"", ""IN2_pin_level"": ""Low"", ""Node_type"": ""PS-LB"", ""Probe_mod"": 0, ""VDC_intput_V"": 0, ""Water_deep_cm"": 0}"
2025-10-17 15:27:36.400231123+00:00,ps-lb-14,2,-95,2.75,"{""Bat_V"": 3.6, ""Exti_pin_level"": ""Low"", ""Exti_status"": ""False"", ""IDC_intput_mA"": 3.947, ""IN1_pin_level"": ""Low"", ""IN2_pin_level"": ""Low"", ""Node_type"": ""PS-LB"", ""Probe_mod"": 0, ""VDC_intput_V"": 0, ""Water_deep_cm"": 0}"
2025-10-17 16:27:35.726864091+00:00,ps-lb-14,2,-96,2.75,"{""Bat_V"": 3.6, ""Exti_pin_level"": ""Low"", ""Exti_status"": ""False"", ""IDC_intput_mA"": 3.947, ""IN1_pin_level"": ""Low"", ""IN2_pin_level"": ""Low"", ""Node_type"": ""PS-LB"", ""Probe_mod"": 0, ""VDC_intput_V"": 0, ""Water_deep_cm"": 0}"
2025-10-17 17:27:35.068060095+00:00,ps-lb-14,2,-98,2.0,"{""Bat_V"": 3.6, ""Exti_pin_level"": ""Low"", ""Exti_status"": ""False"", ""IDC_intput_mA"": 3.947, ""IN1_pin_level"": ""Low"", ""IN2_pin_level"": ""Low"", ""Node_type"": ""PS-LB"", ""Probe_mod"": 0, ""VDC_intput_V"": 0, ""Water_deep_cm"": 0}"
2025-10-17 18:27:34.367623183+00:00,ps-lb-14,2,-98,1.0,"{""Bat_V"": 3.6, ""Exti_pin_level"": ""Low"", ""Exti_status"": ""False"", ""IDC_intput_mA"": 3.947, ""IN1_pin_level"": ""Low"", ""IN2_pin_level"": ""Low"", ""Node_type"": ""PS-LB"", ""Probe_mod"": 0, ""VDC_intput_V"": 0, ""Water_deep_cm"": 0}"
2025-10-17 19:27:33.683670576+00:00,ps-lb-14,2,-98,0.25,"{""Bat_V"": 3.6, ""Exti_pin_level"": ""Low"", ""Exti_status"": ""False"", ""IDC_intput_mA"": 3.947, ""IN1_pin_level"": ""Low"", ""IN2_pin_level"": ""Low"", ""Node_type"": ""PS-LB"", ""Probe_mod"": 0, ""VDC_intput_V"": 0, ""Water_deep_cm"": 0}"
2025-10-17 20:27:33.100516848+00:00,ps-lb-14,2,-98,1.25,"{""Bat_V"": 3.6, ""Exti_pin_level"": ""Low"", ""Exti_status"": ""False"", ""IDC_intput_mA"": 3.947, ""IN1_pin_level"": ""Low"", ""IN2_pin_level"": ""Low"", ""Node_type"": ""PS-LB"", ""Probe_mod"": 0, ""VDC_intput_V"": 0, ""Water_deep_cm"": 0}"
2025-10-17 21:27:32.339344091+00:00,ps-lb-14,2,-97,0.75,"{""Bat_V"": 3.6, ""Exti_pin_level"": ""Low"", ""Exti_status"": ""False"", ""IDC_intput_mA"": 3.947, ""IN1_pin_level"": ""Low"", ""IN2_pin_level"": ""Low"", ""Node_type"": ""PS-LB"", ""Probe_mod"": 0, ""VDC_intput_V"": 0, ""Water_deep_cm"": 0}"
2025-10-17 22:27:31.634182154+00:00,ps-lb-14,2,-99,-1.5,"{""Bat_V"": 3.6, ""Exti_pin_level"": ""Low"", ""Exti_status"": ""False"", ""IDC_intput_mA"": 3.947, ""IN1_pin_level"": ""Low"", ""IN2_pin_level"": ""Low"", ""Node_type"": ""PS-LB"", ""Probe_mod"": 0, ""VDC_intput_V"": 0, ""Water_deep_cm"": 0}"
2025-10-17 23:27:30.991494946+00:00,ps-lb-14,2,-98,0.5,"{""Bat_V"": 3.6, ""Exti_pin_level"": ""Low"", ""Exti_status"": ""False"", ""IDC_intput_mA"": 3.947, ""IN1_pin_level"": ""Low"", ""IN2_pin_level"": ""Low"", ""Node_type"": ""PS-LB"", ""Probe_mod"": 0, ""VDC_intput_V"": 0, ""Water_deep_cm"": 0}"
2025-10-18 00:27:30.305431629+00:00,ps-lb-14,2,-97,-0.75,"{""Bat_V"": 3.6, ""Exti_pin_level"": ""Low"", ""Exti_status"": ""False"", ""IDC_intput_mA"": 3.947, ""IN1_pin_level"": ""Low"", ""IN2_pin_level"": ""Low"", ""Node_type"": ""PS-LB"", ""Probe_mod"": 0, ""VDC_intput_V"": 0, ""Water_deep_cm"": 0}"
2025-10-18 01:27:29.602412907+00:00,ps-lb-14,2,-123,-6.5,"{""Bat_V"": 3.6, ""Exti_pin_level"": ""Low"", ""Exti_status"": ""False"", ""IDC_intput_mA"": 3.947, ""IN1_pin_level"": ""Low"", ""IN2_pin_level"": ""Low"", ""Node_type"": ""PS-LB"", ""Probe_mod"": 0, ""VDC_intput_V"": 0, ""Water_deep_cm"": 0}"
2025-10-18 02:27:28.928406713+00:00,ps-lb-14,2,-101,-1.75,"{""Bat_V"": 3.6, ""Exti_pin_level"": ""Low"", ""Exti_status"": ""False"", ""IDC_intput_mA"": 3.947, ""IN1_pin_level"": ""Low"", ""IN2_pin_level"": ""Low"", ""Node_type"": ""PS-LB"", ""Probe_mod"": 0, ""VDC_intput_V"": 0, ""Water_deep_cm"": 0}"
2025-10-18 03:27:28.266360484+00:00,ps-lb-14,2,-99,-0.5,"{""Bat_V"": 3.6, ""Exti_pin_level"": ""Low"", ""Exti_status"": ""False"", ""IDC_intput_mA"": 3.946, ""IN1_pin_level"": ""Low"", ""IN2_pin_level"": ""Low"", ""Node_type"": ""PS-LB"", ""Probe_mod"": 0, ""VDC_intput_V"": 0, ""Water_deep_cm"": 0}"
2025-10-18 04:27:27.567245400+00:00,ps-lb-14,2,-97,1.0,"{""Bat_V"": 3.6, ""Exti_pin_level"": ""Low"", ""Exti_status"": ""False"", ""IDC_intput_mA"": 3.947, ""IN1_pin_level"": ""Low"", ""IN2_pin_level"": ""Low"", ""Node_type"": ""PS-LB"", ""Probe_mod"": 0, ""VDC_intput_V"": 0, ""Water_deep_cm"": 0}"
2025-10-18 05:27:26.900661465+00:00,ps-lb-14,2,-96,,"{""Bat_V"": 3.6, ""Exti_pin_level"": ""Low"", ""Exti_status"": ""False"", ""IDC_intput_mA"": 3.946, ""IN1_pin_level"": ""Low"", ""IN2_pin_level"": ""Low"", ""Node_type"": ""PS-LB"", ""Probe_mod"": 0, ""VDC_intput_V"": 0, ""Water_deep_cm"": 0}"
2025-10-18 06:27:26.221425313+00:00,ps-lb-14,2,-99,-3.25,"{""Bat_V"": 3.6, ""Exti_pin_level"": ""Low"", ""Exti_status"": ""False"", ""IDC_intput_mA"": 3.946, ""IN1_pin_level"": ""Low"", ""IN2_pin_level"": ""Low"", ""Node_type"": ""PS-LB"", ""Probe_mod"": 0, ""VDC_intput_V"": 0, ""Water_deep_cm"": 0}"
2025-10-18 07:27:25.550337383+00:00,ps-lb-14,2,-99,0.75,"{""Bat_V"": 3.6, ""Exti_pin_level"": ""Low"", ""Exti_status"": ""False"", ""IDC_intput_mA"": 3.947, ""IN1_pin_level"": ""Low"", ""IN2_pin_level"": ""Low"", ""Node_type"": ""PS-LB"", ""Probe_mod"": 0, ""VDC_intput_V"": 0, ""Water_deep_cm"": 0}"
2025-10-18 08:27:24.856736721+00:00,ps-lb-14,2,-92,3.25,"{""Bat_V"": 3.6, ""Exti_pin_level"": ""Low"", ""Exti_status"": ""False"", ""IDC_intput_mA"": 3.946, ""IN1_pin_level"": ""Low"", ""IN2_pin_level"": ""Low"", ""Node_type"": ""PS-LB"", ""Probe_mod"": 0, ""VDC_intput_V"": 0, ""Water_deep_cm"": 0}"
2025-10-18 09:27:24.180797715+00:00,ps-lb-14,2,-99,1.75,"{""Bat_V"": 3.6, ""Exti_pin_level"": ""Low"", ""Exti_status"": ""False"", ""IDC_intput_mA"": 3.946, ""IN1_pin_level"": ""Low"", ""IN2_pin_level"": ""Low"", ""Node_type"": ""PS-LB"", ""Probe_mod"": 0, ""VDC_intput_V"": 0, ""Water_deep_cm"": 0}"
2025-10-18 10:27:23.495869667+00:00,ps-lb-14,2,-97,4.0,"{""Bat_V"": 3.6, ""Exti_pin_level"": ""Low"", ""Exti_status"": ""False"", ""IDC_intput_mA"": 3.946, ""IN1_pin_level"": ""Low"", ""IN2_pin_level"": ""Low"", ""Node_type"": ""PS-LB"", ""Probe_mod"": 0, ""VDC_intput_V"": 0, ""Water_deep_cm"": 0}"
2025-10-18 11:27:22.807471870+00:00,ps-lb-14,2,-124,-8.75,"{""Bat_V"": 3.6, ""Exti_pin_level"": ""Low"", ""Exti_status"": ""False"", ""IDC_intput_mA"": 3.946, ""IN1_pin_level"": ""Low"", ""IN2_pin_level"": ""Low"", ""Node_type"": ""PS-LB"", ""Probe_mod"": 0, ""VDC_intput_V"": 0, ""Water_deep_cm"": 0}"
2025-10-18 12:27:22.134629688+00:00,ps-lb-14,2,-96,0.5,"{""Bat_V"": 3.6, ""Exti_pin_level"": ""Low"", ""Exti_status"": ""False"", ""IDC_intput_mA"": 3.946, ""IN1_pin_level"": ""Low"", ""IN2_pin_level"": ""Low"", ""Node_type"": ""PS-LB"", ""Probe_mod"": 0, ""VDC_intput_V"": 0, ""Water_deep_cm"": 0}"
2025-10-18 13:27:21.455596727+00:00,ps-lb-14,2,-122,-7.5,"{""Bat_V"": 3.6, ""Exti_pin_level"": ""Low"", ""Exti_status"": ""False"", ""IDC_intput_mA"": 3.946, ""IN1_pin_level"": ""Low"", ""IN2_pin_level"": ""Low"", ""Node_type"": ""PS-LB"", ""Probe_mod"": 0, ""VDC_intput_V"": 0, ""Water_deep_cm"": 0}"
2025-10-18 14:27:20.784952734+00:00,ps-lb-14,2,-95,-3.25,"{""Bat_V"": 3.6, ""Exti_pin_level"": ""Low"", ""Exti_status"": ""False"", ""IDC_intput_mA"": 3.946, ""IN1_pin_level"": ""Low"", ""IN2_pin_level"": ""Low"", ""Node_type"": ""PS-LB"", ""Probe_mod"": 0, ""VDC_intput_V"": 0, ""Water_deep_cm"": 0}"
2025-10-18 15:27:20.125680223+00:00,ps-lb-14,2,-98,-1.75,"{""Bat_V"": 3.6, ""Exti_pin_level"": ""Low"", ""Exti_status"": ""False"", ""IDC_intput_mA"": 3.945, ""IN1_pin_level"": ""Low"", ""IN2_pin_level"": ""Low"", ""Node_type"": ""PS-LB"", ""Probe_mod"": 0, ""VDC_intput_V"": 0, ""Water_deep_cm"": 0}"
2025-10-18 16:27:19.437786187+00:00,ps-lb-14,2,-99,-2.5,"{""Bat_V"": 3.6, ""Exti_pin_level"": ""Low"", ""Exti_status"": ""False"", ""IDC_intput_mA"": 3.945, ""IN1_pin_level"": ""Low"", ""IN2_pin_level"": ""Low"", ""Node_type"": ""PS-LB"", ""Probe_mod"": 0, ""VDC_intput_V"": 0, ""Water_deep_cm"": 0}"
2025-10-18 17:27:18.767129444+00:00,ps-lb-14,2,-120,-8.0,"{""Bat_V"": 3.6, ""Exti_pin_level"": ""Low"", ""Exti_status"": ""False"", ""IDC_intput_mA"": 3.945, ""IN1_pin_level"": ""Low"", ""IN2_pin_level"": ""Low"", ""Node_type"": ""PS-LB"", ""Probe_mod"": 0, ""VDC_intput_V"": 0, ""Water_deep_cm"": 0}"
2025-10-18 18:27:18.084264868+00:00,ps-lb-14,2,-97,2.5,"{""Bat_V"": 3.6, ""Exti_pin_level"": ""Low"", ""Exti_status"": ""False"", ""IDC_intput_mA"": 3.944, ""IN1_pin_level"": ""Low"", ""IN2_pin_level"": ""Low"", ""Node_type"": ""PS-LB"", ""Probe_mod"": 0, ""VDC_intput_V"": 0, ""Water_deep_cm"": 0}"
2025-10-18 19:27:17.412733246+00:00,ps-lb-14,2,-96,2.25,"{""Bat_V"": 3.6, ""Exti_pin_level"": ""Low"", ""Exti_status"": ""False"", ""IDC_intput_mA"": 3.944, ""IN1_pin_level"": ""Low"", ""IN2_pin_level"": ""Low"", ""Node_type"": ""PS-LB"", ""Probe_mod"": 0, ""VDC_intput_V"": 0, ""Water_deep_cm"": 0}"
2025-10-18 20:27:16.737900449+00:00,ps-lb-14,2,-99,-0.5,"{""Bat_V"": 3.6, ""Exti_pin_level"": ""Low"", ""Exti_status"": ""False"", ""IDC_intput_mA"": 3.944, ""IN1_pin_level"": ""Low"", ""IN2_pin_level"": ""Low"", ""Node_type"": ""PS-LB"", ""Probe_mod"": 0, ""VDC_intput_V"": 0, ""Water_deep_cm"": 0}"
2025-10-18 21:27:16.109935403+00:00,ps-lb-14,2,-95,-3.25,"{""Bat_V"": 3.6, ""Exti_pin_level"": ""Low"", ""Exti_status"": ""False"", ""IDC_intput_mA"": 3.944, ""IN1_pin_level"": ""Low"", ""IN2_pin_level"": ""Low"", ""Node_type"": ""PS-LB"", ""Probe_mod"": 0, ""VDC_intput_V"": 0, ""Water_deep_cm"": 0}"
2025-10-18 22:27:15.389826231+00:00,ps-lb-14,2,-97,-5.0,"{""Bat_V"": 3.6, ""Exti_pin_level"": ""Low"", ""Exti_status"": ""False"", ""IDC_intput_mA"": 3.944, ""IN1_pin_level"": ""Low"", ""IN2_pin_level"": ""Low"", ""Node_type"": ""PS-LB"", ""Probe_mod"": 0, ""VDC_intput_V"": 0, ""Water_deep_cm"": 0}"
2025-10-18 23:27:14.702661174+00:00,ps-lb-14,2,-98,-1.0,"{""Bat_V"": 3.6, ""Exti_pin_level"": ""Low"", ""Exti_status"": ""False"", ""IDC_intput_mA"": 3.944, ""IN1_pin_level"": ""Low"", ""IN2_pin_level"": ""Low"", ""Node_type"": ""PS-LB"", ""Probe_mod"": 0, ""VDC_intput_V"": 0, ""Water_deep_cm"": 0}"
2025-10-19 00:27:14.024206712+00:00,ps-lb-14,2,-124,-9.25,"{""Bat_V"": 3.6, ""Exti_pin_level"": ""Low"", ""Exti_status"": ""False"", ""IDC_intput_mA"": 3.943, ""IN1_pin_level"": ""Low"", ""IN2_pin_level"": ""Low"", ""Node_type"": ""PS-LB"", ""Probe_mod"": 0, ""VDC_intput_V"": 0, ""Water_deep_cm"": 0}"
2025-10-19 02:27:12.654817403+00:00,ps-lb-14,2,-101,-7.0,"{""Bat_V"": 3.6, ""Exti_pin_level"": ""Low"", ""Exti_status"": ""False"", ""IDC_intput_mA"": 3.943, ""IN1_pin_level"": ""Low"", ""IN2_pin_level"": ""Low"", ""Node_type"": ""PS-LB"", ""Probe_mod"": 0, ""VDC_intput_V"": 0, ""Water_deep_cm"": 0}"
2025-10-19 03:27:11.993744220+00:00,ps-lb-14,2,-101,-7.5,"{""Bat_V"": 3.6, ""Exti_pin_level"": ""Low"", ""Exti_status"": ""False"", ""IDC_intput_mA"": 3.943, ""IN1_pin_level"": ""Low"", ""IN2_pin_level"": ""Low"", ""Node_type"": ""PS-LB"", ""Probe_mod"": 0, ""VDC_intput_V"": 0, ""Water_deep_cm"": 0}"
2025-10-19 04:27:11.313357372+00:00,ps-lb-14,2,-104,-4.5,"{""Bat_V"": 3.6, ""Exti_pin_level"": ""Low"", ""Exti_status"": ""False"", ""IDC_intput_mA"": 3.944, ""IN1_pin_level"": ""Low"", ""IN2_pin_level"": ""Low"", ""Node_type"": ""PS-LB"", ""Probe_mod"": 0, ""VDC_intput_V"": 0, ""Water_deep_cm"": 0}"
2025-10-19 06:27:09.935944836+00:00,ps-lb-14,2,-103,-7.75,"{""Bat_V"": 3.6, ""Exti_pin_level"": ""Low"", ""Exti_status"": ""False"", ""IDC_intput_mA"": 3.944, ""IN1_pin_level"": ""Low"", ""IN2_pin_level"": ""Low"", ""Node_type"": ""PS-LB"", ""Probe_mod"": 0, ""VDC_intput_V"": 0, ""Water_deep_cm"": 0}"
2025-10-19 07:27:09.278475596+00:00,ps-lb-14,2,-101,-6.0,"{""Bat_V"": 3.6, ""Exti_pin_level"": ""Low"", ""Exti_status"": ""False"", ""IDC_intput_mA"": 3.944, ""IN1_pin_level"": ""Low"", ""IN2_pin_level"": ""Low"", ""Node_type"": ""PS-LB"", ""Probe_mod"": 0, ""VDC_intput_V"": 0, ""Water_deep_cm"": 0}"
2025-10-19 08:27:08.606392885+00:00,ps-lb-14,2,-97,-2.25,"{""Bat_V"": 3.6, ""Exti_pin_level"": ""Low"", ""Exti_status"": ""False"", ""IDC_intput_mA"": 3.944, ""IN1_pin_level"": ""Low"", ""IN2_pin_level"": ""Low"", ""Node_type"": ""PS-LB"", ""Probe_mod"": 0, ""VDC_intput_V"": 0, ""Water_deep_cm"": 0}"
2025-10-19 10:27:07.225254458+00:00,ps-lb-14,2,-103,-2.0,"{""Bat_V"": 3.6, ""Exti_pin_level"": ""Low"", ""Exti_status"": ""False"", ""IDC_intput_mA"": 3.944, ""IN1_pin_level"": ""Low"", ""IN2_pin_level"": ""Low"", ""Node_type"": ""PS-LB"", ""Probe_mod"": 0, ""VDC_intput_V"": 0, ""Water_deep_cm"": 0}"
2025-10-19 11:27:06.546758047+00:00,ps-lb-14,2,-97,4.0,"{""Bat_V"": 3.6, ""Exti_pin_level"": ""Low"", ""Exti_status"": ""False"", ""IDC_intput_mA"": 3.944, ""IN1_pin_level"": ""Low"", ""IN2_pin_level"": ""Low"", ""Node_type"": ""PS-LB"", ""Probe_mod"": 0, ""VDC_intput_V"": 0, ""Water_deep_cm"": 0}"
2025-10-19 12:27:05.876674081+00:00,ps-lb-14,2,-99,4.0,"{""Bat_V"": 3.6, ""Exti_pin_level"": ""Low"", ""Exti_status"": ""False"", ""IDC_intput_mA"": 3.944, ""IN1_pin_level"": ""Low"", ""IN2_pin_level"": ""Low"", ""Node_type"": ""PS-LB"", ""Probe_mod"": 0, ""VDC_intput_V"": 0, ""Water_deep_cm"": 0}"
2025-10-19 13:27:05.201570675+00:00,ps-lb-14,2,-95,-6.5,"{""Bat_V"": 3.6, ""Exti_pin_level"": ""Low"", ""Exti_status"": ""False"", ""IDC_intput_mA"": 3.944, ""IN1_pin_level"": ""Low"", ""IN2_pin_level"": ""Low"", ""Node_type"": ""PS-LB"", ""Probe_mod"": 0, ""VDC_intput_V"": 0, ""Water_deep_cm"": 0}"
2025-10-19 14:27:04.527443747+00:00,ps-lb-14,2,-98,-5.75,"{""Bat_V"": 3.6, ""Exti_pin_level"": ""Low"", ""Exti_status"": ""False"", ""IDC_intput_mA"": 3.943, ""IN1_pin_level"": ""Low"", ""IN2_pin_level"": ""Low"", ""Node_type"": ""PS-LB"", ""Probe_mod"": 0, ""VDC_intput_V"": 0, ""Water_deep_cm"": 0}"
2025-10-19 15:27:03.842178970+00:00,ps-lb-14,2,-97,-1.25,"{""Bat_V"": 3.6, ""Exti_pin_level"": ""Low"", ""Exti_status"": ""False"", ""IDC_intput_mA"": 3.944, ""IN1_pin_level"": ""Low"", ""IN2_pin_level"": ""Low"", ""Node_type"": ""PS-LB"", ""Probe_mod"": 0, ""VDC_intput_V"": 0, ""Water_deep_cm"": 0}"
2025-10-19 16:27:03.171120438+00:00,ps-lb-14,2,-99,-2.75,"{""Bat_V"": 3.6, ""Exti_pin_level"": ""Low"", ""Exti_status"": ""False"", ""IDC_intput_mA"": 3.944, ""IN1_pin_level"": ""Low"", ""IN2_pin_level"": ""Low"", ""Node_type"": ""PS-LB"", ""Probe_mod"": 0, ""VDC_intput_V"": 0, ""Water_deep_cm"": 0}"
2025-10-19 17:27:02.497587348+00:00,ps-lb-14,2,-97,-2.0,"{""Bat_V"": 3.6, ""Exti_pin_level"": ""Low"", ""Exti_status"": ""False"", ""IDC_intput_mA"": 3.943, ""IN1_pin_level"": ""Low"", ""IN2_pin_level"": ""Low"", ""Node_type"": ""PS-LB"", ""Probe_mod"": 0, ""VDC_intput_V"": 0, ""Water_deep_cm"": 0}"
2025-10-19 19:27:01.164855623+00:00,ps-lb-14,2,-98,-3.5,"{""Bat_V"": 3.6, ""Exti_pin_level"": ""Low"", ""Exti_status"": ""False"", ""IDC_intput_mA"": 3.943, ""IN1_pin_level"": ""Low"", ""IN2_pin_level"": ""Low"", ""Node_type"": ""PS-LB"", ""Probe_mod"": 0, ""VDC_intput_V"": 0, ""Water_deep_cm"": 0}"
2025-10-19 20:27:00.465020970+00:00,ps-lb-14,2,-99,-3.5,"{""Bat_V"": 3.6, ""Exti_pin_level"": ""Low"", ""Exti_status"": ""False"", ""IDC_intput_mA"": 3.943, ""IN1_pin_level"": ""Low"", ""IN2_pin_level"": ""Low"", ""Node_type"": ""PS-LB"", ""Probe_mod"": 0, ""VDC_intput_V"": 0, ""Water_deep_cm"": 0}"
2025-10-19 22:26:59.126040039+00:00,ps-lb-14,2,-124,-7.75,"{""Bat_V"": 3.6, ""Exti_pin_level"": ""Low"", ""Exti_status"": ""False"", ""IDC_intput_mA"": 3.942, ""IN1_pin_level"": ""Low"", ""IN2_pin_level"": ""Low"", ""Node_type"": ""PS-LB"", ""Probe_mod"": 0, ""VDC_intput_V"": 0, ""Water_deep_cm"": 0}"
2025-10-19 23:26:58.441019448+00:00,ps-lb-14,2,-125,-9.25,"{""Bat_V"": 3.6, ""Exti_pin_level"": ""Low"", ""Exti_status"": ""False"", ""IDC_intput_mA"": 3.942, ""IN1_pin_level"": ""Low"", ""IN2_pin_level"": ""Low"", ""Node_type"": ""PS-LB"", ""Probe_mod"": 0, ""VDC_intput_V"": 0, ""Water_deep_cm"": 0}"
2025-10-20 00:26:57.758095811+00:00,ps-lb-14,2,-98,-5.0,"{""Bat_V"": 3.6, ""Exti_pin_level"": ""Low"", ""Exti_status"": ""False"", ""IDC_intput_mA"": 3.942, ""IN1_pin_level"": ""Low"", ""IN2_pin_level"": ""Low"", ""Node_type"": ""PS-LB"", ""Probe_mod"": 0, ""VDC_intput_V"": 0, ""Water_deep_cm"": 0}"
2025-10-20 01:26:57.078858695+00:00,ps-lb-14,2,-124,-7.5,"{""Bat_V"": 3.6, ""Exti_pin_level"": ""Low"", ""Exti_status"": ""False"", ""IDC_intput_mA"": 3.942, ""IN1_pin_level"": ""Low"", ""IN2_pin_level"": ""Low"", ""Node_type"": ""PS-LB"", ""Probe_mod"": 0, ""VDC_intput_V"": 0, ""Water_deep_cm"": 0}"
2025-10-20 02:26:56.384108952+00:00,ps-lb-14,2,-125,-8.5,"{""Bat_V"": 3.6, ""Exti_pin_level"": ""Low"", ""Exti_status"": ""False"", ""IDC_intput_mA"": 3.942, ""IN1_pin_level"": ""Low"", ""IN2_pin_level"": ""Low"", ""Node_type"": ""PS-LB"", ""Probe_mod"": 0, ""VDC_intput_V"": 0, ""Water_deep_cm"": 0}"
2025-10-20 03:26:55.723163268+00:00,ps-lb-14,2,-98,-7.25,"{""Bat_V"": 3.6, ""Exti_pin_level"": ""Low"", ""Exti_status"": ""False"", ""IDC_intput_mA"": 3.941, ""IN1_pin_level"": ""Low"", ""IN2_pin_level"": ""Low"", ""Node_type"": ""PS-LB"", ""Probe_mod"": 0, ""VDC_intput_V"": 0, ""Water_deep_cm"": 0}"
2025-10-20 04:26:55.050813781+00:00,ps-lb-14,2,-103,-4.75,"{""Bat_V"": 3.6, ""Exti_pin_level"": ""Low"", ""Exti_status"": ""False"", ""IDC_intput_mA"": 3.941, ""IN1_pin_level"": ""Low"", ""IN2_pin_level"": ""Low"", ""Node_type"": ""PS-LB"", ""Probe_mod"": 0, ""VDC_intput_V"": 0, ""Water_deep_cm"": 0}"
2025-10-20 05:26:54.392683470+00:00,ps-lb-14,2,-97,-6.5,"{""Bat_V"": 3.6, ""Exti_pin_level"": ""Low"", ""Exti_status"": ""False"", ""IDC_intput_mA"": 3.941, ""IN1_pin_level"": ""Low"", ""IN2_pin_level"": ""Low"", ""Node_type"": ""PS-LB"", ""Probe_mod"": 0, ""VDC_intput_V"": 0, ""Water_deep_cm"": 0}"
2025-10-20 06:26:53.699550608+00:00,ps-lb-14,2,-98,-7.0,"{""Bat_V"": 3.6, ""Exti_pin_level"": ""Low"", ""Exti_status"": ""False"", ""IDC_intput_mA"": 3.942, ""IN1_pin_level"": ""Low"", ""IN2_pin_level"": ""Low"", ""Node_type"": ""PS-LB"", ""Probe_mod"": 0, ""VDC_intput_V"": 0, ""Water_deep_cm"": 0}"
2025-10-20 07:26:53.017519431+00:00,ps-lb-14,2,-98,-1.75,"{""Bat_V"": 3.6, ""Exti_pin_level"": ""Low"", ""Exti_status"": ""False"", ""IDC_intput_mA"": 3.942, ""IN1_pin_level"": ""Low"", ""IN2_pin_level"": ""Low"", ""Node_type"": ""PS-LB"", ""Probe_mod"": 0, ""VDC_intput_V"": 0, ""Water_deep_cm"": 0}"
2025-10-20 08:26:52.323992513+00:00,ps-lb-14,2,-97,-4.0,"{""Bat_V"": 3.6, ""Exti_pin_level"": ""Low"", ""Exti_status"": ""False"", ""IDC_intput_mA"": 3.943, ""IN1_pin_level"": ""Low"", ""IN2_pin_level"": ""Low"", ""Node_type"": ""PS-LB"", ""Probe_mod"": 0, ""VDC_intput_V"": 0, ""Water_deep_cm"": 0}"
2025-10-20 10:26:51.001806809+00:00,ps-lb-14,2,-123,-7.75,"{""Bat_V"": 3.6, ""Exti_pin_level"": ""Low"", ""Exti_status"": ""False"", ""IDC_intput_mA"": 3.944, ""IN1_pin_level"": ""Low"", ""IN2_pin_level"": ""Low"", ""Node_type"": ""PS-LB"", ""Probe_mod"": 0, ""VDC_intput_V"": 0, ""Water_deep_cm"": 0}"
2025-10-20 11:26:50.280633495+00:00,ps-lb-14,2,-97,0.25,"{""Bat_V"": 3.6, ""Exti_pin_level"": ""Low"", ""Exti_status"": ""False"", ""IDC_intput_mA"": 3.944, ""IN1_pin_level"": ""Low"", ""IN2_pin_level"": ""Low"", ""Node_type"": ""PS-LB"", ""Probe_mod"": 0, ""VDC_intput_V"": 0, ""Water_deep_cm"": 0}"
2025-10-20 12:26:49.614669026+00:00,ps-lb-14,2,-96,2.75,"{""Bat_V"": 3.6, ""Exti_pin_level"": ""Low"", ""Exti_status"": ""False"", ""IDC_intput_mA"": 3.944, ""IN1_pin_level"": ""Low"", ""IN2_pin_level"": ""Low"", ""Node_type"": ""PS-LB"", ""Probe_mod"": 0, ""VDC_intput_V"": 0, ""Water_deep_cm"": 0}"
2025-10-20 13:26:48.935768638+00:00,ps-lb-14,2,-103,-4.25,"{""Bat_V"": 3.6, ""Exti_pin_level"": ""Low"", ""Exti_status"": ""False"", ""IDC_intput_mA"": 3.945, ""IN1_pin_level"": ""Low"", ""IN2_pin_level"": ""Low"", ""Node_type"": ""PS-LB"", ""Probe_mod"": 0, ""VDC_intput_V"": 0, ""Water_deep_cm"": 0}"
2025-10-20 14:26:48.262897077+00:00,ps-lb-14,2,-96,2.25,"{""Bat_V"": 3.6, ""Exti_pin_level"": ""Low"", ""Exti_status"": ""False"", ""IDC_intput_mA"": 3.944, ""IN1_pin_level"": ""Low"", ""IN2_pin_level"": ""Low"", ""Node_type"": ""PS-LB"", ""Probe_mod"": 0, ""VDC_intput_V"": 0, ""Water_deep_cm"": 0}"
2025-10-20 15:26:47.573422428+00:00,ps-lb-14,2,-98,-3.25,"{""Bat_V"": 3.6, ""Exti_pin_level"": ""Low"", ""Exti_status"": ""False"", ""IDC_intput_mA"": 3.945, ""IN1_pin_level"": ""Low"", ""IN2_pin_level"": ""Low"", ""Node_type"": ""PS-LB"", ""Probe_mod"": 0, ""VDC_intput_V"": 0, ""Water_deep_cm"": 0}"
2025-10-20 16:26:46.911885397+00:00,ps-lb-14,2,-123,-7.5,"{""Bat_V"": 3.6, ""Exti_pin_level"": ""Low"", ""Exti_status"": ""False"", ""IDC_intput_mA"": 3.945, ""IN1_pin_level"": ""Low"", ""IN2_pin_level"": ""Low"", ""Node_type"": ""PS-LB"", ""Probe_mod"": 0, ""VDC_intput_V"": 0, ""Water_deep_cm"": 0}"
2025-10-20 17:26:46.208172126+00:00,ps-lb-14,2,-122,-7.0,"{""Bat_V"": 3.6, ""Exti_pin_level"": ""Low"", ""Exti_status"": ""False"", ""IDC_intput_mA"": 3.944, ""IN1_pin_level"": ""Low"", ""IN2_pin_level"": ""Low"", ""Node_type"": ""PS-LB"", ""Probe_mod"": 0, ""VDC_intput_V"": 0, ""Water_deep_cm"": 0}"
2025-10-20 18:26:45.520468969+00:00,ps-lb-14,2,-98,2.25,"{""Bat_V"": 3.6, ""Exti_pin_level"": ""Low"", ""Exti_status"": ""False"", ""IDC_intput_mA"": 3.945, ""IN1_pin_level"": ""Low"", ""IN2_pin_level"": ""Low"", ""Node_type"": ""PS-LB"", ""Probe_mod"": 0, ""VDC_intput_V"": 0, ""Water_deep_cm"": 0}"
2025-10-20 19:26:44.863489303+00:00,ps-lb-14,2,-99,0.75,"{""Bat_V"": 3.6, ""Exti_pin_level"": ""Low"", ""Exti_status"": ""False"", ""IDC_intput_mA"": 3.945, ""IN1_pin_level"": ""Low"", ""IN2_pin_level"": ""Low"", ""Node_type"": ""PS-LB"", ""Probe_mod"": 0, ""VDC_intput_V"": 0, ""Water_deep_cm"": 0}"
2025-10-20 20:26:44.163086284+00:00,ps-lb-14,2,-98,2.75,"{""Bat_V"": 3.6, ""Exti_pin_level"": ""Low"", ""Exti_status"": ""False"", ""IDC_intput_mA"": 3.944, ""IN1_pin_level"": ""Low"", ""IN2_pin_level"": ""Low"", ""Node_type"": ""PS-LB"", ""Probe_mod"": 0, ""VDC_intput_V"": 0, ""Water_deep_cm"": 0}"
2025-10-20 21:26:43.487218182+00:00,ps-lb-14,2,-97,3.0,"{""Bat_V"": 3.6, ""Exti_pin_level"": ""Low"", ""Exti_status"": ""False"", ""IDC_intput_mA"": 3.945, ""IN1_pin_level"": ""Low"", ""IN2_pin_level"": ""Low"", ""Node_type"": ""PS-LB"", ""Probe_mod"": 0, ""VDC_intput_V"": 0, ""Water_deep_cm"": 0}"
2025-10-20 22:26:42.823173298+00:00,ps-lb-14,2,-97,1.25,"{""Bat_V"": 3.6, ""Exti_pin_level"": ""Low"", ""Exti_status"": ""False"", ""IDC_intput_mA"": 3.945, ""IN1_pin_level"": ""Low"", ""IN2_pin_level"": ""Low"", ""Node_type"": ""PS-LB"", ""Probe_mod"": 0, ""VDC_intput_V"": 0, ""Water_deep_cm"": 0}"
2025-10-20 23:26:42.147287270+00:00,ps-lb-14,2,-96,2.25,"{""Bat_V"": 3.6, ""Exti_pin_level"": ""Low"", ""Exti_status"": ""False"", ""IDC_intput_mA"": 3.944, ""IN1_pin_level"": ""Low"", ""IN2_pin_level"": ""Low"", ""Node_type"": ""PS-LB"", ""Probe_mod"": 0, ""VDC_intput_V"": 0, ""Water_deep_cm"": 0}"
2025-10-21 00:26:41.463095693+00:00,ps-lb-14,2,-98,2.0,"{""Bat_V"": 3.6, ""Exti_pin_level"": ""Low"", ""Exti_status"": ""False"", ""IDC_intput_mA"": 3.944, ""IN1_pin_level"": ""Low"", ""IN2_pin_level"": ""Low"", ""Node_type"": ""PS-LB"", ""Probe_mod"": 0, ""VDC_intput_V"": 0, ""Water_deep_cm"": 0}"
2025-10-21 01:26:40.777992157+00:00,ps-lb-14,2,-99,4.75,"{""Bat_V"": 3.6, ""Exti_pin_level"": ""Low"", ""Exti_status"": ""False"", ""IDC_intput_mA"": 3.944, ""IN1_pin_level"": ""Low"", ""IN2_pin_level"": ""Low"", ""Node_type"": ""PS-LB"", ""Probe_mod"": 0, ""VDC_intput_V"": 0, ""Water_deep_cm"": 0}"
2025-10-21 02:26:40.087088168+00:00,ps-lb-14,2,-98,3.25,"{""Bat_V"": 3.6, ""Exti_pin_level"": ""Low"", ""Exti_status"": ""False"", ""IDC_intput_mA"": 3.944, ""IN1_pin_level"": ""Low"", ""IN2_pin_level"": ""Low"", ""Node_type"": ""PS-LB"", ""Probe_mod"": 0, ""VDC_intput_V"": 0, ""Water_deep_cm"": 0}"
2025-10-21 03:26:39.404467115+00:00,ps-lb-14,2,-101,-1.25,"{""Bat_V"": 3.6, ""Exti_pin_level"": ""Low"", ""Exti_status"": ""False"", ""IDC_intput_mA"": 3.944, ""IN1_pin_level"": ""Low"", ""IN2_pin_level"": ""Low"", ""Node_type"": ""PS-LB"", ""Probe_mod"": 0, ""VDC_intput_V"": 0, ""Water_deep_cm"": 0}"
2025-10-21 04:26:38.746839071+00:00,ps-lb-14,2,-103,-0.25,"{""Bat_V"": 3.6, ""Exti_pin_level"": ""Low"", ""Exti_status"": ""False"", ""IDC_intput_mA"": 3.944, ""IN1_pin_level"": ""Low"", ""IN2_pin_level"": ""Low"", ""Node_type"": ""PS-LB"", ""Probe_mod"": 0, ""VDC_intput_V"": 0, ""Water_deep_cm"": 0}"
2025-10-21 05:26:38.067475205+00:00,ps-lb-14,2,-97,,"{""Bat_V"": 3.6, ""Exti_pin_level"": ""Low"", ""Exti_status"": ""False"", ""IDC_intput_mA"": 3.944, ""IN1_pin_level"": ""Low"", ""IN2_pin_level"": ""Low"", ""Node_type"": ""PS-LB"", ""Probe_mod"": 0, ""VDC_intput_V"": 0, ""Water_deep_cm"": 0}"
2025-10-21 06:26:37.375537520+00:00,ps-lb-14,2,-95,4.0,"{""Bat_V"": 3.6, ""Exti_pin_level"": ""Low"", ""Exti_status"": ""False"", ""IDC_intput_mA"": 3.944, ""IN1_pin_level"": ""Low"", ""IN2_pin_level"": ""Low"", ""Node_type"": ""PS-LB"", ""Probe_mod"": 0, ""VDC_intput_V"": 0, ""Water_deep_cm"": 0}"
2025-10-21 07:26:36.696616363+00:00,ps-lb-14,2,-93,4.25,"{""Bat_V"": 3.6, ""Exti_pin_level"": ""Low"", ""Exti_status"": ""False"", ""IDC_intput_mA"": 3.944, ""IN1_pin_level"": ""Low"", ""IN2_pin_level"": ""Low"", ""Node_type"": ""PS-LB"", ""Probe_mod"": 0, ""VDC_intput_V"": 0, ""Water_deep_cm"": 0}"
2025-10-21 08:26:36.034514699+00:00,ps-lb-14,2,-93,3.25,"{""Bat_V"": 3.6, ""Exti_pin_level"": ""Low"", ""Exti_status"": ""False"", ""IDC_intput_mA"": 3.944, ""IN1_pin_level"": ""Low"", ""IN2_pin_level"": ""Low"", ""Node_type"": ""PS-LB"", ""Probe_mod"": 0, ""VDC_intput_V"": 0, ""Water_deep_cm"": 0}"
2025-10-21 09:26:35.327166524+00:00,ps-lb-14,2,-96,4.5,"{""Bat_V"": 3.6, ""Exti_pin_level"": ""Low"", ""Exti_status"": ""False"", ""IDC_intput_mA"": 3.945, ""IN1_pin_level"": ""Low"", ""IN2_pin_level"": ""Low"", ""Node_type"": ""PS-LB"", ""Probe_mod"": 0, ""VDC_intput_V"": 0, ""Water_deep_cm"": 0}"
2025-10-21 10:26:34.664333104+00:00,ps-lb-14,2,-97,4.0,"{""Bat_V"": 3.6, ""Exti_pin_level"": ""Low"", ""Exti_status"": ""False"", ""IDC_intput_mA"": 3.945, ""IN1_pin_level"": ""Low"", ""IN2_pin_level"": ""Low"", ""Node_type"": ""PS-LB"", ""Probe_mod"": 0, ""VDC_intput_V"": 0, ""Water_deep_cm"": 0}"
2025-10-21 11:26:33.977226768+00:00,ps-lb-14,2,-93,6.25,"{""Bat_V"": 3.6, ""Exti_pin_level"": ""Low"", ""Exti_status"": ""False"", ""IDC_intput_mA"": 3.946, ""IN1_pin_level"": ""Low"", ""IN2_pin_level"": ""Low"", ""Node_type"": ""PS-LB"", ""Probe_mod"": 0, ""VDC_intput_V"": 0, ""Water_deep_cm"": 0}"
2025-10-21 12:26:33.298723120+00:00,ps-lb-14,2,-88,6.75,"{""Bat_V"": 3.6, ""Exti_pin_level"": ""Low"", ""Exti_status"": ""False"", ""IDC_intput_mA"": 3.946, ""IN1_pin_level"": ""Low"", ""IN2_pin_level"": ""Low"", ""Node_type"": ""PS-LB"", ""Probe_mod"": 0, ""VDC_intput_V"": 0, ""Water_deep_cm"": 0}"
2025-10-21 13:26:32.618228375+00:00,ps-lb-14,2,-91,5.75,"{""Bat_V"": 3.6, ""Exti_pin_level"": ""Low"", ""Exti_status"": ""False"", ""IDC_intput_mA"": 3.946, ""IN1_pin_level"": ""Low"", ""IN2_pin_level"": ""Low"", ""Node_type"": ""PS-LB"", ""Probe_mod"": 0, ""VDC_intput_V"": 0, ""Water_deep_cm"": 0}"
2025-10-21 14:26:31.946513154+00:00,ps-lb-14,2,-93,4.75,"{""Bat_V"": 3.6, ""Exti_pin_level"": ""Low"", ""Exti_status"": ""False"", ""IDC_intput_mA"": 3.946, ""IN1_pin_level"": ""Low"", ""IN2_pin_level"": ""Low"", ""Node_type"": ""PS-LB"", ""Probe_mod"": 0, ""VDC_intput_V"": 0, ""Water_deep_cm"": 0}"
2025-10-21 15:26:31.251957342+00:00,ps-lb-14,2,-95,3.75,"{""Bat_V"": 3.6, ""Exti_pin_level"": ""Low"", ""Exti_status"": ""False"", ""IDC_intput_mA"": 3.947, ""IN1_pin_level"": ""Low"", ""IN2_pin_level"": ""Low"", ""Node_type"": ""PS-LB"", ""Probe_mod"": 0, ""VDC_intput_V"": 0, ""Water_deep_cm"": 0}"
2025-10-21 16:26:30.589169224+00:00,ps-lb-14,2,-125,-9.0,"{""Bat_V"": 3.6, ""Exti_pin_level"": ""Low"", ""Exti_status"": ""False"", ""IDC_intput_mA"": 3.947, ""IN1_pin_level"": ""Low"", ""IN2_pin_level"": ""Low"", ""Node_type"": ""PS-LB"", ""Probe_mod"": 0, ""VDC_intput_V"": 0, ""Water_deep_cm"": 0}"
2025-10-21 17:26:29.901623841+00:00,ps-lb-14,2,-96,6.75,"{""Bat_V"": 3.6, ""Exti_pin_level"": ""Low"", ""Exti_status"": ""False"", ""IDC_intput_mA"": 3.947, ""IN1_pin_level"": ""Low"", ""IN2_pin_level"": ""Low"", ""Node_type"": ""PS-LB"", ""Probe_mod"": 0, ""VDC_intput_V"": 0, ""Water_deep_cm"": 0}"
2025-10-21 18:26:29.216978633+00:00,ps-lb-14,2,-95,5.5,"{""Bat_V"": 3.6, ""Exti_pin_level"": ""Low"", ""Exti_status"": ""False"", ""IDC_intput_mA"": 3.947, ""IN1_pin_level"": ""Low"", ""IN2_pin_level"": ""Low"", ""Node_type"": ""PS-LB"", ""Probe_mod"": 0, ""VDC_intput_V"": 0, ""Water_deep_cm"": 0}"
2025-10-21 19:26:28.525759050+00:00,ps-lb-14,2,-95,5.5,"{""Bat_V"": 3.6, ""Exti_pin_level"": ""Low"", ""Exti_status"": ""False"", ""IDC_intput_mA"": 3.947, ""IN1_pin_level"": ""Low"", ""IN2_pin_level"": ""Low"", ""Node_type"": ""PS-LB"", ""Probe_mod"": 0, ""VDC_intput_V"": 0, ""Water_deep_cm"": 0}"
2025-10-21 20:26:27.859691333+00:00,ps-lb-14,2,-95,5.5,"{""Bat_V"": 3.6, ""Exti_pin_level"": ""Low"", ""Exti_status"": ""False"", ""IDC_intput_mA"": 3.947, ""IN1_pin_level"": ""Low"", ""IN2_pin_level"": ""Low"", ""Node_type"": ""PS-LB"", ""Probe_mod"": 0, ""VDC_intput_V"": 0, ""Water_deep_cm"": 0}"
2025-10-21 21:26:27.159891566+00:00,ps-lb-14,2,-93,4.0,"{""Bat_V"": 3.6, ""Exti_pin_level"": ""Low"", ""Exti_status"": ""False"", ""IDC_intput_mA"": 3.947, ""IN1_pin_level"": ""Low"", ""IN2_pin_level"": ""Low"", ""Node_type"": ""PS-LB"", ""Probe_mod"": 0, ""VDC_intput_V"": 0, ""Water_deep_cm"": 0}"
2025-10-21 22:26:26.495445482+00:00,ps-lb-14,2,-122,-6.0,"{""Bat_V"": 3.6, ""Exti_pin_level"": ""Low"", ""Exti_status"": ""False"", ""IDC_intput_mA"": 3.947, ""IN1_pin_level"": ""Low"", ""IN2_pin_level"": ""Low"", ""Node_type"": ""PS-LB"", ""Probe_mod"": 0, ""VDC_intput_V"": 0, ""Water_deep_cm"": 0}"
2025-10-21 23:26:25.812422565+00:00,ps-lb-14,2,-95,3.0,"{""Bat_V"": 3.6, ""Exti_pin_level"": ""Low"", ""Exti_status"": ""False"", ""IDC_intput_mA"": 3.946, ""IN1_pin_level"": ""Low"", ""IN2_pin_level"": ""Low"", ""Node_type"": ""PS-LB"", ""Probe_mod"": 0, ""VDC_intput_V"": 0, ""Water_deep_cm"": 0}"
2025-10-22 00:26:25.129963407+00:00,ps-lb-14,2,-93,4.5,"{""Bat_V"": 3.6, ""Exti_pin_level"": ""Low"", ""Exti_status"": ""False"", ""IDC_intput_mA"": 3.946, ""IN1_pin_level"": ""Low"", ""IN2_pin_level"": ""Low"", ""Node_type"": ""PS-LB"", ""Probe_mod"": 0, ""VDC_intput_V"": 0, ""Water_deep_cm"": 0}"
2025-10-22 01:26:24.508633633+00:00,ps-lb-14,2,-95,5.25,"{""Bat_V"": 3.6, ""Exti_pin_level"": ""Low"", ""Exti_status"": ""False"", ""IDC_intput_mA"": 3.946, ""IN1_pin_level"": ""Low"", ""IN2_pin_level"": ""Low"", ""Node_type"": ""PS-LB"", ""Probe_mod"": 0, ""VDC_intput_V"": 0, ""Water_deep_cm"": 0}"
2025-10-22 02:26:23.784163330+00:00,ps-lb-14,2,-125,-9.0,"{""Bat_V"": 3.6, ""Exti_pin_level"": ""Low"", ""Exti_status"": ""False"", ""IDC_intput_mA"": 3.946, ""IN1_pin_level"": ""Low"", ""IN2_pin_level"": ""Low"", ""Node_type"": ""PS-LB"", ""Probe_mod"": 0, ""VDC_intput_V"": 0, ""Water_deep_cm"": 0}"
2025-10-22 03:26:23.098525241+00:00,ps-lb-14,2,-93,6.5,"{""Bat_V"": 3.6, ""Exti_pin_level"": ""Low"", ""Exti_status"": ""False"", ""IDC_intput_mA"": 3.946, ""IN1_pin_level"": ""Low"", ""IN2_pin_level"": ""Low"", ""Node_type"": ""PS-LB"", ""Probe_mod"": 0, ""VDC_intput_V"": 0, ""Water_deep_cm"": 0}"
2025-10-22 04:26:22.416917736+00:00,ps-lb-14,2,-92,5.25,"{""Bat_V"": 3.6, ""Exti_pin_level"": ""Low"", ""Exti_status"": ""False"", ""IDC_intput_mA"": 3.945, ""IN1_pin_level"": ""Low"", ""IN2_pin_level"": ""Low"", ""Node_type"": ""PS-LB"", ""Probe_mod"": 0, ""VDC_intput_V"": 0, ""Water_deep_cm"": 0}"
2025-10-22 05:26:21.744409240+00:00,ps-lb-14,2,-124,-8.0,"{""Bat_V"": 3.6, ""Exti_pin_level"": ""Low"", ""Exti_status"": ""False"", ""IDC_intput_mA"": 3.946, ""IN1_pin_level"": ""Low"", ""IN2_pin_level"": ""Low"", ""Node_type"": ""PS-LB"", ""Probe_mod"": 0, ""VDC_intput_V"": 0, ""Water_deep_cm"": 0}"
2025-10-22 06:26:21.054605452+00:00,ps-lb-14,2,-92,4.0,"{""Bat_V"": 3.6, ""Exti_pin_level"": ""Low"", ""Exti_status"": ""False"", ""IDC_intput_mA"": 3.946, ""IN1_pin_level"": ""Low"", ""IN2_pin_level"": ""Low"", ""Node_type"": ""PS-LB"", ""Probe_mod"": 0, ""VDC_intput_V"": 0, ""Water_deep_cm"": 0}"
2025-10-22 07:26:20.385217507+00:00,ps-lb-14,2,-95,3.0,"{""Bat_V"": 3.6, ""Exti_pin_level"": ""Low"", ""Exti_status"": ""False"", ""IDC_intput_mA"": 3.946, ""IN1_pin_level"": ""Low"", ""IN2_pin_level"": ""Low"", ""Node_type"": ""PS-LB"", ""Probe_mod"": 0, ""VDC_intput_V"": 0, ""Water_deep_cm"": 0}"
2025-10-22 08:26:19.697021795+00:00,ps-lb-14,2,-93,2.25,"{""Bat_V"": 3.6, ""Exti_pin_level"": ""Low"", ""Exti_status"": ""False"", ""IDC_intput_mA"": 3.946, ""IN1_pin_level"": ""Low"", ""IN2_pin_level"": ""Low"", ""Node_type"": ""PS-LB"", ""Probe_mod"": 0, ""VDC_intput_V"": 0, ""Water_deep_cm"": 0}"
2025-10-22 09:26:19.017709475+00:00,ps-lb-14,2,-95,5.75,"{""Bat_V"": 3.6, ""Exti_pin_level"": ""Low"", ""Exti_status"": ""False"", ""IDC_intput_mA"": 3.946, ""IN1_pin_level"": ""Low"", ""IN2_pin_level"": ""Low"", ""Node_type"": ""PS-LB"", ""Probe_mod"": 0, ""VDC_intput_V"": 0, ""Water_deep_cm"": 0}"
2025-10-22 10:26:18.336371161+00:00,ps-lb-14,2,-95,4.25,"{""Bat_V"": 3.6, ""Exti_pin_level"": ""Low"", ""Exti_status"": ""False"", ""IDC_intput_mA"": 3.946, ""IN1_pin_level"": ""Low"", ""IN2_pin_level"": ""Low"", ""Node_type"": ""PS-LB"", ""Probe_mod"": 0, ""VDC_intput_V"": 0, ""Water_deep_cm"": 0}"
2025-10-22 11:26:17.655413288+00:00,ps-lb-14,2,-98,2.75,"{""Bat_V"": 3.6, ""Exti_pin_level"": ""Low"", ""Exti_status"": ""False"", ""IDC_intput_mA"": 3.947, ""IN1_pin_level"": ""Low"", ""IN2_pin_level"": ""Low"", ""Node_type"": ""PS-LB"", ""Probe_mod"": 0, ""VDC_intput_V"": 0, ""Water_deep_cm"": 0}"
2025-10-22 13:26:16.306494722+00:00,ps-lb-14,2,-95,3.75,"{""Bat_V"": 3.6, ""Exti_pin_level"": ""Low"", ""Exti_status"": ""False"", ""IDC_intput_mA"": 3.947, ""IN1_pin_level"": ""Low"", ""IN2_pin_level"": ""Low"", ""Node_type"": ""PS-LB"", ""Probe_mod"": 0, ""VDC_intput_V"": 0, ""Water_deep_cm"": 0}"
2025-10-22 14:26:15.608056015+00:00,ps-lb-14,2,-95,4.25,"{""Bat_V"": 3.6, ""Exti_pin_level"": ""Low"", ""Exti_status"": ""False"", ""IDC_intput_mA"": 3.947, ""IN1_pin_level"": ""Low"", ""IN2_pin_level"": ""Low"", ""Node_type"": ""PS-LB"", ""Probe_mod"": 0, ""VDC_intput_V"": 0, ""Water_deep_cm"": 0}"
2025-10-22 15:26:14.942869163+00:00,ps-lb-14,2,-92,6.0,"{""Bat_V"": 3.6, ""Exti_pin_level"": ""Low"", ""Exti_status"": ""False"", ""IDC_intput_mA"": 3.947, ""IN1_pin_level"": ""Low"", ""IN2_pin_level"": ""Low"", ""Node_type"": ""PS-LB"", ""Probe_mod"": 0, ""VDC_intput_V"": 0, ""Water_deep_cm"": 0}"
2025-10-22 16:26:14.261121585+00:00,ps-lb-14,2,-91,6.25,"{""Bat_V"": 3.6, ""Exti_pin_level"": ""Low"", ""Exti_status"": ""False"", ""IDC_intput_mA"": 3.947, ""IN1_pin_level"": ""Low"", ""IN2_pin_level"": ""Low"", ""Node_type"": ""PS-LB"", ""Probe_mod"": 0, ""VDC_intput_V"": 0, ""Water_deep_cm"": 0}"
2025-10-22 17:26:13.588371139+00:00,ps-lb-14,2,-93,4.75,"{""Bat_V"": 3.6, ""Exti_pin_level"": ""Low"", ""Exti_status"": ""False"", ""IDC_intput_mA"": 3.947, ""IN1_pin_level"": ""Low"", ""IN2_pin_level"": ""Low"", ""Node_type"": ""PS-LB"", ""Probe_mod"": 0, ""VDC_intput_V"": 0, ""Water_deep_cm"": 0}"
2025-10-22 18:26:12.891582727+00:00,ps-lb-14,2,-91,7.0,"{""Bat_V"": 3.6, ""Exti_pin_level"": ""Low"", ""Exti_status"": ""False"", ""IDC_intput_mA"": 3.947, ""IN1_pin_level"": ""Low"", ""IN2_pin_level"": ""Low"", ""Node_type"": ""PS-LB"", ""Probe_mod"": 0, ""VDC_intput_V"": 0, ""Water_deep_cm"": 0}"
2025-10-22 19:26:12.213562806+00:00,ps-lb-14,2,-93,6.5,"{""Bat_V"": 3.6, ""Exti_pin_level"": ""Low"", ""Exti_status"": ""False"", ""IDC_intput_mA"": 3.947, ""IN1_pin_level"": ""Low"", ""IN2_pin_level"": ""Low"", ""Node_type"": ""PS-LB"", ""Probe_mod"": 0, ""VDC_intput_V"": 0, ""Water_deep_cm"": 0}"
2025-10-22 20:26:11.534964794+00:00,ps-lb-14,2,-92,5.5,"{""Bat_V"": 3.6, ""Exti_pin_level"": ""Low"", ""Exti_status"": ""False"", ""IDC_intput_mA"": 3.948, ""IN1_pin_level"": ""Low"", ""IN2_pin_level"": ""Low"", ""Node_type"": ""PS-LB"", ""Probe_mod"": 0, ""VDC_intput_V"": 0, ""Water_deep_cm"": 0}"
2025-10-22 21:26:10.856257752+00:00,ps-lb-14,2,-93,5.0,"{""Bat_V"": 3.6, ""Exti_pin_level"": ""Low"", ""Exti_status"": ""False"", ""IDC_intput_mA"": 3.947, ""IN1_pin_level"": ""Low"", ""IN2_pin_level"": ""Low"", ""Node_type"": ""PS-LB"", ""Probe_mod"": 0, ""VDC_intput_V"": 0, ""Water_deep_cm"": 0}"
2025-10-22 22:26:10.173084795+00:00,ps-lb-14,2,-95,6.0,"{""Bat_V"": 3.6, ""Exti_pin_level"": ""Low"", ""Exti_status"": ""False"", ""IDC_intput_mA"": 3.947, ""IN1_pin_level"": ""Low"", ""IN2_pin_level"": ""Low"", ""Node_type"": ""PS-LB"", ""Probe_mod"": 0, ""VDC_intput_V"": 0, ""Water_deep_cm"": 0}"
2025-10-22 23:26:09.507253955+00:00,ps-lb-14,2,-93,5.0,"{""Bat_V"": 3.6, ""Exti_pin_level"": ""Low"", ""Exti_status"": ""False"", ""IDC_intput_mA"": 3.947, ""IN1_pin_level"": ""Low"", ""IN2_pin_level"": ""Low"", ""Node_type"": ""PS-LB"", ""Probe_mod"": 0, ""VDC_intput_V"": 0, ""Water_deep_cm"": 0}"
2025-10-23 00:26:08.813343295+00:00,ps-lb-14,2,-124,-8.25,"{""Bat_V"": 3.6, ""Exti_pin_level"": ""Low"", ""Exti_status"": ""False"", ""IDC_intput_mA"": 3.947, ""IN1_pin_level"": ""Low"", ""IN2_pin_level"": ""Low"", ""Node_type"": ""PS-LB"", ""Probe_mod"": 0, ""VDC_intput_V"": 0, ""Water_deep_cm"": 0}"
2025-10-23 01:26:08.141757413+00:00,ps-lb-14,2,-95,5.0,"{""Bat_V"": 3.6, ""Exti_pin_level"": ""Low"", ""Exti_status"": ""False"", ""IDC_intput_mA"": 3.947, ""IN1_pin_level"": ""Low"", ""IN2_pin_level"": ""Low"", ""Node_type"": ""PS-LB"", ""Probe_mod"": 0, ""VDC_intput_V"": 0, ""Water_deep_cm"": 0}"
2025-10-23 02:26:07.450966314+00:00,ps-lb-14,2,-122,-5.25,"{""Bat_V"": 3.6, ""Exti_pin_level"": ""Low"", ""Exti_status"": ""False"", ""IDC_intput_mA"": 3.947, ""IN1_pin_level"": ""Low"", ""IN2_pin_level"": ""Low"", ""Node_type"": ""PS-LB"", ""Probe_mod"": 0, ""VDC_intput_V"": 0, ""Water_deep_cm"": 0}"
2025-10-23 03:26:06.796767088+00:00,ps-lb-14,2,-95,4.0,"{""Bat_V"": 3.6, ""Exti_pin_level"": ""Low"", ""Exti_status"": ""False"", ""IDC_intput_mA"": 3.947, ""IN1_pin_level"": ""Low"", ""IN2_pin_level"": ""Low"", ""Node_type"": ""PS-LB"", ""Probe_mod"": 0, ""VDC_intput_V"": 0, ""Water_deep_cm"": 0}"
2025-10-23 04:26:06.097132261+00:00,ps-lb-14,2,-93,6.0,"{""Bat_V"": 3.6, ""Exti_pin_level"": ""Low"", ""Exti_status"": ""False"", ""IDC_intput_mA"": 3.946, ""IN1_pin_level"": ""Low"", ""IN2_pin_level"": ""Low"", ""Node_type"": ""PS-LB"", ""Probe_mod"": 0, ""VDC_intput_V"": 0, ""Water_deep_cm"": 0}"
2025-10-23 05:26:05.441110922+00:00,ps-lb-14,2,-89,7.25,"{""Bat_V"": 3.6, ""Exti_pin_level"": ""Low"", ""Exti_status"": ""False"", ""IDC_intput_mA"": 3.946, ""IN1_pin_level"": ""Low"", ""IN2_pin_level"": ""Low"", ""Node_type"": ""PS-LB"", ""Probe_mod"": 0, ""VDC_intput_V"": 0, ""Water_deep_cm"": 0}"
2025-10-23 06:26:04.736343422+00:00,ps-lb-14,2,-94,3.0,"{""Bat_V"": 3.6, ""Exti_pin_level"": ""Low"", ""Exti_status"": ""False"", ""IDC_intput_mA"": 3.947, ""IN1_pin_level"": ""Low"", ""IN2_pin_level"": ""Low"", ""Node_type"": ""PS-LB"", ""Probe_mod"": 0, ""VDC_intput_V"": 0, ""Water_deep_cm"": 0}"
2025-10-23 07:26:04.060222665+00:00,ps-lb-14,2,-99,-1.25,"{""Bat_V"": 3.6, ""Exti_pin_level"": ""Low"", ""Exti_status"": ""False"", ""IDC_intput_mA"": 3.947, ""IN1_pin_level"": ""Low"", ""IN2_pin_level"": ""Low"", ""Node_type"": ""PS-LB"", ""Probe_mod"": 0, ""VDC_intput_V"": 0, ""Water_deep_cm"": 0}"
2025-10-23 08:26:03.374087251+00:00,ps-lb-14,2,-125,-9.5,"{""Bat_V"": 3.6, ""Exti_pin_level"": ""Low"", ""Exti_status"": ""False"", ""IDC_intput_mA"": 3.947, ""IN1_pin_level"": ""Low"", ""IN2_pin_level"": ""Low"", ""Node_type"": ""PS-LB"", ""Probe_mod"": 0, ""VDC_intput_V"": 0, ""Water_deep_cm"": 0}"
2025-10-23 09:26:02.697107560+00:00,ps-lb-14,2,-99,2.25,"{""Bat_V"": 3.6, ""Exti_pin_level"": ""Low"", ""Exti_status"": ""False"", ""IDC_intput_mA"": 3.947, ""IN1_pin_level"": ""Low"", ""IN2_pin_level"": ""Low"", ""Node_type"": ""PS-LB"", ""Probe_mod"": 0, ""VDC_intput_V"": 0, ""Water_deep_cm"": 0}"
2025-10-23 10:26:02.029272599+00:00,ps-lb-14,2,-98,3.25,"{""Bat_V"": 3.6, ""Exti_pin_level"": ""Low"", ""Exti_status"": ""False"", ""IDC_intput_mA"": 3.947, ""IN1_pin_level"": ""Low"", ""IN2_pin_level"": ""Low"", ""Node_type"": ""PS-LB"", ""Probe_mod"": 0, ""VDC_intput_V"": 0, ""Water_deep_cm"": 0}"
2025-10-23 11:26:01.352033872+00:00,ps-lb-14,2,-97,5.0,"{""Bat_V"": 3.6, ""Exti_pin_level"": ""Low"", ""Exti_status"": ""False"", ""IDC_intput_mA"": 3.948, ""IN1_pin_level"": ""Low"", ""IN2_pin_level"": ""Low"", ""Node_type"": ""PS-LB"", ""Probe_mod"": 0, ""VDC_intput_V"": 0, ""Water_deep_cm"": 0}"
2025-10-23 12:26:00.654091650+00:00,ps-lb-14,2,-96,2.75,"{""Bat_V"": 3.6, ""Exti_pin_level"": ""Low"", ""Exti_status"": ""False"", ""IDC_intput_mA"": 3.948, ""IN1_pin_level"": ""Low"", ""IN2_pin_level"": ""Low"", ""Node_type"": ""PS-LB"", ""Probe_mod"": 0, ""VDC_intput_V"": 0, ""Water_deep_cm"": 0}"
2025-10-23 13:25:59.960916756+00:00,ps-lb-14,2,-93,7.25,"{""Bat_V"": 3.6, ""Exti_pin_level"": ""Low"", ""Exti_status"": ""False"", ""IDC_intput_mA"": 3.946, ""IN1_pin_level"": ""Low"", ""IN2_pin_level"": ""Low"", ""Node_type"": ""PS-LB"", ""Probe_mod"": 0, ""VDC_intput_V"": 0, ""Water_deep_cm"": 0}"
