received_at,device_id,f_port,rssi,snr,payload_json
2025-09-18 00:05:57.488228258+00:00,dds75-lb-10,2,-114,1.5,"{""Bat"": 3.357, ""Distance_mm"": 719, ""Interrupt_flag"": 0, ""Node_type"": ""DDS75-LB"", ""Sensor_flag"": 1, ""TempC_DS18B20"": 32.76}"
2025-09-18 00:25:57.249595914+00:00,dds75-lb-10,2,-37,7.0,"{""Bat"": 3.357, ""Distance_mm"": 719, ""Interrupt_flag"": 0, ""Node_type"": ""DDS75-LB"", ""Sensor_flag"": 1, ""TempC_DS18B20"": 32.76}"
2025-09-18 00:45:57.015597076+00:00,dds75-lb-10,2,-34,7.5,"{""Bat"": 3.357, ""Distance_mm"": 719, ""Interrupt_flag"": 0, ""Node_type"": ""DDS75-LB"", ""Sensor_flag"": 1, ""TempC_DS18B20"": 32.76}"
2025-09-18 01:05:56.814815355+00:00,dds75-lb-10,2,-38,5.75,"{""Bat"": 3.357, ""Distance_mm"": 719, ""Interrupt_flag"": 0, ""Node_type"": ""DDS75-LB"", ""Sensor_flag"": 1, ""TempC_DS18B20"": 32.76}"
2025-09-18 01:25:56.567508832+00:00,dds75-lb-10,2,-110,6.0,"{""Bat"": 3.357, ""Distance_mm"": 719, ""Interrupt_flag"": 0, ""Node_type"": ""DDS75-LB"", ""Sensor_flag"": 1, ""TempC_DS18B20"": 32.76}"
2025-09-18 01:45:56.334811420+00:00,dds75-lb-10,2,-41,11.5,"{""Bat"": 3.357, ""Distance_mm"": 719, ""Interrupt_flag"": 0, ""Node_type"": ""DDS75-LB"", ""Sensor_flag"": 1, ""TempC_DS18B20"": 32.76}"
2025-09-18 02:05:56.114345770+00:00,dds75-lb-10,2,-43,7.0,"{""Bat"": 3.357, ""Distance_mm"": 719, ""Interrupt_flag"": 0, ""Node_type"": ""DDS75-LB"", ""Sensor_flag"": 1, ""TempC_DS18B20"": 32.76}"
2025-09-18 02:25:55.883923347+00:00,dds75-lb-10,2,-37,8.75,"{""Bat"": 3.357, ""Distance_mm"": 719, ""Interrupt_flag"": 0, ""Node_type"": ""DDS75-LB"", ""Sensor_flag"": 1, ""TempC_DS18B20"": 32.76}"
2025-09-18 02:45:55.639264522+00:00,dds75-lb-10,2,-39,8.75,"{""Bat"": 3.357, ""Distance_mm"": 719, ""Interrupt_flag"": 0, ""Node_type"": ""DDS75-LB"", ""Sensor_flag"": 1, ""TempC_DS18B20"": 32.76}"
2025-09-18 03:05:55.407918207+00:00,dds75-lb-10,2,-38,7.0,"{""Bat"": 3.357, ""Distance_mm"": 719, ""Interrupt_flag"": 0, ""Node_type"": ""DDS75-LB"", ""Sensor_flag"": 1, ""TempC_DS18B20"": 32.76}"
2025-09-18 03:25:55.198628277+00:00,dds75-lb-10,2,-36,9.75,"{""Bat"": 3.357, ""Distance_mm"": 719, ""Interrupt_flag"": 0, ""Node_type"": ""DDS75-LB"", ""Sensor_flag"": 1, ""TempC_DS18B20"": 32.76}"
2025-09-18 03:45:54.945499272+00:00,dds75-lb-10,2,-109,6.5,"{""Bat"": 3.357, ""Distance_mm"": 719, ""Interrupt_flag"": 0, ""Node_type"": ""DDS75-LB"", ""Sensor_flag"": 1, ""TempC_DS18B20"": 32.76}"
2025-09-18 04:05:54.727330377+00:00,dds75-lb-10,2,-38,9.25,"{""Bat"": 3.357, ""Distance_mm"": 719, ""Interrupt_flag"": 0, ""Node_type"": ""DDS75-LB"", ""Sensor_flag"": 1, ""TempC_DS18B20"": 32.76}"
2025-09-18 04:25:54.488844688+00:00,dds75-lb-10,2,-41,9.5,"{""Bat"": 3.357, ""Distance_mm"": 719, ""Interrupt_flag"": 0, ""Node_type"": ""DDS75-LB"", ""Sensor_flag"": 1, ""TempC_DS18B20"": 32.76}"
2025-09-18 04:45:54.278516342+00:00,dds75-lb-10,2,-43,7.0,"{""Bat"": 3.357, ""Distance_mm"": 719, ""Interrupt_flag"": 0, ""Node_type"": ""DDS75-LB"", ""Sensor_flag"": 1, ""TempC_DS18B20"": 32.76}"
2025-09-18 05:05:54.048926362+00:00,dds75-lb-10,2,-38,9.25,"{""Bat"": 3.357, ""Distance_mm"": 719, ""Interrupt_flag"": 0, ""Node_type"": ""DDS75-LB"", ""Sensor_flag"": 1, ""TempC_DS18B20"": 32.76}"
2025-09-18 05:25:53.800194047+00:00,dds75-lb-10,2,-35,9.0,"{""Bat"": 3.357, ""Distance_mm"": 719, ""Interrupt_flag"": 0, ""Node_type"": ""DDS75-LB"", ""Sensor_flag"": 1, ""TempC_DS18B20"": 32.76}"
2025-09-18 05:45:53.558180240+00:00,dds75-lb-10,2,-38,10.0,"{""Bat"": 10.907, ""Distance_mm"": 719, ""Interrupt_flag"": 0, ""Node_type"": ""DDS75-LB"", ""Sensor_flag"": 1, ""TempC_DS18B20"": 32.76}"
2025-09-18 06:05:53.350336387+00:00,dds75-lb-10,2,-36,8.0,"{""Bat"": 3.357, ""Distance_mm"": 719, ""Interrupt_flag"": 0, ""Node_type"": ""DDS75-LB"", ""Sensor_flag"": 1, ""TempC_DS18B20"": 32.76}"
2025-09-18 06:25:53.113374800+00:00,dds75-lb-10,2,-35,9.75,"{""Bat"": 3.357, ""Distance_mm"": 719, ""Interrupt_flag"": 0, ""Node_type"": ""DDS75-LB"", ""Sensor_flag"": 1, ""TempC_DS18B20"": 32.76}"
2025-09-18 06:45:52.885283767+00:00,dds75-lb-10,2,-36,9.5,"{""Bat"": 3.357, ""Distance_mm"": 719, ""Interrupt_flag"": 0, ""Node_type"": ""DDS75-LB"", ""Sensor_flag"": 1, ""TempC_DS18B20"": 32.76}"
2025-09-18 07:05:52.651996322+00:00,dds75-lb-10,2,-36,8.75,"{""Bat"": 3.357, ""Distance_mm"": 719, ""Interrupt_flag"": 0, ""Node_type"": ""DDS75-LB"", ""Sensor_flag"": 1, ""TempC_DS18B20"": 32.76}"
2025-09-18 07:25:52.419230667+00:00,dds75-lb-10,2,-37,7.5,"{""Bat"": 3.357, ""Distance_mm"": 719, ""Interrupt_flag"": 0, ""Node_type"": ""DDS75-LB"", ""Sensor_flag"": 1, ""TempC_DS18B20"": 32.76}"
2025-09-18 07:45:52.180398771+00:00,dds75-lb-10,2,-36,10.5,"{""Bat"": 3.357, ""Distance_mm"": 719, ""Interrupt_flag"": 0, ""Node_type"": ""DDS75-LB"", ""Sensor_flag"": 1, ""TempC_DS18B20"": 32.76}"
2025-09-18 08:05:51.950869224+00:00,dds75-lb-10,2,-37,9.5,"{""Bat"": 3.357, ""Distance_mm"": 719, ""Interrupt_flag"": 0, ""Node_type"": ""DDS75-LB"", ""Sensor_flag"": 1, ""TempC_DS18B20"": 32.76}"
2025-09-18 08:25:51.729886507+00:00,dds75-lb-10,2,-37,8.0,"{""Bat"": 3.357, ""Distance_mm"": 719, ""Interrupt_flag"": 0, ""Node_type"": ""DDS75-LB"", ""Sensor_flag"": 1, ""TempC_DS18B20"": 32.76}"
2025-09-18 08:45:51.513038891+00:00,dds75-lb-10,2,-109,5.25,"{""Bat"": 3.357, ""Distance_mm"": 719, ""Interrupt_flag"": 0, ""Node_type"": ""DDS75-LB"", ""Sensor_flag"": 1, ""TempC_DS18B20"": 32.76}"
2025-09-18 09:05:51.280309825+00:00,dds75-lb-10,2,-34,7.5,"{""Bat"": 3.357, ""Distance_mm"": 719, ""Interrupt_flag"": 0, ""Node_type"": ""DDS75-LB"", ""Sensor_flag"": 1, ""TempC_DS18B20"": 32.76}"
2025-09-18 09:25:51.030715086+00:00,dds75-lb-10,2,-113,3.0,"{""Bat"": 3.357, ""Distance_mm"": 719, ""Interrupt_flag"": 0, ""Node_type"": ""DDS75-LB"", ""Sensor_flag"": 1, ""TempC_DS18B20"": 32.76}"
2025-09-18 09:45:50.800891158+00:00,dds75-lb-10,2,-39,9.75,"{""Bat"": 3.357, ""Distance_mm"": 719, ""Interrupt_flag"": 0, ""Node_type"": ""DDS75-LB"", ""Sensor_flag"": 1, ""TempC_DS18B20"": 32.76}"
2025-09-18 10:05:50.576316149+00:00,dds75-lb-10,2,-36,7.5,"{""Bat"": 3.357, ""Distance_mm"": 719, ""Interrupt_flag"": 0, ""Node_type"": ""DDS75-LB"", ""Sensor_flag"": 1, ""TempC_DS18B20"": 32.76}"
2025-09-18 10:25:50.342433225+00:00,dds75-lb-10,2,-37,10.25,"{""Bat"": 3.357, ""Distance_mm"": 719, ""Interrupt_flag"": 0, ""Node_type"": ""DDS75-LB"", ""Sensor_flag"": 1, ""TempC_DS18B20"": 32.76}"
2025-09-18 10:45:50.108735482+00:00,dds75-lb-10,2,-36,9.75,"{""Bat"": 3.357, ""Distance_mm"": 719, ""Interrupt_flag"": 0, ""Node_type"": ""DDS75-LB"", ""Sensor_flag"": 1, ""TempC_DS18B20"": 32.76}"
2025-09-18 11:05:49.898980479+00:00,dds75-lb-10,2,-112,3.25,"{""Bat"": 3.357, ""Distance_mm"": 719, ""Interrupt_flag"": 0, ""Node_type"": ""DDS75-LB"", ""Sensor_flag"": 1, ""TempC_DS18B20"": 32.76}"
2025-09-18 11:25:49.648449466+00:00,dds75-lb-10,2,-113,2.75,"{""Bat"": 3.357, ""Distance_mm"": 720, ""Interrupt_flag"": 0, ""Node_type"": ""DDS75-LB"", ""Sensor_flag"": 1, ""TempC_DS18B20"": 32.76}"
2025-09-18 11:45:49.451942629+00:00,dds75-lb-10,2,-38,6.75,"{""Bat"": 3.357, ""Distance_mm"": 720, ""Interrupt_flag"": 0, ""Node_type"": ""DDS75-LB"", ""Sensor_flag"": 1, ""TempC_DS18B20"": 32.76}"
2025-09-18 12:05:49.199127426+00:00,dds75-lb-10,2,-117,-2.0,"{""Bat"": 3.357, ""Distance_mm"": 719, ""Interrupt_flag"": 0, ""Node_type"": ""DDS75-LB"", ""Sensor_flag"": 1, ""TempC_DS18B20"": 32.76}"
2025-09-18 12:25:48.995327367+00:00,dds75-lb-10,2,-37,10.0,"{""Bat"": 3.357, ""Distance_mm"": 719, ""Interrupt_flag"": 0, ""Node_type"": ""DDS75-LB"", ""Sensor_flag"": 1, ""TempC_DS18B20"": 32.76}"
2025-09-18 12:45:48.745932689+00:00,dds75-lb-10,2,-38,9.0,"{""Bat"": 3.357, ""Distance_mm"": 719, ""Interrupt_flag"": 0, ""Node_type"": ""DDS75-LB"", ""Sensor_flag"": 1, ""TempC_DS18B20"": 32.76}"
2025-09-18 13:05:48.512941267+00:00,dds75-lb-10,2,-36,9.75,"{""Bat"": 3.357, ""Distance_mm"": 720, ""Interrupt_flag"": 0, ""Node_type"": ""DDS75-LB"", ""Sensor_flag"": 1, ""TempC_DS18B20"": 32.76}"
2025-09-18 13:25:48.275707708+00:00,dds75-lb-10,2,-112,3.5,"{""Bat"": 3.357, ""Distance_mm"": 720, ""Interrupt_flag"": 0, ""Node_type"": ""DDS75-LB"", ""Sensor_flag"": 1, ""TempC_DS18B20"": 32.76}"
2025-09-18 13:45:48.061770172+00:00,dds75-lb-10,2,-35,9.75,"{""Bat"": 3.357, ""Distance_mm"": 720, ""Interrupt_flag"": 0, ""Node_type"": ""DDS75-LB"", ""Sensor_flag"": 1, ""TempC_DS18B20"": 32.76}"
2025-09-18 14:05:47.820622328+00:00,dds75-lb-10,2,-32,9.5,"{""Bat"": 3.357, ""Distance_mm"": 720, ""Interrupt_flag"": 0, ""Node_type"": ""DDS75-LB"", ""Sensor_flag"": 1, ""TempC_DS18B20"": 32.76}"
2025-09-18 14:25:47.591818131+00:00,dds75-lb-10,2,-111,4.25,"{""Bat"": 3.357, ""Distance_mm"": 720, ""Interrupt_flag"": 0, ""Node_type"": ""DDS75-LB"", ""Sensor_flag"": 1, ""TempC_DS18B20"": 32.76}"
2025-09-18 14:45:47.343541775+00:00,dds75-lb-10,2,-38,10.25,"{""Bat"": 3.357, ""Distance_mm"": 720, ""Interrupt_flag"": 0, ""Node_type"": ""DDS75-LB"", ""Sensor_flag"": 1, ""TempC_DS18B20"": 32.76}"
2025-09-18 15:05:47.136609238+00:00,dds75-lb-10,2,-38,9.0,"{""Bat"": 3.357, ""Distance_mm"": 719, ""Interrupt_flag"": 0, ""Node_type"": ""DDS75-LB"", ""Sensor_flag"": 1, ""TempC_DS18B20"": 32.76}"
2025-09-18 15:25:46.886195228+00:00,dds75-lb-10,2,-35,9.75,"{""Bat"": 3.357, ""Distance_mm"": 719, ""Interrupt_flag"": 0, ""Node_type"": ""DDS75-LB"", ""Sensor_flag"": 1, ""TempC_DS18B20"": 32.76}"
2025-09-18 15:45:46.719712351+00:00,dds75-lb-10,2,-117,-5.5,"{""Bat"": 3.357, ""Distance_mm"": 720, ""Interrupt_flag"": 0, ""Node_type"": ""DDS75-LB"", ""Sensor_flag"": 1, ""TempC_DS18B20"": 32.76}"
2025-09-18 16:05:46.434106499+00:00,dds75-lb-10,2,-37,9.0,"{""Bat"": 3.357, ""Distance_mm"": 720, ""Interrupt_flag"": 0, ""Node_type"": ""DDS75-LB"", ""Sensor_flag"": 1, ""TempC_DS18B20"": 32.76}"
2025-09-18 16:25:46.205857199+00:00,dds75-lb-10,2,-112,2.25,"{""Bat"": 3.357, ""Distance_mm"": 720, ""Interrupt_flag"": 0, ""Node_type"": ""DDS75-LB"", ""Sensor_flag"": 1, ""TempC_DS18B20"": 32.76}"
2025-09-18 16:45:45.967739385+00:00,dds75-lb-10,2,-33,9.5,"{""Bat"": 3.357, ""Distance_mm"": 720, ""Interrupt_flag"": 0, ""Node_type"": ""DDS75-LB"", ""Sensor_flag"": 1, ""TempC_DS18B20"": 32.76}"
2025-09-18 17:05:45.751098337+00:00,dds75-lb-10,2,-38,9.5,"{""Bat"": 3.357, ""Distance_mm"": 720, ""Interrupt_flag"": 0, ""Node_type"": ""DDS75-LB"", ""Sensor_flag"": 1, ""TempC_DS18B20"": 32.76}"
2025-09-18 17:25:45.502873024+00:00,dds75-lb-10,2,-36,9.75,"{""Bat"": 3.357, ""Distance_mm"": 720, ""Interrupt_flag"": 0, ""Node_type"": ""DDS75-LB"", ""Sensor_flag"": 1, ""TempC_DS18B20"": 32.76}"
2025-09-18 17:45:45.271953038+00:00,dds75-lb-10,2,-38,9.75,"{""Bat"": 3.357, ""Distance_mm"": 720, ""Interrupt_flag"": 0, ""Node_type"": ""DDS75-LB"", ""Sensor_flag"": 1, ""TempC_DS18B20"": 32.76}"
2025-09-18 18:05:45.048209933+00:00,dds75-lb-10,2,-111,3.5,"{""Bat"": 3.357, ""Distance_mm"": 720, ""Interrupt_flag"": 0, ""Node_type"": ""DDS75-LB"", ""Sensor_flag"": 1, ""TempC_DS18B20"": 32.76}"
2025-09-18 18:25:44.817440687+00:00,dds75-lb-10,2,-111,-1.75,"{""Bat"": 3.357, ""Distance_mm"": 720, ""Interrupt_flag"": 0, ""Node_type"": ""DDS75-LB"", ""Sensor_flag"": 1, ""TempC_DS18B20"": 32.76}"
2025-09-18 18:45:44.572120510+00:00,dds75-lb-10,2,-110,4.25,"{""Bat"": 3.357, ""Distance_mm"": 720, ""Interrupt_flag"": 0, ""Node_type"": ""DDS75-LB"", ""Sensor_flag"": 1, ""TempC_DS18B20"": 32.76}"
2025-09-18 19:05:44.368881222+00:00,dds75-lb-10,2,-110,3.75,"{""Bat"": 3.357, ""Distance_mm"": 720, ""Interrupt_flag"": 0, ""Node_type"": ""DDS75-LB"", ""Sensor_flag"": 1, ""TempC_DS18B20"": 32.76}"
2025-09-18 19:25:44.167455796+00:00,dds75-lb-10,2,-33,8.75,"{""Bat"": 3.357, ""Distance_mm"": 720, ""Interrupt_flag"": 0, ""Node_type"": ""DDS75-LB"", ""Sensor_flag"": 1, ""TempC_DS18B20"": 32.76}"
2025-09-18 19:45:43.872174271+00:00,dds75-lb-10,2,-117,-2.5,"{""Bat"": 3.357, ""Distance_mm"": 720, ""Interrupt_flag"": 0, ""Node_type"": ""DDS75-LB"", ""Sensor_flag"": 1, ""TempC_DS18B20"": 32.76}"
2025-09-18 20:05:43.691441609+00:00,dds75-lb-10,2,-37,11.0,"{""Bat"": 3.357, ""Distance_mm"": 720, ""Interrupt_flag"": 0, ""Node_type"": ""DDS75-LB"", ""Sensor_flag"": 1, ""TempC_DS18B20"": 32.76}"
2025-09-18 20:25:43.422688733+00:00,dds75-lb-10,2,-39,10.0,"{""Bat"": 3.357, ""Distance_mm"": 720, ""Interrupt_flag"": 0, ""Node_type"": ""DDS75-LB"", ""Sensor_flag"": 1, ""TempC_DS18B20"": 32.76}"
2025-09-18 20:45:43.216490093+00:00,dds75-lb-10,2,-38,9.5,"{""Bat"": 3.357, ""Distance_mm"": 720, ""Interrupt_flag"": 0, ""Node_type"": ""DDS75-LB"", ""Sensor_flag"": 1, ""TempC_DS18B20"": 32.76}"
2025-09-18 21:05:42.966011142+00:00,dds75-lb-10,2,-37,9.5,"{""Bat"": 3.357, ""Distance_mm"": 720, ""Interrupt_flag"": 0, ""Node_type"": ""DDS75-LB"", ""Sensor_flag"": 1, ""TempC_DS18B20"": 32.76}"
2025-09-18 21:25:42.745618295+00:00,dds75-lb-10,2,-37,8.75,"{""Bat"": 3.357, ""Distance_mm"": 720, ""Interrupt_flag"": 0, ""Node_type"": ""DDS75-LB"", ""Sensor_flag"": 1, ""TempC_DS18B20"": 32.76}"
2025-09-18 21:45:42.503482914+00:00,dds75-lb-10,2,-35,10.75,"{""Bat"": 3.357, ""Distance_mm"": 720, ""Interrupt_flag"": 0, ""Node_type"": ""DDS75-LB"", ""Sensor_flag"": 1, ""TempC_DS18B20"": 32.76}"
2025-09-18 22:05:42.251378599+00:00,dds75-lb-10,2,-115,-3.8,"{""Bat"": 3.357, ""Distance_mm"": 719, ""Interrupt_flag"": 0, ""Node_type"": ""DDS75-LB"", ""Sensor_flag"": 1, ""TempC_DS18B20"": 32.76}"
2025-09-18 22:25:42.062610129+00:00,dds75-lb-10,2,-112,3.5,"{""Bat"": 3.357, ""Distance_mm"": 719, ""Interrupt_flag"": 0, ""Node_type"": ""DDS75-LB"", ""Sensor_flag"": 1, ""TempC_DS18B20"": 32.76}"
2025-09-18 22:45:41.819366065+00:00,dds75-lb-10,2,-110,5.0,"{""Bat"": 3.357, ""Distance_mm"": 719, ""Interrupt_flag"": 0, ""Node_type"": ""DDS75-LB"", ""Sensor_flag"": 1, ""TempC_DS18B20"": 32.76}"
2025-09-18 23:05:41.601750149+00:00,dds75-lb-10,2,-37,9.25,"{""Bat"": 3.357, ""Distance_mm"": 719, ""Interrupt_flag"": 0, ""Node_type"": ""DDS75-LB"", ""Sensor_flag"": 1, ""TempC_DS18B20"": 32.76}"
2025-09-18 23:25:41.350979510+00:00,dds75-lb-10,2,-38,9.0,"{""Bat"": 3.357, ""Distance_mm"": 719, ""Interrupt_flag"": 0, ""Node_type"": ""DDS75-LB"", ""Sensor_flag"": 1, ""TempC_DS18B20"": 32.76}"
2025-09-18 23:45:41.133063850+00:00,dds75-lb-10,2,-113,1.75,"{""Bat"": 3.357, ""Distance_mm"": 719, ""Interrupt_flag"": 0, ""Node_type"": ""DDS75-LB"", ""Sensor_flag"": 1, ""TempC_DS18B20"": 32.76}"
2025-09-19 00:05:40.906995045+00:00,dds75-lb-10,2,-38,10.25,"{""Bat"": 3.357, ""Distance_mm"": 719, ""Interrupt_flag"": 0, ""Node_type"": ""DDS75-LB"", ""Sensor_flag"": 1, ""TempC_DS18B20"": 32.76}"
2025-09-19 00:25:40.680195913+00:00,dds75-lb-10,2,-34,10.25,"{""Bat"": 3.357, ""Distance_mm"": 719, ""Interrupt_flag"": 0, ""Node_type"": ""DDS75-LB"", ""Sensor_flag"": 1, ""TempC_DS18B20"": 32.76}"
2025-09-19 00:45:40.439018268+00:00,dds75-lb-10,2,-34,9.0,"{""Bat"": 3.357, ""Distance_mm"": 719, ""Interrupt_flag"": 0, ""Node_type"": ""DDS75-LB"", ""Sensor_flag"": 1, ""TempC_DS18B20"": 32.76}"
2025-09-19 01:05:40.220706663+00:00,dds75-lb-10,2,-114,3.0,"{""Bat"": 3.357, ""Distance_mm"": 719, ""Interrupt_flag"": 0, ""Node_type"": ""DDS75-LB"", ""Sensor_flag"": 1, ""TempC_DS18B20"": 32.76}"
2025-09-19 01:25:39.975881921+00:00,dds75-lb-10,2,-36,9.5,"{""Bat"": 3.357, ""Distance_mm"": 719, ""Interrupt_flag"": 0, ""Node_type"": ""DDS75-LB"", ""Sensor_flag"": 1, ""TempC_DS18B20"": 32.76}"
2025-09-19 01:45:39.747383723+00:00,dds75-lb-10,2,-38,9.75,"{""Bat"": 3.357, ""Distance_mm"": 719, ""Interrupt_flag"": 0, ""Node_type"": ""DDS75-LB"", ""Sensor_flag"": 1, ""TempC_DS18B20"": 32.76}"
2025-09-19 02:05:39.509642555+00:00,dds75-lb-10,2,-36,7.5,"{""Bat"": 3.357, ""Distance_mm"": 719, ""Interrupt_flag"": 0, ""Node_type"": ""DDS75-LB"", ""Sensor_flag"": 1, ""TempC_DS18B20"": 32.76}"
2025-09-19 02:25:39.278209940+00:00,dds75-lb-10,2,-114,2.0,"{""Bat"": 3.357, ""Distance_mm"": 719, ""Interrupt_flag"": 0, ""Node_type"": ""DDS75-LB"", ""Sensor_flag"": 1, ""TempC_DS18B20"": 32.76}"
2025-09-19 02:45:39.042101211+00:00,dds75-lb-10,2,-36,10.0,"{""Bat"": 3.357, ""Distance_mm"": 719, ""Interrupt_flag"": 0, ""Node_type"": ""DDS75-LB"", ""Sensor_flag"": 1, ""TempC_DS18B20"": 32.76}"
2025-09-19 03:05:38.834136560+00:00,dds75-lb-10,2,-113,2.5,"{""Bat"": 3.357, ""Distance_mm"": 719, ""Interrupt_flag"": 0, ""Node_type"": ""DDS75-LB"", ""Sensor_flag"": 1, ""TempC_DS18B20"": 32.76}"
2025-09-19 03:25:38.609766640+00:00,dds75-lb-10,2,-33,9.5,"{""Bat"": 3.357, ""Distance_mm"": 719, ""Interrupt_flag"": 0, ""Node_type"": ""DDS75-LB"", ""Sensor_flag"": 1, ""TempC_DS18B20"": 32.76}"
2025-09-19 03:45:38.365067416+00:00,dds75-lb-10,2,-36,7.75,"{""Bat"": 3.357, ""Distance_mm"": 719, ""Interrupt_flag"": 0, ""Node_type"": ""DDS75-LB"", ""Sensor_flag"": 1, ""TempC_DS18B20"": 32.76}"
2025-09-19 04:05:38.138213768+00:00,dds75-lb-10,2,-38,10.75,"{""Bat"": 3.357, ""Distance_mm"": 719, ""Interrupt_flag"": 0, ""Node_type"": ""DDS75-LB"", ""Sensor_flag"": 1, ""TempC_DS18B20"": 32.76}"
2025-09-19 04:25:37.909489645+00:00,dds75-lb-10,2,-39,9.5,"{""Bat"": 3.357, ""Distance_mm"": 719, ""Interrupt_flag"": 0, ""Node_type"": ""DDS75-LB"", ""Sensor_flag"": 1, ""TempC_DS18B20"": 32.76}"
2025-09-19 04:45:37.678923111+00:00,dds75-lb-10,2,-35,9.75,"{""Bat"": 3.357, ""Distance_mm"": 719, ""Interrupt_flag"": 0, ""Node_type"": ""DDS75-LB"", ""Sensor_flag"": 1, ""TempC_DS18B20"": 32.76}"
2025-09-19 05:05:37.443740291+00:00,dds75-lb-10,2,-116,-0.75,"{""Bat"": 3.357, ""Distance_mm"": 719, ""Interrupt_flag"": 0, ""Node_type"": ""DDS75-LB"", ""Sensor_flag"": 1, ""TempC_DS18B20"": 32.76}"
2025-09-19 05:25:37.224689233+00:00,dds75-lb-10,2,-36,8.75,"{""Bat"": 3.357, ""Distance_mm"": 719, ""Interrupt_flag"": 0, ""Node_type"": ""DDS75-LB"", ""Sensor_flag"": 1, ""TempC_DS18B20"": 32.76}"
2025-09-19 05:45:36.998315505+00:00,dds75-lb-10,2,-37,7.25,"{""Bat"": 3.357, ""Distance_mm"": 719, ""Interrupt_flag"": 0, ""Node_type"": ""DDS75-LB"", ""Sensor_flag"": 1, ""TempC_DS18B20"": 32.76}"
2025-09-19 06:05:36.766530979+00:00,dds75-lb-10,2,-115,-3.0,"{""Bat"": 3.357, ""Distance_mm"": 719, ""Interrupt_flag"": 0, ""Node_type"": ""DDS75-LB"", ""Sensor_flag"": 1, ""TempC_DS18B20"": 32.76}"
2025-09-19 06:25:36.525633641+00:00,dds75-lb-10,2,-115,0.5,"{""Bat"": 3.357, ""Distance_mm"": 719, ""Interrupt_flag"": 0, ""Node_type"": ""DDS75-LB"", ""Sensor_flag"": 1, ""TempC_DS18B20"": 32.76}"
2025-09-19 06:45:36.297819372+00:00,dds75-lb-10,2,-37,10.25,"{""Bat"": 3.357, ""Distance_mm"": 719, ""Interrupt_flag"": 0, ""Node_type"": ""DDS75-LB"", ""Sensor_flag"": 1, ""TempC_DS18B20"": 32.76}"
2025-09-19 07:05:36.068613752+00:00,dds75-lb-10,2,-38,9.5,"{""Bat"": 3.357, ""Distance_mm"": 720, ""Interrupt_flag"": 0, ""Node_type"": ""DDS75-LB"", ""Sensor_flag"": 1, ""TempC_DS18B20"": 32.76}"
2025-09-19 07:25:35.848806197+00:00,dds75-lb-10,2,-38,10.25,"{""Bat"": 3.357, ""Distance_mm"": 719, ""Interrupt_flag"": 0, ""Node_type"": ""DDS75-LB"", ""Sensor_flag"": 1, ""TempC_DS18B20"": 32.76}"
2025-09-19 07:45:35.613637270+00:00,dds75-lb-10,2,-38,10.25,"{""Bat"": 3.357, ""Distance_mm"": 719, ""Interrupt_flag"": 0, ""Node_type"": ""DDS75-LB"", ""Sensor_flag"": 1, ""TempC_DS18B20"": 32.76}"
2025-09-19 08:05:35.412120712+00:00,dds75-lb-10,2,-36,9.25,"{""Bat"": 3.357, ""Distance_mm"": 719, ""Interrupt_flag"": 0, ""Node_type"": ""DDS75-LB"", ""Sensor_flag"": 1, ""TempC_DS18B20"": 32.76}"
2025-09-19 08:25:35.154326935+00:00,dds75-lb-10,2,-33,7.75,"{""Bat"": 3.357, ""Distance_mm"": 719, ""Interrupt_flag"": 0, ""Node_type"": ""DDS75-LB"", ""Sensor_flag"": 1, ""TempC_DS18B20"": 32.76}"
2025-09-19 08:45:34.917603501+00:00,dds75-lb-10,2,-113,3.25,"{""Bat"": 3.357, ""Distance_mm"": 719, ""Interrupt_flag"": 0, ""Node_type"": ""DDS75-LB"", ""Sensor_flag"": 1, ""TempC_DS18B20"": 32.76}"
2025-09-19 09:05:34.693490717+00:00,dds75-lb-10,2,-35,8.25,"{""Bat"": 3.357, ""Distance_mm"": 719, ""Interrupt_flag"": 0, ""Node_type"": ""DDS75-LB"", ""Sensor_flag"": 1, ""TempC_DS18B20"": 32.76}"
2025-09-19 09:25:34.454985871+00:00,dds75-lb-10,2,-34,10.0,"{""Bat"": 3.357, ""Distance_mm"": 719, ""Interrupt_flag"": 0, ""Node_type"": ""DDS75-LB"", ""Sensor_flag"": 1, ""TempC_DS18B20"": 32.76}"
2025-09-19 09:45:34.222827430+00:00,dds75-lb-10,2,-37,10.25,"{""Bat"": 3.357, ""Distance_mm"": 719, ""Interrupt_flag"": 0, ""Node_type"": ""DDS75-LB"", ""Sensor_flag"": 1, ""TempC_DS18B20"": 32.76}"
2025-09-19 10:05:33.990639285+00:00,dds75-lb-10,2,-35,7.5,"{""Bat"": 3.357, ""Distance_mm"": 719, ""Interrupt_flag"": 0, ""Node_type"": ""DDS75-LB"", ""Sensor_flag"": 1, ""TempC_DS18B20"": 32.76}"
2025-09-19 10:25:33.762333018+00:00,dds75-lb-10,2,-113,2.75,"{""Bat"": 3.357, ""Distance_mm"": 719, ""Interrupt_flag"": 0, ""Node_type"": ""DDS75-LB"", ""Sensor_flag"": 1, ""TempC_DS18B20"": 32.76}"
2025-09-19 10:45:33.526134994+00:00,dds75-lb-10,2,-37,9.25,"{""Bat"": 3.357, ""Distance_mm"": 720, ""Interrupt_flag"": 0, ""Node_type"": ""DDS75-LB"", ""Sensor_flag"": 1, ""TempC_DS18B20"": 32.76}"
2025-09-19 11:05:33.298210625+00:00,dds75-lb-10,2,-37,7.75,"{""Bat"": 3.357, ""Distance_mm"": 720, ""Interrupt_flag"": 0, ""Node_type"": ""DDS75-LB"", ""Sensor_flag"": 1, ""TempC_DS18B20"": 32.76}"
2025-09-19 11:25:33.086898324+00:00,dds75-lb-10,2,-35,9.25,"{""Bat"": 3.357, ""Distance_mm"": 719, ""Interrupt_flag"": 0, ""Node_type"": ""DDS75-LB"", ""Sensor_flag"": 1, ""TempC_DS18B20"": 32.76}"
2025-09-19 11:45:32.841813709+00:00,dds75-lb-10,2,-35,8.25,"{""Bat"": 3.357, ""Distance_mm"": 719, ""Interrupt_flag"": 0, ""Node_type"": ""DDS75-LB"", ""Sensor_flag"": 1, ""TempC_DS18B20"": 32.76}"
2025-09-19 12:05:32.617194377+00:00,dds75-lb-10,2,-38,8.5,"{""Bat"": 3.357, ""Distance_mm"": 720, ""Interrupt_flag"": 0, ""Node_type"": ""DDS75-LB"", ""Sensor_flag"": 1, ""TempC_DS18B20"": 32.76}"
2025-09-19 12:25:32.389768871+00:00,dds75-lb-10,2,-37,9.25,"{""Bat"": 3.357, ""Distance_mm"": 720, ""Interrupt_flag"": 0, ""Node_type"": ""DDS75-LB"", ""Sensor_flag"": 1, ""TempC_DS18B20"": 32.76}"
2025-09-19 12:45:32.148412039+00:00,dds75-lb-10,2,-37,7.25,"{""Bat"": 3.357, ""Distance_mm"": 720, ""Interrupt_flag"": 0, ""Node_type"": ""DDS75-LB"", ""Sensor_flag"": 1, ""TempC_DS18B20"": 32.76}"
2025-09-19 13:05:31.940021870+00:00,dds75-lb-10,2,-33,10.0,"{""Bat"": 3.357, ""Distance_mm"": 720, ""Interrupt_flag"": 0, ""Node_type"": ""DDS75-LB"", ""Sensor_flag"": 1, ""TempC_DS18B20"": 32.76}"
2025-09-19 13:25:31.692483206+00:00,dds75-lb-10,2,-109,5.25,"{""Bat"": 3.357, ""Distance_mm"": 720, ""Interrupt_flag"": 0, ""Node_type"": ""DDS75-LB"", ""Sensor_flag"": 1, ""TempC_DS18B20"": 32.76}"
2025-09-19 13:45:31.452067247+00:00,dds75-lb-10,2,-35,9.25,"{""Bat"": 3.357, ""Distance_mm"": 719, ""Interrupt_flag"": 0, ""Node_type"": ""DDS75-LB"", ""Sensor_flag"": 1, ""TempC_DS18B20"": 32.76}"
2025-09-19 14:05:31.211865594+00:00,dds75-lb-10,2,-37,8.25,"{""Bat"": 3.357, ""Distance_mm"": 720, ""Interrupt_flag"": 0, ""Node_type"": ""DDS75-LB"", ""Sensor_flag"": 1, ""TempC_DS18B20"": 32.76}"
2025-09-19 14:25:31.008089724+00:00,dds75-lb-10,2,-116,-2.0,"{""Bat"": 3.357, ""Distance_mm"": 720, ""Interrupt_flag"": 0, ""Node_type"": ""DDS75-LB"", ""Sensor_flag"": 1, ""TempC_DS18B20"": 32.76}"
2025-09-19 14:45:30.768596446+00:00,dds75-lb-10,2,-33,9.0,"{""Bat"": 3.357, ""Distance_mm"": 720, ""Interrupt_flag"": 0, ""Node_type"": ""DDS75-LB"", ""Sensor_flag"": 1, ""TempC_DS18B20"": 32.76}"
2025-09-19 15:05:30.521196280+00:00,dds75-lb-10,2,-113,2.8,"{""Bat"": 3.357, ""Distance_mm"": 720, ""Interrupt_flag"": 0, ""Node_type"": ""DDS75-LB"", ""Sensor_flag"": 1, ""TempC_DS18B20"": 32.76}"
2025-09-19 15:25:30.326617598+00:00,dds75-lb-10,2,-36,9.75,"{""Bat"": 3.357, ""Distance_mm"": 720, ""Interrupt_flag"": 0, ""Node_type"": ""DDS75-LB"", ""Sensor_flag"": 1, ""TempC_DS18B20"": 32.76}"
2025-09-19 15:45:30.082304584+00:00,dds75-lb-10,2,-33,9.25,"{""Bat"": 3.357, ""Distance_mm"": 720, ""Interrupt_flag"": 0, ""Node_type"": ""DDS75-LB"", ""Sensor_flag"": 1, ""TempC_DS18B20"": 32.76}"
2025-09-19 16:05:29.854185092+00:00,dds75-lb-10,2,-38,10.25,"{""Bat"": 3.357, ""Distance_mm"": 724, ""Interrupt_flag"": 0, ""Node_type"": ""DDS75-LB"", ""Sensor_flag"": 1, ""TempC_DS18B20"": 32.76}"
2025-09-19 16:25:29.617435256+00:00,dds75-lb-10,2,-37,9.25,"{""Bat"": 3.357, ""Distance_mm"": 724, ""Interrupt_flag"": 0, ""Node_type"": ""DDS75-LB"", ""Sensor_flag"": 1, ""TempC_DS18B20"": 32.76}"
2025-09-19 16:45:29.400313759+00:00,dds75-lb-10,2,-110,4.0,"{""Bat"": 3.357, ""Distance_mm"": 724, ""Interrupt_flag"": 0, ""Node_type"": ""DDS75-LB"", ""Sensor_flag"": 1, ""TempC_DS18B20"": 32.76}"
2025-09-19 17:05:29.156216854+00:00,dds75-lb-10,2,-38,9.75,"{""Bat"": 3.357, ""Distance_mm"": 724, ""Interrupt_flag"": 0, ""Node_type"": ""DDS75-LB"", ""Sensor_flag"": 1, ""TempC_DS18B20"": 32.76}"
2025-09-19 17:25:28.892002828+00:00,dds75-lb-10,2,-115,1.8,"{""Bat"": 3.357, ""Distance_mm"": 724, ""Interrupt_flag"": 0, ""Node_type"": ""DDS75-LB"", ""Sensor_flag"": 1, ""TempC_DS18B20"": 32.76}"
2025-09-19 17:45:28.688926798+00:00,dds75-lb-10,2,-38,8.5,"{""Bat"": 3.357, ""Distance_mm"": 724, ""Interrupt_flag"": 0, ""Node_type"": ""DDS75-LB"", ""Sensor_flag"": 1, ""TempC_DS18B20"": 32.76}"
2025-09-19 18:05:28.472976567+00:00,dds75-lb-10,2,-37,9.25,"{""Bat"": 3.357, ""Distance_mm"": 724, ""Interrupt_flag"": 0, ""Node_type"": ""DDS75-LB"", ""Sensor_flag"": 1, ""TempC_DS18B20"": 32.76}"
2025-09-19 18:25:28.239642068+00:00,dds75-lb-10,2,-110,4.5,"{""Bat"": 3.357, ""Distance_mm"": 724, ""Interrupt_flag"": 0, ""Node_type"": ""DDS75-LB"", ""Sensor_flag"": 1, ""TempC_DS18B20"": 32.76}"
2025-09-19 18:45:27.986496549+00:00,dds75-lb-10,2,-38,9.5,"{""Bat"": 3.357, ""Distance_mm"": 724, ""Interrupt_flag"": 0, ""Node_type"": ""DDS75-LB"", ""Sensor_flag"": 1, ""TempC_DS18B20"": 32.76}"
2025-09-19 19:05:27.759702039+00:00,dds75-lb-10,2,-35,7.75,"{""Bat"": 3.357, ""Distance_mm"": 724, ""Interrupt_flag"": 0, ""Node_type"": ""DDS75-LB"", ""Sensor_flag"": 1, ""TempC_DS18B20"": 32.76}"
2025-09-19 19:25:27.541044985+00:00,dds75-lb-10,2,-112,2.75,"{""Bat"": 3.357, ""Distance_mm"": 724, ""Interrupt_flag"": 0, ""Node_type"": ""DDS75-LB"", ""Sensor_flag"": 1, ""TempC_DS18B20"": 32.76}"
2025-09-19 19:45:27.316698652+00:00,dds75-lb-10,2,-38,9.5,"{""Bat"": 3.357, ""Distance_mm"": 724, ""Interrupt_flag"": 0, ""Node_type"": ""DDS75-LB"", ""Sensor_flag"": 1, ""TempC_DS18B20"": 32.76}"
2025-09-19 20:05:27.042494189+00:00,dds75-lb-10,2,-112,1.5,"{""Bat"": 3.357, ""Distance_mm"": 724, ""Interrupt_flag"": 0, ""Node_type"": ""DDS75-LB"", ""Sensor_flag"": 1, ""TempC_DS18B20"": 32.76}"
2025-09-19 20:25:26.862699884+00:00,dds75-lb-10,2,-37,9.25,"{""Bat"": 3.357, ""Distance_mm"": 724, ""Interrupt_flag"": 0, ""Node_type"": ""DDS75-LB"", ""Sensor_flag"": 1, ""TempC_DS18B20"": 32.76}"
2025-09-19 20:45:26.620507182+00:00,dds75-lb-10,2,-36,7.75,"{""Bat"": 3.357, ""Distance_mm"": 724, ""Interrupt_flag"": 0, ""Node_type"": ""DDS75-LB"", ""Sensor_flag"": 1, ""TempC_DS18B20"": 32.76}"
2025-09-19 21:05:26.398596316+00:00,dds75-lb-10,2,-35,9.25,"{""Bat"": 3.357, ""Distance_mm"": 723, ""Interrupt_flag"": 0, ""Node_type"": ""DDS75-LB"", ""Sensor_flag"": 1, ""TempC_DS18B20"": 32.76}"
2025-09-19 21:25:26.168335929+00:00,dds75-lb-10,2,-39,11.25,"{""Bat"": 3.357, ""Distance_mm"": 723, ""Interrupt_flag"": 0, ""Node_type"": ""DDS75-LB"", ""Sensor_flag"": 1, ""TempC_DS18B20"": 32.76}"
2025-09-19 21:45:25.928791177+00:00,dds75-lb-10,2,-37,7.75,"{""Bat"": 3.357, ""Distance_mm"": 721, ""Interrupt_flag"": 0, ""Node_type"": ""DDS75-LB"", ""Sensor_flag"": 1, ""TempC_DS18B20"": 32.76}"
2025-09-19 22:05:25.691976493+00:00,dds75-lb-10,2,-37,7.5,"{""Bat"": 3.357, ""Distance_mm"": 719, ""Interrupt_flag"": 0, ""Node_type"": ""DDS75-LB"", ""Sensor_flag"": 1, ""TempC_DS18B20"": 32.76}"
2025-09-19 22:25:25.455336813+00:00,dds75-lb-10,2,-37,7.0,"{""Bat"": 3.357, ""Distance_mm"": 719, ""Interrupt_flag"": 0, ""Node_type"": ""DDS75-LB"", ""Sensor_flag"": 1, ""TempC_DS18B20"": 32.76}"
2025-09-19 22:45:25.244220131+00:00,dds75-lb-10,2,-109,6.0,"{""Bat"": 3.357, ""Distance_mm"": 719, ""Interrupt_flag"": 0, ""Node_type"": ""DDS75-LB"", ""Sensor_flag"": 1, ""TempC_DS18B20"": 32.76}"
2025-09-19 23:05:25.024525998+00:00,dds75-lb-10,2,-38,10.75,"{""Bat"": 3.357, ""Distance_mm"": 719, ""Interrupt_flag"": 0, ""Node_type"": ""DDS75-LB"", ""Sensor_flag"": 1, ""TempC_DS18B20"": 32.76}"
2025-09-19 23:25:24.775312028+00:00,dds75-lb-10,2,-36,9.5,"{""Bat"": 3.357, ""Distance_mm"": 719, ""Interrupt_flag"": 0, ""Node_type"": ""DDS75-LB"", ""Sensor_flag"": 1, ""TempC_DS18B20"": 32.76}"
2025-09-19 23:45:24.538782437+00:00,dds75-lb-10,2,-113,3.25,"{""Bat"": 3.357, ""Distance_mm"": 719, ""Interrupt_flag"": 0, ""Node_type"": ""DDS75-LB"", ""Sensor_flag"": 1, ""TempC_DS18B20"": 32.76}"
2025-09-20 00:05:24.294210917+00:00,dds75-lb-10,2,-38,10.25,"{""Bat"": 3.357, ""Distance_mm"": 719, ""Interrupt_flag"": 0, ""Node_type"": ""DDS75-LB"", ""Sensor_flag"": 1, ""TempC_DS18B20"": 32.76}"
2025-09-20 00:25:24.069833906+00:00,dds75-lb-10,2,-37,7.75,"{""Bat"": 3.357, ""Distance_mm"": 719, ""Interrupt_flag"": 0, ""Node_type"": ""DDS75-LB"", ""Sensor_flag"": 1, ""TempC_DS18B20"": 32.76}"
2025-09-20 00:45:23.858738489+00:00,dds75-lb-10,2,-35,8.0,"{""Bat"": 3.357, ""Distance_mm"": 719, ""Interrupt_flag"": 0, ""Node_type"": ""DDS75-LB"", ""Sensor_flag"": 1, ""TempC_DS18B20"": 32.76}"
2025-09-20 01:05:23.602663384+00:00,dds75-lb-10,2,-114,1.25,"{""Bat"": 3.357, ""Distance_mm"": 719, ""Interrupt_flag"": 0, ""Node_type"": ""DDS75-LB"", ""Sensor_flag"": 1, ""TempC_DS18B20"": 32.76}"
2025-09-20 01:25:23.417698047+00:00,dds75-lb-10,2,-36,9.0,"{""Bat"": 3.357, ""Distance_mm"": 719, ""Interrupt_flag"": 0, ""Node_type"": ""DDS75-LB"", ""Sensor_flag"": 1, ""TempC_DS18B20"": 32.76}"
2025-09-20 01:45:23.179598615+00:00,dds75-lb-10,2,-37,9.75,"{""Bat"": 3.357, ""Distance_mm"": 719, ""Interrupt_flag"": 0, ""Node_type"": ""DDS75-LB"", ""Sensor_flag"": 1, ""TempC_DS18B20"": 32.76}"
2025-09-20 02:05:22.920072165+00:00,dds75-lb-10,2,-37,10.0,"{""Bat"": 3.357, ""Distance_mm"": 719, ""Interrupt_flag"": 0, ""Node_type"": ""DDS75-LB"", ""Sensor_flag"": 1, ""TempC_DS18B20"": 32.76}"
2025-09-20 02:25:22.720828302+00:00,dds75-lb-10,2,-113,2.75,"{""Bat"": 3.357, ""Distance_mm"": 719, ""Interrupt_flag"": 0, ""Node_type"": ""DDS75-LB"", ""Sensor_flag"": 1, ""TempC_DS18B20"": 32.76}"
2025-09-20 02:45:22.462533493+00:00,dds75-lb-10,2,-36,9.0,"{""Bat"": 3.357, ""Distance_mm"": 719, ""Interrupt_flag"": 0, ""Node_type"": ""DDS75-LB"", ""Sensor_flag"": 1, ""TempC_DS18B20"": 32.76}"
2025-09-20 03:05:22.232695599+00:00,dds75-lb-10,2,-35,8.0,"{""Bat"": 3.357, ""Distance_mm"": 719, ""Interrupt_flag"": 0, ""Node_type"": ""DDS75-LB"", ""Sensor_flag"": 1, ""TempC_DS18B20"": 32.76}"
2025-09-20 03:25:22.014810473+00:00,dds75-lb-10,2,-35,9.0,"{""Bat"": 3.357, ""Distance_mm"": 719, ""Interrupt_flag"": 0, ""Node_type"": ""DDS75-LB"", ""Sensor_flag"": 1, ""TempC_DS18B20"": 32.76}"
2025-09-20 03:45:21.768784466+00:00,dds75-lb-10,2,-111,5.5,"{""Bat"": 3.357, ""Distance_mm"": 719, ""Interrupt_flag"": 0, ""Node_type"": ""DDS75-LB"", ""Sensor_flag"": 1, ""TempC_DS18B20"": 32.76}"
2025-09-20 04:05:21.544975879+00:00,dds75-lb-10,2,-38,9.0,"{""Bat"": 3.357, ""Distance_mm"": 719, ""Interrupt_flag"": 0, ""Node_type"": ""DDS75-LB"", ""Sensor_flag"": 1, ""TempC_DS18B20"": 32.76}"
2025-09-20 04:25:21.318568117+00:00,dds75-lb-10,2,-38,8.5,"{""Bat"": 3.357, ""Distance_mm"": 719, ""Interrupt_flag"": 0, ""Node_type"": ""DDS75-LB"", ""Sensor_flag"": 1, ""TempC_DS18B20"": 32.76}"
2025-09-20 04:45:21.082910906+00:00,dds75-lb-10,2,-33,8.0,"{""Bat"": 3.357, ""Distance_mm"": 719, ""Interrupt_flag"": 0, ""Node_type"": ""DDS75-LB"", ""Sensor_flag"": 1, ""TempC_DS18B20"": 32.76}"
2025-09-20 05:05:20.849646299+00:00,dds75-lb-10,2,-36,8.75,"{""Bat"": 3.357, ""Distance_mm"": 719, ""Interrupt_flag"": 0, ""Node_type"": ""DDS75-LB"", ""Sensor_flag"": 1, ""TempC_DS18B20"": 32.76}"
2025-09-20 05:25:20.616378413+00:00,dds75-lb-10,2,-38,10.0,"{""Bat"": 3.357, ""Distance_mm"": 719, ""Interrupt_flag"": 0, ""Node_type"": ""DDS75-LB"", ""Sensor_flag"": 1, ""TempC_DS18B20"": 32.76}"
2025-09-20 05:45:20.382799309+00:00,dds75-lb-10,2,-112,-0.5,"{""Bat"": 3.357, ""Distance_mm"": 719, ""Interrupt_flag"": 0, ""Node_type"": ""DDS75-LB"", ""Sensor_flag"": 1, ""TempC_DS18B20"": 32.76}"
2025-09-20 06:05:20.160874868+00:00,dds75-lb-10,2,-35,10.25,"{""Bat"": 3.357, ""Distance_mm"": 719, ""Interrupt_flag"": 0, ""Node_type"": ""DDS75-LB"", ""Sensor_flag"": 1, ""TempC_DS18B20"": 32.76}"
2025-09-20 06:25:19.938439623+00:00,dds75-lb-10,2,-36,9.5,"{""Bat"": 3.357, ""Distance_mm"": 719, ""Interrupt_flag"": 0, ""Node_type"": ""DDS75-LB"", ""Sensor_flag"": 1, ""TempC_DS18B20"": 32.76}"
2025-09-20 06:45:19.695394862+00:00,dds75-lb-10,2,-35,9.25,"{""Bat"": 3.357, ""Distance_mm"": 719, ""Interrupt_flag"": 0, ""Node_type"": ""DDS75-LB"", ""Sensor_flag"": 1, ""TempC_DS18B20"": 32.76}"
2025-09-20 07:05:19.475560906+00:00,dds75-lb-10,2,-35,8.75,"{""Bat"": 3.357, ""Distance_mm"": 719, ""Interrupt_flag"": 0, ""Node_type"": ""DDS75-LB"", ""Sensor_flag"": 1, ""TempC_DS18B20"": 32.76}"
2025-09-20 07:25:19.239633050+00:00,dds75-lb-10,2,-37,9.5,"{""Bat"": 3.357, ""Distance_mm"": 719, ""Interrupt_flag"": 0, ""Node_type"": ""DDS75-LB"", ""Sensor_flag"": 1, ""TempC_DS18B20"": 32.76}"
2025-09-20 07:45:19.013698562+00:00,dds75-lb-10,2,-36,9.0,"{""Bat"": 3.357, ""Distance_mm"": 724, ""Interrupt_flag"": 0, ""Node_type"": ""DDS75-LB"", ""Sensor_flag"": 1, ""TempC_DS18B20"": 32.76}"
2025-09-20 08:05:18.777366263+00:00,dds75-lb-10,2,-34,9.0,"{""Bat"": 3.357, ""Distance_mm"": 723, ""Interrupt_flag"": 0, ""Node_type"": ""DDS75-LB"", ""Sensor_flag"": 1, ""TempC_DS18B20"": 32.76}"
2025-09-20 08:25:18.556055560+00:00,dds75-lb-10,2,-33,7.25,"{""Bat"": 3.357, ""Distance_mm"": 723, ""Interrupt_flag"": 0, ""Node_type"": ""DDS75-LB"", ""Sensor_flag"": 1, ""TempC_DS18B20"": 32.76}"
2025-09-20 08:45:18.337423938+00:00,dds75-lb-10,2,-37,9.5,"{""Bat"": 3.357, ""Distance_mm"": 719, ""Interrupt_flag"": 0, ""Node_type"": ""DDS75-LB"", ""Sensor_flag"": 1, ""TempC_DS18B20"": 32.76}"
2025-09-20 09:05:18.107006228+00:00,dds75-lb-10,2,-38,9.25,"{""Bat"": 3.357, ""Distance_mm"": 719, ""Interrupt_flag"": 0, ""Node_type"": ""DDS75-LB"", ""Sensor_flag"": 1, ""TempC_DS18B20"": 32.76}"
2025-09-20 09:25:17.871975036+00:00,dds75-lb-10,2,-110,6.25,"{""Bat"": 3.357, ""Distance_mm"": 719, ""Interrupt_flag"": 0, ""Node_type"": ""DDS75-LB"", ""Sensor_flag"": 1, ""TempC_DS18B20"": 32.76}"
2025-09-20 09:45:17.621115638+00:00,dds75-lb-10,2,-37,10.25,"{""Bat"": 3.357, ""Distance_mm"": 719, ""Interrupt_flag"": 0, ""Node_type"": ""DDS75-LB"", ""Sensor_flag"": 1, ""TempC_DS18B20"": 32.76}"
2025-09-20 10:05:17.388227275+00:00,dds75-lb-10,2,-35,7.5,"{""Bat"": 3.357, ""Distance_mm"": 719, ""Interrupt_flag"": 0, ""Node_type"": ""DDS75-LB"", ""Sensor_flag"": 1, ""TempC_DS18B20"": 32.76}"
2025-09-20 10:25:17.160909703+00:00,dds75-lb-10,2,-111,1.5,"{""Bat"": 3.357, ""Distance_mm"": 719, ""Interrupt_flag"": 0, ""Node_type"": ""DDS75-LB"", ""Sensor_flag"": 1, ""TempC_DS18B20"": 32.76}"
2025-09-20 10:45:16.939842582+00:00,dds75-lb-10,2,-37,9.75,"{""Bat"": 3.357, ""Distance_mm"": 719, ""Interrupt_flag"": 0, ""Node_type"": ""DDS75-LB"", ""Sensor_flag"": 1, ""TempC_DS18B20"": 32.76}"
2025-09-20 11:05:16.715763267+00:00,dds75-lb-10,2,-37,10.5,"{""Bat"": 3.357, ""Distance_mm"": 719, ""Interrupt_flag"": 0, ""Node_type"": ""DDS75-LB"", ""Sensor_flag"": 1, ""TempC_DS18B20"": 32.76}"
2025-09-20 11:25:16.465489713+00:00,dds75-lb-10,2,-113,,"{""Bat"": 3.357, ""Distance_mm"": 719, ""Interrupt_flag"": 0, ""Node_type"": ""DDS75-LB"", ""Sensor_flag"": 1, ""TempC_DS18B20"": 32.76}"
2025-09-20 11:45:16.258688085+00:00,dds75-lb-10,2,-118,-2.0,"{""Bat"": 3.357, ""Distance_mm"": 719, ""Interrupt_flag"": 0, ""Node_type"": ""DDS75-LB"", ""Sensor_flag"": 1, ""TempC_DS18B20"": 32.76}"
2025-09-20 12:05:16.024373156+00:00,dds75-lb-10,2,-35,9.75,"{""Bat"": 3.357, ""Distance_mm"": 720, ""Interrupt_flag"": 0, ""Node_type"": ""DDS75-LB"", ""Sensor_flag"": 1, ""TempC_DS18B20"": 32.76}"
2025-09-20 12:25:15.778846547+00:00,dds75-lb-10,2,-35,9.25,"{""Bat"": 3.357, ""Distance_mm"": 720, ""Interrupt_flag"": 0, ""Node_type"": ""DDS75-LB"", ""Sensor_flag"": 1, ""TempC_DS18B20"": 32.76}"
2025-09-20 12:45:15.557402565+00:00,dds75-lb-10,2,-35,8.25,"{""Bat"": 3.357, ""Distance_mm"": 720, ""Interrupt_flag"": 0, ""Node_type"": ""DDS75-LB"", ""Sensor_flag"": 1, ""TempC_DS18B20"": 32.76}"
2025-09-20 13:05:15.339739504+00:00,dds75-lb-10,2,-109,3.75,"{""Bat"": 3.357, ""Distance_mm"": 719, ""Interrupt_flag"": 0, ""Node_type"": ""DDS75-LB"", ""Sensor_flag"": 1, ""TempC_DS18B20"": 32.76}"
2025-09-20 13:25:15.097648119+00:00,dds75-lb-10,2,-38,9.25,"{""Bat"": 3.357, ""Distance_mm"": 724, ""Interrupt_flag"": 0, ""Node_type"": ""DDS75-LB"", ""Sensor_flag"": 1, ""TempC_DS18B20"": 32.76}"
2025-09-20 13:45:14.859306550+00:00,dds75-lb-10,2,-111,3.0,"{""Bat"": 3.357, ""Distance_mm"": 720, ""Interrupt_flag"": 0, ""Node_type"": ""DDS75-LB"", ""Sensor_flag"": 1, ""TempC_DS18B20"": 32.76}"
2025-09-20 14:05:14.644532950+00:00,dds75-lb-10,2,-35,10.5,"{""Bat"": 3.357, ""Distance_mm"": 724, ""Interrupt_flag"": 0, ""Node_type"": ""DDS75-LB"", ""Sensor_flag"": 1, ""TempC_DS18B20"": 32.76}"
2025-09-20 14:25:14.400073360+00:00,dds75-lb-10,2,-37,7.75,"{""Bat"": 3.357, ""Distance_mm"": 724, ""Interrupt_flag"": 0, ""Node_type"": ""DDS75-LB"", ""Sensor_flag"": 1, ""TempC_DS18B20"": 32.76}"
2025-09-20 14:45:14.166464754+00:00,dds75-lb-10,2,-109,6.0,"{""Bat"": 3.357, ""Distance_mm"": 724, ""Interrupt_flag"": 0, ""Node_type"": ""DDS75-LB"", ""Sensor_flag"": 1, ""TempC_DS18B20"": 32.76}"
2025-09-20 15:05:13.935602259+00:00,dds75-lb-10,2,-37,9.5,"{""Bat"": 3.357, ""Distance_mm"": 724, ""Interrupt_flag"": 0, ""Node_type"": ""DDS75-LB"", ""Sensor_flag"": 1, ""TempC_DS18B20"": 32.76}"
2025-09-20 15:25:13.711682240+00:00,dds75-lb-10,2,-118,-7.75,"{""Bat"": 3.357, ""Distance_mm"": 724, ""Interrupt_flag"": 0, ""Node_type"": ""DDS75-LB"", ""Sensor_flag"": 1, ""TempC_DS18B20"": 32.76}"
2025-09-20 15:45:13.483552329+00:00,dds75-lb-10,2,-33,9.0,"{""Bat"": 3.357, ""Distance_mm"": 724, ""Interrupt_flag"": 0, ""Node_type"": ""DDS75-LB"", ""Sensor_flag"": 1, ""TempC_DS18B20"": 32.76}"
2025-09-20 16:05:13.250787960+00:00,dds75-lb-10,2,-34,9.25,"{""Bat"": 3.357, ""Distance_mm"": 724, ""Interrupt_flag"": 0, ""Node_type"": ""DDS75-LB"", ""Sensor_flag"": 1, ""TempC_DS18B20"": 32.76}"
2025-09-20 16:25:13.017993675+00:00,dds75-lb-10,2,-35,9.25,"{""Bat"": 3.357, ""Distance_mm"": 724, ""Interrupt_flag"": 0, ""Node_type"": ""DDS75-LB"", ""Sensor_flag"": 1, ""TempC_DS18B20"": 32.76}"
2025-09-20 16:45:12.782227646+00:00,dds75-lb-10,2,-35,8.0,"{""Bat"": 3.357, ""Distance_mm"": 724, ""Interrupt_flag"": 0, ""Node_type"": ""DDS75-LB"", ""Sensor_flag"": 1, ""TempC_DS18B20"": 32.76}"
2025-09-20 17:05:12.534774741+00:00,dds75-lb-10,2,-35,7.5,"{""Bat"": 3.357, ""Distance_mm"": 724, ""Interrupt_flag"": 0, ""Node_type"": ""DDS75-LB"", ""Sensor_flag"": 1, ""TempC_DS18B20"": 32.76}"
2025-09-20 17:25:12.315467151+00:00,dds75-lb-10,2,-35,9.5,"{""Bat"": 3.357, ""Distance_mm"": 724, ""Interrupt_flag"": 0, ""Node_type"": ""DDS75-LB"", ""Sensor_flag"": 1, ""TempC_DS18B20"": 32.76}"
2025-09-20 17:45:12.092863717+00:00,dds75-lb-10,2,-37,9.0,"{""Bat"": 3.357, ""Distance_mm"": 724, ""Interrupt_flag"": 0, ""Node_type"": ""DDS75-LB"", ""Sensor_flag"": 1, ""TempC_DS18B20"": 32.76}"
2025-09-20 18:05:11.861979892+00:00,dds75-lb-10,2,-37,9.25,"{""Bat"": 3.357, ""Distance_mm"": 724, ""Interrupt_flag"": 0, ""Node_type"": ""DDS75-LB"", ""Sensor_flag"": 1, ""TempC_DS18B20"": 32.76}"
2025-09-20 18:25:11.633725458+00:00,dds75-lb-10,2,-118,-4.0,"{""Bat"": 3.357, ""Distance_mm"": 724, ""Interrupt_flag"": 0, ""Node_type"": ""DDS75-LB"", ""Sensor_flag"": 1, ""TempC_DS18B20"": 32.76}"
2025-09-20 18:45:11.390805462+00:00,dds75-lb-10,2,-110,4.0,"{""Bat"": 3.357, ""Distance_mm"": 724, ""Interrupt_flag"": 0, ""Node_type"": ""DDS75-LB"", ""Sensor_flag"": 1, ""TempC_DS18B20"": 32.76}"
2025-09-20 19:05:11.168012638+00:00,dds75-lb-10,2,-37,10.0,"{""Bat"": 3.357, ""Distance_mm"": 724, ""Interrupt_flag"": 0, ""Node_type"": ""DDS75-LB"", ""Sensor_flag"": 1, ""TempC_DS18B20"": 32.76}"
2025-09-20 19:25:10.940320162+00:00,dds75-lb-10,2,-110,3.5,"{""Bat"": 3.357, ""Distance_mm"": 723, ""Interrupt_flag"": 0, ""Node_type"": ""DDS75-LB"", ""Sensor_flag"": 1, ""TempC_DS18B20"": 32.76}"
2025-09-20 19:45:10.705325412+00:00,dds75-lb-10,2,-37,9.0,"{""Bat"": 3.357, ""Distance_mm"": 723, ""Interrupt_flag"": 0, ""Node_type"": ""DDS75-LB"", ""Sensor_flag"": 1, ""TempC_DS18B20"": 32.76}"
2025-09-20 20:05:10.485164154+00:00,dds75-lb-10,2,-37,10.25,"{""Bat"": 3.357, ""Distance_mm"": 723, ""Interrupt_flag"": 0, ""Node_type"": ""DDS75-LB"", ""Sensor_flag"": 1, ""TempC_DS18B20"": 32.76}"
2025-09-20 20:25:10.242715803+00:00,dds75-lb-10,2,-115,-1.25,"{""Bat"": 3.357, ""Distance_mm"": 723, ""Interrupt_flag"": 0, ""Node_type"": ""DDS75-LB"", ""Sensor_flag"": 1, ""TempC_DS18B20"": 32.76}"
2025-09-20 20:26:20.446167200+00:00,dds75-lb-10,2,-37,9.5,"{""Bat"": 3.357, ""Distance_mm"": 723, ""Interrupt_flag"": 0, ""Node_type"": ""DDS75-LB"", ""Sensor_flag"": 1, ""TempC_DS18B20"": 32.76}"
2025-09-20 20:27:20.455411455+00:00,dds75-lb-10,2,-35,10.0,"{""Bat"": 3.357, ""Distance_mm"": 723, ""Interrupt_flag"": 0, ""Node_type"": ""DDS75-LB"", ""Sensor_flag"": 1, ""TempC_DS18B20"": 32.76}"
2025-09-20 20:28:20.424301739+00:00,dds75-lb-10,2,-111,3.75,"{""Bat"": 3.357, ""Distance_mm"": 723, ""Interrupt_flag"": 0, ""Node_type"": ""DDS75-LB"", ""Sensor_flag"": 1, ""TempC_DS18B20"": 32.76}"
2025-09-20 20:29:20.410929744+00:00,dds75-lb-10,2,-111,1.5,"{""Bat"": 3.357, ""Distance_mm"": 723, ""Interrupt_flag"": 0, ""Node_type"": ""DDS75-LB"", ""Sensor_flag"": 1, ""TempC_DS18B20"": 32.76}"
2025-09-20 20:30:20.401366769+00:00,dds75-lb-10,2,-110,-5.25,"{""Bat"": 3.357, ""Distance_mm"": 724, ""Interrupt_flag"": 0, ""Node_type"": ""DDS75-LB"", ""Sensor_flag"": 1, ""TempC_DS18B20"": 32.76}"
2025-09-20 20:31:20.388559026+00:00,dds75-lb-10,2,-35,7.75,"{""Bat"": 3.357, ""Distance_mm"": 724, ""Interrupt_flag"": 0, ""Node_type"": ""DDS75-LB"", ""Sensor_flag"": 1, ""TempC_DS18B20"": 32.76}"
2025-09-20 20:32:20.386789862+00:00,dds75-lb-10,2,-110,4.25,"{""Bat"": 3.357, ""Distance_mm"": 724, ""Interrupt_flag"": 0, ""Node_type"": ""DDS75-LB"", ""Sensor_flag"": 1, ""TempC_DS18B20"": 32.76}"
2025-09-20 20:33:20.366254480+00:00,dds75-lb-10,2,-37,9.25,"{""Bat"": 3.357, ""Distance_mm"": 724, ""Interrupt_flag"": 0, ""Node_type"": ""DDS75-LB"", ""Sensor_flag"": 1, ""TempC_DS18B20"": 32.76}"
2025-09-20 20:34:20.359312366+00:00,dds75-lb-10,2,-110,4.5,"{""Bat"": 3.357, ""Distance_mm"": 724, ""Interrupt_flag"": 0, ""Node_type"": ""DDS75-LB"", ""Sensor_flag"": 1, ""TempC_DS18B20"": 32.76}"
2025-09-20 20:35:20.334311746+00:00,dds75-lb-10,2,-34,8.75,"{""Bat"": 3.357, ""Distance_mm"": 724, ""Interrupt_flag"": 0, ""Node_type"": ""DDS75-LB"", ""Sensor_flag"": 1, ""TempC_DS18B20"": 32.76}"
2025-09-20 20:36:20.328656062+00:00,dds75-lb-10,2,-38,10.5,"{""Bat"": 3.357, ""Distance_mm"": 724, ""Interrupt_flag"": 0, ""Node_type"": ""DDS75-LB"", ""Sensor_flag"": 1, ""TempC_DS18B20"": 32.76}"
2025-09-20 20:37:20.319736033+00:00,dds75-lb-10,2,-111,3.25,"{""Bat"": 3.357, ""Distance_mm"": 724, ""Interrupt_flag"": 0, ""Node_type"": ""DDS75-LB"", ""Sensor_flag"": 1, ""TempC_DS18B20"": 32.76}"
2025-09-20 20:38:20.322542998+00:00,dds75-lb-10,2,-110,3.75,"{""Bat"": 3.357, ""Distance_mm"": 724, ""Interrupt_flag"": 0, ""Node_type"": ""DDS75-LB"", ""Sensor_flag"": 1, ""TempC_DS18B20"": 32.76}"
2025-09-20 20:39:20.305393546+00:00,dds75-lb-10,2,-109,5.5,"{""Bat"": 3.357, ""Distance_mm"": 724, ""Interrupt_flag"": 0, ""Node_type"": ""DDS75-LB"", ""Sensor_flag"": 1, ""TempC_DS18B20"": 32.76}"
2025-09-20 20:40:20.301813012+00:00,dds75-lb-10,2,-38,9.75,"{""Bat"": 3.357, ""Distance_mm"": 724, ""Interrupt_flag"": 0, ""Node_type"": ""DDS75-LB"", ""Sensor_flag"": 1, ""TempC_DS18B20"": 32.76}"
2025-09-20 20:41:20.274414969+00:00,dds75-lb-10,2,-37,9.75,"{""Bat"": 3.357, ""Distance_mm"": 724, ""Interrupt_flag"": 0, ""Node_type"": ""DDS75-LB"", ""Sensor_flag"": 1, ""TempC_DS18B20"": 32.76}"
2025-09-20 20:42:20.292134805+00:00,dds75-lb-10,2,-110,2.75,"{""Bat"": 3.357, ""Distance_mm"": 724, ""Interrupt_flag"": 0, ""Node_type"": ""DDS75-LB"", ""Sensor_flag"": 1, ""TempC_DS18B20"": 32.76}"
2025-09-20 20:43:20.249614724+00:00,dds75-lb-10,2,-111,3.5,"{""Bat"": 3.357, ""Distance_mm"": 724, ""Interrupt_flag"": 0, ""Node_type"": ""DDS75-LB"", ""Sensor_flag"": 1, ""TempC_DS18B20"": 32.76}"
2025-09-20 20:44:20.225146403+00:00,dds75-lb-10,2,-36,10.0,"{""Bat"": 3.357, ""Distance_mm"": 724, ""Interrupt_flag"": 0, ""Node_type"": ""DDS75-LB"", ""Sensor_flag"": 1, ""TempC_DS18B20"": 32.76}"
2025-09-20 20:45:20.241106557+00:00,dds75-lb-10,2,-33,8.0,"{""Bat"": 3.357, ""Distance_mm"": 724, ""Interrupt_flag"": 0, ""Node_type"": ""DDS75-LB"", ""Sensor_flag"": 1, ""TempC_DS18B20"": 32.76}"
2025-09-20 20:46:20.235809128+00:00,dds75-lb-10,2,-32,7.75,"{""Bat"": 3.357, ""Distance_mm"": 724, ""Interrupt_flag"": 0, ""Node_type"": ""DDS75-LB"", ""Sensor_flag"": 1, ""TempC_DS18B20"": 32.76}"
2025-09-20 20:47:20.212531221+00:00,dds75-lb-10,2,-35,9.25,"{""Bat"": 3.357, ""Distance_mm"": 724, ""Interrupt_flag"": 0, ""Node_type"": ""DDS75-LB"", ""Sensor_flag"": 1, ""TempC_DS18B20"": 32.76}"
2025-09-20 20:48:20.202784601+00:00,dds75-lb-10,2,-35,10.25,"{""Bat"": 3.357, ""Distance_mm"": 724, ""Interrupt_flag"": 0, ""Node_type"": ""DDS75-LB"", ""Sensor_flag"": 1, ""TempC_DS18B20"": 32.76}"
2025-09-20 20:49:20.203807471+00:00,dds75-lb-10,2,-37,10.75,"{""Bat"": 3.357, ""Distance_mm"": 724, ""Interrupt_flag"": 0, ""Node_type"": ""DDS75-LB"", ""Sensor_flag"": 1, ""TempC_DS18B20"": 32.76}"
2025-09-20 20:50:20.193952185+00:00,dds75-lb-10,2,-32,8.0,"{""Bat"": 3.357, ""Distance_mm"": 724, ""Interrupt_flag"": 0, ""Node_type"": ""DDS75-LB"", ""Sensor_flag"": 1, ""TempC_DS18B20"": 32.76}"
2025-09-20 20:51:20.171832047+00:00,dds75-lb-10,2,-111,3.0,"{""Bat"": 3.357, ""Distance_mm"": 724, ""Interrupt_flag"": 0, ""Node_type"": ""DDS75-LB"", ""Sensor_flag"": 1, ""TempC_DS18B20"": 32.76}"
2025-09-20 20:52:20.154807963+00:00,dds75-lb-10,2,-35,9.5,"{""Bat"": 3.357, ""Distance_mm"": 724, ""Interrupt_flag"": 0, ""Node_type"": ""DDS75-LB"", ""Sensor_flag"": 1, ""TempC_DS18B20"": 32.76}"
2025-09-20 20:53:20.153874314+00:00,dds75-lb-10,2,-32,7.75,"{""Bat"": 3.357, ""Distance_mm"": 724, ""Interrupt_flag"": 0, ""Node_type"": ""DDS75-LB"", ""Sensor_flag"": 1, ""TempC_DS18B20"": 32.76}"
2025-09-20 20:54:20.145859901+00:00,dds75-lb-10,2,-35,10.25,"{""Bat"": 3.357, ""Distance_mm"": 724, ""Interrupt_flag"": 0, ""Node_type"": ""DDS75-LB"", ""Sensor_flag"": 1, ""TempC_DS18B20"": 32.76}"
2025-09-20 20:55:20.121524897+00:00,dds75-lb-10,2,-37,7.5,"{""Bat"": 3.357, ""Distance_mm"": 724, ""Interrupt_flag"": 0, ""Node_type"": ""DDS75-LB"", ""Sensor_flag"": 1, ""TempC_DS18B20"": 32.76}"
2025-09-20 20:56:20.109922769+00:00,dds75-lb-10,2,-112,-0.25,"{""Bat"": 3.357, ""Distance_mm"": 724, ""Interrupt_flag"": 0, ""Node_type"": ""DDS75-LB"", ""Sensor_flag"": 1, ""TempC_DS18B20"": 32.76}"
2025-09-20 20:57:20.097406754+00:00,dds75-lb-10,2,-38,10.25,"{""Bat"": 3.357, ""Distance_mm"": 724, ""Interrupt_flag"": 0, ""Node_type"": ""DDS75-LB"", ""Sensor_flag"": 1, ""TempC_DS18B20"": 32.76}"
2025-09-20 20:58:20.091265681+00:00,dds75-lb-10,2,-33,7.75,"{""Bat"": 3.357, ""Distance_mm"": 724, ""Interrupt_flag"": 0, ""Node_type"": ""DDS75-LB"", ""Sensor_flag"": 1, ""TempC_DS18B20"": 32.76}"
2025-09-20 20:59:20.073023928+00:00,dds75-lb-10,2,-35,8.75,"{""Bat"": 3.357, ""Distance_mm"": 724, ""Interrupt_flag"": 0, ""Node_type"": ""DDS75-LB"", ""Sensor_flag"": 1, ""TempC_DS18B20"": 32.76}"
2025-09-20 21:00:20.074499968+00:00,dds75-lb-10,2,-34,9.25,"{""Bat"": 3.357, ""Distance_mm"": 724, ""Interrupt_flag"": 0, ""Node_type"": ""DDS75-LB"", ""Sensor_flag"": 1, ""TempC_DS18B20"": 32.76}"
2025-09-20 21:01:20.061143287+00:00,dds75-lb-10,2,-35,7.5,"{""Bat"": 3.357, ""Distance_mm"": 724, ""Interrupt_flag"": 0, ""Node_type"": ""DDS75-LB"", ""Sensor_flag"": 1, ""TempC_DS18B20"": 32.76}"
2025-09-20 21:02:20.064738294+00:00,dds75-lb-10,2,-33,7.25,"{""Bat"": 3.357, ""Distance_mm"": 724, ""Interrupt_flag"": 0, ""Node_type"": ""DDS75-LB"", ""Sensor_flag"": 1, ""TempC_DS18B20"": 32.76}"
2025-09-20 21:03:20.062055052+00:00,dds75-lb-10,2,-35,9.0,"{""Bat"": 3.357, ""Distance_mm"": 724, ""Interrupt_flag"": 0, ""Node_type"": ""DDS75-LB"", ""Sensor_flag"": 1, ""TempC_DS18B20"": 32.76}"
2025-09-20 21:04:20.040840560+00:00,dds75-lb-10,2,-110,4.5,"{""Bat"": 3.357, ""Distance_mm"": 724, ""Interrupt_flag"": 0, ""Node_type"": ""DDS75-LB"", ""Sensor_flag"": 1, ""TempC_DS18B20"": 32.76}"
2025-09-20 21:05:20.015659610+00:00,dds75-lb-10,2,-37,9.75,"{""Bat"": 3.357, ""Distance_mm"": 724, ""Interrupt_flag"": 0, ""Node_type"": ""DDS75-LB"", ""Sensor_flag"": 1, ""TempC_DS18B20"": 32.76}"
2025-09-20 21:06:20.013058337+00:00,dds75-lb-10,2,-36,11.0,"{""Bat"": 3.357, ""Distance_mm"": 724, ""Interrupt_flag"": 0, ""Node_type"": ""DDS75-LB"", ""Sensor_flag"": 1, ""TempC_DS18B20"": 32.76}"
2025-09-20 21:07:19.993200494+00:00,dds75-lb-10,2,-37,10.25,"{""Bat"": 3.357, ""Distance_mm"": 724, ""Interrupt_flag"": 0, ""Node_type"": ""DDS75-LB"", ""Sensor_flag"": 1, ""TempC_DS18B20"": 32.76}"
2025-09-20 21:08:19.974763656+00:00,dds75-lb-10,2,-39,11.75,"{""Bat"": 3.357, ""Distance_mm"": 724, ""Interrupt_flag"": 0, ""Node_type"": ""DDS75-LB"", ""Sensor_flag"": 1, ""TempC_DS18B20"": 32.76}"
2025-09-20 21:09:19.962350361+00:00,dds75-lb-10,2,-112,1.5,"{""Bat"": 3.357, ""Distance_mm"": 724, ""Interrupt_flag"": 0, ""Node_type"": ""DDS75-LB"", ""Sensor_flag"": 1, ""TempC_DS18B20"": 32.76}"
2025-09-20 21:10:19.961614806+00:00,dds75-lb-10,2,-112,2.25,"{""Bat"": 3.357, ""Distance_mm"": 724, ""Interrupt_flag"": 0, ""Node_type"": ""DDS75-LB"", ""Sensor_flag"": 1, ""TempC_DS18B20"": 32.76}"
2025-09-20 21:11:19.959261063+00:00,dds75-lb-10,2,-112,2.5,"{""Bat"": 3.357, ""Distance_mm"": 724, ""Interrupt_flag"": 0, ""Node_type"": ""DDS75-LB"", ""Sensor_flag"": 1, ""TempC_DS18B20"": 32.76}"
2025-09-20 21:12:19.940413421+00:00,dds75-lb-10,2,-112,2.75,"{""Bat"": 3.357, ""Distance_mm"": 724, ""Interrupt_flag"": 0, ""Node_type"": ""DDS75-LB"", ""Sensor_flag"": 1, ""TempC_DS18B20"": 32.76}"
2025-09-20 21:13:19.938197655+00:00,dds75-lb-10,2,-37,9.75,"{""Bat"": 3.357, ""Distance_mm"": 724, ""Interrupt_flag"": 0, ""Node_type"": ""DDS75-LB"", ""Sensor_flag"": 1, ""TempC_DS18B20"": 32.76}"
2025-09-20 21:14:19.916713661+00:00,dds75-lb-10,2,-37,7.75,"{""Bat"": 3.357, ""Distance_mm"": 724, ""Interrupt_flag"": 0, ""Node_type"": ""DDS75-LB"", ""Sensor_flag"": 1, ""TempC_DS18B20"": 32.76}"
2025-09-20 21:15:19.915839441+00:00,dds75-lb-10,2,-35,9.25,"{""Bat"": 3.357, ""Distance_mm"": 724, ""Interrupt_flag"": 0, ""Node_type"": ""DDS75-LB"", ""Sensor_flag"": 1, ""TempC_DS18B20"": 32.76}"
2025-09-20 21:16:19.912749480+00:00,dds75-lb-10,2,-37,8.75,"{""Bat"": 3.357, ""Distance_mm"": 724, ""Interrupt_flag"": 0, ""Node_type"": ""DDS75-LB"", ""Sensor_flag"": 1, ""TempC_DS18B20"": 32.76}"
2025-09-20 21:17:19.895345633+00:00,dds75-lb-10,2,-33,8.25,"{""Bat"": 3.357, ""Distance_mm"": 724, ""Interrupt_flag"": 0, ""Node_type"": ""DDS75-LB"", ""Sensor_flag"": 1, ""TempC_DS18B20"": 32.76}"
2025-09-20 21:18:19.885343488+00:00,dds75-lb-10,2,-35,10.75,"{""Bat"": 3.357, ""Distance_mm"": 724, ""Interrupt_flag"": 0, ""Node_type"": ""DDS75-LB"", ""Sensor_flag"": 1, ""TempC_DS18B20"": 32.76}"
2025-09-20 21:19:19.875087847+00:00,dds75-lb-10,2,-33,7.25,"{""Bat"": 3.357, ""Distance_mm"": 724, ""Interrupt_flag"": 0, ""Node_type"": ""DDS75-LB"", ""Sensor_flag"": 1, ""TempC_DS18B20"": 32.76}"
2025-09-20 21:20:19.861232039+00:00,dds75-lb-10,2,-113,1.75,"{""Bat"": 3.357, ""Distance_mm"": 724, ""Interrupt_flag"": 0, ""Node_type"": ""DDS75-LB"", ""Sensor_flag"": 1, ""TempC_DS18B20"": 32.76}"
2025-09-20 21:21:19.849443948+00:00,dds75-lb-10,2,-36,9.25,"{""Bat"": 3.357, ""Distance_mm"": 724, ""Interrupt_flag"": 0, ""Node_type"": ""DDS75-LB"", ""Sensor_flag"": 1, ""TempC_DS18B20"": 32.76}"
2025-09-20 21:22:19.838025648+00:00,dds75-lb-10,2,-37,7.25,"{""Bat"": 3.357, ""Distance_mm"": 724, ""Interrupt_flag"": 0, ""Node_type"": ""DDS75-LB"", ""Sensor_flag"": 1, ""TempC_DS18B20"": 32.76}"
2025-09-20 21:23:19.842782647+00:00,dds75-lb-10,2,-113,1.25,"{""Bat"": 3.357, ""Distance_mm"": 724, ""Interrupt_flag"": 0, ""Node_type"": ""DDS75-LB"", ""Sensor_flag"": 1, ""TempC_DS18B20"": 32.76}"
2025-09-20 21:24:19.816229393+00:00,dds75-lb-10,2,-38,9.5,"{""Bat"": 3.357, ""Distance_mm"": 724, ""Interrupt_flag"": 0, ""Node_type"": ""DDS75-LB"", ""Sensor_flag"": 1, ""TempC_DS18B20"": 32.76}"
2025-09-20 21:25:19.819253740+00:00,dds75-lb-10,2,-112,2.75,"{""Bat"": 3.357, ""Distance_mm"": 724, ""Interrupt_flag"": 0, ""Node_type"": ""DDS75-LB"", ""Sensor_flag"": 1, ""TempC_DS18B20"": 32.76}"
2025-09-20 21:26:19.803562280+00:00,dds75-lb-10,2,-37,8.0,"{""Bat"": 3.357, ""Distance_mm"": 724, ""Interrupt_flag"": 0, ""Node_type"": ""DDS75-LB"", ""Sensor_flag"": 1, ""TempC_DS18B20"": 32.76}"
2025-09-20 21:27:19.773164379+00:00,dds75-lb-10,2,-35,9.5,"{""Bat"": 3.357, ""Distance_mm"": 724, ""Interrupt_flag"": 0, ""Node_type"": ""DDS75-LB"", ""Sensor_flag"": 1, ""TempC_DS18B20"": 32.76}"
2025-09-20 21:28:19.766383092+00:00,dds75-lb-10,2,-38,10.75,"{""Bat"": 3.357, ""Distance_mm"": 724, ""Interrupt_flag"": 0, ""Node_type"": ""DDS75-LB"", ""Sensor_flag"": 1, ""TempC_DS18B20"": 32.76}"
2025-09-20 21:29:19.773625125+00:00,dds75-lb-10,2,-119,-4.5,"{""Bat"": 3.357, ""Distance_mm"": 724, ""Interrupt_flag"": 0, ""Node_type"": ""DDS75-LB"", ""Sensor_flag"": 1, ""TempC_DS18B20"": 32.76}"
2025-09-20 21:30:19.741777872+00:00,dds75-lb-10,2,-111,3.0,"{""Bat"": 3.357, ""Distance_mm"": 724, ""Interrupt_flag"": 0, ""Node_type"": ""DDS75-LB"", ""Sensor_flag"": 1, ""TempC_DS18B20"": 32.76}"
2025-09-20 21:31:19.733352659+00:00,dds75-lb-10,2,-33,9.5,"{""Bat"": 3.357, ""Distance_mm"": 724, ""Interrupt_flag"": 0, ""Node_type"": ""DDS75-LB"", ""Sensor_flag"": 1, ""TempC_DS18B20"": 32.76}"
2025-09-20 21:32:19.735753769+00:00,dds75-lb-10,2,-118,-2.75,"{""Bat"": 3.357, ""Distance_mm"": 724, ""Interrupt_flag"": 0, ""Node_type"": ""DDS75-LB"", ""Sensor_flag"": 1, ""TempC_DS18B20"": 32.76}"
2025-09-20 21:33:19.712391719+00:00,dds75-lb-10,2,-35,7.5,"{""Bat"": 3.357, ""Distance_mm"": 724, ""Interrupt_flag"": 0, ""Node_type"": ""DDS75-LB"", ""Sensor_flag"": 1, ""TempC_DS18B20"": 32.76}"
2025-09-20 21:34:19.687861600+00:00,dds75-lb-10,2,-35,7.0,"{""Bat"": 3.357, ""Distance_mm"": 724, ""Interrupt_flag"": 0, ""Node_type"": ""DDS75-LB"", ""Sensor_flag"": 1, ""TempC_DS18B20"": 32.76}"
2025-09-20 21:35:19.684374791+00:00,dds75-lb-10,2,-35,7.25,"{""Bat"": 3.357, ""Distance_mm"": 724, ""Interrupt_flag"": 0, ""Node_type"": ""DDS75-LB"", ""Sensor_flag"": 1, ""TempC_DS18B20"": 32.76}"
2025-09-20 21:36:19.674105090+00:00,dds75-lb-10,2,-37,10.5,"{""Bat"": 3.357, ""Distance_mm"": 724, ""Interrupt_flag"": 0, ""Node_type"": ""DDS75-LB"", ""Sensor_flag"": 1, ""TempC_DS18B20"": 32.76}"
2025-09-20 21:37:19.674315252+00:00,dds75-lb-10,2,-36,9.25,"{""Bat"": 3.357, ""Distance_mm"": 724, ""Interrupt_flag"": 0, ""Node_type"": ""DDS75-LB"", ""Sensor_flag"": 1, ""TempC_DS18B20"": 32.76}"
2025-09-20 21:38:19.666749701+00:00,dds75-lb-10,2,-36,9.5,"{""Bat"": 3.357, ""Distance_mm"": 724, ""Interrupt_flag"": 0, ""Node_type"": ""DDS75-LB"", ""Sensor_flag"": 1, ""TempC_DS18B20"": 32.76}"
2025-09-20 21:39:19.654193033+00:00,dds75-lb-10,2,-113,2.25,"{""Bat"": 3.357, ""Distance_mm"": 724, ""Interrupt_flag"": 0, ""Node_type"": ""DDS75-LB"", ""Sensor_flag"": 1, ""TempC_DS18B20"": 32.76}"
2025-09-20 21:40:19.643679898+00:00,dds75-lb-10,2,-36,9.0,"{""Bat"": 3.357, ""Distance_mm"": 724, ""Interrupt_flag"": 0, ""Node_type"": ""DDS75-LB"", ""Sensor_flag"": 1, ""TempC_DS18B20"": 32.76}"
2025-09-20 21:41:19.634407953+00:00,dds75-lb-10,2,-35,7.75,"{""Bat"": 3.357, ""Distance_mm"": 724, ""Interrupt_flag"": 0, ""Node_type"": ""DDS75-LB"", ""Sensor_flag"": 1, ""TempC_DS18B20"": 32.76}"
2025-09-20 21:42:19.616991959+00:00,dds75-lb-10,2,-33,9.75,"{""Bat"": 3.357, ""Distance_mm"": 724, ""Interrupt_flag"": 0, ""Node_type"": ""DDS75-LB"", ""Sensor_flag"": 1, ""TempC_DS18B20"": 32.76}"
2025-09-20 21:43:19.614307928+00:00,dds75-lb-10,2,-115,0.5,"{""Bat"": 3.357, ""Distance_mm"": 724, ""Interrupt_flag"": 0, ""Node_type"": ""DDS75-LB"", ""Sensor_flag"": 1, ""TempC_DS18B20"": 32.76}"
2025-09-20 21:44:19.592298454+00:00,dds75-lb-10,2,-115,0.75,"{""Bat"": 3.357, ""Distance_mm"": 724, ""Interrupt_flag"": 0, ""Node_type"": ""DDS75-LB"", ""Sensor_flag"": 1, ""TempC_DS18B20"": 32.76}"
2025-09-20 21:45:19.585964836+00:00,dds75-lb-10,2,-35,9.75,"{""Bat"": 3.357, ""Distance_mm"": 724, ""Interrupt_flag"": 0, ""Node_type"": ""DDS75-LB"", ""Sensor_flag"": 1, ""TempC_DS18B20"": 32.76}"
2025-09-20 21:46:19.587079210+00:00,dds75-lb-10,2,-34,9.0,"{""Bat"": 3.357, ""Distance_mm"": 724, ""Interrupt_flag"": 0, ""Node_type"": ""DDS75-LB"", ""Sensor_flag"": 1, ""TempC_DS18B20"": 32.76}"
2025-09-20 21:47:19.576237992+00:00,dds75-lb-10,2,-35,8.75,"{""Bat"": 3.357, ""Distance_mm"": 724, ""Interrupt_flag"": 0, ""Node_type"": ""DDS75-LB"", ""Sensor_flag"": 1, ""TempC_DS18B20"": 32.76}"
2025-09-20 21:48:19.568977288+00:00,dds75-lb-10,2,-36,9.0,"{""Bat"": 3.357, ""Distance_mm"": 724, ""Interrupt_flag"": 0, ""Node_type"": ""DDS75-LB"", ""Sensor_flag"": 1, ""TempC_DS18B20"": 32.76}"
2025-09-20 21:49:19.553707094+00:00,dds75-lb-10,2,-114,-0.75,"{""Bat"": 3.357, ""Distance_mm"": 724, ""Interrupt_flag"": 0, ""Node_type"": ""DDS75-LB"", ""Sensor_flag"": 1, ""TempC_DS18B20"": 32.76}"
2025-09-20 21:50:19.536593372+00:00,dds75-lb-10,2,-35,10.0,"{""Bat"": 3.357, ""Distance_mm"": 724, ""Interrupt_flag"": 0, ""Node_type"": ""DDS75-LB"", ""Sensor_flag"": 1, ""TempC_DS18B20"": 32.76}"
2025-09-20 21:51:19.513579324+00:00,dds75-lb-10,2,-33,8.0,"{""Bat"": 3.357, ""Distance_mm"": 724, ""Interrupt_flag"": 0, ""Node_type"": ""DDS75-LB"", ""Sensor_flag"": 1, ""TempC_DS18B20"": 32.76}"
2025-09-20 21:52:19.514329486+00:00,dds75-lb-10,2,-38,9.5,"{""Bat"": 3.357, ""Distance_mm"": 724, ""Interrupt_flag"": 0, ""Node_type"": ""DDS75-LB"", ""Sensor_flag"": 1, ""TempC_DS18B20"": 32.76}"
2025-09-20 21:53:19.497979838+00:00,dds75-lb-10,2,-37,10.5,"{""Bat"": 3.357, ""Distance_mm"": 724, ""Interrupt_flag"": 0, ""Node_type"": ""DDS75-LB"", ""Sensor_flag"": 1, ""TempC_DS18B20"": 32.76}"
2025-09-20 21:54:19.496979765+00:00,dds75-lb-10,2,-35,7.0,"{""Bat"": 3.357, ""Distance_mm"": 724, ""Interrupt_flag"": 0, ""Node_type"": ""DDS75-LB"", ""Sensor_flag"": 1, ""TempC_DS18B20"": 32.76}"
2025-09-20 21:55:19.481941949+00:00,dds75-lb-10,2,-37,9.75,"{""Bat"": 3.357, ""Distance_mm"": 724, ""Interrupt_flag"": 0, ""Node_type"": ""DDS75-LB"", ""Sensor_flag"": 1, ""TempC_DS18B20"": 32.76}"
2025-09-20 21:56:19.476422221+00:00,dds75-lb-10,2,-37,10.25,"{""Bat"": 3.357, ""Distance_mm"": 724, ""Interrupt_flag"": 0, ""Node_type"": ""DDS75-LB"", ""Sensor_flag"": 1, ""TempC_DS18B20"": 32.76}"
2025-09-20 21:57:19.466154931+00:00,dds75-lb-10,2,-35,7.75,"{""Bat"": 3.357, ""Distance_mm"": 724, ""Interrupt_flag"": 0, ""Node_type"": ""DDS75-LB"", ""Sensor_flag"": 1, ""TempC_DS18B20"": 32.76}"
2025-09-20 21:58:19.443657020+00:00,dds75-lb-10,2,-35,9.25,"{""Bat"": 3.357, ""Distance_mm"": 724, ""Interrupt_flag"": 0, ""Node_type"": ""DDS75-LB"", ""Sensor_flag"": 1, ""TempC_DS18B20"": 32.76}"
2025-09-20 21:59:19.406111364+00:00,dds75-lb-10,2,-35,9.0,"{""Bat"": 3.357, ""Distance_mm"": 724, ""Interrupt_flag"": 0, ""Node_type"": ""DDS75-LB"", ""Sensor_flag"": 1, ""TempC_DS18B20"": 32.76}"
2025-09-20 22:00:19.424650234+00:00,dds75-lb-10,2,-38,10.0,"{""Bat"": 3.357, ""Distance_mm"": 724, ""Interrupt_flag"": 0, ""Node_type"": ""DDS75-LB"", ""Sensor_flag"": 1, ""TempC_DS18B20"": 32.76}"
2025-09-20 22:01:19.413874012+00:00,dds75-lb-10,2,-38,9.0,"{""Bat"": 3.357, ""Distance_mm"": 724, ""Interrupt_flag"": 0, ""Node_type"": ""DDS75-LB"", ""Sensor_flag"": 1, ""TempC_DS18B20"": 32.76}"
2025-09-20 22:02:19.394473985+00:00,dds75-lb-10,2,-35,9.5,"{""Bat"": 3.357, ""Distance_mm"": 724, ""Interrupt_flag"": 0, ""Node_type"": ""DDS75-LB"", ""Sensor_flag"": 1, ""TempC_DS18B20"": 32.76}"
2025-09-20 22:03:19.384235612+00:00,dds75-lb-10,2,-37,10.0,"{""Bat"": 3.357, ""Distance_mm"": 724, ""Interrupt_flag"": 0, ""Node_type"": ""DDS75-LB"", ""Sensor_flag"": 1, ""TempC_DS18B20"": 32.76}"
2025-09-20 22:04:19.361097052+00:00,dds75-lb-10,2,-36,9.75,"{""Bat"": 3.357, ""Distance_mm"": 724, ""Interrupt_flag"": 0, ""Node_type"": ""DDS75-LB"", ""Sensor_flag"": 1, ""TempC_DS18B20"": 32.76}"
2025-09-20 22:05:19.361151991+00:00,dds75-lb-10,2,-35,7.25,"{""Bat"": 3.357, ""Distance_mm"": 724, ""Interrupt_flag"": 0, ""Node_type"": ""DDS75-LB"", ""Sensor_flag"": 1, ""TempC_DS18B20"": 32.76}"
2025-09-20 22:06:19.351233167+00:00,dds75-lb-10,2,-35,9.0,"{""Bat"": 3.357, ""Distance_mm"": 723, ""Interrupt_flag"": 0, ""Node_type"": ""DDS75-LB"", ""Sensor_flag"": 1, ""TempC_DS18B20"": 32.76}"
2025-09-20 22:07:19.341450953+00:00,dds75-lb-10,2,-115,0.75,"{""Bat"": 3.357, ""Distance_mm"": 723, ""Interrupt_flag"": 0, ""Node_type"": ""DDS75-LB"", ""Sensor_flag"": 1, ""TempC_DS18B20"": 32.76}"
2025-09-20 22:08:19.344271858+00:00,dds75-lb-10,2,-35,9.0,"{""Bat"": 3.357, ""Distance_mm"": 724, ""Interrupt_flag"": 0, ""Node_type"": ""DDS75-LB"", ""Sensor_flag"": 1, ""TempC_DS18B20"": 32.76}"
2025-09-20 22:09:19.324040073+00:00,dds75-lb-10,2,-117,-0.75,"{""Bat"": 3.357, ""Distance_mm"": 723, ""Interrupt_flag"": 0, ""Node_type"": ""DDS75-LB"", ""Sensor_flag"": 1, ""TempC_DS18B20"": 32.76}"
2025-09-20 22:10:19.313770735+00:00,dds75-lb-10,2,-35,8.75,"{""Bat"": 3.357, ""Distance_mm"": 723, ""Interrupt_flag"": 0, ""Node_type"": ""DDS75-LB"", ""Sensor_flag"": 1, ""TempC_DS18B20"": 32.76}"
2025-09-20 22:11:19.293746011+00:00,dds75-lb-10,2,-116,,"{""Bat"": 3.357, ""Distance_mm"": 723, ""Interrupt_flag"": 0, ""Node_type"": ""DDS75-LB"", ""Sensor_flag"": 1, ""TempC_DS18B20"": 32.76}"
2025-09-20 22:12:19.283243478+00:00,dds75-lb-10,2,-37,10.0,"{""Bat"": 3.357, ""Distance_mm"": 723, ""Interrupt_flag"": 0, ""Node_type"": ""DDS75-LB"", ""Sensor_flag"": 1, ""TempC_DS18B20"": 32.76}"
2025-09-20 22:13:19.274280097+00:00,dds75-lb-10,2,-35,7.5,"{""Bat"": 3.357, ""Distance_mm"": 723, ""Interrupt_flag"": 0, ""Node_type"": ""DDS75-LB"", ""Sensor_flag"": 1, ""TempC_DS18B20"": 32.76}"
2025-09-20 22:14:19.264196618+00:00,dds75-lb-10,2,-32,7.0,"{""Bat"": 3.357, ""Distance_mm"": 723, ""Interrupt_flag"": 0, ""Node_type"": ""DDS75-LB"", ""Sensor_flag"": 1, ""TempC_DS18B20"": 32.76}"
2025-09-20 22:15:19.254702044+00:00,dds75-lb-10,2,-35,8.5,"{""Bat"": 3.357, ""Distance_mm"": 723, ""Interrupt_flag"": 0, ""Node_type"": ""DDS75-LB"", ""Sensor_flag"": 1, ""TempC_DS18B20"": 32.76}"
2025-09-20 22:16:19.252807558+00:00,dds75-lb-10,2,-35,9.5,"{""Bat"": 3.357, ""Distance_mm"": 723, ""Interrupt_flag"": 0, ""Node_type"": ""DDS75-LB"", ""Sensor_flag"": 1, ""TempC_DS18B20"": 32.76}"
2025-09-20 22:17:19.235007218+00:00,dds75-lb-10,2,-38,10.25,"{""Bat"": 3.357, ""Distance_mm"": 723, ""Interrupt_flag"": 0, ""Node_type"": ""DDS75-LB"", ""Sensor_flag"": 1, ""TempC_DS18B20"": 32.76}"
2025-09-20 22:18:19.225349521+00:00,dds75-lb-10,2,-36,9.5,"{""Bat"": 3.357, ""Distance_mm"": 723, ""Interrupt_flag"": 0, ""Node_type"": ""DDS75-LB"", ""Sensor_flag"": 1, ""TempC_DS18B20"": 32.76}"
2025-09-20 22:19:19.206679787+00:00,dds75-lb-10,2,-37,10.5,"{""Bat"": 3.357, ""Distance_mm"": 723, ""Interrupt_flag"": 0, ""Node_type"": ""DDS75-LB"", ""Sensor_flag"": 1, ""TempC_DS18B20"": 32.76}"
2025-09-20 22:20:19.199937969+00:00,dds75-lb-10,2,-35,9.0,"{""Bat"": 3.357, ""Distance_mm"": 723, ""Interrupt_flag"": 0, ""Node_type"": ""DDS75-LB"", ""Sensor_flag"": 1, ""TempC_DS18B20"": 32.76}"
2025-09-20 22:21:19.186426697+00:00,dds75-lb-10,2,-37,7.0,"{""Bat"": 3.357, ""Distance_mm"": 723, ""Interrupt_flag"": 0, ""Node_type"": ""DDS75-LB"", ""Sensor_flag"": 1, ""TempC_DS18B20"": 32.76}"
2025-09-20 22:22:19.204301004+00:00,dds75-lb-10,2,-115,-0.25,"{""Bat"": 3.357, ""Distance_mm"": 723, ""Interrupt_flag"": 0, ""Node_type"": ""DDS75-LB"", ""Sensor_flag"": 1, ""TempC_DS18B20"": 32.76}"
2025-09-20 22:23:19.164870127+00:00,dds75-lb-10,2,-36,9.25,"{""Bat"": 3.357, ""Distance_mm"": 723, ""Interrupt_flag"": 0, ""Node_type"": ""DDS75-LB"", ""Sensor_flag"": 1, ""TempC_DS18B20"": 32.76}"
2025-09-20 22:24:19.162767285+00:00,dds75-lb-10,2,-37,8.75,"{""Bat"": 3.357, ""Distance_mm"": 723, ""Interrupt_flag"": 0, ""Node_type"": ""DDS75-LB"", ""Sensor_flag"": 1, ""TempC_DS18B20"": 32.76}"
2025-09-20 22:25:19.144503025+00:00,dds75-lb-10,2,-37,9.5,"{""Bat"": 3.357, ""Distance_mm"": 723, ""Interrupt_flag"": 0, ""Node_type"": ""DDS75-LB"", ""Sensor_flag"": 1, ""TempC_DS18B20"": 32.76}"
2025-09-20 22:26:19.142574573+00:00,dds75-lb-10,2,-37,7.75,"{""Bat"": 3.357, ""Distance_mm"": 723, ""Interrupt_flag"": 0, ""Node_type"": ""DDS75-LB"", ""Sensor_flag"": 1, ""TempC_DS18B20"": 32.76}"
2025-09-20 22:27:19.121906631+00:00,dds75-lb-10,2,-114,1.0,"{""Bat"": 3.357, ""Distance_mm"": 723, ""Interrupt_flag"": 0, ""Node_type"": ""DDS75-LB"", ""Sensor_flag"": 1, ""TempC_DS18B20"": 32.76}"
2025-09-20 22:28:19.120970547+00:00,dds75-lb-10,2,-39,10.25,"{""Bat"": 3.357, ""Distance_mm"": 723, ""Interrupt_flag"": 0, ""Node_type"": ""DDS75-LB"", ""Sensor_flag"": 1, ""TempC_DS18B20"": 32.76}"
2025-09-20 22:29:19.116511213+00:00,dds75-lb-10,2,-35,7.5,"{""Bat"": 3.357, ""Distance_mm"": 723, ""Interrupt_flag"": 0, ""Node_type"": ""DDS75-LB"", ""Sensor_flag"": 1, ""TempC_DS18B20"": 32.76}"
2025-09-20 22:30:19.108759285+00:00,dds75-lb-10,2,-35,7.75,"{""Bat"": 3.357, ""Distance_mm"": 723, ""Interrupt_flag"": 0, ""Node_type"": ""DDS75-LB"", ""Sensor_flag"": 1, ""TempC_DS18B20"": 32.76}"
2025-09-20 22:31:19.094223766+00:00,dds75-lb-10,2,-112,3.0,"{""Bat"": 3.357, ""Distance_mm"": 723, ""Interrupt_flag"": 0, ""Node_type"": ""DDS75-LB"", ""Sensor_flag"": 1, ""TempC_DS18B20"": 32.76}"
2025-09-20 22:32:19.072072878+00:00,dds75-lb-10,2,-114,1.75,"{""Bat"": 3.357, ""Distance_mm"": 723, ""Interrupt_flag"": 0, ""Node_type"": ""DDS75-LB"", ""Sensor_flag"": 1, ""TempC_DS18B20"": 32.76}"
2025-09-20 22:33:19.059668143+00:00,dds75-lb-10,2,-37,9.75,"{""Bat"": 3.357, ""Distance_mm"": 723, ""Interrupt_flag"": 0, ""Node_type"": ""DDS75-LB"", ""Sensor_flag"": 1, ""TempC_DS18B20"": 32.76}"
2025-09-20 22:34:19.039978101+00:00,dds75-lb-10,2,-35,7.5,"{""Bat"": 3.357, ""Distance_mm"": 723, ""Interrupt_flag"": 0, ""Node_type"": ""DDS75-LB"", ""Sensor_flag"": 1, ""TempC_DS18B20"": 32.76}"
2025-09-20 22:35:19.039886086+00:00,dds75-lb-10,2,-34,9.25,"{""Bat"": 3.357, ""Distance_mm"": 723, ""Interrupt_flag"": 0, ""Node_type"": ""DDS75-LB"", ""Sensor_flag"": 1, ""TempC_DS18B20"": 32.76}"
2025-09-20 22:36:19.017449898+00:00,dds75-lb-10,2,-39,9.75,"{""Bat"": 3.357, ""Distance_mm"": 723, ""Interrupt_flag"": 0, ""Node_type"": ""DDS75-LB"", ""Sensor_flag"": 1, ""TempC_DS18B20"": 32.76}"
2025-09-20 22:37:19.010915154+00:00,dds75-lb-10,2,-37,9.5,"{""Bat"": 3.357, ""Distance_mm"": 723, ""Interrupt_flag"": 0, ""Node_type"": ""DDS75-LB"", ""Sensor_flag"": 1, ""TempC_DS18B20"": 32.76}"
2025-09-20 22:38:18.997036992+00:00,dds75-lb-10,2,-35,6.75,"{""Bat"": 3.357, ""Distance_mm"": 723, ""Interrupt_flag"": 0, ""Node_type"": ""DDS75-LB"", ""Sensor_flag"": 1, ""TempC_DS18B20"": 32.76}"
2025-09-20 22:39:19.000887914+00:00,dds75-lb-10,2,-36,7.25,"{""Bat"": 3.357, ""Distance_mm"": 723, ""Interrupt_flag"": 0, ""Node_type"": ""DDS75-LB"", ""Sensor_flag"": 1, ""TempC_DS18B20"": 32.76}"
2025-09-20 22:40:18.987766089+00:00,dds75-lb-10,2,-36,9.5,"{""Bat"": 3.357, ""Distance_mm"": 723, ""Interrupt_flag"": 0, ""Node_type"": ""DDS75-LB"", ""Sensor_flag"": 1, ""TempC_DS18B20"": 32.76}"
2025-09-20 22:41:18.977209873+00:00,dds75-lb-10,2,-35,9.5,"{""Bat"": 3.357, ""Distance_mm"": 723, ""Interrupt_flag"": 0, ""Node_type"": ""DDS75-LB"", ""Sensor_flag"": 1, ""TempC_DS18B20"": 32.76}"
2025-09-20 22:42:18.968023969+00:00,dds75-lb-10,2,-36,7.75,"{""Bat"": 3.357, ""Distance_mm"": 723, ""Interrupt_flag"": 0, ""Node_type"": ""DDS75-LB"", ""Sensor_flag"": 1, ""TempC_DS18B20"": 32.76}"
2025-09-20 22:43:18.945795471+00:00,dds75-lb-10,2,-35,10.0,"{""Bat"": 3.357, ""Distance_mm"": 723, ""Interrupt_flag"": 0, ""Node_type"": ""DDS75-LB"", ""Sensor_flag"": 1, ""TempC_DS18B20"": 32.76}"
2025-09-20 22:44:18.927969457+00:00,dds75-lb-10,2,-34,9.0,"{""Bat"": 3.357, ""Distance_mm"": 723, ""Interrupt_flag"": 0, ""Node_type"": ""DDS75-LB"", ""Sensor_flag"": 1, ""TempC_DS18B20"": 32.76}"
2025-09-20 22:45:18.928600383+00:00,dds75-lb-10,2,-35,9.0,"{""Bat"": 3.357, ""Distance_mm"": 723, ""Interrupt_flag"": 0, ""Node_type"": ""DDS75-LB"", ""Sensor_flag"": 1, ""TempC_DS18B20"": 32.76}"
2025-09-20 22:46:18.927964606+00:00,dds75-lb-10,2,-33,8.0,"{""Bat"": 3.357, ""Distance_mm"": 723, ""Interrupt_flag"": 0, ""Node_type"": ""DDS75-LB"", ""Sensor_flag"": 1, ""TempC_DS18B20"": 32.76}"
2025-09-20 22:47:18.895256712+00:00,dds75-lb-10,2,-114,1.75,"{""Bat"": 3.357, ""Distance_mm"": 723, ""Interrupt_flag"": 0, ""Node_type"": ""DDS75-LB"", ""Sensor_flag"": 1, ""TempC_DS18B20"": 32.76}"
2025-09-20 22:48:18.899284894+00:00,dds75-lb-10,2,-38,10.0,"{""Bat"": 3.357, ""Distance_mm"": 723, ""Interrupt_flag"": 0, ""Node_type"": ""DDS75-LB"", ""Sensor_flag"": 1, ""TempC_DS18B20"": 32.76}"
2025-09-20 22:49:18.894982574+00:00,dds75-lb-10,2,-34,9.75,"{""Bat"": 3.357, ""Distance_mm"": 723, ""Interrupt_flag"": 0, ""Node_type"": ""DDS75-LB"", ""Sensor_flag"": 1, ""TempC_DS18B20"": 32.76}"
2025-09-20 22:50:18.868892209+00:00,dds75-lb-10,2,-35,10.0,"{""Bat"": 3.357, ""Distance_mm"": 723, ""Interrupt_flag"": 0, ""Node_type"": ""DDS75-LB"", ""Sensor_flag"": 1, ""TempC_DS18B20"": 32.76}"
2025-09-20 22:51:18.868068994+00:00,dds75-lb-10,2,-35,10.0,"{""Bat"": 3.357, ""Distance_mm"": 723, ""Interrupt_flag"": 0, ""Node_type"": ""DDS75-LB"", ""Sensor_flag"": 1, ""TempC_DS18B20"": 32.76}"
2025-09-20 22:52:18.868345228+00:00,dds75-lb-10,2,-38,10.0,"{""Bat"": 3.357, ""Distance_mm"": 723, ""Interrupt_flag"": 0, ""Node_type"": ""DDS75-LB"", ""Sensor_flag"": 1, ""TempC_DS18B20"": 32.76}"
2025-09-20 22:53:18.849650636+00:00,dds75-lb-10,2,-37,7.75,"{""Bat"": 3.357, ""Distance_mm"": 723, ""Interrupt_flag"": 0, ""Node_type"": ""DDS75-LB"", ""Sensor_flag"": 1, ""TempC_DS18B20"": 32.76}"
2025-09-20 22:54:18.825855312+00:00,dds75-lb-10,2,-37,10.5,"{""Bat"": 3.357, ""Distance_mm"": 723, ""Interrupt_flag"": 0, ""Node_type"": ""DDS75-LB"", ""Sensor_flag"": 1, ""TempC_DS18B20"": 32.76}"
2025-09-20 22:55:18.816006672+00:00,dds75-lb-10,2,-38,9.5,"{""Bat"": 3.357, ""Distance_mm"": 723, ""Interrupt_flag"": 0, ""Node_type"": ""DDS75-LB"", ""Sensor_flag"": 1, ""TempC_DS18B20"": 32.76}"
2025-09-20 22:56:18.797984954+00:00,dds75-lb-10,2,-35,10.75,"{""Bat"": 3.357, ""Distance_mm"": 723, ""Interrupt_flag"": 0, ""Node_type"": ""DDS75-LB"", ""Sensor_flag"": 1, ""TempC_DS18B20"": 32.76}"
2025-09-20 22:57:18.795562029+00:00,dds75-lb-10,2,-38,9.25,"{""Bat"": 3.357, ""Distance_mm"": 723, ""Interrupt_flag"": 0, ""Node_type"": ""DDS75-LB"", ""Sensor_flag"": 1, ""TempC_DS18B20"": 32.76}"
2025-09-20 22:58:18.775612236+00:00,dds75-lb-10,2,-38,10.0,"{""Bat"": 3.357, ""Distance_mm"": 723, ""Interrupt_flag"": 0, ""Node_type"": ""DDS75-LB"", ""Sensor_flag"": 1, ""TempC_DS18B20"": 32.76}"
2025-09-20 22:59:18.794159977+00:00,dds75-lb-10,2,-116,0.5,"{""Bat"": 3.357, ""Distance_mm"": 723, ""Interrupt_flag"": 0, ""Node_type"": ""DDS75-LB"", ""Sensor_flag"": 1, ""TempC_DS18B20"": 32.76}"
2025-09-20 23:00:18.778013871+00:00,dds75-lb-10,2,-38,9.0,"{""Bat"": 3.357, ""Distance_mm"": 723, ""Interrupt_flag"": 0, ""Node_type"": ""DDS75-LB"", ""Sensor_flag"": 1, ""TempC_DS18B20"": 32.76}"
2025-09-20 23:01:18.745378844+00:00,dds75-lb-10,2,-37,9.5,"{""Bat"": 3.357, ""Distance_mm"": 723, ""Interrupt_flag"": 0, ""Node_type"": ""DDS75-LB"", ""Sensor_flag"": 1, ""TempC_DS18B20"": 32.76}"
2025-09-20 23:02:18.749923638+00:00,dds75-lb-10,2,-35,8.25,"{""Bat"": 3.357, ""Distance_mm"": 723, ""Interrupt_flag"": 0, ""Node_type"": ""DDS75-LB"", ""Sensor_flag"": 1, ""TempC_DS18B20"": 32.76}"
2025-09-20 23:03:18.728794426+00:00,dds75-lb-10,2,-34,8.75,"{""Bat"": 3.357, ""Distance_mm"": 723, ""Interrupt_flag"": 0, ""Node_type"": ""DDS75-LB"", ""Sensor_flag"": 1, ""TempC_DS18B20"": 32.76}"
2025-09-20 23:04:18.718414575+00:00,dds75-lb-10,2,-37,10.25,"{""Bat"": 3.357, ""Distance_mm"": 723, ""Interrupt_flag"": 0, ""Node_type"": ""DDS75-LB"", ""Sensor_flag"": 1, ""TempC_DS18B20"": 32.76}"
2025-09-20 23:05:18.705712821+00:00,dds75-lb-10,2,-34,9.5,"{""Bat"": 3.357, ""Distance_mm"": 723, ""Interrupt_flag"": 0, ""Node_type"": ""DDS75-LB"", ""Sensor_flag"": 1, ""TempC_DS18B20"": 32.76}"
2025-09-20 23:06:18.695241863+00:00,dds75-lb-10,2,-36,9.0,"{""Bat"": 3.357, ""Distance_mm"": 723, ""Interrupt_flag"": 0, ""Node_type"": ""DDS75-LB"", ""Sensor_flag"": 1, ""TempC_DS18B20"": 32.76}"
2025-09-20 23:07:18.679083727+00:00,dds75-lb-10,2,-36,9.5,"{""Bat"": 3.357, ""Distance_mm"": 723, ""Interrupt_flag"": 0, ""Node_type"": ""DDS75-LB"", ""Sensor_flag"": 1, ""TempC_DS18B20"": 32.76}"
2025-09-20 23:08:18.655792167+00:00,dds75-lb-10,2,-39,10.5,"{""Bat"": 3.357, ""Distance_mm"": 723, ""Interrupt_flag"": 0, ""Node_type"": ""DDS75-LB"", ""Sensor_flag"": 1, ""TempC_DS18B20"": 32.76}"
2025-09-20 23:09:18.667511469+00:00,dds75-lb-10,2,-37,9.75,"{""Bat"": 3.357, ""Distance_mm"": 723, ""Interrupt_flag"": 0, ""Node_type"": ""DDS75-LB"", ""Sensor_flag"": 1, ""TempC_DS18B20"": 32.76}"
2025-09-20 23:10:18.658712886+00:00,dds75-lb-10,2,-35,7.0,"{""Bat"": 3.357, ""Distance_mm"": 723, ""Interrupt_flag"": 0, ""Node_type"": ""DDS75-LB"", ""Sensor_flag"": 1, ""TempC_DS18B20"": 32.76}"
2025-09-20 23:11:18.649532223+00:00,dds75-lb-10,2,-34,8.25,"{""Bat"": 3.357, ""Distance_mm"": 723, ""Interrupt_flag"": 0, ""Node_type"": ""DDS75-LB"", ""Sensor_flag"": 1, ""TempC_DS18B20"": 32.76}"
2025-09-20 23:12:18.629341654+00:00,dds75-lb-10,2,-114,2.0,"{""Bat"": 3.357, ""Distance_mm"": 723, ""Interrupt_flag"": 0, ""Node_type"": ""DDS75-LB"", ""Sensor_flag"": 1, ""TempC_DS18B20"": 32.76}"
2025-09-20 23:13:18.629046872+00:00,dds75-lb-10,2,-38,9.25,"{""Bat"": 3.357, ""Distance_mm"": 723, ""Interrupt_flag"": 0, ""Node_type"": ""DDS75-LB"", ""Sensor_flag"": 1, ""TempC_DS18B20"": 32.76}"
2025-09-20 23:14:18.627303078+00:00,dds75-lb-10,2,-36,7.5,"{""Bat"": 3.357, ""Distance_mm"": 723, ""Interrupt_flag"": 0, ""Node_type"": ""DDS75-LB"", ""Sensor_flag"": 1, ""TempC_DS18B20"": 32.76}"
2025-09-20 23:15:18.599680571+00:00,dds75-lb-10,2,-37,9.75,"{""Bat"": 3.357, ""Distance_mm"": 723, ""Interrupt_flag"": 0, ""Node_type"": ""DDS75-LB"", ""Sensor_flag"": 1, ""TempC_DS18B20"": 32.76}"
2025-09-20 23:16:18.599234502+00:00,dds75-lb-10,2,-38,8.25,"{""Bat"": 3.357, ""Distance_mm"": 723, ""Interrupt_flag"": 0, ""Node_type"": ""DDS75-LB"", ""Sensor_flag"": 1, ""TempC_DS18B20"": 32.76}"
2025-09-20 23:17:18.579082026+00:00,dds75-lb-10,2,-33,7.25,"{""Bat"": 3.357, ""Distance_mm"": 723, ""Interrupt_flag"": 0, ""Node_type"": ""DDS75-LB"", ""Sensor_flag"": 1, ""TempC_DS18B20"": 32.76}"
2025-09-20 23:18:18.559770311+00:00,dds75-lb-10,2,-35,9.5,"{""Bat"": 3.357, ""Distance_mm"": 723, ""Interrupt_flag"": 0, ""Node_type"": ""DDS75-LB"", ""Sensor_flag"": 1, ""TempC_DS18B20"": 32.76}"
2025-09-20 23:19:18.557889459+00:00,dds75-lb-10,2,-38,8.75,"{""Bat"": 3.357, ""Distance_mm"": 723, ""Interrupt_flag"": 0, ""Node_type"": ""DDS75-LB"", ""Sensor_flag"": 1, ""TempC_DS18B20"": 32.76}"
2025-09-20 23:20:18.569944668+00:00,dds75-lb-10,2,-35,9.75,"{""Bat"": 3.357, ""Distance_mm"": 723, ""Interrupt_flag"": 0, ""Node_type"": ""DDS75-LB"", ""Sensor_flag"": 1, ""TempC_DS18B20"": 32.76}"
2025-09-20 23:21:18.550372043+00:00,dds75-lb-10,2,-36,10.0,"{""Bat"": 3.357, ""Distance_mm"": 723, ""Interrupt_flag"": 0, ""Node_type"": ""DDS75-LB"", ""Sensor_flag"": 1, ""TempC_DS18B20"": 32.76}"
2025-09-20 23:22:18.516959646+00:00,dds75-lb-10,2,-35,9.75,"{""Bat"": 3.357, ""Distance_mm"": 723, ""Interrupt_flag"": 0, ""Node_type"": ""DDS75-LB"", ""Sensor_flag"": 1, ""TempC_DS18B20"": 32.76}"
2025-09-20 23:23:18.506955332+00:00,dds75-lb-10,2,-37,9.75,"{""Bat"": 3.357, ""Distance_mm"": 723, ""Interrupt_flag"": 0, ""Node_type"": ""DDS75-LB"", ""Sensor_flag"": 1, ""TempC_DS18B20"": 32.76}"
2025-09-20 23:24:18.501490135+00:00,dds75-lb-10,2,-115,1.0,"{""Bat"": 3.357, ""Distance_mm"": 723, ""Interrupt_flag"": 0, ""Node_type"": ""DDS75-LB"", ""Sensor_flag"": 1, ""TempC_DS18B20"": 32.76}"
2025-09-20 23:25:18.497771195+00:00,dds75-lb-10,2,-35,8.75,"{""Bat"": 3.357, ""Distance_mm"": 723, ""Interrupt_flag"": 0, ""Node_type"": ""DDS75-LB"", ""Sensor_flag"": 1, ""TempC_DS18B20"": 32.76}"
2025-09-20 23:26:18.490030937+00:00,dds75-lb-10,2,-35,9.0,"{""Bat"": 3.357, ""Distance_mm"": 723, ""Interrupt_flag"": 0, ""Node_type"": ""DDS75-LB"", ""Sensor_flag"": 1, ""TempC_DS18B20"": 32.76}"
2025-09-20 23:27:18.479166900+00:00,dds75-lb-10,2,-35,7.5,"{""Bat"": 3.357, ""Distance_mm"": 723, ""Interrupt_flag"": 0, ""Node_type"": ""DDS75-LB"", ""Sensor_flag"": 1, ""TempC_DS18B20"": 32.76}"
2025-09-20 23:28:18.447011876+00:00,dds75-lb-10,2,-37,10.0,"{""Bat"": 3.357, ""Distance_mm"": 723, ""Interrupt_flag"": 0, ""Node_type"": ""DDS75-LB"", ""Sensor_flag"": 1, ""TempC_DS18B20"": 32.76}"
2025-09-20 23:29:18.445777064+00:00,dds75-lb-10,2,-38,9.75,"{""Bat"": 3.357, ""Distance_mm"": 723, ""Interrupt_flag"": 0, ""Node_type"": ""DDS75-LB"", ""Sensor_flag"": 1, ""TempC_DS18B20"": 32.76}"
2025-09-20 23:30:18.459195671+00:00,dds75-lb-10,2,-115,0.5,"{""Bat"": 3.357, ""Distance_mm"": 723, ""Interrupt_flag"": 0, ""Node_type"": ""DDS75-LB"", ""Sensor_flag"": 1, ""TempC_DS18B20"": 32.76}"
2025-09-20 23:31:18.427296998+00:00,dds75-lb-10,2,-113,-3.0,"{""Bat"": 3.357, ""Distance_mm"": 723, ""Interrupt_flag"": 0, ""Node_type"": ""DDS75-LB"", ""Sensor_flag"": 1, ""TempC_DS18B20"": 32.76}"
2025-09-20 23:32:18.413874595+00:00,dds75-lb-10,2,-38,9.5,"{""Bat"": 3.357, ""Distance_mm"": 723, ""Interrupt_flag"": 0, ""Node_type"": ""DDS75-LB"", ""Sensor_flag"": 1, ""TempC_DS18B20"": 32.76}"
2025-09-20 23:33:18.415046343+00:00,dds75-lb-10,2,-35,7.75,"{""Bat"": 3.357, ""Distance_mm"": 723, ""Interrupt_flag"": 0, ""Node_type"": ""DDS75-LB"", ""Sensor_flag"": 1, ""TempC_DS18B20"": 32.76}"
2025-09-20 23:34:18.411962181+00:00,dds75-lb-10,2,-35,7.5,"{""Bat"": 3.357, ""Distance_mm"": 723, ""Interrupt_flag"": 0, ""Node_type"": ""DDS75-LB"", ""Sensor_flag"": 1, ""TempC_DS18B20"": 32.76}"
2025-09-20 23:35:18.398253446+00:00,dds75-lb-10,2,-116,0.5,"{""Bat"": 3.357, ""Distance_mm"": 723, ""Interrupt_flag"": 0, ""Node_type"": ""DDS75-LB"", ""Sensor_flag"": 1, ""TempC_DS18B20"": 32.76}"
2025-09-20 23:36:18.387175111+00:00,dds75-lb-10,2,-116,0.25,"{""Bat"": 3.357, ""Distance_mm"": 723, ""Interrupt_flag"": 0, ""Node_type"": ""DDS75-LB"", ""Sensor_flag"": 1, ""TempC_DS18B20"": 32.76}"
2025-09-20 23:37:18.376979773+00:00,dds75-lb-10,2,-116,-0.5,"{""Bat"": 3.357, ""Distance_mm"": 723, ""Interrupt_flag"": 0, ""Node_type"": ""DDS75-LB"", ""Sensor_flag"": 1, ""TempC_DS18B20"": 32.76}"
2025-09-20 23:38:18.404715596+00:00,dds75-lb-10,2,-37,7.75,"{""Bat"": 3.357, ""Distance_mm"": 723, ""Interrupt_flag"": 0, ""Node_type"": ""DDS75-LB"", ""Sensor_flag"": 1, ""TempC_DS18B20"": 32.76}"
2025-09-20 23:39:18.335726746+00:00,dds75-lb-10,2,-112,3.5,"{""Bat"": 3.357, ""Distance_mm"": 723, ""Interrupt_flag"": 0, ""Node_type"": ""DDS75-LB"", ""Sensor_flag"": 1, ""TempC_DS18B20"": 32.76}"
2025-09-20 23:40:18.336939411+00:00,dds75-lb-10,2,-37,9.25,"{""Bat"": 3.357, ""Distance_mm"": 723, ""Interrupt_flag"": 0, ""Node_type"": ""DDS75-LB"", ""Sensor_flag"": 1, ""TempC_DS18B20"": 32.76}"
2025-09-20 23:41:18.323196576+00:00,dds75-lb-10,2,-33,9.25,"{""Bat"": 3.357, ""Distance_mm"": 723, ""Interrupt_flag"": 0, ""Node_type"": ""DDS75-LB"", ""Sensor_flag"": 1, ""TempC_DS18B20"": 32.76}"
2025-09-20 23:42:18.310702289+00:00,dds75-lb-10,2,-113,2.75,"{""Bat"": 3.357, ""Distance_mm"": 723, ""Interrupt_flag"": 0, ""Node_type"": ""DDS75-LB"", ""Sensor_flag"": 1, ""TempC_DS18B20"": 32.76}"
2025-09-20 23:43:18.293171669+00:00,dds75-lb-10,2,-35,8.25,"{""Bat"": 3.357, ""Distance_mm"": 723, ""Interrupt_flag"": 0, ""Node_type"": ""DDS75-LB"", ""Sensor_flag"": 1, ""TempC_DS18B20"": 32.76}"
2025-09-20 23:44:18.306859445+00:00,dds75-lb-10,2,-37,9.25,"{""Bat"": 3.357, ""Distance_mm"": 723, ""Interrupt_flag"": 0, ""Node_type"": ""DDS75-LB"", ""Sensor_flag"": 1, ""TempC_DS18B20"": 32.76}"
2025-09-20 23:45:18.287611728+00:00,dds75-lb-10,2,-36,10.0,"{""Bat"": 3.357, ""Distance_mm"": 723, ""Interrupt_flag"": 0, ""Node_type"": ""DDS75-LB"", ""Sensor_flag"": 1, ""TempC_DS18B20"": 32.76}"
2025-09-20 23:46:18.255477290+00:00,dds75-lb-10,2,-36,9.75,"{""Bat"": 3.357, ""Distance_mm"": 723, ""Interrupt_flag"": 0, ""Node_type"": ""DDS75-LB"", ""Sensor_flag"": 1, ""TempC_DS18B20"": 32.76}"
2025-09-20 23:47:18.243198858+00:00,dds75-lb-10,2,-113,2.5,"{""Bat"": 3.357, ""Distance_mm"": 723, ""Interrupt_flag"": 0, ""Node_type"": ""DDS75-LB"", ""Sensor_flag"": 1, ""TempC_DS18B20"": 32.76}"
2025-09-20 23:48:18.240231674+00:00,dds75-lb-10,2,-114,2.25,"{""Bat"": 3.357, ""Distance_mm"": 723, ""Interrupt_flag"": 0, ""Node_type"": ""DDS75-LB"", ""Sensor_flag"": 1, ""TempC_DS18B20"": 32.76}"
2025-09-20 23:49:18.242719669+00:00,dds75-lb-10,2,-115,0.25,"{""Bat"": 3.357, ""Distance_mm"": 723, ""Interrupt_flag"": 0, ""Node_type"": ""DDS75-LB"", ""Sensor_flag"": 1, ""TempC_DS18B20"": 32.76}"
2025-09-20 23:50:18.225481476+00:00,dds75-lb-10,2,-113,2.75,"{""Bat"": 3.357, ""Distance_mm"": 723, ""Interrupt_flag"": 0, ""Node_type"": ""DDS75-LB"", ""Sensor_flag"": 1, ""TempC_DS18B20"": 32.76}"
2025-09-20 23:51:18.206924172+00:00,dds75-lb-10,2,-38,10.25,"{""Bat"": 3.357, ""Distance_mm"": 723, ""Interrupt_flag"": 0, ""Node_type"": ""DDS75-LB"", ""Sensor_flag"": 1, ""TempC_DS18B20"": 32.76}"
2025-09-20 23:52:18.175707873+00:00,dds75-lb-10,2,-33,9.5,"{""Bat"": 3.357, ""Distance_mm"": 723, ""Interrupt_flag"": 0, ""Node_type"": ""DDS75-LB"", ""Sensor_flag"": 1, ""TempC_DS18B20"": 32.76}"
2025-09-20 23:53:18.205999961+00:00,dds75-lb-10,2,-39,9.5,"{""Bat"": 3.357, ""Distance_mm"": 723, ""Interrupt_flag"": 0, ""Node_type"": ""DDS75-LB"", ""Sensor_flag"": 1, ""TempC_DS18B20"": 32.76}"
2025-09-20 23:54:18.175733405+00:00,dds75-lb-10,2,-38,10.75,"{""Bat"": 3.357, ""Distance_mm"": 723, ""Interrupt_flag"": 0, ""Node_type"": ""DDS75-LB"", ""Sensor_flag"": 1, ""TempC_DS18B20"": 32.76}"
2025-09-20 23:55:18.183165051+00:00,dds75-lb-10,2,-35,9.0,"{""Bat"": 3.357, ""Distance_mm"": 723, ""Interrupt_flag"": 0, ""Node_type"": ""DDS75-LB"", ""Sensor_flag"": 1, ""TempC_DS18B20"": 32.76}"
2025-09-20 23:56:18.163473477+00:00,dds75-lb-10,2,-118,-4.75,"{""Bat"": 3.357, ""Distance_mm"": 723, ""Interrupt_flag"": 0, ""Node_type"": ""DDS75-LB"", ""Sensor_flag"": 1, ""TempC_DS18B20"": 32.76}"
2025-09-20 23:57:18.143545888+00:00,dds75-lb-10,2,-37,7.75,"{""Bat"": 3.357, ""Distance_mm"": 723, ""Interrupt_flag"": 0, ""Node_type"": ""DDS75-LB"", ""Sensor_flag"": 1, ""TempC_DS18B20"": 32.76}"
2025-09-20 23:58:18.144286556+00:00,dds75-lb-10,2,-113,2.5,"{""Bat"": 3.357, ""Distance_mm"": 723, ""Interrupt_flag"": 0, ""Node_type"": ""DDS75-LB"", ""Sensor_flag"": 1, ""TempC_DS18B20"": 32.76}"
2025-09-20 23:59:18.102593808+00:00,dds75-lb-10,2,-36,9.5,"{""Bat"": 3.357, ""Distance_mm"": 723, ""Interrupt_flag"": 0, ""Node_type"": ""DDS75-LB"", ""Sensor_flag"": 1, ""TempC_DS18B20"": 32.76}"
2025-09-21 00:00:18.105895202+00:00,dds75-lb-10,2,-37,10.25,"{""Bat"": 3.357, ""Distance_mm"": 723, ""Interrupt_flag"": 0, ""Node_type"": ""DDS75-LB"", ""Sensor_flag"": 1, ""TempC_DS18B20"": 32.76}"
2025-09-21 00:01:18.096325494+00:00,dds75-lb-10,2,-37,9.5,"{""Bat"": 3.357, ""Distance_mm"": 723, ""Interrupt_flag"": 0, ""Node_type"": ""DDS75-LB"", ""Sensor_flag"": 1, ""TempC_DS18B20"": 32.76}"
2025-09-21 00:02:18.084270972+00:00,dds75-lb-10,2,-38,9.75,"{""Bat"": 3.357, ""Distance_mm"": 723, ""Interrupt_flag"": 0, ""Node_type"": ""DDS75-LB"", ""Sensor_flag"": 1, ""TempC_DS18B20"": 32.76}"
2025-09-21 00:03:18.066741697+00:00,dds75-lb-10,2,-112,3.0,"{""Bat"": 3.357, ""Distance_mm"": 723, ""Interrupt_flag"": 0, ""Node_type"": ""DDS75-LB"", ""Sensor_flag"": 1, ""TempC_DS18B20"": 32.76}"
2025-09-21 00:04:18.071251060+00:00,dds75-lb-10,2,-115,-3.25,"{""Bat"": 3.357, ""Distance_mm"": 723, ""Interrupt_flag"": 0, ""Node_type"": ""DDS75-LB"", ""Sensor_flag"": 1, ""TempC_DS18B20"": 32.76}"
2025-09-21 00:05:18.051804514+00:00,dds75-lb-10,2,-114,1.5,"{""Bat"": 3.357, ""Distance_mm"": 723, ""Interrupt_flag"": 0, ""Node_type"": ""DDS75-LB"", ""Sensor_flag"": 1, ""TempC_DS18B20"": 32.76}"
2025-09-21 00:06:18.072011001+00:00,dds75-lb-10,2,-35,8.0,"{""Bat"": 3.357, ""Distance_mm"": 723, ""Interrupt_flag"": 0, ""Node_type"": ""DDS75-LB"", ""Sensor_flag"": 1, ""TempC_DS18B20"": 32.76}"
2025-09-21 00:07:18.031504158+00:00,dds75-lb-10,2,-37,9.25,"{""Bat"": 3.357, ""Distance_mm"": 723, ""Interrupt_flag"": 0, ""Node_type"": ""DDS75-LB"", ""Sensor_flag"": 1, ""TempC_DS18B20"": 32.76}"
2025-09-21 00:08:18.011141441+00:00,dds75-lb-10,2,-35,8.5,"{""Bat"": 3.357, ""Distance_mm"": 723, ""Interrupt_flag"": 0, ""Node_type"": ""DDS75-LB"", ""Sensor_flag"": 1, ""TempC_DS18B20"": 32.76}"
2025-09-21 00:09:18.024070209+00:00,dds75-lb-10,2,-116,-1.0,"{""Bat"": 3.357, ""Distance_mm"": 723, ""Interrupt_flag"": 0, ""Node_type"": ""DDS75-LB"", ""Sensor_flag"": 1, ""TempC_DS18B20"": 32.76}"
2025-09-21 00:10:18.006355880+00:00,dds75-lb-10,2,-36,8.25,"{""Bat"": 3.357, ""Distance_mm"": 723, ""Interrupt_flag"": 0, ""Node_type"": ""DDS75-LB"", ""Sensor_flag"": 1, ""TempC_DS18B20"": 32.76}"
2025-09-21 00:11:17.988793819+00:00,dds75-lb-10,2,-118,-2.5,"{""Bat"": 3.357, ""Distance_mm"": 723, ""Interrupt_flag"": 0, ""Node_type"": ""DDS75-LB"", ""Sensor_flag"": 1, ""TempC_DS18B20"": 32.76}"
2025-09-21 00:12:17.971790305+00:00,dds75-lb-10,2,-35,9.25,"{""Bat"": 3.357, ""Distance_mm"": 723, ""Interrupt_flag"": 0, ""Node_type"": ""DDS75-LB"", ""Sensor_flag"": 1, ""TempC_DS18B20"": 32.76}"
2025-09-21 00:13:17.974057024+00:00,dds75-lb-10,2,-35,9.0,"{""Bat"": 3.357, ""Distance_mm"": 723, ""Interrupt_flag"": 0, ""Node_type"": ""DDS75-LB"", ""Sensor_flag"": 1, ""TempC_DS18B20"": 32.76}"
2025-09-21 00:14:17.954850536+00:00,dds75-lb-10,2,-35,7.5,"{""Bat"": 3.357, ""Distance_mm"": 723, ""Interrupt_flag"": 0, ""Node_type"": ""DDS75-LB"", ""Sensor_flag"": 1, ""TempC_DS18B20"": 32.76}"
2025-09-21 00:15:17.943735516+00:00,dds75-lb-10,2,-37,7.75,"{""Bat"": 3.357, ""Distance_mm"": 723, ""Interrupt_flag"": 0, ""Node_type"": ""DDS75-LB"", ""Sensor_flag"": 1, ""TempC_DS18B20"": 32.76}"
2025-09-21 00:16:17.939149403+00:00,dds75-lb-10,2,-37,9.25,"{""Bat"": 3.357, ""Distance_mm"": 723, ""Interrupt_flag"": 0, ""Node_type"": ""DDS75-LB"", ""Sensor_flag"": 1, ""TempC_DS18B20"": 32.76}"
2025-09-21 00:17:17.924066446+00:00,dds75-lb-10,2,-38,9.5,"{""Bat"": 3.357, ""Distance_mm"": 723, ""Interrupt_flag"": 0, ""Node_type"": ""DDS75-LB"", ""Sensor_flag"": 1, ""TempC_DS18B20"": 32.76}"
2025-09-21 00:18:17.917064044+00:00,dds75-lb-10,2,-37,7.5,"{""Bat"": 3.357, ""Distance_mm"": 723, ""Interrupt_flag"": 0, ""Node_type"": ""DDS75-LB"", ""Sensor_flag"": 1, ""TempC_DS18B20"": 32.76}"
2025-09-21 00:19:17.898080836+00:00,dds75-lb-10,2,-33,9.25,"{""Bat"": 3.357, ""Distance_mm"": 723, ""Interrupt_flag"": 0, ""Node_type"": ""DDS75-LB"", ""Sensor_flag"": 1, ""TempC_DS18B20"": 32.76}"
2025-09-21 00:20:17.886643828+00:00,dds75-lb-10,2,-37,8.75,"{""Bat"": 3.357, ""Distance_mm"": 723, ""Interrupt_flag"": 0, ""Node_type"": ""DDS75-LB"", ""Sensor_flag"": 1, ""TempC_DS18B20"": 32.76}"
2025-09-21 00:21:17.900000872+00:00,dds75-lb-10,2,-33,7.5,"{""Bat"": 3.357, ""Distance_mm"": 723, ""Interrupt_flag"": 0, ""Node_type"": ""DDS75-LB"", ""Sensor_flag"": 1, ""TempC_DS18B20"": 32.76}"
2025-09-21 00:22:17.881073872+00:00,dds75-lb-10,2,-33,7.5,"{""Bat"": 3.357, ""Distance_mm"": 723, ""Interrupt_flag"": 0, ""Node_type"": ""DDS75-LB"", ""Sensor_flag"": 1, ""TempC_DS18B20"": 32.76}"
2025-09-21 00:23:17.879943540+00:00,dds75-lb-10,2,-38,10.0,"{""Bat"": 3.357, ""Distance_mm"": 723, ""Interrupt_flag"": 0, ""Node_type"": ""DDS75-LB"", ""Sensor_flag"": 1, ""TempC_DS18B20"": 32.76}"
2025-09-21 00:24:17.879314029+00:00,dds75-lb-10,2,-37,10.25,"{""Bat"": 3.357, ""Distance_mm"": 723, ""Interrupt_flag"": 0, ""Node_type"": ""DDS75-LB"", ""Sensor_flag"": 1, ""TempC_DS18B20"": 32.76}"
2025-09-21 00:25:17.838816611+00:00,dds75-lb-10,2,-37,11.0,"{""Bat"": 3.357, ""Distance_mm"": 723, ""Interrupt_flag"": 0, ""Node_type"": ""DDS75-LB"", ""Sensor_flag"": 1, ""TempC_DS18B20"": 32.76}"
2025-09-21 00:26:17.829308125+00:00,dds75-lb-10,2,-37,7.25,"{""Bat"": 3.357, ""Distance_mm"": 723, ""Interrupt_flag"": 0, ""Node_type"": ""DDS75-LB"", ""Sensor_flag"": 1, ""TempC_DS18B20"": 32.76}"
2025-09-21 00:27:17.828951236+00:00,dds75-lb-10,2,-36,9.5,"{""Bat"": 3.357, ""Distance_mm"": 723, ""Interrupt_flag"": 0, ""Node_type"": ""DDS75-LB"", ""Sensor_flag"": 1, ""TempC_DS18B20"": 32.76}"
2025-09-21 00:28:17.806961157+00:00,dds75-lb-10,2,-39,9.5,"{""Bat"": 3.357, ""Distance_mm"": 723, ""Interrupt_flag"": 0, ""Node_type"": ""DDS75-LB"", ""Sensor_flag"": 1, ""TempC_DS18B20"": 32.76}"
2025-09-21 00:29:17.806837525+00:00,dds75-lb-10,2,-35,8.0,"{""Bat"": 3.357, ""Distance_mm"": 723, ""Interrupt_flag"": 0, ""Node_type"": ""DDS75-LB"", ""Sensor_flag"": 1, ""TempC_DS18B20"": 32.76}"
2025-09-21 00:30:17.798636496+00:00,dds75-lb-10,2,-35,7.5,"{""Bat"": 3.357, ""Distance_mm"": 723, ""Interrupt_flag"": 0, ""Node_type"": ""DDS75-LB"", ""Sensor_flag"": 1, ""TempC_DS18B20"": 32.76}"
2025-09-21 00:31:17.779764406+00:00,dds75-lb-10,2,-35,8.25,"{""Bat"": 3.357, ""Distance_mm"": 723, ""Interrupt_flag"": 0, ""Node_type"": ""DDS75-LB"", ""Sensor_flag"": 1, ""TempC_DS18B20"": 32.76}"
2025-09-21 00:32:17.757251155+00:00,dds75-lb-10,2,-35,9.0,"{""Bat"": 3.357, ""Distance_mm"": 723, ""Interrupt_flag"": 0, ""Node_type"": ""DDS75-LB"", ""Sensor_flag"": 1, ""TempC_DS18B20"": 32.76}"
2025-09-21 00:33:17.758593346+00:00,dds75-lb-10,2,-38,10.5,"{""Bat"": 3.357, ""Distance_mm"": 723, ""Interrupt_flag"": 0, ""Node_type"": ""DDS75-LB"", ""Sensor_flag"": 1, ""TempC_DS18B20"": 32.76}"
2025-09-21 00:34:17.759722951+00:00,dds75-lb-10,2,-37,7.25,"{""Bat"": 3.357, ""Distance_mm"": 723, ""Interrupt_flag"": 0, ""Node_type"": ""DDS75-LB"", ""Sensor_flag"": 1, ""TempC_DS18B20"": 32.76}"
2025-09-21 00:35:17.749335230+00:00,dds75-lb-10,2,-119,-3.75,"{""Bat"": 3.357, ""Distance_mm"": 723, ""Interrupt_flag"": 0, ""Node_type"": ""DDS75-LB"", ""Sensor_flag"": 1, ""TempC_DS18B20"": 32.76}"
2025-09-21 00:36:17.736732319+00:00,dds75-lb-10,2,-38,9.25,"{""Bat"": 3.357, ""Distance_mm"": 723, ""Interrupt_flag"": 0, ""Node_type"": ""DDS75-LB"", ""Sensor_flag"": 1, ""TempC_DS18B20"": 32.76}"
2025-09-21 00:37:17.714151523+00:00,dds75-lb-10,2,-33,10.0,"{""Bat"": 3.357, ""Distance_mm"": 723, ""Interrupt_flag"": 0, ""Node_type"": ""DDS75-LB"", ""Sensor_flag"": 1, ""TempC_DS18B20"": 32.76}"
2025-09-21 00:38:17.706343800+00:00,dds75-lb-10,2,-33,6.75,"{""Bat"": 3.357, ""Distance_mm"": 723, ""Interrupt_flag"": 0, ""Node_type"": ""DDS75-LB"", ""Sensor_flag"": 1, ""TempC_DS18B20"": 32.76}"
2025-09-21 00:39:17.704888864+00:00,dds75-lb-10,2,-37,7.0,"{""Bat"": 3.357, ""Distance_mm"": 723, ""Interrupt_flag"": 0, ""Node_type"": ""DDS75-LB"", ""Sensor_flag"": 1, ""TempC_DS18B20"": 32.76}"
2025-09-21 00:40:17.686327105+00:00,dds75-lb-10,2,-38,9.25,"{""Bat"": 3.357, ""Distance_mm"": 723, ""Interrupt_flag"": 0, ""Node_type"": ""DDS75-LB"", ""Sensor_flag"": 1, ""TempC_DS18B20"": 32.76}"
2025-09-21 00:41:17.674629129+00:00,dds75-lb-10,2,-37,9.25,"{""Bat"": 3.357, ""Distance_mm"": 723, ""Interrupt_flag"": 0, ""Node_type"": ""DDS75-LB"", ""Sensor_flag"": 1, ""TempC_DS18B20"": 32.76}"
2025-09-21 00:42:17.660419243+00:00,dds75-lb-10,2,-114,1.75,"{""Bat"": 3.357, ""Distance_mm"": 723, ""Interrupt_flag"": 0, ""Node_type"": ""DDS75-LB"", ""Sensor_flag"": 1, ""TempC_DS18B20"": 32.76}"
2025-09-21 00:43:17.647947259+00:00,dds75-lb-10,2,-112,3.0,"{""Bat"": 3.357, ""Distance_mm"": 723, ""Interrupt_flag"": 0, ""Node_type"": ""DDS75-LB"", ""Sensor_flag"": 1, ""TempC_DS18B20"": 32.76}"
2025-09-21 00:44:17.638226192+00:00,dds75-lb-10,2,-39,10.5,"{""Bat"": 3.357, ""Distance_mm"": 723, ""Interrupt_flag"": 0, ""Node_type"": ""DDS75-LB"", ""Sensor_flag"": 1, ""TempC_DS18B20"": 32.76}"
2025-09-21 00:45:17.635459682+00:00,dds75-lb-10,2,-35,7.75,"{""Bat"": 3.357, ""Distance_mm"": 723, ""Interrupt_flag"": 0, ""Node_type"": ""DDS75-LB"", ""Sensor_flag"": 1, ""TempC_DS18B20"": 32.76}"
2025-09-21 00:46:17.625007593+00:00,dds75-lb-10,2,-33,8.0,"{""Bat"": 3.357, ""Distance_mm"": 723, ""Interrupt_flag"": 0, ""Node_type"": ""DDS75-LB"", ""Sensor_flag"": 1, ""TempC_DS18B20"": 32.76}"
2025-09-21 00:47:17.617393538+00:00,dds75-lb-10,2,-37,6.75,"{""Bat"": 3.357, ""Distance_mm"": 723, ""Interrupt_flag"": 0, ""Node_type"": ""DDS75-LB"", ""Sensor_flag"": 1, ""TempC_DS18B20"": 32.76}"
2025-09-21 00:48:17.606865053+00:00,dds75-lb-10,2,-35,9.5,"{""Bat"": 3.357, ""Distance_mm"": 723, ""Interrupt_flag"": 0, ""Node_type"": ""DDS75-LB"", ""Sensor_flag"": 1, ""TempC_DS18B20"": 32.76}"
2025-09-21 00:49:17.570640371+00:00,dds75-lb-10,2,-116,-0.75,"{""Bat"": 3.357, ""Distance_mm"": 724, ""Interrupt_flag"": 0, ""Node_type"": ""DDS75-LB"", ""Sensor_flag"": 1, ""TempC_DS18B20"": 32.76}"
2025-09-21 00:50:17.609814565+00:00,dds75-lb-10,2,-35,7.5,"{""Bat"": 3.357, ""Distance_mm"": 724, ""Interrupt_flag"": 0, ""Node_type"": ""DDS75-LB"", ""Sensor_flag"": 1, ""TempC_DS18B20"": 32.76}"
2025-09-21 00:51:17.555899584+00:00,dds75-lb-10,2,-35,10.0,"{""Bat"": 3.357, ""Distance_mm"": 724, ""Interrupt_flag"": 0, ""Node_type"": ""DDS75-LB"", ""Sensor_flag"": 1, ""TempC_DS18B20"": 32.76}"
2025-09-21 00:52:17.547848551+00:00,dds75-lb-10,2,-35,8.75,"{""Bat"": 3.357, ""Distance_mm"": 724, ""Interrupt_flag"": 0, ""Node_type"": ""DDS75-LB"", ""Sensor_flag"": 1, ""TempC_DS18B20"": 32.76}"
2025-09-21 00:53:17.538198305+00:00,dds75-lb-10,2,-37,9.5,"{""Bat"": 3.357, ""Distance_mm"": 724, ""Interrupt_flag"": 0, ""Node_type"": ""DDS75-LB"", ""Sensor_flag"": 1, ""TempC_DS18B20"": 32.76}"
2025-09-21 00:54:17.530858349+00:00,dds75-lb-10,2,-35,8.75,"{""Bat"": 3.357, ""Distance_mm"": 724, ""Interrupt_flag"": 0, ""Node_type"": ""DDS75-LB"", ""Sensor_flag"": 1, ""TempC_DS18B20"": 32.76}"
2025-09-21 00:55:17.507938064+00:00,dds75-lb-10,2,-36,7.0,"{""Bat"": 3.357, ""Distance_mm"": 724, ""Interrupt_flag"": 0, ""Node_type"": ""DDS75-LB"", ""Sensor_flag"": 1, ""TempC_DS18B20"": 32.76}"
2025-09-21 00:56:17.508372028+00:00,dds75-lb-10,2,-35,9.0,"{""Bat"": 3.357, ""Distance_mm"": 724, ""Interrupt_flag"": 0, ""Node_type"": ""DDS75-LB"", ""Sensor_flag"": 1, ""TempC_DS18B20"": 32.76}"
2025-09-21 00:57:17.500436197+00:00,dds75-lb-10,2,-35,9.5,"{""Bat"": 3.357, ""Distance_mm"": 724, ""Interrupt_flag"": 0, ""Node_type"": ""DDS75-LB"", ""Sensor_flag"": 1, ""TempC_DS18B20"": 32.76}"
2025-09-21 00:58:17.495906544+00:00,dds75-lb-10,2,-36,8.0,"{""Bat"": 3.357, ""Distance_mm"": 724, ""Interrupt_flag"": 0, ""Node_type"": ""DDS75-LB"", ""Sensor_flag"": 1, ""TempC_DS18B20"": 32.76}"
2025-09-21 00:59:17.477727557+00:00,dds75-lb-10,2,-35,9.0,"{""Bat"": 3.357, ""Distance_mm"": 723, ""Interrupt_flag"": 0, ""Node_type"": ""DDS75-LB"", ""Sensor_flag"": 1, ""TempC_DS18B20"": 32.76}"
2025-09-21 01:00:17.457278280+00:00,dds75-lb-10,2,-37,9.75,"{""Bat"": 3.357, ""Distance_mm"": 724, ""Interrupt_flag"": 0, ""Node_type"": ""DDS75-LB"", ""Sensor_flag"": 1, ""TempC_DS18B20"": 32.76}"
2025-09-21 01:01:17.457103178+00:00,dds75-lb-10,2,-33,7.0,"{""Bat"": 3.357, ""Distance_mm"": 724, ""Interrupt_flag"": 0, ""Node_type"": ""DDS75-LB"", ""Sensor_flag"": 1, ""TempC_DS18B20"": 32.76}"
2025-09-21 01:02:17.439572561+00:00,dds75-lb-10,2,-35,9.25,"{""Bat"": 3.357, ""Distance_mm"": 724, ""Interrupt_flag"": 0, ""Node_type"": ""DDS75-LB"", ""Sensor_flag"": 1, ""TempC_DS18B20"": 32.76}"
2025-09-21 01:03:17.429311103+00:00,dds75-lb-10,2,-114,2.5,"{""Bat"": 3.357, ""Distance_mm"": 724, ""Interrupt_flag"": 0, ""Node_type"": ""DDS75-LB"", ""Sensor_flag"": 1, ""TempC_DS18B20"": 32.76}"
2025-09-21 01:04:17.417715430+00:00,dds75-lb-10,2,-33,8.5,"{""Bat"": 3.357, ""Distance_mm"": 724, ""Interrupt_flag"": 0, ""Node_type"": ""DDS75-LB"", ""Sensor_flag"": 1, ""TempC_DS18B20"": 32.76}"
2025-09-21 01:05:17.407566356+00:00,dds75-lb-10,2,-117,-3.0,"{""Bat"": 3.357, ""Distance_mm"": 724, ""Interrupt_flag"": 0, ""Node_type"": ""DDS75-LB"", ""Sensor_flag"": 1, ""TempC_DS18B20"": 32.76}"
2025-09-21 01:06:17.410323795+00:00,dds75-lb-10,2,-34,7.5,"{""Bat"": 3.357, ""Distance_mm"": 724, ""Interrupt_flag"": 0, ""Node_type"": ""DDS75-LB"", ""Sensor_flag"": 1, ""TempC_DS18B20"": 32.76}"
2025-09-21 01:07:17.387578847+00:00,dds75-lb-10,2,-114,2.0,"{""Bat"": 3.357, ""Distance_mm"": 724, ""Interrupt_flag"": 0, ""Node_type"": ""DDS75-LB"", ""Sensor_flag"": 1, ""TempC_DS18B20"": 32.76}"
2025-09-21 01:08:17.370191970+00:00,dds75-lb-10,2,-117,-1.25,"{""Bat"": 3.357, ""Distance_mm"": 724, ""Interrupt_flag"": 0, ""Node_type"": ""DDS75-LB"", ""Sensor_flag"": 1, ""TempC_DS18B20"": 32.76}"
2025-09-21 01:09:17.369096960+00:00,dds75-lb-10,2,-115,0.25,"{""Bat"": 3.357, ""Distance_mm"": 724, ""Interrupt_flag"": 0, ""Node_type"": ""DDS75-LB"", ""Sensor_flag"": 1, ""TempC_DS18B20"": 32.76}"
2025-09-21 01:10:17.369574956+00:00,dds75-lb-10,2,-113,2.0,"{""Bat"": 3.357, ""Distance_mm"": 724, ""Interrupt_flag"": 0, ""Node_type"": ""DDS75-LB"", ""Sensor_flag"": 1, ""TempC_DS18B20"": 32.76}"
2025-09-21 01:11:17.350565708+00:00,dds75-lb-10,2,-35,9.5,"{""Bat"": 3.357, ""Distance_mm"": 724, ""Interrupt_flag"": 0, ""Node_type"": ""DDS75-LB"", ""Sensor_flag"": 1, ""TempC_DS18B20"": 32.76}"
2025-09-21 01:12:17.349721760+00:00,dds75-lb-10,2,-116,1.0,"{""Bat"": 3.357, ""Distance_mm"": 724, ""Interrupt_flag"": 0, ""Node_type"": ""DDS75-LB"", ""Sensor_flag"": 1, ""TempC_DS18B20"": 32.76}"
2025-09-21 01:13:17.340361400+00:00,dds75-lb-10,2,-37,9.75,"{""Bat"": 3.357, ""Distance_mm"": 724, ""Interrupt_flag"": 0, ""Node_type"": ""DDS75-LB"", ""Sensor_flag"": 1, ""TempC_DS18B20"": 32.76}"
2025-09-21 01:14:17.319616866+00:00,dds75-lb-10,2,-36,9.25,"{""Bat"": 3.357, ""Distance_mm"": 724, ""Interrupt_flag"": 0, ""Node_type"": ""DDS75-LB"", ""Sensor_flag"": 1, ""TempC_DS18B20"": 32.76}"
2025-09-21 01:15:17.304237815+00:00,dds75-lb-10,2,-114,1.75,"{""Bat"": 3.357, ""Distance_mm"": 724, ""Interrupt_flag"": 0, ""Node_type"": ""DDS75-LB"", ""Sensor_flag"": 1, ""TempC_DS18B20"": 32.76}"
2025-09-21 01:16:17.301537039+00:00,dds75-lb-10,2,-37,10.0,"{""Bat"": 3.357, ""Distance_mm"": 724, ""Interrupt_flag"": 0, ""Node_type"": ""DDS75-LB"", ""Sensor_flag"": 1, ""TempC_DS18B20"": 32.76}"
2025-09-21 01:17:17.287251204+00:00,dds75-lb-10,2,-35,7.0,"{""Bat"": 3.357, ""Distance_mm"": 724, ""Interrupt_flag"": 0, ""Node_type"": ""DDS75-LB"", ""Sensor_flag"": 1, ""TempC_DS18B20"": 32.76}"
2025-09-21 01:18:17.268419409+00:00,dds75-lb-10,2,-33,8.25,"{""Bat"": 3.357, ""Distance_mm"": 724, ""Interrupt_flag"": 0, ""Node_type"": ""DDS75-LB"", ""Sensor_flag"": 1, ""TempC_DS18B20"": 32.76}"
2025-09-21 01:19:17.260563233+00:00,dds75-lb-10,2,-35,9.75,"{""Bat"": 3.357, ""Distance_mm"": 724, ""Interrupt_flag"": 0, ""Node_type"": ""DDS75-LB"", ""Sensor_flag"": 1, ""TempC_DS18B20"": 32.76}"
2025-09-21 01:20:17.246116957+00:00,dds75-lb-10,2,-115,1.5,"{""Bat"": 3.357, ""Distance_mm"": 724, ""Interrupt_flag"": 0, ""Node_type"": ""DDS75-LB"", ""Sensor_flag"": 1, ""TempC_DS18B20"": 32.76}"
2025-09-21 01:21:17.230116235+00:00,dds75-lb-10,2,-36,9.0,"{""Bat"": 3.357, ""Distance_mm"": 724, ""Interrupt_flag"": 0, ""Node_type"": ""DDS75-LB"", ""Sensor_flag"": 1, ""TempC_DS18B20"": 32.76}"
2025-09-21 01:22:17.242650788+00:00,dds75-lb-10,2,-37,9.0,"{""Bat"": 3.357, ""Distance_mm"": 724, ""Interrupt_flag"": 0, ""Node_type"": ""DDS75-LB"", ""Sensor_flag"": 1, ""TempC_DS18B20"": 32.76}"
2025-09-21 01:23:17.220276974+00:00,dds75-lb-10,2,-37,10.0,"{""Bat"": 3.357, ""Distance_mm"": 724, ""Interrupt_flag"": 0, ""Node_type"": ""DDS75-LB"", ""Sensor_flag"": 1, ""TempC_DS18B20"": 32.76}"
2025-09-21 01:24:17.219793273+00:00,dds75-lb-10,2,-36,9.25,"{""Bat"": 3.357, ""Distance_mm"": 724, ""Interrupt_flag"": 0, ""Node_type"": ""DDS75-LB"", ""Sensor_flag"": 1, ""TempC_DS18B20"": 32.76}"
2025-09-21 01:25:17.200303380+00:00,dds75-lb-10,2,-115,1.0,"{""Bat"": 3.357, ""Distance_mm"": 724, ""Interrupt_flag"": 0, ""Node_type"": ""DDS75-LB"", ""Sensor_flag"": 1, ""TempC_DS18B20"": 32.76}"
2025-09-21 01:26:17.190266499+00:00,dds75-lb-10,2,-35,9.0,"{""Bat"": 3.357, ""Distance_mm"": 724, ""Interrupt_flag"": 0, ""Node_type"": ""DDS75-LB"", ""Sensor_flag"": 1, ""TempC_DS18B20"": 32.76}"
2025-09-21 01:27:17.180148393+00:00,dds75-lb-10,2,-114,1.0,"{""Bat"": 3.357, ""Distance_mm"": 724, ""Interrupt_flag"": 0, ""Node_type"": ""DDS75-LB"", ""Sensor_flag"": 1, ""TempC_DS18B20"": 32.76}"
2025-09-21 01:28:17.181309603+00:00,dds75-lb-10,2,-114,1.75,"{""Bat"": 3.357, ""Distance_mm"": 724, ""Interrupt_flag"": 0, ""Node_type"": ""DDS75-LB"", ""Sensor_flag"": 1, ""TempC_DS18B20"": 32.76}"
2025-09-21 01:29:17.150359929+00:00,dds75-lb-10,2,-36,9.75,"{""Bat"": 3.357, ""Distance_mm"": 724, ""Interrupt_flag"": 0, ""Node_type"": ""DDS75-LB"", ""Sensor_flag"": 1, ""TempC_DS18B20"": 32.76}"
2025-09-21 01:30:17.157517574+00:00,dds75-lb-10,2,-38,9.25,"{""Bat"": 3.357, ""Distance_mm"": 724, ""Interrupt_flag"": 0, ""Node_type"": ""DDS75-LB"", ""Sensor_flag"": 1, ""TempC_DS18B20"": 32.76}"
2025-09-21 01:31:17.117630419+00:00,dds75-lb-10,2,-37,9.75,"{""Bat"": 3.357, ""Distance_mm"": 724, ""Interrupt_flag"": 0, ""Node_type"": ""DDS75-LB"", ""Sensor_flag"": 1, ""TempC_DS18B20"": 32.76}"
2025-09-21 01:32:17.107978103+00:00,dds75-lb-10,2,-37,10.25,"{""Bat"": 3.357, ""Distance_mm"": 724, ""Interrupt_flag"": 0, ""Node_type"": ""DDS75-LB"", ""Sensor_flag"": 1, ""TempC_DS18B20"": 32.76}"
2025-09-21 01:33:17.093425289+00:00,dds75-lb-10,2,-35,8.0,"{""Bat"": 3.357, ""Distance_mm"": 724, ""Interrupt_flag"": 0, ""Node_type"": ""DDS75-LB"", ""Sensor_flag"": 1, ""TempC_DS18B20"": 32.76}"
2025-09-21 01:34:17.097223910+00:00,dds75-lb-10,2,-113,2.25,"{""Bat"": 3.357, ""Distance_mm"": 724, ""Interrupt_flag"": 0, ""Node_type"": ""DDS75-LB"", ""Sensor_flag"": 1, ""TempC_DS18B20"": 32.76}"
2025-09-21 01:35:17.072212891+00:00,dds75-lb-10,2,-36,9.5,"{""Bat"": 3.357, ""Distance_mm"": 724, ""Interrupt_flag"": 0, ""Node_type"": ""DDS75-LB"", ""Sensor_flag"": 1, ""TempC_DS18B20"": 32.76}"
2025-09-21 01:36:17.068324234+00:00,dds75-lb-10,2,-35,10.0,"{""Bat"": 3.357, ""Distance_mm"": 724, ""Interrupt_flag"": 0, ""Node_type"": ""DDS75-LB"", ""Sensor_flag"": 1, ""TempC_DS18B20"": 32.76}"
2025-09-21 01:37:17.064229301+00:00,dds75-lb-10,2,-38,10.0,"{""Bat"": 3.357, ""Distance_mm"": 724, ""Interrupt_flag"": 0, ""Node_type"": ""DDS75-LB"", ""Sensor_flag"": 1, ""TempC_DS18B20"": 32.76}"
2025-09-21 01:38:17.057079500+00:00,dds75-lb-10,2,-37,10.5,"{""Bat"": 3.357, ""Distance_mm"": 724, ""Interrupt_flag"": 0, ""Node_type"": ""DDS75-LB"", ""Sensor_flag"": 1, ""TempC_DS18B20"": 32.76}"
2025-09-21 01:39:17.049518784+00:00,dds75-lb-10,2,-35,8.75,"{""Bat"": 3.357, ""Distance_mm"": 724, ""Interrupt_flag"": 0, ""Node_type"": ""DDS75-LB"", ""Sensor_flag"": 1, ""TempC_DS18B20"": 32.76}"
2025-09-21 01:40:17.029746215+00:00,dds75-lb-10,2,-37,9.75,"{""Bat"": 3.357, ""Distance_mm"": 724, ""Interrupt_flag"": 0, ""Node_type"": ""DDS75-LB"", ""Sensor_flag"": 1, ""TempC_DS18B20"": 32.76}"
2025-09-21 01:41:17.019725170+00:00,dds75-lb-10,2,-37,7.25,"{""Bat"": 3.357, ""Distance_mm"": 724, ""Interrupt_flag"": 0, ""Node_type"": ""DDS75-LB"", ""Sensor_flag"": 1, ""TempC_DS18B20"": 32.76}"
2025-09-21 01:42:17.011481133+00:00,dds75-lb-10,2,-33,9.0,"{""Bat"": 3.357, ""Distance_mm"": 724, ""Interrupt_flag"": 0, ""Node_type"": ""DDS75-LB"", ""Sensor_flag"": 1, ""TempC_DS18B20"": 32.76}"
2025-09-21 01:43:17.001135203+00:00,dds75-lb-10,2,-37,7.5,"{""Bat"": 3.357, ""Distance_mm"": 724, ""Interrupt_flag"": 0, ""Node_type"": ""DDS75-LB"", ""Sensor_flag"": 1, ""TempC_DS18B20"": 32.76}"
2025-09-21 01:44:16.977306810+00:00,dds75-lb-10,2,-36,9.25,"{""Bat"": 3.357, ""Distance_mm"": 724, ""Interrupt_flag"": 0, ""Node_type"": ""DDS75-LB"", ""Sensor_flag"": 1, ""TempC_DS18B20"": 32.76}"
2025-09-21 01:45:16.978558269+00:00,dds75-lb-10,2,-36,9.5,"{""Bat"": 3.357, ""Distance_mm"": 724, ""Interrupt_flag"": 0, ""Node_type"": ""DDS75-LB"", ""Sensor_flag"": 1, ""TempC_DS18B20"": 32.76}"
2025-09-21 01:46:16.959690172+00:00,dds75-lb-10,2,-35,8.0,"{""Bat"": 3.357, ""Distance_mm"": 724, ""Interrupt_flag"": 0, ""Node_type"": ""DDS75-LB"", ""Sensor_flag"": 1, ""TempC_DS18B20"": 32.76}"
2025-09-21 01:47:16.956780804+00:00,dds75-lb-10,2,-116,0.25,"{""Bat"": 3.357, ""Distance_mm"": 724, ""Interrupt_flag"": 0, ""Node_type"": ""DDS75-LB"", ""Sensor_flag"": 1, ""TempC_DS18B20"": 32.76}"
2025-09-21 01:48:16.947149335+00:00,dds75-lb-10,2,-115,0.25,"{""Bat"": 3.357, ""Distance_mm"": 724, ""Interrupt_flag"": 0, ""Node_type"": ""DDS75-LB"", ""Sensor_flag"": 1, ""TempC_DS18B20"": 32.76}"
2025-09-21 01:49:16.939561043+00:00,dds75-lb-10,2,-33,7.75,"{""Bat"": 3.357, ""Distance_mm"": 724, ""Interrupt_flag"": 0, ""Node_type"": ""DDS75-LB"", ""Sensor_flag"": 1, ""TempC_DS18B20"": 32.76}"
2025-09-21 01:50:16.940100721+00:00,dds75-lb-10,2,-114,1.25,"{""Bat"": 3.357, ""Distance_mm"": 724, ""Interrupt_flag"": 0, ""Node_type"": ""DDS75-LB"", ""Sensor_flag"": 1, ""TempC_DS18B20"": 32.76}"
2025-09-21 01:51:16.912395606+00:00,dds75-lb-10,2,-37,7.5,"{""Bat"": 3.357, ""Distance_mm"": 724, ""Interrupt_flag"": 0, ""Node_type"": ""DDS75-LB"", ""Sensor_flag"": 1, ""TempC_DS18B20"": 32.76}"
2025-09-21 01:52:16.910287872+00:00,dds75-lb-10,2,-37,10.75,"{""Bat"": 3.357, ""Distance_mm"": 724, ""Interrupt_flag"": 0, ""Node_type"": ""DDS75-LB"", ""Sensor_flag"": 1, ""TempC_DS18B20"": 32.76}"
2025-09-21 01:53:16.900229872+00:00,dds75-lb-10,2,-38,10.0,"{""Bat"": 3.357, ""Distance_mm"": 724, ""Interrupt_flag"": 0, ""Node_type"": ""DDS75-LB"", ""Sensor_flag"": 1, ""TempC_DS18B20"": 32.76}"
2025-09-21 01:54:16.887213918+00:00,dds75-lb-10,2,-37,7.25,"{""Bat"": 3.357, ""Distance_mm"": 724, ""Interrupt_flag"": 0, ""Node_type"": ""DDS75-LB"", ""Sensor_flag"": 1, ""TempC_DS18B20"": 32.76}"
2025-09-21 01:55:16.849440111+00:00,dds75-lb-10,2,-35,9.0,"{""Bat"": 3.357, ""Distance_mm"": 724, ""Interrupt_flag"": 0, ""Node_type"": ""DDS75-LB"", ""Sensor_flag"": 1, ""TempC_DS18B20"": 32.76}"
2025-09-21 01:56:16.847725602+00:00,dds75-lb-10,2,-37,9.5,"{""Bat"": 3.357, ""Distance_mm"": 724, ""Interrupt_flag"": 0, ""Node_type"": ""DDS75-LB"", ""Sensor_flag"": 1, ""TempC_DS18B20"": 32.76}"
2025-09-21 01:57:16.851167806+00:00,dds75-lb-10,2,-37,9.5,"{""Bat"": 3.357, ""Distance_mm"": 724, ""Interrupt_flag"": 0, ""Node_type"": ""DDS75-LB"", ""Sensor_flag"": 1, ""TempC_DS18B20"": 32.76}"
2025-09-21 01:58:16.846703794+00:00,dds75-lb-10,2,-33,7.0,"{""Bat"": 3.357, ""Distance_mm"": 724, ""Interrupt_flag"": 0, ""Node_type"": ""DDS75-LB"", ""Sensor_flag"": 1, ""TempC_DS18B20"": 32.76}"
2025-09-21 01:59:16.827183266+00:00,dds75-lb-10,2,-38,9.0,"{""Bat"": 3.357, ""Distance_mm"": 724, ""Interrupt_flag"": 0, ""Node_type"": ""DDS75-LB"", ""Sensor_flag"": 1, ""TempC_DS18B20"": 32.76}"
2025-09-21 02:00:16.822456364+00:00,dds75-lb-10,2,-115,-2.75,"{""Bat"": 3.357, ""Distance_mm"": 724, ""Interrupt_flag"": 0, ""Node_type"": ""DDS75-LB"", ""Sensor_flag"": 1, ""TempC_DS18B20"": 32.76}"
2025-09-21 02:01:16.813674066+00:00,dds75-lb-10,2,-36,8.75,"{""Bat"": 3.357, ""Distance_mm"": 724, ""Interrupt_flag"": 0, ""Node_type"": ""DDS75-LB"", ""Sensor_flag"": 1, ""TempC_DS18B20"": 32.76}"
2025-09-21 02:02:16.799279638+00:00,dds75-lb-10,2,-36,8.25,"{""Bat"": 3.357, ""Distance_mm"": 724, ""Interrupt_flag"": 0, ""Node_type"": ""DDS75-LB"", ""Sensor_flag"": 1, ""TempC_DS18B20"": 32.76}"
2025-09-21 02:03:16.790160741+00:00,dds75-lb-10,2,-115,-1.5,"{""Bat"": 3.357, ""Distance_mm"": 724, ""Interrupt_flag"": 0, ""Node_type"": ""DDS75-LB"", ""Sensor_flag"": 1, ""TempC_DS18B20"": 32.76}"
2025-09-21 02:04:16.780330739+00:00,dds75-lb-10,2,-36,9.5,"{""Bat"": 3.357, ""Distance_mm"": 724, ""Interrupt_flag"": 0, ""Node_type"": ""DDS75-LB"", ""Sensor_flag"": 1, ""TempC_DS18B20"": 32.76}"
2025-09-21 02:05:16.768851548+00:00,dds75-lb-10,2,-37,10.25,"{""Bat"": 3.357, ""Distance_mm"": 724, ""Interrupt_flag"": 0, ""Node_type"": ""DDS75-LB"", ""Sensor_flag"": 1, ""TempC_DS18B20"": 32.76}"
2025-09-21 02:06:16.746504644+00:00,dds75-lb-10,2,-33,8.0,"{""Bat"": 3.357, ""Distance_mm"": 724, ""Interrupt_flag"": 0, ""Node_type"": ""DDS75-LB"", ""Sensor_flag"": 1, ""TempC_DS18B20"": 32.76}"
2025-09-21 02:07:16.738527809+00:00,dds75-lb-10,2,-37,7.5,"{""Bat"": 3.357, ""Distance_mm"": 724, ""Interrupt_flag"": 0, ""Node_type"": ""DDS75-LB"", ""Sensor_flag"": 1, ""TempC_DS18B20"": 32.76}"
2025-09-21 02:08:16.736780066+00:00,dds75-lb-10,2,-38,10.25,"{""Bat"": 3.357, ""Distance_mm"": 724, ""Interrupt_flag"": 0, ""Node_type"": ""DDS75-LB"", ""Sensor_flag"": 1, ""TempC_DS18B20"": 32.76}"
2025-09-21 02:09:16.716922227+00:00,dds75-lb-10,2,-38,10.0,"{""Bat"": 3.357, ""Distance_mm"": 724, ""Interrupt_flag"": 0, ""Node_type"": ""DDS75-LB"", ""Sensor_flag"": 1, ""TempC_DS18B20"": 32.76}"
2025-09-21 02:10:16.708411674+00:00,dds75-lb-10,2,-113,1.25,"{""Bat"": 3.357, ""Distance_mm"": 724, ""Interrupt_flag"": 0, ""Node_type"": ""DDS75-LB"", ""Sensor_flag"": 1, ""TempC_DS18B20"": 32.76}"
2025-09-21 02:11:16.688067987+00:00,dds75-lb-10,2,-36,9.75,"{""Bat"": 3.357, ""Distance_mm"": 724, ""Interrupt_flag"": 0, ""Node_type"": ""DDS75-LB"", ""Sensor_flag"": 1, ""TempC_DS18B20"": 32.76}"
2025-09-21 02:12:16.689488547+00:00,dds75-lb-10,2,-38,10.0,"{""Bat"": 3.357, ""Distance_mm"": 724, ""Interrupt_flag"": 0, ""Node_type"": ""DDS75-LB"", ""Sensor_flag"": 1, ""TempC_DS18B20"": 32.76}"
2025-09-21 02:13:16.676603392+00:00,dds75-lb-10,2,-33,8.5,"{""Bat"": 3.357, ""Distance_mm"": 724, ""Interrupt_flag"": 0, ""Node_type"": ""DDS75-LB"", ""Sensor_flag"": 1, ""TempC_DS18B20"": 32.76}"
2025-09-21 02:14:16.657049630+00:00,dds75-lb-10,2,-35,9.25,"{""Bat"": 3.357, ""Distance_mm"": 724, ""Interrupt_flag"": 0, ""Node_type"": ""DDS75-LB"", ""Sensor_flag"": 1, ""TempC_DS18B20"": 32.76}"
2025-09-21 02:15:16.648775072+00:00,dds75-lb-10,2,-37,8.25,"{""Bat"": 3.357, ""Distance_mm"": 724, ""Interrupt_flag"": 0, ""Node_type"": ""DDS75-LB"", ""Sensor_flag"": 1, ""TempC_DS18B20"": 32.76}"
2025-09-21 02:16:16.647240705+00:00,dds75-lb-10,2,-35,9.0,"{""Bat"": 3.357, ""Distance_mm"": 724, ""Interrupt_flag"": 0, ""Node_type"": ""DDS75-LB"", ""Sensor_flag"": 1, ""TempC_DS18B20"": 32.76}"
2025-09-21 02:17:16.636431050+00:00,dds75-lb-10,2,-38,9.0,"{""Bat"": 3.357, ""Distance_mm"": 724, ""Interrupt_flag"": 0, ""Node_type"": ""DDS75-LB"", ""Sensor_flag"": 1, ""TempC_DS18B20"": 32.76}"
2025-09-21 02:18:16.621441455+00:00,dds75-lb-10,2,-113,1.0,"{""Bat"": 3.357, ""Distance_mm"": 724, ""Interrupt_flag"": 0, ""Node_type"": ""DDS75-LB"", ""Sensor_flag"": 1, ""TempC_DS18B20"": 32.76}"
2025-09-21 02:19:16.615919360+00:00,dds75-lb-10,2,-35,10.0,"{""Bat"": 3.357, ""Distance_mm"": 724, ""Interrupt_flag"": 0, ""Node_type"": ""DDS75-LB"", ""Sensor_flag"": 1, ""TempC_DS18B20"": 32.76}"
2025-09-21 02:20:16.597903857+00:00,dds75-lb-10,2,-36,9.5,"{""Bat"": 3.357, ""Distance_mm"": 724, ""Interrupt_flag"": 0, ""Node_type"": ""DDS75-LB"", ""Sensor_flag"": 1, ""TempC_DS18B20"": 32.76}"
2025-09-21 02:21:16.587900562+00:00,dds75-lb-10,2,-35,7.75,"{""Bat"": 3.357, ""Distance_mm"": 724, ""Interrupt_flag"": 0, ""Node_type"": ""DDS75-LB"", ""Sensor_flag"": 1, ""TempC_DS18B20"": 32.76}"
2025-09-21 02:22:16.581552916+00:00,dds75-lb-10,2,-35,9.5,"{""Bat"": 3.357, ""Distance_mm"": 724, ""Interrupt_flag"": 0, ""Node_type"": ""DDS75-LB"", ""Sensor_flag"": 1, ""TempC_DS18B20"": 32.76}"
2025-09-21 02:23:16.570225718+00:00,dds75-lb-10,2,-37,7.75,"{""Bat"": 3.357, ""Distance_mm"": 724, ""Interrupt_flag"": 0, ""Node_type"": ""DDS75-LB"", ""Sensor_flag"": 1, ""TempC_DS18B20"": 32.76}"
2025-09-21 02:24:16.569703027+00:00,dds75-lb-10,2,-33,9.5,"{""Bat"": 3.357, ""Distance_mm"": 724, ""Interrupt_flag"": 0, ""Node_type"": ""DDS75-LB"", ""Sensor_flag"": 1, ""TempC_DS18B20"": 32.76}"
2025-09-21 02:25:16.549062023+00:00,dds75-lb-10,2,-38,9.25,"{""Bat"": 3.357, ""Distance_mm"": 724, ""Interrupt_flag"": 0, ""Node_type"": ""DDS75-LB"", ""Sensor_flag"": 1, ""TempC_DS18B20"": 32.76}"
2025-09-21 02:26:16.539022210+00:00,dds75-lb-10,2,-36,8.5,"{""Bat"": 3.357, ""Distance_mm"": 724, ""Interrupt_flag"": 0, ""Node_type"": ""DDS75-LB"", ""Sensor_flag"": 1, ""TempC_DS18B20"": 32.76}"
2025-09-21 02:27:16.532179466+00:00,dds75-lb-10,2,-112,3.0,"{""Bat"": 3.357, ""Distance_mm"": 724, ""Interrupt_flag"": 0, ""Node_type"": ""DDS75-LB"", ""Sensor_flag"": 1, ""TempC_DS18B20"": 32.76}"
2025-09-21 02:28:16.502896698+00:00,dds75-lb-10,2,-116,-8.75,"{""Bat"": 3.357, ""Distance_mm"": 724, ""Interrupt_flag"": 0, ""Node_type"": ""DDS75-LB"", ""Sensor_flag"": 1, ""TempC_DS18B20"": 32.76}"
2025-09-21 02:29:16.510728598+00:00,dds75-lb-10,2,-33,9.0,"{""Bat"": 3.357, ""Distance_mm"": 724, ""Interrupt_flag"": 0, ""Node_type"": ""DDS75-LB"", ""Sensor_flag"": 1, ""TempC_DS18B20"": 32.76}"
2025-09-21 02:30:16.492511622+00:00,dds75-lb-10,2,-116,-1.0,"{""Bat"": 3.357, ""Distance_mm"": 724, ""Interrupt_flag"": 0, ""Node_type"": ""DDS75-LB"", ""Sensor_flag"": 1, ""TempC_DS18B20"": 32.76}"
2025-09-21 02:31:16.473186836+00:00,dds75-lb-10,2,-115,-4.0,"{""Bat"": 3.357, ""Distance_mm"": 724, ""Interrupt_flag"": 0, ""Node_type"": ""DDS75-LB"", ""Sensor_flag"": 1, ""TempC_DS18B20"": 32.76}"
2025-09-21 02:32:16.471715125+00:00,dds75-lb-10,2,-116,0.5,"{""Bat"": 3.357, ""Distance_mm"": 724, ""Interrupt_flag"": 0, ""Node_type"": ""DDS75-LB"", ""Sensor_flag"": 1, ""TempC_DS18B20"": 32.76}"
2025-09-21 02:33:16.468191059+00:00,dds75-lb-10,2,-36,9.0,"{""Bat"": 3.357, ""Distance_mm"": 724, ""Interrupt_flag"": 0, ""Node_type"": ""DDS75-LB"", ""Sensor_flag"": 1, ""TempC_DS18B20"": 32.76}"
2025-09-21 02:34:16.450346818+00:00,dds75-lb-10,2,-112,,"{""Bat"": 3.357, ""Distance_mm"": 724, ""Interrupt_flag"": 0, ""Node_type"": ""DDS75-LB"", ""Sensor_flag"": 1, ""TempC_DS18B20"": 32.76}"
2025-09-21 02:35:16.412039860+00:00,dds75-lb-10,2,-37,11.0,"{""Bat"": 3.357, ""Distance_mm"": 724, ""Interrupt_flag"": 0, ""Node_type"": ""DDS75-LB"", ""Sensor_flag"": 1, ""TempC_DS18B20"": 32.76}"
2025-09-21 02:36:16.436755870+00:00,dds75-lb-10,2,-38,9.0,"{""Bat"": 3.357, ""Distance_mm"": 724, ""Interrupt_flag"": 0, ""Node_type"": ""DDS75-LB"", ""Sensor_flag"": 1, ""TempC_DS18B20"": 32.76}"
2025-09-21 02:37:16.432379867+00:00,dds75-lb-10,2,-114,1.75,"{""Bat"": 3.357, ""Distance_mm"": 724, ""Interrupt_flag"": 0, ""Node_type"": ""DDS75-LB"", ""Sensor_flag"": 1, ""TempC_DS18B20"": 32.76}"
2025-09-21 02:38:16.406330913+00:00,dds75-lb-10,2,-33,9.25,"{""Bat"": 3.357, ""Distance_mm"": 724, ""Interrupt_flag"": 0, ""Node_type"": ""DDS75-LB"", ""Sensor_flag"": 1, ""TempC_DS18B20"": 32.76}"
2025-09-21 02:39:16.398805435+00:00,dds75-lb-10,2,-37,9.25,"{""Bat"": 3.357, ""Distance_mm"": 724, ""Interrupt_flag"": 0, ""Node_type"": ""DDS75-LB"", ""Sensor_flag"": 1, ""TempC_DS18B20"": 32.76}"
2025-09-21 02:40:16.386346598+00:00,dds75-lb-10,2,-35,9.75,"{""Bat"": 3.357, ""Distance_mm"": 724, ""Interrupt_flag"": 0, ""Node_type"": ""DDS75-LB"", ""Sensor_flag"": 1, ""TempC_DS18B20"": 32.76}"
2025-09-21 02:41:16.350292907+00:00,dds75-lb-10,2,-113,2.5,"{""Bat"": 3.357, ""Distance_mm"": 724, ""Interrupt_flag"": 0, ""Node_type"": ""DDS75-LB"", ""Sensor_flag"": 1, ""TempC_DS18B20"": 32.76}"
2025-09-21 02:42:16.348804500+00:00,dds75-lb-10,2,-33,8.25,"{""Bat"": 3.357, ""Distance_mm"": 724, ""Interrupt_flag"": 0, ""Node_type"": ""DDS75-LB"", ""Sensor_flag"": 1, ""TempC_DS18B20"": 32.76}"
2025-09-21 02:43:16.340158854+00:00,dds75-lb-10,2,-36,9.75,"{""Bat"": 3.357, ""Distance_mm"": 724, ""Interrupt_flag"": 0, ""Node_type"": ""DDS75-LB"", ""Sensor_flag"": 1, ""TempC_DS18B20"": 32.76}"
2025-09-21 02:44:16.336357985+00:00,dds75-lb-10,2,-37,9.25,"{""Bat"": 3.357, ""Distance_mm"": 724, ""Interrupt_flag"": 0, ""Node_type"": ""DDS75-LB"", ""Sensor_flag"": 1, ""TempC_DS18B20"": 32.76}"
2025-09-21 02:45:16.313699464+00:00,dds75-lb-10,2,-119,-4.25,"{""Bat"": 3.357, ""Distance_mm"": 724, ""Interrupt_flag"": 0, ""Node_type"": ""DDS75-LB"", ""Sensor_flag"": 1, ""TempC_DS18B20"": 32.76}"
2025-09-21 02:46:16.291309470+00:00,dds75-lb-10,2,-33,9.25,"{""Bat"": 3.357, ""Distance_mm"": 724, ""Interrupt_flag"": 0, ""Node_type"": ""DDS75-LB"", ""Sensor_flag"": 1, ""TempC_DS18B20"": 32.76}"
2025-09-21 02:47:16.312254753+00:00,dds75-lb-10,2,-117,-2.0,"{""Bat"": 3.357, ""Distance_mm"": 724, ""Interrupt_flag"": 0, ""Node_type"": ""DDS75-LB"", ""Sensor_flag"": 1, ""TempC_DS18B20"": 32.76}"
2025-09-21 02:48:16.282321199+00:00,dds75-lb-10,2,-117,-0.5,"{""Bat"": 3.357, ""Distance_mm"": 724, ""Interrupt_flag"": 0, ""Node_type"": ""DDS75-LB"", ""Sensor_flag"": 1, ""TempC_DS18B20"": 32.76}"
2025-09-21 02:49:16.297049855+00:00,dds75-lb-10,2,-36,9.5,"{""Bat"": 3.357, ""Distance_mm"": 724, ""Interrupt_flag"": 0, ""Node_type"": ""DDS75-LB"", ""Sensor_flag"": 1, ""TempC_DS18B20"": 32.76}"
2025-09-21 02:50:16.287933736+00:00,dds75-lb-10,2,-38,10.5,"{""Bat"": 3.357, ""Distance_mm"": 724, ""Interrupt_flag"": 0, ""Node_type"": ""DDS75-LB"", ""Sensor_flag"": 1, ""TempC_DS18B20"": 32.76}"
2025-09-21 02:51:16.256867215+00:00,dds75-lb-10,2,-37,9.75,"{""Bat"": 3.357, ""Distance_mm"": 724, ""Interrupt_flag"": 0, ""Node_type"": ""DDS75-LB"", ""Sensor_flag"": 1, ""TempC_DS18B20"": 32.76}"
2025-09-21 02:52:16.246325240+00:00,dds75-lb-10,2,-38,9.75,"{""Bat"": 3.357, ""Distance_mm"": 724, ""Interrupt_flag"": 0, ""Node_type"": ""DDS75-LB"", ""Sensor_flag"": 1, ""TempC_DS18B20"": 32.76}"
2025-09-21 02:53:16.246316984+00:00,dds75-lb-10,2,-35,8.75,"{""Bat"": 3.357, ""Distance_mm"": 724, ""Interrupt_flag"": 0, ""Node_type"": ""DDS75-LB"", ""Sensor_flag"": 1, ""TempC_DS18B20"": 32.76}"
2025-09-21 02:54:16.223563056+00:00,dds75-lb-10,2,-114,1.5,"{""Bat"": 3.357, ""Distance_mm"": 724, ""Interrupt_flag"": 0, ""Node_type"": ""DDS75-LB"", ""Sensor_flag"": 1, ""TempC_DS18B20"": 32.76}"
2025-09-21 02:55:16.208875788+00:00,dds75-lb-10,2,-36,9.0,"{""Bat"": 3.357, ""Distance_mm"": 724, ""Interrupt_flag"": 0, ""Node_type"": ""DDS75-LB"", ""Sensor_flag"": 1, ""TempC_DS18B20"": 32.76}"
2025-09-21 02:56:16.225005994+00:00,dds75-lb-10,2,-113,2.5,"{""Bat"": 3.357, ""Distance_mm"": 724, ""Interrupt_flag"": 0, ""Node_type"": ""DDS75-LB"", ""Sensor_flag"": 1, ""TempC_DS18B20"": 32.76}"
2025-09-21 02:57:16.211970100+00:00,dds75-lb-10,2,-113,-1.25,"{""Bat"": 3.357, ""Distance_mm"": 724, ""Interrupt_flag"": 0, ""Node_type"": ""DDS75-LB"", ""Sensor_flag"": 1, ""TempC_DS18B20"": 32.76}"
2025-09-21 02:58:16.181324721+00:00,dds75-lb-10,2,-35,7.5,"{""Bat"": 3.357, ""Distance_mm"": 724, ""Interrupt_flag"": 0, ""Node_type"": ""DDS75-LB"", ""Sensor_flag"": 1, ""TempC_DS18B20"": 32.76}"
2025-09-21 02:59:16.172371059+00:00,dds75-lb-10,2,-38,9.75,"{""Bat"": 3.357, ""Distance_mm"": 724, ""Interrupt_flag"": 0, ""Node_type"": ""DDS75-LB"", ""Sensor_flag"": 1, ""TempC_DS18B20"": 32.76}"
2025-09-21 03:00:16.174927434+00:00,dds75-lb-10,2,-114,2.25,"{""Bat"": 3.357, ""Distance_mm"": 724, ""Interrupt_flag"": 0, ""Node_type"": ""DDS75-LB"", ""Sensor_flag"": 1, ""TempC_DS18B20"": 32.76}"
2025-09-21 03:01:16.152098475+00:00,dds75-lb-10,2,-35,8.0,"{""Bat"": 3.357, ""Distance_mm"": 724, ""Interrupt_flag"": 0, ""Node_type"": ""DDS75-LB"", ""Sensor_flag"": 1, ""TempC_DS18B20"": 32.76}"
2025-09-21 03:02:16.151845658+00:00,dds75-lb-10,2,-37,8.25,"{""Bat"": 3.357, ""Distance_mm"": 724, ""Interrupt_flag"": 0, ""Node_type"": ""DDS75-LB"", ""Sensor_flag"": 1, ""TempC_DS18B20"": 32.76}"
2025-09-21 03:03:16.125619255+00:00,dds75-lb-10,2,-115,1.5,"{""Bat"": 3.357, ""Distance_mm"": 724, ""Interrupt_flag"": 0, ""Node_type"": ""DDS75-LB"", ""Sensor_flag"": 1, ""TempC_DS18B20"": 32.76}"
2025-09-21 03:04:16.121934024+00:00,dds75-lb-10,2,-37,10.25,"{""Bat"": 3.357, ""Distance_mm"": 724, ""Interrupt_flag"": 0, ""Node_type"": ""DDS75-LB"", ""Sensor_flag"": 1, ""TempC_DS18B20"": 32.76}"
2025-09-21 03:05:16.102151537+00:00,dds75-lb-10,2,-37,9.75,"{""Bat"": 3.357, ""Distance_mm"": 724, ""Interrupt_flag"": 0, ""Node_type"": ""DDS75-LB"", ""Sensor_flag"": 1, ""TempC_DS18B20"": 32.76}"
2025-09-21 03:06:16.102632873+00:00,dds75-lb-10,2,-37,8.0,"{""Bat"": 3.357, ""Distance_mm"": 724, ""Interrupt_flag"": 0, ""Node_type"": ""DDS75-LB"", ""Sensor_flag"": 1, ""TempC_DS18B20"": 32.76}"
2025-09-21 03:07:16.090911344+00:00,dds75-lb-10,2,-37,8.75,"{""Bat"": 3.357, ""Distance_mm"": 724, ""Interrupt_flag"": 0, ""Node_type"": ""DDS75-LB"", ""Sensor_flag"": 1, ""TempC_DS18B20"": 32.76}"
2025-09-21 03:08:16.075138183+00:00,dds75-lb-10,2,-115,1.0,"{""Bat"": 3.357, ""Distance_mm"": 724, ""Interrupt_flag"": 0, ""Node_type"": ""DDS75-LB"", ""Sensor_flag"": 1, ""TempC_DS18B20"": 32.76}"
2025-09-21 03:09:16.059221978+00:00,dds75-lb-10,2,-37,7.5,"{""Bat"": 3.357, ""Distance_mm"": 724, ""Interrupt_flag"": 0, ""Node_type"": ""DDS75-LB"", ""Sensor_flag"": 1, ""TempC_DS18B20"": 32.76}"
2025-09-21 03:10:16.053635583+00:00,dds75-lb-10,2,-35,10.25,"{""Bat"": 3.357, ""Distance_mm"": 724, ""Interrupt_flag"": 0, ""Node_type"": ""DDS75-LB"", ""Sensor_flag"": 1, ""TempC_DS18B20"": 32.76}"
2025-09-21 03:11:16.041921758+00:00,dds75-lb-10,2,-35,7.25,"{""Bat"": 3.357, ""Distance_mm"": 724, ""Interrupt_flag"": 0, ""Node_type"": ""DDS75-LB"", ""Sensor_flag"": 1, ""TempC_DS18B20"": 32.76}"
2025-09-21 03:12:16.033083267+00:00,dds75-lb-10,2,-36,9.25,"{""Bat"": 3.357, ""Distance_mm"": 724, ""Interrupt_flag"": 0, ""Node_type"": ""DDS75-LB"", ""Sensor_flag"": 1, ""TempC_DS18B20"": 32.76}"
2025-09-21 03:13:16.019729197+00:00,dds75-lb-10,2,-36,9.0,"{""Bat"": 3.357, ""Distance_mm"": 724, ""Interrupt_flag"": 0, ""Node_type"": ""DDS75-LB"", ""Sensor_flag"": 1, ""TempC_DS18B20"": 32.76}"
2025-09-21 03:14:15.994488120+00:00,dds75-lb-10,2,-113,1.75,"{""Bat"": 3.357, ""Distance_mm"": 724, ""Interrupt_flag"": 0, ""Node_type"": ""DDS75-LB"", ""Sensor_flag"": 1, ""TempC_DS18B20"": 32.76}"
2025-09-21 03:15:15.991514524+00:00,dds75-lb-10,2,-35,9.25,"{""Bat"": 3.357, ""Distance_mm"": 724, ""Interrupt_flag"": 0, ""Node_type"": ""DDS75-LB"", ""Sensor_flag"": 1, ""TempC_DS18B20"": 32.76}"
2025-09-21 03:16:15.979297386+00:00,dds75-lb-10,2,-38,9.75,"{""Bat"": 3.357, ""Distance_mm"": 724, ""Interrupt_flag"": 0, ""Node_type"": ""DDS75-LB"", ""Sensor_flag"": 1, ""TempC_DS18B20"": 32.76}"
2025-09-21 03:17:15.967576726+00:00,dds75-lb-10,2,-115,0.5,"{""Bat"": 3.357, ""Distance_mm"": 724, ""Interrupt_flag"": 0, ""Node_type"": ""DDS75-LB"", ""Sensor_flag"": 1, ""TempC_DS18B20"": 32.76}"
2025-09-21 03:18:15.970105576+00:00,dds75-lb-10,2,-35,9.75,"{""Bat"": 3.357, ""Distance_mm"": 724, ""Interrupt_flag"": 0, ""Node_type"": ""DDS75-LB"", ""Sensor_flag"": 1, ""TempC_DS18B20"": 32.76}"
2025-09-21 03:19:15.949720181+00:00,dds75-lb-10,2,-38,9.25,"{""Bat"": 3.357, ""Distance_mm"": 724, ""Interrupt_flag"": 0, ""Node_type"": ""DDS75-LB"", ""Sensor_flag"": 1, ""TempC_DS18B20"": 32.76}"
2025-09-21 03:20:15.962530358+00:00,dds75-lb-10,2,-114,2.5,"{""Bat"": 3.357, ""Distance_mm"": 724, ""Interrupt_flag"": 0, ""Node_type"": ""DDS75-LB"", ""Sensor_flag"": 1, ""TempC_DS18B20"": 32.76}"
2025-09-21 03:21:15.942870561+00:00,dds75-lb-10,2,-38,10.0,"{""Bat"": 3.357, ""Distance_mm"": 724, ""Interrupt_flag"": 0, ""Node_type"": ""DDS75-LB"", ""Sensor_flag"": 1, ""TempC_DS18B20"": 32.76}"
2025-09-21 03:22:15.944338207+00:00,dds75-lb-10,2,-116,0.25,"{""Bat"": 3.357, ""Distance_mm"": 724, ""Interrupt_flag"": 0, ""Node_type"": ""DDS75-LB"", ""Sensor_flag"": 1, ""TempC_DS18B20"": 32.76}"
2025-09-21 03:23:15.924281773+00:00,dds75-lb-10,2,-33,9.5,"{""Bat"": 3.357, ""Distance_mm"": 724, ""Interrupt_flag"": 0, ""Node_type"": ""DDS75-LB"", ""Sensor_flag"": 1, ""TempC_DS18B20"": 32.76}"
2025-09-21 03:24:15.899140074+00:00,dds75-lb-10,2,-38,9.0,"{""Bat"": 3.357, ""Distance_mm"": 724, ""Interrupt_flag"": 0, ""Node_type"": ""DDS75-LB"", ""Sensor_flag"": 1, ""TempC_DS18B20"": 32.76}"
2025-09-21 03:25:15.897973813+00:00,dds75-lb-10,2,-37,7.25,"{""Bat"": 3.357, ""Distance_mm"": 724, ""Interrupt_flag"": 0, ""Node_type"": ""DDS75-LB"", ""Sensor_flag"": 1, ""TempC_DS18B20"": 32.76}"
2025-09-21 03:26:15.872418860+00:00,dds75-lb-10,2,-33,9.0,"{""Bat"": 3.357, ""Distance_mm"": 724, ""Interrupt_flag"": 0, ""Node_type"": ""DDS75-LB"", ""Sensor_flag"": 1, ""TempC_DS18B20"": 32.76}"
2025-09-21 03:27:15.889545886+00:00,dds75-lb-10,2,-36,8.0,"{""Bat"": 3.357, ""Distance_mm"": 724, ""Interrupt_flag"": 0, ""Node_type"": ""DDS75-LB"", ""Sensor_flag"": 1, ""TempC_DS18B20"": 32.76}"
2025-09-21 03:28:15.870465205+00:00,dds75-lb-10,2,-35,10.0,"{""Bat"": 3.357, ""Distance_mm"": 724, ""Interrupt_flag"": 0, ""Node_type"": ""DDS75-LB"", ""Sensor_flag"": 1, ""TempC_DS18B20"": 32.76}"
2025-09-21 03:29:15.851713567+00:00,dds75-lb-10,2,-39,10.25,"{""Bat"": 3.357, ""Distance_mm"": 724, ""Interrupt_flag"": 0, ""Node_type"": ""DDS75-LB"", ""Sensor_flag"": 1, ""TempC_DS18B20"": 32.76}"
2025-09-21 03:30:15.853313553+00:00,dds75-lb-10,2,-37,9.25,"{""Bat"": 3.357, ""Distance_mm"": 724, ""Interrupt_flag"": 0, ""Node_type"": ""DDS75-LB"", ""Sensor_flag"": 1, ""TempC_DS18B20"": 32.76}"
2025-09-21 03:31:15.829186342+00:00,dds75-lb-10,2,-38,10.5,"{""Bat"": 3.357, ""Distance_mm"": 724, ""Interrupt_flag"": 0, ""Node_type"": ""DDS75-LB"", ""Sensor_flag"": 1, ""TempC_DS18B20"": 32.76}"
2025-09-21 03:32:15.821648844+00:00,dds75-lb-10,2,-37,9.0,"{""Bat"": 3.357, ""Distance_mm"": 724, ""Interrupt_flag"": 0, ""Node_type"": ""DDS75-LB"", ""Sensor_flag"": 1, ""TempC_DS18B20"": 32.76}"
2025-09-21 03:33:15.817521820+00:00,dds75-lb-10,2,-33,8.25,"{""Bat"": 3.357, ""Distance_mm"": 724, ""Interrupt_flag"": 0, ""Node_type"": ""DDS75-LB"", ""Sensor_flag"": 1, ""TempC_DS18B20"": 32.76}"
2025-09-21 03:34:15.772592085+00:00,dds75-lb-10,2,-112,-1.75,"{""Bat"": 3.357, ""Distance_mm"": 724, ""Interrupt_flag"": 0, ""Node_type"": ""DDS75-LB"", ""Sensor_flag"": 1, ""TempC_DS18B20"": 32.76}"
2025-09-21 03:35:15.792070756+00:00,dds75-lb-10,2,-37,7.75,"{""Bat"": 3.357, ""Distance_mm"": 724, ""Interrupt_flag"": 0, ""Node_type"": ""DDS75-LB"", ""Sensor_flag"": 1, ""TempC_DS18B20"": 32.76}"
2025-09-21 03:36:15.771158581+00:00,dds75-lb-10,2,-37,10.0,"{""Bat"": 3.357, ""Distance_mm"": 724, ""Interrupt_flag"": 0, ""Node_type"": ""DDS75-LB"", ""Sensor_flag"": 1, ""TempC_DS18B20"": 32.76}"
2025-09-21 03:37:15.744830153+00:00,dds75-lb-10,2,-117,-1.75,"{""Bat"": 3.357, ""Distance_mm"": 724, ""Interrupt_flag"": 0, ""Node_type"": ""DDS75-LB"", ""Sensor_flag"": 1, ""TempC_DS18B20"": 32.76}"
2025-09-21 03:38:15.740720441+00:00,dds75-lb-10,2,-34,8.75,"{""Bat"": 3.357, ""Distance_mm"": 724, ""Interrupt_flag"": 0, ""Node_type"": ""DDS75-LB"", ""Sensor_flag"": 1, ""TempC_DS18B20"": 32.76}"
2025-09-21 03:39:15.722509559+00:00,dds75-lb-10,2,-37,9.75,"{""Bat"": 3.357, ""Distance_mm"": 724, ""Interrupt_flag"": 0, ""Node_type"": ""DDS75-LB"", ""Sensor_flag"": 1, ""TempC_DS18B20"": 32.76}"
2025-09-21 03:40:15.734048153+00:00,dds75-lb-10,2,-36,9.25,"{""Bat"": 3.357, ""Distance_mm"": 724, ""Interrupt_flag"": 0, ""Node_type"": ""DDS75-LB"", ""Sensor_flag"": 1, ""TempC_DS18B20"": 32.76}"
2025-09-21 03:41:15.731609286+00:00,dds75-lb-10,2,-37,7.75,"{""Bat"": 3.357, ""Distance_mm"": 724, ""Interrupt_flag"": 0, ""Node_type"": ""DDS75-LB"", ""Sensor_flag"": 1, ""TempC_DS18B20"": 32.76}"
2025-09-21 03:42:15.709426316+00:00,dds75-lb-10,2,-33,9.25,"{""Bat"": 3.357, ""Distance_mm"": 724, ""Interrupt_flag"": 0, ""Node_type"": ""DDS75-LB"", ""Sensor_flag"": 1, ""TempC_DS18B20"": 32.76}"
2025-09-21 03:43:15.712910842+00:00,dds75-lb-10,2,-36,8.5,"{""Bat"": 3.357, ""Distance_mm"": 724, ""Interrupt_flag"": 0, ""Node_type"": ""DDS75-LB"", ""Sensor_flag"": 1, ""TempC_DS18B20"": 32.76}"
2025-09-21 03:44:15.689961206+00:00,dds75-lb-10,2,-35,9.0,"{""Bat"": 3.357, ""Distance_mm"": 724, ""Interrupt_flag"": 0, ""Node_type"": ""DDS75-LB"", ""Sensor_flag"": 1, ""TempC_DS18B20"": 32.76}"
2025-09-21 03:45:15.669839690+00:00,dds75-lb-10,2,-35,9.5,"{""Bat"": 3.357, ""Distance_mm"": 724, ""Interrupt_flag"": 0, ""Node_type"": ""DDS75-LB"", ""Sensor_flag"": 1, ""TempC_DS18B20"": 32.76}"
2025-09-21 03:46:15.662176773+00:00,dds75-lb-10,2,-35,7.75,"{""Bat"": 3.357, ""Distance_mm"": 724, ""Interrupt_flag"": 0, ""Node_type"": ""DDS75-LB"", ""Sensor_flag"": 1, ""TempC_DS18B20"": 32.76}"
2025-09-21 03:47:15.651878599+00:00,dds75-lb-10,2,-38,10.25,"{""Bat"": 3.357, ""Distance_mm"": 724, ""Interrupt_flag"": 0, ""Node_type"": ""DDS75-LB"", ""Sensor_flag"": 1, ""TempC_DS18B20"": 32.76}"
2025-09-21 03:48:15.649956201+00:00,dds75-lb-10,2,-37,9.0,"{""Bat"": 3.357, ""Distance_mm"": 724, ""Interrupt_flag"": 0, ""Node_type"": ""DDS75-LB"", ""Sensor_flag"": 1, ""TempC_DS18B20"": 32.76}"
2025-09-21 03:49:15.627973007+00:00,dds75-lb-10,2,-33,7.75,"{""Bat"": 3.357, ""Distance_mm"": 724, ""Interrupt_flag"": 0, ""Node_type"": ""DDS75-LB"", ""Sensor_flag"": 1, ""TempC_DS18B20"": 32.76}"
2025-09-21 03:50:15.625905453+00:00,dds75-lb-10,2,-113,2.5,"{""Bat"": 3.357, ""Distance_mm"": 724, ""Interrupt_flag"": 0, ""Node_type"": ""DDS75-LB"", ""Sensor_flag"": 1, ""TempC_DS18B20"": 32.76}"
2025-09-21 03:51:15.621528024+00:00,dds75-lb-10,2,-35,8.25,"{""Bat"": 3.357, ""Distance_mm"": 724, ""Interrupt_flag"": 0, ""Node_type"": ""DDS75-LB"", ""Sensor_flag"": 1, ""TempC_DS18B20"": 32.76}"
2025-09-21 03:52:15.593279490+00:00,dds75-lb-10,2,-35,9.75,"{""Bat"": 3.357, ""Distance_mm"": 724, ""Interrupt_flag"": 0, ""Node_type"": ""DDS75-LB"", ""Sensor_flag"": 1, ""TempC_DS18B20"": 32.76}"
2025-09-21 03:53:15.577875094+00:00,dds75-lb-10,2,-39,10.5,"{""Bat"": 3.357, ""Distance_mm"": 724, ""Interrupt_flag"": 0, ""Node_type"": ""DDS75-LB"", ""Sensor_flag"": 1, ""TempC_DS18B20"": 32.76}"
2025-09-21 03:54:15.628717497+00:00,dds75-lb-10,2,-38,10.0,"{""Bat"": 3.357, ""Distance_mm"": 724, ""Interrupt_flag"": 0, ""Node_type"": ""DDS75-LB"", ""Sensor_flag"": 1, ""TempC_DS18B20"": 32.76}"
2025-09-21 03:55:15.552921304+00:00,dds75-lb-10,2,-114,2.25,"{""Bat"": 3.357, ""Distance_mm"": 724, ""Interrupt_flag"": 0, ""Node_type"": ""DDS75-LB"", ""Sensor_flag"": 1, ""TempC_DS18B20"": 32.76}"
2025-09-21 03:56:15.549339646+00:00,dds75-lb-10,2,-39,8.75,"{""Bat"": 3.357, ""Distance_mm"": 724, ""Interrupt_flag"": 0, ""Node_type"": ""DDS75-LB"", ""Sensor_flag"": 1, ""TempC_DS18B20"": 32.76}"
2025-09-21 03:57:15.569694583+00:00,dds75-lb-10,2,-37,10.25,"{""Bat"": 3.357, ""Distance_mm"": 724, ""Interrupt_flag"": 0, ""Node_type"": ""DDS75-LB"", ""Sensor_flag"": 1, ""TempC_DS18B20"": 32.76}"
2025-09-21 03:58:15.528239260+00:00,dds75-lb-10,2,-35,7.75,"{""Bat"": 3.357, ""Distance_mm"": 724, ""Interrupt_flag"": 0, ""Node_type"": ""DDS75-LB"", ""Sensor_flag"": 1, ""TempC_DS18B20"": 32.76}"
2025-09-21 03:59:15.518826650+00:00,dds75-lb-10,2,-37,8.5,"{""Bat"": 3.357, ""Distance_mm"": 724, ""Interrupt_flag"": 0, ""Node_type"": ""DDS75-LB"", ""Sensor_flag"": 1, ""TempC_DS18B20"": 32.76}"
2025-09-21 04:00:15.498639550+00:00,dds75-lb-10,2,-33,9.25,"{""Bat"": 3.357, ""Distance_mm"": 724, ""Interrupt_flag"": 0, ""Node_type"": ""DDS75-LB"", ""Sensor_flag"": 1, ""TempC_DS18B20"": 32.76}"
2025-09-21 04:01:15.499318164+00:00,dds75-lb-10,2,-37,10.25,"{""Bat"": 3.357, ""Distance_mm"": 724, ""Interrupt_flag"": 0, ""Node_type"": ""DDS75-LB"", ""Sensor_flag"": 1, ""TempC_DS18B20"": 32.76}"
2025-09-21 04:02:15.494625371+00:00,dds75-lb-10,2,-115,1.25,"{""Bat"": 3.357, ""Distance_mm"": 724, ""Interrupt_flag"": 0, ""Node_type"": ""DDS75-LB"", ""Sensor_flag"": 1, ""TempC_DS18B20"": 32.76}"
2025-09-21 04:03:15.481094072+00:00,dds75-lb-10,2,-35,9.0,"{""Bat"": 3.357, ""Distance_mm"": 724, ""Interrupt_flag"": 0, ""Node_type"": ""DDS75-LB"", ""Sensor_flag"": 1, ""TempC_DS18B20"": 32.76}"
2025-09-21 04:04:15.470635826+00:00,dds75-lb-10,2,-39,9.5,"{""Bat"": 3.357, ""Distance_mm"": 724, ""Interrupt_flag"": 0, ""Node_type"": ""DDS75-LB"", ""Sensor_flag"": 1, ""TempC_DS18B20"": 32.76}"
2025-09-21 04:05:15.459128362+00:00,dds75-lb-10,2,-37,7.75,"{""Bat"": 3.357, ""Distance_mm"": 724, ""Interrupt_flag"": 0, ""Node_type"": ""DDS75-LB"", ""Sensor_flag"": 1, ""TempC_DS18B20"": 32.76}"
2025-09-21 04:06:15.441038522+00:00,dds75-lb-10,2,-35,8.75,"{""Bat"": 3.357, ""Distance_mm"": 724, ""Interrupt_flag"": 0, ""Node_type"": ""DDS75-LB"", ""Sensor_flag"": 1, ""TempC_DS18B20"": 32.76}"
2025-09-21 04:07:15.431446773+00:00,dds75-lb-10,2,-38,9.75,"{""Bat"": 3.357, ""Distance_mm"": 724, ""Interrupt_flag"": 0, ""Node_type"": ""DDS75-LB"", ""Sensor_flag"": 1, ""TempC_DS18B20"": 32.76}"
2025-09-21 04:08:15.421850604+00:00,dds75-lb-10,2,-115,0.75,"{""Bat"": 3.357, ""Distance_mm"": 724, ""Interrupt_flag"": 0, ""Node_type"": ""DDS75-LB"", ""Sensor_flag"": 1, ""TempC_DS18B20"": 32.76}"
2025-09-21 04:09:15.401663395+00:00,dds75-lb-10,2,-37,9.25,"{""Bat"": 3.357, ""Distance_mm"": 724, ""Interrupt_flag"": 0, ""Node_type"": ""DDS75-LB"", ""Sensor_flag"": 1, ""TempC_DS18B20"": 32.76}"
2025-09-21 04:10:15.400756654+00:00,dds75-lb-10,2,-33,7.5,"{""Bat"": 3.357, ""Distance_mm"": 724, ""Interrupt_flag"": 0, ""Node_type"": ""DDS75-LB"", ""Sensor_flag"": 1, ""TempC_DS18B20"": 32.76}"
2025-09-21 04:11:15.378451748+00:00,dds75-lb-10,2,-33,9.0,"{""Bat"": 3.357, ""Distance_mm"": 724, ""Interrupt_flag"": 0, ""Node_type"": ""DDS75-LB"", ""Sensor_flag"": 1, ""TempC_DS18B20"": 32.76}"
2025-09-21 04:12:15.374622591+00:00,dds75-lb-10,2,-115,,"{""Bat"": 3.357, ""Distance_mm"": 724, ""Interrupt_flag"": 0, ""Node_type"": ""DDS75-LB"", ""Sensor_flag"": 1, ""TempC_DS18B20"": 32.76}"
2025-09-21 04:13:15.366944863+00:00,dds75-lb-10,2,-114,0.75,"{""Bat"": 3.357, ""Distance_mm"": 724, ""Interrupt_flag"": 0, ""Node_type"": ""DDS75-LB"", ""Sensor_flag"": 1, ""TempC_DS18B20"": 32.76}"
2025-09-21 04:14:15.347761875+00:00,dds75-lb-10,2,-114,-1.25,"{""Bat"": 3.357, ""Distance_mm"": 724, ""Interrupt_flag"": 0, ""Node_type"": ""DDS75-LB"", ""Sensor_flag"": 1, ""TempC_DS18B20"": 32.76}"
2025-09-21 04:15:15.340838524+00:00,dds75-lb-10,2,-36,7.5,"{""Bat"": 3.357, ""Distance_mm"": 724, ""Interrupt_flag"": 0, ""Node_type"": ""DDS75-LB"", ""Sensor_flag"": 1, ""TempC_DS18B20"": 32.76}"
2025-09-21 04:16:15.334426599+00:00,dds75-lb-10,2,-116,1.0,"{""Bat"": 3.357, ""Distance_mm"": 724, ""Interrupt_flag"": 0, ""Node_type"": ""DDS75-LB"", ""Sensor_flag"": 1, ""TempC_DS18B20"": 32.76}"
2025-09-21 04:17:15.335697751+00:00,dds75-lb-10,2,-116,,"{""Bat"": 3.357, ""Distance_mm"": 724, ""Interrupt_flag"": 0, ""Node_type"": ""DDS75-LB"", ""Sensor_flag"": 1, ""TempC_DS18B20"": 32.76}"
2025-09-21 04:18:15.304864974+00:00,dds75-lb-10,2,-112,2.75,"{""Bat"": 3.357, ""Distance_mm"": 724, ""Interrupt_flag"": 0, ""Node_type"": ""DDS75-LB"", ""Sensor_flag"": 1, ""TempC_DS18B20"": 32.76}"
2025-09-21 04:19:15.306963286+00:00,dds75-lb-10,2,-37,9.25,"{""Bat"": 3.357, ""Distance_mm"": 724, ""Interrupt_flag"": 0, ""Node_type"": ""DDS75-LB"", ""Sensor_flag"": 1, ""TempC_DS18B20"": 32.76}"
2025-09-21 04:20:15.297518770+00:00,dds75-lb-10,2,-35,10.0,"{""Bat"": 3.357, ""Distance_mm"": 724, ""Interrupt_flag"": 0, ""Node_type"": ""DDS75-LB"", ""Sensor_flag"": 1, ""TempC_DS18B20"": 32.76}"
2025-09-21 04:21:15.298006111+00:00,dds75-lb-10,2,-37,7.0,"{""Bat"": 3.357, ""Distance_mm"": 724, ""Interrupt_flag"": 0, ""Node_type"": ""DDS75-LB"", ""Sensor_flag"": 1, ""TempC_DS18B20"": 32.76}"
2025-09-21 04:22:15.276739414+00:00,dds75-lb-10,2,-33,7.5,"{""Bat"": 3.357, ""Distance_mm"": 724, ""Interrupt_flag"": 0, ""Node_type"": ""DDS75-LB"", ""Sensor_flag"": 1, ""TempC_DS18B20"": 32.76}"
2025-09-21 04:23:15.255794394+00:00,dds75-lb-10,2,-37,8.25,"{""Bat"": 3.357, ""Distance_mm"": 724, ""Interrupt_flag"": 0, ""Node_type"": ""DDS75-LB"", ""Sensor_flag"": 1, ""TempC_DS18B20"": 32.76}"
2025-09-21 04:24:15.246631611+00:00,dds75-lb-10,2,-38,9.0,"{""Bat"": 3.357, ""Distance_mm"": 724, ""Interrupt_flag"": 0, ""Node_type"": ""DDS75-LB"", ""Sensor_flag"": 1, ""TempC_DS18B20"": 32.76}"
2025-09-21 04:25:15.225161188+00:00,dds75-lb-10,2,-37,9.5,"{""Bat"": 3.357, ""Distance_mm"": 724, ""Interrupt_flag"": 0, ""Node_type"": ""DDS75-LB"", ""Sensor_flag"": 1, ""TempC_DS18B20"": 32.76}"
2025-09-21 04:26:15.234068148+00:00,dds75-lb-10,2,-35,9.25,"{""Bat"": 3.357, ""Distance_mm"": 724, ""Interrupt_flag"": 0, ""Node_type"": ""DDS75-LB"", ""Sensor_flag"": 1, ""TempC_DS18B20"": 32.76}"
2025-09-21 04:27:15.218096451+00:00,dds75-lb-10,2,-37,8.5,"{""Bat"": 3.357, ""Distance_mm"": 724, ""Interrupt_flag"": 0, ""Node_type"": ""DDS75-LB"", ""Sensor_flag"": 1, ""TempC_DS18B20"": 32.76}"
2025-09-21 04:28:15.206912247+00:00,dds75-lb-10,2,-36,9.0,"{""Bat"": 3.357, ""Distance_mm"": 724, ""Interrupt_flag"": 0, ""Node_type"": ""DDS75-LB"", ""Sensor_flag"": 1, ""TempC_DS18B20"": 32.76}"
2025-09-21 04:29:15.222619583+00:00,dds75-lb-10,2,-33,7.5,"{""Bat"": 3.357, ""Distance_mm"": 724, ""Interrupt_flag"": 0, ""Node_type"": ""DDS75-LB"", ""Sensor_flag"": 1, ""TempC_DS18B20"": 32.76}"
2025-09-21 04:30:15.174739784+00:00,dds75-lb-10,2,-35,9.5,"{""Bat"": 3.357, ""Distance_mm"": 724, ""Interrupt_flag"": 0, ""Node_type"": ""DDS75-LB"", ""Sensor_flag"": 1, ""TempC_DS18B20"": 32.76}"
2025-09-21 04:31:15.172199511+00:00,dds75-lb-10,2,-120,-4.25,"{""Bat"": 3.357, ""Distance_mm"": 724, ""Interrupt_flag"": 0, ""Node_type"": ""DDS75-LB"", ""Sensor_flag"": 1, ""TempC_DS18B20"": 32.76}"
2025-09-21 04:32:15.165794329+00:00,dds75-lb-10,2,-38,9.0,"{""Bat"": 3.357, ""Distance_mm"": 724, ""Interrupt_flag"": 0, ""Node_type"": ""DDS75-LB"", ""Sensor_flag"": 1, ""TempC_DS18B20"": 32.76}"
2025-09-21 04:33:15.151652173+00:00,dds75-lb-10,2,-115,,"{""Bat"": 3.357, ""Distance_mm"": 724, ""Interrupt_flag"": 0, ""Node_type"": ""DDS75-LB"", ""Sensor_flag"": 1, ""TempC_DS18B20"": 32.76}"
2025-09-21 04:34:15.139682454+00:00,dds75-lb-10,2,-36,8.75,"{""Bat"": 3.357, ""Distance_mm"": 724, ""Interrupt_flag"": 0, ""Node_type"": ""DDS75-LB"", ""Sensor_flag"": 1, ""TempC_DS18B20"": 32.76}"
2025-09-21 04:35:15.124839714+00:00,dds75-lb-10,2,-37,10.5,"{""Bat"": 3.357, ""Distance_mm"": 724, ""Interrupt_flag"": 0, ""Node_type"": ""DDS75-LB"", ""Sensor_flag"": 1, ""TempC_DS18B20"": 32.76}"
2025-09-21 04:36:15.122820360+00:00,dds75-lb-10,2,-38,9.5,"{""Bat"": 3.357, ""Distance_mm"": 724, ""Interrupt_flag"": 0, ""Node_type"": ""DDS75-LB"", ""Sensor_flag"": 1, ""TempC_DS18B20"": 32.76}"
2025-09-21 04:37:15.102922202+00:00,dds75-lb-10,2,-37,8.0,"{""Bat"": 3.357, ""Distance_mm"": 724, ""Interrupt_flag"": 0, ""Node_type"": ""DDS75-LB"", ""Sensor_flag"": 1, ""TempC_DS18B20"": 32.76}"
2025-09-21 04:38:15.101513448+00:00,dds75-lb-10,2,-37,7.5,"{""Bat"": 3.357, ""Distance_mm"": 724, ""Interrupt_flag"": 0, ""Node_type"": ""DDS75-LB"", ""Sensor_flag"": 1, ""TempC_DS18B20"": 32.76}"
2025-09-21 04:39:15.081388512+00:00,dds75-lb-10,2,-113,1.75,"{""Bat"": 3.357, ""Distance_mm"": 724, ""Interrupt_flag"": 0, ""Node_type"": ""DDS75-LB"", ""Sensor_flag"": 1, ""TempC_DS18B20"": 32.76}"
2025-09-21 04:40:15.074531627+00:00,dds75-lb-10,2,-37,10.0,"{""Bat"": 3.357, ""Distance_mm"": 724, ""Interrupt_flag"": 0, ""Node_type"": ""DDS75-LB"", ""Sensor_flag"": 1, ""TempC_DS18B20"": 32.76}"
2025-09-21 04:41:15.054091103+00:00,dds75-lb-10,2,-34,8.75,"{""Bat"": 3.357, ""Distance_mm"": 724, ""Interrupt_flag"": 0, ""Node_type"": ""DDS75-LB"", ""Sensor_flag"": 1, ""TempC_DS18B20"": 32.76}"
2025-09-21 04:42:15.052452673+00:00,dds75-lb-10,2,-37,7.75,"{""Bat"": 3.357, ""Distance_mm"": 724, ""Interrupt_flag"": 0, ""Node_type"": ""DDS75-LB"", ""Sensor_flag"": 1, ""TempC_DS18B20"": 32.76}"
2025-09-21 04:43:15.030023462+00:00,dds75-lb-10,2,-113,2.0,"{""Bat"": 3.357, ""Distance_mm"": 724, ""Interrupt_flag"": 0, ""Node_type"": ""DDS75-LB"", ""Sensor_flag"": 1, ""TempC_DS18B20"": 32.76}"
2025-09-21 04:44:15.017357860+00:00,dds75-lb-10,2,-113,2.75,"{""Bat"": 3.357, ""Distance_mm"": 724, ""Interrupt_flag"": 0, ""Node_type"": ""DDS75-LB"", ""Sensor_flag"": 1, ""TempC_DS18B20"": 32.76}"
2025-09-21 04:45:15.010910999+00:00,dds75-lb-10,2,-112,3.0,"{""Bat"": 3.357, ""Distance_mm"": 724, ""Interrupt_flag"": 0, ""Node_type"": ""DDS75-LB"", ""Sensor_flag"": 1, ""TempC_DS18B20"": 32.76}"
2025-09-21 04:46:15.008280550+00:00,dds75-lb-10,2,-113,2.0,"{""Bat"": 3.357, ""Distance_mm"": 724, ""Interrupt_flag"": 0, ""Node_type"": ""DDS75-LB"", ""Sensor_flag"": 1, ""TempC_DS18B20"": 32.76}"
2025-09-21 04:47:14.975133810+00:00,dds75-lb-10,2,-113,3.0,"{""Bat"": 3.357, ""Distance_mm"": 724, ""Interrupt_flag"": 0, ""Node_type"": ""DDS75-LB"", ""Sensor_flag"": 1, ""TempC_DS18B20"": 32.76}"
2025-09-21 04:48:14.981587346+00:00,dds75-lb-10,2,-37,10.5,"{""Bat"": 3.357, ""Distance_mm"": 724, ""Interrupt_flag"": 0, ""Node_type"": ""DDS75-LB"", ""Sensor_flag"": 1, ""TempC_DS18B20"": 32.76}"
2025-09-21 04:49:14.971120391+00:00,dds75-lb-10,2,-37,9.0,"{""Bat"": 3.357, ""Distance_mm"": 724, ""Interrupt_flag"": 0, ""Node_type"": ""DDS75-LB"", ""Sensor_flag"": 1, ""TempC_DS18B20"": 32.76}"
2025-09-21 04:50:14.964505561+00:00,dds75-lb-10,2,-33,7.75,"{""Bat"": 3.357, ""Distance_mm"": 723, ""Interrupt_flag"": 0, ""Node_type"": ""DDS75-LB"", ""Sensor_flag"": 1, ""TempC_DS18B20"": 32.76}"
2025-09-21 04:51:14.949527107+00:00,dds75-lb-10,2,-114,2.25,"{""Bat"": 3.357, ""Distance_mm"": 723, ""Interrupt_flag"": 0, ""Node_type"": ""DDS75-LB"", ""Sensor_flag"": 1, ""TempC_DS18B20"": 32.76}"
2025-09-21 04:52:14.941418566+00:00,dds75-lb-10,2,-36,8.75,"{""Bat"": 3.357, ""Distance_mm"": 724, ""Interrupt_flag"": 0, ""Node_type"": ""DDS75-LB"", ""Sensor_flag"": 1, ""TempC_DS18B20"": 32.76}"
2025-09-21 04:53:14.931702871+00:00,dds75-lb-10,2,-113,2.5,"{""Bat"": 3.357, ""Distance_mm"": 723, ""Interrupt_flag"": 0, ""Node_type"": ""DDS75-LB"", ""Sensor_flag"": 1, ""TempC_DS18B20"": 32.76}"
2025-09-21 04:54:14.957045230+00:00,dds75-lb-10,2,-35,8.0,"{""Bat"": 3.357, ""Distance_mm"": 723, ""Interrupt_flag"": 0, ""Node_type"": ""DDS75-LB"", ""Sensor_flag"": 1, ""TempC_DS18B20"": 32.76}"
2025-09-21 04:55:14.902142757+00:00,dds75-lb-10,2,-36,9.75,"{""Bat"": 3.357, ""Distance_mm"": 723, ""Interrupt_flag"": 0, ""Node_type"": ""DDS75-LB"", ""Sensor_flag"": 1, ""TempC_DS18B20"": 32.76}"
2025-09-21 04:56:14.908948755+00:00,dds75-lb-10,2,-37,9.5,"{""Bat"": 3.357, ""Distance_mm"": 723, ""Interrupt_flag"": 0, ""Node_type"": ""DDS75-LB"", ""Sensor_flag"": 1, ""TempC_DS18B20"": 32.76}"
2025-09-21 04:57:14.892066532+00:00,dds75-lb-10,2,-116,-0.25,"{""Bat"": 3.357, ""Distance_mm"": 723, ""Interrupt_flag"": 0, ""Node_type"": ""DDS75-LB"", ""Sensor_flag"": 1, ""TempC_DS18B20"": 32.76}"
2025-09-21 04:58:14.881648880+00:00,dds75-lb-10,2,-34,8.5,"{""Bat"": 3.357, ""Distance_mm"": 723, ""Interrupt_flag"": 0, ""Node_type"": ""DDS75-LB"", ""Sensor_flag"": 1, ""TempC_DS18B20"": 32.76}"
2025-09-21 04:59:14.863299541+00:00,dds75-lb-10,2,-115,1.0,"{""Bat"": 3.357, ""Distance_mm"": 723, ""Interrupt_flag"": 0, ""Node_type"": ""DDS75-LB"", ""Sensor_flag"": 1, ""TempC_DS18B20"": 32.76}"
2025-09-21 05:00:14.861701112+00:00,dds75-lb-10,2,-38,10.75,"{""Bat"": 3.357, ""Distance_mm"": 723, ""Interrupt_flag"": 0, ""Node_type"": ""DDS75-LB"", ""Sensor_flag"": 1, ""TempC_DS18B20"": 32.76}"
2025-09-21 05:01:14.863680913+00:00,dds75-lb-10,2,-37,7.25,"{""Bat"": 3.357, ""Distance_mm"": 723, ""Interrupt_flag"": 0, ""Node_type"": ""DDS75-LB"", ""Sensor_flag"": 1, ""TempC_DS18B20"": 32.76}"
2025-09-21 05:02:14.863334095+00:00,dds75-lb-10,2,-37,7.25,"{""Bat"": 3.357, ""Distance_mm"": 723, ""Interrupt_flag"": 0, ""Node_type"": ""DDS75-LB"", ""Sensor_flag"": 1, ""TempC_DS18B20"": 32.76}"
2025-09-21 05:03:14.823590117+00:00,dds75-lb-10,2,-37,9.25,"{""Bat"": 3.357, ""Distance_mm"": 723, ""Interrupt_flag"": 0, ""Node_type"": ""DDS75-LB"", ""Sensor_flag"": 1, ""TempC_DS18B20"": 32.76}"
2025-09-21 05:04:14.814943489+00:00,dds75-lb-10,2,-114,-8.75,"{""Bat"": 3.357, ""Distance_mm"": 723, ""Interrupt_flag"": 0, ""Node_type"": ""DDS75-LB"", ""Sensor_flag"": 1, ""TempC_DS18B20"": 32.76}"
2025-09-21 05:05:14.801137680+00:00,dds75-lb-10,2,-38,9.75,"{""Bat"": 3.357, ""Distance_mm"": 723, ""Interrupt_flag"": 0, ""Node_type"": ""DDS75-LB"", ""Sensor_flag"": 1, ""TempC_DS18B20"": 32.76}"
2025-09-21 05:06:14.813271729+00:00,dds75-lb-10,2,-37,7.0,"{""Bat"": 3.357, ""Distance_mm"": 723, ""Interrupt_flag"": 0, ""Node_type"": ""DDS75-LB"", ""Sensor_flag"": 1, ""TempC_DS18B20"": 32.76}"
2025-09-21 05:07:14.759902201+00:00,dds75-lb-10,2,-113,2.0,"{""Bat"": 3.357, ""Distance_mm"": 723, ""Interrupt_flag"": 0, ""Node_type"": ""DDS75-LB"", ""Sensor_flag"": 1, ""TempC_DS18B20"": 32.76}"
2025-09-21 05:08:14.771658335+00:00,dds75-lb-10,2,-115,,"{""Bat"": 3.357, ""Distance_mm"": 723, ""Interrupt_flag"": 0, ""Node_type"": ""DDS75-LB"", ""Sensor_flag"": 1, ""TempC_DS18B20"": 32.76}"
2025-09-21 05:09:14.773988783+00:00,dds75-lb-10,2,-35,7.75,"{""Bat"": 3.357, ""Distance_mm"": 723, ""Interrupt_flag"": 0, ""Node_type"": ""DDS75-LB"", ""Sensor_flag"": 1, ""TempC_DS18B20"": 32.76}"
2025-09-21 05:10:14.763956352+00:00,dds75-lb-10,2,-37,9.5,"{""Bat"": 3.357, ""Distance_mm"": 723, ""Interrupt_flag"": 0, ""Node_type"": ""DDS75-LB"", ""Sensor_flag"": 1, ""TempC_DS18B20"": 32.76}"
2025-09-21 05:11:14.731430308+00:00,dds75-lb-10,2,-38,10.5,"{""Bat"": 3.357, ""Distance_mm"": 723, ""Interrupt_flag"": 0, ""Node_type"": ""DDS75-LB"", ""Sensor_flag"": 1, ""TempC_DS18B20"": 32.76}"
2025-09-21 05:12:14.724659065+00:00,dds75-lb-10,2,-114,1.75,"{""Bat"": 3.357, ""Distance_mm"": 723, ""Interrupt_flag"": 0, ""Node_type"": ""DDS75-LB"", ""Sensor_flag"": 1, ""TempC_DS18B20"": 32.76}"
2025-09-21 05:13:14.721612829+00:00,dds75-lb-10,2,-37,10.25,"{""Bat"": 3.357, ""Distance_mm"": 723, ""Interrupt_flag"": 0, ""Node_type"": ""DDS75-LB"", ""Sensor_flag"": 1, ""TempC_DS18B20"": 32.76}"
2025-09-21 05:14:14.703473459+00:00,dds75-lb-10,2,-34,7.75,"{""Bat"": 3.357, ""Distance_mm"": 723, ""Interrupt_flag"": 0, ""Node_type"": ""DDS75-LB"", ""Sensor_flag"": 1, ""TempC_DS18B20"": 32.76}"
2025-09-21 05:15:14.687411836+00:00,dds75-lb-10,2,-34,9.5,"{""Bat"": 3.357, ""Distance_mm"": 723, ""Interrupt_flag"": 0, ""Node_type"": ""DDS75-LB"", ""Sensor_flag"": 1, ""TempC_DS18B20"": 32.76}"
2025-09-21 05:16:14.695623437+00:00,dds75-lb-10,2,-115,0.5,"{""Bat"": 3.357, ""Distance_mm"": 723, ""Interrupt_flag"": 0, ""Node_type"": ""DDS75-LB"", ""Sensor_flag"": 1, ""TempC_DS18B20"": 32.76}"
2025-09-21 05:17:14.675118307+00:00,dds75-lb-10,2,-33,6.75,"{""Bat"": 3.357, ""Distance_mm"": 723, ""Interrupt_flag"": 0, ""Node_type"": ""DDS75-LB"", ""Sensor_flag"": 1, ""TempC_DS18B20"": 32.76}"
2025-09-21 05:18:14.656189209+00:00,dds75-lb-10,2,-33,7.25,"{""Bat"": 3.357, ""Distance_mm"": 723, ""Interrupt_flag"": 0, ""Node_type"": ""DDS75-LB"", ""Sensor_flag"": 1, ""TempC_DS18B20"": 32.76}"
2025-09-21 05:19:14.657938284+00:00,dds75-lb-10,2,-37,8.25,"{""Bat"": 3.357, ""Distance_mm"": 723, ""Interrupt_flag"": 0, ""Node_type"": ""DDS75-LB"", ""Sensor_flag"": 1, ""TempC_DS18B20"": 32.76}"
2025-09-21 05:20:14.642287048+00:00,dds75-lb-10,2,-113,-4.25,"{""Bat"": 3.357, ""Distance_mm"": 723, ""Interrupt_flag"": 0, ""Node_type"": ""DDS75-LB"", ""Sensor_flag"": 1, ""TempC_DS18B20"": 32.76}"
2025-09-21 05:21:14.641582742+00:00,dds75-lb-10,2,-115,-0.5,"{""Bat"": 3.357, ""Distance_mm"": 723, ""Interrupt_flag"": 0, ""Node_type"": ""DDS75-LB"", ""Sensor_flag"": 1, ""TempC_DS18B20"": 32.76}"
2025-09-21 05:22:14.625408994+00:00,dds75-lb-10,2,-37,8.0,"{""Bat"": 3.357, ""Distance_mm"": 723, ""Interrupt_flag"": 0, ""Node_type"": ""DDS75-LB"", ""Sensor_flag"": 1, ""TempC_DS18B20"": 32.76}"
2025-09-21 05:23:14.610516330+00:00,dds75-lb-10,2,-37,9.5,"{""Bat"": 3.357, ""Distance_mm"": 723, ""Interrupt_flag"": 0, ""Node_type"": ""DDS75-LB"", ""Sensor_flag"": 1, ""TempC_DS18B20"": 32.76}"
2025-09-21 05:24:14.606315711+00:00,dds75-lb-10,2,-38,10.0,"{""Bat"": 3.357, ""Distance_mm"": 723, ""Interrupt_flag"": 0, ""Node_type"": ""DDS75-LB"", ""Sensor_flag"": 1, ""TempC_DS18B20"": 32.76}"
2025-09-21 05:25:14.578654064+00:00,dds75-lb-10,2,-33,8.25,"{""Bat"": 3.357, ""Distance_mm"": 723, ""Interrupt_flag"": 0, ""Node_type"": ""DDS75-LB"", ""Sensor_flag"": 1, ""TempC_DS18B20"": 32.76}"
2025-09-21 05:26:14.577735098+00:00,dds75-lb-10,2,-33,7.75,"{""Bat"": 3.357, ""Distance_mm"": 723, ""Interrupt_flag"": 0, ""Node_type"": ""DDS75-LB"", ""Sensor_flag"": 1, ""TempC_DS18B20"": 32.76}"
2025-09-21 05:27:14.577274868+00:00,dds75-lb-10,2,-38,9.0,"{""Bat"": 3.357, ""Distance_mm"": 723, ""Interrupt_flag"": 0, ""Node_type"": ""DDS75-LB"", ""Sensor_flag"": 1, ""TempC_DS18B20"": 32.76}"
2025-09-21 05:28:14.569153630+00:00,dds75-lb-10,2,-38,9.75,"{""Bat"": 3.357, ""Distance_mm"": 723, ""Interrupt_flag"": 0, ""Node_type"": ""DDS75-LB"", ""Sensor_flag"": 1, ""TempC_DS18B20"": 32.76}"
2025-09-21 05:29:14.549056884+00:00,dds75-lb-10,2,-34,8.75,"{""Bat"": 3.357, ""Distance_mm"": 723, ""Interrupt_flag"": 0, ""Node_type"": ""DDS75-LB"", ""Sensor_flag"": 1, ""TempC_DS18B20"": 32.76}"
2025-09-21 05:30:14.547758457+00:00,dds75-lb-10,2,-36,9.0,"{""Bat"": 3.357, ""Distance_mm"": 723, ""Interrupt_flag"": 0, ""Node_type"": ""DDS75-LB"", ""Sensor_flag"": 1, ""TempC_DS18B20"": 32.76}"
2025-09-21 05:31:14.528340175+00:00,dds75-lb-10,2,-35,9.5,"{""Bat"": 3.357, ""Distance_mm"": 723, ""Interrupt_flag"": 0, ""Node_type"": ""DDS75-LB"", ""Sensor_flag"": 1, ""TempC_DS18B20"": 32.76}"
2025-09-21 05:32:14.505358089+00:00,dds75-lb-10,2,-37,9.5,"{""Bat"": 3.357, ""Distance_mm"": 723, ""Interrupt_flag"": 0, ""Node_type"": ""DDS75-LB"", ""Sensor_flag"": 1, ""TempC_DS18B20"": 32.76}"
2025-09-21 05:33:14.510155818+00:00,dds75-lb-10,2,-33,8.0,"{""Bat"": 3.357, ""Distance_mm"": 723, ""Interrupt_flag"": 0, ""Node_type"": ""DDS75-LB"", ""Sensor_flag"": 1, ""TempC_DS18B20"": 32.76}"
2025-09-21 05:34:14.509508191+00:00,dds75-lb-10,2,-37,11.0,"{""Bat"": 3.357, ""Distance_mm"": 723, ""Interrupt_flag"": 0, ""Node_type"": ""DDS75-LB"", ""Sensor_flag"": 1, ""TempC_DS18B20"": 32.76}"
2025-09-21 05:35:14.486559407+00:00,dds75-lb-10,2,-114,2.75,"{""Bat"": 3.357, ""Distance_mm"": 723, ""Interrupt_flag"": 0, ""Node_type"": ""DDS75-LB"", ""Sensor_flag"": 1, ""TempC_DS18B20"": 32.76}"
2025-09-21 05:36:14.466746852+00:00,dds75-lb-10,2,-35,9.5,"{""Bat"": 3.357, ""Distance_mm"": 723, ""Interrupt_flag"": 0, ""Node_type"": ""DDS75-LB"", ""Sensor_flag"": 1, ""TempC_DS18B20"": 32.76}"
2025-09-21 05:37:14.468122277+00:00,dds75-lb-10,2,-37,10.0,"{""Bat"": 3.357, ""Distance_mm"": 723, ""Interrupt_flag"": 0, ""Node_type"": ""DDS75-LB"", ""Sensor_flag"": 1, ""TempC_DS18B20"": 32.76}"
2025-09-21 05:38:14.453474763+00:00,dds75-lb-10,2,-36,10.0,"{""Bat"": 3.357, ""Distance_mm"": 723, ""Interrupt_flag"": 0, ""Node_type"": ""DDS75-LB"", ""Sensor_flag"": 1, ""TempC_DS18B20"": 32.76}"
2025-09-21 05:39:14.446376505+00:00,dds75-lb-10,2,-35,9.25,"{""Bat"": 3.357, ""Distance_mm"": 723, ""Interrupt_flag"": 0, ""Node_type"": ""DDS75-LB"", ""Sensor_flag"": 1, ""TempC_DS18B20"": 32.76}"
2025-09-21 05:40:14.410725547+00:00,dds75-lb-10,2,-114,1.25,"{""Bat"": 3.357, ""Distance_mm"": 723, ""Interrupt_flag"": 0, ""Node_type"": ""DDS75-LB"", ""Sensor_flag"": 1, ""TempC_DS18B20"": 32.76}"
2025-09-21 05:41:14.406204192+00:00,dds75-lb-10,2,-37,9.75,"{""Bat"": 3.357, ""Distance_mm"": 723, ""Interrupt_flag"": 0, ""Node_type"": ""DDS75-LB"", ""Sensor_flag"": 1, ""TempC_DS18B20"": 32.76}"
2025-09-21 05:42:14.405145479+00:00,dds75-lb-10,2,-35,9.25,"{""Bat"": 3.357, ""Distance_mm"": 723, ""Interrupt_flag"": 0, ""Node_type"": ""DDS75-LB"", ""Sensor_flag"": 1, ""TempC_DS18B20"": 32.76}"
2025-09-21 05:43:14.402757894+00:00,dds75-lb-10,2,-115,1.25,"{""Bat"": 3.357, ""Distance_mm"": 723, ""Interrupt_flag"": 0, ""Node_type"": ""DDS75-LB"", ""Sensor_flag"": 1, ""TempC_DS18B20"": 32.76}"
2025-09-21 05:44:14.407754181+00:00,dds75-lb-10,2,-34,9.0,"{""Bat"": 3.357, ""Distance_mm"": 723, ""Interrupt_flag"": 0, ""Node_type"": ""DDS75-LB"", ""Sensor_flag"": 1, ""TempC_DS18B20"": 32.76}"
2025-09-21 05:45:14.367469265+00:00,dds75-lb-10,2,-115,0.5,"{""Bat"": 3.357, ""Distance_mm"": 723, ""Interrupt_flag"": 0, ""Node_type"": ""DDS75-LB"", ""Sensor_flag"": 1, ""TempC_DS18B20"": 32.76}"
2025-09-21 05:46:14.355628808+00:00,dds75-lb-10,2,-112,3.0,"{""Bat"": 3.357, ""Distance_mm"": 723, ""Interrupt_flag"": 0, ""Node_type"": ""DDS75-LB"", ""Sensor_flag"": 1, ""TempC_DS18B20"": 32.76}"
2025-09-21 05:47:14.334635829+00:00,dds75-lb-10,2,-114,1.5,"{""Bat"": 3.357, ""Distance_mm"": 723, ""Interrupt_flag"": 0, ""Node_type"": ""DDS75-LB"", ""Sensor_flag"": 1, ""TempC_DS18B20"": 32.76}"
2025-09-21 05:48:14.348323736+00:00,dds75-lb-10,2,-38,9.25,"{""Bat"": 3.357, ""Distance_mm"": 723, ""Interrupt_flag"": 0, ""Node_type"": ""DDS75-LB"", ""Sensor_flag"": 1, ""TempC_DS18B20"": 32.76}"
2025-09-21 05:49:14.317625202+00:00,dds75-lb-10,2,-115,0.25,"{""Bat"": 3.357, ""Distance_mm"": 723, ""Interrupt_flag"": 0, ""Node_type"": ""DDS75-LB"", ""Sensor_flag"": 1, ""TempC_DS18B20"": 32.76}"
2025-09-21 05:50:14.324198673+00:00,dds75-lb-10,2,-112,3.0,"{""Bat"": 3.357, ""Distance_mm"": 723, ""Interrupt_flag"": 0, ""Node_type"": ""DDS75-LB"", ""Sensor_flag"": 1, ""TempC_DS18B20"": 32.76}"
2025-09-21 05:51:14.307723640+00:00,dds75-lb-10,2,-37,7.75,"{""Bat"": 3.357, ""Distance_mm"": 723, ""Interrupt_flag"": 0, ""Node_type"": ""DDS75-LB"", ""Sensor_flag"": 1, ""TempC_DS18B20"": 32.76}"
2025-09-21 05:52:14.289925070+00:00,dds75-lb-10,2,-115,-3.75,"{""Bat"": 3.357, ""Distance_mm"": 723, ""Interrupt_flag"": 0, ""Node_type"": ""DDS75-LB"", ""Sensor_flag"": 1, ""TempC_DS18B20"": 32.76}"
2025-09-21 05:53:14.288149984+00:00,dds75-lb-10,2,-38,10.25,"{""Bat"": 3.357, ""Distance_mm"": 723, ""Interrupt_flag"": 0, ""Node_type"": ""DDS75-LB"", ""Sensor_flag"": 1, ""TempC_DS18B20"": 32.76}"
2025-09-21 05:54:14.269970175+00:00,dds75-lb-10,2,-114,-2.75,"{""Bat"": 3.357, ""Distance_mm"": 723, ""Interrupt_flag"": 0, ""Node_type"": ""DDS75-LB"", ""Sensor_flag"": 1, ""TempC_DS18B20"": 32.76}"
2025-09-21 05:55:14.257662410+00:00,dds75-lb-10,2,-116,0.5,"{""Bat"": 3.357, ""Distance_mm"": 723, ""Interrupt_flag"": 0, ""Node_type"": ""DDS75-LB"", ""Sensor_flag"": 1, ""TempC_DS18B20"": 32.76}"
2025-09-21 05:56:14.240040744+00:00,dds75-lb-10,2,-117,-0.75,"{""Bat"": 3.357, ""Distance_mm"": 723, ""Interrupt_flag"": 0, ""Node_type"": ""DDS75-LB"", ""Sensor_flag"": 1, ""TempC_DS18B20"": 32.76}"
2025-09-21 05:57:14.240444200+00:00,dds75-lb-10,2,-113,2.75,"{""Bat"": 3.357, ""Distance_mm"": 723, ""Interrupt_flag"": 0, ""Node_type"": ""DDS75-LB"", ""Sensor_flag"": 1, ""TempC_DS18B20"": 32.76}"
2025-09-21 05:58:14.231718695+00:00,dds75-lb-10,2,-37,9.25,"{""Bat"": 3.357, ""Distance_mm"": 723, ""Interrupt_flag"": 0, ""Node_type"": ""DDS75-LB"", ""Sensor_flag"": 1, ""TempC_DS18B20"": 32.76}"
2025-09-21 05:59:14.206917534+00:00,dds75-lb-10,2,-37,7.25,"{""Bat"": 3.357, ""Distance_mm"": 723, ""Interrupt_flag"": 0, ""Node_type"": ""DDS75-LB"", ""Sensor_flag"": 1, ""TempC_DS18B20"": 32.76}"
2025-09-21 06:00:14.213488292+00:00,dds75-lb-10,2,-33,9.25,"{""Bat"": 3.357, ""Distance_mm"": 723, ""Interrupt_flag"": 0, ""Node_type"": ""DDS75-LB"", ""Sensor_flag"": 1, ""TempC_DS18B20"": 32.76}"
2025-09-21 06:01:14.189335493+00:00,dds75-lb-10,2,-35,9.5,"{""Bat"": 3.357, ""Distance_mm"": 723, ""Interrupt_flag"": 0, ""Node_type"": ""DDS75-LB"", ""Sensor_flag"": 1, ""TempC_DS18B20"": 32.76}"
2025-09-21 06:02:14.179429457+00:00,dds75-lb-10,2,-37,10.25,"{""Bat"": 3.357, ""Distance_mm"": 723, ""Interrupt_flag"": 0, ""Node_type"": ""DDS75-LB"", ""Sensor_flag"": 1, ""TempC_DS18B20"": 32.76}"
2025-09-21 06:03:14.182939577+00:00,dds75-lb-10,2,-34,9.25,"{""Bat"": 3.357, ""Distance_mm"": 723, ""Interrupt_flag"": 0, ""Node_type"": ""DDS75-LB"", ""Sensor_flag"": 1, ""TempC_DS18B20"": 32.76}"
2025-09-21 06:04:14.181589175+00:00,dds75-lb-10,2,-35,9.0,"{""Bat"": 3.357, ""Distance_mm"": 723, ""Interrupt_flag"": 0, ""Node_type"": ""DDS75-LB"", ""Sensor_flag"": 1, ""TempC_DS18B20"": 32.76}"
2025-09-21 06:05:14.158007027+00:00,dds75-lb-10,2,-33,9.25,"{""Bat"": 3.357, ""Distance_mm"": 723, ""Interrupt_flag"": 0, ""Node_type"": ""DDS75-LB"", ""Sensor_flag"": 1, ""TempC_DS18B20"": 32.76}"
2025-09-21 06:06:14.131189470+00:00,dds75-lb-10,2,-115,0.5,"{""Bat"": 3.357, ""Distance_mm"": 723, ""Interrupt_flag"": 0, ""Node_type"": ""DDS75-LB"", ""Sensor_flag"": 1, ""TempC_DS18B20"": 32.76}"
2025-09-21 06:07:14.140223588+00:00,dds75-lb-10,2,-38,10.5,"{""Bat"": 3.357, ""Distance_mm"": 723, ""Interrupt_flag"": 0, ""Node_type"": ""DDS75-LB"", ""Sensor_flag"": 1, ""TempC_DS18B20"": 32.76}"
2025-09-21 06:08:14.114161811+00:00,dds75-lb-10,2,-125,-8.25,"{""Bat"": 3.357, ""Distance_mm"": 723, ""Interrupt_flag"": 0, ""Node_type"": ""DDS75-LB"", ""Sensor_flag"": 1, ""TempC_DS18B20"": 32.76}"
2025-09-21 06:09:14.103742586+00:00,dds75-lb-10,2,-114,2.25,"{""Bat"": 3.357, ""Distance_mm"": 723, ""Interrupt_flag"": 0, ""Node_type"": ""DDS75-LB"", ""Sensor_flag"": 1, ""TempC_DS18B20"": 32.76}"
2025-09-21 06:10:14.102040245+00:00,dds75-lb-10,2,-37,7.25,"{""Bat"": 3.357, ""Distance_mm"": 723, ""Interrupt_flag"": 0, ""Node_type"": ""DDS75-LB"", ""Sensor_flag"": 1, ""TempC_DS18B20"": 32.76}"
2025-09-21 06:11:14.074445655+00:00,dds75-lb-10,2,-121,-4.25,"{""Bat"": 3.357, ""Distance_mm"": 723, ""Interrupt_flag"": 0, ""Node_type"": ""DDS75-LB"", ""Sensor_flag"": 1, ""TempC_DS18B20"": 32.76}"
2025-09-21 06:12:14.064956724+00:00,dds75-lb-10,2,-115,0.25,"{""Bat"": 3.357, ""Distance_mm"": 723, ""Interrupt_flag"": 0, ""Node_type"": ""DDS75-LB"", ""Sensor_flag"": 1, ""TempC_DS18B20"": 32.76}"
2025-09-21 06:13:14.061544429+00:00,dds75-lb-10,2,-33,8.0,"{""Bat"": 3.357, ""Distance_mm"": 723, ""Interrupt_flag"": 0, ""Node_type"": ""DDS75-LB"", ""Sensor_flag"": 1, ""TempC_DS18B20"": 32.76}"
2025-09-21 06:14:14.046899095+00:00,dds75-lb-10,2,-116,-1.0,"{""Bat"": 3.357, ""Distance_mm"": 723, ""Interrupt_flag"": 0, ""Node_type"": ""DDS75-LB"", ""Sensor_flag"": 1, ""TempC_DS18B20"": 32.76}"
2025-09-21 06:15:14.034910365+00:00,dds75-lb-10,2,-121,-2.0,"{""Bat"": 3.357, ""Distance_mm"": 723, ""Interrupt_flag"": 0, ""Node_type"": ""DDS75-LB"", ""Sensor_flag"": 1, ""TempC_DS18B20"": 32.76}"
2025-09-21 06:16:14.025010186+00:00,dds75-lb-10,2,-115,0.75,"{""Bat"": 3.357, ""Distance_mm"": 723, ""Interrupt_flag"": 0, ""Node_type"": ""DDS75-LB"", ""Sensor_flag"": 1, ""TempC_DS18B20"": 32.76}"
2025-09-21 06:17:14.022378349+00:00,dds75-lb-10,2,-37,11.0,"{""Bat"": 3.357, ""Distance_mm"": 723, ""Interrupt_flag"": 0, ""Node_type"": ""DDS75-LB"", ""Sensor_flag"": 1, ""TempC_DS18B20"": 32.76}"
2025-09-21 06:18:13.999155809+00:00,dds75-lb-10,2,-37,7.75,"{""Bat"": 3.357, ""Distance_mm"": 723, ""Interrupt_flag"": 0, ""Node_type"": ""DDS75-LB"", ""Sensor_flag"": 1, ""TempC_DS18B20"": 32.76}"
2025-09-21 06:19:13.998220951+00:00,dds75-lb-10,2,-119,-2.75,"{""Bat"": 3.357, ""Distance_mm"": 723, ""Interrupt_flag"": 0, ""Node_type"": ""DDS75-LB"", ""Sensor_flag"": 1, ""TempC_DS18B20"": 32.76}"
2025-09-21 06:20:13.980293482+00:00,dds75-lb-10,2,-119,-2.75,"{""Bat"": 3.357, ""Distance_mm"": 723, ""Interrupt_flag"": 0, ""Node_type"": ""DDS75-LB"", ""Sensor_flag"": 1, ""TempC_DS18B20"": 32.76}"
2025-09-21 06:21:13.969607655+00:00,dds75-lb-10,2,-115,1.0,"{""Bat"": 3.357, ""Distance_mm"": 723, ""Interrupt_flag"": 0, ""Node_type"": ""DDS75-LB"", ""Sensor_flag"": 1, ""TempC_DS18B20"": 32.76}"
2025-09-21 06:22:13.967573771+00:00,dds75-lb-10,2,-37,9.25,"{""Bat"": 3.357, ""Distance_mm"": 723, ""Interrupt_flag"": 0, ""Node_type"": ""DDS75-LB"", ""Sensor_flag"": 1, ""TempC_DS18B20"": 32.76}"
2025-09-21 06:23:13.952661579+00:00,dds75-lb-10,2,-33,8.0,"{""Bat"": 3.357, ""Distance_mm"": 723, ""Interrupt_flag"": 0, ""Node_type"": ""DDS75-LB"", ""Sensor_flag"": 1, ""TempC_DS18B20"": 32.76}"
2025-09-21 06:24:13.966411143+00:00,dds75-lb-10,2,-35,9.75,"{""Bat"": 3.357, ""Distance_mm"": 723, ""Interrupt_flag"": 0, ""Node_type"": ""DDS75-LB"", ""Sensor_flag"": 1, ""TempC_DS18B20"": 32.76}"
2025-09-21 06:25:13.939380096+00:00,dds75-lb-10,2,-38,10.0,"{""Bat"": 3.357, ""Distance_mm"": 723, ""Interrupt_flag"": 0, ""Node_type"": ""DDS75-LB"", ""Sensor_flag"": 1, ""TempC_DS18B20"": 32.76}"
2025-09-21 06:26:13.929557167+00:00,dds75-lb-10,2,-35,9.25,"{""Bat"": 3.357, ""Distance_mm"": 723, ""Interrupt_flag"": 0, ""Node_type"": ""DDS75-LB"", ""Sensor_flag"": 1, ""TempC_DS18B20"": 32.76}"
2025-09-21 06:27:13.909200935+00:00,dds75-lb-10,2,-38,10.5,"{""Bat"": 3.357, ""Distance_mm"": 723, ""Interrupt_flag"": 0, ""Node_type"": ""DDS75-LB"", ""Sensor_flag"": 1, ""TempC_DS18B20"": 32.76}"
2025-09-21 06:28:13.889505903+00:00,dds75-lb-10,2,-115,1.5,"{""Bat"": 3.357, ""Distance_mm"": 723, ""Interrupt_flag"": 0, ""Node_type"": ""DDS75-LB"", ""Sensor_flag"": 1, ""TempC_DS18B20"": 32.76}"
2025-09-21 06:29:13.890573645+00:00,dds75-lb-10,2,-37,10.25,"{""Bat"": 3.357, ""Distance_mm"": 723, ""Interrupt_flag"": 0, ""Node_type"": ""DDS75-LB"", ""Sensor_flag"": 1, ""TempC_DS18B20"": 32.76}"
2025-09-21 06:30:13.882666463+00:00,dds75-lb-10,2,-32,7.5,"{""Bat"": 3.357, ""Distance_mm"": 723, ""Interrupt_flag"": 0, ""Node_type"": ""DDS75-LB"", ""Sensor_flag"": 1, ""TempC_DS18B20"": 32.76}"
2025-09-21 06:31:13.854931704+00:00,dds75-lb-10,2,-114,1.0,"{""Bat"": 3.357, ""Distance_mm"": 723, ""Interrupt_flag"": 0, ""Node_type"": ""DDS75-LB"", ""Sensor_flag"": 1, ""TempC_DS18B20"": 32.76}"
2025-09-21 06:32:13.847967516+00:00,dds75-lb-10,2,-117,-0.75,"{""Bat"": 3.357, ""Distance_mm"": 723, ""Interrupt_flag"": 0, ""Node_type"": ""DDS75-LB"", ""Sensor_flag"": 1, ""TempC_DS18B20"": 32.76}"
2025-09-21 06:33:13.862245333+00:00,dds75-lb-10,2,-38,9.5,"{""Bat"": 3.357, ""Distance_mm"": 723, ""Interrupt_flag"": 0, ""Node_type"": ""DDS75-LB"", ""Sensor_flag"": 1, ""TempC_DS18B20"": 32.76}"
2025-09-21 06:34:13.831839637+00:00,dds75-lb-10,2,-36,8.75,"{""Bat"": 3.357, ""Distance_mm"": 723, ""Interrupt_flag"": 0, ""Node_type"": ""DDS75-LB"", ""Sensor_flag"": 1, ""TempC_DS18B20"": 32.76}"
2025-09-21 06:35:13.811470652+00:00,dds75-lb-10,2,-35,9.5,"{""Bat"": 3.357, ""Distance_mm"": 723, ""Interrupt_flag"": 0, ""Node_type"": ""DDS75-LB"", ""Sensor_flag"": 1, ""TempC_DS18B20"": 32.76}"
2025-09-21 06:36:13.812636382+00:00,dds75-lb-10,2,-38,9.75,"{""Bat"": 3.357, ""Distance_mm"": 723, ""Interrupt_flag"": 0, ""Node_type"": ""DDS75-LB"", ""Sensor_flag"": 1, ""TempC_DS18B20"": 32.76}"
2025-09-21 06:37:13.792453173+00:00,dds75-lb-10,2,-37,10.5,"{""Bat"": 3.357, ""Distance_mm"": 723, ""Interrupt_flag"": 0, ""Node_type"": ""DDS75-LB"", ""Sensor_flag"": 1, ""TempC_DS18B20"": 32.76}"
2025-09-21 06:38:13.792457328+00:00,dds75-lb-10,2,-37,11.0,"{""Bat"": 3.357, ""Distance_mm"": 723, ""Interrupt_flag"": 0, ""Node_type"": ""DDS75-LB"", ""Sensor_flag"": 1, ""TempC_DS18B20"": 32.76}"
2025-09-21 06:39:13.780295476+00:00,dds75-lb-10,2,-35,7.0,"{""Bat"": 3.357, ""Distance_mm"": 723, ""Interrupt_flag"": 0, ""Node_type"": ""DDS75-LB"", ""Sensor_flag"": 1, ""TempC_DS18B20"": 32.76}"
2025-09-21 06:40:13.762185465+00:00,dds75-lb-10,2,-35,9.75,"{""Bat"": 3.357, ""Distance_mm"": 723, ""Interrupt_flag"": 0, ""Node_type"": ""DDS75-LB"", ""Sensor_flag"": 1, ""TempC_DS18B20"": 32.76}"
2025-09-21 06:41:13.761844976+00:00,dds75-lb-10,2,-35,9.0,"{""Bat"": 3.357, ""Distance_mm"": 723, ""Interrupt_flag"": 0, ""Node_type"": ""DDS75-LB"", ""Sensor_flag"": 1, ""TempC_DS18B20"": 32.76}"
2025-09-21 06:42:13.764144614+00:00,dds75-lb-10,2,-34,9.25,"{""Bat"": 3.357, ""Distance_mm"": 723, ""Interrupt_flag"": 0, ""Node_type"": ""DDS75-LB"", ""Sensor_flag"": 1, ""TempC_DS18B20"": 32.76}"
2025-09-21 06:43:13.743425037+00:00,dds75-lb-10,2,-38,10.5,"{""Bat"": 3.357, ""Distance_mm"": 723, ""Interrupt_flag"": 0, ""Node_type"": ""DDS75-LB"", ""Sensor_flag"": 1, ""TempC_DS18B20"": 32.76}"
2025-09-21 06:44:13.730244585+00:00,dds75-lb-10,2,-36,9.25,"{""Bat"": 3.357, ""Distance_mm"": 723, ""Interrupt_flag"": 0, ""Node_type"": ""DDS75-LB"", ""Sensor_flag"": 1, ""TempC_DS18B20"": 32.76}"
2025-09-21 06:45:13.714593485+00:00,dds75-lb-10,2,-117,-1.0,"{""Bat"": 3.357, ""Distance_mm"": 723, ""Interrupt_flag"": 0, ""Node_type"": ""DDS75-LB"", ""Sensor_flag"": 1, ""TempC_DS18B20"": 32.76}"
2025-09-21 06:46:13.725950764+00:00,dds75-lb-10,2,-37,10.25,"{""Bat"": 3.357, ""Distance_mm"": 723, ""Interrupt_flag"": 0, ""Node_type"": ""DDS75-LB"", ""Sensor_flag"": 1, ""TempC_DS18B20"": 32.76}"
2025-09-21 06:47:13.703913105+00:00,dds75-lb-10,2,-37,9.75,"{""Bat"": 3.357, ""Distance_mm"": 723, ""Interrupt_flag"": 0, ""Node_type"": ""DDS75-LB"", ""Sensor_flag"": 1, ""TempC_DS18B20"": 32.76}"
2025-09-21 06:48:13.688583716+00:00,dds75-lb-10,2,-113,2.5,"{""Bat"": 3.357, ""Distance_mm"": 723, ""Interrupt_flag"": 0, ""Node_type"": ""DDS75-LB"", ""Sensor_flag"": 1, ""TempC_DS18B20"": 32.76}"
2025-09-21 06:49:13.681147860+00:00,dds75-lb-10,2,-38,8.75,"{""Bat"": 3.357, ""Distance_mm"": 723, ""Interrupt_flag"": 0, ""Node_type"": ""DDS75-LB"", ""Sensor_flag"": 1, ""TempC_DS18B20"": 32.76}"
2025-09-21 06:50:13.661564182+00:00,dds75-lb-10,2,-118,-2.0,"{""Bat"": 3.357, ""Distance_mm"": 723, ""Interrupt_flag"": 0, ""Node_type"": ""DDS75-LB"", ""Sensor_flag"": 1, ""TempC_DS18B20"": 32.76}"
2025-09-21 06:51:13.651263059+00:00,dds75-lb-10,2,-121,-5.0,"{""Bat"": 3.357, ""Distance_mm"": 723, ""Interrupt_flag"": 0, ""Node_type"": ""DDS75-LB"", ""Sensor_flag"": 1, ""TempC_DS18B20"": 32.76}"
2025-09-21 06:52:13.662028115+00:00,dds75-lb-10,2,-37,10.0,"{""Bat"": 3.357, ""Distance_mm"": 723, ""Interrupt_flag"": 0, ""Node_type"": ""DDS75-LB"", ""Sensor_flag"": 1, ""TempC_DS18B20"": 32.76}"
2025-09-21 06:53:13.646123276+00:00,dds75-lb-10,2,-35,7.75,"{""Bat"": 3.357, ""Distance_mm"": 723, ""Interrupt_flag"": 0, ""Node_type"": ""DDS75-LB"", ""Sensor_flag"": 1, ""TempC_DS18B20"": 32.76}"
2025-09-21 06:54:13.627211263+00:00,dds75-lb-10,2,-115,0.75,"{""Bat"": 3.357, ""Distance_mm"": 723, ""Interrupt_flag"": 0, ""Node_type"": ""DDS75-LB"", ""Sensor_flag"": 1, ""TempC_DS18B20"": 32.76}"
2025-09-21 06:55:13.643395387+00:00,dds75-lb-10,2,-37,9.5,"{""Bat"": 3.357, ""Distance_mm"": 723, ""Interrupt_flag"": 0, ""Node_type"": ""DDS75-LB"", ""Sensor_flag"": 1, ""TempC_DS18B20"": 32.76}"
2025-09-21 06:56:13.635328921+00:00,dds75-lb-10,2,-37,10.0,"{""Bat"": 3.357, ""Distance_mm"": 723, ""Interrupt_flag"": 0, ""Node_type"": ""DDS75-LB"", ""Sensor_flag"": 1, ""TempC_DS18B20"": 32.76}"
2025-09-21 06:57:13.643957356+00:00,dds75-lb-10,2,-38,9.5,"{""Bat"": 3.357, ""Distance_mm"": 723, ""Interrupt_flag"": 0, ""Node_type"": ""DDS75-LB"", ""Sensor_flag"": 1, ""TempC_DS18B20"": 32.76}"
2025-09-21 06:58:13.605580921+00:00,dds75-lb-10,2,-117,-6.0,"{""Bat"": 3.357, ""Distance_mm"": 723, ""Interrupt_flag"": 0, ""Node_type"": ""DDS75-LB"", ""Sensor_flag"": 1, ""TempC_DS18B20"": 32.76}"
2025-09-21 06:59:13.566303710+00:00,dds75-lb-10,2,-34,9.25,"{""Bat"": 3.357, ""Distance_mm"": 723, ""Interrupt_flag"": 0, ""Node_type"": ""DDS75-LB"", ""Sensor_flag"": 1, ""TempC_DS18B20"": 32.76}"
2025-09-21 07:00:13.556675670+00:00,dds75-lb-10,2,-34,9.75,"{""Bat"": 3.357, ""Distance_mm"": 723, ""Interrupt_flag"": 0, ""Node_type"": ""DDS75-LB"", ""Sensor_flag"": 1, ""TempC_DS18B20"": 32.76}"
2025-09-21 07:01:13.544964075+00:00,dds75-lb-10,2,-35,9.75,"{""Bat"": 3.357, ""Distance_mm"": 723, ""Interrupt_flag"": 0, ""Node_type"": ""DDS75-LB"", ""Sensor_flag"": 1, ""TempC_DS18B20"": 32.76}"
2025-09-21 07:02:13.543367286+00:00,dds75-lb-10,2,-37,9.25,"{""Bat"": 3.357, ""Distance_mm"": 723, ""Interrupt_flag"": 0, ""Node_type"": ""DDS75-LB"", ""Sensor_flag"": 1, ""TempC_DS18B20"": 32.76}"
2025-09-21 07:03:13.517775987+00:00,dds75-lb-10,2,-33,7.5,"{""Bat"": 3.357, ""Distance_mm"": 723, ""Interrupt_flag"": 0, ""Node_type"": ""DDS75-LB"", ""Sensor_flag"": 1, ""TempC_DS18B20"": 32.76}"
2025-09-21 07:04:13.522230343+00:00,dds75-lb-10,2,-33,9.5,"{""Bat"": 3.357, ""Distance_mm"": 723, ""Interrupt_flag"": 0, ""Node_type"": ""DDS75-LB"", ""Sensor_flag"": 1, ""TempC_DS18B20"": 32.76}"
2025-09-21 07:05:13.502752518+00:00,dds75-lb-10,2,-37,10.5,"{""Bat"": 3.357, ""Distance_mm"": 723, ""Interrupt_flag"": 0, ""Node_type"": ""DDS75-LB"", ""Sensor_flag"": 1, ""TempC_DS18B20"": 32.76}"
2025-09-21 07:06:13.491765838+00:00,dds75-lb-10,2,-117,-1.5,"{""Bat"": 3.357, ""Distance_mm"": 723, ""Interrupt_flag"": 0, ""Node_type"": ""DDS75-LB"", ""Sensor_flag"": 1, ""TempC_DS18B20"": 32.76}"
2025-09-21 07:07:13.472251110+00:00,dds75-lb-10,2,-122,-6.0,"{""Bat"": 3.357, ""Distance_mm"": 723, ""Interrupt_flag"": 0, ""Node_type"": ""DDS75-LB"", ""Sensor_flag"": 1, ""TempC_DS18B20"": 32.76}"
2025-09-21 07:08:13.454861392+00:00,dds75-lb-10,2,-117,-1.75,"{""Bat"": 3.357, ""Distance_mm"": 723, ""Interrupt_flag"": 0, ""Node_type"": ""DDS75-LB"", ""Sensor_flag"": 1, ""TempC_DS18B20"": 32.76}"
2025-09-21 07:09:13.452562324+00:00,dds75-lb-10,2,-120,-4.5,"{""Bat"": 3.357, ""Distance_mm"": 723, ""Interrupt_flag"": 0, ""Node_type"": ""DDS75-LB"", ""Sensor_flag"": 1, ""TempC_DS18B20"": 32.76}"
2025-09-21 07:10:13.466041421+00:00,dds75-lb-10,2,-37,9.75,"{""Bat"": 3.357, ""Distance_mm"": 723, ""Interrupt_flag"": 0, ""Node_type"": ""DDS75-LB"", ""Sensor_flag"": 1, ""TempC_DS18B20"": 32.76}"
2025-09-21 07:11:13.436223214+00:00,dds75-lb-10,2,-32,7.5,"{""Bat"": 3.357, ""Distance_mm"": 723, ""Interrupt_flag"": 0, ""Node_type"": ""DDS75-LB"", ""Sensor_flag"": 1, ""TempC_DS18B20"": 32.76}"
2025-09-21 07:12:13.423965521+00:00,dds75-lb-10,2,-35,9.25,"{""Bat"": 3.357, ""Distance_mm"": 723, ""Interrupt_flag"": 0, ""Node_type"": ""DDS75-LB"", ""Sensor_flag"": 1, ""TempC_DS18B20"": 32.76}"
2025-09-21 07:13:13.423679221+00:00,dds75-lb-10,2,-36,9.5,"{""Bat"": 3.357, ""Distance_mm"": 723, ""Interrupt_flag"": 0, ""Node_type"": ""DDS75-LB"", ""Sensor_flag"": 1, ""TempC_DS18B20"": 32.76}"
2025-09-21 07:14:13.417548541+00:00,dds75-lb-10,2,-37,10.25,"{""Bat"": 3.357, ""Distance_mm"": 723, ""Interrupt_flag"": 0, ""Node_type"": ""DDS75-LB"", ""Sensor_flag"": 1, ""TempC_DS18B20"": 32.76}"
2025-09-21 07:15:13.396802871+00:00,dds75-lb-10,2,-37,9.5,"{""Bat"": 3.357, ""Distance_mm"": 723, ""Interrupt_flag"": 0, ""Node_type"": ""DDS75-LB"", ""Sensor_flag"": 1, ""TempC_DS18B20"": 32.76}"
2025-09-21 07:16:13.384701203+00:00,dds75-lb-10,2,-38,9.0,"{""Bat"": 3.357, ""Distance_mm"": 723, ""Interrupt_flag"": 0, ""Node_type"": ""DDS75-LB"", ""Sensor_flag"": 1, ""TempC_DS18B20"": 32.76}"
2025-09-21 07:17:13.368370810+00:00,dds75-lb-10,2,-35,7.5,"{""Bat"": 3.357, ""Distance_mm"": 723, ""Interrupt_flag"": 0, ""Node_type"": ""DDS75-LB"", ""Sensor_flag"": 1, ""TempC_DS18B20"": 32.76}"
2025-09-21 07:18:13.358897049+00:00,dds75-lb-10,2,-37,10.0,"{""Bat"": 3.357, ""Distance_mm"": 723, ""Interrupt_flag"": 0, ""Node_type"": ""DDS75-LB"", ""Sensor_flag"": 1, ""TempC_DS18B20"": 32.76}"
2025-09-21 07:19:13.342023060+00:00,dds75-lb-10,2,-38,10.0,"{""Bat"": 3.357, ""Distance_mm"": 723, ""Interrupt_flag"": 0, ""Node_type"": ""DDS75-LB"", ""Sensor_flag"": 1, ""TempC_DS18B20"": 32.76}"
2025-09-21 07:20:13.332004572+00:00,dds75-lb-10,2,-35,9.75,"{""Bat"": 3.357, ""Distance_mm"": 723, ""Interrupt_flag"": 0, ""Node_type"": ""DDS75-LB"", ""Sensor_flag"": 1, ""TempC_DS18B20"": 32.76}"
2025-09-21 07:21:13.321305871+00:00,dds75-lb-10,2,-116,-4.25,"{""Bat"": 3.357, ""Distance_mm"": 723, ""Interrupt_flag"": 0, ""Node_type"": ""DDS75-LB"", ""Sensor_flag"": 1, ""TempC_DS18B20"": 32.76}"
2025-09-21 07:22:13.328186193+00:00,dds75-lb-10,2,-37,10.0,"{""Bat"": 3.357, ""Distance_mm"": 723, ""Interrupt_flag"": 0, ""Node_type"": ""DDS75-LB"", ""Sensor_flag"": 1, ""TempC_DS18B20"": 32.76}"
2025-09-21 07:23:13.301455460+00:00,dds75-lb-10,2,-121,-4.5,"{""Bat"": 3.357, ""Distance_mm"": 723, ""Interrupt_flag"": 0, ""Node_type"": ""DDS75-LB"", ""Sensor_flag"": 1, ""TempC_DS18B20"": 32.76}"
2025-09-21 07:24:13.280441520+00:00,dds75-lb-10,2,-117,-1.25,"{""Bat"": 3.357, ""Distance_mm"": 723, ""Interrupt_flag"": 0, ""Node_type"": ""DDS75-LB"", ""Sensor_flag"": 1, ""TempC_DS18B20"": 32.76}"
2025-09-21 07:25:13.283402220+00:00,dds75-lb-10,2,-119,-2.5,"{""Bat"": 3.357, ""Distance_mm"": 723, ""Interrupt_flag"": 0, ""Node_type"": ""DDS75-LB"", ""Sensor_flag"": 1, ""TempC_DS18B20"": 32.76}"
2025-09-21 07:26:13.279585161+00:00,dds75-lb-10,2,-35,8.5,"{""Bat"": 3.357, ""Distance_mm"": 723, ""Interrupt_flag"": 0, ""Node_type"": ""DDS75-LB"", ""Sensor_flag"": 1, ""TempC_DS18B20"": 32.76}"
2025-09-21 07:27:13.258288568+00:00,dds75-lb-10,2,-118,-1.5,"{""Bat"": 3.357, ""Distance_mm"": 723, ""Interrupt_flag"": 0, ""Node_type"": ""DDS75-LB"", ""Sensor_flag"": 1, ""TempC_DS18B20"": 32.76}"
2025-09-21 07:28:13.247778669+00:00,dds75-lb-10,2,-118,-2.0,"{""Bat"": 3.357, ""Distance_mm"": 723, ""Interrupt_flag"": 0, ""Node_type"": ""DDS75-LB"", ""Sensor_flag"": 1, ""TempC_DS18B20"": 32.76}"
2025-09-21 07:29:13.241216804+00:00,dds75-lb-10,2,-35,8.5,"{""Bat"": 3.357, ""Distance_mm"": 723, ""Interrupt_flag"": 0, ""Node_type"": ""DDS75-LB"", ""Sensor_flag"": 1, ""TempC_DS18B20"": 32.76}"
2025-09-21 07:30:13.251286509+00:00,dds75-lb-10,2,-37,8.0,"{""Bat"": 3.357, ""Distance_mm"": 723, ""Interrupt_flag"": 0, ""Node_type"": ""DDS75-LB"", ""Sensor_flag"": 1, ""TempC_DS18B20"": 32.76}"
2025-09-21 07:31:13.229049167+00:00,dds75-lb-10,2,-35,10.0,"{""Bat"": 3.357, ""Distance_mm"": 723, ""Interrupt_flag"": 0, ""Node_type"": ""DDS75-LB"", ""Sensor_flag"": 1, ""TempC_DS18B20"": 32.76}"
2025-09-21 07:32:13.227886010+00:00,dds75-lb-10,2,-38,10.0,"{""Bat"": 3.357, ""Distance_mm"": 723, ""Interrupt_flag"": 0, ""Node_type"": ""DDS75-LB"", ""Sensor_flag"": 1, ""TempC_DS18B20"": 32.76}"
2025-09-21 07:33:13.202871005+00:00,dds75-lb-10,2,-116,-0.75,"{""Bat"": 3.357, ""Distance_mm"": 723, ""Interrupt_flag"": 0, ""Node_type"": ""DDS75-LB"", ""Sensor_flag"": 1, ""TempC_DS18B20"": 32.76}"
2025-09-21 07:34:13.195066168+00:00,dds75-lb-10,2,-115,0.25,"{""Bat"": 3.357, ""Distance_mm"": 723, ""Interrupt_flag"": 0, ""Node_type"": ""DDS75-LB"", ""Sensor_flag"": 1, ""TempC_DS18B20"": 32.76}"
2025-09-21 07:35:13.167867662+00:00,dds75-lb-10,2,-35,7.25,"{""Bat"": 3.357, ""Distance_mm"": 723, ""Interrupt_flag"": 0, ""Node_type"": ""DDS75-LB"", ""Sensor_flag"": 1, ""TempC_DS18B20"": 32.76}"
2025-09-21 07:36:13.161456179+00:00,dds75-lb-10,2,-122,-5.75,"{""Bat"": 3.357, ""Distance_mm"": 723, ""Interrupt_flag"": 0, ""Node_type"": ""DDS75-LB"", ""Sensor_flag"": 1, ""TempC_DS18B20"": 32.76}"
2025-09-21 07:37:13.157327173+00:00,dds75-lb-10,2,-38,9.75,"{""Bat"": 3.357, ""Distance_mm"": 723, ""Interrupt_flag"": 0, ""Node_type"": ""DDS75-LB"", ""Sensor_flag"": 1, ""TempC_DS18B20"": 32.76}"
2025-09-21 07:38:13.167071924+00:00,dds75-lb-10,2,-37,10.0,"{""Bat"": 3.357, ""Distance_mm"": 723, ""Interrupt_flag"": 0, ""Node_type"": ""DDS75-LB"", ""Sensor_flag"": 1, ""TempC_DS18B20"": 32.76}"
2025-09-21 07:39:13.127921925+00:00,dds75-lb-10,2,-119,-3.25,"{""Bat"": 3.357, ""Distance_mm"": 723, ""Interrupt_flag"": 0, ""Node_type"": ""DDS75-LB"", ""Sensor_flag"": 1, ""TempC_DS18B20"": 32.76}"
2025-09-21 07:40:13.128485905+00:00,dds75-lb-10,2,-37,9.5,"{""Bat"": 3.357, ""Distance_mm"": 723, ""Interrupt_flag"": 0, ""Node_type"": ""DDS75-LB"", ""Sensor_flag"": 1, ""TempC_DS18B20"": 32.76}"
2025-09-21 07:41:13.097255548+00:00,dds75-lb-10,2,-114,1.25,"{""Bat"": 3.357, ""Distance_mm"": 723, ""Interrupt_flag"": 0, ""Node_type"": ""DDS75-LB"", ""Sensor_flag"": 1, ""TempC_DS18B20"": 32.76}"
2025-09-21 07:42:13.088848705+00:00,dds75-lb-10,2,-35,7.75,"{""Bat"": 3.357, ""Distance_mm"": 723, ""Interrupt_flag"": 0, ""Node_type"": ""DDS75-LB"", ""Sensor_flag"": 1, ""TempC_DS18B20"": 32.76}"
2025-09-21 07:43:13.092064032+00:00,dds75-lb-10,2,-38,10.0,"{""Bat"": 3.357, ""Distance_mm"": 723, ""Interrupt_flag"": 0, ""Node_type"": ""DDS75-LB"", ""Sensor_flag"": 1, ""TempC_DS18B20"": 32.76}"
2025-09-21 07:44:13.081201132+00:00,dds75-lb-10,2,-37,11.25,"{""Bat"": 3.357, ""Distance_mm"": 723, ""Interrupt_flag"": 0, ""Node_type"": ""DDS75-LB"", ""Sensor_flag"": 1, ""TempC_DS18B20"": 32.76}"
2025-09-21 07:45:13.071819499+00:00,dds75-lb-10,2,-33,9.5,"{""Bat"": 3.357, ""Distance_mm"": 723, ""Interrupt_flag"": 0, ""Node_type"": ""DDS75-LB"", ""Sensor_flag"": 1, ""TempC_DS18B20"": 32.76}"
2025-09-21 07:46:13.058509255+00:00,dds75-lb-10,2,-35,8.0,"{""Bat"": 3.357, ""Distance_mm"": 723, ""Interrupt_flag"": 0, ""Node_type"": ""DDS75-LB"", ""Sensor_flag"": 1, ""TempC_DS18B20"": 32.76}"
2025-09-21 07:47:13.042895403+00:00,dds75-lb-10,2,-34,9.5,"{""Bat"": 3.357, ""Distance_mm"": 723, ""Interrupt_flag"": 0, ""Node_type"": ""DDS75-LB"", ""Sensor_flag"": 1, ""TempC_DS18B20"": 32.76}"
2025-09-21 07:48:13.041637022+00:00,dds75-lb-10,2,-37,9.0,"{""Bat"": 3.357, ""Distance_mm"": 723, ""Interrupt_flag"": 0, ""Node_type"": ""DDS75-LB"", ""Sensor_flag"": 1, ""TempC_DS18B20"": 32.76}"
2025-09-21 07:49:13.013698160+00:00,dds75-lb-10,2,-35,7.75,"{""Bat"": 3.357, ""Distance_mm"": 723, ""Interrupt_flag"": 0, ""Node_type"": ""DDS75-LB"", ""Sensor_flag"": 1, ""TempC_DS18B20"": 32.76}"
2025-09-21 07:50:12.998491254+00:00,dds75-lb-10,2,-35,7.75,"{""Bat"": 3.357, ""Distance_mm"": 723, ""Interrupt_flag"": 0, ""Node_type"": ""DDS75-LB"", ""Sensor_flag"": 1, ""TempC_DS18B20"": 32.76}"
2025-09-21 07:51:12.992083802+00:00,dds75-lb-10,2,-117,-1.5,"{""Bat"": 3.357, ""Distance_mm"": 723, ""Interrupt_flag"": 0, ""Node_type"": ""DDS75-LB"", ""Sensor_flag"": 1, ""TempC_DS18B20"": 32.76}"
2025-09-21 07:52:12.998169136+00:00,dds75-lb-10,2,-35,9.5,"{""Bat"": 3.357, ""Distance_mm"": 723, ""Interrupt_flag"": 0, ""Node_type"": ""DDS75-LB"", ""Sensor_flag"": 1, ""TempC_DS18B20"": 32.76}"
2025-09-21 07:53:12.983705757+00:00,dds75-lb-10,2,-37,9.5,"{""Bat"": 3.357, ""Distance_mm"": 723, ""Interrupt_flag"": 0, ""Node_type"": ""DDS75-LB"", ""Sensor_flag"": 1, ""TempC_DS18B20"": 32.76}"
2025-09-21 07:54:12.974195253+00:00,dds75-lb-10,2,-119,-3.0,"{""Bat"": 3.357, ""Distance_mm"": 723, ""Interrupt_flag"": 0, ""Node_type"": ""DDS75-LB"", ""Sensor_flag"": 1, ""TempC_DS18B20"": 32.76}"
2025-09-21 07:55:12.951171824+00:00,dds75-lb-10,2,-35,9.0,"{""Bat"": 3.357, ""Distance_mm"": 723, ""Interrupt_flag"": 0, ""Node_type"": ""DDS75-LB"", ""Sensor_flag"": 1, ""TempC_DS18B20"": 32.76}"
2025-09-21 07:56:12.962264695+00:00,dds75-lb-10,2,-35,9.25,"{""Bat"": 3.357, ""Distance_mm"": 723, ""Interrupt_flag"": 0, ""Node_type"": ""DDS75-LB"", ""Sensor_flag"": 1, ""TempC_DS18B20"": 32.76}"
2025-09-21 07:57:12.922366102+00:00,dds75-lb-10,2,-116,0.25,"{""Bat"": 3.357, ""Distance_mm"": 723, ""Interrupt_flag"": 0, ""Node_type"": ""DDS75-LB"", ""Sensor_flag"": 1, ""TempC_DS18B20"": 32.76}"
2025-09-21 07:58:12.927734320+00:00,dds75-lb-10,2,-35,7.75,"{""Bat"": 3.357, ""Distance_mm"": 723, ""Interrupt_flag"": 0, ""Node_type"": ""DDS75-LB"", ""Sensor_flag"": 1, ""TempC_DS18B20"": 32.76}"
2025-09-21 07:59:12.918213424+00:00,dds75-lb-10,2,-37,7.5,"{""Bat"": 3.357, ""Distance_mm"": 723, ""Interrupt_flag"": 0, ""Node_type"": ""DDS75-LB"", ""Sensor_flag"": 1, ""TempC_DS18B20"": 32.76}"
2025-09-21 08:00:12.912061911+00:00,dds75-lb-10,2,-37,10.25,"{""Bat"": 3.357, ""Distance_mm"": 723, ""Interrupt_flag"": 0, ""Node_type"": ""DDS75-LB"", ""Sensor_flag"": 1, ""TempC_DS18B20"": 32.76}"
2025-09-21 08:01:12.894324146+00:00,dds75-lb-10,2,-38,9.5,"{""Bat"": 3.357, ""Distance_mm"": 723, ""Interrupt_flag"": 0, ""Node_type"": ""DDS75-LB"", ""Sensor_flag"": 1, ""TempC_DS18B20"": 32.76}"
2025-09-21 08:02:12.869378170+00:00,dds75-lb-10,2,-35,7.75,"{""Bat"": 3.357, ""Distance_mm"": 723, ""Interrupt_flag"": 0, ""Node_type"": ""DDS75-LB"", ""Sensor_flag"": 1, ""TempC_DS18B20"": 32.76}"
2025-09-21 08:03:12.868486406+00:00,dds75-lb-10,2,-37,10.5,"{""Bat"": 3.357, ""Distance_mm"": 723, ""Interrupt_flag"": 0, ""Node_type"": ""DDS75-LB"", ""Sensor_flag"": 1, ""TempC_DS18B20"": 32.76}"
2025-09-21 08:04:12.858362345+00:00,dds75-lb-10,2,-34,9.75,"{""Bat"": 3.357, ""Distance_mm"": 723, ""Interrupt_flag"": 0, ""Node_type"": ""DDS75-LB"", ""Sensor_flag"": 1, ""TempC_DS18B20"": 32.76}"
2025-09-21 08:05:12.844641694+00:00,dds75-lb-10,2,-33,9.75,"{""Bat"": 3.357, ""Distance_mm"": 723, ""Interrupt_flag"": 0, ""Node_type"": ""DDS75-LB"", ""Sensor_flag"": 1, ""TempC_DS18B20"": 32.76}"
2025-09-21 08:06:12.836529088+00:00,dds75-lb-10,2,-120,-4.25,"{""Bat"": 3.357, ""Distance_mm"": 723, ""Interrupt_flag"": 0, ""Node_type"": ""DDS75-LB"", ""Sensor_flag"": 1, ""TempC_DS18B20"": 32.76}"
2025-09-21 08:07:12.848511051+00:00,dds75-lb-10,2,-35,7.5,"{""Bat"": 3.357, ""Distance_mm"": 723, ""Interrupt_flag"": 0, ""Node_type"": ""DDS75-LB"", ""Sensor_flag"": 1, ""TempC_DS18B20"": 32.76}"
2025-09-21 08:08:12.812242624+00:00,dds75-lb-10,2,-38,10.25,"{""Bat"": 3.357, ""Distance_mm"": 723, ""Interrupt_flag"": 0, ""Node_type"": ""DDS75-LB"", ""Sensor_flag"": 1, ""TempC_DS18B20"": 32.76}"
2025-09-21 08:09:12.814733042+00:00,dds75-lb-10,2,-113,-7.0,"{""Bat"": 3.357, ""Distance_mm"": 723, ""Interrupt_flag"": 0, ""Node_type"": ""DDS75-LB"", ""Sensor_flag"": 1, ""TempC_DS18B20"": 32.76}"
2025-09-21 08:10:12.798212735+00:00,dds75-lb-10,2,-37,10.0,"{""Bat"": 3.357, ""Distance_mm"": 723, ""Interrupt_flag"": 0, ""Node_type"": ""DDS75-LB"", ""Sensor_flag"": 1, ""TempC_DS18B20"": 32.76}"
2025-09-21 08:11:12.771598485+00:00,dds75-lb-10,2,-37,9.75,"{""Bat"": 3.357, ""Distance_mm"": 723, ""Interrupt_flag"": 0, ""Node_type"": ""DDS75-LB"", ""Sensor_flag"": 1, ""TempC_DS18B20"": 32.76}"
2025-09-21 08:12:12.768108646+00:00,dds75-lb-10,2,-35,9.25,"{""Bat"": 3.357, ""Distance_mm"": 723, ""Interrupt_flag"": 0, ""Node_type"": ""DDS75-LB"", ""Sensor_flag"": 1, ""TempC_DS18B20"": 32.76}"
2025-09-21 08:13:12.761458871+00:00,dds75-lb-10,2,-35,7.75,"{""Bat"": 3.357, ""Distance_mm"": 723, ""Interrupt_flag"": 0, ""Node_type"": ""DDS75-LB"", ""Sensor_flag"": 1, ""TempC_DS18B20"": 32.76}"
2025-09-21 08:14:12.763015821+00:00,dds75-lb-10,2,-33,9.5,"{""Bat"": 3.357, ""Distance_mm"": 723, ""Interrupt_flag"": 0, ""Node_type"": ""DDS75-LB"", ""Sensor_flag"": 1, ""TempC_DS18B20"": 32.76}"
2025-09-21 08:15:12.740733897+00:00,dds75-lb-10,2,-35,7.75,"{""Bat"": 3.357, ""Distance_mm"": 723, ""Interrupt_flag"": 0, ""Node_type"": ""DDS75-LB"", ""Sensor_flag"": 1, ""TempC_DS18B20"": 32.76}"
2025-09-21 08:16:12.742434733+00:00,dds75-lb-10,2,-35,9.25,"{""Bat"": 3.357, ""Distance_mm"": 723, ""Interrupt_flag"": 0, ""Node_type"": ""DDS75-LB"", ""Sensor_flag"": 1, ""TempC_DS18B20"": 32.76}"
2025-09-21 08:17:12.714609578+00:00,dds75-lb-10,2,-113,2.0,"{""Bat"": 3.357, ""Distance_mm"": 723, ""Interrupt_flag"": 0, ""Node_type"": ""DDS75-LB"", ""Sensor_flag"": 1, ""TempC_DS18B20"": 32.76}"
2025-09-21 08:18:12.719759973+00:00,dds75-lb-10,2,-37,7.75,"{""Bat"": 3.357, ""Distance_mm"": 723, ""Interrupt_flag"": 0, ""Node_type"": ""DDS75-LB"", ""Sensor_flag"": 1, ""TempC_DS18B20"": 32.76}"
2025-09-21 08:19:12.688832792+00:00,dds75-lb-10,2,-36,11.0,"{""Bat"": 3.357, ""Distance_mm"": 723, ""Interrupt_flag"": 0, ""Node_type"": ""DDS75-LB"", ""Sensor_flag"": 1, ""TempC_DS18B20"": 32.76}"
2025-09-21 08:20:12.688530999+00:00,dds75-lb-10,2,-34,9.25,"{""Bat"": 3.357, ""Distance_mm"": 723, ""Interrupt_flag"": 0, ""Node_type"": ""DDS75-LB"", ""Sensor_flag"": 1, ""TempC_DS18B20"": 32.76}"
2025-09-21 08:21:12.681461993+00:00,dds75-lb-10,2,-35,8.0,"{""Bat"": 3.357, ""Distance_mm"": 723, ""Interrupt_flag"": 0, ""Node_type"": ""DDS75-LB"", ""Sensor_flag"": 1, ""TempC_DS18B20"": 32.76}"
2025-09-21 08:22:12.661765950+00:00,dds75-lb-10,2,-33,9.25,"{""Bat"": 3.357, ""Distance_mm"": 723, ""Interrupt_flag"": 0, ""Node_type"": ""DDS75-LB"", ""Sensor_flag"": 1, ""TempC_DS18B20"": 32.76}"
2025-09-21 08:23:12.648371494+00:00,dds75-lb-10,2,-33,8.25,"{""Bat"": 3.357, ""Distance_mm"": 723, ""Interrupt_flag"": 0, ""Node_type"": ""DDS75-LB"", ""Sensor_flag"": 1, ""TempC_DS18B20"": 32.76}"
2025-09-21 08:24:12.628488206+00:00,dds75-lb-10,2,-38,10.5,"{""Bat"": 3.357, ""Distance_mm"": 723, ""Interrupt_flag"": 0, ""Node_type"": ""DDS75-LB"", ""Sensor_flag"": 1, ""TempC_DS18B20"": 32.76}"
2025-09-21 08:25:12.640496227+00:00,dds75-lb-10,2,-38,8.75,"{""Bat"": 3.357, ""Distance_mm"": 723, ""Interrupt_flag"": 0, ""Node_type"": ""DDS75-LB"", ""Sensor_flag"": 1, ""TempC_DS18B20"": 32.76}"
2025-09-21 08:26:12.619979991+00:00,dds75-lb-10,2,-37,9.0,"{""Bat"": 3.357, ""Distance_mm"": 723, ""Interrupt_flag"": 0, ""Node_type"": ""DDS75-LB"", ""Sensor_flag"": 1, ""TempC_DS18B20"": 32.76}"
2025-09-21 08:27:12.601152339+00:00,dds75-lb-10,2,-33,9.5,"{""Bat"": 3.357, ""Distance_mm"": 723, ""Interrupt_flag"": 0, ""Node_type"": ""DDS75-LB"", ""Sensor_flag"": 1, ""TempC_DS18B20"": 32.76}"
2025-09-21 08:28:12.597846303+00:00,dds75-lb-10,2,-120,-5.5,"{""Bat"": 3.357, ""Distance_mm"": 723, ""Interrupt_flag"": 0, ""Node_type"": ""DDS75-LB"", ""Sensor_flag"": 1, ""TempC_DS18B20"": 32.76}"
2025-09-21 08:29:12.590898117+00:00,dds75-lb-10,2,-35,9.0,"{""Bat"": 3.357, ""Distance_mm"": 723, ""Interrupt_flag"": 0, ""Node_type"": ""DDS75-LB"", ""Sensor_flag"": 1, ""TempC_DS18B20"": 32.76}"
2025-09-21 08:30:12.570772695+00:00,dds75-lb-10,2,-35,9.25,"{""Bat"": 3.357, ""Distance_mm"": 723, ""Interrupt_flag"": 0, ""Node_type"": ""DDS75-LB"", ""Sensor_flag"": 1, ""TempC_DS18B20"": 32.76}"
2025-09-21 08:31:12.578965392+00:00,dds75-lb-10,2,-37,7.25,"{""Bat"": 3.357, ""Distance_mm"": 723, ""Interrupt_flag"": 0, ""Node_type"": ""DDS75-LB"", ""Sensor_flag"": 1, ""TempC_DS18B20"": 32.76}"
2025-09-21 08:32:12.542718790+00:00,dds75-lb-10,2,-35,9.25,"{""Bat"": 3.357, ""Distance_mm"": 723, ""Interrupt_flag"": 0, ""Node_type"": ""DDS75-LB"", ""Sensor_flag"": 1, ""TempC_DS18B20"": 32.76}"
2025-09-21 08:33:12.552395352+00:00,dds75-lb-10,2,-37,9.75,"{""Bat"": 3.357, ""Distance_mm"": 723, ""Interrupt_flag"": 0, ""Node_type"": ""DDS75-LB"", ""Sensor_flag"": 1, ""TempC_DS18B20"": 32.76}"
2025-09-21 08:34:12.524568104+00:00,dds75-lb-10,2,-119,-3.75,"{""Bat"": 3.357, ""Distance_mm"": 723, ""Interrupt_flag"": 0, ""Node_type"": ""DDS75-LB"", ""Sensor_flag"": 1, ""TempC_DS18B20"": 32.76}"
2025-09-21 08:35:12.510120709+00:00,dds75-lb-10,2,-119,-3.5,"{""Bat"": 3.357, ""Distance_mm"": 723, ""Interrupt_flag"": 0, ""Node_type"": ""DDS75-LB"", ""Sensor_flag"": 1, ""TempC_DS18B20"": 32.76}"
2025-09-21 08:36:12.510828980+00:00,dds75-lb-10,2,-37,9.25,"{""Bat"": 3.357, ""Distance_mm"": 723, ""Interrupt_flag"": 0, ""Node_type"": ""DDS75-LB"", ""Sensor_flag"": 1, ""TempC_DS18B20"": 32.76}"
2025-09-21 08:37:12.488448173+00:00,dds75-lb-10,2,-33,9.0,"{""Bat"": 3.357, ""Distance_mm"": 723, ""Interrupt_flag"": 0, ""Node_type"": ""DDS75-LB"", ""Sensor_flag"": 1, ""TempC_DS18B20"": 32.76}"
2025-09-21 08:38:12.490398623+00:00,dds75-lb-10,2,-35,9.25,"{""Bat"": 3.357, ""Distance_mm"": 723, ""Interrupt_flag"": 0, ""Node_type"": ""DDS75-LB"", ""Sensor_flag"": 1, ""TempC_DS18B20"": 32.76}"
2025-09-21 08:39:12.479225670+00:00,dds75-lb-10,2,-35,7.5,"{""Bat"": 3.357, ""Distance_mm"": 723, ""Interrupt_flag"": 0, ""Node_type"": ""DDS75-LB"", ""Sensor_flag"": 1, ""TempC_DS18B20"": 32.76}"
2025-09-21 08:40:12.457109431+00:00,dds75-lb-10,2,-114,1.75,"{""Bat"": 3.357, ""Distance_mm"": 723, ""Interrupt_flag"": 0, ""Node_type"": ""DDS75-LB"", ""Sensor_flag"": 1, ""TempC_DS18B20"": 32.76}"
2025-09-21 08:41:12.447891528+00:00,dds75-lb-10,2,-39,10.0,"{""Bat"": 3.357, ""Distance_mm"": 723, ""Interrupt_flag"": 0, ""Node_type"": ""DDS75-LB"", ""Sensor_flag"": 1, ""TempC_DS18B20"": 32.76}"
2025-09-21 08:42:12.459999093+00:00,dds75-lb-10,2,-37,8.75,"{""Bat"": 3.357, ""Distance_mm"": 723, ""Interrupt_flag"": 0, ""Node_type"": ""DDS75-LB"", ""Sensor_flag"": 1, ""TempC_DS18B20"": 32.76}"
2025-09-21 08:43:12.419077142+00:00,dds75-lb-10,2,-37,11.0,"{""Bat"": 3.357, ""Distance_mm"": 723, ""Interrupt_flag"": 0, ""Node_type"": ""DDS75-LB"", ""Sensor_flag"": 1, ""TempC_DS18B20"": 32.76}"
2025-09-21 08:44:12.428569969+00:00,dds75-lb-10,2,-37,10.0,"{""Bat"": 3.357, ""Distance_mm"": 723, ""Interrupt_flag"": 0, ""Node_type"": ""DDS75-LB"", ""Sensor_flag"": 1, ""TempC_DS18B20"": 32.76}"
2025-09-21 08:45:12.411063867+00:00,dds75-lb-10,2,-37,9.75,"{""Bat"": 3.357, ""Distance_mm"": 723, ""Interrupt_flag"": 0, ""Node_type"": ""DDS75-LB"", ""Sensor_flag"": 1, ""TempC_DS18B20"": 32.76}"
2025-09-21 08:46:12.397232062+00:00,dds75-lb-10,2,-122,-6.5,"{""Bat"": 3.357, ""Distance_mm"": 723, ""Interrupt_flag"": 0, ""Node_type"": ""DDS75-LB"", ""Sensor_flag"": 1, ""TempC_DS18B20"": 32.76}"
2025-09-21 08:47:12.384543884+00:00,dds75-lb-10,2,-34,9.75,"{""Bat"": 3.357, ""Distance_mm"": 723, ""Interrupt_flag"": 0, ""Node_type"": ""DDS75-LB"", ""Sensor_flag"": 1, ""TempC_DS18B20"": 32.76}"
2025-09-21 08:48:12.378999845+00:00,dds75-lb-10,2,-34,9.5,"{""Bat"": 3.357, ""Distance_mm"": 723, ""Interrupt_flag"": 0, ""Node_type"": ""DDS75-LB"", ""Sensor_flag"": 1, ""TempC_DS18B20"": 32.76}"
2025-09-21 08:49:12.365169139+00:00,dds75-lb-10,2,-36,10.0,"{""Bat"": 3.357, ""Distance_mm"": 723, ""Interrupt_flag"": 0, ""Node_type"": ""DDS75-LB"", ""Sensor_flag"": 1, ""TempC_DS18B20"": 32.76}"
2025-09-21 08:50:12.368410735+00:00,dds75-lb-10,2,-37,7.75,"{""Bat"": 3.357, ""Distance_mm"": 723, ""Interrupt_flag"": 0, ""Node_type"": ""DDS75-LB"", ""Sensor_flag"": 1, ""TempC_DS18B20"": 32.76}"
2025-09-21 08:51:12.347308783+00:00,dds75-lb-10,2,-117,-1.25,"{""Bat"": 3.357, ""Distance_mm"": 723, ""Interrupt_flag"": 0, ""Node_type"": ""DDS75-LB"", ""Sensor_flag"": 1, ""TempC_DS18B20"": 32.76}"
2025-09-21 08:52:12.345745385+00:00,dds75-lb-10,2,-39,10.0,"{""Bat"": 3.357, ""Distance_mm"": 723, ""Interrupt_flag"": 0, ""Node_type"": ""DDS75-LB"", ""Sensor_flag"": 1, ""TempC_DS18B20"": 32.76}"
2025-09-21 08:53:12.327184710+00:00,dds75-lb-10,2,-116,-0.25,"{""Bat"": 3.357, ""Distance_mm"": 723, ""Interrupt_flag"": 0, ""Node_type"": ""DDS75-LB"", ""Sensor_flag"": 1, ""TempC_DS18B20"": 32.76}"
2025-09-21 08:54:12.307695410+00:00,dds75-lb-10,2,-37,10.0,"{""Bat"": 3.357, ""Distance_mm"": 723, ""Interrupt_flag"": 0, ""Node_type"": ""DDS75-LB"", ""Sensor_flag"": 1, ""TempC_DS18B20"": 32.76}"
2025-09-21 08:55:12.291135526+00:00,dds75-lb-10,2,-121,-3.25,"{""Bat"": 3.357, ""Distance_mm"": 723, ""Interrupt_flag"": 0, ""Node_type"": ""DDS75-LB"", ""Sensor_flag"": 1, ""TempC_DS18B20"": 32.76}"
2025-09-21 08:56:12.298332032+00:00,dds75-lb-10,2,-33,9.0,"{""Bat"": 3.357, ""Distance_mm"": 723, ""Interrupt_flag"": 0, ""Node_type"": ""DDS75-LB"", ""Sensor_flag"": 1, ""TempC_DS18B20"": 32.76}"
2025-09-21 08:57:12.316769120+00:00,dds75-lb-10,2,-37,9.0,"{""Bat"": 3.357, ""Distance_mm"": 723, ""Interrupt_flag"": 0, ""Node_type"": ""DDS75-LB"", ""Sensor_flag"": 1, ""TempC_DS18B20"": 32.76}"
2025-09-21 08:58:12.277422478+00:00,dds75-lb-10,2,-37,7.5,"{""Bat"": 3.357, ""Distance_mm"": 723, ""Interrupt_flag"": 0, ""Node_type"": ""DDS75-LB"", ""Sensor_flag"": 1, ""TempC_DS18B20"": 32.76}"
2025-09-21 08:59:12.256815262+00:00,dds75-lb-10,2,-116,-0.5,"{""Bat"": 3.357, ""Distance_mm"": 723, ""Interrupt_flag"": 0, ""Node_type"": ""DDS75-LB"", ""Sensor_flag"": 1, ""TempC_DS18B20"": 32.76}"
2025-09-21 09:00:12.244680631+00:00,dds75-lb-10,2,-35,9.5,"{""Bat"": 3.357, ""Distance_mm"": 723, ""Interrupt_flag"": 0, ""Node_type"": ""DDS75-LB"", ""Sensor_flag"": 1, ""TempC_DS18B20"": 32.76}"
2025-09-21 09:01:12.238883586+00:00,dds75-lb-10,2,-37,10.25,"{""Bat"": 3.357, ""Distance_mm"": 723, ""Interrupt_flag"": 0, ""Node_type"": ""DDS75-LB"", ""Sensor_flag"": 1, ""TempC_DS18B20"": 32.76}"
2025-09-21 09:02:12.224456774+00:00,dds75-lb-10,2,-37,7.75,"{""Bat"": 3.357, ""Distance_mm"": 723, ""Interrupt_flag"": 0, ""Node_type"": ""DDS75-LB"", ""Sensor_flag"": 1, ""TempC_DS18B20"": 32.76}"
2025-09-21 09:03:12.204087678+00:00,dds75-lb-10,2,-37,9.5,"{""Bat"": 3.357, ""Distance_mm"": 723, ""Interrupt_flag"": 0, ""Node_type"": ""DDS75-LB"", ""Sensor_flag"": 1, ""TempC_DS18B20"": 32.76}"
2025-09-21 09:04:12.210403903+00:00,dds75-lb-10,2,-119,-5.5,"{""Bat"": 3.357, ""Distance_mm"": 723, ""Interrupt_flag"": 0, ""Node_type"": ""DDS75-LB"", ""Sensor_flag"": 1, ""TempC_DS18B20"": 32.76}"
2025-09-21 09:05:12.194046994+00:00,dds75-lb-10,2,-38,9.25,"{""Bat"": 3.357, ""Distance_mm"": 723, ""Interrupt_flag"": 0, ""Node_type"": ""DDS75-LB"", ""Sensor_flag"": 1, ""TempC_DS18B20"": 32.76}"
2025-09-21 09:06:12.185571851+00:00,dds75-lb-10,2,-116,-0.75,"{""Bat"": 3.357, ""Distance_mm"": 723, ""Interrupt_flag"": 0, ""Node_type"": ""DDS75-LB"", ""Sensor_flag"": 1, ""TempC_DS18B20"": 32.76}"
2025-09-21 09:07:12.182222005+00:00,dds75-lb-10,2,-37,9.5,"{""Bat"": 3.357, ""Distance_mm"": 723, ""Interrupt_flag"": 0, ""Node_type"": ""DDS75-LB"", ""Sensor_flag"": 1, ""TempC_DS18B20"": 32.76}"
2025-09-21 09:08:12.172932747+00:00,dds75-lb-10,2,-39,10.75,"{""Bat"": 3.357, ""Distance_mm"": 723, ""Interrupt_flag"": 0, ""Node_type"": ""DDS75-LB"", ""Sensor_flag"": 1, ""TempC_DS18B20"": 32.76}"
2025-09-21 09:09:12.162678311+00:00,dds75-lb-10,2,-37,10.5,"{""Bat"": 3.357, ""Distance_mm"": 723, ""Interrupt_flag"": 0, ""Node_type"": ""DDS75-LB"", ""Sensor_flag"": 1, ""TempC_DS18B20"": 32.76}"
2025-09-21 09:10:12.123769521+00:00,dds75-lb-10,2,-113,1.5,"{""Bat"": 3.357, ""Distance_mm"": 723, ""Interrupt_flag"": 0, ""Node_type"": ""DDS75-LB"", ""Sensor_flag"": 1, ""TempC_DS18B20"": 32.76}"
2025-09-21 09:11:12.127701801+00:00,dds75-lb-10,2,-120,-4.25,"{""Bat"": 3.357, ""Distance_mm"": 723, ""Interrupt_flag"": 0, ""Node_type"": ""DDS75-LB"", ""Sensor_flag"": 1, ""TempC_DS18B20"": 32.76}"
2025-09-21 09:12:12.104153291+00:00,dds75-lb-10,2,-37,10.0,"{""Bat"": 3.357, ""Distance_mm"": 723, ""Interrupt_flag"": 0, ""Node_type"": ""DDS75-LB"", ""Sensor_flag"": 1, ""TempC_DS18B20"": 32.76}"
2025-09-21 09:13:12.104619982+00:00,dds75-lb-10,2,-35,8.75,"{""Bat"": 3.357, ""Distance_mm"": 723, ""Interrupt_flag"": 0, ""Node_type"": ""DDS75-LB"", ""Sensor_flag"": 1, ""TempC_DS18B20"": 32.76}"
2025-09-21 09:14:12.115280733+00:00,dds75-lb-10,2,-33,9.25,"{""Bat"": 3.357, ""Distance_mm"": 723, ""Interrupt_flag"": 0, ""Node_type"": ""DDS75-LB"", ""Sensor_flag"": 1, ""TempC_DS18B20"": 32.76}"
2025-09-21 09:15:12.095033819+00:00,dds75-lb-10,2,-113,1.5,"{""Bat"": 3.357, ""Distance_mm"": 723, ""Interrupt_flag"": 0, ""Node_type"": ""DDS75-LB"", ""Sensor_flag"": 1, ""TempC_DS18B20"": 32.76}"
2025-09-21 09:16:12.075125898+00:00,dds75-lb-10,2,-38,9.5,"{""Bat"": 3.357, ""Distance_mm"": 723, ""Interrupt_flag"": 0, ""Node_type"": ""DDS75-LB"", ""Sensor_flag"": 1, ""TempC_DS18B20"": 32.76}"
2025-09-21 09:17:12.075580822+00:00,dds75-lb-10,2,-120,-3.25,"{""Bat"": 3.357, ""Distance_mm"": 723, ""Interrupt_flag"": 0, ""Node_type"": ""DDS75-LB"", ""Sensor_flag"": 1, ""TempC_DS18B20"": 32.76}"
2025-09-21 09:18:12.040298126+00:00,dds75-lb-10,2,-114,1.0,"{""Bat"": 3.357, ""Distance_mm"": 723, ""Interrupt_flag"": 0, ""Node_type"": ""DDS75-LB"", ""Sensor_flag"": 1, ""TempC_DS18B20"": 32.76}"
2025-09-21 09:19:12.052577517+00:00,dds75-lb-10,2,-119,-3.25,"{""Bat"": 3.357, ""Distance_mm"": 723, ""Interrupt_flag"": 0, ""Node_type"": ""DDS75-LB"", ""Sensor_flag"": 1, ""TempC_DS18B20"": 32.76}"
2025-09-21 09:20:12.026075328+00:00,dds75-lb-10,2,-33,9.0,"{""Bat"": 3.357, ""Distance_mm"": 723, ""Interrupt_flag"": 0, ""Node_type"": ""DDS75-LB"", ""Sensor_flag"": 1, ""TempC_DS18B20"": 32.76}"
2025-09-21 09:21:12.001090529+00:00,dds75-lb-10,2,-123,-7.0,"{""Bat"": 3.357, ""Distance_mm"": 723, ""Interrupt_flag"": 0, ""Node_type"": ""DDS75-LB"", ""Sensor_flag"": 1, ""TempC_DS18B20"": 32.76}"
2025-09-21 09:22:12.026507562+00:00,dds75-lb-10,2,-36,10.0,"{""Bat"": 3.357, ""Distance_mm"": 723, ""Interrupt_flag"": 0, ""Node_type"": ""DDS75-LB"", ""Sensor_flag"": 1, ""TempC_DS18B20"": 32.76}"
2025-09-21 09:23:11.994797512+00:00,dds75-lb-10,2,-35,10.0,"{""Bat"": 3.357, ""Distance_mm"": 723, ""Interrupt_flag"": 0, ""Node_type"": ""DDS75-LB"", ""Sensor_flag"": 1, ""TempC_DS18B20"": 32.76}"
2025-09-21 09:24:11.991811772+00:00,dds75-lb-10,2,-36,9.5,"{""Bat"": 3.357, ""Distance_mm"": 723, ""Interrupt_flag"": 0, ""Node_type"": ""DDS75-LB"", ""Sensor_flag"": 1, ""TempC_DS18B20"": 32.76}"
2025-09-21 09:25:11.975683479+00:00,dds75-lb-10,2,-35,7.5,"{""Bat"": 3.357, ""Distance_mm"": 723, ""Interrupt_flag"": 0, ""Node_type"": ""DDS75-LB"", ""Sensor_flag"": 1, ""TempC_DS18B20"": 32.76}"
2025-09-21 09:26:11.954946405+00:00,dds75-lb-10,2,-33,7.75,"{""Bat"": 3.357, ""Distance_mm"": 723, ""Interrupt_flag"": 0, ""Node_type"": ""DDS75-LB"", ""Sensor_flag"": 1, ""TempC_DS18B20"": 32.76}"
2025-09-21 09:27:11.963626708+00:00,dds75-lb-10,2,-37,9.5,"{""Bat"": 3.357, ""Distance_mm"": 723, ""Interrupt_flag"": 0, ""Node_type"": ""DDS75-LB"", ""Sensor_flag"": 1, ""TempC_DS18B20"": 32.76}"
2025-09-21 09:28:11.942213598+00:00,dds75-lb-10,2,-37,10.0,"{""Bat"": 3.357, ""Distance_mm"": 723, ""Interrupt_flag"": 0, ""Node_type"": ""DDS75-LB"", ""Sensor_flag"": 1, ""TempC_DS18B20"": 32.76}"
2025-09-21 09:29:11.937590783+00:00,dds75-lb-10,2,-122,-5.75,"{""Bat"": 3.357, ""Distance_mm"": 723, ""Interrupt_flag"": 0, ""Node_type"": ""DDS75-LB"", ""Sensor_flag"": 1, ""TempC_DS18B20"": 32.76}"
2025-09-21 09:30:11.925422069+00:00,dds75-lb-10,2,-35,7.5,"{""Bat"": 3.357, ""Distance_mm"": 723, ""Interrupt_flag"": 0, ""Node_type"": ""DDS75-LB"", ""Sensor_flag"": 1, ""TempC_DS18B20"": 32.76}"
2025-09-21 09:31:11.905263133+00:00,dds75-lb-10,2,-112,3.0,"{""Bat"": 3.357, ""Distance_mm"": 723, ""Interrupt_flag"": 0, ""Node_type"": ""DDS75-LB"", ""Sensor_flag"": 1, ""TempC_DS18B20"": 32.76}"
2025-09-21 09:32:11.914754865+00:00,dds75-lb-10,2,-36,9.5,"{""Bat"": 3.357, ""Distance_mm"": 723, ""Interrupt_flag"": 0, ""Node_type"": ""DDS75-LB"", ""Sensor_flag"": 1, ""TempC_DS18B20"": 32.76}"
2025-09-21 09:33:11.909923288+00:00,dds75-lb-10,2,-116,-1.25,"{""Bat"": 3.357, ""Distance_mm"": 723, ""Interrupt_flag"": 0, ""Node_type"": ""DDS75-LB"", ""Sensor_flag"": 1, ""TempC_DS18B20"": 32.76}"
2025-09-21 09:34:11.874680816+00:00,dds75-lb-10,2,-112,3.25,"{""Bat"": 3.357, ""Distance_mm"": 723, ""Interrupt_flag"": 0, ""Node_type"": ""DDS75-LB"", ""Sensor_flag"": 1, ""TempC_DS18B20"": 32.76}"
2025-09-21 09:35:11.844959364+00:00,dds75-lb-10,2,-37,9.25,"{""Bat"": 3.357, ""Distance_mm"": 723, ""Interrupt_flag"": 0, ""Node_type"": ""DDS75-LB"", ""Sensor_flag"": 1, ""TempC_DS18B20"": 32.76}"
2025-09-21 09:36:11.853801219+00:00,dds75-lb-10,2,-38,9.5,"{""Bat"": 3.357, ""Distance_mm"": 723, ""Interrupt_flag"": 0, ""Node_type"": ""DDS75-LB"", ""Sensor_flag"": 1, ""TempC_DS18B20"": 32.76}"
2025-09-21 09:37:11.835867904+00:00,dds75-lb-10,2,-38,9.75,"{""Bat"": 3.357, ""Distance_mm"": 723, ""Interrupt_flag"": 0, ""Node_type"": ""DDS75-LB"", ""Sensor_flag"": 1, ""TempC_DS18B20"": 32.76}"
2025-09-21 09:38:11.827804064+00:00,dds75-lb-10,2,-37,9.75,"{""Bat"": 3.357, ""Distance_mm"": 723, ""Interrupt_flag"": 0, ""Node_type"": ""DDS75-LB"", ""Sensor_flag"": 1, ""TempC_DS18B20"": 32.76}"
2025-09-21 09:39:11.826187445+00:00,dds75-lb-10,2,-33,9.75,"{""Bat"": 3.357, ""Distance_mm"": 723, ""Interrupt_flag"": 0, ""Node_type"": ""DDS75-LB"", ""Sensor_flag"": 1, ""TempC_DS18B20"": 32.76}"
2025-09-21 09:40:11.805341128+00:00,dds75-lb-10,2,-34,9.75,"{""Bat"": 3.357, ""Distance_mm"": 723, ""Interrupt_flag"": 0, ""Node_type"": ""DDS75-LB"", ""Sensor_flag"": 1, ""TempC_DS18B20"": 32.76}"
2025-09-21 09:41:11.785128847+00:00,dds75-lb-10,2,-112,3.0,"{""Bat"": 3.357, ""Distance_mm"": 723, ""Interrupt_flag"": 0, ""Node_type"": ""DDS75-LB"", ""Sensor_flag"": 1, ""TempC_DS18B20"": 32.76}"
2025-09-21 09:42:11.792196868+00:00,dds75-lb-10,2,-37,9.75,"{""Bat"": 3.357, ""Distance_mm"": 723, ""Interrupt_flag"": 0, ""Node_type"": ""DDS75-LB"", ""Sensor_flag"": 1, ""TempC_DS18B20"": 32.76}"
2025-09-21 09:43:11.782501572+00:00,dds75-lb-10,2,-37,8.0,"{""Bat"": 3.357, ""Distance_mm"": 723, ""Interrupt_flag"": 0, ""Node_type"": ""DDS75-LB"", ""Sensor_flag"": 1, ""TempC_DS18B20"": 32.76}"
2025-09-21 09:44:11.774704672+00:00,dds75-lb-10,2,-38,9.25,"{""Bat"": 3.357, ""Distance_mm"": 723, ""Interrupt_flag"": 0, ""Node_type"": ""DDS75-LB"", ""Sensor_flag"": 1, ""TempC_DS18B20"": 32.76}"
2025-09-21 09:45:11.781984137+00:00,dds75-lb-10,2,-38,9.75,"{""Bat"": 3.357, ""Distance_mm"": 723, ""Interrupt_flag"": 0, ""Node_type"": ""DDS75-LB"", ""Sensor_flag"": 1, ""TempC_DS18B20"": 32.76}"
2025-09-21 09:46:11.750044920+00:00,dds75-lb-10,2,-37,9.75,"{""Bat"": 3.357, ""Distance_mm"": 723, ""Interrupt_flag"": 0, ""Node_type"": ""DDS75-LB"", ""Sensor_flag"": 1, ""TempC_DS18B20"": 32.76}"
2025-09-21 09:47:11.744246463+00:00,dds75-lb-10,2,-35,9.0,"{""Bat"": 3.357, ""Distance_mm"": 723, ""Interrupt_flag"": 0, ""Node_type"": ""DDS75-LB"", ""Sensor_flag"": 1, ""TempC_DS18B20"": 32.76}"
2025-09-21 09:48:11.726444751+00:00,dds75-lb-10,2,-34,10.25,"{""Bat"": 3.357, ""Distance_mm"": 723, ""Interrupt_flag"": 0, ""Node_type"": ""DDS75-LB"", ""Sensor_flag"": 1, ""TempC_DS18B20"": 32.76}"
2025-09-21 09:49:11.715328983+00:00,dds75-lb-10,2,-115,0.75,"{""Bat"": 3.357, ""Distance_mm"": 723, ""Interrupt_flag"": 0, ""Node_type"": ""DDS75-LB"", ""Sensor_flag"": 1, ""TempC_DS18B20"": 32.76}"
2025-09-21 09:50:11.702543601+00:00,dds75-lb-10,2,-37,7.75,"{""Bat"": 3.357, ""Distance_mm"": 723, ""Interrupt_flag"": 0, ""Node_type"": ""DDS75-LB"", ""Sensor_flag"": 1, ""TempC_DS18B20"": 32.76}"
2025-09-21 09:51:11.697792771+00:00,dds75-lb-10,2,-122,-6.0,"{""Bat"": 3.357, ""Distance_mm"": 723, ""Interrupt_flag"": 0, ""Node_type"": ""DDS75-LB"", ""Sensor_flag"": 1, ""TempC_DS18B20"": 32.76}"
2025-09-21 09:52:11.674182894+00:00,dds75-lb-10,2,-33,8.5,"{""Bat"": 3.357, ""Distance_mm"": 723, ""Interrupt_flag"": 0, ""Node_type"": ""DDS75-LB"", ""Sensor_flag"": 1, ""TempC_DS18B20"": 32.76}"
2025-09-21 09:53:11.676952263+00:00,dds75-lb-10,2,-37,9.75,"{""Bat"": 3.357, ""Distance_mm"": 723, ""Interrupt_flag"": 0, ""Node_type"": ""DDS75-LB"", ""Sensor_flag"": 1, ""TempC_DS18B20"": 32.76}"
2025-09-21 09:54:11.666771440+00:00,dds75-lb-10,2,-37,10.0,"{""Bat"": 3.357, ""Distance_mm"": 723, ""Interrupt_flag"": 0, ""Node_type"": ""DDS75-LB"", ""Sensor_flag"": 1, ""TempC_DS18B20"": 32.76}"
2025-09-21 09:55:11.652160360+00:00,dds75-lb-10,2,-36,8.75,"{""Bat"": 3.357, ""Distance_mm"": 723, ""Interrupt_flag"": 0, ""Node_type"": ""DDS75-LB"", ""Sensor_flag"": 1, ""TempC_DS18B20"": 32.76}"
2025-09-21 09:56:11.652633805+00:00,dds75-lb-10,2,-34,9.25,"{""Bat"": 3.357, ""Distance_mm"": 723, ""Interrupt_flag"": 0, ""Node_type"": ""DDS75-LB"", ""Sensor_flag"": 1, ""TempC_DS18B20"": 32.76}"
2025-09-21 09:57:11.623648672+00:00,dds75-lb-10,2,-33,9.0,"{""Bat"": 3.357, ""Distance_mm"": 723, ""Interrupt_flag"": 0, ""Node_type"": ""DDS75-LB"", ""Sensor_flag"": 1, ""TempC_DS18B20"": 32.76}"
2025-09-21 09:58:11.618668649+00:00,dds75-lb-10,2,-114,0.5,"{""Bat"": 3.357, ""Distance_mm"": 723, ""Interrupt_flag"": 0, ""Node_type"": ""DDS75-LB"", ""Sensor_flag"": 1, ""TempC_DS18B20"": 32.76}"
2025-09-21 09:59:11.603283723+00:00,dds75-lb-10,2,-37,8.0,"{""Bat"": 3.357, ""Distance_mm"": 723, ""Interrupt_flag"": 0, ""Node_type"": ""DDS75-LB"", ""Sensor_flag"": 1, ""TempC_DS18B20"": 32.76}"
2025-09-21 10:00:11.594587106+00:00,dds75-lb-10,2,-37,10.0,"{""Bat"": 3.357, ""Distance_mm"": 723, ""Interrupt_flag"": 0, ""Node_type"": ""DDS75-LB"", ""Sensor_flag"": 1, ""TempC_DS18B20"": 32.76}"
2025-09-21 10:01:11.594136549+00:00,dds75-lb-10,2,-36,10.0,"{""Bat"": 3.357, ""Distance_mm"": 723, ""Interrupt_flag"": 0, ""Node_type"": ""DDS75-LB"", ""Sensor_flag"": 1, ""TempC_DS18B20"": 32.76}"
2025-09-21 10:02:11.572612998+00:00,dds75-lb-10,2,-37,9.75,"{""Bat"": 3.357, ""Distance_mm"": 723, ""Interrupt_flag"": 0, ""Node_type"": ""DDS75-LB"", ""Sensor_flag"": 1, ""TempC_DS18B20"": 32.76}"
2025-09-21 10:03:11.553385684+00:00,dds75-lb-10,2,-33,9.25,"{""Bat"": 3.357, ""Distance_mm"": 723, ""Interrupt_flag"": 0, ""Node_type"": ""DDS75-LB"", ""Sensor_flag"": 1, ""TempC_DS18B20"": 32.76}"
2025-09-21 10:04:11.553295742+00:00,dds75-lb-10,2,-35,8.75,"{""Bat"": 3.357, ""Distance_mm"": 723, ""Interrupt_flag"": 0, ""Node_type"": ""DDS75-LB"", ""Sensor_flag"": 1, ""TempC_DS18B20"": 32.76}"
2025-09-21 10:05:11.580055244+00:00,dds75-lb-10,2,-33,7.5,"{""Bat"": 3.357, ""Distance_mm"": 723, ""Interrupt_flag"": 0, ""Node_type"": ""DDS75-LB"", ""Sensor_flag"": 1, ""TempC_DS18B20"": 32.76}"
2025-09-21 10:06:11.523133489+00:00,dds75-lb-10,2,-35,7.75,"{""Bat"": 3.357, ""Distance_mm"": 723, ""Interrupt_flag"": 0, ""Node_type"": ""DDS75-LB"", ""Sensor_flag"": 1, ""TempC_DS18B20"": 32.76}"
2025-09-21 10:07:11.512484035+00:00,dds75-lb-10,2,-37,10.5,"{""Bat"": 3.357, ""Distance_mm"": 723, ""Interrupt_flag"": 0, ""Node_type"": ""DDS75-LB"", ""Sensor_flag"": 1, ""TempC_DS18B20"": 32.76}"
2025-09-21 10:08:11.505255829+00:00,dds75-lb-10,2,-37,10.5,"{""Bat"": 3.357, ""Distance_mm"": 723, ""Interrupt_flag"": 0, ""Node_type"": ""DDS75-LB"", ""Sensor_flag"": 1, ""TempC_DS18B20"": 32.76}"
2025-09-21 10:09:11.493000608+00:00,dds75-lb-10,2,-123,-8.0,"{""Bat"": 3.357, ""Distance_mm"": 723, ""Interrupt_flag"": 0, ""Node_type"": ""DDS75-LB"", ""Sensor_flag"": 1, ""TempC_DS18B20"": 32.76}"
2025-09-21 10:10:11.501517754+00:00,dds75-lb-10,2,-35,8.0,"{""Bat"": 3.357, ""Distance_mm"": 723, ""Interrupt_flag"": 0, ""Node_type"": ""DDS75-LB"", ""Sensor_flag"": 1, ""TempC_DS18B20"": 32.76}"
2025-09-21 10:11:11.475811511+00:00,dds75-lb-10,2,-35,9.75,"{""Bat"": 3.357, ""Distance_mm"": 723, ""Interrupt_flag"": 0, ""Node_type"": ""DDS75-LB"", ""Sensor_flag"": 1, ""TempC_DS18B20"": 32.76}"
2025-09-21 10:12:11.485699504+00:00,dds75-lb-10,2,-38,9.5,"{""Bat"": 3.357, ""Distance_mm"": 723, ""Interrupt_flag"": 0, ""Node_type"": ""DDS75-LB"", ""Sensor_flag"": 1, ""TempC_DS18B20"": 32.76}"
2025-09-21 10:13:11.453310422+00:00,dds75-lb-10,2,-37,9.25,"{""Bat"": 3.357, ""Distance_mm"": 723, ""Interrupt_flag"": 0, ""Node_type"": ""DDS75-LB"", ""Sensor_flag"": 1, ""TempC_DS18B20"": 32.76}"
2025-09-21 10:14:11.435211382+00:00,dds75-lb-10,2,-37,7.75,"{""Bat"": 3.357, ""Distance_mm"": 723, ""Interrupt_flag"": 0, ""Node_type"": ""DDS75-LB"", ""Sensor_flag"": 1, ""TempC_DS18B20"": 32.76}"
2025-09-21 10:15:11.426688715+00:00,dds75-lb-10,2,-33,7.5,"{""Bat"": 3.357, ""Distance_mm"": 723, ""Interrupt_flag"": 0, ""Node_type"": ""DDS75-LB"", ""Sensor_flag"": 1, ""TempC_DS18B20"": 32.76}"
2025-09-21 10:16:11.429648951+00:00,dds75-lb-10,2,-117,-1.25,"{""Bat"": 3.357, ""Distance_mm"": 723, ""Interrupt_flag"": 0, ""Node_type"": ""DDS75-LB"", ""Sensor_flag"": 1, ""TempC_DS18B20"": 32.76}"
2025-09-21 10:17:11.412846306+00:00,dds75-lb-10,2,-37,8.75,"{""Bat"": 3.357, ""Distance_mm"": 723, ""Interrupt_flag"": 0, ""Node_type"": ""DDS75-LB"", ""Sensor_flag"": 1, ""TempC_DS18B20"": 32.76}"
2025-09-21 10:18:11.409050799+00:00,dds75-lb-10,2,-116,-0.25,"{""Bat"": 3.357, ""Distance_mm"": 723, ""Interrupt_flag"": 0, ""Node_type"": ""DDS75-LB"", ""Sensor_flag"": 1, ""TempC_DS18B20"": 32.76}"
2025-09-21 10:19:11.384909839+00:00,dds75-lb-10,2,-33,9.25,"{""Bat"": 3.357, ""Distance_mm"": 723, ""Interrupt_flag"": 0, ""Node_type"": ""DDS75-LB"", ""Sensor_flag"": 1, ""TempC_DS18B20"": 32.76}"
2025-09-21 10:20:11.380957016+00:00,dds75-lb-10,2,-113,2.25,"{""Bat"": 3.357, ""Distance_mm"": 723, ""Interrupt_flag"": 0, ""Node_type"": ""DDS75-LB"", ""Sensor_flag"": 1, ""TempC_DS18B20"": 32.76}"
2025-09-21 10:21:11.365624026+00:00,dds75-lb-10,2,-35,7.5,"{""Bat"": 3.357, ""Distance_mm"": 723, ""Interrupt_flag"": 0, ""Node_type"": ""DDS75-LB"", ""Sensor_flag"": 1, ""TempC_DS18B20"": 32.76}"
2025-09-21 10:22:11.353237173+00:00,dds75-lb-10,2,-35,9.75,"{""Bat"": 3.357, ""Distance_mm"": 723, ""Interrupt_flag"": 0, ""Node_type"": ""DDS75-LB"", ""Sensor_flag"": 1, ""TempC_DS18B20"": 32.76}"
2025-09-21 10:23:11.338608776+00:00,dds75-lb-10,2,-115,-0.25,"{""Bat"": 3.357, ""Distance_mm"": 723, ""Interrupt_flag"": 0, ""Node_type"": ""DDS75-LB"", ""Sensor_flag"": 1, ""TempC_DS18B20"": 32.76}"
2025-09-21 10:24:11.339621529+00:00,dds75-lb-10,2,-37,10.0,"{""Bat"": 3.357, ""Distance_mm"": 723, ""Interrupt_flag"": 0, ""Node_type"": ""DDS75-LB"", ""Sensor_flag"": 1, ""TempC_DS18B20"": 32.76}"
2025-09-21 10:25:11.326389916+00:00,dds75-lb-10,2,-38,9.75,"{""Bat"": 3.357, ""Distance_mm"": 723, ""Interrupt_flag"": 0, ""Node_type"": ""DDS75-LB"", ""Sensor_flag"": 1, ""TempC_DS18B20"": 32.76}"
2025-09-21 10:26:11.326030917+00:00,dds75-lb-10,2,-35,7.5,"{""Bat"": 3.357, ""Distance_mm"": 723, ""Interrupt_flag"": 0, ""Node_type"": ""DDS75-LB"", ""Sensor_flag"": 1, ""TempC_DS18B20"": 32.76}"
2025-09-21 10:27:11.311195470+00:00,dds75-lb-10,2,-112,4.0,"{""Bat"": 3.357, ""Distance_mm"": 723, ""Interrupt_flag"": 0, ""Node_type"": ""DDS75-LB"", ""Sensor_flag"": 1, ""TempC_DS18B20"": 32.76}"
2025-09-21 10:28:11.288229744+00:00,dds75-lb-10,2,-35,9.0,"{""Bat"": 3.357, ""Distance_mm"": 723, ""Interrupt_flag"": 0, ""Node_type"": ""DDS75-LB"", ""Sensor_flag"": 1, ""TempC_DS18B20"": 32.76}"
2025-09-21 10:29:11.275001094+00:00,dds75-lb-10,2,-32,7.5,"{""Bat"": 3.357, ""Distance_mm"": 723, ""Interrupt_flag"": 0, ""Node_type"": ""DDS75-LB"", ""Sensor_flag"": 1, ""TempC_DS18B20"": 32.76}"
2025-09-21 10:30:11.264513004+00:00,dds75-lb-10,2,-35,10.25,"{""Bat"": 3.357, ""Distance_mm"": 723, ""Interrupt_flag"": 0, ""Node_type"": ""DDS75-LB"", ""Sensor_flag"": 1, ""TempC_DS18B20"": 32.76}"
2025-09-21 10:31:11.249712277+00:00,dds75-lb-10,2,-112,3.75,"{""Bat"": 3.357, ""Distance_mm"": 723, ""Interrupt_flag"": 0, ""Node_type"": ""DDS75-LB"", ""Sensor_flag"": 1, ""TempC_DS18B20"": 32.76}"
2025-09-21 10:32:11.242144715+00:00,dds75-lb-10,2,-36,9.75,"{""Bat"": 3.357, ""Distance_mm"": 723, ""Interrupt_flag"": 0, ""Node_type"": ""DDS75-LB"", ""Sensor_flag"": 1, ""TempC_DS18B20"": 32.76}"
2025-09-21 10:33:11.244998244+00:00,dds75-lb-10,2,-38,9.5,"{""Bat"": 3.357, ""Distance_mm"": 723, ""Interrupt_flag"": 0, ""Node_type"": ""DDS75-LB"", ""Sensor_flag"": 1, ""TempC_DS18B20"": 32.76}"
2025-09-21 10:34:11.224426283+00:00,dds75-lb-10,2,-35,8.0,"{""Bat"": 3.357, ""Distance_mm"": 723, ""Interrupt_flag"": 0, ""Node_type"": ""DDS75-LB"", ""Sensor_flag"": 1, ""TempC_DS18B20"": 32.76}"
2025-09-21 10:35:11.221172422+00:00,dds75-lb-10,2,-116,-0.25,"{""Bat"": 3.357, ""Distance_mm"": 723, ""Interrupt_flag"": 0, ""Node_type"": ""DDS75-LB"", ""Sensor_flag"": 1, ""TempC_DS18B20"": 32.76}"
2025-09-21 10:36:11.182918269+00:00,dds75-lb-10,2,-35,10.25,"{""Bat"": 3.357, ""Distance_mm"": 723, ""Interrupt_flag"": 0, ""Node_type"": ""DDS75-LB"", ""Sensor_flag"": 1, ""TempC_DS18B20"": 32.76}"
2025-09-21 10:37:11.189216219+00:00,dds75-lb-10,2,-112,2.25,"{""Bat"": 3.357, ""Distance_mm"": 723, ""Interrupt_flag"": 0, ""Node_type"": ""DDS75-LB"", ""Sensor_flag"": 1, ""TempC_DS18B20"": 32.76}"
2025-09-21 10:38:11.182669157+00:00,dds75-lb-10,2,-35,10.0,"{""Bat"": 3.357, ""Distance_mm"": 723, ""Interrupt_flag"": 0, ""Node_type"": ""DDS75-LB"", ""Sensor_flag"": 1, ""TempC_DS18B20"": 32.76}"
2025-09-21 10:39:11.175759772+00:00,dds75-lb-10,2,-33,8.0,"{""Bat"": 3.357, ""Distance_mm"": 723, ""Interrupt_flag"": 0, ""Node_type"": ""DDS75-LB"", ""Sensor_flag"": 1, ""TempC_DS18B20"": 32.76}"
2025-09-21 10:40:11.152779576+00:00,dds75-lb-10,2,-35,10.25,"{""Bat"": 3.357, ""Distance_mm"": 723, ""Interrupt_flag"": 0, ""Node_type"": ""DDS75-LB"", ""Sensor_flag"": 1, ""TempC_DS18B20"": 32.76}"
2025-09-21 10:41:11.131953281+00:00,dds75-lb-10,2,-35,9.75,"{""Bat"": 3.357, ""Distance_mm"": 723, ""Interrupt_flag"": 0, ""Node_type"": ""DDS75-LB"", ""Sensor_flag"": 1, ""TempC_DS18B20"": 32.76}"
2025-09-21 10:42:11.137220164+00:00,dds75-lb-10,2,-35,9.75,"{""Bat"": 3.357, ""Distance_mm"": 723, ""Interrupt_flag"": 0, ""Node_type"": ""DDS75-LB"", ""Sensor_flag"": 1, ""TempC_DS18B20"": 32.76}"
2025-09-21 10:43:11.119908655+00:00,dds75-lb-10,2,-110,2.75,"{""Bat"": 3.357, ""Distance_mm"": 723, ""Interrupt_flag"": 0, ""Node_type"": ""DDS75-LB"", ""Sensor_flag"": 1, ""TempC_DS18B20"": 32.76}"
2025-09-21 10:44:11.125111696+00:00,dds75-lb-10,2,-37,10.75,"{""Bat"": 3.357, ""Distance_mm"": 723, ""Interrupt_flag"": 0, ""Node_type"": ""DDS75-LB"", ""Sensor_flag"": 1, ""TempC_DS18B20"": 32.76}"
2025-09-21 10:45:11.089843354+00:00,dds75-lb-10,2,-113,2.25,"{""Bat"": 3.357, ""Distance_mm"": 723, ""Interrupt_flag"": 0, ""Node_type"": ""DDS75-LB"", ""Sensor_flag"": 1, ""TempC_DS18B20"": 32.76}"
2025-09-21 10:46:11.089339430+00:00,dds75-lb-10,2,-109,6.25,"{""Bat"": 3.357, ""Distance_mm"": 723, ""Interrupt_flag"": 0, ""Node_type"": ""DDS75-LB"", ""Sensor_flag"": 1, ""TempC_DS18B20"": 32.76}"
2025-09-21 10:47:11.079104944+00:00,dds75-lb-10,2,-113,3.0,"{""Bat"": 3.357, ""Distance_mm"": 723, ""Interrupt_flag"": 0, ""Node_type"": ""DDS75-LB"", ""Sensor_flag"": 1, ""TempC_DS18B20"": 32.76}"
2025-09-21 10:48:11.081686418+00:00,dds75-lb-10,2,-35,10.0,"{""Bat"": 3.357, ""Distance_mm"": 723, ""Interrupt_flag"": 0, ""Node_type"": ""DDS75-LB"", ""Sensor_flag"": 1, ""TempC_DS18B20"": 32.76}"
2025-09-21 10:49:11.053434514+00:00,dds75-lb-10,2,-35,9.5,"{""Bat"": 3.357, ""Distance_mm"": 723, ""Interrupt_flag"": 0, ""Node_type"": ""DDS75-LB"", ""Sensor_flag"": 1, ""TempC_DS18B20"": 32.76}"
2025-09-21 10:50:11.062219340+00:00,dds75-lb-10,2,-33,7.5,"{""Bat"": 3.357, ""Distance_mm"": 723, ""Interrupt_flag"": 0, ""Node_type"": ""DDS75-LB"", ""Sensor_flag"": 1, ""TempC_DS18B20"": 32.76}"
2025-09-21 10:51:11.019267095+00:00,dds75-lb-10,2,-37,9.5,"{""Bat"": 3.357, ""Distance_mm"": 723, ""Interrupt_flag"": 0, ""Node_type"": ""DDS75-LB"", ""Sensor_flag"": 1, ""TempC_DS18B20"": 32.76}"
2025-09-21 10:52:11.032524507+00:00,dds75-lb-10,2,-38,9.5,"{""Bat"": 3.357, ""Distance_mm"": 723, ""Interrupt_flag"": 0, ""Node_type"": ""DDS75-LB"", ""Sensor_flag"": 1, ""TempC_DS18B20"": 32.76}"
2025-09-21 10:53:11.023110137+00:00,dds75-lb-10,2,-37,10.75,"{""Bat"": 3.357, ""Distance_mm"": 723, ""Interrupt_flag"": 0, ""Node_type"": ""DDS75-LB"", ""Sensor_flag"": 1, ""TempC_DS18B20"": 32.76}"
2025-09-21 10:54:11.002233348+00:00,dds75-lb-10,2,-33,8.5,"{""Bat"": 3.357, ""Distance_mm"": 723, ""Interrupt_flag"": 0, ""Node_type"": ""DDS75-LB"", ""Sensor_flag"": 1, ""TempC_DS18B20"": 32.76}"
2025-09-21 10:55:11.009044193+00:00,dds75-lb-10,2,-114,-0.5,"{""Bat"": 3.357, ""Distance_mm"": 723, ""Interrupt_flag"": 0, ""Node_type"": ""DDS75-LB"", ""Sensor_flag"": 1, ""TempC_DS18B20"": 32.76}"
2025-09-21 10:56:10.991989733+00:00,dds75-lb-10,2,-35,9.75,"{""Bat"": 3.357, ""Distance_mm"": 723, ""Interrupt_flag"": 0, ""Node_type"": ""DDS75-LB"", ""Sensor_flag"": 1, ""TempC_DS18B20"": 32.76}"
2025-09-21 10:57:10.992697477+00:00,dds75-lb-10,2,-37,9.0,"{""Bat"": 3.357, ""Distance_mm"": 723, ""Interrupt_flag"": 0, ""Node_type"": ""DDS75-LB"", ""Sensor_flag"": 1, ""TempC_DS18B20"": 32.76}"
2025-09-21 10:58:10.955152674+00:00,dds75-lb-10,2,-37,10.0,"{""Bat"": 3.357, ""Distance_mm"": 723, ""Interrupt_flag"": 0, ""Node_type"": ""DDS75-LB"", ""Sensor_flag"": 1, ""TempC_DS18B20"": 32.76}"
2025-09-21 10:59:10.952389089+00:00,dds75-lb-10,2,-35,9.0,"{""Bat"": 3.357, ""Distance_mm"": 723, ""Interrupt_flag"": 0, ""Node_type"": ""DDS75-LB"", ""Sensor_flag"": 1, ""TempC_DS18B20"": 32.76}"
2025-09-21 11:00:10.951551939+00:00,dds75-lb-10,2,-115,0.5,"{""Bat"": 3.357, ""Distance_mm"": 723, ""Interrupt_flag"": 0, ""Node_type"": ""DDS75-LB"", ""Sensor_flag"": 1, ""TempC_DS18B20"": 32.76}"
2025-09-21 11:01:10.935252612+00:00,dds75-lb-10,2,-32,7.5,"{""Bat"": 3.357, ""Distance_mm"": 723, ""Interrupt_flag"": 0, ""Node_type"": ""DDS75-LB"", ""Sensor_flag"": 1, ""TempC_DS18B20"": 32.76}"
2025-09-21 11:02:10.918710939+00:00,dds75-lb-10,2,-114,-0.5,"{""Bat"": 3.357, ""Distance_mm"": 723, ""Interrupt_flag"": 0, ""Node_type"": ""DDS75-LB"", ""Sensor_flag"": 1, ""TempC_DS18B20"": 32.76}"
2025-09-21 11:03:10.892501886+00:00,dds75-lb-10,2,-114,2.5,"{""Bat"": 3.357, ""Distance_mm"": 723, ""Interrupt_flag"": 0, ""Node_type"": ""DDS75-LB"", ""Sensor_flag"": 1, ""TempC_DS18B20"": 32.76}"
2025-09-21 11:04:10.894180883+00:00,dds75-lb-10,2,-37,10.5,"{""Bat"": 3.357, ""Distance_mm"": 723, ""Interrupt_flag"": 0, ""Node_type"": ""DDS75-LB"", ""Sensor_flag"": 1, ""TempC_DS18B20"": 32.76}"
2025-09-21 11:05:10.882230787+00:00,dds75-lb-10,2,-37,10.0,"{""Bat"": 3.357, ""Distance_mm"": 723, ""Interrupt_flag"": 0, ""Node_type"": ""DDS75-LB"", ""Sensor_flag"": 1, ""TempC_DS18B20"": 32.76}"
2025-09-21 11:06:10.851969159+00:00,dds75-lb-10,2,-114,0.25,"{""Bat"": 3.357, ""Distance_mm"": 723, ""Interrupt_flag"": 0, ""Node_type"": ""DDS75-LB"", ""Sensor_flag"": 1, ""TempC_DS18B20"": 32.76}"
2025-09-21 11:07:10.868549681+00:00,dds75-lb-10,2,-114,2.0,"{""Bat"": 3.357, ""Distance_mm"": 723, ""Interrupt_flag"": 0, ""Node_type"": ""DDS75-LB"", ""Sensor_flag"": 1, ""TempC_DS18B20"": 32.76}"
2025-09-21 11:08:10.844925035+00:00,dds75-lb-10,2,-113,2.25,"{""Bat"": 3.357, ""Distance_mm"": 723, ""Interrupt_flag"": 0, ""Node_type"": ""DDS75-LB"", ""Sensor_flag"": 1, ""TempC_DS18B20"": 32.76}"
2025-09-21 11:09:10.842583327+00:00,dds75-lb-10,2,-33,9.0,"{""Bat"": 3.357, ""Distance_mm"": 723, ""Interrupt_flag"": 0, ""Node_type"": ""DDS75-LB"", ""Sensor_flag"": 1, ""TempC_DS18B20"": 32.76}"
2025-09-21 11:10:10.835765920+00:00,dds75-lb-10,2,-35,7.5,"{""Bat"": 3.357, ""Distance_mm"": 723, ""Interrupt_flag"": 0, ""Node_type"": ""DDS75-LB"", ""Sensor_flag"": 1, ""TempC_DS18B20"": 32.76}"
2025-09-21 11:11:10.829724295+00:00,dds75-lb-10,2,-114,0.75,"{""Bat"": 3.357, ""Distance_mm"": 723, ""Interrupt_flag"": 0, ""Node_type"": ""DDS75-LB"", ""Sensor_flag"": 1, ""TempC_DS18B20"": 32.76}"
2025-09-21 11:12:10.805830334+00:00,dds75-lb-10,2,-32,8.5,"{""Bat"": 3.357, ""Distance_mm"": 723, ""Interrupt_flag"": 0, ""Node_type"": ""DDS75-LB"", ""Sensor_flag"": 1, ""TempC_DS18B20"": 32.76}"
2025-09-21 11:13:10.806058795+00:00,dds75-lb-10,2,-37,11.5,"{""Bat"": 3.357, ""Distance_mm"": 723, ""Interrupt_flag"": 0, ""Node_type"": ""DDS75-LB"", ""Sensor_flag"": 1, ""TempC_DS18B20"": 32.76}"
2025-09-21 11:14:10.808658991+00:00,dds75-lb-10,2,-36,10.25,"{""Bat"": 3.357, ""Distance_mm"": 723, ""Interrupt_flag"": 0, ""Node_type"": ""DDS75-LB"", ""Sensor_flag"": 1, ""TempC_DS18B20"": 32.76}"
2025-09-21 11:15:10.773438421+00:00,dds75-lb-10,2,-111,4.5,"{""Bat"": 3.357, ""Distance_mm"": 723, ""Interrupt_flag"": 0, ""Node_type"": ""DDS75-LB"", ""Sensor_flag"": 1, ""TempC_DS18B20"": 32.76}"
2025-09-21 11:16:10.775816358+00:00,dds75-lb-10,2,-38,9.0,"{""Bat"": 3.357, ""Distance_mm"": 723, ""Interrupt_flag"": 0, ""Node_type"": ""DDS75-LB"", ""Sensor_flag"": 1, ""TempC_DS18B20"": 32.76}"
2025-09-21 11:17:10.738713335+00:00,dds75-lb-10,2,-113,1.75,"{""Bat"": 3.357, ""Distance_mm"": 723, ""Interrupt_flag"": 0, ""Node_type"": ""DDS75-LB"", ""Sensor_flag"": 1, ""TempC_DS18B20"": 32.76}"
2025-09-21 11:18:10.729843114+00:00,dds75-lb-10,2,-113,3.75,"{""Bat"": 3.357, ""Distance_mm"": 723, ""Interrupt_flag"": 0, ""Node_type"": ""DDS75-LB"", ""Sensor_flag"": 1, ""TempC_DS18B20"": 32.76}"
2025-09-21 11:19:10.719672817+00:00,dds75-lb-10,2,-115,-0.5,"{""Bat"": 3.357, ""Distance_mm"": 723, ""Interrupt_flag"": 0, ""Node_type"": ""DDS75-LB"", ""Sensor_flag"": 1, ""TempC_DS18B20"": 32.76}"
2025-09-21 11:20:10.721913060+00:00,dds75-lb-10,2,-37,9.75,"{""Bat"": 3.357, ""Distance_mm"": 723, ""Interrupt_flag"": 0, ""Node_type"": ""DDS75-LB"", ""Sensor_flag"": 1, ""TempC_DS18B20"": 32.76}"
2025-09-21 11:21:10.720306540+00:00,dds75-lb-10,2,-34,9.0,"{""Bat"": 3.357, ""Distance_mm"": 723, ""Interrupt_flag"": 0, ""Node_type"": ""DDS75-LB"", ""Sensor_flag"": 1, ""TempC_DS18B20"": 32.76}"
2025-09-21 11:22:10.714737215+00:00,dds75-lb-10,2,-37,8.0,"{""Bat"": 3.357, ""Distance_mm"": 723, ""Interrupt_flag"": 0, ""Node_type"": ""DDS75-LB"", ""Sensor_flag"": 1, ""TempC_DS18B20"": 32.76}"
2025-09-21 11:23:10.698720472+00:00,dds75-lb-10,2,-115,1.25,"{""Bat"": 3.357, ""Distance_mm"": 723, ""Interrupt_flag"": 0, ""Node_type"": ""DDS75-LB"", ""Sensor_flag"": 1, ""TempC_DS18B20"": 32.76}"
2025-09-21 11:24:10.693600167+00:00,dds75-lb-10,2,-38,9.0,"{""Bat"": 3.357, ""Distance_mm"": 723, ""Interrupt_flag"": 0, ""Node_type"": ""DDS75-LB"", ""Sensor_flag"": 1, ""TempC_DS18B20"": 32.76}"
2025-09-21 11:25:10.675746970+00:00,dds75-lb-10,2,-35,7.5,"{""Bat"": 3.357, ""Distance_mm"": 723, ""Interrupt_flag"": 0, ""Node_type"": ""DDS75-LB"", ""Sensor_flag"": 1, ""TempC_DS18B20"": 32.76}"
2025-09-21 11:26:10.660844122+00:00,dds75-lb-10,2,-32,9.0,"{""Bat"": 3.357, ""Distance_mm"": 723, ""Interrupt_flag"": 0, ""Node_type"": ""DDS75-LB"", ""Sensor_flag"": 1, ""TempC_DS18B20"": 32.76}"
2025-09-21 11:27:10.654491+00:00,dds75-lb-10,2,-35,7.5,"{""Bat"": 3.357, ""Distance_mm"": 723, ""Interrupt_flag"": 0, ""Node_type"": ""DDS75-LB"", ""Sensor_flag"": 1, ""TempC_DS18B20"": 32.76}"
2025-09-21 11:28:10.642905536+00:00,dds75-lb-10,2,-34,10.5,"{""Bat"": 3.357, ""Distance_mm"": 723, ""Interrupt_flag"": 0, ""Node_type"": ""DDS75-LB"", ""Sensor_flag"": 1, ""TempC_DS18B20"": 32.76}"
2025-09-21 11:29:10.623338397+00:00,dds75-lb-10,2,-33,9.5,"{""Bat"": 3.357, ""Distance_mm"": 723, ""Interrupt_flag"": 0, ""Node_type"": ""DDS75-LB"", ""Sensor_flag"": 1, ""TempC_DS18B20"": 32.76}"
2025-09-21 11:30:10.610972857+00:00,dds75-lb-10,2,-112,2.5,"{""Bat"": 3.357, ""Distance_mm"": 723, ""Interrupt_flag"": 0, ""Node_type"": ""DDS75-LB"", ""Sensor_flag"": 1, ""TempC_DS18B20"": 32.76}"
2025-09-21 11:31:10.604167418+00:00,dds75-lb-10,2,-35,9.25,"{""Bat"": 3.357, ""Distance_mm"": 723, ""Interrupt_flag"": 0, ""Node_type"": ""DDS75-LB"", ""Sensor_flag"": 1, ""TempC_DS18B20"": 32.76}"
2025-09-21 11:32:10.610323642+00:00,dds75-lb-10,2,-38,9.75,"{""Bat"": 3.357, ""Distance_mm"": 723, ""Interrupt_flag"": 0, ""Node_type"": ""DDS75-LB"", ""Sensor_flag"": 1, ""TempC_DS18B20"": 32.76}"
2025-09-21 11:33:10.597860696+00:00,dds75-lb-10,2,-35,8.25,"{""Bat"": 3.357, ""Distance_mm"": 723, ""Interrupt_flag"": 0, ""Node_type"": ""DDS75-LB"", ""Sensor_flag"": 1, ""TempC_DS18B20"": 32.76}"
2025-09-21 11:34:10.592883933+00:00,dds75-lb-10,2,-32,7.5,"{""Bat"": 3.357, ""Distance_mm"": 723, ""Interrupt_flag"": 0, ""Node_type"": ""DDS75-LB"", ""Sensor_flag"": 1, ""TempC_DS18B20"": 32.76}"
2025-09-21 11:35:10.556001782+00:00,dds75-lb-10,2,-116,1.0,"{""Bat"": 3.357, ""Distance_mm"": 723, ""Interrupt_flag"": 0, ""Node_type"": ""DDS75-LB"", ""Sensor_flag"": 1, ""TempC_DS18B20"": 32.76}"
2025-09-21 11:36:10.555560878+00:00,dds75-lb-10,2,-33,9.5,"{""Bat"": 3.357, ""Distance_mm"": 723, ""Interrupt_flag"": 0, ""Node_type"": ""DDS75-LB"", ""Sensor_flag"": 1, ""TempC_DS18B20"": 32.76}"
2025-09-21 11:37:10.551161209+00:00,dds75-lb-10,2,-117,-1.5,"{""Bat"": 3.357, ""Distance_mm"": 723, ""Interrupt_flag"": 0, ""Node_type"": ""DDS75-LB"", ""Sensor_flag"": 1, ""TempC_DS18B20"": 32.76}"
2025-09-21 11:38:10.535791046+00:00,dds75-lb-10,2,-35,7.75,"{""Bat"": 3.357, ""Distance_mm"": 723, ""Interrupt_flag"": 0, ""Node_type"": ""DDS75-LB"", ""Sensor_flag"": 1, ""TempC_DS18B20"": 32.76}"
2025-09-21 11:39:10.525732265+00:00,dds75-lb-10,2,-119,-7.75,"{""Bat"": 3.357, ""Distance_mm"": 723, ""Interrupt_flag"": 0, ""Node_type"": ""DDS75-LB"", ""Sensor_flag"": 1, ""TempC_DS18B20"": 32.76}"
2025-09-21 11:40:10.514516192+00:00,dds75-lb-10,2,-37,10.25,"{""Bat"": 3.357, ""Distance_mm"": 723, ""Interrupt_flag"": 0, ""Node_type"": ""DDS75-LB"", ""Sensor_flag"": 1, ""TempC_DS18B20"": 32.76}"
2025-09-21 11:41:10.493101404+00:00,dds75-lb-10,2,-35,7.75,"{""Bat"": 3.357, ""Distance_mm"": 723, ""Interrupt_flag"": 0, ""Node_type"": ""DDS75-LB"", ""Sensor_flag"": 1, ""TempC_DS18B20"": 32.76}"
2025-09-21 11:42:10.470706514+00:00,dds75-lb-10,2,-112,3.0,"{""Bat"": 3.357, ""Distance_mm"": 723, ""Interrupt_flag"": 0, ""Node_type"": ""DDS75-LB"", ""Sensor_flag"": 1, ""TempC_DS18B20"": 32.76}"
2025-09-21 11:43:10.462333971+00:00,dds75-lb-10,2,-123,-7.5,"{""Bat"": 3.357, ""Distance_mm"": 723, ""Interrupt_flag"": 0, ""Node_type"": ""DDS75-LB"", ""Sensor_flag"": 1, ""TempC_DS18B20"": 32.76}"
2025-09-21 11:44:10.460398976+00:00,dds75-lb-10,2,-117,-0.75,"{""Bat"": 3.357, ""Distance_mm"": 723, ""Interrupt_flag"": 0, ""Node_type"": ""DDS75-LB"", ""Sensor_flag"": 1, ""TempC_DS18B20"": 32.76}"
2025-09-21 11:45:10.444585766+00:00,dds75-lb-10,2,-118,-9.0,"{""Bat"": 3.357, ""Distance_mm"": 723, ""Interrupt_flag"": 0, ""Node_type"": ""DDS75-LB"", ""Sensor_flag"": 1, ""TempC_DS18B20"": 32.76}"
2025-09-21 11:46:10.452040227+00:00,dds75-lb-10,2,-37,7.0,"{""Bat"": 3.357, ""Distance_mm"": 723, ""Interrupt_flag"": 0, ""Node_type"": ""DDS75-LB"", ""Sensor_flag"": 1, ""TempC_DS18B20"": 32.76}"
2025-09-21 11:47:10.429712507+00:00,dds75-lb-10,2,-116,-0.25,"{""Bat"": 3.357, ""Distance_mm"": 723, ""Interrupt_flag"": 0, ""Node_type"": ""DDS75-LB"", ""Sensor_flag"": 1, ""TempC_DS18B20"": 32.76}"
2025-09-21 11:48:10.401864373+00:00,dds75-lb-10,2,-115,0.5,"{""Bat"": 3.357, ""Distance_mm"": 723, ""Interrupt_flag"": 0, ""Node_type"": ""DDS75-LB"", ""Sensor_flag"": 1, ""TempC_DS18B20"": 32.76}"
2025-09-21 11:49:10.400509638+00:00,dds75-lb-10,2,-118,-2.0,"{""Bat"": 3.357, ""Distance_mm"": 723, ""Interrupt_flag"": 0, ""Node_type"": ""DDS75-LB"", ""Sensor_flag"": 1, ""TempC_DS18B20"": 32.76}"
2025-09-21 11:50:10.422012046+00:00,dds75-lb-10,2,-33,6.75,"{""Bat"": 3.357, ""Distance_mm"": 723, ""Interrupt_flag"": 0, ""Node_type"": ""DDS75-LB"", ""Sensor_flag"": 1, ""TempC_DS18B20"": 32.76}"
2025-09-21 11:51:10.384831004+00:00,dds75-lb-10,2,-37,7.0,"{""Bat"": 3.357, ""Distance_mm"": 723, ""Interrupt_flag"": 0, ""Node_type"": ""DDS75-LB"", ""Sensor_flag"": 1, ""TempC_DS18B20"": 32.76}"
2025-09-21 11:52:10.376030816+00:00,dds75-lb-10,2,-37,11.0,"{""Bat"": 3.357, ""Distance_mm"": 723, ""Interrupt_flag"": 0, ""Node_type"": ""DDS75-LB"", ""Sensor_flag"": 1, ""TempC_DS18B20"": 32.76}"
2025-09-21 11:53:10.374430542+00:00,dds75-lb-10,2,-38,10.0,"{""Bat"": 3.357, ""Distance_mm"": 723, ""Interrupt_flag"": 0, ""Node_type"": ""DDS75-LB"", ""Sensor_flag"": 1, ""TempC_DS18B20"": 32.76}"
2025-09-21 11:54:10.373669493+00:00,dds75-lb-10,2,-35,7.5,"{""Bat"": 3.357, ""Distance_mm"": 723, ""Interrupt_flag"": 0, ""Node_type"": ""DDS75-LB"", ""Sensor_flag"": 1, ""TempC_DS18B20"": 32.76}"
2025-09-21 11:55:10.342690994+00:00,dds75-lb-10,2,-33,9.0,"{""Bat"": 3.357, ""Distance_mm"": 723, ""Interrupt_flag"": 0, ""Node_type"": ""DDS75-LB"", ""Sensor_flag"": 1, ""TempC_DS18B20"": 32.76}"
2025-09-21 11:56:10.324419468+00:00,dds75-lb-10,2,-122,-6.25,"{""Bat"": 3.357, ""Distance_mm"": 723, ""Interrupt_flag"": 0, ""Node_type"": ""DDS75-LB"", ""Sensor_flag"": 1, ""TempC_DS18B20"": 32.76}"
2025-09-21 11:57:10.319159387+00:00,dds75-lb-10,2,-114,2.25,"{""Bat"": 3.357, ""Distance_mm"": 723, ""Interrupt_flag"": 0, ""Node_type"": ""DDS75-LB"", ""Sensor_flag"": 1, ""TempC_DS18B20"": 32.76}"
2025-09-21 11:58:10.312922989+00:00,dds75-lb-10,2,-114,0.75,"{""Bat"": 3.357, ""Distance_mm"": 723, ""Interrupt_flag"": 0, ""Node_type"": ""DDS75-LB"", ""Sensor_flag"": 1, ""TempC_DS18B20"": 32.76}"
2025-09-21 11:59:10.302440467+00:00,dds75-lb-10,2,-33,7.5,"{""Bat"": 3.357, ""Distance_mm"": 723, ""Interrupt_flag"": 0, ""Node_type"": ""DDS75-LB"", ""Sensor_flag"": 1, ""TempC_DS18B20"": 32.76}"
2025-09-21 12:00:10.295936714+00:00,dds75-lb-10,2,-35,9.75,"{""Bat"": 3.357, ""Distance_mm"": 723, ""Interrupt_flag"": 0, ""Node_type"": ""DDS75-LB"", ""Sensor_flag"": 1, ""TempC_DS18B20"": 32.76}"
2025-09-21 12:01:10.285193058+00:00,dds75-lb-10,2,-38,10.0,"{""Bat"": 3.357, ""Distance_mm"": 723, ""Interrupt_flag"": 0, ""Node_type"": ""DDS75-LB"", ""Sensor_flag"": 1, ""TempC_DS18B20"": 32.76}"
2025-09-21 12:02:10.264678909+00:00,dds75-lb-10,2,-37,10.0,"{""Bat"": 3.357, ""Distance_mm"": 723, ""Interrupt_flag"": 0, ""Node_type"": ""DDS75-LB"", ""Sensor_flag"": 1, ""TempC_DS18B20"": 32.76}"
2025-09-21 12:03:10.252921930+00:00,dds75-lb-10,2,-115,-1.25,"{""Bat"": 3.357, ""Distance_mm"": 723, ""Interrupt_flag"": 0, ""Node_type"": ""DDS75-LB"", ""Sensor_flag"": 1, ""TempC_DS18B20"": 32.76}"
2025-09-21 12:04:10.254273360+00:00,dds75-lb-10,2,-36,9.25,"{""Bat"": 3.357, ""Distance_mm"": 723, ""Interrupt_flag"": 0, ""Node_type"": ""DDS75-LB"", ""Sensor_flag"": 1, ""TempC_DS18B20"": 32.76}"
2025-09-21 12:05:10.243437832+00:00,dds75-lb-10,2,-35,6.75,"{""Bat"": 3.357, ""Distance_mm"": 723, ""Interrupt_flag"": 0, ""Node_type"": ""DDS75-LB"", ""Sensor_flag"": 1, ""TempC_DS18B20"": 32.76}"
2025-09-21 12:06:10.216916787+00:00,dds75-lb-10,2,-33,7.25,"{""Bat"": 3.357, ""Distance_mm"": 723, ""Interrupt_flag"": 0, ""Node_type"": ""DDS75-LB"", ""Sensor_flag"": 1, ""TempC_DS18B20"": 32.76}"
2025-09-21 12:07:10.195645130+00:00,dds75-lb-10,2,-116,0.25,"{""Bat"": 3.357, ""Distance_mm"": 723, ""Interrupt_flag"": 0, ""Node_type"": ""DDS75-LB"", ""Sensor_flag"": 1, ""TempC_DS18B20"": 32.76}"
2025-09-21 12:08:10.194950406+00:00,dds75-lb-10,2,-113,3.0,"{""Bat"": 3.357, ""Distance_mm"": 723, ""Interrupt_flag"": 0, ""Node_type"": ""DDS75-LB"", ""Sensor_flag"": 1, ""TempC_DS18B20"": 32.76}"
2025-09-21 12:09:10.194741483+00:00,dds75-lb-10,2,-37,9.75,"{""Bat"": 3.357, ""Distance_mm"": 723, ""Interrupt_flag"": 0, ""Node_type"": ""DDS75-LB"", ""Sensor_flag"": 1, ""TempC_DS18B20"": 32.76}"
2025-09-21 12:10:10.173331839+00:00,dds75-lb-10,2,-37,8.0,"{""Bat"": 3.357, ""Distance_mm"": 723, ""Interrupt_flag"": 0, ""Node_type"": ""DDS75-LB"", ""Sensor_flag"": 1, ""TempC_DS18B20"": 32.76}"
2025-09-21 12:11:10.176406428+00:00,dds75-lb-10,2,-33,9.5,"{""Bat"": 3.357, ""Distance_mm"": 723, ""Interrupt_flag"": 0, ""Node_type"": ""DDS75-LB"", ""Sensor_flag"": 1, ""TempC_DS18B20"": 32.76}"
2025-09-21 12:12:10.163674631+00:00,dds75-lb-10,2,-38,10.0,"{""Bat"": 3.357, ""Distance_mm"": 723, ""Interrupt_flag"": 0, ""Node_type"": ""DDS75-LB"", ""Sensor_flag"": 1, ""TempC_DS18B20"": 32.76}"
2025-09-21 12:13:10.155273838+00:00,dds75-lb-10,2,-115,0.5,"{""Bat"": 3.357, ""Distance_mm"": 723, ""Interrupt_flag"": 0, ""Node_type"": ""DDS75-LB"", ""Sensor_flag"": 1, ""TempC_DS18B20"": 32.76}"
2025-09-21 12:14:10.134219986+00:00,dds75-lb-10,2,-113,1.75,"{""Bat"": 3.357, ""Distance_mm"": 723, ""Interrupt_flag"": 0, ""Node_type"": ""DDS75-LB"", ""Sensor_flag"": 1, ""TempC_DS18B20"": 32.76}"
2025-09-21 12:15:10.119010427+00:00,dds75-lb-10,2,-115,1.5,"{""Bat"": 3.357, ""Distance_mm"": 723, ""Interrupt_flag"": 0, ""Node_type"": ""DDS75-LB"", ""Sensor_flag"": 1, ""TempC_DS18B20"": 32.76}"
2025-09-21 12:16:10.101819856+00:00,dds75-lb-10,2,-114,2.0,"{""Bat"": 3.357, ""Distance_mm"": 723, ""Interrupt_flag"": 0, ""Node_type"": ""DDS75-LB"", ""Sensor_flag"": 1, ""TempC_DS18B20"": 32.76}"
2025-09-21 12:17:10.096051958+00:00,dds75-lb-10,2,-37,10.25,"{""Bat"": 3.357, ""Distance_mm"": 723, ""Interrupt_flag"": 0, ""Node_type"": ""DDS75-LB"", ""Sensor_flag"": 1, ""TempC_DS18B20"": 32.76}"
2025-09-21 12:18:10.100033712+00:00,dds75-lb-10,2,-35,9.75,"{""Bat"": 3.357, ""Distance_mm"": 723, ""Interrupt_flag"": 0, ""Node_type"": ""DDS75-LB"", ""Sensor_flag"": 1, ""TempC_DS18B20"": 32.76}"
2025-09-21 12:19:10.074225821+00:00,dds75-lb-10,2,-116,,"{""Bat"": 3.357, ""Distance_mm"": 723, ""Interrupt_flag"": 0, ""Node_type"": ""DDS75-LB"", ""Sensor_flag"": 1, ""TempC_DS18B20"": 32.76}"
2025-09-21 12:20:10.065339794+00:00,dds75-lb-10,2,-112,4.0,"{""Bat"": 3.357, ""Distance_mm"": 723, ""Interrupt_flag"": 0, ""Node_type"": ""DDS75-LB"", ""Sensor_flag"": 1, ""TempC_DS18B20"": 32.76}"
2025-09-21 12:21:10.060442556+00:00,dds75-lb-10,2,-113,2.5,"{""Bat"": 3.357, ""Distance_mm"": 723, ""Interrupt_flag"": 0, ""Node_type"": ""DDS75-LB"", ""Sensor_flag"": 1, ""TempC_DS18B20"": 32.76}"
2025-09-21 12:22:10.045516051+00:00,dds75-lb-10,2,-33,8.75,"{""Bat"": 3.357, ""Distance_mm"": 723, ""Interrupt_flag"": 0, ""Node_type"": ""DDS75-LB"", ""Sensor_flag"": 1, ""TempC_DS18B20"": 32.76}"
2025-09-21 12:23:10.035379932+00:00,dds75-lb-10,2,-35,7.5,"{""Bat"": 3.357, ""Distance_mm"": 723, ""Interrupt_flag"": 0, ""Node_type"": ""DDS75-LB"", ""Sensor_flag"": 1, ""TempC_DS18B20"": 32.76}"
2025-09-21 12:24:10.037593302+00:00,dds75-lb-10,2,-34,9.25,"{""Bat"": 3.357, ""Distance_mm"": 723, ""Interrupt_flag"": 0, ""Node_type"": ""DDS75-LB"", ""Sensor_flag"": 1, ""TempC_DS18B20"": 32.76}"
2025-09-21 12:25:10.019523756+00:00,dds75-lb-10,2,-121,-5.5,"{""Bat"": 3.357, ""Distance_mm"": 723, ""Interrupt_flag"": 0, ""Node_type"": ""DDS75-LB"", ""Sensor_flag"": 1, ""TempC_DS18B20"": 32.76}"
2025-09-21 12:26:10.027658749+00:00,dds75-lb-10,2,-35,8.25,"{""Bat"": 3.357, ""Distance_mm"": 723, ""Interrupt_flag"": 0, ""Node_type"": ""DDS75-LB"", ""Sensor_flag"": 1, ""TempC_DS18B20"": 32.76}"
2025-09-21 12:27:10.001213994+00:00,dds75-lb-10,2,-115,-5.75,"{""Bat"": 3.357, ""Distance_mm"": 723, ""Interrupt_flag"": 0, ""Node_type"": ""DDS75-LB"", ""Sensor_flag"": 1, ""TempC_DS18B20"": 32.76}"
2025-09-21 12:28:09.997635628+00:00,dds75-lb-10,2,-35,9.25,"{""Bat"": 3.357, ""Distance_mm"": 723, ""Interrupt_flag"": 0, ""Node_type"": ""DDS75-LB"", ""Sensor_flag"": 1, ""TempC_DS18B20"": 32.76}"
2025-09-21 12:29:09.978432153+00:00,dds75-lb-10,2,-37,9.0,"{""Bat"": 3.357, ""Distance_mm"": 723, ""Interrupt_flag"": 0, ""Node_type"": ""DDS75-LB"", ""Sensor_flag"": 1, ""TempC_DS18B20"": 32.76}"
2025-09-21 12:30:09.977232305+00:00,dds75-lb-10,2,-115,-5.0,"{""Bat"": 3.357, ""Distance_mm"": 723, ""Interrupt_flag"": 0, ""Node_type"": ""DDS75-LB"", ""Sensor_flag"": 1, ""TempC_DS18B20"": 32.76}"
2025-09-21 12:31:09.961040871+00:00,dds75-lb-10,2,-36,10.0,"{""Bat"": 3.357, ""Distance_mm"": 723, ""Interrupt_flag"": 0, ""Node_type"": ""DDS75-LB"", ""Sensor_flag"": 1, ""TempC_DS18B20"": 32.76}"
2025-09-21 12:32:09.939039941+00:00,dds75-lb-10,2,-113,3.5,"{""Bat"": 3.357, ""Distance_mm"": 723, ""Interrupt_flag"": 0, ""Node_type"": ""DDS75-LB"", ""Sensor_flag"": 1, ""TempC_DS18B20"": 32.76}"
2025-09-21 12:33:09.937405456+00:00,dds75-lb-10,2,-37,9.75,"{""Bat"": 3.357, ""Distance_mm"": 723, ""Interrupt_flag"": 0, ""Node_type"": ""DDS75-LB"", ""Sensor_flag"": 1, ""TempC_DS18B20"": 32.76}"
2025-09-21 12:34:09.937122356+00:00,dds75-lb-10,2,-33,7.75,"{""Bat"": 3.357, ""Distance_mm"": 723, ""Interrupt_flag"": 0, ""Node_type"": ""DDS75-LB"", ""Sensor_flag"": 1, ""TempC_DS18B20"": 32.76}"
2025-09-21 12:35:09.909897903+00:00,dds75-lb-10,2,-112,3.75,"{""Bat"": 3.357, ""Distance_mm"": 723, ""Interrupt_flag"": 0, ""Node_type"": ""DDS75-LB"", ""Sensor_flag"": 1, ""TempC_DS18B20"": 32.76}"
2025-09-21 12:36:09.886663990+00:00,dds75-lb-10,2,-38,9.25,"{""Bat"": 3.357, ""Distance_mm"": 723, ""Interrupt_flag"": 0, ""Node_type"": ""DDS75-LB"", ""Sensor_flag"": 1, ""TempC_DS18B20"": 32.76}"
2025-09-21 12:37:09.877184465+00:00,dds75-lb-10,2,-112,2.5,"{""Bat"": 3.357, ""Distance_mm"": 723, ""Interrupt_flag"": 0, ""Node_type"": ""DDS75-LB"", ""Sensor_flag"": 1, ""TempC_DS18B20"": 32.76}"
2025-09-21 12:38:09.871340785+00:00,dds75-lb-10,2,-113,2.0,"{""Bat"": 3.357, ""Distance_mm"": 723, ""Interrupt_flag"": 0, ""Node_type"": ""DDS75-LB"", ""Sensor_flag"": 1, ""TempC_DS18B20"": 32.76}"
2025-09-21 12:39:09.870752086+00:00,dds75-lb-10,2,-115,1.5,"{""Bat"": 3.357, ""Distance_mm"": 723, ""Interrupt_flag"": 0, ""Node_type"": ""DDS75-LB"", ""Sensor_flag"": 1, ""TempC_DS18B20"": 32.76}"
2025-09-21 12:40:09.859924570+00:00,dds75-lb-10,2,-114,-10.0,"{""Bat"": 3.357, ""Distance_mm"": 723, ""Interrupt_flag"": 0, ""Node_type"": ""DDS75-LB"", ""Sensor_flag"": 1, ""TempC_DS18B20"": 32.76}"
2025-09-21 12:41:09.846624133+00:00,dds75-lb-10,2,-37,10.5,"{""Bat"": 3.357, ""Distance_mm"": 723, ""Interrupt_flag"": 0, ""Node_type"": ""DDS75-LB"", ""Sensor_flag"": 1, ""TempC_DS18B20"": 32.76}"
2025-09-21 12:42:09.851276522+00:00,dds75-lb-10,2,-35,7.0,"{""Bat"": 3.357, ""Distance_mm"": 723, ""Interrupt_flag"": 0, ""Node_type"": ""DDS75-LB"", ""Sensor_flag"": 1, ""TempC_DS18B20"": 32.76}"
2025-09-21 12:43:09.818954117+00:00,dds75-lb-10,2,-118,-6.0,"{""Bat"": 3.357, ""Distance_mm"": 723, ""Interrupt_flag"": 0, ""Node_type"": ""DDS75-LB"", ""Sensor_flag"": 1, ""TempC_DS18B20"": 32.76}"
2025-09-21 12:44:09.814368208+00:00,dds75-lb-10,2,-119,-3.75,"{""Bat"": 3.357, ""Distance_mm"": 723, ""Interrupt_flag"": 0, ""Node_type"": ""DDS75-LB"", ""Sensor_flag"": 1, ""TempC_DS18B20"": 32.76}"
2025-09-21 12:45:09.812327031+00:00,dds75-lb-10,2,-35,7.0,"{""Bat"": 3.357, ""Distance_mm"": 723, ""Interrupt_flag"": 0, ""Node_type"": ""DDS75-LB"", ""Sensor_flag"": 1, ""TempC_DS18B20"": 32.76}"
2025-09-21 12:46:09.804105223+00:00,dds75-lb-10,2,-33,7.25,"{""Bat"": 3.357, ""Distance_mm"": 723, ""Interrupt_flag"": 0, ""Node_type"": ""DDS75-LB"", ""Sensor_flag"": 1, ""TempC_DS18B20"": 32.76}"
2025-09-21 12:47:09.785366745+00:00,dds75-lb-10,2,-35,8.25,"{""Bat"": 3.357, ""Distance_mm"": 723, ""Interrupt_flag"": 0, ""Node_type"": ""DDS75-LB"", ""Sensor_flag"": 1, ""TempC_DS18B20"": 32.76}"
2025-09-21 12:48:09.774799236+00:00,dds75-lb-10,2,-33,9.5,"{""Bat"": 3.357, ""Distance_mm"": 723, ""Interrupt_flag"": 0, ""Node_type"": ""DDS75-LB"", ""Sensor_flag"": 1, ""TempC_DS18B20"": 32.76}"
2025-09-21 12:49:09.760780774+00:00,dds75-lb-10,2,-37,9.25,"{""Bat"": 3.357, ""Distance_mm"": 723, ""Interrupt_flag"": 0, ""Node_type"": ""DDS75-LB"", ""Sensor_flag"": 1, ""TempC_DS18B20"": 32.76}"
2025-09-21 12:50:09.742251272+00:00,dds75-lb-10,2,-37,7.5,"{""Bat"": 3.357, ""Distance_mm"": 723, ""Interrupt_flag"": 0, ""Node_type"": ""DDS75-LB"", ""Sensor_flag"": 1, ""TempC_DS18B20"": 32.76}"
2025-09-21 12:51:09.722272740+00:00,dds75-lb-10,2,-115,0.75,"{""Bat"": 3.357, ""Distance_mm"": 723, ""Interrupt_flag"": 0, ""Node_type"": ""DDS75-LB"", ""Sensor_flag"": 1, ""TempC_DS18B20"": 32.76}"
2025-09-21 12:52:09.731826309+00:00,dds75-lb-10,2,-111,4.0,"{""Bat"": 3.357, ""Distance_mm"": 723, ""Interrupt_flag"": 0, ""Node_type"": ""DDS75-LB"", ""Sensor_flag"": 1, ""TempC_DS18B20"": 32.76}"
2025-09-21 12:53:09.711178532+00:00,dds75-lb-10,2,-113,2.5,"{""Bat"": 3.357, ""Distance_mm"": 723, ""Interrupt_flag"": 0, ""Node_type"": ""DDS75-LB"", ""Sensor_flag"": 1, ""TempC_DS18B20"": 32.76}"
2025-09-21 12:54:09.701834564+00:00,dds75-lb-10,2,-115,0.5,"{""Bat"": 3.357, ""Distance_mm"": 723, ""Interrupt_flag"": 0, ""Node_type"": ""DDS75-LB"", ""Sensor_flag"": 1, ""TempC_DS18B20"": 32.76}"
2025-09-21 12:55:09.694004336+00:00,dds75-lb-10,2,-115,-2.75,"{""Bat"": 3.357, ""Distance_mm"": 723, ""Interrupt_flag"": 0, ""Node_type"": ""DDS75-LB"", ""Sensor_flag"": 1, ""TempC_DS18B20"": 32.76}"
2025-09-21 12:56:09.691353706+00:00,dds75-lb-10,2,-33,9.5,"{""Bat"": 3.357, ""Distance_mm"": 723, ""Interrupt_flag"": 0, ""Node_type"": ""DDS75-LB"", ""Sensor_flag"": 1, ""TempC_DS18B20"": 32.76}"
2025-09-21 12:57:09.657426531+00:00,dds75-lb-10,2,-119,-3.5,"{""Bat"": 3.357, ""Distance_mm"": 723, ""Interrupt_flag"": 0, ""Node_type"": ""DDS75-LB"", ""Sensor_flag"": 1, ""TempC_DS18B20"": 32.76}"
2025-09-21 12:58:09.672583728+00:00,dds75-lb-10,2,-115,-0.5,"{""Bat"": 3.357, ""Distance_mm"": 723, ""Interrupt_flag"": 0, ""Node_type"": ""DDS75-LB"", ""Sensor_flag"": 1, ""TempC_DS18B20"": 32.76}"
2025-09-21 12:59:09.654414347+00:00,dds75-lb-10,2,-112,-6.5,"{""Bat"": 3.357, ""Distance_mm"": 723, ""Interrupt_flag"": 0, ""Node_type"": ""DDS75-LB"", ""Sensor_flag"": 1, ""TempC_DS18B20"": 32.76}"
2025-09-21 13:00:09.630359723+00:00,dds75-lb-10,2,-116,-0.5,"{""Bat"": 3.357, ""Distance_mm"": 723, ""Interrupt_flag"": 0, ""Node_type"": ""DDS75-LB"", ""Sensor_flag"": 1, ""TempC_DS18B20"": 32.76}"
2025-09-21 13:01:09.622639928+00:00,dds75-lb-10,2,-111,3.0,"{""Bat"": 3.357, ""Distance_mm"": 723, ""Interrupt_flag"": 0, ""Node_type"": ""DDS75-LB"", ""Sensor_flag"": 1, ""TempC_DS18B20"": 32.76}"
2025-09-21 13:02:09.622223427+00:00,dds75-lb-10,2,-114,2.25,"{""Bat"": 3.357, ""Distance_mm"": 723, ""Interrupt_flag"": 0, ""Node_type"": ""DDS75-LB"", ""Sensor_flag"": 1, ""TempC_DS18B20"": 32.76}"
2025-09-21 13:03:09.592943003+00:00,dds75-lb-10,2,-117,-2.0,"{""Bat"": 3.357, ""Distance_mm"": 723, ""Interrupt_flag"": 0, ""Node_type"": ""DDS75-LB"", ""Sensor_flag"": 1, ""TempC_DS18B20"": 32.76}"
2025-09-21 13:04:09.593215011+00:00,dds75-lb-10,2,-111,-7.0,"{""Bat"": 3.357, ""Distance_mm"": 723, ""Interrupt_flag"": 0, ""Node_type"": ""DDS75-LB"", ""Sensor_flag"": 1, ""TempC_DS18B20"": 32.76}"
2025-09-21 13:05:09.580186949+00:00,dds75-lb-10,2,-37,10.5,"{""Bat"": 3.357, ""Distance_mm"": 723, ""Interrupt_flag"": 0, ""Node_type"": ""DDS75-LB"", ""Sensor_flag"": 1, ""TempC_DS18B20"": 32.76}"
2025-09-21 13:06:09.573227719+00:00,dds75-lb-10,2,-35,8.25,"{""Bat"": 3.357, ""Distance_mm"": 723, ""Interrupt_flag"": 0, ""Node_type"": ""DDS75-LB"", ""Sensor_flag"": 1, ""TempC_DS18B20"": 32.76}"
2025-09-21 13:07:09.561561144+00:00,dds75-lb-10,2,-115,0.75,"{""Bat"": 3.357, ""Distance_mm"": 723, ""Interrupt_flag"": 0, ""Node_type"": ""DDS75-LB"", ""Sensor_flag"": 1, ""TempC_DS18B20"": 32.76}"
2025-09-21 13:08:09.541258213+00:00,dds75-lb-10,2,-115,0.75,"{""Bat"": 3.357, ""Distance_mm"": 723, ""Interrupt_flag"": 0, ""Node_type"": ""DDS75-LB"", ""Sensor_flag"": 1, ""TempC_DS18B20"": 32.76}"
2025-09-21 13:09:09.541593120+00:00,dds75-lb-10,2,-118,-2.75,"{""Bat"": 3.357, ""Distance_mm"": 723, ""Interrupt_flag"": 0, ""Node_type"": ""DDS75-LB"", ""Sensor_flag"": 1, ""TempC_DS18B20"": 32.76}"
2025-09-21 13:10:09.529206950+00:00,dds75-lb-10,2,-112,3.5,"{""Bat"": 3.357, ""Distance_mm"": 723, ""Interrupt_flag"": 0, ""Node_type"": ""DDS75-LB"", ""Sensor_flag"": 1, ""TempC_DS18B20"": 32.76}"
2025-09-21 13:11:09.539957414+00:00,dds75-lb-10,2,-37,7.75,"{""Bat"": 3.357, ""Distance_mm"": 723, ""Interrupt_flag"": 0, ""Node_type"": ""DDS75-LB"", ""Sensor_flag"": 1, ""TempC_DS18B20"": 32.76}"
2025-09-21 13:12:09.500009156+00:00,dds75-lb-10,2,-114,2.0,"{""Bat"": 3.357, ""Distance_mm"": 723, ""Interrupt_flag"": 0, ""Node_type"": ""DDS75-LB"", ""Sensor_flag"": 1, ""TempC_DS18B20"": 32.76}"
2025-09-21 13:13:09.491922126+00:00,dds75-lb-10,2,-37,10.0,"{""Bat"": 3.357, ""Distance_mm"": 723, ""Interrupt_flag"": 0, ""Node_type"": ""DDS75-LB"", ""Sensor_flag"": 1, ""TempC_DS18B20"": 32.76}"
2025-09-21 13:14:09.490110359+00:00,dds75-lb-10,2,-33,9.0,"{""Bat"": 3.357, ""Distance_mm"": 723, ""Interrupt_flag"": 0, ""Node_type"": ""DDS75-LB"", ""Sensor_flag"": 1, ""TempC_DS18B20"": 32.76}"
2025-09-21 13:15:09.477588949+00:00,dds75-lb-10,2,-113,,"{""Bat"": 3.357, ""Distance_mm"": 723, ""Interrupt_flag"": 0, ""Node_type"": ""DDS75-LB"", ""Sensor_flag"": 1, ""TempC_DS18B20"": 32.76}"
2025-09-21 13:16:09.464134063+00:00,dds75-lb-10,2,-35,9.75,"{""Bat"": 3.357, ""Distance_mm"": 723, ""Interrupt_flag"": 0, ""Node_type"": ""DDS75-LB"", ""Sensor_flag"": 1, ""TempC_DS18B20"": 32.76}"
2025-09-21 13:17:09.454475445+00:00,dds75-lb-10,2,-113,-5.5,"{""Bat"": 3.357, ""Distance_mm"": 723, ""Interrupt_flag"": 0, ""Node_type"": ""DDS75-LB"", ""Sensor_flag"": 1, ""TempC_DS18B20"": 32.76}"
2025-09-21 13:18:09.435072583+00:00,dds75-lb-10,2,-114,1.25,"{""Bat"": 3.357, ""Distance_mm"": 723, ""Interrupt_flag"": 0, ""Node_type"": ""DDS75-LB"", ""Sensor_flag"": 1, ""TempC_DS18B20"": 32.76}"
2025-09-21 13:19:09.421911996+00:00,dds75-lb-10,2,-36,7.75,"{""Bat"": 3.357, ""Distance_mm"": 723, ""Interrupt_flag"": 0, ""Node_type"": ""DDS75-LB"", ""Sensor_flag"": 1, ""TempC_DS18B20"": 32.76}"
2025-09-21 13:20:09.425423040+00:00,dds75-lb-10,2,-115,0.75,"{""Bat"": 3.357, ""Distance_mm"": 723, ""Interrupt_flag"": 0, ""Node_type"": ""DDS75-LB"", ""Sensor_flag"": 1, ""TempC_DS18B20"": 32.76}"
2025-09-21 13:21:09.401994545+00:00,dds75-lb-10,2,-35,8.75,"{""Bat"": 3.357, ""Distance_mm"": 723, ""Interrupt_flag"": 0, ""Node_type"": ""DDS75-LB"", ""Sensor_flag"": 1, ""TempC_DS18B20"": 32.76}"
2025-09-21 13:22:09.399240103+00:00,dds75-lb-10,2,-34,9.25,"{""Bat"": 3.357, ""Distance_mm"": 723, ""Interrupt_flag"": 0, ""Node_type"": ""DDS75-LB"", ""Sensor_flag"": 1, ""TempC_DS18B20"": 32.76}"
2025-09-21 13:23:09.387261175+00:00,dds75-lb-10,2,-33,9.25,"{""Bat"": 3.357, ""Distance_mm"": 723, ""Interrupt_flag"": 0, ""Node_type"": ""DDS75-LB"", ""Sensor_flag"": 1, ""TempC_DS18B20"": 32.76}"
2025-09-21 13:24:09.383167677+00:00,dds75-lb-10,2,-117,-1.5,"{""Bat"": 3.357, ""Distance_mm"": 723, ""Interrupt_flag"": 0, ""Node_type"": ""DDS75-LB"", ""Sensor_flag"": 1, ""TempC_DS18B20"": 32.76}"
2025-09-21 13:25:09.360681346+00:00,dds75-lb-10,2,-112,1.75,"{""Bat"": 3.357, ""Distance_mm"": 723, ""Interrupt_flag"": 0, ""Node_type"": ""DDS75-LB"", ""Sensor_flag"": 1, ""TempC_DS18B20"": 32.76}"
2025-09-21 13:26:09.358056096+00:00,dds75-lb-10,2,-35,8.25,"{""Bat"": 3.357, ""Distance_mm"": 723, ""Interrupt_flag"": 0, ""Node_type"": ""DDS75-LB"", ""Sensor_flag"": 1, ""TempC_DS18B20"": 32.76}"
2025-09-21 13:27:09.342594107+00:00,dds75-lb-10,2,-115,0.5,"{""Bat"": 3.357, ""Distance_mm"": 723, ""Interrupt_flag"": 0, ""Node_type"": ""DDS75-LB"", ""Sensor_flag"": 1, ""TempC_DS18B20"": 32.76}"
2025-09-21 13:28:09.315851689+00:00,dds75-lb-10,2,-37,10.0,"{""Bat"": 3.357, ""Distance_mm"": 723, ""Interrupt_flag"": 0, ""Node_type"": ""DDS75-LB"", ""Sensor_flag"": 1, ""TempC_DS18B20"": 32.76}"
2025-09-21 13:29:09.324159234+00:00,dds75-lb-10,2,-36,9.75,"{""Bat"": 3.357, ""Distance_mm"": 723, ""Interrupt_flag"": 0, ""Node_type"": ""DDS75-LB"", ""Sensor_flag"": 1, ""TempC_DS18B20"": 32.76}"
2025-09-21 13:30:09.304496663+00:00,dds75-lb-10,2,-115,0.25,"{""Bat"": 3.357, ""Distance_mm"": 723, ""Interrupt_flag"": 0, ""Node_type"": ""DDS75-LB"", ""Sensor_flag"": 1, ""TempC_DS18B20"": 32.76}"
2025-09-21 13:31:09.284011661+00:00,dds75-lb-10,2,-37,10.25,"{""Bat"": 3.357, ""Distance_mm"": 723, ""Interrupt_flag"": 0, ""Node_type"": ""DDS75-LB"", ""Sensor_flag"": 1, ""TempC_DS18B20"": 32.76}"
2025-09-21 13:32:09.281035732+00:00,dds75-lb-10,2,-121,-5.5,"{""Bat"": 3.357, ""Distance_mm"": 723, ""Interrupt_flag"": 0, ""Node_type"": ""DDS75-LB"", ""Sensor_flag"": 1, ""TempC_DS18B20"": 32.76}"
2025-09-21 13:33:09.274023176+00:00,dds75-lb-10,2,-35,7.0,"{""Bat"": 3.357, ""Distance_mm"": 723, ""Interrupt_flag"": 0, ""Node_type"": ""DDS75-LB"", ""Sensor_flag"": 1, ""TempC_DS18B20"": 32.76}"
2025-09-21 13:34:09.264110545+00:00,dds75-lb-10,2,-35,8.0,"{""Bat"": 3.357, ""Distance_mm"": 723, ""Interrupt_flag"": 0, ""Node_type"": ""DDS75-LB"", ""Sensor_flag"": 1, ""TempC_DS18B20"": 32.76}"
2025-09-21 13:35:09.241776925+00:00,dds75-lb-10,2,-38,9.5,"{""Bat"": 3.357, ""Distance_mm"": 723, ""Interrupt_flag"": 0, ""Node_type"": ""DDS75-LB"", ""Sensor_flag"": 1, ""TempC_DS18B20"": 32.76}"
2025-09-21 13:36:09.235573299+00:00,dds75-lb-10,2,-33,8.75,"{""Bat"": 3.357, ""Distance_mm"": 723, ""Interrupt_flag"": 0, ""Node_type"": ""DDS75-LB"", ""Sensor_flag"": 1, ""TempC_DS18B20"": 32.76}"
2025-09-21 13:37:09.233427649+00:00,dds75-lb-10,2,-34,9.0,"{""Bat"": 3.357, ""Distance_mm"": 723, ""Interrupt_flag"": 0, ""Node_type"": ""DDS75-LB"", ""Sensor_flag"": 1, ""TempC_DS18B20"": 32.76}"
2025-09-21 13:38:09.225016626+00:00,dds75-lb-10,2,-37,9.25,"{""Bat"": 3.357, ""Distance_mm"": 723, ""Interrupt_flag"": 0, ""Node_type"": ""DDS75-LB"", ""Sensor_flag"": 1, ""TempC_DS18B20"": 32.76}"
2025-09-21 13:39:09.201263218+00:00,dds75-lb-10,2,-36,9.5,"{""Bat"": 3.357, ""Distance_mm"": 723, ""Interrupt_flag"": 0, ""Node_type"": ""DDS75-LB"", ""Sensor_flag"": 1, ""TempC_DS18B20"": 32.76}"
2025-09-21 13:40:09.205409228+00:00,dds75-lb-10,2,-116,0.5,"{""Bat"": 3.357, ""Distance_mm"": 723, ""Interrupt_flag"": 0, ""Node_type"": ""DDS75-LB"", ""Sensor_flag"": 1, ""TempC_DS18B20"": 32.76}"
2025-09-21 13:41:09.185580745+00:00,dds75-lb-10,2,-37,9.5,"{""Bat"": 3.357, ""Distance_mm"": 723, ""Interrupt_flag"": 0, ""Node_type"": ""DDS75-LB"", ""Sensor_flag"": 1, ""TempC_DS18B20"": 32.76}"
2025-09-21 13:42:09.184324777+00:00,dds75-lb-10,2,-112,4.0,"{""Bat"": 3.357, ""Distance_mm"": 723, ""Interrupt_flag"": 0, ""Node_type"": ""DDS75-LB"", ""Sensor_flag"": 1, ""TempC_DS18B20"": 32.76}"
2025-09-21 13:43:09.164037835+00:00,dds75-lb-10,2,-32,7.0,"{""Bat"": 3.357, ""Distance_mm"": 723, ""Interrupt_flag"": 0, ""Node_type"": ""DDS75-LB"", ""Sensor_flag"": 1, ""TempC_DS18B20"": 32.76}"
2025-09-21 13:44:09.145042409+00:00,dds75-lb-10,2,-115,1.25,"{""Bat"": 3.357, ""Distance_mm"": 723, ""Interrupt_flag"": 0, ""Node_type"": ""DDS75-LB"", ""Sensor_flag"": 1, ""TempC_DS18B20"": 32.76}"
2025-09-21 13:45:09.155896241+00:00,dds75-lb-10,2,-38,10.0,"{""Bat"": 3.357, ""Distance_mm"": 723, ""Interrupt_flag"": 0, ""Node_type"": ""DDS75-LB"", ""Sensor_flag"": 1, ""TempC_DS18B20"": 32.76}"
2025-09-21 13:46:09.131616797+00:00,dds75-lb-10,2,-33,7.5,"{""Bat"": 3.357, ""Distance_mm"": 723, ""Interrupt_flag"": 0, ""Node_type"": ""DDS75-LB"", ""Sensor_flag"": 1, ""TempC_DS18B20"": 32.76}"
2025-09-21 13:47:09.123051122+00:00,dds75-lb-10,2,-35,9.25,"{""Bat"": 3.357, ""Distance_mm"": 723, ""Interrupt_flag"": 0, ""Node_type"": ""DDS75-LB"", ""Sensor_flag"": 1, ""TempC_DS18B20"": 32.76}"
2025-09-21 13:48:09.122460232+00:00,dds75-lb-10,2,-115,1.0,"{""Bat"": 3.357, ""Distance_mm"": 723, ""Interrupt_flag"": 0, ""Node_type"": ""DDS75-LB"", ""Sensor_flag"": 1, ""TempC_DS18B20"": 32.76}"
2025-09-21 13:49:09.123707586+00:00,dds75-lb-10,2,-37,9.5,"{""Bat"": 3.357, ""Distance_mm"": 723, ""Interrupt_flag"": 0, ""Node_type"": ""DDS75-LB"", ""Sensor_flag"": 1, ""TempC_DS18B20"": 32.76}"
2025-09-21 13:50:09.102752492+00:00,dds75-lb-10,2,-112,-2.25,"{""Bat"": 3.357, ""Distance_mm"": 723, ""Interrupt_flag"": 0, ""Node_type"": ""DDS75-LB"", ""Sensor_flag"": 1, ""TempC_DS18B20"": 32.76}"
2025-09-21 13:51:09.081091750+00:00,dds75-lb-10,2,-36,9.25,"{""Bat"": 3.357, ""Distance_mm"": 723, ""Interrupt_flag"": 0, ""Node_type"": ""DDS75-LB"", ""Sensor_flag"": 1, ""TempC_DS18B20"": 32.76}"
2025-09-21 13:52:09.071862931+00:00,dds75-lb-10,2,-37,9.75,"{""Bat"": 3.357, ""Distance_mm"": 723, ""Interrupt_flag"": 0, ""Node_type"": ""DDS75-LB"", ""Sensor_flag"": 1, ""TempC_DS18B20"": 32.76}"
2025-09-21 13:53:09.061491878+00:00,dds75-lb-10,2,-37,9.5,"{""Bat"": 3.357, ""Distance_mm"": 723, ""Interrupt_flag"": 0, ""Node_type"": ""DDS75-LB"", ""Sensor_flag"": 1, ""TempC_DS18B20"": 32.76}"
2025-09-21 13:54:09.037442014+00:00,dds75-lb-10,2,-35,6.75,"{""Bat"": 3.357, ""Distance_mm"": 723, ""Interrupt_flag"": 0, ""Node_type"": ""DDS75-LB"", ""Sensor_flag"": 1, ""TempC_DS18B20"": 32.76}"
2025-09-21 13:55:09.057287665+00:00,dds75-lb-10,2,-33,9.5,"{""Bat"": 10.907, ""Distance_mm"": 723, ""Interrupt_flag"": 0, ""Node_type"": ""DDS75-LB"", ""Sensor_flag"": 1, ""TempC_DS18B20"": 32.76}"
2025-09-21 13:56:09.032493468+00:00,dds75-lb-10,2,-36,9.0,"{""Bat"": 3.357, ""Distance_mm"": 723, ""Interrupt_flag"": 0, ""Node_type"": ""DDS75-LB"", ""Sensor_flag"": 1, ""TempC_DS18B20"": 32.76}"
2025-09-21 13:57:09.011373905+00:00,dds75-lb-10,2,-35,7.25,"{""Bat"": 3.357, ""Distance_mm"": 723, ""Interrupt_flag"": 0, ""Node_type"": ""DDS75-LB"", ""Sensor_flag"": 1, ""TempC_DS18B20"": 32.76}"
2025-09-21 13:58:09.011594281+00:00,dds75-lb-10,2,-35,9.5,"{""Bat"": 3.357, ""Distance_mm"": 723, ""Interrupt_flag"": 0, ""Node_type"": ""DDS75-LB"", ""Sensor_flag"": 1, ""TempC_DS18B20"": 32.76}"
2025-09-21 13:59:09.003241614+00:00,dds75-lb-10,2,-117,-2.25,"{""Bat"": 3.357, ""Distance_mm"": 723, ""Interrupt_flag"": 0, ""Node_type"": ""DDS75-LB"", ""Sensor_flag"": 1, ""TempC_DS18B20"": 32.76}"
2025-09-21 14:00:08.978502954+00:00,dds75-lb-10,2,-33,9.0,"{""Bat"": 3.357, ""Distance_mm"": 723, ""Interrupt_flag"": 0, ""Node_type"": ""DDS75-LB"", ""Sensor_flag"": 1, ""TempC_DS18B20"": 32.76}"
2025-09-21 14:01:08.978747216+00:00,dds75-lb-10,2,-38,8.75,"{""Bat"": 3.357, ""Distance_mm"": 723, ""Interrupt_flag"": 0, ""Node_type"": ""DDS75-LB"", ""Sensor_flag"": 1, ""TempC_DS18B20"": 32.76}"
2025-09-21 14:02:08.968307215+00:00,dds75-lb-10,2,-35,7.75,"{""Bat"": 3.357, ""Distance_mm"": 723, ""Interrupt_flag"": 0, ""Node_type"": ""DDS75-LB"", ""Sensor_flag"": 1, ""TempC_DS18B20"": 32.76}"
2025-09-21 14:03:08.957373269+00:00,dds75-lb-10,2,-35,9.25,"{""Bat"": 3.357, ""Distance_mm"": 723, ""Interrupt_flag"": 0, ""Node_type"": ""DDS75-LB"", ""Sensor_flag"": 1, ""TempC_DS18B20"": 32.76}"
2025-09-21 14:04:08.958141447+00:00,dds75-lb-10,2,-38,10.5,"{""Bat"": 3.357, ""Distance_mm"": 723, ""Interrupt_flag"": 0, ""Node_type"": ""DDS75-LB"", ""Sensor_flag"": 1, ""TempC_DS18B20"": 32.76}"
2025-09-21 14:05:08.923965106+00:00,dds75-lb-10,2,-113,1.5,"{""Bat"": 3.357, ""Distance_mm"": 723, ""Interrupt_flag"": 0, ""Node_type"": ""DDS75-LB"", ""Sensor_flag"": 1, ""TempC_DS18B20"": 32.76}"
2025-09-21 14:06:08.924692777+00:00,dds75-lb-10,2,-112,0.25,"{""Bat"": 3.357, ""Distance_mm"": 723, ""Interrupt_flag"": 0, ""Node_type"": ""DDS75-LB"", ""Sensor_flag"": 1, ""TempC_DS18B20"": 32.76}"
2025-09-21 14:07:08.933356842+00:00,dds75-lb-10,2,-115,0.75,"{""Bat"": 3.357, ""Distance_mm"": 723, ""Interrupt_flag"": 0, ""Node_type"": ""DDS75-LB"", ""Sensor_flag"": 1, ""TempC_DS18B20"": 32.76}"
2025-09-21 14:08:08.911562907+00:00,dds75-lb-10,2,-112,3.75,"{""Bat"": 3.357, ""Distance_mm"": 723, ""Interrupt_flag"": 0, ""Node_type"": ""DDS75-LB"", ""Sensor_flag"": 1, ""TempC_DS18B20"": 32.76}"
2025-09-21 14:09:08.913569918+00:00,dds75-lb-10,2,-37,9.0,"{""Bat"": 3.357, ""Distance_mm"": 723, ""Interrupt_flag"": 0, ""Node_type"": ""DDS75-LB"", ""Sensor_flag"": 1, ""TempC_DS18B20"": 32.76}"
2025-09-21 14:10:08.894095697+00:00,dds75-lb-10,2,-114,1.0,"{""Bat"": 3.357, ""Distance_mm"": 723, ""Interrupt_flag"": 0, ""Node_type"": ""DDS75-LB"", ""Sensor_flag"": 1, ""TempC_DS18B20"": 32.76}"
2025-09-21 14:11:08.871271983+00:00,dds75-lb-10,2,-37,11.0,"{""Bat"": 3.357, ""Distance_mm"": 723, ""Interrupt_flag"": 0, ""Node_type"": ""DDS75-LB"", ""Sensor_flag"": 1, ""TempC_DS18B20"": 32.76}"
2025-09-21 14:12:08.881921272+00:00,dds75-lb-10,2,-121,-5.0,"{""Bat"": 3.357, ""Distance_mm"": 723, ""Interrupt_flag"": 0, ""Node_type"": ""DDS75-LB"", ""Sensor_flag"": 1, ""TempC_DS18B20"": 32.76}"
2025-09-21 14:13:08.850820806+00:00,dds75-lb-10,2,-112,-0.25,"{""Bat"": 3.357, ""Distance_mm"": 723, ""Interrupt_flag"": 0, ""Node_type"": ""DDS75-LB"", ""Sensor_flag"": 1, ""TempC_DS18B20"": 32.76}"
2025-09-21 14:14:08.826246019+00:00,dds75-lb-10,2,-114,2.0,"{""Bat"": 3.357, ""Distance_mm"": 723, ""Interrupt_flag"": 0, ""Node_type"": ""DDS75-LB"", ""Sensor_flag"": 1, ""TempC_DS18B20"": 32.76}"
2025-09-21 14:15:08.841422906+00:00,dds75-lb-10,2,-114,1.75,"{""Bat"": 3.357, ""Distance_mm"": 723, ""Interrupt_flag"": 0, ""Node_type"": ""DDS75-LB"", ""Sensor_flag"": 1, ""TempC_DS18B20"": 32.76}"
2025-09-21 14:16:08.870831522+00:00,dds75-lb-10,2,-35,8.75,"{""Bat"": 3.357, ""Distance_mm"": 723, ""Interrupt_flag"": 0, ""Node_type"": ""DDS75-LB"", ""Sensor_flag"": 1, ""TempC_DS18B20"": 32.76}"
2025-09-21 14:17:08.863416212+00:00,dds75-lb-10,2,-37,11.25,"{""Bat"": 3.357, ""Distance_mm"": 723, ""Interrupt_flag"": 0, ""Node_type"": ""DDS75-LB"", ""Sensor_flag"": 1, ""TempC_DS18B20"": 32.76}"
2025-09-21 14:18:08.784500325+00:00,dds75-lb-10,2,-35,9.25,"{""Bat"": 3.357, ""Distance_mm"": 723, ""Interrupt_flag"": 0, ""Node_type"": ""DDS75-LB"", ""Sensor_flag"": 1, ""TempC_DS18B20"": 32.76}"
2025-09-21 14:19:08.776222388+00:00,dds75-lb-10,2,-37,9.25,"{""Bat"": 3.357, ""Distance_mm"": 723, ""Interrupt_flag"": 0, ""Node_type"": ""DDS75-LB"", ""Sensor_flag"": 1, ""TempC_DS18B20"": 32.76}"
2025-09-21 14:20:08.775754232+00:00,dds75-lb-10,2,-38,9.0,"{""Bat"": 3.357, ""Distance_mm"": 723, ""Interrupt_flag"": 0, ""Node_type"": ""DDS75-LB"", ""Sensor_flag"": 1, ""TempC_DS18B20"": 32.76}"
2025-09-21 14:21:08.774905314+00:00,dds75-lb-10,2,-35,8.25,"{""Bat"": 3.357, ""Distance_mm"": 723, ""Interrupt_flag"": 0, ""Node_type"": ""DDS75-LB"", ""Sensor_flag"": 1, ""TempC_DS18B20"": 32.76}"
2025-09-21 14:22:08.752720478+00:00,dds75-lb-10,2,-33,7.5,"{""Bat"": 3.357, ""Distance_mm"": 723, ""Interrupt_flag"": 0, ""Node_type"": ""DDS75-LB"", ""Sensor_flag"": 1, ""TempC_DS18B20"": 32.76}"
2025-09-21 14:23:08.735934628+00:00,dds75-lb-10,2,-37,7.25,"{""Bat"": 3.357, ""Distance_mm"": 723, ""Interrupt_flag"": 0, ""Node_type"": ""DDS75-LB"", ""Sensor_flag"": 1, ""TempC_DS18B20"": 32.76}"
2025-09-21 14:24:08.727827832+00:00,dds75-lb-10,2,-37,10.5,"{""Bat"": 3.357, ""Distance_mm"": 723, ""Interrupt_flag"": 0, ""Node_type"": ""DDS75-LB"", ""Sensor_flag"": 1, ""TempC_DS18B20"": 32.76}"
2025-09-21 14:25:08.727123560+00:00,dds75-lb-10,2,-37,9.75,"{""Bat"": 3.357, ""Distance_mm"": 723, ""Interrupt_flag"": 0, ""Node_type"": ""DDS75-LB"", ""Sensor_flag"": 1, ""TempC_DS18B20"": 32.76}"
2025-09-21 14:26:08.711240538+00:00,dds75-lb-10,2,-116,-1.0,"{""Bat"": 3.357, ""Distance_mm"": 723, ""Interrupt_flag"": 0, ""Node_type"": ""DDS75-LB"", ""Sensor_flag"": 1, ""TempC_DS18B20"": 32.76}"
2025-09-21 14:27:08.686167305+00:00,dds75-lb-10,2,-112,3.0,"{""Bat"": 3.357, ""Distance_mm"": 723, ""Interrupt_flag"": 0, ""Node_type"": ""DDS75-LB"", ""Sensor_flag"": 1, ""TempC_DS18B20"": 32.76}"
2025-09-21 14:28:08.686093291+00:00,dds75-lb-10,2,-37,9.75,"{""Bat"": 3.357, ""Distance_mm"": 723, ""Interrupt_flag"": 0, ""Node_type"": ""DDS75-LB"", ""Sensor_flag"": 1, ""TempC_DS18B20"": 32.76}"
2025-09-21 14:29:08.679612137+00:00,dds75-lb-10,2,-37,10.0,"{""Bat"": 3.357, ""Distance_mm"": 723, ""Interrupt_flag"": 0, ""Node_type"": ""DDS75-LB"", ""Sensor_flag"": 1, ""TempC_DS18B20"": 32.76}"
2025-09-21 14:30:08.653758927+00:00,dds75-lb-10,2,-35,9.75,"{""Bat"": 3.357, ""Distance_mm"": 723, ""Interrupt_flag"": 0, ""Node_type"": ""DDS75-LB"", ""Sensor_flag"": 1, ""TempC_DS18B20"": 32.76}"
2025-09-21 14:31:08.641250357+00:00,dds75-lb-10,2,-32,7.5,"{""Bat"": 3.357, ""Distance_mm"": 723, ""Interrupt_flag"": 0, ""Node_type"": ""DDS75-LB"", ""Sensor_flag"": 1, ""TempC_DS18B20"": 32.76}"
2025-09-21 14:32:08.649097534+00:00,dds75-lb-10,2,-35,9.5,"{""Bat"": 3.357, ""Distance_mm"": 723, ""Interrupt_flag"": 0, ""Node_type"": ""DDS75-LB"", ""Sensor_flag"": 1, ""TempC_DS18B20"": 32.76}"
2025-09-21 14:33:08.615009795+00:00,dds75-lb-10,2,-35,10.0,"{""Bat"": 3.357, ""Distance_mm"": 723, ""Interrupt_flag"": 0, ""Node_type"": ""DDS75-LB"", ""Sensor_flag"": 1, ""TempC_DS18B20"": 32.76}"
2025-09-21 14:34:08.631226151+00:00,dds75-lb-10,2,-115,0.5,"{""Bat"": 3.357, ""Distance_mm"": 723, ""Interrupt_flag"": 0, ""Node_type"": ""DDS75-LB"", ""Sensor_flag"": 1, ""TempC_DS18B20"": 32.76}"
2025-09-21 14:35:08.619343218+00:00,dds75-lb-10,2,-35,10.0,"{""Bat"": 3.357, ""Distance_mm"": 723, ""Interrupt_flag"": 0, ""Node_type"": ""DDS75-LB"", ""Sensor_flag"": 1, ""TempC_DS18B20"": 32.76}"
2025-09-21 14:36:08.617916842+00:00,dds75-lb-10,2,-37,9.5,"{""Bat"": 3.357, ""Distance_mm"": 723, ""Interrupt_flag"": 0, ""Node_type"": ""DDS75-LB"", ""Sensor_flag"": 1, ""TempC_DS18B20"": 32.76}"
2025-09-21 14:37:08.596219946+00:00,dds75-lb-10,2,-35,9.25,"{""Bat"": 3.357, ""Distance_mm"": 723, ""Interrupt_flag"": 0, ""Node_type"": ""DDS75-LB"", ""Sensor_flag"": 1, ""TempC_DS18B20"": 32.76}"
2025-09-21 14:38:08.569439629+00:00,dds75-lb-10,2,-35,7.75,"{""Bat"": 3.357, ""Distance_mm"": 723, ""Interrupt_flag"": 0, ""Node_type"": ""DDS75-LB"", ""Sensor_flag"": 1, ""TempC_DS18B20"": 32.76}"
2025-09-21 14:39:08.570116400+00:00,dds75-lb-10,2,-35,9.0,"{""Bat"": 3.357, ""Distance_mm"": 723, ""Interrupt_flag"": 0, ""Node_type"": ""DDS75-LB"", ""Sensor_flag"": 1, ""TempC_DS18B20"": 32.76}"
2025-09-21 14:40:08.559542218+00:00,dds75-lb-10,2,-35,10.0,"{""Bat"": 3.357, ""Distance_mm"": 723, ""Interrupt_flag"": 0, ""Node_type"": ""DDS75-LB"", ""Sensor_flag"": 1, ""TempC_DS18B20"": 32.76}"
2025-09-21 14:41:08.564402866+00:00,dds75-lb-10,2,-36,9.5,"{""Bat"": 3.357, ""Distance_mm"": 723, ""Interrupt_flag"": 0, ""Node_type"": ""DDS75-LB"", ""Sensor_flag"": 1, ""TempC_DS18B20"": 32.76}"
2025-09-21 14:42:08.553771689+00:00,dds75-lb-10,2,-118,-2.5,"{""Bat"": 3.357, ""Distance_mm"": 723, ""Interrupt_flag"": 0, ""Node_type"": ""DDS75-LB"", ""Sensor_flag"": 1, ""TempC_DS18B20"": 32.76}"
2025-09-21 14:43:08.529221294+00:00,dds75-lb-10,2,-33,9.5,"{""Bat"": 3.357, ""Distance_mm"": 723, ""Interrupt_flag"": 0, ""Node_type"": ""DDS75-LB"", ""Sensor_flag"": 1, ""TempC_DS18B20"": 32.76}"
2025-09-21 14:44:08.515741441+00:00,dds75-lb-10,2,-37,9.5,"{""Bat"": 3.357, ""Distance_mm"": 723, ""Interrupt_flag"": 0, ""Node_type"": ""DDS75-LB"", ""Sensor_flag"": 1, ""TempC_DS18B20"": 32.76}"
2025-09-21 14:45:08.502219143+00:00,dds75-lb-10,2,-35,9.5,"{""Bat"": 3.357, ""Distance_mm"": 723, ""Interrupt_flag"": 0, ""Node_type"": ""DDS75-LB"", ""Sensor_flag"": 1, ""TempC_DS18B20"": 32.76}"
2025-09-21 14:46:08.493150960+00:00,dds75-lb-10,2,-114,2.5,"{""Bat"": 3.357, ""Distance_mm"": 724, ""Interrupt_flag"": 0, ""Node_type"": ""DDS75-LB"", ""Sensor_flag"": 1, ""TempC_DS18B20"": 32.76}"
2025-09-21 14:47:08.470695401+00:00,dds75-lb-10,2,-35,9.25,"{""Bat"": 3.357, ""Distance_mm"": 724, ""Interrupt_flag"": 0, ""Node_type"": ""DDS75-LB"", ""Sensor_flag"": 1, ""TempC_DS18B20"": 32.76}"
2025-09-21 14:48:08.471484531+00:00,dds75-lb-10,2,-115,1.0,"{""Bat"": 3.357, ""Distance_mm"": 724, ""Interrupt_flag"": 0, ""Node_type"": ""DDS75-LB"", ""Sensor_flag"": 1, ""TempC_DS18B20"": 32.76}"
2025-09-21 14:49:08.476143549+00:00,dds75-lb-10,2,-36,10.0,"{""Bat"": 3.357, ""Distance_mm"": 724, ""Interrupt_flag"": 0, ""Node_type"": ""DDS75-LB"", ""Sensor_flag"": 1, ""TempC_DS18B20"": 32.76}"
2025-09-21 14:50:08.463285559+00:00,dds75-lb-10,2,-37,10.5,"{""Bat"": 3.357, ""Distance_mm"": 724, ""Interrupt_flag"": 0, ""Node_type"": ""DDS75-LB"", ""Sensor_flag"": 1, ""TempC_DS18B20"": 32.76}"
2025-09-21 14:51:08.446745215+00:00,dds75-lb-10,2,-37,10.25,"{""Bat"": 3.357, ""Distance_mm"": 724, ""Interrupt_flag"": 0, ""Node_type"": ""DDS75-LB"", ""Sensor_flag"": 1, ""TempC_DS18B20"": 32.76}"
2025-09-21 14:52:08.421091477+00:00,dds75-lb-10,2,-113,2.25,"{""Bat"": 3.357, ""Distance_mm"": 724, ""Interrupt_flag"": 0, ""Node_type"": ""DDS75-LB"", ""Sensor_flag"": 1, ""TempC_DS18B20"": 32.76}"
2025-09-21 14:53:08.423554363+00:00,dds75-lb-10,2,-111,-1.0,"{""Bat"": 3.357, ""Distance_mm"": 724, ""Interrupt_flag"": 0, ""Node_type"": ""DDS75-LB"", ""Sensor_flag"": 1, ""TempC_DS18B20"": 32.76}"
2025-09-21 14:54:08.421215652+00:00,dds75-lb-10,2,-113,3.0,"{""Bat"": 3.357, ""Distance_mm"": 724, ""Interrupt_flag"": 0, ""Node_type"": ""DDS75-LB"", ""Sensor_flag"": 1, ""TempC_DS18B20"": 32.76}"
2025-09-21 14:55:08.399205038+00:00,dds75-lb-10,2,-36,9.0,"{""Bat"": 3.357, ""Distance_mm"": 724, ""Interrupt_flag"": 0, ""Node_type"": ""DDS75-LB"", ""Sensor_flag"": 1, ""TempC_DS18B20"": 32.76}"
2025-09-21 14:56:08.379717629+00:00,dds75-lb-10,2,-38,9.0,"{""Bat"": 3.357, ""Distance_mm"": 724, ""Interrupt_flag"": 0, ""Node_type"": ""DDS75-LB"", ""Sensor_flag"": 1, ""TempC_DS18B20"": 32.76}"
2025-09-21 14:57:08.369285356+00:00,dds75-lb-10,2,-39,10.25,"{""Bat"": 3.357, ""Distance_mm"": 724, ""Interrupt_flag"": 0, ""Node_type"": ""DDS75-LB"", ""Sensor_flag"": 1, ""TempC_DS18B20"": 32.76}"
2025-09-21 14:58:08.353887287+00:00,dds75-lb-10,2,-37,10.25,"{""Bat"": 3.357, ""Distance_mm"": 724, ""Interrupt_flag"": 0, ""Node_type"": ""DDS75-LB"", ""Sensor_flag"": 1, ""TempC_DS18B20"": 32.76}"
2025-09-21 14:59:08.341375367+00:00,dds75-lb-10,2,-37,10.0,"{""Bat"": 3.357, ""Distance_mm"": 724, ""Interrupt_flag"": 0, ""Node_type"": ""DDS75-LB"", ""Sensor_flag"": 1, ""TempC_DS18B20"": 32.76}"
2025-09-21 15:00:08.349633337+00:00,dds75-lb-10,2,-36,8.75,"{""Bat"": 3.357, ""Distance_mm"": 724, ""Interrupt_flag"": 0, ""Node_type"": ""DDS75-LB"", ""Sensor_flag"": 1, ""TempC_DS18B20"": 32.76}"
2025-09-21 15:01:08.333692128+00:00,dds75-lb-10,2,-37,9.75,"{""Bat"": 3.357, ""Distance_mm"": 724, ""Interrupt_flag"": 0, ""Node_type"": ""DDS75-LB"", ""Sensor_flag"": 1, ""TempC_DS18B20"": 32.76}"
2025-09-21 15:02:08.295995236+00:00,dds75-lb-10,2,-33,9.0,"{""Bat"": 3.357, ""Distance_mm"": 724, ""Interrupt_flag"": 0, ""Node_type"": ""DDS75-LB"", ""Sensor_flag"": 1, ""TempC_DS18B20"": 32.76}"
2025-09-21 15:03:08.313712912+00:00,dds75-lb-10,2,-115,-0.25,"{""Bat"": 3.357, ""Distance_mm"": 724, ""Interrupt_flag"": 0, ""Node_type"": ""DDS75-LB"", ""Sensor_flag"": 1, ""TempC_DS18B20"": 32.76}"
2025-09-21 15:04:08.286702900+00:00,dds75-lb-10,2,-36,9.25,"{""Bat"": 3.357, ""Distance_mm"": 724, ""Interrupt_flag"": 0, ""Node_type"": ""DDS75-LB"", ""Sensor_flag"": 1, ""TempC_DS18B20"": 32.76}"
2025-09-21 15:05:08.296986317+00:00,dds75-lb-10,2,-38,10.5,"{""Bat"": 3.357, ""Distance_mm"": 724, ""Interrupt_flag"": 0, ""Node_type"": ""DDS75-LB"", ""Sensor_flag"": 1, ""TempC_DS18B20"": 32.76}"
2025-09-21 15:06:08.276517016+00:00,dds75-lb-10,2,-33,9.5,"{""Bat"": 3.357, ""Distance_mm"": 724, ""Interrupt_flag"": 0, ""Node_type"": ""DDS75-LB"", ""Sensor_flag"": 1, ""TempC_DS18B20"": 32.76}"
2025-09-21 15:07:08.269933242+00:00,dds75-lb-10,2,-37,9.75,"{""Bat"": 3.357, ""Distance_mm"": 724, ""Interrupt_flag"": 0, ""Node_type"": ""DDS75-LB"", ""Sensor_flag"": 1, ""TempC_DS18B20"": 32.76}"
2025-09-21 15:08:08.259880399+00:00,dds75-lb-10,2,-34,9.25,"{""Bat"": 3.357, ""Distance_mm"": 724, ""Interrupt_flag"": 0, ""Node_type"": ""DDS75-LB"", ""Sensor_flag"": 1, ""TempC_DS18B20"": 32.76}"
2025-09-21 15:09:08.269701870+00:00,dds75-lb-10,2,-33,8.0,"{""Bat"": 3.357, ""Distance_mm"": 724, ""Interrupt_flag"": 0, ""Node_type"": ""DDS75-LB"", ""Sensor_flag"": 1, ""TempC_DS18B20"": 32.76}"
2025-09-21 15:10:08.244339966+00:00,dds75-lb-10,2,-112,3.0,"{""Bat"": 3.357, ""Distance_mm"": 724, ""Interrupt_flag"": 0, ""Node_type"": ""DDS75-LB"", ""Sensor_flag"": 1, ""TempC_DS18B20"": 32.76}"
2025-09-21 15:11:08.231930223+00:00,dds75-lb-10,2,-114,2.0,"{""Bat"": 3.357, ""Distance_mm"": 724, ""Interrupt_flag"": 0, ""Node_type"": ""DDS75-LB"", ""Sensor_flag"": 1, ""TempC_DS18B20"": 32.76}"
2025-09-21 15:12:08.227996689+00:00,dds75-lb-10,2,-33,9.25,"{""Bat"": 3.357, ""Distance_mm"": 724, ""Interrupt_flag"": 0, ""Node_type"": ""DDS75-LB"", ""Sensor_flag"": 1, ""TempC_DS18B20"": 32.76}"
2025-09-21 15:13:08.201188403+00:00,dds75-lb-10,2,-36,9.5,"{""Bat"": 3.357, ""Distance_mm"": 724, ""Interrupt_flag"": 0, ""Node_type"": ""DDS75-LB"", ""Sensor_flag"": 1, ""TempC_DS18B20"": 32.76}"
2025-09-21 15:14:08.180336362+00:00,dds75-lb-10,2,-36,7.5,"{""Bat"": 3.357, ""Distance_mm"": 724, ""Interrupt_flag"": 0, ""Node_type"": ""DDS75-LB"", ""Sensor_flag"": 1, ""TempC_DS18B20"": 32.76}"
2025-09-21 15:15:08.183588929+00:00,dds75-lb-10,2,-37,9.5,"{""Bat"": 3.357, ""Distance_mm"": 724, ""Interrupt_flag"": 0, ""Node_type"": ""DDS75-LB"", ""Sensor_flag"": 1, ""TempC_DS18B20"": 32.76}"
2025-09-21 15:16:08.159168051+00:00,dds75-lb-10,2,-37,9.75,"{""Bat"": 3.357, ""Distance_mm"": 724, ""Interrupt_flag"": 0, ""Node_type"": ""DDS75-LB"", ""Sensor_flag"": 1, ""TempC_DS18B20"": 32.76}"
2025-09-21 15:17:08.163847920+00:00,dds75-lb-10,2,-111,4.25,"{""Bat"": 3.357, ""Distance_mm"": 724, ""Interrupt_flag"": 0, ""Node_type"": ""DDS75-LB"", ""Sensor_flag"": 1, ""TempC_DS18B20"": 32.76}"
2025-09-21 15:18:08.147091777+00:00,dds75-lb-10,2,-33,9.0,"{""Bat"": 3.357, ""Distance_mm"": 724, ""Interrupt_flag"": 0, ""Node_type"": ""DDS75-LB"", ""Sensor_flag"": 1, ""TempC_DS18B20"": 32.76}"
2025-09-21 15:19:08.127902796+00:00,dds75-lb-10,2,-35,7.5,"{""Bat"": 3.357, ""Distance_mm"": 724, ""Interrupt_flag"": 0, ""Node_type"": ""DDS75-LB"", ""Sensor_flag"": 1, ""TempC_DS18B20"": 32.76}"
2025-09-21 15:20:08.132812794+00:00,dds75-lb-10,2,-116,1.25,"{""Bat"": 3.357, ""Distance_mm"": 724, ""Interrupt_flag"": 0, ""Node_type"": ""DDS75-LB"", ""Sensor_flag"": 1, ""TempC_DS18B20"": 32.76}"
2025-09-21 15:21:08.122262666+00:00,dds75-lb-10,2,-37,10.25,"{""Bat"": 3.357, ""Distance_mm"": 724, ""Interrupt_flag"": 0, ""Node_type"": ""DDS75-LB"", ""Sensor_flag"": 1, ""TempC_DS18B20"": 32.76}"
2025-09-21 15:22:08.099511782+00:00,dds75-lb-10,2,-115,-1.25,"{""Bat"": 3.357, ""Distance_mm"": 724, ""Interrupt_flag"": 0, ""Node_type"": ""DDS75-LB"", ""Sensor_flag"": 1, ""TempC_DS18B20"": 32.76}"
2025-09-21 15:23:08.100065797+00:00,dds75-lb-10,2,-37,9.5,"{""Bat"": 3.357, ""Distance_mm"": 724, ""Interrupt_flag"": 0, ""Node_type"": ""DDS75-LB"", ""Sensor_flag"": 1, ""TempC_DS18B20"": 32.76}"
2025-09-21 15:24:08.095165842+00:00,dds75-lb-10,2,-114,1.75,"{""Bat"": 3.357, ""Distance_mm"": 724, ""Interrupt_flag"": 0, ""Node_type"": ""DDS75-LB"", ""Sensor_flag"": 1, ""TempC_DS18B20"": 32.76}"
2025-09-21 15:25:08.068011122+00:00,dds75-lb-10,2,-35,7.75,"{""Bat"": 3.357, ""Distance_mm"": 724, ""Interrupt_flag"": 0, ""Node_type"": ""DDS75-LB"", ""Sensor_flag"": 1, ""TempC_DS18B20"": 32.76}"
2025-09-21 15:26:08.080207121+00:00,dds75-lb-10,2,-35,9.0,"{""Bat"": 3.357, ""Distance_mm"": 724, ""Interrupt_flag"": 0, ""Node_type"": ""DDS75-LB"", ""Sensor_flag"": 1, ""TempC_DS18B20"": 32.76}"
2025-09-21 15:27:08.073602853+00:00,dds75-lb-10,2,-114,1.0,"{""Bat"": 3.357, ""Distance_mm"": 724, ""Interrupt_flag"": 0, ""Node_type"": ""DDS75-LB"", ""Sensor_flag"": 1, ""TempC_DS18B20"": 32.76}"
2025-09-21 15:28:08.025784680+00:00,dds75-lb-10,2,-112,2.5,"{""Bat"": 3.357, ""Distance_mm"": 724, ""Interrupt_flag"": 0, ""Node_type"": ""DDS75-LB"", ""Sensor_flag"": 1, ""TempC_DS18B20"": 32.76}"
2025-09-21 15:29:08.021546839+00:00,dds75-lb-10,2,-37,9.0,"{""Bat"": 3.357, ""Distance_mm"": 724, ""Interrupt_flag"": 0, ""Node_type"": ""DDS75-LB"", ""Sensor_flag"": 1, ""TempC_DS18B20"": 32.76}"
2025-09-21 15:30:08.016125487+00:00,dds75-lb-10,2,-37,9.75,"{""Bat"": 3.357, ""Distance_mm"": 724, ""Interrupt_flag"": 0, ""Node_type"": ""DDS75-LB"", ""Sensor_flag"": 1, ""TempC_DS18B20"": 32.76}"
2025-09-21 15:31:08.015153004+00:00,dds75-lb-10,2,-35,9.0,"{""Bat"": 3.357, ""Distance_mm"": 724, ""Interrupt_flag"": 0, ""Node_type"": ""DDS75-LB"", ""Sensor_flag"": 1, ""TempC_DS18B20"": 32.76}"
2025-09-21 15:32:07.993235835+00:00,dds75-lb-10,2,-35,9.25,"{""Bat"": 3.357, ""Distance_mm"": 724, ""Interrupt_flag"": 0, ""Node_type"": ""DDS75-LB"", ""Sensor_flag"": 1, ""TempC_DS18B20"": 32.76}"
2025-09-21 15:33:07.995816778+00:00,dds75-lb-10,2,-35,8.0,"{""Bat"": 3.357, ""Distance_mm"": 724, ""Interrupt_flag"": 0, ""Node_type"": ""DDS75-LB"", ""Sensor_flag"": 1, ""TempC_DS18B20"": 32.76}"
2025-09-21 15:34:07.974326035+00:00,dds75-lb-10,2,-37,10.5,"{""Bat"": 3.357, ""Distance_mm"": 724, ""Interrupt_flag"": 0, ""Node_type"": ""DDS75-LB"", ""Sensor_flag"": 1, ""TempC_DS18B20"": 32.76}"
2025-09-21 15:35:07.970353179+00:00,dds75-lb-10,2,-35,7.0,"{""Bat"": 3.357, ""Distance_mm"": 724, ""Interrupt_flag"": 0, ""Node_type"": ""DDS75-LB"", ""Sensor_flag"": 1, ""TempC_DS18B20"": 32.76}"
2025-09-21 15:36:07.951171855+00:00,dds75-lb-10,2,-112,4.5,"{""Bat"": 3.357, ""Distance_mm"": 724, ""Interrupt_flag"": 0, ""Node_type"": ""DDS75-LB"", ""Sensor_flag"": 1, ""TempC_DS18B20"": 32.76}"
2025-09-21 15:37:07.939740713+00:00,dds75-lb-10,2,-123,-7.0,"{""Bat"": 3.357, ""Distance_mm"": 724, ""Interrupt_flag"": 0, ""Node_type"": ""DDS75-LB"", ""Sensor_flag"": 1, ""TempC_DS18B20"": 32.76}"
2025-09-21 15:38:07.932163807+00:00,dds75-lb-10,2,-116,-0.25,"{""Bat"": 3.357, ""Distance_mm"": 724, ""Interrupt_flag"": 0, ""Node_type"": ""DDS75-LB"", ""Sensor_flag"": 1, ""TempC_DS18B20"": 32.76}"
2025-09-21 15:39:07.913858871+00:00,dds75-lb-10,2,-37,10.0,"{""Bat"": 3.357, ""Distance_mm"": 724, ""Interrupt_flag"": 0, ""Node_type"": ""DDS75-LB"", ""Sensor_flag"": 1, ""TempC_DS18B20"": 32.76}"
2025-09-21 15:40:07.909184553+00:00,dds75-lb-10,2,-37,9.75,"{""Bat"": 3.357, ""Distance_mm"": 724, ""Interrupt_flag"": 0, ""Node_type"": ""DDS75-LB"", ""Sensor_flag"": 1, ""TempC_DS18B20"": 32.76}"
2025-09-21 15:41:07.895646324+00:00,dds75-lb-10,2,-35,6.75,"{""Bat"": 3.357, ""Distance_mm"": 724, ""Interrupt_flag"": 0, ""Node_type"": ""DDS75-LB"", ""Sensor_flag"": 1, ""TempC_DS18B20"": 32.76}"
2025-09-21 15:42:07.872813742+00:00,dds75-lb-10,2,-35,9.0,"{""Bat"": 3.357, ""Distance_mm"": 724, ""Interrupt_flag"": 0, ""Node_type"": ""DDS75-LB"", ""Sensor_flag"": 1, ""TempC_DS18B20"": 32.76}"
2025-09-21 15:43:07.885265732+00:00,dds75-lb-10,2,-35,7.5,"{""Bat"": 3.357, ""Distance_mm"": 724, ""Interrupt_flag"": 0, ""Node_type"": ""DDS75-LB"", ""Sensor_flag"": 1, ""TempC_DS18B20"": 32.76}"
2025-09-21 15:44:07.854932924+00:00,dds75-lb-10,2,-38,10.25,"{""Bat"": 3.357, ""Distance_mm"": 724, ""Interrupt_flag"": 0, ""Node_type"": ""DDS75-LB"", ""Sensor_flag"": 1, ""TempC_DS18B20"": 32.76}"
2025-09-21 15:45:07.849640575+00:00,dds75-lb-10,2,-38,9.25,"{""Bat"": 3.357, ""Distance_mm"": 724, ""Interrupt_flag"": 0, ""Node_type"": ""DDS75-LB"", ""Sensor_flag"": 1, ""TempC_DS18B20"": 32.76}"
2025-09-21 15:46:07.836976512+00:00,dds75-lb-10,2,-35,9.0,"{""Bat"": 3.357, ""Distance_mm"": 724, ""Interrupt_flag"": 0, ""Node_type"": ""DDS75-LB"", ""Sensor_flag"": 1, ""TempC_DS18B20"": 32.76}"
2025-09-21 15:47:07.825522221+00:00,dds75-lb-10,2,-35,9.75,"{""Bat"": 3.357, ""Distance_mm"": 724, ""Interrupt_flag"": 0, ""Node_type"": ""DDS75-LB"", ""Sensor_flag"": 1, ""TempC_DS18B20"": 32.76}"
2025-09-21 15:48:07.832955618+00:00,dds75-lb-10,2,-34,9.0,"{""Bat"": 3.357, ""Distance_mm"": 724, ""Interrupt_flag"": 0, ""Node_type"": ""DDS75-LB"", ""Sensor_flag"": 1, ""TempC_DS18B20"": 32.76}"
2025-09-21 15:49:07.805305959+00:00,dds75-lb-10,2,-33,9.25,"{""Bat"": 3.357, ""Distance_mm"": 724, ""Interrupt_flag"": 0, ""Node_type"": ""DDS75-LB"", ""Sensor_flag"": 1, ""TempC_DS18B20"": 32.76}"
2025-09-21 15:50:07.804152391+00:00,dds75-lb-10,2,-35,8.0,"{""Bat"": 3.357, ""Distance_mm"": 724, ""Interrupt_flag"": 0, ""Node_type"": ""DDS75-LB"", ""Sensor_flag"": 1, ""TempC_DS18B20"": 32.76}"
2025-09-21 15:51:07.793840178+00:00,dds75-lb-10,2,-35,6.5,"{""Bat"": 3.357, ""Distance_mm"": 724, ""Interrupt_flag"": 0, ""Node_type"": ""DDS75-LB"", ""Sensor_flag"": 1, ""TempC_DS18B20"": 32.76}"
2025-09-21 15:52:07.780278107+00:00,dds75-lb-10,2,-35,9.25,"{""Bat"": 3.357, ""Distance_mm"": 724, ""Interrupt_flag"": 0, ""Node_type"": ""DDS75-LB"", ""Sensor_flag"": 1, ""TempC_DS18B20"": 32.76}"
2025-09-21 15:53:07.752157963+00:00,dds75-lb-10,2,-38,8.75,"{""Bat"": 3.357, ""Distance_mm"": 724, ""Interrupt_flag"": 0, ""Node_type"": ""DDS75-LB"", ""Sensor_flag"": 1, ""TempC_DS18B20"": 32.76}"
2025-09-21 15:54:07.775770427+00:00,dds75-lb-10,2,-34,9.25,"{""Bat"": 3.357, ""Distance_mm"": 724, ""Interrupt_flag"": 0, ""Node_type"": ""DDS75-LB"", ""Sensor_flag"": 1, ""TempC_DS18B20"": 32.76}"
2025-09-21 15:55:07.732643452+00:00,dds75-lb-10,2,-113,1.0,"{""Bat"": 3.357, ""Distance_mm"": 724, ""Interrupt_flag"": 0, ""Node_type"": ""DDS75-LB"", ""Sensor_flag"": 1, ""TempC_DS18B20"": 32.76}"
2025-09-21 15:56:07.742850845+00:00,dds75-lb-10,2,-36,9.25,"{""Bat"": 3.357, ""Distance_mm"": 724, ""Interrupt_flag"": 0, ""Node_type"": ""DDS75-LB"", ""Sensor_flag"": 1, ""TempC_DS18B20"": 32.76}"
2025-09-21 15:57:07.722027150+00:00,dds75-lb-10,2,-35,7.75,"{""Bat"": 3.357, ""Distance_mm"": 724, ""Interrupt_flag"": 0, ""Node_type"": ""DDS75-LB"", ""Sensor_flag"": 1, ""TempC_DS18B20"": 32.76}"
2025-09-21 15:58:07.713106419+00:00,dds75-lb-10,2,-37,10.25,"{""Bat"": 3.357, ""Distance_mm"": 724, ""Interrupt_flag"": 0, ""Node_type"": ""DDS75-LB"", ""Sensor_flag"": 1, ""TempC_DS18B20"": 32.76}"
2025-09-21 15:59:07.681493129+00:00,dds75-lb-10,2,-115,-0.25,"{""Bat"": 3.357, ""Distance_mm"": 724, ""Interrupt_flag"": 0, ""Node_type"": ""DDS75-LB"", ""Sensor_flag"": 1, ""TempC_DS18B20"": 32.76}"
2025-09-21 16:00:07.683972937+00:00,dds75-lb-10,2,-33,9.25,"{""Bat"": 3.357, ""Distance_mm"": 724, ""Interrupt_flag"": 0, ""Node_type"": ""DDS75-LB"", ""Sensor_flag"": 1, ""TempC_DS18B20"": 32.76}"
2025-09-21 16:01:07.691348631+00:00,dds75-lb-10,2,-124,-4.25,"{""Bat"": 3.357, ""Distance_mm"": 724, ""Interrupt_flag"": 0, ""Node_type"": ""DDS75-LB"", ""Sensor_flag"": 1, ""TempC_DS18B20"": 32.76}"
2025-09-21 16:02:07.667705849+00:00,dds75-lb-10,2,-36,10.5,"{""Bat"": 3.357, ""Distance_mm"": 719, ""Interrupt_flag"": 0, ""Node_type"": ""DDS75-LB"", ""Sensor_flag"": 1, ""TempC_DS18B20"": 32.76}"
2025-09-21 16:03:07.664022235+00:00,dds75-lb-10,2,-35,10.25,"{""Bat"": 3.357, ""Distance_mm"": 719, ""Interrupt_flag"": 0, ""Node_type"": ""DDS75-LB"", ""Sensor_flag"": 1, ""TempC_DS18B20"": 32.76}"
2025-09-21 16:04:07.654009596+00:00,dds75-lb-10,2,-38,9.75,"{""Bat"": 3.357, ""Distance_mm"": 724, ""Interrupt_flag"": 0, ""Node_type"": ""DDS75-LB"", ""Sensor_flag"": 1, ""TempC_DS18B20"": 32.76}"
2025-09-21 16:05:07.633219410+00:00,dds75-lb-10,2,-112,3.75,"{""Bat"": 3.357, ""Distance_mm"": 724, ""Interrupt_flag"": 0, ""Node_type"": ""DDS75-LB"", ""Sensor_flag"": 1, ""TempC_DS18B20"": 32.76}"
2025-09-21 16:06:07.622623206+00:00,dds75-lb-10,2,-114,-1.25,"{""Bat"": 3.357, ""Distance_mm"": 724, ""Interrupt_flag"": 0, ""Node_type"": ""DDS75-LB"", ""Sensor_flag"": 1, ""TempC_DS18B20"": 32.76}"
2025-09-21 16:07:07.605426783+00:00,dds75-lb-10,2,-36,8.0,"{""Bat"": 3.357, ""Distance_mm"": 724, ""Interrupt_flag"": 0, ""Node_type"": ""DDS75-LB"", ""Sensor_flag"": 1, ""TempC_DS18B20"": 32.76}"
2025-09-21 16:08:07.591088092+00:00,dds75-lb-10,2,-117,-0.75,"{""Bat"": 3.357, ""Distance_mm"": 724, ""Interrupt_flag"": 0, ""Node_type"": ""DDS75-LB"", ""Sensor_flag"": 1, ""TempC_DS18B20"": 32.76}"
2025-09-21 16:09:07.582434738+00:00,dds75-lb-10,2,-37,9.75,"{""Bat"": 3.357, ""Distance_mm"": 724, ""Interrupt_flag"": 0, ""Node_type"": ""DDS75-LB"", ""Sensor_flag"": 1, ""TempC_DS18B20"": 32.76}"
2025-09-21 16:10:07.582519507+00:00,dds75-lb-10,2,-33,7.25,"{""Bat"": 3.357, ""Distance_mm"": 724, ""Interrupt_flag"": 0, ""Node_type"": ""DDS75-LB"", ""Sensor_flag"": 1, ""TempC_DS18B20"": 32.76}"
2025-09-21 16:11:07.567198419+00:00,dds75-lb-10,2,-121,-7.0,"{""Bat"": 3.357, ""Distance_mm"": 724, ""Interrupt_flag"": 0, ""Node_type"": ""DDS75-LB"", ""Sensor_flag"": 1, ""TempC_DS18B20"": 32.76}"
2025-09-21 16:12:07.554905922+00:00,dds75-lb-10,2,-35,9.0,"{""Bat"": 3.357, ""Distance_mm"": 721, ""Interrupt_flag"": 0, ""Node_type"": ""DDS75-LB"", ""Sensor_flag"": 1, ""TempC_DS18B20"": 32.76}"
2025-09-21 16:13:07.554520870+00:00,dds75-lb-10,2,-37,7.5,"{""Bat"": 3.357, ""Distance_mm"": 724, ""Interrupt_flag"": 0, ""Node_type"": ""DDS75-LB"", ""Sensor_flag"": 1, ""TempC_DS18B20"": 32.76}"
2025-09-21 16:14:07.534599988+00:00,dds75-lb-10,2,-112,-5.25,"{""Bat"": 3.357, ""Distance_mm"": 724, ""Interrupt_flag"": 0, ""Node_type"": ""DDS75-LB"", ""Sensor_flag"": 1, ""TempC_DS18B20"": 32.76}"
2025-09-21 16:15:07.524180706+00:00,dds75-lb-10,2,-33,7.75,"{""Bat"": 3.357, ""Distance_mm"": 719, ""Interrupt_flag"": 0, ""Node_type"": ""DDS75-LB"", ""Sensor_flag"": 1, ""TempC_DS18B20"": 32.76}"
2025-09-21 16:16:07.502977135+00:00,dds75-lb-10,2,-35,9.25,"{""Bat"": 3.357, ""Distance_mm"": 720, ""Interrupt_flag"": 0, ""Node_type"": ""DDS75-LB"", ""Sensor_flag"": 1, ""TempC_DS18B20"": 32.76}"
2025-09-21 16:17:07.502611079+00:00,dds75-lb-10,2,-34,9.5,"{""Bat"": 3.357, ""Distance_mm"": 724, ""Interrupt_flag"": 0, ""Node_type"": ""DDS75-LB"", ""Sensor_flag"": 1, ""TempC_DS18B20"": 32.76}"
2025-09-21 16:18:07.513224665+00:00,dds75-lb-10,2,-37,9.25,"{""Bat"": 3.357, ""Distance_mm"": 722, ""Interrupt_flag"": 0, ""Node_type"": ""DDS75-LB"", ""Sensor_flag"": 1, ""TempC_DS18B20"": 32.76}"
2025-09-21 16:19:07.473665993+00:00,dds75-lb-10,2,-35,10.0,"{""Bat"": 3.357, ""Distance_mm"": 724, ""Interrupt_flag"": 0, ""Node_type"": ""DDS75-LB"", ""Sensor_flag"": 1, ""TempC_DS18B20"": 32.76}"
2025-09-21 16:20:07.494591756+00:00,dds75-lb-10,2,-116,-1.25,"{""Bat"": 3.357, ""Distance_mm"": 719, ""Interrupt_flag"": 0, ""Node_type"": ""DDS75-LB"", ""Sensor_flag"": 1, ""TempC_DS18B20"": 32.76}"
2025-09-21 16:21:07.454802489+00:00,dds75-lb-10,2,-37,9.0,"{""Bat"": 3.357, ""Distance_mm"": 719, ""Interrupt_flag"": 0, ""Node_type"": ""DDS75-LB"", ""Sensor_flag"": 1, ""TempC_DS18B20"": 32.76}"
2025-09-21 16:22:07.444888537+00:00,dds75-lb-10,2,-37,9.75,"{""Bat"": 3.357, ""Distance_mm"": 721, ""Interrupt_flag"": 0, ""Node_type"": ""DDS75-LB"", ""Sensor_flag"": 1, ""TempC_DS18B20"": 32.76}"
2025-09-21 16:23:07.431222908+00:00,dds75-lb-10,2,-116,-0.25,"{""Bat"": 3.357, ""Distance_mm"": 719, ""Interrupt_flag"": 0, ""Node_type"": ""DDS75-LB"", ""Sensor_flag"": 1, ""TempC_DS18B20"": 32.76}"
2025-09-21 16:24:07.428864472+00:00,dds75-lb-10,2,-38,9.75,"{""Bat"": 3.357, ""Distance_mm"": 724, ""Interrupt_flag"": 0, ""Node_type"": ""DDS75-LB"", ""Sensor_flag"": 1, ""TempC_DS18B20"": 32.76}"
2025-09-21 16:25:07.425920343+00:00,dds75-lb-10,2,-39,10.25,"{""Bat"": 3.357, ""Distance_mm"": 719, ""Interrupt_flag"": 0, ""Node_type"": ""DDS75-LB"", ""Sensor_flag"": 1, ""TempC_DS18B20"": 32.76}"
2025-09-21 16:26:07.395139290+00:00,dds75-lb-10,2,-35,7.75,"{""Bat"": 3.357, ""Distance_mm"": 724, ""Interrupt_flag"": 0, ""Node_type"": ""DDS75-LB"", ""Sensor_flag"": 1, ""TempC_DS18B20"": 32.76}"
2025-09-21 16:27:07.405873197+00:00,dds75-lb-10,2,-35,9.5,"{""Bat"": 3.357, ""Distance_mm"": 719, ""Interrupt_flag"": 0, ""Node_type"": ""DDS75-LB"", ""Sensor_flag"": 1, ""TempC_DS18B20"": 32.76}"
2025-09-21 16:28:07.376318332+00:00,dds75-lb-10,2,-37,8.75,"{""Bat"": 3.357, ""Distance_mm"": 721, ""Interrupt_flag"": 0, ""Node_type"": ""DDS75-LB"", ""Sensor_flag"": 1, ""TempC_DS18B20"": 32.76}"
2025-09-21 16:29:07.356050347+00:00,dds75-lb-10,2,-37,9.5,"{""Bat"": 3.357, ""Distance_mm"": 719, ""Interrupt_flag"": 0, ""Node_type"": ""DDS75-LB"", ""Sensor_flag"": 1, ""TempC_DS18B20"": 32.76}"
2025-09-21 16:30:07.342670561+00:00,dds75-lb-10,2,-35,7.0,"{""Bat"": 3.357, ""Distance_mm"": 719, ""Interrupt_flag"": 0, ""Node_type"": ""DDS75-LB"", ""Sensor_flag"": 1, ""TempC_DS18B20"": 32.76}"
2025-09-21 16:31:07.352224254+00:00,dds75-lb-10,2,-114,0.75,"{""Bat"": 3.357, ""Distance_mm"": 719, ""Interrupt_flag"": 0, ""Node_type"": ""DDS75-LB"", ""Sensor_flag"": 1, ""TempC_DS18B20"": 32.76}"
2025-09-21 16:32:07.322629008+00:00,dds75-lb-10,2,-35,9.5,"{""Bat"": 3.357, ""Distance_mm"": 719, ""Interrupt_flag"": 0, ""Node_type"": ""DDS75-LB"", ""Sensor_flag"": 1, ""TempC_DS18B20"": 32.76}"
2025-09-21 16:33:07.304908320+00:00,dds75-lb-10,2,-37,10.0,"{""Bat"": 3.357, ""Distance_mm"": 719, ""Interrupt_flag"": 0, ""Node_type"": ""DDS75-LB"", ""Sensor_flag"": 1, ""TempC_DS18B20"": 32.76}"
2025-09-21 16:34:07.312169601+00:00,dds75-lb-10,2,-33,7.5,"{""Bat"": 3.357, ""Distance_mm"": 719, ""Interrupt_flag"": 0, ""Node_type"": ""DDS75-LB"", ""Sensor_flag"": 1, ""TempC_DS18B20"": 32.76}"
2025-09-21 16:35:07.307899913+00:00,dds75-lb-10,2,-111,4.0,"{""Bat"": 3.357, ""Distance_mm"": 719, ""Interrupt_flag"": 0, ""Node_type"": ""DDS75-LB"", ""Sensor_flag"": 1, ""TempC_DS18B20"": 32.76}"
2025-09-21 16:36:07.286717036+00:00,dds75-lb-10,2,-121,-6.0,"{""Bat"": 3.357, ""Distance_mm"": 719, ""Interrupt_flag"": 0, ""Node_type"": ""DDS75-LB"", ""Sensor_flag"": 1, ""TempC_DS18B20"": 32.76}"
2025-09-21 16:37:07.283358532+00:00,dds75-lb-10,2,-35,7.5,"{""Bat"": 3.357, ""Distance_mm"": 719, ""Interrupt_flag"": 0, ""Node_type"": ""DDS75-LB"", ""Sensor_flag"": 1, ""TempC_DS18B20"": 32.76}"
2025-09-21 16:38:07.276096625+00:00,dds75-lb-10,2,-32,8.75,"{""Bat"": 3.357, ""Distance_mm"": 719, ""Interrupt_flag"": 0, ""Node_type"": ""DDS75-LB"", ""Sensor_flag"": 1, ""TempC_DS18B20"": 32.76}"
2025-09-21 16:39:07.266757792+00:00,dds75-lb-10,2,-118,-1.0,"{""Bat"": 3.357, ""Distance_mm"": 719, ""Interrupt_flag"": 0, ""Node_type"": ""DDS75-LB"", ""Sensor_flag"": 1, ""TempC_DS18B20"": 32.76}"
2025-09-21 16:40:07.257733260+00:00,dds75-lb-10,2,-113,1.75,"{""Bat"": 3.357, ""Distance_mm"": 719, ""Interrupt_flag"": 0, ""Node_type"": ""DDS75-LB"", ""Sensor_flag"": 1, ""TempC_DS18B20"": 32.76}"
2025-09-21 16:41:07.233332175+00:00,dds75-lb-10,2,-38,9.5,"{""Bat"": 3.357, ""Distance_mm"": 719, ""Interrupt_flag"": 0, ""Node_type"": ""DDS75-LB"", ""Sensor_flag"": 1, ""TempC_DS18B20"": 32.76}"
2025-09-21 16:42:07.245966158+00:00,dds75-lb-10,2,-37,9.5,"{""Bat"": 3.357, ""Distance_mm"": 719, ""Interrupt_flag"": 0, ""Node_type"": ""DDS75-LB"", ""Sensor_flag"": 1, ""TempC_DS18B20"": 32.76}"
2025-09-21 16:43:07.221692452+00:00,dds75-lb-10,2,-35,9.5,"{""Bat"": 3.357, ""Distance_mm"": 719, ""Interrupt_flag"": 0, ""Node_type"": ""DDS75-LB"", ""Sensor_flag"": 1, ""TempC_DS18B20"": 32.76}"
2025-09-21 16:44:07.218631404+00:00,dds75-lb-10,2,-38,9.25,"{""Bat"": 3.357, ""Distance_mm"": 720, ""Interrupt_flag"": 0, ""Node_type"": ""DDS75-LB"", ""Sensor_flag"": 1, ""TempC_DS18B20"": 32.76}"
2025-09-21 16:45:07.204736869+00:00,dds75-lb-10,2,-111,-9.0,"{""Bat"": 3.357, ""Distance_mm"": 719, ""Interrupt_flag"": 0, ""Node_type"": ""DDS75-LB"", ""Sensor_flag"": 1, ""TempC_DS18B20"": 32.76}"
2025-09-21 16:46:07.191688498+00:00,dds75-lb-10,2,-35,6.75,"{""Bat"": 3.357, ""Distance_mm"": 722, ""Interrupt_flag"": 0, ""Node_type"": ""DDS75-LB"", ""Sensor_flag"": 1, ""TempC_DS18B20"": 32.76}"
2025-09-21 16:47:07.186537691+00:00,dds75-lb-10,2,-37,10.0,"{""Bat"": 3.357, ""Distance_mm"": 719, ""Interrupt_flag"": 0, ""Node_type"": ""DDS75-LB"", ""Sensor_flag"": 1, ""TempC_DS18B20"": 32.76}"
2025-09-21 16:48:07.158684102+00:00,dds75-lb-10,2,-37,9.0,"{""Bat"": 3.357, ""Distance_mm"": 719, ""Interrupt_flag"": 0, ""Node_type"": ""DDS75-LB"", ""Sensor_flag"": 1, ""TempC_DS18B20"": 32.76}"
2025-09-21 16:49:07.161744813+00:00,dds75-lb-10,2,-38,10.0,"{""Bat"": 3.357, ""Distance_mm"": 719, ""Interrupt_flag"": 0, ""Node_type"": ""DDS75-LB"", ""Sensor_flag"": 1, ""TempC_DS18B20"": 32.76}"
2025-09-21 16:50:07.138326965+00:00,dds75-lb-10,2,-37,7.0,"{""Bat"": 3.357, ""Distance_mm"": 719, ""Interrupt_flag"": 0, ""Node_type"": ""DDS75-LB"", ""Sensor_flag"": 1, ""TempC_DS18B20"": 32.76}"
2025-09-21 16:51:07.141288945+00:00,dds75-lb-10,2,-33,9.5,"{""Bat"": 3.357, ""Distance_mm"": 719, ""Interrupt_flag"": 0, ""Node_type"": ""DDS75-LB"", ""Sensor_flag"": 1, ""TempC_DS18B20"": 32.76}"
2025-09-21 16:52:07.111873464+00:00,dds75-lb-10,2,-34,9.25,"{""Bat"": 3.357, ""Distance_mm"": 719, ""Interrupt_flag"": 0, ""Node_type"": ""DDS75-LB"", ""Sensor_flag"": 1, ""TempC_DS18B20"": 32.76}"
2025-09-21 16:53:07.120290900+00:00,dds75-lb-10,2,-35,8.0,"{""Bat"": 3.357, ""Distance_mm"": 719, ""Interrupt_flag"": 0, ""Node_type"": ""DDS75-LB"", ""Sensor_flag"": 1, ""TempC_DS18B20"": 32.76}"
2025-09-21 16:54:07.088053587+00:00,dds75-lb-10,2,-33,8.0,"{""Bat"": 3.357, ""Distance_mm"": 719, ""Interrupt_flag"": 0, ""Node_type"": ""DDS75-LB"", ""Sensor_flag"": 1, ""TempC_DS18B20"": 32.76}"
2025-09-21 16:55:07.110770388+00:00,dds75-lb-10,2,-35,7.75,"{""Bat"": 3.357, ""Distance_mm"": 719, ""Interrupt_flag"": 0, ""Node_type"": ""DDS75-LB"", ""Sensor_flag"": 1, ""TempC_DS18B20"": 32.76}"
2025-09-21 16:56:07.064141407+00:00,dds75-lb-10,2,-38,10.75,"{""Bat"": 3.357, ""Distance_mm"": 719, ""Interrupt_flag"": 0, ""Node_type"": ""DDS75-LB"", ""Sensor_flag"": 1, ""TempC_DS18B20"": 32.76}"
2025-09-21 16:57:07.051598835+00:00,dds75-lb-10,2,-33,9.25,"{""Bat"": 3.357, ""Distance_mm"": 719, ""Interrupt_flag"": 0, ""Node_type"": ""DDS75-LB"", ""Sensor_flag"": 1, ""TempC_DS18B20"": 32.76}"
2025-09-21 16:58:07.048549152+00:00,dds75-lb-10,2,-36,9.0,"{""Bat"": 3.357, ""Distance_mm"": 719, ""Interrupt_flag"": 0, ""Node_type"": ""DDS75-LB"", ""Sensor_flag"": 1, ""TempC_DS18B20"": 32.76}"
2025-09-21 16:59:07.045316852+00:00,dds75-lb-10,2,-113,1.25,"{""Bat"": 3.357, ""Distance_mm"": 719, ""Interrupt_flag"": 0, ""Node_type"": ""DDS75-LB"", ""Sensor_flag"": 1, ""TempC_DS18B20"": 32.76}"
2025-09-21 17:00:07.054660705+00:00,dds75-lb-10,2,-119,-3.75,"{""Bat"": 3.357, ""Distance_mm"": 719, ""Interrupt_flag"": 0, ""Node_type"": ""DDS75-LB"", ""Sensor_flag"": 1, ""TempC_DS18B20"": 32.76}"
2025-09-21 17:01:07.011275420+00:00,dds75-lb-10,2,-33,9.25,"{""Bat"": 3.357, ""Distance_mm"": 719, ""Interrupt_flag"": 0, ""Node_type"": ""DDS75-LB"", ""Sensor_flag"": 1, ""TempC_DS18B20"": 32.76}"
2025-09-21 17:02:07.013051104+00:00,dds75-lb-10,2,-35,9.75,"{""Bat"": 3.357, ""Distance_mm"": 719, ""Interrupt_flag"": 0, ""Node_type"": ""DDS75-LB"", ""Sensor_flag"": 1, ""TempC_DS18B20"": 32.76}"
2025-09-21 17:03:06.991057127+00:00,dds75-lb-10,2,-37,7.25,"{""Bat"": 3.357, ""Distance_mm"": 719, ""Interrupt_flag"": 0, ""Node_type"": ""DDS75-LB"", ""Sensor_flag"": 1, ""TempC_DS18B20"": 32.76}"
2025-09-21 17:04:06.992445874+00:00,dds75-lb-10,2,-114,2.0,"{""Bat"": 3.357, ""Distance_mm"": 719, ""Interrupt_flag"": 0, ""Node_type"": ""DDS75-LB"", ""Sensor_flag"": 1, ""TempC_DS18B20"": 32.76}"
2025-09-21 17:05:06.972012184+00:00,dds75-lb-10,2,-38,11.0,"{""Bat"": 3.357, ""Distance_mm"": 719, ""Interrupt_flag"": 0, ""Node_type"": ""DDS75-LB"", ""Sensor_flag"": 1, ""TempC_DS18B20"": 32.76}"
2025-09-21 17:06:06.968477923+00:00,dds75-lb-10,2,-37,10.5,"{""Bat"": 3.357, ""Distance_mm"": 719, ""Interrupt_flag"": 0, ""Node_type"": ""DDS75-LB"", ""Sensor_flag"": 1, ""TempC_DS18B20"": 32.76}"
2025-09-21 17:07:06.968685857+00:00,dds75-lb-10,2,-34,9.25,"{""Bat"": 3.357, ""Distance_mm"": 719, ""Interrupt_flag"": 0, ""Node_type"": ""DDS75-LB"", ""Sensor_flag"": 1, ""TempC_DS18B20"": 32.76}"
2025-09-21 17:08:06.950773860+00:00,dds75-lb-10,2,-36,9.75,"{""Bat"": 3.357, ""Distance_mm"": 719, ""Interrupt_flag"": 0, ""Node_type"": ""DDS75-LB"", ""Sensor_flag"": 1, ""TempC_DS18B20"": 32.76}"
2025-09-21 17:09:06.931203541+00:00,dds75-lb-10,2,-35,7.25,"{""Bat"": 3.357, ""Distance_mm"": 719, ""Interrupt_flag"": 0, ""Node_type"": ""DDS75-LB"", ""Sensor_flag"": 1, ""TempC_DS18B20"": 32.76}"
2025-09-21 17:10:06.928316814+00:00,dds75-lb-10,2,-37,7.75,"{""Bat"": 3.357, ""Distance_mm"": 719, ""Interrupt_flag"": 0, ""Node_type"": ""DDS75-LB"", ""Sensor_flag"": 1, ""TempC_DS18B20"": 32.76}"
2025-09-21 17:11:06.908931243+00:00,dds75-lb-10,2,-37,7.5,"{""Bat"": 3.357, ""Distance_mm"": 719, ""Interrupt_flag"": 0, ""Node_type"": ""DDS75-LB"", ""Sensor_flag"": 1, ""TempC_DS18B20"": 32.76}"
2025-09-21 17:12:06.895564168+00:00,dds75-lb-10,2,-116,0.5,"{""Bat"": 3.357, ""Distance_mm"": 719, ""Interrupt_flag"": 0, ""Node_type"": ""DDS75-LB"", ""Sensor_flag"": 1, ""TempC_DS18B20"": 32.76}"
2025-09-21 17:13:06.891048694+00:00,dds75-lb-10,2,-39,9.5,"{""Bat"": 3.357, ""Distance_mm"": 719, ""Interrupt_flag"": 0, ""Node_type"": ""DDS75-LB"", ""Sensor_flag"": 1, ""TempC_DS18B20"": 32.76}"
2025-09-21 17:14:06.879020346+00:00,dds75-lb-10,2,-37,9.5,"{""Bat"": 3.357, ""Distance_mm"": 719, ""Interrupt_flag"": 0, ""Node_type"": ""DDS75-LB"", ""Sensor_flag"": 1, ""TempC_DS18B20"": 32.76}"
2025-09-21 17:15:06.871586302+00:00,dds75-lb-10,2,-113,2.5,"{""Bat"": 3.357, ""Distance_mm"": 719, ""Interrupt_flag"": 0, ""Node_type"": ""DDS75-LB"", ""Sensor_flag"": 1, ""TempC_DS18B20"": 32.76}"
2025-09-21 17:16:06.851166354+00:00,dds75-lb-10,2,-33,9.5,"{""Bat"": 3.357, ""Distance_mm"": 719, ""Interrupt_flag"": 0, ""Node_type"": ""DDS75-LB"", ""Sensor_flag"": 1, ""TempC_DS18B20"": 32.76}"
2025-09-21 17:17:06.841768036+00:00,dds75-lb-10,2,-33,8.0,"{""Bat"": 3.357, ""Distance_mm"": 719, ""Interrupt_flag"": 0, ""Node_type"": ""DDS75-LB"", ""Sensor_flag"": 1, ""TempC_DS18B20"": 32.76}"
2025-09-21 17:18:06.839381667+00:00,dds75-lb-10,2,-35,10.25,"{""Bat"": 3.357, ""Distance_mm"": 719, ""Interrupt_flag"": 0, ""Node_type"": ""DDS75-LB"", ""Sensor_flag"": 1, ""TempC_DS18B20"": 32.76}"
2025-09-21 17:19:06.829376158+00:00,dds75-lb-10,2,-37,7.25,"{""Bat"": 3.357, ""Distance_mm"": 719, ""Interrupt_flag"": 0, ""Node_type"": ""DDS75-LB"", ""Sensor_flag"": 1, ""TempC_DS18B20"": 32.76}"
