received_at,device_id,f_port,rssi,snr,payload_json
2025-09-18 00:06:42.670307415+00:00,dds75-lb-12,2,-55,9.75,"{""Bat"": 3.314, ""Distance_mm"": 933, ""Interrupt_flag"": 0, ""Node_type"": ""DDS75-LB"", ""Sensor_flag"": 1, ""TempC_DS18B20"": 32.76}"
2025-09-18 00:26:42.405219552+00:00,dds75-lb-12,2,-53,10.0,"{""Bat"": 3.314, ""Distance_mm"": 933, ""Interrupt_flag"": 0, ""Node_type"": ""DDS75-LB"", ""Sensor_flag"": 1, ""TempC_DS18B20"": 32.76}"
2025-09-18 00:46:42.164440081+00:00,dds75-lb-12,2,-56,9.25,"{""Bat"": 3.314, ""Distance_mm"": 933, ""Interrupt_flag"": 0, ""Node_type"": ""DDS75-LB"", ""Sensor_flag"": 1, ""TempC_DS18B20"": 32.76}"
2025-09-18 01:06:41.915082977+00:00,dds75-lb-12,2,-122,-5.75,"{""Bat"": 3.314, ""Distance_mm"": 933, ""Interrupt_flag"": 0, ""Node_type"": ""DDS75-LB"", ""Sensor_flag"": 1, ""TempC_DS18B20"": 32.76}"
2025-09-18 01:26:41.670022511+00:00,dds75-lb-12,2,-56,9.5,"{""Bat"": 3.314, ""Distance_mm"": 933, ""Interrupt_flag"": 0, ""Node_type"": ""DDS75-LB"", ""Sensor_flag"": 1, ""TempC_DS18B20"": 32.76}"
2025-09-18 01:46:41.420008336+00:00,dds75-lb-12,2,-53,6.75,"{""Bat"": 3.314, ""Distance_mm"": 934, ""Interrupt_flag"": 0, ""Node_type"": ""DDS75-LB"", ""Sensor_flag"": 1, ""TempC_DS18B20"": 32.76}"
2025-09-18 02:06:41.181260275+00:00,dds75-lb-12,2,-54,8.75,"{""Bat"": 3.314, ""Distance_mm"": 934, ""Interrupt_flag"": 0, ""Node_type"": ""DDS75-LB"", ""Sensor_flag"": 1, ""TempC_DS18B20"": 32.76}"
2025-09-18 02:26:40.916209667+00:00,dds75-lb-12,2,-59,9.75,"{""Bat"": 3.314, ""Distance_mm"": 933, ""Interrupt_flag"": 0, ""Node_type"": ""DDS75-LB"", ""Sensor_flag"": 1, ""TempC_DS18B20"": 32.76}"
2025-09-18 02:46:40.709463105+00:00,dds75-lb-12,2,-60,7.25,"{""Bat"": 3.314, ""Distance_mm"": 933, ""Interrupt_flag"": 0, ""Node_type"": ""DDS75-LB"", ""Sensor_flag"": 1, ""TempC_DS18B20"": 32.76}"
2025-09-18 03:06:40.437015297+00:00,dds75-lb-12,2,-56,9.75,"{""Bat"": 3.314, ""Distance_mm"": 933, ""Interrupt_flag"": 0, ""Node_type"": ""DDS75-LB"", ""Sensor_flag"": 1, ""TempC_DS18B20"": 32.76}"
2025-09-18 03:26:40.191045686+00:00,dds75-lb-12,2,-55,9.0,"{""Bat"": 3.314, ""Distance_mm"": 933, ""Interrupt_flag"": 0, ""Node_type"": ""DDS75-LB"", ""Sensor_flag"": 1, ""TempC_DS18B20"": 32.76}"
2025-09-18 03:46:39.936289312+00:00,dds75-lb-12,2,-55,9.25,"{""Bat"": 3.314, ""Distance_mm"": 933, ""Interrupt_flag"": 0, ""Node_type"": ""DDS75-LB"", ""Sensor_flag"": 1, ""TempC_DS18B20"": 32.76}"
2025-09-18 04:06:39.709827570+00:00,dds75-lb-12,2,-56,6.75,"{""Bat"": 3.314, ""Distance_mm"": 933, ""Interrupt_flag"": 0, ""Node_type"": ""DDS75-LB"", ""Sensor_flag"": 1, ""TempC_DS18B20"": 32.76}"
2025-09-18 04:26:39.438534857+00:00,dds75-lb-12,2,-57,7.0,"{""Bat"": 3.314, ""Distance_mm"": 933, ""Interrupt_flag"": 0, ""Node_type"": ""DDS75-LB"", ""Sensor_flag"": 1, ""TempC_DS18B20"": 32.76}"
2025-09-18 04:46:39.201796287+00:00,dds75-lb-12,2,-54,9.0,"{""Bat"": 3.314, ""Distance_mm"": 933, ""Interrupt_flag"": 0, ""Node_type"": ""DDS75-LB"", ""Sensor_flag"": 1, ""TempC_DS18B20"": 32.76}"
2025-09-18 05:06:38.947747164+00:00,dds75-lb-12,2,-59,9.5,"{""Bat"": 3.314, ""Distance_mm"": 933, ""Interrupt_flag"": 0, ""Node_type"": ""DDS75-LB"", ""Sensor_flag"": 1, ""TempC_DS18B20"": 32.76}"
2025-09-18 05:26:38.695293041+00:00,dds75-lb-12,2,-61,9.0,"{""Bat"": 3.314, ""Distance_mm"": 871, ""Interrupt_flag"": 0, ""Node_type"": ""DDS75-LB"", ""Sensor_flag"": 1, ""TempC_DS18B20"": 32.76}"
2025-09-18 05:46:38.448994469+00:00,dds75-lb-12,2,-57,9.25,"{""Bat"": 3.314, ""Distance_mm"": 871, ""Interrupt_flag"": 0, ""Node_type"": ""DDS75-LB"", ""Sensor_flag"": 1, ""TempC_DS18B20"": 32.76}"
2025-09-18 06:06:38.206865681+00:00,dds75-lb-12,2,-60,10.25,"{""Bat"": 3.314, ""Distance_mm"": 871, ""Interrupt_flag"": 0, ""Node_type"": ""DDS75-LB"", ""Sensor_flag"": 1, ""TempC_DS18B20"": 32.76}"
2025-09-18 06:26:37.982600130+00:00,dds75-lb-12,2,-57,10.25,"{""Bat"": 3.314, ""Distance_mm"": 874, ""Interrupt_flag"": 0, ""Node_type"": ""DDS75-LB"", ""Sensor_flag"": 1, ""TempC_DS18B20"": 32.76}"
2025-09-18 06:46:37.725482313+00:00,dds75-lb-12,2,-57,7.25,"{""Bat"": 3.314, ""Distance_mm"": 875, ""Interrupt_flag"": 0, ""Node_type"": ""DDS75-LB"", ""Sensor_flag"": 1, ""TempC_DS18B20"": 32.76}"
2025-09-18 07:06:37.475787798+00:00,dds75-lb-12,2,-56,9.0,"{""Bat"": 3.314, ""Distance_mm"": 871, ""Interrupt_flag"": 0, ""Node_type"": ""DDS75-LB"", ""Sensor_flag"": 1, ""TempC_DS18B20"": 32.76}"
2025-09-18 07:26:37.219560677+00:00,dds75-lb-12,2,-124,-7.0,"{""Bat"": 3.314, ""Distance_mm"": 871, ""Interrupt_flag"": 0, ""Node_type"": ""DDS75-LB"", ""Sensor_flag"": 1, ""TempC_DS18B20"": 32.76}"
2025-09-18 07:46:37.004346945+00:00,dds75-lb-12,2,-61,9.75,"{""Bat"": 3.314, ""Distance_mm"": 871, ""Interrupt_flag"": 0, ""Node_type"": ""DDS75-LB"", ""Sensor_flag"": 1, ""TempC_DS18B20"": 32.76}"
2025-09-18 08:06:36.730207494+00:00,dds75-lb-12,2,-59,8.75,"{""Bat"": 3.314, ""Distance_mm"": 871, ""Interrupt_flag"": 0, ""Node_type"": ""DDS75-LB"", ""Sensor_flag"": 1, ""TempC_DS18B20"": 32.76}"
2025-09-18 08:26:36.500604355+00:00,dds75-lb-12,2,-59,11.25,"{""Bat"": 3.314, ""Distance_mm"": 871, ""Interrupt_flag"": 0, ""Node_type"": ""DDS75-LB"", ""Sensor_flag"": 1, ""TempC_DS18B20"": 32.76}"
2025-09-18 08:46:36.239048947+00:00,dds75-lb-12,2,-61,9.25,"{""Bat"": 3.314, ""Distance_mm"": 871, ""Interrupt_flag"": 0, ""Node_type"": ""DDS75-LB"", ""Sensor_flag"": 1, ""TempC_DS18B20"": 32.76}"
2025-09-18 09:06:35.988807730+00:00,dds75-lb-12,2,-59,10.0,"{""Bat"": 3.314, ""Distance_mm"": 871, ""Interrupt_flag"": 0, ""Node_type"": ""DDS75-LB"", ""Sensor_flag"": 1, ""TempC_DS18B20"": 32.76}"
2025-09-18 09:26:35.746156308+00:00,dds75-lb-12,2,-61,7.5,"{""Bat"": 3.314, ""Distance_mm"": 871, ""Interrupt_flag"": 0, ""Node_type"": ""DDS75-LB"", ""Sensor_flag"": 1, ""TempC_DS18B20"": 32.76}"
2025-09-18 09:46:35.511886041+00:00,dds75-lb-12,2,-61,8.0,"{""Bat"": 3.314, ""Distance_mm"": 871, ""Interrupt_flag"": 0, ""Node_type"": ""DDS75-LB"", ""Sensor_flag"": 1, ""TempC_DS18B20"": 32.76}"
2025-09-18 10:06:35.239283422+00:00,dds75-lb-12,2,-59,10.25,"{""Bat"": 3.314, ""Distance_mm"": 871, ""Interrupt_flag"": 0, ""Node_type"": ""DDS75-LB"", ""Sensor_flag"": 1, ""TempC_DS18B20"": 32.76}"
2025-09-18 10:46:34.750317508+00:00,dds75-lb-12,2,-61,10.0,"{""Bat"": 3.314, ""Distance_mm"": 871, ""Interrupt_flag"": 0, ""Node_type"": ""DDS75-LB"", ""Sensor_flag"": 1, ""TempC_DS18B20"": 32.76}"
2025-09-18 11:06:34.509949850+00:00,dds75-lb-12,2,-59,11.0,"{""Bat"": 3.314, ""Distance_mm"": 871, ""Interrupt_flag"": 0, ""Node_type"": ""DDS75-LB"", ""Sensor_flag"": 1, ""TempC_DS18B20"": 32.76}"
2025-09-18 11:26:34.265822414+00:00,dds75-lb-12,2,-126,-9.75,"{""Bat"": 3.314, ""Distance_mm"": 871, ""Interrupt_flag"": 0, ""Node_type"": ""DDS75-LB"", ""Sensor_flag"": 1, ""TempC_DS18B20"": 32.76}"
2025-09-18 11:46:34.024411543+00:00,dds75-lb-12,2,-59,7.0,"{""Bat"": 3.314, ""Distance_mm"": 871, ""Interrupt_flag"": 0, ""Node_type"": ""DDS75-LB"", ""Sensor_flag"": 1, ""TempC_DS18B20"": 32.76}"
2025-09-18 12:06:33.765812034+00:00,dds75-lb-12,2,-57,10.0,"{""Bat"": 3.314, ""Distance_mm"": 871, ""Interrupt_flag"": 0, ""Node_type"": ""DDS75-LB"", ""Sensor_flag"": 1, ""TempC_DS18B20"": 32.76}"
2025-09-18 12:26:33.525694513+00:00,dds75-lb-12,2,-60,7.0,"{""Bat"": 3.314, ""Distance_mm"": 871, ""Interrupt_flag"": 0, ""Node_type"": ""DDS75-LB"", ""Sensor_flag"": 1, ""TempC_DS18B20"": 32.76}"
2025-09-18 12:46:33.273827635+00:00,dds75-lb-12,2,-57,9.5,"{""Bat"": 3.314, ""Distance_mm"": 871, ""Interrupt_flag"": 0, ""Node_type"": ""DDS75-LB"", ""Sensor_flag"": 1, ""TempC_DS18B20"": 32.76}"
2025-09-18 13:06:33.055884130+00:00,dds75-lb-12,2,-61,10.0,"{""Bat"": 3.314, ""Distance_mm"": 871, ""Interrupt_flag"": 0, ""Node_type"": ""DDS75-LB"", ""Sensor_flag"": 1, ""TempC_DS18B20"": 32.76}"
2025-09-18 13:26:32.782492951+00:00,dds75-lb-12,2,-59,9.0,"{""Bat"": 3.314, ""Distance_mm"": 871, ""Interrupt_flag"": 0, ""Node_type"": ""DDS75-LB"", ""Sensor_flag"": 1, ""TempC_DS18B20"": 32.76}"
2025-09-18 13:46:32.563189393+00:00,dds75-lb-12,2,-57,9.0,"{""Bat"": 3.314, ""Distance_mm"": 868, ""Interrupt_flag"": 0, ""Node_type"": ""DDS75-LB"", ""Sensor_flag"": 1, ""TempC_DS18B20"": 32.76}"
2025-09-18 14:06:32.320537007+00:00,dds75-lb-12,2,-61,9.25,"{""Bat"": 3.314, ""Distance_mm"": 871, ""Interrupt_flag"": 0, ""Node_type"": ""DDS75-LB"", ""Sensor_flag"": 1, ""TempC_DS18B20"": 32.76}"
2025-09-18 14:26:32.042477575+00:00,dds75-lb-12,2,-55,7.5,"{""Bat"": 3.314, ""Distance_mm"": 867, ""Interrupt_flag"": 0, ""Node_type"": ""DDS75-LB"", ""Sensor_flag"": 1, ""TempC_DS18B20"": 32.76}"
2025-09-18 14:46:31.803911197+00:00,dds75-lb-12,2,-57,7.75,"{""Bat"": 3.314, ""Distance_mm"": 872, ""Interrupt_flag"": 0, ""Node_type"": ""DDS75-LB"", ""Sensor_flag"": 1, ""TempC_DS18B20"": 32.76}"
2025-09-18 15:06:31.566844218+00:00,dds75-lb-12,2,-60,8.25,"{""Bat"": 3.314, ""Distance_mm"": 871, ""Interrupt_flag"": 0, ""Node_type"": ""DDS75-LB"", ""Sensor_flag"": 1, ""TempC_DS18B20"": 32.76}"
2025-09-18 15:26:31.306418313+00:00,dds75-lb-12,2,-59,9.0,"{""Bat"": 3.314, ""Distance_mm"": 867, ""Interrupt_flag"": 0, ""Node_type"": ""DDS75-LB"", ""Sensor_flag"": 1, ""TempC_DS18B20"": 32.76}"
2025-09-18 15:46:31.060397189+00:00,dds75-lb-12,2,-57,9.25,"{""Bat"": 3.314, ""Distance_mm"": 867, ""Interrupt_flag"": 0, ""Node_type"": ""DDS75-LB"", ""Sensor_flag"": 1, ""TempC_DS18B20"": 32.76}"
2025-09-18 16:06:30.835317669+00:00,dds75-lb-12,2,-61,10.5,"{""Bat"": 3.314, ""Distance_mm"": 867, ""Interrupt_flag"": 0, ""Node_type"": ""DDS75-LB"", ""Sensor_flag"": 1, ""TempC_DS18B20"": 32.76}"
2025-09-18 16:26:30.567656324+00:00,dds75-lb-12,2,-57,9.75,"{""Bat"": 3.314, ""Distance_mm"": 867, ""Interrupt_flag"": 0, ""Node_type"": ""DDS75-LB"", ""Sensor_flag"": 1, ""TempC_DS18B20"": 32.76}"
2025-09-18 16:46:30.309929222+00:00,dds75-lb-12,2,-59,9.0,"{""Bat"": 3.314, ""Distance_mm"": 871, ""Interrupt_flag"": 0, ""Node_type"": ""DDS75-LB"", ""Sensor_flag"": 1, ""TempC_DS18B20"": 32.76}"
2025-09-18 17:06:30.065302055+00:00,dds75-lb-12,2,-57,10.0,"{""Bat"": 3.314, ""Distance_mm"": 871, ""Interrupt_flag"": 0, ""Node_type"": ""DDS75-LB"", ""Sensor_flag"": 1, ""TempC_DS18B20"": 32.76}"
2025-09-18 17:26:29.825914352+00:00,dds75-lb-12,2,-59,9.5,"{""Bat"": 3.314, ""Distance_mm"": 871, ""Interrupt_flag"": 0, ""Node_type"": ""DDS75-LB"", ""Sensor_flag"": 1, ""TempC_DS18B20"": 32.76}"
2025-09-18 17:46:29.585697908+00:00,dds75-lb-12,2,-57,9.5,"{""Bat"": 3.314, ""Distance_mm"": 871, ""Interrupt_flag"": 0, ""Node_type"": ""DDS75-LB"", ""Sensor_flag"": 1, ""TempC_DS18B20"": 32.76}"
2025-09-18 18:06:29.328770227+00:00,dds75-lb-12,2,-56,9.25,"{""Bat"": 3.314, ""Distance_mm"": 871, ""Interrupt_flag"": 0, ""Node_type"": ""DDS75-LB"", ""Sensor_flag"": 1, ""TempC_DS18B20"": 32.76}"
2025-09-18 18:26:29.076935759+00:00,dds75-lb-12,2,-61,9.25,"{""Bat"": 3.314, ""Distance_mm"": 871, ""Interrupt_flag"": 0, ""Node_type"": ""DDS75-LB"", ""Sensor_flag"": 1, ""TempC_DS18B20"": 32.76}"
2025-09-18 18:46:28.836683247+00:00,dds75-lb-12,2,-59,7.5,"{""Bat"": 3.314, ""Distance_mm"": 871, ""Interrupt_flag"": 0, ""Node_type"": ""DDS75-LB"", ""Sensor_flag"": 1, ""TempC_DS18B20"": 32.76}"
2025-09-18 19:06:28.586713188+00:00,dds75-lb-12,2,-59,8.5,"{""Bat"": 3.314, ""Distance_mm"": 871, ""Interrupt_flag"": 0, ""Node_type"": ""DDS75-LB"", ""Sensor_flag"": 1, ""TempC_DS18B20"": 32.76}"
2025-09-18 19:26:28.329097603+00:00,dds75-lb-12,2,-59,8.75,"{""Bat"": 3.314, ""Distance_mm"": 871, ""Interrupt_flag"": 0, ""Node_type"": ""DDS75-LB"", ""Sensor_flag"": 1, ""TempC_DS18B20"": 32.76}"
2025-09-18 19:46:28.110851144+00:00,dds75-lb-12,2,-56,7.25,"{""Bat"": 3.314, ""Distance_mm"": 871, ""Interrupt_flag"": 0, ""Node_type"": ""DDS75-LB"", ""Sensor_flag"": 1, ""TempC_DS18B20"": 32.76}"
2025-09-18 20:06:27.840015024+00:00,dds75-lb-12,2,-55,8.25,"{""Bat"": 3.314, ""Distance_mm"": 871, ""Interrupt_flag"": 0, ""Node_type"": ""DDS75-LB"", ""Sensor_flag"": 1, ""TempC_DS18B20"": 32.76}"
2025-09-18 20:26:27.615307711+00:00,dds75-lb-12,2,-56,8.75,"{""Bat"": 3.314, ""Distance_mm"": 871, ""Interrupt_flag"": 0, ""Node_type"": ""DDS75-LB"", ""Sensor_flag"": 1, ""TempC_DS18B20"": 32.76}"
2025-09-18 20:46:27.345825745+00:00,dds75-lb-12,2,-57,9.0,"{""Bat"": 3.314, ""Distance_mm"": 871, ""Interrupt_flag"": 0, ""Node_type"": ""DDS75-LB"", ""Sensor_flag"": 1, ""TempC_DS18B20"": 32.76}"
2025-09-18 21:06:27.100697877+00:00,dds75-lb-12,2,-59,9.5,"{""Bat"": 3.314, ""Distance_mm"": 871, ""Interrupt_flag"": 0, ""Node_type"": ""DDS75-LB"", ""Sensor_flag"": 1, ""TempC_DS18B20"": 32.76}"
2025-09-18 21:26:26.903823716+00:00,dds75-lb-12,2,-59,9.25,"{""Bat"": 3.314, ""Distance_mm"": 871, ""Interrupt_flag"": 0, ""Node_type"": ""DDS75-LB"", ""Sensor_flag"": 1, ""TempC_DS18B20"": 32.76}"
2025-09-18 21:46:26.610927176+00:00,dds75-lb-12,2,-59,9.5,"{""Bat"": 3.314, ""Distance_mm"": 871, ""Interrupt_flag"": 0, ""Node_type"": ""DDS75-LB"", ""Sensor_flag"": 1, ""TempC_DS18B20"": 32.76}"
2025-09-18 22:06:26.386970277+00:00,dds75-lb-12,2,-61,9.5,"{""Bat"": 3.314, ""Distance_mm"": 871, ""Interrupt_flag"": 0, ""Node_type"": ""DDS75-LB"", ""Sensor_flag"": 1, ""TempC_DS18B20"": 32.76}"
2025-09-18 22:26:26.126844078+00:00,dds75-lb-12,2,-56,9.5,"{""Bat"": 3.314, ""Distance_mm"": 871, ""Interrupt_flag"": 0, ""Node_type"": ""DDS75-LB"", ""Sensor_flag"": 1, ""TempC_DS18B20"": 32.76}"
2025-09-18 22:46:25.889236479+00:00,dds75-lb-12,2,-57,7.25,"{""Bat"": 3.314, ""Distance_mm"": 871, ""Interrupt_flag"": 0, ""Node_type"": ""DDS75-LB"", ""Sensor_flag"": 1, ""TempC_DS18B20"": 32.76}"
2025-09-18 23:06:25.621710707+00:00,dds75-lb-12,2,-56,9.25,"{""Bat"": 3.314, ""Distance_mm"": 871, ""Interrupt_flag"": 0, ""Node_type"": ""DDS75-LB"", ""Sensor_flag"": 1, ""TempC_DS18B20"": 32.76}"
2025-09-18 23:26:25.380714356+00:00,dds75-lb-12,2,-59,9.0,"{""Bat"": 3.314, ""Distance_mm"": 871, ""Interrupt_flag"": 0, ""Node_type"": ""DDS75-LB"", ""Sensor_flag"": 1, ""TempC_DS18B20"": 32.76}"
2025-09-18 23:46:25.139019304+00:00,dds75-lb-12,2,-61,10.0,"{""Bat"": 3.314, ""Distance_mm"": 871, ""Interrupt_flag"": 0, ""Node_type"": ""DDS75-LB"", ""Sensor_flag"": 1, ""TempC_DS18B20"": 32.76}"
2025-09-19 00:06:24.905996548+00:00,dds75-lb-12,2,-61,9.5,"{""Bat"": 3.314, ""Distance_mm"": 871, ""Interrupt_flag"": 0, ""Node_type"": ""DDS75-LB"", ""Sensor_flag"": 1, ""TempC_DS18B20"": 32.76}"
2025-09-19 00:26:24.651432485+00:00,dds75-lb-12,2,-59,10.75,"{""Bat"": 3.314, ""Distance_mm"": 871, ""Interrupt_flag"": 0, ""Node_type"": ""DDS75-LB"", ""Sensor_flag"": 1, ""TempC_DS18B20"": 32.76}"
2025-09-19 00:46:24.406757228+00:00,dds75-lb-12,2,-56,9.25,"{""Bat"": 3.314, ""Distance_mm"": 871, ""Interrupt_flag"": 0, ""Node_type"": ""DDS75-LB"", ""Sensor_flag"": 1, ""TempC_DS18B20"": 32.76}"
2025-09-19 01:06:24.130280462+00:00,dds75-lb-12,2,-57,7.25,"{""Bat"": 3.314, ""Distance_mm"": 871, ""Interrupt_flag"": 0, ""Node_type"": ""DDS75-LB"", ""Sensor_flag"": 1, ""TempC_DS18B20"": 32.76}"
2025-09-19 01:26:23.902461382+00:00,dds75-lb-12,2,-57,7.5,"{""Bat"": 3.314, ""Distance_mm"": 871, ""Interrupt_flag"": 0, ""Node_type"": ""DDS75-LB"", ""Sensor_flag"": 1, ""TempC_DS18B20"": 32.76}"
2025-09-19 01:46:23.660116050+00:00,dds75-lb-12,2,-59,8.5,"{""Bat"": 3.314, ""Distance_mm"": 871, ""Interrupt_flag"": 0, ""Node_type"": ""DDS75-LB"", ""Sensor_flag"": 1, ""TempC_DS18B20"": 32.76}"
2025-09-19 02:06:23.401093941+00:00,dds75-lb-12,2,-55,9.0,"{""Bat"": 3.314, ""Distance_mm"": 871, ""Interrupt_flag"": 0, ""Node_type"": ""DDS75-LB"", ""Sensor_flag"": 1, ""TempC_DS18B20"": 32.76}"
2025-09-19 02:26:23.163542837+00:00,dds75-lb-12,2,-57,9.0,"{""Bat"": 3.314, ""Distance_mm"": 871, ""Interrupt_flag"": 0, ""Node_type"": ""DDS75-LB"", ""Sensor_flag"": 1, ""TempC_DS18B20"": 32.76}"
2025-09-19 02:46:22.913850785+00:00,dds75-lb-12,2,-57,8.75,"{""Bat"": 3.314, ""Distance_mm"": 871, ""Interrupt_flag"": 0, ""Node_type"": ""DDS75-LB"", ""Sensor_flag"": 1, ""TempC_DS18B20"": 32.76}"
2025-09-19 03:06:22.662000422+00:00,dds75-lb-12,2,-57,9.5,"{""Bat"": 3.314, ""Distance_mm"": 871, ""Interrupt_flag"": 0, ""Node_type"": ""DDS75-LB"", ""Sensor_flag"": 1, ""TempC_DS18B20"": 32.76}"
2025-09-19 03:26:22.412497945+00:00,dds75-lb-12,2,-59,9.0,"{""Bat"": 3.314, ""Distance_mm"": 871, ""Interrupt_flag"": 0, ""Node_type"": ""DDS75-LB"", ""Sensor_flag"": 1, ""TempC_DS18B20"": 32.76}"
2025-09-19 03:46:22.162123080+00:00,dds75-lb-12,2,-57,9.75,"{""Bat"": 3.314, ""Distance_mm"": 871, ""Interrupt_flag"": 0, ""Node_type"": ""DDS75-LB"", ""Sensor_flag"": 1, ""TempC_DS18B20"": 32.76}"
2025-09-19 04:06:21.918057079+00:00,dds75-lb-12,2,-56,7.0,"{""Bat"": 3.314, ""Distance_mm"": 871, ""Interrupt_flag"": 0, ""Node_type"": ""DDS75-LB"", ""Sensor_flag"": 1, ""TempC_DS18B20"": 32.76}"
2025-09-19 04:26:21.687249383+00:00,dds75-lb-12,2,-61,7.5,"{""Bat"": 3.314, ""Distance_mm"": 871, ""Interrupt_flag"": 0, ""Node_type"": ""DDS75-LB"", ""Sensor_flag"": 1, ""TempC_DS18B20"": 32.76}"
2025-09-19 04:46:21.427295933+00:00,dds75-lb-12,2,-57,9.25,"{""Bat"": 3.314, ""Distance_mm"": 871, ""Interrupt_flag"": 0, ""Node_type"": ""DDS75-LB"", ""Sensor_flag"": 1, ""TempC_DS18B20"": 32.76}"
2025-09-19 05:06:21.179686823+00:00,dds75-lb-12,2,-61,10.0,"{""Bat"": 3.314, ""Distance_mm"": 871, ""Interrupt_flag"": 0, ""Node_type"": ""DDS75-LB"", ""Sensor_flag"": 1, ""TempC_DS18B20"": 32.76}"
2025-09-19 05:26:20.961105601+00:00,dds75-lb-12,2,-61,7.5,"{""Bat"": 3.314, ""Distance_mm"": 871, ""Interrupt_flag"": 0, ""Node_type"": ""DDS75-LB"", ""Sensor_flag"": 1, ""TempC_DS18B20"": 32.76}"
2025-09-19 05:46:20.702629929+00:00,dds75-lb-12,2,-59,9.0,"{""Bat"": 3.314, ""Distance_mm"": 871, ""Interrupt_flag"": 0, ""Node_type"": ""DDS75-LB"", ""Sensor_flag"": 1, ""TempC_DS18B20"": 32.76}"
2025-09-19 06:06:20.453799953+00:00,dds75-lb-12,2,-61,9.0,"{""Bat"": 3.314, ""Distance_mm"": 871, ""Interrupt_flag"": 0, ""Node_type"": ""DDS75-LB"", ""Sensor_flag"": 1, ""TempC_DS18B20"": 32.76}"
2025-09-19 06:26:20.200307824+00:00,dds75-lb-12,2,-55,7.5,"{""Bat"": 3.314, ""Distance_mm"": 871, ""Interrupt_flag"": 0, ""Node_type"": ""DDS75-LB"", ""Sensor_flag"": 1, ""TempC_DS18B20"": 32.76}"
2025-09-19 06:46:19.960132736+00:00,dds75-lb-12,2,-57,7.5,"{""Bat"": 3.314, ""Distance_mm"": 871, ""Interrupt_flag"": 0, ""Node_type"": ""DDS75-LB"", ""Sensor_flag"": 1, ""TempC_DS18B20"": 32.76}"
2025-09-19 07:06:19.709198892+00:00,dds75-lb-12,2,-56,7.75,"{""Bat"": 3.314, ""Distance_mm"": 867, ""Interrupt_flag"": 0, ""Node_type"": ""DDS75-LB"", ""Sensor_flag"": 1, ""TempC_DS18B20"": 32.76}"
2025-09-19 07:26:19.460338730+00:00,dds75-lb-12,2,-56,9.0,"{""Bat"": 3.314, ""Distance_mm"": 866, ""Interrupt_flag"": 0, ""Node_type"": ""DDS75-LB"", ""Sensor_flag"": 1, ""TempC_DS18B20"": 32.76}"
2025-09-19 07:46:19.214111799+00:00,dds75-lb-12,2,-57,9.0,"{""Bat"": 3.314, ""Distance_mm"": 871, ""Interrupt_flag"": 0, ""Node_type"": ""DDS75-LB"", ""Sensor_flag"": 1, ""TempC_DS18B20"": 32.76}"
2025-09-19 08:06:18.953612306+00:00,dds75-lb-12,2,-61,10.75,"{""Bat"": 3.314, ""Distance_mm"": 871, ""Interrupt_flag"": 0, ""Node_type"": ""DDS75-LB"", ""Sensor_flag"": 1, ""TempC_DS18B20"": 32.76}"
2025-09-19 08:26:18.702182599+00:00,dds75-lb-12,2,-57,9.5,"{""Bat"": 3.314, ""Distance_mm"": 871, ""Interrupt_flag"": 0, ""Node_type"": ""DDS75-LB"", ""Sensor_flag"": 1, ""TempC_DS18B20"": 32.76}"
2025-09-19 08:46:18.473271428+00:00,dds75-lb-12,2,-59,9.5,"{""Bat"": 3.314, ""Distance_mm"": 871, ""Interrupt_flag"": 0, ""Node_type"": ""DDS75-LB"", ""Sensor_flag"": 1, ""TempC_DS18B20"": 32.76}"
2025-09-19 09:06:18.230727288+00:00,dds75-lb-12,2,-57,7.0,"{""Bat"": 3.314, ""Distance_mm"": 871, ""Interrupt_flag"": 0, ""Node_type"": ""DDS75-LB"", ""Sensor_flag"": 1, ""TempC_DS18B20"": 32.76}"
2025-09-19 09:26:17.973489074+00:00,dds75-lb-12,2,-56,9.25,"{""Bat"": 3.314, ""Distance_mm"": 871, ""Interrupt_flag"": 0, ""Node_type"": ""DDS75-LB"", ""Sensor_flag"": 1, ""TempC_DS18B20"": 32.76}"
2025-09-19 09:46:17.722400982+00:00,dds75-lb-12,2,-59,10.5,"{""Bat"": 3.314, ""Distance_mm"": 871, ""Interrupt_flag"": 0, ""Node_type"": ""DDS75-LB"", ""Sensor_flag"": 1, ""TempC_DS18B20"": 32.76}"
2025-09-19 10:06:17.482284256+00:00,dds75-lb-12,2,-57,10.25,"{""Bat"": 3.314, ""Distance_mm"": 871, ""Interrupt_flag"": 0, ""Node_type"": ""DDS75-LB"", ""Sensor_flag"": 1, ""TempC_DS18B20"": 32.76}"
2025-09-19 10:26:17.280350632+00:00,dds75-lb-12,2,-61,9.75,"{""Bat"": 3.314, ""Distance_mm"": 871, ""Interrupt_flag"": 0, ""Node_type"": ""DDS75-LB"", ""Sensor_flag"": 1, ""TempC_DS18B20"": 32.76}"
2025-09-19 10:46:16.984122716+00:00,dds75-lb-12,2,-57,7.75,"{""Bat"": 3.314, ""Distance_mm"": 871, ""Interrupt_flag"": 0, ""Node_type"": ""DDS75-LB"", ""Sensor_flag"": 1, ""TempC_DS18B20"": 32.76}"
2025-09-19 11:06:16.736529649+00:00,dds75-lb-12,2,-59,9.0,"{""Bat"": 3.314, ""Distance_mm"": 871, ""Interrupt_flag"": 0, ""Node_type"": ""DDS75-LB"", ""Sensor_flag"": 1, ""TempC_DS18B20"": 32.76}"
2025-09-19 11:26:16.498213403+00:00,dds75-lb-12,2,-59,9.5,"{""Bat"": 3.314, ""Distance_mm"": 867, ""Interrupt_flag"": 0, ""Node_type"": ""DDS75-LB"", ""Sensor_flag"": 1, ""TempC_DS18B20"": 32.76}"
2025-09-19 11:46:16.253088147+00:00,dds75-lb-12,2,-56,7.25,"{""Bat"": 3.314, ""Distance_mm"": 867, ""Interrupt_flag"": 0, ""Node_type"": ""DDS75-LB"", ""Sensor_flag"": 1, ""TempC_DS18B20"": 32.76}"
2025-09-19 12:06:15.998903497+00:00,dds75-lb-12,2,-57,9.75,"{""Bat"": 3.314, ""Distance_mm"": 867, ""Interrupt_flag"": 0, ""Node_type"": ""DDS75-LB"", ""Sensor_flag"": 1, ""TempC_DS18B20"": 32.76}"
2025-09-19 12:26:15.764308196+00:00,dds75-lb-12,2,-125,-9.0,"{""Bat"": 3.314, ""Distance_mm"": 867, ""Interrupt_flag"": 0, ""Node_type"": ""DDS75-LB"", ""Sensor_flag"": 1, ""TempC_DS18B20"": 32.76}"
2025-09-19 12:46:15.496730467+00:00,dds75-lb-12,2,-57,9.75,"{""Bat"": 3.314, ""Distance_mm"": 867, ""Interrupt_flag"": 0, ""Node_type"": ""DDS75-LB"", ""Sensor_flag"": 1, ""TempC_DS18B20"": 32.76}"
2025-09-19 13:06:15.260342389+00:00,dds75-lb-12,2,-61,10.0,"{""Bat"": 3.314, ""Distance_mm"": 867, ""Interrupt_flag"": 0, ""Node_type"": ""DDS75-LB"", ""Sensor_flag"": 1, ""TempC_DS18B20"": 32.76}"
2025-09-19 13:26:14.992345964+00:00,dds75-lb-12,2,-59,9.0,"{""Bat"": 3.314, ""Distance_mm"": 867, ""Interrupt_flag"": 0, ""Node_type"": ""DDS75-LB"", ""Sensor_flag"": 1, ""TempC_DS18B20"": 32.76}"
2025-09-19 13:46:14.761929759+00:00,dds75-lb-12,2,-59,9.0,"{""Bat"": 3.314, ""Distance_mm"": 867, ""Interrupt_flag"": 0, ""Node_type"": ""DDS75-LB"", ""Sensor_flag"": 1, ""TempC_DS18B20"": 32.76}"
2025-09-19 14:06:14.506292039+00:00,dds75-lb-12,2,-57,9.75,"{""Bat"": 3.314, ""Distance_mm"": 867, ""Interrupt_flag"": 0, ""Node_type"": ""DDS75-LB"", ""Sensor_flag"": 1, ""TempC_DS18B20"": 32.76}"
2025-09-19 14:26:14.261295069+00:00,dds75-lb-12,2,-56,9.0,"{""Bat"": 3.314, ""Distance_mm"": 867, ""Interrupt_flag"": 0, ""Node_type"": ""DDS75-LB"", ""Sensor_flag"": 1, ""TempC_DS18B20"": 32.76}"
2025-09-19 14:46:14.027368753+00:00,dds75-lb-12,2,-57,7.75,"{""Bat"": 3.314, ""Distance_mm"": 867, ""Interrupt_flag"": 0, ""Node_type"": ""DDS75-LB"", ""Sensor_flag"": 1, ""TempC_DS18B20"": 32.76}"
2025-09-19 15:06:13.772415246+00:00,dds75-lb-12,2,-59,9.5,"{""Bat"": 3.314, ""Distance_mm"": 867, ""Interrupt_flag"": 0, ""Node_type"": ""DDS75-LB"", ""Sensor_flag"": 1, ""TempC_DS18B20"": 32.76}"
2025-09-19 15:26:13.535721343+00:00,dds75-lb-12,2,-57,9.5,"{""Bat"": 3.314, ""Distance_mm"": 867, ""Interrupt_flag"": 0, ""Node_type"": ""DDS75-LB"", ""Sensor_flag"": 1, ""TempC_DS18B20"": 32.76}"
2025-09-19 15:46:13.282945370+00:00,dds75-lb-12,2,-61,10.25,"{""Bat"": 3.314, ""Distance_mm"": 867, ""Interrupt_flag"": 0, ""Node_type"": ""DDS75-LB"", ""Sensor_flag"": 1, ""TempC_DS18B20"": 32.76}"
2025-09-19 16:06:13.017253137+00:00,dds75-lb-12,2,-44,8.0,"{""Bat"": 3.314, ""Distance_mm"": 867, ""Interrupt_flag"": 0, ""Node_type"": ""DDS75-LB"", ""Sensor_flag"": 1, ""TempC_DS18B20"": 32.76}"
2025-09-19 16:26:12.786078207+00:00,dds75-lb-12,2,-45,9.5,"{""Bat"": 3.314, ""Distance_mm"": 867, ""Interrupt_flag"": 0, ""Node_type"": ""DDS75-LB"", ""Sensor_flag"": 1, ""TempC_DS18B20"": 32.76}"
2025-09-19 16:46:12.534781238+00:00,dds75-lb-12,2,-45,10.25,"{""Bat"": 3.314, ""Distance_mm"": 867, ""Interrupt_flag"": 0, ""Node_type"": ""DDS75-LB"", ""Sensor_flag"": 1, ""TempC_DS18B20"": 32.76}"
2025-09-19 17:06:12.278168910+00:00,dds75-lb-12,2,-43,7.75,"{""Bat"": 3.314, ""Distance_mm"": 867, ""Interrupt_flag"": 0, ""Node_type"": ""DDS75-LB"", ""Sensor_flag"": 1, ""TempC_DS18B20"": 32.76}"
2025-09-19 17:26:12.039928348+00:00,dds75-lb-12,2,-114,0.5,"{""Bat"": 3.314, ""Distance_mm"": 867, ""Interrupt_flag"": 0, ""Node_type"": ""DDS75-LB"", ""Sensor_flag"": 1, ""TempC_DS18B20"": 32.76}"
2025-09-19 17:46:11.799415231+00:00,dds75-lb-12,2,-45,6.75,"{""Bat"": 3.314, ""Distance_mm"": 867, ""Interrupt_flag"": 0, ""Node_type"": ""DDS75-LB"", ""Sensor_flag"": 1, ""TempC_DS18B20"": 32.76}"
2025-09-19 18:06:11.541630534+00:00,dds75-lb-12,2,-42,10.0,"{""Bat"": 3.314, ""Distance_mm"": 867, ""Interrupt_flag"": 0, ""Node_type"": ""DDS75-LB"", ""Sensor_flag"": 1, ""TempC_DS18B20"": 32.76}"
2025-09-19 18:26:11.294791022+00:00,dds75-lb-12,2,-118,-3.0,"{""Bat"": 3.314, ""Distance_mm"": 867, ""Interrupt_flag"": 0, ""Node_type"": ""DDS75-LB"", ""Sensor_flag"": 1, ""TempC_DS18B20"": 32.76}"
2025-09-19 18:46:11.046649242+00:00,dds75-lb-12,2,-44,7.75,"{""Bat"": 3.314, ""Distance_mm"": 871, ""Interrupt_flag"": 0, ""Node_type"": ""DDS75-LB"", ""Sensor_flag"": 1, ""TempC_DS18B20"": 32.76}"
2025-09-19 19:06:10.802606338+00:00,dds75-lb-12,2,-42,9.25,"{""Bat"": 3.314, ""Distance_mm"": 871, ""Interrupt_flag"": 0, ""Node_type"": ""DDS75-LB"", ""Sensor_flag"": 1, ""TempC_DS18B20"": 32.76}"
2025-09-19 19:26:10.548576433+00:00,dds75-lb-12,2,-43,9.0,"{""Bat"": 3.314, ""Distance_mm"": 871, ""Interrupt_flag"": 0, ""Node_type"": ""DDS75-LB"", ""Sensor_flag"": 1, ""TempC_DS18B20"": 32.76}"
2025-09-19 19:46:10.307579563+00:00,dds75-lb-12,2,-42,10.0,"{""Bat"": 3.314, ""Distance_mm"": 871, ""Interrupt_flag"": 0, ""Node_type"": ""DDS75-LB"", ""Sensor_flag"": 1, ""TempC_DS18B20"": 32.76}"
2025-09-19 20:06:10.065554939+00:00,dds75-lb-12,2,-111,2.75,"{""Bat"": 3.314, ""Distance_mm"": 871, ""Interrupt_flag"": 0, ""Node_type"": ""DDS75-LB"", ""Sensor_flag"": 1, ""TempC_DS18B20"": 32.76}"
2025-09-19 20:26:09.810326864+00:00,dds75-lb-12,2,-45,7.25,"{""Bat"": 3.314, ""Distance_mm"": 871, ""Interrupt_flag"": 0, ""Node_type"": ""DDS75-LB"", ""Sensor_flag"": 1, ""TempC_DS18B20"": 32.76}"
2025-09-19 20:46:09.574717243+00:00,dds75-lb-12,2,-43,8.75,"{""Bat"": 3.314, ""Distance_mm"": 871, ""Interrupt_flag"": 0, ""Node_type"": ""DDS75-LB"", ""Sensor_flag"": 1, ""TempC_DS18B20"": 32.76}"
2025-09-19 21:06:09.310444813+00:00,dds75-lb-12,2,-47,10.25,"{""Bat"": 3.314, ""Distance_mm"": 871, ""Interrupt_flag"": 0, ""Node_type"": ""DDS75-LB"", ""Sensor_flag"": 1, ""TempC_DS18B20"": 32.76}"
2025-09-19 21:26:09.067977245+00:00,dds75-lb-12,2,-44,9.75,"{""Bat"": 3.314, ""Distance_mm"": 871, ""Interrupt_flag"": 0, ""Node_type"": ""DDS75-LB"", ""Sensor_flag"": 1, ""TempC_DS18B20"": 32.76}"
2025-09-19 21:46:08.829208525+00:00,dds75-lb-12,2,-44,8.75,"{""Bat"": 3.314, ""Distance_mm"": 871, ""Interrupt_flag"": 0, ""Node_type"": ""DDS75-LB"", ""Sensor_flag"": 1, ""TempC_DS18B20"": 32.76}"
2025-09-19 22:06:08.571930849+00:00,dds75-lb-12,2,-45,10.75,"{""Bat"": 3.314, ""Distance_mm"": 871, ""Interrupt_flag"": 0, ""Node_type"": ""DDS75-LB"", ""Sensor_flag"": 1, ""TempC_DS18B20"": 32.76}"
2025-09-19 22:26:08.327083991+00:00,dds75-lb-12,2,-41,8.0,"{""Bat"": 3.314, ""Distance_mm"": 871, ""Interrupt_flag"": 0, ""Node_type"": ""DDS75-LB"", ""Sensor_flag"": 1, ""TempC_DS18B20"": 32.76}"
2025-09-19 22:46:08.085136885+00:00,dds75-lb-12,2,-114,1.25,"{""Bat"": 3.314, ""Distance_mm"": 871, ""Interrupt_flag"": 0, ""Node_type"": ""DDS75-LB"", ""Sensor_flag"": 1, ""TempC_DS18B20"": 32.76}"
2025-09-19 23:06:07.842085161+00:00,dds75-lb-12,2,-43,7.5,"{""Bat"": 3.314, ""Distance_mm"": 871, ""Interrupt_flag"": 0, ""Node_type"": ""DDS75-LB"", ""Sensor_flag"": 1, ""TempC_DS18B20"": 32.76}"
2025-09-19 23:26:07.593603744+00:00,dds75-lb-12,2,-43,10.0,"{""Bat"": 3.314, ""Distance_mm"": 871, ""Interrupt_flag"": 0, ""Node_type"": ""DDS75-LB"", ""Sensor_flag"": 1, ""TempC_DS18B20"": 32.76}"
2025-09-19 23:46:07.345766177+00:00,dds75-lb-12,2,-44,11.0,"{""Bat"": 3.314, ""Distance_mm"": 871, ""Interrupt_flag"": 0, ""Node_type"": ""DDS75-LB"", ""Sensor_flag"": 1, ""TempC_DS18B20"": 32.76}"
2025-09-20 00:06:07.120533706+00:00,dds75-lb-12,2,-43,9.5,"{""Bat"": 3.314, ""Distance_mm"": 871, ""Interrupt_flag"": 0, ""Node_type"": ""DDS75-LB"", ""Sensor_flag"": 1, ""TempC_DS18B20"": 32.76}"
2025-09-20 00:26:06.856165385+00:00,dds75-lb-12,2,-116,0.25,"{""Bat"": 3.314, ""Distance_mm"": 871, ""Interrupt_flag"": 0, ""Node_type"": ""DDS75-LB"", ""Sensor_flag"": 1, ""TempC_DS18B20"": 32.76}"
2025-09-20 00:46:06.613177066+00:00,dds75-lb-12,2,-44,8.75,"{""Bat"": 3.314, ""Distance_mm"": 871, ""Interrupt_flag"": 0, ""Node_type"": ""DDS75-LB"", ""Sensor_flag"": 1, ""TempC_DS18B20"": 32.76}"
2025-09-20 01:06:06.345408381+00:00,dds75-lb-12,2,-43,7.25,"{""Bat"": 3.314, ""Distance_mm"": 872, ""Interrupt_flag"": 0, ""Node_type"": ""DDS75-LB"", ""Sensor_flag"": 1, ""TempC_DS18B20"": 32.76}"
2025-09-20 01:26:06.108784883+00:00,dds75-lb-12,2,-43,7.75,"{""Bat"": 3.314, ""Distance_mm"": 871, ""Interrupt_flag"": 0, ""Node_type"": ""DDS75-LB"", ""Sensor_flag"": 1, ""TempC_DS18B20"": 32.76}"
2025-09-20 01:46:05.870055305+00:00,dds75-lb-12,2,-45,7.75,"{""Bat"": 3.314, ""Distance_mm"": 871, ""Interrupt_flag"": 0, ""Node_type"": ""DDS75-LB"", ""Sensor_flag"": 1, ""TempC_DS18B20"": 32.76}"
2025-09-20 02:06:05.610075198+00:00,dds75-lb-12,2,-43,9.75,"{""Bat"": 3.314, ""Distance_mm"": 871, ""Interrupt_flag"": 0, ""Node_type"": ""DDS75-LB"", ""Sensor_flag"": 1, ""TempC_DS18B20"": 32.76}"
2025-09-20 02:26:05.361051010+00:00,dds75-lb-12,2,-44,9.5,"{""Bat"": 3.314, ""Distance_mm"": 871, ""Interrupt_flag"": 0, ""Node_type"": ""DDS75-LB"", ""Sensor_flag"": 1, ""TempC_DS18B20"": 32.76}"
2025-09-20 02:46:05.132965991+00:00,dds75-lb-12,2,-43,9.5,"{""Bat"": 3.314, ""Distance_mm"": 871, ""Interrupt_flag"": 0, ""Node_type"": ""DDS75-LB"", ""Sensor_flag"": 1, ""TempC_DS18B20"": 32.76}"
2025-09-20 03:06:04.882165759+00:00,dds75-lb-12,2,-43,10.25,"{""Bat"": 3.314, ""Distance_mm"": 871, ""Interrupt_flag"": 0, ""Node_type"": ""DDS75-LB"", ""Sensor_flag"": 1, ""TempC_DS18B20"": 32.76}"
2025-09-20 03:26:04.624280486+00:00,dds75-lb-12,2,-42,10.0,"{""Bat"": 3.314, ""Distance_mm"": 871, ""Interrupt_flag"": 0, ""Node_type"": ""DDS75-LB"", ""Sensor_flag"": 1, ""TempC_DS18B20"": 32.76}"
2025-09-20 03:46:04.373671769+00:00,dds75-lb-12,2,-112,1.0,"{""Bat"": 3.314, ""Distance_mm"": 872, ""Interrupt_flag"": 0, ""Node_type"": ""DDS75-LB"", ""Sensor_flag"": 1, ""TempC_DS18B20"": 32.76}"
2025-09-20 04:06:04.134294170+00:00,dds75-lb-12,2,-41,7.5,"{""Bat"": 3.314, ""Distance_mm"": 871, ""Interrupt_flag"": 0, ""Node_type"": ""DDS75-LB"", ""Sensor_flag"": 1, ""TempC_DS18B20"": 32.76}"
2025-09-20 04:26:03.896020745+00:00,dds75-lb-12,2,-44,10.0,"{""Bat"": 3.314, ""Distance_mm"": 871, ""Interrupt_flag"": 0, ""Node_type"": ""DDS75-LB"", ""Sensor_flag"": 1, ""TempC_DS18B20"": 32.76}"
2025-09-20 04:46:03.652936570+00:00,dds75-lb-12,2,-41,9.25,"{""Bat"": 3.314, ""Distance_mm"": 871, ""Interrupt_flag"": 0, ""Node_type"": ""DDS75-LB"", ""Sensor_flag"": 1, ""TempC_DS18B20"": 32.76}"
2025-09-20 05:06:03.417406266+00:00,dds75-lb-12,2,-45,9.5,"{""Bat"": 3.314, ""Distance_mm"": 871, ""Interrupt_flag"": 0, ""Node_type"": ""DDS75-LB"", ""Sensor_flag"": 1, ""TempC_DS18B20"": 32.76}"
2025-09-20 05:26:03.148929458+00:00,dds75-lb-12,2,-44,8.75,"{""Bat"": 3.314, ""Distance_mm"": 873, ""Interrupt_flag"": 0, ""Node_type"": ""DDS75-LB"", ""Sensor_flag"": 1, ""TempC_DS18B20"": 32.76}"
2025-09-20 05:46:02.908945973+00:00,dds75-lb-12,2,-41,10.0,"{""Bat"": 3.314, ""Distance_mm"": 871, ""Interrupt_flag"": 0, ""Node_type"": ""DDS75-LB"", ""Sensor_flag"": 1, ""TempC_DS18B20"": 32.76}"
2025-09-20 06:06:02.648483933+00:00,dds75-lb-12,2,-43,10.0,"{""Bat"": 3.314, ""Distance_mm"": 871, ""Interrupt_flag"": 0, ""Node_type"": ""DDS75-LB"", ""Sensor_flag"": 1, ""TempC_DS18B20"": 32.76}"
2025-09-20 06:26:02.420499677+00:00,dds75-lb-12,2,-41,7.25,"{""Bat"": 3.314, ""Distance_mm"": 871, ""Interrupt_flag"": 0, ""Node_type"": ""DDS75-LB"", ""Sensor_flag"": 1, ""TempC_DS18B20"": 32.76}"
2025-09-20 06:46:02.167552785+00:00,dds75-lb-12,2,-41,10.75,"{""Bat"": 3.314, ""Distance_mm"": 871, ""Interrupt_flag"": 0, ""Node_type"": ""DDS75-LB"", ""Sensor_flag"": 1, ""TempC_DS18B20"": 32.76}"
2025-09-20 07:06:01.912730765+00:00,dds75-lb-12,2,-41,9.25,"{""Bat"": 3.314, ""Distance_mm"": 871, ""Interrupt_flag"": 0, ""Node_type"": ""DDS75-LB"", ""Sensor_flag"": 1, ""TempC_DS18B20"": 32.76}"
2025-09-20 07:26:01.664773313+00:00,dds75-lb-12,2,-39,9.25,"{""Bat"": 3.314, ""Distance_mm"": 866, ""Interrupt_flag"": 0, ""Node_type"": ""DDS75-LB"", ""Sensor_flag"": 1, ""TempC_DS18B20"": 32.76}"
2025-09-20 07:46:01.420190453+00:00,dds75-lb-12,2,-45,10.5,"{""Bat"": 3.314, ""Distance_mm"": 871, ""Interrupt_flag"": 0, ""Node_type"": ""DDS75-LB"", ""Sensor_flag"": 1, ""TempC_DS18B20"": 32.76}"
2025-09-20 08:06:01.179240863+00:00,dds75-lb-12,2,-45,9.0,"{""Bat"": 3.314, ""Distance_mm"": 871, ""Interrupt_flag"": 0, ""Node_type"": ""DDS75-LB"", ""Sensor_flag"": 1, ""TempC_DS18B20"": 32.76}"
2025-09-20 08:26:00.929842568+00:00,dds75-lb-12,2,-119,-3.5,"{""Bat"": 3.314, ""Distance_mm"": 871, ""Interrupt_flag"": 0, ""Node_type"": ""DDS75-LB"", ""Sensor_flag"": 1, ""TempC_DS18B20"": 32.76}"
2025-09-20 08:46:00.690009683+00:00,dds75-lb-12,2,-116,-0.75,"{""Bat"": 3.314, ""Distance_mm"": 871, ""Interrupt_flag"": 0, ""Node_type"": ""DDS75-LB"", ""Sensor_flag"": 1, ""TempC_DS18B20"": 32.76}"
2025-09-20 09:06:00.439770782+00:00,dds75-lb-12,2,-110,5.5,"{""Bat"": 3.314, ""Distance_mm"": 871, ""Interrupt_flag"": 0, ""Node_type"": ""DDS75-LB"", ""Sensor_flag"": 1, ""TempC_DS18B20"": 32.76}"
2025-09-20 09:26:00.196826903+00:00,dds75-lb-12,2,-39,7.75,"{""Bat"": 3.314, ""Distance_mm"": 871, ""Interrupt_flag"": 0, ""Node_type"": ""DDS75-LB"", ""Sensor_flag"": 1, ""TempC_DS18B20"": 32.76}"
2025-09-20 09:45:59.947584492+00:00,dds75-lb-12,2,-47,7.75,"{""Bat"": 3.314, ""Distance_mm"": 871, ""Interrupt_flag"": 0, ""Node_type"": ""DDS75-LB"", ""Sensor_flag"": 1, ""TempC_DS18B20"": 32.76}"
2025-09-20 10:05:59.707277557+00:00,dds75-lb-12,2,-41,9.25,"{""Bat"": 3.314, ""Distance_mm"": 871, ""Interrupt_flag"": 0, ""Node_type"": ""DDS75-LB"", ""Sensor_flag"": 1, ""TempC_DS18B20"": 32.76}"
2025-09-20 10:25:59.446952159+00:00,dds75-lb-12,2,-47,9.75,"{""Bat"": 3.314, ""Distance_mm"": 871, ""Interrupt_flag"": 0, ""Node_type"": ""DDS75-LB"", ""Sensor_flag"": 1, ""TempC_DS18B20"": 32.76}"
2025-09-20 10:45:59.196088463+00:00,dds75-lb-12,2,-47,7.5,"{""Bat"": 3.314, ""Distance_mm"": 871, ""Interrupt_flag"": 0, ""Node_type"": ""DDS75-LB"", ""Sensor_flag"": 1, ""TempC_DS18B20"": 32.76}"
2025-09-20 11:05:58.955319101+00:00,dds75-lb-12,2,-43,9.25,"{""Bat"": 3.314, ""Distance_mm"": 871, ""Interrupt_flag"": 0, ""Node_type"": ""DDS75-LB"", ""Sensor_flag"": 1, ""TempC_DS18B20"": 32.76}"
2025-09-20 11:25:58.700407051+00:00,dds75-lb-12,2,-43,9.5,"{""Bat"": 3.314, ""Distance_mm"": 871, ""Interrupt_flag"": 0, ""Node_type"": ""DDS75-LB"", ""Sensor_flag"": 1, ""TempC_DS18B20"": 32.76}"
2025-09-20 11:45:58.470268640+00:00,dds75-lb-12,2,-110,4.75,"{""Bat"": 3.314, ""Distance_mm"": 871, ""Interrupt_flag"": 0, ""Node_type"": ""DDS75-LB"", ""Sensor_flag"": 1, ""TempC_DS18B20"": 32.76}"
2025-09-20 12:05:58.211245475+00:00,dds75-lb-12,2,-43,9.0,"{""Bat"": 3.314, ""Distance_mm"": 867, ""Interrupt_flag"": 0, ""Node_type"": ""DDS75-LB"", ""Sensor_flag"": 1, ""TempC_DS18B20"": 32.76}"
2025-09-20 12:25:57.970702478+00:00,dds75-lb-12,2,-42,9.0,"{""Bat"": 3.314, ""Distance_mm"": 867, ""Interrupt_flag"": 0, ""Node_type"": ""DDS75-LB"", ""Sensor_flag"": 1, ""TempC_DS18B20"": 32.76}"
2025-09-20 12:45:57.718024157+00:00,dds75-lb-12,2,-114,1.75,"{""Bat"": 3.314, ""Distance_mm"": 867, ""Interrupt_flag"": 0, ""Node_type"": ""DDS75-LB"", ""Sensor_flag"": 1, ""TempC_DS18B20"": 32.76}"
2025-09-20 13:05:57.464851449+00:00,dds75-lb-12,2,-43,8.75,"{""Bat"": 3.314, ""Distance_mm"": 867, ""Interrupt_flag"": 0, ""Node_type"": ""DDS75-LB"", ""Sensor_flag"": 1, ""TempC_DS18B20"": 32.76}"
2025-09-20 13:25:57.237535128+00:00,dds75-lb-12,2,-43,7.25,"{""Bat"": 3.314, ""Distance_mm"": 867, ""Interrupt_flag"": 0, ""Node_type"": ""DDS75-LB"", ""Sensor_flag"": 1, ""TempC_DS18B20"": 32.76}"
2025-09-20 13:45:56.989678096+00:00,dds75-lb-12,2,-44,9.5,"{""Bat"": 3.314, ""Distance_mm"": 867, ""Interrupt_flag"": 0, ""Node_type"": ""DDS75-LB"", ""Sensor_flag"": 1, ""TempC_DS18B20"": 32.76}"
2025-09-20 14:05:56.734184237+00:00,dds75-lb-12,2,-44,9.25,"{""Bat"": 3.314, ""Distance_mm"": 867, ""Interrupt_flag"": 0, ""Node_type"": ""DDS75-LB"", ""Sensor_flag"": 1, ""TempC_DS18B20"": 32.76}"
2025-09-20 14:25:56.490226967+00:00,dds75-lb-12,2,-113,1.5,"{""Bat"": 3.314, ""Distance_mm"": 867, ""Interrupt_flag"": 0, ""Node_type"": ""DDS75-LB"", ""Sensor_flag"": 1, ""TempC_DS18B20"": 32.76}"
2025-09-20 14:45:56.234582480+00:00,dds75-lb-12,2,-113,1.25,"{""Bat"": 3.314, ""Distance_mm"": 867, ""Interrupt_flag"": 0, ""Node_type"": ""DDS75-LB"", ""Sensor_flag"": 1, ""TempC_DS18B20"": 32.76}"
2025-09-20 15:05:55.985091941+00:00,dds75-lb-12,2,-43,7.25,"{""Bat"": 3.314, ""Distance_mm"": 867, ""Interrupt_flag"": 0, ""Node_type"": ""DDS75-LB"", ""Sensor_flag"": 1, ""TempC_DS18B20"": 32.76}"
2025-09-20 15:25:55.744440054+00:00,dds75-lb-12,2,-110,4.75,"{""Bat"": 3.314, ""Distance_mm"": 867, ""Interrupt_flag"": 0, ""Node_type"": ""DDS75-LB"", ""Sensor_flag"": 1, ""TempC_DS18B20"": 32.76}"
2025-09-20 15:45:55.502532762+00:00,dds75-lb-12,2,-47,10.25,"{""Bat"": 3.314, ""Distance_mm"": 867, ""Interrupt_flag"": 0, ""Node_type"": ""DDS75-LB"", ""Sensor_flag"": 1, ""TempC_DS18B20"": 32.76}"
2025-09-20 16:05:55.242000713+00:00,dds75-lb-12,2,-115,-2.25,"{""Bat"": 3.314, ""Distance_mm"": 867, ""Interrupt_flag"": 0, ""Node_type"": ""DDS75-LB"", ""Sensor_flag"": 1, ""TempC_DS18B20"": 32.76}"
2025-09-20 16:25:54.996571270+00:00,dds75-lb-12,2,-41,10.0,"{""Bat"": 3.314, ""Distance_mm"": 867, ""Interrupt_flag"": 0, ""Node_type"": ""DDS75-LB"", ""Sensor_flag"": 1, ""TempC_DS18B20"": 32.76}"
2025-09-20 16:45:54.765790201+00:00,dds75-lb-12,2,-47,10.0,"{""Bat"": 3.314, ""Distance_mm"": 867, ""Interrupt_flag"": 0, ""Node_type"": ""DDS75-LB"", ""Sensor_flag"": 1, ""TempC_DS18B20"": 32.76}"
2025-09-20 17:05:54.524060453+00:00,dds75-lb-12,2,-41,8.25,"{""Bat"": 3.314, ""Distance_mm"": 867, ""Interrupt_flag"": 0, ""Node_type"": ""DDS75-LB"", ""Sensor_flag"": 1, ""TempC_DS18B20"": 32.76}"
2025-09-20 17:25:54.254776079+00:00,dds75-lb-12,2,-42,9.5,"{""Bat"": 3.314, ""Distance_mm"": 867, ""Interrupt_flag"": 0, ""Node_type"": ""DDS75-LB"", ""Sensor_flag"": 1, ""TempC_DS18B20"": 32.76}"
2025-09-20 17:45:54.007883347+00:00,dds75-lb-12,2,-112,3.5,"{""Bat"": 3.314, ""Distance_mm"": 867, ""Interrupt_flag"": 0, ""Node_type"": ""DDS75-LB"", ""Sensor_flag"": 1, ""TempC_DS18B20"": 32.76}"
2025-09-20 18:05:53.780702281+00:00,dds75-lb-12,2,-44,8.5,"{""Bat"": 3.314, ""Distance_mm"": 867, ""Interrupt_flag"": 0, ""Node_type"": ""DDS75-LB"", ""Sensor_flag"": 1, ""TempC_DS18B20"": 32.76}"
2025-09-20 18:25:53.530899955+00:00,dds75-lb-12,2,-45,9.5,"{""Bat"": 3.314, ""Distance_mm"": 867, ""Interrupt_flag"": 0, ""Node_type"": ""DDS75-LB"", ""Sensor_flag"": 1, ""TempC_DS18B20"": 32.76}"
2025-09-20 18:45:53.285008048+00:00,dds75-lb-12,2,-45,10.5,"{""Bat"": 3.314, ""Distance_mm"": 867, ""Interrupt_flag"": 0, ""Node_type"": ""DDS75-LB"", ""Sensor_flag"": 1, ""TempC_DS18B20"": 32.76}"
2025-09-20 19:05:53.039449585+00:00,dds75-lb-12,2,-45,9.5,"{""Bat"": 3.314, ""Distance_mm"": 867, ""Interrupt_flag"": 0, ""Node_type"": ""DDS75-LB"", ""Sensor_flag"": 1, ""TempC_DS18B20"": 32.76}"
2025-09-20 19:25:52.787825451+00:00,dds75-lb-12,2,-44,9.5,"{""Bat"": 3.314, ""Distance_mm"": 867, ""Interrupt_flag"": 0, ""Node_type"": ""DDS75-LB"", ""Sensor_flag"": 1, ""TempC_DS18B20"": 32.76}"
2025-09-20 19:45:52.533954732+00:00,dds75-lb-12,2,-41,7.5,"{""Bat"": 3.314, ""Distance_mm"": 867, ""Interrupt_flag"": 0, ""Node_type"": ""DDS75-LB"", ""Sensor_flag"": 1, ""TempC_DS18B20"": 32.76}"
2025-09-20 20:05:52.290798240+00:00,dds75-lb-12,2,-42,9.5,"{""Bat"": 3.314, ""Distance_mm"": 867, ""Interrupt_flag"": 0, ""Node_type"": ""DDS75-LB"", ""Sensor_flag"": 1, ""TempC_DS18B20"": 32.76}"
2025-09-20 20:25:52.044333398+00:00,dds75-lb-12,2,-45,7.5,"{""Bat"": 3.314, ""Distance_mm"": 867, ""Interrupt_flag"": 0, ""Node_type"": ""DDS75-LB"", ""Sensor_flag"": 1, ""TempC_DS18B20"": 32.76}"
2025-09-20 20:27:02.231875741+00:00,dds75-lb-12,2,-41,9.25,"{""Bat"": 3.314, ""Distance_mm"": 867, ""Interrupt_flag"": 0, ""Node_type"": ""DDS75-LB"", ""Sensor_flag"": 1, ""TempC_DS18B20"": 32.76}"
2025-09-20 20:28:02.225733338+00:00,dds75-lb-12,2,-45,9.5,"{""Bat"": 3.314, ""Distance_mm"": 867, ""Interrupt_flag"": 0, ""Node_type"": ""DDS75-LB"", ""Sensor_flag"": 1, ""TempC_DS18B20"": 32.76}"
2025-09-20 20:29:02.205712762+00:00,dds75-lb-12,2,-45,10.25,"{""Bat"": 3.314, ""Distance_mm"": 867, ""Interrupt_flag"": 0, ""Node_type"": ""DDS75-LB"", ""Sensor_flag"": 1, ""TempC_DS18B20"": 32.76}"
2025-09-20 21:29:11.672137338+00:00,dds75-lb-12,2,-41,9.25,"{""Bat"": 3.314, ""Distance_mm"": 867, ""Interrupt_flag"": 0, ""Node_type"": ""DDS75-LB"", ""Sensor_flag"": 1, ""TempC_DS18B20"": 32.76}"
2025-09-20 22:29:10.924834973+00:00,dds75-lb-12,2,-123,-7.0,"{""Bat"": 3.314, ""Distance_mm"": 867, ""Interrupt_flag"": 0, ""Node_type"": ""DDS75-LB"", ""Sensor_flag"": 1, ""TempC_DS18B20"": 32.76}"
2025-09-20 23:29:10.185895170+00:00,dds75-lb-12,2,-39,7.75,"{""Bat"": 3.314, ""Distance_mm"": 871, ""Interrupt_flag"": 0, ""Node_type"": ""DDS75-LB"", ""Sensor_flag"": 1, ""TempC_DS18B20"": 32.76}"
2025-09-21 00:29:09.439122015+00:00,dds75-lb-12,2,-43,7.0,"{""Bat"": 3.314, ""Distance_mm"": 871, ""Interrupt_flag"": 0, ""Node_type"": ""DDS75-LB"", ""Sensor_flag"": 1, ""TempC_DS18B20"": 32.76}"
2025-09-21 01:29:08.697608698+00:00,dds75-lb-12,2,-47,7.25,"{""Bat"": 3.314, ""Distance_mm"": 871, ""Interrupt_flag"": 0, ""Node_type"": ""DDS75-LB"", ""Sensor_flag"": 1, ""TempC_DS18B20"": 32.76}"
2025-09-21 02:29:07.961162879+00:00,dds75-lb-12,2,-44,9.75,"{""Bat"": 3.314, ""Distance_mm"": 871, ""Interrupt_flag"": 0, ""Node_type"": ""DDS75-LB"", ""Sensor_flag"": 1, ""TempC_DS18B20"": 32.76}"
2025-09-21 03:29:07.231725946+00:00,dds75-lb-12,2,-47,10.75,"{""Bat"": 3.314, ""Distance_mm"": 871, ""Interrupt_flag"": 0, ""Node_type"": ""DDS75-LB"", ""Sensor_flag"": 1, ""TempC_DS18B20"": 32.76}"
2025-09-21 04:29:06.464671342+00:00,dds75-lb-12,2,-44,9.25,"{""Bat"": 3.314, ""Distance_mm"": 871, ""Interrupt_flag"": 0, ""Node_type"": ""DDS75-LB"", ""Sensor_flag"": 1, ""TempC_DS18B20"": 32.76}"
2025-09-21 05:29:05.714857717+00:00,dds75-lb-12,2,-43,9.75,"{""Bat"": 3.314, ""Distance_mm"": 870, ""Interrupt_flag"": 0, ""Node_type"": ""DDS75-LB"", ""Sensor_flag"": 1, ""TempC_DS18B20"": 32.76}"
2025-09-21 06:29:05.002490734+00:00,dds75-lb-12,2,-45,9.75,"{""Bat"": 3.314, ""Distance_mm"": 871, ""Interrupt_flag"": 0, ""Node_type"": ""DDS75-LB"", ""Sensor_flag"": 1, ""TempC_DS18B20"": 32.76}"
2025-09-21 07:29:04.242930125+00:00,dds75-lb-12,2,-43,7.75,"{""Bat"": 3.314, ""Distance_mm"": 871, ""Interrupt_flag"": 0, ""Node_type"": ""DDS75-LB"", ""Sensor_flag"": 1, ""TempC_DS18B20"": 32.76}"
2025-09-21 08:29:03.489020860+00:00,dds75-lb-12,2,-43,7.25,"{""Bat"": 3.314, ""Distance_mm"": 871, ""Interrupt_flag"": 0, ""Node_type"": ""DDS75-LB"", ""Sensor_flag"": 1, ""TempC_DS18B20"": 32.76}"
2025-09-21 09:29:02.752148019+00:00,dds75-lb-12,2,-45,7.25,"{""Bat"": 3.314, ""Distance_mm"": 871, ""Interrupt_flag"": 0, ""Node_type"": ""DDS75-LB"", ""Sensor_flag"": 1, ""TempC_DS18B20"": 32.76}"
2025-09-21 10:29:02.022384767+00:00,dds75-lb-12,2,-42,10.5,"{""Bat"": 3.314, ""Distance_mm"": 871, ""Interrupt_flag"": 0, ""Node_type"": ""DDS75-LB"", ""Sensor_flag"": 1, ""TempC_DS18B20"": 32.76}"
2025-09-21 11:29:01.291333953+00:00,dds75-lb-12,2,-117,-6.0,"{""Bat"": 3.314, ""Distance_mm"": 871, ""Interrupt_flag"": 0, ""Node_type"": ""DDS75-LB"", ""Sensor_flag"": 1, ""TempC_DS18B20"": 32.76}"
2025-09-21 12:29:00.535691956+00:00,dds75-lb-12,2,-45,7.25,"{""Bat"": 3.314, ""Distance_mm"": 871, ""Interrupt_flag"": 0, ""Node_type"": ""DDS75-LB"", ""Sensor_flag"": 1, ""TempC_DS18B20"": 32.76}"
2025-09-21 13:28:59.776384174+00:00,dds75-lb-12,2,-44,10.25,"{""Bat"": 3.314, ""Distance_mm"": 871, ""Interrupt_flag"": 0, ""Node_type"": ""DDS75-LB"", ""Sensor_flag"": 1, ""TempC_DS18B20"": 32.76}"
2025-09-21 14:28:59.043940545+00:00,dds75-lb-12,2,-118,-2.0,"{""Bat"": 3.314, ""Distance_mm"": 871, ""Interrupt_flag"": 0, ""Node_type"": ""DDS75-LB"", ""Sensor_flag"": 1, ""TempC_DS18B20"": 32.76}"
2025-09-21 15:28:58.304233636+00:00,dds75-lb-12,2,-43,9.0,"{""Bat"": 3.314, ""Distance_mm"": 871, ""Interrupt_flag"": 0, ""Node_type"": ""DDS75-LB"", ""Sensor_flag"": 1, ""TempC_DS18B20"": 32.76}"
2025-09-21 16:28:57.582226185+00:00,dds75-lb-12,2,-43,7.5,"{""Bat"": 3.314, ""Distance_mm"": 871, ""Interrupt_flag"": 0, ""Node_type"": ""DDS75-LB"", ""Sensor_flag"": 1, ""TempC_DS18B20"": 32.76}"
2025-09-21 17:28:56.829802293+00:00,dds75-lb-12,2,-45,6.75,"{""Bat"": 3.314, ""Distance_mm"": 871, ""Interrupt_flag"": 0, ""Node_type"": ""DDS75-LB"", ""Sensor_flag"": 1, ""TempC_DS18B20"": 32.76}"
2025-09-21 18:28:56.082385005+00:00,dds75-lb-12,2,-116,-6.5,"{""Bat"": 3.314, ""Distance_mm"": 871, ""Interrupt_flag"": 0, ""Node_type"": ""DDS75-LB"", ""Sensor_flag"": 1, ""TempC_DS18B20"": 32.76}"
2025-09-21 19:28:55.330627764+00:00,dds75-lb-12,2,-118,-6.5,"{""Bat"": 3.314, ""Distance_mm"": 871, ""Interrupt_flag"": 0, ""Node_type"": ""DDS75-LB"", ""Sensor_flag"": 1, ""TempC_DS18B20"": 32.76}"
2025-09-21 20:28:54.603447512+00:00,dds75-lb-12,2,-47,9.75,"{""Bat"": 3.314, ""Distance_mm"": 871, ""Interrupt_flag"": 0, ""Node_type"": ""DDS75-LB"", ""Sensor_flag"": 1, ""TempC_DS18B20"": 32.76}"
2025-09-21 21:28:53.851569744+00:00,dds75-lb-12,2,-118,-3.25,"{""Bat"": 3.314, ""Distance_mm"": 871, ""Interrupt_flag"": 0, ""Node_type"": ""DDS75-LB"", ""Sensor_flag"": 1, ""TempC_DS18B20"": 32.76}"
2025-09-21 22:28:53.118249517+00:00,dds75-lb-12,2,-44,8.75,"{""Bat"": 3.314, ""Distance_mm"": 871, ""Interrupt_flag"": 0, ""Node_type"": ""DDS75-LB"", ""Sensor_flag"": 1, ""TempC_DS18B20"": 32.76}"
2025-09-21 23:28:52.379316309+00:00,dds75-lb-12,2,-41,9.25,"{""Bat"": 3.314, ""Distance_mm"": 871, ""Interrupt_flag"": 0, ""Node_type"": ""DDS75-LB"", ""Sensor_flag"": 1, ""TempC_DS18B20"": 32.76}"
2025-09-22 00:28:51.624781238+00:00,dds75-lb-12,2,-43,8.0,"{""Bat"": 3.314, ""Distance_mm"": 871, ""Interrupt_flag"": 0, ""Node_type"": ""DDS75-LB"", ""Sensor_flag"": 1, ""TempC_DS18B20"": 32.76}"
2025-09-22 01:28:50.893821597+00:00,dds75-lb-12,2,-43,9.25,"{""Bat"": 3.314, ""Distance_mm"": 871, ""Interrupt_flag"": 0, ""Node_type"": ""DDS75-LB"", ""Sensor_flag"": 1, ""TempC_DS18B20"": 32.76}"
2025-09-22 02:28:50.136587866+00:00,dds75-lb-12,2,-43,9.75,"{""Bat"": 3.314, ""Distance_mm"": 871, ""Interrupt_flag"": 0, ""Node_type"": ""DDS75-LB"", ""Sensor_flag"": 1, ""TempC_DS18B20"": 32.76}"
2025-09-22 03:28:49.407380544+00:00,dds75-lb-12,2,-45,9.25,"{""Bat"": 3.314, ""Distance_mm"": 871, ""Interrupt_flag"": 0, ""Node_type"": ""DDS75-LB"", ""Sensor_flag"": 1, ""TempC_DS18B20"": 32.76}"
2025-09-22 04:28:48.657436393+00:00,dds75-lb-12,2,-47,7.0,"{""Bat"": 3.314, ""Distance_mm"": 871, ""Interrupt_flag"": 0, ""Node_type"": ""DDS75-LB"", ""Sensor_flag"": 1, ""TempC_DS18B20"": 32.76}"
2025-09-22 05:28:47.925560504+00:00,dds75-lb-12,2,-43,9.5,"{""Bat"": 3.314, ""Distance_mm"": 871, ""Interrupt_flag"": 0, ""Node_type"": ""DDS75-LB"", ""Sensor_flag"": 1, ""TempC_DS18B20"": 32.76}"
2025-09-22 06:28:47.166172387+00:00,dds75-lb-12,2,-120,-3.75,"{""Bat"": 3.314, ""Distance_mm"": 876, ""Interrupt_flag"": 0, ""Node_type"": ""DDS75-LB"", ""Sensor_flag"": 1, ""TempC_DS18B20"": 32.76}"
2025-09-22 07:28:46.456067980+00:00,dds75-lb-12,2,-119,-2.75,"{""Bat"": 3.314, ""Distance_mm"": 876, ""Interrupt_flag"": 0, ""Node_type"": ""DDS75-LB"", ""Sensor_flag"": 1, ""TempC_DS18B20"": 32.76}"
2025-09-22 08:28:45.692619640+00:00,dds75-lb-12,2,-42,10.25,"{""Bat"": 3.314, ""Distance_mm"": 872, ""Interrupt_flag"": 0, ""Node_type"": ""DDS75-LB"", ""Sensor_flag"": 1, ""TempC_DS18B20"": 32.76}"
2025-09-22 09:28:44.977047388+00:00,dds75-lb-12,2,-119,-3.25,"{""Bat"": 3.314, ""Distance_mm"": 876, ""Interrupt_flag"": 0, ""Node_type"": ""DDS75-LB"", ""Sensor_flag"": 1, ""TempC_DS18B20"": 32.76}"
2025-09-22 10:28:44.231014834+00:00,dds75-lb-12,2,-43,8.75,"{""Bat"": 3.314, ""Distance_mm"": 934, ""Interrupt_flag"": 0, ""Node_type"": ""DDS75-LB"", ""Sensor_flag"": 1, ""TempC_DS18B20"": 32.76}"
2025-09-22 11:28:43.474169637+00:00,dds75-lb-12,2,-47,9.5,"{""Bat"": 3.314, ""Distance_mm"": 934, ""Interrupt_flag"": 0, ""Node_type"": ""DDS75-LB"", ""Sensor_flag"": 1, ""TempC_DS18B20"": 32.76}"
2025-09-22 12:28:42.741697946+00:00,dds75-lb-12,2,-44,8.75,"{""Bat"": 3.314, ""Distance_mm"": 934, ""Interrupt_flag"": 0, ""Node_type"": ""DDS75-LB"", ""Sensor_flag"": 1, ""TempC_DS18B20"": 32.76}"
2025-09-22 13:28:42.019842979+00:00,dds75-lb-12,2,-43,9.0,"{""Bat"": 3.314, ""Distance_mm"": 934, ""Interrupt_flag"": 0, ""Node_type"": ""DDS75-LB"", ""Sensor_flag"": 1, ""TempC_DS18B20"": 32.76}"
2025-09-22 14:28:41.268665153+00:00,dds75-lb-12,2,-45,9.75,"{""Bat"": 3.314, ""Distance_mm"": 934, ""Interrupt_flag"": 0, ""Node_type"": ""DDS75-LB"", ""Sensor_flag"": 1, ""TempC_DS18B20"": 32.76}"
2025-09-22 15:28:40.524787927+00:00,dds75-lb-12,2,-44,7.0,"{""Bat"": 3.314, ""Distance_mm"": 934, ""Interrupt_flag"": 0, ""Node_type"": ""DDS75-LB"", ""Sensor_flag"": 1, ""TempC_DS18B20"": 32.76}"
2025-09-22 16:28:39.769293552+00:00,dds75-lb-12,2,-44,7.0,"{""Bat"": 3.314, ""Distance_mm"": 934, ""Interrupt_flag"": 0, ""Node_type"": ""DDS75-LB"", ""Sensor_flag"": 1, ""TempC_DS18B20"": 32.76}"
2025-09-22 17:28:39.029824787+00:00,dds75-lb-12,2,-116,-1.0,"{""Bat"": 3.314, ""Distance_mm"": 934, ""Interrupt_flag"": 0, ""Node_type"": ""DDS75-LB"", ""Sensor_flag"": 1, ""TempC_DS18B20"": 32.76}"
2025-09-22 18:28:38.287918793+00:00,dds75-lb-12,2,-41,9.0,"{""Bat"": 3.314, ""Distance_mm"": 934, ""Interrupt_flag"": 0, ""Node_type"": ""DDS75-LB"", ""Sensor_flag"": 1, ""TempC_DS18B20"": 32.76}"
2025-09-22 19:28:37.555688489+00:00,dds75-lb-12,2,-45,9.5,"{""Bat"": 3.314, ""Distance_mm"": 933, ""Interrupt_flag"": 0, ""Node_type"": ""DDS75-LB"", ""Sensor_flag"": 1, ""TempC_DS18B20"": 32.76}"
2025-09-22 20:28:36.823681671+00:00,dds75-lb-12,2,-47,7.75,"{""Bat"": 3.314, ""Distance_mm"": 933, ""Interrupt_flag"": 0, ""Node_type"": ""DDS75-LB"", ""Sensor_flag"": 1, ""TempC_DS18B20"": 32.76}"
2025-09-22 21:28:36.077272435+00:00,dds75-lb-12,2,-45,9.25,"{""Bat"": 3.314, ""Distance_mm"": 934, ""Interrupt_flag"": 0, ""Node_type"": ""DDS75-LB"", ""Sensor_flag"": 1, ""TempC_DS18B20"": 32.76}"
2025-09-22 22:28:35.319979144+00:00,dds75-lb-12,2,-117,-2.5,"{""Bat"": 3.314, ""Distance_mm"": 934, ""Interrupt_flag"": 0, ""Node_type"": ""DDS75-LB"", ""Sensor_flag"": 1, ""TempC_DS18B20"": 32.76}"
2025-09-22 23:28:34.594379270+00:00,dds75-lb-12,2,-44,9.5,"{""Bat"": 3.314, ""Distance_mm"": 933, ""Interrupt_flag"": 0, ""Node_type"": ""DDS75-LB"", ""Sensor_flag"": 1, ""TempC_DS18B20"": 32.76}"
2025-09-23 00:28:33.843989961+00:00,dds75-lb-12,2,-44,7.5,"{""Bat"": 3.314, ""Distance_mm"": 933, ""Interrupt_flag"": 0, ""Node_type"": ""DDS75-LB"", ""Sensor_flag"": 1, ""TempC_DS18B20"": 32.76}"
2025-09-23 01:28:33.099954856+00:00,dds75-lb-12,2,-120,-4.5,"{""Bat"": 3.314, ""Distance_mm"": 934, ""Interrupt_flag"": 0, ""Node_type"": ""DDS75-LB"", ""Sensor_flag"": 1, ""TempC_DS18B20"": 32.76}"
2025-09-23 02:28:32.384854835+00:00,dds75-lb-12,2,-47,9.5,"{""Bat"": 3.314, ""Distance_mm"": 933, ""Interrupt_flag"": 0, ""Node_type"": ""DDS75-LB"", ""Sensor_flag"": 1, ""TempC_DS18B20"": 32.76}"
2025-09-23 03:28:31.622070037+00:00,dds75-lb-12,2,-47,10.5,"{""Bat"": 3.314, ""Distance_mm"": 933, ""Interrupt_flag"": 0, ""Node_type"": ""DDS75-LB"", ""Sensor_flag"": 1, ""TempC_DS18B20"": 32.76}"
2025-09-23 04:28:30.981845742+00:00,dds75-lb-12,2,-120,-9.5,"{""Bat"": 3.314, ""Distance_mm"": 934, ""Interrupt_flag"": 0, ""Node_type"": ""DDS75-LB"", ""Sensor_flag"": 1, ""TempC_DS18B20"": 32.76}"
2025-09-23 05:28:30.149737296+00:00,dds75-lb-12,2,-47,9.25,"{""Bat"": 3.314, ""Distance_mm"": 934, ""Interrupt_flag"": 0, ""Node_type"": ""DDS75-LB"", ""Sensor_flag"": 1, ""TempC_DS18B20"": 32.76}"
2025-09-23 06:28:29.413909836+00:00,dds75-lb-12,2,-122,-6.5,"{""Bat"": 3.314, ""Distance_mm"": 933, ""Interrupt_flag"": 0, ""Node_type"": ""DDS75-LB"", ""Sensor_flag"": 1, ""TempC_DS18B20"": 32.76}"
2025-09-23 07:28:28.672549648+00:00,dds75-lb-12,2,-43,9.5,"{""Bat"": 3.314, ""Distance_mm"": 933, ""Interrupt_flag"": 0, ""Node_type"": ""DDS75-LB"", ""Sensor_flag"": 1, ""TempC_DS18B20"": 32.76}"
2025-09-23 08:28:27.927576417+00:00,dds75-lb-12,2,-45,8.0,"{""Bat"": 3.314, ""Distance_mm"": 933, ""Interrupt_flag"": 0, ""Node_type"": ""DDS75-LB"", ""Sensor_flag"": 1, ""TempC_DS18B20"": 32.76}"
2025-09-23 10:28:26.447046851+00:00,dds75-lb-12,2,-117,-1.0,"{""Bat"": 3.314, ""Distance_mm"": 933, ""Interrupt_flag"": 0, ""Node_type"": ""DDS75-LB"", ""Sensor_flag"": 1, ""TempC_DS18B20"": 32.76}"
2025-09-23 11:28:25.732507806+00:00,dds75-lb-12,2,-47,8.0,"{""Bat"": 3.314, ""Distance_mm"": 934, ""Interrupt_flag"": 0, ""Node_type"": ""DDS75-LB"", ""Sensor_flag"": 1, ""TempC_DS18B20"": 32.76}"
2025-09-23 12:28:24.974243923+00:00,dds75-lb-12,2,-45,9.75,"{""Bat"": 3.314, ""Distance_mm"": 934, ""Interrupt_flag"": 0, ""Node_type"": ""DDS75-LB"", ""Sensor_flag"": 1, ""TempC_DS18B20"": 32.76}"
2025-09-23 13:28:24.222932833+00:00,dds75-lb-12,2,-113,2.25,"{""Bat"": 3.314, ""Distance_mm"": 934, ""Interrupt_flag"": 0, ""Node_type"": ""DDS75-LB"", ""Sensor_flag"": 1, ""TempC_DS18B20"": 32.76}"
2025-09-23 14:28:23.500980572+00:00,dds75-lb-12,2,-44,9.25,"{""Bat"": 3.314, ""Distance_mm"": 934, ""Interrupt_flag"": 0, ""Node_type"": ""DDS75-LB"", ""Sensor_flag"": 1, ""TempC_DS18B20"": 32.76}"
2025-09-23 15:28:22.774507704+00:00,dds75-lb-12,2,-45,9.25,"{""Bat"": 3.314, ""Distance_mm"": 934, ""Interrupt_flag"": 0, ""Node_type"": ""DDS75-LB"", ""Sensor_flag"": 1, ""TempC_DS18B20"": 32.76}"
2025-09-23 16:28:22.015761194+00:00,dds75-lb-12,2,-120,-3.25,"{""Bat"": 3.314, ""Distance_mm"": 934, ""Interrupt_flag"": 0, ""Node_type"": ""DDS75-LB"", ""Sensor_flag"": 1, ""TempC_DS18B20"": 32.76}"
2025-09-23 17:28:21.323516544+00:00,dds75-lb-12,2,-47,10.5,"{""Bat"": 3.314, ""Distance_mm"": 934, ""Interrupt_flag"": 0, ""Node_type"": ""DDS75-LB"", ""Sensor_flag"": 1, ""TempC_DS18B20"": 32.76}"
2025-09-23 18:28:20.541780940+00:00,dds75-lb-12,2,-44,9.0,"{""Bat"": 3.314, ""Distance_mm"": 933, ""Interrupt_flag"": 0, ""Node_type"": ""DDS75-LB"", ""Sensor_flag"": 1, ""TempC_DS18B20"": 32.76}"
2025-09-23 19:28:19.795974562+00:00,dds75-lb-12,2,-115,-0.5,"{""Bat"": 3.314, ""Distance_mm"": 933, ""Interrupt_flag"": 0, ""Node_type"": ""DDS75-LB"", ""Sensor_flag"": 1, ""TempC_DS18B20"": 32.76}"
2025-09-23 20:28:19.041472468+00:00,dds75-lb-12,2,-45,9.75,"{""Bat"": 3.314, ""Distance_mm"": 934, ""Interrupt_flag"": 0, ""Node_type"": ""DDS75-LB"", ""Sensor_flag"": 1, ""TempC_DS18B20"": 32.76}"
2025-09-23 21:28:18.317887492+00:00,dds75-lb-12,2,-113,1.75,"{""Bat"": 3.314, ""Distance_mm"": 934, ""Interrupt_flag"": 0, ""Node_type"": ""DDS75-LB"", ""Sensor_flag"": 1, ""TempC_DS18B20"": 32.76}"
2025-09-23 22:28:17.552866879+00:00,dds75-lb-12,2,-47,6.5,"{""Bat"": 3.314, ""Distance_mm"": 933, ""Interrupt_flag"": 0, ""Node_type"": ""DDS75-LB"", ""Sensor_flag"": 1, ""TempC_DS18B20"": 32.76}"
2025-09-23 23:28:16.844828684+00:00,dds75-lb-12,2,-42,6.75,"{""Bat"": 3.314, ""Distance_mm"": 934, ""Interrupt_flag"": 0, ""Node_type"": ""DDS75-LB"", ""Sensor_flag"": 1, ""TempC_DS18B20"": 32.76}"
2025-09-24 00:28:16.095784112+00:00,dds75-lb-12,2,-45,8.75,"{""Bat"": 3.314, ""Distance_mm"": 934, ""Interrupt_flag"": 0, ""Node_type"": ""DDS75-LB"", ""Sensor_flag"": 1, ""TempC_DS18B20"": 32.76}"
2025-09-24 01:28:15.359783583+00:00,dds75-lb-12,2,-47,10.0,"{""Bat"": 3.314, ""Distance_mm"": 933, ""Interrupt_flag"": 0, ""Node_type"": ""DDS75-LB"", ""Sensor_flag"": 1, ""TempC_DS18B20"": 32.76}"
2025-09-24 02:28:14.630179740+00:00,dds75-lb-12,2,-45,7.75,"{""Bat"": 3.314, ""Distance_mm"": 933, ""Interrupt_flag"": 0, ""Node_type"": ""DDS75-LB"", ""Sensor_flag"": 1, ""TempC_DS18B20"": 32.76}"
2025-09-24 03:28:13.882362305+00:00,dds75-lb-12,2,-117,-1.25,"{""Bat"": 3.314, ""Distance_mm"": 934, ""Interrupt_flag"": 0, ""Node_type"": ""DDS75-LB"", ""Sensor_flag"": 1, ""TempC_DS18B20"": 32.76}"
2025-09-24 04:28:13.153408192+00:00,dds75-lb-12,2,-44,9.0,"{""Bat"": 3.314, ""Distance_mm"": 933, ""Interrupt_flag"": 0, ""Node_type"": ""DDS75-LB"", ""Sensor_flag"": 1, ""TempC_DS18B20"": 32.76}"
2025-09-24 05:28:12.408797866+00:00,dds75-lb-12,2,-42,7.25,"{""Bat"": 3.314, ""Distance_mm"": 933, ""Interrupt_flag"": 0, ""Node_type"": ""DDS75-LB"", ""Sensor_flag"": 1, ""TempC_DS18B20"": 32.76}"
2025-09-24 06:28:11.681423210+00:00,dds75-lb-12,2,-44,6.75,"{""Bat"": 3.314, ""Distance_mm"": 934, ""Interrupt_flag"": 0, ""Node_type"": ""DDS75-LB"", ""Sensor_flag"": 1, ""TempC_DS18B20"": 32.76}"
2025-09-24 07:28:10.930735164+00:00,dds75-lb-12,2,-45,7.75,"{""Bat"": 3.314, ""Distance_mm"": 934, ""Interrupt_flag"": 0, ""Node_type"": ""DDS75-LB"", ""Sensor_flag"": 1, ""TempC_DS18B20"": 32.76}"
2025-09-24 08:28:10.184788669+00:00,dds75-lb-12,2,-47,9.5,"{""Bat"": 3.314, ""Distance_mm"": 934, ""Interrupt_flag"": 0, ""Node_type"": ""DDS75-LB"", ""Sensor_flag"": 1, ""TempC_DS18B20"": 32.76}"
2025-09-24 09:28:09.455680209+00:00,dds75-lb-12,2,-118,-2.5,"{""Bat"": 3.314, ""Distance_mm"": 933, ""Interrupt_flag"": 0, ""Node_type"": ""DDS75-LB"", ""Sensor_flag"": 1, ""TempC_DS18B20"": 32.76}"
2025-09-24 10:28:08.710707184+00:00,dds75-lb-12,2,-47,8.25,"{""Bat"": 3.314, ""Distance_mm"": 934, ""Interrupt_flag"": 0, ""Node_type"": ""DDS75-LB"", ""Sensor_flag"": 1, ""TempC_DS18B20"": 32.76}"
2025-09-24 11:28:07.994764496+00:00,dds75-lb-12,2,-43,9.75,"{""Bat"": 3.314, ""Distance_mm"": 934, ""Interrupt_flag"": 0, ""Node_type"": ""DDS75-LB"", ""Sensor_flag"": 1, ""TempC_DS18B20"": 32.76}"
2025-09-24 12:28:07.225596548+00:00,dds75-lb-12,2,-43,9.5,"{""Bat"": 3.314, ""Distance_mm"": 933, ""Interrupt_flag"": 0, ""Node_type"": ""DDS75-LB"", ""Sensor_flag"": 1, ""TempC_DS18B20"": 32.76}"
2025-09-24 13:28:06.515249822+00:00,dds75-lb-12,2,-43,7.0,"{""Bat"": 3.314, ""Distance_mm"": 933, ""Interrupt_flag"": 0, ""Node_type"": ""DDS75-LB"", ""Sensor_flag"": 1, ""TempC_DS18B20"": 32.76}"
2025-09-24 14:28:05.756966988+00:00,dds75-lb-12,2,-42,9.5,"{""Bat"": 3.314, ""Distance_mm"": 934, ""Interrupt_flag"": 0, ""Node_type"": ""DDS75-LB"", ""Sensor_flag"": 1, ""TempC_DS18B20"": 32.76}"
2025-09-24 15:28:05.020564366+00:00,dds75-lb-12,2,-45,7.5,"{""Bat"": 3.314, ""Distance_mm"": 934, ""Interrupt_flag"": 0, ""Node_type"": ""DDS75-LB"", ""Sensor_flag"": 1, ""TempC_DS18B20"": 32.76}"
2025-09-24 16:28:04.275757673+00:00,dds75-lb-12,2,-44,9.25,"{""Bat"": 3.314, ""Distance_mm"": 933, ""Interrupt_flag"": 0, ""Node_type"": ""DDS75-LB"", ""Sensor_flag"": 1, ""TempC_DS18B20"": 32.76}"
2025-09-24 17:28:03.548418280+00:00,dds75-lb-12,2,-44,8.75,"{""Bat"": 3.314, ""Distance_mm"": 933, ""Interrupt_flag"": 0, ""Node_type"": ""DDS75-LB"", ""Sensor_flag"": 1, ""TempC_DS18B20"": 32.76}"
2025-09-24 18:28:02.810088128+00:00,dds75-lb-12,2,-47,10.0,"{""Bat"": 3.314, ""Distance_mm"": 933, ""Interrupt_flag"": 0, ""Node_type"": ""DDS75-LB"", ""Sensor_flag"": 1, ""TempC_DS18B20"": 32.76}"
2025-09-24 19:28:02.064485196+00:00,dds75-lb-12,2,-44,10.75,"{""Bat"": 3.314, ""Distance_mm"": 934, ""Interrupt_flag"": 0, ""Node_type"": ""DDS75-LB"", ""Sensor_flag"": 1, ""TempC_DS18B20"": 32.76}"
2025-09-24 20:28:01.310379184+00:00,dds75-lb-12,2,-119,-5.5,"{""Bat"": 3.314, ""Distance_mm"": 934, ""Interrupt_flag"": 0, ""Node_type"": ""DDS75-LB"", ""Sensor_flag"": 1, ""TempC_DS18B20"": 32.76}"
2025-09-24 21:28:00.589077189+00:00,dds75-lb-12,2,-43,10.25,"{""Bat"": 3.314, ""Distance_mm"": 934, ""Interrupt_flag"": 0, ""Node_type"": ""DDS75-LB"", ""Sensor_flag"": 1, ""TempC_DS18B20"": 32.76}"
2025-09-24 22:27:59.837723292+00:00,dds75-lb-12,2,-44,6.75,"{""Bat"": 3.314, ""Distance_mm"": 933, ""Interrupt_flag"": 0, ""Node_type"": ""DDS75-LB"", ""Sensor_flag"": 1, ""TempC_DS18B20"": 32.76}"
2025-09-24 23:27:59.111044016+00:00,dds75-lb-12,2,-45,7.75,"{""Bat"": 3.314, ""Distance_mm"": 933, ""Interrupt_flag"": 0, ""Node_type"": ""DDS75-LB"", ""Sensor_flag"": 1, ""TempC_DS18B20"": 32.76}"
2025-09-25 00:27:58.361482194+00:00,dds75-lb-12,2,-120,-3.5,"{""Bat"": 3.314, ""Distance_mm"": 934, ""Interrupt_flag"": 0, ""Node_type"": ""DDS75-LB"", ""Sensor_flag"": 1, ""TempC_DS18B20"": 32.76}"
2025-09-25 01:27:57.617975943+00:00,dds75-lb-12,2,-47,9.0,"{""Bat"": 3.314, ""Distance_mm"": 933, ""Interrupt_flag"": 0, ""Node_type"": ""DDS75-LB"", ""Sensor_flag"": 1, ""TempC_DS18B20"": 32.76}"
2025-09-25 02:27:56.900617609+00:00,dds75-lb-12,2,-47,8.75,"{""Bat"": 3.314, ""Distance_mm"": 933, ""Interrupt_flag"": 0, ""Node_type"": ""DDS75-LB"", ""Sensor_flag"": 1, ""TempC_DS18B20"": 32.76}"
2025-09-25 03:27:56.147167120+00:00,dds75-lb-12,2,-113,0.25,"{""Bat"": 3.314, ""Distance_mm"": 933, ""Interrupt_flag"": 0, ""Node_type"": ""DDS75-LB"", ""Sensor_flag"": 1, ""TempC_DS18B20"": 32.76}"
2025-09-25 04:27:55.415297163+00:00,dds75-lb-12,2,-111,3.25,"{""Bat"": 3.314, ""Distance_mm"": 934, ""Interrupt_flag"": 0, ""Node_type"": ""DDS75-LB"", ""Sensor_flag"": 1, ""TempC_DS18B20"": 32.76}"
2025-09-25 05:27:54.671546393+00:00,dds75-lb-12,2,-43,9.75,"{""Bat"": 3.314, ""Distance_mm"": 933, ""Interrupt_flag"": 0, ""Node_type"": ""DDS75-LB"", ""Sensor_flag"": 1, ""TempC_DS18B20"": 32.76}"
2025-09-25 06:27:53.934174989+00:00,dds75-lb-12,2,-44,9.25,"{""Bat"": 3.314, ""Distance_mm"": 933, ""Interrupt_flag"": 0, ""Node_type"": ""DDS75-LB"", ""Sensor_flag"": 1, ""TempC_DS18B20"": 32.76}"
2025-09-25 07:27:53.202493034+00:00,dds75-lb-12,2,-38,9.25,"{""Bat"": 3.314, ""Distance_mm"": 931, ""Interrupt_flag"": 0, ""Node_type"": ""DDS75-LB"", ""Sensor_flag"": 1, ""TempC_DS18B20"": 32.76}"
2025-09-25 08:27:52.470083482+00:00,dds75-lb-12,2,-43,10.25,"{""Bat"": 3.314, ""Distance_mm"": 931, ""Interrupt_flag"": 0, ""Node_type"": ""DDS75-LB"", ""Sensor_flag"": 1, ""TempC_DS18B20"": 32.76}"
2025-09-25 09:27:51.720046261+00:00,dds75-lb-12,2,-112,-4.25,"{""Bat"": 3.314, ""Distance_mm"": 931, ""Interrupt_flag"": 0, ""Node_type"": ""DDS75-LB"", ""Sensor_flag"": 1, ""TempC_DS18B20"": 32.76}"
2025-09-25 10:27:50.988989347+00:00,dds75-lb-12,2,-41,9.75,"{""Bat"": 3.314, ""Distance_mm"": 931, ""Interrupt_flag"": 0, ""Node_type"": ""DDS75-LB"", ""Sensor_flag"": 1, ""TempC_DS18B20"": 32.76}"
2025-09-25 11:27:50.244846910+00:00,dds75-lb-12,2,-122,-5.75,"{""Bat"": 3.314, ""Distance_mm"": 931, ""Interrupt_flag"": 0, ""Node_type"": ""DDS75-LB"", ""Sensor_flag"": 1, ""TempC_DS18B20"": 32.76}"
2025-09-25 12:27:49.497914199+00:00,dds75-lb-12,2,-38,7.25,"{""Bat"": 3.314, ""Distance_mm"": 931, ""Interrupt_flag"": 0, ""Node_type"": ""DDS75-LB"", ""Sensor_flag"": 1, ""TempC_DS18B20"": 32.76}"
2025-09-25 13:27:48.781384195+00:00,dds75-lb-12,2,-116,-1.25,"{""Bat"": 3.314, ""Distance_mm"": 931, ""Interrupt_flag"": 0, ""Node_type"": ""DDS75-LB"", ""Sensor_flag"": 1, ""TempC_DS18B20"": 32.76}"
2025-09-25 14:27:48.038864829+00:00,dds75-lb-12,2,-41,9.0,"{""Bat"": 3.314, ""Distance_mm"": 930, ""Interrupt_flag"": 0, ""Node_type"": ""DDS75-LB"", ""Sensor_flag"": 1, ""TempC_DS18B20"": 32.76}"
2025-09-25 15:27:47.295801403+00:00,dds75-lb-12,2,-121,-4.5,"{""Bat"": 3.314, ""Distance_mm"": 930, ""Interrupt_flag"": 0, ""Node_type"": ""DDS75-LB"", ""Sensor_flag"": 1, ""TempC_DS18B20"": 32.76}"
2025-09-25 16:27:46.558500062+00:00,dds75-lb-12,2,-118,-4.25,"{""Bat"": 3.314, ""Distance_mm"": 931, ""Interrupt_flag"": 0, ""Node_type"": ""DDS75-LB"", ""Sensor_flag"": 1, ""TempC_DS18B20"": 32.76}"
2025-09-25 17:27:45.834309865+00:00,dds75-lb-12,2,-38,7.25,"{""Bat"": 3.314, ""Distance_mm"": 931, ""Interrupt_flag"": 0, ""Node_type"": ""DDS75-LB"", ""Sensor_flag"": 1, ""TempC_DS18B20"": 32.76}"
2025-09-25 18:27:45.079684948+00:00,dds75-lb-12,2,-39,10.0,"{""Bat"": 3.314, ""Distance_mm"": 931, ""Interrupt_flag"": 0, ""Node_type"": ""DDS75-LB"", ""Sensor_flag"": 1, ""TempC_DS18B20"": 32.76}"
2025-09-25 19:27:44.355812380+00:00,dds75-lb-12,2,-38,9.0,"{""Bat"": 3.314, ""Distance_mm"": 931, ""Interrupt_flag"": 0, ""Node_type"": ""DDS75-LB"", ""Sensor_flag"": 1, ""TempC_DS18B20"": 32.76}"
2025-09-25 20:27:43.618320880+00:00,dds75-lb-12,2,-121,-5.0,"{""Bat"": 3.314, ""Distance_mm"": 930, ""Interrupt_flag"": 0, ""Node_type"": ""DDS75-LB"", ""Sensor_flag"": 1, ""TempC_DS18B20"": 32.76}"
2025-09-25 21:27:42.866687525+00:00,dds75-lb-12,2,-39,5.75,"{""Bat"": 3.314, ""Distance_mm"": 930, ""Interrupt_flag"": 0, ""Node_type"": ""DDS75-LB"", ""Sensor_flag"": 1, ""TempC_DS18B20"": 32.76}"
2025-09-25 22:27:42.132904628+00:00,dds75-lb-12,2,-41,8.75,"{""Bat"": 3.314, ""Distance_mm"": 931, ""Interrupt_flag"": 0, ""Node_type"": ""DDS75-LB"", ""Sensor_flag"": 1, ""TempC_DS18B20"": 32.76}"
2025-09-25 23:27:41.409164670+00:00,dds75-lb-12,2,-37,9.25,"{""Bat"": 3.314, ""Distance_mm"": 930, ""Interrupt_flag"": 0, ""Node_type"": ""DDS75-LB"", ""Sensor_flag"": 1, ""TempC_DS18B20"": 32.76}"
2025-09-26 00:27:40.673214275+00:00,dds75-lb-12,2,-41,10.25,"{""Bat"": 3.314, ""Distance_mm"": 930, ""Interrupt_flag"": 0, ""Node_type"": ""DDS75-LB"", ""Sensor_flag"": 1, ""TempC_DS18B20"": 32.76}"
2025-09-26 01:27:39.927150695+00:00,dds75-lb-12,2,-39,9.25,"{""Bat"": 3.314, ""Distance_mm"": 930, ""Interrupt_flag"": 0, ""Node_type"": ""DDS75-LB"", ""Sensor_flag"": 1, ""TempC_DS18B20"": 32.76}"
2025-09-26 02:27:39.202856477+00:00,dds75-lb-12,2,-121,-5.5,"{""Bat"": 3.314, ""Distance_mm"": 930, ""Interrupt_flag"": 0, ""Node_type"": ""DDS75-LB"", ""Sensor_flag"": 1, ""TempC_DS18B20"": 32.76}"
2025-09-26 03:27:38.455389043+00:00,dds75-lb-12,2,-115,-0.5,"{""Bat"": 3.314, ""Distance_mm"": 930, ""Interrupt_flag"": 0, ""Node_type"": ""DDS75-LB"", ""Sensor_flag"": 1, ""TempC_DS18B20"": 32.76}"
2025-09-26 04:27:37.715429591+00:00,dds75-lb-12,2,-41,6.25,"{""Bat"": 10.869, ""Distance_mm"": 930, ""Interrupt_flag"": 0, ""Node_type"": ""DDS75-LB"", ""Sensor_flag"": 1, ""TempC_DS18B20"": 32.76}"
2025-09-26 06:27:36.260409609+00:00,dds75-lb-12,2,-41,9.0,"{""Bat"": 3.314, ""Distance_mm"": 930, ""Interrupt_flag"": 0, ""Node_type"": ""DDS75-LB"", ""Sensor_flag"": 1, ""TempC_DS18B20"": 32.76}"
2025-09-26 07:27:35.523455952+00:00,dds75-lb-12,2,-41,10.25,"{""Bat"": 3.314, ""Distance_mm"": 930, ""Interrupt_flag"": 0, ""Node_type"": ""DDS75-LB"", ""Sensor_flag"": 1, ""TempC_DS18B20"": 32.76}"
2025-09-26 08:27:34.773819569+00:00,dds75-lb-12,2,-41,7.5,"{""Bat"": 3.314, ""Distance_mm"": 931, ""Interrupt_flag"": 0, ""Node_type"": ""DDS75-LB"", ""Sensor_flag"": 1, ""TempC_DS18B20"": 32.76}"
2025-09-26 09:27:34.051333635+00:00,dds75-lb-12,2,-39,9.5,"{""Bat"": 3.314, ""Distance_mm"": 930, ""Interrupt_flag"": 0, ""Node_type"": ""DDS75-LB"", ""Sensor_flag"": 1, ""TempC_DS18B20"": 32.76}"
2025-09-26 10:27:33.297284576+00:00,dds75-lb-12,2,-43,9.75,"{""Bat"": 3.314, ""Distance_mm"": 931, ""Interrupt_flag"": 0, ""Node_type"": ""DDS75-LB"", ""Sensor_flag"": 1, ""TempC_DS18B20"": 32.76}"
2025-09-26 11:27:32.554057934+00:00,dds75-lb-12,2,-113,-1.25,"{""Bat"": 3.314, ""Distance_mm"": 931, ""Interrupt_flag"": 0, ""Node_type"": ""DDS75-LB"", ""Sensor_flag"": 1, ""TempC_DS18B20"": 32.76}"
2025-09-26 12:27:31.842880433+00:00,dds75-lb-12,2,-120,-4.5,"{""Bat"": 3.314, ""Distance_mm"": 931, ""Interrupt_flag"": 0, ""Node_type"": ""DDS75-LB"", ""Sensor_flag"": 1, ""TempC_DS18B20"": 32.76}"
2025-09-26 13:27:31.082002461+00:00,dds75-lb-12,2,-117,-7.75,"{""Bat"": 3.314, ""Distance_mm"": 931, ""Interrupt_flag"": 0, ""Node_type"": ""DDS75-LB"", ""Sensor_flag"": 1, ""TempC_DS18B20"": 32.76}"
2025-09-26 14:27:30.354053406+00:00,dds75-lb-12,2,-123,-7.25,"{""Bat"": 3.314, ""Distance_mm"": 931, ""Interrupt_flag"": 0, ""Node_type"": ""DDS75-LB"", ""Sensor_flag"": 1, ""TempC_DS18B20"": 32.76}"
2025-09-26 15:27:29.616247424+00:00,dds75-lb-12,2,-39,9.0,"{""Bat"": 3.314, ""Distance_mm"": 931, ""Interrupt_flag"": 0, ""Node_type"": ""DDS75-LB"", ""Sensor_flag"": 1, ""TempC_DS18B20"": 32.76}"
2025-09-26 16:27:28.877197593+00:00,dds75-lb-12,2,-41,7.5,"{""Bat"": 3.314, ""Distance_mm"": 931, ""Interrupt_flag"": 0, ""Node_type"": ""DDS75-LB"", ""Sensor_flag"": 1, ""TempC_DS18B20"": 32.76}"
2025-09-26 17:27:28.189188084+00:00,dds75-lb-12,2,-38,9.25,"{""Bat"": 3.314, ""Distance_mm"": 931, ""Interrupt_flag"": 0, ""Node_type"": ""DDS75-LB"", ""Sensor_flag"": 1, ""TempC_DS18B20"": 32.76}"
2025-09-26 18:27:27.412510949+00:00,dds75-lb-12,2,-41,10.25,"{""Bat"": 3.314, ""Distance_mm"": 931, ""Interrupt_flag"": 0, ""Node_type"": ""DDS75-LB"", ""Sensor_flag"": 1, ""TempC_DS18B20"": 32.76}"
2025-09-26 19:27:26.663184589+00:00,dds75-lb-12,2,-37,6.75,"{""Bat"": 3.314, ""Distance_mm"": 931, ""Interrupt_flag"": 0, ""Node_type"": ""DDS75-LB"", ""Sensor_flag"": 1, ""TempC_DS18B20"": 32.76}"
2025-09-26 20:27:25.920408303+00:00,dds75-lb-12,2,-113,2.0,"{""Bat"": 3.314, ""Distance_mm"": 930, ""Interrupt_flag"": 0, ""Node_type"": ""DDS75-LB"", ""Sensor_flag"": 1, ""TempC_DS18B20"": 32.76}"
2025-09-26 21:27:25.192295823+00:00,dds75-lb-12,2,-113,1.75,"{""Bat"": 3.314, ""Distance_mm"": 930, ""Interrupt_flag"": 0, ""Node_type"": ""DDS75-LB"", ""Sensor_flag"": 1, ""TempC_DS18B20"": 32.76}"
2025-09-26 22:27:24.455966742+00:00,dds75-lb-12,2,-39,11.0,"{""Bat"": 3.314, ""Distance_mm"": 930, ""Interrupt_flag"": 0, ""Node_type"": ""DDS75-LB"", ""Sensor_flag"": 1, ""TempC_DS18B20"": 32.76}"
2025-09-26 23:27:23.723066380+00:00,dds75-lb-12,2,-41,10.5,"{""Bat"": 3.314, ""Distance_mm"": 930, ""Interrupt_flag"": 0, ""Node_type"": ""DDS75-LB"", ""Sensor_flag"": 1, ""TempC_DS18B20"": 32.76}"
2025-09-27 00:27:22.976351416+00:00,dds75-lb-12,2,-116,-1.25,"{""Bat"": 3.314, ""Distance_mm"": 930, ""Interrupt_flag"": 0, ""Node_type"": ""DDS75-LB"", ""Sensor_flag"": 1, ""TempC_DS18B20"": 32.76}"
2025-09-27 01:27:22.236599033+00:00,dds75-lb-12,2,-38,9.25,"{""Bat"": 3.314, ""Distance_mm"": 930, ""Interrupt_flag"": 0, ""Node_type"": ""DDS75-LB"", ""Sensor_flag"": 1, ""TempC_DS18B20"": 32.76}"
2025-09-27 02:27:21.518551085+00:00,dds75-lb-12,2,-43,10.75,"{""Bat"": 3.314, ""Distance_mm"": 930, ""Interrupt_flag"": 0, ""Node_type"": ""DDS75-LB"", ""Sensor_flag"": 1, ""TempC_DS18B20"": 32.76}"
2025-09-27 03:27:20.770981029+00:00,dds75-lb-12,2,-41,6.0,"{""Bat"": 3.314, ""Distance_mm"": 930, ""Interrupt_flag"": 0, ""Node_type"": ""DDS75-LB"", ""Sensor_flag"": 1, ""TempC_DS18B20"": 32.76}"
2025-09-27 04:27:20.039656064+00:00,dds75-lb-12,2,-37,5.75,"{""Bat"": 3.314, ""Distance_mm"": 930, ""Interrupt_flag"": 0, ""Node_type"": ""DDS75-LB"", ""Sensor_flag"": 1, ""TempC_DS18B20"": 32.76}"
2025-09-27 05:27:19.324426543+00:00,dds75-lb-12,2,-41,10.5,"{""Bat"": 3.314, ""Distance_mm"": 929, ""Interrupt_flag"": 0, ""Node_type"": ""DDS75-LB"", ""Sensor_flag"": 1, ""TempC_DS18B20"": 32.76}"
2025-09-27 06:27:18.583593003+00:00,dds75-lb-12,2,-117,-1.0,"{""Bat"": 3.314, ""Distance_mm"": 930, ""Interrupt_flag"": 0, ""Node_type"": ""DDS75-LB"", ""Sensor_flag"": 1, ""TempC_DS18B20"": 32.76}"
2025-09-27 07:27:17.833586528+00:00,dds75-lb-12,2,-115,0.25,"{""Bat"": 3.314, ""Distance_mm"": 930, ""Interrupt_flag"": 0, ""Node_type"": ""DDS75-LB"", ""Sensor_flag"": 1, ""TempC_DS18B20"": 32.76}"
2025-09-27 08:27:17.104139244+00:00,dds75-lb-12,2,-118,-2.0,"{""Bat"": 3.314, ""Distance_mm"": 930, ""Interrupt_flag"": 0, ""Node_type"": ""DDS75-LB"", ""Sensor_flag"": 1, ""TempC_DS18B20"": 32.76}"
2025-09-27 09:27:16.378055980+00:00,dds75-lb-12,2,-39,9.25,"{""Bat"": 3.314, ""Distance_mm"": 930, ""Interrupt_flag"": 0, ""Node_type"": ""DDS75-LB"", ""Sensor_flag"": 1, ""TempC_DS18B20"": 32.76}"
2025-09-27 10:27:15.620823257+00:00,dds75-lb-12,2,-123,-4.5,"{""Bat"": 3.314, ""Distance_mm"": 929, ""Interrupt_flag"": 0, ""Node_type"": ""DDS75-LB"", ""Sensor_flag"": 1, ""TempC_DS18B20"": 32.76}"
2025-09-27 11:27:14.886869895+00:00,dds75-lb-12,2,-38,10.25,"{""Bat"": 3.314, ""Distance_mm"": 930, ""Interrupt_flag"": 0, ""Node_type"": ""DDS75-LB"", ""Sensor_flag"": 1, ""TempC_DS18B20"": 32.76}"
2025-09-27 12:27:14.134317112+00:00,dds75-lb-12,2,-39,7.5,"{""Bat"": 3.314, ""Distance_mm"": 930, ""Interrupt_flag"": 0, ""Node_type"": ""DDS75-LB"", ""Sensor_flag"": 1, ""TempC_DS18B20"": 32.76}"
2025-09-27 13:27:13.413844849+00:00,dds75-lb-12,2,-116,0.5,"{""Bat"": 3.314, ""Distance_mm"": 930, ""Interrupt_flag"": 0, ""Node_type"": ""DDS75-LB"", ""Sensor_flag"": 1, ""TempC_DS18B20"": 32.76}"
2025-09-27 14:27:12.686658483+00:00,dds75-lb-12,2,-41,9.5,"{""Bat"": 3.314, ""Distance_mm"": 930, ""Interrupt_flag"": 0, ""Node_type"": ""DDS75-LB"", ""Sensor_flag"": 1, ""TempC_DS18B20"": 32.76}"
2025-09-27 15:27:11.947770565+00:00,dds75-lb-12,2,-41,7.5,"{""Bat"": 3.314, ""Distance_mm"": 881, ""Interrupt_flag"": 0, ""Node_type"": ""DDS75-LB"", ""Sensor_flag"": 1, ""TempC_DS18B20"": 32.76}"
2025-09-27 16:27:11.207796901+00:00,dds75-lb-12,2,-36,9.0,"{""Bat"": 3.314, ""Distance_mm"": 930, ""Interrupt_flag"": 0, ""Node_type"": ""DDS75-LB"", ""Sensor_flag"": 1, ""TempC_DS18B20"": 32.76}"
2025-09-27 17:27:10.462703817+00:00,dds75-lb-12,2,-41,9.25,"{""Bat"": 3.314, ""Distance_mm"": 930, ""Interrupt_flag"": 0, ""Node_type"": ""DDS75-LB"", ""Sensor_flag"": 1, ""TempC_DS18B20"": 32.76}"
2025-09-27 18:27:09.735043763+00:00,dds75-lb-12,2,-39,6.25,"{""Bat"": 3.314, ""Distance_mm"": 930, ""Interrupt_flag"": 0, ""Node_type"": ""DDS75-LB"", ""Sensor_flag"": 1, ""TempC_DS18B20"": 32.76}"
2025-09-27 19:27:09.014093579+00:00,dds75-lb-12,2,-120,-4.5,"{""Bat"": 3.314, ""Distance_mm"": 930, ""Interrupt_flag"": 0, ""Node_type"": ""DDS75-LB"", ""Sensor_flag"": 1, ""TempC_DS18B20"": 32.76}"
2025-09-27 20:27:08.263249691+00:00,dds75-lb-12,2,-114,2.25,"{""Bat"": 3.314, ""Distance_mm"": 930, ""Interrupt_flag"": 0, ""Node_type"": ""DDS75-LB"", ""Sensor_flag"": 1, ""TempC_DS18B20"": 32.76}"
2025-09-27 21:27:07.531534772+00:00,dds75-lb-12,2,-39,10.5,"{""Bat"": 3.314, ""Distance_mm"": 930, ""Interrupt_flag"": 0, ""Node_type"": ""DDS75-LB"", ""Sensor_flag"": 1, ""TempC_DS18B20"": 32.76}"
2025-09-27 22:27:06.787626705+00:00,dds75-lb-12,2,-41,9.25,"{""Bat"": 3.314, ""Distance_mm"": 930, ""Interrupt_flag"": 0, ""Node_type"": ""DDS75-LB"", ""Sensor_flag"": 1, ""TempC_DS18B20"": 32.76}"
2025-09-27 23:27:06.056778260+00:00,dds75-lb-12,2,-39,7.75,"{""Bat"": 3.314, ""Distance_mm"": 930, ""Interrupt_flag"": 0, ""Node_type"": ""DDS75-LB"", ""Sensor_flag"": 1, ""TempC_DS18B20"": 32.76}"
2025-09-28 00:27:05.321935558+00:00,dds75-lb-12,2,-39,10.25,"{""Bat"": 3.314, ""Distance_mm"": 930, ""Interrupt_flag"": 0, ""Node_type"": ""DDS75-LB"", ""Sensor_flag"": 1, ""TempC_DS18B20"": 32.76}"
2025-09-28 01:27:04.589649280+00:00,dds75-lb-12,2,-39,9.0,"{""Bat"": 3.314, ""Distance_mm"": 930, ""Interrupt_flag"": 0, ""Node_type"": ""DDS75-LB"", ""Sensor_flag"": 1, ""TempC_DS18B20"": 32.76}"
2025-09-28 02:27:03.841974722+00:00,dds75-lb-12,2,-43,7.0,"{""Bat"": 3.314, ""Distance_mm"": 929, ""Interrupt_flag"": 0, ""Node_type"": ""DDS75-LB"", ""Sensor_flag"": 1, ""TempC_DS18B20"": 32.76}"
2025-09-28 03:27:03.106017868+00:00,dds75-lb-12,2,-39,7.5,"{""Bat"": 3.314, ""Distance_mm"": 930, ""Interrupt_flag"": 0, ""Node_type"": ""DDS75-LB"", ""Sensor_flag"": 1, ""TempC_DS18B20"": 32.76}"
2025-09-28 04:27:02.373259680+00:00,dds75-lb-12,2,-115,0.75,"{""Bat"": 3.314, ""Distance_mm"": 930, ""Interrupt_flag"": 0, ""Node_type"": ""DDS75-LB"", ""Sensor_flag"": 1, ""TempC_DS18B20"": 32.76}"
2025-09-28 05:27:01.634633697+00:00,dds75-lb-12,2,-41,10.0,"{""Bat"": 3.314, ""Distance_mm"": 930, ""Interrupt_flag"": 0, ""Node_type"": ""DDS75-LB"", ""Sensor_flag"": 1, ""TempC_DS18B20"": 32.76}"
2025-09-28 06:27:00.916740319+00:00,dds75-lb-12,2,-39,9.0,"{""Bat"": 3.314, ""Distance_mm"": 930, ""Interrupt_flag"": 0, ""Node_type"": ""DDS75-LB"", ""Sensor_flag"": 1, ""TempC_DS18B20"": 32.76}"
2025-09-28 07:27:00.178810738+00:00,dds75-lb-12,2,-39,7.75,"{""Bat"": 3.314, ""Distance_mm"": 930, ""Interrupt_flag"": 0, ""Node_type"": ""DDS75-LB"", ""Sensor_flag"": 1, ""TempC_DS18B20"": 32.76}"
2025-09-28 08:26:59.464966314+00:00,dds75-lb-12,2,-38,9.0,"{""Bat"": 3.314, ""Distance_mm"": 930, ""Interrupt_flag"": 0, ""Node_type"": ""DDS75-LB"", ""Sensor_flag"": 1, ""TempC_DS18B20"": 32.76}"
2025-09-28 09:26:58.701622070+00:00,dds75-lb-12,2,-118,-2.25,"{""Bat"": 3.314, ""Distance_mm"": 930, ""Interrupt_flag"": 0, ""Node_type"": ""DDS75-LB"", ""Sensor_flag"": 1, ""TempC_DS18B20"": 32.76}"
2025-09-28 10:26:57.994019655+00:00,dds75-lb-12,2,-37,7.25,"{""Bat"": 3.314, ""Distance_mm"": 930, ""Interrupt_flag"": 0, ""Node_type"": ""DDS75-LB"", ""Sensor_flag"": 1, ""TempC_DS18B20"": 32.76}"
2025-09-28 11:26:57.256694974+00:00,dds75-lb-12,2,-38,8.25,"{""Bat"": 3.314, ""Distance_mm"": 930, ""Interrupt_flag"": 0, ""Node_type"": ""DDS75-LB"", ""Sensor_flag"": 1, ""TempC_DS18B20"": 32.76}"
2025-09-28 12:26:56.500109026+00:00,dds75-lb-12,2,-114,1.75,"{""Bat"": 3.314, ""Distance_mm"": 930, ""Interrupt_flag"": 0, ""Node_type"": ""DDS75-LB"", ""Sensor_flag"": 1, ""TempC_DS18B20"": 32.76}"
2025-09-28 13:26:55.764979189+00:00,dds75-lb-12,2,-41,10.25,"{""Bat"": 3.314, ""Distance_mm"": 930, ""Interrupt_flag"": 0, ""Node_type"": ""DDS75-LB"", ""Sensor_flag"": 1, ""TempC_DS18B20"": 32.76}"
2025-09-28 14:26:55.032872184+00:00,dds75-lb-12,2,-41,7.5,"{""Bat"": 3.314, ""Distance_mm"": 930, ""Interrupt_flag"": 0, ""Node_type"": ""DDS75-LB"", ""Sensor_flag"": 1, ""TempC_DS18B20"": 32.76}"
2025-09-28 15:26:54.302538899+00:00,dds75-lb-12,2,-39,9.5,"{""Bat"": 3.314, ""Distance_mm"": 930, ""Interrupt_flag"": 0, ""Node_type"": ""DDS75-LB"", ""Sensor_flag"": 1, ""TempC_DS18B20"": 32.76}"
2025-09-28 16:26:53.574462317+00:00,dds75-lb-12,2,-39,9.25,"{""Bat"": 3.314, ""Distance_mm"": 930, ""Interrupt_flag"": 0, ""Node_type"": ""DDS75-LB"", ""Sensor_flag"": 1, ""TempC_DS18B20"": 32.76}"
2025-09-28 17:26:52.829138518+00:00,dds75-lb-12,2,-39,8.0,"{""Bat"": 3.314, ""Distance_mm"": 930, ""Interrupt_flag"": 0, ""Node_type"": ""DDS75-LB"", ""Sensor_flag"": 1, ""TempC_DS18B20"": 32.76}"
2025-09-28 18:26:52.083618960+00:00,dds75-lb-12,2,-39,7.5,"{""Bat"": 3.314, ""Distance_mm"": 930, ""Interrupt_flag"": 0, ""Node_type"": ""DDS75-LB"", ""Sensor_flag"": 1, ""TempC_DS18B20"": 32.76}"
2025-09-28 19:26:51.351304481+00:00,dds75-lb-12,2,-41,8.0,"{""Bat"": 3.314, ""Distance_mm"": 930, ""Interrupt_flag"": 0, ""Node_type"": ""DDS75-LB"", ""Sensor_flag"": 1, ""TempC_DS18B20"": 32.76}"
2025-09-28 20:26:50.614910150+00:00,dds75-lb-12,2,-116,-2.0,"{""Bat"": 3.314, ""Distance_mm"": 930, ""Interrupt_flag"": 0, ""Node_type"": ""DDS75-LB"", ""Sensor_flag"": 1, ""TempC_DS18B20"": 32.76}"
2025-09-28 21:26:49.872693269+00:00,dds75-lb-12,2,-41,10.5,"{""Bat"": 3.314, ""Distance_mm"": 930, ""Interrupt_flag"": 0, ""Node_type"": ""DDS75-LB"", ""Sensor_flag"": 1, ""TempC_DS18B20"": 32.76}"
2025-09-28 22:26:49.134220141+00:00,dds75-lb-12,2,-112,2.5,"{""Bat"": 3.314, ""Distance_mm"": 930, ""Interrupt_flag"": 0, ""Node_type"": ""DDS75-LB"", ""Sensor_flag"": 1, ""TempC_DS18B20"": 32.76}"
2025-09-28 23:26:48.394581707+00:00,dds75-lb-12,2,-41,10.25,"{""Bat"": 3.314, ""Distance_mm"": 930, ""Interrupt_flag"": 0, ""Node_type"": ""DDS75-LB"", ""Sensor_flag"": 1, ""TempC_DS18B20"": 32.76}"
2025-09-29 00:26:47.666767223+00:00,dds75-lb-12,2,-38,9.0,"{""Bat"": 3.314, ""Distance_mm"": 930, ""Interrupt_flag"": 0, ""Node_type"": ""DDS75-LB"", ""Sensor_flag"": 1, ""TempC_DS18B20"": 32.76}"
2025-09-29 01:26:46.926761680+00:00,dds75-lb-12,2,-38,8.75,"{""Bat"": 3.314, ""Distance_mm"": 930, ""Interrupt_flag"": 0, ""Node_type"": ""DDS75-LB"", ""Sensor_flag"": 1, ""TempC_DS18B20"": 32.76}"
2025-09-29 02:26:46.203679164+00:00,dds75-lb-12,2,-39,7.5,"{""Bat"": 3.314, ""Distance_mm"": 930, ""Interrupt_flag"": 0, ""Node_type"": ""DDS75-LB"", ""Sensor_flag"": 1, ""TempC_DS18B20"": 32.76}"
2025-09-29 03:26:45.455771359+00:00,dds75-lb-12,2,-41,9.75,"{""Bat"": 3.314, ""Distance_mm"": 930, ""Interrupt_flag"": 0, ""Node_type"": ""DDS75-LB"", ""Sensor_flag"": 1, ""TempC_DS18B20"": 32.76}"
2025-09-29 04:26:44.726692415+00:00,dds75-lb-12,2,-116,0.5,"{""Bat"": 3.314, ""Distance_mm"": 930, ""Interrupt_flag"": 0, ""Node_type"": ""DDS75-LB"", ""Sensor_flag"": 1, ""TempC_DS18B20"": 32.76}"
2025-09-29 05:26:43.997227046+00:00,dds75-lb-12,2,-111,-4.25,"{""Bat"": 3.314, ""Distance_mm"": 930, ""Interrupt_flag"": 0, ""Node_type"": ""DDS75-LB"", ""Sensor_flag"": 1, ""TempC_DS18B20"": 32.76}"
2025-09-29 06:26:43.253464390+00:00,dds75-lb-12,2,-39,7.0,"{""Bat"": 3.314, ""Distance_mm"": 931, ""Interrupt_flag"": 0, ""Node_type"": ""DDS75-LB"", ""Sensor_flag"": 1, ""TempC_DS18B20"": 32.76}"
2025-09-29 07:26:42.493808285+00:00,dds75-lb-12,2,-39,9.5,"{""Bat"": 3.314, ""Distance_mm"": 931, ""Interrupt_flag"": 0, ""Node_type"": ""DDS75-LB"", ""Sensor_flag"": 1, ""TempC_DS18B20"": 32.76}"
2025-09-29 08:26:41.777214696+00:00,dds75-lb-12,2,-115,1.25,"{""Bat"": 3.314, ""Distance_mm"": 931, ""Interrupt_flag"": 0, ""Node_type"": ""DDS75-LB"", ""Sensor_flag"": 1, ""TempC_DS18B20"": 32.76}"
2025-09-29 09:26:41.028519766+00:00,dds75-lb-12,2,-41,9.5,"{""Bat"": 3.314, ""Distance_mm"": 931, ""Interrupt_flag"": 0, ""Node_type"": ""DDS75-LB"", ""Sensor_flag"": 1, ""TempC_DS18B20"": 32.76}"
2025-09-29 10:26:40.308938529+00:00,dds75-lb-12,2,-38,6.75,"{""Bat"": 3.314, ""Distance_mm"": 931, ""Interrupt_flag"": 0, ""Node_type"": ""DDS75-LB"", ""Sensor_flag"": 1, ""TempC_DS18B20"": 32.76}"
2025-09-29 11:26:39.556206523+00:00,dds75-lb-12,2,-41,8.75,"{""Bat"": 3.314, ""Distance_mm"": 930, ""Interrupt_flag"": 0, ""Node_type"": ""DDS75-LB"", ""Sensor_flag"": 1, ""TempC_DS18B20"": 32.76}"
2025-09-29 12:26:38.832494007+00:00,dds75-lb-12,2,-119,-3.0,"{""Bat"": 3.314, ""Distance_mm"": 931, ""Interrupt_flag"": 0, ""Node_type"": ""DDS75-LB"", ""Sensor_flag"": 1, ""TempC_DS18B20"": 32.76}"
2025-09-29 13:26:38.093691644+00:00,dds75-lb-12,2,-39,8.5,"{""Bat"": 3.314, ""Distance_mm"": 931, ""Interrupt_flag"": 0, ""Node_type"": ""DDS75-LB"", ""Sensor_flag"": 1, ""TempC_DS18B20"": 32.76}"
2025-09-29 14:26:37.352805157+00:00,dds75-lb-12,2,-118,-3.0,"{""Bat"": 3.314, ""Distance_mm"": 930, ""Interrupt_flag"": 0, ""Node_type"": ""DDS75-LB"", ""Sensor_flag"": 1, ""TempC_DS18B20"": 32.76}"
2025-09-29 15:26:36.613896550+00:00,dds75-lb-12,2,-43,10.75,"{""Bat"": 3.314, ""Distance_mm"": 931, ""Interrupt_flag"": 0, ""Node_type"": ""DDS75-LB"", ""Sensor_flag"": 1, ""TempC_DS18B20"": 32.76}"
2025-09-29 16:26:35.870492638+00:00,dds75-lb-12,2,-39,8.25,"{""Bat"": 3.314, ""Distance_mm"": 931, ""Interrupt_flag"": 0, ""Node_type"": ""DDS75-LB"", ""Sensor_flag"": 1, ""TempC_DS18B20"": 32.76}"
2025-09-29 17:26:35.134973353+00:00,dds75-lb-12,2,-117,-1.5,"{""Bat"": 3.314, ""Distance_mm"": 931, ""Interrupt_flag"": 0, ""Node_type"": ""DDS75-LB"", ""Sensor_flag"": 1, ""TempC_DS18B20"": 32.76}"
2025-09-29 18:26:34.395591920+00:00,dds75-lb-12,2,-120,-4.75,"{""Bat"": 3.314, ""Distance_mm"": 931, ""Interrupt_flag"": 0, ""Node_type"": ""DDS75-LB"", ""Sensor_flag"": 1, ""TempC_DS18B20"": 32.76}"
2025-09-29 19:26:33.664385787+00:00,dds75-lb-12,2,-39,9.25,"{""Bat"": 3.314, ""Distance_mm"": 931, ""Interrupt_flag"": 0, ""Node_type"": ""DDS75-LB"", ""Sensor_flag"": 1, ""TempC_DS18B20"": 32.76}"
2025-09-29 20:26:32.910739641+00:00,dds75-lb-12,2,-41,11.5,"{""Bat"": 3.314, ""Distance_mm"": 930, ""Interrupt_flag"": 0, ""Node_type"": ""DDS75-LB"", ""Sensor_flag"": 1, ""TempC_DS18B20"": 32.76}"
2025-09-29 21:26:32.161963037+00:00,dds75-lb-12,2,-39,7.75,"{""Bat"": 3.314, ""Distance_mm"": 930, ""Interrupt_flag"": 0, ""Node_type"": ""DDS75-LB"", ""Sensor_flag"": 1, ""TempC_DS18B20"": 32.76}"
2025-09-29 22:26:31.432729955+00:00,dds75-lb-12,2,-37,8.75,"{""Bat"": 3.314, ""Distance_mm"": 930, ""Interrupt_flag"": 0, ""Node_type"": ""DDS75-LB"", ""Sensor_flag"": 1, ""TempC_DS18B20"": 32.76}"
2025-09-29 23:26:30.710353271+00:00,dds75-lb-12,2,-37,8.75,"{""Bat"": 3.314, ""Distance_mm"": 930, ""Interrupt_flag"": 0, ""Node_type"": ""DDS75-LB"", ""Sensor_flag"": 1, ""TempC_DS18B20"": 32.76}"
2025-09-30 00:26:29.968085329+00:00,dds75-lb-12,2,-119,-3.25,"{""Bat"": 3.314, ""Distance_mm"": 930, ""Interrupt_flag"": 0, ""Node_type"": ""DDS75-LB"", ""Sensor_flag"": 1, ""TempC_DS18B20"": 32.76}"
2025-09-30 01:26:29.235506582+00:00,dds75-lb-12,2,-123,-8.25,"{""Bat"": 3.314, ""Distance_mm"": 930, ""Interrupt_flag"": 0, ""Node_type"": ""DDS75-LB"", ""Sensor_flag"": 1, ""TempC_DS18B20"": 32.76}"
2025-09-30 02:26:28.503265708+00:00,dds75-lb-12,2,-41,9.5,"{""Bat"": 3.314, ""Distance_mm"": 930, ""Interrupt_flag"": 0, ""Node_type"": ""DDS75-LB"", ""Sensor_flag"": 1, ""TempC_DS18B20"": 32.76}"
2025-09-30 03:26:27.736486873+00:00,dds75-lb-12,2,-118,-1.5,"{""Bat"": 3.314, ""Distance_mm"": 930, ""Interrupt_flag"": 0, ""Node_type"": ""DDS75-LB"", ""Sensor_flag"": 1, ""TempC_DS18B20"": 32.76}"
2025-09-30 04:26:27.008871809+00:00,dds75-lb-12,2,-115,1.25,"{""Bat"": 3.314, ""Distance_mm"": 930, ""Interrupt_flag"": 0, ""Node_type"": ""DDS75-LB"", ""Sensor_flag"": 1, ""TempC_DS18B20"": 32.76}"
2025-09-30 05:26:26.281853832+00:00,dds75-lb-12,2,-114,1.0,"{""Bat"": 3.314, ""Distance_mm"": 930, ""Interrupt_flag"": 0, ""Node_type"": ""DDS75-LB"", ""Sensor_flag"": 1, ""TempC_DS18B20"": 32.76}"
2025-09-30 06:26:25.541764270+00:00,dds75-lb-12,2,-39,9.75,"{""Bat"": 3.314, ""Distance_mm"": 931, ""Interrupt_flag"": 0, ""Node_type"": ""DDS75-LB"", ""Sensor_flag"": 1, ""TempC_DS18B20"": 32.76}"
2025-09-30 07:26:24.803430183+00:00,dds75-lb-12,2,-43,10.5,"{""Bat"": 3.314, ""Distance_mm"": 931, ""Interrupt_flag"": 0, ""Node_type"": ""DDS75-LB"", ""Sensor_flag"": 1, ""TempC_DS18B20"": 32.76}"
2025-09-30 08:26:24.081214351+00:00,dds75-lb-12,2,-39,7.25,"{""Bat"": 3.314, ""Distance_mm"": 931, ""Interrupt_flag"": 0, ""Node_type"": ""DDS75-LB"", ""Sensor_flag"": 1, ""TempC_DS18B20"": 32.76}"
2025-09-30 09:26:23.335862357+00:00,dds75-lb-12,2,-38,6.75,"{""Bat"": 3.314, ""Distance_mm"": 930, ""Interrupt_flag"": 0, ""Node_type"": ""DDS75-LB"", ""Sensor_flag"": 1, ""TempC_DS18B20"": 32.76}"
2025-09-30 10:26:22.592414330+00:00,dds75-lb-12,2,-38,8.25,"{""Bat"": 3.314, ""Distance_mm"": 931, ""Interrupt_flag"": 0, ""Node_type"": ""DDS75-LB"", ""Sensor_flag"": 1, ""TempC_DS18B20"": 32.76}"
2025-09-30 11:26:21.844490344+00:00,dds75-lb-12,2,-113,2.75,"{""Bat"": 3.314, ""Distance_mm"": 931, ""Interrupt_flag"": 0, ""Node_type"": ""DDS75-LB"", ""Sensor_flag"": 1, ""TempC_DS18B20"": 32.76}"
2025-09-30 12:26:21.121571674+00:00,dds75-lb-12,2,-41,9.5,"{""Bat"": 3.314, ""Distance_mm"": 931, ""Interrupt_flag"": 0, ""Node_type"": ""DDS75-LB"", ""Sensor_flag"": 1, ""TempC_DS18B20"": 32.76}"
2025-09-30 13:26:20.382101664+00:00,dds75-lb-12,2,-43,9.25,"{""Bat"": 3.314, ""Distance_mm"": 930, ""Interrupt_flag"": 0, ""Node_type"": ""DDS75-LB"", ""Sensor_flag"": 1, ""TempC_DS18B20"": 32.76}"
2025-09-30 14:26:19.646637458+00:00,dds75-lb-12,2,-43,9.75,"{""Bat"": 3.314, ""Distance_mm"": 931, ""Interrupt_flag"": 0, ""Node_type"": ""DDS75-LB"", ""Sensor_flag"": 1, ""TempC_DS18B20"": 32.76}"
2025-09-30 15:26:18.893139669+00:00,dds75-lb-12,2,-39,8.0,"{""Bat"": 3.314, ""Distance_mm"": 931, ""Interrupt_flag"": 0, ""Node_type"": ""DDS75-LB"", ""Sensor_flag"": 1, ""TempC_DS18B20"": 32.76}"
2025-09-30 16:26:18.146451417+00:00,dds75-lb-12,2,-43,11.0,"{""Bat"": 3.314, ""Distance_mm"": 931, ""Interrupt_flag"": 0, ""Node_type"": ""DDS75-LB"", ""Sensor_flag"": 1, ""TempC_DS18B20"": 32.76}"
2025-09-30 17:26:17.429210359+00:00,dds75-lb-12,2,-39,9.5,"{""Bat"": 3.314, ""Distance_mm"": 930, ""Interrupt_flag"": 0, ""Node_type"": ""DDS75-LB"", ""Sensor_flag"": 1, ""TempC_DS18B20"": 32.76}"
2025-09-30 18:26:16.661999697+00:00,dds75-lb-12,2,-43,9.5,"{""Bat"": 3.314, ""Distance_mm"": 930, ""Interrupt_flag"": 0, ""Node_type"": ""DDS75-LB"", ""Sensor_flag"": 1, ""TempC_DS18B20"": 32.76}"
2025-09-30 19:26:15.955269674+00:00,dds75-lb-12,2,-41,8.0,"{""Bat"": 3.314, ""Distance_mm"": 931, ""Interrupt_flag"": 0, ""Node_type"": ""DDS75-LB"", ""Sensor_flag"": 1, ""TempC_DS18B20"": 32.76}"
2025-09-30 20:26:15.201491772+00:00,dds75-lb-12,2,-122,-5.75,"{""Bat"": 3.314, ""Distance_mm"": 930, ""Interrupt_flag"": 0, ""Node_type"": ""DDS75-LB"", ""Sensor_flag"": 1, ""TempC_DS18B20"": 32.76}"
2025-09-30 21:26:14.456528344+00:00,dds75-lb-12,2,-117,-1.0,"{""Bat"": 3.314, ""Distance_mm"": 930, ""Interrupt_flag"": 0, ""Node_type"": ""DDS75-LB"", ""Sensor_flag"": 1, ""TempC_DS18B20"": 32.76}"
2025-09-30 22:26:13.713479110+00:00,dds75-lb-12,2,-41,7.75,"{""Bat"": 3.314, ""Distance_mm"": 930, ""Interrupt_flag"": 0, ""Node_type"": ""DDS75-LB"", ""Sensor_flag"": 1, ""TempC_DS18B20"": 32.76}"
2025-09-30 23:26:12.989369429+00:00,dds75-lb-12,2,-124,-7.75,"{""Bat"": 3.314, ""Distance_mm"": 930, ""Interrupt_flag"": 0, ""Node_type"": ""DDS75-LB"", ""Sensor_flag"": 1, ""TempC_DS18B20"": 32.76}"
2025-10-01 00:26:12.247646276+00:00,dds75-lb-12,2,-117,-0.5,"{""Bat"": 3.314, ""Distance_mm"": 930, ""Interrupt_flag"": 0, ""Node_type"": ""DDS75-LB"", ""Sensor_flag"": 1, ""TempC_DS18B20"": 32.76}"
2025-10-01 01:26:11.511948699+00:00,dds75-lb-12,2,-114,1.0,"{""Bat"": 3.314, ""Distance_mm"": 931, ""Interrupt_flag"": 0, ""Node_type"": ""DDS75-LB"", ""Sensor_flag"": 1, ""TempC_DS18B20"": 32.76}"
2025-10-01 02:26:10.771156493+00:00,dds75-lb-12,2,-115,2.0,"{""Bat"": 3.314, ""Distance_mm"": 930, ""Interrupt_flag"": 0, ""Node_type"": ""DDS75-LB"", ""Sensor_flag"": 1, ""TempC_DS18B20"": 32.76}"
2025-10-01 03:26:10.038231098+00:00,dds75-lb-12,2,-39,9.5,"{""Bat"": 3.314, ""Distance_mm"": 930, ""Interrupt_flag"": 0, ""Node_type"": ""DDS75-LB"", ""Sensor_flag"": 1, ""TempC_DS18B20"": 32.76}"
2025-10-01 04:26:09.293724590+00:00,dds75-lb-12,2,-120,-4.25,"{""Bat"": 3.314, ""Distance_mm"": 931, ""Interrupt_flag"": 0, ""Node_type"": ""DDS75-LB"", ""Sensor_flag"": 1, ""TempC_DS18B20"": 32.76}"
2025-10-01 05:26:08.566463925+00:00,dds75-lb-12,2,-41,9.25,"{""Bat"": 3.314, ""Distance_mm"": 930, ""Interrupt_flag"": 0, ""Node_type"": ""DDS75-LB"", ""Sensor_flag"": 1, ""TempC_DS18B20"": 32.76}"
2025-10-01 06:26:07.819649058+00:00,dds75-lb-12,2,-41,6.75,"{""Bat"": 3.314, ""Distance_mm"": 930, ""Interrupt_flag"": 0, ""Node_type"": ""DDS75-LB"", ""Sensor_flag"": 1, ""TempC_DS18B20"": 32.76}"
2025-10-01 07:26:07.088217864+00:00,dds75-lb-12,2,-38,9.0,"{""Bat"": 3.314, ""Distance_mm"": 931, ""Interrupt_flag"": 0, ""Node_type"": ""DDS75-LB"", ""Sensor_flag"": 1, ""TempC_DS18B20"": 32.76}"
2025-10-01 08:26:06.345439243+00:00,dds75-lb-12,2,-44,8.25,"{""Bat"": 3.314, ""Distance_mm"": 931, ""Interrupt_flag"": 0, ""Node_type"": ""DDS75-LB"", ""Sensor_flag"": 1, ""TempC_DS18B20"": 32.76}"
2025-10-01 09:26:05.594567746+00:00,dds75-lb-12,2,-44,10.25,"{""Bat"": 3.314, ""Distance_mm"": 930, ""Interrupt_flag"": 0, ""Node_type"": ""DDS75-LB"", ""Sensor_flag"": 1, ""TempC_DS18B20"": 32.76}"
2025-10-01 10:26:04.883461215+00:00,dds75-lb-12,2,-47,8.75,"{""Bat"": 3.314, ""Distance_mm"": 930, ""Interrupt_flag"": 0, ""Node_type"": ""DDS75-LB"", ""Sensor_flag"": 1, ""TempC_DS18B20"": 32.76}"
2025-10-01 11:26:04.134799238+00:00,dds75-lb-12,2,-118,-4.25,"{""Bat"": 3.314, ""Distance_mm"": 930, ""Interrupt_flag"": 0, ""Node_type"": ""DDS75-LB"", ""Sensor_flag"": 1, ""TempC_DS18B20"": 32.76}"
2025-10-01 12:26:03.396208285+00:00,dds75-lb-12,2,-44,9.5,"{""Bat"": 3.314, ""Distance_mm"": 930, ""Interrupt_flag"": 0, ""Node_type"": ""DDS75-LB"", ""Sensor_flag"": 1, ""TempC_DS18B20"": 32.76}"
2025-10-01 13:26:02.659277015+00:00,dds75-lb-12,2,-47,9.25,"{""Bat"": 3.314, ""Distance_mm"": 931, ""Interrupt_flag"": 0, ""Node_type"": ""DDS75-LB"", ""Sensor_flag"": 1, ""TempC_DS18B20"": 32.76}"
2025-10-01 14:26:01.917146725+00:00,dds75-lb-12,2,-41,7.25,"{""Bat"": 3.314, ""Distance_mm"": 931, ""Interrupt_flag"": 0, ""Node_type"": ""DDS75-LB"", ""Sensor_flag"": 1, ""TempC_DS18B20"": 32.76}"
2025-10-01 15:26:01.203215564+00:00,dds75-lb-12,2,-43,6.75,"{""Bat"": 3.314, ""Distance_mm"": 931, ""Interrupt_flag"": 0, ""Node_type"": ""DDS75-LB"", ""Sensor_flag"": 1, ""TempC_DS18B20"": 32.76}"
2025-10-01 16:26:00.451322902+00:00,dds75-lb-12,2,-47,10.25,"{""Bat"": 3.314, ""Distance_mm"": 930, ""Interrupt_flag"": 0, ""Node_type"": ""DDS75-LB"", ""Sensor_flag"": 1, ""TempC_DS18B20"": 32.76}"
2025-10-01 17:25:59.749529019+00:00,dds75-lb-12,2,-118,-2.5,"{""Bat"": 3.314, ""Distance_mm"": 930, ""Interrupt_flag"": 0, ""Node_type"": ""DDS75-LB"", ""Sensor_flag"": 1, ""TempC_DS18B20"": 32.76}"
2025-10-01 18:25:58.996906417+00:00,dds75-lb-12,2,-47,10.75,"{""Bat"": 3.314, ""Distance_mm"": 930, ""Interrupt_flag"": 0, ""Node_type"": ""DDS75-LB"", ""Sensor_flag"": 1, ""TempC_DS18B20"": 32.76}"
2025-10-01 19:25:58.247870565+00:00,dds75-lb-12,2,-42,9.25,"{""Bat"": 3.314, ""Distance_mm"": 931, ""Interrupt_flag"": 0, ""Node_type"": ""DDS75-LB"", ""Sensor_flag"": 1, ""TempC_DS18B20"": 32.76}"
2025-10-01 20:25:57.516507415+00:00,dds75-lb-12,2,-47,9.75,"{""Bat"": 3.314, ""Distance_mm"": 930, ""Interrupt_flag"": 0, ""Node_type"": ""DDS75-LB"", ""Sensor_flag"": 1, ""TempC_DS18B20"": 32.76}"
2025-10-01 21:25:56.781759302+00:00,dds75-lb-12,2,-42,7.75,"{""Bat"": 3.314, ""Distance_mm"": 930, ""Interrupt_flag"": 0, ""Node_type"": ""DDS75-LB"", ""Sensor_flag"": 1, ""TempC_DS18B20"": 32.76}"
2025-10-01 22:25:56.043726174+00:00,dds75-lb-12,2,-44,9.5,"{""Bat"": 3.314, ""Distance_mm"": 930, ""Interrupt_flag"": 0, ""Node_type"": ""DDS75-LB"", ""Sensor_flag"": 1, ""TempC_DS18B20"": 32.76}"
2025-10-01 23:25:55.311704549+00:00,dds75-lb-12,2,-45,9.75,"{""Bat"": 3.314, ""Distance_mm"": 930, ""Interrupt_flag"": 0, ""Node_type"": ""DDS75-LB"", ""Sensor_flag"": 1, ""TempC_DS18B20"": 32.76}"
2025-10-02 00:25:54.560713811+00:00,dds75-lb-12,2,-116,-0.5,"{""Bat"": 3.314, ""Distance_mm"": 931, ""Interrupt_flag"": 0, ""Node_type"": ""DDS75-LB"", ""Sensor_flag"": 1, ""TempC_DS18B20"": 32.76}"
2025-10-02 01:25:53.825063924+00:00,dds75-lb-12,2,-43,9.0,"{""Bat"": 3.314, ""Distance_mm"": 930, ""Interrupt_flag"": 0, ""Node_type"": ""DDS75-LB"", ""Sensor_flag"": 1, ""TempC_DS18B20"": 32.76}"
2025-10-02 02:25:53.111741559+00:00,dds75-lb-12,2,-44,9.0,"{""Bat"": 3.314, ""Distance_mm"": 930, ""Interrupt_flag"": 0, ""Node_type"": ""DDS75-LB"", ""Sensor_flag"": 1, ""TempC_DS18B20"": 32.76}"
2025-10-02 03:25:52.367146066+00:00,dds75-lb-12,2,-45,8.5,"{""Bat"": 3.314, ""Distance_mm"": 931, ""Interrupt_flag"": 0, ""Node_type"": ""DDS75-LB"", ""Sensor_flag"": 1, ""TempC_DS18B20"": 32.76}"
2025-10-02 04:25:51.643690346+00:00,dds75-lb-12,2,-45,10.75,"{""Bat"": 3.314, ""Distance_mm"": 930, ""Interrupt_flag"": 0, ""Node_type"": ""DDS75-LB"", ""Sensor_flag"": 1, ""TempC_DS18B20"": 32.76}"
2025-10-02 05:25:50.893707495+00:00,dds75-lb-12,2,-41,10.75,"{""Bat"": 3.314, ""Distance_mm"": 930, ""Interrupt_flag"": 0, ""Node_type"": ""DDS75-LB"", ""Sensor_flag"": 1, ""TempC_DS18B20"": 32.76}"
2025-10-02 06:25:50.169977538+00:00,dds75-lb-12,2,-39,7.25,"{""Bat"": 3.314, ""Distance_mm"": 931, ""Interrupt_flag"": 0, ""Node_type"": ""DDS75-LB"", ""Sensor_flag"": 1, ""TempC_DS18B20"": 32.76}"
2025-10-02 07:25:49.427690751+00:00,dds75-lb-12,2,-113,1.5,"{""Bat"": 3.314, ""Distance_mm"": 930, ""Interrupt_flag"": 0, ""Node_type"": ""DDS75-LB"", ""Sensor_flag"": 1, ""TempC_DS18B20"": 32.76}"
2025-10-02 08:25:48.694112979+00:00,dds75-lb-12,2,-41,9.5,"{""Bat"": 3.314, ""Distance_mm"": 930, ""Interrupt_flag"": 0, ""Node_type"": ""DDS75-LB"", ""Sensor_flag"": 1, ""TempC_DS18B20"": 32.76}"
2025-10-02 09:25:47.969433697+00:00,dds75-lb-12,2,-119,-3.75,"{""Bat"": 3.314, ""Distance_mm"": 931, ""Interrupt_flag"": 0, ""Node_type"": ""DDS75-LB"", ""Sensor_flag"": 1, ""TempC_DS18B20"": 32.76}"
2025-10-02 10:25:47.245339580+00:00,dds75-lb-12,2,-43,9.25,"{""Bat"": 3.314, ""Distance_mm"": 930, ""Interrupt_flag"": 0, ""Node_type"": ""DDS75-LB"", ""Sensor_flag"": 1, ""TempC_DS18B20"": 32.76}"
2025-10-02 11:25:46.508997912+00:00,dds75-lb-12,2,-41,9.5,"{""Bat"": 3.314, ""Distance_mm"": 931, ""Interrupt_flag"": 0, ""Node_type"": ""DDS75-LB"", ""Sensor_flag"": 1, ""TempC_DS18B20"": 32.76}"
2025-10-02 12:25:45.790754178+00:00,dds75-lb-12,2,-41,8.75,"{""Bat"": 3.314, ""Distance_mm"": 930, ""Interrupt_flag"": 0, ""Node_type"": ""DDS75-LB"", ""Sensor_flag"": 1, ""TempC_DS18B20"": 32.76}"
2025-10-02 13:25:45.028905306+00:00,dds75-lb-12,2,-110,4.0,"{""Bat"": 3.314, ""Distance_mm"": 930, ""Interrupt_flag"": 0, ""Node_type"": ""DDS75-LB"", ""Sensor_flag"": 1, ""TempC_DS18B20"": 32.76}"
2025-10-02 14:25:44.289107329+00:00,dds75-lb-12,2,-38,8.75,"{""Bat"": 3.314, ""Distance_mm"": 930, ""Interrupt_flag"": 0, ""Node_type"": ""DDS75-LB"", ""Sensor_flag"": 1, ""TempC_DS18B20"": 32.76}"
2025-10-02 15:25:43.548757960+00:00,dds75-lb-12,2,-110,6.0,"{""Bat"": 3.314, ""Distance_mm"": 930, ""Interrupt_flag"": 0, ""Node_type"": ""DDS75-LB"", ""Sensor_flag"": 1, ""TempC_DS18B20"": 32.76}"
2025-10-02 16:25:42.797952171+00:00,dds75-lb-12,2,-119,-6.5,"{""Bat"": 3.314, ""Distance_mm"": 930, ""Interrupt_flag"": 0, ""Node_type"": ""DDS75-LB"", ""Sensor_flag"": 1, ""TempC_DS18B20"": 32.76}"
2025-10-02 17:25:42.083406761+00:00,dds75-lb-12,2,-43,9.75,"{""Bat"": 3.314, ""Distance_mm"": 930, ""Interrupt_flag"": 0, ""Node_type"": ""DDS75-LB"", ""Sensor_flag"": 1, ""TempC_DS18B20"": 32.76}"
2025-10-02 18:25:41.350244302+00:00,dds75-lb-12,2,-39,9.0,"{""Bat"": 3.314, ""Distance_mm"": 930, ""Interrupt_flag"": 0, ""Node_type"": ""DDS75-LB"", ""Sensor_flag"": 1, ""TempC_DS18B20"": 32.76}"
2025-10-02 19:25:40.640345864+00:00,dds75-lb-12,2,-43,11.25,"{""Bat"": 3.314, ""Distance_mm"": 931, ""Interrupt_flag"": 0, ""Node_type"": ""DDS75-LB"", ""Sensor_flag"": 1, ""TempC_DS18B20"": 32.76}"
2025-10-02 20:25:39.880079776+00:00,dds75-lb-12,2,-39,9.5,"{""Bat"": 3.314, ""Distance_mm"": 930, ""Interrupt_flag"": 0, ""Node_type"": ""DDS75-LB"", ""Sensor_flag"": 1, ""TempC_DS18B20"": 32.76}"
2025-10-02 21:25:39.142246729+00:00,dds75-lb-12,2,-38,9.25,"{""Bat"": 3.314, ""Distance_mm"": 931, ""Interrupt_flag"": 0, ""Node_type"": ""DDS75-LB"", ""Sensor_flag"": 1, ""TempC_DS18B20"": 32.76}"
2025-10-02 22:25:38.433162451+00:00,dds75-lb-12,2,-41,9.25,"{""Bat"": 3.314, ""Distance_mm"": 930, ""Interrupt_flag"": 0, ""Node_type"": ""DDS75-LB"", ""Sensor_flag"": 1, ""TempC_DS18B20"": 32.76}"
2025-10-02 23:25:37.680496667+00:00,dds75-lb-12,2,-39,9.25,"{""Bat"": 3.314, ""Distance_mm"": 930, ""Interrupt_flag"": 0, ""Node_type"": ""DDS75-LB"", ""Sensor_flag"": 1, ""TempC_DS18B20"": 32.76}"
2025-10-03 00:25:36.947666061+00:00,dds75-lb-12,2,-111,3.25,"{""Bat"": 3.314, ""Distance_mm"": 930, ""Interrupt_flag"": 0, ""Node_type"": ""DDS75-LB"", ""Sensor_flag"": 1, ""TempC_DS18B20"": 32.76}"
2025-10-03 01:25:36.236835187+00:00,dds75-lb-12,2,-41,7.5,"{""Bat"": 3.314, ""Distance_mm"": 931, ""Interrupt_flag"": 0, ""Node_type"": ""DDS75-LB"", ""Sensor_flag"": 1, ""TempC_DS18B20"": 32.76}"
2025-10-03 02:25:35.484428311+00:00,dds75-lb-12,2,-43,9.25,"{""Bat"": 3.314, ""Distance_mm"": 930, ""Interrupt_flag"": 0, ""Node_type"": ""DDS75-LB"", ""Sensor_flag"": 1, ""TempC_DS18B20"": 32.76}"
2025-10-03 03:25:34.755271620+00:00,dds75-lb-12,2,-40,10.5,"{""Bat"": 3.314, ""Distance_mm"": 930, ""Interrupt_flag"": 0, ""Node_type"": ""DDS75-LB"", ""Sensor_flag"": 1, ""TempC_DS18B20"": 32.76}"
2025-10-03 04:25:34.010215317+00:00,dds75-lb-12,2,-118,-2.75,"{""Bat"": 3.314, ""Distance_mm"": 930, ""Interrupt_flag"": 0, ""Node_type"": ""DDS75-LB"", ""Sensor_flag"": 1, ""TempC_DS18B20"": 32.76}"
2025-10-03 05:25:33.292550272+00:00,dds75-lb-12,2,-117,-2.25,"{""Bat"": 3.314, ""Distance_mm"": 931, ""Interrupt_flag"": 0, ""Node_type"": ""DDS75-LB"", ""Sensor_flag"": 1, ""TempC_DS18B20"": 32.76}"
2025-10-03 06:25:32.568310466+00:00,dds75-lb-12,2,-43,9.75,"{""Bat"": 3.314, ""Distance_mm"": 931, ""Interrupt_flag"": 0, ""Node_type"": ""DDS75-LB"", ""Sensor_flag"": 1, ""TempC_DS18B20"": 32.76}"
2025-10-03 07:25:31.831981873+00:00,dds75-lb-12,2,-43,10.5,"{""Bat"": 3.314, ""Distance_mm"": 930, ""Interrupt_flag"": 0, ""Node_type"": ""DDS75-LB"", ""Sensor_flag"": 1, ""TempC_DS18B20"": 32.76}"
2025-10-03 08:25:31.105493230+00:00,dds75-lb-12,2,-40,8.75,"{""Bat"": 3.314, ""Distance_mm"": 930, ""Interrupt_flag"": 0, ""Node_type"": ""DDS75-LB"", ""Sensor_flag"": 1, ""TempC_DS18B20"": 32.76}"
2025-10-03 09:25:30.367597648+00:00,dds75-lb-12,2,-114,-3.5,"{""Bat"": 3.314, ""Distance_mm"": 930, ""Interrupt_flag"": 0, ""Node_type"": ""DDS75-LB"", ""Sensor_flag"": 1, ""TempC_DS18B20"": 32.76}"
2025-10-03 10:25:29.637355470+00:00,dds75-lb-12,2,-41,9.25,"{""Bat"": 3.314, ""Distance_mm"": 930, ""Interrupt_flag"": 0, ""Node_type"": ""DDS75-LB"", ""Sensor_flag"": 1, ""TempC_DS18B20"": 32.76}"
2025-10-03 11:25:28.911295380+00:00,dds75-lb-12,2,-117,-1.0,"{""Bat"": 3.314, ""Distance_mm"": 930, ""Interrupt_flag"": 0, ""Node_type"": ""DDS75-LB"", ""Sensor_flag"": 1, ""TempC_DS18B20"": 32.76}"
2025-10-03 12:25:28.181598638+00:00,dds75-lb-12,2,-114,-5.75,"{""Bat"": 3.314, ""Distance_mm"": 930, ""Interrupt_flag"": 0, ""Node_type"": ""DDS75-LB"", ""Sensor_flag"": 1, ""TempC_DS18B20"": 32.76}"
2025-10-03 13:25:27.438846864+00:00,dds75-lb-12,2,-114,-4.0,"{""Bat"": 3.314, ""Distance_mm"": 930, ""Interrupt_flag"": 0, ""Node_type"": ""DDS75-LB"", ""Sensor_flag"": 1, ""TempC_DS18B20"": 32.76}"
2025-10-03 14:25:26.702032868+00:00,dds75-lb-12,2,-114,0.5,"{""Bat"": 3.314, ""Distance_mm"": 931, ""Interrupt_flag"": 0, ""Node_type"": ""DDS75-LB"", ""Sensor_flag"": 1, ""TempC_DS18B20"": 32.76}"
2025-10-03 15:25:25.971827651+00:00,dds75-lb-12,2,-39,8.75,"{""Bat"": 3.314, ""Distance_mm"": 930, ""Interrupt_flag"": 0, ""Node_type"": ""DDS75-LB"", ""Sensor_flag"": 1, ""TempC_DS18B20"": 32.76}"
2025-10-03 16:25:25.244248764+00:00,dds75-lb-12,2,-114,-5.25,"{""Bat"": 3.314, ""Distance_mm"": 930, ""Interrupt_flag"": 0, ""Node_type"": ""DDS75-LB"", ""Sensor_flag"": 1, ""TempC_DS18B20"": 32.76}"
2025-10-03 17:25:24.532365851+00:00,dds75-lb-12,2,-39,10.0,"{""Bat"": 3.314, ""Distance_mm"": 930, ""Interrupt_flag"": 0, ""Node_type"": ""DDS75-LB"", ""Sensor_flag"": 1, ""TempC_DS18B20"": 32.76}"
2025-10-03 18:25:23.777288787+00:00,dds75-lb-12,2,-38,8.75,"{""Bat"": 3.314, ""Distance_mm"": 930, ""Interrupt_flag"": 0, ""Node_type"": ""DDS75-LB"", ""Sensor_flag"": 1, ""TempC_DS18B20"": 32.76}"
2025-10-03 19:25:23.038492591+00:00,dds75-lb-12,2,-43,10.25,"{""Bat"": 3.314, ""Distance_mm"": 930, ""Interrupt_flag"": 0, ""Node_type"": ""DDS75-LB"", ""Sensor_flag"": 1, ""TempC_DS18B20"": 32.76}"
2025-10-03 20:25:22.334345216+00:00,dds75-lb-12,2,-39,9.5,"{""Bat"": 3.314, ""Distance_mm"": 930, ""Interrupt_flag"": 0, ""Node_type"": ""DDS75-LB"", ""Sensor_flag"": 1, ""TempC_DS18B20"": 32.76}"
2025-10-03 21:25:21.593701716+00:00,dds75-lb-12,2,-43,9.75,"{""Bat"": 3.314, ""Distance_mm"": 930, ""Interrupt_flag"": 0, ""Node_type"": ""DDS75-LB"", ""Sensor_flag"": 1, ""TempC_DS18B20"": 32.76}"
2025-10-03 22:25:20.844915825+00:00,dds75-lb-12,2,-41,10.0,"{""Bat"": 3.314, ""Distance_mm"": 930, ""Interrupt_flag"": 0, ""Node_type"": ""DDS75-LB"", ""Sensor_flag"": 1, ""TempC_DS18B20"": 32.76}"
2025-10-03 23:25:20.112609857+00:00,dds75-lb-12,2,-42,9.25,"{""Bat"": 3.314, ""Distance_mm"": 930, ""Interrupt_flag"": 0, ""Node_type"": ""DDS75-LB"", ""Sensor_flag"": 1, ""TempC_DS18B20"": 32.76}"
2025-10-04 00:25:19.383610781+00:00,dds75-lb-12,2,-39,9.75,"{""Bat"": 3.314, ""Distance_mm"": 930, ""Interrupt_flag"": 0, ""Node_type"": ""DDS75-LB"", ""Sensor_flag"": 1, ""TempC_DS18B20"": 32.76}"
2025-10-04 01:25:18.671857590+00:00,dds75-lb-12,2,-41,8.5,"{""Bat"": 3.314, ""Distance_mm"": 930, ""Interrupt_flag"": 0, ""Node_type"": ""DDS75-LB"", ""Sensor_flag"": 1, ""TempC_DS18B20"": 32.76}"
2025-10-04 02:25:17.934129765+00:00,dds75-lb-12,2,-111,4.0,"{""Bat"": 3.314, ""Distance_mm"": 930, ""Interrupt_flag"": 0, ""Node_type"": ""DDS75-LB"", ""Sensor_flag"": 1, ""TempC_DS18B20"": 32.76}"
2025-10-04 03:25:17.213683628+00:00,dds75-lb-12,2,-113,3.0,"{""Bat"": 3.314, ""Distance_mm"": 930, ""Interrupt_flag"": 0, ""Node_type"": ""DDS75-LB"", ""Sensor_flag"": 1, ""TempC_DS18B20"": 32.76}"
2025-10-04 04:25:16.477206160+00:00,dds75-lb-12,2,-39,7.0,"{""Bat"": 3.314, ""Distance_mm"": 930, ""Interrupt_flag"": 0, ""Node_type"": ""DDS75-LB"", ""Sensor_flag"": 1, ""TempC_DS18B20"": 32.76}"
2025-10-04 05:25:15.740127065+00:00,dds75-lb-12,2,-114,2.25,"{""Bat"": 3.314, ""Distance_mm"": 929, ""Interrupt_flag"": 0, ""Node_type"": ""DDS75-LB"", ""Sensor_flag"": 1, ""TempC_DS18B20"": 32.76}"
2025-10-04 06:25:15.018327954+00:00,dds75-lb-12,2,-41,10.25,"{""Bat"": 3.314, ""Distance_mm"": 930, ""Interrupt_flag"": 0, ""Node_type"": ""DDS75-LB"", ""Sensor_flag"": 1, ""TempC_DS18B20"": 32.76}"
2025-10-04 07:25:14.278515382+00:00,dds75-lb-12,2,-43,9.75,"{""Bat"": 3.314, ""Distance_mm"": 930, ""Interrupt_flag"": 0, ""Node_type"": ""DDS75-LB"", ""Sensor_flag"": 1, ""TempC_DS18B20"": 32.76}"
2025-10-04 08:25:13.534617217+00:00,dds75-lb-12,2,-57,7.25,"{""Bat"": 3.314, ""Distance_mm"": 930, ""Interrupt_flag"": 0, ""Node_type"": ""DDS75-LB"", ""Sensor_flag"": 1, ""TempC_DS18B20"": 32.76}"
2025-10-04 09:25:12.824712850+00:00,dds75-lb-12,2,-39,10.0,"{""Bat"": 3.314, ""Distance_mm"": 929, ""Interrupt_flag"": 0, ""Node_type"": ""DDS75-LB"", ""Sensor_flag"": 1, ""TempC_DS18B20"": 32.76}"
2025-10-04 10:25:12.089762125+00:00,dds75-lb-12,2,-39,9.75,"{""Bat"": 3.314, ""Distance_mm"": 929, ""Interrupt_flag"": 0, ""Node_type"": ""DDS75-LB"", ""Sensor_flag"": 1, ""TempC_DS18B20"": 32.76}"
2025-10-04 11:25:11.363277634+00:00,dds75-lb-12,2,-39,7.0,"{""Bat"": 3.314, ""Distance_mm"": 929, ""Interrupt_flag"": 0, ""Node_type"": ""DDS75-LB"", ""Sensor_flag"": 1, ""TempC_DS18B20"": 32.76}"
2025-10-04 12:25:10.645231418+00:00,dds75-lb-12,2,-118,-2.25,"{""Bat"": 3.314, ""Distance_mm"": 930, ""Interrupt_flag"": 0, ""Node_type"": ""DDS75-LB"", ""Sensor_flag"": 1, ""TempC_DS18B20"": 32.76}"
2025-10-04 13:25:09.928987792+00:00,dds75-lb-12,2,-112,3.75,"{""Bat"": 3.314, ""Distance_mm"": 929, ""Interrupt_flag"": 0, ""Node_type"": ""DDS75-LB"", ""Sensor_flag"": 1, ""TempC_DS18B20"": 32.76}"
2025-10-04 14:25:09.163247851+00:00,dds75-lb-12,2,-109,6.75,"{""Bat"": 3.314, ""Distance_mm"": 930, ""Interrupt_flag"": 0, ""Node_type"": ""DDS75-LB"", ""Sensor_flag"": 1, ""TempC_DS18B20"": 32.76}"
2025-10-04 15:25:08.469593587+00:00,dds75-lb-12,2,-43,10.0,"{""Bat"": 3.314, ""Distance_mm"": 930, ""Interrupt_flag"": 0, ""Node_type"": ""DDS75-LB"", ""Sensor_flag"": 1, ""TempC_DS18B20"": 32.76}"
2025-10-04 16:25:07.720042264+00:00,dds75-lb-12,2,-41,9.5,"{""Bat"": 3.314, ""Distance_mm"": 929, ""Interrupt_flag"": 0, ""Node_type"": ""DDS75-LB"", ""Sensor_flag"": 1, ""TempC_DS18B20"": 32.76}"
2025-10-04 17:25:06.991118616+00:00,dds75-lb-12,2,-38,9.75,"{""Bat"": 3.314, ""Distance_mm"": 930, ""Interrupt_flag"": 0, ""Node_type"": ""DDS75-LB"", ""Sensor_flag"": 1, ""TempC_DS18B20"": 32.76}"
2025-10-04 18:25:06.230394686+00:00,dds75-lb-12,2,-120,-9.0,"{""Bat"": 3.314, ""Distance_mm"": 930, ""Interrupt_flag"": 0, ""Node_type"": ""DDS75-LB"", ""Sensor_flag"": 1, ""TempC_DS18B20"": 32.76}"
2025-10-04 19:25:05.538500911+00:00,dds75-lb-12,2,-110,5.75,"{""Bat"": 3.314, ""Distance_mm"": 930, ""Interrupt_flag"": 0, ""Node_type"": ""DDS75-LB"", ""Sensor_flag"": 1, ""TempC_DS18B20"": 32.76}"
2025-10-04 20:25:04.784595958+00:00,dds75-lb-12,2,-37,7.5,"{""Bat"": 3.314, ""Distance_mm"": 930, ""Interrupt_flag"": 0, ""Node_type"": ""DDS75-LB"", ""Sensor_flag"": 1, ""TempC_DS18B20"": 32.76}"
2025-10-04 21:25:04.064394915+00:00,dds75-lb-12,2,-37,6.5,"{""Bat"": 3.314, ""Distance_mm"": 930, ""Interrupt_flag"": 0, ""Node_type"": ""DDS75-LB"", ""Sensor_flag"": 1, ""TempC_DS18B20"": 32.76}"
2025-10-04 22:25:03.330750325+00:00,dds75-lb-12,2,-121,-7.0,"{""Bat"": 3.314, ""Distance_mm"": 930, ""Interrupt_flag"": 0, ""Node_type"": ""DDS75-LB"", ""Sensor_flag"": 1, ""TempC_DS18B20"": 32.76}"
2025-10-04 23:25:02.622286742+00:00,dds75-lb-12,2,-116,-0.25,"{""Bat"": 3.314, ""Distance_mm"": 930, ""Interrupt_flag"": 0, ""Node_type"": ""DDS75-LB"", ""Sensor_flag"": 1, ""TempC_DS18B20"": 32.76}"
2025-10-05 00:25:01.871834211+00:00,dds75-lb-12,2,-116,0.25,"{""Bat"": 3.314, ""Distance_mm"": 930, ""Interrupt_flag"": 0, ""Node_type"": ""DDS75-LB"", ""Sensor_flag"": 1, ""TempC_DS18B20"": 32.76}"
2025-10-05 02:25:00.413996327+00:00,dds75-lb-12,2,-120,-4.5,"{""Bat"": 3.314, ""Distance_mm"": 930, ""Interrupt_flag"": 0, ""Node_type"": ""DDS75-LB"", ""Sensor_flag"": 1, ""TempC_DS18B20"": 32.76}"
2025-10-05 05:24:58.222711014+00:00,dds75-lb-12,2,-113,3.5,"{""Bat"": 3.314, ""Distance_mm"": 929, ""Interrupt_flag"": 0, ""Node_type"": ""DDS75-LB"", ""Sensor_flag"": 1, ""TempC_DS18B20"": 32.76}"
2025-10-05 07:24:56.759425833+00:00,dds75-lb-12,2,-125,-7.25,"{""Bat"": 3.314, ""Distance_mm"": 930, ""Interrupt_flag"": 0, ""Node_type"": ""DDS75-LB"", ""Sensor_flag"": 1, ""TempC_DS18B20"": 32.76}"
2025-10-05 11:24:53.836071195+00:00,dds75-lb-12,2,-118,-3.0,"{""Bat"": 3.314, ""Distance_mm"": 930, ""Interrupt_flag"": 0, ""Node_type"": ""DDS75-LB"", ""Sensor_flag"": 1, ""TempC_DS18B20"": 32.76}"
2025-10-05 13:24:52.384272097+00:00,dds75-lb-12,2,-115,1.25,"{""Bat"": 3.314, ""Distance_mm"": 930, ""Interrupt_flag"": 0, ""Node_type"": ""DDS75-LB"", ""Sensor_flag"": 1, ""TempC_DS18B20"": 32.76}"
2025-10-05 14:24:51.644821237+00:00,dds75-lb-12,2,-120,-6.0,"{""Bat"": 3.314, ""Distance_mm"": 930, ""Interrupt_flag"": 0, ""Node_type"": ""DDS75-LB"", ""Sensor_flag"": 1, ""TempC_DS18B20"": 32.76}"
2025-10-05 16:24:50.194084156+00:00,dds75-lb-12,2,-120,-4.25,"{""Bat"": 3.314, ""Distance_mm"": 930, ""Interrupt_flag"": 0, ""Node_type"": ""DDS75-LB"", ""Sensor_flag"": 1, ""TempC_DS18B20"": 32.76}"
2025-10-05 17:24:49.456678039+00:00,dds75-lb-12,2,-114,-0.5,"{""Bat"": 3.314, ""Distance_mm"": 930, ""Interrupt_flag"": 0, ""Node_type"": ""DDS75-LB"", ""Sensor_flag"": 1, ""TempC_DS18B20"": 32.76}"
2025-10-05 18:24:48.713190079+00:00,dds75-lb-12,2,-112,2.75,"{""Bat"": 3.314, ""Distance_mm"": 930, ""Interrupt_flag"": 0, ""Node_type"": ""DDS75-LB"", ""Sensor_flag"": 1, ""TempC_DS18B20"": 32.76}"
2025-10-05 19:24:48.010485690+00:00,dds75-lb-12,2,-119,-4.25,"{""Bat"": 3.314, ""Distance_mm"": 930, ""Interrupt_flag"": 0, ""Node_type"": ""DDS75-LB"", ""Sensor_flag"": 1, ""TempC_DS18B20"": 32.76}"
2025-10-05 21:24:46.545140757+00:00,dds75-lb-12,2,-111,4.25,"{""Bat"": 3.314, ""Distance_mm"": 930, ""Interrupt_flag"": 0, ""Node_type"": ""DDS75-LB"", ""Sensor_flag"": 1, ""TempC_DS18B20"": 32.76}"
2025-10-05 23:24:45.081607086+00:00,dds75-lb-12,2,-118,-1.75,"{""Bat"": 3.314, ""Distance_mm"": 930, ""Interrupt_flag"": 0, ""Node_type"": ""DDS75-LB"", ""Sensor_flag"": 1, ""TempC_DS18B20"": 32.76}"
2025-10-06 01:24:43.594613728+00:00,dds75-lb-12,2,-111,2.25,"{""Bat"": 3.314, ""Distance_mm"": 930, ""Interrupt_flag"": 0, ""Node_type"": ""DDS75-LB"", ""Sensor_flag"": 1, ""TempC_DS18B20"": 32.76}"
2025-10-06 23:24:27.465675889+00:00,dds75-lb-12,2,-124,-9.0,"{""Bat"": 3.314, ""Distance_mm"": 930, ""Interrupt_flag"": 0, ""Node_type"": ""DDS75-LB"", ""Sensor_flag"": 1, ""TempC_DS18B20"": 32.76}"
2025-10-07 12:24:17.940100356+00:00,dds75-lb-12,2,-124,-7.75,"{""Bat"": 3.314, ""Distance_mm"": 931, ""Interrupt_flag"": 0, ""Node_type"": ""DDS75-LB"", ""Sensor_flag"": 1, ""TempC_DS18B20"": 32.76}"
2025-10-07 16:24:14.989734939+00:00,dds75-lb-12,2,-125,-9.0,"{""Bat"": 3.314, ""Distance_mm"": 931, ""Interrupt_flag"": 0, ""Node_type"": ""DDS75-LB"", ""Sensor_flag"": 1, ""TempC_DS18B20"": 32.76}"
2025-10-07 17:24:14.242432952+00:00,dds75-lb-12,2,-125,-8.0,"{""Bat"": 3.314, ""Distance_mm"": 931, ""Interrupt_flag"": 0, ""Node_type"": ""DDS75-LB"", ""Sensor_flag"": 1, ""TempC_DS18B20"": 32.76}"
2025-10-07 18:24:13.505436802+00:00,dds75-lb-12,2,-124,-7.5,"{""Bat"": 3.314, ""Distance_mm"": 931, ""Interrupt_flag"": 0, ""Node_type"": ""DDS75-LB"", ""Sensor_flag"": 1, ""TempC_DS18B20"": 32.76}"
2025-10-08 09:24:02.468335669+00:00,dds75-lb-12,2,-50,9.5,"{""Bat"": 3.314, ""Distance_mm"": 930, ""Interrupt_flag"": 0, ""Node_type"": ""DDS75-LB"", ""Sensor_flag"": 1, ""TempC_DS18B20"": 32.76}"
2025-10-08 10:24:01.687144121+00:00,dds75-lb-12,2,-51,9.25,"{""Bat"": 3.314, ""Distance_mm"": 930, ""Interrupt_flag"": 0, ""Node_type"": ""DDS75-LB"", ""Sensor_flag"": 1, ""TempC_DS18B20"": 32.76}"
2025-10-08 11:24:00.957645232+00:00,dds75-lb-12,2,-50,9.5,"{""Bat"": 3.314, ""Distance_mm"": 931, ""Interrupt_flag"": 0, ""Node_type"": ""DDS75-LB"", ""Sensor_flag"": 1, ""TempC_DS18B20"": 32.76}"
2025-10-08 12:24:00.240810702+00:00,dds75-lb-12,2,-49,8.75,"{""Bat"": 3.314, ""Distance_mm"": 931, ""Interrupt_flag"": 0, ""Node_type"": ""DDS75-LB"", ""Sensor_flag"": 1, ""TempC_DS18B20"": 32.76}"
2025-10-08 13:23:59.512698990+00:00,dds75-lb-12,2,-50,9.5,"{""Bat"": 3.314, ""Distance_mm"": 931, ""Interrupt_flag"": 0, ""Node_type"": ""DDS75-LB"", ""Sensor_flag"": 1, ""TempC_DS18B20"": 32.76}"
2025-10-08 14:23:58.747740631+00:00,dds75-lb-12,2,-49,9.0,"{""Bat"": 3.314, ""Distance_mm"": 930, ""Interrupt_flag"": 0, ""Node_type"": ""DDS75-LB"", ""Sensor_flag"": 1, ""TempC_DS18B20"": 32.76}"
2025-10-08 15:23:58.012376080+00:00,dds75-lb-12,2,-51,9.5,"{""Bat"": 3.314, ""Distance_mm"": 930, ""Interrupt_flag"": 0, ""Node_type"": ""DDS75-LB"", ""Sensor_flag"": 1, ""TempC_DS18B20"": 32.76}"
2025-10-08 16:23:57.295610388+00:00,dds75-lb-12,2,-50,9.25,"{""Bat"": 3.314, ""Distance_mm"": 930, ""Interrupt_flag"": 0, ""Node_type"": ""DDS75-LB"", ""Sensor_flag"": 1, ""TempC_DS18B20"": 32.76}"
2025-10-08 17:23:56.533408921+00:00,dds75-lb-12,2,-51,10.25,"{""Bat"": 3.314, ""Distance_mm"": 930, ""Interrupt_flag"": 0, ""Node_type"": ""DDS75-LB"", ""Sensor_flag"": 1, ""TempC_DS18B20"": 32.76}"
2025-10-08 18:23:55.800548376+00:00,dds75-lb-12,2,-51,9.25,"{""Bat"": 3.314, ""Distance_mm"": 930, ""Interrupt_flag"": 0, ""Node_type"": ""DDS75-LB"", ""Sensor_flag"": 1, ""TempC_DS18B20"": 32.76}"
2025-10-08 19:23:55.073682331+00:00,dds75-lb-12,2,-51,10.5,"{""Bat"": 3.314, ""Distance_mm"": 930, ""Interrupt_flag"": 0, ""Node_type"": ""DDS75-LB"", ""Sensor_flag"": 1, ""TempC_DS18B20"": 32.76}"
2025-10-08 20:23:54.332051766+00:00,dds75-lb-12,2,-50,10.25,"{""Bat"": 3.314, ""Distance_mm"": 930, ""Interrupt_flag"": 0, ""Node_type"": ""DDS75-LB"", ""Sensor_flag"": 1, ""TempC_DS18B20"": 32.76}"
2025-10-08 21:23:53.588964474+00:00,dds75-lb-12,2,-51,10.0,"{""Bat"": 3.314, ""Distance_mm"": 930, ""Interrupt_flag"": 0, ""Node_type"": ""DDS75-LB"", ""Sensor_flag"": 1, ""TempC_DS18B20"": 32.76}"
2025-10-08 22:23:52.854572348+00:00,dds75-lb-12,2,-123,-7.25,"{""Bat"": 3.314, ""Distance_mm"": 930, ""Interrupt_flag"": 0, ""Node_type"": ""DDS75-LB"", ""Sensor_flag"": 1, ""TempC_DS18B20"": 32.76}"
2025-10-08 23:23:52.113478655+00:00,dds75-lb-12,2,-49,7.25,"{""Bat"": 3.314, ""Distance_mm"": 930, ""Interrupt_flag"": 0, ""Node_type"": ""DDS75-LB"", ""Sensor_flag"": 1, ""TempC_DS18B20"": 32.76}"
2025-10-09 00:23:51.381883269+00:00,dds75-lb-12,2,-50,10.25,"{""Bat"": 3.314, ""Distance_mm"": 930, ""Interrupt_flag"": 0, ""Node_type"": ""DDS75-LB"", ""Sensor_flag"": 1, ""TempC_DS18B20"": 32.76}"
2025-10-09 01:23:50.632771673+00:00,dds75-lb-12,2,-51,9.5,"{""Bat"": 3.314, ""Distance_mm"": 930, ""Interrupt_flag"": 0, ""Node_type"": ""DDS75-LB"", ""Sensor_flag"": 1, ""TempC_DS18B20"": 32.76}"
2025-10-09 02:23:49.905147487+00:00,dds75-lb-12,2,-50,9.5,"{""Bat"": 3.314, ""Distance_mm"": 930, ""Interrupt_flag"": 0, ""Node_type"": ""DDS75-LB"", ""Sensor_flag"": 1, ""TempC_DS18B20"": 32.76}"
2025-10-09 03:23:49.173231610+00:00,dds75-lb-12,2,-53,9.5,"{""Bat"": 3.314, ""Distance_mm"": 930, ""Interrupt_flag"": 0, ""Node_type"": ""DDS75-LB"", ""Sensor_flag"": 1, ""TempC_DS18B20"": 32.76}"
2025-10-09 04:23:48.446473390+00:00,dds75-lb-12,2,-50,9.0,"{""Bat"": 3.314, ""Distance_mm"": 930, ""Interrupt_flag"": 0, ""Node_type"": ""DDS75-LB"", ""Sensor_flag"": 1, ""TempC_DS18B20"": 32.76}"
2025-10-09 05:23:47.686389348+00:00,dds75-lb-12,2,-51,10.0,"{""Bat"": 3.314, ""Distance_mm"": 930, ""Interrupt_flag"": 0, ""Node_type"": ""DDS75-LB"", ""Sensor_flag"": 1, ""TempC_DS18B20"": 32.76}"
2025-10-09 06:23:46.956676312+00:00,dds75-lb-12,2,-51,7.5,"{""Bat"": 3.314, ""Distance_mm"": 930, ""Interrupt_flag"": 0, ""Node_type"": ""DDS75-LB"", ""Sensor_flag"": 1, ""TempC_DS18B20"": 32.76}"
2025-10-09 07:23:46.218626102+00:00,dds75-lb-12,2,-51,9.0,"{""Bat"": 3.314, ""Distance_mm"": 930, ""Interrupt_flag"": 0, ""Node_type"": ""DDS75-LB"", ""Sensor_flag"": 1, ""TempC_DS18B20"": 32.76}"
2025-10-09 08:23:45.488366234+00:00,dds75-lb-12,2,-50,7.5,"{""Bat"": 3.314, ""Distance_mm"": 930, ""Interrupt_flag"": 0, ""Node_type"": ""DDS75-LB"", ""Sensor_flag"": 1, ""TempC_DS18B20"": 32.76}"
2025-10-09 09:23:44.757857798+00:00,dds75-lb-12,2,-51,9.75,"{""Bat"": 3.314, ""Distance_mm"": 930, ""Interrupt_flag"": 0, ""Node_type"": ""DDS75-LB"", ""Sensor_flag"": 1, ""TempC_DS18B20"": 32.76}"
2025-10-09 10:23:44.009444900+00:00,dds75-lb-12,2,-51,8.75,"{""Bat"": 3.314, ""Distance_mm"": 930, ""Interrupt_flag"": 0, ""Node_type"": ""DDS75-LB"", ""Sensor_flag"": 1, ""TempC_DS18B20"": 32.76}"
2025-10-09 11:23:43.279992162+00:00,dds75-lb-12,2,-51,9.75,"{""Bat"": 3.314, ""Distance_mm"": 930, ""Interrupt_flag"": 0, ""Node_type"": ""DDS75-LB"", ""Sensor_flag"": 1, ""TempC_DS18B20"": 32.76}"
2025-10-09 12:23:42.539833113+00:00,dds75-lb-12,2,-51,9.5,"{""Bat"": 3.314, ""Distance_mm"": 930, ""Interrupt_flag"": 0, ""Node_type"": ""DDS75-LB"", ""Sensor_flag"": 1, ""TempC_DS18B20"": 32.76}"
2025-10-09 13:23:41.809046255+00:00,dds75-lb-12,2,-53,9.75,"{""Bat"": 3.314, ""Distance_mm"": 930, ""Interrupt_flag"": 0, ""Node_type"": ""DDS75-LB"", ""Sensor_flag"": 1, ""TempC_DS18B20"": 32.76}"
2025-10-09 14:23:41.074731109+00:00,dds75-lb-12,2,-51,10.25,"{""Bat"": 3.314, ""Distance_mm"": 930, ""Interrupt_flag"": 0, ""Node_type"": ""DDS75-LB"", ""Sensor_flag"": 1, ""TempC_DS18B20"": 32.76}"
2025-10-09 15:23:40.328709009+00:00,dds75-lb-12,2,-49,7.0,"{""Bat"": 3.314, ""Distance_mm"": 930, ""Interrupt_flag"": 0, ""Node_type"": ""DDS75-LB"", ""Sensor_flag"": 1, ""TempC_DS18B20"": 32.76}"
2025-10-09 16:23:39.605389975+00:00,dds75-lb-12,2,-53,10.0,"{""Bat"": 3.314, ""Distance_mm"": 930, ""Interrupt_flag"": 0, ""Node_type"": ""DDS75-LB"", ""Sensor_flag"": 1, ""TempC_DS18B20"": 32.76}"
2025-10-09 17:23:38.865106012+00:00,dds75-lb-12,2,-53,10.0,"{""Bat"": 3.314, ""Distance_mm"": 930, ""Interrupt_flag"": 0, ""Node_type"": ""DDS75-LB"", ""Sensor_flag"": 1, ""TempC_DS18B20"": 32.76}"
2025-10-09 18:23:38.113386957+00:00,dds75-lb-12,2,-55,10.75,"{""Bat"": 3.314, ""Distance_mm"": 930, ""Interrupt_flag"": 0, ""Node_type"": ""DDS75-LB"", ""Sensor_flag"": 1, ""TempC_DS18B20"": 32.76}"
2025-10-09 19:23:37.551499880+00:00,dds75-lb-12,2,-53,10.0,"{""Bat"": 3.314, ""Distance_mm"": 930, ""Interrupt_flag"": 0, ""Node_type"": ""DDS75-LB"", ""Sensor_flag"": 1, ""TempC_DS18B20"": 32.76}"
2025-10-09 20:23:36.650909515+00:00,dds75-lb-12,2,-53,10.5,"{""Bat"": 3.314, ""Distance_mm"": 930, ""Interrupt_flag"": 0, ""Node_type"": ""DDS75-LB"", ""Sensor_flag"": 1, ""TempC_DS18B20"": 32.76}"
2025-10-09 21:23:35.906800626+00:00,dds75-lb-12,2,-55,10.5,"{""Bat"": 3.314, ""Distance_mm"": 930, ""Interrupt_flag"": 0, ""Node_type"": ""DDS75-LB"", ""Sensor_flag"": 1, ""TempC_DS18B20"": 32.76}"
2025-10-09 22:23:35.181187179+00:00,dds75-lb-12,2,-51,9.75,"{""Bat"": 3.314, ""Distance_mm"": 930, ""Interrupt_flag"": 0, ""Node_type"": ""DDS75-LB"", ""Sensor_flag"": 1, ""TempC_DS18B20"": 32.76}"
2025-10-09 23:23:34.449404088+00:00,dds75-lb-12,2,-50,7.25,"{""Bat"": 3.314, ""Distance_mm"": 930, ""Interrupt_flag"": 0, ""Node_type"": ""DDS75-LB"", ""Sensor_flag"": 1, ""TempC_DS18B20"": 32.76}"
2025-10-10 00:23:33.719731937+00:00,dds75-lb-12,2,-49,7.75,"{""Bat"": 3.314, ""Distance_mm"": 930, ""Interrupt_flag"": 0, ""Node_type"": ""DDS75-LB"", ""Sensor_flag"": 1, ""TempC_DS18B20"": 32.76}"
2025-10-10 01:23:33.075308323+00:00,dds75-lb-12,2,-43,9.75,"{""Bat"": 3.314, ""Distance_mm"": 930, ""Interrupt_flag"": 0, ""Node_type"": ""DDS75-LB"", ""Sensor_flag"": 1, ""TempC_DS18B20"": 32.76}"
2025-10-10 02:23:32.216590462+00:00,dds75-lb-12,2,-43,9.25,"{""Bat"": 3.314, ""Distance_mm"": 930, ""Interrupt_flag"": 0, ""Node_type"": ""DDS75-LB"", ""Sensor_flag"": 1, ""TempC_DS18B20"": 32.76}"
2025-10-10 03:23:31.499710063+00:00,dds75-lb-12,2,-44,10.25,"{""Bat"": 3.314, ""Distance_mm"": 930, ""Interrupt_flag"": 0, ""Node_type"": ""DDS75-LB"", ""Sensor_flag"": 1, ""TempC_DS18B20"": 32.76}"
2025-10-10 04:23:30.750665366+00:00,dds75-lb-12,2,-42,9.25,"{""Bat"": 3.314, ""Distance_mm"": 930, ""Interrupt_flag"": 0, ""Node_type"": ""DDS75-LB"", ""Sensor_flag"": 1, ""TempC_DS18B20"": 32.76}"
2025-10-10 05:23:30.029534464+00:00,dds75-lb-12,2,-119,-9.75,"{""Bat"": 3.314, ""Distance_mm"": 930, ""Interrupt_flag"": 0, ""Node_type"": ""DDS75-LB"", ""Sensor_flag"": 1, ""TempC_DS18B20"": 32.76}"
2025-10-10 06:23:29.286294627+00:00,dds75-lb-12,2,-41,8.0,"{""Bat"": 3.314, ""Distance_mm"": 930, ""Interrupt_flag"": 0, ""Node_type"": ""DDS75-LB"", ""Sensor_flag"": 1, ""TempC_DS18B20"": 32.76}"
2025-10-10 07:23:28.542626109+00:00,dds75-lb-12,2,-43,9.5,"{""Bat"": 3.314, ""Distance_mm"": 933, ""Interrupt_flag"": 0, ""Node_type"": ""DDS75-LB"", ""Sensor_flag"": 1, ""TempC_DS18B20"": 32.76}"
2025-10-10 08:23:27.823322339+00:00,dds75-lb-12,2,-44,7.5,"{""Bat"": 3.314, ""Distance_mm"": 930, ""Interrupt_flag"": 0, ""Node_type"": ""DDS75-LB"", ""Sensor_flag"": 1, ""TempC_DS18B20"": 32.76}"
2025-10-10 09:23:27.075246701+00:00,dds75-lb-12,2,-41,10.75,"{""Bat"": 3.314, ""Distance_mm"": 869, ""Interrupt_flag"": 0, ""Node_type"": ""DDS75-LB"", ""Sensor_flag"": 1, ""TempC_DS18B20"": 32.76}"
2025-10-10 10:23:26.338201422+00:00,dds75-lb-12,2,-45,10.25,"{""Bat"": 3.314, ""Distance_mm"": 930, ""Interrupt_flag"": 0, ""Node_type"": ""DDS75-LB"", ""Sensor_flag"": 1, ""TempC_DS18B20"": 32.76}"
2025-10-10 11:23:25.653674099+00:00,dds75-lb-12,2,-44,7.25,"{""Bat"": 3.314, ""Distance_mm"": 930, ""Interrupt_flag"": 0, ""Node_type"": ""DDS75-LB"", ""Sensor_flag"": 1, ""TempC_DS18B20"": 32.76}"
2025-10-10 12:23:24.863793308+00:00,dds75-lb-12,2,-123,-7.75,"{""Bat"": 3.314, ""Distance_mm"": 930, ""Interrupt_flag"": 0, ""Node_type"": ""DDS75-LB"", ""Sensor_flag"": 1, ""TempC_DS18B20"": 32.76}"
2025-10-10 13:23:24.132353137+00:00,dds75-lb-12,2,-45,9.5,"{""Bat"": 3.314, ""Distance_mm"": 930, ""Interrupt_flag"": 0, ""Node_type"": ""DDS75-LB"", ""Sensor_flag"": 1, ""TempC_DS18B20"": 32.76}"
2025-10-10 14:23:23.373276971+00:00,dds75-lb-12,2,-42,7.75,"{""Bat"": 3.314, ""Distance_mm"": 931, ""Interrupt_flag"": 0, ""Node_type"": ""DDS75-LB"", ""Sensor_flag"": 1, ""TempC_DS18B20"": 32.76}"
2025-10-10 15:23:22.664487830+00:00,dds75-lb-12,2,-44,7.5,"{""Bat"": 3.314, ""Distance_mm"": 931, ""Interrupt_flag"": 0, ""Node_type"": ""DDS75-LB"", ""Sensor_flag"": 1, ""TempC_DS18B20"": 32.76}"
2025-10-10 16:23:21.915826240+00:00,dds75-lb-12,2,-44,7.25,"{""Bat"": 3.314, ""Distance_mm"": 931, ""Interrupt_flag"": 0, ""Node_type"": ""DDS75-LB"", ""Sensor_flag"": 1, ""TempC_DS18B20"": 32.76}"
2025-10-10 17:23:21.184244422+00:00,dds75-lb-12,2,-45,11.0,"{""Bat"": 3.314, ""Distance_mm"": 931, ""Interrupt_flag"": 0, ""Node_type"": ""DDS75-LB"", ""Sensor_flag"": 1, ""TempC_DS18B20"": 32.76}"
2025-10-10 18:23:20.426627126+00:00,dds75-lb-12,2,-47,9.75,"{""Bat"": 3.314, ""Distance_mm"": 931, ""Interrupt_flag"": 0, ""Node_type"": ""DDS75-LB"", ""Sensor_flag"": 1, ""TempC_DS18B20"": 32.76}"
2025-10-10 19:23:19.693626785+00:00,dds75-lb-12,2,-44,9.75,"{""Bat"": 3.314, ""Distance_mm"": 931, ""Interrupt_flag"": 0, ""Node_type"": ""DDS75-LB"", ""Sensor_flag"": 1, ""TempC_DS18B20"": 32.76}"
2025-10-10 20:23:18.950634998+00:00,dds75-lb-12,2,-41,9.5,"{""Bat"": 3.314, ""Distance_mm"": 930, ""Interrupt_flag"": 0, ""Node_type"": ""DDS75-LB"", ""Sensor_flag"": 1, ""TempC_DS18B20"": 32.76}"
2025-10-10 21:23:18.245321408+00:00,dds75-lb-12,2,-45,9.75,"{""Bat"": 3.314, ""Distance_mm"": 930, ""Interrupt_flag"": 0, ""Node_type"": ""DDS75-LB"", ""Sensor_flag"": 1, ""TempC_DS18B20"": 32.76}"
2025-10-10 22:23:17.490054460+00:00,dds75-lb-12,2,-44,7.25,"{""Bat"": 3.314, ""Distance_mm"": 930, ""Interrupt_flag"": 0, ""Node_type"": ""DDS75-LB"", ""Sensor_flag"": 1, ""TempC_DS18B20"": 32.76}"
2025-10-10 23:23:16.766965840+00:00,dds75-lb-12,2,-39,9.75,"{""Bat"": 3.314, ""Distance_mm"": 930, ""Interrupt_flag"": 0, ""Node_type"": ""DDS75-LB"", ""Sensor_flag"": 1, ""TempC_DS18B20"": 32.76}"
2025-10-11 00:23:16.029121613+00:00,dds75-lb-12,2,-43,9.25,"{""Bat"": 3.314, ""Distance_mm"": 930, ""Interrupt_flag"": 0, ""Node_type"": ""DDS75-LB"", ""Sensor_flag"": 1, ""TempC_DS18B20"": 32.76}"
2025-10-11 01:23:15.311234524+00:00,dds75-lb-12,2,-42,9.75,"{""Bat"": 3.314, ""Distance_mm"": 930, ""Interrupt_flag"": 0, ""Node_type"": ""DDS75-LB"", ""Sensor_flag"": 1, ""TempC_DS18B20"": 32.76}"
2025-10-11 02:23:14.541216936+00:00,dds75-lb-12,2,-42,10.25,"{""Bat"": 3.314, ""Distance_mm"": 930, ""Interrupt_flag"": 0, ""Node_type"": ""DDS75-LB"", ""Sensor_flag"": 1, ""TempC_DS18B20"": 32.76}"
2025-10-11 03:23:13.812695671+00:00,dds75-lb-12,2,-39,7.75,"{""Bat"": 3.314, ""Distance_mm"": 930, ""Interrupt_flag"": 0, ""Node_type"": ""DDS75-LB"", ""Sensor_flag"": 1, ""TempC_DS18B20"": 32.76}"
2025-10-11 04:23:13.070337709+00:00,dds75-lb-12,2,-42,10.75,"{""Bat"": 3.314, ""Distance_mm"": 930, ""Interrupt_flag"": 0, ""Node_type"": ""DDS75-LB"", ""Sensor_flag"": 1, ""TempC_DS18B20"": 32.76}"
2025-10-11 05:23:12.313639110+00:00,dds75-lb-12,2,-45,9.25,"{""Bat"": 3.314, ""Distance_mm"": 930, ""Interrupt_flag"": 0, ""Node_type"": ""DDS75-LB"", ""Sensor_flag"": 1, ""TempC_DS18B20"": 32.76}"
2025-10-11 06:23:11.590428876+00:00,dds75-lb-12,2,-41,7.25,"{""Bat"": 3.314, ""Distance_mm"": 930, ""Interrupt_flag"": 0, ""Node_type"": ""DDS75-LB"", ""Sensor_flag"": 1, ""TempC_DS18B20"": 32.76}"
2025-10-11 07:23:10.870850835+00:00,dds75-lb-12,2,-41,10.75,"{""Bat"": 3.314, ""Distance_mm"": 930, ""Interrupt_flag"": 0, ""Node_type"": ""DDS75-LB"", ""Sensor_flag"": 1, ""TempC_DS18B20"": 32.76}"
2025-10-11 08:23:10.126333315+00:00,dds75-lb-12,2,-41,7.75,"{""Bat"": 3.314, ""Distance_mm"": 930, ""Interrupt_flag"": 0, ""Node_type"": ""DDS75-LB"", ""Sensor_flag"": 1, ""TempC_DS18B20"": 32.76}"
2025-10-11 09:23:09.404388328+00:00,dds75-lb-12,2,-43,9.25,"{""Bat"": 3.314, ""Distance_mm"": 930, ""Interrupt_flag"": 0, ""Node_type"": ""DDS75-LB"", ""Sensor_flag"": 1, ""TempC_DS18B20"": 32.76}"
2025-10-11 10:23:08.705440578+00:00,dds75-lb-12,2,-44,9.25,"{""Bat"": 3.314, ""Distance_mm"": 930, ""Interrupt_flag"": 0, ""Node_type"": ""DDS75-LB"", ""Sensor_flag"": 1, ""TempC_DS18B20"": 32.76}"
2025-10-11 11:23:08.004157871+00:00,dds75-lb-12,2,-41,7.75,"{""Bat"": 3.314, ""Distance_mm"": 930, ""Interrupt_flag"": 0, ""Node_type"": ""DDS75-LB"", ""Sensor_flag"": 1, ""TempC_DS18B20"": 32.76}"
2025-10-11 12:23:07.176679212+00:00,dds75-lb-12,2,-122,-6.0,"{""Bat"": 3.314, ""Distance_mm"": 930, ""Interrupt_flag"": 0, ""Node_type"": ""DDS75-LB"", ""Sensor_flag"": 1, ""TempC_DS18B20"": 32.76}"
2025-10-11 13:23:06.447103177+00:00,dds75-lb-12,2,-44,9.25,"{""Bat"": 3.314, ""Distance_mm"": 930, ""Interrupt_flag"": 0, ""Node_type"": ""DDS75-LB"", ""Sensor_flag"": 1, ""TempC_DS18B20"": 32.76}"
2025-10-11 14:23:05.703992540+00:00,dds75-lb-12,2,-41,8.25,"{""Bat"": 3.314, ""Distance_mm"": 930, ""Interrupt_flag"": 0, ""Node_type"": ""DDS75-LB"", ""Sensor_flag"": 1, ""TempC_DS18B20"": 32.76}"
2025-10-11 15:23:04.985736479+00:00,dds75-lb-12,2,-41,10.25,"{""Bat"": 3.314, ""Distance_mm"": 930, ""Interrupt_flag"": 0, ""Node_type"": ""DDS75-LB"", ""Sensor_flag"": 1, ""TempC_DS18B20"": 32.76}"
2025-10-11 16:23:04.238635035+00:00,dds75-lb-12,2,-41,7.75,"{""Bat"": 3.314, ""Distance_mm"": 930, ""Interrupt_flag"": 0, ""Node_type"": ""DDS75-LB"", ""Sensor_flag"": 1, ""TempC_DS18B20"": 32.76}"
2025-10-11 17:23:03.515038092+00:00,dds75-lb-12,2,-116,-3.5,"{""Bat"": 3.314, ""Distance_mm"": 930, ""Interrupt_flag"": 0, ""Node_type"": ""DDS75-LB"", ""Sensor_flag"": 1, ""TempC_DS18B20"": 32.76}"
2025-10-11 18:23:02.787043612+00:00,dds75-lb-12,2,-39,9.0,"{""Bat"": 3.314, ""Distance_mm"": 930, ""Interrupt_flag"": 0, ""Node_type"": ""DDS75-LB"", ""Sensor_flag"": 1, ""TempC_DS18B20"": 32.76}"
2025-10-11 19:23:02.078269402+00:00,dds75-lb-12,2,-44,7.0,"{""Bat"": 3.314, ""Distance_mm"": 930, ""Interrupt_flag"": 0, ""Node_type"": ""DDS75-LB"", ""Sensor_flag"": 1, ""TempC_DS18B20"": 32.76}"
2025-10-11 20:23:01.326123899+00:00,dds75-lb-12,2,-41,9.75,"{""Bat"": 3.314, ""Distance_mm"": 930, ""Interrupt_flag"": 0, ""Node_type"": ""DDS75-LB"", ""Sensor_flag"": 1, ""TempC_DS18B20"": 32.76}"
2025-10-11 21:23:00.567621673+00:00,dds75-lb-12,2,-38,8.75,"{""Bat"": 3.314, ""Distance_mm"": 930, ""Interrupt_flag"": 0, ""Node_type"": ""DDS75-LB"", ""Sensor_flag"": 1, ""TempC_DS18B20"": 32.76}"
2025-10-11 22:22:59.836359928+00:00,dds75-lb-12,2,-41,10.25,"{""Bat"": 3.314, ""Distance_mm"": 930, ""Interrupt_flag"": 0, ""Node_type"": ""DDS75-LB"", ""Sensor_flag"": 1, ""TempC_DS18B20"": 32.76}"
2025-10-11 23:22:59.102467837+00:00,dds75-lb-12,2,-120,-4.5,"{""Bat"": 3.314, ""Distance_mm"": 930, ""Interrupt_flag"": 0, ""Node_type"": ""DDS75-LB"", ""Sensor_flag"": 1, ""TempC_DS18B20"": 32.76}"
2025-10-12 00:22:58.413003228+00:00,dds75-lb-12,2,-38,8.0,"{""Bat"": 3.314, ""Distance_mm"": 930, ""Interrupt_flag"": 0, ""Node_type"": ""DDS75-LB"", ""Sensor_flag"": 1, ""TempC_DS18B20"": 32.76}"
2025-10-12 01:22:57.624263648+00:00,dds75-lb-12,2,-41,9.75,"{""Bat"": 3.314, ""Distance_mm"": 930, ""Interrupt_flag"": 0, ""Node_type"": ""DDS75-LB"", ""Sensor_flag"": 1, ""TempC_DS18B20"": 32.76}"
2025-10-12 02:22:56.887710653+00:00,dds75-lb-12,2,-118,-1.75,"{""Bat"": 3.314, ""Distance_mm"": 929, ""Interrupt_flag"": 0, ""Node_type"": ""DDS75-LB"", ""Sensor_flag"": 1, ""TempC_DS18B20"": 32.76}"
2025-10-12 03:22:56.148778592+00:00,dds75-lb-12,2,-41,9.75,"{""Bat"": 3.314, ""Distance_mm"": 930, ""Interrupt_flag"": 0, ""Node_type"": ""DDS75-LB"", ""Sensor_flag"": 1, ""TempC_DS18B20"": 32.76}"
2025-10-12 04:22:55.412336114+00:00,dds75-lb-12,2,-39,9.75,"{""Bat"": 3.314, ""Distance_mm"": 930, ""Interrupt_flag"": 0, ""Node_type"": ""DDS75-LB"", ""Sensor_flag"": 1, ""TempC_DS18B20"": 32.76}"
2025-10-12 05:22:54.667599427+00:00,dds75-lb-12,2,-43,9.75,"{""Bat"": 3.314, ""Distance_mm"": 930, ""Interrupt_flag"": 0, ""Node_type"": ""DDS75-LB"", ""Sensor_flag"": 1, ""TempC_DS18B20"": 32.76}"
2025-10-12 06:22:53.935362090+00:00,dds75-lb-12,2,-39,10.75,"{""Bat"": 3.314, ""Distance_mm"": 930, ""Interrupt_flag"": 0, ""Node_type"": ""DDS75-LB"", ""Sensor_flag"": 1, ""TempC_DS18B20"": 32.76}"
2025-10-12 07:22:53.229376131+00:00,dds75-lb-12,2,-41,7.25,"{""Bat"": 3.314, ""Distance_mm"": 930, ""Interrupt_flag"": 0, ""Node_type"": ""DDS75-LB"", ""Sensor_flag"": 1, ""TempC_DS18B20"": 32.76}"
2025-10-12 08:22:52.489780383+00:00,dds75-lb-12,2,-41,7.75,"{""Bat"": 3.314, ""Distance_mm"": 930, ""Interrupt_flag"": 0, ""Node_type"": ""DDS75-LB"", ""Sensor_flag"": 1, ""TempC_DS18B20"": 32.76}"
2025-10-12 09:22:51.760273654+00:00,dds75-lb-12,2,-39,9.5,"{""Bat"": 3.314, ""Distance_mm"": 930, ""Interrupt_flag"": 0, ""Node_type"": ""DDS75-LB"", ""Sensor_flag"": 1, ""TempC_DS18B20"": 32.76}"
2025-10-12 10:22:51.007847052+00:00,dds75-lb-12,2,-39,10.0,"{""Bat"": 3.314, ""Distance_mm"": 930, ""Interrupt_flag"": 0, ""Node_type"": ""DDS75-LB"", ""Sensor_flag"": 1, ""TempC_DS18B20"": 32.76}"
2025-10-12 11:22:50.273444609+00:00,dds75-lb-12,2,-38,9.0,"{""Bat"": 3.314, ""Distance_mm"": 930, ""Interrupt_flag"": 0, ""Node_type"": ""DDS75-LB"", ""Sensor_flag"": 1, ""TempC_DS18B20"": 32.76}"
2025-10-12 12:22:49.546767368+00:00,dds75-lb-12,2,-120,-4.25,"{""Bat"": 3.314, ""Distance_mm"": 930, ""Interrupt_flag"": 0, ""Node_type"": ""DDS75-LB"", ""Sensor_flag"": 1, ""TempC_DS18B20"": 32.76}"
2025-10-12 13:22:48.806646204+00:00,dds75-lb-12,2,-39,9.25,"{""Bat"": 3.314, ""Distance_mm"": 930, ""Interrupt_flag"": 0, ""Node_type"": ""DDS75-LB"", ""Sensor_flag"": 1, ""TempC_DS18B20"": 32.76}"
2025-10-12 14:22:48.077341175+00:00,dds75-lb-12,2,-41,10.0,"{""Bat"": 3.314, ""Distance_mm"": 930, ""Interrupt_flag"": 0, ""Node_type"": ""DDS75-LB"", ""Sensor_flag"": 1, ""TempC_DS18B20"": 32.76}"
2025-10-12 15:22:47.337776548+00:00,dds75-lb-12,2,-39,9.0,"{""Bat"": 3.314, ""Distance_mm"": 930, ""Interrupt_flag"": 0, ""Node_type"": ""DDS75-LB"", ""Sensor_flag"": 1, ""TempC_DS18B20"": 32.76}"
2025-10-12 16:22:46.623392224+00:00,dds75-lb-12,2,-43,10.0,"{""Bat"": 3.314, ""Distance_mm"": 930, ""Interrupt_flag"": 0, ""Node_type"": ""DDS75-LB"", ""Sensor_flag"": 1, ""TempC_DS18B20"": 32.76}"
2025-10-12 17:22:45.862700850+00:00,dds75-lb-12,2,-119,-2.75,"{""Bat"": 3.314, ""Distance_mm"": 930, ""Interrupt_flag"": 0, ""Node_type"": ""DDS75-LB"", ""Sensor_flag"": 1, ""TempC_DS18B20"": 32.76}"
2025-10-12 18:22:45.137556449+00:00,dds75-lb-12,2,-43,9.5,"{""Bat"": 3.314, ""Distance_mm"": 930, ""Interrupt_flag"": 0, ""Node_type"": ""DDS75-LB"", ""Sensor_flag"": 1, ""TempC_DS18B20"": 32.76}"
2025-10-12 19:22:44.387847638+00:00,dds75-lb-12,2,-41,7.75,"{""Bat"": 3.314, ""Distance_mm"": 930, ""Interrupt_flag"": 0, ""Node_type"": ""DDS75-LB"", ""Sensor_flag"": 1, ""TempC_DS18B20"": 32.76}"
2025-10-12 20:22:43.646419446+00:00,dds75-lb-12,2,-121,-4.75,"{""Bat"": 3.314, ""Distance_mm"": 930, ""Interrupt_flag"": 0, ""Node_type"": ""DDS75-LB"", ""Sensor_flag"": 1, ""TempC_DS18B20"": 32.76}"
2025-10-12 21:22:42.929579827+00:00,dds75-lb-12,2,-43,9.5,"{""Bat"": 3.314, ""Distance_mm"": 930, ""Interrupt_flag"": 0, ""Node_type"": ""DDS75-LB"", ""Sensor_flag"": 1, ""TempC_DS18B20"": 32.76}"
2025-10-12 22:22:42.187854526+00:00,dds75-lb-12,2,-39,10.25,"{""Bat"": 3.314, ""Distance_mm"": 930, ""Interrupt_flag"": 0, ""Node_type"": ""DDS75-LB"", ""Sensor_flag"": 1, ""TempC_DS18B20"": 32.76}"
2025-10-12 23:22:41.461426807+00:00,dds75-lb-12,2,-122,-5.5,"{""Bat"": 3.314, ""Distance_mm"": 930, ""Interrupt_flag"": 0, ""Node_type"": ""DDS75-LB"", ""Sensor_flag"": 1, ""TempC_DS18B20"": 32.76}"
2025-10-13 00:22:40.716506893+00:00,dds75-lb-12,2,-41,8.25,"{""Bat"": 3.314, ""Distance_mm"": 930, ""Interrupt_flag"": 0, ""Node_type"": ""DDS75-LB"", ""Sensor_flag"": 1, ""TempC_DS18B20"": 32.76}"
2025-10-13 01:22:39.990392876+00:00,dds75-lb-12,2,-44,10.75,"{""Bat"": 3.314, ""Distance_mm"": 929, ""Interrupt_flag"": 0, ""Node_type"": ""DDS75-LB"", ""Sensor_flag"": 1, ""TempC_DS18B20"": 32.76}"
2025-10-13 02:22:39.253537926+00:00,dds75-lb-12,2,-43,9.5,"{""Bat"": 3.314, ""Distance_mm"": 930, ""Interrupt_flag"": 0, ""Node_type"": ""DDS75-LB"", ""Sensor_flag"": 1, ""TempC_DS18B20"": 32.76}"
2025-10-13 03:22:38.608817991+00:00,dds75-lb-12,2,-39,9.5,"{""Bat"": 3.314, ""Distance_mm"": 930, ""Interrupt_flag"": 0, ""Node_type"": ""DDS75-LB"", ""Sensor_flag"": 1, ""TempC_DS18B20"": 32.76}"
2025-10-13 04:22:37.776561949+00:00,dds75-lb-12,2,-41,10.25,"{""Bat"": 3.314, ""Distance_mm"": 930, ""Interrupt_flag"": 0, ""Node_type"": ""DDS75-LB"", ""Sensor_flag"": 1, ""TempC_DS18B20"": 32.76}"
2025-10-13 05:22:37.052805904+00:00,dds75-lb-12,2,-120,-3.75,"{""Bat"": 3.314, ""Distance_mm"": 930, ""Interrupt_flag"": 0, ""Node_type"": ""DDS75-LB"", ""Sensor_flag"": 1, ""TempC_DS18B20"": 32.76}"
2025-10-13 06:22:36.315924962+00:00,dds75-lb-12,2,-41,9.0,"{""Bat"": 3.314, ""Distance_mm"": 930, ""Interrupt_flag"": 0, ""Node_type"": ""DDS75-LB"", ""Sensor_flag"": 1, ""TempC_DS18B20"": 32.76}"
2025-10-13 07:22:35.593448699+00:00,dds75-lb-12,2,-39,7.5,"{""Bat"": 3.314, ""Distance_mm"": 930, ""Interrupt_flag"": 0, ""Node_type"": ""DDS75-LB"", ""Sensor_flag"": 1, ""TempC_DS18B20"": 32.76}"
2025-10-13 08:22:34.835867990+00:00,dds75-lb-12,2,-39,9.75,"{""Bat"": 3.314, ""Distance_mm"": 930, ""Interrupt_flag"": 0, ""Node_type"": ""DDS75-LB"", ""Sensor_flag"": 1, ""TempC_DS18B20"": 32.76}"
2025-10-13 09:22:34.104793908+00:00,dds75-lb-12,2,-43,9.75,"{""Bat"": 3.314, ""Distance_mm"": 928, ""Interrupt_flag"": 0, ""Node_type"": ""DDS75-LB"", ""Sensor_flag"": 1, ""TempC_DS18B20"": 32.76}"
2025-10-13 10:22:33.354305911+00:00,dds75-lb-12,2,-42,10.25,"{""Bat"": 3.314, ""Distance_mm"": 930, ""Interrupt_flag"": 0, ""Node_type"": ""DDS75-LB"", ""Sensor_flag"": 1, ""TempC_DS18B20"": 32.76}"
2025-10-13 11:22:32.641837934+00:00,dds75-lb-12,2,-43,9.75,"{""Bat"": 3.314, ""Distance_mm"": 930, ""Interrupt_flag"": 0, ""Node_type"": ""DDS75-LB"", ""Sensor_flag"": 1, ""TempC_DS18B20"": 32.76}"
2025-10-13 12:22:31.902065113+00:00,dds75-lb-12,2,-42,9.75,"{""Bat"": 3.314, ""Distance_mm"": 930, ""Interrupt_flag"": 0, ""Node_type"": ""DDS75-LB"", ""Sensor_flag"": 1, ""TempC_DS18B20"": 32.76}"
2025-10-13 13:22:31.172585508+00:00,dds75-lb-12,2,-121,-4.75,"{""Bat"": 3.314, ""Distance_mm"": 931, ""Interrupt_flag"": 0, ""Node_type"": ""DDS75-LB"", ""Sensor_flag"": 1, ""TempC_DS18B20"": 32.76}"
2025-10-13 14:22:30.420176254+00:00,dds75-lb-12,2,-40,7.5,"{""Bat"": 3.314, ""Distance_mm"": 930, ""Interrupt_flag"": 0, ""Node_type"": ""DDS75-LB"", ""Sensor_flag"": 1, ""TempC_DS18B20"": 32.76}"
2025-10-13 15:22:29.681263004+00:00,dds75-lb-12,2,-125,-9.25,"{""Bat"": 3.314, ""Distance_mm"": 931, ""Interrupt_flag"": 0, ""Node_type"": ""DDS75-LB"", ""Sensor_flag"": 1, ""TempC_DS18B20"": 32.76}"
2025-10-13 16:22:28.942471925+00:00,dds75-lb-12,2,-122,-7.0,"{""Bat"": 3.314, ""Distance_mm"": 931, ""Interrupt_flag"": 0, ""Node_type"": ""DDS75-LB"", ""Sensor_flag"": 1, ""TempC_DS18B20"": 32.76}"
2025-10-13 17:22:28.206357221+00:00,dds75-lb-12,2,-44,9.0,"{""Bat"": 3.314, ""Distance_mm"": 931, ""Interrupt_flag"": 0, ""Node_type"": ""DDS75-LB"", ""Sensor_flag"": 1, ""TempC_DS18B20"": 32.76}"
2025-10-13 18:22:27.474769210+00:00,dds75-lb-12,2,-44,9.25,"{""Bat"": 3.314, ""Distance_mm"": 931, ""Interrupt_flag"": 0, ""Node_type"": ""DDS75-LB"", ""Sensor_flag"": 1, ""TempC_DS18B20"": 32.76}"
2025-10-13 19:22:26.737943148+00:00,dds75-lb-12,2,-45,10.5,"{""Bat"": 3.314, ""Distance_mm"": 931, ""Interrupt_flag"": 0, ""Node_type"": ""DDS75-LB"", ""Sensor_flag"": 1, ""TempC_DS18B20"": 32.76}"
2025-10-13 20:22:26.017316122+00:00,dds75-lb-12,2,-42,8.25,"{""Bat"": 3.314, ""Distance_mm"": 931, ""Interrupt_flag"": 0, ""Node_type"": ""DDS75-LB"", ""Sensor_flag"": 1, ""TempC_DS18B20"": 32.76}"
2025-10-13 21:22:25.262339833+00:00,dds75-lb-12,2,-45,9.25,"{""Bat"": 3.314, ""Distance_mm"": 930, ""Interrupt_flag"": 0, ""Node_type"": ""DDS75-LB"", ""Sensor_flag"": 1, ""TempC_DS18B20"": 32.76}"
2025-10-13 22:22:24.520687319+00:00,dds75-lb-12,2,-44,10.0,"{""Bat"": 3.314, ""Distance_mm"": 930, ""Interrupt_flag"": 0, ""Node_type"": ""DDS75-LB"", ""Sensor_flag"": 1, ""TempC_DS18B20"": 32.76}"
2025-10-13 23:22:23.772846383+00:00,dds75-lb-12,2,-42,10.25,"{""Bat"": 3.314, ""Distance_mm"": 931, ""Interrupt_flag"": 0, ""Node_type"": ""DDS75-LB"", ""Sensor_flag"": 1, ""TempC_DS18B20"": 32.76}"
2025-10-14 00:22:23.061981377+00:00,dds75-lb-12,2,-45,7.5,"{""Bat"": 3.314, ""Distance_mm"": 930, ""Interrupt_flag"": 0, ""Node_type"": ""DDS75-LB"", ""Sensor_flag"": 1, ""TempC_DS18B20"": 32.76}"
2025-10-14 01:22:22.315226573+00:00,dds75-lb-12,2,-44,9.75,"{""Bat"": 3.314, ""Distance_mm"": 930, ""Interrupt_flag"": 0, ""Node_type"": ""DDS75-LB"", ""Sensor_flag"": 1, ""TempC_DS18B20"": 32.76}"
2025-10-14 02:22:21.597083518+00:00,dds75-lb-12,2,-47,10.5,"{""Bat"": 3.314, ""Distance_mm"": 930, ""Interrupt_flag"": 0, ""Node_type"": ""DDS75-LB"", ""Sensor_flag"": 1, ""TempC_DS18B20"": 32.76}"
2025-10-14 03:22:20.847359913+00:00,dds75-lb-12,2,-44,6.5,"{""Bat"": 3.314, ""Distance_mm"": 930, ""Interrupt_flag"": 0, ""Node_type"": ""DDS75-LB"", ""Sensor_flag"": 1, ""TempC_DS18B20"": 32.76}"
2025-10-14 04:22:20.119984025+00:00,dds75-lb-12,2,-41,9.75,"{""Bat"": 3.314, ""Distance_mm"": 930, ""Interrupt_flag"": 0, ""Node_type"": ""DDS75-LB"", ""Sensor_flag"": 1, ""TempC_DS18B20"": 32.76}"
2025-10-14 05:22:19.360811405+00:00,dds75-lb-12,2,-45,9.0,"{""Bat"": 3.314, ""Distance_mm"": 930, ""Interrupt_flag"": 0, ""Node_type"": ""DDS75-LB"", ""Sensor_flag"": 1, ""TempC_DS18B20"": 32.76}"
2025-10-14 06:22:18.651199203+00:00,dds75-lb-12,2,-43,7.5,"{""Bat"": 3.314, ""Distance_mm"": 931, ""Interrupt_flag"": 0, ""Node_type"": ""DDS75-LB"", ""Sensor_flag"": 1, ""TempC_DS18B20"": 32.76}"
2025-10-14 07:22:17.900947332+00:00,dds75-lb-12,2,-40,7.75,"{""Bat"": 3.314, ""Distance_mm"": 931, ""Interrupt_flag"": 0, ""Node_type"": ""DDS75-LB"", ""Sensor_flag"": 1, ""TempC_DS18B20"": 32.76}"
2025-10-14 08:22:17.170819508+00:00,dds75-lb-12,2,-47,9.75,"{""Bat"": 3.314, ""Distance_mm"": 931, ""Interrupt_flag"": 0, ""Node_type"": ""DDS75-LB"", ""Sensor_flag"": 1, ""TempC_DS18B20"": 32.76}"
2025-10-14 09:22:16.447952196+00:00,dds75-lb-12,2,-118,-3.75,"{""Bat"": 3.314, ""Distance_mm"": 931, ""Interrupt_flag"": 0, ""Node_type"": ""DDS75-LB"", ""Sensor_flag"": 1, ""TempC_DS18B20"": 32.76}"
2025-10-14 10:22:15.690539246+00:00,dds75-lb-12,2,-49,11.25,"{""Bat"": 3.314, ""Distance_mm"": 931, ""Interrupt_flag"": 0, ""Node_type"": ""DDS75-LB"", ""Sensor_flag"": 1, ""TempC_DS18B20"": 32.76}"
2025-10-14 11:22:14.953843036+00:00,dds75-lb-12,2,-47,10.25,"{""Bat"": 3.314, ""Distance_mm"": 931, ""Interrupt_flag"": 0, ""Node_type"": ""DDS75-LB"", ""Sensor_flag"": 1, ""TempC_DS18B20"": 32.76}"
2025-10-14 12:22:14.198995844+00:00,dds75-lb-12,2,-47,10.25,"{""Bat"": 3.314, ""Distance_mm"": 931, ""Interrupt_flag"": 0, ""Node_type"": ""DDS75-LB"", ""Sensor_flag"": 1, ""TempC_DS18B20"": 32.76}"
2025-10-14 13:22:13.458151952+00:00,dds75-lb-12,2,-47,9.25,"{""Bat"": 3.314, ""Distance_mm"": 931, ""Interrupt_flag"": 0, ""Node_type"": ""DDS75-LB"", ""Sensor_flag"": 1, ""TempC_DS18B20"": 32.76}"
2025-10-14 14:22:12.710059154+00:00,dds75-lb-12,2,-122,-7.5,"{""Bat"": 3.314, ""Distance_mm"": 931, ""Interrupt_flag"": 0, ""Node_type"": ""DDS75-LB"", ""Sensor_flag"": 1, ""TempC_DS18B20"": 32.76}"
2025-10-14 15:22:11.979399981+00:00,dds75-lb-12,2,-44,7.25,"{""Bat"": 3.314, ""Distance_mm"": 931, ""Interrupt_flag"": 0, ""Node_type"": ""DDS75-LB"", ""Sensor_flag"": 1, ""TempC_DS18B20"": 32.76}"
2025-10-14 16:22:11.267657001+00:00,dds75-lb-12,2,-47,9.5,"{""Bat"": 3.314, ""Distance_mm"": 931, ""Interrupt_flag"": 0, ""Node_type"": ""DDS75-LB"", ""Sensor_flag"": 1, ""TempC_DS18B20"": 32.76}"
2025-10-14 17:22:10.506355667+00:00,dds75-lb-12,2,-47,9.25,"{""Bat"": 3.314, ""Distance_mm"": 931, ""Interrupt_flag"": 0, ""Node_type"": ""DDS75-LB"", ""Sensor_flag"": 1, ""TempC_DS18B20"": 32.76}"
2025-10-14 18:22:09.773242532+00:00,dds75-lb-12,2,-45,10.0,"{""Bat"": 3.314, ""Distance_mm"": 931, ""Interrupt_flag"": 0, ""Node_type"": ""DDS75-LB"", ""Sensor_flag"": 1, ""TempC_DS18B20"": 32.76}"
2025-10-14 19:22:09.036874121+00:00,dds75-lb-12,2,-47,7.5,"{""Bat"": 3.314, ""Distance_mm"": 931, ""Interrupt_flag"": 0, ""Node_type"": ""DDS75-LB"", ""Sensor_flag"": 1, ""TempC_DS18B20"": 32.76}"
2025-10-14 20:22:08.307637795+00:00,dds75-lb-12,2,-124,-8.25,"{""Bat"": 3.314, ""Distance_mm"": 931, ""Interrupt_flag"": 0, ""Node_type"": ""DDS75-LB"", ""Sensor_flag"": 1, ""TempC_DS18B20"": 32.76}"
2025-10-14 21:22:07.550625496+00:00,dds75-lb-12,2,-49,9.5,"{""Bat"": 3.314, ""Distance_mm"": 930, ""Interrupt_flag"": 0, ""Node_type"": ""DDS75-LB"", ""Sensor_flag"": 1, ""TempC_DS18B20"": 32.76}"
2025-10-14 22:22:06.807574119+00:00,dds75-lb-12,2,-45,7.5,"{""Bat"": 3.314, ""Distance_mm"": 931, ""Interrupt_flag"": 0, ""Node_type"": ""DDS75-LB"", ""Sensor_flag"": 1, ""TempC_DS18B20"": 32.76}"
2025-10-14 23:22:06.067084830+00:00,dds75-lb-12,2,-47,10.75,"{""Bat"": 3.314, ""Distance_mm"": 931, ""Interrupt_flag"": 0, ""Node_type"": ""DDS75-LB"", ""Sensor_flag"": 1, ""TempC_DS18B20"": 32.76}"
2025-10-15 00:22:05.341327510+00:00,dds75-lb-12,2,-120,-3.25,"{""Bat"": 3.314, ""Distance_mm"": 930, ""Interrupt_flag"": 0, ""Node_type"": ""DDS75-LB"", ""Sensor_flag"": 1, ""TempC_DS18B20"": 32.76}"
2025-10-15 01:22:04.595544492+00:00,dds75-lb-12,2,-47,9.25,"{""Bat"": 3.314, ""Distance_mm"": 930, ""Interrupt_flag"": 0, ""Node_type"": ""DDS75-LB"", ""Sensor_flag"": 1, ""TempC_DS18B20"": 32.76}"
2025-10-15 02:22:03.853886422+00:00,dds75-lb-12,2,-45,9.0,"{""Bat"": 3.314, ""Distance_mm"": 930, ""Interrupt_flag"": 0, ""Node_type"": ""DDS75-LB"", ""Sensor_flag"": 1, ""TempC_DS18B20"": 32.76}"
2025-10-15 03:22:03.123091442+00:00,dds75-lb-12,2,-49,10.0,"{""Bat"": 3.314, ""Distance_mm"": 930, ""Interrupt_flag"": 0, ""Node_type"": ""DDS75-LB"", ""Sensor_flag"": 1, ""TempC_DS18B20"": 32.76}"
2025-10-15 04:22:02.402853178+00:00,dds75-lb-12,2,-47,8.75,"{""Bat"": 3.314, ""Distance_mm"": 930, ""Interrupt_flag"": 0, ""Node_type"": ""DDS75-LB"", ""Sensor_flag"": 1, ""TempC_DS18B20"": 32.76}"
2025-10-15 05:22:01.663791989+00:00,dds75-lb-12,2,-49,10.75,"{""Bat"": 3.314, ""Distance_mm"": 930, ""Interrupt_flag"": 0, ""Node_type"": ""DDS75-LB"", ""Sensor_flag"": 1, ""TempC_DS18B20"": 32.76}"
2025-10-15 06:22:00.922254022+00:00,dds75-lb-12,2,-45,7.75,"{""Bat"": 3.314, ""Distance_mm"": 931, ""Interrupt_flag"": 0, ""Node_type"": ""DDS75-LB"", ""Sensor_flag"": 1, ""TempC_DS18B20"": 32.76}"
2025-10-15 07:22:00.201800739+00:00,dds75-lb-12,2,-47,10.0,"{""Bat"": 3.314, ""Distance_mm"": 931, ""Interrupt_flag"": 0, ""Node_type"": ""DDS75-LB"", ""Sensor_flag"": 1, ""TempC_DS18B20"": 32.76}"
2025-10-15 08:21:59.435896160+00:00,dds75-lb-12,2,-49,9.5,"{""Bat"": 3.314, ""Distance_mm"": 930, ""Interrupt_flag"": 0, ""Node_type"": ""DDS75-LB"", ""Sensor_flag"": 1, ""TempC_DS18B20"": 32.76}"
2025-10-15 09:21:58.704266686+00:00,dds75-lb-12,2,-47,9.0,"{""Bat"": 3.314, ""Distance_mm"": 931, ""Interrupt_flag"": 0, ""Node_type"": ""DDS75-LB"", ""Sensor_flag"": 1, ""TempC_DS18B20"": 32.76}"
2025-10-15 10:21:57.965318705+00:00,dds75-lb-12,2,-50,8.5,"{""Bat"": 3.314, ""Distance_mm"": 931, ""Interrupt_flag"": 0, ""Node_type"": ""DDS75-LB"", ""Sensor_flag"": 1, ""TempC_DS18B20"": 32.76}"
2025-10-15 11:21:57.212798802+00:00,dds75-lb-12,2,-49,9.75,"{""Bat"": 3.314, ""Distance_mm"": 931, ""Interrupt_flag"": 0, ""Node_type"": ""DDS75-LB"", ""Sensor_flag"": 1, ""TempC_DS18B20"": 32.76}"
2025-10-15 12:21:56.476408616+00:00,dds75-lb-12,2,-47,9.5,"{""Bat"": 3.314, ""Distance_mm"": 931, ""Interrupt_flag"": 0, ""Node_type"": ""DDS75-LB"", ""Sensor_flag"": 1, ""TempC_DS18B20"": 32.76}"
2025-10-15 13:21:55.750077455+00:00,dds75-lb-12,2,-50,9.5,"{""Bat"": 3.314, ""Distance_mm"": 931, ""Interrupt_flag"": 0, ""Node_type"": ""DDS75-LB"", ""Sensor_flag"": 1, ""TempC_DS18B20"": 32.76}"
2025-10-15 14:21:54.995496043+00:00,dds75-lb-12,2,-45,7.5,"{""Bat"": 3.314, ""Distance_mm"": 931, ""Interrupt_flag"": 0, ""Node_type"": ""DDS75-LB"", ""Sensor_flag"": 1, ""TempC_DS18B20"": 32.76}"
2025-10-15 15:21:54.264361576+00:00,dds75-lb-12,2,-45,8.75,"{""Bat"": 3.314, ""Distance_mm"": 931, ""Interrupt_flag"": 0, ""Node_type"": ""DDS75-LB"", ""Sensor_flag"": 1, ""TempC_DS18B20"": 32.76}"
2025-10-15 16:21:53.539757147+00:00,dds75-lb-12,2,-48,7.5,"{""Bat"": 3.314, ""Distance_mm"": 931, ""Interrupt_flag"": 0, ""Node_type"": ""DDS75-LB"", ""Sensor_flag"": 1, ""TempC_DS18B20"": 32.76}"
2025-10-15 17:21:52.786685226+00:00,dds75-lb-12,2,-49,10.0,"{""Bat"": 3.314, ""Distance_mm"": 931, ""Interrupt_flag"": 0, ""Node_type"": ""DDS75-LB"", ""Sensor_flag"": 1, ""TempC_DS18B20"": 32.76}"
2025-10-15 18:21:52.057924117+00:00,dds75-lb-12,2,-49,10.25,"{""Bat"": 3.314, ""Distance_mm"": 931, ""Interrupt_flag"": 0, ""Node_type"": ""DDS75-LB"", ""Sensor_flag"": 1, ""TempC_DS18B20"": 32.76}"
2025-10-15 19:21:51.309477628+00:00,dds75-lb-12,2,-47,9.5,"{""Bat"": 3.314, ""Distance_mm"": 931, ""Interrupt_flag"": 0, ""Node_type"": ""DDS75-LB"", ""Sensor_flag"": 1, ""TempC_DS18B20"": 32.76}"
2025-10-15 20:21:50.572110163+00:00,dds75-lb-12,2,-50,9.75,"{""Bat"": 3.314, ""Distance_mm"": 930, ""Interrupt_flag"": 0, ""Node_type"": ""DDS75-LB"", ""Sensor_flag"": 1, ""TempC_DS18B20"": 32.76}"
2025-10-15 21:21:49.829809442+00:00,dds75-lb-12,2,-51,9.75,"{""Bat"": 3.314, ""Distance_mm"": 931, ""Interrupt_flag"": 0, ""Node_type"": ""DDS75-LB"", ""Sensor_flag"": 1, ""TempC_DS18B20"": 32.76}"
2025-10-15 22:21:49.081381563+00:00,dds75-lb-12,2,-49,9.75,"{""Bat"": 3.314, ""Distance_mm"": 930, ""Interrupt_flag"": 0, ""Node_type"": ""DDS75-LB"", ""Sensor_flag"": 1, ""TempC_DS18B20"": 32.76}"
2025-10-15 23:21:48.353146937+00:00,dds75-lb-12,2,-49,6.75,"{""Bat"": 3.314, ""Distance_mm"": 930, ""Interrupt_flag"": 0, ""Node_type"": ""DDS75-LB"", ""Sensor_flag"": 1, ""TempC_DS18B20"": 32.76}"
2025-10-16 00:21:47.631739406+00:00,dds75-lb-12,2,-51,9.25,"{""Bat"": 3.314, ""Distance_mm"": 931, ""Interrupt_flag"": 0, ""Node_type"": ""DDS75-LB"", ""Sensor_flag"": 1, ""TempC_DS18B20"": 32.76}"
2025-10-16 01:21:46.859736267+00:00,dds75-lb-12,2,-123,-6.75,"{""Bat"": 3.314, ""Distance_mm"": 930, ""Interrupt_flag"": 0, ""Node_type"": ""DDS75-LB"", ""Sensor_flag"": 1, ""TempC_DS18B20"": 32.76}"
2025-10-16 02:21:46.134658791+00:00,dds75-lb-12,2,-53,9.5,"{""Bat"": 3.314, ""Distance_mm"": 930, ""Interrupt_flag"": 0, ""Node_type"": ""DDS75-LB"", ""Sensor_flag"": 1, ""TempC_DS18B20"": 32.76}"
2025-10-16 03:21:45.406079536+00:00,dds75-lb-12,2,-51,10.0,"{""Bat"": 3.314, ""Distance_mm"": 930, ""Interrupt_flag"": 0, ""Node_type"": ""DDS75-LB"", ""Sensor_flag"": 1, ""TempC_DS18B20"": 32.76}"
2025-10-16 04:21:44.650228829+00:00,dds75-lb-12,2,-48,9.5,"{""Bat"": 3.314, ""Distance_mm"": 930, ""Interrupt_flag"": 0, ""Node_type"": ""DDS75-LB"", ""Sensor_flag"": 1, ""TempC_DS18B20"": 32.76}"
2025-10-16 05:21:43.945835609+00:00,dds75-lb-12,2,-50,9.0,"{""Bat"": 3.314, ""Distance_mm"": 930, ""Interrupt_flag"": 0, ""Node_type"": ""DDS75-LB"", ""Sensor_flag"": 1, ""TempC_DS18B20"": 32.76}"
2025-10-16 06:21:43.187125002+00:00,dds75-lb-12,2,-49,7.5,"{""Bat"": 3.314, ""Distance_mm"": 931, ""Interrupt_flag"": 0, ""Node_type"": ""DDS75-LB"", ""Sensor_flag"": 1, ""TempC_DS18B20"": 32.76}"
2025-10-16 07:21:42.447655997+00:00,dds75-lb-12,2,-49,7.75,"{""Bat"": 3.314, ""Distance_mm"": 932, ""Interrupt_flag"": 0, ""Node_type"": ""DDS75-LB"", ""Sensor_flag"": 1, ""TempC_DS18B20"": 32.76}"
2025-10-16 08:21:41.713181020+00:00,dds75-lb-12,2,-47,9.75,"{""Bat"": 3.314, ""Distance_mm"": 932, ""Interrupt_flag"": 0, ""Node_type"": ""DDS75-LB"", ""Sensor_flag"": 1, ""TempC_DS18B20"": 32.76}"
