received_at,device_id,f_port,rssi,snr,payload_json
2025-09-18 00:05:26.922149037+00:00,dds75-lb-07,2,-51,8.75,"{""Bat"": 3.257, ""Distance_mm"": 947, ""Interrupt_flag"": 0, ""Node_type"": ""DDS75-LB"", ""Sensor_flag"": 1, ""TempC_DS18B20"": 32.76}"
2025-09-18 00:25:26.681764348+00:00,dds75-lb-07,2,-50,9.5,"{""Bat"": 3.257, ""Distance_mm"": 943, ""Interrupt_flag"": 0, ""Node_type"": ""DDS75-LB"", ""Sensor_flag"": 1, ""TempC_DS18B20"": 32.76}"
2025-09-18 00:45:26.475254568+00:00,dds75-lb-07,2,-124,-7.5,"{""Bat"": 3.257, ""Distance_mm"": 943, ""Interrupt_flag"": 0, ""Node_type"": ""DDS75-LB"", ""Sensor_flag"": 1, ""TempC_DS18B20"": 32.76}"
2025-09-18 01:05:26.214484198+00:00,dds75-lb-07,2,-51,7.25,"{""Bat"": 3.257, ""Distance_mm"": 947, ""Interrupt_flag"": 0, ""Node_type"": ""DDS75-LB"", ""Sensor_flag"": 1, ""TempC_DS18B20"": 32.76}"
2025-09-18 01:25:25.970836753+00:00,dds75-lb-07,2,-49,9.25,"{""Bat"": 3.257, ""Distance_mm"": 946, ""Interrupt_flag"": 0, ""Node_type"": ""DDS75-LB"", ""Sensor_flag"": 1, ""TempC_DS18B20"": 32.76}"
2025-09-18 01:45:25.749764583+00:00,dds75-lb-07,2,-51,9.5,"{""Bat"": 3.257, ""Distance_mm"": 942, ""Interrupt_flag"": 0, ""Node_type"": ""DDS75-LB"", ""Sensor_flag"": 1, ""TempC_DS18B20"": 32.76}"
2025-09-18 02:05:25.508881187+00:00,dds75-lb-07,2,-51,10.75,"{""Bat"": 3.257, ""Distance_mm"": 946, ""Interrupt_flag"": 0, ""Node_type"": ""DDS75-LB"", ""Sensor_flag"": 1, ""TempC_DS18B20"": 32.76}"
2025-09-18 02:25:25.283596676+00:00,dds75-lb-07,2,-51,9.75,"{""Bat"": 3.257, ""Distance_mm"": 942, ""Interrupt_flag"": 0, ""Node_type"": ""DDS75-LB"", ""Sensor_flag"": 1, ""TempC_DS18B20"": 32.76}"
2025-09-18 02:45:25.041456437+00:00,dds75-lb-07,2,-124,-8.25,"{""Bat"": 3.257, ""Distance_mm"": 942, ""Interrupt_flag"": 0, ""Node_type"": ""DDS75-LB"", ""Sensor_flag"": 1, ""TempC_DS18B20"": 32.76}"
2025-09-18 03:05:24.804518827+00:00,dds75-lb-07,2,-122,-7.75,"{""Bat"": 3.257, ""Distance_mm"": 943, ""Interrupt_flag"": 0, ""Node_type"": ""DDS75-LB"", ""Sensor_flag"": 1, ""TempC_DS18B20"": 32.76}"
2025-09-18 03:25:24.587861373+00:00,dds75-lb-07,2,-43,7.25,"{""Bat"": 3.257, ""Distance_mm"": 943, ""Interrupt_flag"": 0, ""Node_type"": ""DDS75-LB"", ""Sensor_flag"": 1, ""TempC_DS18B20"": 32.76}"
2025-09-18 03:45:24.336605898+00:00,dds75-lb-07,2,-51,7.75,"{""Bat"": 3.257, ""Distance_mm"": 943, ""Interrupt_flag"": 0, ""Node_type"": ""DDS75-LB"", ""Sensor_flag"": 1, ""TempC_DS18B20"": 32.76}"
2025-09-18 04:05:24.097445059+00:00,dds75-lb-07,2,-50,9.5,"{""Bat"": 3.257, ""Distance_mm"": 943, ""Interrupt_flag"": 0, ""Node_type"": ""DDS75-LB"", ""Sensor_flag"": 1, ""TempC_DS18B20"": 32.76}"
2025-09-18 04:25:23.859797256+00:00,dds75-lb-07,2,-53,9.25,"{""Bat"": 3.257, ""Distance_mm"": 943, ""Interrupt_flag"": 0, ""Node_type"": ""DDS75-LB"", ""Sensor_flag"": 1, ""TempC_DS18B20"": 32.76}"
2025-09-18 04:45:23.640237589+00:00,dds75-lb-07,2,-50,7.0,"{""Bat"": 3.257, ""Distance_mm"": 943, ""Interrupt_flag"": 0, ""Node_type"": ""DDS75-LB"", ""Sensor_flag"": 1, ""TempC_DS18B20"": 32.76}"
2025-09-18 05:05:23.398966801+00:00,dds75-lb-07,2,-49,9.5,"{""Bat"": 3.257, ""Distance_mm"": 943, ""Interrupt_flag"": 0, ""Node_type"": ""DDS75-LB"", ""Sensor_flag"": 1, ""TempC_DS18B20"": 32.76}"
2025-09-18 05:25:23.155318572+00:00,dds75-lb-07,2,-51,9.75,"{""Bat"": 3.257, ""Distance_mm"": 868, ""Interrupt_flag"": 0, ""Node_type"": ""DDS75-LB"", ""Sensor_flag"": 1, ""TempC_DS18B20"": 32.76}"
2025-09-18 05:45:22.920482901+00:00,dds75-lb-07,2,-50,9.25,"{""Bat"": 3.257, ""Distance_mm"": 868, ""Interrupt_flag"": 0, ""Node_type"": ""DDS75-LB"", ""Sensor_flag"": 1, ""TempC_DS18B20"": 32.76}"
2025-09-18 06:05:22.728266435+00:00,dds75-lb-07,2,-49,9.25,"{""Bat"": 3.257, ""Distance_mm"": 868, ""Interrupt_flag"": 0, ""Node_type"": ""DDS75-LB"", ""Sensor_flag"": 1, ""TempC_DS18B20"": 32.76}"
2025-09-18 06:25:22.485135557+00:00,dds75-lb-07,2,-50,10.25,"{""Bat"": 3.257, ""Distance_mm"": 868, ""Interrupt_flag"": 0, ""Node_type"": ""DDS75-LB"", ""Sensor_flag"": 1, ""TempC_DS18B20"": 32.76}"
2025-09-18 06:45:22.218358739+00:00,dds75-lb-07,2,-122,-5.25,"{""Bat"": 3.257, ""Distance_mm"": 868, ""Interrupt_flag"": 0, ""Node_type"": ""DDS75-LB"", ""Sensor_flag"": 1, ""TempC_DS18B20"": 32.76}"
2025-09-18 07:05:22.012349081+00:00,dds75-lb-07,2,-51,10.25,"{""Bat"": 3.257, ""Distance_mm"": 868, ""Interrupt_flag"": 0, ""Node_type"": ""DDS75-LB"", ""Sensor_flag"": 1, ""TempC_DS18B20"": 32.76}"
2025-09-18 07:25:21.769042184+00:00,dds75-lb-07,2,-51,9.0,"{""Bat"": 3.257, ""Distance_mm"": 868, ""Interrupt_flag"": 0, ""Node_type"": ""DDS75-LB"", ""Sensor_flag"": 1, ""TempC_DS18B20"": 32.76}"
2025-09-18 07:45:21.522076774+00:00,dds75-lb-07,2,-50,8.25,"{""Bat"": 3.257, ""Distance_mm"": 868, ""Interrupt_flag"": 0, ""Node_type"": ""DDS75-LB"", ""Sensor_flag"": 1, ""TempC_DS18B20"": 32.76}"
2025-09-18 08:05:21.290700170+00:00,dds75-lb-07,2,-53,9.25,"{""Bat"": 3.257, ""Distance_mm"": 868, ""Interrupt_flag"": 0, ""Node_type"": ""DDS75-LB"", ""Sensor_flag"": 1, ""TempC_DS18B20"": 32.76}"
2025-09-18 08:25:21.084537984+00:00,dds75-lb-07,2,-49,8.0,"{""Bat"": 3.257, ""Distance_mm"": 868, ""Interrupt_flag"": 0, ""Node_type"": ""DDS75-LB"", ""Sensor_flag"": 1, ""TempC_DS18B20"": 32.76}"
2025-09-18 08:45:20.809056499+00:00,dds75-lb-07,2,-51,10.75,"{""Bat"": 3.257, ""Distance_mm"": 868, ""Interrupt_flag"": 0, ""Node_type"": ""DDS75-LB"", ""Sensor_flag"": 1, ""TempC_DS18B20"": 32.76}"
2025-09-18 09:05:20.564671257+00:00,dds75-lb-07,2,-50,8.5,"{""Bat"": 3.257, ""Distance_mm"": 869, ""Interrupt_flag"": 0, ""Node_type"": ""DDS75-LB"", ""Sensor_flag"": 1, ""TempC_DS18B20"": 32.76}"
2025-09-18 09:25:20.351416215+00:00,dds75-lb-07,2,-51,9.5,"{""Bat"": 3.257, ""Distance_mm"": 868, ""Interrupt_flag"": 0, ""Node_type"": ""DDS75-LB"", ""Sensor_flag"": 1, ""TempC_DS18B20"": 32.76}"
2025-09-18 09:45:20.105059120+00:00,dds75-lb-07,2,-51,9.0,"{""Bat"": 3.257, ""Distance_mm"": 868, ""Interrupt_flag"": 0, ""Node_type"": ""DDS75-LB"", ""Sensor_flag"": 1, ""TempC_DS18B20"": 32.76}"
2025-09-18 10:05:19.881453045+00:00,dds75-lb-07,2,-51,9.5,"{""Bat"": 3.257, ""Distance_mm"": 868, ""Interrupt_flag"": 0, ""Node_type"": ""DDS75-LB"", ""Sensor_flag"": 1, ""TempC_DS18B20"": 32.76}"
2025-09-18 10:25:19.643355955+00:00,dds75-lb-07,2,-50,9.75,"{""Bat"": 3.257, ""Distance_mm"": 868, ""Interrupt_flag"": 0, ""Node_type"": ""DDS75-LB"", ""Sensor_flag"": 1, ""TempC_DS18B20"": 32.76}"
2025-09-18 10:45:19.387626946+00:00,dds75-lb-07,2,-51,9.75,"{""Bat"": 3.257, ""Distance_mm"": 868, ""Interrupt_flag"": 0, ""Node_type"": ""DDS75-LB"", ""Sensor_flag"": 1, ""TempC_DS18B20"": 32.76}"
2025-09-18 11:05:19.180385347+00:00,dds75-lb-07,2,-53,7.0,"{""Bat"": 3.257, ""Distance_mm"": 868, ""Interrupt_flag"": 0, ""Node_type"": ""DDS75-LB"", ""Sensor_flag"": 1, ""TempC_DS18B20"": 32.76}"
2025-09-18 11:25:18.936463347+00:00,dds75-lb-07,2,-50,7.5,"{""Bat"": 3.257, ""Distance_mm"": 869, ""Interrupt_flag"": 0, ""Node_type"": ""DDS75-LB"", ""Sensor_flag"": 1, ""TempC_DS18B20"": 32.76}"
2025-09-18 11:45:18.696777114+00:00,dds75-lb-07,2,-51,9.75,"{""Bat"": 3.257, ""Distance_mm"": 869, ""Interrupt_flag"": 0, ""Node_type"": ""DDS75-LB"", ""Sensor_flag"": 1, ""TempC_DS18B20"": 32.76}"
2025-09-18 12:05:18.473896619+00:00,dds75-lb-07,2,-53,10.0,"{""Bat"": 3.257, ""Distance_mm"": 868, ""Interrupt_flag"": 0, ""Node_type"": ""DDS75-LB"", ""Sensor_flag"": 1, ""TempC_DS18B20"": 32.76}"
2025-09-18 12:25:18.224069478+00:00,dds75-lb-07,2,-51,8.75,"{""Bat"": 3.257, ""Distance_mm"": 868, ""Interrupt_flag"": 0, ""Node_type"": ""DDS75-LB"", ""Sensor_flag"": 1, ""TempC_DS18B20"": 32.76}"
2025-09-18 12:45:17.998991162+00:00,dds75-lb-07,2,-51,7.25,"{""Bat"": 3.257, ""Distance_mm"": 869, ""Interrupt_flag"": 0, ""Node_type"": ""DDS75-LB"", ""Sensor_flag"": 1, ""TempC_DS18B20"": 32.76}"
2025-09-18 13:05:17.767347737+00:00,dds75-lb-07,2,-51,8.5,"{""Bat"": 3.257, ""Distance_mm"": 869, ""Interrupt_flag"": 0, ""Node_type"": ""DDS75-LB"", ""Sensor_flag"": 1, ""TempC_DS18B20"": 32.76}"
2025-09-18 13:25:17.546414592+00:00,dds75-lb-07,2,-50,9.0,"{""Bat"": 3.257, ""Distance_mm"": 869, ""Interrupt_flag"": 0, ""Node_type"": ""DDS75-LB"", ""Sensor_flag"": 1, ""TempC_DS18B20"": 32.76}"
2025-09-18 13:45:17.291068045+00:00,dds75-lb-07,2,-49,7.5,"{""Bat"": 3.257, ""Distance_mm"": 869, ""Interrupt_flag"": 0, ""Node_type"": ""DDS75-LB"", ""Sensor_flag"": 1, ""TempC_DS18B20"": 32.76}"
2025-09-18 14:05:17.055737026+00:00,dds75-lb-07,2,-50,8.75,"{""Bat"": 3.257, ""Distance_mm"": 869, ""Interrupt_flag"": 0, ""Node_type"": ""DDS75-LB"", ""Sensor_flag"": 1, ""TempC_DS18B20"": 32.76}"
2025-09-18 14:25:16.833741990+00:00,dds75-lb-07,2,-53,10.0,"{""Bat"": 3.257, ""Distance_mm"": 869, ""Interrupt_flag"": 0, ""Node_type"": ""DDS75-LB"", ""Sensor_flag"": 1, ""TempC_DS18B20"": 32.76}"
2025-09-18 14:45:16.584241518+00:00,dds75-lb-07,2,-50,9.5,"{""Bat"": 3.257, ""Distance_mm"": 869, ""Interrupt_flag"": 0, ""Node_type"": ""DDS75-LB"", ""Sensor_flag"": 1, ""TempC_DS18B20"": 32.76}"
2025-09-18 15:05:16.343992935+00:00,dds75-lb-07,2,-53,9.5,"{""Bat"": 3.257, ""Distance_mm"": 868, ""Interrupt_flag"": 0, ""Node_type"": ""DDS75-LB"", ""Sensor_flag"": 1, ""TempC_DS18B20"": 32.76}"
2025-09-18 15:25:16.116601168+00:00,dds75-lb-07,2,-51,7.75,"{""Bat"": 3.257, ""Distance_mm"": 869, ""Interrupt_flag"": 0, ""Node_type"": ""DDS75-LB"", ""Sensor_flag"": 1, ""TempC_DS18B20"": 32.76}"
2025-09-18 15:45:15.876948041+00:00,dds75-lb-07,2,-51,9.25,"{""Bat"": 3.257, ""Distance_mm"": 869, ""Interrupt_flag"": 0, ""Node_type"": ""DDS75-LB"", ""Sensor_flag"": 1, ""TempC_DS18B20"": 32.76}"
2025-09-18 16:05:15.632968474+00:00,dds75-lb-07,2,-53,9.75,"{""Bat"": 3.257, ""Distance_mm"": 869, ""Interrupt_flag"": 0, ""Node_type"": ""DDS75-LB"", ""Sensor_flag"": 1, ""TempC_DS18B20"": 32.76}"
2025-09-18 16:25:15.421443852+00:00,dds75-lb-07,2,-51,10.0,"{""Bat"": 3.257, ""Distance_mm"": 869, ""Interrupt_flag"": 0, ""Node_type"": ""DDS75-LB"", ""Sensor_flag"": 1, ""TempC_DS18B20"": 32.76}"
2025-09-18 16:45:15.177921889+00:00,dds75-lb-07,2,-50,9.25,"{""Bat"": 3.257, ""Distance_mm"": 869, ""Interrupt_flag"": 0, ""Node_type"": ""DDS75-LB"", ""Sensor_flag"": 1, ""TempC_DS18B20"": 32.76}"
2025-09-18 17:05:14.943064983+00:00,dds75-lb-07,2,-50,8.0,"{""Bat"": 3.257, ""Distance_mm"": 869, ""Interrupt_flag"": 0, ""Node_type"": ""DDS75-LB"", ""Sensor_flag"": 1, ""TempC_DS18B20"": 32.76}"
2025-09-18 17:25:14.696207335+00:00,dds75-lb-07,2,-50,10.5,"{""Bat"": 3.257, ""Distance_mm"": 869, ""Interrupt_flag"": 0, ""Node_type"": ""DDS75-LB"", ""Sensor_flag"": 1, ""TempC_DS18B20"": 32.76}"
2025-09-18 17:45:14.461939622+00:00,dds75-lb-07,2,-51,10.0,"{""Bat"": 3.257, ""Distance_mm"": 869, ""Interrupt_flag"": 0, ""Node_type"": ""DDS75-LB"", ""Sensor_flag"": 1, ""TempC_DS18B20"": 32.76}"
2025-09-18 18:05:14.220061230+00:00,dds75-lb-07,2,-51,10.0,"{""Bat"": 3.257, ""Distance_mm"": 869, ""Interrupt_flag"": 0, ""Node_type"": ""DDS75-LB"", ""Sensor_flag"": 1, ""TempC_DS18B20"": 32.76}"
2025-09-18 18:25:13.993716891+00:00,dds75-lb-07,2,-49,9.5,"{""Bat"": 3.257, ""Distance_mm"": 869, ""Interrupt_flag"": 0, ""Node_type"": ""DDS75-LB"", ""Sensor_flag"": 1, ""TempC_DS18B20"": 32.76}"
2025-09-18 18:45:13.755487395+00:00,dds75-lb-07,2,-53,9.5,"{""Bat"": 3.257, ""Distance_mm"": 869, ""Interrupt_flag"": 0, ""Node_type"": ""DDS75-LB"", ""Sensor_flag"": 1, ""TempC_DS18B20"": 32.76}"
2025-09-18 19:05:13.509241364+00:00,dds75-lb-07,2,-49,7.0,"{""Bat"": 3.257, ""Distance_mm"": 869, ""Interrupt_flag"": 0, ""Node_type"": ""DDS75-LB"", ""Sensor_flag"": 1, ""TempC_DS18B20"": 32.76}"
2025-09-18 19:25:13.289448254+00:00,dds75-lb-07,2,-50,10.0,"{""Bat"": 3.257, ""Distance_mm"": 869, ""Interrupt_flag"": 0, ""Node_type"": ""DDS75-LB"", ""Sensor_flag"": 1, ""TempC_DS18B20"": 32.76}"
2025-09-18 19:45:13.048008572+00:00,dds75-lb-07,2,-53,9.75,"{""Bat"": 3.257, ""Distance_mm"": 869, ""Interrupt_flag"": 0, ""Node_type"": ""DDS75-LB"", ""Sensor_flag"": 1, ""TempC_DS18B20"": 32.76}"
2025-09-18 20:05:12.810126654+00:00,dds75-lb-07,2,-51,10.5,"{""Bat"": 3.257, ""Distance_mm"": 869, ""Interrupt_flag"": 0, ""Node_type"": ""DDS75-LB"", ""Sensor_flag"": 1, ""TempC_DS18B20"": 32.76}"
2025-09-18 20:25:12.603959362+00:00,dds75-lb-07,2,-53,10.75,"{""Bat"": 3.257, ""Distance_mm"": 869, ""Interrupt_flag"": 0, ""Node_type"": ""DDS75-LB"", ""Sensor_flag"": 1, ""TempC_DS18B20"": 32.76}"
2025-09-18 20:45:12.347028445+00:00,dds75-lb-07,2,-50,8.75,"{""Bat"": 3.257, ""Distance_mm"": 869, ""Interrupt_flag"": 0, ""Node_type"": ""DDS75-LB"", ""Sensor_flag"": 1, ""TempC_DS18B20"": 32.76}"
2025-09-18 21:05:12.116859019+00:00,dds75-lb-07,2,-53,9.5,"{""Bat"": 3.257, ""Distance_mm"": 869, ""Interrupt_flag"": 0, ""Node_type"": ""DDS75-LB"", ""Sensor_flag"": 1, ""TempC_DS18B20"": 32.76}"
2025-09-18 21:25:11.897571391+00:00,dds75-lb-07,2,-51,9.25,"{""Bat"": 3.257, ""Distance_mm"": 869, ""Interrupt_flag"": 0, ""Node_type"": ""DDS75-LB"", ""Sensor_flag"": 1, ""TempC_DS18B20"": 32.76}"
2025-09-18 21:45:11.648988337+00:00,dds75-lb-07,2,-50,9.5,"{""Bat"": 3.257, ""Distance_mm"": 869, ""Interrupt_flag"": 0, ""Node_type"": ""DDS75-LB"", ""Sensor_flag"": 1, ""TempC_DS18B20"": 32.76}"
2025-09-18 22:05:11.427846050+00:00,dds75-lb-07,2,-50,6.75,"{""Bat"": 3.257, ""Distance_mm"": 869, ""Interrupt_flag"": 0, ""Node_type"": ""DDS75-LB"", ""Sensor_flag"": 1, ""TempC_DS18B20"": 32.76}"
2025-09-18 22:25:11.164621863+00:00,dds75-lb-07,2,-51,8.0,"{""Bat"": 3.257, ""Distance_mm"": 869, ""Interrupt_flag"": 0, ""Node_type"": ""DDS75-LB"", ""Sensor_flag"": 1, ""TempC_DS18B20"": 32.76}"
2025-09-18 22:45:10.928681239+00:00,dds75-lb-07,2,-51,9.0,"{""Bat"": 3.257, ""Distance_mm"": 868, ""Interrupt_flag"": 0, ""Node_type"": ""DDS75-LB"", ""Sensor_flag"": 1, ""TempC_DS18B20"": 32.76}"
2025-09-18 23:05:10.698938710+00:00,dds75-lb-07,2,-53,9.25,"{""Bat"": 3.257, ""Distance_mm"": 868, ""Interrupt_flag"": 0, ""Node_type"": ""DDS75-LB"", ""Sensor_flag"": 1, ""TempC_DS18B20"": 32.76}"
2025-09-18 23:25:10.461024054+00:00,dds75-lb-07,2,-50,8.75,"{""Bat"": 3.257, ""Distance_mm"": 868, ""Interrupt_flag"": 0, ""Node_type"": ""DDS75-LB"", ""Sensor_flag"": 1, ""TempC_DS18B20"": 32.76}"
2025-09-18 23:45:10.227889322+00:00,dds75-lb-07,2,-51,11.25,"{""Bat"": 3.257, ""Distance_mm"": 868, ""Interrupt_flag"": 0, ""Node_type"": ""DDS75-LB"", ""Sensor_flag"": 1, ""TempC_DS18B20"": 32.76}"
2025-09-19 00:05:09.978780771+00:00,dds75-lb-07,2,-53,10.5,"{""Bat"": 3.257, ""Distance_mm"": 868, ""Interrupt_flag"": 0, ""Node_type"": ""DDS75-LB"", ""Sensor_flag"": 1, ""TempC_DS18B20"": 32.76}"
2025-09-19 00:25:09.757992531+00:00,dds75-lb-07,2,-53,7.25,"{""Bat"": 3.257, ""Distance_mm"": 868, ""Interrupt_flag"": 0, ""Node_type"": ""DDS75-LB"", ""Sensor_flag"": 1, ""TempC_DS18B20"": 32.76}"
2025-09-19 00:45:09.529337742+00:00,dds75-lb-07,2,-50,9.75,"{""Bat"": 3.257, ""Distance_mm"": 868, ""Interrupt_flag"": 0, ""Node_type"": ""DDS75-LB"", ""Sensor_flag"": 1, ""TempC_DS18B20"": 32.76}"
2025-09-19 01:05:09.296730920+00:00,dds75-lb-07,2,-51,8.25,"{""Bat"": 3.257, ""Distance_mm"": 869, ""Interrupt_flag"": 0, ""Node_type"": ""DDS75-LB"", ""Sensor_flag"": 1, ""TempC_DS18B20"": 32.76}"
2025-09-19 01:25:09.052795739+00:00,dds75-lb-07,2,-49,8.5,"{""Bat"": 3.257, ""Distance_mm"": 869, ""Interrupt_flag"": 0, ""Node_type"": ""DDS75-LB"", ""Sensor_flag"": 1, ""TempC_DS18B20"": 32.76}"
2025-09-19 01:45:08.817910300+00:00,dds75-lb-07,2,-51,9.75,"{""Bat"": 3.257, ""Distance_mm"": 869, ""Interrupt_flag"": 0, ""Node_type"": ""DDS75-LB"", ""Sensor_flag"": 1, ""TempC_DS18B20"": 32.76}"
2025-09-19 02:05:08.581042311+00:00,dds75-lb-07,2,-51,8.0,"{""Bat"": 3.257, ""Distance_mm"": 869, ""Interrupt_flag"": 0, ""Node_type"": ""DDS75-LB"", ""Sensor_flag"": 1, ""TempC_DS18B20"": 32.76}"
2025-09-19 02:25:08.355029554+00:00,dds75-lb-07,2,-51,9.5,"{""Bat"": 3.257, ""Distance_mm"": 869, ""Interrupt_flag"": 0, ""Node_type"": ""DDS75-LB"", ""Sensor_flag"": 1, ""TempC_DS18B20"": 32.76}"
2025-09-19 02:45:08.110787559+00:00,dds75-lb-07,2,-49,9.0,"{""Bat"": 3.257, ""Distance_mm"": 869, ""Interrupt_flag"": 0, ""Node_type"": ""DDS75-LB"", ""Sensor_flag"": 1, ""TempC_DS18B20"": 32.76}"
2025-09-19 03:05:07.892762087+00:00,dds75-lb-07,2,-50,9.75,"{""Bat"": 3.257, ""Distance_mm"": 869, ""Interrupt_flag"": 0, ""Node_type"": ""DDS75-LB"", ""Sensor_flag"": 1, ""TempC_DS18B20"": 32.76}"
2025-09-19 03:25:07.654524282+00:00,dds75-lb-07,2,-47,6.5,"{""Bat"": 3.257, ""Distance_mm"": 868, ""Interrupt_flag"": 0, ""Node_type"": ""DDS75-LB"", ""Sensor_flag"": 1, ""TempC_DS18B20"": 32.76}"
2025-09-19 03:45:07.423813208+00:00,dds75-lb-07,2,-38,8.5,"{""Bat"": 3.257, ""Distance_mm"": 868, ""Interrupt_flag"": 0, ""Node_type"": ""DDS75-LB"", ""Sensor_flag"": 1, ""TempC_DS18B20"": 32.76}"
2025-09-19 04:05:07.170231608+00:00,dds75-lb-07,2,-37,11.5,"{""Bat"": 3.257, ""Distance_mm"": 868, ""Interrupt_flag"": 0, ""Node_type"": ""DDS75-LB"", ""Sensor_flag"": 1, ""TempC_DS18B20"": 32.76}"
2025-09-19 04:25:06.932461502+00:00,dds75-lb-07,2,-35,8.75,"{""Bat"": 3.257, ""Distance_mm"": 868, ""Interrupt_flag"": 0, ""Node_type"": ""DDS75-LB"", ""Sensor_flag"": 1, ""TempC_DS18B20"": 32.76}"
2025-09-19 04:45:06.706544743+00:00,dds75-lb-07,2,-36,9.5,"{""Bat"": 3.257, ""Distance_mm"": 868, ""Interrupt_flag"": 0, ""Node_type"": ""DDS75-LB"", ""Sensor_flag"": 1, ""TempC_DS18B20"": 32.76}"
2025-09-19 05:05:06.457608970+00:00,dds75-lb-07,2,-36,9.5,"{""Bat"": 3.257, ""Distance_mm"": 868, ""Interrupt_flag"": 0, ""Node_type"": ""DDS75-LB"", ""Sensor_flag"": 1, ""TempC_DS18B20"": 32.76}"
2025-09-19 05:25:06.240140204+00:00,dds75-lb-07,2,-118,-1.75,"{""Bat"": 3.257, ""Distance_mm"": 868, ""Interrupt_flag"": 0, ""Node_type"": ""DDS75-LB"", ""Sensor_flag"": 1, ""TempC_DS18B20"": 32.76}"
2025-09-19 05:45:05.989992506+00:00,dds75-lb-07,2,-35,9.75,"{""Bat"": 3.257, ""Distance_mm"": 869, ""Interrupt_flag"": 0, ""Node_type"": ""DDS75-LB"", ""Sensor_flag"": 1, ""TempC_DS18B20"": 32.76}"
2025-09-19 06:05:05.786934744+00:00,dds75-lb-07,2,-34,9.5,"{""Bat"": 3.257, ""Distance_mm"": 869, ""Interrupt_flag"": 0, ""Node_type"": ""DDS75-LB"", ""Sensor_flag"": 1, ""TempC_DS18B20"": 32.76}"
2025-09-19 06:25:05.537545502+00:00,dds75-lb-07,2,-35,7.5,"{""Bat"": 3.257, ""Distance_mm"": 868, ""Interrupt_flag"": 0, ""Node_type"": ""DDS75-LB"", ""Sensor_flag"": 1, ""TempC_DS18B20"": 32.76}"
2025-09-19 06:45:05.281097092+00:00,dds75-lb-07,2,-35,9.25,"{""Bat"": 3.257, ""Distance_mm"": 868, ""Interrupt_flag"": 0, ""Node_type"": ""DDS75-LB"", ""Sensor_flag"": 1, ""TempC_DS18B20"": 32.76}"
2025-09-19 07:05:05.080051957+00:00,dds75-lb-07,2,-37,8.5,"{""Bat"": 3.257, ""Distance_mm"": 873, ""Interrupt_flag"": 0, ""Node_type"": ""DDS75-LB"", ""Sensor_flag"": 1, ""TempC_DS18B20"": 32.76}"
2025-09-19 07:25:04.817711090+00:00,dds75-lb-07,2,-37,8.5,"{""Bat"": 3.257, ""Distance_mm"": 868, ""Interrupt_flag"": 0, ""Node_type"": ""DDS75-LB"", ""Sensor_flag"": 1, ""TempC_DS18B20"": 32.76}"
2025-09-19 07:45:04.578730613+00:00,dds75-lb-07,2,-114,1.5,"{""Bat"": 3.257, ""Distance_mm"": 868, ""Interrupt_flag"": 0, ""Node_type"": ""DDS75-LB"", ""Sensor_flag"": 1, ""TempC_DS18B20"": 32.76}"
2025-09-19 08:05:04.349365384+00:00,dds75-lb-07,2,-37,9.25,"{""Bat"": 3.257, ""Distance_mm"": 868, ""Interrupt_flag"": 0, ""Node_type"": ""DDS75-LB"", ""Sensor_flag"": 1, ""TempC_DS18B20"": 32.76}"
2025-09-19 08:25:04.134787498+00:00,dds75-lb-07,2,-115,1.25,"{""Bat"": 3.257, ""Distance_mm"": 868, ""Interrupt_flag"": 0, ""Node_type"": ""DDS75-LB"", ""Sensor_flag"": 1, ""TempC_DS18B20"": 32.76}"
2025-09-19 08:45:03.871737087+00:00,dds75-lb-07,2,-36,9.75,"{""Bat"": 3.257, ""Distance_mm"": 868, ""Interrupt_flag"": 0, ""Node_type"": ""DDS75-LB"", ""Sensor_flag"": 1, ""TempC_DS18B20"": 32.76}"
2025-09-19 09:05:03.646044107+00:00,dds75-lb-07,2,-37,9.5,"{""Bat"": 3.257, ""Distance_mm"": 868, ""Interrupt_flag"": 0, ""Node_type"": ""DDS75-LB"", ""Sensor_flag"": 1, ""TempC_DS18B20"": 32.76}"
2025-09-19 09:25:03.407461949+00:00,dds75-lb-07,2,-37,8.75,"{""Bat"": 3.257, ""Distance_mm"": 868, ""Interrupt_flag"": 0, ""Node_type"": ""DDS75-LB"", ""Sensor_flag"": 1, ""TempC_DS18B20"": 32.76}"
2025-09-19 09:45:03.170351255+00:00,dds75-lb-07,2,-36,9.25,"{""Bat"": 3.257, ""Distance_mm"": 868, ""Interrupt_flag"": 0, ""Node_type"": ""DDS75-LB"", ""Sensor_flag"": 1, ""TempC_DS18B20"": 32.76}"
2025-09-19 10:05:02.948984970+00:00,dds75-lb-07,2,-36,7.75,"{""Bat"": 3.257, ""Distance_mm"": 868, ""Interrupt_flag"": 0, ""Node_type"": ""DDS75-LB"", ""Sensor_flag"": 1, ""TempC_DS18B20"": 32.76}"
2025-09-19 10:25:02.711649317+00:00,dds75-lb-07,2,-37,9.75,"{""Bat"": 3.257, ""Distance_mm"": 869, ""Interrupt_flag"": 0, ""Node_type"": ""DDS75-LB"", ""Sensor_flag"": 1, ""TempC_DS18B20"": 32.76}"
2025-09-19 10:45:02.459912613+00:00,dds75-lb-07,2,-37,9.0,"{""Bat"": 3.257, ""Distance_mm"": 869, ""Interrupt_flag"": 0, ""Node_type"": ""DDS75-LB"", ""Sensor_flag"": 1, ""TempC_DS18B20"": 32.76}"
2025-09-19 11:05:02.223485684+00:00,dds75-lb-07,2,-111,1.0,"{""Bat"": 3.257, ""Distance_mm"": 869, ""Interrupt_flag"": 0, ""Node_type"": ""DDS75-LB"", ""Sensor_flag"": 1, ""TempC_DS18B20"": 32.76}"
2025-09-19 11:25:01.977113616+00:00,dds75-lb-07,2,-113,0.25,"{""Bat"": 3.257, ""Distance_mm"": 868, ""Interrupt_flag"": 0, ""Node_type"": ""DDS75-LB"", ""Sensor_flag"": 1, ""TempC_DS18B20"": 32.76}"
2025-09-19 11:45:01.758794120+00:00,dds75-lb-07,2,-37,7.5,"{""Bat"": 3.257, ""Distance_mm"": 869, ""Interrupt_flag"": 0, ""Node_type"": ""DDS75-LB"", ""Sensor_flag"": 1, ""TempC_DS18B20"": 32.76}"
2025-09-19 12:05:01.534889986+00:00,dds75-lb-07,2,-112,4.0,"{""Bat"": 3.257, ""Distance_mm"": 869, ""Interrupt_flag"": 0, ""Node_type"": ""DDS75-LB"", ""Sensor_flag"": 1, ""TempC_DS18B20"": 32.76}"
2025-09-19 12:25:01.282088035+00:00,dds75-lb-07,2,-121,-4.0,"{""Bat"": 3.257, ""Distance_mm"": 869, ""Interrupt_flag"": 0, ""Node_type"": ""DDS75-LB"", ""Sensor_flag"": 1, ""TempC_DS18B20"": 32.76}"
2025-09-19 12:45:01.064634955+00:00,dds75-lb-07,2,-37,9.5,"{""Bat"": 3.257, ""Distance_mm"": 869, ""Interrupt_flag"": 0, ""Node_type"": ""DDS75-LB"", ""Sensor_flag"": 1, ""TempC_DS18B20"": 32.76}"
2025-09-19 13:05:00.809849972+00:00,dds75-lb-07,2,-37,9.25,"{""Bat"": 3.257, ""Distance_mm"": 869, ""Interrupt_flag"": 0, ""Node_type"": ""DDS75-LB"", ""Sensor_flag"": 1, ""TempC_DS18B20"": 32.76}"
2025-09-19 13:25:00.592462752+00:00,dds75-lb-07,2,-38,8.75,"{""Bat"": 3.257, ""Distance_mm"": 869, ""Interrupt_flag"": 0, ""Node_type"": ""DDS75-LB"", ""Sensor_flag"": 1, ""TempC_DS18B20"": 32.76}"
2025-09-19 13:45:00.350988138+00:00,dds75-lb-07,2,-37,10.5,"{""Bat"": 3.257, ""Distance_mm"": 869, ""Interrupt_flag"": 0, ""Node_type"": ""DDS75-LB"", ""Sensor_flag"": 1, ""TempC_DS18B20"": 32.76}"
2025-09-19 14:05:00.105252968+00:00,dds75-lb-07,2,-36,9.0,"{""Bat"": 3.257, ""Distance_mm"": 869, ""Interrupt_flag"": 0, ""Node_type"": ""DDS75-LB"", ""Sensor_flag"": 1, ""TempC_DS18B20"": 32.76}"
2025-09-19 14:24:59.881080299+00:00,dds75-lb-07,2,-36,6.75,"{""Bat"": 3.257, ""Distance_mm"": 869, ""Interrupt_flag"": 0, ""Node_type"": ""DDS75-LB"", ""Sensor_flag"": 1, ""TempC_DS18B20"": 32.76}"
2025-09-19 14:44:59.641361873+00:00,dds75-lb-07,2,-36,9.75,"{""Bat"": 3.257, ""Distance_mm"": 869, ""Interrupt_flag"": 0, ""Node_type"": ""DDS75-LB"", ""Sensor_flag"": 1, ""TempC_DS18B20"": 32.76}"
2025-09-19 15:04:59.390794696+00:00,dds75-lb-07,2,-38,9.25,"{""Bat"": 3.257, ""Distance_mm"": 869, ""Interrupt_flag"": 0, ""Node_type"": ""DDS75-LB"", ""Sensor_flag"": 1, ""TempC_DS18B20"": 32.76}"
2025-09-19 15:24:59.155705681+00:00,dds75-lb-07,2,-38,9.75,"{""Bat"": 3.257, ""Distance_mm"": 869, ""Interrupt_flag"": 0, ""Node_type"": ""DDS75-LB"", ""Sensor_flag"": 1, ""TempC_DS18B20"": 32.76}"
2025-09-19 15:44:58.930160253+00:00,dds75-lb-07,2,-35,8.75,"{""Bat"": 3.257, ""Distance_mm"": 869, ""Interrupt_flag"": 0, ""Node_type"": ""DDS75-LB"", ""Sensor_flag"": 1, ""TempC_DS18B20"": 32.76}"
2025-09-19 16:04:58.710995659+00:00,dds75-lb-07,2,-36,9.5,"{""Bat"": 3.257, ""Distance_mm"": 869, ""Interrupt_flag"": 0, ""Node_type"": ""DDS75-LB"", ""Sensor_flag"": 1, ""TempC_DS18B20"": 32.76}"
2025-09-19 16:24:58.448192061+00:00,dds75-lb-07,2,-37,9.25,"{""Bat"": 3.257, ""Distance_mm"": 869, ""Interrupt_flag"": 0, ""Node_type"": ""DDS75-LB"", ""Sensor_flag"": 1, ""TempC_DS18B20"": 32.76}"
2025-09-19 16:44:58.224382957+00:00,dds75-lb-07,2,-36,7.5,"{""Bat"": 3.257, ""Distance_mm"": 869, ""Interrupt_flag"": 0, ""Node_type"": ""DDS75-LB"", ""Sensor_flag"": 1, ""TempC_DS18B20"": 32.76}"
2025-09-19 17:04:57.984055351+00:00,dds75-lb-07,2,-37,6.5,"{""Bat"": 3.257, ""Distance_mm"": 869, ""Interrupt_flag"": 0, ""Node_type"": ""DDS75-LB"", ""Sensor_flag"": 1, ""TempC_DS18B20"": 32.76}"
2025-09-19 17:24:57.739624023+00:00,dds75-lb-07,2,-37,9.25,"{""Bat"": 3.257, ""Distance_mm"": 869, ""Interrupt_flag"": 0, ""Node_type"": ""DDS75-LB"", ""Sensor_flag"": 1, ""TempC_DS18B20"": 32.76}"
2025-09-19 17:44:57.519411671+00:00,dds75-lb-07,2,-115,-0.5,"{""Bat"": 3.257, ""Distance_mm"": 869, ""Interrupt_flag"": 0, ""Node_type"": ""DDS75-LB"", ""Sensor_flag"": 1, ""TempC_DS18B20"": 32.76}"
2025-09-19 18:24:57.059171874+00:00,dds75-lb-07,2,-36,9.5,"{""Bat"": 3.257, ""Distance_mm"": 869, ""Interrupt_flag"": 0, ""Node_type"": ""DDS75-LB"", ""Sensor_flag"": 1, ""TempC_DS18B20"": 32.76}"
2025-09-19 18:44:56.817751112+00:00,dds75-lb-07,2,-117,-2.75,"{""Bat"": 3.257, ""Distance_mm"": 869, ""Interrupt_flag"": 0, ""Node_type"": ""DDS75-LB"", ""Sensor_flag"": 1, ""TempC_DS18B20"": 32.76}"
2025-09-19 19:04:56.566148967+00:00,dds75-lb-07,2,-35,9.5,"{""Bat"": 3.257, ""Distance_mm"": 869, ""Interrupt_flag"": 0, ""Node_type"": ""DDS75-LB"", ""Sensor_flag"": 1, ""TempC_DS18B20"": 32.76}"
2025-09-19 19:24:56.355931550+00:00,dds75-lb-07,2,-35,7.25,"{""Bat"": 3.257, ""Distance_mm"": 869, ""Interrupt_flag"": 0, ""Node_type"": ""DDS75-LB"", ""Sensor_flag"": 1, ""TempC_DS18B20"": 32.76}"
2025-09-19 19:44:56.089897212+00:00,dds75-lb-07,2,-38,7.0,"{""Bat"": 3.257, ""Distance_mm"": 869, ""Interrupt_flag"": 0, ""Node_type"": ""DDS75-LB"", ""Sensor_flag"": 1, ""TempC_DS18B20"": 32.76}"
2025-09-19 20:04:55.869011625+00:00,dds75-lb-07,2,-36,9.5,"{""Bat"": 3.257, ""Distance_mm"": 869, ""Interrupt_flag"": 0, ""Node_type"": ""DDS75-LB"", ""Sensor_flag"": 1, ""TempC_DS18B20"": 32.76}"
2025-09-19 20:24:55.640883680+00:00,dds75-lb-07,2,-39,10.5,"{""Bat"": 3.257, ""Distance_mm"": 869, ""Interrupt_flag"": 0, ""Node_type"": ""DDS75-LB"", ""Sensor_flag"": 1, ""TempC_DS18B20"": 32.76}"
2025-09-19 20:44:55.394853556+00:00,dds75-lb-07,2,-36,9.75,"{""Bat"": 3.257, ""Distance_mm"": 869, ""Interrupt_flag"": 0, ""Node_type"": ""DDS75-LB"", ""Sensor_flag"": 1, ""TempC_DS18B20"": 32.76}"
2025-09-19 21:04:55.161634394+00:00,dds75-lb-07,2,-35,9.25,"{""Bat"": 3.257, ""Distance_mm"": 869, ""Interrupt_flag"": 0, ""Node_type"": ""DDS75-LB"", ""Sensor_flag"": 1, ""TempC_DS18B20"": 32.76}"
2025-09-19 21:24:54.920050081+00:00,dds75-lb-07,2,-118,-1.5,"{""Bat"": 3.257, ""Distance_mm"": 868, ""Interrupt_flag"": 0, ""Node_type"": ""DDS75-LB"", ""Sensor_flag"": 1, ""TempC_DS18B20"": 32.76}"
2025-09-19 21:44:54.694684740+00:00,dds75-lb-07,2,-114,-1.25,"{""Bat"": 3.257, ""Distance_mm"": 868, ""Interrupt_flag"": 0, ""Node_type"": ""DDS75-LB"", ""Sensor_flag"": 1, ""TempC_DS18B20"": 32.76}"
2025-09-19 22:04:54.467601640+00:00,dds75-lb-07,2,-37,7.25,"{""Bat"": 3.257, ""Distance_mm"": 869, ""Interrupt_flag"": 0, ""Node_type"": ""DDS75-LB"", ""Sensor_flag"": 1, ""TempC_DS18B20"": 32.76}"
2025-09-19 22:24:54.216164346+00:00,dds75-lb-07,2,-114,2.5,"{""Bat"": 3.257, ""Distance_mm"": 869, ""Interrupt_flag"": 0, ""Node_type"": ""DDS75-LB"", ""Sensor_flag"": 1, ""TempC_DS18B20"": 32.76}"
2025-09-19 22:44:53.988349782+00:00,dds75-lb-07,2,-36,9.5,"{""Bat"": 3.257, ""Distance_mm"": 869, ""Interrupt_flag"": 0, ""Node_type"": ""DDS75-LB"", ""Sensor_flag"": 1, ""TempC_DS18B20"": 32.76}"
2025-09-19 23:04:53.754289685+00:00,dds75-lb-07,2,-36,9.25,"{""Bat"": 3.257, ""Distance_mm"": 869, ""Interrupt_flag"": 0, ""Node_type"": ""DDS75-LB"", ""Sensor_flag"": 1, ""TempC_DS18B20"": 32.76}"
2025-09-19 23:24:53.531741015+00:00,dds75-lb-07,2,-35,7.75,"{""Bat"": 3.257, ""Distance_mm"": 869, ""Interrupt_flag"": 0, ""Node_type"": ""DDS75-LB"", ""Sensor_flag"": 1, ""TempC_DS18B20"": 32.76}"
2025-09-19 23:44:53.285838128+00:00,dds75-lb-07,2,-37,10.25,"{""Bat"": 3.257, ""Distance_mm"": 869, ""Interrupt_flag"": 0, ""Node_type"": ""DDS75-LB"", ""Sensor_flag"": 1, ""TempC_DS18B20"": 32.76}"
2025-09-20 00:04:53.056305412+00:00,dds75-lb-07,2,-116,-0.25,"{""Bat"": 3.257, ""Distance_mm"": 869, ""Interrupt_flag"": 0, ""Node_type"": ""DDS75-LB"", ""Sensor_flag"": 1, ""TempC_DS18B20"": 32.76}"
2025-09-20 00:24:52.822133065+00:00,dds75-lb-07,2,-37,10.0,"{""Bat"": 3.257, ""Distance_mm"": 869, ""Interrupt_flag"": 0, ""Node_type"": ""DDS75-LB"", ""Sensor_flag"": 1, ""TempC_DS18B20"": 32.76}"
2025-09-20 00:44:52.581353775+00:00,dds75-lb-07,2,-34,8.0,"{""Bat"": 3.257, ""Distance_mm"": 868, ""Interrupt_flag"": 0, ""Node_type"": ""DDS75-LB"", ""Sensor_flag"": 1, ""TempC_DS18B20"": 32.76}"
2025-09-20 01:04:52.344847082+00:00,dds75-lb-07,2,-38,9.25,"{""Bat"": 3.257, ""Distance_mm"": 868, ""Interrupt_flag"": 0, ""Node_type"": ""DDS75-LB"", ""Sensor_flag"": 1, ""TempC_DS18B20"": 32.76}"
2025-09-20 01:24:52.095478982+00:00,dds75-lb-07,2,-115,2.0,"{""Bat"": 3.257, ""Distance_mm"": 868, ""Interrupt_flag"": 0, ""Node_type"": ""DDS75-LB"", ""Sensor_flag"": 1, ""TempC_DS18B20"": 32.76}"
2025-09-20 01:44:51.880204601+00:00,dds75-lb-07,2,-116,0.5,"{""Bat"": 3.257, ""Distance_mm"": 869, ""Interrupt_flag"": 0, ""Node_type"": ""DDS75-LB"", ""Sensor_flag"": 1, ""TempC_DS18B20"": 32.76}"
2025-09-20 02:04:51.629944171+00:00,dds75-lb-07,2,-36,9.75,"{""Bat"": 3.257, ""Distance_mm"": 869, ""Interrupt_flag"": 0, ""Node_type"": ""DDS75-LB"", ""Sensor_flag"": 1, ""TempC_DS18B20"": 32.76}"
2025-09-20 02:24:51.391971059+00:00,dds75-lb-07,2,-35,9.75,"{""Bat"": 3.257, ""Distance_mm"": 869, ""Interrupt_flag"": 0, ""Node_type"": ""DDS75-LB"", ""Sensor_flag"": 1, ""TempC_DS18B20"": 32.76}"
2025-09-20 02:44:51.164678046+00:00,dds75-lb-07,2,-36,9.25,"{""Bat"": 3.257, ""Distance_mm"": 869, ""Interrupt_flag"": 0, ""Node_type"": ""DDS75-LB"", ""Sensor_flag"": 1, ""TempC_DS18B20"": 32.76}"
2025-09-20 03:04:50.915285670+00:00,dds75-lb-07,2,-118,-1.75,"{""Bat"": 3.257, ""Distance_mm"": 869, ""Interrupt_flag"": 0, ""Node_type"": ""DDS75-LB"", ""Sensor_flag"": 1, ""TempC_DS18B20"": 32.76}"
2025-09-20 03:24:50.704690395+00:00,dds75-lb-07,2,-34,9.5,"{""Bat"": 3.257, ""Distance_mm"": 869, ""Interrupt_flag"": 0, ""Node_type"": ""DDS75-LB"", ""Sensor_flag"": 1, ""TempC_DS18B20"": 32.76}"
2025-09-20 03:44:50.458122683+00:00,dds75-lb-07,2,-37,9.75,"{""Bat"": 3.257, ""Distance_mm"": 868, ""Interrupt_flag"": 0, ""Node_type"": ""DDS75-LB"", ""Sensor_flag"": 1, ""TempC_DS18B20"": 32.76}"
2025-09-20 04:04:50.216042896+00:00,dds75-lb-07,2,-34,9.75,"{""Bat"": 3.257, ""Distance_mm"": 868, ""Interrupt_flag"": 0, ""Node_type"": ""DDS75-LB"", ""Sensor_flag"": 1, ""TempC_DS18B20"": 32.76}"
2025-09-20 04:24:49.988921283+00:00,dds75-lb-07,2,-37,9.75,"{""Bat"": 3.257, ""Distance_mm"": 869, ""Interrupt_flag"": 0, ""Node_type"": ""DDS75-LB"", ""Sensor_flag"": 1, ""TempC_DS18B20"": 32.76}"
2025-09-20 04:44:49.772632436+00:00,dds75-lb-07,2,-37,9.75,"{""Bat"": 3.257, ""Distance_mm"": 869, ""Interrupt_flag"": 0, ""Node_type"": ""DDS75-LB"", ""Sensor_flag"": 1, ""TempC_DS18B20"": 32.76}"
2025-09-20 05:04:49.518331439+00:00,dds75-lb-07,2,-33,9.5,"{""Bat"": 3.257, ""Distance_mm"": 869, ""Interrupt_flag"": 0, ""Node_type"": ""DDS75-LB"", ""Sensor_flag"": 1, ""TempC_DS18B20"": 32.76}"
2025-09-20 05:24:49.276324192+00:00,dds75-lb-07,2,-39,9.25,"{""Bat"": 3.257, ""Distance_mm"": 869, ""Interrupt_flag"": 0, ""Node_type"": ""DDS75-LB"", ""Sensor_flag"": 1, ""TempC_DS18B20"": 32.76}"
2025-09-20 05:44:49.064958903+00:00,dds75-lb-07,2,-35,9.75,"{""Bat"": 3.257, ""Distance_mm"": 869, ""Interrupt_flag"": 0, ""Node_type"": ""DDS75-LB"", ""Sensor_flag"": 1, ""TempC_DS18B20"": 32.76}"
2025-09-20 06:04:48.817922827+00:00,dds75-lb-07,2,-35,9.75,"{""Bat"": 3.257, ""Distance_mm"": 869, ""Interrupt_flag"": 0, ""Node_type"": ""DDS75-LB"", ""Sensor_flag"": 1, ""TempC_DS18B20"": 32.76}"
2025-09-20 06:24:48.580880897+00:00,dds75-lb-07,2,-37,9.25,"{""Bat"": 3.257, ""Distance_mm"": 869, ""Interrupt_flag"": 0, ""Node_type"": ""DDS75-LB"", ""Sensor_flag"": 1, ""TempC_DS18B20"": 32.76}"
2025-09-20 06:44:48.345911100+00:00,dds75-lb-07,2,-36,9.25,"{""Bat"": 3.257, ""Distance_mm"": 868, ""Interrupt_flag"": 0, ""Node_type"": ""DDS75-LB"", ""Sensor_flag"": 1, ""TempC_DS18B20"": 32.76}"
2025-09-20 07:04:48.125607257+00:00,dds75-lb-07,2,-37,8.75,"{""Bat"": 3.257, ""Distance_mm"": 871, ""Interrupt_flag"": 0, ""Node_type"": ""DDS75-LB"", ""Sensor_flag"": 1, ""TempC_DS18B20"": 32.76}"
2025-09-20 07:24:47.938723466+00:00,dds75-lb-07,2,-36,9.75,"{""Bat"": 3.257, ""Distance_mm"": 869, ""Interrupt_flag"": 0, ""Node_type"": ""DDS75-LB"", ""Sensor_flag"": 1, ""TempC_DS18B20"": 32.76}"
2025-09-20 07:44:47.631549082+00:00,dds75-lb-07,2,-37,9.0,"{""Bat"": 3.257, ""Distance_mm"": 869, ""Interrupt_flag"": 0, ""Node_type"": ""DDS75-LB"", ""Sensor_flag"": 1, ""TempC_DS18B20"": 32.76}"
2025-09-20 08:04:47.399925445+00:00,dds75-lb-07,2,-39,11.25,"{""Bat"": 3.257, ""Distance_mm"": 869, ""Interrupt_flag"": 0, ""Node_type"": ""DDS75-LB"", ""Sensor_flag"": 1, ""TempC_DS18B20"": 32.76}"
2025-09-20 08:24:47.186669445+00:00,dds75-lb-07,2,-35,7.75,"{""Bat"": 3.257, ""Distance_mm"": 869, ""Interrupt_flag"": 0, ""Node_type"": ""DDS75-LB"", ""Sensor_flag"": 1, ""TempC_DS18B20"": 32.76}"
2025-09-20 08:44:46.932785153+00:00,dds75-lb-07,2,-36,9.5,"{""Bat"": 3.257, ""Distance_mm"": 868, ""Interrupt_flag"": 0, ""Node_type"": ""DDS75-LB"", ""Sensor_flag"": 1, ""TempC_DS18B20"": 32.76}"
2025-09-20 09:04:46.699902725+00:00,dds75-lb-07,2,-37,7.0,"{""Bat"": 3.257, ""Distance_mm"": 868, ""Interrupt_flag"": 0, ""Node_type"": ""DDS75-LB"", ""Sensor_flag"": 1, ""TempC_DS18B20"": 32.76}"
2025-09-20 09:24:46.457329955+00:00,dds75-lb-07,2,-114,2.5,"{""Bat"": 3.257, ""Distance_mm"": 868, ""Interrupt_flag"": 0, ""Node_type"": ""DDS75-LB"", ""Sensor_flag"": 1, ""TempC_DS18B20"": 32.76}"
2025-09-20 09:44:46.236578988+00:00,dds75-lb-07,2,-39,9.25,"{""Bat"": 3.257, ""Distance_mm"": 869, ""Interrupt_flag"": 0, ""Node_type"": ""DDS75-LB"", ""Sensor_flag"": 1, ""TempC_DS18B20"": 32.76}"
2025-09-20 10:04:46.010746996+00:00,dds75-lb-07,2,-37,7.5,"{""Bat"": 3.257, ""Distance_mm"": 869, ""Interrupt_flag"": 0, ""Node_type"": ""DDS75-LB"", ""Sensor_flag"": 1, ""TempC_DS18B20"": 32.76}"
2025-09-20 10:24:45.747544963+00:00,dds75-lb-07,2,-118,-1.75,"{""Bat"": 3.257, ""Distance_mm"": 869, ""Interrupt_flag"": 0, ""Node_type"": ""DDS75-LB"", ""Sensor_flag"": 1, ""TempC_DS18B20"": 32.76}"
2025-09-20 10:44:45.526625202+00:00,dds75-lb-07,2,-37,9.75,"{""Bat"": 3.257, ""Distance_mm"": 869, ""Interrupt_flag"": 0, ""Node_type"": ""DDS75-LB"", ""Sensor_flag"": 1, ""TempC_DS18B20"": 32.76}"
2025-09-20 11:04:45.296364257+00:00,dds75-lb-07,2,-36,6.75,"{""Bat"": 3.257, ""Distance_mm"": 868, ""Interrupt_flag"": 0, ""Node_type"": ""DDS75-LB"", ""Sensor_flag"": 1, ""TempC_DS18B20"": 32.76}"
2025-09-20 11:24:45.045829371+00:00,dds75-lb-07,2,-36,10.0,"{""Bat"": 3.257, ""Distance_mm"": 868, ""Interrupt_flag"": 0, ""Node_type"": ""DDS75-LB"", ""Sensor_flag"": 1, ""TempC_DS18B20"": 32.76}"
2025-09-20 11:44:44.815181880+00:00,dds75-lb-07,2,-112,3.5,"{""Bat"": 3.257, ""Distance_mm"": 869, ""Interrupt_flag"": 0, ""Node_type"": ""DDS75-LB"", ""Sensor_flag"": 1, ""TempC_DS18B20"": 32.76}"
2025-09-20 12:04:44.586314489+00:00,dds75-lb-07,2,-112,3.0,"{""Bat"": 3.257, ""Distance_mm"": 869, ""Interrupt_flag"": 0, ""Node_type"": ""DDS75-LB"", ""Sensor_flag"": 1, ""TempC_DS18B20"": 32.76}"
2025-09-20 12:24:44.351633099+00:00,dds75-lb-07,2,-37,9.5,"{""Bat"": 3.257, ""Distance_mm"": 869, ""Interrupt_flag"": 0, ""Node_type"": ""DDS75-LB"", ""Sensor_flag"": 1, ""TempC_DS18B20"": 32.76}"
2025-09-20 12:44:44.108619798+00:00,dds75-lb-07,2,-112,2.75,"{""Bat"": 3.257, ""Distance_mm"": 869, ""Interrupt_flag"": 0, ""Node_type"": ""DDS75-LB"", ""Sensor_flag"": 1, ""TempC_DS18B20"": 32.76}"
2025-09-20 13:04:43.888482074+00:00,dds75-lb-07,2,-38,8.75,"{""Bat"": 3.257, ""Distance_mm"": 868, ""Interrupt_flag"": 0, ""Node_type"": ""DDS75-LB"", ""Sensor_flag"": 1, ""TempC_DS18B20"": 32.76}"
2025-09-20 13:24:43.639158791+00:00,dds75-lb-07,2,-39,8.75,"{""Bat"": 3.257, ""Distance_mm"": 869, ""Interrupt_flag"": 0, ""Node_type"": ""DDS75-LB"", ""Sensor_flag"": 1, ""TempC_DS18B20"": 32.76}"
2025-09-20 13:44:43.409763978+00:00,dds75-lb-07,2,-36,7.0,"{""Bat"": 3.257, ""Distance_mm"": 869, ""Interrupt_flag"": 0, ""Node_type"": ""DDS75-LB"", ""Sensor_flag"": 1, ""TempC_DS18B20"": 32.76}"
2025-09-20 14:04:43.165397279+00:00,dds75-lb-07,2,-37,10.5,"{""Bat"": 3.257, ""Distance_mm"": 869, ""Interrupt_flag"": 0, ""Node_type"": ""DDS75-LB"", ""Sensor_flag"": 1, ""TempC_DS18B20"": 32.76}"
2025-09-20 14:24:42.936156754+00:00,dds75-lb-07,2,-108,6.5,"{""Bat"": 3.257, ""Distance_mm"": 869, ""Interrupt_flag"": 0, ""Node_type"": ""DDS75-LB"", ""Sensor_flag"": 1, ""TempC_DS18B20"": 32.76}"
2025-09-20 14:44:42.702391050+00:00,dds75-lb-07,2,-35,9.5,"{""Bat"": 3.257, ""Distance_mm"": 869, ""Interrupt_flag"": 0, ""Node_type"": ""DDS75-LB"", ""Sensor_flag"": 1, ""TempC_DS18B20"": 32.76}"
2025-09-20 15:04:42.471836646+00:00,dds75-lb-07,2,-115,-2.5,"{""Bat"": 3.257, ""Distance_mm"": 869, ""Interrupt_flag"": 0, ""Node_type"": ""DDS75-LB"", ""Sensor_flag"": 1, ""TempC_DS18B20"": 32.76}"
2025-09-20 15:24:42.226917904+00:00,dds75-lb-07,2,-38,9.75,"{""Bat"": 3.257, ""Distance_mm"": 869, ""Interrupt_flag"": 0, ""Node_type"": ""DDS75-LB"", ""Sensor_flag"": 1, ""TempC_DS18B20"": 32.76}"
2025-09-20 15:44:41.992215176+00:00,dds75-lb-07,2,-37,9.5,"{""Bat"": 3.257, ""Distance_mm"": 868, ""Interrupt_flag"": 0, ""Node_type"": ""DDS75-LB"", ""Sensor_flag"": 1, ""TempC_DS18B20"": 32.76}"
2025-09-20 16:04:41.757558535+00:00,dds75-lb-07,2,-38,9.75,"{""Bat"": 3.257, ""Distance_mm"": 869, ""Interrupt_flag"": 0, ""Node_type"": ""DDS75-LB"", ""Sensor_flag"": 1, ""TempC_DS18B20"": 32.76}"
2025-09-20 16:24:41.510462796+00:00,dds75-lb-07,2,-35,7.25,"{""Bat"": 3.257, ""Distance_mm"": 869, ""Interrupt_flag"": 0, ""Node_type"": ""DDS75-LB"", ""Sensor_flag"": 1, ""TempC_DS18B20"": 32.76}"
2025-09-20 16:44:41.290481942+00:00,dds75-lb-07,2,-37,10.5,"{""Bat"": 3.257, ""Distance_mm"": 869, ""Interrupt_flag"": 0, ""Node_type"": ""DDS75-LB"", ""Sensor_flag"": 1, ""TempC_DS18B20"": 32.76}"
2025-09-20 17:04:41.045017008+00:00,dds75-lb-07,2,-36,9.25,"{""Bat"": 3.257, ""Distance_mm"": 869, ""Interrupt_flag"": 0, ""Node_type"": ""DDS75-LB"", ""Sensor_flag"": 1, ""TempC_DS18B20"": 32.76}"
2025-09-20 17:24:40.819662426+00:00,dds75-lb-07,2,-115,0.25,"{""Bat"": 3.257, ""Distance_mm"": 869, ""Interrupt_flag"": 0, ""Node_type"": ""DDS75-LB"", ""Sensor_flag"": 1, ""TempC_DS18B20"": 32.76}"
2025-09-20 17:44:40.559377223+00:00,dds75-lb-07,2,-117,-2.5,"{""Bat"": 3.257, ""Distance_mm"": 869, ""Interrupt_flag"": 0, ""Node_type"": ""DDS75-LB"", ""Sensor_flag"": 1, ""TempC_DS18B20"": 32.76}"
2025-09-20 18:04:40.331642916+00:00,dds75-lb-07,2,-35,8.0,"{""Bat"": 3.257, ""Distance_mm"": 869, ""Interrupt_flag"": 0, ""Node_type"": ""DDS75-LB"", ""Sensor_flag"": 1, ""TempC_DS18B20"": 32.76}"
2025-09-20 18:24:40.100261660+00:00,dds75-lb-07,2,-35,10.25,"{""Bat"": 3.257, ""Distance_mm"": 869, ""Interrupt_flag"": 0, ""Node_type"": ""DDS75-LB"", ""Sensor_flag"": 1, ""TempC_DS18B20"": 32.76}"
2025-09-20 18:44:39.858502738+00:00,dds75-lb-07,2,-39,9.0,"{""Bat"": 3.257, ""Distance_mm"": 869, ""Interrupt_flag"": 0, ""Node_type"": ""DDS75-LB"", ""Sensor_flag"": 1, ""TempC_DS18B20"": 32.76}"
2025-09-20 19:04:39.629317725+00:00,dds75-lb-07,2,-115,-0.5,"{""Bat"": 3.257, ""Distance_mm"": 869, ""Interrupt_flag"": 0, ""Node_type"": ""DDS75-LB"", ""Sensor_flag"": 1, ""TempC_DS18B20"": 32.76}"
2025-09-20 19:24:39.398663447+00:00,dds75-lb-07,2,-34,7.5,"{""Bat"": 3.257, ""Distance_mm"": 869, ""Interrupt_flag"": 0, ""Node_type"": ""DDS75-LB"", ""Sensor_flag"": 1, ""TempC_DS18B20"": 32.76}"
2025-09-20 19:44:39.161917939+00:00,dds75-lb-07,2,-37,9.25,"{""Bat"": 3.257, ""Distance_mm"": 869, ""Interrupt_flag"": 0, ""Node_type"": ""DDS75-LB"", ""Sensor_flag"": 1, ""TempC_DS18B20"": 32.76}"
2025-09-20 20:04:38.932172428+00:00,dds75-lb-07,2,-36,9.5,"{""Bat"": 3.257, ""Distance_mm"": 869, ""Interrupt_flag"": 0, ""Node_type"": ""DDS75-LB"", ""Sensor_flag"": 1, ""TempC_DS18B20"": 32.76}"
2025-09-20 20:24:38.687294056+00:00,dds75-lb-07,2,-38,9.5,"{""Bat"": 3.257, ""Distance_mm"": 869, ""Interrupt_flag"": 0, ""Node_type"": ""DDS75-LB"", ""Sensor_flag"": 1, ""TempC_DS18B20"": 32.76}"
2025-09-20 20:25:48.896848276+00:00,dds75-lb-07,2,-38,6.75,"{""Bat"": 3.257, ""Distance_mm"": 869, ""Interrupt_flag"": 0, ""Node_type"": ""DDS75-LB"", ""Sensor_flag"": 1, ""TempC_DS18B20"": 32.76}"
2025-09-20 20:26:48.889369169+00:00,dds75-lb-07,2,-115,-0.5,"{""Bat"": 3.257, ""Distance_mm"": 869, ""Interrupt_flag"": 0, ""Node_type"": ""DDS75-LB"", ""Sensor_flag"": 1, ""TempC_DS18B20"": 32.76}"
2025-09-20 20:27:48.879161343+00:00,dds75-lb-07,2,-37,9.0,"{""Bat"": 3.257, ""Distance_mm"": 869, ""Interrupt_flag"": 0, ""Node_type"": ""DDS75-LB"", ""Sensor_flag"": 1, ""TempC_DS18B20"": 32.76}"
2025-09-20 21:27:58.395528815+00:00,dds75-lb-07,2,-36,8.25,"{""Bat"": 3.257, ""Distance_mm"": 868, ""Interrupt_flag"": 0, ""Node_type"": ""DDS75-LB"", ""Sensor_flag"": 1, ""TempC_DS18B20"": 32.76}"
2025-09-20 22:27:57.679203391+00:00,dds75-lb-07,2,-36,7.25,"{""Bat"": 3.257, ""Distance_mm"": 868, ""Interrupt_flag"": 0, ""Node_type"": ""DDS75-LB"", ""Sensor_flag"": 1, ""TempC_DS18B20"": 32.76}"
2025-09-20 23:27:56.977140907+00:00,dds75-lb-07,2,-37,9.75,"{""Bat"": 3.257, ""Distance_mm"": 868, ""Interrupt_flag"": 0, ""Node_type"": ""DDS75-LB"", ""Sensor_flag"": 1, ""TempC_DS18B20"": 32.76}"
2025-09-21 00:27:56.257269514+00:00,dds75-lb-07,2,-117,-8.5,"{""Bat"": 3.257, ""Distance_mm"": 868, ""Interrupt_flag"": 0, ""Node_type"": ""DDS75-LB"", ""Sensor_flag"": 1, ""TempC_DS18B20"": 32.76}"
2025-09-21 01:27:55.550734859+00:00,dds75-lb-07,2,-37,10.0,"{""Bat"": 3.257, ""Distance_mm"": 868, ""Interrupt_flag"": 0, ""Node_type"": ""DDS75-LB"", ""Sensor_flag"": 1, ""TempC_DS18B20"": 32.76}"
2025-09-21 02:27:54.867258677+00:00,dds75-lb-07,2,-36,7.75,"{""Bat"": 3.257, ""Distance_mm"": 869, ""Interrupt_flag"": 0, ""Node_type"": ""DDS75-LB"", ""Sensor_flag"": 1, ""TempC_DS18B20"": 32.76}"
2025-09-21 03:27:54.139568154+00:00,dds75-lb-07,2,-37,8.5,"{""Bat"": 3.257, ""Distance_mm"": 869, ""Interrupt_flag"": 0, ""Node_type"": ""DDS75-LB"", ""Sensor_flag"": 1, ""TempC_DS18B20"": 32.76}"
2025-09-21 04:27:53.452823681+00:00,dds75-lb-07,2,-121,-6.0,"{""Bat"": 3.257, ""Distance_mm"": 868, ""Interrupt_flag"": 0, ""Node_type"": ""DDS75-LB"", ""Sensor_flag"": 1, ""TempC_DS18B20"": 32.76}"
2025-09-21 05:27:52.726113582+00:00,dds75-lb-07,2,-35,10.0,"{""Bat"": 3.257, ""Distance_mm"": 868, ""Interrupt_flag"": 0, ""Node_type"": ""DDS75-LB"", ""Sensor_flag"": 1, ""TempC_DS18B20"": 32.76}"
2025-09-21 06:27:52.022038480+00:00,dds75-lb-07,2,-33,9.25,"{""Bat"": 3.257, ""Distance_mm"": 868, ""Interrupt_flag"": 0, ""Node_type"": ""DDS75-LB"", ""Sensor_flag"": 1, ""TempC_DS18B20"": 32.76}"
2025-09-21 07:27:51.312281280+00:00,dds75-lb-07,2,-118,-2.75,"{""Bat"": 3.257, ""Distance_mm"": 868, ""Interrupt_flag"": 0, ""Node_type"": ""DDS75-LB"", ""Sensor_flag"": 1, ""TempC_DS18B20"": 32.76}"
2025-09-21 08:27:50.602421871+00:00,dds75-lb-07,2,-36,9.25,"{""Bat"": 3.257, ""Distance_mm"": 868, ""Interrupt_flag"": 0, ""Node_type"": ""DDS75-LB"", ""Sensor_flag"": 1, ""TempC_DS18B20"": 32.76}"
2025-09-21 09:27:49.916388228+00:00,dds75-lb-07,2,-119,-3.75,"{""Bat"": 3.257, ""Distance_mm"": 868, ""Interrupt_flag"": 0, ""Node_type"": ""DDS75-LB"", ""Sensor_flag"": 1, ""TempC_DS18B20"": 32.76}"
2025-09-21 10:27:49.206349225+00:00,dds75-lb-07,2,-37,7.0,"{""Bat"": 3.257, ""Distance_mm"": 868, ""Interrupt_flag"": 0, ""Node_type"": ""DDS75-LB"", ""Sensor_flag"": 1, ""TempC_DS18B20"": 32.76}"
2025-09-21 11:27:48.476459788+00:00,dds75-lb-07,2,-37,9.5,"{""Bat"": 3.257, ""Distance_mm"": 868, ""Interrupt_flag"": 0, ""Node_type"": ""DDS75-LB"", ""Sensor_flag"": 1, ""TempC_DS18B20"": 32.76}"
2025-09-21 12:27:47.790401161+00:00,dds75-lb-07,2,-35,9.25,"{""Bat"": 3.257, ""Distance_mm"": 868, ""Interrupt_flag"": 0, ""Node_type"": ""DDS75-LB"", ""Sensor_flag"": 1, ""TempC_DS18B20"": 32.76}"
2025-09-21 13:27:47.071949595+00:00,dds75-lb-07,2,-35,7.75,"{""Bat"": 3.257, ""Distance_mm"": 868, ""Interrupt_flag"": 0, ""Node_type"": ""DDS75-LB"", ""Sensor_flag"": 1, ""TempC_DS18B20"": 32.76}"
2025-09-21 14:27:46.360192159+00:00,dds75-lb-07,2,-33,7.75,"{""Bat"": 3.257, ""Distance_mm"": 868, ""Interrupt_flag"": 0, ""Node_type"": ""DDS75-LB"", ""Sensor_flag"": 1, ""TempC_DS18B20"": 32.76}"
2025-09-21 15:27:45.650099164+00:00,dds75-lb-07,2,-35,6.75,"{""Bat"": 3.257, ""Distance_mm"": 869, ""Interrupt_flag"": 0, ""Node_type"": ""DDS75-LB"", ""Sensor_flag"": 1, ""TempC_DS18B20"": 32.76}"
2025-09-21 16:27:44.954498997+00:00,dds75-lb-07,2,-34,9.25,"{""Bat"": 3.257, ""Distance_mm"": 869, ""Interrupt_flag"": 0, ""Node_type"": ""DDS75-LB"", ""Sensor_flag"": 1, ""TempC_DS18B20"": 32.76}"
2025-09-21 17:27:44.251888096+00:00,dds75-lb-07,2,-120,-3.75,"{""Bat"": 3.257, ""Distance_mm"": 869, ""Interrupt_flag"": 0, ""Node_type"": ""DDS75-LB"", ""Sensor_flag"": 1, ""TempC_DS18B20"": 32.76}"
2025-09-21 18:27:43.525753652+00:00,dds75-lb-07,2,-37,9.5,"{""Bat"": 3.257, ""Distance_mm"": 868, ""Interrupt_flag"": 0, ""Node_type"": ""DDS75-LB"", ""Sensor_flag"": 1, ""TempC_DS18B20"": 32.76}"
2025-09-21 19:27:42.837027337+00:00,dds75-lb-07,2,-35,9.5,"{""Bat"": 3.257, ""Distance_mm"": 868, ""Interrupt_flag"": 0, ""Node_type"": ""DDS75-LB"", ""Sensor_flag"": 1, ""TempC_DS18B20"": 32.76}"
2025-09-21 20:27:42.115336582+00:00,dds75-lb-07,2,-121,-4.75,"{""Bat"": 3.257, ""Distance_mm"": 868, ""Interrupt_flag"": 0, ""Node_type"": ""DDS75-LB"", ""Sensor_flag"": 1, ""TempC_DS18B20"": 32.76}"
2025-09-21 21:27:41.399212466+00:00,dds75-lb-07,2,-33,7.5,"{""Bat"": 3.257, ""Distance_mm"": 869, ""Interrupt_flag"": 0, ""Node_type"": ""DDS75-LB"", ""Sensor_flag"": 1, ""TempC_DS18B20"": 32.76}"
2025-09-21 22:27:40.712221275+00:00,dds75-lb-07,2,-33,7.25,"{""Bat"": 3.257, ""Distance_mm"": 868, ""Interrupt_flag"": 0, ""Node_type"": ""DDS75-LB"", ""Sensor_flag"": 1, ""TempC_DS18B20"": 32.76}"
2025-09-21 23:27:39.999992777+00:00,dds75-lb-07,2,-36,7.75,"{""Bat"": 3.257, ""Distance_mm"": 868, ""Interrupt_flag"": 0, ""Node_type"": ""DDS75-LB"", ""Sensor_flag"": 1, ""TempC_DS18B20"": 32.76}"
2025-09-22 00:27:39.301373796+00:00,dds75-lb-07,2,-125,-8.5,"{""Bat"": 3.257, ""Distance_mm"": 869, ""Interrupt_flag"": 0, ""Node_type"": ""DDS75-LB"", ""Sensor_flag"": 1, ""TempC_DS18B20"": 32.76}"
2025-09-22 01:27:38.584531033+00:00,dds75-lb-07,2,-37,10.0,"{""Bat"": 3.257, ""Distance_mm"": 869, ""Interrupt_flag"": 0, ""Node_type"": ""DDS75-LB"", ""Sensor_flag"": 1, ""TempC_DS18B20"": 32.76}"
2025-09-22 02:27:37.876121416+00:00,dds75-lb-07,2,-34,7.75,"{""Bat"": 3.257, ""Distance_mm"": 868, ""Interrupt_flag"": 0, ""Node_type"": ""DDS75-LB"", ""Sensor_flag"": 1, ""TempC_DS18B20"": 32.76}"
2025-09-22 03:27:37.167044505+00:00,dds75-lb-07,2,-36,9.75,"{""Bat"": 3.257, ""Distance_mm"": 869, ""Interrupt_flag"": 0, ""Node_type"": ""DDS75-LB"", ""Sensor_flag"": 1, ""TempC_DS18B20"": 32.76}"
2025-09-22 04:27:36.469612151+00:00,dds75-lb-07,2,-39,9.5,"{""Bat"": 3.257, ""Distance_mm"": 869, ""Interrupt_flag"": 0, ""Node_type"": ""DDS75-LB"", ""Sensor_flag"": 1, ""TempC_DS18B20"": 32.76}"
2025-09-22 05:27:35.764678840+00:00,dds75-lb-07,2,-117,-1.25,"{""Bat"": 3.257, ""Distance_mm"": 869, ""Interrupt_flag"": 0, ""Node_type"": ""DDS75-LB"", ""Sensor_flag"": 1, ""TempC_DS18B20"": 32.76}"
2025-09-22 06:27:35.056817089+00:00,dds75-lb-07,2,-34,9.25,"{""Bat"": 3.257, ""Distance_mm"": 869, ""Interrupt_flag"": 0, ""Node_type"": ""DDS75-LB"", ""Sensor_flag"": 1, ""TempC_DS18B20"": 32.76}"
2025-09-22 07:27:34.348374737+00:00,dds75-lb-07,2,-116,-0.5,"{""Bat"": 3.257, ""Distance_mm"": 869, ""Interrupt_flag"": 0, ""Node_type"": ""DDS75-LB"", ""Sensor_flag"": 1, ""TempC_DS18B20"": 32.76}"
2025-09-22 08:27:33.631158424+00:00,dds75-lb-07,2,-37,9.75,"{""Bat"": 3.257, ""Distance_mm"": 869, ""Interrupt_flag"": 0, ""Node_type"": ""DDS75-LB"", ""Sensor_flag"": 1, ""TempC_DS18B20"": 32.76}"
2025-09-22 09:27:32.936811023+00:00,dds75-lb-07,2,-37,9.0,"{""Bat"": 3.257, ""Distance_mm"": 868, ""Interrupt_flag"": 0, ""Node_type"": ""DDS75-LB"", ""Sensor_flag"": 1, ""TempC_DS18B20"": 32.76}"
2025-09-22 10:27:32.232256544+00:00,dds75-lb-07,2,-36,10.0,"{""Bat"": 3.257, ""Distance_mm"": 947, ""Interrupt_flag"": 0, ""Node_type"": ""DDS75-LB"", ""Sensor_flag"": 1, ""TempC_DS18B20"": 32.76}"
2025-09-22 11:27:31.533027372+00:00,dds75-lb-07,2,-35,9.75,"{""Bat"": 3.257, ""Distance_mm"": 944, ""Interrupt_flag"": 0, ""Node_type"": ""DDS75-LB"", ""Sensor_flag"": 1, ""TempC_DS18B20"": 32.76}"
2025-09-22 12:27:30.830318966+00:00,dds75-lb-07,2,-35,7.25,"{""Bat"": 3.257, ""Distance_mm"": 947, ""Interrupt_flag"": 0, ""Node_type"": ""DDS75-LB"", ""Sensor_flag"": 1, ""TempC_DS18B20"": 32.76}"
2025-09-22 13:27:30.091118315+00:00,dds75-lb-07,2,-35,7.25,"{""Bat"": 3.257, ""Distance_mm"": 947, ""Interrupt_flag"": 0, ""Node_type"": ""DDS75-LB"", ""Sensor_flag"": 1, ""TempC_DS18B20"": 32.76}"
2025-09-22 14:27:29.403052068+00:00,dds75-lb-07,2,-36,7.0,"{""Bat"": 3.257, ""Distance_mm"": 947, ""Interrupt_flag"": 0, ""Node_type"": ""DDS75-LB"", ""Sensor_flag"": 1, ""TempC_DS18B20"": 32.76}"
2025-09-22 15:27:28.703925990+00:00,dds75-lb-07,2,-37,9.25,"{""Bat"": 3.257, ""Distance_mm"": 943, ""Interrupt_flag"": 0, ""Node_type"": ""DDS75-LB"", ""Sensor_flag"": 1, ""TempC_DS18B20"": 32.76}"
2025-09-22 16:27:27.978773841+00:00,dds75-lb-07,2,-37,10.0,"{""Bat"": 3.257, ""Distance_mm"": 943, ""Interrupt_flag"": 0, ""Node_type"": ""DDS75-LB"", ""Sensor_flag"": 1, ""TempC_DS18B20"": 32.76}"
2025-09-22 17:27:27.279364419+00:00,dds75-lb-07,2,-37,9.0,"{""Bat"": 3.257, ""Distance_mm"": 947, ""Interrupt_flag"": 0, ""Node_type"": ""DDS75-LB"", ""Sensor_flag"": 1, ""TempC_DS18B20"": 32.76}"
2025-09-22 18:27:26.575683335+00:00,dds75-lb-07,2,-35,9.0,"{""Bat"": 3.257, ""Distance_mm"": 945, ""Interrupt_flag"": 0, ""Node_type"": ""DDS75-LB"", ""Sensor_flag"": 1, ""TempC_DS18B20"": 32.76}"
2025-09-22 19:27:25.855552925+00:00,dds75-lb-07,2,-38,9.25,"{""Bat"": 3.257, ""Distance_mm"": 943, ""Interrupt_flag"": 0, ""Node_type"": ""DDS75-LB"", ""Sensor_flag"": 1, ""TempC_DS18B20"": 32.76}"
2025-09-22 20:27:25.146808922+00:00,dds75-lb-07,2,-35,7.25,"{""Bat"": 3.257, ""Distance_mm"": 943, ""Interrupt_flag"": 0, ""Node_type"": ""DDS75-LB"", ""Sensor_flag"": 1, ""TempC_DS18B20"": 32.76}"
2025-09-22 21:27:24.450771555+00:00,dds75-lb-07,2,-120,-6.0,"{""Bat"": 3.257, ""Distance_mm"": 947, ""Interrupt_flag"": 0, ""Node_type"": ""DDS75-LB"", ""Sensor_flag"": 1, ""TempC_DS18B20"": 32.76}"
2025-09-22 22:27:23.754278379+00:00,dds75-lb-07,2,-36,7.25,"{""Bat"": 3.257, ""Distance_mm"": 943, ""Interrupt_flag"": 0, ""Node_type"": ""DDS75-LB"", ""Sensor_flag"": 1, ""TempC_DS18B20"": 32.76}"
2025-09-22 23:27:23.051739752+00:00,dds75-lb-07,2,-35,8.5,"{""Bat"": 3.257, ""Distance_mm"": 943, ""Interrupt_flag"": 0, ""Node_type"": ""DDS75-LB"", ""Sensor_flag"": 1, ""TempC_DS18B20"": 32.76}"
2025-09-23 00:27:22.339374723+00:00,dds75-lb-07,2,-117,-5.75,"{""Bat"": 3.257, ""Distance_mm"": 943, ""Interrupt_flag"": 0, ""Node_type"": ""DDS75-LB"", ""Sensor_flag"": 1, ""TempC_DS18B20"": 32.76}"
2025-09-23 01:27:21.641967277+00:00,dds75-lb-07,2,-34,7.75,"{""Bat"": 3.257, ""Distance_mm"": 942, ""Interrupt_flag"": 0, ""Node_type"": ""DDS75-LB"", ""Sensor_flag"": 1, ""TempC_DS18B20"": 32.76}"
2025-09-23 02:27:20.952832125+00:00,dds75-lb-07,2,-33,9.25,"{""Bat"": 3.257, ""Distance_mm"": 943, ""Interrupt_flag"": 0, ""Node_type"": ""DDS75-LB"", ""Sensor_flag"": 1, ""TempC_DS18B20"": 32.76}"
2025-09-23 03:27:20.230252710+00:00,dds75-lb-07,2,-38,8.25,"{""Bat"": 3.257, ""Distance_mm"": 943, ""Interrupt_flag"": 0, ""Node_type"": ""DDS75-LB"", ""Sensor_flag"": 1, ""TempC_DS18B20"": 32.76}"
2025-09-23 04:27:19.515667376+00:00,dds75-lb-07,2,-119,-3.5,"{""Bat"": 3.257, ""Distance_mm"": 943, ""Interrupt_flag"": 0, ""Node_type"": ""DDS75-LB"", ""Sensor_flag"": 1, ""TempC_DS18B20"": 32.76}"
2025-09-23 05:27:18.821285376+00:00,dds75-lb-07,2,-35,7.0,"{""Bat"": 3.257, ""Distance_mm"": 943, ""Interrupt_flag"": 0, ""Node_type"": ""DDS75-LB"", ""Sensor_flag"": 1, ""TempC_DS18B20"": 32.76}"
2025-09-23 06:27:18.111983025+00:00,dds75-lb-07,2,-35,7.5,"{""Bat"": 3.257, ""Distance_mm"": 943, ""Interrupt_flag"": 0, ""Node_type"": ""DDS75-LB"", ""Sensor_flag"": 1, ""TempC_DS18B20"": 32.76}"
2025-09-23 07:27:17.412395789+00:00,dds75-lb-07,2,-33,9.5,"{""Bat"": 3.257, ""Distance_mm"": 947, ""Interrupt_flag"": 0, ""Node_type"": ""DDS75-LB"", ""Sensor_flag"": 1, ""TempC_DS18B20"": 32.76}"
2025-09-23 08:27:16.693466540+00:00,dds75-lb-07,2,-36,8.75,"{""Bat"": 3.257, ""Distance_mm"": 947, ""Interrupt_flag"": 0, ""Node_type"": ""DDS75-LB"", ""Sensor_flag"": 1, ""TempC_DS18B20"": 32.76}"
2025-09-23 09:27:15.985185671+00:00,dds75-lb-07,2,-35,7.25,"{""Bat"": 3.257, ""Distance_mm"": 947, ""Interrupt_flag"": 0, ""Node_type"": ""DDS75-LB"", ""Sensor_flag"": 1, ""TempC_DS18B20"": 32.76}"
2025-09-23 10:27:15.296399765+00:00,dds75-lb-07,2,-120,-4.25,"{""Bat"": 3.257, ""Distance_mm"": 947, ""Interrupt_flag"": 0, ""Node_type"": ""DDS75-LB"", ""Sensor_flag"": 1, ""TempC_DS18B20"": 32.76}"
2025-09-23 11:27:14.573194110+00:00,dds75-lb-07,2,-38,9.75,"{""Bat"": 3.257, ""Distance_mm"": 943, ""Interrupt_flag"": 0, ""Node_type"": ""DDS75-LB"", ""Sensor_flag"": 1, ""TempC_DS18B20"": 32.76}"
2025-09-23 12:27:13.874814645+00:00,dds75-lb-07,2,-35,7.75,"{""Bat"": 3.257, ""Distance_mm"": 943, ""Interrupt_flag"": 0, ""Node_type"": ""DDS75-LB"", ""Sensor_flag"": 1, ""TempC_DS18B20"": 32.76}"
2025-09-23 13:27:13.184932037+00:00,dds75-lb-07,2,-37,10.25,"{""Bat"": 3.257, ""Distance_mm"": 943, ""Interrupt_flag"": 0, ""Node_type"": ""DDS75-LB"", ""Sensor_flag"": 1, ""TempC_DS18B20"": 32.76}"
2025-09-23 14:27:12.466088147+00:00,dds75-lb-07,2,-112,3.5,"{""Bat"": 3.257, ""Distance_mm"": 943, ""Interrupt_flag"": 0, ""Node_type"": ""DDS75-LB"", ""Sensor_flag"": 1, ""TempC_DS18B20"": 32.76}"
2025-09-23 15:27:11.757921305+00:00,dds75-lb-07,2,-35,9.5,"{""Bat"": 3.257, ""Distance_mm"": 943, ""Interrupt_flag"": 0, ""Node_type"": ""DDS75-LB"", ""Sensor_flag"": 1, ""TempC_DS18B20"": 32.76}"
2025-09-23 16:27:11.041869046+00:00,dds75-lb-07,2,-37,9.5,"{""Bat"": 3.257, ""Distance_mm"": 943, ""Interrupt_flag"": 0, ""Node_type"": ""DDS75-LB"", ""Sensor_flag"": 1, ""TempC_DS18B20"": 32.76}"
2025-09-23 17:27:10.335023952+00:00,dds75-lb-07,2,-33,9.75,"{""Bat"": 3.257, ""Distance_mm"": 943, ""Interrupt_flag"": 0, ""Node_type"": ""DDS75-LB"", ""Sensor_flag"": 1, ""TempC_DS18B20"": 32.76}"
2025-09-23 18:27:09.635884734+00:00,dds75-lb-07,2,-37,8.5,"{""Bat"": 3.257, ""Distance_mm"": 943, ""Interrupt_flag"": 0, ""Node_type"": ""DDS75-LB"", ""Sensor_flag"": 1, ""TempC_DS18B20"": 32.76}"
2025-09-23 19:27:08.917303258+00:00,dds75-lb-07,2,-35,10.5,"{""Bat"": 3.257, ""Distance_mm"": 943, ""Interrupt_flag"": 0, ""Node_type"": ""DDS75-LB"", ""Sensor_flag"": 1, ""TempC_DS18B20"": 32.76}"
2025-09-23 20:27:08.231043408+00:00,dds75-lb-07,2,-33,9.25,"{""Bat"": 3.257, ""Distance_mm"": 943, ""Interrupt_flag"": 0, ""Node_type"": ""DDS75-LB"", ""Sensor_flag"": 1, ""TempC_DS18B20"": 32.76}"
2025-09-23 21:27:07.529514876+00:00,dds75-lb-07,2,-35,8.5,"{""Bat"": 3.257, ""Distance_mm"": 943, ""Interrupt_flag"": 0, ""Node_type"": ""DDS75-LB"", ""Sensor_flag"": 1, ""TempC_DS18B20"": 32.76}"
2025-09-23 22:27:06.819249001+00:00,dds75-lb-07,2,-35,9.25,"{""Bat"": 3.257, ""Distance_mm"": 943, ""Interrupt_flag"": 0, ""Node_type"": ""DDS75-LB"", ""Sensor_flag"": 1, ""TempC_DS18B20"": 32.76}"
2025-09-23 23:27:06.122773952+00:00,dds75-lb-07,2,-36,9.25,"{""Bat"": 3.257, ""Distance_mm"": 943, ""Interrupt_flag"": 0, ""Node_type"": ""DDS75-LB"", ""Sensor_flag"": 1, ""TempC_DS18B20"": 32.76}"
2025-09-24 00:27:05.405508410+00:00,dds75-lb-07,2,-36,7.5,"{""Bat"": 3.257, ""Distance_mm"": 942, ""Interrupt_flag"": 0, ""Node_type"": ""DDS75-LB"", ""Sensor_flag"": 1, ""TempC_DS18B20"": 32.76}"
2025-09-24 01:27:04.699668048+00:00,dds75-lb-07,2,-115,-1.25,"{""Bat"": 3.257, ""Distance_mm"": 943, ""Interrupt_flag"": 0, ""Node_type"": ""DDS75-LB"", ""Sensor_flag"": 1, ""TempC_DS18B20"": 32.76}"
2025-09-24 02:27:04.010727628+00:00,dds75-lb-07,2,-37,9.25,"{""Bat"": 3.257, ""Distance_mm"": 943, ""Interrupt_flag"": 0, ""Node_type"": ""DDS75-LB"", ""Sensor_flag"": 1, ""TempC_DS18B20"": 32.76}"
2025-09-24 03:27:03.288615792+00:00,dds75-lb-07,2,-35,7.5,"{""Bat"": 3.257, ""Distance_mm"": 942, ""Interrupt_flag"": 0, ""Node_type"": ""DDS75-LB"", ""Sensor_flag"": 1, ""TempC_DS18B20"": 32.76}"
2025-09-24 04:27:02.581159098+00:00,dds75-lb-07,2,-33,7.75,"{""Bat"": 3.257, ""Distance_mm"": 943, ""Interrupt_flag"": 0, ""Node_type"": ""DDS75-LB"", ""Sensor_flag"": 1, ""TempC_DS18B20"": 32.76}"
2025-09-24 05:27:01.885704331+00:00,dds75-lb-07,2,-37,10.25,"{""Bat"": 3.257, ""Distance_mm"": 942, ""Interrupt_flag"": 0, ""Node_type"": ""DDS75-LB"", ""Sensor_flag"": 1, ""TempC_DS18B20"": 32.76}"
2025-09-24 06:27:01.181246318+00:00,dds75-lb-07,2,-35,10.0,"{""Bat"": 3.257, ""Distance_mm"": 942, ""Interrupt_flag"": 0, ""Node_type"": ""DDS75-LB"", ""Sensor_flag"": 1, ""TempC_DS18B20"": 32.76}"
2025-09-24 07:27:00.481890962+00:00,dds75-lb-07,2,-37,10.0,"{""Bat"": 3.257, ""Distance_mm"": 942, ""Interrupt_flag"": 0, ""Node_type"": ""DDS75-LB"", ""Sensor_flag"": 1, ""TempC_DS18B20"": 32.76}"
2025-09-24 08:26:59.789485286+00:00,dds75-lb-07,2,-37,9.5,"{""Bat"": 3.257, ""Distance_mm"": 943, ""Interrupt_flag"": 0, ""Node_type"": ""DDS75-LB"", ""Sensor_flag"": 1, ""TempC_DS18B20"": 32.76}"
2025-09-24 09:26:59.060347758+00:00,dds75-lb-07,2,-118,-2.5,"{""Bat"": 3.257, ""Distance_mm"": 943, ""Interrupt_flag"": 0, ""Node_type"": ""DDS75-LB"", ""Sensor_flag"": 1, ""TempC_DS18B20"": 32.76}"
2025-09-24 10:26:58.378545712+00:00,dds75-lb-07,2,-37,9.0,"{""Bat"": 3.257, ""Distance_mm"": 942, ""Interrupt_flag"": 0, ""Node_type"": ""DDS75-LB"", ""Sensor_flag"": 1, ""TempC_DS18B20"": 32.76}"
2025-09-24 11:26:57.654255776+00:00,dds75-lb-07,2,-35,10.0,"{""Bat"": 3.257, ""Distance_mm"": 943, ""Interrupt_flag"": 0, ""Node_type"": ""DDS75-LB"", ""Sensor_flag"": 1, ""TempC_DS18B20"": 32.76}"
2025-09-24 12:26:56.961405153+00:00,dds75-lb-07,2,-35,7.0,"{""Bat"": 3.257, ""Distance_mm"": 943, ""Interrupt_flag"": 0, ""Node_type"": ""DDS75-LB"", ""Sensor_flag"": 1, ""TempC_DS18B20"": 32.76}"
2025-09-24 13:26:56.254489242+00:00,dds75-lb-07,2,-37,9.5,"{""Bat"": 3.257, ""Distance_mm"": 943, ""Interrupt_flag"": 0, ""Node_type"": ""DDS75-LB"", ""Sensor_flag"": 1, ""TempC_DS18B20"": 32.76}"
2025-09-24 14:26:55.533772309+00:00,dds75-lb-07,2,-116,-1.5,"{""Bat"": 3.257, ""Distance_mm"": 943, ""Interrupt_flag"": 0, ""Node_type"": ""DDS75-LB"", ""Sensor_flag"": 1, ""TempC_DS18B20"": 32.76}"
2025-09-24 15:26:54.867381153+00:00,dds75-lb-07,2,-37,9.25,"{""Bat"": 3.257, ""Distance_mm"": 943, ""Interrupt_flag"": 0, ""Node_type"": ""DDS75-LB"", ""Sensor_flag"": 1, ""TempC_DS18B20"": 32.76}"
2025-09-24 16:26:54.155870276+00:00,dds75-lb-07,2,-35,10.0,"{""Bat"": 3.257, ""Distance_mm"": 943, ""Interrupt_flag"": 0, ""Node_type"": ""DDS75-LB"", ""Sensor_flag"": 1, ""TempC_DS18B20"": 32.76}"
2025-09-24 17:26:53.445816569+00:00,dds75-lb-07,2,-36,9.25,"{""Bat"": 3.257, ""Distance_mm"": 943, ""Interrupt_flag"": 0, ""Node_type"": ""DDS75-LB"", ""Sensor_flag"": 1, ""TempC_DS18B20"": 32.76}"
2025-09-24 18:26:52.730449844+00:00,dds75-lb-07,2,-35,8.0,"{""Bat"": 3.257, ""Distance_mm"": 943, ""Interrupt_flag"": 0, ""Node_type"": ""DDS75-LB"", ""Sensor_flag"": 1, ""TempC_DS18B20"": 32.76}"
2025-09-24 19:26:52.034119576+00:00,dds75-lb-07,2,-33,9.25,"{""Bat"": 3.257, ""Distance_mm"": 943, ""Interrupt_flag"": 0, ""Node_type"": ""DDS75-LB"", ""Sensor_flag"": 1, ""TempC_DS18B20"": 32.76}"
2025-09-24 20:26:51.308284975+00:00,dds75-lb-07,2,-36,10.25,"{""Bat"": 3.257, ""Distance_mm"": 943, ""Interrupt_flag"": 0, ""Node_type"": ""DDS75-LB"", ""Sensor_flag"": 1, ""TempC_DS18B20"": 32.76}"
2025-09-24 21:26:50.611681109+00:00,dds75-lb-07,2,-35,10.0,"{""Bat"": 3.257, ""Distance_mm"": 942, ""Interrupt_flag"": 0, ""Node_type"": ""DDS75-LB"", ""Sensor_flag"": 1, ""TempC_DS18B20"": 32.76}"
2025-09-24 22:26:49.920107478+00:00,dds75-lb-07,2,-38,10.25,"{""Bat"": 3.257, ""Distance_mm"": 943, ""Interrupt_flag"": 0, ""Node_type"": ""DDS75-LB"", ""Sensor_flag"": 1, ""TempC_DS18B20"": 32.76}"
2025-09-24 23:26:49.208475444+00:00,dds75-lb-07,2,-35,10.25,"{""Bat"": 3.257, ""Distance_mm"": 943, ""Interrupt_flag"": 0, ""Node_type"": ""DDS75-LB"", ""Sensor_flag"": 1, ""TempC_DS18B20"": 32.76}"
2025-09-25 00:26:48.493748527+00:00,dds75-lb-07,2,-35,9.75,"{""Bat"": 3.257, ""Distance_mm"": 942, ""Interrupt_flag"": 0, ""Node_type"": ""DDS75-LB"", ""Sensor_flag"": 1, ""TempC_DS18B20"": 32.76}"
2025-09-25 01:26:47.786782370+00:00,dds75-lb-07,2,-35,10.25,"{""Bat"": 3.257, ""Distance_mm"": 942, ""Interrupt_flag"": 0, ""Node_type"": ""DDS75-LB"", ""Sensor_flag"": 1, ""TempC_DS18B20"": 32.76}"
2025-09-25 02:26:47.079538331+00:00,dds75-lb-07,2,-35,10.5,"{""Bat"": 3.257, ""Distance_mm"": 943, ""Interrupt_flag"": 0, ""Node_type"": ""DDS75-LB"", ""Sensor_flag"": 1, ""TempC_DS18B20"": 32.76}"
2025-09-25 03:26:46.380782846+00:00,dds75-lb-07,2,-33,9.25,"{""Bat"": 3.257, ""Distance_mm"": 943, ""Interrupt_flag"": 0, ""Node_type"": ""DDS75-LB"", ""Sensor_flag"": 1, ""TempC_DS18B20"": 32.76}"
2025-09-25 04:26:45.683965332+00:00,dds75-lb-07,2,-117,-1.75,"{""Bat"": 3.257, ""Distance_mm"": 942, ""Interrupt_flag"": 0, ""Node_type"": ""DDS75-LB"", ""Sensor_flag"": 1, ""TempC_DS18B20"": 32.76}"
2025-09-25 05:26:44.980367782+00:00,dds75-lb-07,2,-35,9.25,"{""Bat"": 3.257, ""Distance_mm"": 943, ""Interrupt_flag"": 0, ""Node_type"": ""DDS75-LB"", ""Sensor_flag"": 1, ""TempC_DS18B20"": 32.76}"
2025-09-25 06:26:44.273688076+00:00,dds75-lb-07,2,-35,9.75,"{""Bat"": 3.257, ""Distance_mm"": 943, ""Interrupt_flag"": 0, ""Node_type"": ""DDS75-LB"", ""Sensor_flag"": 1, ""TempC_DS18B20"": 32.76}"
2025-09-25 07:26:43.570206116+00:00,dds75-lb-07,2,-39,9.75,"{""Bat"": 3.257, ""Distance_mm"": 946, ""Interrupt_flag"": 0, ""Node_type"": ""DDS75-LB"", ""Sensor_flag"": 1, ""TempC_DS18B20"": 32.76}"
2025-09-25 08:26:42.867451050+00:00,dds75-lb-07,2,-38,10.75,"{""Bat"": 3.257, ""Distance_mm"": 947, ""Interrupt_flag"": 0, ""Node_type"": ""DDS75-LB"", ""Sensor_flag"": 1, ""TempC_DS18B20"": 32.76}"
2025-09-25 09:26:42.170609048+00:00,dds75-lb-07,2,-38,9.5,"{""Bat"": 3.257, ""Distance_mm"": 947, ""Interrupt_flag"": 0, ""Node_type"": ""DDS75-LB"", ""Sensor_flag"": 1, ""TempC_DS18B20"": 32.76}"
2025-09-25 10:26:41.459864178+00:00,dds75-lb-07,2,-38,10.5,"{""Bat"": 3.257, ""Distance_mm"": 947, ""Interrupt_flag"": 0, ""Node_type"": ""DDS75-LB"", ""Sensor_flag"": 1, ""TempC_DS18B20"": 32.76}"
2025-09-25 11:26:40.767012101+00:00,dds75-lb-07,2,-38,9.75,"{""Bat"": 3.257, ""Distance_mm"": 947, ""Interrupt_flag"": 0, ""Node_type"": ""DDS75-LB"", ""Sensor_flag"": 1, ""TempC_DS18B20"": 32.76}"
2025-09-25 12:26:40.045947543+00:00,dds75-lb-07,2,-41,9.0,"{""Bat"": 3.257, ""Distance_mm"": 947, ""Interrupt_flag"": 0, ""Node_type"": ""DDS75-LB"", ""Sensor_flag"": 1, ""TempC_DS18B20"": 32.76}"
2025-09-25 13:26:39.340652405+00:00,dds75-lb-07,2,-38,9.5,"{""Bat"": 3.257, ""Distance_mm"": 947, ""Interrupt_flag"": 0, ""Node_type"": ""DDS75-LB"", ""Sensor_flag"": 1, ""TempC_DS18B20"": 32.76}"
2025-09-25 14:26:38.645784066+00:00,dds75-lb-07,2,-39,9.5,"{""Bat"": 3.257, ""Distance_mm"": 947, ""Interrupt_flag"": 0, ""Node_type"": ""DDS75-LB"", ""Sensor_flag"": 1, ""TempC_DS18B20"": 32.76}"
2025-09-25 15:26:37.934456372+00:00,dds75-lb-07,2,-38,7.25,"{""Bat"": 3.257, ""Distance_mm"": 947, ""Interrupt_flag"": 0, ""Node_type"": ""DDS75-LB"", ""Sensor_flag"": 1, ""TempC_DS18B20"": 32.76}"
2025-09-25 16:26:37.230614930+00:00,dds75-lb-07,2,-119,-2.25,"{""Bat"": 3.257, ""Distance_mm"": 947, ""Interrupt_flag"": 0, ""Node_type"": ""DDS75-LB"", ""Sensor_flag"": 1, ""TempC_DS18B20"": 32.76}"
2025-09-25 17:26:36.534609845+00:00,dds75-lb-07,2,-38,9.5,"{""Bat"": 3.257, ""Distance_mm"": 947, ""Interrupt_flag"": 0, ""Node_type"": ""DDS75-LB"", ""Sensor_flag"": 1, ""TempC_DS18B20"": 32.76}"
2025-09-25 18:26:35.807605583+00:00,dds75-lb-07,2,-120,-5.25,"{""Bat"": 3.257, ""Distance_mm"": 947, ""Interrupt_flag"": 0, ""Node_type"": ""DDS75-LB"", ""Sensor_flag"": 1, ""TempC_DS18B20"": 32.76}"
2025-09-25 19:26:35.113716402+00:00,dds75-lb-07,2,-38,7.5,"{""Bat"": 3.257, ""Distance_mm"": 946, ""Interrupt_flag"": 0, ""Node_type"": ""DDS75-LB"", ""Sensor_flag"": 1, ""TempC_DS18B20"": 32.76}"
2025-09-25 20:26:34.425071780+00:00,dds75-lb-07,2,-39,9.5,"{""Bat"": 3.257, ""Distance_mm"": 947, ""Interrupt_flag"": 0, ""Node_type"": ""DDS75-LB"", ""Sensor_flag"": 1, ""TempC_DS18B20"": 32.76}"
2025-09-25 21:26:33.708591443+00:00,dds75-lb-07,2,-37,9.0,"{""Bat"": 3.257, ""Distance_mm"": 947, ""Interrupt_flag"": 0, ""Node_type"": ""DDS75-LB"", ""Sensor_flag"": 1, ""TempC_DS18B20"": 32.76}"
2025-09-25 22:26:33.039940192+00:00,dds75-lb-07,2,-41,10.0,"{""Bat"": 3.257, ""Distance_mm"": 944, ""Interrupt_flag"": 0, ""Node_type"": ""DDS75-LB"", ""Sensor_flag"": 1, ""TempC_DS18B20"": 32.76}"
2025-09-25 23:26:32.314894662+00:00,dds75-lb-07,2,-36,8.25,"{""Bat"": 3.257, ""Distance_mm"": 946, ""Interrupt_flag"": 0, ""Node_type"": ""DDS75-LB"", ""Sensor_flag"": 1, ""TempC_DS18B20"": 32.76}"
2025-09-26 00:26:31.612459691+00:00,dds75-lb-07,2,-116,-0.75,"{""Bat"": 3.257, ""Distance_mm"": 946, ""Interrupt_flag"": 0, ""Node_type"": ""DDS75-LB"", ""Sensor_flag"": 1, ""TempC_DS18B20"": 32.76}"
2025-09-26 01:26:30.912895231+00:00,dds75-lb-07,2,-39,7.25,"{""Bat"": 3.257, ""Distance_mm"": 946, ""Interrupt_flag"": 0, ""Node_type"": ""DDS75-LB"", ""Sensor_flag"": 1, ""TempC_DS18B20"": 32.76}"
2025-09-26 02:26:30.209327527+00:00,dds75-lb-07,2,-38,9.75,"{""Bat"": 3.257, ""Distance_mm"": 946, ""Interrupt_flag"": 0, ""Node_type"": ""DDS75-LB"", ""Sensor_flag"": 1, ""TempC_DS18B20"": 32.76}"
2025-09-26 03:26:29.520528130+00:00,dds75-lb-07,2,-39,7.75,"{""Bat"": 3.257, ""Distance_mm"": 946, ""Interrupt_flag"": 0, ""Node_type"": ""DDS75-LB"", ""Sensor_flag"": 1, ""TempC_DS18B20"": 32.76}"
2025-09-26 04:26:28.817529746+00:00,dds75-lb-07,2,-39,9.25,"{""Bat"": 3.257, ""Distance_mm"": 946, ""Interrupt_flag"": 0, ""Node_type"": ""DDS75-LB"", ""Sensor_flag"": 1, ""TempC_DS18B20"": 32.76}"
2025-09-26 05:26:28.108148335+00:00,dds75-lb-07,2,-38,9.25,"{""Bat"": 3.257, ""Distance_mm"": 946, ""Interrupt_flag"": 0, ""Node_type"": ""DDS75-LB"", ""Sensor_flag"": 1, ""TempC_DS18B20"": 32.76}"
2025-09-26 06:26:27.419961028+00:00,dds75-lb-07,2,-39,9.5,"{""Bat"": 3.257, ""Distance_mm"": 947, ""Interrupt_flag"": 0, ""Node_type"": ""DDS75-LB"", ""Sensor_flag"": 1, ""TempC_DS18B20"": 32.76}"
2025-09-26 07:26:26.701158611+00:00,dds75-lb-07,2,-39,9.25,"{""Bat"": 3.257, ""Distance_mm"": 947, ""Interrupt_flag"": 0, ""Node_type"": ""DDS75-LB"", ""Sensor_flag"": 1, ""TempC_DS18B20"": 32.76}"
2025-09-26 08:26:25.995698175+00:00,dds75-lb-07,2,-114,2.0,"{""Bat"": 3.257, ""Distance_mm"": 947, ""Interrupt_flag"": 0, ""Node_type"": ""DDS75-LB"", ""Sensor_flag"": 1, ""TempC_DS18B20"": 32.76}"
2025-09-26 09:26:25.299987528+00:00,dds75-lb-07,2,-38,6.5,"{""Bat"": 3.257, ""Distance_mm"": 947, ""Interrupt_flag"": 0, ""Node_type"": ""DDS75-LB"", ""Sensor_flag"": 1, ""TempC_DS18B20"": 32.76}"
2025-09-26 10:26:24.590572058+00:00,dds75-lb-07,2,-113,0.5,"{""Bat"": 3.257, ""Distance_mm"": 947, ""Interrupt_flag"": 0, ""Node_type"": ""DDS75-LB"", ""Sensor_flag"": 1, ""TempC_DS18B20"": 32.76}"
2025-09-26 11:26:23.884717004+00:00,dds75-lb-07,2,-39,7.5,"{""Bat"": 3.257, ""Distance_mm"": 947, ""Interrupt_flag"": 0, ""Node_type"": ""DDS75-LB"", ""Sensor_flag"": 1, ""TempC_DS18B20"": 32.76}"
2025-09-26 12:26:23.204814149+00:00,dds75-lb-07,2,-112,3.25,"{""Bat"": 3.257, ""Distance_mm"": 946, ""Interrupt_flag"": 0, ""Node_type"": ""DDS75-LB"", ""Sensor_flag"": 1, ""TempC_DS18B20"": 32.76}"
2025-09-26 13:26:22.495359724+00:00,dds75-lb-07,2,-39,9.75,"{""Bat"": 3.257, ""Distance_mm"": 946, ""Interrupt_flag"": 0, ""Node_type"": ""DDS75-LB"", ""Sensor_flag"": 1, ""TempC_DS18B20"": 32.76}"
2025-09-26 14:26:21.778156052+00:00,dds75-lb-07,2,-38,7.0,"{""Bat"": 3.257, ""Distance_mm"": 946, ""Interrupt_flag"": 0, ""Node_type"": ""DDS75-LB"", ""Sensor_flag"": 1, ""TempC_DS18B20"": 32.76}"
2025-09-26 15:26:21.078726535+00:00,dds75-lb-07,2,-39,9.5,"{""Bat"": 3.257, ""Distance_mm"": 946, ""Interrupt_flag"": 0, ""Node_type"": ""DDS75-LB"", ""Sensor_flag"": 1, ""TempC_DS18B20"": 32.76}"
2025-09-26 16:26:20.364134844+00:00,dds75-lb-07,2,-39,11.0,"{""Bat"": 3.257, ""Distance_mm"": 947, ""Interrupt_flag"": 0, ""Node_type"": ""DDS75-LB"", ""Sensor_flag"": 1, ""TempC_DS18B20"": 32.76}"
2025-09-26 17:26:19.674525536+00:00,dds75-lb-07,2,-119,-6.75,"{""Bat"": 3.257, ""Distance_mm"": 947, ""Interrupt_flag"": 0, ""Node_type"": ""DDS75-LB"", ""Sensor_flag"": 1, ""TempC_DS18B20"": 32.76}"
2025-09-26 18:26:18.964478136+00:00,dds75-lb-07,2,-41,6.5,"{""Bat"": 3.257, ""Distance_mm"": 946, ""Interrupt_flag"": 0, ""Node_type"": ""DDS75-LB"", ""Sensor_flag"": 1, ""TempC_DS18B20"": 32.76}"
2025-09-26 19:26:18.277897964+00:00,dds75-lb-07,2,-39,9.75,"{""Bat"": 3.257, ""Distance_mm"": 946, ""Interrupt_flag"": 0, ""Node_type"": ""DDS75-LB"", ""Sensor_flag"": 1, ""TempC_DS18B20"": 32.76}"
2025-09-26 20:26:17.551808660+00:00,dds75-lb-07,2,-41,9.5,"{""Bat"": 3.257, ""Distance_mm"": 947, ""Interrupt_flag"": 0, ""Node_type"": ""DDS75-LB"", ""Sensor_flag"": 1, ""TempC_DS18B20"": 32.76}"
2025-09-26 21:26:16.849606630+00:00,dds75-lb-07,2,-39,10.5,"{""Bat"": 3.257, ""Distance_mm"": 947, ""Interrupt_flag"": 0, ""Node_type"": ""DDS75-LB"", ""Sensor_flag"": 1, ""TempC_DS18B20"": 32.76}"
2025-09-26 22:26:16.147144926+00:00,dds75-lb-07,2,-120,-4.5,"{""Bat"": 3.257, ""Distance_mm"": 946, ""Interrupt_flag"": 0, ""Node_type"": ""DDS75-LB"", ""Sensor_flag"": 1, ""TempC_DS18B20"": 32.76}"
2025-09-26 23:26:15.442408526+00:00,dds75-lb-07,2,-41,10.25,"{""Bat"": 3.257, ""Distance_mm"": 946, ""Interrupt_flag"": 0, ""Node_type"": ""DDS75-LB"", ""Sensor_flag"": 1, ""TempC_DS18B20"": 32.76}"
2025-09-27 00:26:14.749013086+00:00,dds75-lb-07,2,-39,9.75,"{""Bat"": 3.257, ""Distance_mm"": 946, ""Interrupt_flag"": 0, ""Node_type"": ""DDS75-LB"", ""Sensor_flag"": 1, ""TempC_DS18B20"": 32.76}"
2025-09-27 01:26:14.046101689+00:00,dds75-lb-07,2,-121,-5.0,"{""Bat"": 3.257, ""Distance_mm"": 946, ""Interrupt_flag"": 0, ""Node_type"": ""DDS75-LB"", ""Sensor_flag"": 1, ""TempC_DS18B20"": 32.76}"
2025-09-27 02:26:13.347536983+00:00,dds75-lb-07,2,-38,8.0,"{""Bat"": 3.257, ""Distance_mm"": 946, ""Interrupt_flag"": 0, ""Node_type"": ""DDS75-LB"", ""Sensor_flag"": 1, ""TempC_DS18B20"": 32.76}"
2025-09-27 03:26:12.642627038+00:00,dds75-lb-07,2,-41,9.75,"{""Bat"": 3.257, ""Distance_mm"": 947, ""Interrupt_flag"": 0, ""Node_type"": ""DDS75-LB"", ""Sensor_flag"": 1, ""TempC_DS18B20"": 32.76}"
2025-09-27 04:26:11.945452595+00:00,dds75-lb-07,2,-41,9.0,"{""Bat"": 3.257, ""Distance_mm"": 946, ""Interrupt_flag"": 0, ""Node_type"": ""DDS75-LB"", ""Sensor_flag"": 1, ""TempC_DS18B20"": 32.76}"
2025-09-27 05:26:11.219784778+00:00,dds75-lb-07,2,-38,7.5,"{""Bat"": 3.257, ""Distance_mm"": 946, ""Interrupt_flag"": 0, ""Node_type"": ""DDS75-LB"", ""Sensor_flag"": 1, ""TempC_DS18B20"": 32.76}"
2025-09-27 06:26:10.541525857+00:00,dds75-lb-07,2,-121,-5.0,"{""Bat"": 3.257, ""Distance_mm"": 946, ""Interrupt_flag"": 0, ""Node_type"": ""DDS75-LB"", ""Sensor_flag"": 1, ""TempC_DS18B20"": 32.76}"
2025-09-27 07:26:09.834859786+00:00,dds75-lb-07,2,-39,9.5,"{""Bat"": 3.257, ""Distance_mm"": 946, ""Interrupt_flag"": 0, ""Node_type"": ""DDS75-LB"", ""Sensor_flag"": 1, ""TempC_DS18B20"": 32.76}"
2025-09-27 08:26:09.148483406+00:00,dds75-lb-07,2,-37,9.5,"{""Bat"": 3.257, ""Distance_mm"": 946, ""Interrupt_flag"": 0, ""Node_type"": ""DDS75-LB"", ""Sensor_flag"": 1, ""TempC_DS18B20"": 32.76}"
2025-09-27 09:26:08.418929855+00:00,dds75-lb-07,2,-112,2.75,"{""Bat"": 3.257, ""Distance_mm"": 946, ""Interrupt_flag"": 0, ""Node_type"": ""DDS75-LB"", ""Sensor_flag"": 1, ""TempC_DS18B20"": 32.76}"
2025-09-27 10:26:07.727169920+00:00,dds75-lb-07,2,-124,-7.0,"{""Bat"": 3.257, ""Distance_mm"": 946, ""Interrupt_flag"": 0, ""Node_type"": ""DDS75-LB"", ""Sensor_flag"": 1, ""TempC_DS18B20"": 32.76}"
2025-09-27 11:26:07.048938230+00:00,dds75-lb-07,2,-39,9.0,"{""Bat"": 3.257, ""Distance_mm"": 946, ""Interrupt_flag"": 0, ""Node_type"": ""DDS75-LB"", ""Sensor_flag"": 1, ""TempC_DS18B20"": 32.76}"
2025-09-27 12:26:06.329431688+00:00,dds75-lb-07,2,-41,10.5,"{""Bat"": 3.257, ""Distance_mm"": 947, ""Interrupt_flag"": 0, ""Node_type"": ""DDS75-LB"", ""Sensor_flag"": 1, ""TempC_DS18B20"": 32.76}"
2025-09-27 13:26:05.633914217+00:00,dds75-lb-07,2,-121,-5.5,"{""Bat"": 3.257, ""Distance_mm"": 947, ""Interrupt_flag"": 0, ""Node_type"": ""DDS75-LB"", ""Sensor_flag"": 1, ""TempC_DS18B20"": 32.76}"
2025-09-27 14:26:04.914071650+00:00,dds75-lb-07,2,-37,9.0,"{""Bat"": 3.257, ""Distance_mm"": 946, ""Interrupt_flag"": 0, ""Node_type"": ""DDS75-LB"", ""Sensor_flag"": 1, ""TempC_DS18B20"": 32.76}"
2025-09-27 15:26:04.223627818+00:00,dds75-lb-07,2,-119,-3.0,"{""Bat"": 3.257, ""Distance_mm"": 946, ""Interrupt_flag"": 0, ""Node_type"": ""DDS75-LB"", ""Sensor_flag"": 1, ""TempC_DS18B20"": 32.76}"
2025-09-27 16:26:03.553655851+00:00,dds75-lb-07,2,-39,7.75,"{""Bat"": 3.257, ""Distance_mm"": 946, ""Interrupt_flag"": 0, ""Node_type"": ""DDS75-LB"", ""Sensor_flag"": 1, ""TempC_DS18B20"": 32.76}"
2025-09-27 17:26:02.821900226+00:00,dds75-lb-07,2,-38,9.75,"{""Bat"": 3.257, ""Distance_mm"": 946, ""Interrupt_flag"": 0, ""Node_type"": ""DDS75-LB"", ""Sensor_flag"": 1, ""TempC_DS18B20"": 32.76}"
2025-09-27 18:26:02.128144256+00:00,dds75-lb-07,2,-39,8.0,"{""Bat"": 3.257, ""Distance_mm"": 946, ""Interrupt_flag"": 0, ""Node_type"": ""DDS75-LB"", ""Sensor_flag"": 1, ""TempC_DS18B20"": 32.76}"
2025-09-27 19:26:01.417700003+00:00,dds75-lb-07,2,-36,8.25,"{""Bat"": 3.257, ""Distance_mm"": 946, ""Interrupt_flag"": 0, ""Node_type"": ""DDS75-LB"", ""Sensor_flag"": 1, ""TempC_DS18B20"": 32.76}"
2025-09-27 20:26:00.711545590+00:00,dds75-lb-07,2,-39,7.5,"{""Bat"": 3.257, ""Distance_mm"": 946, ""Interrupt_flag"": 0, ""Node_type"": ""DDS75-LB"", ""Sensor_flag"": 1, ""TempC_DS18B20"": 32.76}"
2025-09-27 21:26:00.025011543+00:00,dds75-lb-07,2,-38,8.5,"{""Bat"": 3.257, ""Distance_mm"": 946, ""Interrupt_flag"": 0, ""Node_type"": ""DDS75-LB"", ""Sensor_flag"": 1, ""TempC_DS18B20"": 32.76}"
2025-09-27 22:25:59.320191607+00:00,dds75-lb-07,2,-39,10.0,"{""Bat"": 3.257, ""Distance_mm"": 946, ""Interrupt_flag"": 0, ""Node_type"": ""DDS75-LB"", ""Sensor_flag"": 1, ""TempC_DS18B20"": 32.76}"
2025-09-27 23:25:58.601075972+00:00,dds75-lb-07,2,-123,-7.25,"{""Bat"": 3.257, ""Distance_mm"": 947, ""Interrupt_flag"": 0, ""Node_type"": ""DDS75-LB"", ""Sensor_flag"": 1, ""TempC_DS18B20"": 32.76}"
2025-09-28 00:25:57.907200770+00:00,dds75-lb-07,2,-36,9.0,"{""Bat"": 3.257, ""Distance_mm"": 946, ""Interrupt_flag"": 0, ""Node_type"": ""DDS75-LB"", ""Sensor_flag"": 1, ""TempC_DS18B20"": 32.76}"
2025-09-28 01:25:57.205311830+00:00,dds75-lb-07,2,-38,7.25,"{""Bat"": 3.257, ""Distance_mm"": 946, ""Interrupt_flag"": 0, ""Node_type"": ""DDS75-LB"", ""Sensor_flag"": 1, ""TempC_DS18B20"": 32.76}"
2025-09-28 02:25:56.510458333+00:00,dds75-lb-07,2,-120,-6.25,"{""Bat"": 3.257, ""Distance_mm"": 946, ""Interrupt_flag"": 0, ""Node_type"": ""DDS75-LB"", ""Sensor_flag"": 1, ""TempC_DS18B20"": 32.76}"
2025-09-28 03:25:55.805657272+00:00,dds75-lb-07,2,-38,9.0,"{""Bat"": 3.257, ""Distance_mm"": 946, ""Interrupt_flag"": 0, ""Node_type"": ""DDS75-LB"", ""Sensor_flag"": 1, ""TempC_DS18B20"": 32.76}"
2025-09-28 04:25:55.092266911+00:00,dds75-lb-07,2,-38,7.5,"{""Bat"": 3.257, ""Distance_mm"": 946, ""Interrupt_flag"": 0, ""Node_type"": ""DDS75-LB"", ""Sensor_flag"": 1, ""TempC_DS18B20"": 32.76}"
2025-09-28 05:25:54.403414640+00:00,dds75-lb-07,2,-37,8.5,"{""Bat"": 3.257, ""Distance_mm"": 946, ""Interrupt_flag"": 0, ""Node_type"": ""DDS75-LB"", ""Sensor_flag"": 1, ""TempC_DS18B20"": 32.76}"
2025-09-28 06:25:53.703514432+00:00,dds75-lb-07,2,-120,-5.25,"{""Bat"": 3.257, ""Distance_mm"": 946, ""Interrupt_flag"": 0, ""Node_type"": ""DDS75-LB"", ""Sensor_flag"": 1, ""TempC_DS18B20"": 32.76}"
2025-09-28 07:25:52.994085873+00:00,dds75-lb-07,2,-123,-7.25,"{""Bat"": 3.257, ""Distance_mm"": 946, ""Interrupt_flag"": 0, ""Node_type"": ""DDS75-LB"", ""Sensor_flag"": 1, ""TempC_DS18B20"": 32.76}"
2025-09-28 08:25:52.300219882+00:00,dds75-lb-07,2,-33,7.0,"{""Bat"": 3.257, ""Distance_mm"": 946, ""Interrupt_flag"": 0, ""Node_type"": ""DDS75-LB"", ""Sensor_flag"": 1, ""TempC_DS18B20"": 32.76}"
2025-09-28 09:25:51.580386942+00:00,dds75-lb-07,2,-38,7.5,"{""Bat"": 3.257, ""Distance_mm"": 946, ""Interrupt_flag"": 0, ""Node_type"": ""DDS75-LB"", ""Sensor_flag"": 1, ""TempC_DS18B20"": 32.76}"
2025-09-28 10:25:50.889873822+00:00,dds75-lb-07,2,-41,9.25,"{""Bat"": 3.257, ""Distance_mm"": 946, ""Interrupt_flag"": 0, ""Node_type"": ""DDS75-LB"", ""Sensor_flag"": 1, ""TempC_DS18B20"": 32.76}"
2025-09-28 11:25:50.238129822+00:00,dds75-lb-07,2,-39,9.0,"{""Bat"": 3.257, ""Distance_mm"": 946, ""Interrupt_flag"": 0, ""Node_type"": ""DDS75-LB"", ""Sensor_flag"": 1, ""TempC_DS18B20"": 32.76}"
2025-09-28 12:25:49.491629449+00:00,dds75-lb-07,2,-39,10.0,"{""Bat"": 3.257, ""Distance_mm"": 946, ""Interrupt_flag"": 0, ""Node_type"": ""DDS75-LB"", ""Sensor_flag"": 1, ""TempC_DS18B20"": 32.76}"
2025-09-28 13:25:48.789262848+00:00,dds75-lb-07,2,-36,8.75,"{""Bat"": 3.257, ""Distance_mm"": 947, ""Interrupt_flag"": 0, ""Node_type"": ""DDS75-LB"", ""Sensor_flag"": 1, ""TempC_DS18B20"": 32.76}"
2025-09-28 14:25:48.065276663+00:00,dds75-lb-07,2,-41,9.25,"{""Bat"": 3.257, ""Distance_mm"": 947, ""Interrupt_flag"": 0, ""Node_type"": ""DDS75-LB"", ""Sensor_flag"": 1, ""TempC_DS18B20"": 32.76}"
2025-09-28 15:25:47.392133154+00:00,dds75-lb-07,2,-41,7.0,"{""Bat"": 3.257, ""Distance_mm"": 946, ""Interrupt_flag"": 0, ""Node_type"": ""DDS75-LB"", ""Sensor_flag"": 1, ""TempC_DS18B20"": 32.76}"
2025-09-28 16:25:46.676639396+00:00,dds75-lb-07,2,-36,9.25,"{""Bat"": 3.257, ""Distance_mm"": 946, ""Interrupt_flag"": 0, ""Node_type"": ""DDS75-LB"", ""Sensor_flag"": 1, ""TempC_DS18B20"": 32.76}"
2025-09-28 17:25:45.967594619+00:00,dds75-lb-07,2,-38,7.5,"{""Bat"": 3.257, ""Distance_mm"": 946, ""Interrupt_flag"": 0, ""Node_type"": ""DDS75-LB"", ""Sensor_flag"": 1, ""TempC_DS18B20"": 32.76}"
2025-09-28 18:25:45.253499833+00:00,dds75-lb-07,2,-39,9.0,"{""Bat"": 3.257, ""Distance_mm"": 946, ""Interrupt_flag"": 0, ""Node_type"": ""DDS75-LB"", ""Sensor_flag"": 1, ""TempC_DS18B20"": 32.76}"
2025-09-28 19:25:44.560277226+00:00,dds75-lb-07,2,-38,9.25,"{""Bat"": 3.257, ""Distance_mm"": 946, ""Interrupt_flag"": 0, ""Node_type"": ""DDS75-LB"", ""Sensor_flag"": 1, ""TempC_DS18B20"": 32.76}"
2025-09-28 20:25:43.842145677+00:00,dds75-lb-07,2,-39,9.75,"{""Bat"": 3.257, ""Distance_mm"": 947, ""Interrupt_flag"": 0, ""Node_type"": ""DDS75-LB"", ""Sensor_flag"": 1, ""TempC_DS18B20"": 32.76}"
2025-09-28 21:25:43.151702710+00:00,dds75-lb-07,2,-38,8.75,"{""Bat"": 3.257, ""Distance_mm"": 947, ""Interrupt_flag"": 0, ""Node_type"": ""DDS75-LB"", ""Sensor_flag"": 1, ""TempC_DS18B20"": 32.76}"
2025-09-28 22:25:42.449786792+00:00,dds75-lb-07,2,-32,6.5,"{""Bat"": 3.257, ""Distance_mm"": 946, ""Interrupt_flag"": 0, ""Node_type"": ""DDS75-LB"", ""Sensor_flag"": 1, ""TempC_DS18B20"": 32.76}"
2025-09-28 23:25:41.754667747+00:00,dds75-lb-07,2,-123,-7.5,"{""Bat"": 3.257, ""Distance_mm"": 946, ""Interrupt_flag"": 0, ""Node_type"": ""DDS75-LB"", ""Sensor_flag"": 1, ""TempC_DS18B20"": 32.76}"
2025-09-29 00:25:41.042072965+00:00,dds75-lb-07,2,-37,7.5,"{""Bat"": 3.257, ""Distance_mm"": 946, ""Interrupt_flag"": 0, ""Node_type"": ""DDS75-LB"", ""Sensor_flag"": 1, ""TempC_DS18B20"": 32.76}"
2025-09-29 01:25:40.353272563+00:00,dds75-lb-07,2,-125,-8.75,"{""Bat"": 3.257, ""Distance_mm"": 947, ""Interrupt_flag"": 0, ""Node_type"": ""DDS75-LB"", ""Sensor_flag"": 1, ""TempC_DS18B20"": 32.76}"
2025-09-29 02:25:39.651698918+00:00,dds75-lb-07,2,-38,8.5,"{""Bat"": 3.257, ""Distance_mm"": 946, ""Interrupt_flag"": 0, ""Node_type"": ""DDS75-LB"", ""Sensor_flag"": 1, ""TempC_DS18B20"": 32.76}"
2025-09-29 03:25:38.931778190+00:00,dds75-lb-07,2,-119,-3.75,"{""Bat"": 3.257, ""Distance_mm"": 946, ""Interrupt_flag"": 0, ""Node_type"": ""DDS75-LB"", ""Sensor_flag"": 1, ""TempC_DS18B20"": 32.76}"
2025-09-29 04:25:38.247397306+00:00,dds75-lb-07,2,-121,-4.25,"{""Bat"": 3.257, ""Distance_mm"": 946, ""Interrupt_flag"": 0, ""Node_type"": ""DDS75-LB"", ""Sensor_flag"": 1, ""TempC_DS18B20"": 32.76}"
2025-09-29 05:25:37.547674647+00:00,dds75-lb-07,2,-38,9.5,"{""Bat"": 3.257, ""Distance_mm"": 947, ""Interrupt_flag"": 0, ""Node_type"": ""DDS75-LB"", ""Sensor_flag"": 1, ""TempC_DS18B20"": 32.76}"
2025-09-29 06:25:36.836582233+00:00,dds75-lb-07,2,-121,-6.5,"{""Bat"": 3.257, ""Distance_mm"": 947, ""Interrupt_flag"": 0, ""Node_type"": ""DDS75-LB"", ""Sensor_flag"": 1, ""TempC_DS18B20"": 32.76}"
2025-09-29 07:25:36.126013211+00:00,dds75-lb-07,2,-38,9.25,"{""Bat"": 3.257, ""Distance_mm"": 946, ""Interrupt_flag"": 0, ""Node_type"": ""DDS75-LB"", ""Sensor_flag"": 1, ""TempC_DS18B20"": 32.76}"
2025-09-29 08:25:35.429717011+00:00,dds75-lb-07,2,-38,7.5,"{""Bat"": 3.257, ""Distance_mm"": 947, ""Interrupt_flag"": 0, ""Node_type"": ""DDS75-LB"", ""Sensor_flag"": 1, ""TempC_DS18B20"": 32.76}"
2025-09-29 09:25:34.741577503+00:00,dds75-lb-07,2,-117,-1.25,"{""Bat"": 3.257, ""Distance_mm"": 947, ""Interrupt_flag"": 0, ""Node_type"": ""DDS75-LB"", ""Sensor_flag"": 1, ""TempC_DS18B20"": 32.76}"
2025-09-29 10:25:34.028718958+00:00,dds75-lb-07,2,-38,9.0,"{""Bat"": 3.257, ""Distance_mm"": 946, ""Interrupt_flag"": 0, ""Node_type"": ""DDS75-LB"", ""Sensor_flag"": 1, ""TempC_DS18B20"": 32.76}"
2025-09-29 11:25:33.345139252+00:00,dds75-lb-07,2,-116,-3.0,"{""Bat"": 3.257, ""Distance_mm"": 947, ""Interrupt_flag"": 0, ""Node_type"": ""DDS75-LB"", ""Sensor_flag"": 1, ""TempC_DS18B20"": 32.76}"
2025-09-29 12:25:32.648568931+00:00,dds75-lb-07,2,-38,9.0,"{""Bat"": 3.257, ""Distance_mm"": 947, ""Interrupt_flag"": 0, ""Node_type"": ""DDS75-LB"", ""Sensor_flag"": 1, ""TempC_DS18B20"": 32.76}"
2025-09-29 13:25:31.930764498+00:00,dds75-lb-07,2,-39,11.0,"{""Bat"": 3.257, ""Distance_mm"": 946, ""Interrupt_flag"": 0, ""Node_type"": ""DDS75-LB"", ""Sensor_flag"": 1, ""TempC_DS18B20"": 32.76}"
2025-09-29 14:25:31.203072023+00:00,dds75-lb-07,2,-117,-1.25,"{""Bat"": 3.257, ""Distance_mm"": 947, ""Interrupt_flag"": 0, ""Node_type"": ""DDS75-LB"", ""Sensor_flag"": 1, ""TempC_DS18B20"": 32.76}"
2025-09-29 15:25:30.519348303+00:00,dds75-lb-07,2,-38,9.0,"{""Bat"": 3.257, ""Distance_mm"": 947, ""Interrupt_flag"": 0, ""Node_type"": ""DDS75-LB"", ""Sensor_flag"": 1, ""TempC_DS18B20"": 32.76}"
2025-09-29 16:25:29.813379208+00:00,dds75-lb-07,2,-38,9.25,"{""Bat"": 3.257, ""Distance_mm"": 947, ""Interrupt_flag"": 0, ""Node_type"": ""DDS75-LB"", ""Sensor_flag"": 1, ""TempC_DS18B20"": 32.76}"
2025-09-29 17:25:29.116437848+00:00,dds75-lb-07,2,-38,9.25,"{""Bat"": 3.257, ""Distance_mm"": 947, ""Interrupt_flag"": 0, ""Node_type"": ""DDS75-LB"", ""Sensor_flag"": 1, ""TempC_DS18B20"": 32.76}"
2025-09-29 18:25:28.397132366+00:00,dds75-lb-07,2,-37,9.25,"{""Bat"": 3.257, ""Distance_mm"": 947, ""Interrupt_flag"": 0, ""Node_type"": ""DDS75-LB"", ""Sensor_flag"": 1, ""TempC_DS18B20"": 32.76}"
2025-09-29 19:25:27.683931880+00:00,dds75-lb-07,2,-38,8.0,"{""Bat"": 3.257, ""Distance_mm"": 947, ""Interrupt_flag"": 0, ""Node_type"": ""DDS75-LB"", ""Sensor_flag"": 1, ""TempC_DS18B20"": 32.76}"
2025-09-29 20:25:26.992718183+00:00,dds75-lb-07,2,-38,10.5,"{""Bat"": 3.257, ""Distance_mm"": 881, ""Interrupt_flag"": 0, ""Node_type"": ""DDS75-LB"", ""Sensor_flag"": 1, ""TempC_DS18B20"": 32.76}"
2025-09-29 21:25:26.277167253+00:00,dds75-lb-07,2,-37,9.25,"{""Bat"": 3.257, ""Distance_mm"": 947, ""Interrupt_flag"": 0, ""Node_type"": ""DDS75-LB"", ""Sensor_flag"": 1, ""TempC_DS18B20"": 32.76}"
2025-09-29 22:25:25.582811214+00:00,dds75-lb-07,2,-38,10.0,"{""Bat"": 3.257, ""Distance_mm"": 947, ""Interrupt_flag"": 0, ""Node_type"": ""DDS75-LB"", ""Sensor_flag"": 1, ""TempC_DS18B20"": 32.76}"
2025-09-29 23:25:24.888312923+00:00,dds75-lb-07,2,-37,9.5,"{""Bat"": 3.257, ""Distance_mm"": 946, ""Interrupt_flag"": 0, ""Node_type"": ""DDS75-LB"", ""Sensor_flag"": 1, ""TempC_DS18B20"": 32.76}"
2025-09-30 00:25:24.175177432+00:00,dds75-lb-07,2,-119,-2.0,"{""Bat"": 3.257, ""Distance_mm"": 946, ""Interrupt_flag"": 0, ""Node_type"": ""DDS75-LB"", ""Sensor_flag"": 1, ""TempC_DS18B20"": 32.76}"
2025-09-30 01:25:23.492185270+00:00,dds75-lb-07,2,-38,9.25,"{""Bat"": 3.257, ""Distance_mm"": 946, ""Interrupt_flag"": 0, ""Node_type"": ""DDS75-LB"", ""Sensor_flag"": 1, ""TempC_DS18B20"": 32.76}"
2025-09-30 02:25:22.760331255+00:00,dds75-lb-07,2,-39,7.5,"{""Bat"": 3.257, ""Distance_mm"": 946, ""Interrupt_flag"": 0, ""Node_type"": ""DDS75-LB"", ""Sensor_flag"": 1, ""TempC_DS18B20"": 32.76}"
2025-09-30 03:25:22.062050879+00:00,dds75-lb-07,2,-117,-1.5,"{""Bat"": 3.257, ""Distance_mm"": 947, ""Interrupt_flag"": 0, ""Node_type"": ""DDS75-LB"", ""Sensor_flag"": 1, ""TempC_DS18B20"": 32.76}"
2025-09-30 04:25:21.366505620+00:00,dds75-lb-07,2,-41,9.75,"{""Bat"": 3.257, ""Distance_mm"": 947, ""Interrupt_flag"": 0, ""Node_type"": ""DDS75-LB"", ""Sensor_flag"": 1, ""TempC_DS18B20"": 32.76}"
2025-09-30 05:25:20.658046283+00:00,dds75-lb-07,2,-36,8.5,"{""Bat"": 3.257, ""Distance_mm"": 946, ""Interrupt_flag"": 0, ""Node_type"": ""DDS75-LB"", ""Sensor_flag"": 1, ""TempC_DS18B20"": 32.76}"
2025-09-30 06:25:19.964672143+00:00,dds75-lb-07,2,-37,7.25,"{""Bat"": 3.257, ""Distance_mm"": 946, ""Interrupt_flag"": 0, ""Node_type"": ""DDS75-LB"", ""Sensor_flag"": 1, ""TempC_DS18B20"": 32.76}"
2025-09-30 07:25:19.245625513+00:00,dds75-lb-07,2,-41,9.75,"{""Bat"": 3.257, ""Distance_mm"": 946, ""Interrupt_flag"": 0, ""Node_type"": ""DDS75-LB"", ""Sensor_flag"": 1, ""TempC_DS18B20"": 32.76}"
2025-09-30 08:25:18.536544103+00:00,dds75-lb-07,2,-39,10.0,"{""Bat"": 3.257, ""Distance_mm"": 947, ""Interrupt_flag"": 0, ""Node_type"": ""DDS75-LB"", ""Sensor_flag"": 1, ""TempC_DS18B20"": 32.76}"
2025-09-30 09:25:17.843160271+00:00,dds75-lb-07,2,-39,10.0,"{""Bat"": 3.257, ""Distance_mm"": 947, ""Interrupt_flag"": 0, ""Node_type"": ""DDS75-LB"", ""Sensor_flag"": 1, ""TempC_DS18B20"": 32.76}"
2025-09-30 10:25:17.133942483+00:00,dds75-lb-07,2,-39,7.5,"{""Bat"": 3.257, ""Distance_mm"": 947, ""Interrupt_flag"": 0, ""Node_type"": ""DDS75-LB"", ""Sensor_flag"": 1, ""TempC_DS18B20"": 32.76}"
2025-09-30 11:25:16.433213235+00:00,dds75-lb-07,2,-38,9.25,"{""Bat"": 3.257, ""Distance_mm"": 947, ""Interrupt_flag"": 0, ""Node_type"": ""DDS75-LB"", ""Sensor_flag"": 1, ""TempC_DS18B20"": 32.76}"
2025-09-30 12:25:15.722410206+00:00,dds75-lb-07,2,-112,2.25,"{""Bat"": 3.257, ""Distance_mm"": 947, ""Interrupt_flag"": 0, ""Node_type"": ""DDS75-LB"", ""Sensor_flag"": 1, ""TempC_DS18B20"": 32.76}"
2025-09-30 13:25:15.033775951+00:00,dds75-lb-07,2,-37,7.5,"{""Bat"": 3.257, ""Distance_mm"": 947, ""Interrupt_flag"": 0, ""Node_type"": ""DDS75-LB"", ""Sensor_flag"": 1, ""TempC_DS18B20"": 32.76}"
2025-09-30 14:25:14.305388046+00:00,dds75-lb-07,2,-36,9.25,"{""Bat"": 3.257, ""Distance_mm"": 947, ""Interrupt_flag"": 0, ""Node_type"": ""DDS75-LB"", ""Sensor_flag"": 1, ""TempC_DS18B20"": 32.76}"
2025-09-30 15:25:13.621126990+00:00,dds75-lb-07,2,-38,9.5,"{""Bat"": 3.257, ""Distance_mm"": 947, ""Interrupt_flag"": 0, ""Node_type"": ""DDS75-LB"", ""Sensor_flag"": 1, ""TempC_DS18B20"": 32.76}"
2025-09-30 16:25:12.916280472+00:00,dds75-lb-07,2,-38,9.75,"{""Bat"": 3.257, ""Distance_mm"": 947, ""Interrupt_flag"": 0, ""Node_type"": ""DDS75-LB"", ""Sensor_flag"": 1, ""TempC_DS18B20"": 32.76}"
2025-09-30 17:25:12.226600249+00:00,dds75-lb-07,2,-38,9.5,"{""Bat"": 3.257, ""Distance_mm"": 947, ""Interrupt_flag"": 0, ""Node_type"": ""DDS75-LB"", ""Sensor_flag"": 1, ""TempC_DS18B20"": 32.76}"
2025-09-30 18:25:11.504360409+00:00,dds75-lb-07,2,-39,6.5,"{""Bat"": 3.257, ""Distance_mm"": 947, ""Interrupt_flag"": 0, ""Node_type"": ""DDS75-LB"", ""Sensor_flag"": 1, ""TempC_DS18B20"": 32.76}"
2025-09-30 19:25:10.781883254+00:00,dds75-lb-07,2,-37,9.0,"{""Bat"": 3.257, ""Distance_mm"": 947, ""Interrupt_flag"": 0, ""Node_type"": ""DDS75-LB"", ""Sensor_flag"": 1, ""TempC_DS18B20"": 32.76}"
2025-09-30 20:25:10.098822775+00:00,dds75-lb-07,2,-38,9.0,"{""Bat"": 3.257, ""Distance_mm"": 947, ""Interrupt_flag"": 0, ""Node_type"": ""DDS75-LB"", ""Sensor_flag"": 1, ""TempC_DS18B20"": 32.76}"
2025-09-30 21:25:09.388747295+00:00,dds75-lb-07,2,-37,7.25,"{""Bat"": 3.257, ""Distance_mm"": 947, ""Interrupt_flag"": 0, ""Node_type"": ""DDS75-LB"", ""Sensor_flag"": 1, ""TempC_DS18B20"": 32.76}"
2025-09-30 22:25:08.681249621+00:00,dds75-lb-07,2,-119,-3.5,"{""Bat"": 3.257, ""Distance_mm"": 947, ""Interrupt_flag"": 0, ""Node_type"": ""DDS75-LB"", ""Sensor_flag"": 1, ""TempC_DS18B20"": 32.76}"
2025-09-30 23:25:07.973380471+00:00,dds75-lb-07,2,-35,7.25,"{""Bat"": 3.257, ""Distance_mm"": 947, ""Interrupt_flag"": 0, ""Node_type"": ""DDS75-LB"", ""Sensor_flag"": 1, ""TempC_DS18B20"": 32.76}"
2025-10-01 00:25:07.281941168+00:00,dds75-lb-07,2,-36,9.5,"{""Bat"": 3.257, ""Distance_mm"": 947, ""Interrupt_flag"": 0, ""Node_type"": ""DDS75-LB"", ""Sensor_flag"": 1, ""TempC_DS18B20"": 32.76}"
2025-10-01 01:25:06.565522949+00:00,dds75-lb-07,2,-38,10.25,"{""Bat"": 3.257, ""Distance_mm"": 947, ""Interrupt_flag"": 0, ""Node_type"": ""DDS75-LB"", ""Sensor_flag"": 1, ""TempC_DS18B20"": 32.76}"
2025-10-01 02:25:05.859039789+00:00,dds75-lb-07,2,-117,-1.25,"{""Bat"": 3.257, ""Distance_mm"": 951, ""Interrupt_flag"": 0, ""Node_type"": ""DDS75-LB"", ""Sensor_flag"": 1, ""TempC_DS18B20"": 32.76}"
2025-10-01 03:25:05.159030590+00:00,dds75-lb-07,2,-38,9.25,"{""Bat"": 3.257, ""Distance_mm"": 950, ""Interrupt_flag"": 0, ""Node_type"": ""DDS75-LB"", ""Sensor_flag"": 1, ""TempC_DS18B20"": 32.76}"
2025-10-01 04:25:04.474627931+00:00,dds75-lb-07,2,-37,7.5,"{""Bat"": 3.257, ""Distance_mm"": 946, ""Interrupt_flag"": 0, ""Node_type"": ""DDS75-LB"", ""Sensor_flag"": 1, ""TempC_DS18B20"": 32.76}"
2025-10-01 05:25:03.759747957+00:00,dds75-lb-07,2,-37,7.0,"{""Bat"": 3.257, ""Distance_mm"": 947, ""Interrupt_flag"": 0, ""Node_type"": ""DDS75-LB"", ""Sensor_flag"": 1, ""TempC_DS18B20"": 32.76}"
2025-10-01 06:25:03.052861037+00:00,dds75-lb-07,2,-116,-1.25,"{""Bat"": 3.257, ""Distance_mm"": 947, ""Interrupt_flag"": 0, ""Node_type"": ""DDS75-LB"", ""Sensor_flag"": 1, ""TempC_DS18B20"": 32.76}"
2025-10-01 07:25:02.356712356+00:00,dds75-lb-07,2,-38,9.5,"{""Bat"": 3.257, ""Distance_mm"": 951, ""Interrupt_flag"": 0, ""Node_type"": ""DDS75-LB"", ""Sensor_flag"": 1, ""TempC_DS18B20"": 32.76}"
2025-10-01 08:25:01.648442963+00:00,dds75-lb-07,2,-39,9.75,"{""Bat"": 3.257, ""Distance_mm"": 951, ""Interrupt_flag"": 0, ""Node_type"": ""DDS75-LB"", ""Sensor_flag"": 1, ""TempC_DS18B20"": 32.76}"
2025-10-01 09:25:00.942200591+00:00,dds75-lb-07,2,-38,7.25,"{""Bat"": 3.257, ""Distance_mm"": 947, ""Interrupt_flag"": 0, ""Node_type"": ""DDS75-LB"", ""Sensor_flag"": 1, ""TempC_DS18B20"": 32.76}"
2025-10-01 10:25:00.231004512+00:00,dds75-lb-07,2,-38,10.75,"{""Bat"": 3.257, ""Distance_mm"": 930, ""Interrupt_flag"": 0, ""Node_type"": ""DDS75-LB"", ""Sensor_flag"": 1, ""TempC_DS18B20"": 32.76}"
2025-10-01 11:24:59.536451461+00:00,dds75-lb-07,2,-41,10.0,"{""Bat"": 3.257, ""Distance_mm"": 947, ""Interrupt_flag"": 0, ""Node_type"": ""DDS75-LB"", ""Sensor_flag"": 1, ""TempC_DS18B20"": 32.76}"
2025-10-01 12:24:58.829720245+00:00,dds75-lb-07,2,-117,-2.25,"{""Bat"": 3.257, ""Distance_mm"": 946, ""Interrupt_flag"": 0, ""Node_type"": ""DDS75-LB"", ""Sensor_flag"": 1, ""TempC_DS18B20"": 32.76}"
2025-10-01 13:24:58.138742106+00:00,dds75-lb-07,2,-39,7.5,"{""Bat"": 3.257, ""Distance_mm"": 946, ""Interrupt_flag"": 0, ""Node_type"": ""DDS75-LB"", ""Sensor_flag"": 1, ""TempC_DS18B20"": 32.76}"
2025-10-01 14:24:57.440200621+00:00,dds75-lb-07,2,-114,2.5,"{""Bat"": 3.257, ""Distance_mm"": 946, ""Interrupt_flag"": 0, ""Node_type"": ""DDS75-LB"", ""Sensor_flag"": 1, ""TempC_DS18B20"": 32.76}"
2025-10-01 15:24:56.711149641+00:00,dds75-lb-07,2,-39,10.25,"{""Bat"": 3.257, ""Distance_mm"": 946, ""Interrupt_flag"": 0, ""Node_type"": ""DDS75-LB"", ""Sensor_flag"": 1, ""TempC_DS18B20"": 32.76}"
2025-10-01 16:24:55.989422784+00:00,dds75-lb-07,2,-118,-4.5,"{""Bat"": 3.257, ""Distance_mm"": 947, ""Interrupt_flag"": 0, ""Node_type"": ""DDS75-LB"", ""Sensor_flag"": 1, ""TempC_DS18B20"": 32.76}"
2025-10-01 17:24:55.335259373+00:00,dds75-lb-07,2,-39,7.25,"{""Bat"": 3.257, ""Distance_mm"": 946, ""Interrupt_flag"": 0, ""Node_type"": ""DDS75-LB"", ""Sensor_flag"": 1, ""TempC_DS18B20"": 32.76}"
2025-10-01 18:24:54.603859340+00:00,dds75-lb-07,2,-116,,"{""Bat"": 3.257, ""Distance_mm"": 947, ""Interrupt_flag"": 0, ""Node_type"": ""DDS75-LB"", ""Sensor_flag"": 1, ""TempC_DS18B20"": 32.76}"
2025-10-01 19:24:53.906209227+00:00,dds75-lb-07,2,-39,9.5,"{""Bat"": 3.257, ""Distance_mm"": 947, ""Interrupt_flag"": 0, ""Node_type"": ""DDS75-LB"", ""Sensor_flag"": 1, ""TempC_DS18B20"": 32.76}"
2025-10-01 20:24:53.243928378+00:00,dds75-lb-07,2,-37,9.5,"{""Bat"": 3.257, ""Distance_mm"": 947, ""Interrupt_flag"": 0, ""Node_type"": ""DDS75-LB"", ""Sensor_flag"": 1, ""TempC_DS18B20"": 32.76}"
2025-10-01 21:24:52.501190763+00:00,dds75-lb-07,2,-38,9.25,"{""Bat"": 3.257, ""Distance_mm"": 947, ""Interrupt_flag"": 0, ""Node_type"": ""DDS75-LB"", ""Sensor_flag"": 1, ""TempC_DS18B20"": 32.76}"
2025-10-01 22:24:51.813886026+00:00,dds75-lb-07,2,-38,7.5,"{""Bat"": 3.257, ""Distance_mm"": 946, ""Interrupt_flag"": 0, ""Node_type"": ""DDS75-LB"", ""Sensor_flag"": 1, ""TempC_DS18B20"": 32.76}"
2025-10-01 23:24:51.100678459+00:00,dds75-lb-07,2,-38,9.25,"{""Bat"": 3.257, ""Distance_mm"": 947, ""Interrupt_flag"": 0, ""Node_type"": ""DDS75-LB"", ""Sensor_flag"": 1, ""TempC_DS18B20"": 32.76}"
2025-10-02 00:24:50.399016331+00:00,dds75-lb-07,2,-114,-1.75,"{""Bat"": 3.257, ""Distance_mm"": 947, ""Interrupt_flag"": 0, ""Node_type"": ""DDS75-LB"", ""Sensor_flag"": 1, ""TempC_DS18B20"": 32.76}"
2025-10-02 01:24:49.702214873+00:00,dds75-lb-07,2,-39,10.25,"{""Bat"": 3.257, ""Distance_mm"": 947, ""Interrupt_flag"": 0, ""Node_type"": ""DDS75-LB"", ""Sensor_flag"": 1, ""TempC_DS18B20"": 32.76}"
2025-10-02 02:24:49.009327102+00:00,dds75-lb-07,2,-119,-8.25,"{""Bat"": 3.257, ""Distance_mm"": 947, ""Interrupt_flag"": 0, ""Node_type"": ""DDS75-LB"", ""Sensor_flag"": 1, ""TempC_DS18B20"": 32.76}"
2025-10-02 03:24:48.310846986+00:00,dds75-lb-07,2,-39,8.5,"{""Bat"": 3.257, ""Distance_mm"": 946, ""Interrupt_flag"": 0, ""Node_type"": ""DDS75-LB"", ""Sensor_flag"": 1, ""TempC_DS18B20"": 32.76}"
2025-10-02 04:24:47.600153214+00:00,dds75-lb-07,2,-41,6.25,"{""Bat"": 3.257, ""Distance_mm"": 947, ""Interrupt_flag"": 0, ""Node_type"": ""DDS75-LB"", ""Sensor_flag"": 1, ""TempC_DS18B20"": 32.76}"
2025-10-02 05:24:46.895452994+00:00,dds75-lb-07,2,-37,7.75,"{""Bat"": 3.257, ""Distance_mm"": 947, ""Interrupt_flag"": 0, ""Node_type"": ""DDS75-LB"", ""Sensor_flag"": 1, ""TempC_DS18B20"": 32.76}"
2025-10-02 06:24:46.227444441+00:00,dds75-lb-07,2,-39,10.5,"{""Bat"": 3.257, ""Distance_mm"": 947, ""Interrupt_flag"": 0, ""Node_type"": ""DDS75-LB"", ""Sensor_flag"": 1, ""TempC_DS18B20"": 32.76}"
2025-10-02 07:24:45.490209332+00:00,dds75-lb-07,2,-39,9.0,"{""Bat"": 3.257, ""Distance_mm"": 951, ""Interrupt_flag"": 0, ""Node_type"": ""DDS75-LB"", ""Sensor_flag"": 1, ""TempC_DS18B20"": 32.76}"
2025-10-02 08:24:44.802461574+00:00,dds75-lb-07,2,-39,9.75,"{""Bat"": 3.257, ""Distance_mm"": 947, ""Interrupt_flag"": 0, ""Node_type"": ""DDS75-LB"", ""Sensor_flag"": 1, ""TempC_DS18B20"": 32.76}"
2025-10-02 09:24:44.096260377+00:00,dds75-lb-07,2,-38,9.25,"{""Bat"": 3.257, ""Distance_mm"": 947, ""Interrupt_flag"": 0, ""Node_type"": ""DDS75-LB"", ""Sensor_flag"": 1, ""TempC_DS18B20"": 32.76}"
2025-10-02 10:24:43.412855216+00:00,dds75-lb-07,2,-39,9.5,"{""Bat"": 3.257, ""Distance_mm"": 947, ""Interrupt_flag"": 0, ""Node_type"": ""DDS75-LB"", ""Sensor_flag"": 1, ""TempC_DS18B20"": 32.76}"
2025-10-02 11:24:42.724442180+00:00,dds75-lb-07,2,-118,-2.5,"{""Bat"": 3.257, ""Distance_mm"": 947, ""Interrupt_flag"": 0, ""Node_type"": ""DDS75-LB"", ""Sensor_flag"": 1, ""TempC_DS18B20"": 32.76}"
2025-10-02 12:24:42.017983324+00:00,dds75-lb-07,2,-37,9.5,"{""Bat"": 3.257, ""Distance_mm"": 822, ""Interrupt_flag"": 0, ""Node_type"": ""DDS75-LB"", ""Sensor_flag"": 1, ""TempC_DS18B20"": 32.76}"
2025-10-02 13:24:41.315872397+00:00,dds75-lb-07,2,-38,7.5,"{""Bat"": 3.257, ""Distance_mm"": 947, ""Interrupt_flag"": 0, ""Node_type"": ""DDS75-LB"", ""Sensor_flag"": 1, ""TempC_DS18B20"": 32.76}"
2025-10-02 14:24:40.598375345+00:00,dds75-lb-07,2,-41,9.75,"{""Bat"": 3.257, ""Distance_mm"": 947, ""Interrupt_flag"": 0, ""Node_type"": ""DDS75-LB"", ""Sensor_flag"": 1, ""TempC_DS18B20"": 32.76}"
2025-10-02 15:24:39.903379493+00:00,dds75-lb-07,2,-37,9.0,"{""Bat"": 3.257, ""Distance_mm"": 947, ""Interrupt_flag"": 0, ""Node_type"": ""DDS75-LB"", ""Sensor_flag"": 1, ""TempC_DS18B20"": 32.76}"
2025-10-02 16:24:39.204629252+00:00,dds75-lb-07,2,-39,9.25,"{""Bat"": 3.257, ""Distance_mm"": 947, ""Interrupt_flag"": 0, ""Node_type"": ""DDS75-LB"", ""Sensor_flag"": 1, ""TempC_DS18B20"": 32.76}"
2025-10-02 17:24:38.500642340+00:00,dds75-lb-07,2,-38,10.25,"{""Bat"": 3.257, ""Distance_mm"": 947, ""Interrupt_flag"": 0, ""Node_type"": ""DDS75-LB"", ""Sensor_flag"": 1, ""TempC_DS18B20"": 32.76}"
2025-10-02 18:24:37.799956344+00:00,dds75-lb-07,2,-41,10.75,"{""Bat"": 3.257, ""Distance_mm"": 947, ""Interrupt_flag"": 0, ""Node_type"": ""DDS75-LB"", ""Sensor_flag"": 1, ""TempC_DS18B20"": 32.76}"
2025-10-02 19:24:37.103112540+00:00,dds75-lb-07,2,-116,0.25,"{""Bat"": 3.257, ""Distance_mm"": 822, ""Interrupt_flag"": 0, ""Node_type"": ""DDS75-LB"", ""Sensor_flag"": 1, ""TempC_DS18B20"": 32.76}"
2025-10-02 20:24:36.403426497+00:00,dds75-lb-07,2,-116,-0.5,"{""Bat"": 3.257, ""Distance_mm"": 947, ""Interrupt_flag"": 0, ""Node_type"": ""DDS75-LB"", ""Sensor_flag"": 1, ""TempC_DS18B20"": 32.76}"
2025-10-02 21:24:35.693003381+00:00,dds75-lb-07,2,-39,8.0,"{""Bat"": 3.257, ""Distance_mm"": 947, ""Interrupt_flag"": 0, ""Node_type"": ""DDS75-LB"", ""Sensor_flag"": 1, ""TempC_DS18B20"": 32.76}"
2025-10-02 22:24:35.003443940+00:00,dds75-lb-07,2,-38,9.75,"{""Bat"": 3.257, ""Distance_mm"": 947, ""Interrupt_flag"": 0, ""Node_type"": ""DDS75-LB"", ""Sensor_flag"": 1, ""TempC_DS18B20"": 32.76}"
2025-10-02 23:24:34.301322072+00:00,dds75-lb-07,2,-39,9.0,"{""Bat"": 3.257, ""Distance_mm"": 947, ""Interrupt_flag"": 0, ""Node_type"": ""DDS75-LB"", ""Sensor_flag"": 1, ""TempC_DS18B20"": 32.76}"
2025-10-03 00:24:33.607683241+00:00,dds75-lb-07,2,-38,7.75,"{""Bat"": 3.257, ""Distance_mm"": 947, ""Interrupt_flag"": 0, ""Node_type"": ""DDS75-LB"", ""Sensor_flag"": 1, ""TempC_DS18B20"": 32.76}"
2025-10-03 01:24:32.914080841+00:00,dds75-lb-07,2,-37,8.75,"{""Bat"": 3.257, ""Distance_mm"": 950, ""Interrupt_flag"": 0, ""Node_type"": ""DDS75-LB"", ""Sensor_flag"": 1, ""TempC_DS18B20"": 32.76}"
2025-10-03 02:24:32.202393252+00:00,dds75-lb-07,2,-38,9.25,"{""Bat"": 3.257, ""Distance_mm"": 947, ""Interrupt_flag"": 0, ""Node_type"": ""DDS75-LB"", ""Sensor_flag"": 1, ""TempC_DS18B20"": 32.76}"
2025-10-03 03:24:31.536069975+00:00,dds75-lb-07,2,-38,10.0,"{""Bat"": 3.257, ""Distance_mm"": 947, ""Interrupt_flag"": 0, ""Node_type"": ""DDS75-LB"", ""Sensor_flag"": 1, ""TempC_DS18B20"": 32.76}"
2025-10-03 04:24:30.796550997+00:00,dds75-lb-07,2,-37,9.25,"{""Bat"": 3.257, ""Distance_mm"": 947, ""Interrupt_flag"": 0, ""Node_type"": ""DDS75-LB"", ""Sensor_flag"": 1, ""TempC_DS18B20"": 32.76}"
2025-10-03 05:24:30.122917617+00:00,dds75-lb-07,2,-37,7.25,"{""Bat"": 3.257, ""Distance_mm"": 947, ""Interrupt_flag"": 0, ""Node_type"": ""DDS75-LB"", ""Sensor_flag"": 1, ""TempC_DS18B20"": 32.76}"
2025-10-03 06:24:29.425010207+00:00,dds75-lb-07,2,-117,-1.5,"{""Bat"": 3.257, ""Distance_mm"": 946, ""Interrupt_flag"": 0, ""Node_type"": ""DDS75-LB"", ""Sensor_flag"": 1, ""TempC_DS18B20"": 32.76}"
2025-10-03 07:24:28.721162046+00:00,dds75-lb-07,2,-36,7.75,"{""Bat"": 3.257, ""Distance_mm"": 945, ""Interrupt_flag"": 0, ""Node_type"": ""DDS75-LB"", ""Sensor_flag"": 1, ""TempC_DS18B20"": 32.76}"
2025-10-03 08:24:28.019961320+00:00,dds75-lb-07,2,-115,0.25,"{""Bat"": 3.257, ""Distance_mm"": 947, ""Interrupt_flag"": 0, ""Node_type"": ""DDS75-LB"", ""Sensor_flag"": 1, ""TempC_DS18B20"": 32.76}"
2025-10-03 09:24:27.315697283+00:00,dds75-lb-07,2,-39,9.5,"{""Bat"": 3.257, ""Distance_mm"": 947, ""Interrupt_flag"": 0, ""Node_type"": ""DDS75-LB"", ""Sensor_flag"": 1, ""TempC_DS18B20"": 32.76}"
2025-10-03 10:24:26.631415502+00:00,dds75-lb-07,2,-114,,"{""Bat"": 3.257, ""Distance_mm"": 947, ""Interrupt_flag"": 0, ""Node_type"": ""DDS75-LB"", ""Sensor_flag"": 1, ""TempC_DS18B20"": 32.76}"
2025-10-03 11:24:25.921591611+00:00,dds75-lb-07,2,-37,9.0,"{""Bat"": 3.257, ""Distance_mm"": 947, ""Interrupt_flag"": 0, ""Node_type"": ""DDS75-LB"", ""Sensor_flag"": 1, ""TempC_DS18B20"": 32.76}"
2025-10-03 12:24:25.254679585+00:00,dds75-lb-07,2,-114,1.25,"{""Bat"": 3.257, ""Distance_mm"": 946, ""Interrupt_flag"": 0, ""Node_type"": ""DDS75-LB"", ""Sensor_flag"": 1, ""TempC_DS18B20"": 32.76}"
2025-10-03 13:24:24.536380161+00:00,dds75-lb-07,2,-38,9.5,"{""Bat"": 3.257, ""Distance_mm"": 946, ""Interrupt_flag"": 0, ""Node_type"": ""DDS75-LB"", ""Sensor_flag"": 1, ""TempC_DS18B20"": 32.76}"
2025-10-03 14:24:23.844858170+00:00,dds75-lb-07,2,-38,9.25,"{""Bat"": 3.257, ""Distance_mm"": 946, ""Interrupt_flag"": 0, ""Node_type"": ""DDS75-LB"", ""Sensor_flag"": 1, ""TempC_DS18B20"": 32.76}"
2025-10-03 15:24:23.133053046+00:00,dds75-lb-07,2,-39,7.25,"{""Bat"": 3.257, ""Distance_mm"": 946, ""Interrupt_flag"": 0, ""Node_type"": ""DDS75-LB"", ""Sensor_flag"": 1, ""TempC_DS18B20"": 32.76}"
2025-10-03 16:24:22.449696214+00:00,dds75-lb-07,2,-37,9.25,"{""Bat"": 3.257, ""Distance_mm"": 947, ""Interrupt_flag"": 0, ""Node_type"": ""DDS75-LB"", ""Sensor_flag"": 1, ""TempC_DS18B20"": 32.76}"
2025-10-03 17:24:21.743371295+00:00,dds75-lb-07,2,-39,9.75,"{""Bat"": 3.257, ""Distance_mm"": 947, ""Interrupt_flag"": 0, ""Node_type"": ""DDS75-LB"", ""Sensor_flag"": 1, ""TempC_DS18B20"": 32.76}"
2025-10-03 18:24:21.037751997+00:00,dds75-lb-07,2,-37,9.5,"{""Bat"": 3.257, ""Distance_mm"": 947, ""Interrupt_flag"": 0, ""Node_type"": ""DDS75-LB"", ""Sensor_flag"": 1, ""TempC_DS18B20"": 32.76}"
2025-10-03 19:24:20.323215444+00:00,dds75-lb-07,2,-118,-2.0,"{""Bat"": 3.257, ""Distance_mm"": 946, ""Interrupt_flag"": 0, ""Node_type"": ""DDS75-LB"", ""Sensor_flag"": 1, ""TempC_DS18B20"": 32.76}"
2025-10-03 20:24:19.641755704+00:00,dds75-lb-07,2,-37,7.0,"{""Bat"": 3.257, ""Distance_mm"": 946, ""Interrupt_flag"": 0, ""Node_type"": ""DDS75-LB"", ""Sensor_flag"": 1, ""TempC_DS18B20"": 32.76}"
2025-10-03 21:24:18.937043814+00:00,dds75-lb-07,2,-36,9.25,"{""Bat"": 3.257, ""Distance_mm"": 946, ""Interrupt_flag"": 0, ""Node_type"": ""DDS75-LB"", ""Sensor_flag"": 1, ""TempC_DS18B20"": 32.76}"
2025-10-03 22:24:18.241945868+00:00,dds75-lb-07,2,-39,10.5,"{""Bat"": 3.257, ""Distance_mm"": 947, ""Interrupt_flag"": 0, ""Node_type"": ""DDS75-LB"", ""Sensor_flag"": 1, ""TempC_DS18B20"": 32.76}"
2025-10-03 23:24:17.552312321+00:00,dds75-lb-07,2,-39,10.0,"{""Bat"": 3.257, ""Distance_mm"": 946, ""Interrupt_flag"": 0, ""Node_type"": ""DDS75-LB"", ""Sensor_flag"": 1, ""TempC_DS18B20"": 32.76}"
2025-10-04 00:24:16.846991248+00:00,dds75-lb-07,2,-37,9.0,"{""Bat"": 3.257, ""Distance_mm"": 946, ""Interrupt_flag"": 0, ""Node_type"": ""DDS75-LB"", ""Sensor_flag"": 1, ""TempC_DS18B20"": 32.76}"
2025-10-04 01:24:16.152058952+00:00,dds75-lb-07,2,-116,-0.25,"{""Bat"": 3.257, ""Distance_mm"": 946, ""Interrupt_flag"": 0, ""Node_type"": ""DDS75-LB"", ""Sensor_flag"": 1, ""TempC_DS18B20"": 32.76}"
2025-10-04 02:24:15.431108526+00:00,dds75-lb-07,2,-38,11.25,"{""Bat"": 3.257, ""Distance_mm"": 946, ""Interrupt_flag"": 0, ""Node_type"": ""DDS75-LB"", ""Sensor_flag"": 1, ""TempC_DS18B20"": 32.76}"
2025-10-04 03:24:14.755717313+00:00,dds75-lb-07,2,-37,8.75,"{""Bat"": 3.257, ""Distance_mm"": 947, ""Interrupt_flag"": 0, ""Node_type"": ""DDS75-LB"", ""Sensor_flag"": 1, ""TempC_DS18B20"": 32.76}"
2025-10-04 04:24:14.053833576+00:00,dds75-lb-07,2,-121,-5.25,"{""Bat"": 3.257, ""Distance_mm"": 946, ""Interrupt_flag"": 0, ""Node_type"": ""DDS75-LB"", ""Sensor_flag"": 1, ""TempC_DS18B20"": 32.76}"
2025-10-04 05:24:13.365777878+00:00,dds75-lb-07,2,-38,9.5,"{""Bat"": 3.257, ""Distance_mm"": 946, ""Interrupt_flag"": 0, ""Node_type"": ""DDS75-LB"", ""Sensor_flag"": 1, ""TempC_DS18B20"": 32.76}"
2025-10-04 06:24:12.679127738+00:00,dds75-lb-07,2,-39,9.75,"{""Bat"": 3.257, ""Distance_mm"": 946, ""Interrupt_flag"": 0, ""Node_type"": ""DDS75-LB"", ""Sensor_flag"": 1, ""TempC_DS18B20"": 32.76}"
2025-10-04 07:24:11.967096677+00:00,dds75-lb-07,2,-119,-4.0,"{""Bat"": 3.257, ""Distance_mm"": 946, ""Interrupt_flag"": 0, ""Node_type"": ""DDS75-LB"", ""Sensor_flag"": 1, ""TempC_DS18B20"": 32.76}"
2025-10-04 08:24:11.290437473+00:00,dds75-lb-07,2,-39,10.25,"{""Bat"": 3.257, ""Distance_mm"": 946, ""Interrupt_flag"": 0, ""Node_type"": ""DDS75-LB"", ""Sensor_flag"": 1, ""TempC_DS18B20"": 32.76}"
2025-10-04 09:24:10.580794386+00:00,dds75-lb-07,2,-117,-1.5,"{""Bat"": 3.257, ""Distance_mm"": 946, ""Interrupt_flag"": 0, ""Node_type"": ""DDS75-LB"", ""Sensor_flag"": 1, ""TempC_DS18B20"": 32.76}"
2025-10-04 10:24:09.896612359+00:00,dds75-lb-07,2,-119,-3.75,"{""Bat"": 3.257, ""Distance_mm"": 946, ""Interrupt_flag"": 0, ""Node_type"": ""DDS75-LB"", ""Sensor_flag"": 1, ""TempC_DS18B20"": 32.76}"
2025-10-04 11:24:09.181012157+00:00,dds75-lb-07,2,-37,8.75,"{""Bat"": 3.257, ""Distance_mm"": 946, ""Interrupt_flag"": 0, ""Node_type"": ""DDS75-LB"", ""Sensor_flag"": 1, ""TempC_DS18B20"": 32.76}"
2025-10-04 12:24:08.484603551+00:00,dds75-lb-07,2,-39,9.75,"{""Bat"": 3.257, ""Distance_mm"": 946, ""Interrupt_flag"": 0, ""Node_type"": ""DDS75-LB"", ""Sensor_flag"": 1, ""TempC_DS18B20"": 32.76}"
2025-10-04 13:24:07.785247832+00:00,dds75-lb-07,2,-39,10.5,"{""Bat"": 3.257, ""Distance_mm"": 946, ""Interrupt_flag"": 0, ""Node_type"": ""DDS75-LB"", ""Sensor_flag"": 1, ""TempC_DS18B20"": 32.76}"
2025-10-04 14:24:07.097107260+00:00,dds75-lb-07,2,-37,9.0,"{""Bat"": 3.257, ""Distance_mm"": 946, ""Interrupt_flag"": 0, ""Node_type"": ""DDS75-LB"", ""Sensor_flag"": 1, ""TempC_DS18B20"": 32.76}"
2025-10-04 15:24:06.404561348+00:00,dds75-lb-07,2,-38,10.25,"{""Bat"": 3.257, ""Distance_mm"": 946, ""Interrupt_flag"": 0, ""Node_type"": ""DDS75-LB"", ""Sensor_flag"": 1, ""TempC_DS18B20"": 32.76}"
2025-10-04 16:24:05.710983603+00:00,dds75-lb-07,2,-39,9.5,"{""Bat"": 3.257, ""Distance_mm"": 946, ""Interrupt_flag"": 0, ""Node_type"": ""DDS75-LB"", ""Sensor_flag"": 1, ""TempC_DS18B20"": 32.76}"
2025-10-04 17:24:05.015679738+00:00,dds75-lb-07,2,-112,2.5,"{""Bat"": 3.257, ""Distance_mm"": 946, ""Interrupt_flag"": 0, ""Node_type"": ""DDS75-LB"", ""Sensor_flag"": 1, ""TempC_DS18B20"": 32.76}"
2025-10-04 18:24:04.324631411+00:00,dds75-lb-07,2,-37,7.0,"{""Bat"": 3.257, ""Distance_mm"": 946, ""Interrupt_flag"": 0, ""Node_type"": ""DDS75-LB"", ""Sensor_flag"": 1, ""TempC_DS18B20"": 32.76}"
2025-10-04 19:24:03.617633943+00:00,dds75-lb-07,2,-29,7.0,"{""Bat"": 3.257, ""Distance_mm"": 946, ""Interrupt_flag"": 0, ""Node_type"": ""DDS75-LB"", ""Sensor_flag"": 1, ""TempC_DS18B20"": 32.76}"
2025-10-04 20:24:02.906790114+00:00,dds75-lb-07,2,-36,10.0,"{""Bat"": 3.257, ""Distance_mm"": 946, ""Interrupt_flag"": 0, ""Node_type"": ""DDS75-LB"", ""Sensor_flag"": 1, ""TempC_DS18B20"": 32.76}"
2025-10-04 21:24:02.223228316+00:00,dds75-lb-07,2,-116,-1.5,"{""Bat"": 3.257, ""Distance_mm"": 946, ""Interrupt_flag"": 0, ""Node_type"": ""DDS75-LB"", ""Sensor_flag"": 1, ""TempC_DS18B20"": 32.76}"
2025-10-04 22:24:01.566161976+00:00,dds75-lb-07,2,-118,-7.5,"{""Bat"": 3.257, ""Distance_mm"": 946, ""Interrupt_flag"": 0, ""Node_type"": ""DDS75-LB"", ""Sensor_flag"": 1, ""TempC_DS18B20"": 32.76}"
2025-10-04 23:24:00.851204801+00:00,dds75-lb-07,2,-118,-1.75,"{""Bat"": 3.257, ""Distance_mm"": 946, ""Interrupt_flag"": 0, ""Node_type"": ""DDS75-LB"", ""Sensor_flag"": 1, ""TempC_DS18B20"": 32.76}"
2025-10-05 00:24:00.199855045+00:00,dds75-lb-07,2,-120,-1.75,"{""Bat"": 3.257, ""Distance_mm"": 946, ""Interrupt_flag"": 0, ""Node_type"": ""DDS75-LB"", ""Sensor_flag"": 1, ""TempC_DS18B20"": 32.76}"
2025-10-05 01:23:59.426334951+00:00,dds75-lb-07,2,-116,-0.25,"{""Bat"": 3.257, ""Distance_mm"": 947, ""Interrupt_flag"": 0, ""Node_type"": ""DDS75-LB"", ""Sensor_flag"": 1, ""TempC_DS18B20"": 32.76}"
2025-10-05 02:23:58.839339552+00:00,dds75-lb-07,2,-120,-7.75,"{""Bat"": 3.257, ""Distance_mm"": 947, ""Interrupt_flag"": 0, ""Node_type"": ""DDS75-LB"", ""Sensor_flag"": 1, ""TempC_DS18B20"": 32.76}"
2025-10-05 03:23:58.029735664+00:00,dds75-lb-07,2,-116,0.25,"{""Bat"": 3.257, ""Distance_mm"": 864, ""Interrupt_flag"": 0, ""Node_type"": ""DDS75-LB"", ""Sensor_flag"": 1, ""TempC_DS18B20"": 32.76}"
2025-10-05 04:23:57.369677459+00:00,dds75-lb-07,2,-120,-7.5,"{""Bat"": 3.257, ""Distance_mm"": 946, ""Interrupt_flag"": 0, ""Node_type"": ""DDS75-LB"", ""Sensor_flag"": 1, ""TempC_DS18B20"": 32.76}"
2025-10-05 07:23:55.267697578+00:00,dds75-lb-07,2,-119,-3.75,"{""Bat"": 3.257, ""Distance_mm"": 946, ""Interrupt_flag"": 0, ""Node_type"": ""DDS75-LB"", ""Sensor_flag"": 1, ""TempC_DS18B20"": 32.76}"
2025-10-05 09:23:53.874734123+00:00,dds75-lb-07,2,-119,-6.0,"{""Bat"": 3.257, ""Distance_mm"": 947, ""Interrupt_flag"": 0, ""Node_type"": ""DDS75-LB"", ""Sensor_flag"": 1, ""TempC_DS18B20"": 32.76}"
2025-10-07 12:45:11.422427190+00:00,dds75-lb-07,2,-116,-18.0,"{""Bat"": 3.257, ""Distance_mm"": 947, ""Interrupt_flag"": 0, ""Node_type"": ""DDS75-LB"", ""Sensor_flag"": 1, ""TempC_DS18B20"": 32.76}"
2025-10-07 13:45:10.739625747+00:00,dds75-lb-07,2,-116,-8.0,"{""Bat"": 3.257, ""Distance_mm"": 947, ""Interrupt_flag"": 0, ""Node_type"": ""DDS75-LB"", ""Sensor_flag"": 1, ""TempC_DS18B20"": 32.76}"
2025-10-07 14:45:10.038454608+00:00,dds75-lb-07,2,-125,-10.75,"{""Bat"": 3.257, ""Distance_mm"": 947, ""Interrupt_flag"": 0, ""Node_type"": ""DDS75-LB"", ""Sensor_flag"": 1, ""TempC_DS18B20"": 32.76}"
2025-10-07 15:45:09.319898531+00:00,dds75-lb-07,2,-129,-13.25,"{""Bat"": 3.257, ""Distance_mm"": 947, ""Interrupt_flag"": 0, ""Node_type"": ""DDS75-LB"", ""Sensor_flag"": 1, ""TempC_DS18B20"": 32.76}"
2025-10-07 16:45:08.649385887+00:00,dds75-lb-07,2,-120,-12.5,"{""Bat"": 3.257, ""Distance_mm"": 947, ""Interrupt_flag"": 0, ""Node_type"": ""DDS75-LB"", ""Sensor_flag"": 1, ""TempC_DS18B20"": 32.76}"
2025-10-07 17:45:07.911510409+00:00,dds75-lb-07,2,-125,-11.25,"{""Bat"": 3.257, ""Distance_mm"": 946, ""Interrupt_flag"": 0, ""Node_type"": ""DDS75-LB"", ""Sensor_flag"": 1, ""TempC_DS18B20"": 32.76}"
2025-10-07 18:45:07.224626647+00:00,dds75-lb-07,2,-124,-8.25,"{""Bat"": 3.257, ""Distance_mm"": 946, ""Interrupt_flag"": 0, ""Node_type"": ""DDS75-LB"", ""Sensor_flag"": 1, ""TempC_DS18B20"": 32.76}"
2025-10-07 20:45:05.796126348+00:00,dds75-lb-07,2,-128,-13.75,"{""Bat"": 3.257, ""Distance_mm"": 947, ""Interrupt_flag"": 0, ""Node_type"": ""DDS75-LB"", ""Sensor_flag"": 1, ""TempC_DS18B20"": 32.76}"
2025-10-07 21:45:05.077775285+00:00,dds75-lb-07,2,-121,-9.0,"{""Bat"": 3.257, ""Distance_mm"": 947, ""Interrupt_flag"": 0, ""Node_type"": ""DDS75-LB"", ""Sensor_flag"": 1, ""TempC_DS18B20"": 32.76}"
2025-10-07 22:45:04.377813253+00:00,dds75-lb-07,2,-120,-5.75,"{""Bat"": 3.257, ""Distance_mm"": 947, ""Interrupt_flag"": 0, ""Node_type"": ""DDS75-LB"", ""Sensor_flag"": 1, ""TempC_DS18B20"": 32.76}"
2025-10-07 23:45:03.706255104+00:00,dds75-lb-07,2,-124,-7.75,"{""Bat"": 3.257, ""Distance_mm"": 947, ""Interrupt_flag"": 0, ""Node_type"": ""DDS75-LB"", ""Sensor_flag"": 1, ""TempC_DS18B20"": 32.76}"
2025-10-08 00:45:02.984097831+00:00,dds75-lb-07,2,-123,-9.75,"{""Bat"": 3.257, ""Distance_mm"": 947, ""Interrupt_flag"": 0, ""Node_type"": ""DDS75-LB"", ""Sensor_flag"": 1, ""TempC_DS18B20"": 32.76}"
2025-10-08 02:45:01.585263530+00:00,dds75-lb-07,2,-116,-2.25,"{""Bat"": 3.257, ""Distance_mm"": 946, ""Interrupt_flag"": 0, ""Node_type"": ""DDS75-LB"", ""Sensor_flag"": 1, ""TempC_DS18B20"": 32.76}"
2025-10-08 03:45:00.888353770+00:00,dds75-lb-07,2,-122,-6.5,"{""Bat"": 3.257, ""Distance_mm"": 946, ""Interrupt_flag"": 0, ""Node_type"": ""DDS75-LB"", ""Sensor_flag"": 1, ""TempC_DS18B20"": 32.76}"
2025-10-08 04:45:00.187419582+00:00,dds75-lb-07,2,-130,-15.25,"{""Bat"": 3.257, ""Distance_mm"": 946, ""Interrupt_flag"": 0, ""Node_type"": ""DDS75-LB"", ""Sensor_flag"": 1, ""TempC_DS18B20"": 32.76}"
2025-10-08 05:44:59.484019219+00:00,dds75-lb-07,2,-126,-17.25,"{""Bat"": 3.257, ""Distance_mm"": 947, ""Interrupt_flag"": 0, ""Node_type"": ""DDS75-LB"", ""Sensor_flag"": 1, ""TempC_DS18B20"": 32.76}"
2025-10-08 06:44:58.794736920+00:00,dds75-lb-07,2,-116,-2.5,"{""Bat"": 3.257, ""Distance_mm"": 947, ""Interrupt_flag"": 0, ""Node_type"": ""DDS75-LB"", ""Sensor_flag"": 1, ""TempC_DS18B20"": 32.76}"
2025-10-08 07:44:58.089437854+00:00,dds75-lb-07,2,-117,-1.5,"{""Bat"": 3.257, ""Distance_mm"": 946, ""Interrupt_flag"": 0, ""Node_type"": ""DDS75-LB"", ""Sensor_flag"": 1, ""TempC_DS18B20"": 32.76}"
2025-10-08 08:44:57.381472569+00:00,dds75-lb-07,2,-118,-11.25,"{""Bat"": 3.257, ""Distance_mm"": 947, ""Interrupt_flag"": 0, ""Node_type"": ""DDS75-LB"", ""Sensor_flag"": 1, ""TempC_DS18B20"": 32.76}"
2025-10-08 09:44:56.675227297+00:00,dds75-lb-07,2,-39,12.25,"{""Bat"": 3.257, ""Distance_mm"": 947, ""Interrupt_flag"": 0, ""Node_type"": ""DDS75-LB"", ""Sensor_flag"": 1, ""TempC_DS18B20"": 32.76}"
2025-10-08 10:44:54.525295149+00:00,dds75-lb-07,2,-41,10.0,"{""Bat"": 3.257, ""Distance_mm"": 947, ""Interrupt_flag"": 0, ""Node_type"": ""DDS75-LB"", ""Sensor_flag"": 1, ""TempC_DS18B20"": 32.76}"
2025-10-08 11:44:53.824934016+00:00,dds75-lb-07,2,-41,9.25,"{""Bat"": 3.257, ""Distance_mm"": 947, ""Interrupt_flag"": 0, ""Node_type"": ""DDS75-LB"", ""Sensor_flag"": 1, ""TempC_DS18B20"": 32.76}"
2025-10-08 12:44:53.114121922+00:00,dds75-lb-07,2,-38,7.5,"{""Bat"": 3.257, ""Distance_mm"": 946, ""Interrupt_flag"": 0, ""Node_type"": ""DDS75-LB"", ""Sensor_flag"": 1, ""TempC_DS18B20"": 32.76}"
2025-10-08 13:44:52.422204357+00:00,dds75-lb-07,2,-39,9.5,"{""Bat"": 3.257, ""Distance_mm"": 946, ""Interrupt_flag"": 0, ""Node_type"": ""DDS75-LB"", ""Sensor_flag"": 1, ""TempC_DS18B20"": 32.76}"
2025-10-08 14:44:51.707707799+00:00,dds75-lb-07,2,-39,8.0,"{""Bat"": 3.257, ""Distance_mm"": 946, ""Interrupt_flag"": 0, ""Node_type"": ""DDS75-LB"", ""Sensor_flag"": 1, ""TempC_DS18B20"": 32.76}"
2025-10-08 15:44:50.997224896+00:00,dds75-lb-07,2,-119,-2.5,"{""Bat"": 3.257, ""Distance_mm"": 946, ""Interrupt_flag"": 0, ""Node_type"": ""DDS75-LB"", ""Sensor_flag"": 1, ""TempC_DS18B20"": 32.76}"
2025-10-08 16:44:50.285736024+00:00,dds75-lb-07,2,-40,9.25,"{""Bat"": 3.257, ""Distance_mm"": 946, ""Interrupt_flag"": 0, ""Node_type"": ""DDS75-LB"", ""Sensor_flag"": 1, ""TempC_DS18B20"": 32.76}"
2025-10-08 17:44:49.593546882+00:00,dds75-lb-07,2,-42,7.25,"{""Bat"": 3.257, ""Distance_mm"": 946, ""Interrupt_flag"": 0, ""Node_type"": ""DDS75-LB"", ""Sensor_flag"": 1, ""TempC_DS18B20"": 32.76}"
2025-10-08 18:44:48.900392085+00:00,dds75-lb-07,2,-39,10.25,"{""Bat"": 3.257, ""Distance_mm"": 946, ""Interrupt_flag"": 0, ""Node_type"": ""DDS75-LB"", ""Sensor_flag"": 1, ""TempC_DS18B20"": 32.76}"
2025-10-08 19:44:48.193165427+00:00,dds75-lb-07,2,-43,9.75,"{""Bat"": 3.257, ""Distance_mm"": 947, ""Interrupt_flag"": 0, ""Node_type"": ""DDS75-LB"", ""Sensor_flag"": 1, ""TempC_DS18B20"": 32.76}"
2025-10-08 20:44:47.492680589+00:00,dds75-lb-07,2,-41,10.5,"{""Bat"": 3.257, ""Distance_mm"": 947, ""Interrupt_flag"": 0, ""Node_type"": ""DDS75-LB"", ""Sensor_flag"": 1, ""TempC_DS18B20"": 32.76}"
2025-10-08 21:44:46.781959588+00:00,dds75-lb-07,2,-39,9.25,"{""Bat"": 3.257, ""Distance_mm"": 947, ""Interrupt_flag"": 0, ""Node_type"": ""DDS75-LB"", ""Sensor_flag"": 1, ""TempC_DS18B20"": 32.76}"
2025-10-08 22:44:46.092249719+00:00,dds75-lb-07,2,-43,10.5,"{""Bat"": 3.257, ""Distance_mm"": 946, ""Interrupt_flag"": 0, ""Node_type"": ""DDS75-LB"", ""Sensor_flag"": 1, ""TempC_DS18B20"": 32.76}"
2025-10-08 23:44:45.381693427+00:00,dds75-lb-07,2,-39,9.25,"{""Bat"": 3.257, ""Distance_mm"": 946, ""Interrupt_flag"": 0, ""Node_type"": ""DDS75-LB"", ""Sensor_flag"": 1, ""TempC_DS18B20"": 32.76}"
2025-10-09 00:44:44.665614398+00:00,dds75-lb-07,2,-41,9.75,"{""Bat"": 3.257, ""Distance_mm"": 946, ""Interrupt_flag"": 0, ""Node_type"": ""DDS75-LB"", ""Sensor_flag"": 1, ""TempC_DS18B20"": 32.76}"
2025-10-09 01:44:43.962676587+00:00,dds75-lb-07,2,-41,9.75,"{""Bat"": 3.257, ""Distance_mm"": 947, ""Interrupt_flag"": 0, ""Node_type"": ""DDS75-LB"", ""Sensor_flag"": 1, ""TempC_DS18B20"": 32.76}"
2025-10-09 02:44:43.268177542+00:00,dds75-lb-07,2,-116,-0.5,"{""Bat"": 3.257, ""Distance_mm"": 947, ""Interrupt_flag"": 0, ""Node_type"": ""DDS75-LB"", ""Sensor_flag"": 1, ""TempC_DS18B20"": 32.76}"
2025-10-09 03:44:42.579785475+00:00,dds75-lb-07,2,-41,9.0,"{""Bat"": 3.257, ""Distance_mm"": 947, ""Interrupt_flag"": 0, ""Node_type"": ""DDS75-LB"", ""Sensor_flag"": 1, ""TempC_DS18B20"": 32.76}"
2025-10-09 04:44:41.852861356+00:00,dds75-lb-07,2,-41,7.5,"{""Bat"": 3.257, ""Distance_mm"": 946, ""Interrupt_flag"": 0, ""Node_type"": ""DDS75-LB"", ""Sensor_flag"": 1, ""TempC_DS18B20"": 32.76}"
2025-10-09 05:44:41.154226088+00:00,dds75-lb-07,2,-39,7.0,"{""Bat"": 3.257, ""Distance_mm"": 951, ""Interrupt_flag"": 0, ""Node_type"": ""DDS75-LB"", ""Sensor_flag"": 1, ""TempC_DS18B20"": 32.76}"
2025-10-09 06:44:40.446886648+00:00,dds75-lb-07,2,-118,-2.75,"{""Bat"": 3.257, ""Distance_mm"": 950, ""Interrupt_flag"": 0, ""Node_type"": ""DDS75-LB"", ""Sensor_flag"": 1, ""TempC_DS18B20"": 32.76}"
2025-10-09 07:44:39.741030879+00:00,dds75-lb-07,2,-42,9.5,"{""Bat"": 3.257, ""Distance_mm"": 946, ""Interrupt_flag"": 0, ""Node_type"": ""DDS75-LB"", ""Sensor_flag"": 1, ""TempC_DS18B20"": 32.76}"
2025-10-09 08:44:39.043411739+00:00,dds75-lb-07,2,-44,8.5,"{""Bat"": 3.257, ""Distance_mm"": 946, ""Interrupt_flag"": 0, ""Node_type"": ""DDS75-LB"", ""Sensor_flag"": 1, ""TempC_DS18B20"": 32.76}"
2025-10-09 09:44:38.342481224+00:00,dds75-lb-07,2,-43,9.25,"{""Bat"": 3.257, ""Distance_mm"": 946, ""Interrupt_flag"": 0, ""Node_type"": ""DDS75-LB"", ""Sensor_flag"": 1, ""TempC_DS18B20"": 32.76}"
2025-10-09 10:44:37.640841035+00:00,dds75-lb-07,2,-43,10.75,"{""Bat"": 3.257, ""Distance_mm"": 947, ""Interrupt_flag"": 0, ""Node_type"": ""DDS75-LB"", ""Sensor_flag"": 1, ""TempC_DS18B20"": 32.76}"
2025-10-09 11:44:36.929902314+00:00,dds75-lb-07,2,-44,10.25,"{""Bat"": 3.257, ""Distance_mm"": 947, ""Interrupt_flag"": 0, ""Node_type"": ""DDS75-LB"", ""Sensor_flag"": 1, ""TempC_DS18B20"": 32.76}"
2025-10-09 12:44:36.225558181+00:00,dds75-lb-07,2,-41,8.0,"{""Bat"": 3.257, ""Distance_mm"": 947, ""Interrupt_flag"": 0, ""Node_type"": ""DDS75-LB"", ""Sensor_flag"": 1, ""TempC_DS18B20"": 32.76}"
2025-10-09 13:44:35.547023997+00:00,dds75-lb-07,2,-41,7.5,"{""Bat"": 3.257, ""Distance_mm"": 947, ""Interrupt_flag"": 0, ""Node_type"": ""DDS75-LB"", ""Sensor_flag"": 1, ""TempC_DS18B20"": 32.76}"
2025-10-09 14:44:34.822438361+00:00,dds75-lb-07,2,-41,7.75,"{""Bat"": 3.257, ""Distance_mm"": 947, ""Interrupt_flag"": 0, ""Node_type"": ""DDS75-LB"", ""Sensor_flag"": 1, ""TempC_DS18B20"": 32.76}"
2025-10-09 15:44:34.118776896+00:00,dds75-lb-07,2,-41,10.25,"{""Bat"": 3.257, ""Distance_mm"": 946, ""Interrupt_flag"": 0, ""Node_type"": ""DDS75-LB"", ""Sensor_flag"": 1, ""TempC_DS18B20"": 32.76}"
2025-10-09 16:44:33.424833357+00:00,dds75-lb-07,2,-42,10.0,"{""Bat"": 3.257, ""Distance_mm"": 946, ""Interrupt_flag"": 0, ""Node_type"": ""DDS75-LB"", ""Sensor_flag"": 1, ""TempC_DS18B20"": 32.76}"
2025-10-09 17:44:32.723055971+00:00,dds75-lb-07,2,-43,6.25,"{""Bat"": 3.257, ""Distance_mm"": 951, ""Interrupt_flag"": 0, ""Node_type"": ""DDS75-LB"", ""Sensor_flag"": 1, ""TempC_DS18B20"": 32.76}"
2025-10-09 18:44:32.033606552+00:00,dds75-lb-07,2,-39,9.75,"{""Bat"": 3.257, ""Distance_mm"": 947, ""Interrupt_flag"": 0, ""Node_type"": ""DDS75-LB"", ""Sensor_flag"": 1, ""TempC_DS18B20"": 32.76}"
2025-10-09 19:44:31.326041791+00:00,dds75-lb-07,2,-38,8.75,"{""Bat"": 3.257, ""Distance_mm"": 951, ""Interrupt_flag"": 0, ""Node_type"": ""DDS75-LB"", ""Sensor_flag"": 1, ""TempC_DS18B20"": 32.76}"
2025-10-09 20:44:30.608786653+00:00,dds75-lb-07,2,-38,9.75,"{""Bat"": 3.257, ""Distance_mm"": 951, ""Interrupt_flag"": 0, ""Node_type"": ""DDS75-LB"", ""Sensor_flag"": 1, ""TempC_DS18B20"": 32.76}"
2025-10-09 21:44:29.907710207+00:00,dds75-lb-07,2,-37,7.5,"{""Bat"": 3.257, ""Distance_mm"": 950, ""Interrupt_flag"": 0, ""Node_type"": ""DDS75-LB"", ""Sensor_flag"": 1, ""TempC_DS18B20"": 32.76}"
2025-10-09 22:44:29.222269784+00:00,dds75-lb-07,2,-39,6.75,"{""Bat"": 3.257, ""Distance_mm"": 951, ""Interrupt_flag"": 0, ""Node_type"": ""DDS75-LB"", ""Sensor_flag"": 1, ""TempC_DS18B20"": 32.76}"
2025-10-09 23:44:28.497343167+00:00,dds75-lb-07,2,-39,10.75,"{""Bat"": 3.257, ""Distance_mm"": 951, ""Interrupt_flag"": 0, ""Node_type"": ""DDS75-LB"", ""Sensor_flag"": 1, ""TempC_DS18B20"": 32.76}"
2025-10-10 00:44:27.817618811+00:00,dds75-lb-07,2,-39,9.25,"{""Bat"": 3.257, ""Distance_mm"": 951, ""Interrupt_flag"": 0, ""Node_type"": ""DDS75-LB"", ""Sensor_flag"": 1, ""TempC_DS18B20"": 32.76}"
2025-10-10 01:44:27.105626705+00:00,dds75-lb-07,2,-39,7.75,"{""Bat"": 3.257, ""Distance_mm"": 951, ""Interrupt_flag"": 0, ""Node_type"": ""DDS75-LB"", ""Sensor_flag"": 1, ""TempC_DS18B20"": 32.76}"
2025-10-10 02:44:26.401132012+00:00,dds75-lb-07,2,-39,10.0,"{""Bat"": 3.257, ""Distance_mm"": 950, ""Interrupt_flag"": 0, ""Node_type"": ""DDS75-LB"", ""Sensor_flag"": 1, ""TempC_DS18B20"": 32.76}"
2025-10-10 03:44:25.697941374+00:00,dds75-lb-07,2,-38,9.5,"{""Bat"": 3.257, ""Distance_mm"": 950, ""Interrupt_flag"": 0, ""Node_type"": ""DDS75-LB"", ""Sensor_flag"": 1, ""TempC_DS18B20"": 32.76}"
2025-10-10 04:44:24.992137903+00:00,dds75-lb-07,2,-37,9.0,"{""Bat"": 3.257, ""Distance_mm"": 950, ""Interrupt_flag"": 0, ""Node_type"": ""DDS75-LB"", ""Sensor_flag"": 1, ""TempC_DS18B20"": 32.76}"
2025-10-10 05:44:24.292684736+00:00,dds75-lb-07,2,-116,-0.25,"{""Bat"": 3.257, ""Distance_mm"": 951, ""Interrupt_flag"": 0, ""Node_type"": ""DDS75-LB"", ""Sensor_flag"": 1, ""TempC_DS18B20"": 32.76}"
2025-10-10 06:44:23.599357137+00:00,dds75-lb-07,2,-41,9.25,"{""Bat"": 3.257, ""Distance_mm"": 951, ""Interrupt_flag"": 0, ""Node_type"": ""DDS75-LB"", ""Sensor_flag"": 1, ""TempC_DS18B20"": 32.76}"
2025-10-10 07:44:22.879147122+00:00,dds75-lb-07,2,-39,9.0,"{""Bat"": 3.257, ""Distance_mm"": 951, ""Interrupt_flag"": 0, ""Node_type"": ""DDS75-LB"", ""Sensor_flag"": 1, ""TempC_DS18B20"": 32.76}"
2025-10-10 08:44:22.184986395+00:00,dds75-lb-07,2,-39,11.0,"{""Bat"": 3.257, ""Distance_mm"": 947, ""Interrupt_flag"": 0, ""Node_type"": ""DDS75-LB"", ""Sensor_flag"": 1, ""TempC_DS18B20"": 32.76}"
2025-10-10 09:44:21.490648071+00:00,dds75-lb-07,2,-39,7.5,"{""Bat"": 3.257, ""Distance_mm"": 947, ""Interrupt_flag"": 0, ""Node_type"": ""DDS75-LB"", ""Sensor_flag"": 1, ""TempC_DS18B20"": 32.76}"
2025-10-10 10:44:20.791145701+00:00,dds75-lb-07,2,-38,9.5,"{""Bat"": 3.257, ""Distance_mm"": 947, ""Interrupt_flag"": 0, ""Node_type"": ""DDS75-LB"", ""Sensor_flag"": 1, ""TempC_DS18B20"": 32.76}"
2025-10-10 11:44:20.080542822+00:00,dds75-lb-07,2,-39,9.75,"{""Bat"": 3.257, ""Distance_mm"": 947, ""Interrupt_flag"": 0, ""Node_type"": ""DDS75-LB"", ""Sensor_flag"": 1, ""TempC_DS18B20"": 32.76}"
2025-10-10 12:44:19.378870961+00:00,dds75-lb-07,2,-115,0.5,"{""Bat"": 3.257, ""Distance_mm"": 947, ""Interrupt_flag"": 0, ""Node_type"": ""DDS75-LB"", ""Sensor_flag"": 1, ""TempC_DS18B20"": 32.76}"
2025-10-10 13:44:18.686146974+00:00,dds75-lb-07,2,-39,10.25,"{""Bat"": 3.257, ""Distance_mm"": 946, ""Interrupt_flag"": 0, ""Node_type"": ""DDS75-LB"", ""Sensor_flag"": 1, ""TempC_DS18B20"": 32.76}"
2025-10-10 14:44:17.977264458+00:00,dds75-lb-07,2,-41,7.75,"{""Bat"": 3.257, ""Distance_mm"": 946, ""Interrupt_flag"": 0, ""Node_type"": ""DDS75-LB"", ""Sensor_flag"": 1, ""TempC_DS18B20"": 32.76}"
2025-10-10 15:44:17.274027517+00:00,dds75-lb-07,2,-41,10.25,"{""Bat"": 3.257, ""Distance_mm"": 947, ""Interrupt_flag"": 0, ""Node_type"": ""DDS75-LB"", ""Sensor_flag"": 1, ""TempC_DS18B20"": 32.76}"
2025-10-10 16:44:16.623535207+00:00,dds75-lb-07,2,-41,10.0,"{""Bat"": 3.257, ""Distance_mm"": 947, ""Interrupt_flag"": 0, ""Node_type"": ""DDS75-LB"", ""Sensor_flag"": 1, ""TempC_DS18B20"": 32.76}"
2025-10-10 17:44:15.888759897+00:00,dds75-lb-07,2,-41,9.5,"{""Bat"": 3.257, ""Distance_mm"": 947, ""Interrupt_flag"": 0, ""Node_type"": ""DDS75-LB"", ""Sensor_flag"": 1, ""TempC_DS18B20"": 32.76}"
2025-10-10 18:44:15.157771442+00:00,dds75-lb-07,2,-41,9.5,"{""Bat"": 3.257, ""Distance_mm"": 946, ""Interrupt_flag"": 0, ""Node_type"": ""DDS75-LB"", ""Sensor_flag"": 1, ""TempC_DS18B20"": 32.76}"
2025-10-10 19:44:14.461006255+00:00,dds75-lb-07,2,-39,10.0,"{""Bat"": 3.257, ""Distance_mm"": 946, ""Interrupt_flag"": 0, ""Node_type"": ""DDS75-LB"", ""Sensor_flag"": 1, ""TempC_DS18B20"": 32.76}"
2025-10-10 20:44:13.749932555+00:00,dds75-lb-07,2,-41,10.0,"{""Bat"": 3.257, ""Distance_mm"": 946, ""Interrupt_flag"": 0, ""Node_type"": ""DDS75-LB"", ""Sensor_flag"": 1, ""TempC_DS18B20"": 32.76}"
2025-10-10 21:44:13.059152926+00:00,dds75-lb-07,2,-39,10.25,"{""Bat"": 3.257, ""Distance_mm"": 951, ""Interrupt_flag"": 0, ""Node_type"": ""DDS75-LB"", ""Sensor_flag"": 1, ""TempC_DS18B20"": 32.76}"
2025-10-10 22:44:12.340151621+00:00,dds75-lb-07,2,-119,-8.0,"{""Bat"": 3.257, ""Distance_mm"": 951, ""Interrupt_flag"": 0, ""Node_type"": ""DDS75-LB"", ""Sensor_flag"": 1, ""TempC_DS18B20"": 32.76}"
2025-10-10 23:44:11.652043621+00:00,dds75-lb-07,2,-119,-2.5,"{""Bat"": 3.257, ""Distance_mm"": 951, ""Interrupt_flag"": 0, ""Node_type"": ""DDS75-LB"", ""Sensor_flag"": 1, ""TempC_DS18B20"": 32.76}"
2025-10-11 00:44:10.966545254+00:00,dds75-lb-07,2,-118,-2.25,"{""Bat"": 3.257, ""Distance_mm"": 951, ""Interrupt_flag"": 0, ""Node_type"": ""DDS75-LB"", ""Sensor_flag"": 1, ""TempC_DS18B20"": 32.76}"
2025-10-11 01:44:10.246608384+00:00,dds75-lb-07,2,-43,10.5,"{""Bat"": 3.257, ""Distance_mm"": 951, ""Interrupt_flag"": 0, ""Node_type"": ""DDS75-LB"", ""Sensor_flag"": 1, ""TempC_DS18B20"": 32.76}"
2025-10-11 02:44:09.524888795+00:00,dds75-lb-07,2,-39,9.0,"{""Bat"": 3.257, ""Distance_mm"": 951, ""Interrupt_flag"": 0, ""Node_type"": ""DDS75-LB"", ""Sensor_flag"": 1, ""TempC_DS18B20"": 32.76}"
2025-10-11 03:44:08.825217488+00:00,dds75-lb-07,2,-43,10.25,"{""Bat"": 3.257, ""Distance_mm"": 950, ""Interrupt_flag"": 0, ""Node_type"": ""DDS75-LB"", ""Sensor_flag"": 1, ""TempC_DS18B20"": 32.76}"
2025-10-11 04:44:08.137489867+00:00,dds75-lb-07,2,-41,10.0,"{""Bat"": 3.257, ""Distance_mm"": 951, ""Interrupt_flag"": 0, ""Node_type"": ""DDS75-LB"", ""Sensor_flag"": 1, ""TempC_DS18B20"": 32.76}"
2025-10-11 05:44:07.428576920+00:00,dds75-lb-07,2,-39,8.0,"{""Bat"": 3.257, ""Distance_mm"": 951, ""Interrupt_flag"": 0, ""Node_type"": ""DDS75-LB"", ""Sensor_flag"": 1, ""TempC_DS18B20"": 32.76}"
2025-10-11 06:44:06.722532584+00:00,dds75-lb-07,2,-41,10.0,"{""Bat"": 3.257, ""Distance_mm"": 951, ""Interrupt_flag"": 0, ""Node_type"": ""DDS75-LB"", ""Sensor_flag"": 1, ""TempC_DS18B20"": 32.76}"
2025-10-11 07:44:06.023574681+00:00,dds75-lb-07,2,-41,9.5,"{""Bat"": 3.257, ""Distance_mm"": 951, ""Interrupt_flag"": 0, ""Node_type"": ""DDS75-LB"", ""Sensor_flag"": 1, ""TempC_DS18B20"": 32.76}"
2025-10-11 08:44:05.310413593+00:00,dds75-lb-07,2,-41,9.75,"{""Bat"": 3.257, ""Distance_mm"": 951, ""Interrupt_flag"": 0, ""Node_type"": ""DDS75-LB"", ""Sensor_flag"": 1, ""TempC_DS18B20"": 32.76}"
2025-10-11 09:44:04.614049084+00:00,dds75-lb-07,2,-41,7.5,"{""Bat"": 3.257, ""Distance_mm"": 947, ""Interrupt_flag"": 0, ""Node_type"": ""DDS75-LB"", ""Sensor_flag"": 1, ""TempC_DS18B20"": 32.76}"
2025-10-11 10:44:03.920218517+00:00,dds75-lb-07,2,-115,-0.5,"{""Bat"": 3.257, ""Distance_mm"": 947, ""Interrupt_flag"": 0, ""Node_type"": ""DDS75-LB"", ""Sensor_flag"": 1, ""TempC_DS18B20"": 32.76}"
2025-10-11 11:44:03.218525614+00:00,dds75-lb-07,2,-44,8.75,"{""Bat"": 3.257, ""Distance_mm"": 947, ""Interrupt_flag"": 0, ""Node_type"": ""DDS75-LB"", ""Sensor_flag"": 1, ""TempC_DS18B20"": 32.76}"
2025-10-11 12:44:02.507062151+00:00,dds75-lb-07,2,-41,7.75,"{""Bat"": 3.257, ""Distance_mm"": 947, ""Interrupt_flag"": 0, ""Node_type"": ""DDS75-LB"", ""Sensor_flag"": 1, ""TempC_DS18B20"": 32.76}"
2025-10-11 13:44:01.796321126+00:00,dds75-lb-07,2,-41,10.0,"{""Bat"": 3.257, ""Distance_mm"": 947, ""Interrupt_flag"": 0, ""Node_type"": ""DDS75-LB"", ""Sensor_flag"": 1, ""TempC_DS18B20"": 32.76}"
2025-10-11 14:44:01.127979429+00:00,dds75-lb-07,2,-41,7.5,"{""Bat"": 3.257, ""Distance_mm"": 947, ""Interrupt_flag"": 0, ""Node_type"": ""DDS75-LB"", ""Sensor_flag"": 1, ""TempC_DS18B20"": 32.76}"
2025-10-11 15:44:00.402635373+00:00,dds75-lb-07,2,-44,9.0,"{""Bat"": 3.257, ""Distance_mm"": 946, ""Interrupt_flag"": 0, ""Node_type"": ""DDS75-LB"", ""Sensor_flag"": 1, ""TempC_DS18B20"": 32.76}"
2025-10-11 16:43:59.708119289+00:00,dds75-lb-07,2,-44,9.5,"{""Bat"": 3.257, ""Distance_mm"": 946, ""Interrupt_flag"": 0, ""Node_type"": ""DDS75-LB"", ""Sensor_flag"": 1, ""TempC_DS18B20"": 32.76}"
2025-10-11 17:43:59.005534572+00:00,dds75-lb-07,2,-43,7.5,"{""Bat"": 3.257, ""Distance_mm"": 947, ""Interrupt_flag"": 0, ""Node_type"": ""DDS75-LB"", ""Sensor_flag"": 1, ""TempC_DS18B20"": 32.76}"
2025-10-11 18:43:58.291306914+00:00,dds75-lb-07,2,-118,-2.75,"{""Bat"": 3.257, ""Distance_mm"": 947, ""Interrupt_flag"": 0, ""Node_type"": ""DDS75-LB"", ""Sensor_flag"": 1, ""TempC_DS18B20"": 32.76}"
2025-10-11 19:43:57.604739016+00:00,dds75-lb-07,2,-43,9.25,"{""Bat"": 3.257, ""Distance_mm"": 947, ""Interrupt_flag"": 0, ""Node_type"": ""DDS75-LB"", ""Sensor_flag"": 1, ""TempC_DS18B20"": 32.76}"
2025-10-11 20:43:56.898022005+00:00,dds75-lb-07,2,-41,7.75,"{""Bat"": 3.257, ""Distance_mm"": 947, ""Interrupt_flag"": 0, ""Node_type"": ""DDS75-LB"", ""Sensor_flag"": 1, ""TempC_DS18B20"": 32.76}"
2025-10-11 21:43:56.191787241+00:00,dds75-lb-07,2,-117,-1.25,"{""Bat"": 3.257, ""Distance_mm"": 947, ""Interrupt_flag"": 0, ""Node_type"": ""DDS75-LB"", ""Sensor_flag"": 1, ""TempC_DS18B20"": 32.76}"
2025-10-11 22:43:55.534709459+00:00,dds75-lb-07,2,-44,9.75,"{""Bat"": 3.257, ""Distance_mm"": 947, ""Interrupt_flag"": 0, ""Node_type"": ""DDS75-LB"", ""Sensor_flag"": 1, ""TempC_DS18B20"": 32.76}"
2025-10-11 23:43:54.808252537+00:00,dds75-lb-07,2,-43,9.0,"{""Bat"": 3.257, ""Distance_mm"": 947, ""Interrupt_flag"": 0, ""Node_type"": ""DDS75-LB"", ""Sensor_flag"": 1, ""TempC_DS18B20"": 32.76}"
2025-10-12 00:43:54.100036647+00:00,dds75-lb-07,2,-42,10.0,"{""Bat"": 3.257, ""Distance_mm"": 946, ""Interrupt_flag"": 0, ""Node_type"": ""DDS75-LB"", ""Sensor_flag"": 1, ""TempC_DS18B20"": 32.76}"
2025-10-12 01:43:53.389915859+00:00,dds75-lb-07,2,-43,8.75,"{""Bat"": 3.257, ""Distance_mm"": 946, ""Interrupt_flag"": 0, ""Node_type"": ""DDS75-LB"", ""Sensor_flag"": 1, ""TempC_DS18B20"": 32.76}"
2025-10-12 02:43:52.707204678+00:00,dds75-lb-07,2,-41,9.25,"{""Bat"": 3.257, ""Distance_mm"": 946, ""Interrupt_flag"": 0, ""Node_type"": ""DDS75-LB"", ""Sensor_flag"": 1, ""TempC_DS18B20"": 32.76}"
2025-10-12 03:43:51.999787380+00:00,dds75-lb-07,2,-42,9.5,"{""Bat"": 3.257, ""Distance_mm"": 946, ""Interrupt_flag"": 0, ""Node_type"": ""DDS75-LB"", ""Sensor_flag"": 1, ""TempC_DS18B20"": 32.76}"
2025-10-12 04:43:51.315260878+00:00,dds75-lb-07,2,-41,7.25,"{""Bat"": 3.257, ""Distance_mm"": 946, ""Interrupt_flag"": 0, ""Node_type"": ""DDS75-LB"", ""Sensor_flag"": 1, ""TempC_DS18B20"": 32.76}"
2025-10-12 05:43:50.599309360+00:00,dds75-lb-07,2,-39,7.75,"{""Bat"": 3.257, ""Distance_mm"": 946, ""Interrupt_flag"": 0, ""Node_type"": ""DDS75-LB"", ""Sensor_flag"": 1, ""TempC_DS18B20"": 32.76}"
2025-10-12 06:43:49.901775809+00:00,dds75-lb-07,2,-45,7.75,"{""Bat"": 3.257, ""Distance_mm"": 946, ""Interrupt_flag"": 0, ""Node_type"": ""DDS75-LB"", ""Sensor_flag"": 1, ""TempC_DS18B20"": 32.76}"
2025-10-12 07:43:49.190558740+00:00,dds75-lb-07,2,-39,9.5,"{""Bat"": 3.257, ""Distance_mm"": 946, ""Interrupt_flag"": 0, ""Node_type"": ""DDS75-LB"", ""Sensor_flag"": 1, ""TempC_DS18B20"": 32.76}"
2025-10-12 08:43:48.491921694+00:00,dds75-lb-07,2,-41,9.75,"{""Bat"": 3.257, ""Distance_mm"": 946, ""Interrupt_flag"": 0, ""Node_type"": ""DDS75-LB"", ""Sensor_flag"": 1, ""TempC_DS18B20"": 32.76}"
2025-10-12 09:43:47.787506967+00:00,dds75-lb-07,2,-117,-2.5,"{""Bat"": 3.257, ""Distance_mm"": 946, ""Interrupt_flag"": 0, ""Node_type"": ""DDS75-LB"", ""Sensor_flag"": 1, ""TempC_DS18B20"": 32.76}"
2025-10-12 10:43:47.093206897+00:00,dds75-lb-07,2,-39,10.5,"{""Bat"": 3.257, ""Distance_mm"": 946, ""Interrupt_flag"": 0, ""Node_type"": ""DDS75-LB"", ""Sensor_flag"": 1, ""TempC_DS18B20"": 32.76}"
2025-10-12 11:43:46.397168723+00:00,dds75-lb-07,2,-41,9.25,"{""Bat"": 3.257, ""Distance_mm"": 946, ""Interrupt_flag"": 0, ""Node_type"": ""DDS75-LB"", ""Sensor_flag"": 1, ""TempC_DS18B20"": 32.76}"
2025-10-12 12:43:45.688334291+00:00,dds75-lb-07,2,-39,9.5,"{""Bat"": 3.257, ""Distance_mm"": 946, ""Interrupt_flag"": 0, ""Node_type"": ""DDS75-LB"", ""Sensor_flag"": 1, ""TempC_DS18B20"": 32.76}"
2025-10-12 13:43:45.001427170+00:00,dds75-lb-07,2,-39,7.25,"{""Bat"": 3.257, ""Distance_mm"": 947, ""Interrupt_flag"": 0, ""Node_type"": ""DDS75-LB"", ""Sensor_flag"": 1, ""TempC_DS18B20"": 32.76}"
2025-10-12 14:43:44.275973016+00:00,dds75-lb-07,2,-41,7.0,"{""Bat"": 3.257, ""Distance_mm"": 947, ""Interrupt_flag"": 0, ""Node_type"": ""DDS75-LB"", ""Sensor_flag"": 1, ""TempC_DS18B20"": 32.76}"
2025-10-12 15:43:43.583358975+00:00,dds75-lb-07,2,-39,10.5,"{""Bat"": 3.257, ""Distance_mm"": 947, ""Interrupt_flag"": 0, ""Node_type"": ""DDS75-LB"", ""Sensor_flag"": 1, ""TempC_DS18B20"": 32.76}"
2025-10-12 16:43:42.895411604+00:00,dds75-lb-07,2,-41,9.5,"{""Bat"": 3.257, ""Distance_mm"": 947, ""Interrupt_flag"": 0, ""Node_type"": ""DDS75-LB"", ""Sensor_flag"": 1, ""TempC_DS18B20"": 32.76}"
2025-10-12 17:43:42.186727020+00:00,dds75-lb-07,2,-41,8.0,"{""Bat"": 3.257, ""Distance_mm"": 947, ""Interrupt_flag"": 0, ""Node_type"": ""DDS75-LB"", ""Sensor_flag"": 1, ""TempC_DS18B20"": 32.76}"
2025-10-12 18:43:41.499717565+00:00,dds75-lb-07,2,-39,10.0,"{""Bat"": 3.257, ""Distance_mm"": 947, ""Interrupt_flag"": 0, ""Node_type"": ""DDS75-LB"", ""Sensor_flag"": 1, ""TempC_DS18B20"": 32.76}"
2025-10-12 19:43:40.781935411+00:00,dds75-lb-07,2,-120,-3.75,"{""Bat"": 3.257, ""Distance_mm"": 947, ""Interrupt_flag"": 0, ""Node_type"": ""DDS75-LB"", ""Sensor_flag"": 1, ""TempC_DS18B20"": 32.76}"
2025-10-12 20:43:40.083293069+00:00,dds75-lb-07,2,-39,9.0,"{""Bat"": 3.257, ""Distance_mm"": 947, ""Interrupt_flag"": 0, ""Node_type"": ""DDS75-LB"", ""Sensor_flag"": 1, ""TempC_DS18B20"": 32.76}"
2025-10-12 21:43:39.377532055+00:00,dds75-lb-07,2,-39,9.25,"{""Bat"": 3.257, ""Distance_mm"": 947, ""Interrupt_flag"": 0, ""Node_type"": ""DDS75-LB"", ""Sensor_flag"": 1, ""TempC_DS18B20"": 32.76}"
2025-10-12 22:43:38.685416356+00:00,dds75-lb-07,2,-43,10.0,"{""Bat"": 3.257, ""Distance_mm"": 947, ""Interrupt_flag"": 0, ""Node_type"": ""DDS75-LB"", ""Sensor_flag"": 1, ""TempC_DS18B20"": 32.76}"
2025-10-12 23:43:37.978927472+00:00,dds75-lb-07,2,-39,9.5,"{""Bat"": 3.257, ""Distance_mm"": 946, ""Interrupt_flag"": 0, ""Node_type"": ""DDS75-LB"", ""Sensor_flag"": 1, ""TempC_DS18B20"": 32.76}"
2025-10-13 00:43:37.267233512+00:00,dds75-lb-07,2,-43,10.25,"{""Bat"": 3.257, ""Distance_mm"": 946, ""Interrupt_flag"": 0, ""Node_type"": ""DDS75-LB"", ""Sensor_flag"": 1, ""TempC_DS18B20"": 32.76}"
2025-10-13 01:43:36.566958029+00:00,dds75-lb-07,2,-41,7.25,"{""Bat"": 3.257, ""Distance_mm"": 946, ""Interrupt_flag"": 0, ""Node_type"": ""DDS75-LB"", ""Sensor_flag"": 1, ""TempC_DS18B20"": 32.76}"
2025-10-13 02:43:35.874525243+00:00,dds75-lb-07,2,-41,10.0,"{""Bat"": 3.257, ""Distance_mm"": 946, ""Interrupt_flag"": 0, ""Node_type"": ""DDS75-LB"", ""Sensor_flag"": 1, ""TempC_DS18B20"": 32.76}"
2025-10-13 03:43:35.166584676+00:00,dds75-lb-07,2,-43,9.5,"{""Bat"": 3.257, ""Distance_mm"": 946, ""Interrupt_flag"": 0, ""Node_type"": ""DDS75-LB"", ""Sensor_flag"": 1, ""TempC_DS18B20"": 32.76}"
2025-10-13 04:43:34.467338835+00:00,dds75-lb-07,2,-41,8.0,"{""Bat"": 3.257, ""Distance_mm"": 946, ""Interrupt_flag"": 0, ""Node_type"": ""DDS75-LB"", ""Sensor_flag"": 1, ""TempC_DS18B20"": 32.76}"
2025-10-13 05:43:33.766591159+00:00,dds75-lb-07,2,-42,9.5,"{""Bat"": 3.257, ""Distance_mm"": 946, ""Interrupt_flag"": 0, ""Node_type"": ""DDS75-LB"", ""Sensor_flag"": 1, ""TempC_DS18B20"": 32.76}"
2025-10-13 06:43:33.074698126+00:00,dds75-lb-07,2,-42,8.25,"{""Bat"": 3.257, ""Distance_mm"": 946, ""Interrupt_flag"": 0, ""Node_type"": ""DDS75-LB"", ""Sensor_flag"": 1, ""TempC_DS18B20"": 32.76}"
2025-10-13 07:43:32.441650065+00:00,dds75-lb-07,2,-41,9.0,"{""Bat"": 3.257, ""Distance_mm"": 947, ""Interrupt_flag"": 0, ""Node_type"": ""DDS75-LB"", ""Sensor_flag"": 1, ""TempC_DS18B20"": 32.76}"
2025-10-13 08:43:31.644821992+00:00,dds75-lb-07,2,-41,9.25,"{""Bat"": 3.257, ""Distance_mm"": 947, ""Interrupt_flag"": 0, ""Node_type"": ""DDS75-LB"", ""Sensor_flag"": 1, ""TempC_DS18B20"": 32.76}"
2025-10-13 09:43:30.962049437+00:00,dds75-lb-07,2,-42,10.0,"{""Bat"": 3.257, ""Distance_mm"": 947, ""Interrupt_flag"": 0, ""Node_type"": ""DDS75-LB"", ""Sensor_flag"": 1, ""TempC_DS18B20"": 32.76}"
2025-10-13 10:43:30.260832867+00:00,dds75-lb-07,2,-43,10.0,"{""Bat"": 3.257, ""Distance_mm"": 946, ""Interrupt_flag"": 0, ""Node_type"": ""DDS75-LB"", ""Sensor_flag"": 1, ""TempC_DS18B20"": 32.76}"
2025-10-13 11:43:29.567715362+00:00,dds75-lb-07,2,-42,8.75,"{""Bat"": 3.257, ""Distance_mm"": 946, ""Interrupt_flag"": 0, ""Node_type"": ""DDS75-LB"", ""Sensor_flag"": 1, ""TempC_DS18B20"": 32.76}"
2025-10-13 12:43:28.847444025+00:00,dds75-lb-07,2,-41,9.75,"{""Bat"": 3.257, ""Distance_mm"": 946, ""Interrupt_flag"": 0, ""Node_type"": ""DDS75-LB"", ""Sensor_flag"": 1, ""TempC_DS18B20"": 32.76}"
2025-10-13 13:43:28.164485218+00:00,dds75-lb-07,2,-123,-7.25,"{""Bat"": 3.257, ""Distance_mm"": 947, ""Interrupt_flag"": 0, ""Node_type"": ""DDS75-LB"", ""Sensor_flag"": 1, ""TempC_DS18B20"": 32.76}"
2025-10-13 14:43:27.450105828+00:00,dds75-lb-07,2,-119,-4.75,"{""Bat"": 3.257, ""Distance_mm"": 947, ""Interrupt_flag"": 0, ""Node_type"": ""DDS75-LB"", ""Sensor_flag"": 1, ""TempC_DS18B20"": 32.76}"
2025-10-13 15:43:26.791248285+00:00,dds75-lb-07,2,-117,-7.75,"{""Bat"": 3.257, ""Distance_mm"": 947, ""Interrupt_flag"": 0, ""Node_type"": ""DDS75-LB"", ""Sensor_flag"": 1, ""TempC_DS18B20"": 32.76}"
2025-10-13 16:43:26.041051977+00:00,dds75-lb-07,2,-43,9.0,"{""Bat"": 3.257, ""Distance_mm"": 947, ""Interrupt_flag"": 0, ""Node_type"": ""DDS75-LB"", ""Sensor_flag"": 1, ""TempC_DS18B20"": 32.76}"
2025-10-13 17:43:25.364207150+00:00,dds75-lb-07,2,-43,10.25,"{""Bat"": 3.257, ""Distance_mm"": 947, ""Interrupt_flag"": 0, ""Node_type"": ""DDS75-LB"", ""Sensor_flag"": 1, ""TempC_DS18B20"": 32.76}"
2025-10-13 18:43:24.632212761+00:00,dds75-lb-07,2,-39,10.25,"{""Bat"": 3.257, ""Distance_mm"": 947, ""Interrupt_flag"": 0, ""Node_type"": ""DDS75-LB"", ""Sensor_flag"": 1, ""TempC_DS18B20"": 32.76}"
2025-10-13 19:43:23.936744342+00:00,dds75-lb-07,2,-43,9.5,"{""Bat"": 3.257, ""Distance_mm"": 946, ""Interrupt_flag"": 0, ""Node_type"": ""DDS75-LB"", ""Sensor_flag"": 1, ""TempC_DS18B20"": 32.76}"
2025-10-13 20:43:23.225610857+00:00,dds75-lb-07,2,-123,-7.0,"{""Bat"": 3.257, ""Distance_mm"": 951, ""Interrupt_flag"": 0, ""Node_type"": ""DDS75-LB"", ""Sensor_flag"": 1, ""TempC_DS18B20"": 32.76}"
2025-10-13 21:43:22.508477170+00:00,dds75-lb-07,2,-121,-5.75,"{""Bat"": 3.257, ""Distance_mm"": 951, ""Interrupt_flag"": 0, ""Node_type"": ""DDS75-LB"", ""Sensor_flag"": 1, ""TempC_DS18B20"": 32.76}"
2025-10-13 22:43:21.838106009+00:00,dds75-lb-07,2,-122,-7.5,"{""Bat"": 3.257, ""Distance_mm"": 951, ""Interrupt_flag"": 0, ""Node_type"": ""DDS75-LB"", ""Sensor_flag"": 1, ""TempC_DS18B20"": 32.76}"
2025-10-13 23:43:21.123653733+00:00,dds75-lb-07,2,-44,10.25,"{""Bat"": 3.257, ""Distance_mm"": 951, ""Interrupt_flag"": 0, ""Node_type"": ""DDS75-LB"", ""Sensor_flag"": 1, ""TempC_DS18B20"": 32.76}"
2025-10-14 00:43:20.435858894+00:00,dds75-lb-07,2,-44,9.25,"{""Bat"": 3.257, ""Distance_mm"": 951, ""Interrupt_flag"": 0, ""Node_type"": ""DDS75-LB"", ""Sensor_flag"": 1, ""TempC_DS18B20"": 32.76}"
2025-10-14 01:43:19.717687650+00:00,dds75-lb-07,2,-44,8.0,"{""Bat"": 3.257, ""Distance_mm"": 951, ""Interrupt_flag"": 0, ""Node_type"": ""DDS75-LB"", ""Sensor_flag"": 1, ""TempC_DS18B20"": 32.76}"
2025-10-14 02:43:19.006268570+00:00,dds75-lb-07,2,-45,9.5,"{""Bat"": 3.257, ""Distance_mm"": 951, ""Interrupt_flag"": 0, ""Node_type"": ""DDS75-LB"", ""Sensor_flag"": 1, ""TempC_DS18B20"": 32.76}"
2025-10-14 03:43:18.301628025+00:00,dds75-lb-07,2,-124,-8.5,"{""Bat"": 3.257, ""Distance_mm"": 950, ""Interrupt_flag"": 0, ""Node_type"": ""DDS75-LB"", ""Sensor_flag"": 1, ""TempC_DS18B20"": 32.76}"
2025-10-14 04:43:17.616390227+00:00,dds75-lb-07,2,-43,9.5,"{""Bat"": 3.257, ""Distance_mm"": 949, ""Interrupt_flag"": 0, ""Node_type"": ""DDS75-LB"", ""Sensor_flag"": 1, ""TempC_DS18B20"": 32.76}"
2025-10-14 05:43:16.895661451+00:00,dds75-lb-07,2,-119,-7.75,"{""Bat"": 3.257, ""Distance_mm"": 947, ""Interrupt_flag"": 0, ""Node_type"": ""DDS75-LB"", ""Sensor_flag"": 1, ""TempC_DS18B20"": 32.76}"
2025-10-14 06:43:16.202113567+00:00,dds75-lb-07,2,-45,9.75,"{""Bat"": 3.257, ""Distance_mm"": 946, ""Interrupt_flag"": 0, ""Node_type"": ""DDS75-LB"", ""Sensor_flag"": 1, ""TempC_DS18B20"": 32.76}"
2025-10-14 07:43:15.498522417+00:00,dds75-lb-07,2,-44,9.75,"{""Bat"": 3.257, ""Distance_mm"": 947, ""Interrupt_flag"": 0, ""Node_type"": ""DDS75-LB"", ""Sensor_flag"": 1, ""TempC_DS18B20"": 32.76}"
2025-10-14 08:43:14.815043785+00:00,dds75-lb-07,2,-45,9.0,"{""Bat"": 3.257, ""Distance_mm"": 947, ""Interrupt_flag"": 0, ""Node_type"": ""DDS75-LB"", ""Sensor_flag"": 1, ""TempC_DS18B20"": 32.76}"
2025-10-14 09:43:14.103538098+00:00,dds75-lb-07,2,-44,9.5,"{""Bat"": 3.257, ""Distance_mm"": 947, ""Interrupt_flag"": 0, ""Node_type"": ""DDS75-LB"", ""Sensor_flag"": 1, ""TempC_DS18B20"": 32.76}"
2025-10-14 10:43:13.398015149+00:00,dds75-lb-07,2,-42,9.5,"{""Bat"": 3.257, ""Distance_mm"": 947, ""Interrupt_flag"": 0, ""Node_type"": ""DDS75-LB"", ""Sensor_flag"": 1, ""TempC_DS18B20"": 32.76}"
2025-10-14 11:43:12.679092831+00:00,dds75-lb-07,2,-45,9.75,"{""Bat"": 3.257, ""Distance_mm"": 947, ""Interrupt_flag"": 0, ""Node_type"": ""DDS75-LB"", ""Sensor_flag"": 1, ""TempC_DS18B20"": 32.76}"
2025-10-14 12:43:11.968826304+00:00,dds75-lb-07,2,-42,7.0,"{""Bat"": 3.257, ""Distance_mm"": 947, ""Interrupt_flag"": 0, ""Node_type"": ""DDS75-LB"", ""Sensor_flag"": 1, ""TempC_DS18B20"": 32.76}"
2025-10-14 13:43:11.288600264+00:00,dds75-lb-07,2,-43,6.5,"{""Bat"": 3.257, ""Distance_mm"": 947, ""Interrupt_flag"": 0, ""Node_type"": ""DDS75-LB"", ""Sensor_flag"": 1, ""TempC_DS18B20"": 32.76}"
2025-10-14 14:43:10.745261127+00:00,dds75-lb-07,2,-45,7.25,"{""Bat"": 3.257, ""Distance_mm"": 947, ""Interrupt_flag"": 0, ""Node_type"": ""DDS75-LB"", ""Sensor_flag"": 1, ""TempC_DS18B20"": 32.76}"
2025-10-14 15:43:09.870091521+00:00,dds75-lb-07,2,-45,10.25,"{""Bat"": 3.257, ""Distance_mm"": 948, ""Interrupt_flag"": 0, ""Node_type"": ""DDS75-LB"", ""Sensor_flag"": 1, ""TempC_DS18B20"": 32.76}"
2025-10-14 16:43:09.162147437+00:00,dds75-lb-07,2,-45,9.5,"{""Bat"": 3.257, ""Distance_mm"": 947, ""Interrupt_flag"": 0, ""Node_type"": ""DDS75-LB"", ""Sensor_flag"": 1, ""TempC_DS18B20"": 32.76}"
2025-10-14 17:43:08.448382005+00:00,dds75-lb-07,2,-45,9.0,"{""Bat"": 3.257, ""Distance_mm"": 947, ""Interrupt_flag"": 0, ""Node_type"": ""DDS75-LB"", ""Sensor_flag"": 1, ""TempC_DS18B20"": 32.76}"
2025-10-14 18:43:07.747104407+00:00,dds75-lb-07,2,-42,8.5,"{""Bat"": 3.257, ""Distance_mm"": 947, ""Interrupt_flag"": 0, ""Node_type"": ""DDS75-LB"", ""Sensor_flag"": 1, ""TempC_DS18B20"": 32.76}"
2025-10-14 19:43:07.047803777+00:00,dds75-lb-07,2,-47,8.5,"{""Bat"": 3.257, ""Distance_mm"": 949, ""Interrupt_flag"": 0, ""Node_type"": ""DDS75-LB"", ""Sensor_flag"": 1, ""TempC_DS18B20"": 32.76}"
2025-10-14 20:43:06.362136787+00:00,dds75-lb-07,2,-122,-5.5,"{""Bat"": 3.257, ""Distance_mm"": 951, ""Interrupt_flag"": 0, ""Node_type"": ""DDS75-LB"", ""Sensor_flag"": 1, ""TempC_DS18B20"": 32.76}"
2025-10-14 21:43:05.629970486+00:00,dds75-lb-07,2,-45,9.0,"{""Bat"": 3.257, ""Distance_mm"": 951, ""Interrupt_flag"": 0, ""Node_type"": ""DDS75-LB"", ""Sensor_flag"": 1, ""TempC_DS18B20"": 32.76}"
2025-10-14 22:43:04.921385111+00:00,dds75-lb-07,2,-47,7.25,"{""Bat"": 3.257, ""Distance_mm"": 951, ""Interrupt_flag"": 0, ""Node_type"": ""DDS75-LB"", ""Sensor_flag"": 1, ""TempC_DS18B20"": 32.76}"
2025-10-14 23:43:04.221060150+00:00,dds75-lb-07,2,-47,9.0,"{""Bat"": 3.257, ""Distance_mm"": 951, ""Interrupt_flag"": 0, ""Node_type"": ""DDS75-LB"", ""Sensor_flag"": 1, ""TempC_DS18B20"": 32.76}"
2025-10-15 00:43:03.545950053+00:00,dds75-lb-07,2,-125,-9.25,"{""Bat"": 3.257, ""Distance_mm"": 951, ""Interrupt_flag"": 0, ""Node_type"": ""DDS75-LB"", ""Sensor_flag"": 1, ""TempC_DS18B20"": 32.76}"
2025-10-15 01:43:02.836327645+00:00,dds75-lb-07,2,-47,7.25,"{""Bat"": 3.257, ""Distance_mm"": 951, ""Interrupt_flag"": 0, ""Node_type"": ""DDS75-LB"", ""Sensor_flag"": 1, ""TempC_DS18B20"": 32.76}"
2025-10-15 02:43:02.117400946+00:00,dds75-lb-07,2,-45,9.75,"{""Bat"": 3.257, ""Distance_mm"": 951, ""Interrupt_flag"": 0, ""Node_type"": ""DDS75-LB"", ""Sensor_flag"": 1, ""TempC_DS18B20"": 32.76}"
2025-10-15 03:43:01.420604368+00:00,dds75-lb-07,2,-44,9.0,"{""Bat"": 3.257, ""Distance_mm"": 951, ""Interrupt_flag"": 0, ""Node_type"": ""DDS75-LB"", ""Sensor_flag"": 1, ""TempC_DS18B20"": 32.76}"
2025-10-15 04:43:00.722031253+00:00,dds75-lb-07,2,-45,9.25,"{""Bat"": 3.257, ""Distance_mm"": 948, ""Interrupt_flag"": 0, ""Node_type"": ""DDS75-LB"", ""Sensor_flag"": 1, ""TempC_DS18B20"": 32.76}"
2025-10-15 05:43:00.002352484+00:00,dds75-lb-07,2,-44,8.75,"{""Bat"": 3.257, ""Distance_mm"": 947, ""Interrupt_flag"": 0, ""Node_type"": ""DDS75-LB"", ""Sensor_flag"": 1, ""TempC_DS18B20"": 32.76}"
2025-10-15 06:42:59.314832259+00:00,dds75-lb-07,2,-47,7.75,"{""Bat"": 3.257, ""Distance_mm"": 947, ""Interrupt_flag"": 0, ""Node_type"": ""DDS75-LB"", ""Sensor_flag"": 1, ""TempC_DS18B20"": 32.76}"
2025-10-15 07:42:58.616150529+00:00,dds75-lb-07,2,-45,10.25,"{""Bat"": 3.257, ""Distance_mm"": 947, ""Interrupt_flag"": 0, ""Node_type"": ""DDS75-LB"", ""Sensor_flag"": 1, ""TempC_DS18B20"": 32.76}"
2025-10-15 08:42:57.894063393+00:00,dds75-lb-07,2,-47,9.0,"{""Bat"": 3.257, ""Distance_mm"": 947, ""Interrupt_flag"": 0, ""Node_type"": ""DDS75-LB"", ""Sensor_flag"": 1, ""TempC_DS18B20"": 32.76}"
