received_at,device_id,f_port,rssi,snr,payload_json
2025-09-18 00:11:06.569619982+00:00,ps-lb-18,2,-119,-2.75,"{""Bat_V"": 3.63, ""Exti_pin_level"": ""Low"", ""Exti_status"": ""False"", ""IDC_intput_mA"": 5.614, ""IN1_pin_level"": ""Low"", ""IN2_pin_level"": ""Low"", ""Node_type"": ""PS-LB"", ""Probe_mod"": 0, ""VDC_intput_V"": 0, ""Water_deep_cm"": 0}"
2025-09-18 00:31:06.322823640+00:00,ps-lb-18,2,-36,9.25,"{""Bat_V"": 3.624, ""Exti_pin_level"": ""Low"", ""Exti_status"": ""False"", ""IDC_intput_mA"": 5.614, ""IN1_pin_level"": ""Low"", ""IN2_pin_level"": ""Low"", ""Node_type"": ""PS-LB"", ""Probe_mod"": 0, ""VDC_intput_V"": 0, ""Water_deep_cm"": 0}"
2025-09-18 00:51:06.085683121+00:00,ps-lb-18,2,-123,-7.5,"{""Bat_V"": 3.624, ""Exti_pin_level"": ""Low"", ""Exti_status"": ""False"", ""IDC_intput_mA"": 5.614, ""IN1_pin_level"": ""Low"", ""IN2_pin_level"": ""Low"", ""Node_type"": ""PS-LB"", ""Probe_mod"": 0, ""VDC_intput_V"": 0, ""Water_deep_cm"": 0}"
2025-09-18 01:11:05.849150758+00:00,ps-lb-18,2,-33,8.75,"{""Bat_V"": 3.624, ""Exti_pin_level"": ""Low"", ""Exti_status"": ""False"", ""IDC_intput_mA"": 5.613, ""IN1_pin_level"": ""Low"", ""IN2_pin_level"": ""Low"", ""Node_type"": ""PS-LB"", ""Probe_mod"": 0, ""VDC_intput_V"": 0, ""Water_deep_cm"": 0}"
2025-09-18 01:31:05.580960565+00:00,ps-lb-18,2,-35,7.0,"{""Bat_V"": 3.624, ""Exti_pin_level"": ""Low"", ""Exti_status"": ""False"", ""IDC_intput_mA"": 5.613, ""IN1_pin_level"": ""Low"", ""IN2_pin_level"": ""Low"", ""Node_type"": ""PS-LB"", ""Probe_mod"": 0, ""VDC_intput_V"": 0, ""Water_deep_cm"": 0}"
2025-09-18 01:51:05.339909670+00:00,ps-lb-18,2,-33,9.75,"{""Bat_V"": 3.63, ""Exti_pin_level"": ""Low"", ""Exti_status"": ""False"", ""IDC_intput_mA"": 5.613, ""IN1_pin_level"": ""Low"", ""IN2_pin_level"": ""Low"", ""Node_type"": ""PS-LB"", ""Probe_mod"": 0, ""VDC_intput_V"": 0, ""Water_deep_cm"": 0}"
2025-09-18 02:11:05.124330894+00:00,ps-lb-18,2,-33,9.5,"{""Bat_V"": 3.63, ""Exti_pin_level"": ""Low"", ""Exti_status"": ""False"", ""IDC_intput_mA"": 5.613, ""IN1_pin_level"": ""Low"", ""IN2_pin_level"": ""Low"", ""Node_type"": ""PS-LB"", ""Probe_mod"": 0, ""VDC_intput_V"": 0, ""Water_deep_cm"": 0}"
2025-09-18 02:31:04.861978328+00:00,ps-lb-18,2,-33,7.25,"{""Bat_V"": 3.63, ""Exti_pin_level"": ""Low"", ""Exti_status"": ""False"", ""IDC_intput_mA"": 5.612, ""IN1_pin_level"": ""Low"", ""IN2_pin_level"": ""Low"", ""Node_type"": ""PS-LB"", ""Probe_mod"": 0, ""VDC_intput_V"": 0, ""Water_deep_cm"": 0}"
2025-09-18 02:51:04.627207467+00:00,ps-lb-18,2,-114,2.25,"{""Bat_V"": 3.624, ""Exti_pin_level"": ""Low"", ""Exti_status"": ""False"", ""IDC_intput_mA"": 5.612, ""IN1_pin_level"": ""Low"", ""IN2_pin_level"": ""Low"", ""Node_type"": ""PS-LB"", ""Probe_mod"": 0, ""VDC_intput_V"": 0, ""Water_deep_cm"": 0}"
2025-09-18 03:11:04.406386609+00:00,ps-lb-18,2,-33,10.25,"{""Bat_V"": 3.63, ""Exti_pin_level"": ""Low"", ""Exti_status"": ""False"", ""IDC_intput_mA"": 5.612, ""IN1_pin_level"": ""Low"", ""IN2_pin_level"": ""Low"", ""Node_type"": ""PS-LB"", ""Probe_mod"": 0, ""VDC_intput_V"": 0, ""Water_deep_cm"": 0}"
2025-09-18 03:31:04.145581+00:00,ps-lb-18,2,-33,11.0,"{""Bat_V"": 3.624, ""Exti_pin_level"": ""Low"", ""Exti_status"": ""False"", ""IDC_intput_mA"": 5.611, ""IN1_pin_level"": ""Low"", ""IN2_pin_level"": ""Low"", ""Node_type"": ""PS-LB"", ""Probe_mod"": 0, ""VDC_intput_V"": 0, ""Water_deep_cm"": 0}"
2025-09-18 03:51:03.917024567+00:00,ps-lb-18,2,-33,10.75,"{""Bat_V"": 3.624, ""Exti_pin_level"": ""Low"", ""Exti_status"": ""False"", ""IDC_intput_mA"": 5.611, ""IN1_pin_level"": ""Low"", ""IN2_pin_level"": ""Low"", ""Node_type"": ""PS-LB"", ""Probe_mod"": 0, ""VDC_intput_V"": 0, ""Water_deep_cm"": 0}"
2025-09-18 04:11:03.655027281+00:00,ps-lb-18,2,-31,7.75,"{""Bat_V"": 3.624, ""Exti_pin_level"": ""Low"", ""Exti_status"": ""False"", ""IDC_intput_mA"": 5.611, ""IN1_pin_level"": ""Low"", ""IN2_pin_level"": ""Low"", ""Node_type"": ""PS-LB"", ""Probe_mod"": 0, ""VDC_intput_V"": 0, ""Water_deep_cm"": 0}"
2025-09-18 04:31:03.428311565+00:00,ps-lb-18,2,-120,-6.25,"{""Bat_V"": 3.624, ""Exti_pin_level"": ""Low"", ""Exti_status"": ""False"", ""IDC_intput_mA"": 5.611, ""IN1_pin_level"": ""Low"", ""IN2_pin_level"": ""Low"", ""Node_type"": ""PS-LB"", ""Probe_mod"": 0, ""VDC_intput_V"": 0, ""Water_deep_cm"": 0}"
2025-09-18 04:51:03.187870748+00:00,ps-lb-18,2,-35,9.5,"{""Bat_V"": 3.63, ""Exti_pin_level"": ""Low"", ""Exti_status"": ""False"", ""IDC_intput_mA"": 5.611, ""IN1_pin_level"": ""Low"", ""IN2_pin_level"": ""Low"", ""Node_type"": ""PS-LB"", ""Probe_mod"": 0, ""VDC_intput_V"": 0, ""Water_deep_cm"": 0}"
2025-09-18 05:11:02.947179478+00:00,ps-lb-18,2,-32,9.5,"{""Bat_V"": 3.624, ""Exti_pin_level"": ""Low"", ""Exti_status"": ""False"", ""IDC_intput_mA"": 5.61, ""IN1_pin_level"": ""Low"", ""IN2_pin_level"": ""Low"", ""Node_type"": ""PS-LB"", ""Probe_mod"": 0, ""VDC_intput_V"": 0, ""Water_deep_cm"": 0}"
2025-09-18 05:31:02.680247679+00:00,ps-lb-18,2,-27,10.0,"{""Bat_V"": 3.624, ""Exti_pin_level"": ""Low"", ""Exti_status"": ""False"", ""IDC_intput_mA"": 5.609, ""IN1_pin_level"": ""Low"", ""IN2_pin_level"": ""Low"", ""Node_type"": ""PS-LB"", ""Probe_mod"": 0, ""VDC_intput_V"": 0, ""Water_deep_cm"": 0}"
2025-09-18 05:51:02.451868757+00:00,ps-lb-18,2,-28,10.0,"{""Bat_V"": 3.624, ""Exti_pin_level"": ""Low"", ""Exti_status"": ""False"", ""IDC_intput_mA"": 5.609, ""IN1_pin_level"": ""Low"", ""IN2_pin_level"": ""Low"", ""Node_type"": ""PS-LB"", ""Probe_mod"": 0, ""VDC_intput_V"": 0, ""Water_deep_cm"": 0}"
2025-09-18 06:11:02.190198274+00:00,ps-lb-18,2,-116,-0.25,"{""Bat_V"": 3.624, ""Exti_pin_level"": ""Low"", ""Exti_status"": ""False"", ""IDC_intput_mA"": 5.609, ""IN1_pin_level"": ""Low"", ""IN2_pin_level"": ""Low"", ""Node_type"": ""PS-LB"", ""Probe_mod"": 0, ""VDC_intput_V"": 0, ""Water_deep_cm"": 0}"
2025-09-18 06:31:01.959714195+00:00,ps-lb-18,2,-112,3.25,"{""Bat_V"": 3.624, ""Exti_pin_level"": ""Low"", ""Exti_status"": ""False"", ""IDC_intput_mA"": 5.609, ""IN1_pin_level"": ""Low"", ""IN2_pin_level"": ""Low"", ""Node_type"": ""PS-LB"", ""Probe_mod"": 0, ""VDC_intput_V"": 0, ""Water_deep_cm"": 0}"
2025-09-18 06:51:01.730257400+00:00,ps-lb-18,2,-31,10.75,"{""Bat_V"": 3.624, ""Exti_pin_level"": ""Low"", ""Exti_status"": ""False"", ""IDC_intput_mA"": 5.609, ""IN1_pin_level"": ""Low"", ""IN2_pin_level"": ""Low"", ""Node_type"": ""PS-LB"", ""Probe_mod"": 0, ""VDC_intput_V"": 0, ""Water_deep_cm"": 0}"
2025-09-18 06:52:08.799431507+00:00,ps-lb-18,2,-29,10.0,"{""Bat_V"": 3.624, ""Exti_pin_level"": ""Low"", ""Exti_status"": ""False"", ""IDC_intput_mA"": 5.609, ""IN1_pin_level"": ""Low"", ""IN2_pin_level"": ""Low"", ""Node_type"": ""PS-LB"", ""Probe_mod"": 0, ""VDC_intput_V"": 0, ""Water_deep_cm"": 0}"
2025-09-18 06:53:08.779177107+00:00,ps-lb-18,2,-30,9.75,"{""Bat_V"": 3.624, ""Exti_pin_level"": ""Low"", ""Exti_status"": ""False"", ""IDC_intput_mA"": 5.609, ""IN1_pin_level"": ""Low"", ""IN2_pin_level"": ""Low"", ""Node_type"": ""PS-LB"", ""Probe_mod"": 0, ""VDC_intput_V"": 0, ""Water_deep_cm"": 20.113}"
2025-09-18 06:55:13.828584173+00:00,ps-lb-18,2,-31,9.75,"{""Bat_V"": 3.624, ""Exti_pin_level"": ""Low"", ""Exti_status"": ""False"", ""IDC_intput_mA"": 5.609, ""IN1_pin_level"": ""Low"", ""IN2_pin_level"": ""Low"", ""Node_type"": ""PS-LB"", ""Probe_mod"": 0, ""VDC_intput_V"": 0, ""Water_deep_cm"": 20.113}"
2025-09-18 06:57:13.771877996+00:00,ps-lb-18,2,-32,10.0,"{""Bat_V"": 3.624, ""Exti_pin_level"": ""Low"", ""Exti_status"": ""False"", ""IDC_intput_mA"": 5.609, ""IN1_pin_level"": ""Low"", ""IN2_pin_level"": ""Low"", ""Node_type"": ""PS-LB"", ""Probe_mod"": 0, ""VDC_intput_V"": 0, ""Water_deep_cm"": 20.113}"
2025-09-18 06:59:13.771248280+00:00,ps-lb-18,2,-33,10.75,"{""Bat_V"": 3.618, ""Exti_pin_level"": ""Low"", ""Exti_status"": ""False"", ""IDC_intput_mA"": 5.609, ""IN1_pin_level"": ""Low"", ""IN2_pin_level"": ""Low"", ""Node_type"": ""PS-LB"", ""Probe_mod"": 0, ""VDC_intput_V"": 0, ""Water_deep_cm"": 20.113}"
2025-09-18 07:01:13.741750662+00:00,ps-lb-18,2,-31,9.75,"{""Bat_V"": 3.612, ""Exti_pin_level"": ""Low"", ""Exti_status"": ""False"", ""IDC_intput_mA"": 5.609, ""IN1_pin_level"": ""Low"", ""IN2_pin_level"": ""Low"", ""Node_type"": ""PS-LB"", ""Probe_mod"": 0, ""VDC_intput_V"": 0, ""Water_deep_cm"": 20.113}"
2025-09-18 07:03:13.701386497+00:00,ps-lb-18,2,-28,9.25,"{""Bat_V"": 3.612, ""Exti_pin_level"": ""Low"", ""Exti_status"": ""False"", ""IDC_intput_mA"": 5.609, ""IN1_pin_level"": ""Low"", ""IN2_pin_level"": ""Low"", ""Node_type"": ""PS-LB"", ""Probe_mod"": 0, ""VDC_intput_V"": 0, ""Water_deep_cm"": 20.113}"
2025-09-18 07:05:13.688642518+00:00,ps-lb-18,2,-31,7.0,"{""Bat_V"": 3.612, ""Exti_pin_level"": ""Low"", ""Exti_status"": ""False"", ""IDC_intput_mA"": 5.609, ""IN1_pin_level"": ""Low"", ""IN2_pin_level"": ""Low"", ""Node_type"": ""PS-LB"", ""Probe_mod"": 0, ""VDC_intput_V"": 0, ""Water_deep_cm"": 20.113}"
2025-09-18 07:07:13.662622918+00:00,ps-lb-18,2,-29,8.75,"{""Bat_V"": 3.612, ""Exti_pin_level"": ""Low"", ""Exti_status"": ""False"", ""IDC_intput_mA"": 5.61, ""IN1_pin_level"": ""Low"", ""IN2_pin_level"": ""Low"", ""Node_type"": ""PS-LB"", ""Probe_mod"": 0, ""VDC_intput_V"": 0, ""Water_deep_cm"": 20.125}"
2025-09-18 07:09:13.659235927+00:00,ps-lb-18,2,-32,10.0,"{""Bat_V"": 3.606, ""Exti_pin_level"": ""Low"", ""Exti_status"": ""False"", ""IDC_intput_mA"": 5.609, ""IN1_pin_level"": ""Low"", ""IN2_pin_level"": ""Low"", ""Node_type"": ""PS-LB"", ""Probe_mod"": 0, ""VDC_intput_V"": 0, ""Water_deep_cm"": 20.113}"
2025-09-18 07:11:13.622404658+00:00,ps-lb-18,2,-38,8.0,"{""Bat_V"": 3.606, ""Exti_pin_level"": ""Low"", ""Exti_status"": ""False"", ""IDC_intput_mA"": 5.609, ""IN1_pin_level"": ""Low"", ""IN2_pin_level"": ""Low"", ""Node_type"": ""PS-LB"", ""Probe_mod"": 0, ""VDC_intput_V"": 0, ""Water_deep_cm"": 20.113}"
2025-09-18 07:13:13.602050596+00:00,ps-lb-18,2,-30,9.75,"{""Bat_V"": 3.606, ""Exti_pin_level"": ""Low"", ""Exti_status"": ""False"", ""IDC_intput_mA"": 5.609, ""IN1_pin_level"": ""Low"", ""IN2_pin_level"": ""Low"", ""Node_type"": ""PS-LB"", ""Probe_mod"": 0, ""VDC_intput_V"": 0, ""Water_deep_cm"": 20.113}"
2025-09-18 07:15:13.591469456+00:00,ps-lb-18,2,-114,1.5,"{""Bat_V"": 3.6, ""Exti_pin_level"": ""Low"", ""Exti_status"": ""False"", ""IDC_intput_mA"": 5.609, ""IN1_pin_level"": ""Low"", ""IN2_pin_level"": ""Low"", ""Node_type"": ""PS-LB"", ""Probe_mod"": 0, ""VDC_intput_V"": 0, ""Water_deep_cm"": 20.113}"
2025-09-18 07:17:13.541685846+00:00,ps-lb-18,2,-117,-1.0,"{""Bat_V"": 3.6, ""Exti_pin_level"": ""Low"", ""Exti_status"": ""False"", ""IDC_intput_mA"": 5.609, ""IN1_pin_level"": ""Low"", ""IN2_pin_level"": ""Low"", ""Node_type"": ""PS-LB"", ""Probe_mod"": 0, ""VDC_intput_V"": 0, ""Water_deep_cm"": 20.113}"
2025-09-18 07:19:13.526199422+00:00,ps-lb-18,2,-31,7.25,"{""Bat_V"": 3.6, ""Exti_pin_level"": ""Low"", ""Exti_status"": ""False"", ""IDC_intput_mA"": 5.61, ""IN1_pin_level"": ""Low"", ""IN2_pin_level"": ""Low"", ""Node_type"": ""PS-LB"", ""Probe_mod"": 0, ""VDC_intput_V"": 0, ""Water_deep_cm"": 20.125}"
2025-09-18 07:21:13.509271887+00:00,ps-lb-18,2,-38,7.5,"{""Bat_V"": 3.6, ""Exti_pin_level"": ""Low"", ""Exti_status"": ""False"", ""IDC_intput_mA"": 5.61, ""IN1_pin_level"": ""Low"", ""IN2_pin_level"": ""Low"", ""Node_type"": ""PS-LB"", ""Probe_mod"": 0, ""VDC_intput_V"": 0, ""Water_deep_cm"": 20.125}"
2025-09-18 07:23:13.499804417+00:00,ps-lb-18,2,-31,9.5,"{""Bat_V"": 3.6, ""Exti_pin_level"": ""Low"", ""Exti_status"": ""False"", ""IDC_intput_mA"": 5.609, ""IN1_pin_level"": ""Low"", ""IN2_pin_level"": ""Low"", ""Node_type"": ""PS-LB"", ""Probe_mod"": 0, ""VDC_intput_V"": 0, ""Water_deep_cm"": 20.113}"
2025-09-18 07:25:13.458718910+00:00,ps-lb-18,2,-30,8.5,"{""Bat_V"": 3.594, ""Exti_pin_level"": ""Low"", ""Exti_status"": ""False"", ""IDC_intput_mA"": 5.609, ""IN1_pin_level"": ""Low"", ""IN2_pin_level"": ""Low"", ""Node_type"": ""PS-LB"", ""Probe_mod"": 0, ""VDC_intput_V"": 0, ""Water_deep_cm"": 20.113}"
2025-09-18 07:27:13.448667412+00:00,ps-lb-18,2,-30,9.25,"{""Bat_V"": 3.594, ""Exti_pin_level"": ""Low"", ""Exti_status"": ""False"", ""IDC_intput_mA"": 5.609, ""IN1_pin_level"": ""Low"", ""IN2_pin_level"": ""Low"", ""Node_type"": ""PS-LB"", ""Probe_mod"": 0, ""VDC_intput_V"": 0, ""Water_deep_cm"": 20.113}"
2025-09-18 07:29:13.437775215+00:00,ps-lb-18,2,-118,-2.25,"{""Bat_V"": 3.594, ""Exti_pin_level"": ""Low"", ""Exti_status"": ""False"", ""IDC_intput_mA"": 5.609, ""IN1_pin_level"": ""Low"", ""IN2_pin_level"": ""Low"", ""Node_type"": ""PS-LB"", ""Probe_mod"": 0, ""VDC_intput_V"": 0, ""Water_deep_cm"": 20.113}"
2025-09-18 07:31:13.410938130+00:00,ps-lb-18,2,-33,10.0,"{""Bat_V"": 3.588, ""Exti_pin_level"": ""Low"", ""Exti_status"": ""False"", ""IDC_intput_mA"": 5.609, ""IN1_pin_level"": ""Low"", ""IN2_pin_level"": ""Low"", ""Node_type"": ""PS-LB"", ""Probe_mod"": 0, ""VDC_intput_V"": 0, ""Water_deep_cm"": 20.113}"
2025-09-18 07:33:13.377457628+00:00,ps-lb-18,2,-31,7.0,"{""Bat_V"": 3.588, ""Exti_pin_level"": ""Low"", ""Exti_status"": ""False"", ""IDC_intput_mA"": 5.61, ""IN1_pin_level"": ""Low"", ""IN2_pin_level"": ""Low"", ""Node_type"": ""PS-LB"", ""Probe_mod"": 0, ""VDC_intput_V"": 0, ""Water_deep_cm"": 20.125}"
2025-09-18 07:35:13.377602988+00:00,ps-lb-18,2,-30,9.25,"{""Bat_V"": 3.588, ""Exti_pin_level"": ""Low"", ""Exti_status"": ""False"", ""IDC_intput_mA"": 5.609, ""IN1_pin_level"": ""Low"", ""IN2_pin_level"": ""Low"", ""Node_type"": ""PS-LB"", ""Probe_mod"": 0, ""VDC_intput_V"": 0, ""Water_deep_cm"": 20.113}"
2025-09-18 07:37:13.341677105+00:00,ps-lb-18,2,-33,9.5,"{""Bat_V"": 3.588, ""Exti_pin_level"": ""Low"", ""Exti_status"": ""False"", ""IDC_intput_mA"": 5.609, ""IN1_pin_level"": ""Low"", ""IN2_pin_level"": ""Low"", ""Node_type"": ""PS-LB"", ""Probe_mod"": 0, ""VDC_intput_V"": 0, ""Water_deep_cm"": 20.113}"
2025-09-18 07:39:13.314567632+00:00,ps-lb-18,2,-33,9.75,"{""Bat_V"": 3.588, ""Exti_pin_level"": ""Low"", ""Exti_status"": ""False"", ""IDC_intput_mA"": 5.609, ""IN1_pin_level"": ""Low"", ""IN2_pin_level"": ""Low"", ""Node_type"": ""PS-LB"", ""Probe_mod"": 0, ""VDC_intput_V"": 0, ""Water_deep_cm"": 20.113}"
2025-09-18 07:41:13.292846503+00:00,ps-lb-18,2,-35,9.75,"{""Bat_V"": 3.588, ""Exti_pin_level"": ""Low"", ""Exti_status"": ""False"", ""IDC_intput_mA"": 5.609, ""IN1_pin_level"": ""Low"", ""IN2_pin_level"": ""Low"", ""Node_type"": ""PS-LB"", ""Probe_mod"": 0, ""VDC_intput_V"": 0, ""Water_deep_cm"": 20.113}"
2025-09-18 07:43:13.259531343+00:00,ps-lb-18,2,-33,9.75,"{""Bat_V"": 3.582, ""Exti_pin_level"": ""Low"", ""Exti_status"": ""False"", ""IDC_intput_mA"": 5.609, ""IN1_pin_level"": ""Low"", ""IN2_pin_level"": ""Low"", ""Node_type"": ""PS-LB"", ""Probe_mod"": 0, ""VDC_intput_V"": 0, ""Water_deep_cm"": 20.113}"
2025-09-18 07:45:13.260138189+00:00,ps-lb-18,2,-32,10.25,"{""Bat_V"": 3.582, ""Exti_pin_level"": ""Low"", ""Exti_status"": ""False"", ""IDC_intput_mA"": 5.609, ""IN1_pin_level"": ""Low"", ""IN2_pin_level"": ""Low"", ""Node_type"": ""PS-LB"", ""Probe_mod"": 0, ""VDC_intput_V"": 0, ""Water_deep_cm"": 20.113}"
2025-09-18 07:47:13.247253538+00:00,ps-lb-18,2,-121,-5.25,"{""Bat_V"": 3.582, ""Exti_pin_level"": ""Low"", ""Exti_status"": ""False"", ""IDC_intput_mA"": 5.609, ""IN1_pin_level"": ""Low"", ""IN2_pin_level"": ""Low"", ""Node_type"": ""PS-LB"", ""Probe_mod"": 0, ""VDC_intput_V"": 0, ""Water_deep_cm"": 20.113}"
2025-09-18 07:49:13.223060713+00:00,ps-lb-18,2,-31,8.5,"{""Bat_V"": 3.582, ""Exti_pin_level"": ""Low"", ""Exti_status"": ""False"", ""IDC_intput_mA"": 5.609, ""IN1_pin_level"": ""Low"", ""IN2_pin_level"": ""Low"", ""Node_type"": ""PS-LB"", ""Probe_mod"": 0, ""VDC_intput_V"": 0, ""Water_deep_cm"": 20.113}"
2025-09-18 07:51:13.190445563+00:00,ps-lb-18,2,-33,9.0,"{""Bat_V"": 3.576, ""Exti_pin_level"": ""Low"", ""Exti_status"": ""False"", ""IDC_intput_mA"": 5.609, ""IN1_pin_level"": ""Low"", ""IN2_pin_level"": ""Low"", ""Node_type"": ""PS-LB"", ""Probe_mod"": 0, ""VDC_intput_V"": 0, ""Water_deep_cm"": 20.113}"
2025-09-18 07:53:13.171865652+00:00,ps-lb-18,2,-35,10.0,"{""Bat_V"": 3.582, ""Exti_pin_level"": ""Low"", ""Exti_status"": ""False"", ""IDC_intput_mA"": 5.609, ""IN1_pin_level"": ""Low"", ""IN2_pin_level"": ""Low"", ""Node_type"": ""PS-LB"", ""Probe_mod"": 0, ""VDC_intput_V"": 0, ""Water_deep_cm"": 20.113}"
2025-09-18 07:55:13.142842581+00:00,ps-lb-18,2,-30,9.5,"{""Bat_V"": 3.576, ""Exti_pin_level"": ""Low"", ""Exti_status"": ""False"", ""IDC_intput_mA"": 5.609, ""IN1_pin_level"": ""Low"", ""IN2_pin_level"": ""Low"", ""Node_type"": ""PS-LB"", ""Probe_mod"": 0, ""VDC_intput_V"": 0, ""Water_deep_cm"": 20.113}"
2025-09-18 07:57:13.130215273+00:00,ps-lb-18,2,-33,10.0,"{""Bat_V"": 3.576, ""Exti_pin_level"": ""Low"", ""Exti_status"": ""False"", ""IDC_intput_mA"": 5.609, ""IN1_pin_level"": ""Low"", ""IN2_pin_level"": ""Low"", ""Node_type"": ""PS-LB"", ""Probe_mod"": 0, ""VDC_intput_V"": 0, ""Water_deep_cm"": 20.113}"
2025-09-18 07:59:13.092446093+00:00,ps-lb-18,2,-32,7.75,"{""Bat_V"": 3.576, ""Exti_pin_level"": ""Low"", ""Exti_status"": ""False"", ""IDC_intput_mA"": 5.609, ""IN1_pin_level"": ""Low"", ""IN2_pin_level"": ""Low"", ""Node_type"": ""PS-LB"", ""Probe_mod"": 0, ""VDC_intput_V"": 0, ""Water_deep_cm"": 20.113}"
2025-09-18 08:01:13.079067158+00:00,ps-lb-18,2,-31,9.75,"{""Bat_V"": 3.57, ""Exti_pin_level"": ""Low"", ""Exti_status"": ""False"", ""IDC_intput_mA"": 5.609, ""IN1_pin_level"": ""Low"", ""IN2_pin_level"": ""Low"", ""Node_type"": ""PS-LB"", ""Probe_mod"": 0, ""VDC_intput_V"": 0, ""Water_deep_cm"": 20.113}"
2025-09-18 08:03:13.050713116+00:00,ps-lb-18,2,-32,9.5,"{""Bat_V"": 3.57, ""Exti_pin_level"": ""Low"", ""Exti_status"": ""False"", ""IDC_intput_mA"": 5.609, ""IN1_pin_level"": ""Low"", ""IN2_pin_level"": ""Low"", ""Node_type"": ""PS-LB"", ""Probe_mod"": 0, ""VDC_intput_V"": 0, ""Water_deep_cm"": 20.113}"
2025-09-18 08:05:13.037073040+00:00,ps-lb-18,2,-32,6.75,"{""Bat_V"": 3.57, ""Exti_pin_level"": ""Low"", ""Exti_status"": ""False"", ""IDC_intput_mA"": 5.609, ""IN1_pin_level"": ""Low"", ""IN2_pin_level"": ""Low"", ""Node_type"": ""PS-LB"", ""Probe_mod"": 0, ""VDC_intput_V"": 0, ""Water_deep_cm"": 20.113}"
2025-09-18 08:07:12.998963869+00:00,ps-lb-18,2,-35,6.75,"{""Bat_V"": 3.57, ""Exti_pin_level"": ""Low"", ""Exti_status"": ""False"", ""IDC_intput_mA"": 5.609, ""IN1_pin_level"": ""Low"", ""IN2_pin_level"": ""Low"", ""Node_type"": ""PS-LB"", ""Probe_mod"": 0, ""VDC_intput_V"": 0, ""Water_deep_cm"": 20.113}"
2025-09-18 08:09:12.981018982+00:00,ps-lb-18,2,-33,10.0,"{""Bat_V"": 3.57, ""Exti_pin_level"": ""Low"", ""Exti_status"": ""False"", ""IDC_intput_mA"": 5.609, ""IN1_pin_level"": ""Low"", ""IN2_pin_level"": ""Low"", ""Node_type"": ""PS-LB"", ""Probe_mod"": 0, ""VDC_intput_V"": 0, ""Water_deep_cm"": 20.113}"
2025-09-18 08:11:12.969776469+00:00,ps-lb-18,2,-32,9.5,"{""Bat_V"": 3.564, ""Exti_pin_level"": ""Low"", ""Exti_status"": ""False"", ""IDC_intput_mA"": 5.609, ""IN1_pin_level"": ""Low"", ""IN2_pin_level"": ""Low"", ""Node_type"": ""PS-LB"", ""Probe_mod"": 0, ""VDC_intput_V"": 0, ""Water_deep_cm"": 20.113}"
2025-09-18 08:13:12.949602207+00:00,ps-lb-18,2,-35,10.5,"{""Bat_V"": 3.564, ""Exti_pin_level"": ""Low"", ""Exti_status"": ""False"", ""IDC_intput_mA"": 5.609, ""IN1_pin_level"": ""Low"", ""IN2_pin_level"": ""Low"", ""Node_type"": ""PS-LB"", ""Probe_mod"": 0, ""VDC_intput_V"": 0, ""Water_deep_cm"": 20.113}"
2025-09-18 08:15:12.943430291+00:00,ps-lb-18,2,-37,10.5,"{""Bat_V"": 3.564, ""Exti_pin_level"": ""Low"", ""Exti_status"": ""False"", ""IDC_intput_mA"": 5.609, ""IN1_pin_level"": ""Low"", ""IN2_pin_level"": ""Low"", ""Node_type"": ""PS-LB"", ""Probe_mod"": 0, ""VDC_intput_V"": 0, ""Water_deep_cm"": 20.113}"
2025-09-18 08:17:12.892189181+00:00,ps-lb-18,2,-35,9.5,"{""Bat_V"": 3.564, ""Exti_pin_level"": ""Low"", ""Exti_status"": ""False"", ""IDC_intput_mA"": 5.609, ""IN1_pin_level"": ""Low"", ""IN2_pin_level"": ""Low"", ""Node_type"": ""PS-LB"", ""Probe_mod"": 0, ""VDC_intput_V"": 0, ""Water_deep_cm"": 20.113}"
2025-09-18 08:19:12.882891313+00:00,ps-lb-18,2,-35,9.5,"{""Bat_V"": 3.558, ""Exti_pin_level"": ""Low"", ""Exti_status"": ""False"", ""IDC_intput_mA"": 5.609, ""IN1_pin_level"": ""Low"", ""IN2_pin_level"": ""Low"", ""Node_type"": ""PS-LB"", ""Probe_mod"": 0, ""VDC_intput_V"": 0, ""Water_deep_cm"": 20.113}"
2025-09-18 08:21:12.854677647+00:00,ps-lb-18,2,-35,7.75,"{""Bat_V"": 3.558, ""Exti_pin_level"": ""Low"", ""Exti_status"": ""False"", ""IDC_intput_mA"": 5.609, ""IN1_pin_level"": ""Low"", ""IN2_pin_level"": ""Low"", ""Node_type"": ""PS-LB"", ""Probe_mod"": 0, ""VDC_intput_V"": 0, ""Water_deep_cm"": 20.113}"
2025-09-18 08:23:12.841523939+00:00,ps-lb-18,2,-33,7.25,"{""Bat_V"": 3.558, ""Exti_pin_level"": ""Low"", ""Exti_status"": ""False"", ""IDC_intput_mA"": 5.609, ""IN1_pin_level"": ""Low"", ""IN2_pin_level"": ""Low"", ""Node_type"": ""PS-LB"", ""Probe_mod"": 0, ""VDC_intput_V"": 0, ""Water_deep_cm"": 20.113}"
2025-09-18 08:25:12.809936426+00:00,ps-lb-18,2,-35,8.0,"{""Bat_V"": 3.558, ""Exti_pin_level"": ""Low"", ""Exti_status"": ""False"", ""IDC_intput_mA"": 5.609, ""IN1_pin_level"": ""Low"", ""IN2_pin_level"": ""Low"", ""Node_type"": ""PS-LB"", ""Probe_mod"": 0, ""VDC_intput_V"": 0, ""Water_deep_cm"": 20.113}"
2025-09-18 08:27:12.790033585+00:00,ps-lb-18,2,-35,9.5,"{""Bat_V"": 3.558, ""Exti_pin_level"": ""Low"", ""Exti_status"": ""False"", ""IDC_intput_mA"": 5.609, ""IN1_pin_level"": ""Low"", ""IN2_pin_level"": ""Low"", ""Node_type"": ""PS-LB"", ""Probe_mod"": 0, ""VDC_intput_V"": 0, ""Water_deep_cm"": 20.113}"
2025-09-18 08:29:12.770919719+00:00,ps-lb-18,2,-37,10.5,"{""Bat_V"": 3.558, ""Exti_pin_level"": ""Low"", ""Exti_status"": ""False"", ""IDC_intput_mA"": 5.609, ""IN1_pin_level"": ""Low"", ""IN2_pin_level"": ""Low"", ""Node_type"": ""PS-LB"", ""Probe_mod"": 0, ""VDC_intput_V"": 0, ""Water_deep_cm"": 20.113}"
2025-09-18 08:31:12.742465740+00:00,ps-lb-18,2,-33,7.0,"{""Bat_V"": 3.552, ""Exti_pin_level"": ""Low"", ""Exti_status"": ""False"", ""IDC_intput_mA"": 5.609, ""IN1_pin_level"": ""Low"", ""IN2_pin_level"": ""Low"", ""Node_type"": ""PS-LB"", ""Probe_mod"": 0, ""VDC_intput_V"": 0, ""Water_deep_cm"": 20.113}"
2025-09-18 08:33:12.730571523+00:00,ps-lb-18,2,-33,9.0,"{""Bat_V"": 3.552, ""Exti_pin_level"": ""Low"", ""Exti_status"": ""False"", ""IDC_intput_mA"": 5.609, ""IN1_pin_level"": ""Low"", ""IN2_pin_level"": ""Low"", ""Node_type"": ""PS-LB"", ""Probe_mod"": 0, ""VDC_intput_V"": 0, ""Water_deep_cm"": 20.113}"
2025-09-18 08:35:12.720278162+00:00,ps-lb-18,2,-117,-1.75,"{""Bat_V"": 3.552, ""Exti_pin_level"": ""Low"", ""Exti_status"": ""False"", ""IDC_intput_mA"": 5.609, ""IN1_pin_level"": ""Low"", ""IN2_pin_level"": ""Low"", ""Node_type"": ""PS-LB"", ""Probe_mod"": 0, ""VDC_intput_V"": 0, ""Water_deep_cm"": 20.113}"
2025-09-18 08:37:12.678286896+00:00,ps-lb-18,2,-35,10.0,"{""Bat_V"": 3.552, ""Exti_pin_level"": ""Low"", ""Exti_status"": ""False"", ""IDC_intput_mA"": 5.609, ""IN1_pin_level"": ""Low"", ""IN2_pin_level"": ""Low"", ""Node_type"": ""PS-LB"", ""Probe_mod"": 0, ""VDC_intput_V"": 0, ""Water_deep_cm"": 20.113}"
2025-09-18 08:39:12.651403240+00:00,ps-lb-18,2,-35,7.75,"{""Bat_V"": 3.552, ""Exti_pin_level"": ""Low"", ""Exti_status"": ""False"", ""IDC_intput_mA"": 5.608, ""IN1_pin_level"": ""Low"", ""IN2_pin_level"": ""Low"", ""Node_type"": ""PS-LB"", ""Probe_mod"": 0, ""VDC_intput_V"": 0, ""Water_deep_cm"": 20.1}"
2025-09-18 08:41:12.642673661+00:00,ps-lb-18,2,-37,10.75,"{""Bat_V"": 3.546, ""Exti_pin_level"": ""Low"", ""Exti_status"": ""False"", ""IDC_intput_mA"": 5.609, ""IN1_pin_level"": ""Low"", ""IN2_pin_level"": ""Low"", ""Node_type"": ""PS-LB"", ""Probe_mod"": 0, ""VDC_intput_V"": 0, ""Water_deep_cm"": 20.113}"
2025-09-18 08:43:12.640381692+00:00,ps-lb-18,2,-33,9.75,"{""Bat_V"": 3.546, ""Exti_pin_level"": ""Low"", ""Exti_status"": ""False"", ""IDC_intput_mA"": 5.609, ""IN1_pin_level"": ""Low"", ""IN2_pin_level"": ""Low"", ""Node_type"": ""PS-LB"", ""Probe_mod"": 0, ""VDC_intput_V"": 0, ""Water_deep_cm"": 20.113}"
2025-09-18 08:45:12.605803389+00:00,ps-lb-18,2,-35,9.5,"{""Bat_V"": 3.546, ""Exti_pin_level"": ""Low"", ""Exti_status"": ""False"", ""IDC_intput_mA"": 5.608, ""IN1_pin_level"": ""Low"", ""IN2_pin_level"": ""Low"", ""Node_type"": ""PS-LB"", ""Probe_mod"": 0, ""VDC_intput_V"": 0, ""Water_deep_cm"": 20.1}"
2025-09-18 08:47:12.584380238+00:00,ps-lb-18,2,-33,8.75,"{""Bat_V"": 3.54, ""Exti_pin_level"": ""Low"", ""Exti_status"": ""False"", ""IDC_intput_mA"": 5.609, ""IN1_pin_level"": ""Low"", ""IN2_pin_level"": ""Low"", ""Node_type"": ""PS-LB"", ""Probe_mod"": 0, ""VDC_intput_V"": 0, ""Water_deep_cm"": 20.113}"
2025-09-18 08:49:12.543666805+00:00,ps-lb-18,2,-35,9.5,"{""Bat_V"": 3.54, ""Exti_pin_level"": ""Low"", ""Exti_status"": ""False"", ""IDC_intput_mA"": 5.609, ""IN1_pin_level"": ""Low"", ""IN2_pin_level"": ""Low"", ""Node_type"": ""PS-LB"", ""Probe_mod"": 0, ""VDC_intput_V"": 0, ""Water_deep_cm"": 20.113}"
2025-09-18 08:51:12.512448644+00:00,ps-lb-18,2,-35,9.5,"{""Bat_V"": 3.54, ""Exti_pin_level"": ""Low"", ""Exti_status"": ""False"", ""IDC_intput_mA"": 5.609, ""IN1_pin_level"": ""Low"", ""IN2_pin_level"": ""Low"", ""Node_type"": ""PS-LB"", ""Probe_mod"": 0, ""VDC_intput_V"": 0, ""Water_deep_cm"": 20.113}"
2025-09-18 08:53:12.507142458+00:00,ps-lb-18,2,-35,7.75,"{""Bat_V"": 3.54, ""Exti_pin_level"": ""Low"", ""Exti_status"": ""False"", ""IDC_intput_mA"": 5.608, ""IN1_pin_level"": ""Low"", ""IN2_pin_level"": ""Low"", ""Node_type"": ""PS-LB"", ""Probe_mod"": 0, ""VDC_intput_V"": 0, ""Water_deep_cm"": 20.1}"
2025-09-18 08:55:12.489817051+00:00,ps-lb-18,2,-36,9.25,"{""Bat_V"": 3.534, ""Exti_pin_level"": ""Low"", ""Exti_status"": ""False"", ""IDC_intput_mA"": 5.609, ""IN1_pin_level"": ""Low"", ""IN2_pin_level"": ""Low"", ""Node_type"": ""PS-LB"", ""Probe_mod"": 0, ""VDC_intput_V"": 0, ""Water_deep_cm"": 20.113}"
2025-09-18 08:57:12.475517893+00:00,ps-lb-18,2,-42,8.0,"{""Bat_V"": 3.534, ""Exti_pin_level"": ""Low"", ""Exti_status"": ""False"", ""IDC_intput_mA"": 5.608, ""IN1_pin_level"": ""Low"", ""IN2_pin_level"": ""Low"", ""Node_type"": ""PS-LB"", ""Probe_mod"": 0, ""VDC_intput_V"": 0, ""Water_deep_cm"": 20.1}"
2025-09-18 08:59:12.447231146+00:00,ps-lb-18,2,-124,-7.5,"{""Bat_V"": 3.534, ""Exti_pin_level"": ""Low"", ""Exti_status"": ""False"", ""IDC_intput_mA"": 5.609, ""IN1_pin_level"": ""Low"", ""IN2_pin_level"": ""Low"", ""Node_type"": ""PS-LB"", ""Probe_mod"": 0, ""VDC_intput_V"": 0, ""Water_deep_cm"": 20.113}"
2025-09-18 09:01:12.411537011+00:00,ps-lb-18,2,-39,10.75,"{""Bat_V"": 3.528, ""Exti_pin_level"": ""Low"", ""Exti_status"": ""False"", ""IDC_intput_mA"": 5.609, ""IN1_pin_level"": ""Low"", ""IN2_pin_level"": ""Low"", ""Node_type"": ""PS-LB"", ""Probe_mod"": 0, ""VDC_intput_V"": 0, ""Water_deep_cm"": 20.113}"
2025-09-18 09:03:12.412995513+00:00,ps-lb-18,2,-38,9.75,"{""Bat_V"": 3.528, ""Exti_pin_level"": ""Low"", ""Exti_status"": ""False"", ""IDC_intput_mA"": 5.609, ""IN1_pin_level"": ""Low"", ""IN2_pin_level"": ""Low"", ""Node_type"": ""PS-LB"", ""Probe_mod"": 0, ""VDC_intput_V"": 0, ""Water_deep_cm"": 20.113}"
2025-09-18 09:05:12.369655329+00:00,ps-lb-18,2,-36,9.75,"{""Bat_V"": 3.528, ""Exti_pin_level"": ""Low"", ""Exti_status"": ""False"", ""IDC_intput_mA"": 5.609, ""IN1_pin_level"": ""Low"", ""IN2_pin_level"": ""Low"", ""Node_type"": ""PS-LB"", ""Probe_mod"": 0, ""VDC_intput_V"": 0, ""Water_deep_cm"": 20.113}"
2025-09-18 09:07:12.350702710+00:00,ps-lb-18,2,-36,10.25,"{""Bat_V"": 3.528, ""Exti_pin_level"": ""Low"", ""Exti_status"": ""False"", ""IDC_intput_mA"": 5.609, ""IN1_pin_level"": ""Low"", ""IN2_pin_level"": ""Low"", ""Node_type"": ""PS-LB"", ""Probe_mod"": 0, ""VDC_intput_V"": 0, ""Water_deep_cm"": 20.113}"
2025-09-18 09:09:12.333507191+00:00,ps-lb-18,2,-35,8.25,"{""Bat_V"": 3.522, ""Exti_pin_level"": ""Low"", ""Exti_status"": ""False"", ""IDC_intput_mA"": 5.609, ""IN1_pin_level"": ""Low"", ""IN2_pin_level"": ""Low"", ""Node_type"": ""PS-LB"", ""Probe_mod"": 0, ""VDC_intput_V"": 0, ""Water_deep_cm"": 20.113}"
2025-09-18 09:11:12.315826785+00:00,ps-lb-18,2,-35,7.25,"{""Bat_V"": 3.528, ""Exti_pin_level"": ""Low"", ""Exti_status"": ""False"", ""IDC_intput_mA"": 5.608, ""IN1_pin_level"": ""Low"", ""IN2_pin_level"": ""Low"", ""Node_type"": ""PS-LB"", ""Probe_mod"": 0, ""VDC_intput_V"": 0, ""Water_deep_cm"": 20.1}"
2025-09-18 09:13:12.289422663+00:00,ps-lb-18,2,-36,9.75,"{""Bat_V"": 3.522, ""Exti_pin_level"": ""Low"", ""Exti_status"": ""False"", ""IDC_intput_mA"": 5.608, ""IN1_pin_level"": ""Low"", ""IN2_pin_level"": ""Low"", ""Node_type"": ""PS-LB"", ""Probe_mod"": 0, ""VDC_intput_V"": 0, ""Water_deep_cm"": 20.1}"
2025-09-18 09:15:12.261614579+00:00,ps-lb-18,2,-38,10.5,"{""Bat_V"": 3.522, ""Exti_pin_level"": ""Low"", ""Exti_status"": ""False"", ""IDC_intput_mA"": 5.608, ""IN1_pin_level"": ""Low"", ""IN2_pin_level"": ""Low"", ""Node_type"": ""PS-LB"", ""Probe_mod"": 0, ""VDC_intput_V"": 0, ""Water_deep_cm"": 20.1}"
2025-09-18 09:17:12.246748718+00:00,ps-lb-18,2,-34,9.5,"{""Bat_V"": 3.516, ""Exti_pin_level"": ""Low"", ""Exti_status"": ""False"", ""IDC_intput_mA"": 5.609, ""IN1_pin_level"": ""Low"", ""IN2_pin_level"": ""Low"", ""Node_type"": ""PS-LB"", ""Probe_mod"": 0, ""VDC_intput_V"": 0, ""Water_deep_cm"": 20.113}"
2025-09-18 09:19:12.221042179+00:00,ps-lb-18,2,-35,10.0,"{""Bat_V"": 3.516, ""Exti_pin_level"": ""Low"", ""Exti_status"": ""False"", ""IDC_intput_mA"": 5.608, ""IN1_pin_level"": ""Low"", ""IN2_pin_level"": ""Low"", ""Node_type"": ""PS-LB"", ""Probe_mod"": 0, ""VDC_intput_V"": 0, ""Water_deep_cm"": 20.1}"
2025-09-18 09:21:12.188850864+00:00,ps-lb-18,2,-36,10.25,"{""Bat_V"": 3.516, ""Exti_pin_level"": ""Low"", ""Exti_status"": ""False"", ""IDC_intput_mA"": 5.609, ""IN1_pin_level"": ""Low"", ""IN2_pin_level"": ""Low"", ""Node_type"": ""PS-LB"", ""Probe_mod"": 0, ""VDC_intput_V"": 0, ""Water_deep_cm"": 20.113}"
2025-09-18 09:23:12.172124490+00:00,ps-lb-18,2,-39,10.0,"{""Bat_V"": 3.516, ""Exti_pin_level"": ""Low"", ""Exti_status"": ""False"", ""IDC_intput_mA"": 5.609, ""IN1_pin_level"": ""Low"", ""IN2_pin_level"": ""Low"", ""Node_type"": ""PS-LB"", ""Probe_mod"": 0, ""VDC_intput_V"": 0, ""Water_deep_cm"": 20.113}"
2025-09-18 09:25:12.171240614+00:00,ps-lb-18,2,-33,9.75,"{""Bat_V"": 3.51, ""Exti_pin_level"": ""Low"", ""Exti_status"": ""False"", ""IDC_intput_mA"": 5.608, ""IN1_pin_level"": ""Low"", ""IN2_pin_level"": ""Low"", ""Node_type"": ""PS-LB"", ""Probe_mod"": 0, ""VDC_intput_V"": 0, ""Water_deep_cm"": 20.1}"
2025-09-18 09:27:12.140565786+00:00,ps-lb-18,2,-34,10.0,"{""Bat_V"": 3.51, ""Exti_pin_level"": ""Low"", ""Exti_status"": ""False"", ""IDC_intput_mA"": 5.609, ""IN1_pin_level"": ""Low"", ""IN2_pin_level"": ""Low"", ""Node_type"": ""PS-LB"", ""Probe_mod"": 0, ""VDC_intput_V"": 0, ""Water_deep_cm"": 20.113}"
2025-09-18 09:29:12.110021380+00:00,ps-lb-18,2,-42,7.75,"{""Bat_V"": 3.51, ""Exti_pin_level"": ""Low"", ""Exti_status"": ""False"", ""IDC_intput_mA"": 5.609, ""IN1_pin_level"": ""Low"", ""IN2_pin_level"": ""Low"", ""Node_type"": ""PS-LB"", ""Probe_mod"": 0, ""VDC_intput_V"": 0, ""Water_deep_cm"": 20.113}"
2025-09-18 09:31:12.094497291+00:00,ps-lb-18,2,-36,9.75,"{""Bat_V"": 3.51, ""Exti_pin_level"": ""Low"", ""Exti_status"": ""False"", ""IDC_intput_mA"": 5.609, ""IN1_pin_level"": ""Low"", ""IN2_pin_level"": ""Low"", ""Node_type"": ""PS-LB"", ""Probe_mod"": 0, ""VDC_intput_V"": 0, ""Water_deep_cm"": 20.113}"
2025-09-18 09:33:12.065982601+00:00,ps-lb-18,2,-39,10.75,"{""Bat_V"": 3.51, ""Exti_pin_level"": ""Low"", ""Exti_status"": ""False"", ""IDC_intput_mA"": 5.608, ""IN1_pin_level"": ""Low"", ""IN2_pin_level"": ""Low"", ""Node_type"": ""PS-LB"", ""Probe_mod"": 0, ""VDC_intput_V"": 0, ""Water_deep_cm"": 20.1}"
2025-09-18 09:35:12.061902540+00:00,ps-lb-18,2,-39,7.75,"{""Bat_V"": 3.498, ""Exti_pin_level"": ""Low"", ""Exti_status"": ""False"", ""IDC_intput_mA"": 5.609, ""IN1_pin_level"": ""Low"", ""IN2_pin_level"": ""Low"", ""Node_type"": ""PS-LB"", ""Probe_mod"": 0, ""VDC_intput_V"": 0, ""Water_deep_cm"": 20.113}"
2025-09-18 09:37:12.029233542+00:00,ps-lb-18,2,-35,9.75,"{""Bat_V"": 3.498, ""Exti_pin_level"": ""Low"", ""Exti_status"": ""False"", ""IDC_intput_mA"": 5.609, ""IN1_pin_level"": ""Low"", ""IN2_pin_level"": ""Low"", ""Node_type"": ""PS-LB"", ""Probe_mod"": 0, ""VDC_intput_V"": 0, ""Water_deep_cm"": 20.113}"
2025-09-18 09:39:12.001309290+00:00,ps-lb-18,2,-38,10.0,"{""Bat_V"": 3.498, ""Exti_pin_level"": ""Low"", ""Exti_status"": ""False"", ""IDC_intput_mA"": 5.609, ""IN1_pin_level"": ""Low"", ""IN2_pin_level"": ""Low"", ""Node_type"": ""PS-LB"", ""Probe_mod"": 0, ""VDC_intput_V"": 0, ""Water_deep_cm"": 20.113}"
2025-09-18 09:41:11.992294373+00:00,ps-lb-18,2,-35,10.0,"{""Bat_V"": 3.498, ""Exti_pin_level"": ""Low"", ""Exti_status"": ""False"", ""IDC_intput_mA"": 5.608, ""IN1_pin_level"": ""Low"", ""IN2_pin_level"": ""Low"", ""Node_type"": ""PS-LB"", ""Probe_mod"": 0, ""VDC_intput_V"": 0, ""Water_deep_cm"": 20.1}"
2025-09-18 09:43:11.966288649+00:00,ps-lb-18,2,-32,9.25,"{""Bat_V"": 3.492, ""Exti_pin_level"": ""Low"", ""Exti_status"": ""False"", ""IDC_intput_mA"": 5.609, ""IN1_pin_level"": ""Low"", ""IN2_pin_level"": ""Low"", ""Node_type"": ""PS-LB"", ""Probe_mod"": 0, ""VDC_intput_V"": 0, ""Water_deep_cm"": 20.113}"
2025-09-18 09:45:11.953798638+00:00,ps-lb-18,2,-35,8.0,"{""Bat_V"": 3.492, ""Exti_pin_level"": ""Low"", ""Exti_status"": ""False"", ""IDC_intput_mA"": 5.609, ""IN1_pin_level"": ""Low"", ""IN2_pin_level"": ""Low"", ""Node_type"": ""PS-LB"", ""Probe_mod"": 0, ""VDC_intput_V"": 0, ""Water_deep_cm"": 20.113}"
2025-09-18 09:47:11.928533085+00:00,ps-lb-18,2,-119,-3.0,"{""Bat_V"": 3.492, ""Exti_pin_level"": ""Low"", ""Exti_status"": ""False"", ""IDC_intput_mA"": 5.608, ""IN1_pin_level"": ""Low"", ""IN2_pin_level"": ""Low"", ""Node_type"": ""PS-LB"", ""Probe_mod"": 0, ""VDC_intput_V"": 0, ""Water_deep_cm"": 20.1}"
2025-09-18 09:49:11.912778594+00:00,ps-lb-18,2,-36,9.75,"{""Bat_V"": 3.492, ""Exti_pin_level"": ""Low"", ""Exti_status"": ""False"", ""IDC_intput_mA"": 5.609, ""IN1_pin_level"": ""Low"", ""IN2_pin_level"": ""Low"", ""Node_type"": ""PS-LB"", ""Probe_mod"": 0, ""VDC_intput_V"": 0, ""Water_deep_cm"": 20.113}"
2025-09-18 09:51:11.881136839+00:00,ps-lb-18,2,-32,7.0,"{""Bat_V"": 3.486, ""Exti_pin_level"": ""Low"", ""Exti_status"": ""False"", ""IDC_intput_mA"": 5.609, ""IN1_pin_level"": ""Low"", ""IN2_pin_level"": ""Low"", ""Node_type"": ""PS-LB"", ""Probe_mod"": 0, ""VDC_intput_V"": 0, ""Water_deep_cm"": 20.113}"
2025-09-18 09:53:11.851431938+00:00,ps-lb-18,2,-33,9.25,"{""Bat_V"": 3.486, ""Exti_pin_level"": ""Low"", ""Exti_status"": ""False"", ""IDC_intput_mA"": 5.609, ""IN1_pin_level"": ""Low"", ""IN2_pin_level"": ""Low"", ""Node_type"": ""PS-LB"", ""Probe_mod"": 0, ""VDC_intput_V"": 0, ""Water_deep_cm"": 20.113}"
2025-09-18 09:55:11.824664459+00:00,ps-lb-18,2,-117,-2.75,"{""Bat_V"": 3.486, ""Exti_pin_level"": ""Low"", ""Exti_status"": ""False"", ""IDC_intput_mA"": 5.608, ""IN1_pin_level"": ""Low"", ""IN2_pin_level"": ""Low"", ""Node_type"": ""PS-LB"", ""Probe_mod"": 0, ""VDC_intput_V"": 0, ""Water_deep_cm"": 20.1}"
2025-09-18 09:57:11.811552014+00:00,ps-lb-18,2,-33,7.0,"{""Bat_V"": 3.486, ""Exti_pin_level"": ""Low"", ""Exti_status"": ""False"", ""IDC_intput_mA"": 5.609, ""IN1_pin_level"": ""Low"", ""IN2_pin_level"": ""Low"", ""Node_type"": ""PS-LB"", ""Probe_mod"": 0, ""VDC_intput_V"": 0, ""Water_deep_cm"": 20.113}"
2025-09-18 09:59:11.781389477+00:00,ps-lb-18,2,-33,7.0,"{""Bat_V"": 3.48, ""Exti_pin_level"": ""Low"", ""Exti_status"": ""False"", ""IDC_intput_mA"": 5.608, ""IN1_pin_level"": ""Low"", ""IN2_pin_level"": ""Low"", ""Node_type"": ""PS-LB"", ""Probe_mod"": 0, ""VDC_intput_V"": 0, ""Water_deep_cm"": 20.1}"
2025-09-18 10:01:11.761763353+00:00,ps-lb-18,2,-35,10.75,"{""Bat_V"": 3.48, ""Exti_pin_level"": ""Low"", ""Exti_status"": ""False"", ""IDC_intput_mA"": 5.609, ""IN1_pin_level"": ""Low"", ""IN2_pin_level"": ""Low"", ""Node_type"": ""PS-LB"", ""Probe_mod"": 0, ""VDC_intput_V"": 0, ""Water_deep_cm"": 20.113}"
2025-09-18 10:03:11.738946777+00:00,ps-lb-18,2,-35,9.25,"{""Bat_V"": 3.48, ""Exti_pin_level"": ""Low"", ""Exti_status"": ""False"", ""IDC_intput_mA"": 5.609, ""IN1_pin_level"": ""Low"", ""IN2_pin_level"": ""Low"", ""Node_type"": ""PS-LB"", ""Probe_mod"": 0, ""VDC_intput_V"": 0, ""Water_deep_cm"": 20.113}"
2025-09-18 10:05:11.735700011+00:00,ps-lb-18,2,-36,9.75,"{""Bat_V"": 3.48, ""Exti_pin_level"": ""Low"", ""Exti_status"": ""False"", ""IDC_intput_mA"": 5.608, ""IN1_pin_level"": ""Low"", ""IN2_pin_level"": ""Low"", ""Node_type"": ""PS-LB"", ""Probe_mod"": 0, ""VDC_intput_V"": 0, ""Water_deep_cm"": 20.1}"
2025-09-18 10:07:11.694660643+00:00,ps-lb-18,2,-35,7.25,"{""Bat_V"": 3.48, ""Exti_pin_level"": ""Low"", ""Exti_status"": ""False"", ""IDC_intput_mA"": 5.608, ""IN1_pin_level"": ""Low"", ""IN2_pin_level"": ""Low"", ""Node_type"": ""PS-LB"", ""Probe_mod"": 0, ""VDC_intput_V"": 0, ""Water_deep_cm"": 20.1}"
2025-09-18 10:09:11.662375123+00:00,ps-lb-18,2,-33,9.75,"{""Bat_V"": 3.48, ""Exti_pin_level"": ""Low"", ""Exti_status"": ""False"", ""IDC_intput_mA"": 5.609, ""IN1_pin_level"": ""Low"", ""IN2_pin_level"": ""Low"", ""Node_type"": ""PS-LB"", ""Probe_mod"": 0, ""VDC_intput_V"": 0, ""Water_deep_cm"": 20.113}"
2025-09-18 10:11:11.654787624+00:00,ps-lb-18,2,-35,9.25,"{""Bat_V"": 3.474, ""Exti_pin_level"": ""Low"", ""Exti_status"": ""False"", ""IDC_intput_mA"": 5.608, ""IN1_pin_level"": ""Low"", ""IN2_pin_level"": ""Low"", ""Node_type"": ""PS-LB"", ""Probe_mod"": 0, ""VDC_intput_V"": 0, ""Water_deep_cm"": 20.1}"
2025-09-18 10:13:11.637844833+00:00,ps-lb-18,2,-32,9.25,"{""Bat_V"": 3.474, ""Exti_pin_level"": ""Low"", ""Exti_status"": ""False"", ""IDC_intput_mA"": 5.609, ""IN1_pin_level"": ""Low"", ""IN2_pin_level"": ""Low"", ""Node_type"": ""PS-LB"", ""Probe_mod"": 0, ""VDC_intput_V"": 0, ""Water_deep_cm"": 20.113}"
2025-09-18 10:15:11.613771879+00:00,ps-lb-18,2,-33,7.5,"{""Bat_V"": 3.474, ""Exti_pin_level"": ""Low"", ""Exti_status"": ""False"", ""IDC_intput_mA"": 5.609, ""IN1_pin_level"": ""Low"", ""IN2_pin_level"": ""Low"", ""Node_type"": ""PS-LB"", ""Probe_mod"": 0, ""VDC_intput_V"": 0, ""Water_deep_cm"": 20.113}"
2025-09-18 10:17:11.612844411+00:00,ps-lb-18,2,-35,7.25,"{""Bat_V"": 3.474, ""Exti_pin_level"": ""Low"", ""Exti_status"": ""False"", ""IDC_intput_mA"": 5.609, ""IN1_pin_level"": ""Low"", ""IN2_pin_level"": ""Low"", ""Node_type"": ""PS-LB"", ""Probe_mod"": 0, ""VDC_intput_V"": 0, ""Water_deep_cm"": 20.113}"
2025-09-18 10:19:11.584217141+00:00,ps-lb-18,2,-31,9.75,"{""Bat_V"": 3.474, ""Exti_pin_level"": ""Low"", ""Exti_status"": ""False"", ""IDC_intput_mA"": 5.609, ""IN1_pin_level"": ""Low"", ""IN2_pin_level"": ""Low"", ""Node_type"": ""PS-LB"", ""Probe_mod"": 0, ""VDC_intput_V"": 0, ""Water_deep_cm"": 20.113}"
2025-09-18 10:21:11.552439524+00:00,ps-lb-18,2,-33,10.75,"{""Bat_V"": 3.474, ""Exti_pin_level"": ""Low"", ""Exti_status"": ""False"", ""IDC_intput_mA"": 5.609, ""IN1_pin_level"": ""Low"", ""IN2_pin_level"": ""Low"", ""Node_type"": ""PS-LB"", ""Probe_mod"": 0, ""VDC_intput_V"": 0, ""Water_deep_cm"": 20.113}"
2025-09-18 10:23:11.562850733+00:00,ps-lb-18,2,-33,9.5,"{""Bat_V"": 3.468, ""Exti_pin_level"": ""Low"", ""Exti_status"": ""False"", ""IDC_intput_mA"": 5.609, ""IN1_pin_level"": ""Low"", ""IN2_pin_level"": ""Low"", ""Node_type"": ""PS-LB"", ""Probe_mod"": 0, ""VDC_intput_V"": 0, ""Water_deep_cm"": 20.113}"
2025-09-18 10:25:11.572474326+00:00,ps-lb-18,2,-33,10.0,"{""Bat_V"": 3.468, ""Exti_pin_level"": ""Low"", ""Exti_status"": ""False"", ""IDC_intput_mA"": 5.608, ""IN1_pin_level"": ""Low"", ""IN2_pin_level"": ""Low"", ""Node_type"": ""PS-LB"", ""Probe_mod"": 0, ""VDC_intput_V"": 0, ""Water_deep_cm"": 20.1}"
2025-09-18 10:27:11.500341202+00:00,ps-lb-18,2,-35,10.75,"{""Bat_V"": 3.468, ""Exti_pin_level"": ""Low"", ""Exti_status"": ""False"", ""IDC_intput_mA"": 5.608, ""IN1_pin_level"": ""Low"", ""IN2_pin_level"": ""Low"", ""Node_type"": ""PS-LB"", ""Probe_mod"": 0, ""VDC_intput_V"": 0, ""Water_deep_cm"": 20.1}"
2025-09-18 10:29:23.582551738+00:00,ps-lb-18,2,-35,7.0,"{""Bat_V"": 3.468, ""Exti_pin_level"": ""Low"", ""Exti_status"": ""False"", ""IDC_intput_mA"": 5.608, ""IN1_pin_level"": ""Low"", ""IN2_pin_level"": ""Low"", ""Node_type"": ""PS-LB"", ""Probe_mod"": 0, ""VDC_intput_V"": 0, ""Water_deep_cm"": 20.1}"
2025-09-18 10:31:23.542680535+00:00,ps-lb-18,2,-30,9.5,"{""Bat_V"": 3.468, ""Exti_pin_level"": ""Low"", ""Exti_status"": ""False"", ""IDC_intput_mA"": 5.608, ""IN1_pin_level"": ""Low"", ""IN2_pin_level"": ""Low"", ""Node_type"": ""PS-LB"", ""Probe_mod"": 0, ""VDC_intput_V"": 0, ""Water_deep_cm"": 20.1}"
2025-09-18 10:32:25.990547331+00:00,ps-lb-18,2,-32,7.5,"{""Bat_V"": 3.468, ""Exti_pin_level"": ""Low"", ""Exti_status"": ""False"", ""IDC_intput_mA"": 5.607, ""IN1_pin_level"": ""Low"", ""IN2_pin_level"": ""Low"", ""Node_type"": ""PS-LB"", ""Probe_mod"": 0, ""VDC_intput_V"": 0, ""Water_deep_cm"": 20.088}"
2025-09-18 10:42:40.486005757+00:00,ps-lb-18,2,-122,-5.5,"{""Bat_V"": 3.48, ""Exti_pin_level"": ""Low"", ""Exti_status"": ""False"", ""IDC_intput_mA"": 5.607, ""IN1_pin_level"": ""Low"", ""IN2_pin_level"": ""Low"", ""Node_type"": ""PS-LB"", ""Probe_mod"": 0, ""VDC_intput_V"": 0, ""Water_deep_cm"": 20.088}"
2025-09-18 10:52:40.359809405+00:00,ps-lb-18,2,-33,8.75,"{""Bat_V"": 3.486, ""Exti_pin_level"": ""Low"", ""Exti_status"": ""False"", ""IDC_intput_mA"": 5.607, ""IN1_pin_level"": ""Low"", ""IN2_pin_level"": ""Low"", ""Node_type"": ""PS-LB"", ""Probe_mod"": 0, ""VDC_intput_V"": 0, ""Water_deep_cm"": 20.088}"
2025-09-18 11:02:40.238187364+00:00,ps-lb-18,2,-32,9.5,"{""Bat_V"": 3.492, ""Exti_pin_level"": ""Low"", ""Exti_status"": ""False"", ""IDC_intput_mA"": 5.607, ""IN1_pin_level"": ""Low"", ""IN2_pin_level"": ""Low"", ""Node_type"": ""PS-LB"", ""Probe_mod"": 0, ""VDC_intput_V"": 0, ""Water_deep_cm"": 20.088}"
2025-09-18 11:12:40.149828053+00:00,ps-lb-18,2,-30,9.0,"{""Bat_V"": 3.504, ""Exti_pin_level"": ""Low"", ""Exti_status"": ""False"", ""IDC_intput_mA"": 5.607, ""IN1_pin_level"": ""Low"", ""IN2_pin_level"": ""Low"", ""Node_type"": ""PS-LB"", ""Probe_mod"": 0, ""VDC_intput_V"": 0, ""Water_deep_cm"": 20.088}"
2025-09-18 11:22:39.985996352+00:00,ps-lb-18,2,-33,10.5,"{""Bat_V"": 3.51, ""Exti_pin_level"": ""Low"", ""Exti_status"": ""False"", ""IDC_intput_mA"": 5.607, ""IN1_pin_level"": ""Low"", ""IN2_pin_level"": ""Low"", ""Node_type"": ""PS-LB"", ""Probe_mod"": 0, ""VDC_intput_V"": 0, ""Water_deep_cm"": 20.088}"
2025-09-18 11:32:39.876124312+00:00,ps-lb-18,2,-31,9.75,"{""Bat_V"": 3.51, ""Exti_pin_level"": ""Low"", ""Exti_status"": ""False"", ""IDC_intput_mA"": 5.607, ""IN1_pin_level"": ""Low"", ""IN2_pin_level"": ""Low"", ""Node_type"": ""PS-LB"", ""Probe_mod"": 0, ""VDC_intput_V"": 0, ""Water_deep_cm"": 20.088}"
2025-09-18 11:42:39.756039297+00:00,ps-lb-18,2,-37,6.75,"{""Bat_V"": 3.516, ""Exti_pin_level"": ""Low"", ""Exti_status"": ""False"", ""IDC_intput_mA"": 5.607, ""IN1_pin_level"": ""Low"", ""IN2_pin_level"": ""Low"", ""Node_type"": ""PS-LB"", ""Probe_mod"": 0, ""VDC_intput_V"": 0, ""Water_deep_cm"": 20.088}"
2025-09-18 11:52:39.646764674+00:00,ps-lb-18,2,-32,7.75,"{""Bat_V"": 3.516, ""Exti_pin_level"": ""Low"", ""Exti_status"": ""False"", ""IDC_intput_mA"": 5.607, ""IN1_pin_level"": ""Low"", ""IN2_pin_level"": ""Low"", ""Node_type"": ""PS-LB"", ""Probe_mod"": 0, ""VDC_intput_V"": 0, ""Water_deep_cm"": 20.088}"
2025-09-18 12:02:39.508444046+00:00,ps-lb-18,2,-123,-6.0,"{""Bat_V"": 3.522, ""Exti_pin_level"": ""Low"", ""Exti_status"": ""False"", ""IDC_intput_mA"": 5.606, ""IN1_pin_level"": ""Low"", ""IN2_pin_level"": ""Low"", ""Node_type"": ""PS-LB"", ""Probe_mod"": 0, ""VDC_intput_V"": 0, ""Water_deep_cm"": 20.075}"
2025-09-18 12:12:39.377145790+00:00,ps-lb-18,2,-35,9.25,"{""Bat_V"": 3.528, ""Exti_pin_level"": ""Low"", ""Exti_status"": ""False"", ""IDC_intput_mA"": 5.607, ""IN1_pin_level"": ""Low"", ""IN2_pin_level"": ""Low"", ""Node_type"": ""PS-LB"", ""Probe_mod"": 0, ""VDC_intput_V"": 0, ""Water_deep_cm"": 20.088}"
2025-09-18 12:22:39.268137647+00:00,ps-lb-18,2,-120,-4.75,"{""Bat_V"": 3.528, ""Exti_pin_level"": ""Low"", ""Exti_status"": ""False"", ""IDC_intput_mA"": 5.607, ""IN1_pin_level"": ""Low"", ""IN2_pin_level"": ""Low"", ""Node_type"": ""PS-LB"", ""Probe_mod"": 0, ""VDC_intput_V"": 0, ""Water_deep_cm"": 20.088}"
2025-09-18 12:32:39.130740277+00:00,ps-lb-18,2,-31,8.75,"{""Bat_V"": 3.528, ""Exti_pin_level"": ""Low"", ""Exti_status"": ""False"", ""IDC_intput_mA"": 5.606, ""IN1_pin_level"": ""Low"", ""IN2_pin_level"": ""Low"", ""Node_type"": ""PS-LB"", ""Probe_mod"": 0, ""VDC_intput_V"": 0, ""Water_deep_cm"": 20.075}"
2025-09-18 12:42:39.022948024+00:00,ps-lb-18,2,-36,9.75,"{""Bat_V"": 3.534, ""Exti_pin_level"": ""Low"", ""Exti_status"": ""False"", ""IDC_intput_mA"": 5.606, ""IN1_pin_level"": ""Low"", ""IN2_pin_level"": ""Low"", ""Node_type"": ""PS-LB"", ""Probe_mod"": 0, ""VDC_intput_V"": 0, ""Water_deep_cm"": 20.075}"
2025-09-18 12:52:38.901545265+00:00,ps-lb-18,2,-33,10.0,"{""Bat_V"": 3.534, ""Exti_pin_level"": ""Low"", ""Exti_status"": ""False"", ""IDC_intput_mA"": 5.606, ""IN1_pin_level"": ""Low"", ""IN2_pin_level"": ""Low"", ""Node_type"": ""PS-LB"", ""Probe_mod"": 0, ""VDC_intput_V"": 0, ""Water_deep_cm"": 20.075}"
2025-09-18 13:02:38.773881541+00:00,ps-lb-18,2,-35,8.0,"{""Bat_V"": 3.534, ""Exti_pin_level"": ""Low"", ""Exti_status"": ""False"", ""IDC_intput_mA"": 5.607, ""IN1_pin_level"": ""Low"", ""IN2_pin_level"": ""Low"", ""Node_type"": ""PS-LB"", ""Probe_mod"": 0, ""VDC_intput_V"": 0, ""Water_deep_cm"": 20.088}"
2025-09-18 13:12:38.674133734+00:00,ps-lb-18,2,-35,10.5,"{""Bat_V"": 3.534, ""Exti_pin_level"": ""Low"", ""Exti_status"": ""False"", ""IDC_intput_mA"": 5.607, ""IN1_pin_level"": ""Low"", ""IN2_pin_level"": ""Low"", ""Node_type"": ""PS-LB"", ""Probe_mod"": 0, ""VDC_intput_V"": 0, ""Water_deep_cm"": 20.088}"
2025-09-18 13:22:38.532993039+00:00,ps-lb-18,2,-35,10.5,"{""Bat_V"": 3.54, ""Exti_pin_level"": ""Low"", ""Exti_status"": ""False"", ""IDC_intput_mA"": 5.606, ""IN1_pin_level"": ""Low"", ""IN2_pin_level"": ""Low"", ""Node_type"": ""PS-LB"", ""Probe_mod"": 0, ""VDC_intput_V"": 0, ""Water_deep_cm"": 20.075}"
2025-09-18 13:32:38.420379753+00:00,ps-lb-18,2,-37,9.75,"{""Bat_V"": 3.54, ""Exti_pin_level"": ""Low"", ""Exti_status"": ""False"", ""IDC_intput_mA"": 5.606, ""IN1_pin_level"": ""Low"", ""IN2_pin_level"": ""Low"", ""Node_type"": ""PS-LB"", ""Probe_mod"": 0, ""VDC_intput_V"": 0, ""Water_deep_cm"": 20.075}"
2025-09-18 13:42:38.300215254+00:00,ps-lb-18,2,-35,7.5,"{""Bat_V"": 3.546, ""Exti_pin_level"": ""Low"", ""Exti_status"": ""False"", ""IDC_intput_mA"": 5.607, ""IN1_pin_level"": ""Low"", ""IN2_pin_level"": ""Low"", ""Node_type"": ""PS-LB"", ""Probe_mod"": 0, ""VDC_intput_V"": 0, ""Water_deep_cm"": 20.088}"
2025-09-18 13:52:38.181259712+00:00,ps-lb-18,2,-35,10.0,"{""Bat_V"": 3.546, ""Exti_pin_level"": ""Low"", ""Exti_status"": ""False"", ""IDC_intput_mA"": 5.606, ""IN1_pin_level"": ""Low"", ""IN2_pin_level"": ""Low"", ""Node_type"": ""PS-LB"", ""Probe_mod"": 0, ""VDC_intput_V"": 0, ""Water_deep_cm"": 20.075}"
2025-09-18 14:02:38.038283369+00:00,ps-lb-18,2,-33,9.5,"{""Bat_V"": 3.546, ""Exti_pin_level"": ""Low"", ""Exti_status"": ""False"", ""IDC_intput_mA"": 5.606, ""IN1_pin_level"": ""Low"", ""IN2_pin_level"": ""Low"", ""Node_type"": ""PS-LB"", ""Probe_mod"": 0, ""VDC_intput_V"": 0, ""Water_deep_cm"": 20.075}"
2025-09-18 14:12:37.939014455+00:00,ps-lb-18,2,-35,7.0,"{""Bat_V"": 3.546, ""Exti_pin_level"": ""Low"", ""Exti_status"": ""False"", ""IDC_intput_mA"": 5.607, ""IN1_pin_level"": ""Low"", ""IN2_pin_level"": ""Low"", ""Node_type"": ""PS-LB"", ""Probe_mod"": 0, ""VDC_intput_V"": 0, ""Water_deep_cm"": 20.088}"
2025-09-18 14:22:37.796276610+00:00,ps-lb-18,2,-33,7.75,"{""Bat_V"": 3.546, ""Exti_pin_level"": ""Low"", ""Exti_status"": ""False"", ""IDC_intput_mA"": 5.605, ""IN1_pin_level"": ""Low"", ""IN2_pin_level"": ""Low"", ""Node_type"": ""PS-LB"", ""Probe_mod"": 0, ""VDC_intput_V"": 0, ""Water_deep_cm"": 20.063}"
2025-09-18 14:32:37.687093899+00:00,ps-lb-18,2,-33,7.25,"{""Bat_V"": 3.546, ""Exti_pin_level"": ""Low"", ""Exti_status"": ""False"", ""IDC_intput_mA"": 5.606, ""IN1_pin_level"": ""Low"", ""IN2_pin_level"": ""Low"", ""Node_type"": ""PS-LB"", ""Probe_mod"": 0, ""VDC_intput_V"": 0, ""Water_deep_cm"": 20.075}"
2025-09-18 14:42:37.574572121+00:00,ps-lb-18,2,-33,9.75,"{""Bat_V"": 3.546, ""Exti_pin_level"": ""Low"", ""Exti_status"": ""False"", ""IDC_intput_mA"": 5.606, ""IN1_pin_level"": ""Low"", ""IN2_pin_level"": ""Low"", ""Node_type"": ""PS-LB"", ""Probe_mod"": 0, ""VDC_intput_V"": 0, ""Water_deep_cm"": 20.075}"
2025-09-18 14:52:37.441139873+00:00,ps-lb-18,2,-37,11.5,"{""Bat_V"": 3.546, ""Exti_pin_level"": ""Low"", ""Exti_status"": ""False"", ""IDC_intput_mA"": 5.606, ""IN1_pin_level"": ""Low"", ""IN2_pin_level"": ""Low"", ""Node_type"": ""PS-LB"", ""Probe_mod"": 0, ""VDC_intput_V"": 0, ""Water_deep_cm"": 20.075}"
2025-09-18 15:02:37.323341674+00:00,ps-lb-18,2,-35,8.0,"{""Bat_V"": 3.552, ""Exti_pin_level"": ""Low"", ""Exti_status"": ""False"", ""IDC_intput_mA"": 5.606, ""IN1_pin_level"": ""Low"", ""IN2_pin_level"": ""Low"", ""Node_type"": ""PS-LB"", ""Probe_mod"": 0, ""VDC_intput_V"": 0, ""Water_deep_cm"": 20.075}"
2025-09-18 15:12:37.207862333+00:00,ps-lb-18,2,-35,10.75,"{""Bat_V"": 3.552, ""Exti_pin_level"": ""Low"", ""Exti_status"": ""False"", ""IDC_intput_mA"": 5.606, ""IN1_pin_level"": ""Low"", ""IN2_pin_level"": ""Low"", ""Node_type"": ""PS-LB"", ""Probe_mod"": 0, ""VDC_intput_V"": 0, ""Water_deep_cm"": 20.075}"
2025-09-18 15:22:37.083479587+00:00,ps-lb-18,2,-35,9.75,"{""Bat_V"": 3.552, ""Exti_pin_level"": ""Low"", ""Exti_status"": ""False"", ""IDC_intput_mA"": 5.606, ""IN1_pin_level"": ""Low"", ""IN2_pin_level"": ""Low"", ""Node_type"": ""PS-LB"", ""Probe_mod"": 0, ""VDC_intput_V"": 0, ""Water_deep_cm"": 20.075}"
2025-09-18 15:32:36.972278004+00:00,ps-lb-18,2,-32,7.25,"{""Bat_V"": 3.552, ""Exti_pin_level"": ""Low"", ""Exti_status"": ""False"", ""IDC_intput_mA"": 5.606, ""IN1_pin_level"": ""Low"", ""IN2_pin_level"": ""Low"", ""Node_type"": ""PS-LB"", ""Probe_mod"": 0, ""VDC_intput_V"": 0, ""Water_deep_cm"": 20.075}"
2025-09-18 15:42:36.845091574+00:00,ps-lb-18,2,-33,7.5,"{""Bat_V"": 3.552, ""Exti_pin_level"": ""Low"", ""Exti_status"": ""False"", ""IDC_intput_mA"": 5.606, ""IN1_pin_level"": ""Low"", ""IN2_pin_level"": ""Low"", ""Node_type"": ""PS-LB"", ""Probe_mod"": 0, ""VDC_intput_V"": 0, ""Water_deep_cm"": 20.075}"
2025-09-18 15:52:36.718865049+00:00,ps-lb-18,2,-125,-9.5,"{""Bat_V"": 3.552, ""Exti_pin_level"": ""Low"", ""Exti_status"": ""False"", ""IDC_intput_mA"": 5.606, ""IN1_pin_level"": ""Low"", ""IN2_pin_level"": ""Low"", ""Node_type"": ""PS-LB"", ""Probe_mod"": 0, ""VDC_intput_V"": 0, ""Water_deep_cm"": 20.075}"
2025-09-18 16:02:36.603546404+00:00,ps-lb-18,2,-33,9.5,"{""Bat_V"": 3.552, ""Exti_pin_level"": ""Low"", ""Exti_status"": ""False"", ""IDC_intput_mA"": 5.606, ""IN1_pin_level"": ""Low"", ""IN2_pin_level"": ""Low"", ""Node_type"": ""PS-LB"", ""Probe_mod"": 0, ""VDC_intput_V"": 0, ""Water_deep_cm"": 20.075}"
2025-09-18 16:12:36.480660860+00:00,ps-lb-18,2,-41,10.5,"{""Bat_V"": 3.552, ""Exti_pin_level"": ""Low"", ""Exti_status"": ""False"", ""IDC_intput_mA"": 5.606, ""IN1_pin_level"": ""Low"", ""IN2_pin_level"": ""Low"", ""Node_type"": ""PS-LB"", ""Probe_mod"": 0, ""VDC_intput_V"": 0, ""Water_deep_cm"": 20.075}"
2025-09-18 16:22:36.361965530+00:00,ps-lb-18,2,-37,9.5,"{""Bat_V"": 3.552, ""Exti_pin_level"": ""Low"", ""Exti_status"": ""False"", ""IDC_intput_mA"": 5.606, ""IN1_pin_level"": ""Low"", ""IN2_pin_level"": ""Low"", ""Node_type"": ""PS-LB"", ""Probe_mod"": 0, ""VDC_intput_V"": 0, ""Water_deep_cm"": 20.075}"
2025-09-18 16:32:36.237094346+00:00,ps-lb-18,2,-38,9.75,"{""Bat_V"": 3.552, ""Exti_pin_level"": ""Low"", ""Exti_status"": ""False"", ""IDC_intput_mA"": 5.606, ""IN1_pin_level"": ""Low"", ""IN2_pin_level"": ""Low"", ""Node_type"": ""PS-LB"", ""Probe_mod"": 0, ""VDC_intput_V"": 0, ""Water_deep_cm"": 20.075}"
2025-09-18 16:42:36.129971357+00:00,ps-lb-18,2,-39,10.25,"{""Bat_V"": 3.558, ""Exti_pin_level"": ""Low"", ""Exti_status"": ""False"", ""IDC_intput_mA"": 5.606, ""IN1_pin_level"": ""Low"", ""IN2_pin_level"": ""Low"", ""Node_type"": ""PS-LB"", ""Probe_mod"": 0, ""VDC_intput_V"": 0, ""Water_deep_cm"": 20.075}"
2025-09-18 16:52:36.019006145+00:00,ps-lb-18,2,-38,9.5,"{""Bat_V"": 3.558, ""Exti_pin_level"": ""Low"", ""Exti_status"": ""False"", ""IDC_intput_mA"": 5.606, ""IN1_pin_level"": ""Low"", ""IN2_pin_level"": ""Low"", ""Node_type"": ""PS-LB"", ""Probe_mod"": 0, ""VDC_intput_V"": 0, ""Water_deep_cm"": 20.075}"
2025-09-18 17:02:35.891918258+00:00,ps-lb-18,2,-37,9.5,"{""Bat_V"": 3.558, ""Exti_pin_level"": ""Low"", ""Exti_status"": ""False"", ""IDC_intput_mA"": 5.606, ""IN1_pin_level"": ""Low"", ""IN2_pin_level"": ""Low"", ""Node_type"": ""PS-LB"", ""Probe_mod"": 0, ""VDC_intput_V"": 0, ""Water_deep_cm"": 20.075}"
2025-09-18 17:12:35.738707447+00:00,ps-lb-18,2,-38,9.5,"{""Bat_V"": 3.558, ""Exti_pin_level"": ""Low"", ""Exti_status"": ""False"", ""IDC_intput_mA"": 5.606, ""IN1_pin_level"": ""Low"", ""IN2_pin_level"": ""Low"", ""Node_type"": ""PS-LB"", ""Probe_mod"": 0, ""VDC_intput_V"": 0, ""Water_deep_cm"": 20.075}"
2025-09-18 17:22:35.631956764+00:00,ps-lb-18,2,-38,8.5,"{""Bat_V"": 3.558, ""Exti_pin_level"": ""Low"", ""Exti_status"": ""False"", ""IDC_intput_mA"": 5.606, ""IN1_pin_level"": ""Low"", ""IN2_pin_level"": ""Low"", ""Node_type"": ""PS-LB"", ""Probe_mod"": 0, ""VDC_intput_V"": 0, ""Water_deep_cm"": 20.075}"
2025-09-18 17:32:35.522971708+00:00,ps-lb-18,2,-37,9.5,"{""Bat_V"": 3.558, ""Exti_pin_level"": ""Low"", ""Exti_status"": ""False"", ""IDC_intput_mA"": 5.606, ""IN1_pin_level"": ""Low"", ""IN2_pin_level"": ""Low"", ""Node_type"": ""PS-LB"", ""Probe_mod"": 0, ""VDC_intput_V"": 0, ""Water_deep_cm"": 20.075}"
2025-09-18 17:42:35.394309188+00:00,ps-lb-18,2,-39,9.75,"{""Bat_V"": 3.558, ""Exti_pin_level"": ""Low"", ""Exti_status"": ""False"", ""IDC_intput_mA"": 5.606, ""IN1_pin_level"": ""Low"", ""IN2_pin_level"": ""Low"", ""Node_type"": ""PS-LB"", ""Probe_mod"": 0, ""VDC_intput_V"": 0, ""Water_deep_cm"": 20.075}"
2025-09-18 17:52:35.259501753+00:00,ps-lb-18,2,-39,9.75,"{""Bat_V"": 3.558, ""Exti_pin_level"": ""Low"", ""Exti_status"": ""False"", ""IDC_intput_mA"": 5.606, ""IN1_pin_level"": ""Low"", ""IN2_pin_level"": ""Low"", ""Node_type"": ""PS-LB"", ""Probe_mod"": 0, ""VDC_intput_V"": 0, ""Water_deep_cm"": 20.075}"
2025-09-18 18:02:35.150152781+00:00,ps-lb-18,2,-122,-7.0,"{""Bat_V"": 3.558, ""Exti_pin_level"": ""Low"", ""Exti_status"": ""False"", ""IDC_intput_mA"": 5.606, ""IN1_pin_level"": ""Low"", ""IN2_pin_level"": ""Low"", ""Node_type"": ""PS-LB"", ""Probe_mod"": 0, ""VDC_intput_V"": 0, ""Water_deep_cm"": 20.075}"
2025-09-18 18:12:35.038009459+00:00,ps-lb-18,2,-42,7.0,"{""Bat_V"": 3.558, ""Exti_pin_level"": ""Low"", ""Exti_status"": ""False"", ""IDC_intput_mA"": 5.606, ""IN1_pin_level"": ""Low"", ""IN2_pin_level"": ""Low"", ""Node_type"": ""PS-LB"", ""Probe_mod"": 0, ""VDC_intput_V"": 0, ""Water_deep_cm"": 20.075}"
2025-09-18 18:22:34.945456187+00:00,ps-lb-18,2,-37,6.5,"{""Bat_V"": 3.558, ""Exti_pin_level"": ""Low"", ""Exti_status"": ""False"", ""IDC_intput_mA"": 5.606, ""IN1_pin_level"": ""Low"", ""IN2_pin_level"": ""Low"", ""Node_type"": ""PS-LB"", ""Probe_mod"": 0, ""VDC_intput_V"": 0, ""Water_deep_cm"": 20.075}"
2025-09-18 18:32:34.787640942+00:00,ps-lb-18,2,-39,10.0,"{""Bat_V"": 3.558, ""Exti_pin_level"": ""Low"", ""Exti_status"": ""False"", ""IDC_intput_mA"": 5.606, ""IN1_pin_level"": ""Low"", ""IN2_pin_level"": ""Low"", ""Node_type"": ""PS-LB"", ""Probe_mod"": 0, ""VDC_intput_V"": 0, ""Water_deep_cm"": 20.075}"
2025-09-18 18:42:34.666897718+00:00,ps-lb-18,2,-38,10.0,"{""Bat_V"": 3.558, ""Exti_pin_level"": ""Low"", ""Exti_status"": ""False"", ""IDC_intput_mA"": 5.606, ""IN1_pin_level"": ""Low"", ""IN2_pin_level"": ""Low"", ""Node_type"": ""PS-LB"", ""Probe_mod"": 0, ""VDC_intput_V"": 0, ""Water_deep_cm"": 20.075}"
2025-09-18 18:52:34.552790487+00:00,ps-lb-18,2,-38,9.75,"{""Bat_V"": 3.558, ""Exti_pin_level"": ""Low"", ""Exti_status"": ""False"", ""IDC_intput_mA"": 5.606, ""IN1_pin_level"": ""Low"", ""IN2_pin_level"": ""Low"", ""Node_type"": ""PS-LB"", ""Probe_mod"": 0, ""VDC_intput_V"": 0, ""Water_deep_cm"": 20.075}"
2025-09-18 19:02:34.411734021+00:00,ps-lb-18,2,-37,7.75,"{""Bat_V"": 3.558, ""Exti_pin_level"": ""Low"", ""Exti_status"": ""False"", ""IDC_intput_mA"": 5.606, ""IN1_pin_level"": ""Low"", ""IN2_pin_level"": ""Low"", ""Node_type"": ""PS-LB"", ""Probe_mod"": 0, ""VDC_intput_V"": 0, ""Water_deep_cm"": 20.075}"
2025-09-18 19:12:34.308534872+00:00,ps-lb-18,2,-38,9.5,"{""Bat_V"": 3.564, ""Exti_pin_level"": ""Low"", ""Exti_status"": ""False"", ""IDC_intput_mA"": 5.606, ""IN1_pin_level"": ""Low"", ""IN2_pin_level"": ""Low"", ""Node_type"": ""PS-LB"", ""Probe_mod"": 0, ""VDC_intput_V"": 0, ""Water_deep_cm"": 20.075}"
2025-09-18 19:22:34.172245787+00:00,ps-lb-18,2,-41,9.75,"{""Bat_V"": 3.558, ""Exti_pin_level"": ""Low"", ""Exti_status"": ""False"", ""IDC_intput_mA"": 5.606, ""IN1_pin_level"": ""Low"", ""IN2_pin_level"": ""Low"", ""Node_type"": ""PS-LB"", ""Probe_mod"": 0, ""VDC_intput_V"": 0, ""Water_deep_cm"": 20.075}"
2025-09-18 19:32:34.066535608+00:00,ps-lb-18,2,-39,10.0,"{""Bat_V"": 3.564, ""Exti_pin_level"": ""Low"", ""Exti_status"": ""False"", ""IDC_intput_mA"": 5.606, ""IN1_pin_level"": ""Low"", ""IN2_pin_level"": ""Low"", ""Node_type"": ""PS-LB"", ""Probe_mod"": 0, ""VDC_intput_V"": 0, ""Water_deep_cm"": 20.075}"
2025-09-18 19:42:33.949894223+00:00,ps-lb-18,2,-38,8.75,"{""Bat_V"": 3.564, ""Exti_pin_level"": ""Low"", ""Exti_status"": ""False"", ""IDC_intput_mA"": 5.606, ""IN1_pin_level"": ""Low"", ""IN2_pin_level"": ""Low"", ""Node_type"": ""PS-LB"", ""Probe_mod"": 0, ""VDC_intput_V"": 0, ""Water_deep_cm"": 20.075}"
2025-09-18 19:52:33.811473195+00:00,ps-lb-18,2,-39,8.0,"{""Bat_V"": 3.564, ""Exti_pin_level"": ""Low"", ""Exti_status"": ""False"", ""IDC_intput_mA"": 5.606, ""IN1_pin_level"": ""Low"", ""IN2_pin_level"": ""Low"", ""Node_type"": ""PS-LB"", ""Probe_mod"": 0, ""VDC_intput_V"": 0, ""Water_deep_cm"": 20.075}"
2025-09-18 20:02:33.682429273+00:00,ps-lb-18,2,-124,-7.2,"{""Bat_V"": 3.564, ""Exti_pin_level"": ""Low"", ""Exti_status"": ""False"", ""IDC_intput_mA"": 5.606, ""IN1_pin_level"": ""Low"", ""IN2_pin_level"": ""Low"", ""Node_type"": ""PS-LB"", ""Probe_mod"": 0, ""VDC_intput_V"": 0, ""Water_deep_cm"": 20.075}"
2025-09-18 20:12:33.568563787+00:00,ps-lb-18,2,-43,10.25,"{""Bat_V"": 3.564, ""Exti_pin_level"": ""Low"", ""Exti_status"": ""False"", ""IDC_intput_mA"": 5.606, ""IN1_pin_level"": ""Low"", ""IN2_pin_level"": ""Low"", ""Node_type"": ""PS-LB"", ""Probe_mod"": 0, ""VDC_intput_V"": 0, ""Water_deep_cm"": 20.075}"
2025-09-18 20:22:33.446005863+00:00,ps-lb-18,2,-39,9.5,"{""Bat_V"": 3.564, ""Exti_pin_level"": ""Low"", ""Exti_status"": ""False"", ""IDC_intput_mA"": 5.606, ""IN1_pin_level"": ""Low"", ""IN2_pin_level"": ""Low"", ""Node_type"": ""PS-LB"", ""Probe_mod"": 0, ""VDC_intput_V"": 0, ""Water_deep_cm"": 20.075}"
2025-09-18 20:32:33.333451746+00:00,ps-lb-18,2,-125,-9.25,"{""Bat_V"": 3.564, ""Exti_pin_level"": ""Low"", ""Exti_status"": ""False"", ""IDC_intput_mA"": 5.606, ""IN1_pin_level"": ""Low"", ""IN2_pin_level"": ""Low"", ""Node_type"": ""PS-LB"", ""Probe_mod"": 0, ""VDC_intput_V"": 0, ""Water_deep_cm"": 20.075}"
2025-09-18 20:42:33.204169464+00:00,ps-lb-18,2,-43,10.25,"{""Bat_V"": 3.564, ""Exti_pin_level"": ""Low"", ""Exti_status"": ""False"", ""IDC_intput_mA"": 5.606, ""IN1_pin_level"": ""Low"", ""IN2_pin_level"": ""Low"", ""Node_type"": ""PS-LB"", ""Probe_mod"": 0, ""VDC_intput_V"": 0, ""Water_deep_cm"": 20.075}"
2025-09-18 20:52:33.074655407+00:00,ps-lb-18,2,-39,7.75,"{""Bat_V"": 3.564, ""Exti_pin_level"": ""Low"", ""Exti_status"": ""False"", ""IDC_intput_mA"": 5.606, ""IN1_pin_level"": ""Low"", ""IN2_pin_level"": ""Low"", ""Node_type"": ""PS-LB"", ""Probe_mod"": 0, ""VDC_intput_V"": 0, ""Water_deep_cm"": 20.075}"
2025-09-18 21:02:32.967739536+00:00,ps-lb-18,2,-38,9.0,"{""Bat_V"": 3.564, ""Exti_pin_level"": ""Low"", ""Exti_status"": ""False"", ""IDC_intput_mA"": 5.606, ""IN1_pin_level"": ""Low"", ""IN2_pin_level"": ""Low"", ""Node_type"": ""PS-LB"", ""Probe_mod"": 0, ""VDC_intput_V"": 0, ""Water_deep_cm"": 20.075}"
2025-09-18 21:12:32.845420990+00:00,ps-lb-18,2,-43,11.0,"{""Bat_V"": 3.564, ""Exti_pin_level"": ""Low"", ""Exti_status"": ""False"", ""IDC_intput_mA"": 5.606, ""IN1_pin_level"": ""Low"", ""IN2_pin_level"": ""Low"", ""Node_type"": ""PS-LB"", ""Probe_mod"": 0, ""VDC_intput_V"": 0, ""Water_deep_cm"": 20.075}"
2025-09-18 21:22:32.734954879+00:00,ps-lb-18,2,-41,9.25,"{""Bat_V"": 3.564, ""Exti_pin_level"": ""Low"", ""Exti_status"": ""False"", ""IDC_intput_mA"": 5.606, ""IN1_pin_level"": ""Low"", ""IN2_pin_level"": ""Low"", ""Node_type"": ""PS-LB"", ""Probe_mod"": 0, ""VDC_intput_V"": 0, ""Water_deep_cm"": 20.075}"
2025-09-18 21:32:32.625858591+00:00,ps-lb-18,2,-41,10.0,"{""Bat_V"": 3.564, ""Exti_pin_level"": ""Low"", ""Exti_status"": ""False"", ""IDC_intput_mA"": 5.606, ""IN1_pin_level"": ""Low"", ""IN2_pin_level"": ""Low"", ""Node_type"": ""PS-LB"", ""Probe_mod"": 0, ""VDC_intput_V"": 0, ""Water_deep_cm"": 20.075}"
2025-09-18 21:42:32.474241761+00:00,ps-lb-18,2,-41,9.75,"{""Bat_V"": 3.564, ""Exti_pin_level"": ""Low"", ""Exti_status"": ""False"", ""IDC_intput_mA"": 5.606, ""IN1_pin_level"": ""Low"", ""IN2_pin_level"": ""Low"", ""Node_type"": ""PS-LB"", ""Probe_mod"": 0, ""VDC_intput_V"": 0, ""Water_deep_cm"": 20.075}"
2025-09-18 21:52:32.370482751+00:00,ps-lb-18,2,-41,9.0,"{""Bat_V"": 3.564, ""Exti_pin_level"": ""Low"", ""Exti_status"": ""False"", ""IDC_intput_mA"": 5.606, ""IN1_pin_level"": ""Low"", ""IN2_pin_level"": ""Low"", ""Node_type"": ""PS-LB"", ""Probe_mod"": 0, ""VDC_intput_V"": 0, ""Water_deep_cm"": 20.075}"
2025-09-18 22:02:32.257400054+00:00,ps-lb-18,2,-41,9.75,"{""Bat_V"": 3.564, ""Exti_pin_level"": ""Low"", ""Exti_status"": ""False"", ""IDC_intput_mA"": 5.606, ""IN1_pin_level"": ""Low"", ""IN2_pin_level"": ""Low"", ""Node_type"": ""PS-LB"", ""Probe_mod"": 0, ""VDC_intput_V"": 0, ""Water_deep_cm"": 20.075}"
2025-09-18 22:12:32.114264784+00:00,ps-lb-18,2,-39,8.0,"{""Bat_V"": 3.564, ""Exti_pin_level"": ""Low"", ""Exti_status"": ""False"", ""IDC_intput_mA"": 5.606, ""IN1_pin_level"": ""Low"", ""IN2_pin_level"": ""Low"", ""Node_type"": ""PS-LB"", ""Probe_mod"": 0, ""VDC_intput_V"": 0, ""Water_deep_cm"": 20.075}"
2025-09-18 22:22:31.993129328+00:00,ps-lb-18,2,-124,-8.5,"{""Bat_V"": 3.564, ""Exti_pin_level"": ""Low"", ""Exti_status"": ""False"", ""IDC_intput_mA"": 5.606, ""IN1_pin_level"": ""Low"", ""IN2_pin_level"": ""Low"", ""Node_type"": ""PS-LB"", ""Probe_mod"": 0, ""VDC_intput_V"": 0, ""Water_deep_cm"": 20.075}"
2025-09-18 22:32:31.944143454+00:00,ps-lb-18,2,-41,9.75,"{""Bat_V"": 3.57, ""Exti_pin_level"": ""Low"", ""Exti_status"": ""False"", ""IDC_intput_mA"": 5.606, ""IN1_pin_level"": ""Low"", ""IN2_pin_level"": ""Low"", ""Node_type"": ""PS-LB"", ""Probe_mod"": 0, ""VDC_intput_V"": 0, ""Water_deep_cm"": 20.075}"
2025-09-18 22:42:31.775855708+00:00,ps-lb-18,2,-38,9.75,"{""Bat_V"": 3.564, ""Exti_pin_level"": ""Low"", ""Exti_status"": ""False"", ""IDC_intput_mA"": 5.606, ""IN1_pin_level"": ""Low"", ""IN2_pin_level"": ""Low"", ""Node_type"": ""PS-LB"", ""Probe_mod"": 0, ""VDC_intput_V"": 0, ""Water_deep_cm"": 20.075}"
2025-09-18 22:52:31.652146225+00:00,ps-lb-18,2,-44,9.75,"{""Bat_V"": 3.564, ""Exti_pin_level"": ""Low"", ""Exti_status"": ""False"", ""IDC_intput_mA"": 5.606, ""IN1_pin_level"": ""Low"", ""IN2_pin_level"": ""Low"", ""Node_type"": ""PS-LB"", ""Probe_mod"": 0, ""VDC_intput_V"": 0, ""Water_deep_cm"": 20.075}"
2025-09-18 23:02:31.519690483+00:00,ps-lb-18,2,-41,10.25,"{""Bat_V"": 3.564, ""Exti_pin_level"": ""Low"", ""Exti_status"": ""False"", ""IDC_intput_mA"": 5.607, ""IN1_pin_level"": ""Low"", ""IN2_pin_level"": ""Low"", ""Node_type"": ""PS-LB"", ""Probe_mod"": 0, ""VDC_intput_V"": 0, ""Water_deep_cm"": 20.088}"
2025-09-18 23:12:31.405590927+00:00,ps-lb-18,2,-42,9.75,"{""Bat_V"": 3.57, ""Exti_pin_level"": ""Low"", ""Exti_status"": ""False"", ""IDC_intput_mA"": 5.606, ""IN1_pin_level"": ""Low"", ""IN2_pin_level"": ""Low"", ""Node_type"": ""PS-LB"", ""Probe_mod"": 0, ""VDC_intput_V"": 0, ""Water_deep_cm"": 20.075}"
2025-09-18 23:22:31.292843586+00:00,ps-lb-18,2,-44,8.5,"{""Bat_V"": 3.564, ""Exti_pin_level"": ""Low"", ""Exti_status"": ""False"", ""IDC_intput_mA"": 5.606, ""IN1_pin_level"": ""Low"", ""IN2_pin_level"": ""Low"", ""Node_type"": ""PS-LB"", ""Probe_mod"": 0, ""VDC_intput_V"": 0, ""Water_deep_cm"": 20.075}"
2025-09-18 23:32:31.184113937+00:00,ps-lb-18,2,-42,9.0,"{""Bat_V"": 3.57, ""Exti_pin_level"": ""Low"", ""Exti_status"": ""False"", ""IDC_intput_mA"": 5.606, ""IN1_pin_level"": ""Low"", ""IN2_pin_level"": ""Low"", ""Node_type"": ""PS-LB"", ""Probe_mod"": 0, ""VDC_intput_V"": 0, ""Water_deep_cm"": 20.075}"
2025-09-18 23:42:31.043843154+00:00,ps-lb-18,2,-42,8.25,"{""Bat_V"": 3.57, ""Exti_pin_level"": ""Low"", ""Exti_status"": ""False"", ""IDC_intput_mA"": 5.606, ""IN1_pin_level"": ""Low"", ""IN2_pin_level"": ""Low"", ""Node_type"": ""PS-LB"", ""Probe_mod"": 0, ""VDC_intput_V"": 0, ""Water_deep_cm"": 20.075}"
2025-09-18 23:52:30.931132514+00:00,ps-lb-18,2,-49,7.0,"{""Bat_V"": 3.57, ""Exti_pin_level"": ""Low"", ""Exti_status"": ""False"", ""IDC_intput_mA"": 5.606, ""IN1_pin_level"": ""Low"", ""IN2_pin_level"": ""Low"", ""Node_type"": ""PS-LB"", ""Probe_mod"": 0, ""VDC_intput_V"": 0, ""Water_deep_cm"": 20.075}"
2025-09-19 00:02:30.786973376+00:00,ps-lb-18,2,-42,9.0,"{""Bat_V"": 3.57, ""Exti_pin_level"": ""Low"", ""Exti_status"": ""False"", ""IDC_intput_mA"": 5.606, ""IN1_pin_level"": ""Low"", ""IN2_pin_level"": ""Low"", ""Node_type"": ""PS-LB"", ""Probe_mod"": 0, ""VDC_intput_V"": 0, ""Water_deep_cm"": 20.075}"
2025-09-19 00:12:30.678611240+00:00,ps-lb-18,2,-45,9.5,"{""Bat_V"": 3.57, ""Exti_pin_level"": ""Low"", ""Exti_status"": ""False"", ""IDC_intput_mA"": 5.606, ""IN1_pin_level"": ""Low"", ""IN2_pin_level"": ""Low"", ""Node_type"": ""PS-LB"", ""Probe_mod"": 0, ""VDC_intput_V"": 0, ""Water_deep_cm"": 20.075}"
2025-09-19 00:22:30.550534618+00:00,ps-lb-18,2,-44,7.25,"{""Bat_V"": 3.57, ""Exti_pin_level"": ""Low"", ""Exti_status"": ""False"", ""IDC_intput_mA"": 5.606, ""IN1_pin_level"": ""Low"", ""IN2_pin_level"": ""Low"", ""Node_type"": ""PS-LB"", ""Probe_mod"": 0, ""VDC_intput_V"": 0, ""Water_deep_cm"": 20.075}"
2025-09-19 00:32:30.429235467+00:00,ps-lb-18,2,-42,10.0,"{""Bat_V"": 3.57, ""Exti_pin_level"": ""Low"", ""Exti_status"": ""False"", ""IDC_intput_mA"": 5.606, ""IN1_pin_level"": ""Low"", ""IN2_pin_level"": ""Low"", ""Node_type"": ""PS-LB"", ""Probe_mod"": 0, ""VDC_intput_V"": 0, ""Water_deep_cm"": 20.075}"
2025-09-19 00:42:30.329805928+00:00,ps-lb-18,2,-43,8.5,"{""Bat_V"": 3.57, ""Exti_pin_level"": ""Low"", ""Exti_status"": ""False"", ""IDC_intput_mA"": 5.606, ""IN1_pin_level"": ""Low"", ""IN2_pin_level"": ""Low"", ""Node_type"": ""PS-LB"", ""Probe_mod"": 0, ""VDC_intput_V"": 0, ""Water_deep_cm"": 20.075}"
2025-09-19 00:52:30.190842169+00:00,ps-lb-18,2,-42,7.75,"{""Bat_V"": 3.57, ""Exti_pin_level"": ""Low"", ""Exti_status"": ""False"", ""IDC_intput_mA"": 5.606, ""IN1_pin_level"": ""Low"", ""IN2_pin_level"": ""Low"", ""Node_type"": ""PS-LB"", ""Probe_mod"": 0, ""VDC_intput_V"": 0, ""Water_deep_cm"": 20.075}"
2025-09-19 01:02:30.066292903+00:00,ps-lb-18,2,-43,9.5,"{""Bat_V"": 3.57, ""Exti_pin_level"": ""Low"", ""Exti_status"": ""False"", ""IDC_intput_mA"": 5.606, ""IN1_pin_level"": ""Low"", ""IN2_pin_level"": ""Low"", ""Node_type"": ""PS-LB"", ""Probe_mod"": 0, ""VDC_intput_V"": 0, ""Water_deep_cm"": 20.075}"
2025-09-19 01:12:29.949366159+00:00,ps-lb-18,2,-44,9.75,"{""Bat_V"": 3.57, ""Exti_pin_level"": ""Low"", ""Exti_status"": ""False"", ""IDC_intput_mA"": 5.606, ""IN1_pin_level"": ""Low"", ""IN2_pin_level"": ""Low"", ""Node_type"": ""PS-LB"", ""Probe_mod"": 0, ""VDC_intput_V"": 0, ""Water_deep_cm"": 20.075}"
2025-09-19 01:22:29.814100110+00:00,ps-lb-18,2,-42,9.0,"{""Bat_V"": 3.57, ""Exti_pin_level"": ""Low"", ""Exti_status"": ""False"", ""IDC_intput_mA"": 5.605, ""IN1_pin_level"": ""Low"", ""IN2_pin_level"": ""Low"", ""Node_type"": ""PS-LB"", ""Probe_mod"": 0, ""VDC_intput_V"": 0, ""Water_deep_cm"": 20.063}"
2025-09-19 01:32:29.702885220+00:00,ps-lb-18,2,-44,11.0,"{""Bat_V"": 3.57, ""Exti_pin_level"": ""Low"", ""Exti_status"": ""False"", ""IDC_intput_mA"": 5.606, ""IN1_pin_level"": ""Low"", ""IN2_pin_level"": ""Low"", ""Node_type"": ""PS-LB"", ""Probe_mod"": 0, ""VDC_intput_V"": 0, ""Water_deep_cm"": 20.075}"
2025-09-19 01:42:29.596441363+00:00,ps-lb-18,2,-43,9.25,"{""Bat_V"": 3.57, ""Exti_pin_level"": ""Low"", ""Exti_status"": ""False"", ""IDC_intput_mA"": 5.606, ""IN1_pin_level"": ""Low"", ""IN2_pin_level"": ""Low"", ""Node_type"": ""PS-LB"", ""Probe_mod"": 0, ""VDC_intput_V"": 0, ""Water_deep_cm"": 20.075}"
2025-09-19 01:52:29.457357789+00:00,ps-lb-18,2,-43,9.25,"{""Bat_V"": 3.57, ""Exti_pin_level"": ""Low"", ""Exti_status"": ""False"", ""IDC_intput_mA"": 5.606, ""IN1_pin_level"": ""Low"", ""IN2_pin_level"": ""Low"", ""Node_type"": ""PS-LB"", ""Probe_mod"": 0, ""VDC_intput_V"": 0, ""Water_deep_cm"": 20.075}"
2025-09-19 02:02:29.346761502+00:00,ps-lb-18,2,-44,10.75,"{""Bat_V"": 3.57, ""Exti_pin_level"": ""Low"", ""Exti_status"": ""False"", ""IDC_intput_mA"": 5.606, ""IN1_pin_level"": ""Low"", ""IN2_pin_level"": ""Low"", ""Node_type"": ""PS-LB"", ""Probe_mod"": 0, ""VDC_intput_V"": 0, ""Water_deep_cm"": 20.075}"
2025-09-19 02:12:29.232762282+00:00,ps-lb-18,2,-41,7.75,"{""Bat_V"": 3.57, ""Exti_pin_level"": ""Low"", ""Exti_status"": ""False"", ""IDC_intput_mA"": 5.605, ""IN1_pin_level"": ""Low"", ""IN2_pin_level"": ""Low"", ""Node_type"": ""PS-LB"", ""Probe_mod"": 0, ""VDC_intput_V"": 0, ""Water_deep_cm"": 20.063}"
2025-09-19 02:22:29.097186497+00:00,ps-lb-18,2,-42,6.5,"{""Bat_V"": 3.57, ""Exti_pin_level"": ""Low"", ""Exti_status"": ""False"", ""IDC_intput_mA"": 5.606, ""IN1_pin_level"": ""Low"", ""IN2_pin_level"": ""Low"", ""Node_type"": ""PS-LB"", ""Probe_mod"": 0, ""VDC_intput_V"": 0, ""Water_deep_cm"": 20.075}"
2025-09-19 02:32:28.982788605+00:00,ps-lb-18,2,-43,7.25,"{""Bat_V"": 3.57, ""Exti_pin_level"": ""Low"", ""Exti_status"": ""False"", ""IDC_intput_mA"": 5.606, ""IN1_pin_level"": ""Low"", ""IN2_pin_level"": ""Low"", ""Node_type"": ""PS-LB"", ""Probe_mod"": 0, ""VDC_intput_V"": 0, ""Water_deep_cm"": 20.075}"
2025-09-19 02:42:28.860826861+00:00,ps-lb-18,2,-42,10.75,"{""Bat_V"": 3.57, ""Exti_pin_level"": ""Low"", ""Exti_status"": ""False"", ""IDC_intput_mA"": 5.605, ""IN1_pin_level"": ""Low"", ""IN2_pin_level"": ""Low"", ""Node_type"": ""PS-LB"", ""Probe_mod"": 0, ""VDC_intput_V"": 0, ""Water_deep_cm"": 20.063}"
2025-09-19 02:52:28.741452797+00:00,ps-lb-18,2,-43,9.0,"{""Bat_V"": 3.57, ""Exti_pin_level"": ""Low"", ""Exti_status"": ""False"", ""IDC_intput_mA"": 5.606, ""IN1_pin_level"": ""Low"", ""IN2_pin_level"": ""Low"", ""Node_type"": ""PS-LB"", ""Probe_mod"": 0, ""VDC_intput_V"": 0, ""Water_deep_cm"": 20.075}"
2025-09-19 03:02:28.622285092+00:00,ps-lb-18,2,-42,10.5,"{""Bat_V"": 3.57, ""Exti_pin_level"": ""Low"", ""Exti_status"": ""False"", ""IDC_intput_mA"": 5.605, ""IN1_pin_level"": ""Low"", ""IN2_pin_level"": ""Low"", ""Node_type"": ""PS-LB"", ""Probe_mod"": 0, ""VDC_intput_V"": 0, ""Water_deep_cm"": 20.063}"
2025-09-19 03:12:28.482460100+00:00,ps-lb-18,2,-40,9.25,"{""Bat_V"": 3.57, ""Exti_pin_level"": ""Low"", ""Exti_status"": ""False"", ""IDC_intput_mA"": 5.605, ""IN1_pin_level"": ""Low"", ""IN2_pin_level"": ""Low"", ""Node_type"": ""PS-LB"", ""Probe_mod"": 0, ""VDC_intput_V"": 0, ""Water_deep_cm"": 20.063}"
2025-09-19 03:22:28.365362153+00:00,ps-lb-18,2,-43,8.75,"{""Bat_V"": 3.57, ""Exti_pin_level"": ""Low"", ""Exti_status"": ""False"", ""IDC_intput_mA"": 5.605, ""IN1_pin_level"": ""Low"", ""IN2_pin_level"": ""Low"", ""Node_type"": ""PS-LB"", ""Probe_mod"": 0, ""VDC_intput_V"": 0, ""Water_deep_cm"": 20.063}"
2025-09-19 03:32:28.263890153+00:00,ps-lb-18,2,-41,8.0,"{""Bat_V"": 3.576, ""Exti_pin_level"": ""Low"", ""Exti_status"": ""False"", ""IDC_intput_mA"": 5.605, ""IN1_pin_level"": ""Low"", ""IN2_pin_level"": ""Low"", ""Node_type"": ""PS-LB"", ""Probe_mod"": 0, ""VDC_intput_V"": 0, ""Water_deep_cm"": 20.063}"
2025-09-19 03:42:28.141545907+00:00,ps-lb-18,2,-41,8.5,"{""Bat_V"": 3.57, ""Exti_pin_level"": ""Low"", ""Exti_status"": ""False"", ""IDC_intput_mA"": 5.605, ""IN1_pin_level"": ""Low"", ""IN2_pin_level"": ""Low"", ""Node_type"": ""PS-LB"", ""Probe_mod"": 0, ""VDC_intput_V"": 0, ""Water_deep_cm"": 20.063}"
2025-09-19 03:52:28.011587650+00:00,ps-lb-18,2,-44,10.25,"{""Bat_V"": 3.576, ""Exti_pin_level"": ""Low"", ""Exti_status"": ""False"", ""IDC_intput_mA"": 5.605, ""IN1_pin_level"": ""Low"", ""IN2_pin_level"": ""Low"", ""Node_type"": ""PS-LB"", ""Probe_mod"": 0, ""VDC_intput_V"": 0, ""Water_deep_cm"": 20.063}"
2025-09-19 04:02:27.890768963+00:00,ps-lb-18,2,-42,10.25,"{""Bat_V"": 3.57, ""Exti_pin_level"": ""Low"", ""Exti_status"": ""False"", ""IDC_intput_mA"": 5.605, ""IN1_pin_level"": ""Low"", ""IN2_pin_level"": ""Low"", ""Node_type"": ""PS-LB"", ""Probe_mod"": 0, ""VDC_intput_V"": 0, ""Water_deep_cm"": 20.063}"
2025-09-19 04:12:27.769680139+00:00,ps-lb-18,2,-43,10.25,"{""Bat_V"": 3.57, ""Exti_pin_level"": ""Low"", ""Exti_status"": ""False"", ""IDC_intput_mA"": 5.605, ""IN1_pin_level"": ""Low"", ""IN2_pin_level"": ""Low"", ""Node_type"": ""PS-LB"", ""Probe_mod"": 0, ""VDC_intput_V"": 0, ""Water_deep_cm"": 20.063}"
2025-09-19 04:22:27.631381216+00:00,ps-lb-18,2,-42,9.0,"{""Bat_V"": 3.576, ""Exti_pin_level"": ""Low"", ""Exti_status"": ""False"", ""IDC_intput_mA"": 5.605, ""IN1_pin_level"": ""Low"", ""IN2_pin_level"": ""Low"", ""Node_type"": ""PS-LB"", ""Probe_mod"": 0, ""VDC_intput_V"": 0, ""Water_deep_cm"": 20.063}"
2025-09-19 04:32:27.538515298+00:00,ps-lb-18,2,-44,9.25,"{""Bat_V"": 3.576, ""Exti_pin_level"": ""Low"", ""Exti_status"": ""False"", ""IDC_intput_mA"": 5.605, ""IN1_pin_level"": ""Low"", ""IN2_pin_level"": ""Low"", ""Node_type"": ""PS-LB"", ""Probe_mod"": 0, ""VDC_intput_V"": 0, ""Water_deep_cm"": 20.063}"
2025-09-19 04:42:27.409398952+00:00,ps-lb-18,2,-44,9.75,"{""Bat_V"": 3.57, ""Exti_pin_level"": ""Low"", ""Exti_status"": ""False"", ""IDC_intput_mA"": 5.605, ""IN1_pin_level"": ""Low"", ""IN2_pin_level"": ""Low"", ""Node_type"": ""PS-LB"", ""Probe_mod"": 0, ""VDC_intput_V"": 0, ""Water_deep_cm"": 20.063}"
2025-09-19 04:52:27.286238056+00:00,ps-lb-18,2,-40,7.75,"{""Bat_V"": 3.57, ""Exti_pin_level"": ""Low"", ""Exti_status"": ""False"", ""IDC_intput_mA"": 5.605, ""IN1_pin_level"": ""Low"", ""IN2_pin_level"": ""Low"", ""Node_type"": ""PS-LB"", ""Probe_mod"": 0, ""VDC_intput_V"": 0, ""Water_deep_cm"": 20.063}"
2025-09-19 05:02:27.172288709+00:00,ps-lb-18,2,-41,9.5,"{""Bat_V"": 3.576, ""Exti_pin_level"": ""Low"", ""Exti_status"": ""False"", ""IDC_intput_mA"": 5.605, ""IN1_pin_level"": ""Low"", ""IN2_pin_level"": ""Low"", ""Node_type"": ""PS-LB"", ""Probe_mod"": 0, ""VDC_intput_V"": 0, ""Water_deep_cm"": 20.063}"
2025-09-19 05:12:27.044041934+00:00,ps-lb-18,2,-42,9.5,"{""Bat_V"": 3.576, ""Exti_pin_level"": ""Low"", ""Exti_status"": ""False"", ""IDC_intput_mA"": 5.605, ""IN1_pin_level"": ""Low"", ""IN2_pin_level"": ""Low"", ""Node_type"": ""PS-LB"", ""Probe_mod"": 0, ""VDC_intput_V"": 0, ""Water_deep_cm"": 20.063}"
2025-09-19 05:22:26.932864509+00:00,ps-lb-18,2,-41,9.5,"{""Bat_V"": 3.57, ""Exti_pin_level"": ""Low"", ""Exti_status"": ""False"", ""IDC_intput_mA"": 5.605, ""IN1_pin_level"": ""Low"", ""IN2_pin_level"": ""Low"", ""Node_type"": ""PS-LB"", ""Probe_mod"": 0, ""VDC_intput_V"": 0, ""Water_deep_cm"": 20.063}"
2025-09-19 05:32:26.796078486+00:00,ps-lb-18,2,-45,11.0,"{""Bat_V"": 3.576, ""Exti_pin_level"": ""Low"", ""Exti_status"": ""False"", ""IDC_intput_mA"": 5.605, ""IN1_pin_level"": ""Low"", ""IN2_pin_level"": ""Low"", ""Node_type"": ""PS-LB"", ""Probe_mod"": 0, ""VDC_intput_V"": 0, ""Water_deep_cm"": 20.063}"
2025-09-19 05:42:26.711005897+00:00,ps-lb-18,2,-50,8.0,"{""Bat_V"": 3.576, ""Exti_pin_level"": ""Low"", ""Exti_status"": ""False"", ""IDC_intput_mA"": 5.605, ""IN1_pin_level"": ""Low"", ""IN2_pin_level"": ""Low"", ""Node_type"": ""PS-LB"", ""Probe_mod"": 0, ""VDC_intput_V"": 0, ""Water_deep_cm"": 20.063}"
2025-09-19 05:52:26.550151887+00:00,ps-lb-18,2,-40,9.75,"{""Bat_V"": 3.57, ""Exti_pin_level"": ""Low"", ""Exti_status"": ""False"", ""IDC_intput_mA"": 5.605, ""IN1_pin_level"": ""Low"", ""IN2_pin_level"": ""Low"", ""Node_type"": ""PS-LB"", ""Probe_mod"": 0, ""VDC_intput_V"": 0, ""Water_deep_cm"": 20.063}"
2025-09-19 06:02:26.432666426+00:00,ps-lb-18,2,-44,9.75,"{""Bat_V"": 3.576, ""Exti_pin_level"": ""Low"", ""Exti_status"": ""False"", ""IDC_intput_mA"": 5.605, ""IN1_pin_level"": ""Low"", ""IN2_pin_level"": ""Low"", ""Node_type"": ""PS-LB"", ""Probe_mod"": 0, ""VDC_intput_V"": 0, ""Water_deep_cm"": 20.063}"
2025-09-19 06:12:26.342500789+00:00,ps-lb-18,2,-42,9.25,"{""Bat_V"": 3.576, ""Exti_pin_level"": ""Low"", ""Exti_status"": ""False"", ""IDC_intput_mA"": 5.605, ""IN1_pin_level"": ""Low"", ""IN2_pin_level"": ""Low"", ""Node_type"": ""PS-LB"", ""Probe_mod"": 0, ""VDC_intput_V"": 0, ""Water_deep_cm"": 20.063}"
2025-09-19 06:22:26.194319846+00:00,ps-lb-18,2,-43,8.25,"{""Bat_V"": 3.576, ""Exti_pin_level"": ""Low"", ""Exti_status"": ""False"", ""IDC_intput_mA"": 5.605, ""IN1_pin_level"": ""Low"", ""IN2_pin_level"": ""Low"", ""Node_type"": ""PS-LB"", ""Probe_mod"": 0, ""VDC_intput_V"": 0, ""Water_deep_cm"": 20.063}"
2025-09-19 06:32:26.076843140+00:00,ps-lb-18,2,-43,7.5,"{""Bat_V"": 3.576, ""Exti_pin_level"": ""Low"", ""Exti_status"": ""False"", ""IDC_intput_mA"": 5.605, ""IN1_pin_level"": ""Low"", ""IN2_pin_level"": ""Low"", ""Node_type"": ""PS-LB"", ""Probe_mod"": 0, ""VDC_intput_V"": 0, ""Water_deep_cm"": 20.063}"
2025-09-19 06:42:25.958051437+00:00,ps-lb-18,2,-40,9.0,"{""Bat_V"": 3.57, ""Exti_pin_level"": ""Low"", ""Exti_status"": ""False"", ""IDC_intput_mA"": 5.603, ""IN1_pin_level"": ""Low"", ""IN2_pin_level"": ""Low"", ""Node_type"": ""PS-LB"", ""Probe_mod"": 0, ""VDC_intput_V"": 0, ""Water_deep_cm"": 20.037}"
2025-09-19 06:52:25.830741488+00:00,ps-lb-18,2,-41,9.25,"{""Bat_V"": 3.576, ""Exti_pin_level"": ""Low"", ""Exti_status"": ""False"", ""IDC_intput_mA"": 5.604, ""IN1_pin_level"": ""Low"", ""IN2_pin_level"": ""Low"", ""Node_type"": ""PS-LB"", ""Probe_mod"": 0, ""VDC_intput_V"": 0, ""Water_deep_cm"": 20.05}"
2025-09-19 07:02:25.720013036+00:00,ps-lb-18,2,-42,9.25,"{""Bat_V"": 3.576, ""Exti_pin_level"": ""Low"", ""Exti_status"": ""False"", ""IDC_intput_mA"": 5.605, ""IN1_pin_level"": ""Low"", ""IN2_pin_level"": ""Low"", ""Node_type"": ""PS-LB"", ""Probe_mod"": 0, ""VDC_intput_V"": 0, ""Water_deep_cm"": 20.063}"
2025-09-19 07:12:25.628094583+00:00,ps-lb-18,2,-42,10.25,"{""Bat_V"": 3.576, ""Exti_pin_level"": ""Low"", ""Exti_status"": ""False"", ""IDC_intput_mA"": 5.605, ""IN1_pin_level"": ""Low"", ""IN2_pin_level"": ""Low"", ""Node_type"": ""PS-LB"", ""Probe_mod"": 0, ""VDC_intput_V"": 0, ""Water_deep_cm"": 20.063}"
2025-09-19 07:22:25.471784058+00:00,ps-lb-18,2,-45,9.75,"{""Bat_V"": 3.57, ""Exti_pin_level"": ""Low"", ""Exti_status"": ""False"", ""IDC_intput_mA"": 5.604, ""IN1_pin_level"": ""Low"", ""IN2_pin_level"": ""Low"", ""Node_type"": ""PS-LB"", ""Probe_mod"": 0, ""VDC_intput_V"": 0, ""Water_deep_cm"": 20.05}"
2025-09-19 07:32:25.364697895+00:00,ps-lb-18,2,-42,7.25,"{""Bat_V"": 3.576, ""Exti_pin_level"": ""Low"", ""Exti_status"": ""False"", ""IDC_intput_mA"": 5.605, ""IN1_pin_level"": ""Low"", ""IN2_pin_level"": ""Low"", ""Node_type"": ""PS-LB"", ""Probe_mod"": 0, ""VDC_intput_V"": 0, ""Water_deep_cm"": 20.063}"
2025-09-19 07:42:25.244323682+00:00,ps-lb-18,2,-42,7.5,"{""Bat_V"": 3.57, ""Exti_pin_level"": ""Low"", ""Exti_status"": ""False"", ""IDC_intput_mA"": 5.604, ""IN1_pin_level"": ""Low"", ""IN2_pin_level"": ""Low"", ""Node_type"": ""PS-LB"", ""Probe_mod"": 0, ""VDC_intput_V"": 0, ""Water_deep_cm"": 20.05}"
2025-09-19 07:52:25.110083504+00:00,ps-lb-18,2,-42,9.5,"{""Bat_V"": 3.576, ""Exti_pin_level"": ""Low"", ""Exti_status"": ""False"", ""IDC_intput_mA"": 5.604, ""IN1_pin_level"": ""Low"", ""IN2_pin_level"": ""Low"", ""Node_type"": ""PS-LB"", ""Probe_mod"": 0, ""VDC_intput_V"": 0, ""Water_deep_cm"": 20.05}"
2025-09-19 08:02:25.006340303+00:00,ps-lb-18,2,-41,10.75,"{""Bat_V"": 3.576, ""Exti_pin_level"": ""Low"", ""Exti_status"": ""False"", ""IDC_intput_mA"": 5.604, ""IN1_pin_level"": ""Low"", ""IN2_pin_level"": ""Low"", ""Node_type"": ""PS-LB"", ""Probe_mod"": 0, ""VDC_intput_V"": 0, ""Water_deep_cm"": 20.05}"
2025-09-19 08:12:24.882418100+00:00,ps-lb-18,2,-44,9.75,"{""Bat_V"": 3.57, ""Exti_pin_level"": ""Low"", ""Exti_status"": ""False"", ""IDC_intput_mA"": 5.604, ""IN1_pin_level"": ""Low"", ""IN2_pin_level"": ""Low"", ""Node_type"": ""PS-LB"", ""Probe_mod"": 0, ""VDC_intput_V"": 0, ""Water_deep_cm"": 20.05}"
2025-09-19 08:22:24.745952730+00:00,ps-lb-18,2,-50,7.0,"{""Bat_V"": 3.576, ""Exti_pin_level"": ""Low"", ""Exti_status"": ""False"", ""IDC_intput_mA"": 5.604, ""IN1_pin_level"": ""Low"", ""IN2_pin_level"": ""Low"", ""Node_type"": ""PS-LB"", ""Probe_mod"": 0, ""VDC_intput_V"": 0, ""Water_deep_cm"": 20.05}"
2025-09-19 08:32:24.642262668+00:00,ps-lb-18,2,-43,9.5,"{""Bat_V"": 3.576, ""Exti_pin_level"": ""Low"", ""Exti_status"": ""False"", ""IDC_intput_mA"": 5.604, ""IN1_pin_level"": ""Low"", ""IN2_pin_level"": ""Low"", ""Node_type"": ""PS-LB"", ""Probe_mod"": 0, ""VDC_intput_V"": 0, ""Water_deep_cm"": 20.05}"
2025-09-19 08:42:24.494163591+00:00,ps-lb-18,2,-43,9.5,"{""Bat_V"": 3.576, ""Exti_pin_level"": ""Low"", ""Exti_status"": ""False"", ""IDC_intput_mA"": 5.603, ""IN1_pin_level"": ""Low"", ""IN2_pin_level"": ""Low"", ""Node_type"": ""PS-LB"", ""Probe_mod"": 0, ""VDC_intput_V"": 0, ""Water_deep_cm"": 20.037}"
2025-09-19 08:52:24.403453945+00:00,ps-lb-18,2,-41,10.5,"{""Bat_V"": 3.576, ""Exti_pin_level"": ""Low"", ""Exti_status"": ""False"", ""IDC_intput_mA"": 5.604, ""IN1_pin_level"": ""Low"", ""IN2_pin_level"": ""Low"", ""Node_type"": ""PS-LB"", ""Probe_mod"": 0, ""VDC_intput_V"": 0, ""Water_deep_cm"": 20.05}"
2025-09-19 09:02:24.273020655+00:00,ps-lb-18,2,-43,9.0,"{""Bat_V"": 3.576, ""Exti_pin_level"": ""Low"", ""Exti_status"": ""False"", ""IDC_intput_mA"": 5.604, ""IN1_pin_level"": ""Low"", ""IN2_pin_level"": ""Low"", ""Node_type"": ""PS-LB"", ""Probe_mod"": 0, ""VDC_intput_V"": 0, ""Water_deep_cm"": 20.05}"
2025-09-19 09:12:24.151253400+00:00,ps-lb-18,2,-43,10.0,"{""Bat_V"": 3.576, ""Exti_pin_level"": ""Low"", ""Exti_status"": ""False"", ""IDC_intput_mA"": 5.604, ""IN1_pin_level"": ""Low"", ""IN2_pin_level"": ""Low"", ""Node_type"": ""PS-LB"", ""Probe_mod"": 0, ""VDC_intput_V"": 0, ""Water_deep_cm"": 20.05}"
2025-09-19 09:22:24.031971060+00:00,ps-lb-18,2,-42,9.75,"{""Bat_V"": 3.576, ""Exti_pin_level"": ""Low"", ""Exti_status"": ""False"", ""IDC_intput_mA"": 5.604, ""IN1_pin_level"": ""Low"", ""IN2_pin_level"": ""Low"", ""Node_type"": ""PS-LB"", ""Probe_mod"": 0, ""VDC_intput_V"": 0, ""Water_deep_cm"": 20.05}"
2025-09-19 09:32:23.904987648+00:00,ps-lb-18,2,-29,10.25,"{""Bat_V"": 3.576, ""Exti_pin_level"": ""Low"", ""Exti_status"": ""False"", ""IDC_intput_mA"": 5.604, ""IN1_pin_level"": ""Low"", ""IN2_pin_level"": ""Low"", ""Node_type"": ""PS-LB"", ""Probe_mod"": 0, ""VDC_intput_V"": 0, ""Water_deep_cm"": 20.05}"
2025-09-19 09:42:23.775978439+00:00,ps-lb-18,2,-31,7.75,"{""Bat_V"": 3.576, ""Exti_pin_level"": ""Low"", ""Exti_status"": ""False"", ""IDC_intput_mA"": 5.603, ""IN1_pin_level"": ""Low"", ""IN2_pin_level"": ""Low"", ""Node_type"": ""PS-LB"", ""Probe_mod"": 0, ""VDC_intput_V"": 0, ""Water_deep_cm"": 20.037}"
2025-09-19 09:52:23.673855729+00:00,ps-lb-18,2,-31,9.75,"{""Bat_V"": 3.576, ""Exti_pin_level"": ""Low"", ""Exti_status"": ""False"", ""IDC_intput_mA"": 5.604, ""IN1_pin_level"": ""Low"", ""IN2_pin_level"": ""Low"", ""Node_type"": ""PS-LB"", ""Probe_mod"": 0, ""VDC_intput_V"": 0, ""Water_deep_cm"": 20.05}"
2025-09-19 10:02:23.541866171+00:00,ps-lb-18,2,-29,9.75,"{""Bat_V"": 3.576, ""Exti_pin_level"": ""Low"", ""Exti_status"": ""False"", ""IDC_intput_mA"": 5.604, ""IN1_pin_level"": ""Low"", ""IN2_pin_level"": ""Low"", ""Node_type"": ""PS-LB"", ""Probe_mod"": 0, ""VDC_intput_V"": 0, ""Water_deep_cm"": 20.05}"
2025-09-19 10:12:23.423209488+00:00,ps-lb-18,2,-29,7.75,"{""Bat_V"": 3.576, ""Exti_pin_level"": ""Low"", ""Exti_status"": ""False"", ""IDC_intput_mA"": 5.604, ""IN1_pin_level"": ""Low"", ""IN2_pin_level"": ""Low"", ""Node_type"": ""PS-LB"", ""Probe_mod"": 0, ""VDC_intput_V"": 0, ""Water_deep_cm"": 20.05}"
2025-09-19 10:22:23.291659455+00:00,ps-lb-18,2,-29,11.0,"{""Bat_V"": 3.576, ""Exti_pin_level"": ""Low"", ""Exti_status"": ""False"", ""IDC_intput_mA"": 5.603, ""IN1_pin_level"": ""Low"", ""IN2_pin_level"": ""Low"", ""Node_type"": ""PS-LB"", ""Probe_mod"": 0, ""VDC_intput_V"": 0, ""Water_deep_cm"": 20.037}"
2025-09-19 10:32:23.181730418+00:00,ps-lb-18,2,-29,8.0,"{""Bat_V"": 3.576, ""Exti_pin_level"": ""Low"", ""Exti_status"": ""False"", ""IDC_intput_mA"": 5.603, ""IN1_pin_level"": ""Low"", ""IN2_pin_level"": ""Low"", ""Node_type"": ""PS-LB"", ""Probe_mod"": 0, ""VDC_intput_V"": 0, ""Water_deep_cm"": 20.037}"
2025-09-19 10:42:23.051833303+00:00,ps-lb-18,2,-29,10.5,"{""Bat_V"": 3.576, ""Exti_pin_level"": ""Low"", ""Exti_status"": ""False"", ""IDC_intput_mA"": 5.603, ""IN1_pin_level"": ""Low"", ""IN2_pin_level"": ""Low"", ""Node_type"": ""PS-LB"", ""Probe_mod"": 0, ""VDC_intput_V"": 0, ""Water_deep_cm"": 20.037}"
2025-09-19 10:52:22.917112898+00:00,ps-lb-18,2,-31,9.5,"{""Bat_V"": 3.576, ""Exti_pin_level"": ""Low"", ""Exti_status"": ""False"", ""IDC_intput_mA"": 5.604, ""IN1_pin_level"": ""Low"", ""IN2_pin_level"": ""Low"", ""Node_type"": ""PS-LB"", ""Probe_mod"": 0, ""VDC_intput_V"": 0, ""Water_deep_cm"": 20.05}"
2025-09-19 11:02:22.816254826+00:00,ps-lb-18,2,-29,9.75,"{""Bat_V"": 3.576, ""Exti_pin_level"": ""Low"", ""Exti_status"": ""False"", ""IDC_intput_mA"": 5.603, ""IN1_pin_level"": ""Low"", ""IN2_pin_level"": ""Low"", ""Node_type"": ""PS-LB"", ""Probe_mod"": 0, ""VDC_intput_V"": 0, ""Water_deep_cm"": 20.037}"
2025-09-19 11:12:22.688620604+00:00,ps-lb-18,2,-29,10.5,"{""Bat_V"": 3.576, ""Exti_pin_level"": ""Low"", ""Exti_status"": ""False"", ""IDC_intput_mA"": 5.603, ""IN1_pin_level"": ""Low"", ""IN2_pin_level"": ""Low"", ""Node_type"": ""PS-LB"", ""Probe_mod"": 0, ""VDC_intput_V"": 0, ""Water_deep_cm"": 20.037}"
2025-09-19 11:22:22.564565025+00:00,ps-lb-18,2,-111,3.25,"{""Bat_V"": 3.576, ""Exti_pin_level"": ""Low"", ""Exti_status"": ""False"", ""IDC_intput_mA"": 5.603, ""IN1_pin_level"": ""Low"", ""IN2_pin_level"": ""Low"", ""Node_type"": ""PS-LB"", ""Probe_mod"": 0, ""VDC_intput_V"": 0, ""Water_deep_cm"": 20.037}"
2025-09-19 11:32:22.447546998+00:00,ps-lb-18,2,-115,1.0,"{""Bat_V"": 3.576, ""Exti_pin_level"": ""Low"", ""Exti_status"": ""False"", ""IDC_intput_mA"": 5.603, ""IN1_pin_level"": ""Low"", ""IN2_pin_level"": ""Low"", ""Node_type"": ""PS-LB"", ""Probe_mod"": 0, ""VDC_intput_V"": 0, ""Water_deep_cm"": 20.037}"
2025-09-19 11:42:22.325145437+00:00,ps-lb-18,2,-29,8.0,"{""Bat_V"": 3.576, ""Exti_pin_level"": ""Low"", ""Exti_status"": ""False"", ""IDC_intput_mA"": 5.603, ""IN1_pin_level"": ""Low"", ""IN2_pin_level"": ""Low"", ""Node_type"": ""PS-LB"", ""Probe_mod"": 0, ""VDC_intput_V"": 0, ""Water_deep_cm"": 20.037}"
2025-09-19 11:52:22.213296083+00:00,ps-lb-18,2,-30,9.25,"{""Bat_V"": 3.576, ""Exti_pin_level"": ""Low"", ""Exti_status"": ""False"", ""IDC_intput_mA"": 5.603, ""IN1_pin_level"": ""Low"", ""IN2_pin_level"": ""Low"", ""Node_type"": ""PS-LB"", ""Probe_mod"": 0, ""VDC_intput_V"": 0, ""Water_deep_cm"": 20.037}"
2025-09-19 12:02:22.095267287+00:00,ps-lb-18,2,-28,9.25,"{""Bat_V"": 3.576, ""Exti_pin_level"": ""Low"", ""Exti_status"": ""False"", ""IDC_intput_mA"": 5.603, ""IN1_pin_level"": ""Low"", ""IN2_pin_level"": ""Low"", ""Node_type"": ""PS-LB"", ""Probe_mod"": 0, ""VDC_intput_V"": 0, ""Water_deep_cm"": 20.037}"
2025-09-19 12:12:21.975407007+00:00,ps-lb-18,2,-119,-4.25,"{""Bat_V"": 3.576, ""Exti_pin_level"": ""Low"", ""Exti_status"": ""False"", ""IDC_intput_mA"": 5.603, ""IN1_pin_level"": ""Low"", ""IN2_pin_level"": ""Low"", ""Node_type"": ""PS-LB"", ""Probe_mod"": 0, ""VDC_intput_V"": 0, ""Water_deep_cm"": 20.037}"
2025-09-19 12:22:21.827792047+00:00,ps-lb-18,2,-29,7.75,"{""Bat_V"": 3.576, ""Exti_pin_level"": ""Low"", ""Exti_status"": ""False"", ""IDC_intput_mA"": 5.603, ""IN1_pin_level"": ""Low"", ""IN2_pin_level"": ""Low"", ""Node_type"": ""PS-LB"", ""Probe_mod"": 0, ""VDC_intput_V"": 0, ""Water_deep_cm"": 20.037}"
2025-09-19 12:32:21.714661906+00:00,ps-lb-18,2,-117,-0.5,"{""Bat_V"": 3.576, ""Exti_pin_level"": ""Low"", ""Exti_status"": ""False"", ""IDC_intput_mA"": 5.603, ""IN1_pin_level"": ""Low"", ""IN2_pin_level"": ""Low"", ""Node_type"": ""PS-LB"", ""Probe_mod"": 0, ""VDC_intput_V"": 0, ""Water_deep_cm"": 20.037}"
2025-09-19 12:42:21.601812978+00:00,ps-lb-18,2,-30,10.5,"{""Bat_V"": 3.576, ""Exti_pin_level"": ""Low"", ""Exti_status"": ""False"", ""IDC_intput_mA"": 5.603, ""IN1_pin_level"": ""Low"", ""IN2_pin_level"": ""Low"", ""Node_type"": ""PS-LB"", ""Probe_mod"": 0, ""VDC_intput_V"": 0, ""Water_deep_cm"": 20.037}"
2025-09-19 12:52:21.462497129+00:00,ps-lb-18,2,-123,-7.0,"{""Bat_V"": 3.576, ""Exti_pin_level"": ""Low"", ""Exti_status"": ""False"", ""IDC_intput_mA"": 5.603, ""IN1_pin_level"": ""Low"", ""IN2_pin_level"": ""Low"", ""Node_type"": ""PS-LB"", ""Probe_mod"": 0, ""VDC_intput_V"": 0, ""Water_deep_cm"": 20.037}"
2025-09-19 13:02:21.351713744+00:00,ps-lb-18,2,-29,10.0,"{""Bat_V"": 3.576, ""Exti_pin_level"": ""Low"", ""Exti_status"": ""False"", ""IDC_intput_mA"": 5.603, ""IN1_pin_level"": ""Low"", ""IN2_pin_level"": ""Low"", ""Node_type"": ""PS-LB"", ""Probe_mod"": 0, ""VDC_intput_V"": 0, ""Water_deep_cm"": 20.037}"
2025-09-19 13:12:21.232387442+00:00,ps-lb-18,2,-31,10.75,"{""Bat_V"": 3.576, ""Exti_pin_level"": ""Low"", ""Exti_status"": ""False"", ""IDC_intput_mA"": 5.603, ""IN1_pin_level"": ""Low"", ""IN2_pin_level"": ""Low"", ""Node_type"": ""PS-LB"", ""Probe_mod"": 0, ""VDC_intput_V"": 0, ""Water_deep_cm"": 20.037}"
2025-09-19 13:22:21.106583944+00:00,ps-lb-18,2,-117,-4.25,"{""Bat_V"": 3.576, ""Exti_pin_level"": ""Low"", ""Exti_status"": ""False"", ""IDC_intput_mA"": 5.603, ""IN1_pin_level"": ""Low"", ""IN2_pin_level"": ""Low"", ""Node_type"": ""PS-LB"", ""Probe_mod"": 0, ""VDC_intput_V"": 0, ""Water_deep_cm"": 20.037}"
2025-09-19 13:32:20.994475978+00:00,ps-lb-18,2,-31,9.75,"{""Bat_V"": 3.576, ""Exti_pin_level"": ""Low"", ""Exti_status"": ""False"", ""IDC_intput_mA"": 5.604, ""IN1_pin_level"": ""Low"", ""IN2_pin_level"": ""Low"", ""Node_type"": ""PS-LB"", ""Probe_mod"": 0, ""VDC_intput_V"": 0, ""Water_deep_cm"": 20.05}"
2025-09-19 13:42:20.872344947+00:00,ps-lb-18,2,-31,8.0,"{""Bat_V"": 3.576, ""Exti_pin_level"": ""Low"", ""Exti_status"": ""False"", ""IDC_intput_mA"": 5.603, ""IN1_pin_level"": ""Low"", ""IN2_pin_level"": ""Low"", ""Node_type"": ""PS-LB"", ""Probe_mod"": 0, ""VDC_intput_V"": 0, ""Water_deep_cm"": 20.037}"
2025-09-19 13:52:20.756935749+00:00,ps-lb-18,2,-29,9.5,"{""Bat_V"": 3.576, ""Exti_pin_level"": ""Low"", ""Exti_status"": ""False"", ""IDC_intput_mA"": 5.603, ""IN1_pin_level"": ""Low"", ""IN2_pin_level"": ""Low"", ""Node_type"": ""PS-LB"", ""Probe_mod"": 0, ""VDC_intput_V"": 0, ""Water_deep_cm"": 20.037}"
2025-09-19 14:02:20.624548814+00:00,ps-lb-18,2,-114,1.0,"{""Bat_V"": 3.576, ""Exti_pin_level"": ""Low"", ""Exti_status"": ""False"", ""IDC_intput_mA"": 5.604, ""IN1_pin_level"": ""Low"", ""IN2_pin_level"": ""Low"", ""Node_type"": ""PS-LB"", ""Probe_mod"": 0, ""VDC_intput_V"": 0, ""Water_deep_cm"": 20.05}"
2025-09-19 14:12:20.515446842+00:00,ps-lb-18,2,-29,7.0,"{""Bat_V"": 3.576, ""Exti_pin_level"": ""Low"", ""Exti_status"": ""False"", ""IDC_intput_mA"": 5.603, ""IN1_pin_level"": ""Low"", ""IN2_pin_level"": ""Low"", ""Node_type"": ""PS-LB"", ""Probe_mod"": 0, ""VDC_intput_V"": 0, ""Water_deep_cm"": 20.037}"
2025-09-19 14:22:20.385493692+00:00,ps-lb-18,2,-121,-7.0,"{""Bat_V"": 3.582, ""Exti_pin_level"": ""Low"", ""Exti_status"": ""False"", ""IDC_intput_mA"": 5.603, ""IN1_pin_level"": ""Low"", ""IN2_pin_level"": ""Low"", ""Node_type"": ""PS-LB"", ""Probe_mod"": 0, ""VDC_intput_V"": 0, ""Water_deep_cm"": 20.037}"
2025-09-19 14:32:20.262548338+00:00,ps-lb-18,2,-29,7.5,"{""Bat_V"": 3.576, ""Exti_pin_level"": ""Low"", ""Exti_status"": ""False"", ""IDC_intput_mA"": 5.603, ""IN1_pin_level"": ""Low"", ""IN2_pin_level"": ""Low"", ""Node_type"": ""PS-LB"", ""Probe_mod"": 0, ""VDC_intput_V"": 0, ""Water_deep_cm"": 20.037}"
2025-09-19 14:42:20.147039032+00:00,ps-lb-18,2,-115,-0.25,"{""Bat_V"": 3.582, ""Exti_pin_level"": ""Low"", ""Exti_status"": ""False"", ""IDC_intput_mA"": 5.603, ""IN1_pin_level"": ""Low"", ""IN2_pin_level"": ""Low"", ""Node_type"": ""PS-LB"", ""Probe_mod"": 0, ""VDC_intput_V"": 0, ""Water_deep_cm"": 20.037}"
2025-09-19 14:52:20.037690524+00:00,ps-lb-18,2,-27,9.0,"{""Bat_V"": 3.576, ""Exti_pin_level"": ""Low"", ""Exti_status"": ""False"", ""IDC_intput_mA"": 5.603, ""IN1_pin_level"": ""Low"", ""IN2_pin_level"": ""Low"", ""Node_type"": ""PS-LB"", ""Probe_mod"": 0, ""VDC_intput_V"": 0, ""Water_deep_cm"": 20.037}"
2025-09-19 15:02:19.896158709+00:00,ps-lb-18,2,-29,8.0,"{""Bat_V"": 3.576, ""Exti_pin_level"": ""Low"", ""Exti_status"": ""False"", ""IDC_intput_mA"": 5.603, ""IN1_pin_level"": ""Low"", ""IN2_pin_level"": ""Low"", ""Node_type"": ""PS-LB"", ""Probe_mod"": 0, ""VDC_intput_V"": 0, ""Water_deep_cm"": 20.037}"
2025-09-19 15:12:19.783773319+00:00,ps-lb-18,2,-29,11.25,"{""Bat_V"": 3.582, ""Exti_pin_level"": ""Low"", ""Exti_status"": ""False"", ""IDC_intput_mA"": 5.603, ""IN1_pin_level"": ""Low"", ""IN2_pin_level"": ""Low"", ""Node_type"": ""PS-LB"", ""Probe_mod"": 0, ""VDC_intput_V"": 0, ""Water_deep_cm"": 20.037}"
2025-09-19 15:22:19.654676264+00:00,ps-lb-18,2,-114,1.0,"{""Bat_V"": 3.576, ""Exti_pin_level"": ""Low"", ""Exti_status"": ""False"", ""IDC_intput_mA"": 5.604, ""IN1_pin_level"": ""Low"", ""IN2_pin_level"": ""Low"", ""Node_type"": ""PS-LB"", ""Probe_mod"": 0, ""VDC_intput_V"": 0, ""Water_deep_cm"": 20.05}"
2025-09-19 15:32:19.543237195+00:00,ps-lb-18,2,-29,7.5,"{""Bat_V"": 3.576, ""Exti_pin_level"": ""Low"", ""Exti_status"": ""False"", ""IDC_intput_mA"": 5.603, ""IN1_pin_level"": ""Low"", ""IN2_pin_level"": ""Low"", ""Node_type"": ""PS-LB"", ""Probe_mod"": 0, ""VDC_intput_V"": 0, ""Water_deep_cm"": 20.037}"
2025-09-19 15:42:19.423449120+00:00,ps-lb-18,2,-27,8.0,"{""Bat_V"": 3.576, ""Exti_pin_level"": ""Low"", ""Exti_status"": ""False"", ""IDC_intput_mA"": 5.603, ""IN1_pin_level"": ""Low"", ""IN2_pin_level"": ""Low"", ""Node_type"": ""PS-LB"", ""Probe_mod"": 0, ""VDC_intput_V"": 0, ""Water_deep_cm"": 20.037}"
2025-09-19 15:52:19.292756868+00:00,ps-lb-18,2,-27,9.25,"{""Bat_V"": 3.576, ""Exti_pin_level"": ""Low"", ""Exti_status"": ""False"", ""IDC_intput_mA"": 5.603, ""IN1_pin_level"": ""Low"", ""IN2_pin_level"": ""Low"", ""Node_type"": ""PS-LB"", ""Probe_mod"": 0, ""VDC_intput_V"": 0, ""Water_deep_cm"": 20.037}"
2025-09-19 16:02:19.196978121+00:00,ps-lb-18,2,-29,9.75,"{""Bat_V"": 3.582, ""Exti_pin_level"": ""Low"", ""Exti_status"": ""False"", ""IDC_intput_mA"": 5.603, ""IN1_pin_level"": ""Low"", ""IN2_pin_level"": ""Low"", ""Node_type"": ""PS-LB"", ""Probe_mod"": 0, ""VDC_intput_V"": 0, ""Water_deep_cm"": 20.037}"
2025-09-19 16:12:19.056965336+00:00,ps-lb-18,2,-29,9.0,"{""Bat_V"": 3.576, ""Exti_pin_level"": ""Low"", ""Exti_status"": ""False"", ""IDC_intput_mA"": 5.603, ""IN1_pin_level"": ""Low"", ""IN2_pin_level"": ""Low"", ""Node_type"": ""PS-LB"", ""Probe_mod"": 0, ""VDC_intput_V"": 0, ""Water_deep_cm"": 20.037}"
2025-09-19 16:22:18.928880635+00:00,ps-lb-18,2,-29,8.0,"{""Bat_V"": 3.576, ""Exti_pin_level"": ""Low"", ""Exti_status"": ""False"", ""IDC_intput_mA"": 5.603, ""IN1_pin_level"": ""Low"", ""IN2_pin_level"": ""Low"", ""Node_type"": ""PS-LB"", ""Probe_mod"": 0, ""VDC_intput_V"": 0, ""Water_deep_cm"": 20.037}"
2025-09-19 16:32:18.820460162+00:00,ps-lb-18,2,-29,9.75,"{""Bat_V"": 3.582, ""Exti_pin_level"": ""Low"", ""Exti_status"": ""False"", ""IDC_intput_mA"": 5.603, ""IN1_pin_level"": ""Low"", ""IN2_pin_level"": ""Low"", ""Node_type"": ""PS-LB"", ""Probe_mod"": 0, ""VDC_intput_V"": 0, ""Water_deep_cm"": 20.037}"
2025-09-19 16:42:18.688619611+00:00,ps-lb-18,2,-31,10.0,"{""Bat_V"": 3.576, ""Exti_pin_level"": ""Low"", ""Exti_status"": ""False"", ""IDC_intput_mA"": 5.603, ""IN1_pin_level"": ""Low"", ""IN2_pin_level"": ""Low"", ""Node_type"": ""PS-LB"", ""Probe_mod"": 0, ""VDC_intput_V"": 0, ""Water_deep_cm"": 20.037}"
2025-09-19 16:52:18.576108903+00:00,ps-lb-18,2,-26,7.75,"{""Bat_V"": 3.582, ""Exti_pin_level"": ""Low"", ""Exti_status"": ""False"", ""IDC_intput_mA"": 5.603, ""IN1_pin_level"": ""Low"", ""IN2_pin_level"": ""Low"", ""Node_type"": ""PS-LB"", ""Probe_mod"": 0, ""VDC_intput_V"": 0, ""Water_deep_cm"": 20.037}"
2025-09-19 17:02:18.439426470+00:00,ps-lb-18,2,-27,7.25,"{""Bat_V"": 3.582, ""Exti_pin_level"": ""Low"", ""Exti_status"": ""False"", ""IDC_intput_mA"": 5.603, ""IN1_pin_level"": ""Low"", ""IN2_pin_level"": ""Low"", ""Node_type"": ""PS-LB"", ""Probe_mod"": 0, ""VDC_intput_V"": 0, ""Water_deep_cm"": 20.037}"
2025-09-19 17:12:18.307100975+00:00,ps-lb-18,2,-31,10.25,"{""Bat_V"": 3.576, ""Exti_pin_level"": ""Low"", ""Exti_status"": ""False"", ""IDC_intput_mA"": 5.603, ""IN1_pin_level"": ""Low"", ""IN2_pin_level"": ""Low"", ""Node_type"": ""PS-LB"", ""Probe_mod"": 0, ""VDC_intput_V"": 0, ""Water_deep_cm"": 20.037}"
2025-09-19 17:22:18.206968771+00:00,ps-lb-18,2,-27,9.0,"{""Bat_V"": 3.582, ""Exti_pin_level"": ""Low"", ""Exti_status"": ""False"", ""IDC_intput_mA"": 5.603, ""IN1_pin_level"": ""Low"", ""IN2_pin_level"": ""Low"", ""Node_type"": ""PS-LB"", ""Probe_mod"": 0, ""VDC_intput_V"": 0, ""Water_deep_cm"": 20.037}"
2025-09-19 17:32:18.079009884+00:00,ps-lb-18,2,-29,10.0,"{""Bat_V"": 3.576, ""Exti_pin_level"": ""Low"", ""Exti_status"": ""False"", ""IDC_intput_mA"": 5.603, ""IN1_pin_level"": ""Low"", ""IN2_pin_level"": ""Low"", ""Node_type"": ""PS-LB"", ""Probe_mod"": 0, ""VDC_intput_V"": 0, ""Water_deep_cm"": 20.037}"
2025-09-19 17:42:17.961666041+00:00,ps-lb-18,2,-114,1.0,"{""Bat_V"": 3.576, ""Exti_pin_level"": ""Low"", ""Exti_status"": ""False"", ""IDC_intput_mA"": 5.603, ""IN1_pin_level"": ""Low"", ""IN2_pin_level"": ""Low"", ""Node_type"": ""PS-LB"", ""Probe_mod"": 0, ""VDC_intput_V"": 0, ""Water_deep_cm"": 20.037}"
2025-09-19 17:52:17.841406628+00:00,ps-lb-18,2,-115,,"{""Bat_V"": 3.576, ""Exti_pin_level"": ""Low"", ""Exti_status"": ""False"", ""IDC_intput_mA"": 5.603, ""IN1_pin_level"": ""Low"", ""IN2_pin_level"": ""Low"", ""Node_type"": ""PS-LB"", ""Probe_mod"": 0, ""VDC_intput_V"": 0, ""Water_deep_cm"": 20.037}"
2025-09-19 18:02:17.713238138+00:00,ps-lb-18,2,-30,9.75,"{""Bat_V"": 3.576, ""Exti_pin_level"": ""Low"", ""Exti_status"": ""False"", ""IDC_intput_mA"": 5.603, ""IN1_pin_level"": ""Low"", ""IN2_pin_level"": ""Low"", ""Node_type"": ""PS-LB"", ""Probe_mod"": 0, ""VDC_intput_V"": 0, ""Water_deep_cm"": 20.037}"
2025-09-19 18:12:17.599195528+00:00,ps-lb-18,2,-29,7.5,"{""Bat_V"": 3.576, ""Exti_pin_level"": ""Low"", ""Exti_status"": ""False"", ""IDC_intput_mA"": 5.603, ""IN1_pin_level"": ""Low"", ""IN2_pin_level"": ""Low"", ""Node_type"": ""PS-LB"", ""Probe_mod"": 0, ""VDC_intput_V"": 0, ""Water_deep_cm"": 20.037}"
2025-09-19 18:22:17.486681485+00:00,ps-lb-18,2,-118,-2.25,"{""Bat_V"": 3.582, ""Exti_pin_level"": ""Low"", ""Exti_status"": ""False"", ""IDC_intput_mA"": 5.603, ""IN1_pin_level"": ""Low"", ""IN2_pin_level"": ""Low"", ""Node_type"": ""PS-LB"", ""Probe_mod"": 0, ""VDC_intput_V"": 0, ""Water_deep_cm"": 20.037}"
2025-09-19 18:32:17.356487856+00:00,ps-lb-18,2,-29,7.75,"{""Bat_V"": 3.576, ""Exti_pin_level"": ""Low"", ""Exti_status"": ""False"", ""IDC_intput_mA"": 5.603, ""IN1_pin_level"": ""Low"", ""IN2_pin_level"": ""Low"", ""Node_type"": ""PS-LB"", ""Probe_mod"": 0, ""VDC_intput_V"": 0, ""Water_deep_cm"": 20.037}"
2025-09-19 18:42:17.227166942+00:00,ps-lb-18,2,-27,10.25,"{""Bat_V"": 3.582, ""Exti_pin_level"": ""Low"", ""Exti_status"": ""False"", ""IDC_intput_mA"": 5.603, ""IN1_pin_level"": ""Low"", ""IN2_pin_level"": ""Low"", ""Node_type"": ""PS-LB"", ""Probe_mod"": 0, ""VDC_intput_V"": 0, ""Water_deep_cm"": 20.037}"
2025-09-19 18:52:17.115829982+00:00,ps-lb-18,2,-31,10.5,"{""Bat_V"": 3.576, ""Exti_pin_level"": ""Low"", ""Exti_status"": ""False"", ""IDC_intput_mA"": 5.603, ""IN1_pin_level"": ""Low"", ""IN2_pin_level"": ""Low"", ""Node_type"": ""PS-LB"", ""Probe_mod"": 0, ""VDC_intput_V"": 0, ""Water_deep_cm"": 20.037}"
2025-09-19 19:02:17.007851424+00:00,ps-lb-18,2,-31,10.75,"{""Bat_V"": 3.582, ""Exti_pin_level"": ""Low"", ""Exti_status"": ""False"", ""IDC_intput_mA"": 5.603, ""IN1_pin_level"": ""Low"", ""IN2_pin_level"": ""Low"", ""Node_type"": ""PS-LB"", ""Probe_mod"": 0, ""VDC_intput_V"": 0, ""Water_deep_cm"": 20.037}"
2025-09-19 19:12:16.869051939+00:00,ps-lb-18,2,-29,9.75,"{""Bat_V"": 3.576, ""Exti_pin_level"": ""Low"", ""Exti_status"": ""False"", ""IDC_intput_mA"": 5.603, ""IN1_pin_level"": ""Low"", ""IN2_pin_level"": ""Low"", ""Node_type"": ""PS-LB"", ""Probe_mod"": 0, ""VDC_intput_V"": 0, ""Water_deep_cm"": 20.037}"
2025-09-19 19:22:16.749576939+00:00,ps-lb-18,2,-31,10.25,"{""Bat_V"": 3.576, ""Exti_pin_level"": ""Low"", ""Exti_status"": ""False"", ""IDC_intput_mA"": 5.603, ""IN1_pin_level"": ""Low"", ""IN2_pin_level"": ""Low"", ""Node_type"": ""PS-LB"", ""Probe_mod"": 0, ""VDC_intput_V"": 0, ""Water_deep_cm"": 20.037}"
2025-09-19 19:32:16.617111697+00:00,ps-lb-18,2,-29,8.0,"{""Bat_V"": 3.582, ""Exti_pin_level"": ""Low"", ""Exti_status"": ""False"", ""IDC_intput_mA"": 5.603, ""IN1_pin_level"": ""Low"", ""IN2_pin_level"": ""Low"", ""Node_type"": ""PS-LB"", ""Probe_mod"": 0, ""VDC_intput_V"": 0, ""Water_deep_cm"": 20.037}"
2025-09-19 19:42:16.504446673+00:00,ps-lb-18,2,-29,11.0,"{""Bat_V"": 3.576, ""Exti_pin_level"": ""Low"", ""Exti_status"": ""False"", ""IDC_intput_mA"": 5.603, ""IN1_pin_level"": ""Low"", ""IN2_pin_level"": ""Low"", ""Node_type"": ""PS-LB"", ""Probe_mod"": 0, ""VDC_intput_V"": 0, ""Water_deep_cm"": 20.037}"
2025-09-19 19:52:16.388409362+00:00,ps-lb-18,2,-31,10.5,"{""Bat_V"": 3.576, ""Exti_pin_level"": ""Low"", ""Exti_status"": ""False"", ""IDC_intput_mA"": 5.603, ""IN1_pin_level"": ""Low"", ""IN2_pin_level"": ""Low"", ""Node_type"": ""PS-LB"", ""Probe_mod"": 0, ""VDC_intput_V"": 0, ""Water_deep_cm"": 20.037}"
2025-09-19 20:02:16.265829478+00:00,ps-lb-18,2,-29,10.0,"{""Bat_V"": 3.582, ""Exti_pin_level"": ""Low"", ""Exti_status"": ""False"", ""IDC_intput_mA"": 5.603, ""IN1_pin_level"": ""Low"", ""IN2_pin_level"": ""Low"", ""Node_type"": ""PS-LB"", ""Probe_mod"": 0, ""VDC_intput_V"": 0, ""Water_deep_cm"": 20.037}"
2025-09-19 20:12:16.171280215+00:00,ps-lb-18,2,-31,9.75,"{""Bat_V"": 3.576, ""Exti_pin_level"": ""Low"", ""Exti_status"": ""False"", ""IDC_intput_mA"": 5.603, ""IN1_pin_level"": ""Low"", ""IN2_pin_level"": ""Low"", ""Node_type"": ""PS-LB"", ""Probe_mod"": 0, ""VDC_intput_V"": 0, ""Water_deep_cm"": 20.037}"
2025-09-19 20:22:15.996787346+00:00,ps-lb-18,2,-108,1.2,"{""Bat_V"": 3.582, ""Exti_pin_level"": ""Low"", ""Exti_status"": ""False"", ""IDC_intput_mA"": 5.603, ""IN1_pin_level"": ""Low"", ""IN2_pin_level"": ""Low"", ""Node_type"": ""PS-LB"", ""Probe_mod"": 0, ""VDC_intput_V"": 0, ""Water_deep_cm"": 20.037}"
2025-09-19 20:32:15.921933522+00:00,ps-lb-18,2,-29,9.5,"{""Bat_V"": 3.576, ""Exti_pin_level"": ""Low"", ""Exti_status"": ""False"", ""IDC_intput_mA"": 5.603, ""IN1_pin_level"": ""Low"", ""IN2_pin_level"": ""Low"", ""Node_type"": ""PS-LB"", ""Probe_mod"": 0, ""VDC_intput_V"": 0, ""Water_deep_cm"": 20.037}"
2025-09-19 20:42:15.785034366+00:00,ps-lb-18,2,-29,9.75,"{""Bat_V"": 3.582, ""Exti_pin_level"": ""Low"", ""Exti_status"": ""False"", ""IDC_intput_mA"": 5.603, ""IN1_pin_level"": ""Low"", ""IN2_pin_level"": ""Low"", ""Node_type"": ""PS-LB"", ""Probe_mod"": 0, ""VDC_intput_V"": 0, ""Water_deep_cm"": 20.037}"
2025-09-19 20:52:15.651360001+00:00,ps-lb-18,2,-29,10.25,"{""Bat_V"": 3.582, ""Exti_pin_level"": ""Low"", ""Exti_status"": ""False"", ""IDC_intput_mA"": 5.603, ""IN1_pin_level"": ""Low"", ""IN2_pin_level"": ""Low"", ""Node_type"": ""PS-LB"", ""Probe_mod"": 0, ""VDC_intput_V"": 0, ""Water_deep_cm"": 20.037}"
2025-09-19 21:02:15.558579119+00:00,ps-lb-18,2,-27,8.5,"{""Bat_V"": 3.582, ""Exti_pin_level"": ""Low"", ""Exti_status"": ""False"", ""IDC_intput_mA"": 5.603, ""IN1_pin_level"": ""Low"", ""IN2_pin_level"": ""Low"", ""Node_type"": ""PS-LB"", ""Probe_mod"": 0, ""VDC_intput_V"": 0, ""Water_deep_cm"": 20.037}"
2025-09-19 21:12:15.410722870+00:00,ps-lb-18,2,-29,7.0,"{""Bat_V"": 3.582, ""Exti_pin_level"": ""Low"", ""Exti_status"": ""False"", ""IDC_intput_mA"": 5.603, ""IN1_pin_level"": ""Low"", ""IN2_pin_level"": ""Low"", ""Node_type"": ""PS-LB"", ""Probe_mod"": 0, ""VDC_intput_V"": 0, ""Water_deep_cm"": 20.037}"
2025-09-19 21:22:15.300078915+00:00,ps-lb-18,2,-31,9.5,"{""Bat_V"": 3.576, ""Exti_pin_level"": ""Low"", ""Exti_status"": ""False"", ""IDC_intput_mA"": 5.603, ""IN1_pin_level"": ""Low"", ""IN2_pin_level"": ""Low"", ""Node_type"": ""PS-LB"", ""Probe_mod"": 0, ""VDC_intput_V"": 0, ""Water_deep_cm"": 20.037}"
2025-09-19 21:32:15.187127813+00:00,ps-lb-18,2,-29,9.5,"{""Bat_V"": 3.582, ""Exti_pin_level"": ""Low"", ""Exti_status"": ""False"", ""IDC_intput_mA"": 5.603, ""IN1_pin_level"": ""Low"", ""IN2_pin_level"": ""Low"", ""Node_type"": ""PS-LB"", ""Probe_mod"": 0, ""VDC_intput_V"": 0, ""Water_deep_cm"": 20.037}"
2025-09-19 21:42:15.048551990+00:00,ps-lb-18,2,-29,7.75,"{""Bat_V"": 3.582, ""Exti_pin_level"": ""Low"", ""Exti_status"": ""False"", ""IDC_intput_mA"": 5.603, ""IN1_pin_level"": ""Low"", ""IN2_pin_level"": ""Low"", ""Node_type"": ""PS-LB"", ""Probe_mod"": 0, ""VDC_intput_V"": 0, ""Water_deep_cm"": 20.037}"
2025-09-19 21:52:14.948503961+00:00,ps-lb-18,2,-29,9.25,"{""Bat_V"": 3.582, ""Exti_pin_level"": ""Low"", ""Exti_status"": ""False"", ""IDC_intput_mA"": 5.603, ""IN1_pin_level"": ""Low"", ""IN2_pin_level"": ""Low"", ""Node_type"": ""PS-LB"", ""Probe_mod"": 0, ""VDC_intput_V"": 0, ""Water_deep_cm"": 20.037}"
2025-09-19 22:02:14.813081512+00:00,ps-lb-18,2,-31,11.5,"{""Bat_V"": 3.576, ""Exti_pin_level"": ""Low"", ""Exti_status"": ""False"", ""IDC_intput_mA"": 5.603, ""IN1_pin_level"": ""Low"", ""IN2_pin_level"": ""Low"", ""Node_type"": ""PS-LB"", ""Probe_mod"": 0, ""VDC_intput_V"": 0, ""Water_deep_cm"": 20.037}"
2025-09-19 22:12:14.693550635+00:00,ps-lb-18,2,-29,10.0,"{""Bat_V"": 3.582, ""Exti_pin_level"": ""Low"", ""Exti_status"": ""False"", ""IDC_intput_mA"": 5.603, ""IN1_pin_level"": ""Low"", ""IN2_pin_level"": ""Low"", ""Node_type"": ""PS-LB"", ""Probe_mod"": 0, ""VDC_intput_V"": 0, ""Water_deep_cm"": 20.037}"
2025-09-19 22:22:14.566074915+00:00,ps-lb-18,2,-116,,"{""Bat_V"": 3.582, ""Exti_pin_level"": ""Low"", ""Exti_status"": ""False"", ""IDC_intput_mA"": 5.603, ""IN1_pin_level"": ""Low"", ""IN2_pin_level"": ""Low"", ""Node_type"": ""PS-LB"", ""Probe_mod"": 0, ""VDC_intput_V"": 0, ""Water_deep_cm"": 20.037}"
2025-09-19 22:32:14.446230617+00:00,ps-lb-18,2,-118,-1.5,"{""Bat_V"": 3.582, ""Exti_pin_level"": ""Low"", ""Exti_status"": ""False"", ""IDC_intput_mA"": 5.603, ""IN1_pin_level"": ""Low"", ""IN2_pin_level"": ""Low"", ""Node_type"": ""PS-LB"", ""Probe_mod"": 0, ""VDC_intput_V"": 0, ""Water_deep_cm"": 20.037}"
2025-09-19 22:42:14.319354217+00:00,ps-lb-18,2,-31,10.0,"{""Bat_V"": 3.576, ""Exti_pin_level"": ""Low"", ""Exti_status"": ""False"", ""IDC_intput_mA"": 5.603, ""IN1_pin_level"": ""Low"", ""IN2_pin_level"": ""Low"", ""Node_type"": ""PS-LB"", ""Probe_mod"": 0, ""VDC_intput_V"": 0, ""Water_deep_cm"": 20.037}"
2025-09-19 22:52:14.205971785+00:00,ps-lb-18,2,-117,-6.0,"{""Bat_V"": 3.576, ""Exti_pin_level"": ""Low"", ""Exti_status"": ""False"", ""IDC_intput_mA"": 5.603, ""IN1_pin_level"": ""Low"", ""IN2_pin_level"": ""Low"", ""Node_type"": ""PS-LB"", ""Probe_mod"": 0, ""VDC_intput_V"": 0, ""Water_deep_cm"": 20.037}"
2025-09-19 23:02:14.096077975+00:00,ps-lb-18,2,-113,2.0,"{""Bat_V"": 3.576, ""Exti_pin_level"": ""Low"", ""Exti_status"": ""False"", ""IDC_intput_mA"": 5.604, ""IN1_pin_level"": ""Low"", ""IN2_pin_level"": ""Low"", ""Node_type"": ""PS-LB"", ""Probe_mod"": 0, ""VDC_intput_V"": 0, ""Water_deep_cm"": 20.05}"
2025-09-19 23:12:13.991233798+00:00,ps-lb-18,2,-29,10.5,"{""Bat_V"": 3.582, ""Exti_pin_level"": ""Low"", ""Exti_status"": ""False"", ""IDC_intput_mA"": 5.603, ""IN1_pin_level"": ""Low"", ""IN2_pin_level"": ""Low"", ""Node_type"": ""PS-LB"", ""Probe_mod"": 0, ""VDC_intput_V"": 0, ""Water_deep_cm"": 20.037}"
2025-09-19 23:22:13.848672921+00:00,ps-lb-18,2,-30,9.25,"{""Bat_V"": 3.582, ""Exti_pin_level"": ""Low"", ""Exti_status"": ""False"", ""IDC_intput_mA"": 5.603, ""IN1_pin_level"": ""Low"", ""IN2_pin_level"": ""Low"", ""Node_type"": ""PS-LB"", ""Probe_mod"": 0, ""VDC_intput_V"": 0, ""Water_deep_cm"": 20.037}"
2025-09-19 23:32:13.746972199+00:00,ps-lb-18,2,-27,7.25,"{""Bat_V"": 3.582, ""Exti_pin_level"": ""Low"", ""Exti_status"": ""False"", ""IDC_intput_mA"": 5.603, ""IN1_pin_level"": ""Low"", ""IN2_pin_level"": ""Low"", ""Node_type"": ""PS-LB"", ""Probe_mod"": 0, ""VDC_intput_V"": 0, ""Water_deep_cm"": 20.037}"
2025-09-19 23:42:13.613725243+00:00,ps-lb-18,2,-115,-0.25,"{""Bat_V"": 3.582, ""Exti_pin_level"": ""Low"", ""Exti_status"": ""False"", ""IDC_intput_mA"": 5.603, ""IN1_pin_level"": ""Low"", ""IN2_pin_level"": ""Low"", ""Node_type"": ""PS-LB"", ""Probe_mod"": 0, ""VDC_intput_V"": 0, ""Water_deep_cm"": 20.037}"
2025-09-19 23:52:13.481012924+00:00,ps-lb-18,2,-29,7.75,"{""Bat_V"": 3.582, ""Exti_pin_level"": ""Low"", ""Exti_status"": ""False"", ""IDC_intput_mA"": 5.603, ""IN1_pin_level"": ""Low"", ""IN2_pin_level"": ""Low"", ""Node_type"": ""PS-LB"", ""Probe_mod"": 0, ""VDC_intput_V"": 0, ""Water_deep_cm"": 20.037}"
2025-09-20 00:02:13.368147502+00:00,ps-lb-18,2,-29,9.5,"{""Bat_V"": 3.582, ""Exti_pin_level"": ""Low"", ""Exti_status"": ""False"", ""IDC_intput_mA"": 5.604, ""IN1_pin_level"": ""Low"", ""IN2_pin_level"": ""Low"", ""Node_type"": ""PS-LB"", ""Probe_mod"": 0, ""VDC_intput_V"": 0, ""Water_deep_cm"": 20.05}"
2025-09-20 00:12:13.246411199+00:00,ps-lb-18,2,-117,-2.75,"{""Bat_V"": 3.582, ""Exti_pin_level"": ""Low"", ""Exti_status"": ""False"", ""IDC_intput_mA"": 5.603, ""IN1_pin_level"": ""Low"", ""IN2_pin_level"": ""Low"", ""Node_type"": ""PS-LB"", ""Probe_mod"": 0, ""VDC_intput_V"": 0, ""Water_deep_cm"": 20.037}"
2025-09-20 00:22:13.127376889+00:00,ps-lb-18,2,-29,7.0,"{""Bat_V"": 3.582, ""Exti_pin_level"": ""Low"", ""Exti_status"": ""False"", ""IDC_intput_mA"": 5.603, ""IN1_pin_level"": ""Low"", ""IN2_pin_level"": ""Low"", ""Node_type"": ""PS-LB"", ""Probe_mod"": 0, ""VDC_intput_V"": 0, ""Water_deep_cm"": 20.037}"
2025-09-20 00:32:12.995845209+00:00,ps-lb-18,2,-27,9.75,"{""Bat_V"": 3.582, ""Exti_pin_level"": ""Low"", ""Exti_status"": ""False"", ""IDC_intput_mA"": 5.603, ""IN1_pin_level"": ""Low"", ""IN2_pin_level"": ""Low"", ""Node_type"": ""PS-LB"", ""Probe_mod"": 0, ""VDC_intput_V"": 0, ""Water_deep_cm"": 20.037}"
2025-09-20 00:42:12.878861846+00:00,ps-lb-18,2,-27,9.5,"{""Bat_V"": 3.582, ""Exti_pin_level"": ""Low"", ""Exti_status"": ""False"", ""IDC_intput_mA"": 5.603, ""IN1_pin_level"": ""Low"", ""IN2_pin_level"": ""Low"", ""Node_type"": ""PS-LB"", ""Probe_mod"": 0, ""VDC_intput_V"": 0, ""Water_deep_cm"": 20.037}"
2025-09-20 00:52:12.772273686+00:00,ps-lb-18,2,-29,7.5,"{""Bat_V"": 3.582, ""Exti_pin_level"": ""Low"", ""Exti_status"": ""False"", ""IDC_intput_mA"": 5.603, ""IN1_pin_level"": ""Low"", ""IN2_pin_level"": ""Low"", ""Node_type"": ""PS-LB"", ""Probe_mod"": 0, ""VDC_intput_V"": 0, ""Water_deep_cm"": 20.037}"
2025-09-20 01:02:12.632885589+00:00,ps-lb-18,2,-115,,"{""Bat_V"": 3.576, ""Exti_pin_level"": ""Low"", ""Exti_status"": ""False"", ""IDC_intput_mA"": 5.603, ""IN1_pin_level"": ""Low"", ""IN2_pin_level"": ""Low"", ""Node_type"": ""PS-LB"", ""Probe_mod"": 0, ""VDC_intput_V"": 0, ""Water_deep_cm"": 20.037}"
2025-09-20 01:12:12.517958081+00:00,ps-lb-18,2,-119,-2.75,"{""Bat_V"": 3.576, ""Exti_pin_level"": ""Low"", ""Exti_status"": ""False"", ""IDC_intput_mA"": 5.603, ""IN1_pin_level"": ""Low"", ""IN2_pin_level"": ""Low"", ""Node_type"": ""PS-LB"", ""Probe_mod"": 0, ""VDC_intput_V"": 0, ""Water_deep_cm"": 20.037}"
2025-09-20 01:22:12.399136244+00:00,ps-lb-18,2,-28,8.25,"{""Bat_V"": 3.576, ""Exti_pin_level"": ""Low"", ""Exti_status"": ""False"", ""IDC_intput_mA"": 5.603, ""IN1_pin_level"": ""Low"", ""IN2_pin_level"": ""Low"", ""Node_type"": ""PS-LB"", ""Probe_mod"": 0, ""VDC_intput_V"": 0, ""Water_deep_cm"": 20.037}"
2025-09-20 01:32:12.268770170+00:00,ps-lb-18,2,-31,10.75,"{""Bat_V"": 3.582, ""Exti_pin_level"": ""Low"", ""Exti_status"": ""False"", ""IDC_intput_mA"": 5.603, ""IN1_pin_level"": ""Low"", ""IN2_pin_level"": ""Low"", ""Node_type"": ""PS-LB"", ""Probe_mod"": 0, ""VDC_intput_V"": 0, ""Water_deep_cm"": 20.037}"
2025-09-20 01:42:12.152114661+00:00,ps-lb-18,2,-115,-0.25,"{""Bat_V"": 3.576, ""Exti_pin_level"": ""Low"", ""Exti_status"": ""False"", ""IDC_intput_mA"": 5.603, ""IN1_pin_level"": ""Low"", ""IN2_pin_level"": ""Low"", ""Node_type"": ""PS-LB"", ""Probe_mod"": 0, ""VDC_intput_V"": 0, ""Water_deep_cm"": 20.037}"
2025-09-20 01:52:12.026600778+00:00,ps-lb-18,2,-27,9.0,"{""Bat_V"": 3.582, ""Exti_pin_level"": ""Low"", ""Exti_status"": ""False"", ""IDC_intput_mA"": 5.603, ""IN1_pin_level"": ""Low"", ""IN2_pin_level"": ""Low"", ""Node_type"": ""PS-LB"", ""Probe_mod"": 0, ""VDC_intput_V"": 0, ""Water_deep_cm"": 20.037}"
2025-09-20 02:02:11.902044863+00:00,ps-lb-18,2,-30,9.75,"{""Bat_V"": 3.582, ""Exti_pin_level"": ""Low"", ""Exti_status"": ""False"", ""IDC_intput_mA"": 5.603, ""IN1_pin_level"": ""Low"", ""IN2_pin_level"": ""Low"", ""Node_type"": ""PS-LB"", ""Probe_mod"": 0, ""VDC_intput_V"": 0, ""Water_deep_cm"": 20.037}"
2025-09-20 02:12:11.794870388+00:00,ps-lb-18,2,-119,-3.25,"{""Bat_V"": 3.582, ""Exti_pin_level"": ""Low"", ""Exti_status"": ""False"", ""IDC_intput_mA"": 5.603, ""IN1_pin_level"": ""Low"", ""IN2_pin_level"": ""Low"", ""Node_type"": ""PS-LB"", ""Probe_mod"": 0, ""VDC_intput_V"": 0, ""Water_deep_cm"": 20.037}"
2025-09-20 02:22:11.633617253+00:00,ps-lb-18,2,-109,2.0,"{""Bat_V"": 3.582, ""Exti_pin_level"": ""Low"", ""Exti_status"": ""False"", ""IDC_intput_mA"": 5.603, ""IN1_pin_level"": ""Low"", ""IN2_pin_level"": ""Low"", ""Node_type"": ""PS-LB"", ""Probe_mod"": 0, ""VDC_intput_V"": 0, ""Water_deep_cm"": 20.037}"
2025-09-20 02:32:11.542055419+00:00,ps-lb-18,2,-29,9.75,"{""Bat_V"": 3.576, ""Exti_pin_level"": ""Low"", ""Exti_status"": ""False"", ""IDC_intput_mA"": 5.603, ""IN1_pin_level"": ""Low"", ""IN2_pin_level"": ""Low"", ""Node_type"": ""PS-LB"", ""Probe_mod"": 0, ""VDC_intput_V"": 0, ""Water_deep_cm"": 20.037}"
2025-09-20 02:42:11.413022230+00:00,ps-lb-18,2,-31,11.25,"{""Bat_V"": 3.582, ""Exti_pin_level"": ""Low"", ""Exti_status"": ""False"", ""IDC_intput_mA"": 5.603, ""IN1_pin_level"": ""Low"", ""IN2_pin_level"": ""Low"", ""Node_type"": ""PS-LB"", ""Probe_mod"": 0, ""VDC_intput_V"": 0, ""Water_deep_cm"": 20.037}"
2025-09-20 02:52:11.310959371+00:00,ps-lb-18,2,-31,10.5,"{""Bat_V"": 3.576, ""Exti_pin_level"": ""Low"", ""Exti_status"": ""False"", ""IDC_intput_mA"": 5.603, ""IN1_pin_level"": ""Low"", ""IN2_pin_level"": ""Low"", ""Node_type"": ""PS-LB"", ""Probe_mod"": 0, ""VDC_intput_V"": 0, ""Water_deep_cm"": 20.037}"
2025-09-20 03:02:11.191793314+00:00,ps-lb-18,2,-29,7.0,"{""Bat_V"": 3.576, ""Exti_pin_level"": ""Low"", ""Exti_status"": ""False"", ""IDC_intput_mA"": 5.603, ""IN1_pin_level"": ""Low"", ""IN2_pin_level"": ""Low"", ""Node_type"": ""PS-LB"", ""Probe_mod"": 0, ""VDC_intput_V"": 0, ""Water_deep_cm"": 20.037}"
2025-09-20 03:12:11.054399723+00:00,ps-lb-18,2,-26,8.75,"{""Bat_V"": 3.576, ""Exti_pin_level"": ""Low"", ""Exti_status"": ""False"", ""IDC_intput_mA"": 5.603, ""IN1_pin_level"": ""Low"", ""IN2_pin_level"": ""Low"", ""Node_type"": ""PS-LB"", ""Probe_mod"": 0, ""VDC_intput_V"": 0, ""Water_deep_cm"": 20.037}"
2025-09-20 03:22:10.957131656+00:00,ps-lb-18,2,-30,9.5,"{""Bat_V"": 3.576, ""Exti_pin_level"": ""Low"", ""Exti_status"": ""False"", ""IDC_intput_mA"": 5.602, ""IN1_pin_level"": ""Low"", ""IN2_pin_level"": ""Low"", ""Node_type"": ""PS-LB"", ""Probe_mod"": 0, ""VDC_intput_V"": 0, ""Water_deep_cm"": 20.025}"
2025-09-20 03:32:10.821528592+00:00,ps-lb-18,2,-29,11.0,"{""Bat_V"": 3.582, ""Exti_pin_level"": ""Low"", ""Exti_status"": ""False"", ""IDC_intput_mA"": 5.603, ""IN1_pin_level"": ""Low"", ""IN2_pin_level"": ""Low"", ""Node_type"": ""PS-LB"", ""Probe_mod"": 0, ""VDC_intput_V"": 0, ""Water_deep_cm"": 20.037}"
2025-09-20 03:42:10.711011113+00:00,ps-lb-18,2,-27,7.75,"{""Bat_V"": 3.582, ""Exti_pin_level"": ""Low"", ""Exti_status"": ""False"", ""IDC_intput_mA"": 5.602, ""IN1_pin_level"": ""Low"", ""IN2_pin_level"": ""Low"", ""Node_type"": ""PS-LB"", ""Probe_mod"": 0, ""VDC_intput_V"": 0, ""Water_deep_cm"": 20.025}"
2025-09-20 03:52:10.575132257+00:00,ps-lb-18,2,-29,10.25,"{""Bat_V"": 3.582, ""Exti_pin_level"": ""Low"", ""Exti_status"": ""False"", ""IDC_intput_mA"": 5.602, ""IN1_pin_level"": ""Low"", ""IN2_pin_level"": ""Low"", ""Node_type"": ""PS-LB"", ""Probe_mod"": 0, ""VDC_intput_V"": 0, ""Water_deep_cm"": 20.025}"
2025-09-20 04:02:10.469289075+00:00,ps-lb-18,2,-27,8.75,"{""Bat_V"": 3.576, ""Exti_pin_level"": ""Low"", ""Exti_status"": ""False"", ""IDC_intput_mA"": 5.602, ""IN1_pin_level"": ""Low"", ""IN2_pin_level"": ""Low"", ""Node_type"": ""PS-LB"", ""Probe_mod"": 0, ""VDC_intput_V"": 0, ""Water_deep_cm"": 20.025}"
2025-09-20 04:12:10.347955582+00:00,ps-lb-18,2,-31,9.75,"{""Bat_V"": 3.582, ""Exti_pin_level"": ""Low"", ""Exti_status"": ""False"", ""IDC_intput_mA"": 5.602, ""IN1_pin_level"": ""Low"", ""IN2_pin_level"": ""Low"", ""Node_type"": ""PS-LB"", ""Probe_mod"": 0, ""VDC_intput_V"": 0, ""Water_deep_cm"": 20.025}"
2025-09-20 04:22:10.226444680+00:00,ps-lb-18,2,-29,6.75,"{""Bat_V"": 3.582, ""Exti_pin_level"": ""Low"", ""Exti_status"": ""False"", ""IDC_intput_mA"": 5.602, ""IN1_pin_level"": ""Low"", ""IN2_pin_level"": ""Low"", ""Node_type"": ""PS-LB"", ""Probe_mod"": 0, ""VDC_intput_V"": 0, ""Water_deep_cm"": 20.025}"
2025-09-20 04:32:10.098330485+00:00,ps-lb-18,2,-29,10.0,"{""Bat_V"": 3.582, ""Exti_pin_level"": ""Low"", ""Exti_status"": ""False"", ""IDC_intput_mA"": 5.602, ""IN1_pin_level"": ""Low"", ""IN2_pin_level"": ""Low"", ""Node_type"": ""PS-LB"", ""Probe_mod"": 0, ""VDC_intput_V"": 0, ""Water_deep_cm"": 20.025}"
2025-09-20 04:42:09.976718290+00:00,ps-lb-18,2,-29,9.0,"{""Bat_V"": 3.582, ""Exti_pin_level"": ""Low"", ""Exti_status"": ""False"", ""IDC_intput_mA"": 5.602, ""IN1_pin_level"": ""Low"", ""IN2_pin_level"": ""Low"", ""Node_type"": ""PS-LB"", ""Probe_mod"": 0, ""VDC_intput_V"": 0, ""Water_deep_cm"": 20.025}"
2025-09-20 04:52:09.872341801+00:00,ps-lb-18,2,-29,8.0,"{""Bat_V"": 3.582, ""Exti_pin_level"": ""Low"", ""Exti_status"": ""False"", ""IDC_intput_mA"": 5.602, ""IN1_pin_level"": ""Low"", ""IN2_pin_level"": ""Low"", ""Node_type"": ""PS-LB"", ""Probe_mod"": 0, ""VDC_intput_V"": 0, ""Water_deep_cm"": 20.025}"
2025-09-20 05:02:09.710025212+00:00,ps-lb-18,2,-116,-0.25,"{""Bat_V"": 3.582, ""Exti_pin_level"": ""Low"", ""Exti_status"": ""False"", ""IDC_intput_mA"": 5.601, ""IN1_pin_level"": ""Low"", ""IN2_pin_level"": ""Low"", ""Node_type"": ""PS-LB"", ""Probe_mod"": 0, ""VDC_intput_V"": 0, ""Water_deep_cm"": 20.012}"
2025-09-20 05:12:09.606605259+00:00,ps-lb-18,2,-31,7.5,"{""Bat_V"": 3.582, ""Exti_pin_level"": ""Low"", ""Exti_status"": ""False"", ""IDC_intput_mA"": 5.601, ""IN1_pin_level"": ""Low"", ""IN2_pin_level"": ""Low"", ""Node_type"": ""PS-LB"", ""Probe_mod"": 0, ""VDC_intput_V"": 0, ""Water_deep_cm"": 20.012}"
2025-09-20 05:22:09.498962589+00:00,ps-lb-18,2,-29,10.5,"{""Bat_V"": 3.582, ""Exti_pin_level"": ""Low"", ""Exti_status"": ""False"", ""IDC_intput_mA"": 5.601, ""IN1_pin_level"": ""Low"", ""IN2_pin_level"": ""Low"", ""Node_type"": ""PS-LB"", ""Probe_mod"": 0, ""VDC_intput_V"": 0, ""Water_deep_cm"": 20.012}"
2025-09-20 05:32:09.346596065+00:00,ps-lb-18,2,-29,9.75,"{""Bat_V"": 3.576, ""Exti_pin_level"": ""Low"", ""Exti_status"": ""False"", ""IDC_intput_mA"": 5.601, ""IN1_pin_level"": ""Low"", ""IN2_pin_level"": ""Low"", ""Node_type"": ""PS-LB"", ""Probe_mod"": 0, ""VDC_intput_V"": 0, ""Water_deep_cm"": 20.012}"
2025-09-20 05:42:09.249597939+00:00,ps-lb-18,2,-31,9.5,"{""Bat_V"": 3.576, ""Exti_pin_level"": ""Low"", ""Exti_status"": ""False"", ""IDC_intput_mA"": 5.601, ""IN1_pin_level"": ""Low"", ""IN2_pin_level"": ""Low"", ""Node_type"": ""PS-LB"", ""Probe_mod"": 0, ""VDC_intput_V"": 0, ""Water_deep_cm"": 20.012}"
2025-09-20 05:52:09.138819866+00:00,ps-lb-18,2,-27,10.25,"{""Bat_V"": 3.576, ""Exti_pin_level"": ""Low"", ""Exti_status"": ""False"", ""IDC_intput_mA"": 5.601, ""IN1_pin_level"": ""Low"", ""IN2_pin_level"": ""Low"", ""Node_type"": ""PS-LB"", ""Probe_mod"": 0, ""VDC_intput_V"": 0, ""Water_deep_cm"": 20.012}"
2025-09-20 06:02:09.018637532+00:00,ps-lb-18,2,-116,-0.75,"{""Bat_V"": 3.576, ""Exti_pin_level"": ""Low"", ""Exti_status"": ""False"", ""IDC_intput_mA"": 5.601, ""IN1_pin_level"": ""Low"", ""IN2_pin_level"": ""Low"", ""Node_type"": ""PS-LB"", ""Probe_mod"": 0, ""VDC_intput_V"": 0, ""Water_deep_cm"": 20.012}"
2025-09-20 06:12:08.901946773+00:00,ps-lb-18,2,-29,9.5,"{""Bat_V"": 3.582, ""Exti_pin_level"": ""Low"", ""Exti_status"": ""False"", ""IDC_intput_mA"": 5.601, ""IN1_pin_level"": ""Low"", ""IN2_pin_level"": ""Low"", ""Node_type"": ""PS-LB"", ""Probe_mod"": 0, ""VDC_intput_V"": 0, ""Water_deep_cm"": 20.012}"
2025-09-20 06:22:08.770890653+00:00,ps-lb-18,2,-27,7.25,"{""Bat_V"": 3.576, ""Exti_pin_level"": ""Low"", ""Exti_status"": ""False"", ""IDC_intput_mA"": 5.601, ""IN1_pin_level"": ""Low"", ""IN2_pin_level"": ""Low"", ""Node_type"": ""PS-LB"", ""Probe_mod"": 0, ""VDC_intput_V"": 0, ""Water_deep_cm"": 20.012}"
2025-09-20 06:32:08.648433710+00:00,ps-lb-18,2,-31,9.5,"{""Bat_V"": 3.582, ""Exti_pin_level"": ""Low"", ""Exti_status"": ""False"", ""IDC_intput_mA"": 5.6, ""IN1_pin_level"": ""Low"", ""IN2_pin_level"": ""Low"", ""Node_type"": ""PS-LB"", ""Probe_mod"": 0, ""VDC_intput_V"": 0, ""Water_deep_cm"": 20}"
2025-09-20 06:42:08.529378446+00:00,ps-lb-18,2,-31,9.25,"{""Bat_V"": 3.576, ""Exti_pin_level"": ""Low"", ""Exti_status"": ""False"", ""IDC_intput_mA"": 5.601, ""IN1_pin_level"": ""Low"", ""IN2_pin_level"": ""Low"", ""Node_type"": ""PS-LB"", ""Probe_mod"": 0, ""VDC_intput_V"": 0, ""Water_deep_cm"": 20.012}"
2025-09-20 06:52:08.398325780+00:00,ps-lb-18,2,-29,9.75,"{""Bat_V"": 3.576, ""Exti_pin_level"": ""Low"", ""Exti_status"": ""False"", ""IDC_intput_mA"": 5.601, ""IN1_pin_level"": ""Low"", ""IN2_pin_level"": ""Low"", ""Node_type"": ""PS-LB"", ""Probe_mod"": 0, ""VDC_intput_V"": 0, ""Water_deep_cm"": 20.012}"
2025-09-20 07:02:08.292393740+00:00,ps-lb-18,2,-29,7.0,"{""Bat_V"": 3.576, ""Exti_pin_level"": ""Low"", ""Exti_status"": ""False"", ""IDC_intput_mA"": 5.6, ""IN1_pin_level"": ""Low"", ""IN2_pin_level"": ""Low"", ""Node_type"": ""PS-LB"", ""Probe_mod"": 0, ""VDC_intput_V"": 0, ""Water_deep_cm"": 20}"
2025-09-20 07:12:08.164869575+00:00,ps-lb-18,2,-29,10.75,"{""Bat_V"": 3.582, ""Exti_pin_level"": ""Low"", ""Exti_status"": ""False"", ""IDC_intput_mA"": 5.6, ""IN1_pin_level"": ""Low"", ""IN2_pin_level"": ""Low"", ""Node_type"": ""PS-LB"", ""Probe_mod"": 0, ""VDC_intput_V"": 0, ""Water_deep_cm"": 20}"
2025-09-20 07:22:08.034472537+00:00,ps-lb-18,2,-29,10.5,"{""Bat_V"": 3.582, ""Exti_pin_level"": ""Low"", ""Exti_status"": ""False"", ""IDC_intput_mA"": 5.6, ""IN1_pin_level"": ""Low"", ""IN2_pin_level"": ""Low"", ""Node_type"": ""PS-LB"", ""Probe_mod"": 0, ""VDC_intput_V"": 0, ""Water_deep_cm"": 20}"
2025-09-20 07:32:07.914221099+00:00,ps-lb-18,2,-118,-3.25,"{""Bat_V"": 3.576, ""Exti_pin_level"": ""Low"", ""Exti_status"": ""False"", ""IDC_intput_mA"": 5.6, ""IN1_pin_level"": ""Low"", ""IN2_pin_level"": ""Low"", ""Node_type"": ""PS-LB"", ""Probe_mod"": 0, ""VDC_intput_V"": 0, ""Water_deep_cm"": 20}"
2025-09-20 07:42:07.781776096+00:00,ps-lb-18,2,-29,8.0,"{""Bat_V"": 3.576, ""Exti_pin_level"": ""Low"", ""Exti_status"": ""False"", ""IDC_intput_mA"": 5.601, ""IN1_pin_level"": ""Low"", ""IN2_pin_level"": ""Low"", ""Node_type"": ""PS-LB"", ""Probe_mod"": 0, ""VDC_intput_V"": 0, ""Water_deep_cm"": 20.012}"
2025-09-20 07:52:07.669341237+00:00,ps-lb-18,2,-29,9.5,"{""Bat_V"": 3.582, ""Exti_pin_level"": ""Low"", ""Exti_status"": ""False"", ""IDC_intput_mA"": 5.599, ""IN1_pin_level"": ""Low"", ""IN2_pin_level"": ""Low"", ""Node_type"": ""PS-LB"", ""Probe_mod"": 0, ""VDC_intput_V"": 0, ""Water_deep_cm"": 19.988}"
2025-09-20 08:02:07.539889688+00:00,ps-lb-18,2,-27,9.25,"{""Bat_V"": 3.576, ""Exti_pin_level"": ""Low"", ""Exti_status"": ""False"", ""IDC_intput_mA"": 5.6, ""IN1_pin_level"": ""Low"", ""IN2_pin_level"": ""Low"", ""Node_type"": ""PS-LB"", ""Probe_mod"": 0, ""VDC_intput_V"": 0, ""Water_deep_cm"": 20}"
2025-09-20 08:12:07.429432409+00:00,ps-lb-18,2,-31,9.25,"{""Bat_V"": 3.582, ""Exti_pin_level"": ""Low"", ""Exti_status"": ""False"", ""IDC_intput_mA"": 5.599, ""IN1_pin_level"": ""Low"", ""IN2_pin_level"": ""Low"", ""Node_type"": ""PS-LB"", ""Probe_mod"": 0, ""VDC_intput_V"": 0, ""Water_deep_cm"": 19.988}"
2025-09-20 08:22:07.309528028+00:00,ps-lb-18,2,-27,8.0,"{""Bat_V"": 3.582, ""Exti_pin_level"": ""Low"", ""Exti_status"": ""False"", ""IDC_intput_mA"": 5.6, ""IN1_pin_level"": ""Low"", ""IN2_pin_level"": ""Low"", ""Node_type"": ""PS-LB"", ""Probe_mod"": 0, ""VDC_intput_V"": 0, ""Water_deep_cm"": 20}"
2025-09-20 08:32:07.200243245+00:00,ps-lb-18,2,-27,9.25,"{""Bat_V"": 3.582, ""Exti_pin_level"": ""Low"", ""Exti_status"": ""False"", ""IDC_intput_mA"": 5.599, ""IN1_pin_level"": ""Low"", ""IN2_pin_level"": ""Low"", ""Node_type"": ""PS-LB"", ""Probe_mod"": 0, ""VDC_intput_V"": 0, ""Water_deep_cm"": 19.988}"
2025-09-20 08:42:07.055637836+00:00,ps-lb-18,2,-31,8.75,"{""Bat_V"": 3.582, ""Exti_pin_level"": ""Low"", ""Exti_status"": ""False"", ""IDC_intput_mA"": 5.599, ""IN1_pin_level"": ""Low"", ""IN2_pin_level"": ""Low"", ""Node_type"": ""PS-LB"", ""Probe_mod"": 0, ""VDC_intput_V"": 0, ""Water_deep_cm"": 19.988}"
2025-09-20 08:52:06.917827783+00:00,ps-lb-18,2,-109,3.2,"{""Bat_V"": 3.576, ""Exti_pin_level"": ""Low"", ""Exti_status"": ""False"", ""IDC_intput_mA"": 5.599, ""IN1_pin_level"": ""Low"", ""IN2_pin_level"": ""Low"", ""Node_type"": ""PS-LB"", ""Probe_mod"": 0, ""VDC_intput_V"": 0, ""Water_deep_cm"": 19.988}"
2025-09-20 09:02:06.833177009+00:00,ps-lb-18,2,-26,7.75,"{""Bat_V"": 3.582, ""Exti_pin_level"": ""Low"", ""Exti_status"": ""False"", ""IDC_intput_mA"": 5.599, ""IN1_pin_level"": ""Low"", ""IN2_pin_level"": ""Low"", ""Node_type"": ""PS-LB"", ""Probe_mod"": 0, ""VDC_intput_V"": 0, ""Water_deep_cm"": 19.988}"
2025-09-20 09:12:06.719148172+00:00,ps-lb-18,2,-31,9.0,"{""Bat_V"": 3.582, ""Exti_pin_level"": ""Low"", ""Exti_status"": ""False"", ""IDC_intput_mA"": 5.599, ""IN1_pin_level"": ""Low"", ""IN2_pin_level"": ""Low"", ""Node_type"": ""PS-LB"", ""Probe_mod"": 0, ""VDC_intput_V"": 0, ""Water_deep_cm"": 19.988}"
2025-09-20 09:22:06.593838788+00:00,ps-lb-18,2,-123,-6.5,"{""Bat_V"": 3.582, ""Exti_pin_level"": ""Low"", ""Exti_status"": ""False"", ""IDC_intput_mA"": 5.599, ""IN1_pin_level"": ""Low"", ""IN2_pin_level"": ""Low"", ""Node_type"": ""PS-LB"", ""Probe_mod"": 0, ""VDC_intput_V"": 0, ""Water_deep_cm"": 19.988}"
2025-09-20 09:32:06.461684726+00:00,ps-lb-18,2,-31,9.5,"{""Bat_V"": 3.582, ""Exti_pin_level"": ""Low"", ""Exti_status"": ""False"", ""IDC_intput_mA"": 5.599, ""IN1_pin_level"": ""Low"", ""IN2_pin_level"": ""Low"", ""Node_type"": ""PS-LB"", ""Probe_mod"": 0, ""VDC_intput_V"": 0, ""Water_deep_cm"": 19.988}"
2025-09-20 09:42:06.348312549+00:00,ps-lb-18,2,-31,7.5,"{""Bat_V"": 3.582, ""Exti_pin_level"": ""Low"", ""Exti_status"": ""False"", ""IDC_intput_mA"": 5.599, ""IN1_pin_level"": ""Low"", ""IN2_pin_level"": ""Low"", ""Node_type"": ""PS-LB"", ""Probe_mod"": 0, ""VDC_intput_V"": 0, ""Water_deep_cm"": 19.988}"
2025-09-20 09:52:06.207841923+00:00,ps-lb-18,2,-31,10.25,"{""Bat_V"": 3.582, ""Exti_pin_level"": ""Low"", ""Exti_status"": ""False"", ""IDC_intput_mA"": 5.599, ""IN1_pin_level"": ""Low"", ""IN2_pin_level"": ""Low"", ""Node_type"": ""PS-LB"", ""Probe_mod"": 0, ""VDC_intput_V"": 0, ""Water_deep_cm"": 19.988}"
2025-09-20 10:02:06.100162087+00:00,ps-lb-18,2,-31,9.25,"{""Bat_V"": 3.582, ""Exti_pin_level"": ""Low"", ""Exti_status"": ""False"", ""IDC_intput_mA"": 5.599, ""IN1_pin_level"": ""Low"", ""IN2_pin_level"": ""Low"", ""Node_type"": ""PS-LB"", ""Probe_mod"": 0, ""VDC_intput_V"": 0, ""Water_deep_cm"": 19.988}"
2025-09-20 10:12:05.999469246+00:00,ps-lb-18,2,-29,10.25,"{""Bat_V"": 3.576, ""Exti_pin_level"": ""Low"", ""Exti_status"": ""False"", ""IDC_intput_mA"": 5.599, ""IN1_pin_level"": ""Low"", ""IN2_pin_level"": ""Low"", ""Node_type"": ""PS-LB"", ""Probe_mod"": 0, ""VDC_intput_V"": 0, ""Water_deep_cm"": 19.988}"
2025-09-20 10:22:05.865517280+00:00,ps-lb-18,2,-29,7.5,"{""Bat_V"": 3.582, ""Exti_pin_level"": ""Low"", ""Exti_status"": ""False"", ""IDC_intput_mA"": 5.599, ""IN1_pin_level"": ""Low"", ""IN2_pin_level"": ""Low"", ""Node_type"": ""PS-LB"", ""Probe_mod"": 0, ""VDC_intput_V"": 0, ""Water_deep_cm"": 19.988}"
2025-09-20 10:32:05.736429174+00:00,ps-lb-18,2,-29,7.25,"{""Bat_V"": 3.582, ""Exti_pin_level"": ""Low"", ""Exti_status"": ""False"", ""IDC_intput_mA"": 5.599, ""IN1_pin_level"": ""Low"", ""IN2_pin_level"": ""Low"", ""Node_type"": ""PS-LB"", ""Probe_mod"": 0, ""VDC_intput_V"": 0, ""Water_deep_cm"": 19.988}"
2025-09-20 10:42:05.616993594+00:00,ps-lb-18,2,-27,9.25,"{""Bat_V"": 3.582, ""Exti_pin_level"": ""Low"", ""Exti_status"": ""False"", ""IDC_intput_mA"": 5.599, ""IN1_pin_level"": ""Low"", ""IN2_pin_level"": ""Low"", ""Node_type"": ""PS-LB"", ""Probe_mod"": 0, ""VDC_intput_V"": 0, ""Water_deep_cm"": 19.988}"
2025-09-20 10:52:05.488709099+00:00,ps-lb-18,2,-31,10.25,"{""Bat_V"": 3.582, ""Exti_pin_level"": ""Low"", ""Exti_status"": ""False"", ""IDC_intput_mA"": 5.599, ""IN1_pin_level"": ""Low"", ""IN2_pin_level"": ""Low"", ""Node_type"": ""PS-LB"", ""Probe_mod"": 0, ""VDC_intput_V"": 0, ""Water_deep_cm"": 19.988}"
2025-09-20 11:02:05.364573394+00:00,ps-lb-18,2,-114,-0.5,"{""Bat_V"": 3.582, ""Exti_pin_level"": ""Low"", ""Exti_status"": ""False"", ""IDC_intput_mA"": 5.599, ""IN1_pin_level"": ""Low"", ""IN2_pin_level"": ""Low"", ""Node_type"": ""PS-LB"", ""Probe_mod"": 0, ""VDC_intput_V"": 0, ""Water_deep_cm"": 19.988}"
2025-09-20 11:12:05.249487284+00:00,ps-lb-18,2,-118,-3.5,"{""Bat_V"": 3.576, ""Exti_pin_level"": ""Low"", ""Exti_status"": ""False"", ""IDC_intput_mA"": 5.599, ""IN1_pin_level"": ""Low"", ""IN2_pin_level"": ""Low"", ""Node_type"": ""PS-LB"", ""Probe_mod"": 0, ""VDC_intput_V"": 0, ""Water_deep_cm"": 19.988}"
2025-09-20 11:22:05.116638268+00:00,ps-lb-18,2,-115,1.75,"{""Bat_V"": 3.582, ""Exti_pin_level"": ""Low"", ""Exti_status"": ""False"", ""IDC_intput_mA"": 5.599, ""IN1_pin_level"": ""Low"", ""IN2_pin_level"": ""Low"", ""Node_type"": ""PS-LB"", ""Probe_mod"": 0, ""VDC_intput_V"": 0, ""Water_deep_cm"": 19.988}"
2025-09-20 11:32:05.014375579+00:00,ps-lb-18,2,-27,9.25,"{""Bat_V"": 3.582, ""Exti_pin_level"": ""Low"", ""Exti_status"": ""False"", ""IDC_intput_mA"": 5.599, ""IN1_pin_level"": ""Low"", ""IN2_pin_level"": ""Low"", ""Node_type"": ""PS-LB"", ""Probe_mod"": 0, ""VDC_intput_V"": 0, ""Water_deep_cm"": 19.988}"
2025-09-20 11:42:04.888227591+00:00,ps-lb-18,2,-121,-5.75,"{""Bat_V"": 3.582, ""Exti_pin_level"": ""Low"", ""Exti_status"": ""False"", ""IDC_intput_mA"": 5.599, ""IN1_pin_level"": ""Low"", ""IN2_pin_level"": ""Low"", ""Node_type"": ""PS-LB"", ""Probe_mod"": 0, ""VDC_intput_V"": 0, ""Water_deep_cm"": 19.988}"
2025-09-20 11:52:04.774706402+00:00,ps-lb-18,2,-30,7.5,"{""Bat_V"": 3.582, ""Exti_pin_level"": ""Low"", ""Exti_status"": ""False"", ""IDC_intput_mA"": 5.599, ""IN1_pin_level"": ""Low"", ""IN2_pin_level"": ""Low"", ""Node_type"": ""PS-LB"", ""Probe_mod"": 0, ""VDC_intput_V"": 0, ""Water_deep_cm"": 19.988}"
2025-09-20 12:02:04.657755344+00:00,ps-lb-18,2,-120,-3.5,"{""Bat_V"": 3.582, ""Exti_pin_level"": ""Low"", ""Exti_status"": ""False"", ""IDC_intput_mA"": 5.599, ""IN1_pin_level"": ""Low"", ""IN2_pin_level"": ""Low"", ""Node_type"": ""PS-LB"", ""Probe_mod"": 0, ""VDC_intput_V"": 0, ""Water_deep_cm"": 19.988}"
2025-09-20 12:12:04.518543562+00:00,ps-lb-18,2,-114,1.0,"{""Bat_V"": 3.582, ""Exti_pin_level"": ""Low"", ""Exti_status"": ""False"", ""IDC_intput_mA"": 5.599, ""IN1_pin_level"": ""Low"", ""IN2_pin_level"": ""Low"", ""Node_type"": ""PS-LB"", ""Probe_mod"": 0, ""VDC_intput_V"": 0, ""Water_deep_cm"": 19.988}"
2025-09-20 12:22:04.401111292+00:00,ps-lb-18,2,-31,10.0,"{""Bat_V"": 3.582, ""Exti_pin_level"": ""Low"", ""Exti_status"": ""False"", ""IDC_intput_mA"": 5.599, ""IN1_pin_level"": ""Low"", ""IN2_pin_level"": ""Low"", ""Node_type"": ""PS-LB"", ""Probe_mod"": 0, ""VDC_intput_V"": 0, ""Water_deep_cm"": 19.988}"
2025-09-20 12:32:04.278151535+00:00,ps-lb-18,2,-26,9.75,"{""Bat_V"": 3.576, ""Exti_pin_level"": ""Low"", ""Exti_status"": ""False"", ""IDC_intput_mA"": 5.599, ""IN1_pin_level"": ""Low"", ""IN2_pin_level"": ""Low"", ""Node_type"": ""PS-LB"", ""Probe_mod"": 0, ""VDC_intput_V"": 0, ""Water_deep_cm"": 19.988}"
2025-09-20 12:42:04.154321744+00:00,ps-lb-18,2,-118,-2.0,"{""Bat_V"": 3.582, ""Exti_pin_level"": ""Low"", ""Exti_status"": ""False"", ""IDC_intput_mA"": 5.599, ""IN1_pin_level"": ""Low"", ""IN2_pin_level"": ""Low"", ""Node_type"": ""PS-LB"", ""Probe_mod"": 0, ""VDC_intput_V"": 0, ""Water_deep_cm"": 19.988}"
2025-09-20 12:52:04.069495836+00:00,ps-lb-18,2,-29,9.5,"{""Bat_V"": 3.582, ""Exti_pin_level"": ""Low"", ""Exti_status"": ""False"", ""IDC_intput_mA"": 5.599, ""IN1_pin_level"": ""Low"", ""IN2_pin_level"": ""Low"", ""Node_type"": ""PS-LB"", ""Probe_mod"": 0, ""VDC_intput_V"": 0, ""Water_deep_cm"": 19.988}"
2025-09-20 13:02:03.925187118+00:00,ps-lb-18,2,-121,-8.5,"{""Bat_V"": 3.582, ""Exti_pin_level"": ""Low"", ""Exti_status"": ""False"", ""IDC_intput_mA"": 5.599, ""IN1_pin_level"": ""Low"", ""IN2_pin_level"": ""Low"", ""Node_type"": ""PS-LB"", ""Probe_mod"": 0, ""VDC_intput_V"": 0, ""Water_deep_cm"": 19.988}"
2025-09-20 13:12:03.792907024+00:00,ps-lb-18,2,-29,7.0,"{""Bat_V"": 3.582, ""Exti_pin_level"": ""Low"", ""Exti_status"": ""False"", ""IDC_intput_mA"": 5.598, ""IN1_pin_level"": ""Low"", ""IN2_pin_level"": ""Low"", ""Node_type"": ""PS-LB"", ""Probe_mod"": 0, ""VDC_intput_V"": 0, ""Water_deep_cm"": 19.975}"
2025-09-20 13:22:03.664538580+00:00,ps-lb-18,2,-29,10.25,"{""Bat_V"": 3.582, ""Exti_pin_level"": ""Low"", ""Exti_status"": ""False"", ""IDC_intput_mA"": 5.599, ""IN1_pin_level"": ""Low"", ""IN2_pin_level"": ""Low"", ""Node_type"": ""PS-LB"", ""Probe_mod"": 0, ""VDC_intput_V"": 0, ""Water_deep_cm"": 19.988}"
2025-09-20 13:32:03.574338082+00:00,ps-lb-18,2,-31,11.0,"{""Bat_V"": 3.582, ""Exti_pin_level"": ""Low"", ""Exti_status"": ""False"", ""IDC_intput_mA"": 5.599, ""IN1_pin_level"": ""Low"", ""IN2_pin_level"": ""Low"", ""Node_type"": ""PS-LB"", ""Probe_mod"": 0, ""VDC_intput_V"": 0, ""Water_deep_cm"": 19.988}"
2025-09-20 13:42:03.440791376+00:00,ps-lb-18,2,-29,7.75,"{""Bat_V"": 3.582, ""Exti_pin_level"": ""Low"", ""Exti_status"": ""False"", ""IDC_intput_mA"": 5.599, ""IN1_pin_level"": ""Low"", ""IN2_pin_level"": ""Low"", ""Node_type"": ""PS-LB"", ""Probe_mod"": 0, ""VDC_intput_V"": 0, ""Water_deep_cm"": 19.988}"
2025-09-20 13:52:03.339105002+00:00,ps-lb-18,2,-117,-2.5,"{""Bat_V"": 3.582, ""Exti_pin_level"": ""Low"", ""Exti_status"": ""False"", ""IDC_intput_mA"": 5.599, ""IN1_pin_level"": ""Low"", ""IN2_pin_level"": ""Low"", ""Node_type"": ""PS-LB"", ""Probe_mod"": 0, ""VDC_intput_V"": 0, ""Water_deep_cm"": 19.988}"
2025-09-20 14:02:03.197204912+00:00,ps-lb-18,2,-31,10.75,"{""Bat_V"": 3.582, ""Exti_pin_level"": ""Low"", ""Exti_status"": ""False"", ""IDC_intput_mA"": 5.599, ""IN1_pin_level"": ""Low"", ""IN2_pin_level"": ""Low"", ""Node_type"": ""PS-LB"", ""Probe_mod"": 0, ""VDC_intput_V"": 0, ""Water_deep_cm"": 19.988}"
2025-09-20 14:12:03.081038979+00:00,ps-lb-18,2,-118,-2.75,"{""Bat_V"": 3.582, ""Exti_pin_level"": ""Low"", ""Exti_status"": ""False"", ""IDC_intput_mA"": 5.599, ""IN1_pin_level"": ""Low"", ""IN2_pin_level"": ""Low"", ""Node_type"": ""PS-LB"", ""Probe_mod"": 0, ""VDC_intput_V"": 0, ""Water_deep_cm"": 19.988}"
2025-09-20 14:22:02.951071978+00:00,ps-lb-18,2,-29,7.75,"{""Bat_V"": 3.582, ""Exti_pin_level"": ""Low"", ""Exti_status"": ""False"", ""IDC_intput_mA"": 5.599, ""IN1_pin_level"": ""Low"", ""IN2_pin_level"": ""Low"", ""Node_type"": ""PS-LB"", ""Probe_mod"": 0, ""VDC_intput_V"": 0, ""Water_deep_cm"": 19.988}"
2025-09-20 14:32:02.830740789+00:00,ps-lb-18,2,-29,8.75,"{""Bat_V"": 3.582, ""Exti_pin_level"": ""Low"", ""Exti_status"": ""False"", ""IDC_intput_mA"": 5.599, ""IN1_pin_level"": ""Low"", ""IN2_pin_level"": ""Low"", ""Node_type"": ""PS-LB"", ""Probe_mod"": 0, ""VDC_intput_V"": 0, ""Water_deep_cm"": 19.988}"
2025-09-20 14:42:02.714332473+00:00,ps-lb-18,2,-122,-7.0,"{""Bat_V"": 3.582, ""Exti_pin_level"": ""Low"", ""Exti_status"": ""False"", ""IDC_intput_mA"": 5.599, ""IN1_pin_level"": ""Low"", ""IN2_pin_level"": ""Low"", ""Node_type"": ""PS-LB"", ""Probe_mod"": 0, ""VDC_intput_V"": 0, ""Water_deep_cm"": 19.988}"
2025-09-20 14:52:02.596930928+00:00,ps-lb-18,2,-31,10.5,"{""Bat_V"": 3.582, ""Exti_pin_level"": ""Low"", ""Exti_status"": ""False"", ""IDC_intput_mA"": 5.599, ""IN1_pin_level"": ""Low"", ""IN2_pin_level"": ""Low"", ""Node_type"": ""PS-LB"", ""Probe_mod"": 0, ""VDC_intput_V"": 0, ""Water_deep_cm"": 19.988}"
2025-09-20 15:02:02.458093051+00:00,ps-lb-18,2,-118,-3.25,"{""Bat_V"": 3.582, ""Exti_pin_level"": ""Low"", ""Exti_status"": ""False"", ""IDC_intput_mA"": 5.599, ""IN1_pin_level"": ""Low"", ""IN2_pin_level"": ""Low"", ""Node_type"": ""PS-LB"", ""Probe_mod"": 0, ""VDC_intput_V"": 0, ""Water_deep_cm"": 19.988}"
2025-09-20 15:12:02.342135252+00:00,ps-lb-18,2,-114,1.5,"{""Bat_V"": 3.582, ""Exti_pin_level"": ""Low"", ""Exti_status"": ""False"", ""IDC_intput_mA"": 5.599, ""IN1_pin_level"": ""Low"", ""IN2_pin_level"": ""Low"", ""Node_type"": ""PS-LB"", ""Probe_mod"": 0, ""VDC_intput_V"": 0, ""Water_deep_cm"": 19.988}"
2025-09-20 15:22:02.217401907+00:00,ps-lb-18,2,-28,9.0,"{""Bat_V"": 3.582, ""Exti_pin_level"": ""Low"", ""Exti_status"": ""False"", ""IDC_intput_mA"": 5.599, ""IN1_pin_level"": ""Low"", ""IN2_pin_level"": ""Low"", ""Node_type"": ""PS-LB"", ""Probe_mod"": 0, ""VDC_intput_V"": 0, ""Water_deep_cm"": 19.988}"
2025-09-20 15:32:02.118579186+00:00,ps-lb-18,2,-27,8.0,"{""Bat_V"": 3.582, ""Exti_pin_level"": ""Low"", ""Exti_status"": ""False"", ""IDC_intput_mA"": 5.599, ""IN1_pin_level"": ""Low"", ""IN2_pin_level"": ""Low"", ""Node_type"": ""PS-LB"", ""Probe_mod"": 0, ""VDC_intput_V"": 0, ""Water_deep_cm"": 19.988}"
2025-09-20 15:42:01.984221892+00:00,ps-lb-18,2,-26,10.0,"{""Bat_V"": 3.582, ""Exti_pin_level"": ""Low"", ""Exti_status"": ""False"", ""IDC_intput_mA"": 5.599, ""IN1_pin_level"": ""Low"", ""IN2_pin_level"": ""Low"", ""Node_type"": ""PS-LB"", ""Probe_mod"": 0, ""VDC_intput_V"": 0, ""Water_deep_cm"": 19.988}"
2025-09-20 15:52:01.862782834+00:00,ps-lb-18,2,-29,10.25,"{""Bat_V"": 3.582, ""Exti_pin_level"": ""Low"", ""Exti_status"": ""False"", ""IDC_intput_mA"": 5.599, ""IN1_pin_level"": ""Low"", ""IN2_pin_level"": ""Low"", ""Node_type"": ""PS-LB"", ""Probe_mod"": 0, ""VDC_intput_V"": 0, ""Water_deep_cm"": 19.988}"
2025-09-20 16:02:01.739921403+00:00,ps-lb-18,2,-29,9.0,"{""Bat_V"": 3.582, ""Exti_pin_level"": ""Low"", ""Exti_status"": ""False"", ""IDC_intput_mA"": 5.599, ""IN1_pin_level"": ""Low"", ""IN2_pin_level"": ""Low"", ""Node_type"": ""PS-LB"", ""Probe_mod"": 0, ""VDC_intput_V"": 0, ""Water_deep_cm"": 19.988}"
2025-09-20 16:12:01.608881555+00:00,ps-lb-18,2,-30,9.75,"{""Bat_V"": 3.582, ""Exti_pin_level"": ""Low"", ""Exti_status"": ""False"", ""IDC_intput_mA"": 5.599, ""IN1_pin_level"": ""Low"", ""IN2_pin_level"": ""Low"", ""Node_type"": ""PS-LB"", ""Probe_mod"": 0, ""VDC_intput_V"": 0, ""Water_deep_cm"": 19.988}"
2025-09-20 16:22:01.500085402+00:00,ps-lb-18,2,-29,7.5,"{""Bat_V"": 3.582, ""Exti_pin_level"": ""Low"", ""Exti_status"": ""False"", ""IDC_intput_mA"": 5.599, ""IN1_pin_level"": ""Low"", ""IN2_pin_level"": ""Low"", ""Node_type"": ""PS-LB"", ""Probe_mod"": 0, ""VDC_intput_V"": 0, ""Water_deep_cm"": 19.988}"
2025-09-20 16:32:01.377439109+00:00,ps-lb-18,2,-29,9.0,"{""Bat_V"": 3.582, ""Exti_pin_level"": ""Low"", ""Exti_status"": ""False"", ""IDC_intput_mA"": 5.599, ""IN1_pin_level"": ""Low"", ""IN2_pin_level"": ""Low"", ""Node_type"": ""PS-LB"", ""Probe_mod"": 0, ""VDC_intput_V"": 0, ""Water_deep_cm"": 19.988}"
2025-09-20 16:42:01.235696057+00:00,ps-lb-18,2,-30,9.5,"{""Bat_V"": 3.582, ""Exti_pin_level"": ""Low"", ""Exti_status"": ""False"", ""IDC_intput_mA"": 5.599, ""IN1_pin_level"": ""Low"", ""IN2_pin_level"": ""Low"", ""Node_type"": ""PS-LB"", ""Probe_mod"": 0, ""VDC_intput_V"": 0, ""Water_deep_cm"": 19.988}"
2025-09-20 16:52:01.122614329+00:00,ps-lb-18,2,-122,-6.75,"{""Bat_V"": 3.582, ""Exti_pin_level"": ""Low"", ""Exti_status"": ""False"", ""IDC_intput_mA"": 5.599, ""IN1_pin_level"": ""Low"", ""IN2_pin_level"": ""Low"", ""Node_type"": ""PS-LB"", ""Probe_mod"": 0, ""VDC_intput_V"": 0, ""Water_deep_cm"": 19.988}"
2025-09-20 17:02:01.021526465+00:00,ps-lb-18,2,-29,7.0,"{""Bat_V"": 3.582, ""Exti_pin_level"": ""Low"", ""Exti_status"": ""False"", ""IDC_intput_mA"": 5.599, ""IN1_pin_level"": ""Low"", ""IN2_pin_level"": ""Low"", ""Node_type"": ""PS-LB"", ""Probe_mod"": 0, ""VDC_intput_V"": 0, ""Water_deep_cm"": 19.988}"
2025-09-20 17:12:00.890186440+00:00,ps-lb-18,2,-29,8.75,"{""Bat_V"": 3.582, ""Exti_pin_level"": ""Low"", ""Exti_status"": ""False"", ""IDC_intput_mA"": 5.599, ""IN1_pin_level"": ""Low"", ""IN2_pin_level"": ""Low"", ""Node_type"": ""PS-LB"", ""Probe_mod"": 0, ""VDC_intput_V"": 0, ""Water_deep_cm"": 19.988}"
2025-09-20 17:22:00.770705954+00:00,ps-lb-18,2,-29,9.75,"{""Bat_V"": 3.582, ""Exti_pin_level"": ""Low"", ""Exti_status"": ""False"", ""IDC_intput_mA"": 5.599, ""IN1_pin_level"": ""Low"", ""IN2_pin_level"": ""Low"", ""Node_type"": ""PS-LB"", ""Probe_mod"": 0, ""VDC_intput_V"": 0, ""Water_deep_cm"": 19.988}"
2025-09-20 17:32:00.654500138+00:00,ps-lb-18,2,-29,9.0,"{""Bat_V"": 3.582, ""Exti_pin_level"": ""Low"", ""Exti_status"": ""False"", ""IDC_intput_mA"": 5.599, ""IN1_pin_level"": ""Low"", ""IN2_pin_level"": ""Low"", ""Node_type"": ""PS-LB"", ""Probe_mod"": 0, ""VDC_intput_V"": 0, ""Water_deep_cm"": 19.988}"
2025-09-20 17:42:00.525187603+00:00,ps-lb-18,2,-27,9.0,"{""Bat_V"": 3.582, ""Exti_pin_level"": ""Low"", ""Exti_status"": ""False"", ""IDC_intput_mA"": 5.599, ""IN1_pin_level"": ""Low"", ""IN2_pin_level"": ""Low"", ""Node_type"": ""PS-LB"", ""Probe_mod"": 0, ""VDC_intput_V"": 0, ""Water_deep_cm"": 19.988}"
2025-09-20 17:52:00.411552385+00:00,ps-lb-18,2,-29,9.75,"{""Bat_V"": 3.582, ""Exti_pin_level"": ""Low"", ""Exti_status"": ""False"", ""IDC_intput_mA"": 5.598, ""IN1_pin_level"": ""Low"", ""IN2_pin_level"": ""Low"", ""Node_type"": ""PS-LB"", ""Probe_mod"": 0, ""VDC_intput_V"": 0, ""Water_deep_cm"": 19.975}"
2025-09-20 18:02:00.285321207+00:00,ps-lb-18,2,-31,9.0,"{""Bat_V"": 3.582, ""Exti_pin_level"": ""Low"", ""Exti_status"": ""False"", ""IDC_intput_mA"": 5.598, ""IN1_pin_level"": ""Low"", ""IN2_pin_level"": ""Low"", ""Node_type"": ""PS-LB"", ""Probe_mod"": 0, ""VDC_intput_V"": 0, ""Water_deep_cm"": 19.975}"
2025-09-20 18:12:00.168832051+00:00,ps-lb-18,2,-29,11.25,"{""Bat_V"": 3.582, ""Exti_pin_level"": ""Low"", ""Exti_status"": ""False"", ""IDC_intput_mA"": 5.599, ""IN1_pin_level"": ""Low"", ""IN2_pin_level"": ""Low"", ""Node_type"": ""PS-LB"", ""Probe_mod"": 0, ""VDC_intput_V"": 0, ""Water_deep_cm"": 19.988}"
2025-09-20 18:22:00.042430458+00:00,ps-lb-18,2,-27,7.75,"{""Bat_V"": 3.582, ""Exti_pin_level"": ""Low"", ""Exti_status"": ""False"", ""IDC_intput_mA"": 5.599, ""IN1_pin_level"": ""Low"", ""IN2_pin_level"": ""Low"", ""Node_type"": ""PS-LB"", ""Probe_mod"": 0, ""VDC_intput_V"": 0, ""Water_deep_cm"": 19.988}"
2025-09-20 18:31:59.923676907+00:00,ps-lb-18,2,-29,8.0,"{""Bat_V"": 3.582, ""Exti_pin_level"": ""Low"", ""Exti_status"": ""False"", ""IDC_intput_mA"": 5.599, ""IN1_pin_level"": ""Low"", ""IN2_pin_level"": ""Low"", ""Node_type"": ""PS-LB"", ""Probe_mod"": 0, ""VDC_intput_V"": 0, ""Water_deep_cm"": 19.988}"
2025-09-20 18:41:59.800522727+00:00,ps-lb-18,2,-118,-2.0,"{""Bat_V"": 3.582, ""Exti_pin_level"": ""Low"", ""Exti_status"": ""False"", ""IDC_intput_mA"": 5.599, ""IN1_pin_level"": ""Low"", ""IN2_pin_level"": ""Low"", ""Node_type"": ""PS-LB"", ""Probe_mod"": 0, ""VDC_intput_V"": 0, ""Water_deep_cm"": 19.988}"
2025-09-20 18:51:59.676435006+00:00,ps-lb-18,2,-31,11.0,"{""Bat_V"": 3.582, ""Exti_pin_level"": ""Low"", ""Exti_status"": ""False"", ""IDC_intput_mA"": 5.599, ""IN1_pin_level"": ""Low"", ""IN2_pin_level"": ""Low"", ""Node_type"": ""PS-LB"", ""Probe_mod"": 0, ""VDC_intput_V"": 0, ""Water_deep_cm"": 19.988}"
2025-09-20 19:01:59.560346214+00:00,ps-lb-18,2,-27,7.75,"{""Bat_V"": 3.582, ""Exti_pin_level"": ""Low"", ""Exti_status"": ""False"", ""IDC_intput_mA"": 5.599, ""IN1_pin_level"": ""Low"", ""IN2_pin_level"": ""Low"", ""Node_type"": ""PS-LB"", ""Probe_mod"": 0, ""VDC_intput_V"": 0, ""Water_deep_cm"": 19.988}"
2025-09-20 19:11:59.457655837+00:00,ps-lb-18,2,-29,9.75,"{""Bat_V"": 3.582, ""Exti_pin_level"": ""Low"", ""Exti_status"": ""False"", ""IDC_intput_mA"": 5.599, ""IN1_pin_level"": ""Low"", ""IN2_pin_level"": ""Low"", ""Node_type"": ""PS-LB"", ""Probe_mod"": 0, ""VDC_intput_V"": 0, ""Water_deep_cm"": 19.988}"
2025-09-20 19:21:59.306423406+00:00,ps-lb-18,2,-29,9.75,"{""Bat_V"": 3.582, ""Exti_pin_level"": ""Low"", ""Exti_status"": ""False"", ""IDC_intput_mA"": 5.599, ""IN1_pin_level"": ""Low"", ""IN2_pin_level"": ""Low"", ""Node_type"": ""PS-LB"", ""Probe_mod"": 0, ""VDC_intput_V"": 0, ""Water_deep_cm"": 19.988}"
2025-09-20 19:31:59.220460736+00:00,ps-lb-18,2,-29,8.0,"{""Bat_V"": 3.582, ""Exti_pin_level"": ""Low"", ""Exti_status"": ""False"", ""IDC_intput_mA"": 5.599, ""IN1_pin_level"": ""Low"", ""IN2_pin_level"": ""Low"", ""Node_type"": ""PS-LB"", ""Probe_mod"": 0, ""VDC_intput_V"": 0, ""Water_deep_cm"": 19.988}"
2025-09-20 19:41:59.054624241+00:00,ps-lb-18,2,-27,9.75,"{""Bat_V"": 3.582, ""Exti_pin_level"": ""Low"", ""Exti_status"": ""False"", ""IDC_intput_mA"": 5.599, ""IN1_pin_level"": ""Low"", ""IN2_pin_level"": ""Low"", ""Node_type"": ""PS-LB"", ""Probe_mod"": 0, ""VDC_intput_V"": 0, ""Water_deep_cm"": 19.988}"
2025-09-20 19:51:58.962526079+00:00,ps-lb-18,2,-118,-2.0,"{""Bat_V"": 3.582, ""Exti_pin_level"": ""Low"", ""Exti_status"": ""False"", ""IDC_intput_mA"": 5.599, ""IN1_pin_level"": ""Low"", ""IN2_pin_level"": ""Low"", ""Node_type"": ""PS-LB"", ""Probe_mod"": 0, ""VDC_intput_V"": 0, ""Water_deep_cm"": 19.988}"
2025-09-20 20:01:58.854786101+00:00,ps-lb-18,2,-29,10.25,"{""Bat_V"": 3.582, ""Exti_pin_level"": ""Low"", ""Exti_status"": ""False"", ""IDC_intput_mA"": 5.599, ""IN1_pin_level"": ""Low"", ""IN2_pin_level"": ""Low"", ""Node_type"": ""PS-LB"", ""Probe_mod"": 0, ""VDC_intput_V"": 0, ""Water_deep_cm"": 19.988}"
2025-09-20 20:11:58.715077980+00:00,ps-lb-18,2,-30,9.75,"{""Bat_V"": 3.582, ""Exti_pin_level"": ""Low"", ""Exti_status"": ""False"", ""IDC_intput_mA"": 5.599, ""IN1_pin_level"": ""Low"", ""IN2_pin_level"": ""Low"", ""Node_type"": ""PS-LB"", ""Probe_mod"": 0, ""VDC_intput_V"": 0, ""Water_deep_cm"": 19.988}"
2025-09-20 20:21:58.597863039+00:00,ps-lb-18,2,-29,7.5,"{""Bat_V"": 3.582, ""Exti_pin_level"": ""Low"", ""Exti_status"": ""False"", ""IDC_intput_mA"": 5.599, ""IN1_pin_level"": ""Low"", ""IN2_pin_level"": ""Low"", ""Node_type"": ""PS-LB"", ""Probe_mod"": 0, ""VDC_intput_V"": 0, ""Water_deep_cm"": 19.988}"
2025-09-20 20:31:58.479226626+00:00,ps-lb-18,2,-115,-0.25,"{""Bat_V"": 3.582, ""Exti_pin_level"": ""Low"", ""Exti_status"": ""False"", ""IDC_intput_mA"": 5.599, ""IN1_pin_level"": ""Low"", ""IN2_pin_level"": ""Low"", ""Node_type"": ""PS-LB"", ""Probe_mod"": 0, ""VDC_intput_V"": 0, ""Water_deep_cm"": 19.988}"
2025-09-20 20:33:13.034679835+00:00,ps-lb-18,2,-29,9.5,"{""Bat_V"": 3.582, ""Exti_pin_level"": ""Low"", ""Exti_status"": ""False"", ""IDC_intput_mA"": 5.599, ""IN1_pin_level"": ""Low"", ""IN2_pin_level"": ""Low"", ""Node_type"": ""PS-LB"", ""Probe_mod"": 0, ""VDC_intput_V"": 0, ""Water_deep_cm"": 19.988}"
2025-09-20 20:34:13.017348101+00:00,ps-lb-18,2,-29,10.5,"{""Bat_V"": 3.582, ""Exti_pin_level"": ""Low"", ""Exti_status"": ""False"", ""IDC_intput_mA"": 5.599, ""IN1_pin_level"": ""Low"", ""IN2_pin_level"": ""Low"", ""Node_type"": ""PS-LB"", ""Probe_mod"": 0, ""VDC_intput_V"": 0, ""Water_deep_cm"": 19.988}"
2025-09-20 20:35:13.007986092+00:00,ps-lb-18,2,-27,9.75,"{""Bat_V"": 3.582, ""Exti_pin_level"": ""Low"", ""Exti_status"": ""False"", ""IDC_intput_mA"": 5.599, ""IN1_pin_level"": ""Low"", ""IN2_pin_level"": ""Low"", ""Node_type"": ""PS-LB"", ""Probe_mod"": 0, ""VDC_intput_V"": 0, ""Water_deep_cm"": 19.988}"
2025-09-20 21:35:26.876797403+00:00,ps-lb-18,2,-29,8.25,"{""Bat_V"": 3.582, ""Exti_pin_level"": ""Low"", ""Exti_status"": ""False"", ""IDC_intput_mA"": 5.599, ""IN1_pin_level"": ""Low"", ""IN2_pin_level"": ""Low"", ""Node_type"": ""PS-LB"", ""Probe_mod"": 0, ""VDC_intput_V"": 0, ""Water_deep_cm"": 19.988}"
2025-09-20 22:35:26.141756513+00:00,ps-lb-18,2,-28,9.75,"{""Bat_V"": 3.582, ""Exti_pin_level"": ""Low"", ""Exti_status"": ""False"", ""IDC_intput_mA"": 5.599, ""IN1_pin_level"": ""Low"", ""IN2_pin_level"": ""Low"", ""Node_type"": ""PS-LB"", ""Probe_mod"": 0, ""VDC_intput_V"": 0, ""Water_deep_cm"": 19.988}"
2025-09-20 23:35:25.418299696+00:00,ps-lb-18,2,-29,8.5,"{""Bat_V"": 3.582, ""Exti_pin_level"": ""Low"", ""Exti_status"": ""False"", ""IDC_intput_mA"": 5.599, ""IN1_pin_level"": ""Low"", ""IN2_pin_level"": ""Low"", ""Node_type"": ""PS-LB"", ""Probe_mod"": 0, ""VDC_intput_V"": 0, ""Water_deep_cm"": 19.988}"
2025-09-21 00:35:24.677673151+00:00,ps-lb-18,2,-116,-1.5,"{""Bat_V"": 3.582, ""Exti_pin_level"": ""Low"", ""Exti_status"": ""False"", ""IDC_intput_mA"": 5.599, ""IN1_pin_level"": ""Low"", ""IN2_pin_level"": ""Low"", ""Node_type"": ""PS-LB"", ""Probe_mod"": 0, ""VDC_intput_V"": 0, ""Water_deep_cm"": 19.988}"
2025-09-21 01:35:23.939279511+00:00,ps-lb-18,2,-29,9.5,"{""Bat_V"": 3.588, ""Exti_pin_level"": ""Low"", ""Exti_status"": ""False"", ""IDC_intput_mA"": 5.599, ""IN1_pin_level"": ""Low"", ""IN2_pin_level"": ""Low"", ""Node_type"": ""PS-LB"", ""Probe_mod"": 0, ""VDC_intput_V"": 0, ""Water_deep_cm"": 19.988}"
2025-09-21 02:35:23.236897088+00:00,ps-lb-18,2,-31,10.75,"{""Bat_V"": 3.588, ""Exti_pin_level"": ""Low"", ""Exti_status"": ""False"", ""IDC_intput_mA"": 5.599, ""IN1_pin_level"": ""Low"", ""IN2_pin_level"": ""Low"", ""Node_type"": ""PS-LB"", ""Probe_mod"": 0, ""VDC_intput_V"": 0, ""Water_deep_cm"": 19.988}"
2025-09-21 03:35:22.488726927+00:00,ps-lb-18,2,-29,10.5,"{""Bat_V"": 3.588, ""Exti_pin_level"": ""Low"", ""Exti_status"": ""False"", ""IDC_intput_mA"": 5.599, ""IN1_pin_level"": ""Low"", ""IN2_pin_level"": ""Low"", ""Node_type"": ""PS-LB"", ""Probe_mod"": 0, ""VDC_intput_V"": 0, ""Water_deep_cm"": 19.988}"
2025-09-21 04:35:21.755648867+00:00,ps-lb-18,2,-29,9.5,"{""Bat_V"": 3.588, ""Exti_pin_level"": ""Low"", ""Exti_status"": ""False"", ""IDC_intput_mA"": 5.599, ""IN1_pin_level"": ""Low"", ""IN2_pin_level"": ""Low"", ""Node_type"": ""PS-LB"", ""Probe_mod"": 0, ""VDC_intput_V"": 0, ""Water_deep_cm"": 19.988}"
2025-09-21 05:35:21.026056268+00:00,ps-lb-18,2,-29,7.25,"{""Bat_V"": 3.588, ""Exti_pin_level"": ""Low"", ""Exti_status"": ""False"", ""IDC_intput_mA"": 5.598, ""IN1_pin_level"": ""Low"", ""IN2_pin_level"": ""Low"", ""Node_type"": ""PS-LB"", ""Probe_mod"": 0, ""VDC_intput_V"": 0, ""Water_deep_cm"": 19.975}"
2025-09-21 06:35:20.301775538+00:00,ps-lb-18,2,-114,0.75,"{""Bat_V"": 3.588, ""Exti_pin_level"": ""Low"", ""Exti_status"": ""False"", ""IDC_intput_mA"": 5.598, ""IN1_pin_level"": ""Low"", ""IN2_pin_level"": ""Low"", ""Node_type"": ""PS-LB"", ""Probe_mod"": 0, ""VDC_intput_V"": 0, ""Water_deep_cm"": 19.975}"
2025-09-21 07:35:19.564722567+00:00,ps-lb-18,2,-118,-2.0,"{""Bat_V"": 3.588, ""Exti_pin_level"": ""Low"", ""Exti_status"": ""False"", ""IDC_intput_mA"": 5.598, ""IN1_pin_level"": ""Low"", ""IN2_pin_level"": ""Low"", ""Node_type"": ""PS-LB"", ""Probe_mod"": 0, ""VDC_intput_V"": 0, ""Water_deep_cm"": 19.975}"
2025-09-21 08:35:18.852499348+00:00,ps-lb-18,2,-27,7.5,"{""Bat_V"": 3.588, ""Exti_pin_level"": ""Low"", ""Exti_status"": ""False"", ""IDC_intput_mA"": 5.597, ""IN1_pin_level"": ""Low"", ""IN2_pin_level"": ""Low"", ""Node_type"": ""PS-LB"", ""Probe_mod"": 0, ""VDC_intput_V"": 0, ""Water_deep_cm"": 19.963}"
2025-09-21 09:35:18.122283053+00:00,ps-lb-18,2,-29,10.25,"{""Bat_V"": 3.588, ""Exti_pin_level"": ""Low"", ""Exti_status"": ""False"", ""IDC_intput_mA"": 5.597, ""IN1_pin_level"": ""Low"", ""IN2_pin_level"": ""Low"", ""Node_type"": ""PS-LB"", ""Probe_mod"": 0, ""VDC_intput_V"": 0, ""Water_deep_cm"": 19.963}"
2025-09-21 10:35:17.374727462+00:00,ps-lb-18,2,-31,10.5,"{""Bat_V"": 3.588, ""Exti_pin_level"": ""Low"", ""Exti_status"": ""False"", ""IDC_intput_mA"": 5.597, ""IN1_pin_level"": ""Low"", ""IN2_pin_level"": ""Low"", ""Node_type"": ""PS-LB"", ""Probe_mod"": 0, ""VDC_intput_V"": 0, ""Water_deep_cm"": 19.963}"
2025-09-21 11:35:16.637656824+00:00,ps-lb-18,2,-29,10.75,"{""Bat_V"": 3.594, ""Exti_pin_level"": ""Low"", ""Exti_status"": ""False"", ""IDC_intput_mA"": 5.597, ""IN1_pin_level"": ""Low"", ""IN2_pin_level"": ""Low"", ""Node_type"": ""PS-LB"", ""Probe_mod"": 0, ""VDC_intput_V"": 0, ""Water_deep_cm"": 19.963}"
2025-09-21 12:35:15.914307446+00:00,ps-lb-18,2,-26,9.5,"{""Bat_V"": 3.594, ""Exti_pin_level"": ""Low"", ""Exti_status"": ""False"", ""IDC_intput_mA"": 5.597, ""IN1_pin_level"": ""Low"", ""IN2_pin_level"": ""Low"", ""Node_type"": ""PS-LB"", ""Probe_mod"": 0, ""VDC_intput_V"": 0, ""Water_deep_cm"": 19.963}"
2025-09-21 13:35:15.184108722+00:00,ps-lb-18,2,-26,7.75,"{""Bat_V"": 3.594, ""Exti_pin_level"": ""Low"", ""Exti_status"": ""False"", ""IDC_intput_mA"": 5.596, ""IN1_pin_level"": ""Low"", ""IN2_pin_level"": ""Low"", ""Node_type"": ""PS-LB"", ""Probe_mod"": 0, ""VDC_intput_V"": 0, ""Water_deep_cm"": 19.95}"
2025-09-21 14:35:14.456127358+00:00,ps-lb-18,2,-29,9.5,"{""Bat_V"": 3.594, ""Exti_pin_level"": ""Low"", ""Exti_status"": ""False"", ""IDC_intput_mA"": 5.596, ""IN1_pin_level"": ""Low"", ""IN2_pin_level"": ""Low"", ""Node_type"": ""PS-LB"", ""Probe_mod"": 0, ""VDC_intput_V"": 0, ""Water_deep_cm"": 19.95}"
2025-09-21 15:35:13.729798723+00:00,ps-lb-18,2,-117,-4.75,"{""Bat_V"": 3.594, ""Exti_pin_level"": ""Low"", ""Exti_status"": ""False"", ""IDC_intput_mA"": 5.596, ""IN1_pin_level"": ""Low"", ""IN2_pin_level"": ""Low"", ""Node_type"": ""PS-LB"", ""Probe_mod"": 0, ""VDC_intput_V"": 0, ""Water_deep_cm"": 19.95}"
2025-09-21 16:35:13.007052473+00:00,ps-lb-18,2,-29,8.75,"{""Bat_V"": 3.594, ""Exti_pin_level"": ""Low"", ""Exti_status"": ""False"", ""IDC_intput_mA"": 5.596, ""IN1_pin_level"": ""Low"", ""IN2_pin_level"": ""Low"", ""Node_type"": ""PS-LB"", ""Probe_mod"": 0, ""VDC_intput_V"": 0, ""Water_deep_cm"": 19.95}"
2025-09-21 17:35:12.267099494+00:00,ps-lb-18,2,-29,9.25,"{""Bat_V"": 3.594, ""Exti_pin_level"": ""Low"", ""Exti_status"": ""False"", ""IDC_intput_mA"": 5.595, ""IN1_pin_level"": ""Low"", ""IN2_pin_level"": ""Low"", ""Node_type"": ""PS-LB"", ""Probe_mod"": 0, ""VDC_intput_V"": 0, ""Water_deep_cm"": 19.937}"
2025-09-21 18:35:11.556252397+00:00,ps-lb-18,2,-29,9.5,"{""Bat_V"": 3.594, ""Exti_pin_level"": ""Low"", ""Exti_status"": ""False"", ""IDC_intput_mA"": 5.596, ""IN1_pin_level"": ""Low"", ""IN2_pin_level"": ""Low"", ""Node_type"": ""PS-LB"", ""Probe_mod"": 0, ""VDC_intput_V"": 0, ""Water_deep_cm"": 19.95}"
2025-09-21 19:35:10.816909460+00:00,ps-lb-18,2,-29,7.25,"{""Bat_V"": 3.594, ""Exti_pin_level"": ""Low"", ""Exti_status"": ""False"", ""IDC_intput_mA"": 5.595, ""IN1_pin_level"": ""Low"", ""IN2_pin_level"": ""Low"", ""Node_type"": ""PS-LB"", ""Probe_mod"": 0, ""VDC_intput_V"": 0, ""Water_deep_cm"": 19.937}"
2025-09-21 20:35:10.094369003+00:00,ps-lb-18,2,-29,7.0,"{""Bat_V"": 3.594, ""Exti_pin_level"": ""Low"", ""Exti_status"": ""False"", ""IDC_intput_mA"": 5.595, ""IN1_pin_level"": ""Low"", ""IN2_pin_level"": ""Low"", ""Node_type"": ""PS-LB"", ""Probe_mod"": 0, ""VDC_intput_V"": 0, ""Water_deep_cm"": 19.937}"
2025-09-21 21:35:09.353443975+00:00,ps-lb-18,2,-112,-7.25,"{""Bat_V"": 3.594, ""Exti_pin_level"": ""Low"", ""Exti_status"": ""False"", ""IDC_intput_mA"": 5.594, ""IN1_pin_level"": ""Low"", ""IN2_pin_level"": ""Low"", ""Node_type"": ""PS-LB"", ""Probe_mod"": 0, ""VDC_intput_V"": 0, ""Water_deep_cm"": 19.925}"
2025-09-21 22:35:08.621502371+00:00,ps-lb-18,2,-29,9.75,"{""Bat_V"": 3.594, ""Exti_pin_level"": ""Low"", ""Exti_status"": ""False"", ""IDC_intput_mA"": 5.594, ""IN1_pin_level"": ""Low"", ""IN2_pin_level"": ""Low"", ""Node_type"": ""PS-LB"", ""Probe_mod"": 0, ""VDC_intput_V"": 0, ""Water_deep_cm"": 19.925}"
2025-09-21 23:35:07.909752626+00:00,ps-lb-18,2,-118,-2.25,"{""Bat_V"": 3.594, ""Exti_pin_level"": ""Low"", ""Exti_status"": ""False"", ""IDC_intput_mA"": 5.594, ""IN1_pin_level"": ""Low"", ""IN2_pin_level"": ""Low"", ""Node_type"": ""PS-LB"", ""Probe_mod"": 0, ""VDC_intput_V"": 0, ""Water_deep_cm"": 19.925}"
2025-09-22 00:35:07.164194870+00:00,ps-lb-18,2,-115,-2.75,"{""Bat_V"": 3.594, ""Exti_pin_level"": ""Low"", ""Exti_status"": ""False"", ""IDC_intput_mA"": 5.593, ""IN1_pin_level"": ""Low"", ""IN2_pin_level"": ""Low"", ""Node_type"": ""PS-LB"", ""Probe_mod"": 0, ""VDC_intput_V"": 0, ""Water_deep_cm"": 19.913}"
2025-09-22 01:35:06.434761694+00:00,ps-lb-18,2,-29,9.5,"{""Bat_V"": 3.594, ""Exti_pin_level"": ""Low"", ""Exti_status"": ""False"", ""IDC_intput_mA"": 5.592, ""IN1_pin_level"": ""Low"", ""IN2_pin_level"": ""Low"", ""Node_type"": ""PS-LB"", ""Probe_mod"": 0, ""VDC_intput_V"": 0, ""Water_deep_cm"": 19.9}"
2025-09-22 02:35:05.709558787+00:00,ps-lb-18,2,-121,-4.5,"{""Bat_V"": 3.594, ""Exti_pin_level"": ""Low"", ""Exti_status"": ""False"", ""IDC_intput_mA"": 5.592, ""IN1_pin_level"": ""Low"", ""IN2_pin_level"": ""Low"", ""Node_type"": ""PS-LB"", ""Probe_mod"": 0, ""VDC_intput_V"": 0, ""Water_deep_cm"": 19.9}"
2025-09-22 03:35:04.987676373+00:00,ps-lb-18,2,-27,7.75,"{""Bat_V"": 3.594, ""Exti_pin_level"": ""Low"", ""Exti_status"": ""False"", ""IDC_intput_mA"": 5.591, ""IN1_pin_level"": ""Low"", ""IN2_pin_level"": ""Low"", ""Node_type"": ""PS-LB"", ""Probe_mod"": 0, ""VDC_intput_V"": 0, ""Water_deep_cm"": 19.888}"
2025-09-22 04:35:04.240258071+00:00,ps-lb-18,2,-118,-2.5,"{""Bat_V"": 3.594, ""Exti_pin_level"": ""Low"", ""Exti_status"": ""False"", ""IDC_intput_mA"": 5.59, ""IN1_pin_level"": ""Low"", ""IN2_pin_level"": ""Low"", ""Node_type"": ""PS-LB"", ""Probe_mod"": 0, ""VDC_intput_V"": 0, ""Water_deep_cm"": 19.875}"
2025-09-22 05:35:03.521681347+00:00,ps-lb-18,2,-114,1.25,"{""Bat_V"": 3.594, ""Exti_pin_level"": ""Low"", ""Exti_status"": ""False"", ""IDC_intput_mA"": 5.59, ""IN1_pin_level"": ""Low"", ""IN2_pin_level"": ""Low"", ""Node_type"": ""PS-LB"", ""Probe_mod"": 0, ""VDC_intput_V"": 0, ""Water_deep_cm"": 19.875}"
2025-09-22 06:35:02.785901100+00:00,ps-lb-18,2,-31,9.25,"{""Bat_V"": 3.594, ""Exti_pin_level"": ""Low"", ""Exti_status"": ""False"", ""IDC_intput_mA"": 5.589, ""IN1_pin_level"": ""Low"", ""IN2_pin_level"": ""Low"", ""Node_type"": ""PS-LB"", ""Probe_mod"": 0, ""VDC_intput_V"": 0, ""Water_deep_cm"": 19.863}"
2025-09-22 07:35:02.089140842+00:00,ps-lb-18,2,-111,5.0,"{""Bat_V"": 3.594, ""Exti_pin_level"": ""Low"", ""Exti_status"": ""False"", ""IDC_intput_mA"": 5.588, ""IN1_pin_level"": ""Low"", ""IN2_pin_level"": ""Low"", ""Node_type"": ""PS-LB"", ""Probe_mod"": 0, ""VDC_intput_V"": 0, ""Water_deep_cm"": 19.85}"
2025-09-22 08:35:01.359959044+00:00,ps-lb-18,2,-29,10.0,"{""Bat_V"": 3.6, ""Exti_pin_level"": ""Low"", ""Exti_status"": ""False"", ""IDC_intput_mA"": 5.588, ""IN1_pin_level"": ""Low"", ""IN2_pin_level"": ""Low"", ""Node_type"": ""PS-LB"", ""Probe_mod"": 0, ""VDC_intput_V"": 0, ""Water_deep_cm"": 19.85}"
2025-09-22 09:35:00.606991077+00:00,ps-lb-18,2,-27,8.75,"{""Bat_V"": 3.6, ""Exti_pin_level"": ""Low"", ""Exti_status"": ""False"", ""IDC_intput_mA"": 5.587, ""IN1_pin_level"": ""Low"", ""IN2_pin_level"": ""Low"", ""Node_type"": ""PS-LB"", ""Probe_mod"": 0, ""VDC_intput_V"": 0, ""Water_deep_cm"": 19.837}"
2025-09-22 10:34:59.901616954+00:00,ps-lb-18,2,-35,10.0,"{""Bat_V"": 3.6, ""Exti_pin_level"": ""Low"", ""Exti_status"": ""False"", ""IDC_intput_mA"": 5.448, ""IN1_pin_level"": ""Low"", ""IN2_pin_level"": ""Low"", ""Node_type"": ""PS-LB"", ""Probe_mod"": 0, ""VDC_intput_V"": 0, ""Water_deep_cm"": 18.1}"
2025-09-22 11:34:59.151816461+00:00,ps-lb-18,2,-35,11.0,"{""Bat_V"": 3.594, ""Exti_pin_level"": ""Low"", ""Exti_status"": ""False"", ""IDC_intput_mA"": 5.446, ""IN1_pin_level"": ""Low"", ""IN2_pin_level"": ""Low"", ""Node_type"": ""PS-LB"", ""Probe_mod"": 0, ""VDC_intput_V"": 0, ""Water_deep_cm"": 18.075}"
2025-09-22 12:34:58.429081461+00:00,ps-lb-18,2,-35,8.25,"{""Bat_V"": 3.6, ""Exti_pin_level"": ""Low"", ""Exti_status"": ""False"", ""IDC_intput_mA"": 5.447, ""IN1_pin_level"": ""Low"", ""IN2_pin_level"": ""Low"", ""Node_type"": ""PS-LB"", ""Probe_mod"": 0, ""VDC_intput_V"": 0, ""Water_deep_cm"": 18.088}"
2025-09-22 13:34:57.697520791+00:00,ps-lb-18,2,-37,10.75,"{""Bat_V"": 3.6, ""Exti_pin_level"": ""Low"", ""Exti_status"": ""False"", ""IDC_intput_mA"": 5.447, ""IN1_pin_level"": ""Low"", ""IN2_pin_level"": ""Low"", ""Node_type"": ""PS-LB"", ""Probe_mod"": 0, ""VDC_intput_V"": 0, ""Water_deep_cm"": 18.088}"
2025-09-22 14:34:56.975356325+00:00,ps-lb-18,2,-35,9.0,"{""Bat_V"": 3.594, ""Exti_pin_level"": ""Low"", ""Exti_status"": ""False"", ""IDC_intput_mA"": 5.448, ""IN1_pin_level"": ""Low"", ""IN2_pin_level"": ""Low"", ""Node_type"": ""PS-LB"", ""Probe_mod"": 0, ""VDC_intput_V"": 0, ""Water_deep_cm"": 18.1}"
2025-09-22 15:34:56.238148423+00:00,ps-lb-18,2,-120,-5.0,"{""Bat_V"": 3.594, ""Exti_pin_level"": ""Low"", ""Exti_status"": ""False"", ""IDC_intput_mA"": 5.446, ""IN1_pin_level"": ""Low"", ""IN2_pin_level"": ""Low"", ""Node_type"": ""PS-LB"", ""Probe_mod"": 0, ""VDC_intput_V"": 0, ""Water_deep_cm"": 18.075}"
2025-09-22 16:34:55.506992966+00:00,ps-lb-18,2,-35,7.5,"{""Bat_V"": 3.594, ""Exti_pin_level"": ""Low"", ""Exti_status"": ""False"", ""IDC_intput_mA"": 5.446, ""IN1_pin_level"": ""Low"", ""IN2_pin_level"": ""Low"", ""Node_type"": ""PS-LB"", ""Probe_mod"": 0, ""VDC_intput_V"": 0, ""Water_deep_cm"": 18.075}"
2025-09-22 17:34:54.780210832+00:00,ps-lb-18,2,-35,10.5,"{""Bat_V"": 3.6, ""Exti_pin_level"": ""Low"", ""Exti_status"": ""False"", ""IDC_intput_mA"": 5.446, ""IN1_pin_level"": ""Low"", ""IN2_pin_level"": ""Low"", ""Node_type"": ""PS-LB"", ""Probe_mod"": 0, ""VDC_intput_V"": 0, ""Water_deep_cm"": 18.075}"
2025-09-22 18:34:54.049249312+00:00,ps-lb-18,2,-35,9.25,"{""Bat_V"": 3.6, ""Exti_pin_level"": ""Low"", ""Exti_status"": ""False"", ""IDC_intput_mA"": 5.444, ""IN1_pin_level"": ""Low"", ""IN2_pin_level"": ""Low"", ""Node_type"": ""PS-LB"", ""Probe_mod"": 0, ""VDC_intput_V"": 0, ""Water_deep_cm"": 18.05}"
2025-09-22 19:34:53.334081096+00:00,ps-lb-18,2,-33,7.0,"{""Bat_V"": 3.6, ""Exti_pin_level"": ""Low"", ""Exti_status"": ""False"", ""IDC_intput_mA"": 5.445, ""IN1_pin_level"": ""Low"", ""IN2_pin_level"": ""Low"", ""Node_type"": ""PS-LB"", ""Probe_mod"": 0, ""VDC_intput_V"": 0, ""Water_deep_cm"": 18.063}"
2025-09-22 20:34:52.583476003+00:00,ps-lb-18,2,-33,7.75,"{""Bat_V"": 3.6, ""Exti_pin_level"": ""Low"", ""Exti_status"": ""False"", ""IDC_intput_mA"": 5.444, ""IN1_pin_level"": ""Low"", ""IN2_pin_level"": ""Low"", ""Node_type"": ""PS-LB"", ""Probe_mod"": 0, ""VDC_intput_V"": 0, ""Water_deep_cm"": 18.05}"
2025-09-22 21:34:51.860014157+00:00,ps-lb-18,2,-37,7.75,"{""Bat_V"": 3.6, ""Exti_pin_level"": ""Low"", ""Exti_status"": ""False"", ""IDC_intput_mA"": 5.443, ""IN1_pin_level"": ""Low"", ""IN2_pin_level"": ""Low"", ""Node_type"": ""PS-LB"", ""Probe_mod"": 0, ""VDC_intput_V"": 0, ""Water_deep_cm"": 18.037}"
2025-09-22 22:34:51.150219390+00:00,ps-lb-18,2,-124,-8.25,"{""Bat_V"": 3.6, ""Exti_pin_level"": ""Low"", ""Exti_status"": ""False"", ""IDC_intput_mA"": 5.443, ""IN1_pin_level"": ""Low"", ""IN2_pin_level"": ""Low"", ""Node_type"": ""PS-LB"", ""Probe_mod"": 0, ""VDC_intput_V"": 0, ""Water_deep_cm"": 18.037}"
2025-09-22 23:34:50.411859597+00:00,ps-lb-18,2,-116,-0.75,"{""Bat_V"": 3.6, ""Exti_pin_level"": ""Low"", ""Exti_status"": ""False"", ""IDC_intput_mA"": 5.443, ""IN1_pin_level"": ""Low"", ""IN2_pin_level"": ""Low"", ""Node_type"": ""PS-LB"", ""Probe_mod"": 0, ""VDC_intput_V"": 0, ""Water_deep_cm"": 18.037}"
2025-09-23 00:34:49.683936853+00:00,ps-lb-18,2,-33,8.25,"{""Bat_V"": 3.6, ""Exti_pin_level"": ""Low"", ""Exti_status"": ""False"", ""IDC_intput_mA"": 5.442, ""IN1_pin_level"": ""Low"", ""IN2_pin_level"": ""Low"", ""Node_type"": ""PS-LB"", ""Probe_mod"": 0, ""VDC_intput_V"": 0, ""Water_deep_cm"": 18.025}"
2025-09-23 01:34:48.960620241+00:00,ps-lb-18,2,-37,10.0,"{""Bat_V"": 3.6, ""Exti_pin_level"": ""Low"", ""Exti_status"": ""False"", ""IDC_intput_mA"": 5.441, ""IN1_pin_level"": ""Low"", ""IN2_pin_level"": ""Low"", ""Node_type"": ""PS-LB"", ""Probe_mod"": 0, ""VDC_intput_V"": 0, ""Water_deep_cm"": 18.012}"
2025-09-23 02:34:48.231778920+00:00,ps-lb-18,2,-33,10.0,"{""Bat_V"": 3.594, ""Exti_pin_level"": ""Low"", ""Exti_status"": ""False"", ""IDC_intput_mA"": 5.441, ""IN1_pin_level"": ""Low"", ""IN2_pin_level"": ""Low"", ""Node_type"": ""PS-LB"", ""Probe_mod"": 0, ""VDC_intput_V"": 0, ""Water_deep_cm"": 18.012}"
2025-09-23 03:34:47.512431054+00:00,ps-lb-18,2,-33,10.0,"{""Bat_V"": 3.6, ""Exti_pin_level"": ""Low"", ""Exti_status"": ""False"", ""IDC_intput_mA"": 5.441, ""IN1_pin_level"": ""Low"", ""IN2_pin_level"": ""Low"", ""Node_type"": ""PS-LB"", ""Probe_mod"": 0, ""VDC_intput_V"": 0, ""Water_deep_cm"": 18.012}"
2025-09-23 04:34:46.785038663+00:00,ps-lb-18,2,-32,7.0,"{""Bat_V"": 3.6, ""Exti_pin_level"": ""Low"", ""Exti_status"": ""False"", ""IDC_intput_mA"": 5.44, ""IN1_pin_level"": ""Low"", ""IN2_pin_level"": ""Low"", ""Node_type"": ""PS-LB"", ""Probe_mod"": 0, ""VDC_intput_V"": 0, ""Water_deep_cm"": 18}"
2025-09-23 05:34:46.056864094+00:00,ps-lb-18,2,-33,7.5,"{""Bat_V"": 3.6, ""Exti_pin_level"": ""Low"", ""Exti_status"": ""False"", ""IDC_intput_mA"": 5.439, ""IN1_pin_level"": ""Low"", ""IN2_pin_level"": ""Low"", ""Node_type"": ""PS-LB"", ""Probe_mod"": 0, ""VDC_intput_V"": 0, ""Water_deep_cm"": 17.988}"
2025-09-23 06:34:45.329136619+00:00,ps-lb-18,2,-33,9.75,"{""Bat_V"": 3.6, ""Exti_pin_level"": ""Low"", ""Exti_status"": ""False"", ""IDC_intput_mA"": 5.439, ""IN1_pin_level"": ""Low"", ""IN2_pin_level"": ""Low"", ""Node_type"": ""PS-LB"", ""Probe_mod"": 0, ""VDC_intput_V"": 0, ""Water_deep_cm"": 17.988}"
2025-09-23 07:34:44.594810787+00:00,ps-lb-18,2,-117,-1.0,"{""Bat_V"": 3.6, ""Exti_pin_level"": ""Low"", ""Exti_status"": ""False"", ""IDC_intput_mA"": 5.437, ""IN1_pin_level"": ""Low"", ""IN2_pin_level"": ""Low"", ""Node_type"": ""PS-LB"", ""Probe_mod"": 0, ""VDC_intput_V"": 0, ""Water_deep_cm"": 17.963}"
2025-09-23 08:34:43.883952772+00:00,ps-lb-18,2,-37,9.0,"{""Bat_V"": 3.6, ""Exti_pin_level"": ""Low"", ""Exti_status"": ""False"", ""IDC_intput_mA"": 5.438, ""IN1_pin_level"": ""Low"", ""IN2_pin_level"": ""Low"", ""Node_type"": ""PS-LB"", ""Probe_mod"": 0, ""VDC_intput_V"": 0, ""Water_deep_cm"": 17.975}"
2025-09-23 09:34:43.153473351+00:00,ps-lb-18,2,-35,9.75,"{""Bat_V"": 3.6, ""Exti_pin_level"": ""Low"", ""Exti_status"": ""False"", ""IDC_intput_mA"": 5.437, ""IN1_pin_level"": ""Low"", ""IN2_pin_level"": ""Low"", ""Node_type"": ""PS-LB"", ""Probe_mod"": 0, ""VDC_intput_V"": 0, ""Water_deep_cm"": 17.963}"
2025-09-23 10:34:42.424544502+00:00,ps-lb-18,2,-38,10.0,"{""Bat_V"": 3.6, ""Exti_pin_level"": ""Low"", ""Exti_status"": ""False"", ""IDC_intput_mA"": 5.437, ""IN1_pin_level"": ""Low"", ""IN2_pin_level"": ""Low"", ""Node_type"": ""PS-LB"", ""Probe_mod"": 0, ""VDC_intput_V"": 0, ""Water_deep_cm"": 17.963}"
2025-09-23 11:34:41.700271511+00:00,ps-lb-18,2,-35,9.75,"{""Bat_V"": 3.6, ""Exti_pin_level"": ""Low"", ""Exti_status"": ""False"", ""IDC_intput_mA"": 5.437, ""IN1_pin_level"": ""Low"", ""IN2_pin_level"": ""Low"", ""Node_type"": ""PS-LB"", ""Probe_mod"": 0, ""VDC_intput_V"": 0, ""Water_deep_cm"": 17.963}"
2025-09-23 12:34:40.964288756+00:00,ps-lb-18,2,-35,7.5,"{""Bat_V"": 3.6, ""Exti_pin_level"": ""Low"", ""Exti_status"": ""False"", ""IDC_intput_mA"": 5.437, ""IN1_pin_level"": ""Low"", ""IN2_pin_level"": ""Low"", ""Node_type"": ""PS-LB"", ""Probe_mod"": 0, ""VDC_intput_V"": 0, ""Water_deep_cm"": 17.963}"
2025-09-23 13:34:40.245572532+00:00,ps-lb-18,2,-41,7.25,"{""Bat_V"": 3.6, ""Exti_pin_level"": ""Low"", ""Exti_status"": ""False"", ""IDC_intput_mA"": 5.437, ""IN1_pin_level"": ""Low"", ""IN2_pin_level"": ""Low"", ""Node_type"": ""PS-LB"", ""Probe_mod"": 0, ""VDC_intput_V"": 0, ""Water_deep_cm"": 17.963}"
2025-09-23 14:34:39.523749363+00:00,ps-lb-18,2,-37,9.5,"{""Bat_V"": 3.6, ""Exti_pin_level"": ""Low"", ""Exti_status"": ""False"", ""IDC_intput_mA"": 5.437, ""IN1_pin_level"": ""Low"", ""IN2_pin_level"": ""Low"", ""Node_type"": ""PS-LB"", ""Probe_mod"": 0, ""VDC_intput_V"": 0, ""Water_deep_cm"": 17.963}"
2025-09-23 15:34:38.783185282+00:00,ps-lb-18,2,-39,9.75,"{""Bat_V"": 3.6, ""Exti_pin_level"": ""Low"", ""Exti_status"": ""False"", ""IDC_intput_mA"": 5.437, ""IN1_pin_level"": ""Low"", ""IN2_pin_level"": ""Low"", ""Node_type"": ""PS-LB"", ""Probe_mod"": 0, ""VDC_intput_V"": 0, ""Water_deep_cm"": 17.963}"
2025-09-23 16:34:38.059440154+00:00,ps-lb-18,2,-37,7.0,"{""Bat_V"": 3.6, ""Exti_pin_level"": ""Low"", ""Exti_status"": ""False"", ""IDC_intput_mA"": 5.436, ""IN1_pin_level"": ""Low"", ""IN2_pin_level"": ""Low"", ""Node_type"": ""PS-LB"", ""Probe_mod"": 0, ""VDC_intput_V"": 0, ""Water_deep_cm"": 17.95}"
2025-09-23 17:34:37.341403831+00:00,ps-lb-18,2,-37,10.25,"{""Bat_V"": 3.6, ""Exti_pin_level"": ""Low"", ""Exti_status"": ""False"", ""IDC_intput_mA"": 5.435, ""IN1_pin_level"": ""Low"", ""IN2_pin_level"": ""Low"", ""Node_type"": ""PS-LB"", ""Probe_mod"": 0, ""VDC_intput_V"": 0, ""Water_deep_cm"": 17.937}"
2025-09-23 18:34:36.584025053+00:00,ps-lb-18,2,-35,9.75,"{""Bat_V"": 3.6, ""Exti_pin_level"": ""Low"", ""Exti_status"": ""False"", ""IDC_intput_mA"": 5.435, ""IN1_pin_level"": ""Low"", ""IN2_pin_level"": ""Low"", ""Node_type"": ""PS-LB"", ""Probe_mod"": 0, ""VDC_intput_V"": 0, ""Water_deep_cm"": 17.937}"
2025-09-23 19:34:35.875562371+00:00,ps-lb-18,2,-118,-2.5,"{""Bat_V"": 3.6, ""Exti_pin_level"": ""Low"", ""Exti_status"": ""False"", ""IDC_intput_mA"": 5.435, ""IN1_pin_level"": ""Low"", ""IN2_pin_level"": ""Low"", ""Node_type"": ""PS-LB"", ""Probe_mod"": 0, ""VDC_intput_V"": 0, ""Water_deep_cm"": 17.937}"
2025-09-23 20:34:35.148134704+00:00,ps-lb-18,2,-33,7.0,"{""Bat_V"": 3.6, ""Exti_pin_level"": ""Low"", ""Exti_status"": ""False"", ""IDC_intput_mA"": 5.435, ""IN1_pin_level"": ""Low"", ""IN2_pin_level"": ""Low"", ""Node_type"": ""PS-LB"", ""Probe_mod"": 0, ""VDC_intput_V"": 0, ""Water_deep_cm"": 17.937}"
2025-09-23 21:34:34.428105268+00:00,ps-lb-18,2,-36,8.25,"{""Bat_V"": 3.6, ""Exti_pin_level"": ""Low"", ""Exti_status"": ""False"", ""IDC_intput_mA"": 5.435, ""IN1_pin_level"": ""Low"", ""IN2_pin_level"": ""Low"", ""Node_type"": ""PS-LB"", ""Probe_mod"": 0, ""VDC_intput_V"": 0, ""Water_deep_cm"": 17.937}"
2025-09-23 22:34:33.699762998+00:00,ps-lb-18,2,-35,10.0,"{""Bat_V"": 3.6, ""Exti_pin_level"": ""Low"", ""Exti_status"": ""False"", ""IDC_intput_mA"": 5.433, ""IN1_pin_level"": ""Low"", ""IN2_pin_level"": ""Low"", ""Node_type"": ""PS-LB"", ""Probe_mod"": 0, ""VDC_intput_V"": 0, ""Water_deep_cm"": 17.912}"
2025-09-23 23:34:32.964296626+00:00,ps-lb-18,2,-113,1.75,"{""Bat_V"": 3.6, ""Exti_pin_level"": ""Low"", ""Exti_status"": ""False"", ""IDC_intput_mA"": 5.433, ""IN1_pin_level"": ""Low"", ""IN2_pin_level"": ""Low"", ""Node_type"": ""PS-LB"", ""Probe_mod"": 0, ""VDC_intput_V"": 0, ""Water_deep_cm"": 17.912}"
2025-09-24 00:34:32.274296496+00:00,ps-lb-18,2,-37,10.25,"{""Bat_V"": 3.6, ""Exti_pin_level"": ""Low"", ""Exti_status"": ""False"", ""IDC_intput_mA"": 5.433, ""IN1_pin_level"": ""Low"", ""IN2_pin_level"": ""Low"", ""Node_type"": ""PS-LB"", ""Probe_mod"": 0, ""VDC_intput_V"": 0, ""Water_deep_cm"": 17.912}"
2025-09-24 01:34:31.520526806+00:00,ps-lb-18,2,-114,-8.0,"{""Bat_V"": 3.6, ""Exti_pin_level"": ""Low"", ""Exti_status"": ""False"", ""IDC_intput_mA"": 5.433, ""IN1_pin_level"": ""Low"", ""IN2_pin_level"": ""Low"", ""Node_type"": ""PS-LB"", ""Probe_mod"": 0, ""VDC_intput_V"": 0, ""Water_deep_cm"": 17.912}"
2025-09-24 02:34:30.793451638+00:00,ps-lb-18,2,-38,9.5,"{""Bat_V"": 3.6, ""Exti_pin_level"": ""Low"", ""Exti_status"": ""False"", ""IDC_intput_mA"": 5.431, ""IN1_pin_level"": ""Low"", ""IN2_pin_level"": ""Low"", ""Node_type"": ""PS-LB"", ""Probe_mod"": 0, ""VDC_intput_V"": 0, ""Water_deep_cm"": 17.887}"
2025-09-24 03:34:30.071387029+00:00,ps-lb-18,2,-33,6.75,"{""Bat_V"": 3.6, ""Exti_pin_level"": ""Low"", ""Exti_status"": ""False"", ""IDC_intput_mA"": 5.431, ""IN1_pin_level"": ""Low"", ""IN2_pin_level"": ""Low"", ""Node_type"": ""PS-LB"", ""Probe_mod"": 0, ""VDC_intput_V"": 0, ""Water_deep_cm"": 17.887}"
2025-09-24 04:34:29.349922114+00:00,ps-lb-18,2,-112,2.5,"{""Bat_V"": 3.6, ""Exti_pin_level"": ""Low"", ""Exti_status"": ""False"", ""IDC_intput_mA"": 5.431, ""IN1_pin_level"": ""Low"", ""IN2_pin_level"": ""Low"", ""Node_type"": ""PS-LB"", ""Probe_mod"": 0, ""VDC_intput_V"": 0, ""Water_deep_cm"": 17.887}"
2025-09-24 05:34:28.641267452+00:00,ps-lb-18,2,-37,10.25,"{""Bat_V"": 3.6, ""Exti_pin_level"": ""Low"", ""Exti_status"": ""False"", ""IDC_intput_mA"": 5.43, ""IN1_pin_level"": ""Low"", ""IN2_pin_level"": ""Low"", ""Node_type"": ""PS-LB"", ""Probe_mod"": 0, ""VDC_intput_V"": 0, ""Water_deep_cm"": 17.875}"
2025-09-24 06:34:27.881591472+00:00,ps-lb-18,2,-35,9.5,"{""Bat_V"": 3.6, ""Exti_pin_level"": ""Low"", ""Exti_status"": ""False"", ""IDC_intput_mA"": 5.429, ""IN1_pin_level"": ""Low"", ""IN2_pin_level"": ""Low"", ""Node_type"": ""PS-LB"", ""Probe_mod"": 0, ""VDC_intput_V"": 0, ""Water_deep_cm"": 17.863}"
2025-09-24 07:34:27.179450741+00:00,ps-lb-18,2,-38,9.75,"{""Bat_V"": 3.6, ""Exti_pin_level"": ""Low"", ""Exti_status"": ""False"", ""IDC_intput_mA"": 5.429, ""IN1_pin_level"": ""Low"", ""IN2_pin_level"": ""Low"", ""Node_type"": ""PS-LB"", ""Probe_mod"": 0, ""VDC_intput_V"": 0, ""Water_deep_cm"": 17.863}"
2025-09-24 08:34:26.448902438+00:00,ps-lb-18,2,-37,9.75,"{""Bat_V"": 3.6, ""Exti_pin_level"": ""Low"", ""Exti_status"": ""False"", ""IDC_intput_mA"": 5.428, ""IN1_pin_level"": ""Low"", ""IN2_pin_level"": ""Low"", ""Node_type"": ""PS-LB"", ""Probe_mod"": 0, ""VDC_intput_V"": 0, ""Water_deep_cm"": 17.85}"
2025-09-24 09:34:25.716594341+00:00,ps-lb-18,2,-33,10.25,"{""Bat_V"": 3.6, ""Exti_pin_level"": ""Low"", ""Exti_status"": ""False"", ""IDC_intput_mA"": 5.428, ""IN1_pin_level"": ""Low"", ""IN2_pin_level"": ""Low"", ""Node_type"": ""PS-LB"", ""Probe_mod"": 0, ""VDC_intput_V"": 0, ""Water_deep_cm"": 17.85}"
2025-09-24 10:34:24.990950348+00:00,ps-lb-18,2,-38,10.0,"{""Bat_V"": 3.6, ""Exti_pin_level"": ""Low"", ""Exti_status"": ""False"", ""IDC_intput_mA"": 5.427, ""IN1_pin_level"": ""Low"", ""IN2_pin_level"": ""Low"", ""Node_type"": ""PS-LB"", ""Probe_mod"": 0, ""VDC_intput_V"": 0, ""Water_deep_cm"": 17.837}"
2025-09-24 11:34:24.268778283+00:00,ps-lb-18,2,-33,6.75,"{""Bat_V"": 3.6, ""Exti_pin_level"": ""Low"", ""Exti_status"": ""False"", ""IDC_intput_mA"": 5.427, ""IN1_pin_level"": ""Low"", ""IN2_pin_level"": ""Low"", ""Node_type"": ""PS-LB"", ""Probe_mod"": 0, ""VDC_intput_V"": 0, ""Water_deep_cm"": 17.837}"
2025-09-24 12:34:23.547117156+00:00,ps-lb-18,2,-33,9.75,"{""Bat_V"": 3.6, ""Exti_pin_level"": ""Low"", ""Exti_status"": ""False"", ""IDC_intput_mA"": 5.427, ""IN1_pin_level"": ""Low"", ""IN2_pin_level"": ""Low"", ""Node_type"": ""PS-LB"", ""Probe_mod"": 0, ""VDC_intput_V"": 0, ""Water_deep_cm"": 17.837}"
2025-09-24 13:34:22.827891290+00:00,ps-lb-18,2,-124,-6.75,"{""Bat_V"": 3.6, ""Exti_pin_level"": ""Low"", ""Exti_status"": ""False"", ""IDC_intput_mA"": 5.427, ""IN1_pin_level"": ""Low"", ""IN2_pin_level"": ""Low"", ""Node_type"": ""PS-LB"", ""Probe_mod"": 0, ""VDC_intput_V"": 0, ""Water_deep_cm"": 17.837}"
2025-09-24 14:34:22.073713956+00:00,ps-lb-18,2,-33,9.0,"{""Bat_V"": 3.6, ""Exti_pin_level"": ""Low"", ""Exti_status"": ""False"", ""IDC_intput_mA"": 5.427, ""IN1_pin_level"": ""Low"", ""IN2_pin_level"": ""Low"", ""Node_type"": ""PS-LB"", ""Probe_mod"": 0, ""VDC_intput_V"": 0, ""Water_deep_cm"": 17.837}"
2025-09-24 15:34:21.379911637+00:00,ps-lb-18,2,-36,9.0,"{""Bat_V"": 3.6, ""Exti_pin_level"": ""Low"", ""Exti_status"": ""False"", ""IDC_intput_mA"": 5.427, ""IN1_pin_level"": ""Low"", ""IN2_pin_level"": ""Low"", ""Node_type"": ""PS-LB"", ""Probe_mod"": 0, ""VDC_intput_V"": 0, ""Water_deep_cm"": 17.837}"
2025-09-24 16:34:20.654716350+00:00,ps-lb-18,2,-36,8.75,"{""Bat_V"": 3.6, ""Exti_pin_level"": ""Low"", ""Exti_status"": ""False"", ""IDC_intput_mA"": 5.429, ""IN1_pin_level"": ""Low"", ""IN2_pin_level"": ""Low"", ""Node_type"": ""PS-LB"", ""Probe_mod"": 0, ""VDC_intput_V"": 0, ""Water_deep_cm"": 17.863}"
2025-09-24 17:34:19.910342056+00:00,ps-lb-18,2,-33,10.0,"{""Bat_V"": 3.6, ""Exti_pin_level"": ""Low"", ""Exti_status"": ""False"", ""IDC_intput_mA"": 5.427, ""IN1_pin_level"": ""Low"", ""IN2_pin_level"": ""Low"", ""Node_type"": ""PS-LB"", ""Probe_mod"": 0, ""VDC_intput_V"": 0, ""Water_deep_cm"": 17.837}"
2025-09-24 18:34:19.197787240+00:00,ps-lb-18,2,-37,9.75,"{""Bat_V"": 3.6, ""Exti_pin_level"": ""Low"", ""Exti_status"": ""False"", ""IDC_intput_mA"": 5.427, ""IN1_pin_level"": ""Low"", ""IN2_pin_level"": ""Low"", ""Node_type"": ""PS-LB"", ""Probe_mod"": 0, ""VDC_intput_V"": 0, ""Water_deep_cm"": 17.837}"
2025-09-24 19:34:18.456667085+00:00,ps-lb-18,2,-32,8.0,"{""Bat_V"": 3.6, ""Exti_pin_level"": ""Low"", ""Exti_status"": ""False"", ""IDC_intput_mA"": 5.427, ""IN1_pin_level"": ""Low"", ""IN2_pin_level"": ""Low"", ""Node_type"": ""PS-LB"", ""Probe_mod"": 0, ""VDC_intput_V"": 0, ""Water_deep_cm"": 17.837}"
2025-09-24 20:34:17.730398242+00:00,ps-lb-18,2,-32,8.25,"{""Bat_V"": 3.6, ""Exti_pin_level"": ""Low"", ""Exti_status"": ""False"", ""IDC_intput_mA"": 5.426, ""IN1_pin_level"": ""Low"", ""IN2_pin_level"": ""Low"", ""Node_type"": ""PS-LB"", ""Probe_mod"": 0, ""VDC_intput_V"": 0, ""Water_deep_cm"": 17.825}"
2025-09-24 21:34:17.009009186+00:00,ps-lb-18,2,-117,-5.0,"{""Bat_V"": 3.6, ""Exti_pin_level"": ""Low"", ""Exti_status"": ""False"", ""IDC_intput_mA"": 5.426, ""IN1_pin_level"": ""Low"", ""IN2_pin_level"": ""Low"", ""Node_type"": ""PS-LB"", ""Probe_mod"": 0, ""VDC_intput_V"": 0, ""Water_deep_cm"": 17.825}"
2025-09-24 22:34:16.280393632+00:00,ps-lb-18,2,-36,10.25,"{""Bat_V"": 3.6, ""Exti_pin_level"": ""Low"", ""Exti_status"": ""False"", ""IDC_intput_mA"": 5.425, ""IN1_pin_level"": ""Low"", ""IN2_pin_level"": ""Low"", ""Node_type"": ""PS-LB"", ""Probe_mod"": 0, ""VDC_intput_V"": 0, ""Water_deep_cm"": 17.812}"
2025-09-24 23:34:15.569593713+00:00,ps-lb-18,2,-37,9.75,"{""Bat_V"": 3.6, ""Exti_pin_level"": ""Low"", ""Exti_status"": ""False"", ""IDC_intput_mA"": 5.425, ""IN1_pin_level"": ""Low"", ""IN2_pin_level"": ""Low"", ""Node_type"": ""PS-LB"", ""Probe_mod"": 0, ""VDC_intput_V"": 0, ""Water_deep_cm"": 17.812}"
2025-09-25 00:34:14.829311659+00:00,ps-lb-18,2,-114,1.5,"{""Bat_V"": 3.6, ""Exti_pin_level"": ""Low"", ""Exti_status"": ""False"", ""IDC_intput_mA"": 5.425, ""IN1_pin_level"": ""Low"", ""IN2_pin_level"": ""Low"", ""Node_type"": ""PS-LB"", ""Probe_mod"": 0, ""VDC_intput_V"": 0, ""Water_deep_cm"": 17.812}"
2025-09-25 01:34:14.099315899+00:00,ps-lb-18,2,-123,-7.0,"{""Bat_V"": 3.6, ""Exti_pin_level"": ""Low"", ""Exti_status"": ""False"", ""IDC_intput_mA"": 5.424, ""IN1_pin_level"": ""Low"", ""IN2_pin_level"": ""Low"", ""Node_type"": ""PS-LB"", ""Probe_mod"": 0, ""VDC_intput_V"": 0, ""Water_deep_cm"": 17.8}"
2025-09-25 02:34:13.393888626+00:00,ps-lb-18,2,-113,3.5,"{""Bat_V"": 3.6, ""Exti_pin_level"": ""Low"", ""Exti_status"": ""False"", ""IDC_intput_mA"": 5.423, ""IN1_pin_level"": ""Low"", ""IN2_pin_level"": ""Low"", ""Node_type"": ""PS-LB"", ""Probe_mod"": 0, ""VDC_intput_V"": 0, ""Water_deep_cm"": 17.788}"
2025-09-25 03:34:12.658048380+00:00,ps-lb-18,2,-32,9.0,"{""Bat_V"": 3.6, ""Exti_pin_level"": ""Low"", ""Exti_status"": ""False"", ""IDC_intput_mA"": 5.423, ""IN1_pin_level"": ""Low"", ""IN2_pin_level"": ""Low"", ""Node_type"": ""PS-LB"", ""Probe_mod"": 0, ""VDC_intput_V"": 0, ""Water_deep_cm"": 17.788}"
2025-09-25 04:34:11.953724947+00:00,ps-lb-18,2,-32,7.25,"{""Bat_V"": 3.6, ""Exti_pin_level"": ""Low"", ""Exti_status"": ""False"", ""IDC_intput_mA"": 5.422, ""IN1_pin_level"": ""Low"", ""IN2_pin_level"": ""Low"", ""Node_type"": ""PS-LB"", ""Probe_mod"": 0, ""VDC_intput_V"": 0, ""Water_deep_cm"": 17.775}"
2025-09-25 05:34:11.206631375+00:00,ps-lb-18,2,-37,10.0,"{""Bat_V"": 3.6, ""Exti_pin_level"": ""Low"", ""Exti_status"": ""False"", ""IDC_intput_mA"": 5.422, ""IN1_pin_level"": ""Low"", ""IN2_pin_level"": ""Low"", ""Node_type"": ""PS-LB"", ""Probe_mod"": 0, ""VDC_intput_V"": 0, ""Water_deep_cm"": 17.775}"
2025-09-25 06:34:10.493144541+00:00,ps-lb-18,2,-33,10.0,"{""Bat_V"": 3.6, ""Exti_pin_level"": ""Low"", ""Exti_status"": ""False"", ""IDC_intput_mA"": 5.422, ""IN1_pin_level"": ""Low"", ""IN2_pin_level"": ""Low"", ""Node_type"": ""PS-LB"", ""Probe_mod"": 0, ""VDC_intput_V"": 0, ""Water_deep_cm"": 17.775}"
2025-09-25 07:34:09.771676477+00:00,ps-lb-18,2,-35,9.25,"{""Bat_V"": 3.6, ""Exti_pin_level"": ""Low"", ""Exti_status"": ""False"", ""IDC_intput_mA"": 5.422, ""IN1_pin_level"": ""Low"", ""IN2_pin_level"": ""Low"", ""Node_type"": ""PS-LB"", ""Probe_mod"": 0, ""VDC_intput_V"": 0, ""Water_deep_cm"": 17.775}"
2025-09-25 08:34:09.051185426+00:00,ps-lb-18,2,-33,9.75,"{""Bat_V"": 3.6, ""Exti_pin_level"": ""Low"", ""Exti_status"": ""False"", ""IDC_intput_mA"": 5.421, ""IN1_pin_level"": ""Low"", ""IN2_pin_level"": ""Low"", ""Node_type"": ""PS-LB"", ""Probe_mod"": 0, ""VDC_intput_V"": 0, ""Water_deep_cm"": 17.763}"
2025-09-25 09:34:08.312451951+00:00,ps-lb-18,2,-29,9.0,"{""Bat_V"": 3.6, ""Exti_pin_level"": ""Low"", ""Exti_status"": ""False"", ""IDC_intput_mA"": 5.42, ""IN1_pin_level"": ""Low"", ""IN2_pin_level"": ""Low"", ""Node_type"": ""PS-LB"", ""Probe_mod"": 0, ""VDC_intput_V"": 0, ""Water_deep_cm"": 17.75}"
2025-09-25 10:34:07.587723963+00:00,ps-lb-18,2,-32,8.5,"{""Bat_V"": 3.6, ""Exti_pin_level"": ""Low"", ""Exti_status"": ""False"", ""IDC_intput_mA"": 5.42, ""IN1_pin_level"": ""Low"", ""IN2_pin_level"": ""Low"", ""Node_type"": ""PS-LB"", ""Probe_mod"": 0, ""VDC_intput_V"": 0, ""Water_deep_cm"": 17.75}"
2025-09-25 11:34:06.865265919+00:00,ps-lb-18,2,-121,-4.5,"{""Bat_V"": 3.606, ""Exti_pin_level"": ""Low"", ""Exti_status"": ""False"", ""IDC_intput_mA"": 5.42, ""IN1_pin_level"": ""Low"", ""IN2_pin_level"": ""Low"", ""Node_type"": ""PS-LB"", ""Probe_mod"": 0, ""VDC_intput_V"": 0, ""Water_deep_cm"": 17.75}"
2025-09-25 12:34:06.128324107+00:00,ps-lb-18,2,-116,-1.5,"{""Bat_V"": 3.6, ""Exti_pin_level"": ""Low"", ""Exti_status"": ""False"", ""IDC_intput_mA"": 5.42, ""IN1_pin_level"": ""Low"", ""IN2_pin_level"": ""Low"", ""Node_type"": ""PS-LB"", ""Probe_mod"": 0, ""VDC_intput_V"": 0, ""Water_deep_cm"": 17.75}"
2025-09-25 13:34:05.396362118+00:00,ps-lb-18,2,-32,6.5,"{""Bat_V"": 3.606, ""Exti_pin_level"": ""Low"", ""Exti_status"": ""False"", ""IDC_intput_mA"": 5.419, ""IN1_pin_level"": ""Low"", ""IN2_pin_level"": ""Low"", ""Node_type"": ""PS-LB"", ""Probe_mod"": 0, ""VDC_intput_V"": 0, ""Water_deep_cm"": 17.737}"
2025-09-25 14:34:04.696070592+00:00,ps-lb-18,2,-124,-6.75,"{""Bat_V"": 3.6, ""Exti_pin_level"": ""Low"", ""Exti_status"": ""False"", ""IDC_intput_mA"": 5.42, ""IN1_pin_level"": ""Low"", ""IN2_pin_level"": ""Low"", ""Node_type"": ""PS-LB"", ""Probe_mod"": 0, ""VDC_intput_V"": 0, ""Water_deep_cm"": 17.75}"
2025-09-25 15:34:03.985548230+00:00,ps-lb-18,2,-117,-5.5,"{""Bat_V"": 3.6, ""Exti_pin_level"": ""Low"", ""Exti_status"": ""False"", ""IDC_intput_mA"": 5.419, ""IN1_pin_level"": ""Low"", ""IN2_pin_level"": ""Low"", ""Node_type"": ""PS-LB"", ""Probe_mod"": 0, ""VDC_intput_V"": 0, ""Water_deep_cm"": 17.737}"
2025-09-25 16:34:03.248579147+00:00,ps-lb-18,2,-118,-7.5,"{""Bat_V"": 3.6, ""Exti_pin_level"": ""Low"", ""Exti_status"": ""False"", ""IDC_intput_mA"": 5.418, ""IN1_pin_level"": ""Low"", ""IN2_pin_level"": ""Low"", ""Node_type"": ""PS-LB"", ""Probe_mod"": 0, ""VDC_intput_V"": 0, ""Water_deep_cm"": 17.725}"
2025-09-25 17:34:02.523265496+00:00,ps-lb-18,2,-122,-5.75,"{""Bat_V"": 3.606, ""Exti_pin_level"": ""Low"", ""Exti_status"": ""False"", ""IDC_intput_mA"": 5.418, ""IN1_pin_level"": ""Low"", ""IN2_pin_level"": ""Low"", ""Node_type"": ""PS-LB"", ""Probe_mod"": 0, ""VDC_intput_V"": 0, ""Water_deep_cm"": 17.725}"
2025-09-25 18:34:01.820617791+00:00,ps-lb-18,2,-32,9.75,"{""Bat_V"": 3.6, ""Exti_pin_level"": ""Low"", ""Exti_status"": ""False"", ""IDC_intput_mA"": 5.418, ""IN1_pin_level"": ""Low"", ""IN2_pin_level"": ""Low"", ""Node_type"": ""PS-LB"", ""Probe_mod"": 0, ""VDC_intput_V"": 0, ""Water_deep_cm"": 17.725}"
2025-09-25 19:34:01.073893912+00:00,ps-lb-18,2,-123,-7.25,"{""Bat_V"": 3.606, ""Exti_pin_level"": ""Low"", ""Exti_status"": ""False"", ""IDC_intput_mA"": 5.417, ""IN1_pin_level"": ""Low"", ""IN2_pin_level"": ""Low"", ""Node_type"": ""PS-LB"", ""Probe_mod"": 0, ""VDC_intput_V"": 0, ""Water_deep_cm"": 17.712}"
2025-09-25 20:34:00.348184998+00:00,ps-lb-18,2,-29,9.25,"{""Bat_V"": 3.606, ""Exti_pin_level"": ""Low"", ""Exti_status"": ""False"", ""IDC_intput_mA"": 5.417, ""IN1_pin_level"": ""Low"", ""IN2_pin_level"": ""Low"", ""Node_type"": ""PS-LB"", ""Probe_mod"": 0, ""VDC_intput_V"": 0, ""Water_deep_cm"": 17.712}"
2025-09-25 21:33:59.636129261+00:00,ps-lb-18,2,-32,7.25,"{""Bat_V"": 3.6, ""Exti_pin_level"": ""Low"", ""Exti_status"": ""False"", ""IDC_intput_mA"": 5.416, ""IN1_pin_level"": ""Low"", ""IN2_pin_level"": ""Low"", ""Node_type"": ""PS-LB"", ""Probe_mod"": 0, ""VDC_intput_V"": 0, ""Water_deep_cm"": 17.7}"
2025-09-25 22:33:58.907826704+00:00,ps-lb-18,2,-30,9.75,"{""Bat_V"": 3.6, ""Exti_pin_level"": ""Low"", ""Exti_status"": ""False"", ""IDC_intput_mA"": 5.416, ""IN1_pin_level"": ""Low"", ""IN2_pin_level"": ""Low"", ""Node_type"": ""PS-LB"", ""Probe_mod"": 0, ""VDC_intput_V"": 0, ""Water_deep_cm"": 17.7}"
2025-09-25 23:33:58.181997643+00:00,ps-lb-18,2,-32,10.5,"{""Bat_V"": 3.6, ""Exti_pin_level"": ""Low"", ""Exti_status"": ""False"", ""IDC_intput_mA"": 5.416, ""IN1_pin_level"": ""Low"", ""IN2_pin_level"": ""Low"", ""Node_type"": ""PS-LB"", ""Probe_mod"": 0, ""VDC_intput_V"": 0, ""Water_deep_cm"": 17.7}"
2025-09-26 00:33:57.453175342+00:00,ps-lb-18,2,-35,7.75,"{""Bat_V"": 3.6, ""Exti_pin_level"": ""Low"", ""Exti_status"": ""False"", ""IDC_intput_mA"": 5.415, ""IN1_pin_level"": ""Low"", ""IN2_pin_level"": ""Low"", ""Node_type"": ""PS-LB"", ""Probe_mod"": 0, ""VDC_intput_V"": 0, ""Water_deep_cm"": 17.688}"
2025-09-26 01:33:56.732540766+00:00,ps-lb-18,2,-29,9.25,"{""Bat_V"": 3.6, ""Exti_pin_level"": ""Low"", ""Exti_status"": ""False"", ""IDC_intput_mA"": 5.414, ""IN1_pin_level"": ""Low"", ""IN2_pin_level"": ""Low"", ""Node_type"": ""PS-LB"", ""Probe_mod"": 0, ""VDC_intput_V"": 0, ""Water_deep_cm"": 17.675}"
2025-09-26 02:33:56.009858459+00:00,ps-lb-18,2,-33,10.25,"{""Bat_V"": 3.6, ""Exti_pin_level"": ""Low"", ""Exti_status"": ""False"", ""IDC_intput_mA"": 5.414, ""IN1_pin_level"": ""Low"", ""IN2_pin_level"": ""Low"", ""Node_type"": ""PS-LB"", ""Probe_mod"": 0, ""VDC_intput_V"": 0, ""Water_deep_cm"": 17.675}"
2025-09-26 03:33:55.308293757+00:00,ps-lb-18,2,-30,8.0,"{""Bat_V"": 3.6, ""Exti_pin_level"": ""Low"", ""Exti_status"": ""False"", ""IDC_intput_mA"": 5.414, ""IN1_pin_level"": ""Low"", ""IN2_pin_level"": ""Low"", ""Node_type"": ""PS-LB"", ""Probe_mod"": 0, ""VDC_intput_V"": 0, ""Water_deep_cm"": 17.675}"
2025-09-26 04:33:54.584872140+00:00,ps-lb-18,2,-30,7.25,"{""Bat_V"": 3.6, ""Exti_pin_level"": ""Low"", ""Exti_status"": ""False"", ""IDC_intput_mA"": 5.412, ""IN1_pin_level"": ""Low"", ""IN2_pin_level"": ""Low"", ""Node_type"": ""PS-LB"", ""Probe_mod"": 0, ""VDC_intput_V"": 0, ""Water_deep_cm"": 17.65}"
2025-09-26 05:33:53.857919864+00:00,ps-lb-18,2,-32,9.25,"{""Bat_V"": 3.6, ""Exti_pin_level"": ""Low"", ""Exti_status"": ""False"", ""IDC_intput_mA"": 5.412, ""IN1_pin_level"": ""Low"", ""IN2_pin_level"": ""Low"", ""Node_type"": ""PS-LB"", ""Probe_mod"": 0, ""VDC_intput_V"": 0, ""Water_deep_cm"": 17.65}"
2025-09-26 06:33:53.138104339+00:00,ps-lb-18,2,-32,10.5,"{""Bat_V"": 3.6, ""Exti_pin_level"": ""Low"", ""Exti_status"": ""False"", ""IDC_intput_mA"": 5.412, ""IN1_pin_level"": ""Low"", ""IN2_pin_level"": ""Low"", ""Node_type"": ""PS-LB"", ""Probe_mod"": 0, ""VDC_intput_V"": 0, ""Water_deep_cm"": 17.65}"
2025-09-26 07:33:52.403728379+00:00,ps-lb-18,2,-33,9.0,"{""Bat_V"": 3.6, ""Exti_pin_level"": ""Low"", ""Exti_status"": ""False"", ""IDC_intput_mA"": 5.412, ""IN1_pin_level"": ""Low"", ""IN2_pin_level"": ""Low"", ""Node_type"": ""PS-LB"", ""Probe_mod"": 0, ""VDC_intput_V"": 0, ""Water_deep_cm"": 17.65}"
2025-09-26 08:33:51.675578312+00:00,ps-lb-18,2,-31,9.25,"{""Bat_V"": 3.6, ""Exti_pin_level"": ""Low"", ""Exti_status"": ""False"", ""IDC_intput_mA"": 5.411, ""IN1_pin_level"": ""Low"", ""IN2_pin_level"": ""Low"", ""Node_type"": ""PS-LB"", ""Probe_mod"": 0, ""VDC_intput_V"": 0, ""Water_deep_cm"": 17.637}"
2025-09-26 09:33:50.954599719+00:00,ps-lb-18,2,-31,9.25,"{""Bat_V"": 3.6, ""Exti_pin_level"": ""Low"", ""Exti_status"": ""False"", ""IDC_intput_mA"": 5.411, ""IN1_pin_level"": ""Low"", ""IN2_pin_level"": ""Low"", ""Node_type"": ""PS-LB"", ""Probe_mod"": 0, ""VDC_intput_V"": 0, ""Water_deep_cm"": 17.637}"
2025-09-26 10:33:50.233427167+00:00,ps-lb-18,2,-32,9.5,"{""Bat_V"": 3.6, ""Exti_pin_level"": ""Low"", ""Exti_status"": ""False"", ""IDC_intput_mA"": 5.411, ""IN1_pin_level"": ""Low"", ""IN2_pin_level"": ""Low"", ""Node_type"": ""PS-LB"", ""Probe_mod"": 0, ""VDC_intput_V"": 0, ""Water_deep_cm"": 17.637}"
2025-09-26 11:33:49.511368911+00:00,ps-lb-18,2,-30,7.5,"{""Bat_V"": 3.606, ""Exti_pin_level"": ""Low"", ""Exti_status"": ""False"", ""IDC_intput_mA"": 5.411, ""IN1_pin_level"": ""Low"", ""IN2_pin_level"": ""Low"", ""Node_type"": ""PS-LB"", ""Probe_mod"": 0, ""VDC_intput_V"": 0, ""Water_deep_cm"": 17.637}"
2025-09-26 12:33:48.796256729+00:00,ps-lb-18,2,-30,7.75,"{""Bat_V"": 3.6, ""Exti_pin_level"": ""Low"", ""Exti_status"": ""False"", ""IDC_intput_mA"": 5.411, ""IN1_pin_level"": ""Low"", ""IN2_pin_level"": ""Low"", ""Node_type"": ""PS-LB"", ""Probe_mod"": 0, ""VDC_intput_V"": 0, ""Water_deep_cm"": 17.637}"
2025-09-26 13:33:48.083276147+00:00,ps-lb-18,2,-119,-3.25,"{""Bat_V"": 3.6, ""Exti_pin_level"": ""Low"", ""Exti_status"": ""False"", ""IDC_intput_mA"": 5.411, ""IN1_pin_level"": ""Low"", ""IN2_pin_level"": ""Low"", ""Node_type"": ""PS-LB"", ""Probe_mod"": 0, ""VDC_intput_V"": 0, ""Water_deep_cm"": 17.637}"
2025-09-26 14:33:47.329020989+00:00,ps-lb-18,2,-118,-2.25,"{""Bat_V"": 3.6, ""Exti_pin_level"": ""Low"", ""Exti_status"": ""False"", ""IDC_intput_mA"": 5.411, ""IN1_pin_level"": ""Low"", ""IN2_pin_level"": ""Low"", ""Node_type"": ""PS-LB"", ""Probe_mod"": 0, ""VDC_intput_V"": 0, ""Water_deep_cm"": 17.637}"
2025-09-26 15:33:46.618771101+00:00,ps-lb-18,2,-33,10.25,"{""Bat_V"": 3.6, ""Exti_pin_level"": ""Low"", ""Exti_status"": ""False"", ""IDC_intput_mA"": 5.41, ""IN1_pin_level"": ""Low"", ""IN2_pin_level"": ""Low"", ""Node_type"": ""PS-LB"", ""Probe_mod"": 0, ""VDC_intput_V"": 0, ""Water_deep_cm"": 17.625}"
2025-09-26 16:33:45.887719629+00:00,ps-lb-18,2,-30,7.0,"{""Bat_V"": 3.6, ""Exti_pin_level"": ""Low"", ""Exti_status"": ""False"", ""IDC_intput_mA"": 5.411, ""IN1_pin_level"": ""Low"", ""IN2_pin_level"": ""Low"", ""Node_type"": ""PS-LB"", ""Probe_mod"": 0, ""VDC_intput_V"": 0, ""Water_deep_cm"": 17.637}"
2025-09-26 17:33:45.183456948+00:00,ps-lb-18,2,-31,10.0,"{""Bat_V"": 3.6, ""Exti_pin_level"": ""Low"", ""Exti_status"": ""False"", ""IDC_intput_mA"": 5.41, ""IN1_pin_level"": ""Low"", ""IN2_pin_level"": ""Low"", ""Node_type"": ""PS-LB"", ""Probe_mod"": 0, ""VDC_intput_V"": 0, ""Water_deep_cm"": 17.625}"
2025-09-26 18:33:44.455098931+00:00,ps-lb-18,2,-114,1.25,"{""Bat_V"": 3.6, ""Exti_pin_level"": ""Low"", ""Exti_status"": ""False"", ""IDC_intput_mA"": 5.41, ""IN1_pin_level"": ""Low"", ""IN2_pin_level"": ""Low"", ""Node_type"": ""PS-LB"", ""Probe_mod"": 0, ""VDC_intput_V"": 0, ""Water_deep_cm"": 17.625}"
2025-09-26 19:33:43.722125774+00:00,ps-lb-18,2,-30,7.0,"{""Bat_V"": 3.6, ""Exti_pin_level"": ""Low"", ""Exti_status"": ""False"", ""IDC_intput_mA"": 5.41, ""IN1_pin_level"": ""Low"", ""IN2_pin_level"": ""Low"", ""Node_type"": ""PS-LB"", ""Probe_mod"": 0, ""VDC_intput_V"": 0, ""Water_deep_cm"": 17.625}"
2025-09-26 20:33:43.010291099+00:00,ps-lb-18,2,-31,7.0,"{""Bat_V"": 3.6, ""Exti_pin_level"": ""Low"", ""Exti_status"": ""False"", ""IDC_intput_mA"": 5.41, ""IN1_pin_level"": ""Low"", ""IN2_pin_level"": ""Low"", ""Node_type"": ""PS-LB"", ""Probe_mod"": 0, ""VDC_intput_V"": 0, ""Water_deep_cm"": 17.625}"
2025-09-26 21:33:42.269451535+00:00,ps-lb-18,2,-32,11.25,"{""Bat_V"": 3.6, ""Exti_pin_level"": ""Low"", ""Exti_status"": ""False"", ""IDC_intput_mA"": 5.41, ""IN1_pin_level"": ""Low"", ""IN2_pin_level"": ""Low"", ""Node_type"": ""PS-LB"", ""Probe_mod"": 0, ""VDC_intput_V"": 0, ""Water_deep_cm"": 17.625}"
2025-09-26 22:33:41.550046337+00:00,ps-lb-18,2,-117,-2.0,"{""Bat_V"": 3.6, ""Exti_pin_level"": ""Low"", ""Exti_status"": ""False"", ""IDC_intput_mA"": 5.41, ""IN1_pin_level"": ""Low"", ""IN2_pin_level"": ""Low"", ""Node_type"": ""PS-LB"", ""Probe_mod"": 0, ""VDC_intput_V"": 0, ""Water_deep_cm"": 17.625}"
2025-09-26 23:33:40.848115529+00:00,ps-lb-18,2,-32,11.0,"{""Bat_V"": 3.6, ""Exti_pin_level"": ""Low"", ""Exti_status"": ""False"", ""IDC_intput_mA"": 5.41, ""IN1_pin_level"": ""Low"", ""IN2_pin_level"": ""Low"", ""Node_type"": ""PS-LB"", ""Probe_mod"": 0, ""VDC_intput_V"": 0, ""Water_deep_cm"": 17.625}"
2025-09-27 00:33:40.096157869+00:00,ps-lb-18,2,-118,-3.25,"{""Bat_V"": 3.606, ""Exti_pin_level"": ""Low"", ""Exti_status"": ""False"", ""IDC_intput_mA"": 5.41, ""IN1_pin_level"": ""Low"", ""IN2_pin_level"": ""Low"", ""Node_type"": ""PS-LB"", ""Probe_mod"": 0, ""VDC_intput_V"": 0, ""Water_deep_cm"": 17.625}"
2025-09-27 01:33:39.382864786+00:00,ps-lb-18,2,-29,9.25,"{""Bat_V"": 3.606, ""Exti_pin_level"": ""Low"", ""Exti_status"": ""False"", ""IDC_intput_mA"": 5.41, ""IN1_pin_level"": ""Low"", ""IN2_pin_level"": ""Low"", ""Node_type"": ""PS-LB"", ""Probe_mod"": 0, ""VDC_intput_V"": 0, ""Water_deep_cm"": 17.625}"
2025-09-27 02:33:38.661909927+00:00,ps-lb-18,2,-32,8.75,"{""Bat_V"": 3.6, ""Exti_pin_level"": ""Low"", ""Exti_status"": ""False"", ""IDC_intput_mA"": 5.409, ""IN1_pin_level"": ""Low"", ""IN2_pin_level"": ""Low"", ""Node_type"": ""PS-LB"", ""Probe_mod"": 0, ""VDC_intput_V"": 0, ""Water_deep_cm"": 17.612}"
2025-09-27 03:33:37.943772907+00:00,ps-lb-18,2,-121,-5.25,"{""Bat_V"": 3.6, ""Exti_pin_level"": ""Low"", ""Exti_status"": ""False"", ""IDC_intput_mA"": 5.409, ""IN1_pin_level"": ""Low"", ""IN2_pin_level"": ""Low"", ""Node_type"": ""PS-LB"", ""Probe_mod"": 0, ""VDC_intput_V"": 0, ""Water_deep_cm"": 17.612}"
2025-09-27 04:33:37.223763955+00:00,ps-lb-18,2,-119,-3.0,"{""Bat_V"": 3.6, ""Exti_pin_level"": ""Low"", ""Exti_status"": ""False"", ""IDC_intput_mA"": 5.408, ""IN1_pin_level"": ""Low"", ""IN2_pin_level"": ""Low"", ""Node_type"": ""PS-LB"", ""Probe_mod"": 0, ""VDC_intput_V"": 0, ""Water_deep_cm"": 17.6}"
2025-09-27 05:33:36.488750142+00:00,ps-lb-18,2,-35,6.75,"{""Bat_V"": 3.6, ""Exti_pin_level"": ""Low"", ""Exti_status"": ""False"", ""IDC_intput_mA"": 5.408, ""IN1_pin_level"": ""Low"", ""IN2_pin_level"": ""Low"", ""Node_type"": ""PS-LB"", ""Probe_mod"": 0, ""VDC_intput_V"": 0, ""Water_deep_cm"": 17.6}"
2025-09-27 06:33:35.792121314+00:00,ps-lb-18,2,-32,9.5,"{""Bat_V"": 3.606, ""Exti_pin_level"": ""Low"", ""Exti_status"": ""False"", ""IDC_intput_mA"": 5.408, ""IN1_pin_level"": ""Low"", ""IN2_pin_level"": ""Low"", ""Node_type"": ""PS-LB"", ""Probe_mod"": 0, ""VDC_intput_V"": 0, ""Water_deep_cm"": 17.6}"
2025-09-27 07:33:35.065883867+00:00,ps-lb-18,2,-32,9.25,"{""Bat_V"": 3.6, ""Exti_pin_level"": ""Low"", ""Exti_status"": ""False"", ""IDC_intput_mA"": 5.407, ""IN1_pin_level"": ""Low"", ""IN2_pin_level"": ""Low"", ""Node_type"": ""PS-LB"", ""Probe_mod"": 0, ""VDC_intput_V"": 0, ""Water_deep_cm"": 17.587}"
2025-09-27 08:33:34.348592920+00:00,ps-lb-18,2,-31,10.0,"{""Bat_V"": 3.6, ""Exti_pin_level"": ""Low"", ""Exti_status"": ""False"", ""IDC_intput_mA"": 5.406, ""IN1_pin_level"": ""Low"", ""IN2_pin_level"": ""Low"", ""Node_type"": ""PS-LB"", ""Probe_mod"": 0, ""VDC_intput_V"": 0, ""Water_deep_cm"": 17.575}"
2025-09-27 09:33:33.611193143+00:00,ps-lb-18,2,-29,9.25,"{""Bat_V"": 3.6, ""Exti_pin_level"": ""Low"", ""Exti_status"": ""False"", ""IDC_intput_mA"": 5.406, ""IN1_pin_level"": ""Low"", ""IN2_pin_level"": ""Low"", ""Node_type"": ""PS-LB"", ""Probe_mod"": 0, ""VDC_intput_V"": 0, ""Water_deep_cm"": 17.575}"
2025-09-27 10:33:32.873889297+00:00,ps-lb-18,2,-122,-6.5,"{""Bat_V"": 3.6, ""Exti_pin_level"": ""Low"", ""Exti_status"": ""False"", ""IDC_intput_mA"": 5.406, ""IN1_pin_level"": ""Low"", ""IN2_pin_level"": ""Low"", ""Node_type"": ""PS-LB"", ""Probe_mod"": 0, ""VDC_intput_V"": 0, ""Water_deep_cm"": 17.575}"
2025-09-27 11:33:32.163752995+00:00,ps-lb-18,2,-123,-8.0,"{""Bat_V"": 3.6, ""Exti_pin_level"": ""Low"", ""Exti_status"": ""False"", ""IDC_intput_mA"": 5.406, ""IN1_pin_level"": ""Low"", ""IN2_pin_level"": ""Low"", ""Node_type"": ""PS-LB"", ""Probe_mod"": 0, ""VDC_intput_V"": 0, ""Water_deep_cm"": 17.575}"
2025-09-27 12:33:31.445917274+00:00,ps-lb-18,2,-30,7.5,"{""Bat_V"": 3.6, ""Exti_pin_level"": ""Low"", ""Exti_status"": ""False"", ""IDC_intput_mA"": 5.405, ""IN1_pin_level"": ""Low"", ""IN2_pin_level"": ""Low"", ""Node_type"": ""PS-LB"", ""Probe_mod"": 0, ""VDC_intput_V"": 0, ""Water_deep_cm"": 17.563}"
2025-09-27 13:33:30.727969994+00:00,ps-lb-18,2,-31,9.25,"{""Bat_V"": 3.6, ""Exti_pin_level"": ""Low"", ""Exti_status"": ""False"", ""IDC_intput_mA"": 5.405, ""IN1_pin_level"": ""Low"", ""IN2_pin_level"": ""Low"", ""Node_type"": ""PS-LB"", ""Probe_mod"": 0, ""VDC_intput_V"": 0, ""Water_deep_cm"": 17.563}"
2025-09-27 14:33:30.001351743+00:00,ps-lb-18,2,-124,-7.5,"{""Bat_V"": 3.6, ""Exti_pin_level"": ""Low"", ""Exti_status"": ""False"", ""IDC_intput_mA"": 5.405, ""IN1_pin_level"": ""Low"", ""IN2_pin_level"": ""Low"", ""Node_type"": ""PS-LB"", ""Probe_mod"": 0, ""VDC_intput_V"": 0, ""Water_deep_cm"": 17.563}"
2025-09-27 15:33:29.269046735+00:00,ps-lb-18,2,-31,10.0,"{""Bat_V"": 3.6, ""Exti_pin_level"": ""Low"", ""Exti_status"": ""False"", ""IDC_intput_mA"": 5.406, ""IN1_pin_level"": ""Low"", ""IN2_pin_level"": ""Low"", ""Node_type"": ""PS-LB"", ""Probe_mod"": 0, ""VDC_intput_V"": 0, ""Water_deep_cm"": 17.575}"
2025-09-27 16:33:28.560635757+00:00,ps-lb-18,2,-31,9.5,"{""Bat_V"": 3.6, ""Exti_pin_level"": ""Low"", ""Exti_status"": ""False"", ""IDC_intput_mA"": 5.405, ""IN1_pin_level"": ""Low"", ""IN2_pin_level"": ""Low"", ""Node_type"": ""PS-LB"", ""Probe_mod"": 0, ""VDC_intput_V"": 0, ""Water_deep_cm"": 17.563}"
2025-09-27 17:33:27.831434560+00:00,ps-lb-18,2,-32,9.25,"{""Bat_V"": 3.6, ""Exti_pin_level"": ""Low"", ""Exti_status"": ""False"", ""IDC_intput_mA"": 5.405, ""IN1_pin_level"": ""Low"", ""IN2_pin_level"": ""Low"", ""Node_type"": ""PS-LB"", ""Probe_mod"": 0, ""VDC_intput_V"": 0, ""Water_deep_cm"": 17.563}"
2025-09-27 18:33:27.106671023+00:00,ps-lb-18,2,-32,8.75,"{""Bat_V"": 3.6, ""Exti_pin_level"": ""Low"", ""Exti_status"": ""False"", ""IDC_intput_mA"": 5.405, ""IN1_pin_level"": ""Low"", ""IN2_pin_level"": ""Low"", ""Node_type"": ""PS-LB"", ""Probe_mod"": 0, ""VDC_intput_V"": 0, ""Water_deep_cm"": 17.563}"
2025-09-27 19:33:26.389440954+00:00,ps-lb-18,2,-28,7.25,"{""Bat_V"": 3.6, ""Exti_pin_level"": ""Low"", ""Exti_status"": ""False"", ""IDC_intput_mA"": 5.405, ""IN1_pin_level"": ""Low"", ""IN2_pin_level"": ""Low"", ""Node_type"": ""PS-LB"", ""Probe_mod"": 0, ""VDC_intput_V"": 0, ""Water_deep_cm"": 17.563}"
2025-09-27 20:33:25.674547529+00:00,ps-lb-18,2,-37,8.0,"{""Bat_V"": 3.6, ""Exti_pin_level"": ""Low"", ""Exti_status"": ""False"", ""IDC_intput_mA"": 5.404, ""IN1_pin_level"": ""Low"", ""IN2_pin_level"": ""Low"", ""Node_type"": ""PS-LB"", ""Probe_mod"": 0, ""VDC_intput_V"": 0, ""Water_deep_cm"": 17.55}"
2025-09-27 21:33:24.946583519+00:00,ps-lb-18,2,-31,6.75,"{""Bat_V"": 3.6, ""Exti_pin_level"": ""Low"", ""Exti_status"": ""False"", ""IDC_intput_mA"": 5.404, ""IN1_pin_level"": ""Low"", ""IN2_pin_level"": ""Low"", ""Node_type"": ""PS-LB"", ""Probe_mod"": 0, ""VDC_intput_V"": 0, ""Water_deep_cm"": 17.55}"
2025-09-27 22:33:24.217446294+00:00,ps-lb-18,2,-30,9.5,"{""Bat_V"": 3.6, ""Exti_pin_level"": ""Low"", ""Exti_status"": ""False"", ""IDC_intput_mA"": 5.404, ""IN1_pin_level"": ""Low"", ""IN2_pin_level"": ""Low"", ""Node_type"": ""PS-LB"", ""Probe_mod"": 0, ""VDC_intput_V"": 0, ""Water_deep_cm"": 17.55}"
2025-09-27 23:33:23.498038544+00:00,ps-lb-18,2,-29,9.5,"{""Bat_V"": 3.606, ""Exti_pin_level"": ""Low"", ""Exti_status"": ""False"", ""IDC_intput_mA"": 5.404, ""IN1_pin_level"": ""Low"", ""IN2_pin_level"": ""Low"", ""Node_type"": ""PS-LB"", ""Probe_mod"": 0, ""VDC_intput_V"": 0, ""Water_deep_cm"": 17.55}"
2025-09-28 00:33:22.770903886+00:00,ps-lb-18,2,-36,7.75,"{""Bat_V"": 3.6, ""Exti_pin_level"": ""Low"", ""Exti_status"": ""False"", ""IDC_intput_mA"": 5.404, ""IN1_pin_level"": ""Low"", ""IN2_pin_level"": ""Low"", ""Node_type"": ""PS-LB"", ""Probe_mod"": 0, ""VDC_intput_V"": 0, ""Water_deep_cm"": 17.55}"
2025-09-28 01:33:22.050240511+00:00,ps-lb-18,2,-32,10.75,"{""Bat_V"": 3.6, ""Exti_pin_level"": ""Low"", ""Exti_status"": ""False"", ""IDC_intput_mA"": 5.404, ""IN1_pin_level"": ""Low"", ""IN2_pin_level"": ""Low"", ""Node_type"": ""PS-LB"", ""Probe_mod"": 0, ""VDC_intput_V"": 0, ""Water_deep_cm"": 17.55}"
2025-09-28 02:33:21.339322680+00:00,ps-lb-18,2,-31,9.75,"{""Bat_V"": 3.6, ""Exti_pin_level"": ""Low"", ""Exti_status"": ""False"", ""IDC_intput_mA"": 5.404, ""IN1_pin_level"": ""Low"", ""IN2_pin_level"": ""Low"", ""Node_type"": ""PS-LB"", ""Probe_mod"": 0, ""VDC_intput_V"": 0, ""Water_deep_cm"": 17.55}"
2025-09-28 03:33:20.612167132+00:00,ps-lb-18,2,-30,9.5,"{""Bat_V"": 3.6, ""Exti_pin_level"": ""Low"", ""Exti_status"": ""False"", ""IDC_intput_mA"": 5.403, ""IN1_pin_level"": ""Low"", ""IN2_pin_level"": ""Low"", ""Node_type"": ""PS-LB"", ""Probe_mod"": 0, ""VDC_intput_V"": 0, ""Water_deep_cm"": 17.537}"
2025-09-28 04:33:19.896722860+00:00,ps-lb-18,2,-29,8.0,"{""Bat_V"": 3.6, ""Exti_pin_level"": ""Low"", ""Exti_status"": ""False"", ""IDC_intput_mA"": 5.403, ""IN1_pin_level"": ""Low"", ""IN2_pin_level"": ""Low"", ""Node_type"": ""PS-LB"", ""Probe_mod"": 0, ""VDC_intput_V"": 0, ""Water_deep_cm"": 17.537}"
2025-09-28 05:33:19.170052659+00:00,ps-lb-18,2,-32,10.25,"{""Bat_V"": 3.6, ""Exti_pin_level"": ""Low"", ""Exti_status"": ""False"", ""IDC_intput_mA"": 5.403, ""IN1_pin_level"": ""Low"", ""IN2_pin_level"": ""Low"", ""Node_type"": ""PS-LB"", ""Probe_mod"": 0, ""VDC_intput_V"": 0, ""Water_deep_cm"": 17.537}"
2025-09-28 06:33:18.445355511+00:00,ps-lb-18,2,-32,9.5,"{""Bat_V"": 3.6, ""Exti_pin_level"": ""Low"", ""Exti_status"": ""False"", ""IDC_intput_mA"": 5.402, ""IN1_pin_level"": ""Low"", ""IN2_pin_level"": ""Low"", ""Node_type"": ""PS-LB"", ""Probe_mod"": 0, ""VDC_intput_V"": 0, ""Water_deep_cm"": 17.525}"
2025-09-28 07:33:17.742620349+00:00,ps-lb-18,2,-32,9.5,"{""Bat_V"": 3.6, ""Exti_pin_level"": ""Low"", ""Exti_status"": ""False"", ""IDC_intput_mA"": 5.402, ""IN1_pin_level"": ""Low"", ""IN2_pin_level"": ""Low"", ""Node_type"": ""PS-LB"", ""Probe_mod"": 0, ""VDC_intput_V"": 0, ""Water_deep_cm"": 17.525}"
2025-09-28 09:33:16.289849845+00:00,ps-lb-18,2,-119,-3.5,"{""Bat_V"": 3.6, ""Exti_pin_level"": ""Low"", ""Exti_status"": ""False"", ""IDC_intput_mA"": 5.402, ""IN1_pin_level"": ""Low"", ""IN2_pin_level"": ""Low"", ""Node_type"": ""PS-LB"", ""Probe_mod"": 0, ""VDC_intput_V"": 0, ""Water_deep_cm"": 17.525}"
2025-09-28 10:33:15.571827488+00:00,ps-lb-18,2,-30,9.25,"{""Bat_V"": 3.6, ""Exti_pin_level"": ""Low"", ""Exti_status"": ""False"", ""IDC_intput_mA"": 5.402, ""IN1_pin_level"": ""Low"", ""IN2_pin_level"": ""Low"", ""Node_type"": ""PS-LB"", ""Probe_mod"": 0, ""VDC_intput_V"": 0, ""Water_deep_cm"": 17.525}"
2025-09-28 11:33:14.837452188+00:00,ps-lb-18,2,-29,7.5,"{""Bat_V"": 3.6, ""Exti_pin_level"": ""Low"", ""Exti_status"": ""False"", ""IDC_intput_mA"": 5.402, ""IN1_pin_level"": ""Low"", ""IN2_pin_level"": ""Low"", ""Node_type"": ""PS-LB"", ""Probe_mod"": 0, ""VDC_intput_V"": 0, ""Water_deep_cm"": 17.525}"
2025-09-28 12:33:14.109988965+00:00,ps-lb-18,2,-120,-4.25,"{""Bat_V"": 3.6, ""Exti_pin_level"": ""Low"", ""Exti_status"": ""False"", ""IDC_intput_mA"": 5.401, ""IN1_pin_level"": ""Low"", ""IN2_pin_level"": ""Low"", ""Node_type"": ""PS-LB"", ""Probe_mod"": 0, ""VDC_intput_V"": 0, ""Water_deep_cm"": 17.512}"
2025-09-28 13:33:13.394483138+00:00,ps-lb-18,2,-37,6.75,"{""Bat_V"": 3.6, ""Exti_pin_level"": ""Low"", ""Exti_status"": ""False"", ""IDC_intput_mA"": 5.401, ""IN1_pin_level"": ""Low"", ""IN2_pin_level"": ""Low"", ""Node_type"": ""PS-LB"", ""Probe_mod"": 0, ""VDC_intput_V"": 0, ""Water_deep_cm"": 17.512}"
2025-09-28 14:33:12.672401251+00:00,ps-lb-18,2,-31,9.5,"{""Bat_V"": 3.6, ""Exti_pin_level"": ""Low"", ""Exti_status"": ""False"", ""IDC_intput_mA"": 5.402, ""IN1_pin_level"": ""Low"", ""IN2_pin_level"": ""Low"", ""Node_type"": ""PS-LB"", ""Probe_mod"": 0, ""VDC_intput_V"": 0, ""Water_deep_cm"": 17.525}"
2025-09-28 15:33:11.959815810+00:00,ps-lb-18,2,-33,10.25,"{""Bat_V"": 3.6, ""Exti_pin_level"": ""Low"", ""Exti_status"": ""False"", ""IDC_intput_mA"": 5.401, ""IN1_pin_level"": ""Low"", ""IN2_pin_level"": ""Low"", ""Node_type"": ""PS-LB"", ""Probe_mod"": 0, ""VDC_intput_V"": 0, ""Water_deep_cm"": 17.512}"
2025-09-28 16:33:11.226350944+00:00,ps-lb-18,2,-32,9.75,"{""Bat_V"": 3.6, ""Exti_pin_level"": ""Low"", ""Exti_status"": ""False"", ""IDC_intput_mA"": 5.402, ""IN1_pin_level"": ""Low"", ""IN2_pin_level"": ""Low"", ""Node_type"": ""PS-LB"", ""Probe_mod"": 0, ""VDC_intput_V"": 0, ""Water_deep_cm"": 17.525}"
2025-09-28 17:33:10.519988389+00:00,ps-lb-18,2,-31,9.0,"{""Bat_V"": 3.6, ""Exti_pin_level"": ""Low"", ""Exti_status"": ""False"", ""IDC_intput_mA"": 5.402, ""IN1_pin_level"": ""Low"", ""IN2_pin_level"": ""Low"", ""Node_type"": ""PS-LB"", ""Probe_mod"": 0, ""VDC_intput_V"": 0, ""Water_deep_cm"": 17.525}"
2025-09-28 18:33:09.773166534+00:00,ps-lb-18,2,-119,-7.75,"{""Bat_V"": 3.6, ""Exti_pin_level"": ""Low"", ""Exti_status"": ""False"", ""IDC_intput_mA"": 5.401, ""IN1_pin_level"": ""Low"", ""IN2_pin_level"": ""Low"", ""Node_type"": ""PS-LB"", ""Probe_mod"": 0, ""VDC_intput_V"": 0, ""Water_deep_cm"": 17.512}"
2025-09-28 19:33:09.049832007+00:00,ps-lb-18,2,-29,10.5,"{""Bat_V"": 3.6, ""Exti_pin_level"": ""Low"", ""Exti_status"": ""False"", ""IDC_intput_mA"": 5.402, ""IN1_pin_level"": ""Low"", ""IN2_pin_level"": ""Low"", ""Node_type"": ""PS-LB"", ""Probe_mod"": 0, ""VDC_intput_V"": 0, ""Water_deep_cm"": 17.525}"
2025-09-28 20:33:08.334711324+00:00,ps-lb-18,2,-31,7.25,"{""Bat_V"": 3.606, ""Exti_pin_level"": ""Low"", ""Exti_status"": ""False"", ""IDC_intput_mA"": 5.402, ""IN1_pin_level"": ""Low"", ""IN2_pin_level"": ""Low"", ""Node_type"": ""PS-LB"", ""Probe_mod"": 0, ""VDC_intput_V"": 0, ""Water_deep_cm"": 17.525}"
2025-09-28 21:33:07.600443387+00:00,ps-lb-18,2,-30,8.25,"{""Bat_V"": 3.6, ""Exti_pin_level"": ""Low"", ""Exti_status"": ""False"", ""IDC_intput_mA"": 5.402, ""IN1_pin_level"": ""Low"", ""IN2_pin_level"": ""Low"", ""Node_type"": ""PS-LB"", ""Probe_mod"": 0, ""VDC_intput_V"": 0, ""Water_deep_cm"": 17.525}"
2025-09-28 22:33:06.879803197+00:00,ps-lb-18,2,-32,9.75,"{""Bat_V"": 3.6, ""Exti_pin_level"": ""Low"", ""Exti_status"": ""False"", ""IDC_intput_mA"": 5.401, ""IN1_pin_level"": ""Low"", ""IN2_pin_level"": ""Low"", ""Node_type"": ""PS-LB"", ""Probe_mod"": 0, ""VDC_intput_V"": 0, ""Water_deep_cm"": 17.512}"
2025-09-28 23:33:06.165299438+00:00,ps-lb-18,2,-32,10.0,"{""Bat_V"": 3.606, ""Exti_pin_level"": ""Low"", ""Exti_status"": ""False"", ""IDC_intput_mA"": 5.402, ""IN1_pin_level"": ""Low"", ""IN2_pin_level"": ""Low"", ""Node_type"": ""PS-LB"", ""Probe_mod"": 0, ""VDC_intput_V"": 0, ""Water_deep_cm"": 17.525}"
2025-09-29 00:33:05.443326543+00:00,ps-lb-18,2,-121,-6.0,"{""Bat_V"": 3.6, ""Exti_pin_level"": ""Low"", ""Exti_status"": ""False"", ""IDC_intput_mA"": 5.401, ""IN1_pin_level"": ""Low"", ""IN2_pin_level"": ""Low"", ""Node_type"": ""PS-LB"", ""Probe_mod"": 0, ""VDC_intput_V"": 0, ""Water_deep_cm"": 17.512}"
2025-09-29 01:33:04.724199+00:00,ps-lb-18,2,-32,9.5,"{""Bat_V"": 3.6, ""Exti_pin_level"": ""Low"", ""Exti_status"": ""False"", ""IDC_intput_mA"": 5.401, ""IN1_pin_level"": ""Low"", ""IN2_pin_level"": ""Low"", ""Node_type"": ""PS-LB"", ""Probe_mod"": 0, ""VDC_intput_V"": 0, ""Water_deep_cm"": 17.512}"
2025-09-29 02:33:04.006662355+00:00,ps-lb-18,2,-32,8.75,"{""Bat_V"": 3.6, ""Exti_pin_level"": ""Low"", ""Exti_status"": ""False"", ""IDC_intput_mA"": 5.4, ""IN1_pin_level"": ""Low"", ""IN2_pin_level"": ""Low"", ""Node_type"": ""PS-LB"", ""Probe_mod"": 0, ""VDC_intput_V"": 0, ""Water_deep_cm"": 17.5}"
2025-09-29 03:33:03.264341140+00:00,ps-lb-18,2,-31,10.75,"{""Bat_V"": 3.6, ""Exti_pin_level"": ""Low"", ""Exti_status"": ""False"", ""IDC_intput_mA"": 5.4, ""IN1_pin_level"": ""Low"", ""IN2_pin_level"": ""Low"", ""Node_type"": ""PS-LB"", ""Probe_mod"": 0, ""VDC_intput_V"": 0, ""Water_deep_cm"": 17.5}"
2025-09-29 04:33:02.555932187+00:00,ps-lb-18,2,-29,8.0,"{""Bat_V"": 3.6, ""Exti_pin_level"": ""Low"", ""Exti_status"": ""False"", ""IDC_intput_mA"": 5.4, ""IN1_pin_level"": ""Low"", ""IN2_pin_level"": ""Low"", ""Node_type"": ""PS-LB"", ""Probe_mod"": 0, ""VDC_intput_V"": 0, ""Water_deep_cm"": 17.5}"
2025-09-29 05:33:01.829890999+00:00,ps-lb-18,2,-32,10.75,"{""Bat_V"": 3.606, ""Exti_pin_level"": ""Low"", ""Exti_status"": ""False"", ""IDC_intput_mA"": 5.4, ""IN1_pin_level"": ""Low"", ""IN2_pin_level"": ""Low"", ""Node_type"": ""PS-LB"", ""Probe_mod"": 0, ""VDC_intput_V"": 0, ""Water_deep_cm"": 17.5}"
2025-09-29 06:33:01.112859141+00:00,ps-lb-18,2,-117,-3.75,"{""Bat_V"": 3.6, ""Exti_pin_level"": ""Low"", ""Exti_status"": ""False"", ""IDC_intput_mA"": 5.399, ""IN1_pin_level"": ""Low"", ""IN2_pin_level"": ""Low"", ""Node_type"": ""PS-LB"", ""Probe_mod"": 0, ""VDC_intput_V"": 0, ""Water_deep_cm"": 17.488}"
2025-09-29 07:33:00.407114158+00:00,ps-lb-18,2,-32,10.25,"{""Bat_V"": 3.6, ""Exti_pin_level"": ""Low"", ""Exti_status"": ""False"", ""IDC_intput_mA"": 5.399, ""IN1_pin_level"": ""Low"", ""IN2_pin_level"": ""Low"", ""Node_type"": ""PS-LB"", ""Probe_mod"": 0, ""VDC_intput_V"": 0, ""Water_deep_cm"": 17.488}"
2025-09-29 08:32:59.662414143+00:00,ps-lb-18,2,-117,-3.75,"{""Bat_V"": 3.6, ""Exti_pin_level"": ""Low"", ""Exti_status"": ""False"", ""IDC_intput_mA"": 5.399, ""IN1_pin_level"": ""Low"", ""IN2_pin_level"": ""Low"", ""Node_type"": ""PS-LB"", ""Probe_mod"": 0, ""VDC_intput_V"": 0, ""Water_deep_cm"": 17.488}"
2025-09-29 09:32:58.938311386+00:00,ps-lb-18,2,-31,9.5,"{""Bat_V"": 3.6, ""Exti_pin_level"": ""Low"", ""Exti_status"": ""False"", ""IDC_intput_mA"": 5.399, ""IN1_pin_level"": ""Low"", ""IN2_pin_level"": ""Low"", ""Node_type"": ""PS-LB"", ""Probe_mod"": 0, ""VDC_intput_V"": 0, ""Water_deep_cm"": 17.488}"
2025-09-29 10:32:58.210827574+00:00,ps-lb-18,2,-119,-2.75,"{""Bat_V"": 3.6, ""Exti_pin_level"": ""Low"", ""Exti_status"": ""False"", ""IDC_intput_mA"": 5.399, ""IN1_pin_level"": ""Low"", ""IN2_pin_level"": ""Low"", ""Node_type"": ""PS-LB"", ""Probe_mod"": 0, ""VDC_intput_V"": 0, ""Water_deep_cm"": 17.488}"
2025-09-29 11:32:57.496239268+00:00,ps-lb-18,2,-121,-6.5,"{""Bat_V"": 3.6, ""Exti_pin_level"": ""Low"", ""Exti_status"": ""False"", ""IDC_intput_mA"": 5.399, ""IN1_pin_level"": ""Low"", ""IN2_pin_level"": ""Low"", ""Node_type"": ""PS-LB"", ""Probe_mod"": 0, ""VDC_intput_V"": 0, ""Water_deep_cm"": 17.488}"
2025-09-29 12:32:56.773169642+00:00,ps-lb-18,2,-119,-6.25,"{""Bat_V"": 3.6, ""Exti_pin_level"": ""Low"", ""Exti_status"": ""False"", ""IDC_intput_mA"": 5.399, ""IN1_pin_level"": ""Low"", ""IN2_pin_level"": ""Low"", ""Node_type"": ""PS-LB"", ""Probe_mod"": 0, ""VDC_intput_V"": 0, ""Water_deep_cm"": 17.488}"
2025-09-29 13:32:56.051384592+00:00,ps-lb-18,2,-31,8.75,"{""Bat_V"": 3.6, ""Exti_pin_level"": ""Low"", ""Exti_status"": ""False"", ""IDC_intput_mA"": 5.399, ""IN1_pin_level"": ""Low"", ""IN2_pin_level"": ""Low"", ""Node_type"": ""PS-LB"", ""Probe_mod"": 0, ""VDC_intput_V"": 0, ""Water_deep_cm"": 17.488}"
2025-09-29 14:32:55.316321776+00:00,ps-lb-18,2,-31,8.5,"{""Bat_V"": 3.6, ""Exti_pin_level"": ""Low"", ""Exti_status"": ""False"", ""IDC_intput_mA"": 5.399, ""IN1_pin_level"": ""Low"", ""IN2_pin_level"": ""Low"", ""Node_type"": ""PS-LB"", ""Probe_mod"": 0, ""VDC_intput_V"": 0, ""Water_deep_cm"": 17.488}"
2025-09-29 15:32:54.602491474+00:00,ps-lb-18,2,-33,9.75,"{""Bat_V"": 3.606, ""Exti_pin_level"": ""Low"", ""Exti_status"": ""False"", ""IDC_intput_mA"": 5.399, ""IN1_pin_level"": ""Low"", ""IN2_pin_level"": ""Low"", ""Node_type"": ""PS-LB"", ""Probe_mod"": 0, ""VDC_intput_V"": 0, ""Water_deep_cm"": 17.488}"
2025-09-29 16:32:53.874115365+00:00,ps-lb-18,2,-32,7.5,"{""Bat_V"": 3.6, ""Exti_pin_level"": ""Low"", ""Exti_status"": ""False"", ""IDC_intput_mA"": 5.399, ""IN1_pin_level"": ""Low"", ""IN2_pin_level"": ""Low"", ""Node_type"": ""PS-LB"", ""Probe_mod"": 0, ""VDC_intput_V"": 0, ""Water_deep_cm"": 17.488}"
2025-09-29 17:32:53.166769182+00:00,ps-lb-18,2,-33,9.5,"{""Bat_V"": 3.6, ""Exti_pin_level"": ""Low"", ""Exti_status"": ""False"", ""IDC_intput_mA"": 5.4, ""IN1_pin_level"": ""Low"", ""IN2_pin_level"": ""Low"", ""Node_type"": ""PS-LB"", ""Probe_mod"": 0, ""VDC_intput_V"": 0, ""Water_deep_cm"": 17.5}"
2025-09-29 18:32:52.442830339+00:00,ps-lb-18,2,-120,-4.0,"{""Bat_V"": 3.6, ""Exti_pin_level"": ""Low"", ""Exti_status"": ""False"", ""IDC_intput_mA"": 5.4, ""IN1_pin_level"": ""Low"", ""IN2_pin_level"": ""Low"", ""Node_type"": ""PS-LB"", ""Probe_mod"": 0, ""VDC_intput_V"": 0, ""Water_deep_cm"": 17.5}"
2025-09-29 19:32:51.698276437+00:00,ps-lb-18,2,-115,0.25,"{""Bat_V"": 3.606, ""Exti_pin_level"": ""Low"", ""Exti_status"": ""False"", ""IDC_intput_mA"": 5.4, ""IN1_pin_level"": ""Low"", ""IN2_pin_level"": ""Low"", ""Node_type"": ""PS-LB"", ""Probe_mod"": 0, ""VDC_intput_V"": 0, ""Water_deep_cm"": 17.5}"
2025-09-29 20:32:50.973225457+00:00,ps-lb-18,2,-30,9.0,"{""Bat_V"": 3.6, ""Exti_pin_level"": ""Low"", ""Exti_status"": ""False"", ""IDC_intput_mA"": 5.4, ""IN1_pin_level"": ""Low"", ""IN2_pin_level"": ""Low"", ""Node_type"": ""PS-LB"", ""Probe_mod"": 0, ""VDC_intput_V"": 0, ""Water_deep_cm"": 17.5}"
2025-09-29 21:32:50.246327035+00:00,ps-lb-18,2,-33,10.0,"{""Bat_V"": 3.6, ""Exti_pin_level"": ""Low"", ""Exti_status"": ""False"", ""IDC_intput_mA"": 5.4, ""IN1_pin_level"": ""Low"", ""IN2_pin_level"": ""Low"", ""Node_type"": ""PS-LB"", ""Probe_mod"": 0, ""VDC_intput_V"": 0, ""Water_deep_cm"": 17.5}"
2025-09-29 22:32:49.542820297+00:00,ps-lb-18,2,-30,9.25,"{""Bat_V"": 3.606, ""Exti_pin_level"": ""Low"", ""Exti_status"": ""False"", ""IDC_intput_mA"": 5.4, ""IN1_pin_level"": ""Low"", ""IN2_pin_level"": ""Low"", ""Node_type"": ""PS-LB"", ""Probe_mod"": 0, ""VDC_intput_V"": 0, ""Water_deep_cm"": 17.5}"
2025-09-29 23:32:48.802294308+00:00,ps-lb-18,2,-33,10.0,"{""Bat_V"": 3.606, ""Exti_pin_level"": ""Low"", ""Exti_status"": ""False"", ""IDC_intput_mA"": 5.4, ""IN1_pin_level"": ""Low"", ""IN2_pin_level"": ""Low"", ""Node_type"": ""PS-LB"", ""Probe_mod"": 0, ""VDC_intput_V"": 0, ""Water_deep_cm"": 17.5}"
2025-09-30 00:32:48.076097522+00:00,ps-lb-18,2,-119,-3.5,"{""Bat_V"": 3.606, ""Exti_pin_level"": ""Low"", ""Exti_status"": ""False"", ""IDC_intput_mA"": 5.4, ""IN1_pin_level"": ""Low"", ""IN2_pin_level"": ""Low"", ""Node_type"": ""PS-LB"", ""Probe_mod"": 0, ""VDC_intput_V"": 0, ""Water_deep_cm"": 17.5}"
2025-09-30 01:32:47.350825707+00:00,ps-lb-18,2,-29,9.0,"{""Bat_V"": 3.6, ""Exti_pin_level"": ""Low"", ""Exti_status"": ""False"", ""IDC_intput_mA"": 5.4, ""IN1_pin_level"": ""Low"", ""IN2_pin_level"": ""Low"", ""Node_type"": ""PS-LB"", ""Probe_mod"": 0, ""VDC_intput_V"": 0, ""Water_deep_cm"": 17.5}"
2025-09-30 02:32:46.633720957+00:00,ps-lb-18,2,-119,-3.5,"{""Bat_V"": 3.606, ""Exti_pin_level"": ""Low"", ""Exti_status"": ""False"", ""IDC_intput_mA"": 5.4, ""IN1_pin_level"": ""Low"", ""IN2_pin_level"": ""Low"", ""Node_type"": ""PS-LB"", ""Probe_mod"": 0, ""VDC_intput_V"": 0, ""Water_deep_cm"": 17.5}"
2025-09-30 03:32:45.913020854+00:00,ps-lb-18,2,-32,7.25,"{""Bat_V"": 3.6, ""Exti_pin_level"": ""Low"", ""Exti_status"": ""False"", ""IDC_intput_mA"": 5.4, ""IN1_pin_level"": ""Low"", ""IN2_pin_level"": ""Low"", ""Node_type"": ""PS-LB"", ""Probe_mod"": 0, ""VDC_intput_V"": 0, ""Water_deep_cm"": 17.5}"
2025-09-30 04:32:45.186160116+00:00,ps-lb-18,2,-32,9.75,"{""Bat_V"": 3.6, ""Exti_pin_level"": ""Low"", ""Exti_status"": ""False"", ""IDC_intput_mA"": 5.4, ""IN1_pin_level"": ""Low"", ""IN2_pin_level"": ""Low"", ""Node_type"": ""PS-LB"", ""Probe_mod"": 0, ""VDC_intput_V"": 0, ""Water_deep_cm"": 17.5}"
2025-09-30 05:32:44.454740506+00:00,ps-lb-18,2,-31,7.5,"{""Bat_V"": 3.6, ""Exti_pin_level"": ""Low"", ""Exti_status"": ""False"", ""IDC_intput_mA"": 5.4, ""IN1_pin_level"": ""Low"", ""IN2_pin_level"": ""Low"", ""Node_type"": ""PS-LB"", ""Probe_mod"": 0, ""VDC_intput_V"": 0, ""Water_deep_cm"": 17.5}"
2025-09-30 06:32:43.735898077+00:00,ps-lb-18,2,-33,9.5,"{""Bat_V"": 3.6, ""Exti_pin_level"": ""Low"", ""Exti_status"": ""False"", ""IDC_intput_mA"": 5.4, ""IN1_pin_level"": ""Low"", ""IN2_pin_level"": ""Low"", ""Node_type"": ""PS-LB"", ""Probe_mod"": 0, ""VDC_intput_V"": 0, ""Water_deep_cm"": 17.5}"
2025-09-30 07:32:43.022946102+00:00,ps-lb-18,2,-121,-5.0,"{""Bat_V"": 3.6, ""Exti_pin_level"": ""Low"", ""Exti_status"": ""False"", ""IDC_intput_mA"": 5.4, ""IN1_pin_level"": ""Low"", ""IN2_pin_level"": ""Low"", ""Node_type"": ""PS-LB"", ""Probe_mod"": 0, ""VDC_intput_V"": 0, ""Water_deep_cm"": 17.5}"
2025-09-30 08:32:42.283966837+00:00,ps-lb-18,2,-31,7.5,"{""Bat_V"": 3.6, ""Exti_pin_level"": ""Low"", ""Exti_status"": ""False"", ""IDC_intput_mA"": 5.4, ""IN1_pin_level"": ""Low"", ""IN2_pin_level"": ""Low"", ""Node_type"": ""PS-LB"", ""Probe_mod"": 0, ""VDC_intput_V"": 0, ""Water_deep_cm"": 17.5}"
2025-09-30 09:32:41.566070732+00:00,ps-lb-18,2,-118,-9.5,"{""Bat_V"": 3.6, ""Exti_pin_level"": ""Low"", ""Exti_status"": ""False"", ""IDC_intput_mA"": 5.4, ""IN1_pin_level"": ""Low"", ""IN2_pin_level"": ""Low"", ""Node_type"": ""PS-LB"", ""Probe_mod"": 0, ""VDC_intput_V"": 0, ""Water_deep_cm"": 17.5}"
2025-09-30 10:32:40.852498073+00:00,ps-lb-18,2,-33,9.25,"{""Bat_V"": 3.6, ""Exti_pin_level"": ""Low"", ""Exti_status"": ""False"", ""IDC_intput_mA"": 5.4, ""IN1_pin_level"": ""Low"", ""IN2_pin_level"": ""Low"", ""Node_type"": ""PS-LB"", ""Probe_mod"": 0, ""VDC_intput_V"": 0, ""Water_deep_cm"": 17.5}"
2025-09-30 11:32:40.114143334+00:00,ps-lb-18,2,-32,7.25,"{""Bat_V"": 3.606, ""Exti_pin_level"": ""Low"", ""Exti_status"": ""False"", ""IDC_intput_mA"": 5.4, ""IN1_pin_level"": ""Low"", ""IN2_pin_level"": ""Low"", ""Node_type"": ""PS-LB"", ""Probe_mod"": 0, ""VDC_intput_V"": 0, ""Water_deep_cm"": 17.5}"
2025-09-30 12:32:39.372310833+00:00,ps-lb-18,2,-113,2.5,"{""Bat_V"": 3.6, ""Exti_pin_level"": ""Low"", ""Exti_status"": ""False"", ""IDC_intput_mA"": 4.012, ""IN1_pin_level"": ""Low"", ""IN2_pin_level"": ""Low"", ""Node_type"": ""PS-LB"", ""Probe_mod"": 0, ""VDC_intput_V"": 0, ""Water_deep_cm"": 0.15}"
2025-09-30 13:32:38.670591749+00:00,ps-lb-18,2,-36,9.75,"{""Bat_V"": 3.606, ""Exti_pin_level"": ""Low"", ""Exti_status"": ""False"", ""IDC_intput_mA"": 4.012, ""IN1_pin_level"": ""Low"", ""IN2_pin_level"": ""Low"", ""Node_type"": ""PS-LB"", ""Probe_mod"": 0, ""VDC_intput_V"": 0, ""Water_deep_cm"": 0.15}"
2025-09-30 14:32:37.936047384+00:00,ps-lb-18,2,-116,0.25,"{""Bat_V"": 3.606, ""Exti_pin_level"": ""Low"", ""Exti_status"": ""False"", ""IDC_intput_mA"": 4.013, ""IN1_pin_level"": ""Low"", ""IN2_pin_level"": ""Low"", ""Node_type"": ""PS-LB"", ""Probe_mod"": 0, ""VDC_intput_V"": 0, ""Water_deep_cm"": 0.162}"
2025-09-30 15:32:37.232012421+00:00,ps-lb-18,2,-39,9.25,"{""Bat_V"": 3.606, ""Exti_pin_level"": ""Low"", ""Exti_status"": ""False"", ""IDC_intput_mA"": 4.014, ""IN1_pin_level"": ""Low"", ""IN2_pin_level"": ""Low"", ""Node_type"": ""PS-LB"", ""Probe_mod"": 0, ""VDC_intput_V"": 0, ""Water_deep_cm"": 0.175}"
2025-09-30 16:32:36.479607079+00:00,ps-lb-18,2,-38,8.25,"{""Bat_V"": 3.606, ""Exti_pin_level"": ""Low"", ""Exti_status"": ""False"", ""IDC_intput_mA"": 4.014, ""IN1_pin_level"": ""Low"", ""IN2_pin_level"": ""Low"", ""Node_type"": ""PS-LB"", ""Probe_mod"": 0, ""VDC_intput_V"": 0, ""Water_deep_cm"": 0.175}"
2025-09-30 17:32:35.757127152+00:00,ps-lb-18,2,-39,10.0,"{""Bat_V"": 3.606, ""Exti_pin_level"": ""Low"", ""Exti_status"": ""False"", ""IDC_intput_mA"": 4.015, ""IN1_pin_level"": ""Low"", ""IN2_pin_level"": ""Low"", ""Node_type"": ""PS-LB"", ""Probe_mod"": 0, ""VDC_intput_V"": 0, ""Water_deep_cm"": 0.187}"
2025-09-30 18:32:35.030819116+00:00,ps-lb-18,2,-41,10.0,"{""Bat_V"": 3.606, ""Exti_pin_level"": ""Low"", ""Exti_status"": ""False"", ""IDC_intput_mA"": 4.015, ""IN1_pin_level"": ""Low"", ""IN2_pin_level"": ""Low"", ""Node_type"": ""PS-LB"", ""Probe_mod"": 0, ""VDC_intput_V"": 0, ""Water_deep_cm"": 0.187}"
2025-09-30 19:32:34.296689803+00:00,ps-lb-18,2,-39,9.5,"{""Bat_V"": 3.606, ""Exti_pin_level"": ""Low"", ""Exti_status"": ""False"", ""IDC_intput_mA"": 4.015, ""IN1_pin_level"": ""Low"", ""IN2_pin_level"": ""Low"", ""Node_type"": ""PS-LB"", ""Probe_mod"": 0, ""VDC_intput_V"": 0, ""Water_deep_cm"": 0.187}"
2025-09-30 20:32:33.574467829+00:00,ps-lb-18,2,-39,9.5,"{""Bat_V"": 3.606, ""Exti_pin_level"": ""Low"", ""Exti_status"": ""False"", ""IDC_intput_mA"": 4.015, ""IN1_pin_level"": ""Low"", ""IN2_pin_level"": ""Low"", ""Node_type"": ""PS-LB"", ""Probe_mod"": 0, ""VDC_intput_V"": 0, ""Water_deep_cm"": 0.187}"
2025-09-30 21:32:32.841274042+00:00,ps-lb-18,2,-111,3.75,"{""Bat_V"": 3.606, ""Exti_pin_level"": ""Low"", ""Exti_status"": ""False"", ""IDC_intput_mA"": 4.014, ""IN1_pin_level"": ""Low"", ""IN2_pin_level"": ""Low"", ""Node_type"": ""PS-LB"", ""Probe_mod"": 0, ""VDC_intput_V"": 0, ""Water_deep_cm"": 0.175}"
2025-09-30 22:32:32.145860943+00:00,ps-lb-18,2,-38,8.75,"{""Bat_V"": 3.6, ""Exti_pin_level"": ""Low"", ""Exti_status"": ""False"", ""IDC_intput_mA"": 4.014, ""IN1_pin_level"": ""Low"", ""IN2_pin_level"": ""Low"", ""Node_type"": ""PS-LB"", ""Probe_mod"": 0, ""VDC_intput_V"": 0, ""Water_deep_cm"": 0.175}"
2025-09-30 23:32:31.381132577+00:00,ps-lb-18,2,-115,1.25,"{""Bat_V"": 3.606, ""Exti_pin_level"": ""Low"", ""Exti_status"": ""False"", ""IDC_intput_mA"": 4.013, ""IN1_pin_level"": ""Low"", ""IN2_pin_level"": ""Low"", ""Node_type"": ""PS-LB"", ""Probe_mod"": 0, ""VDC_intput_V"": 0, ""Water_deep_cm"": 0.162}"
2025-10-01 00:32:30.669285585+00:00,ps-lb-18,2,-39,9.75,"{""Bat_V"": 3.606, ""Exti_pin_level"": ""Low"", ""Exti_status"": ""False"", ""IDC_intput_mA"": 4.012, ""IN1_pin_level"": ""Low"", ""IN2_pin_level"": ""Low"", ""Node_type"": ""PS-LB"", ""Probe_mod"": 0, ""VDC_intput_V"": 0, ""Water_deep_cm"": 0.15}"
2025-10-01 01:32:29.968251098+00:00,ps-lb-18,2,-38,9.25,"{""Bat_V"": 3.6, ""Exti_pin_level"": ""Low"", ""Exti_status"": ""False"", ""IDC_intput_mA"": 4.012, ""IN1_pin_level"": ""Low"", ""IN2_pin_level"": ""Low"", ""Node_type"": ""PS-LB"", ""Probe_mod"": 0, ""VDC_intput_V"": 0, ""Water_deep_cm"": 0.15}"
2025-10-01 02:32:29.216999743+00:00,ps-lb-18,2,-39,10.25,"{""Bat_V"": 3.6, ""Exti_pin_level"": ""Low"", ""Exti_status"": ""False"", ""IDC_intput_mA"": 4.012, ""IN1_pin_level"": ""Low"", ""IN2_pin_level"": ""Low"", ""Node_type"": ""PS-LB"", ""Probe_mod"": 0, ""VDC_intput_V"": 0, ""Water_deep_cm"": 0.15}"
2025-10-01 03:32:28.514573955+00:00,ps-lb-18,2,-37,7.75,"{""Bat_V"": 3.6, ""Exti_pin_level"": ""Low"", ""Exti_status"": ""False"", ""IDC_intput_mA"": 4.011, ""IN1_pin_level"": ""Low"", ""IN2_pin_level"": ""Low"", ""Node_type"": ""PS-LB"", ""Probe_mod"": 0, ""VDC_intput_V"": 0, ""Water_deep_cm"": 0.138}"
2025-10-01 04:32:27.794464149+00:00,ps-lb-18,2,-38,9.75,"{""Bat_V"": 3.606, ""Exti_pin_level"": ""Low"", ""Exti_status"": ""False"", ""IDC_intput_mA"": 4.011, ""IN1_pin_level"": ""Low"", ""IN2_pin_level"": ""Low"", ""Node_type"": ""PS-LB"", ""Probe_mod"": 0, ""VDC_intput_V"": 0, ""Water_deep_cm"": 0.138}"
2025-10-01 05:32:27.053544276+00:00,ps-lb-18,2,-38,8.75,"{""Bat_V"": 3.606, ""Exti_pin_level"": ""Low"", ""Exti_status"": ""False"", ""IDC_intput_mA"": 4.01, ""IN1_pin_level"": ""Low"", ""IN2_pin_level"": ""Low"", ""Node_type"": ""PS-LB"", ""Probe_mod"": 0, ""VDC_intput_V"": 0, ""Water_deep_cm"": 0.125}"
2025-10-01 06:32:26.341180128+00:00,ps-lb-18,2,-75,9.75,"{""Bat_V"": 3.606, ""Exti_pin_level"": ""Low"", ""Exti_status"": ""False"", ""IDC_intput_mA"": 4.001, ""IN1_pin_level"": ""Low"", ""IN2_pin_level"": ""Low"", ""Node_type"": ""PS-LB"", ""Probe_mod"": 0, ""VDC_intput_V"": 0, ""Water_deep_cm"": 0.013}"
2025-10-01 07:32:25.639786704+00:00,ps-lb-18,2,-77,10.25,"{""Bat_V"": 3.6, ""Exti_pin_level"": ""Low"", ""Exti_status"": ""False"", ""IDC_intput_mA"": 7.467, ""IN1_pin_level"": ""Low"", ""IN2_pin_level"": ""Low"", ""Node_type"": ""PS-LB"", ""Probe_mod"": 0, ""VDC_intput_V"": 0, ""Water_deep_cm"": 43.337}"
2025-10-01 08:32:24.951696769+00:00,ps-lb-18,2,-75,7.25,"{""Bat_V"": 3.6, ""Exti_pin_level"": ""Low"", ""Exti_status"": ""False"", ""IDC_intput_mA"": 7.477, ""IN1_pin_level"": ""Low"", ""IN2_pin_level"": ""Low"", ""Node_type"": ""PS-LB"", ""Probe_mod"": 0, ""VDC_intput_V"": 0, ""Water_deep_cm"": 43.463}"
2025-10-01 09:32:24.209812885+00:00,ps-lb-18,2,-118,-4.0,"{""Bat_V"": 3.6, ""Exti_pin_level"": ""Low"", ""Exti_status"": ""False"", ""IDC_intput_mA"": 7.471, ""IN1_pin_level"": ""Low"", ""IN2_pin_level"": ""Low"", ""Node_type"": ""PS-LB"", ""Probe_mod"": 0, ""VDC_intput_V"": 0, ""Water_deep_cm"": 43.388}"
2025-10-01 10:32:23.533351967+00:00,ps-lb-18,2,-75,9.75,"{""Bat_V"": 3.6, ""Exti_pin_level"": ""Low"", ""Exti_status"": ""False"", ""IDC_intput_mA"": 7.466, ""IN1_pin_level"": ""Low"", ""IN2_pin_level"": ""Low"", ""Node_type"": ""PS-LB"", ""Probe_mod"": 0, ""VDC_intput_V"": 0, ""Water_deep_cm"": 43.325}"
2025-10-01 11:32:22.826786026+00:00,ps-lb-18,2,-73,9.75,"{""Bat_V"": 3.6, ""Exti_pin_level"": ""Low"", ""Exti_status"": ""False"", ""IDC_intput_mA"": 7.465, ""IN1_pin_level"": ""Low"", ""IN2_pin_level"": ""Low"", ""Node_type"": ""PS-LB"", ""Probe_mod"": 0, ""VDC_intput_V"": 0, ""Water_deep_cm"": 43.313}"
2025-10-01 12:32:22.114388545+00:00,ps-lb-18,2,-115,0.75,"{""Bat_V"": 3.6, ""Exti_pin_level"": ""Low"", ""Exti_status"": ""False"", ""IDC_intput_mA"": 7.462, ""IN1_pin_level"": ""Low"", ""IN2_pin_level"": ""Low"", ""Node_type"": ""PS-LB"", ""Probe_mod"": 0, ""VDC_intput_V"": 0, ""Water_deep_cm"": 43.275}"
2025-10-01 13:32:21.393128436+00:00,ps-lb-18,2,-118,-3.0,"{""Bat_V"": 3.6, ""Exti_pin_level"": ""Low"", ""Exti_status"": ""False"", ""IDC_intput_mA"": 7.496, ""IN1_pin_level"": ""Low"", ""IN2_pin_level"": ""Low"", ""Node_type"": ""PS-LB"", ""Probe_mod"": 0, ""VDC_intput_V"": 0, ""Water_deep_cm"": 43.7}"
2025-10-01 14:32:20.677766858+00:00,ps-lb-18,2,-75,9.5,"{""Bat_V"": 3.6, ""Exti_pin_level"": ""Low"", ""Exti_status"": ""False"", ""IDC_intput_mA"": 7.515, ""IN1_pin_level"": ""Low"", ""IN2_pin_level"": ""Low"", ""Node_type"": ""PS-LB"", ""Probe_mod"": 0, ""VDC_intput_V"": 0, ""Water_deep_cm"": 43.937}"
2025-10-01 15:32:19.974129343+00:00,ps-lb-18,2,-77,10.0,"{""Bat_V"": 3.6, ""Exti_pin_level"": ""Low"", ""Exti_status"": ""False"", ""IDC_intput_mA"": 7.509, ""IN1_pin_level"": ""Low"", ""IN2_pin_level"": ""Low"", ""Node_type"": ""PS-LB"", ""Probe_mod"": 0, ""VDC_intput_V"": 0, ""Water_deep_cm"": 43.863}"
2025-10-01 16:32:19.259456131+00:00,ps-lb-18,2,-115,-8.25,"{""Bat_V"": 3.6, ""Exti_pin_level"": ""Low"", ""Exti_status"": ""False"", ""IDC_intput_mA"": 7.505, ""IN1_pin_level"": ""Low"", ""IN2_pin_level"": ""Low"", ""Node_type"": ""PS-LB"", ""Probe_mod"": 0, ""VDC_intput_V"": 0, ""Water_deep_cm"": 43.813}"
2025-10-01 17:32:18.554772840+00:00,ps-lb-18,2,-99,-5.75,"{""Bat_V"": 3.6, ""Exti_pin_level"": ""Low"", ""Exti_status"": ""False"", ""IDC_intput_mA"": 3.976, ""IN1_pin_level"": ""Low"", ""IN2_pin_level"": ""Low"", ""Node_type"": ""PS-LB"", ""Probe_mod"": 0, ""VDC_intput_V"": 0, ""Water_deep_cm"": 0}"
2025-10-01 18:32:17.856151927+00:00,ps-lb-18,2,-97,-4.25,"{""Bat_V"": 3.6, ""Exti_pin_level"": ""Low"", ""Exti_status"": ""False"", ""IDC_intput_mA"": 3.99, ""IN1_pin_level"": ""Low"", ""IN2_pin_level"": ""Low"", ""Node_type"": ""PS-LB"", ""Probe_mod"": 0, ""VDC_intput_V"": 0, ""Water_deep_cm"": 0}"
2025-10-01 19:32:17.107031160+00:00,ps-lb-18,2,-95,0.25,"{""Bat_V"": 3.6, ""Exti_pin_level"": ""Low"", ""Exti_status"": ""False"", ""IDC_intput_mA"": 3.996, ""IN1_pin_level"": ""Low"", ""IN2_pin_level"": ""Low"", ""Node_type"": ""PS-LB"", ""Probe_mod"": 0, ""VDC_intput_V"": 0, ""Water_deep_cm"": 0}"
2025-10-01 20:32:16.392473947+00:00,ps-lb-18,2,-90,4.5,"{""Bat_V"": 3.6, ""Exti_pin_level"": ""Low"", ""Exti_status"": ""False"", ""IDC_intput_mA"": 4, ""IN1_pin_level"": ""Low"", ""IN2_pin_level"": ""Low"", ""Node_type"": ""PS-LB"", ""Probe_mod"": 0, ""VDC_intput_V"": 0, ""Water_deep_cm"": 0}"
2025-10-01 21:32:15.661616536+00:00,ps-lb-18,2,-122,-6.25,"{""Bat_V"": 3.6, ""Exti_pin_level"": ""Low"", ""Exti_status"": ""False"", ""IDC_intput_mA"": 4.002, ""IN1_pin_level"": ""Low"", ""IN2_pin_level"": ""Low"", ""Node_type"": ""PS-LB"", ""Probe_mod"": 0, ""VDC_intput_V"": 0, ""Water_deep_cm"": 0.025}"
2025-10-01 22:32:14.933363262+00:00,ps-lb-18,2,-93,4.25,"{""Bat_V"": 3.6, ""Exti_pin_level"": ""Low"", ""Exti_status"": ""False"", ""IDC_intput_mA"": 4.004, ""IN1_pin_level"": ""Low"", ""IN2_pin_level"": ""Low"", ""Node_type"": ""PS-LB"", ""Probe_mod"": 0, ""VDC_intput_V"": 0, ""Water_deep_cm"": 0.05}"
2025-10-01 23:32:14.212536360+00:00,ps-lb-18,2,-122,-7.0,"{""Bat_V"": 3.6, ""Exti_pin_level"": ""Low"", ""Exti_status"": ""False"", ""IDC_intput_mA"": 4.005, ""IN1_pin_level"": ""Low"", ""IN2_pin_level"": ""Low"", ""Node_type"": ""PS-LB"", ""Probe_mod"": 0, ""VDC_intput_V"": 0, ""Water_deep_cm"": 0.062}"
2025-10-02 00:32:13.499746237+00:00,ps-lb-18,2,-101,-1.5,"{""Bat_V"": 3.606, ""Exti_pin_level"": ""Low"", ""Exti_status"": ""False"", ""IDC_intput_mA"": 4.005, ""IN1_pin_level"": ""Low"", ""IN2_pin_level"": ""Low"", ""Node_type"": ""PS-LB"", ""Probe_mod"": 0, ""VDC_intput_V"": 0, ""Water_deep_cm"": 0.062}"
2025-10-02 01:32:12.760501678+00:00,ps-lb-18,2,-95,1.25,"{""Bat_V"": 3.6, ""Exti_pin_level"": ""Low"", ""Exti_status"": ""False"", ""IDC_intput_mA"": 4.005, ""IN1_pin_level"": ""Low"", ""IN2_pin_level"": ""Low"", ""Node_type"": ""PS-LB"", ""Probe_mod"": 0, ""VDC_intput_V"": 0, ""Water_deep_cm"": 0.062}"
2025-10-02 02:32:12.034524003+00:00,ps-lb-18,2,-122,-7.0,"{""Bat_V"": 3.6, ""Exti_pin_level"": ""Low"", ""Exti_status"": ""False"", ""IDC_intput_mA"": 4.006, ""IN1_pin_level"": ""Low"", ""IN2_pin_level"": ""Low"", ""Node_type"": ""PS-LB"", ""Probe_mod"": 0, ""VDC_intput_V"": 0, ""Water_deep_cm"": 0.075}"
2025-10-02 03:32:11.314347072+00:00,ps-lb-18,2,-93,4.5,"{""Bat_V"": 3.6, ""Exti_pin_level"": ""Low"", ""Exti_status"": ""False"", ""IDC_intput_mA"": 4.005, ""IN1_pin_level"": ""Low"", ""IN2_pin_level"": ""Low"", ""Node_type"": ""PS-LB"", ""Probe_mod"": 0, ""VDC_intput_V"": 0, ""Water_deep_cm"": 0.062}"
2025-10-02 04:32:10.610224909+00:00,ps-lb-18,2,-92,2.25,"{""Bat_V"": 3.6, ""Exti_pin_level"": ""Low"", ""Exti_status"": ""False"", ""IDC_intput_mA"": 4.006, ""IN1_pin_level"": ""Low"", ""IN2_pin_level"": ""Low"", ""Node_type"": ""PS-LB"", ""Probe_mod"": 0, ""VDC_intput_V"": 0, ""Water_deep_cm"": 0.075}"
2025-10-02 05:32:09.863125379+00:00,ps-lb-18,2,-93,3.0,"{""Bat_V"": 3.606, ""Exti_pin_level"": ""Low"", ""Exti_status"": ""False"", ""IDC_intput_mA"": 4.005, ""IN1_pin_level"": ""Low"", ""IN2_pin_level"": ""Low"", ""Node_type"": ""PS-LB"", ""Probe_mod"": 0, ""VDC_intput_V"": 0, ""Water_deep_cm"": 0.062}"
2025-10-02 06:32:09.148435160+00:00,ps-lb-18,2,-79,9.0,"{""Bat_V"": 3.606, ""Exti_pin_level"": ""Low"", ""Exti_status"": ""False"", ""IDC_intput_mA"": 4.014, ""IN1_pin_level"": ""Low"", ""IN2_pin_level"": ""Low"", ""Node_type"": ""PS-LB"", ""Probe_mod"": 0, ""VDC_intput_V"": 0, ""Water_deep_cm"": 0.175}"
2025-10-02 07:32:08.452056140+00:00,ps-lb-18,2,-115,0.25,"{""Bat_V"": 3.6, ""Exti_pin_level"": ""Low"", ""Exti_status"": ""False"", ""IDC_intput_mA"": 7.484, ""IN1_pin_level"": ""Low"", ""IN2_pin_level"": ""Low"", ""Node_type"": ""PS-LB"", ""Probe_mod"": 0, ""VDC_intput_V"": 0, ""Water_deep_cm"": 43.55}"
2025-10-02 08:32:07.764762549+00:00,ps-lb-18,2,-123,-8.25,"{""Bat_V"": 3.6, ""Exti_pin_level"": ""Low"", ""Exti_status"": ""False"", ""IDC_intput_mA"": 7.481, ""IN1_pin_level"": ""Low"", ""IN2_pin_level"": ""Low"", ""Node_type"": ""PS-LB"", ""Probe_mod"": 0, ""VDC_intput_V"": 0, ""Water_deep_cm"": 43.512}"
2025-10-02 09:32:07.066825571+00:00,ps-lb-18,2,-116,-1.75,"{""Bat_V"": 3.6, ""Exti_pin_level"": ""Low"", ""Exti_status"": ""False"", ""IDC_intput_mA"": 7.484, ""IN1_pin_level"": ""Low"", ""IN2_pin_level"": ""Low"", ""Node_type"": ""PS-LB"", ""Probe_mod"": 0, ""VDC_intput_V"": 0, ""Water_deep_cm"": 43.55}"
2025-10-02 10:32:06.369960678+00:00,ps-lb-18,2,-76,9.5,"{""Bat_V"": 3.6, ""Exti_pin_level"": ""Low"", ""Exti_status"": ""False"", ""IDC_intput_mA"": 7.485, ""IN1_pin_level"": ""Low"", ""IN2_pin_level"": ""Low"", ""Node_type"": ""PS-LB"", ""Probe_mod"": 0, ""VDC_intput_V"": 0, ""Water_deep_cm"": 43.563}"
2025-10-02 11:32:05.649995929+00:00,ps-lb-18,2,-113,1.5,"{""Bat_V"": 3.6, ""Exti_pin_level"": ""Low"", ""Exti_status"": ""False"", ""IDC_intput_mA"": 7.484, ""IN1_pin_level"": ""Low"", ""IN2_pin_level"": ""Low"", ""Node_type"": ""PS-LB"", ""Probe_mod"": 0, ""VDC_intput_V"": 0, ""Water_deep_cm"": 43.55}"
2025-10-02 13:32:04.236575335+00:00,ps-lb-18,2,-110,5.5,"{""Bat_V"": 3.6, ""Exti_pin_level"": ""Low"", ""Exti_status"": ""False"", ""IDC_intput_mA"": 7.536, ""IN1_pin_level"": ""Low"", ""IN2_pin_level"": ""Low"", ""Node_type"": ""PS-LB"", ""Probe_mod"": 0, ""VDC_intput_V"": 0, ""Water_deep_cm"": 44.2}"
2025-10-02 14:32:03.532508837+00:00,ps-lb-18,2,-77,9.25,"{""Bat_V"": 3.6, ""Exti_pin_level"": ""Low"", ""Exti_status"": ""False"", ""IDC_intput_mA"": 7.538, ""IN1_pin_level"": ""Low"", ""IN2_pin_level"": ""Low"", ""Node_type"": ""PS-LB"", ""Probe_mod"": 0, ""VDC_intput_V"": 0, ""Water_deep_cm"": 44.225}"
2025-10-02 15:32:02.825698448+00:00,ps-lb-18,2,-124,-8.5,"{""Bat_V"": 3.594, ""Exti_pin_level"": ""Low"", ""Exti_status"": ""False"", ""IDC_intput_mA"": 7.535, ""IN1_pin_level"": ""Low"", ""IN2_pin_level"": ""Low"", ""Node_type"": ""PS-LB"", ""Probe_mod"": 0, ""VDC_intput_V"": 0, ""Water_deep_cm"": 44.188}"
2025-10-02 16:32:02.093664329+00:00,ps-lb-18,2,-95,5.0,"{""Bat_V"": 3.6, ""Exti_pin_level"": ""Low"", ""Exti_status"": ""False"", ""IDC_intput_mA"": 3.988, ""IN1_pin_level"": ""Low"", ""IN2_pin_level"": ""Low"", ""Node_type"": ""PS-LB"", ""Probe_mod"": 0, ""VDC_intput_V"": 0, ""Water_deep_cm"": 0}"
2025-10-02 17:32:01.360523692+00:00,ps-lb-18,2,-96,,"{""Bat_V"": 3.6, ""Exti_pin_level"": ""Low"", ""Exti_status"": ""False"", ""IDC_intput_mA"": 4.032, ""IN1_pin_level"": ""Low"", ""IN2_pin_level"": ""Low"", ""Node_type"": ""PS-LB"", ""Probe_mod"": 0, ""VDC_intput_V"": 0, ""Water_deep_cm"": 0.4}"
2025-10-02 18:32:00.640089288+00:00,ps-lb-18,2,-96,3.5,"{""Bat_V"": 3.606, ""Exti_pin_level"": ""Low"", ""Exti_status"": ""False"", ""IDC_intput_mA"": 4.012, ""IN1_pin_level"": ""Low"", ""IN2_pin_level"": ""Low"", ""Node_type"": ""PS-LB"", ""Probe_mod"": 0, ""VDC_intput_V"": 0, ""Water_deep_cm"": 0.15}"
2025-10-02 19:31:59.914121871+00:00,ps-lb-18,2,-93,1.25,"{""Bat_V"": 3.6, ""Exti_pin_level"": ""Low"", ""Exti_status"": ""False"", ""IDC_intput_mA"": 4.014, ""IN1_pin_level"": ""Low"", ""IN2_pin_level"": ""Low"", ""Node_type"": ""PS-LB"", ""Probe_mod"": 0, ""VDC_intput_V"": 0, ""Water_deep_cm"": 0.175}"
2025-10-02 20:31:59.193535220+00:00,ps-lb-18,2,-92,3.0,"{""Bat_V"": 3.606, ""Exti_pin_level"": ""Low"", ""Exti_status"": ""False"", ""IDC_intput_mA"": 4.016, ""IN1_pin_level"": ""Low"", ""IN2_pin_level"": ""Low"", ""Node_type"": ""PS-LB"", ""Probe_mod"": 0, ""VDC_intput_V"": 0, ""Water_deep_cm"": 0.2}"
2025-10-02 21:31:58.464153203+00:00,ps-lb-18,2,-93,4.25,"{""Bat_V"": 3.606, ""Exti_pin_level"": ""Low"", ""Exti_status"": ""False"", ""IDC_intput_mA"": 4.016, ""IN1_pin_level"": ""Low"", ""IN2_pin_level"": ""Low"", ""Node_type"": ""PS-LB"", ""Probe_mod"": 0, ""VDC_intput_V"": 0, ""Water_deep_cm"": 0.2}"
2025-10-02 22:31:57.732769578+00:00,ps-lb-18,2,-97,-0.5,"{""Bat_V"": 3.6, ""Exti_pin_level"": ""Low"", ""Exti_status"": ""False"", ""IDC_intput_mA"": 4.016, ""IN1_pin_level"": ""Low"", ""IN2_pin_level"": ""Low"", ""Node_type"": ""PS-LB"", ""Probe_mod"": 0, ""VDC_intput_V"": 0, ""Water_deep_cm"": 0.2}"
2025-10-02 23:31:57.008243191+00:00,ps-lb-18,2,-96,2.75,"{""Bat_V"": 3.606, ""Exti_pin_level"": ""Low"", ""Exti_status"": ""False"", ""IDC_intput_mA"": 4.016, ""IN1_pin_level"": ""Low"", ""IN2_pin_level"": ""Low"", ""Node_type"": ""PS-LB"", ""Probe_mod"": 0, ""VDC_intput_V"": 0, ""Water_deep_cm"": 0.2}"
2025-10-03 00:31:56.269295476+00:00,ps-lb-18,2,-97,2.5,"{""Bat_V"": 3.6, ""Exti_pin_level"": ""Low"", ""Exti_status"": ""False"", ""IDC_intput_mA"": 4.016, ""IN1_pin_level"": ""Low"", ""IN2_pin_level"": ""Low"", ""Node_type"": ""PS-LB"", ""Probe_mod"": 0, ""VDC_intput_V"": 0, ""Water_deep_cm"": 0.2}"
2025-10-03 01:31:55.544196156+00:00,ps-lb-18,2,-91,5.0,"{""Bat_V"": 3.606, ""Exti_pin_level"": ""Low"", ""Exti_status"": ""False"", ""IDC_intput_mA"": 4.017, ""IN1_pin_level"": ""Low"", ""IN2_pin_level"": ""Low"", ""Node_type"": ""PS-LB"", ""Probe_mod"": 0, ""VDC_intput_V"": 0, ""Water_deep_cm"": 0.213}"
2025-10-03 02:31:54.820688245+00:00,ps-lb-18,2,-93,2.25,"{""Bat_V"": 3.606, ""Exti_pin_level"": ""Low"", ""Exti_status"": ""False"", ""IDC_intput_mA"": 4.016, ""IN1_pin_level"": ""Low"", ""IN2_pin_level"": ""Low"", ""Node_type"": ""PS-LB"", ""Probe_mod"": 0, ""VDC_intput_V"": 0, ""Water_deep_cm"": 0.2}"
2025-10-03 03:31:54.145577711+00:00,ps-lb-18,2,-89,4.5,"{""Bat_V"": 3.606, ""Exti_pin_level"": ""Low"", ""Exti_status"": ""False"", ""IDC_intput_mA"": 4.016, ""IN1_pin_level"": ""Low"", ""IN2_pin_level"": ""Low"", ""Node_type"": ""PS-LB"", ""Probe_mod"": 0, ""VDC_intput_V"": 0, ""Water_deep_cm"": 0.2}"
2025-10-03 04:31:53.378402283+00:00,ps-lb-18,2,-93,2.25,"{""Bat_V"": 3.606, ""Exti_pin_level"": ""Low"", ""Exti_status"": ""False"", ""IDC_intput_mA"": 4.016, ""IN1_pin_level"": ""Low"", ""IN2_pin_level"": ""Low"", ""Node_type"": ""PS-LB"", ""Probe_mod"": 0, ""VDC_intput_V"": 0, ""Water_deep_cm"": 0.2}"
2025-10-03 05:31:52.626354704+00:00,ps-lb-18,2,-92,5.25,"{""Bat_V"": 3.6, ""Exti_pin_level"": ""Low"", ""Exti_status"": ""False"", ""IDC_intput_mA"": 4.016, ""IN1_pin_level"": ""Low"", ""IN2_pin_level"": ""Low"", ""Node_type"": ""PS-LB"", ""Probe_mod"": 0, ""VDC_intput_V"": 0, ""Water_deep_cm"": 0.2}"
2025-10-03 06:31:51.910593954+00:00,ps-lb-18,2,-93,4.5,"{""Bat_V"": 3.606, ""Exti_pin_level"": ""Low"", ""Exti_status"": ""False"", ""IDC_intput_mA"": 4.016, ""IN1_pin_level"": ""Low"", ""IN2_pin_level"": ""Low"", ""Node_type"": ""PS-LB"", ""Probe_mod"": 0, ""VDC_intput_V"": 0, ""Water_deep_cm"": 0.2}"
2025-10-03 07:31:51.167800211+00:00,ps-lb-18,2,-94,4.5,"{""Bat_V"": 3.606, ""Exti_pin_level"": ""Low"", ""Exti_status"": ""False"", ""IDC_intput_mA"": 4.016, ""IN1_pin_level"": ""Low"", ""IN2_pin_level"": ""Low"", ""Node_type"": ""PS-LB"", ""Probe_mod"": 0, ""VDC_intput_V"": 0, ""Water_deep_cm"": 0.2}"
2025-10-03 08:31:50.462982323+00:00,ps-lb-18,2,-95,4.5,"{""Bat_V"": 3.606, ""Exti_pin_level"": ""Low"", ""Exti_status"": ""False"", ""IDC_intput_mA"": 4.015, ""IN1_pin_level"": ""Low"", ""IN2_pin_level"": ""Low"", ""Node_type"": ""PS-LB"", ""Probe_mod"": 0, ""VDC_intput_V"": 0, ""Water_deep_cm"": 0.187}"
2025-10-03 09:31:49.723975019+00:00,ps-lb-18,2,-96,,"{""Bat_V"": 3.606, ""Exti_pin_level"": ""Low"", ""Exti_status"": ""False"", ""IDC_intput_mA"": 4.016, ""IN1_pin_level"": ""Low"", ""IN2_pin_level"": ""Low"", ""Node_type"": ""PS-LB"", ""Probe_mod"": 0, ""VDC_intput_V"": 0, ""Water_deep_cm"": 0.2}"
2025-10-03 10:31:48.988308170+00:00,ps-lb-18,2,-95,1.75,"{""Bat_V"": 3.606, ""Exti_pin_level"": ""Low"", ""Exti_status"": ""False"", ""IDC_intput_mA"": 4.016, ""IN1_pin_level"": ""Low"", ""IN2_pin_level"": ""Low"", ""Node_type"": ""PS-LB"", ""Probe_mod"": 0, ""VDC_intput_V"": 0, ""Water_deep_cm"": 0.2}"
2025-10-03 11:31:48.284638793+00:00,ps-lb-18,2,-96,1.75,"{""Bat_V"": 3.606, ""Exti_pin_level"": ""Low"", ""Exti_status"": ""False"", ""IDC_intput_mA"": 4.016, ""IN1_pin_level"": ""Low"", ""IN2_pin_level"": ""Low"", ""Node_type"": ""PS-LB"", ""Probe_mod"": 0, ""VDC_intput_V"": 0, ""Water_deep_cm"": 0.2}"
2025-10-03 12:31:47.535912377+00:00,ps-lb-18,2,-96,-7.0,"{""Bat_V"": 3.606, ""Exti_pin_level"": ""Low"", ""Exti_status"": ""False"", ""IDC_intput_mA"": 4.016, ""IN1_pin_level"": ""Low"", ""IN2_pin_level"": ""Low"", ""Node_type"": ""PS-LB"", ""Probe_mod"": 0, ""VDC_intput_V"": 0, ""Water_deep_cm"": 0.2}"
2025-10-03 13:31:46.814158354+00:00,ps-lb-18,2,-95,2.0,"{""Bat_V"": 3.606, ""Exti_pin_level"": ""Low"", ""Exti_status"": ""False"", ""IDC_intput_mA"": 4.017, ""IN1_pin_level"": ""Low"", ""IN2_pin_level"": ""Low"", ""Node_type"": ""PS-LB"", ""Probe_mod"": 0, ""VDC_intput_V"": 0, ""Water_deep_cm"": 0.213}"
2025-10-03 14:31:46.082953061+00:00,ps-lb-18,2,-124,-7.5,"{""Bat_V"": 3.606, ""Exti_pin_level"": ""Low"", ""Exti_status"": ""False"", ""IDC_intput_mA"": 4.017, ""IN1_pin_level"": ""Low"", ""IN2_pin_level"": ""Low"", ""Node_type"": ""PS-LB"", ""Probe_mod"": 0, ""VDC_intput_V"": 0, ""Water_deep_cm"": 0.213}"
2025-10-03 15:31:45.348160613+00:00,ps-lb-18,2,-98,-0.5,"{""Bat_V"": 3.606, ""Exti_pin_level"": ""Low"", ""Exti_status"": ""False"", ""IDC_intput_mA"": 4.018, ""IN1_pin_level"": ""Low"", ""IN2_pin_level"": ""Low"", ""Node_type"": ""PS-LB"", ""Probe_mod"": 0, ""VDC_intput_V"": 0, ""Water_deep_cm"": 0.225}"
2025-10-03 16:31:44.641669051+00:00,ps-lb-18,2,-94,1.5,"{""Bat_V"": 3.606, ""Exti_pin_level"": ""Low"", ""Exti_status"": ""False"", ""IDC_intput_mA"": 4.018, ""IN1_pin_level"": ""Low"", ""IN2_pin_level"": ""Low"", ""Node_type"": ""PS-LB"", ""Probe_mod"": 0, ""VDC_intput_V"": 0, ""Water_deep_cm"": 0.225}"
2025-10-03 17:31:43.909825949+00:00,ps-lb-18,2,-92,1.75,"{""Bat_V"": 3.606, ""Exti_pin_level"": ""Low"", ""Exti_status"": ""False"", ""IDC_intput_mA"": 4.018, ""IN1_pin_level"": ""Low"", ""IN2_pin_level"": ""Low"", ""Node_type"": ""PS-LB"", ""Probe_mod"": 0, ""VDC_intput_V"": 0, ""Water_deep_cm"": 0.225}"
2025-10-03 18:31:43.190421576+00:00,ps-lb-18,2,-96,3.75,"{""Bat_V"": 3.606, ""Exti_pin_level"": ""Low"", ""Exti_status"": ""False"", ""IDC_intput_mA"": 4.018, ""IN1_pin_level"": ""Low"", ""IN2_pin_level"": ""Low"", ""Node_type"": ""PS-LB"", ""Probe_mod"": 0, ""VDC_intput_V"": 0, ""Water_deep_cm"": 0.225}"
2025-10-03 19:31:42.451821994+00:00,ps-lb-18,2,-96,3.25,"{""Bat_V"": 3.606, ""Exti_pin_level"": ""Low"", ""Exti_status"": ""False"", ""IDC_intput_mA"": 4.017, ""IN1_pin_level"": ""Low"", ""IN2_pin_level"": ""Low"", ""Node_type"": ""PS-LB"", ""Probe_mod"": 0, ""VDC_intput_V"": 0, ""Water_deep_cm"": 0.213}"
2025-10-03 20:31:41.714043086+00:00,ps-lb-18,2,-95,,"{""Bat_V"": 3.606, ""Exti_pin_level"": ""Low"", ""Exti_status"": ""False"", ""IDC_intput_mA"": 4.017, ""IN1_pin_level"": ""Low"", ""IN2_pin_level"": ""Low"", ""Node_type"": ""PS-LB"", ""Probe_mod"": 0, ""VDC_intput_V"": 0, ""Water_deep_cm"": 0.213}"
2025-10-03 21:31:40.991641737+00:00,ps-lb-18,2,-97,2.5,"{""Bat_V"": 3.606, ""Exti_pin_level"": ""Low"", ""Exti_status"": ""False"", ""IDC_intput_mA"": 4.018, ""IN1_pin_level"": ""Low"", ""IN2_pin_level"": ""Low"", ""Node_type"": ""PS-LB"", ""Probe_mod"": 0, ""VDC_intput_V"": 0, ""Water_deep_cm"": 0.225}"
2025-10-03 22:31:40.261580550+00:00,ps-lb-18,2,-95,1.75,"{""Bat_V"": 3.606, ""Exti_pin_level"": ""Low"", ""Exti_status"": ""False"", ""IDC_intput_mA"": 4.017, ""IN1_pin_level"": ""Low"", ""IN2_pin_level"": ""Low"", ""Node_type"": ""PS-LB"", ""Probe_mod"": 0, ""VDC_intput_V"": 0, ""Water_deep_cm"": 0.213}"
2025-10-03 23:31:39.533161439+00:00,ps-lb-18,2,-97,1.75,"{""Bat_V"": 3.606, ""Exti_pin_level"": ""Low"", ""Exti_status"": ""False"", ""IDC_intput_mA"": 4.017, ""IN1_pin_level"": ""Low"", ""IN2_pin_level"": ""Low"", ""Node_type"": ""PS-LB"", ""Probe_mod"": 0, ""VDC_intput_V"": 0, ""Water_deep_cm"": 0.213}"
2025-10-04 00:31:38.805867638+00:00,ps-lb-18,2,-97,1.75,"{""Bat_V"": 3.606, ""Exti_pin_level"": ""Low"", ""Exti_status"": ""False"", ""IDC_intput_mA"": 4.017, ""IN1_pin_level"": ""Low"", ""IN2_pin_level"": ""Low"", ""Node_type"": ""PS-LB"", ""Probe_mod"": 0, ""VDC_intput_V"": 0, ""Water_deep_cm"": 0.213}"
2025-10-04 01:31:38.075877714+00:00,ps-lb-18,2,-97,-5.0,"{""Bat_V"": 3.606, ""Exti_pin_level"": ""Low"", ""Exti_status"": ""False"", ""IDC_intput_mA"": 4.017, ""IN1_pin_level"": ""Low"", ""IN2_pin_level"": ""Low"", ""Node_type"": ""PS-LB"", ""Probe_mod"": 0, ""VDC_intput_V"": 0, ""Water_deep_cm"": 0.213}"
2025-10-04 02:31:37.354288776+00:00,ps-lb-18,2,-96,0.5,"{""Bat_V"": 3.606, ""Exti_pin_level"": ""Low"", ""Exti_status"": ""False"", ""IDC_intput_mA"": 4.016, ""IN1_pin_level"": ""Low"", ""IN2_pin_level"": ""Low"", ""Node_type"": ""PS-LB"", ""Probe_mod"": 0, ""VDC_intput_V"": 0, ""Water_deep_cm"": 0.2}"
2025-10-04 03:31:36.627547840+00:00,ps-lb-18,2,-94,3.5,"{""Bat_V"": 3.606, ""Exti_pin_level"": ""Low"", ""Exti_status"": ""False"", ""IDC_intput_mA"": 4.016, ""IN1_pin_level"": ""Low"", ""IN2_pin_level"": ""Low"", ""Node_type"": ""PS-LB"", ""Probe_mod"": 0, ""VDC_intput_V"": 0, ""Water_deep_cm"": 0.2}"
2025-10-04 04:31:35.905765107+00:00,ps-lb-18,2,-96,,"{""Bat_V"": 3.606, ""Exti_pin_level"": ""Low"", ""Exti_status"": ""False"", ""IDC_intput_mA"": 4.016, ""IN1_pin_level"": ""Low"", ""IN2_pin_level"": ""Low"", ""Node_type"": ""PS-LB"", ""Probe_mod"": 0, ""VDC_intput_V"": 0, ""Water_deep_cm"": 0.2}"
2025-10-04 05:31:35.180663371+00:00,ps-lb-18,2,-101,-4.75,"{""Bat_V"": 3.606, ""Exti_pin_level"": ""Low"", ""Exti_status"": ""False"", ""IDC_intput_mA"": 4.017, ""IN1_pin_level"": ""Low"", ""IN2_pin_level"": ""Low"", ""Node_type"": ""PS-LB"", ""Probe_mod"": 0, ""VDC_intput_V"": 0, ""Water_deep_cm"": 0.213}"
2025-10-04 06:31:34.459393481+00:00,ps-lb-18,2,-102,-7.25,"{""Bat_V"": 3.606, ""Exti_pin_level"": ""Low"", ""Exti_status"": ""False"", ""IDC_intput_mA"": 4.016, ""IN1_pin_level"": ""Low"", ""IN2_pin_level"": ""Low"", ""Node_type"": ""PS-LB"", ""Probe_mod"": 0, ""VDC_intput_V"": 0, ""Water_deep_cm"": 0.2}"
2025-10-04 07:31:33.737096805+00:00,ps-lb-18,2,-96,1.5,"{""Bat_V"": 3.606, ""Exti_pin_level"": ""Low"", ""Exti_status"": ""False"", ""IDC_intput_mA"": 4.017, ""IN1_pin_level"": ""Low"", ""IN2_pin_level"": ""Low"", ""Node_type"": ""PS-LB"", ""Probe_mod"": 0, ""VDC_intput_V"": 0, ""Water_deep_cm"": 0.213}"
2025-10-04 08:31:32.999381321+00:00,ps-lb-18,2,-96,0.75,"{""Bat_V"": 3.606, ""Exti_pin_level"": ""Low"", ""Exti_status"": ""False"", ""IDC_intput_mA"": 4.017, ""IN1_pin_level"": ""Low"", ""IN2_pin_level"": ""Low"", ""Node_type"": ""PS-LB"", ""Probe_mod"": 0, ""VDC_intput_V"": 0, ""Water_deep_cm"": 0.213}"
2025-10-04 09:31:32.265579528+00:00,ps-lb-18,2,-91,1.5,"{""Bat_V"": 3.606, ""Exti_pin_level"": ""Low"", ""Exti_status"": ""False"", ""IDC_intput_mA"": 4.018, ""IN1_pin_level"": ""Low"", ""IN2_pin_level"": ""Low"", ""Node_type"": ""PS-LB"", ""Probe_mod"": 0, ""VDC_intput_V"": 0, ""Water_deep_cm"": 0.225}"
2025-10-04 10:31:31.567649417+00:00,ps-lb-18,2,-97,3.25,"{""Bat_V"": 3.606, ""Exti_pin_level"": ""Low"", ""Exti_status"": ""False"", ""IDC_intput_mA"": 4.018, ""IN1_pin_level"": ""Low"", ""IN2_pin_level"": ""Low"", ""Node_type"": ""PS-LB"", ""Probe_mod"": 0, ""VDC_intput_V"": 0, ""Water_deep_cm"": 0.225}"
2025-10-04 11:31:30.832545929+00:00,ps-lb-18,2,-93,5.5,"{""Bat_V"": 3.606, ""Exti_pin_level"": ""Low"", ""Exti_status"": ""False"", ""IDC_intput_mA"": 4.017, ""IN1_pin_level"": ""Low"", ""IN2_pin_level"": ""Low"", ""Node_type"": ""PS-LB"", ""Probe_mod"": 0, ""VDC_intput_V"": 0, ""Water_deep_cm"": 0.213}"
2025-10-04 12:31:30.106083042+00:00,ps-lb-18,2,-99,1.5,"{""Bat_V"": 3.606, ""Exti_pin_level"": ""Low"", ""Exti_status"": ""False"", ""IDC_intput_mA"": 4.018, ""IN1_pin_level"": ""Low"", ""IN2_pin_level"": ""Low"", ""Node_type"": ""PS-LB"", ""Probe_mod"": 0, ""VDC_intput_V"": 0, ""Water_deep_cm"": 0.225}"
2025-10-04 13:31:29.369590237+00:00,ps-lb-18,2,-98,1.75,"{""Bat_V"": 3.606, ""Exti_pin_level"": ""Low"", ""Exti_status"": ""False"", ""IDC_intput_mA"": 4.018, ""IN1_pin_level"": ""Low"", ""IN2_pin_level"": ""Low"", ""Node_type"": ""PS-LB"", ""Probe_mod"": 0, ""VDC_intput_V"": 0, ""Water_deep_cm"": 0.225}"
2025-10-04 14:31:28.639608916+00:00,ps-lb-18,2,-97,1.75,"{""Bat_V"": 3.606, ""Exti_pin_level"": ""Low"", ""Exti_status"": ""False"", ""IDC_intput_mA"": 4.017, ""IN1_pin_level"": ""Low"", ""IN2_pin_level"": ""Low"", ""Node_type"": ""PS-LB"", ""Probe_mod"": 0, ""VDC_intput_V"": 0, ""Water_deep_cm"": 0.213}"
2025-10-04 15:31:27.929603921+00:00,ps-lb-18,2,-96,4.25,"{""Bat_V"": 3.606, ""Exti_pin_level"": ""Low"", ""Exti_status"": ""False"", ""IDC_intput_mA"": 4.018, ""IN1_pin_level"": ""Low"", ""IN2_pin_level"": ""Low"", ""Node_type"": ""PS-LB"", ""Probe_mod"": 0, ""VDC_intput_V"": 0, ""Water_deep_cm"": 0.225}"
2025-10-04 16:31:27.190926532+00:00,ps-lb-18,2,-98,-6.25,"{""Bat_V"": 3.606, ""Exti_pin_level"": ""Low"", ""Exti_status"": ""False"", ""IDC_intput_mA"": 4.016, ""IN1_pin_level"": ""Low"", ""IN2_pin_level"": ""Low"", ""Node_type"": ""PS-LB"", ""Probe_mod"": 0, ""VDC_intput_V"": 0, ""Water_deep_cm"": 0.2}"
2025-10-04 17:31:26.476869722+00:00,ps-lb-18,2,-99,-1.25,"{""Bat_V"": 3.606, ""Exti_pin_level"": ""Low"", ""Exti_status"": ""False"", ""IDC_intput_mA"": 4.017, ""IN1_pin_level"": ""Low"", ""IN2_pin_level"": ""Low"", ""Node_type"": ""PS-LB"", ""Probe_mod"": 0, ""VDC_intput_V"": 0, ""Water_deep_cm"": 0.213}"
2025-10-04 18:31:25.760986300+00:00,ps-lb-18,2,-97,,"{""Bat_V"": 3.606, ""Exti_pin_level"": ""Low"", ""Exti_status"": ""False"", ""IDC_intput_mA"": 4.017, ""IN1_pin_level"": ""Low"", ""IN2_pin_level"": ""Low"", ""Node_type"": ""PS-LB"", ""Probe_mod"": 0, ""VDC_intput_V"": 0, ""Water_deep_cm"": 0.213}"
2025-10-04 19:31:25.023767245+00:00,ps-lb-18,2,-96,2.75,"{""Bat_V"": 3.606, ""Exti_pin_level"": ""Low"", ""Exti_status"": ""False"", ""IDC_intput_mA"": 4.016, ""IN1_pin_level"": ""Low"", ""IN2_pin_level"": ""Low"", ""Node_type"": ""PS-LB"", ""Probe_mod"": 0, ""VDC_intput_V"": 0, ""Water_deep_cm"": 0.2}"
2025-10-04 20:31:24.280984267+00:00,ps-lb-18,2,-93,,"{""Bat_V"": 3.606, ""Exti_pin_level"": ""Low"", ""Exti_status"": ""False"", ""IDC_intput_mA"": 4.017, ""IN1_pin_level"": ""Low"", ""IN2_pin_level"": ""Low"", ""Node_type"": ""PS-LB"", ""Probe_mod"": 0, ""VDC_intput_V"": 0, ""Water_deep_cm"": 0.213}"
2025-10-04 21:31:23.573253757+00:00,ps-lb-18,2,-95,4.0,"{""Bat_V"": 3.606, ""Exti_pin_level"": ""Low"", ""Exti_status"": ""False"", ""IDC_intput_mA"": 4.016, ""IN1_pin_level"": ""Low"", ""IN2_pin_level"": ""Low"", ""Node_type"": ""PS-LB"", ""Probe_mod"": 0, ""VDC_intput_V"": 0, ""Water_deep_cm"": 0.2}"
2025-10-05 18:31:08.353306046+00:00,ps-lb-18,2,-124,-8.0,"{""Bat_V"": 3.6, ""Exti_pin_level"": ""Low"", ""Exti_status"": ""False"", ""IDC_intput_mA"": 4.014, ""IN1_pin_level"": ""Low"", ""IN2_pin_level"": ""Low"", ""Node_type"": ""PS-LB"", ""Probe_mod"": 0, ""VDC_intput_V"": 0, ""Water_deep_cm"": 0.175}"
2025-10-06 12:30:59.852300689+00:00,ps-lb-18,2,-127,-7.5,"{""Bat_V"": 3.606, ""Exti_pin_level"": ""Low"", ""Exti_status"": ""False"", ""IDC_intput_mA"": 4.029, ""IN1_pin_level"": ""Low"", ""IN2_pin_level"": ""Low"", ""Node_type"": ""PS-LB"", ""Probe_mod"": 0, ""VDC_intput_V"": 0, ""Water_deep_cm"": 0.362}"
2025-10-06 14:30:53.878038637+00:00,ps-lb-18,2,-124,-8.25,"{""Bat_V"": 3.606, ""Exti_pin_level"": ""Low"", ""Exti_status"": ""False"", ""IDC_intput_mA"": 4.03, ""IN1_pin_level"": ""Low"", ""IN2_pin_level"": ""Low"", ""Node_type"": ""PS-LB"", ""Probe_mod"": 0, ""VDC_intput_V"": 0, ""Water_deep_cm"": 0.375}"
2025-10-06 20:30:49.499310185+00:00,ps-lb-18,2,-122,-6.25,"{""Bat_V"": 3.606, ""Exti_pin_level"": ""Low"", ""Exti_status"": ""False"", ""IDC_intput_mA"": 4.029, ""IN1_pin_level"": ""Low"", ""IN2_pin_level"": ""Low"", ""Node_type"": ""PS-LB"", ""Probe_mod"": 0, ""VDC_intput_V"": 0, ""Water_deep_cm"": 0.362}"
2025-10-06 21:30:48.788335703+00:00,ps-lb-18,2,-125,-8.75,"{""Bat_V"": 3.606, ""Exti_pin_level"": ""Low"", ""Exti_status"": ""False"", ""IDC_intput_mA"": 4.029, ""IN1_pin_level"": ""Low"", ""IN2_pin_level"": ""Low"", ""Node_type"": ""PS-LB"", ""Probe_mod"": 0, ""VDC_intput_V"": 0, ""Water_deep_cm"": 0.362}"
2025-10-07 02:30:45.129051158+00:00,ps-lb-18,2,-126,-9.0,"{""Bat_V"": 3.606, ""Exti_pin_level"": ""Low"", ""Exti_status"": ""False"", ""IDC_intput_mA"": 4.028, ""IN1_pin_level"": ""Low"", ""IN2_pin_level"": ""Low"", ""Node_type"": ""PS-LB"", ""Probe_mod"": 0, ""VDC_intput_V"": 0, ""Water_deep_cm"": 0.35}"
2025-10-07 04:30:43.678319890+00:00,ps-lb-18,2,-122,-6.25,"{""Bat_V"": 3.606, ""Exti_pin_level"": ""Low"", ""Exti_status"": ""False"", ""IDC_intput_mA"": 4.028, ""IN1_pin_level"": ""Low"", ""IN2_pin_level"": ""Low"", ""Node_type"": ""PS-LB"", ""Probe_mod"": 0, ""VDC_intput_V"": 0, ""Water_deep_cm"": 0.35}"
2025-10-07 10:30:39.314629089+00:00,ps-lb-18,2,-123,-7.0,"{""Bat_V"": 3.606, ""Exti_pin_level"": ""Low"", ""Exti_status"": ""False"", ""IDC_intput_mA"": 4.03, ""IN1_pin_level"": ""Low"", ""IN2_pin_level"": ""Low"", ""Node_type"": ""PS-LB"", ""Probe_mod"": 0, ""VDC_intput_V"": 0, ""Water_deep_cm"": 0.375}"
2025-10-07 20:30:32.026941252+00:00,ps-lb-18,2,-125,-9.0,"{""Bat_V"": 3.606, ""Exti_pin_level"": ""Low"", ""Exti_status"": ""False"", ""IDC_intput_mA"": 4.033, ""IN1_pin_level"": ""Low"", ""IN2_pin_level"": ""Low"", ""Node_type"": ""PS-LB"", ""Probe_mod"": 0, ""VDC_intput_V"": 0, ""Water_deep_cm"": 0.413}"
2025-10-07 22:30:30.568988499+00:00,ps-lb-18,2,-124,-8.25,"{""Bat_V"": 3.606, ""Exti_pin_level"": ""Low"", ""Exti_status"": ""False"", ""IDC_intput_mA"": 4.032, ""IN1_pin_level"": ""Low"", ""IN2_pin_level"": ""Low"", ""Node_type"": ""PS-LB"", ""Probe_mod"": 0, ""VDC_intput_V"": 0, ""Water_deep_cm"": 0.4}"
2025-10-08 02:30:27.654706129+00:00,ps-lb-18,2,-124,-8.25,"{""Bat_V"": 3.606, ""Exti_pin_level"": ""Low"", ""Exti_status"": ""False"", ""IDC_intput_mA"": 4.032, ""IN1_pin_level"": ""Low"", ""IN2_pin_level"": ""Low"", ""Node_type"": ""PS-LB"", ""Probe_mod"": 0, ""VDC_intput_V"": 0, ""Water_deep_cm"": 0.4}"
2025-10-08 05:30:25.492164259+00:00,ps-lb-18,2,-122,-6.25,"{""Bat_V"": 3.606, ""Exti_pin_level"": ""Low"", ""Exti_status"": ""False"", ""IDC_intput_mA"": 4.032, ""IN1_pin_level"": ""Low"", ""IN2_pin_level"": ""Low"", ""Node_type"": ""PS-LB"", ""Probe_mod"": 0, ""VDC_intput_V"": 0, ""Water_deep_cm"": 0.4}"
2025-10-08 09:30:22.558883921+00:00,ps-lb-18,2,-98,3.0,"{""Bat_V"": 3.606, ""Exti_pin_level"": ""Low"", ""Exti_status"": ""False"", ""IDC_intput_mA"": 4.033, ""IN1_pin_level"": ""Low"", ""IN2_pin_level"": ""Low"", ""Node_type"": ""PS-LB"", ""Probe_mod"": 0, ""VDC_intput_V"": 0, ""Water_deep_cm"": 0.413}"
2025-10-08 10:30:21.834646938+00:00,ps-lb-18,2,-95,5.5,"{""Bat_V"": 3.606, ""Exti_pin_level"": ""Low"", ""Exti_status"": ""False"", ""IDC_intput_mA"": 4.033, ""IN1_pin_level"": ""Low"", ""IN2_pin_level"": ""Low"", ""Node_type"": ""PS-LB"", ""Probe_mod"": 0, ""VDC_intput_V"": 0, ""Water_deep_cm"": 0.413}"
2025-10-08 11:30:21.108119987+00:00,ps-lb-18,2,-92,2.0,"{""Bat_V"": 3.606, ""Exti_pin_level"": ""Low"", ""Exti_status"": ""False"", ""IDC_intput_mA"": 4.034, ""IN1_pin_level"": ""Low"", ""IN2_pin_level"": ""Low"", ""Node_type"": ""PS-LB"", ""Probe_mod"": 0, ""VDC_intput_V"": 0, ""Water_deep_cm"": 0.425}"
2025-10-08 12:30:20.359929006+00:00,ps-lb-18,2,-98,5.25,"{""Bat_V"": 3.606, ""Exti_pin_level"": ""Low"", ""Exti_status"": ""False"", ""IDC_intput_mA"": 4.034, ""IN1_pin_level"": ""Low"", ""IN2_pin_level"": ""Low"", ""Node_type"": ""PS-LB"", ""Probe_mod"": 0, ""VDC_intput_V"": 0, ""Water_deep_cm"": 0.425}"
2025-10-08 13:30:19.649346922+00:00,ps-lb-18,2,-96,2.0,"{""Bat_V"": 3.606, ""Exti_pin_level"": ""Low"", ""Exti_status"": ""False"", ""IDC_intput_mA"": 4.034, ""IN1_pin_level"": ""Low"", ""IN2_pin_level"": ""Low"", ""Node_type"": ""PS-LB"", ""Probe_mod"": 0, ""VDC_intput_V"": 0, ""Water_deep_cm"": 0.425}"
2025-10-08 14:30:18.904766789+00:00,ps-lb-18,2,-99,-1.0,"{""Bat_V"": 3.606, ""Exti_pin_level"": ""Low"", ""Exti_status"": ""False"", ""IDC_intput_mA"": 4.035, ""IN1_pin_level"": ""Low"", ""IN2_pin_level"": ""Low"", ""Node_type"": ""PS-LB"", ""Probe_mod"": 0, ""VDC_intput_V"": 0, ""Water_deep_cm"": 0.438}"
2025-10-08 15:30:18.164002433+00:00,ps-lb-18,2,-99,-1.75,"{""Bat_V"": 3.606, ""Exti_pin_level"": ""Low"", ""Exti_status"": ""False"", ""IDC_intput_mA"": 4.035, ""IN1_pin_level"": ""Low"", ""IN2_pin_level"": ""Low"", ""Node_type"": ""PS-LB"", ""Probe_mod"": 0, ""VDC_intput_V"": 0, ""Water_deep_cm"": 0.438}"
2025-10-08 16:30:17.494666868+00:00,ps-lb-18,2,-94,0.75,"{""Bat_V"": 3.606, ""Exti_pin_level"": ""Low"", ""Exti_status"": ""False"", ""IDC_intput_mA"": 4.036, ""IN1_pin_level"": ""Low"", ""IN2_pin_level"": ""Low"", ""Node_type"": ""PS-LB"", ""Probe_mod"": 0, ""VDC_intput_V"": 0, ""Water_deep_cm"": 0.45}"
2025-10-08 17:30:16.720352650+00:00,ps-lb-18,2,-98,-1.75,"{""Bat_V"": 3.606, ""Exti_pin_level"": ""Low"", ""Exti_status"": ""False"", ""IDC_intput_mA"": 4.035, ""IN1_pin_level"": ""Low"", ""IN2_pin_level"": ""Low"", ""Node_type"": ""PS-LB"", ""Probe_mod"": 0, ""VDC_intput_V"": 0, ""Water_deep_cm"": 0.438}"
2025-10-08 18:30:15.980792812+00:00,ps-lb-18,2,-97,1.5,"{""Bat_V"": 3.606, ""Exti_pin_level"": ""Low"", ""Exti_status"": ""False"", ""IDC_intput_mA"": 4.035, ""IN1_pin_level"": ""Low"", ""IN2_pin_level"": ""Low"", ""Node_type"": ""PS-LB"", ""Probe_mod"": 0, ""VDC_intput_V"": 0, ""Water_deep_cm"": 0.438}"
2025-10-08 19:30:15.252454235+00:00,ps-lb-18,2,-95,1.75,"{""Bat_V"": 3.606, ""Exti_pin_level"": ""Low"", ""Exti_status"": ""False"", ""IDC_intput_mA"": 4.035, ""IN1_pin_level"": ""Low"", ""IN2_pin_level"": ""Low"", ""Node_type"": ""PS-LB"", ""Probe_mod"": 0, ""VDC_intput_V"": 0, ""Water_deep_cm"": 0.438}"
2025-10-08 20:30:14.541748645+00:00,ps-lb-18,2,-98,3.75,"{""Bat_V"": 3.606, ""Exti_pin_level"": ""Low"", ""Exti_status"": ""False"", ""IDC_intput_mA"": 4.035, ""IN1_pin_level"": ""Low"", ""IN2_pin_level"": ""Low"", ""Node_type"": ""PS-LB"", ""Probe_mod"": 0, ""VDC_intput_V"": 0, ""Water_deep_cm"": 0.438}"
2025-10-08 21:30:13.802666802+00:00,ps-lb-18,2,-98,2.75,"{""Bat_V"": 3.606, ""Exti_pin_level"": ""Low"", ""Exti_status"": ""False"", ""IDC_intput_mA"": 4.034, ""IN1_pin_level"": ""Low"", ""IN2_pin_level"": ""Low"", ""Node_type"": ""PS-LB"", ""Probe_mod"": 0, ""VDC_intput_V"": 0, ""Water_deep_cm"": 0.425}"
2025-10-08 22:30:13.079021747+00:00,ps-lb-18,2,-98,0.25,"{""Bat_V"": 3.606, ""Exti_pin_level"": ""Low"", ""Exti_status"": ""False"", ""IDC_intput_mA"": 4.034, ""IN1_pin_level"": ""Low"", ""IN2_pin_level"": ""Low"", ""Node_type"": ""PS-LB"", ""Probe_mod"": 0, ""VDC_intput_V"": 0, ""Water_deep_cm"": 0.425}"
2025-10-08 23:30:12.349218559+00:00,ps-lb-18,2,-98,0.25,"{""Bat_V"": 3.606, ""Exti_pin_level"": ""Low"", ""Exti_status"": ""False"", ""IDC_intput_mA"": 4.034, ""IN1_pin_level"": ""Low"", ""IN2_pin_level"": ""Low"", ""Node_type"": ""PS-LB"", ""Probe_mod"": 0, ""VDC_intput_V"": 0, ""Water_deep_cm"": 0.425}"
2025-10-09 00:30:11.631738489+00:00,ps-lb-18,2,-95,1.0,"{""Bat_V"": 3.606, ""Exti_pin_level"": ""Low"", ""Exti_status"": ""False"", ""IDC_intput_mA"": 4.034, ""IN1_pin_level"": ""Low"", ""IN2_pin_level"": ""Low"", ""Node_type"": ""PS-LB"", ""Probe_mod"": 0, ""VDC_intput_V"": 0, ""Water_deep_cm"": 0.425}"
2025-10-09 01:30:10.900962814+00:00,ps-lb-18,2,-97,-1.0,"{""Bat_V"": 3.606, ""Exti_pin_level"": ""Low"", ""Exti_status"": ""False"", ""IDC_intput_mA"": 4.033, ""IN1_pin_level"": ""Low"", ""IN2_pin_level"": ""Low"", ""Node_type"": ""PS-LB"", ""Probe_mod"": 0, ""VDC_intput_V"": 0, ""Water_deep_cm"": 0.413}"
2025-10-09 02:30:10.156422824+00:00,ps-lb-18,2,-96,3.75,"{""Bat_V"": 3.606, ""Exti_pin_level"": ""Low"", ""Exti_status"": ""False"", ""IDC_intput_mA"": 4.033, ""IN1_pin_level"": ""Low"", ""IN2_pin_level"": ""Low"", ""Node_type"": ""PS-LB"", ""Probe_mod"": 0, ""VDC_intput_V"": 0, ""Water_deep_cm"": 0.413}"
2025-10-09 03:30:09.439812142+00:00,ps-lb-18,2,-93,4.25,"{""Bat_V"": 3.606, ""Exti_pin_level"": ""Low"", ""Exti_status"": ""False"", ""IDC_intput_mA"": 4.033, ""IN1_pin_level"": ""Low"", ""IN2_pin_level"": ""Low"", ""Node_type"": ""PS-LB"", ""Probe_mod"": 0, ""VDC_intput_V"": 0, ""Water_deep_cm"": 0.413}"
2025-10-09 04:30:08.703902436+00:00,ps-lb-18,2,-97,3.25,"{""Bat_V"": 3.606, ""Exti_pin_level"": ""Low"", ""Exti_status"": ""False"", ""IDC_intput_mA"": 4.032, ""IN1_pin_level"": ""Low"", ""IN2_pin_level"": ""Low"", ""Node_type"": ""PS-LB"", ""Probe_mod"": 0, ""VDC_intput_V"": 0, ""Water_deep_cm"": 0.4}"
2025-10-09 05:30:07.989671156+00:00,ps-lb-18,2,-93,4.5,"{""Bat_V"": 3.606, ""Exti_pin_level"": ""Low"", ""Exti_status"": ""False"", ""IDC_intput_mA"": 4.032, ""IN1_pin_level"": ""Low"", ""IN2_pin_level"": ""Low"", ""Node_type"": ""PS-LB"", ""Probe_mod"": 0, ""VDC_intput_V"": 0, ""Water_deep_cm"": 0.4}"
2025-10-09 06:30:07.264793641+00:00,ps-lb-18,2,-97,1.25,"{""Bat_V"": 3.606, ""Exti_pin_level"": ""Low"", ""Exti_status"": ""False"", ""IDC_intput_mA"": 4.032, ""IN1_pin_level"": ""Low"", ""IN2_pin_level"": ""Low"", ""Node_type"": ""PS-LB"", ""Probe_mod"": 0, ""VDC_intput_V"": 0, ""Water_deep_cm"": 0.4}"
2025-10-09 07:30:06.528553227+00:00,ps-lb-18,2,-85,8.25,"{""Bat_V"": 3.606, ""Exti_pin_level"": ""Low"", ""Exti_status"": ""False"", ""IDC_intput_mA"": 7.649, ""IN1_pin_level"": ""Low"", ""IN2_pin_level"": ""Low"", ""Node_type"": ""PS-LB"", ""Probe_mod"": 0, ""VDC_intput_V"": 0, ""Water_deep_cm"": 45.612}"
2025-10-09 08:30:05.843004400+00:00,ps-lb-18,2,-120,-5.25,"{""Bat_V"": 3.6, ""Exti_pin_level"": ""Low"", ""Exti_status"": ""False"", ""IDC_intput_mA"": 7.647, ""IN1_pin_level"": ""Low"", ""IN2_pin_level"": ""Low"", ""Node_type"": ""PS-LB"", ""Probe_mod"": 0, ""VDC_intput_V"": 0, ""Water_deep_cm"": 45.588}"
2025-10-09 09:30:05.117771234+00:00,ps-lb-18,2,-119,-2.25,"{""Bat_V"": 3.606, ""Exti_pin_level"": ""Low"", ""Exti_status"": ""False"", ""IDC_intput_mA"": 7.645, ""IN1_pin_level"": ""Low"", ""IN2_pin_level"": ""Low"", ""Node_type"": ""PS-LB"", ""Probe_mod"": 0, ""VDC_intput_V"": 0, ""Water_deep_cm"": 45.562}"
2025-10-09 10:30:04.373142659+00:00,ps-lb-18,2,-93,2.25,"{""Bat_V"": 3.606, ""Exti_pin_level"": ""Low"", ""Exti_status"": ""False"", ""IDC_intput_mA"": 7.649, ""IN1_pin_level"": ""Low"", ""IN2_pin_level"": ""Low"", ""Node_type"": ""PS-LB"", ""Probe_mod"": 0, ""VDC_intput_V"": 0, ""Water_deep_cm"": 45.612}"
2025-10-09 11:30:03.662210196+00:00,ps-lb-18,2,-114,-5.25,"{""Bat_V"": 3.6, ""Exti_pin_level"": ""Low"", ""Exti_status"": ""False"", ""IDC_intput_mA"": 7.697, ""IN1_pin_level"": ""Low"", ""IN2_pin_level"": ""Low"", ""Node_type"": ""PS-LB"", ""Probe_mod"": 0, ""VDC_intput_V"": 0, ""Water_deep_cm"": 46.212}"
2025-10-09 12:30:02.943034441+00:00,ps-lb-18,2,-110,4.75,"{""Bat_V"": 3.606, ""Exti_pin_level"": ""Low"", ""Exti_status"": ""False"", ""IDC_intput_mA"": 7.706, ""IN1_pin_level"": ""Low"", ""IN2_pin_level"": ""Low"", ""Node_type"": ""PS-LB"", ""Probe_mod"": 0, ""VDC_intput_V"": 0, ""Water_deep_cm"": 46.325}"
2025-10-09 13:30:02.219343175+00:00,ps-lb-18,2,-114,1.5,"{""Bat_V"": 3.6, ""Exti_pin_level"": ""Low"", ""Exti_status"": ""False"", ""IDC_intput_mA"": 7.695, ""IN1_pin_level"": ""Low"", ""IN2_pin_level"": ""Low"", ""Node_type"": ""PS-LB"", ""Probe_mod"": 0, ""VDC_intput_V"": 0, ""Water_deep_cm"": 46.188}"
2025-10-09 14:30:01.498973219+00:00,ps-lb-18,2,-87,9.0,"{""Bat_V"": 3.6, ""Exti_pin_level"": ""Low"", ""Exti_status"": ""False"", ""IDC_intput_mA"": 7.687, ""IN1_pin_level"": ""Low"", ""IN2_pin_level"": ""Low"", ""Node_type"": ""PS-LB"", ""Probe_mod"": 0, ""VDC_intput_V"": 0, ""Water_deep_cm"": 46.088}"
2025-10-09 15:30:00.757665382+00:00,ps-lb-18,2,-83,9.0,"{""Bat_V"": 3.6, ""Exti_pin_level"": ""Low"", ""Exti_status"": ""False"", ""IDC_intput_mA"": 7.677, ""IN1_pin_level"": ""Low"", ""IN2_pin_level"": ""Low"", ""Node_type"": ""PS-LB"", ""Probe_mod"": 0, ""VDC_intput_V"": 0, ""Water_deep_cm"": 45.962}"
2025-10-09 16:30:00.066646827+00:00,ps-lb-18,2,-90,6.75,"{""Bat_V"": 3.6, ""Exti_pin_level"": ""Low"", ""Exti_status"": ""False"", ""IDC_intput_mA"": 7.667, ""IN1_pin_level"": ""Low"", ""IN2_pin_level"": ""Low"", ""Node_type"": ""PS-LB"", ""Probe_mod"": 0, ""VDC_intput_V"": 0, ""Water_deep_cm"": 45.837}"
2025-10-09 17:29:59.334587447+00:00,ps-lb-18,2,-91,5.25,"{""Bat_V"": 3.6, ""Exti_pin_level"": ""Low"", ""Exti_status"": ""False"", ""IDC_intput_mA"": 4.003, ""IN1_pin_level"": ""Low"", ""IN2_pin_level"": ""Low"", ""Node_type"": ""PS-LB"", ""Probe_mod"": 0, ""VDC_intput_V"": 0, ""Water_deep_cm"": 0.038}"
2025-10-09 18:29:58.617509280+00:00,ps-lb-18,2,-121,-5.0,"{""Bat_V"": 3.606, ""Exti_pin_level"": ""Low"", ""Exti_status"": ""False"", ""IDC_intput_mA"": 4.02, ""IN1_pin_level"": ""Low"", ""IN2_pin_level"": ""Low"", ""Node_type"": ""PS-LB"", ""Probe_mod"": 0, ""VDC_intput_V"": 0, ""Water_deep_cm"": 0.25}"
2025-10-09 19:29:57.885805331+00:00,ps-lb-18,2,-91,5.75,"{""Bat_V"": 3.606, ""Exti_pin_level"": ""Low"", ""Exti_status"": ""False"", ""IDC_intput_mA"": 4.023, ""IN1_pin_level"": ""Low"", ""IN2_pin_level"": ""Low"", ""Node_type"": ""PS-LB"", ""Probe_mod"": 0, ""VDC_intput_V"": 0, ""Water_deep_cm"": 0.287}"
2025-10-09 20:29:57.158482504+00:00,ps-lb-18,2,-93,5.25,"{""Bat_V"": 3.606, ""Exti_pin_level"": ""Low"", ""Exti_status"": ""False"", ""IDC_intput_mA"": 4.026, ""IN1_pin_level"": ""Low"", ""IN2_pin_level"": ""Low"", ""Node_type"": ""PS-LB"", ""Probe_mod"": 0, ""VDC_intput_V"": 0, ""Water_deep_cm"": 0.325}"
2025-10-09 21:29:56.427911396+00:00,ps-lb-18,2,-119,-3.5,"{""Bat_V"": 3.606, ""Exti_pin_level"": ""Low"", ""Exti_status"": ""False"", ""IDC_intput_mA"": 4.027, ""IN1_pin_level"": ""Low"", ""IN2_pin_level"": ""Low"", ""Node_type"": ""PS-LB"", ""Probe_mod"": 0, ""VDC_intput_V"": 0, ""Water_deep_cm"": 0.338}"
2025-10-09 22:29:55.698359330+00:00,ps-lb-18,2,-93,5.5,"{""Bat_V"": 3.606, ""Exti_pin_level"": ""Low"", ""Exti_status"": ""False"", ""IDC_intput_mA"": 4.027, ""IN1_pin_level"": ""Low"", ""IN2_pin_level"": ""Low"", ""Node_type"": ""PS-LB"", ""Probe_mod"": 0, ""VDC_intput_V"": 0, ""Water_deep_cm"": 0.338}"
2025-10-09 23:29:54.969704061+00:00,ps-lb-18,2,-93,5.0,"{""Bat_V"": 3.606, ""Exti_pin_level"": ""Low"", ""Exti_status"": ""False"", ""IDC_intput_mA"": 4.027, ""IN1_pin_level"": ""Low"", ""IN2_pin_level"": ""Low"", ""Node_type"": ""PS-LB"", ""Probe_mod"": 0, ""VDC_intput_V"": 0, ""Water_deep_cm"": 0.338}"
2025-10-10 00:29:54.229114468+00:00,ps-lb-18,2,-92,5.5,"{""Bat_V"": 3.606, ""Exti_pin_level"": ""Low"", ""Exti_status"": ""False"", ""IDC_intput_mA"": 4.027, ""IN1_pin_level"": ""Low"", ""IN2_pin_level"": ""Low"", ""Node_type"": ""PS-LB"", ""Probe_mod"": 0, ""VDC_intput_V"": 0, ""Water_deep_cm"": 0.338}"
2025-10-10 01:29:53.504738075+00:00,ps-lb-18,2,-93,4.25,"{""Bat_V"": 3.606, ""Exti_pin_level"": ""Low"", ""Exti_status"": ""False"", ""IDC_intput_mA"": 4.027, ""IN1_pin_level"": ""Low"", ""IN2_pin_level"": ""Low"", ""Node_type"": ""PS-LB"", ""Probe_mod"": 0, ""VDC_intput_V"": 0, ""Water_deep_cm"": 0.338}"
2025-10-10 02:29:52.775625719+00:00,ps-lb-18,2,-91,5.25,"{""Bat_V"": 3.606, ""Exti_pin_level"": ""Low"", ""Exti_status"": ""False"", ""IDC_intput_mA"": 4.028, ""IN1_pin_level"": ""Low"", ""IN2_pin_level"": ""Low"", ""Node_type"": ""PS-LB"", ""Probe_mod"": 0, ""VDC_intput_V"": 0, ""Water_deep_cm"": 0.35}"
2025-10-10 03:29:52.050520372+00:00,ps-lb-18,2,-89,5.25,"{""Bat_V"": 3.606, ""Exti_pin_level"": ""Low"", ""Exti_status"": ""False"", ""IDC_intput_mA"": 4.028, ""IN1_pin_level"": ""Low"", ""IN2_pin_level"": ""Low"", ""Node_type"": ""PS-LB"", ""Probe_mod"": 0, ""VDC_intput_V"": 0, ""Water_deep_cm"": 0.35}"
2025-10-10 04:29:51.320418250+00:00,ps-lb-18,2,-93,4.75,"{""Bat_V"": 3.606, ""Exti_pin_level"": ""Low"", ""Exti_status"": ""False"", ""IDC_intput_mA"": 4.028, ""IN1_pin_level"": ""Low"", ""IN2_pin_level"": ""Low"", ""Node_type"": ""PS-LB"", ""Probe_mod"": 0, ""VDC_intput_V"": 0, ""Water_deep_cm"": 0.35}"
2025-10-10 05:29:50.594121149+00:00,ps-lb-18,2,-92,6.25,"{""Bat_V"": 3.606, ""Exti_pin_level"": ""Low"", ""Exti_status"": ""False"", ""IDC_intput_mA"": 4.028, ""IN1_pin_level"": ""Low"", ""IN2_pin_level"": ""Low"", ""Node_type"": ""PS-LB"", ""Probe_mod"": 0, ""VDC_intput_V"": 0, ""Water_deep_cm"": 0.35}"
2025-10-10 06:29:49.869733805+00:00,ps-lb-18,2,-87,8.5,"{""Bat_V"": 3.606, ""Exti_pin_level"": ""Low"", ""Exti_status"": ""False"", ""IDC_intput_mA"": 7.58, ""IN1_pin_level"": ""Low"", ""IN2_pin_level"": ""Low"", ""Node_type"": ""PS-LB"", ""Probe_mod"": 0, ""VDC_intput_V"": 0, ""Water_deep_cm"": 44.75}"
2025-10-10 07:29:49.168469543+00:00,ps-lb-18,2,-87,9.0,"{""Bat_V"": 3.6, ""Exti_pin_level"": ""Low"", ""Exti_status"": ""False"", ""IDC_intput_mA"": 7.57, ""IN1_pin_level"": ""Low"", ""IN2_pin_level"": ""Low"", ""Node_type"": ""PS-LB"", ""Probe_mod"": 0, ""VDC_intput_V"": 0, ""Water_deep_cm"": 44.625}"
2025-10-10 08:29:48.450890230+00:00,ps-lb-18,2,-87,6.75,"{""Bat_V"": 3.6, ""Exti_pin_level"": ""Low"", ""Exti_status"": ""False"", ""IDC_intput_mA"": 7.573, ""IN1_pin_level"": ""Low"", ""IN2_pin_level"": ""Low"", ""Node_type"": ""PS-LB"", ""Probe_mod"": 0, ""VDC_intput_V"": 0, ""Water_deep_cm"": 44.663}"
2025-10-10 09:29:47.714311264+00:00,ps-lb-18,2,-94,3.5,"{""Bat_V"": 3.6, ""Exti_pin_level"": ""Low"", ""Exti_status"": ""False"", ""IDC_intput_mA"": 7.676, ""IN1_pin_level"": ""Low"", ""IN2_pin_level"": ""Low"", ""Node_type"": ""PS-LB"", ""Probe_mod"": 0, ""VDC_intput_V"": 0, ""Water_deep_cm"": 45.95}"
2025-10-10 10:29:46.989630205+00:00,ps-lb-18,2,-91,4.5,"{""Bat_V"": 3.6, ""Exti_pin_level"": ""Low"", ""Exti_status"": ""False"", ""IDC_intput_mA"": 7.757, ""IN1_pin_level"": ""Low"", ""IN2_pin_level"": ""Low"", ""Node_type"": ""PS-LB"", ""Probe_mod"": 0, ""VDC_intput_V"": 0, ""Water_deep_cm"": 46.962}"
2025-10-10 11:29:46.277154584+00:00,ps-lb-18,2,-92,2.5,"{""Bat_V"": 3.6, ""Exti_pin_level"": ""Low"", ""Exti_status"": ""False"", ""IDC_intput_mA"": 3.996, ""IN1_pin_level"": ""Low"", ""IN2_pin_level"": ""Low"", ""Node_type"": ""PS-LB"", ""Probe_mod"": 0, ""VDC_intput_V"": 0, ""Water_deep_cm"": 0}"
2025-10-10 13:29:44.836059369+00:00,ps-lb-18,2,-92,5.0,"{""Bat_V"": 3.606, ""Exti_pin_level"": ""Low"", ""Exti_status"": ""False"", ""IDC_intput_mA"": 4.022, ""IN1_pin_level"": ""Low"", ""IN2_pin_level"": ""Low"", ""Node_type"": ""PS-LB"", ""Probe_mod"": 0, ""VDC_intput_V"": 0, ""Water_deep_cm"": 0.275}"
2025-10-10 14:29:44.126257016+00:00,ps-lb-18,2,-97,1.0,"{""Bat_V"": 3.606, ""Exti_pin_level"": ""Low"", ""Exti_status"": ""False"", ""IDC_intput_mA"": 4.025, ""IN1_pin_level"": ""Low"", ""IN2_pin_level"": ""Low"", ""Node_type"": ""PS-LB"", ""Probe_mod"": 0, ""VDC_intput_V"": 0, ""Water_deep_cm"": 0.313}"
2025-10-10 15:29:43.393489037+00:00,ps-lb-18,2,-95,2.5,"{""Bat_V"": 3.606, ""Exti_pin_level"": ""Low"", ""Exti_status"": ""False"", ""IDC_intput_mA"": 4.026, ""IN1_pin_level"": ""Low"", ""IN2_pin_level"": ""Low"", ""Node_type"": ""PS-LB"", ""Probe_mod"": 0, ""VDC_intput_V"": 0, ""Water_deep_cm"": 0.325}"
2025-10-10 16:29:42.663334524+00:00,ps-lb-18,2,-96,3.75,"{""Bat_V"": 3.606, ""Exti_pin_level"": ""Low"", ""Exti_status"": ""False"", ""IDC_intput_mA"": 4.028, ""IN1_pin_level"": ""Low"", ""IN2_pin_level"": ""Low"", ""Node_type"": ""PS-LB"", ""Probe_mod"": 0, ""VDC_intput_V"": 0, ""Water_deep_cm"": 0.35}"
2025-10-10 17:29:41.925979132+00:00,ps-lb-18,2,-95,0.5,"{""Bat_V"": 3.606, ""Exti_pin_level"": ""Low"", ""Exti_status"": ""False"", ""IDC_intput_mA"": 4.028, ""IN1_pin_level"": ""Low"", ""IN2_pin_level"": ""Low"", ""Node_type"": ""PS-LB"", ""Probe_mod"": 0, ""VDC_intput_V"": 0, ""Water_deep_cm"": 0.35}"
2025-10-10 18:29:41.215486890+00:00,ps-lb-18,2,-93,3.5,"{""Bat_V"": 3.606, ""Exti_pin_level"": ""Low"", ""Exti_status"": ""False"", ""IDC_intput_mA"": 4.029, ""IN1_pin_level"": ""Low"", ""IN2_pin_level"": ""Low"", ""Node_type"": ""PS-LB"", ""Probe_mod"": 0, ""VDC_intput_V"": 0, ""Water_deep_cm"": 0.362}"
2025-10-10 19:29:40.493733446+00:00,ps-lb-18,2,-96,2.0,"{""Bat_V"": 3.606, ""Exti_pin_level"": ""Low"", ""Exti_status"": ""False"", ""IDC_intput_mA"": 4.03, ""IN1_pin_level"": ""Low"", ""IN2_pin_level"": ""Low"", ""Node_type"": ""PS-LB"", ""Probe_mod"": 0, ""VDC_intput_V"": 0, ""Water_deep_cm"": 0.375}"
2025-10-10 20:29:39.751281656+00:00,ps-lb-18,2,-94,4.25,"{""Bat_V"": 3.606, ""Exti_pin_level"": ""Low"", ""Exti_status"": ""False"", ""IDC_intput_mA"": 4.029, ""IN1_pin_level"": ""Low"", ""IN2_pin_level"": ""Low"", ""Node_type"": ""PS-LB"", ""Probe_mod"": 0, ""VDC_intput_V"": 0, ""Water_deep_cm"": 0.362}"
2025-10-10 21:29:39.029327373+00:00,ps-lb-18,2,-93,3.5,"{""Bat_V"": 3.606, ""Exti_pin_level"": ""Low"", ""Exti_status"": ""False"", ""IDC_intput_mA"": 4.03, ""IN1_pin_level"": ""Low"", ""IN2_pin_level"": ""Low"", ""Node_type"": ""PS-LB"", ""Probe_mod"": 0, ""VDC_intput_V"": 0, ""Water_deep_cm"": 0.375}"
2025-10-10 22:29:38.285324229+00:00,ps-lb-18,2,-96,1.0,"{""Bat_V"": 3.606, ""Exti_pin_level"": ""Low"", ""Exti_status"": ""False"", ""IDC_intput_mA"": 4.03, ""IN1_pin_level"": ""Low"", ""IN2_pin_level"": ""Low"", ""Node_type"": ""PS-LB"", ""Probe_mod"": 0, ""VDC_intput_V"": 0, ""Water_deep_cm"": 0.375}"
2025-10-10 23:29:37.558649297+00:00,ps-lb-18,2,-97,2.75,"{""Bat_V"": 3.606, ""Exti_pin_level"": ""Low"", ""Exti_status"": ""False"", ""IDC_intput_mA"": 4.03, ""IN1_pin_level"": ""Low"", ""IN2_pin_level"": ""Low"", ""Node_type"": ""PS-LB"", ""Probe_mod"": 0, ""VDC_intput_V"": 0, ""Water_deep_cm"": 0.375}"
2025-10-11 00:29:36.841590015+00:00,ps-lb-18,2,-97,-0.25,"{""Bat_V"": 3.606, ""Exti_pin_level"": ""Low"", ""Exti_status"": ""False"", ""IDC_intput_mA"": 4.029, ""IN1_pin_level"": ""Low"", ""IN2_pin_level"": ""Low"", ""Node_type"": ""PS-LB"", ""Probe_mod"": 0, ""VDC_intput_V"": 0, ""Water_deep_cm"": 0.362}"
2025-10-11 01:29:36.101959912+00:00,ps-lb-18,2,-95,0.25,"{""Bat_V"": 3.606, ""Exti_pin_level"": ""Low"", ""Exti_status"": ""False"", ""IDC_intput_mA"": 4.029, ""IN1_pin_level"": ""Low"", ""IN2_pin_level"": ""Low"", ""Node_type"": ""PS-LB"", ""Probe_mod"": 0, ""VDC_intput_V"": 0, ""Water_deep_cm"": 0.362}"
2025-10-11 02:29:35.391038263+00:00,ps-lb-18,2,-97,0.25,"{""Bat_V"": 3.606, ""Exti_pin_level"": ""Low"", ""Exti_status"": ""False"", ""IDC_intput_mA"": 4.029, ""IN1_pin_level"": ""Low"", ""IN2_pin_level"": ""Low"", ""Node_type"": ""PS-LB"", ""Probe_mod"": 0, ""VDC_intput_V"": 0, ""Water_deep_cm"": 0.362}"
2025-10-11 03:29:34.674599254+00:00,ps-lb-18,2,-95,0.75,"{""Bat_V"": 3.606, ""Exti_pin_level"": ""Low"", ""Exti_status"": ""False"", ""IDC_intput_mA"": 4.028, ""IN1_pin_level"": ""Low"", ""IN2_pin_level"": ""Low"", ""Node_type"": ""PS-LB"", ""Probe_mod"": 0, ""VDC_intput_V"": 0, ""Water_deep_cm"": 0.35}"
2025-10-11 04:29:33.934112565+00:00,ps-lb-18,2,-98,,"{""Bat_V"": 3.606, ""Exti_pin_level"": ""Low"", ""Exti_status"": ""False"", ""IDC_intput_mA"": 4.028, ""IN1_pin_level"": ""Low"", ""IN2_pin_level"": ""Low"", ""Node_type"": ""PS-LB"", ""Probe_mod"": 0, ""VDC_intput_V"": 0, ""Water_deep_cm"": 0.35}"
2025-10-11 05:29:33.216040789+00:00,ps-lb-18,2,-97,3.5,"{""Bat_V"": 3.606, ""Exti_pin_level"": ""Low"", ""Exti_status"": ""False"", ""IDC_intput_mA"": 4.028, ""IN1_pin_level"": ""Low"", ""IN2_pin_level"": ""Low"", ""Node_type"": ""PS-LB"", ""Probe_mod"": 0, ""VDC_intput_V"": 0, ""Water_deep_cm"": 0.35}"
2025-10-11 06:29:32.482427052+00:00,ps-lb-18,2,-98,-2.25,"{""Bat_V"": 3.606, ""Exti_pin_level"": ""Low"", ""Exti_status"": ""False"", ""IDC_intput_mA"": 4.028, ""IN1_pin_level"": ""Low"", ""IN2_pin_level"": ""Low"", ""Node_type"": ""PS-LB"", ""Probe_mod"": 0, ""VDC_intput_V"": 0, ""Water_deep_cm"": 0.35}"
2025-10-11 07:29:31.768119736+00:00,ps-lb-18,2,-99,-0.5,"{""Bat_V"": 3.606, ""Exti_pin_level"": ""Low"", ""Exti_status"": ""False"", ""IDC_intput_mA"": 4.028, ""IN1_pin_level"": ""Low"", ""IN2_pin_level"": ""Low"", ""Node_type"": ""PS-LB"", ""Probe_mod"": 0, ""VDC_intput_V"": 0, ""Water_deep_cm"": 0.35}"
2025-10-11 08:29:31.019620154+00:00,ps-lb-18,2,-96,-0.25,"{""Bat_V"": 3.606, ""Exti_pin_level"": ""Low"", ""Exti_status"": ""False"", ""IDC_intput_mA"": 4.028, ""IN1_pin_level"": ""Low"", ""IN2_pin_level"": ""Low"", ""Node_type"": ""PS-LB"", ""Probe_mod"": 0, ""VDC_intput_V"": 0, ""Water_deep_cm"": 0.35}"
2025-10-11 09:29:30.292479234+00:00,ps-lb-18,2,-96,1.5,"{""Bat_V"": 3.606, ""Exti_pin_level"": ""Low"", ""Exti_status"": ""False"", ""IDC_intput_mA"": 4.028, ""IN1_pin_level"": ""Low"", ""IN2_pin_level"": ""Low"", ""Node_type"": ""PS-LB"", ""Probe_mod"": 0, ""VDC_intput_V"": 0, ""Water_deep_cm"": 0.35}"
2025-10-11 10:29:29.581800419+00:00,ps-lb-18,2,-97,0.25,"{""Bat_V"": 3.606, ""Exti_pin_level"": ""Low"", ""Exti_status"": ""False"", ""IDC_intput_mA"": 4.028, ""IN1_pin_level"": ""Low"", ""IN2_pin_level"": ""Low"", ""Node_type"": ""PS-LB"", ""Probe_mod"": 0, ""VDC_intput_V"": 0, ""Water_deep_cm"": 0.35}"
2025-10-11 11:29:28.875720051+00:00,ps-lb-18,2,-93,2.0,"{""Bat_V"": 3.606, ""Exti_pin_level"": ""Low"", ""Exti_status"": ""False"", ""IDC_intput_mA"": 4.028, ""IN1_pin_level"": ""Low"", ""IN2_pin_level"": ""Low"", ""Node_type"": ""PS-LB"", ""Probe_mod"": 0, ""VDC_intput_V"": 0, ""Water_deep_cm"": 0.35}"
2025-10-11 12:29:28.128747412+00:00,ps-lb-18,2,-98,2.0,"{""Bat_V"": 3.606, ""Exti_pin_level"": ""Low"", ""Exti_status"": ""False"", ""IDC_intput_mA"": 4.028, ""IN1_pin_level"": ""Low"", ""IN2_pin_level"": ""Low"", ""Node_type"": ""PS-LB"", ""Probe_mod"": 0, ""VDC_intput_V"": 0, ""Water_deep_cm"": 0.35}"
2025-10-11 13:29:27.400990226+00:00,ps-lb-18,2,-93,5.75,"{""Bat_V"": 3.606, ""Exti_pin_level"": ""Low"", ""Exti_status"": ""False"", ""IDC_intput_mA"": 4.027, ""IN1_pin_level"": ""Low"", ""IN2_pin_level"": ""Low"", ""Node_type"": ""PS-LB"", ""Probe_mod"": 0, ""VDC_intput_V"": 0, ""Water_deep_cm"": 0.338}"
2025-10-11 14:29:26.665965979+00:00,ps-lb-18,2,-97,1.0,"{""Bat_V"": 3.606, ""Exti_pin_level"": ""Low"", ""Exti_status"": ""False"", ""IDC_intput_mA"": 4.027, ""IN1_pin_level"": ""Low"", ""IN2_pin_level"": ""Low"", ""Node_type"": ""PS-LB"", ""Probe_mod"": 0, ""VDC_intput_V"": 0, ""Water_deep_cm"": 0.338}"
2025-10-11 15:29:25.988242483+00:00,ps-lb-18,2,-96,3.75,"{""Bat_V"": 3.606, ""Exti_pin_level"": ""Low"", ""Exti_status"": ""False"", ""IDC_intput_mA"": 4.027, ""IN1_pin_level"": ""Low"", ""IN2_pin_level"": ""Low"", ""Node_type"": ""PS-LB"", ""Probe_mod"": 0, ""VDC_intput_V"": 0, ""Water_deep_cm"": 0.338}"
2025-10-11 16:29:25.215224257+00:00,ps-lb-18,2,-95,0.5,"{""Bat_V"": 3.606, ""Exti_pin_level"": ""Low"", ""Exti_status"": ""False"", ""IDC_intput_mA"": 4.027, ""IN1_pin_level"": ""Low"", ""IN2_pin_level"": ""Low"", ""Node_type"": ""PS-LB"", ""Probe_mod"": 0, ""VDC_intput_V"": 0, ""Water_deep_cm"": 0.338}"
2025-10-11 17:29:24.494602170+00:00,ps-lb-18,2,-98,-0.5,"{""Bat_V"": 3.606, ""Exti_pin_level"": ""Low"", ""Exti_status"": ""False"", ""IDC_intput_mA"": 4.026, ""IN1_pin_level"": ""Low"", ""IN2_pin_level"": ""Low"", ""Node_type"": ""PS-LB"", ""Probe_mod"": 0, ""VDC_intput_V"": 0, ""Water_deep_cm"": 0.325}"
2025-10-11 18:29:23.766809826+00:00,ps-lb-18,2,-95,0.75,"{""Bat_V"": 3.606, ""Exti_pin_level"": ""Low"", ""Exti_status"": ""False"", ""IDC_intput_mA"": 4.026, ""IN1_pin_level"": ""Low"", ""IN2_pin_level"": ""Low"", ""Node_type"": ""PS-LB"", ""Probe_mod"": 0, ""VDC_intput_V"": 0, ""Water_deep_cm"": 0.325}"
2025-10-11 19:29:23.047090787+00:00,ps-lb-18,2,-93,2.75,"{""Bat_V"": 3.606, ""Exti_pin_level"": ""Low"", ""Exti_status"": ""False"", ""IDC_intput_mA"": 4.026, ""IN1_pin_level"": ""Low"", ""IN2_pin_level"": ""Low"", ""Node_type"": ""PS-LB"", ""Probe_mod"": 0, ""VDC_intput_V"": 0, ""Water_deep_cm"": 0.325}"
2025-10-11 20:29:22.318794298+00:00,ps-lb-18,2,-95,4.75,"{""Bat_V"": 3.606, ""Exti_pin_level"": ""Low"", ""Exti_status"": ""False"", ""IDC_intput_mA"": 4.026, ""IN1_pin_level"": ""Low"", ""IN2_pin_level"": ""Low"", ""Node_type"": ""PS-LB"", ""Probe_mod"": 0, ""VDC_intput_V"": 0, ""Water_deep_cm"": 0.325}"
2025-10-11 21:29:21.600465297+00:00,ps-lb-18,2,-96,5.25,"{""Bat_V"": 3.606, ""Exti_pin_level"": ""Low"", ""Exti_status"": ""False"", ""IDC_intput_mA"": 4.026, ""IN1_pin_level"": ""Low"", ""IN2_pin_level"": ""Low"", ""Node_type"": ""PS-LB"", ""Probe_mod"": 0, ""VDC_intput_V"": 0, ""Water_deep_cm"": 0.325}"
2025-10-11 22:29:20.885638386+00:00,ps-lb-18,2,-96,2.0,"{""Bat_V"": 3.606, ""Exti_pin_level"": ""Low"", ""Exti_status"": ""False"", ""IDC_intput_mA"": 4.026, ""IN1_pin_level"": ""Low"", ""IN2_pin_level"": ""Low"", ""Node_type"": ""PS-LB"", ""Probe_mod"": 0, ""VDC_intput_V"": 0, ""Water_deep_cm"": 0.325}"
2025-10-11 23:29:20.135168188+00:00,ps-lb-18,2,-97,4.5,"{""Bat_V"": 3.606, ""Exti_pin_level"": ""Low"", ""Exti_status"": ""False"", ""IDC_intput_mA"": 4.026, ""IN1_pin_level"": ""Low"", ""IN2_pin_level"": ""Low"", ""Node_type"": ""PS-LB"", ""Probe_mod"": 0, ""VDC_intput_V"": 0, ""Water_deep_cm"": 0.325}"
2025-10-12 00:29:19.410443899+00:00,ps-lb-18,2,-97,0.25,"{""Bat_V"": 3.606, ""Exti_pin_level"": ""Low"", ""Exti_status"": ""False"", ""IDC_intput_mA"": 4.026, ""IN1_pin_level"": ""Low"", ""IN2_pin_level"": ""Low"", ""Node_type"": ""PS-LB"", ""Probe_mod"": 0, ""VDC_intput_V"": 0, ""Water_deep_cm"": 0.325}"
2025-10-12 01:29:18.682250884+00:00,ps-lb-18,2,-97,1.5,"{""Bat_V"": 3.606, ""Exti_pin_level"": ""Low"", ""Exti_status"": ""False"", ""IDC_intput_mA"": 4.026, ""IN1_pin_level"": ""Low"", ""IN2_pin_level"": ""Low"", ""Node_type"": ""PS-LB"", ""Probe_mod"": 0, ""VDC_intput_V"": 0, ""Water_deep_cm"": 0.325}"
2025-10-12 02:29:17.946990254+00:00,ps-lb-18,2,-93,5.0,"{""Bat_V"": 3.606, ""Exti_pin_level"": ""Low"", ""Exti_status"": ""False"", ""IDC_intput_mA"": 4.026, ""IN1_pin_level"": ""Low"", ""IN2_pin_level"": ""Low"", ""Node_type"": ""PS-LB"", ""Probe_mod"": 0, ""VDC_intput_V"": 0, ""Water_deep_cm"": 0.325}"
2025-10-12 03:29:17.225114302+00:00,ps-lb-18,2,-93,3.0,"{""Bat_V"": 3.606, ""Exti_pin_level"": ""Low"", ""Exti_status"": ""False"", ""IDC_intput_mA"": 4.026, ""IN1_pin_level"": ""Low"", ""IN2_pin_level"": ""Low"", ""Node_type"": ""PS-LB"", ""Probe_mod"": 0, ""VDC_intput_V"": 0, ""Water_deep_cm"": 0.325}"
2025-10-12 04:29:16.520007678+00:00,ps-lb-18,2,-96,5.75,"{""Bat_V"": 3.606, ""Exti_pin_level"": ""Low"", ""Exti_status"": ""False"", ""IDC_intput_mA"": 4.026, ""IN1_pin_level"": ""Low"", ""IN2_pin_level"": ""Low"", ""Node_type"": ""PS-LB"", ""Probe_mod"": 0, ""VDC_intput_V"": 0, ""Water_deep_cm"": 0.325}"
2025-10-12 05:29:15.789168049+00:00,ps-lb-18,2,-96,4.25,"{""Bat_V"": 3.606, ""Exti_pin_level"": ""Low"", ""Exti_status"": ""False"", ""IDC_intput_mA"": 4.026, ""IN1_pin_level"": ""Low"", ""IN2_pin_level"": ""Low"", ""Node_type"": ""PS-LB"", ""Probe_mod"": 0, ""VDC_intput_V"": 0, ""Water_deep_cm"": 0.325}"
2025-10-12 06:29:15.075107921+00:00,ps-lb-18,2,-97,0.25,"{""Bat_V"": 3.606, ""Exti_pin_level"": ""Low"", ""Exti_status"": ""False"", ""IDC_intput_mA"": 4.026, ""IN1_pin_level"": ""Low"", ""IN2_pin_level"": ""Low"", ""Node_type"": ""PS-LB"", ""Probe_mod"": 0, ""VDC_intput_V"": 0, ""Water_deep_cm"": 0.325}"
2025-10-12 07:29:14.328045028+00:00,ps-lb-18,2,-98,1.75,"{""Bat_V"": 3.606, ""Exti_pin_level"": ""Low"", ""Exti_status"": ""False"", ""IDC_intput_mA"": 4.026, ""IN1_pin_level"": ""Low"", ""IN2_pin_level"": ""Low"", ""Node_type"": ""PS-LB"", ""Probe_mod"": 0, ""VDC_intput_V"": 0, ""Water_deep_cm"": 0.325}"
2025-10-12 08:29:13.611801554+00:00,ps-lb-18,2,-96,-0.75,"{""Bat_V"": 3.606, ""Exti_pin_level"": ""Low"", ""Exti_status"": ""False"", ""IDC_intput_mA"": 4.025, ""IN1_pin_level"": ""Low"", ""IN2_pin_level"": ""Low"", ""Node_type"": ""PS-LB"", ""Probe_mod"": 0, ""VDC_intput_V"": 0, ""Water_deep_cm"": 0.313}"
2025-10-12 09:29:12.890409672+00:00,ps-lb-18,2,-97,0.5,"{""Bat_V"": 3.606, ""Exti_pin_level"": ""Low"", ""Exti_status"": ""False"", ""IDC_intput_mA"": 4.025, ""IN1_pin_level"": ""Low"", ""IN2_pin_level"": ""Low"", ""Node_type"": ""PS-LB"", ""Probe_mod"": 0, ""VDC_intput_V"": 0, ""Water_deep_cm"": 0.313}"
2025-10-12 10:29:12.166625699+00:00,ps-lb-18,2,-91,3.75,"{""Bat_V"": 3.606, ""Exti_pin_level"": ""Low"", ""Exti_status"": ""False"", ""IDC_intput_mA"": 4.025, ""IN1_pin_level"": ""Low"", ""IN2_pin_level"": ""Low"", ""Node_type"": ""PS-LB"", ""Probe_mod"": 0, ""VDC_intput_V"": 0, ""Water_deep_cm"": 0.313}"
2025-10-12 11:29:11.438748342+00:00,ps-lb-18,2,-93,3.25,"{""Bat_V"": 3.606, ""Exti_pin_level"": ""Low"", ""Exti_status"": ""False"", ""IDC_intput_mA"": 4.025, ""IN1_pin_level"": ""Low"", ""IN2_pin_level"": ""Low"", ""Node_type"": ""PS-LB"", ""Probe_mod"": 0, ""VDC_intput_V"": 0, ""Water_deep_cm"": 0.313}"
2025-10-12 12:29:10.705383395+00:00,ps-lb-18,2,-97,2.75,"{""Bat_V"": 3.606, ""Exti_pin_level"": ""Low"", ""Exti_status"": ""False"", ""IDC_intput_mA"": 4.025, ""IN1_pin_level"": ""Low"", ""IN2_pin_level"": ""Low"", ""Node_type"": ""PS-LB"", ""Probe_mod"": 0, ""VDC_intput_V"": 0, ""Water_deep_cm"": 0.313}"
2025-10-12 13:29:10.005777045+00:00,ps-lb-18,2,-91,4.5,"{""Bat_V"": 3.606, ""Exti_pin_level"": ""Low"", ""Exti_status"": ""False"", ""IDC_intput_mA"": 4.025, ""IN1_pin_level"": ""Low"", ""IN2_pin_level"": ""Low"", ""Node_type"": ""PS-LB"", ""Probe_mod"": 0, ""VDC_intput_V"": 0, ""Water_deep_cm"": 0.313}"
2025-10-12 14:29:09.262934302+00:00,ps-lb-18,2,-97,2.5,"{""Bat_V"": 3.606, ""Exti_pin_level"": ""Low"", ""Exti_status"": ""False"", ""IDC_intput_mA"": 4.025, ""IN1_pin_level"": ""Low"", ""IN2_pin_level"": ""Low"", ""Node_type"": ""PS-LB"", ""Probe_mod"": 0, ""VDC_intput_V"": 0, ""Water_deep_cm"": 0.313}"
2025-10-12 15:29:08.534059384+00:00,ps-lb-18,2,-96,4.25,"{""Bat_V"": 3.606, ""Exti_pin_level"": ""Low"", ""Exti_status"": ""False"", ""IDC_intput_mA"": 4.025, ""IN1_pin_level"": ""Low"", ""IN2_pin_level"": ""Low"", ""Node_type"": ""PS-LB"", ""Probe_mod"": 0, ""VDC_intput_V"": 0, ""Water_deep_cm"": 0.313}"
2025-10-12 16:29:07.792966316+00:00,ps-lb-18,2,-92,2.5,"{""Bat_V"": 3.606, ""Exti_pin_level"": ""Low"", ""Exti_status"": ""False"", ""IDC_intput_mA"": 4.025, ""IN1_pin_level"": ""Low"", ""IN2_pin_level"": ""Low"", ""Node_type"": ""PS-LB"", ""Probe_mod"": 0, ""VDC_intput_V"": 0, ""Water_deep_cm"": 0.313}"
2025-10-12 17:29:07.079151077+00:00,ps-lb-18,2,-96,2.0,"{""Bat_V"": 3.606, ""Exti_pin_level"": ""Low"", ""Exti_status"": ""False"", ""IDC_intput_mA"": 4.025, ""IN1_pin_level"": ""Low"", ""IN2_pin_level"": ""Low"", ""Node_type"": ""PS-LB"", ""Probe_mod"": 0, ""VDC_intput_V"": 0, ""Water_deep_cm"": 0.313}"
2025-10-12 18:29:06.371929531+00:00,ps-lb-18,2,-93,4.75,"{""Bat_V"": 3.606, ""Exti_pin_level"": ""Low"", ""Exti_status"": ""False"", ""IDC_intput_mA"": 4.026, ""IN1_pin_level"": ""Low"", ""IN2_pin_level"": ""Low"", ""Node_type"": ""PS-LB"", ""Probe_mod"": 0, ""VDC_intput_V"": 0, ""Water_deep_cm"": 0.325}"
2025-10-12 19:29:05.629181519+00:00,ps-lb-18,2,-93,4.0,"{""Bat_V"": 3.606, ""Exti_pin_level"": ""Low"", ""Exti_status"": ""False"", ""IDC_intput_mA"": 4.025, ""IN1_pin_level"": ""Low"", ""IN2_pin_level"": ""Low"", ""Node_type"": ""PS-LB"", ""Probe_mod"": 0, ""VDC_intput_V"": 0, ""Water_deep_cm"": 0.313}"
2025-10-12 20:29:04.907693814+00:00,ps-lb-18,2,-95,2.0,"{""Bat_V"": 3.606, ""Exti_pin_level"": ""Low"", ""Exti_status"": ""False"", ""IDC_intput_mA"": 4.025, ""IN1_pin_level"": ""Low"", ""IN2_pin_level"": ""Low"", ""Node_type"": ""PS-LB"", ""Probe_mod"": 0, ""VDC_intput_V"": 0, ""Water_deep_cm"": 0.313}"
2025-10-12 21:29:04.177643931+00:00,ps-lb-18,2,-95,4.25,"{""Bat_V"": 3.606, ""Exti_pin_level"": ""Low"", ""Exti_status"": ""False"", ""IDC_intput_mA"": 4.024, ""IN1_pin_level"": ""Low"", ""IN2_pin_level"": ""Low"", ""Node_type"": ""PS-LB"", ""Probe_mod"": 0, ""VDC_intput_V"": 0, ""Water_deep_cm"": 0.3}"
2025-10-12 22:29:03.449229685+00:00,ps-lb-18,2,-97,2.0,"{""Bat_V"": 3.606, ""Exti_pin_level"": ""Low"", ""Exti_status"": ""False"", ""IDC_intput_mA"": 4.024, ""IN1_pin_level"": ""Low"", ""IN2_pin_level"": ""Low"", ""Node_type"": ""PS-LB"", ""Probe_mod"": 0, ""VDC_intput_V"": 0, ""Water_deep_cm"": 0.3}"
2025-10-12 23:29:02.719354780+00:00,ps-lb-18,2,-96,3.5,"{""Bat_V"": 3.606, ""Exti_pin_level"": ""Low"", ""Exti_status"": ""False"", ""IDC_intput_mA"": 4.024, ""IN1_pin_level"": ""Low"", ""IN2_pin_level"": ""Low"", ""Node_type"": ""PS-LB"", ""Probe_mod"": 0, ""VDC_intput_V"": 0, ""Water_deep_cm"": 0.3}"
2025-10-13 00:29:02.003452161+00:00,ps-lb-18,2,-95,0.75,"{""Bat_V"": 3.606, ""Exti_pin_level"": ""Low"", ""Exti_status"": ""False"", ""IDC_intput_mA"": 4.025, ""IN1_pin_level"": ""Low"", ""IN2_pin_level"": ""Low"", ""Node_type"": ""PS-LB"", ""Probe_mod"": 0, ""VDC_intput_V"": 0, ""Water_deep_cm"": 0.313}"
2025-10-13 01:29:01.264764830+00:00,ps-lb-18,2,-96,2.0,"{""Bat_V"": 3.606, ""Exti_pin_level"": ""Low"", ""Exti_status"": ""False"", ""IDC_intput_mA"": 4.025, ""IN1_pin_level"": ""Low"", ""IN2_pin_level"": ""Low"", ""Node_type"": ""PS-LB"", ""Probe_mod"": 0, ""VDC_intput_V"": 0, ""Water_deep_cm"": 0.313}"
2025-10-13 02:29:00.556768192+00:00,ps-lb-18,2,-94,4.5,"{""Bat_V"": 3.606, ""Exti_pin_level"": ""Low"", ""Exti_status"": ""False"", ""IDC_intput_mA"": 4.024, ""IN1_pin_level"": ""Low"", ""IN2_pin_level"": ""Low"", ""Node_type"": ""PS-LB"", ""Probe_mod"": 0, ""VDC_intput_V"": 0, ""Water_deep_cm"": 0.3}"
2025-10-13 03:28:59.829233297+00:00,ps-lb-18,2,-94,1.25,"{""Bat_V"": 3.606, ""Exti_pin_level"": ""Low"", ""Exti_status"": ""False"", ""IDC_intput_mA"": 4.025, ""IN1_pin_level"": ""Low"", ""IN2_pin_level"": ""Low"", ""Node_type"": ""PS-LB"", ""Probe_mod"": 0, ""VDC_intput_V"": 0, ""Water_deep_cm"": 0.313}"
2025-10-13 04:28:59.088570634+00:00,ps-lb-18,2,-94,2.5,"{""Bat_V"": 3.606, ""Exti_pin_level"": ""Low"", ""Exti_status"": ""False"", ""IDC_intput_mA"": 4.025, ""IN1_pin_level"": ""Low"", ""IN2_pin_level"": ""Low"", ""Node_type"": ""PS-LB"", ""Probe_mod"": 0, ""VDC_intput_V"": 0, ""Water_deep_cm"": 0.313}"
2025-10-13 05:28:58.390823170+00:00,ps-lb-18,2,-95,4.75,"{""Bat_V"": 3.606, ""Exti_pin_level"": ""Low"", ""Exti_status"": ""False"", ""IDC_intput_mA"": 4.024, ""IN1_pin_level"": ""Low"", ""IN2_pin_level"": ""Low"", ""Node_type"": ""PS-LB"", ""Probe_mod"": 0, ""VDC_intput_V"": 0, ""Water_deep_cm"": 0.3}"
2025-10-13 06:28:57.662303474+00:00,ps-lb-18,2,-96,-1.25,"{""Bat_V"": 3.606, ""Exti_pin_level"": ""Low"", ""Exti_status"": ""False"", ""IDC_intput_mA"": 4.026, ""IN1_pin_level"": ""Low"", ""IN2_pin_level"": ""Low"", ""Node_type"": ""PS-LB"", ""Probe_mod"": 0, ""VDC_intput_V"": 0, ""Water_deep_cm"": 0.325}"
2025-10-13 07:28:56.922939001+00:00,ps-lb-18,2,-99,2.0,"{""Bat_V"": 3.606, ""Exti_pin_level"": ""Low"", ""Exti_status"": ""False"", ""IDC_intput_mA"": 4.026, ""IN1_pin_level"": ""Low"", ""IN2_pin_level"": ""Low"", ""Node_type"": ""PS-LB"", ""Probe_mod"": 0, ""VDC_intput_V"": 0, ""Water_deep_cm"": 0.325}"
2025-10-13 08:28:56.203637599+00:00,ps-lb-18,2,-97,-1.25,"{""Bat_V"": 3.606, ""Exti_pin_level"": ""Low"", ""Exti_status"": ""False"", ""IDC_intput_mA"": 4.026, ""IN1_pin_level"": ""Low"", ""IN2_pin_level"": ""Low"", ""Node_type"": ""PS-LB"", ""Probe_mod"": 0, ""VDC_intput_V"": 0, ""Water_deep_cm"": 0.325}"
2025-10-13 09:28:55.482251728+00:00,ps-lb-18,2,-98,-0.25,"{""Bat_V"": 3.606, ""Exti_pin_level"": ""Low"", ""Exti_status"": ""False"", ""IDC_intput_mA"": 4.026, ""IN1_pin_level"": ""Low"", ""IN2_pin_level"": ""Low"", ""Node_type"": ""PS-LB"", ""Probe_mod"": 0, ""VDC_intput_V"": 0, ""Water_deep_cm"": 0.325}"
2025-10-13 10:28:54.758904668+00:00,ps-lb-18,2,-96,2.75,"{""Bat_V"": 3.606, ""Exti_pin_level"": ""Low"", ""Exti_status"": ""False"", ""IDC_intput_mA"": 4.027, ""IN1_pin_level"": ""Low"", ""IN2_pin_level"": ""Low"", ""Node_type"": ""PS-LB"", ""Probe_mod"": 0, ""VDC_intput_V"": 0, ""Water_deep_cm"": 0.338}"
2025-10-13 11:28:54.022118839+00:00,ps-lb-18,2,-96,3.75,"{""Bat_V"": 3.606, ""Exti_pin_level"": ""Low"", ""Exti_status"": ""False"", ""IDC_intput_mA"": 4.028, ""IN1_pin_level"": ""Low"", ""IN2_pin_level"": ""Low"", ""Node_type"": ""PS-LB"", ""Probe_mod"": 0, ""VDC_intput_V"": 0, ""Water_deep_cm"": 0.35}"
2025-10-13 12:28:53.306811341+00:00,ps-lb-18,2,-96,4.25,"{""Bat_V"": 3.606, ""Exti_pin_level"": ""Low"", ""Exti_status"": ""False"", ""IDC_intput_mA"": 4.028, ""IN1_pin_level"": ""Low"", ""IN2_pin_level"": ""Low"", ""Node_type"": ""PS-LB"", ""Probe_mod"": 0, ""VDC_intput_V"": 0, ""Water_deep_cm"": 0.35}"
2025-10-13 13:28:52.612270102+00:00,ps-lb-18,2,-92,4.25,"{""Bat_V"": 3.606, ""Exti_pin_level"": ""Low"", ""Exti_status"": ""False"", ""IDC_intput_mA"": 4.029, ""IN1_pin_level"": ""Low"", ""IN2_pin_level"": ""Low"", ""Node_type"": ""PS-LB"", ""Probe_mod"": 0, ""VDC_intput_V"": 0, ""Water_deep_cm"": 0.362}"
2025-10-13 14:28:51.858013027+00:00,ps-lb-18,2,-98,0.75,"{""Bat_V"": 3.606, ""Exti_pin_level"": ""Low"", ""Exti_status"": ""False"", ""IDC_intput_mA"": 4.028, ""IN1_pin_level"": ""Low"", ""IN2_pin_level"": ""Low"", ""Node_type"": ""PS-LB"", ""Probe_mod"": 0, ""VDC_intput_V"": 0, ""Water_deep_cm"": 0.35}"
2025-10-13 15:28:51.121581970+00:00,ps-lb-18,2,-97,3.25,"{""Bat_V"": 3.606, ""Exti_pin_level"": ""Low"", ""Exti_status"": ""False"", ""IDC_intput_mA"": 4.029, ""IN1_pin_level"": ""Low"", ""IN2_pin_level"": ""Low"", ""Node_type"": ""PS-LB"", ""Probe_mod"": 0, ""VDC_intput_V"": 0, ""Water_deep_cm"": 0.362}"
2025-10-13 16:28:50.385682737+00:00,ps-lb-18,2,-91,1.0,"{""Bat_V"": 3.606, ""Exti_pin_level"": ""Low"", ""Exti_status"": ""False"", ""IDC_intput_mA"": 4.029, ""IN1_pin_level"": ""Low"", ""IN2_pin_level"": ""Low"", ""Node_type"": ""PS-LB"", ""Probe_mod"": 0, ""VDC_intput_V"": 0, ""Water_deep_cm"": 0.362}"
2025-10-13 17:28:49.667991212+00:00,ps-lb-18,2,-95,1.5,"{""Bat_V"": 3.606, ""Exti_pin_level"": ""Low"", ""Exti_status"": ""False"", ""IDC_intput_mA"": 4.029, ""IN1_pin_level"": ""Low"", ""IN2_pin_level"": ""Low"", ""Node_type"": ""PS-LB"", ""Probe_mod"": 0, ""VDC_intput_V"": 0, ""Water_deep_cm"": 0.362}"
2025-10-13 18:28:48.934119388+00:00,ps-lb-18,2,-95,3.25,"{""Bat_V"": 3.606, ""Exti_pin_level"": ""Low"", ""Exti_status"": ""False"", ""IDC_intput_mA"": 4.03, ""IN1_pin_level"": ""Low"", ""IN2_pin_level"": ""Low"", ""Node_type"": ""PS-LB"", ""Probe_mod"": 0, ""VDC_intput_V"": 0, ""Water_deep_cm"": 0.375}"
2025-10-13 19:28:48.212902087+00:00,ps-lb-18,2,-91,3.0,"{""Bat_V"": 3.606, ""Exti_pin_level"": ""Low"", ""Exti_status"": ""False"", ""IDC_intput_mA"": 4.03, ""IN1_pin_level"": ""Low"", ""IN2_pin_level"": ""Low"", ""Node_type"": ""PS-LB"", ""Probe_mod"": 0, ""VDC_intput_V"": 0, ""Water_deep_cm"": 0.375}"
2025-10-13 20:28:47.477903443+00:00,ps-lb-18,2,-96,3.25,"{""Bat_V"": 3.606, ""Exti_pin_level"": ""Low"", ""Exti_status"": ""False"", ""IDC_intput_mA"": 4.03, ""IN1_pin_level"": ""Low"", ""IN2_pin_level"": ""Low"", ""Node_type"": ""PS-LB"", ""Probe_mod"": 0, ""VDC_intput_V"": 0, ""Water_deep_cm"": 0.375}"
2025-10-13 21:28:46.749248291+00:00,ps-lb-18,2,-93,3.75,"{""Bat_V"": 3.606, ""Exti_pin_level"": ""Low"", ""Exti_status"": ""False"", ""IDC_intput_mA"": 4.03, ""IN1_pin_level"": ""Low"", ""IN2_pin_level"": ""Low"", ""Node_type"": ""PS-LB"", ""Probe_mod"": 0, ""VDC_intput_V"": 0, ""Water_deep_cm"": 0.375}"
2025-10-13 22:28:46.044220366+00:00,ps-lb-18,2,-96,1.75,"{""Bat_V"": 3.606, ""Exti_pin_level"": ""Low"", ""Exti_status"": ""False"", ""IDC_intput_mA"": 4.03, ""IN1_pin_level"": ""Low"", ""IN2_pin_level"": ""Low"", ""Node_type"": ""PS-LB"", ""Probe_mod"": 0, ""VDC_intput_V"": 0, ""Water_deep_cm"": 0.375}"
2025-10-13 23:28:45.313689447+00:00,ps-lb-18,2,-97,2.0,"{""Bat_V"": 3.606, ""Exti_pin_level"": ""Low"", ""Exti_status"": ""False"", ""IDC_intput_mA"": 4.03, ""IN1_pin_level"": ""Low"", ""IN2_pin_level"": ""Low"", ""Node_type"": ""PS-LB"", ""Probe_mod"": 0, ""VDC_intput_V"": 0, ""Water_deep_cm"": 0.375}"
2025-10-14 00:28:44.580950232+00:00,ps-lb-18,2,-92,1.0,"{""Bat_V"": 3.606, ""Exti_pin_level"": ""Low"", ""Exti_status"": ""False"", ""IDC_intput_mA"": 4.03, ""IN1_pin_level"": ""Low"", ""IN2_pin_level"": ""Low"", ""Node_type"": ""PS-LB"", ""Probe_mod"": 0, ""VDC_intput_V"": 0, ""Water_deep_cm"": 0.375}"
2025-10-14 01:28:43.994647687+00:00,ps-lb-18,2,-98,1.75,"{""Bat_V"": 3.606, ""Exti_pin_level"": ""Low"", ""Exti_status"": ""False"", ""IDC_intput_mA"": 4.03, ""IN1_pin_level"": ""Low"", ""IN2_pin_level"": ""Low"", ""Node_type"": ""PS-LB"", ""Probe_mod"": 0, ""VDC_intput_V"": 0, ""Water_deep_cm"": 0.375}"
2025-10-14 02:28:43.157629233+00:00,ps-lb-18,2,-95,3.25,"{""Bat_V"": 3.606, ""Exti_pin_level"": ""Low"", ""Exti_status"": ""False"", ""IDC_intput_mA"": 4.03, ""IN1_pin_level"": ""Low"", ""IN2_pin_level"": ""Low"", ""Node_type"": ""PS-LB"", ""Probe_mod"": 0, ""VDC_intput_V"": 0, ""Water_deep_cm"": 0.375}"
2025-10-14 03:28:42.388876295+00:00,ps-lb-18,2,-96,-1.0,"{""Bat_V"": 3.606, ""Exti_pin_level"": ""Low"", ""Exti_status"": ""False"", ""IDC_intput_mA"": 4.029, ""IN1_pin_level"": ""Low"", ""IN2_pin_level"": ""Low"", ""Node_type"": ""PS-LB"", ""Probe_mod"": 0, ""VDC_intput_V"": 0, ""Water_deep_cm"": 0.362}"
2025-10-14 04:28:41.671438533+00:00,ps-lb-18,2,-95,5.5,"{""Bat_V"": 3.606, ""Exti_pin_level"": ""Low"", ""Exti_status"": ""False"", ""IDC_intput_mA"": 4.029, ""IN1_pin_level"": ""Low"", ""IN2_pin_level"": ""Low"", ""Node_type"": ""PS-LB"", ""Probe_mod"": 0, ""VDC_intput_V"": 0, ""Water_deep_cm"": 0.362}"
2025-10-14 05:28:40.961054847+00:00,ps-lb-18,2,-93,6.0,"{""Bat_V"": 3.606, ""Exti_pin_level"": ""Low"", ""Exti_status"": ""False"", ""IDC_intput_mA"": 4.029, ""IN1_pin_level"": ""Low"", ""IN2_pin_level"": ""Low"", ""Node_type"": ""PS-LB"", ""Probe_mod"": 0, ""VDC_intput_V"": 0, ""Water_deep_cm"": 0.362}"
2025-10-14 06:28:40.227994346+00:00,ps-lb-18,2,-93,3.0,"{""Bat_V"": 3.606, ""Exti_pin_level"": ""Low"", ""Exti_status"": ""False"", ""IDC_intput_mA"": 4.029, ""IN1_pin_level"": ""Low"", ""IN2_pin_level"": ""Low"", ""Node_type"": ""PS-LB"", ""Probe_mod"": 0, ""VDC_intput_V"": 0, ""Water_deep_cm"": 0.362}"
2025-10-14 07:28:39.501894888+00:00,ps-lb-18,2,-93,7.5,"{""Bat_V"": 3.606, ""Exti_pin_level"": ""Low"", ""Exti_status"": ""False"", ""IDC_intput_mA"": 4.028, ""IN1_pin_level"": ""Low"", ""IN2_pin_level"": ""Low"", ""Node_type"": ""PS-LB"", ""Probe_mod"": 0, ""VDC_intput_V"": 0, ""Water_deep_cm"": 0.35}"
2025-10-14 08:28:38.773721208+00:00,ps-lb-18,2,-95,5.25,"{""Bat_V"": 3.606, ""Exti_pin_level"": ""Low"", ""Exti_status"": ""False"", ""IDC_intput_mA"": 4.028, ""IN1_pin_level"": ""Low"", ""IN2_pin_level"": ""Low"", ""Node_type"": ""PS-LB"", ""Probe_mod"": 0, ""VDC_intput_V"": 0, ""Water_deep_cm"": 0.35}"
2025-10-14 09:28:38.058061355+00:00,ps-lb-18,2,-95,3.5,"{""Bat_V"": 3.606, ""Exti_pin_level"": ""Low"", ""Exti_status"": ""False"", ""IDC_intput_mA"": 4.028, ""IN1_pin_level"": ""Low"", ""IN2_pin_level"": ""Low"", ""Node_type"": ""PS-LB"", ""Probe_mod"": 0, ""VDC_intput_V"": 0, ""Water_deep_cm"": 0.35}"
2025-10-14 10:28:37.302830496+00:00,ps-lb-18,2,-95,3.75,"{""Bat_V"": 3.612, ""Exti_pin_level"": ""Low"", ""Exti_status"": ""False"", ""IDC_intput_mA"": 4.029, ""IN1_pin_level"": ""Low"", ""IN2_pin_level"": ""Low"", ""Node_type"": ""PS-LB"", ""Probe_mod"": 0, ""VDC_intput_V"": 0, ""Water_deep_cm"": 0.362}"
2025-10-14 11:28:36.591542088+00:00,ps-lb-18,2,-93,3.75,"{""Bat_V"": 3.612, ""Exti_pin_level"": ""Low"", ""Exti_status"": ""False"", ""IDC_intput_mA"": 4.029, ""IN1_pin_level"": ""Low"", ""IN2_pin_level"": ""Low"", ""Node_type"": ""PS-LB"", ""Probe_mod"": 0, ""VDC_intput_V"": 0, ""Water_deep_cm"": 0.362}"
2025-10-14 12:28:35.838456985+00:00,ps-lb-18,2,-98,2.75,"{""Bat_V"": 3.606, ""Exti_pin_level"": ""Low"", ""Exti_status"": ""False"", ""IDC_intput_mA"": 4.029, ""IN1_pin_level"": ""Low"", ""IN2_pin_level"": ""Low"", ""Node_type"": ""PS-LB"", ""Probe_mod"": 0, ""VDC_intput_V"": 0, ""Water_deep_cm"": 0.362}"
2025-10-14 13:28:35.124384354+00:00,ps-lb-18,2,-121,-5.0,"{""Bat_V"": 3.606, ""Exti_pin_level"": ""Low"", ""Exti_status"": ""False"", ""IDC_intput_mA"": 4.029, ""IN1_pin_level"": ""Low"", ""IN2_pin_level"": ""Low"", ""Node_type"": ""PS-LB"", ""Probe_mod"": 0, ""VDC_intput_V"": 0, ""Water_deep_cm"": 0.362}"
2025-10-14 14:28:34.387307492+00:00,ps-lb-18,2,-91,4.75,"{""Bat_V"": 3.606, ""Exti_pin_level"": ""Low"", ""Exti_status"": ""False"", ""IDC_intput_mA"": 4.029, ""IN1_pin_level"": ""Low"", ""IN2_pin_level"": ""Low"", ""Node_type"": ""PS-LB"", ""Probe_mod"": 0, ""VDC_intput_V"": 0, ""Water_deep_cm"": 0.362}"
2025-10-14 15:28:33.669436942+00:00,ps-lb-18,2,-92,4.5,"{""Bat_V"": 3.612, ""Exti_pin_level"": ""Low"", ""Exti_status"": ""False"", ""IDC_intput_mA"": 4.03, ""IN1_pin_level"": ""Low"", ""IN2_pin_level"": ""Low"", ""Node_type"": ""PS-LB"", ""Probe_mod"": 0, ""VDC_intput_V"": 0, ""Water_deep_cm"": 0.375}"
2025-10-14 16:28:32.948474372+00:00,ps-lb-18,2,-125,-9.75,"{""Bat_V"": 3.606, ""Exti_pin_level"": ""Low"", ""Exti_status"": ""False"", ""IDC_intput_mA"": 4.03, ""IN1_pin_level"": ""Low"", ""IN2_pin_level"": ""Low"", ""Node_type"": ""PS-LB"", ""Probe_mod"": 0, ""VDC_intput_V"": 0, ""Water_deep_cm"": 0.375}"
2025-10-14 17:28:32.220408624+00:00,ps-lb-18,2,-95,4.0,"{""Bat_V"": 3.606, ""Exti_pin_level"": ""Low"", ""Exti_status"": ""False"", ""IDC_intput_mA"": 4.03, ""IN1_pin_level"": ""Low"", ""IN2_pin_level"": ""Low"", ""Node_type"": ""PS-LB"", ""Probe_mod"": 0, ""VDC_intput_V"": 0, ""Water_deep_cm"": 0.375}"
2025-10-14 18:28:31.503972322+00:00,ps-lb-18,2,-93,3.0,"{""Bat_V"": 3.606, ""Exti_pin_level"": ""Low"", ""Exti_status"": ""False"", ""IDC_intput_mA"": 4.03, ""IN1_pin_level"": ""Low"", ""IN2_pin_level"": ""Low"", ""Node_type"": ""PS-LB"", ""Probe_mod"": 0, ""VDC_intput_V"": 0, ""Water_deep_cm"": 0.375}"
2025-10-14 19:28:30.769835810+00:00,ps-lb-18,2,-91,1.5,"{""Bat_V"": 3.606, ""Exti_pin_level"": ""Low"", ""Exti_status"": ""False"", ""IDC_intput_mA"": 4.03, ""IN1_pin_level"": ""Low"", ""IN2_pin_level"": ""Low"", ""Node_type"": ""PS-LB"", ""Probe_mod"": 0, ""VDC_intput_V"": 0, ""Water_deep_cm"": 0.375}"
2025-10-14 20:28:30.031909712+00:00,ps-lb-18,2,-96,4.5,"{""Bat_V"": 3.606, ""Exti_pin_level"": ""Low"", ""Exti_status"": ""False"", ""IDC_intput_mA"": 4.03, ""IN1_pin_level"": ""Low"", ""IN2_pin_level"": ""Low"", ""Node_type"": ""PS-LB"", ""Probe_mod"": 0, ""VDC_intput_V"": 0, ""Water_deep_cm"": 0.375}"
2025-10-14 21:28:29.307737031+00:00,ps-lb-18,2,-95,4.25,"{""Bat_V"": 3.606, ""Exti_pin_level"": ""Low"", ""Exti_status"": ""False"", ""IDC_intput_mA"": 4.03, ""IN1_pin_level"": ""Low"", ""IN2_pin_level"": ""Low"", ""Node_type"": ""PS-LB"", ""Probe_mod"": 0, ""VDC_intput_V"": 0, ""Water_deep_cm"": 0.375}"
2025-10-14 22:28:28.577885425+00:00,ps-lb-18,2,-95,4.0,"{""Bat_V"": 3.606, ""Exti_pin_level"": ""Low"", ""Exti_status"": ""False"", ""IDC_intput_mA"": 4.03, ""IN1_pin_level"": ""Low"", ""IN2_pin_level"": ""Low"", ""Node_type"": ""PS-LB"", ""Probe_mod"": 0, ""VDC_intput_V"": 0, ""Water_deep_cm"": 0.375}"
2025-10-14 23:28:27.868239855+00:00,ps-lb-18,2,-91,4.5,"{""Bat_V"": 3.606, ""Exti_pin_level"": ""Low"", ""Exti_status"": ""False"", ""IDC_intput_mA"": 4.03, ""IN1_pin_level"": ""Low"", ""IN2_pin_level"": ""Low"", ""Node_type"": ""PS-LB"", ""Probe_mod"": 0, ""VDC_intput_V"": 0, ""Water_deep_cm"": 0.375}"
2025-10-15 00:28:27.126831192+00:00,ps-lb-18,2,-92,4.75,"{""Bat_V"": 3.606, ""Exti_pin_level"": ""Low"", ""Exti_status"": ""False"", ""IDC_intput_mA"": 4.03, ""IN1_pin_level"": ""Low"", ""IN2_pin_level"": ""Low"", ""Node_type"": ""PS-LB"", ""Probe_mod"": 0, ""VDC_intput_V"": 0, ""Water_deep_cm"": 0.375}"
2025-10-15 01:28:26.393100216+00:00,ps-lb-18,2,-93,2.5,"{""Bat_V"": 3.606, ""Exti_pin_level"": ""Low"", ""Exti_status"": ""False"", ""IDC_intput_mA"": 4.03, ""IN1_pin_level"": ""Low"", ""IN2_pin_level"": ""Low"", ""Node_type"": ""PS-LB"", ""Probe_mod"": 0, ""VDC_intput_V"": 0, ""Water_deep_cm"": 0.375}"
2025-10-15 02:28:25.676988162+00:00,ps-lb-18,2,-93,3.0,"{""Bat_V"": 3.606, ""Exti_pin_level"": ""Low"", ""Exti_status"": ""False"", ""IDC_intput_mA"": 4.03, ""IN1_pin_level"": ""Low"", ""IN2_pin_level"": ""Low"", ""Node_type"": ""PS-LB"", ""Probe_mod"": 0, ""VDC_intput_V"": 0, ""Water_deep_cm"": 0.375}"
2025-10-15 03:28:24.956573078+00:00,ps-lb-18,2,-93,2.25,"{""Bat_V"": 3.606, ""Exti_pin_level"": ""Low"", ""Exti_status"": ""False"", ""IDC_intput_mA"": 4.03, ""IN1_pin_level"": ""Low"", ""IN2_pin_level"": ""Low"", ""Node_type"": ""PS-LB"", ""Probe_mod"": 0, ""VDC_intput_V"": 0, ""Water_deep_cm"": 0.375}"
2025-10-15 04:28:24.220244156+00:00,ps-lb-18,2,-92,4.75,"{""Bat_V"": 3.606, ""Exti_pin_level"": ""Low"", ""Exti_status"": ""False"", ""IDC_intput_mA"": 4.03, ""IN1_pin_level"": ""Low"", ""IN2_pin_level"": ""Low"", ""Node_type"": ""PS-LB"", ""Probe_mod"": 0, ""VDC_intput_V"": 0, ""Water_deep_cm"": 0.375}"
2025-10-15 05:28:23.489207240+00:00,ps-lb-18,2,-92,4.0,"{""Bat_V"": 3.612, ""Exti_pin_level"": ""Low"", ""Exti_status"": ""False"", ""IDC_intput_mA"": 4.03, ""IN1_pin_level"": ""Low"", ""IN2_pin_level"": ""Low"", ""Node_type"": ""PS-LB"", ""Probe_mod"": 0, ""VDC_intput_V"": 0, ""Water_deep_cm"": 0.375}"
2025-10-15 06:28:22.770475130+00:00,ps-lb-18,2,-93,6.25,"{""Bat_V"": 3.606, ""Exti_pin_level"": ""Low"", ""Exti_status"": ""False"", ""IDC_intput_mA"": 4.03, ""IN1_pin_level"": ""Low"", ""IN2_pin_level"": ""Low"", ""Node_type"": ""PS-LB"", ""Probe_mod"": 0, ""VDC_intput_V"": 0, ""Water_deep_cm"": 0.375}"
2025-10-15 07:28:22.046853109+00:00,ps-lb-18,2,-92,4.75,"{""Bat_V"": 3.606, ""Exti_pin_level"": ""Low"", ""Exti_status"": ""False"", ""IDC_intput_mA"": 4.03, ""IN1_pin_level"": ""Low"", ""IN2_pin_level"": ""Low"", ""Node_type"": ""PS-LB"", ""Probe_mod"": 0, ""VDC_intput_V"": 0, ""Water_deep_cm"": 0.375}"
2025-10-15 08:28:21.309457556+00:00,ps-lb-18,2,-93,4.0,"{""Bat_V"": 3.606, ""Exti_pin_level"": ""Low"", ""Exti_status"": ""False"", ""IDC_intput_mA"": 4.03, ""IN1_pin_level"": ""Low"", ""IN2_pin_level"": ""Low"", ""Node_type"": ""PS-LB"", ""Probe_mod"": 0, ""VDC_intput_V"": 0, ""Water_deep_cm"": 0.375}"
2025-10-15 09:28:20.579741418+00:00,ps-lb-18,2,-92,2.75,"{""Bat_V"": 3.606, ""Exti_pin_level"": ""Low"", ""Exti_status"": ""False"", ""IDC_intput_mA"": 4.031, ""IN1_pin_level"": ""Low"", ""IN2_pin_level"": ""Low"", ""Node_type"": ""PS-LB"", ""Probe_mod"": 0, ""VDC_intput_V"": 0, ""Water_deep_cm"": 0.387}"
2025-10-15 10:28:19.854058362+00:00,ps-lb-18,2,-94,3.75,"{""Bat_V"": 3.606, ""Exti_pin_level"": ""Low"", ""Exti_status"": ""False"", ""IDC_intput_mA"": 4.031, ""IN1_pin_level"": ""Low"", ""IN2_pin_level"": ""Low"", ""Node_type"": ""PS-LB"", ""Probe_mod"": 0, ""VDC_intput_V"": 0, ""Water_deep_cm"": 0.387}"
2025-10-15 11:28:19.136024516+00:00,ps-lb-18,2,-94,2.25,"{""Bat_V"": 3.606, ""Exti_pin_level"": ""Low"", ""Exti_status"": ""False"", ""IDC_intput_mA"": 4.031, ""IN1_pin_level"": ""Low"", ""IN2_pin_level"": ""Low"", ""Node_type"": ""PS-LB"", ""Probe_mod"": 0, ""VDC_intput_V"": 0, ""Water_deep_cm"": 0.387}"
2025-10-15 12:28:18.386263003+00:00,ps-lb-18,2,-95,6.25,"{""Bat_V"": 3.606, ""Exti_pin_level"": ""Low"", ""Exti_status"": ""False"", ""IDC_intput_mA"": 4.031, ""IN1_pin_level"": ""Low"", ""IN2_pin_level"": ""Low"", ""Node_type"": ""PS-LB"", ""Probe_mod"": 0, ""VDC_intput_V"": 0, ""Water_deep_cm"": 0.387}"
2025-10-15 13:28:17.669206839+00:00,ps-lb-18,2,-93,5.5,"{""Bat_V"": 3.606, ""Exti_pin_level"": ""Low"", ""Exti_status"": ""False"", ""IDC_intput_mA"": 4.031, ""IN1_pin_level"": ""Low"", ""IN2_pin_level"": ""Low"", ""Node_type"": ""PS-LB"", ""Probe_mod"": 0, ""VDC_intput_V"": 0, ""Water_deep_cm"": 0.387}"
2025-10-15 14:28:16.936841358+00:00,ps-lb-18,2,-93,4.5,"{""Bat_V"": 3.606, ""Exti_pin_level"": ""Low"", ""Exti_status"": ""False"", ""IDC_intput_mA"": 4.032, ""IN1_pin_level"": ""Low"", ""IN2_pin_level"": ""Low"", ""Node_type"": ""PS-LB"", ""Probe_mod"": 0, ""VDC_intput_V"": 0, ""Water_deep_cm"": 0.4}"
2025-10-15 15:28:16.216807680+00:00,ps-lb-18,2,-92,7.0,"{""Bat_V"": 3.606, ""Exti_pin_level"": ""Low"", ""Exti_status"": ""False"", ""IDC_intput_mA"": 4.032, ""IN1_pin_level"": ""Low"", ""IN2_pin_level"": ""Low"", ""Node_type"": ""PS-LB"", ""Probe_mod"": 0, ""VDC_intput_V"": 0, ""Water_deep_cm"": 0.4}"
2025-10-15 16:28:15.500726719+00:00,ps-lb-18,2,-93,4.25,"{""Bat_V"": 3.606, ""Exti_pin_level"": ""Low"", ""Exti_status"": ""False"", ""IDC_intput_mA"": 4.032, ""IN1_pin_level"": ""Low"", ""IN2_pin_level"": ""Low"", ""Node_type"": ""PS-LB"", ""Probe_mod"": 0, ""VDC_intput_V"": 0, ""Water_deep_cm"": 0.4}"
2025-10-15 17:28:14.763502249+00:00,ps-lb-18,2,-93,4.25,"{""Bat_V"": 3.606, ""Exti_pin_level"": ""Low"", ""Exti_status"": ""False"", ""IDC_intput_mA"": 4.032, ""IN1_pin_level"": ""Low"", ""IN2_pin_level"": ""Low"", ""Node_type"": ""PS-LB"", ""Probe_mod"": 0, ""VDC_intput_V"": 0, ""Water_deep_cm"": 0.4}"
2025-10-15 18:28:14.039376046+00:00,ps-lb-18,2,-91,2.5,"{""Bat_V"": 3.606, ""Exti_pin_level"": ""Low"", ""Exti_status"": ""False"", ""IDC_intput_mA"": 4.032, ""IN1_pin_level"": ""Low"", ""IN2_pin_level"": ""Low"", ""Node_type"": ""PS-LB"", ""Probe_mod"": 0, ""VDC_intput_V"": 0, ""Water_deep_cm"": 0.4}"
2025-10-15 19:28:13.329304411+00:00,ps-lb-18,2,-92,3.75,"{""Bat_V"": 3.606, ""Exti_pin_level"": ""Low"", ""Exti_status"": ""False"", ""IDC_intput_mA"": 4.032, ""IN1_pin_level"": ""Low"", ""IN2_pin_level"": ""Low"", ""Node_type"": ""PS-LB"", ""Probe_mod"": 0, ""VDC_intput_V"": 0, ""Water_deep_cm"": 0.4}"
2025-10-15 20:28:12.581880588+00:00,ps-lb-18,2,-95,4.0,"{""Bat_V"": 3.606, ""Exti_pin_level"": ""Low"", ""Exti_status"": ""False"", ""IDC_intput_mA"": 4.032, ""IN1_pin_level"": ""Low"", ""IN2_pin_level"": ""Low"", ""Node_type"": ""PS-LB"", ""Probe_mod"": 0, ""VDC_intput_V"": 0, ""Water_deep_cm"": 0.4}"
2025-10-15 21:28:11.857318656+00:00,ps-lb-18,2,-93,6.75,"{""Bat_V"": 3.606, ""Exti_pin_level"": ""Low"", ""Exti_status"": ""False"", ""IDC_intput_mA"": 4.032, ""IN1_pin_level"": ""Low"", ""IN2_pin_level"": ""Low"", ""Node_type"": ""PS-LB"", ""Probe_mod"": 0, ""VDC_intput_V"": 0, ""Water_deep_cm"": 0.4}"
2025-10-15 22:28:11.119352270+00:00,ps-lb-18,2,-93,6.25,"{""Bat_V"": 3.606, ""Exti_pin_level"": ""Low"", ""Exti_status"": ""False"", ""IDC_intput_mA"": 4.032, ""IN1_pin_level"": ""Low"", ""IN2_pin_level"": ""Low"", ""Node_type"": ""PS-LB"", ""Probe_mod"": 0, ""VDC_intput_V"": 0, ""Water_deep_cm"": 0.4}"
2025-10-15 23:28:10.423942559+00:00,ps-lb-18,2,-92,5.75,"{""Bat_V"": 3.606, ""Exti_pin_level"": ""Low"", ""Exti_status"": ""False"", ""IDC_intput_mA"": 4.032, ""IN1_pin_level"": ""Low"", ""IN2_pin_level"": ""Low"", ""Node_type"": ""PS-LB"", ""Probe_mod"": 0, ""VDC_intput_V"": 0, ""Water_deep_cm"": 0.4}"
2025-10-16 00:28:09.675052816+00:00,ps-lb-18,2,-92,4.5,"{""Bat_V"": 3.606, ""Exti_pin_level"": ""Low"", ""Exti_status"": ""False"", ""IDC_intput_mA"": 4.032, ""IN1_pin_level"": ""Low"", ""IN2_pin_level"": ""Low"", ""Node_type"": ""PS-LB"", ""Probe_mod"": 0, ""VDC_intput_V"": 0, ""Water_deep_cm"": 0.4}"
2025-10-16 01:28:08.959242543+00:00,ps-lb-18,2,-92,4.75,"{""Bat_V"": 3.606, ""Exti_pin_level"": ""Low"", ""Exti_status"": ""False"", ""IDC_intput_mA"": 4.032, ""IN1_pin_level"": ""Low"", ""IN2_pin_level"": ""Low"", ""Node_type"": ""PS-LB"", ""Probe_mod"": 0, ""VDC_intput_V"": 0, ""Water_deep_cm"": 0.4}"
2025-10-16 02:28:08.225211091+00:00,ps-lb-18,2,-91,4.25,"{""Bat_V"": 3.606, ""Exti_pin_level"": ""Low"", ""Exti_status"": ""False"", ""IDC_intput_mA"": 4.032, ""IN1_pin_level"": ""Low"", ""IN2_pin_level"": ""Low"", ""Node_type"": ""PS-LB"", ""Probe_mod"": 0, ""VDC_intput_V"": 0, ""Water_deep_cm"": 0.4}"
2025-10-16 03:28:07.499453336+00:00,ps-lb-18,2,-91,4.25,"{""Bat_V"": 3.606, ""Exti_pin_level"": ""Low"", ""Exti_status"": ""False"", ""IDC_intput_mA"": 4.031, ""IN1_pin_level"": ""Low"", ""IN2_pin_level"": ""Low"", ""Node_type"": ""PS-LB"", ""Probe_mod"": 0, ""VDC_intput_V"": 0, ""Water_deep_cm"": 0.387}"
2025-10-16 04:28:06.778348070+00:00,ps-lb-18,2,-93,6.0,"{""Bat_V"": 3.606, ""Exti_pin_level"": ""Low"", ""Exti_status"": ""False"", ""IDC_intput_mA"": 4.032, ""IN1_pin_level"": ""Low"", ""IN2_pin_level"": ""Low"", ""Node_type"": ""PS-LB"", ""Probe_mod"": 0, ""VDC_intput_V"": 0, ""Water_deep_cm"": 0.4}"
2025-10-16 05:28:06.038578556+00:00,ps-lb-18,2,-93,4.75,"{""Bat_V"": 3.606, ""Exti_pin_level"": ""Low"", ""Exti_status"": ""False"", ""IDC_intput_mA"": 4.031, ""IN1_pin_level"": ""Low"", ""IN2_pin_level"": ""Low"", ""Node_type"": ""PS-LB"", ""Probe_mod"": 0, ""VDC_intput_V"": 0, ""Water_deep_cm"": 0.387}"
2025-10-16 06:28:05.325885147+00:00,ps-lb-18,2,-93,3.5,"{""Bat_V"": 3.606, ""Exti_pin_level"": ""Low"", ""Exti_status"": ""False"", ""IDC_intput_mA"": 4.031, ""IN1_pin_level"": ""Low"", ""IN2_pin_level"": ""Low"", ""Node_type"": ""PS-LB"", ""Probe_mod"": 0, ""VDC_intput_V"": 0, ""Water_deep_cm"": 0.387}"
2025-10-16 07:28:04.575125859+00:00,ps-lb-18,2,-90,5.25,"{""Bat_V"": 3.606, ""Exti_pin_level"": ""Low"", ""Exti_status"": ""False"", ""IDC_intput_mA"": 4.032, ""IN1_pin_level"": ""Low"", ""IN2_pin_level"": ""Low"", ""Node_type"": ""PS-LB"", ""Probe_mod"": 0, ""VDC_intput_V"": 0, ""Water_deep_cm"": 0.4}"
2025-10-16 08:28:03.854135901+00:00,ps-lb-18,2,-91,6.25,"{""Bat_V"": 3.606, ""Exti_pin_level"": ""Low"", ""Exti_status"": ""False"", ""IDC_intput_mA"": 4.032, ""IN1_pin_level"": ""Low"", ""IN2_pin_level"": ""Low"", ""Node_type"": ""PS-LB"", ""Probe_mod"": 0, ""VDC_intput_V"": 0, ""Water_deep_cm"": 0.4}"
2025-10-16 09:28:03.133568306+00:00,ps-lb-18,2,-93,6.5,"{""Bat_V"": 3.606, ""Exti_pin_level"": ""Low"", ""Exti_status"": ""False"", ""IDC_intput_mA"": 4.032, ""IN1_pin_level"": ""Low"", ""IN2_pin_level"": ""Low"", ""Node_type"": ""PS-LB"", ""Probe_mod"": 0, ""VDC_intput_V"": 0, ""Water_deep_cm"": 0.4}"
2025-10-16 10:28:02.395673918+00:00,ps-lb-18,2,-93,6.25,"{""Bat_V"": 3.606, ""Exti_pin_level"": ""Low"", ""Exti_status"": ""False"", ""IDC_intput_mA"": 4.032, ""IN1_pin_level"": ""Low"", ""IN2_pin_level"": ""Low"", ""Node_type"": ""PS-LB"", ""Probe_mod"": 0, ""VDC_intput_V"": 0, ""Water_deep_cm"": 0.4}"
2025-10-16 11:28:01.674092054+00:00,ps-lb-18,2,-93,2.5,"{""Bat_V"": 3.606, ""Exti_pin_level"": ""Low"", ""Exti_status"": ""False"", ""IDC_intput_mA"": 4.032, ""IN1_pin_level"": ""Low"", ""IN2_pin_level"": ""Low"", ""Node_type"": ""PS-LB"", ""Probe_mod"": 0, ""VDC_intput_V"": 0, ""Water_deep_cm"": 0.4}"
2025-10-16 12:28:00.953097523+00:00,ps-lb-18,2,-95,6.0,"{""Bat_V"": 3.606, ""Exti_pin_level"": ""Low"", ""Exti_status"": ""False"", ""IDC_intput_mA"": 4.033, ""IN1_pin_level"": ""Low"", ""IN2_pin_level"": ""Low"", ""Node_type"": ""PS-LB"", ""Probe_mod"": 0, ""VDC_intput_V"": 0, ""Water_deep_cm"": 0.413}"
2025-10-16 13:28:00.212377917+00:00,ps-lb-18,2,-92,5.75,"{""Bat_V"": 3.606, ""Exti_pin_level"": ""Low"", ""Exti_status"": ""False"", ""IDC_intput_mA"": 4.033, ""IN1_pin_level"": ""Low"", ""IN2_pin_level"": ""Low"", ""Node_type"": ""PS-LB"", ""Probe_mod"": 0, ""VDC_intput_V"": 0, ""Water_deep_cm"": 0.413}"
2025-10-16 14:27:59.504915575+00:00,ps-lb-18,2,-92,5.75,"{""Bat_V"": 3.606, ""Exti_pin_level"": ""Low"", ""Exti_status"": ""False"", ""IDC_intput_mA"": 4.033, ""IN1_pin_level"": ""Low"", ""IN2_pin_level"": ""Low"", ""Node_type"": ""PS-LB"", ""Probe_mod"": 0, ""VDC_intput_V"": 0, ""Water_deep_cm"": 0.413}"
2025-10-16 15:27:58.743651804+00:00,ps-lb-18,2,-124,-8.75,"{""Bat_V"": 3.606, ""Exti_pin_level"": ""Low"", ""Exti_status"": ""False"", ""IDC_intput_mA"": 4.033, ""IN1_pin_level"": ""Low"", ""IN2_pin_level"": ""Low"", ""Node_type"": ""PS-LB"", ""Probe_mod"": 0, ""VDC_intput_V"": 0, ""Water_deep_cm"": 0.413}"
2025-10-16 16:27:58.068665903+00:00,ps-lb-18,2,-95,5.25,"{""Bat_V"": 3.606, ""Exti_pin_level"": ""Low"", ""Exti_status"": ""False"", ""IDC_intput_mA"": 4.033, ""IN1_pin_level"": ""Low"", ""IN2_pin_level"": ""Low"", ""Node_type"": ""PS-LB"", ""Probe_mod"": 0, ""VDC_intput_V"": 0, ""Water_deep_cm"": 0.413}"
2025-10-16 17:27:57.307350837+00:00,ps-lb-18,2,-93,3.5,"{""Bat_V"": 3.606, ""Exti_pin_level"": ""Low"", ""Exti_status"": ""False"", ""IDC_intput_mA"": 4.034, ""IN1_pin_level"": ""Low"", ""IN2_pin_level"": ""Low"", ""Node_type"": ""PS-LB"", ""Probe_mod"": 0, ""VDC_intput_V"": 0, ""Water_deep_cm"": 0.425}"
2025-10-16 18:27:56.597331889+00:00,ps-lb-18,2,-92,4.5,"{""Bat_V"": 3.606, ""Exti_pin_level"": ""Low"", ""Exti_status"": ""False"", ""IDC_intput_mA"": 4.034, ""IN1_pin_level"": ""Low"", ""IN2_pin_level"": ""Low"", ""Node_type"": ""PS-LB"", ""Probe_mod"": 0, ""VDC_intput_V"": 0, ""Water_deep_cm"": 0.425}"
2025-10-16 19:27:55.866788174+00:00,ps-lb-18,2,-92,4.5,"{""Bat_V"": 3.606, ""Exti_pin_level"": ""Low"", ""Exti_status"": ""False"", ""IDC_intput_mA"": 4.034, ""IN1_pin_level"": ""Low"", ""IN2_pin_level"": ""Low"", ""Node_type"": ""PS-LB"", ""Probe_mod"": 0, ""VDC_intput_V"": 0, ""Water_deep_cm"": 0.425}"
2025-10-16 20:27:55.140263194+00:00,ps-lb-18,2,-92,5.75,"{""Bat_V"": 3.606, ""Exti_pin_level"": ""Low"", ""Exti_status"": ""False"", ""IDC_intput_mA"": 4.033, ""IN1_pin_level"": ""Low"", ""IN2_pin_level"": ""Low"", ""Node_type"": ""PS-LB"", ""Probe_mod"": 0, ""VDC_intput_V"": 0, ""Water_deep_cm"": 0.413}"
2025-10-16 21:27:54.405998671+00:00,ps-lb-18,2,-91,5.75,"{""Bat_V"": 3.606, ""Exti_pin_level"": ""Low"", ""Exti_status"": ""False"", ""IDC_intput_mA"": 4.034, ""IN1_pin_level"": ""Low"", ""IN2_pin_level"": ""Low"", ""Node_type"": ""PS-LB"", ""Probe_mod"": 0, ""VDC_intput_V"": 0, ""Water_deep_cm"": 0.425}"
2025-10-16 22:27:53.677142075+00:00,ps-lb-18,2,-92,5.5,"{""Bat_V"": 3.606, ""Exti_pin_level"": ""Low"", ""Exti_status"": ""False"", ""IDC_intput_mA"": 4.033, ""IN1_pin_level"": ""Low"", ""IN2_pin_level"": ""Low"", ""Node_type"": ""PS-LB"", ""Probe_mod"": 0, ""VDC_intput_V"": 0, ""Water_deep_cm"": 0.413}"
2025-10-16 23:27:52.939637142+00:00,ps-lb-18,2,-90,5.25,"{""Bat_V"": 3.612, ""Exti_pin_level"": ""Low"", ""Exti_status"": ""False"", ""IDC_intput_mA"": 4.033, ""IN1_pin_level"": ""Low"", ""IN2_pin_level"": ""Low"", ""Node_type"": ""PS-LB"", ""Probe_mod"": 0, ""VDC_intput_V"": 0, ""Water_deep_cm"": 0.413}"
2025-10-17 00:27:52.218149589+00:00,ps-lb-18,2,-92,3.5,"{""Bat_V"": 3.606, ""Exti_pin_level"": ""Low"", ""Exti_status"": ""False"", ""IDC_intput_mA"": 4.033, ""IN1_pin_level"": ""Low"", ""IN2_pin_level"": ""Low"", ""Node_type"": ""PS-LB"", ""Probe_mod"": 0, ""VDC_intput_V"": 0, ""Water_deep_cm"": 0.413}"
2025-10-17 01:27:51.495843253+00:00,ps-lb-18,2,-93,5.25,"{""Bat_V"": 3.606, ""Exti_pin_level"": ""Low"", ""Exti_status"": ""False"", ""IDC_intput_mA"": 4.033, ""IN1_pin_level"": ""Low"", ""IN2_pin_level"": ""Low"", ""Node_type"": ""PS-LB"", ""Probe_mod"": 0, ""VDC_intput_V"": 0, ""Water_deep_cm"": 0.413}"
2025-10-17 03:27:50.028858465+00:00,ps-lb-18,2,-90,4.25,"{""Bat_V"": 3.606, ""Exti_pin_level"": ""Low"", ""Exti_status"": ""False"", ""IDC_intput_mA"": 4.032, ""IN1_pin_level"": ""Low"", ""IN2_pin_level"": ""Low"", ""Node_type"": ""PS-LB"", ""Probe_mod"": 0, ""VDC_intput_V"": 0, ""Water_deep_cm"": 0.4}"
2025-10-17 04:27:49.319971889+00:00,ps-lb-18,2,-124,-8.5,"{""Bat_V"": 3.606, ""Exti_pin_level"": ""Low"", ""Exti_status"": ""False"", ""IDC_intput_mA"": 4.032, ""IN1_pin_level"": ""Low"", ""IN2_pin_level"": ""Low"", ""Node_type"": ""PS-LB"", ""Probe_mod"": 0, ""VDC_intput_V"": 0, ""Water_deep_cm"": 0.4}"
2025-10-17 05:27:48.578755605+00:00,ps-lb-18,2,-91,6.5,"{""Bat_V"": 3.606, ""Exti_pin_level"": ""Low"", ""Exti_status"": ""False"", ""IDC_intput_mA"": 4.032, ""IN1_pin_level"": ""Low"", ""IN2_pin_level"": ""Low"", ""Node_type"": ""PS-LB"", ""Probe_mod"": 0, ""VDC_intput_V"": 0, ""Water_deep_cm"": 0.4}"
2025-10-17 06:27:47.861161178+00:00,ps-lb-18,2,-92,7.5,"{""Bat_V"": 3.606, ""Exti_pin_level"": ""Low"", ""Exti_status"": ""False"", ""IDC_intput_mA"": 4.033, ""IN1_pin_level"": ""Low"", ""IN2_pin_level"": ""Low"", ""Node_type"": ""PS-LB"", ""Probe_mod"": 0, ""VDC_intput_V"": 0, ""Water_deep_cm"": 0.413}"
2025-10-17 07:27:47.127650024+00:00,ps-lb-18,2,-91,5.75,"{""Bat_V"": 3.606, ""Exti_pin_level"": ""Low"", ""Exti_status"": ""False"", ""IDC_intput_mA"": 4.032, ""IN1_pin_level"": ""Low"", ""IN2_pin_level"": ""Low"", ""Node_type"": ""PS-LB"", ""Probe_mod"": 0, ""VDC_intput_V"": 0, ""Water_deep_cm"": 0.4}"
2025-10-17 08:27:46.396222959+00:00,ps-lb-18,2,-92,3.75,"{""Bat_V"": 3.606, ""Exti_pin_level"": ""Low"", ""Exti_status"": ""False"", ""IDC_intput_mA"": 4.032, ""IN1_pin_level"": ""Low"", ""IN2_pin_level"": ""Low"", ""Node_type"": ""PS-LB"", ""Probe_mod"": 0, ""VDC_intput_V"": 0, ""Water_deep_cm"": 0.4}"
2025-10-17 09:27:45.682289101+00:00,ps-lb-18,2,-92,2.75,"{""Bat_V"": 3.606, ""Exti_pin_level"": ""Low"", ""Exti_status"": ""False"", ""IDC_intput_mA"": 4.033, ""IN1_pin_level"": ""Low"", ""IN2_pin_level"": ""Low"", ""Node_type"": ""PS-LB"", ""Probe_mod"": 0, ""VDC_intput_V"": 0, ""Water_deep_cm"": 0.413}"
2025-10-17 10:27:44.945726613+00:00,ps-lb-18,2,-95,3.5,"{""Bat_V"": 3.606, ""Exti_pin_level"": ""Low"", ""Exti_status"": ""False"", ""IDC_intput_mA"": 4.033, ""IN1_pin_level"": ""Low"", ""IN2_pin_level"": ""Low"", ""Node_type"": ""PS-LB"", ""Probe_mod"": 0, ""VDC_intput_V"": 0, ""Water_deep_cm"": 0.413}"
2025-10-17 11:27:44.224686039+00:00,ps-lb-18,2,-95,2.0,"{""Bat_V"": 3.606, ""Exti_pin_level"": ""Low"", ""Exti_status"": ""False"", ""IDC_intput_mA"": 4.032, ""IN1_pin_level"": ""Low"", ""IN2_pin_level"": ""Low"", ""Node_type"": ""PS-LB"", ""Probe_mod"": 0, ""VDC_intput_V"": 0, ""Water_deep_cm"": 0.4}"
2025-10-17 12:27:43.490420880+00:00,ps-lb-18,2,-96,5.0,"{""Bat_V"": 3.606, ""Exti_pin_level"": ""Low"", ""Exti_status"": ""False"", ""IDC_intput_mA"": 4.033, ""IN1_pin_level"": ""Low"", ""IN2_pin_level"": ""Low"", ""Node_type"": ""PS-LB"", ""Probe_mod"": 0, ""VDC_intput_V"": 0, ""Water_deep_cm"": 0.413}"
2025-10-17 13:27:42.767604692+00:00,ps-lb-18,2,-95,2.25,"{""Bat_V"": 3.606, ""Exti_pin_level"": ""Low"", ""Exti_status"": ""False"", ""IDC_intput_mA"": 4.034, ""IN1_pin_level"": ""Low"", ""IN2_pin_level"": ""Low"", ""Node_type"": ""PS-LB"", ""Probe_mod"": 0, ""VDC_intput_V"": 0, ""Water_deep_cm"": 0.425}"
2025-10-17 14:27:42.044373439+00:00,ps-lb-18,2,-95,3.0,"{""Bat_V"": 3.606, ""Exti_pin_level"": ""Low"", ""Exti_status"": ""False"", ""IDC_intput_mA"": 4.034, ""IN1_pin_level"": ""Low"", ""IN2_pin_level"": ""Low"", ""Node_type"": ""PS-LB"", ""Probe_mod"": 0, ""VDC_intput_V"": 0, ""Water_deep_cm"": 0.425}"
2025-10-17 15:27:41.307016151+00:00,ps-lb-18,2,-92,2.0,"{""Bat_V"": 3.606, ""Exti_pin_level"": ""Low"", ""Exti_status"": ""False"", ""IDC_intput_mA"": 4.033, ""IN1_pin_level"": ""Low"", ""IN2_pin_level"": ""Low"", ""Node_type"": ""PS-LB"", ""Probe_mod"": 0, ""VDC_intput_V"": 0, ""Water_deep_cm"": 0.413}"
2025-10-17 16:27:40.577100134+00:00,ps-lb-18,2,-93,0.25,"{""Bat_V"": 3.606, ""Exti_pin_level"": ""Low"", ""Exti_status"": ""False"", ""IDC_intput_mA"": 4.033, ""IN1_pin_level"": ""Low"", ""IN2_pin_level"": ""Low"", ""Node_type"": ""PS-LB"", ""Probe_mod"": 0, ""VDC_intput_V"": 0, ""Water_deep_cm"": 0.413}"
2025-10-17 17:27:39.856999879+00:00,ps-lb-18,2,-96,2.0,"{""Bat_V"": 3.612, ""Exti_pin_level"": ""Low"", ""Exti_status"": ""False"", ""IDC_intput_mA"": 4.034, ""IN1_pin_level"": ""Low"", ""IN2_pin_level"": ""Low"", ""Node_type"": ""PS-LB"", ""Probe_mod"": 0, ""VDC_intput_V"": 0, ""Water_deep_cm"": 0.425}"
2025-10-17 18:27:39.136167046+00:00,ps-lb-18,2,-93,3.0,"{""Bat_V"": 3.606, ""Exti_pin_level"": ""Low"", ""Exti_status"": ""False"", ""IDC_intput_mA"": 4.033, ""IN1_pin_level"": ""Low"", ""IN2_pin_level"": ""Low"", ""Node_type"": ""PS-LB"", ""Probe_mod"": 0, ""VDC_intput_V"": 0, ""Water_deep_cm"": 0.413}"
2025-10-17 19:27:38.396775263+00:00,ps-lb-18,2,-92,2.25,"{""Bat_V"": 3.606, ""Exti_pin_level"": ""Low"", ""Exti_status"": ""False"", ""IDC_intput_mA"": 4.033, ""IN1_pin_level"": ""Low"", ""IN2_pin_level"": ""Low"", ""Node_type"": ""PS-LB"", ""Probe_mod"": 0, ""VDC_intput_V"": 0, ""Water_deep_cm"": 0.413}"
2025-10-17 20:27:37.659651678+00:00,ps-lb-18,2,-91,3.5,"{""Bat_V"": 3.606, ""Exti_pin_level"": ""Low"", ""Exti_status"": ""False"", ""IDC_intput_mA"": 4.034, ""IN1_pin_level"": ""Low"", ""IN2_pin_level"": ""Low"", ""Node_type"": ""PS-LB"", ""Probe_mod"": 0, ""VDC_intput_V"": 0, ""Water_deep_cm"": 0.425}"
2025-10-17 21:27:36.942303532+00:00,ps-lb-18,2,-96,6.25,"{""Bat_V"": 3.606, ""Exti_pin_level"": ""Low"", ""Exti_status"": ""False"", ""IDC_intput_mA"": 4.033, ""IN1_pin_level"": ""Low"", ""IN2_pin_level"": ""Low"", ""Node_type"": ""PS-LB"", ""Probe_mod"": 0, ""VDC_intput_V"": 0, ""Water_deep_cm"": 0.413}"
2025-10-17 22:27:36.220287702+00:00,ps-lb-18,2,-95,4.0,"{""Bat_V"": 3.606, ""Exti_pin_level"": ""Low"", ""Exti_status"": ""False"", ""IDC_intput_mA"": 4.033, ""IN1_pin_level"": ""Low"", ""IN2_pin_level"": ""Low"", ""Node_type"": ""PS-LB"", ""Probe_mod"": 0, ""VDC_intput_V"": 0, ""Water_deep_cm"": 0.413}"
2025-10-17 23:27:35.526766199+00:00,ps-lb-18,2,-95,4.25,"{""Bat_V"": 3.612, ""Exti_pin_level"": ""Low"", ""Exti_status"": ""False"", ""IDC_intput_mA"": 4.033, ""IN1_pin_level"": ""Low"", ""IN2_pin_level"": ""Low"", ""Node_type"": ""PS-LB"", ""Probe_mod"": 0, ""VDC_intput_V"": 0, ""Water_deep_cm"": 0.413}"
2025-10-18 00:27:34.763618961+00:00,ps-lb-18,2,-96,5.25,"{""Bat_V"": 3.612, ""Exti_pin_level"": ""Low"", ""Exti_status"": ""False"", ""IDC_intput_mA"": 4.033, ""IN1_pin_level"": ""Low"", ""IN2_pin_level"": ""Low"", ""Node_type"": ""PS-LB"", ""Probe_mod"": 0, ""VDC_intput_V"": 0, ""Water_deep_cm"": 0.413}"
2025-10-18 01:27:34.044379990+00:00,ps-lb-18,2,-95,3.0,"{""Bat_V"": 3.606, ""Exti_pin_level"": ""Low"", ""Exti_status"": ""False"", ""IDC_intput_mA"": 4.032, ""IN1_pin_level"": ""Low"", ""IN2_pin_level"": ""Low"", ""Node_type"": ""PS-LB"", ""Probe_mod"": 0, ""VDC_intput_V"": 0, ""Water_deep_cm"": 0.4}"
2025-10-18 02:27:33.294820851+00:00,ps-lb-18,2,-123,-6.75,"{""Bat_V"": 3.612, ""Exti_pin_level"": ""Low"", ""Exti_status"": ""False"", ""IDC_intput_mA"": 4.032, ""IN1_pin_level"": ""Low"", ""IN2_pin_level"": ""Low"", ""Node_type"": ""PS-LB"", ""Probe_mod"": 0, ""VDC_intput_V"": 0, ""Water_deep_cm"": 0.4}"
2025-10-18 03:27:32.596803080+00:00,ps-lb-18,2,-92,3.0,"{""Bat_V"": 3.606, ""Exti_pin_level"": ""Low"", ""Exti_status"": ""False"", ""IDC_intput_mA"": 4.032, ""IN1_pin_level"": ""Low"", ""IN2_pin_level"": ""Low"", ""Node_type"": ""PS-LB"", ""Probe_mod"": 0, ""VDC_intput_V"": 0, ""Water_deep_cm"": 0.4}"
2025-10-18 04:27:31.861164785+00:00,ps-lb-18,2,-93,5.0,"{""Bat_V"": 3.606, ""Exti_pin_level"": ""Low"", ""Exti_status"": ""False"", ""IDC_intput_mA"": 4.031, ""IN1_pin_level"": ""Low"", ""IN2_pin_level"": ""Low"", ""Node_type"": ""PS-LB"", ""Probe_mod"": 0, ""VDC_intput_V"": 0, ""Water_deep_cm"": 0.387}"
2025-10-18 05:27:31.127406817+00:00,ps-lb-18,2,-93,6.0,"{""Bat_V"": 3.606, ""Exti_pin_level"": ""Low"", ""Exti_status"": ""False"", ""IDC_intput_mA"": 4.031, ""IN1_pin_level"": ""Low"", ""IN2_pin_level"": ""Low"", ""Node_type"": ""PS-LB"", ""Probe_mod"": 0, ""VDC_intput_V"": 0, ""Water_deep_cm"": 0.387}"
2025-10-18 06:27:30.417191043+00:00,ps-lb-18,2,-92,4.75,"{""Bat_V"": 3.606, ""Exti_pin_level"": ""Low"", ""Exti_status"": ""False"", ""IDC_intput_mA"": 4.03, ""IN1_pin_level"": ""Low"", ""IN2_pin_level"": ""Low"", ""Node_type"": ""PS-LB"", ""Probe_mod"": 0, ""VDC_intput_V"": 0, ""Water_deep_cm"": 0.375}"
2025-10-18 07:27:29.701120790+00:00,ps-lb-18,2,-93,5.25,"{""Bat_V"": 3.606, ""Exti_pin_level"": ""Low"", ""Exti_status"": ""False"", ""IDC_intput_mA"": 4.03, ""IN1_pin_level"": ""Low"", ""IN2_pin_level"": ""Low"", ""Node_type"": ""PS-LB"", ""Probe_mod"": 0, ""VDC_intput_V"": 0, ""Water_deep_cm"": 0.375}"
2025-10-18 08:27:28.954073550+00:00,ps-lb-18,2,-95,4.25,"{""Bat_V"": 3.606, ""Exti_pin_level"": ""Low"", ""Exti_status"": ""False"", ""IDC_intput_mA"": 4.03, ""IN1_pin_level"": ""Low"", ""IN2_pin_level"": ""Low"", ""Node_type"": ""PS-LB"", ""Probe_mod"": 0, ""VDC_intput_V"": 0, ""Water_deep_cm"": 0.375}"
2025-10-18 09:27:28.234594235+00:00,ps-lb-18,2,-95,1.5,"{""Bat_V"": 3.606, ""Exti_pin_level"": ""Low"", ""Exti_status"": ""False"", ""IDC_intput_mA"": 4.03, ""IN1_pin_level"": ""Low"", ""IN2_pin_level"": ""Low"", ""Node_type"": ""PS-LB"", ""Probe_mod"": 0, ""VDC_intput_V"": 0, ""Water_deep_cm"": 0.375}"
2025-10-18 10:27:27.505974243+00:00,ps-lb-18,2,-95,3.25,"{""Bat_V"": 3.606, ""Exti_pin_level"": ""Low"", ""Exti_status"": ""False"", ""IDC_intput_mA"": 4.029, ""IN1_pin_level"": ""Low"", ""IN2_pin_level"": ""Low"", ""Node_type"": ""PS-LB"", ""Probe_mod"": 0, ""VDC_intput_V"": 0, ""Water_deep_cm"": 0.362}"
2025-10-18 11:27:26.779271050+00:00,ps-lb-18,2,-122,-7.75,"{""Bat_V"": 3.606, ""Exti_pin_level"": ""Low"", ""Exti_status"": ""False"", ""IDC_intput_mA"": 4.029, ""IN1_pin_level"": ""Low"", ""IN2_pin_level"": ""Low"", ""Node_type"": ""PS-LB"", ""Probe_mod"": 0, ""VDC_intput_V"": 0, ""Water_deep_cm"": 0.362}"
2025-10-18 12:27:26.065722478+00:00,ps-lb-18,2,-99,1.5,"{""Bat_V"": 3.606, ""Exti_pin_level"": ""Low"", ""Exti_status"": ""False"", ""IDC_intput_mA"": 4.028, ""IN1_pin_level"": ""Low"", ""IN2_pin_level"": ""Low"", ""Node_type"": ""PS-LB"", ""Probe_mod"": 0, ""VDC_intput_V"": 0, ""Water_deep_cm"": 0.35}"
2025-10-18 13:27:25.319824779+00:00,ps-lb-18,2,-98,3.25,"{""Bat_V"": 3.606, ""Exti_pin_level"": ""Low"", ""Exti_status"": ""False"", ""IDC_intput_mA"": 4.028, ""IN1_pin_level"": ""Low"", ""IN2_pin_level"": ""Low"", ""Node_type"": ""PS-LB"", ""Probe_mod"": 0, ""VDC_intput_V"": 0, ""Water_deep_cm"": 0.35}"
2025-10-18 14:27:24.608467371+00:00,ps-lb-18,2,-96,5.0,"{""Bat_V"": 3.606, ""Exti_pin_level"": ""Low"", ""Exti_status"": ""False"", ""IDC_intput_mA"": 4.028, ""IN1_pin_level"": ""Low"", ""IN2_pin_level"": ""Low"", ""Node_type"": ""PS-LB"", ""Probe_mod"": 0, ""VDC_intput_V"": 0, ""Water_deep_cm"": 0.35}"
2025-10-18 15:27:23.860056398+00:00,ps-lb-18,2,-93,4.5,"{""Bat_V"": 3.606, ""Exti_pin_level"": ""Low"", ""Exti_status"": ""False"", ""IDC_intput_mA"": 4.028, ""IN1_pin_level"": ""Low"", ""IN2_pin_level"": ""Low"", ""Node_type"": ""PS-LB"", ""Probe_mod"": 0, ""VDC_intput_V"": 0, ""Water_deep_cm"": 0.35}"
2025-10-18 16:27:23.147381647+00:00,ps-lb-18,2,-93,2.75,"{""Bat_V"": 3.606, ""Exti_pin_level"": ""Low"", ""Exti_status"": ""False"", ""IDC_intput_mA"": 4.028, ""IN1_pin_level"": ""Low"", ""IN2_pin_level"": ""Low"", ""Node_type"": ""PS-LB"", ""Probe_mod"": 0, ""VDC_intput_V"": 0, ""Water_deep_cm"": 0.35}"
2025-10-18 17:27:22.413142500+00:00,ps-lb-18,2,-97,2.25,"{""Bat_V"": 3.612, ""Exti_pin_level"": ""Low"", ""Exti_status"": ""False"", ""IDC_intput_mA"": 4.028, ""IN1_pin_level"": ""Low"", ""IN2_pin_level"": ""Low"", ""Node_type"": ""PS-LB"", ""Probe_mod"": 0, ""VDC_intput_V"": 0, ""Water_deep_cm"": 0.35}"
2025-10-18 18:27:21.698045339+00:00,ps-lb-18,2,-96,-0.5,"{""Bat_V"": 3.606, ""Exti_pin_level"": ""Low"", ""Exti_status"": ""False"", ""IDC_intput_mA"": 4.027, ""IN1_pin_level"": ""Low"", ""IN2_pin_level"": ""Low"", ""Node_type"": ""PS-LB"", ""Probe_mod"": 0, ""VDC_intput_V"": 0, ""Water_deep_cm"": 0.338}"
2025-10-18 19:27:20.973099375+00:00,ps-lb-18,2,-96,1.75,"{""Bat_V"": 3.606, ""Exti_pin_level"": ""Low"", ""Exti_status"": ""False"", ""IDC_intput_mA"": 4.027, ""IN1_pin_level"": ""Low"", ""IN2_pin_level"": ""Low"", ""Node_type"": ""PS-LB"", ""Probe_mod"": 0, ""VDC_intput_V"": 0, ""Water_deep_cm"": 0.338}"
2025-10-18 20:27:20.257453630+00:00,ps-lb-18,2,-93,4.25,"{""Bat_V"": 3.606, ""Exti_pin_level"": ""Low"", ""Exti_status"": ""False"", ""IDC_intput_mA"": 4.026, ""IN1_pin_level"": ""Low"", ""IN2_pin_level"": ""Low"", ""Node_type"": ""PS-LB"", ""Probe_mod"": 0, ""VDC_intput_V"": 0, ""Water_deep_cm"": 0.325}"
2025-10-18 21:27:19.517163196+00:00,ps-lb-18,2,-121,-4.75,"{""Bat_V"": 3.606, ""Exti_pin_level"": ""Low"", ""Exti_status"": ""False"", ""IDC_intput_mA"": 4.026, ""IN1_pin_level"": ""Low"", ""IN2_pin_level"": ""Low"", ""Node_type"": ""PS-LB"", ""Probe_mod"": 0, ""VDC_intput_V"": 0, ""Water_deep_cm"": 0.325}"
2025-10-18 22:27:18.787278564+00:00,ps-lb-18,2,-95,3.25,"{""Bat_V"": 3.606, ""Exti_pin_level"": ""Low"", ""Exti_status"": ""False"", ""IDC_intput_mA"": 4.026, ""IN1_pin_level"": ""Low"", ""IN2_pin_level"": ""Low"", ""Node_type"": ""PS-LB"", ""Probe_mod"": 0, ""VDC_intput_V"": 0, ""Water_deep_cm"": 0.325}"
2025-10-18 23:27:18.091887059+00:00,ps-lb-18,2,-94,3.25,"{""Bat_V"": 3.606, ""Exti_pin_level"": ""Low"", ""Exti_status"": ""False"", ""IDC_intput_mA"": 4.025, ""IN1_pin_level"": ""Low"", ""IN2_pin_level"": ""Low"", ""Node_type"": ""PS-LB"", ""Probe_mod"": 0, ""VDC_intput_V"": 0, ""Water_deep_cm"": 0.313}"
2025-10-19 00:27:17.366192713+00:00,ps-lb-18,2,-93,2.75,"{""Bat_V"": 3.606, ""Exti_pin_level"": ""Low"", ""Exti_status"": ""False"", ""IDC_intput_mA"": 4.025, ""IN1_pin_level"": ""Low"", ""IN2_pin_level"": ""Low"", ""Node_type"": ""PS-LB"", ""Probe_mod"": 0, ""VDC_intput_V"": 0, ""Water_deep_cm"": 0.313}"
2025-10-19 01:27:16.636987221+00:00,ps-lb-18,2,-96,1.5,"{""Bat_V"": 3.606, ""Exti_pin_level"": ""Low"", ""Exti_status"": ""False"", ""IDC_intput_mA"": 4.024, ""IN1_pin_level"": ""Low"", ""IN2_pin_level"": ""Low"", ""Node_type"": ""PS-LB"", ""Probe_mod"": 0, ""VDC_intput_V"": 0, ""Water_deep_cm"": 0.3}"
2025-10-19 02:27:15.886517070+00:00,ps-lb-18,2,-93,2.75,"{""Bat_V"": 3.606, ""Exti_pin_level"": ""Low"", ""Exti_status"": ""False"", ""IDC_intput_mA"": 4.025, ""IN1_pin_level"": ""Low"", ""IN2_pin_level"": ""Low"", ""Node_type"": ""PS-LB"", ""Probe_mod"": 0, ""VDC_intput_V"": 0, ""Water_deep_cm"": 0.313}"
2025-10-19 03:27:15.175303464+00:00,ps-lb-18,2,-93,5.0,"{""Bat_V"": 3.606, ""Exti_pin_level"": ""Low"", ""Exti_status"": ""False"", ""IDC_intput_mA"": 4.025, ""IN1_pin_level"": ""Low"", ""IN2_pin_level"": ""Low"", ""Node_type"": ""PS-LB"", ""Probe_mod"": 0, ""VDC_intput_V"": 0, ""Water_deep_cm"": 0.313}"
2025-10-19 04:27:14.445222943+00:00,ps-lb-18,2,-93,4.25,"{""Bat_V"": 3.606, ""Exti_pin_level"": ""Low"", ""Exti_status"": ""False"", ""IDC_intput_mA"": 4.024, ""IN1_pin_level"": ""Low"", ""IN2_pin_level"": ""Low"", ""Node_type"": ""PS-LB"", ""Probe_mod"": 0, ""VDC_intput_V"": 0, ""Water_deep_cm"": 0.3}"
2025-10-19 05:27:13.758901686+00:00,ps-lb-18,2,-123,-6.5,"{""Bat_V"": 3.606, ""Exti_pin_level"": ""Low"", ""Exti_status"": ""False"", ""IDC_intput_mA"": 4.024, ""IN1_pin_level"": ""Low"", ""IN2_pin_level"": ""Low"", ""Node_type"": ""PS-LB"", ""Probe_mod"": 0, ""VDC_intput_V"": 0, ""Water_deep_cm"": 0.3}"
2025-10-19 06:27:12.995430400+00:00,ps-lb-18,2,-96,2.75,"{""Bat_V"": 3.606, ""Exti_pin_level"": ""Low"", ""Exti_status"": ""False"", ""IDC_intput_mA"": 4.024, ""IN1_pin_level"": ""Low"", ""IN2_pin_level"": ""Low"", ""Node_type"": ""PS-LB"", ""Probe_mod"": 0, ""VDC_intput_V"": 0, ""Water_deep_cm"": 0.3}"
2025-10-19 07:27:12.277276687+00:00,ps-lb-18,2,-92,4.0,"{""Bat_V"": 3.612, ""Exti_pin_level"": ""Low"", ""Exti_status"": ""False"", ""IDC_intput_mA"": 4.024, ""IN1_pin_level"": ""Low"", ""IN2_pin_level"": ""Low"", ""Node_type"": ""PS-LB"", ""Probe_mod"": 0, ""VDC_intput_V"": 0, ""Water_deep_cm"": 0.3}"
2025-10-19 08:27:11.553908474+00:00,ps-lb-18,2,-94,3.0,"{""Bat_V"": 3.606, ""Exti_pin_level"": ""Low"", ""Exti_status"": ""False"", ""IDC_intput_mA"": 4.025, ""IN1_pin_level"": ""Low"", ""IN2_pin_level"": ""Low"", ""Node_type"": ""PS-LB"", ""Probe_mod"": 0, ""VDC_intput_V"": 0, ""Water_deep_cm"": 0.313}"
2025-10-19 09:27:10.835985120+00:00,ps-lb-18,2,-94,3.75,"{""Bat_V"": 3.606, ""Exti_pin_level"": ""Low"", ""Exti_status"": ""False"", ""IDC_intput_mA"": 4.024, ""IN1_pin_level"": ""Low"", ""IN2_pin_level"": ""Low"", ""Node_type"": ""PS-LB"", ""Probe_mod"": 0, ""VDC_intput_V"": 0, ""Water_deep_cm"": 0.3}"
2025-10-19 10:27:10.095211850+00:00,ps-lb-18,2,-92,4.25,"{""Bat_V"": 3.606, ""Exti_pin_level"": ""Low"", ""Exti_status"": ""False"", ""IDC_intput_mA"": 4.024, ""IN1_pin_level"": ""Low"", ""IN2_pin_level"": ""Low"", ""Node_type"": ""PS-LB"", ""Probe_mod"": 0, ""VDC_intput_V"": 0, ""Water_deep_cm"": 0.3}"
2025-10-19 11:27:09.377213198+00:00,ps-lb-18,2,-90,5.5,"{""Bat_V"": 3.606, ""Exti_pin_level"": ""Low"", ""Exti_status"": ""False"", ""IDC_intput_mA"": 4.024, ""IN1_pin_level"": ""Low"", ""IN2_pin_level"": ""Low"", ""Node_type"": ""PS-LB"", ""Probe_mod"": 0, ""VDC_intput_V"": 0, ""Water_deep_cm"": 0.3}"
2025-10-19 12:27:08.624906475+00:00,ps-lb-18,2,-95,6.0,"{""Bat_V"": 3.606, ""Exti_pin_level"": ""Low"", ""Exti_status"": ""False"", ""IDC_intput_mA"": 4.025, ""IN1_pin_level"": ""Low"", ""IN2_pin_level"": ""Low"", ""Node_type"": ""PS-LB"", ""Probe_mod"": 0, ""VDC_intput_V"": 0, ""Water_deep_cm"": 0.313}"
2025-10-19 13:27:07.934092586+00:00,ps-lb-18,2,-124,-8.25,"{""Bat_V"": 3.606, ""Exti_pin_level"": ""Low"", ""Exti_status"": ""False"", ""IDC_intput_mA"": 4.025, ""IN1_pin_level"": ""Low"", ""IN2_pin_level"": ""Low"", ""Node_type"": ""PS-LB"", ""Probe_mod"": 0, ""VDC_intput_V"": 0, ""Water_deep_cm"": 0.313}"
2025-10-19 14:27:07.217384700+00:00,ps-lb-18,2,-95,2.5,"{""Bat_V"": 3.606, ""Exti_pin_level"": ""Low"", ""Exti_status"": ""False"", ""IDC_intput_mA"": 4.024, ""IN1_pin_level"": ""Low"", ""IN2_pin_level"": ""Low"", ""Node_type"": ""PS-LB"", ""Probe_mod"": 0, ""VDC_intput_V"": 0, ""Water_deep_cm"": 0.3}"
2025-10-19 15:27:06.485372369+00:00,ps-lb-18,2,-96,2.75,"{""Bat_V"": 3.606, ""Exti_pin_level"": ""Low"", ""Exti_status"": ""False"", ""IDC_intput_mA"": 4.025, ""IN1_pin_level"": ""Low"", ""IN2_pin_level"": ""Low"", ""Node_type"": ""PS-LB"", ""Probe_mod"": 0, ""VDC_intput_V"": 0, ""Water_deep_cm"": 0.313}"
2025-10-19 16:27:05.753070710+00:00,ps-lb-18,2,-96,1.0,"{""Bat_V"": 3.606, ""Exti_pin_level"": ""Low"", ""Exti_status"": ""False"", ""IDC_intput_mA"": 4.025, ""IN1_pin_level"": ""Low"", ""IN2_pin_level"": ""Low"", ""Node_type"": ""PS-LB"", ""Probe_mod"": 0, ""VDC_intput_V"": 0, ""Water_deep_cm"": 0.313}"
2025-10-19 17:27:05.010580805+00:00,ps-lb-18,2,-96,1.75,"{""Bat_V"": 3.606, ""Exti_pin_level"": ""Low"", ""Exti_status"": ""False"", ""IDC_intput_mA"": 4.024, ""IN1_pin_level"": ""Low"", ""IN2_pin_level"": ""Low"", ""Node_type"": ""PS-LB"", ""Probe_mod"": 0, ""VDC_intput_V"": 0, ""Water_deep_cm"": 0.3}"
2025-10-19 18:27:04.303328002+00:00,ps-lb-18,2,-95,3.25,"{""Bat_V"": 3.606, ""Exti_pin_level"": ""Low"", ""Exti_status"": ""False"", ""IDC_intput_mA"": 4.024, ""IN1_pin_level"": ""Low"", ""IN2_pin_level"": ""Low"", ""Node_type"": ""PS-LB"", ""Probe_mod"": 0, ""VDC_intput_V"": 0, ""Water_deep_cm"": 0.3}"
2025-10-19 19:27:03.574486323+00:00,ps-lb-18,2,-95,2.25,"{""Bat_V"": 3.606, ""Exti_pin_level"": ""Low"", ""Exti_status"": ""False"", ""IDC_intput_mA"": 4.024, ""IN1_pin_level"": ""Low"", ""IN2_pin_level"": ""Low"", ""Node_type"": ""PS-LB"", ""Probe_mod"": 0, ""VDC_intput_V"": 0, ""Water_deep_cm"": 0.3}"
2025-10-19 20:27:02.852985119+00:00,ps-lb-18,2,-92,3.25,"{""Bat_V"": 3.606, ""Exti_pin_level"": ""Low"", ""Exti_status"": ""False"", ""IDC_intput_mA"": 4.023, ""IN1_pin_level"": ""Low"", ""IN2_pin_level"": ""Low"", ""Node_type"": ""PS-LB"", ""Probe_mod"": 0, ""VDC_intput_V"": 0, ""Water_deep_cm"": 0.287}"
2025-10-19 21:27:02.118894435+00:00,ps-lb-18,2,-96,3.5,"{""Bat_V"": 3.606, ""Exti_pin_level"": ""Low"", ""Exti_status"": ""False"", ""IDC_intput_mA"": 4.023, ""IN1_pin_level"": ""Low"", ""IN2_pin_level"": ""Low"", ""Node_type"": ""PS-LB"", ""Probe_mod"": 0, ""VDC_intput_V"": 0, ""Water_deep_cm"": 0.287}"
2025-10-19 22:27:01.389469815+00:00,ps-lb-18,2,-96,3.5,"{""Bat_V"": 3.606, ""Exti_pin_level"": ""Low"", ""Exti_status"": ""False"", ""IDC_intput_mA"": 4.022, ""IN1_pin_level"": ""Low"", ""IN2_pin_level"": ""Low"", ""Node_type"": ""PS-LB"", ""Probe_mod"": 0, ""VDC_intput_V"": 0, ""Water_deep_cm"": 0.275}"
2025-10-19 23:27:00.670838087+00:00,ps-lb-18,2,-95,3.75,"{""Bat_V"": 3.606, ""Exti_pin_level"": ""Low"", ""Exti_status"": ""False"", ""IDC_intput_mA"": 4.022, ""IN1_pin_level"": ""Low"", ""IN2_pin_level"": ""Low"", ""Node_type"": ""PS-LB"", ""Probe_mod"": 0, ""VDC_intput_V"": 0, ""Water_deep_cm"": 0.275}"
2025-10-20 00:26:59.957793343+00:00,ps-lb-18,2,-96,4.0,"{""Bat_V"": 3.606, ""Exti_pin_level"": ""Low"", ""Exti_status"": ""False"", ""IDC_intput_mA"": 4.022, ""IN1_pin_level"": ""Low"", ""IN2_pin_level"": ""Low"", ""Node_type"": ""PS-LB"", ""Probe_mod"": 0, ""VDC_intput_V"": 0, ""Water_deep_cm"": 0.275}"
2025-10-20 01:26:59.258355754+00:00,ps-lb-18,2,-95,2.5,"{""Bat_V"": 3.606, ""Exti_pin_level"": ""Low"", ""Exti_status"": ""False"", ""IDC_intput_mA"": 4.022, ""IN1_pin_level"": ""Low"", ""IN2_pin_level"": ""Low"", ""Node_type"": ""PS-LB"", ""Probe_mod"": 0, ""VDC_intput_V"": 0, ""Water_deep_cm"": 0.275}"
2025-10-20 02:26:58.498857606+00:00,ps-lb-18,2,-123,-7.75,"{""Bat_V"": 3.606, ""Exti_pin_level"": ""Low"", ""Exti_status"": ""False"", ""IDC_intput_mA"": 4.021, ""IN1_pin_level"": ""Low"", ""IN2_pin_level"": ""Low"", ""Node_type"": ""PS-LB"", ""Probe_mod"": 0, ""VDC_intput_V"": 0, ""Water_deep_cm"": 0.262}"
2025-10-20 03:26:57.780621428+00:00,ps-lb-18,2,-95,-0.5,"{""Bat_V"": 3.606, ""Exti_pin_level"": ""Low"", ""Exti_status"": ""False"", ""IDC_intput_mA"": 4.021, ""IN1_pin_level"": ""Low"", ""IN2_pin_level"": ""Low"", ""Node_type"": ""PS-LB"", ""Probe_mod"": 0, ""VDC_intput_V"": 0, ""Water_deep_cm"": 0.262}"
2025-10-20 04:26:57.063726792+00:00,ps-lb-18,2,-97,1.75,"{""Bat_V"": 3.606, ""Exti_pin_level"": ""Low"", ""Exti_status"": ""False"", ""IDC_intput_mA"": 4.02, ""IN1_pin_level"": ""Low"", ""IN2_pin_level"": ""Low"", ""Node_type"": ""PS-LB"", ""Probe_mod"": 0, ""VDC_intput_V"": 0, ""Water_deep_cm"": 0.25}"
2025-10-20 05:26:56.374783860+00:00,ps-lb-18,2,-95,3.75,"{""Bat_V"": 3.606, ""Exti_pin_level"": ""Low"", ""Exti_status"": ""False"", ""IDC_intput_mA"": 4.021, ""IN1_pin_level"": ""Low"", ""IN2_pin_level"": ""Low"", ""Node_type"": ""PS-LB"", ""Probe_mod"": 0, ""VDC_intput_V"": 0, ""Water_deep_cm"": 0.262}"
