received_at,device_id,f_port,rssi,snr,payload_json
2025-09-18 00:14:37.331415030+00:00,ps-lb-06,2,-29,11.25,"{""Bat_V"": 3.624, ""Exti_pin_level"": ""Low"", ""Exti_status"": ""False"", ""IDC_intput_mA"": 5.643, ""IN1_pin_level"": ""Low"", ""IN2_pin_level"": ""Low"", ""Node_type"": ""PS-LB"", ""Probe_mod"": 0, ""VDC_intput_V"": 0, ""Water_deep_cm"": 0}"
2025-09-18 00:34:37.072020017+00:00,ps-lb-06,2,-29,10.25,"{""Bat_V"": 3.624, ""Exti_pin_level"": ""Low"", ""Exti_status"": ""False"", ""IDC_intput_mA"": 5.643, ""IN1_pin_level"": ""Low"", ""IN2_pin_level"": ""Low"", ""Node_type"": ""PS-LB"", ""Probe_mod"": 0, ""VDC_intput_V"": 0, ""Water_deep_cm"": 0}"
2025-09-18 00:54:36.808457615+00:00,ps-lb-06,2,-29,7.5,"{""Bat_V"": 3.624, ""Exti_pin_level"": ""Low"", ""Exti_status"": ""False"", ""IDC_intput_mA"": 5.643, ""IN1_pin_level"": ""Low"", ""IN2_pin_level"": ""Low"", ""Node_type"": ""PS-LB"", ""Probe_mod"": 0, ""VDC_intput_V"": 0, ""Water_deep_cm"": 0}"
2025-09-18 01:14:36.565802882+00:00,ps-lb-06,2,-27,9.0,"{""Bat_V"": 3.624, ""Exti_pin_level"": ""Low"", ""Exti_status"": ""False"", ""IDC_intput_mA"": 5.642, ""IN1_pin_level"": ""Low"", ""IN2_pin_level"": ""Low"", ""Node_type"": ""PS-LB"", ""Probe_mod"": 0, ""VDC_intput_V"": 0, ""Water_deep_cm"": 0}"
2025-09-18 01:34:36.331848744+00:00,ps-lb-06,2,-29,9.25,"{""Bat_V"": 3.624, ""Exti_pin_level"": ""Low"", ""Exti_status"": ""False"", ""IDC_intput_mA"": 5.642, ""IN1_pin_level"": ""Low"", ""IN2_pin_level"": ""Low"", ""Node_type"": ""PS-LB"", ""Probe_mod"": 0, ""VDC_intput_V"": 0, ""Water_deep_cm"": 0}"
2025-09-18 01:54:36.063765774+00:00,ps-lb-06,2,-31,9.5,"{""Bat_V"": 3.624, ""Exti_pin_level"": ""Low"", ""Exti_status"": ""False"", ""IDC_intput_mA"": 5.641, ""IN1_pin_level"": ""Low"", ""IN2_pin_level"": ""Low"", ""Node_type"": ""PS-LB"", ""Probe_mod"": 0, ""VDC_intput_V"": 0, ""Water_deep_cm"": 0}"
2025-09-18 02:14:35.830542935+00:00,ps-lb-06,2,-31,7.75,"{""Bat_V"": 3.624, ""Exti_pin_level"": ""Low"", ""Exti_status"": ""False"", ""IDC_intput_mA"": 5.641, ""IN1_pin_level"": ""Low"", ""IN2_pin_level"": ""Low"", ""Node_type"": ""PS-LB"", ""Probe_mod"": 0, ""VDC_intput_V"": 0, ""Water_deep_cm"": 0}"
2025-09-18 02:34:35.583533204+00:00,ps-lb-06,2,-29,10.25,"{""Bat_V"": 3.624, ""Exti_pin_level"": ""Low"", ""Exti_status"": ""False"", ""IDC_intput_mA"": 5.641, ""IN1_pin_level"": ""Low"", ""IN2_pin_level"": ""Low"", ""Node_type"": ""PS-LB"", ""Probe_mod"": 0, ""VDC_intput_V"": 0, ""Water_deep_cm"": 0}"
2025-09-18 02:54:35.315259251+00:00,ps-lb-06,2,-123,-6.75,"{""Bat_V"": 3.624, ""Exti_pin_level"": ""Low"", ""Exti_status"": ""False"", ""IDC_intput_mA"": 5.641, ""IN1_pin_level"": ""Low"", ""IN2_pin_level"": ""Low"", ""Node_type"": ""PS-LB"", ""Probe_mod"": 0, ""VDC_intput_V"": 0, ""Water_deep_cm"": 0}"
2025-09-18 03:14:35.078458776+00:00,ps-lb-06,2,-27,7.75,"{""Bat_V"": 3.624, ""Exti_pin_level"": ""Low"", ""Exti_status"": ""False"", ""IDC_intput_mA"": 5.641, ""IN1_pin_level"": ""Low"", ""IN2_pin_level"": ""Low"", ""Node_type"": ""PS-LB"", ""Probe_mod"": 0, ""VDC_intput_V"": 0, ""Water_deep_cm"": 0}"
2025-09-18 03:34:34.829917028+00:00,ps-lb-06,2,-26,7.75,"{""Bat_V"": 3.624, ""Exti_pin_level"": ""Low"", ""Exti_status"": ""False"", ""IDC_intput_mA"": 5.641, ""IN1_pin_level"": ""Low"", ""IN2_pin_level"": ""Low"", ""Node_type"": ""PS-LB"", ""Probe_mod"": 0, ""VDC_intput_V"": 0, ""Water_deep_cm"": 0}"
2025-09-18 03:54:34.566778669+00:00,ps-lb-06,2,-29,7.25,"{""Bat_V"": 3.624, ""Exti_pin_level"": ""Low"", ""Exti_status"": ""False"", ""IDC_intput_mA"": 5.641, ""IN1_pin_level"": ""Low"", ""IN2_pin_level"": ""Low"", ""Node_type"": ""PS-LB"", ""Probe_mod"": 0, ""VDC_intput_V"": 0, ""Water_deep_cm"": 0}"
2025-09-18 04:14:34.322876853+00:00,ps-lb-06,2,-31,10.0,"{""Bat_V"": 3.624, ""Exti_pin_level"": ""Low"", ""Exti_status"": ""False"", ""IDC_intput_mA"": 5.641, ""IN1_pin_level"": ""Low"", ""IN2_pin_level"": ""Low"", ""Node_type"": ""PS-LB"", ""Probe_mod"": 0, ""VDC_intput_V"": 0, ""Water_deep_cm"": 0}"
2025-09-18 04:34:34.070724591+00:00,ps-lb-06,2,-28,9.5,"{""Bat_V"": 3.624, ""Exti_pin_level"": ""Low"", ""Exti_status"": ""False"", ""IDC_intput_mA"": 5.64, ""IN1_pin_level"": ""Low"", ""IN2_pin_level"": ""Low"", ""Node_type"": ""PS-LB"", ""Probe_mod"": 0, ""VDC_intput_V"": 0, ""Water_deep_cm"": 0}"
2025-09-18 04:54:33.831524824+00:00,ps-lb-06,2,-31,10.0,"{""Bat_V"": 3.624, ""Exti_pin_level"": ""Low"", ""Exti_status"": ""False"", ""IDC_intput_mA"": 5.64, ""IN1_pin_level"": ""Low"", ""IN2_pin_level"": ""Low"", ""Node_type"": ""PS-LB"", ""Probe_mod"": 0, ""VDC_intput_V"": 0, ""Water_deep_cm"": 0}"
2025-09-18 05:14:33.597226986+00:00,ps-lb-06,2,-29,9.0,"{""Bat_V"": 3.624, ""Exti_pin_level"": ""Low"", ""Exti_status"": ""False"", ""IDC_intput_mA"": 5.639, ""IN1_pin_level"": ""Low"", ""IN2_pin_level"": ""Low"", ""Node_type"": ""PS-LB"", ""Probe_mod"": 0, ""VDC_intput_V"": 0, ""Water_deep_cm"": 0}"
2025-09-18 05:34:33.331178345+00:00,ps-lb-06,2,-27,10.25,"{""Bat_V"": 3.624, ""Exti_pin_level"": ""Low"", ""Exti_status"": ""False"", ""IDC_intput_mA"": 5.639, ""IN1_pin_level"": ""Low"", ""IN2_pin_level"": ""Low"", ""Node_type"": ""PS-LB"", ""Probe_mod"": 0, ""VDC_intput_V"": 0, ""Water_deep_cm"": 0}"
2025-09-18 05:54:33.088590112+00:00,ps-lb-06,2,-24,7.25,"{""Bat_V"": 3.624, ""Exti_pin_level"": ""Low"", ""Exti_status"": ""False"", ""IDC_intput_mA"": 5.639, ""IN1_pin_level"": ""Low"", ""IN2_pin_level"": ""Low"", ""Node_type"": ""PS-LB"", ""Probe_mod"": 0, ""VDC_intput_V"": 0, ""Water_deep_cm"": 0}"
2025-09-18 06:14:32.853978305+00:00,ps-lb-06,2,-25,11.0,"{""Bat_V"": 3.624, ""Exti_pin_level"": ""Low"", ""Exti_status"": ""False"", ""IDC_intput_mA"": 5.639, ""IN1_pin_level"": ""Low"", ""IN2_pin_level"": ""Low"", ""Node_type"": ""PS-LB"", ""Probe_mod"": 0, ""VDC_intput_V"": 0, ""Water_deep_cm"": 0}"
2025-09-18 06:34:32.597930083+00:00,ps-lb-06,2,-121,-5.0,"{""Bat_V"": 3.624, ""Exti_pin_level"": ""Low"", ""Exti_status"": ""False"", ""IDC_intput_mA"": 5.638, ""IN1_pin_level"": ""Low"", ""IN2_pin_level"": ""Low"", ""Node_type"": ""PS-LB"", ""Probe_mod"": 0, ""VDC_intput_V"": 0, ""Water_deep_cm"": 0}"
2025-09-18 06:54:32.341794210+00:00,ps-lb-06,2,-24,9.25,"{""Bat_V"": 3.624, ""Exti_pin_level"": ""Low"", ""Exti_status"": ""False"", ""IDC_intput_mA"": 5.639, ""IN1_pin_level"": ""Low"", ""IN2_pin_level"": ""Low"", ""Node_type"": ""PS-LB"", ""Probe_mod"": 0, ""VDC_intput_V"": 0, ""Water_deep_cm"": 0}"
2025-09-18 07:34:31.832730390+00:00,ps-lb-06,2,-29,7.5,"{""Bat_V"": 3.624, ""Exti_pin_level"": ""Low"", ""Exti_status"": ""False"", ""IDC_intput_mA"": 5.638, ""IN1_pin_level"": ""Low"", ""IN2_pin_level"": ""Low"", ""Node_type"": ""PS-LB"", ""Probe_mod"": 0, ""VDC_intput_V"": 0, ""Water_deep_cm"": 0}"
2025-09-18 07:35:38.972031073+00:00,ps-lb-06,2,-29,10.25,"{""Bat_V"": 3.624, ""Exti_pin_level"": ""Low"", ""Exti_status"": ""False"", ""IDC_intput_mA"": 5.638, ""IN1_pin_level"": ""Low"", ""IN2_pin_level"": ""Low"", ""Node_type"": ""PS-LB"", ""Probe_mod"": 0, ""VDC_intput_V"": 0, ""Water_deep_cm"": 0}"
2025-09-18 07:36:38.972127071+00:00,ps-lb-06,2,-27,8.25,"{""Bat_V"": 3.624, ""Exti_pin_level"": ""Low"", ""Exti_status"": ""False"", ""IDC_intput_mA"": 5.638, ""IN1_pin_level"": ""Low"", ""IN2_pin_level"": ""Low"", ""Node_type"": ""PS-LB"", ""Probe_mod"": 0, ""VDC_intput_V"": 0, ""Water_deep_cm"": 20.475}"
2025-09-18 07:37:46.480785255+00:00,ps-lb-06,2,-20,7.75,"{""Bat_V"": 3.624, ""Exti_pin_level"": ""Low"", ""Exti_status"": ""False"", ""IDC_intput_mA"": 5.638, ""IN1_pin_level"": ""Low"", ""IN2_pin_level"": ""Low"", ""Node_type"": ""PS-LB"", ""Probe_mod"": 0, ""VDC_intput_V"": 0, ""Water_deep_cm"": 20.475}"
2025-09-18 07:38:46.491667101+00:00,ps-lb-06,2,-21,8.0,"{""Bat_V"": 3.624, ""Exti_pin_level"": ""Low"", ""Exti_status"": ""False"", ""IDC_intput_mA"": 5.638, ""IN1_pin_level"": ""Low"", ""IN2_pin_level"": ""Low"", ""Node_type"": ""PS-LB"", ""Probe_mod"": 0, ""VDC_intput_V"": 0, ""Water_deep_cm"": 20.475}"
2025-09-18 07:39:46.483173685+00:00,ps-lb-06,2,-27,9.75,"{""Bat_V"": 3.624, ""Exti_pin_level"": ""Low"", ""Exti_status"": ""False"", ""IDC_intput_mA"": 5.638, ""IN1_pin_level"": ""Low"", ""IN2_pin_level"": ""Low"", ""Node_type"": ""PS-LB"", ""Probe_mod"": 0, ""VDC_intput_V"": 0, ""Water_deep_cm"": 20.475}"
2025-09-18 07:40:46.481733503+00:00,ps-lb-06,2,-27,10.0,"{""Bat_V"": 3.624, ""Exti_pin_level"": ""Low"", ""Exti_status"": ""False"", ""IDC_intput_mA"": 5.638, ""IN1_pin_level"": ""Low"", ""IN2_pin_level"": ""Low"", ""Node_type"": ""PS-LB"", ""Probe_mod"": 0, ""VDC_intput_V"": 0, ""Water_deep_cm"": 20.475}"
2025-09-18 07:41:46.427863104+00:00,ps-lb-06,2,-119,-2.5,"{""Bat_V"": 3.624, ""Exti_pin_level"": ""Low"", ""Exti_status"": ""False"", ""IDC_intput_mA"": 5.638, ""IN1_pin_level"": ""Low"", ""IN2_pin_level"": ""Low"", ""Node_type"": ""PS-LB"", ""Probe_mod"": 0, ""VDC_intput_V"": 0, ""Water_deep_cm"": 20.475}"
2025-09-18 07:42:46.409102585+00:00,ps-lb-06,2,-29,6.75,"{""Bat_V"": 3.618, ""Exti_pin_level"": ""Low"", ""Exti_status"": ""False"", ""IDC_intput_mA"": 5.638, ""IN1_pin_level"": ""Low"", ""IN2_pin_level"": ""Low"", ""Node_type"": ""PS-LB"", ""Probe_mod"": 0, ""VDC_intput_V"": 0, ""Water_deep_cm"": 20.475}"
2025-09-18 07:43:46.398145804+00:00,ps-lb-06,2,-119,-3.5,"{""Bat_V"": 3.618, ""Exti_pin_level"": ""Low"", ""Exti_status"": ""False"", ""IDC_intput_mA"": 5.638, ""IN1_pin_level"": ""Low"", ""IN2_pin_level"": ""Low"", ""Node_type"": ""PS-LB"", ""Probe_mod"": 0, ""VDC_intput_V"": 0, ""Water_deep_cm"": 20.475}"
2025-09-18 07:44:46.389978225+00:00,ps-lb-06,2,-29,10.0,"{""Bat_V"": 3.618, ""Exti_pin_level"": ""Low"", ""Exti_status"": ""False"", ""IDC_intput_mA"": 5.638, ""IN1_pin_level"": ""Low"", ""IN2_pin_level"": ""Low"", ""Node_type"": ""PS-LB"", ""Probe_mod"": 0, ""VDC_intput_V"": 0, ""Water_deep_cm"": 20.475}"
2025-09-18 07:45:46.359380958+00:00,ps-lb-06,2,-26,9.25,"{""Bat_V"": 3.618, ""Exti_pin_level"": ""Low"", ""Exti_status"": ""False"", ""IDC_intput_mA"": 5.638, ""IN1_pin_level"": ""Low"", ""IN2_pin_level"": ""Low"", ""Node_type"": ""PS-LB"", ""Probe_mod"": 0, ""VDC_intput_V"": 0, ""Water_deep_cm"": 20.475}"
2025-09-18 07:46:46.357737806+00:00,ps-lb-06,2,-120,-4.25,"{""Bat_V"": 3.618, ""Exti_pin_level"": ""Low"", ""Exti_status"": ""False"", ""IDC_intput_mA"": 5.638, ""IN1_pin_level"": ""Low"", ""IN2_pin_level"": ""Low"", ""Node_type"": ""PS-LB"", ""Probe_mod"": 0, ""VDC_intput_V"": 0, ""Water_deep_cm"": 20.475}"
2025-09-18 07:47:46.350365839+00:00,ps-lb-06,2,-29,10.0,"{""Bat_V"": 3.618, ""Exti_pin_level"": ""Low"", ""Exti_status"": ""False"", ""IDC_intput_mA"": 5.638, ""IN1_pin_level"": ""Low"", ""IN2_pin_level"": ""Low"", ""Node_type"": ""PS-LB"", ""Probe_mod"": 0, ""VDC_intput_V"": 0, ""Water_deep_cm"": 20.475}"
2025-09-18 07:48:46.331931618+00:00,ps-lb-06,2,-26,9.0,"{""Bat_V"": 3.618, ""Exti_pin_level"": ""Low"", ""Exti_status"": ""False"", ""IDC_intput_mA"": 5.638, ""IN1_pin_level"": ""Low"", ""IN2_pin_level"": ""Low"", ""Node_type"": ""PS-LB"", ""Probe_mod"": 0, ""VDC_intput_V"": 0, ""Water_deep_cm"": 20.475}"
2025-09-18 07:49:46.333916750+00:00,ps-lb-06,2,-25,9.25,"{""Bat_V"": 3.618, ""Exti_pin_level"": ""Low"", ""Exti_status"": ""False"", ""IDC_intput_mA"": 5.638, ""IN1_pin_level"": ""Low"", ""IN2_pin_level"": ""Low"", ""Node_type"": ""PS-LB"", ""Probe_mod"": 0, ""VDC_intput_V"": 0, ""Water_deep_cm"": 20.475}"
2025-09-18 07:50:46.330139362+00:00,ps-lb-06,2,-29,9.75,"{""Bat_V"": 3.618, ""Exti_pin_level"": ""Low"", ""Exti_status"": ""False"", ""IDC_intput_mA"": 5.638, ""IN1_pin_level"": ""Low"", ""IN2_pin_level"": ""Low"", ""Node_type"": ""PS-LB"", ""Probe_mod"": 0, ""VDC_intput_V"": 0, ""Water_deep_cm"": 20.475}"
2025-09-18 07:51:46.309838246+00:00,ps-lb-06,2,-29,10.75,"{""Bat_V"": 3.618, ""Exti_pin_level"": ""Low"", ""Exti_status"": ""False"", ""IDC_intput_mA"": 5.638, ""IN1_pin_level"": ""Low"", ""IN2_pin_level"": ""Low"", ""Node_type"": ""PS-LB"", ""Probe_mod"": 0, ""VDC_intput_V"": 0, ""Water_deep_cm"": 20.475}"
2025-09-18 07:52:46.300352345+00:00,ps-lb-06,2,-26,9.0,"{""Bat_V"": 3.618, ""Exti_pin_level"": ""Low"", ""Exti_status"": ""False"", ""IDC_intput_mA"": 5.638, ""IN1_pin_level"": ""Low"", ""IN2_pin_level"": ""Low"", ""Node_type"": ""PS-LB"", ""Probe_mod"": 0, ""VDC_intput_V"": 0, ""Water_deep_cm"": 20.475}"
2025-09-18 07:53:46.269223953+00:00,ps-lb-06,2,-26,9.25,"{""Bat_V"": 3.618, ""Exti_pin_level"": ""Low"", ""Exti_status"": ""False"", ""IDC_intput_mA"": 5.638, ""IN1_pin_level"": ""Low"", ""IN2_pin_level"": ""Low"", ""Node_type"": ""PS-LB"", ""Probe_mod"": 0, ""VDC_intput_V"": 0, ""Water_deep_cm"": 20.475}"
2025-09-18 07:54:46.261495859+00:00,ps-lb-06,2,-23,7.25,"{""Bat_V"": 3.618, ""Exti_pin_level"": ""Low"", ""Exti_status"": ""False"", ""IDC_intput_mA"": 5.638, ""IN1_pin_level"": ""Low"", ""IN2_pin_level"": ""Low"", ""Node_type"": ""PS-LB"", ""Probe_mod"": 0, ""VDC_intput_V"": 0, ""Water_deep_cm"": 20.475}"
2025-09-18 07:55:46.258029130+00:00,ps-lb-06,2,-29,11.0,"{""Bat_V"": 3.618, ""Exti_pin_level"": ""Low"", ""Exti_status"": ""False"", ""IDC_intput_mA"": 5.638, ""IN1_pin_level"": ""Low"", ""IN2_pin_level"": ""Low"", ""Node_type"": ""PS-LB"", ""Probe_mod"": 0, ""VDC_intput_V"": 0, ""Water_deep_cm"": 20.475}"
2025-09-18 07:56:46.249583086+00:00,ps-lb-06,2,-29,10.0,"{""Bat_V"": 3.618, ""Exti_pin_level"": ""Low"", ""Exti_status"": ""False"", ""IDC_intput_mA"": 5.638, ""IN1_pin_level"": ""Low"", ""IN2_pin_level"": ""Low"", ""Node_type"": ""PS-LB"", ""Probe_mod"": 0, ""VDC_intput_V"": 0, ""Water_deep_cm"": 20.475}"
2025-09-18 07:57:46.205129901+00:00,ps-lb-06,2,-118,-2.25,"{""Bat_V"": 3.618, ""Exti_pin_level"": ""Low"", ""Exti_status"": ""False"", ""IDC_intput_mA"": 5.638, ""IN1_pin_level"": ""Low"", ""IN2_pin_level"": ""Low"", ""Node_type"": ""PS-LB"", ""Probe_mod"": 0, ""VDC_intput_V"": 0, ""Water_deep_cm"": 20.475}"
2025-09-18 07:58:46.210277107+00:00,ps-lb-06,2,-29,9.25,"{""Bat_V"": 3.612, ""Exti_pin_level"": ""Low"", ""Exti_status"": ""False"", ""IDC_intput_mA"": 5.638, ""IN1_pin_level"": ""Low"", ""IN2_pin_level"": ""Low"", ""Node_type"": ""PS-LB"", ""Probe_mod"": 0, ""VDC_intput_V"": 0, ""Water_deep_cm"": 20.475}"
2025-09-18 07:59:46.197968823+00:00,ps-lb-06,2,-28,10.0,"{""Bat_V"": 3.612, ""Exti_pin_level"": ""Low"", ""Exti_status"": ""False"", ""IDC_intput_mA"": 5.638, ""IN1_pin_level"": ""Low"", ""IN2_pin_level"": ""Low"", ""Node_type"": ""PS-LB"", ""Probe_mod"": 0, ""VDC_intput_V"": 0, ""Water_deep_cm"": 20.475}"
2025-09-18 08:00:46.191169172+00:00,ps-lb-06,2,-124,-7.5,"{""Bat_V"": 3.612, ""Exti_pin_level"": ""Low"", ""Exti_status"": ""False"", ""IDC_intput_mA"": 5.638, ""IN1_pin_level"": ""Low"", ""IN2_pin_level"": ""Low"", ""Node_type"": ""PS-LB"", ""Probe_mod"": 0, ""VDC_intput_V"": 0, ""Water_deep_cm"": 20.475}"
2025-09-18 08:01:46.194229404+00:00,ps-lb-06,2,-27,7.75,"{""Bat_V"": 3.618, ""Exti_pin_level"": ""Low"", ""Exti_status"": ""False"", ""IDC_intput_mA"": 5.638, ""IN1_pin_level"": ""Low"", ""IN2_pin_level"": ""Low"", ""Node_type"": ""PS-LB"", ""Probe_mod"": 0, ""VDC_intput_V"": 0, ""Water_deep_cm"": 20.475}"
2025-09-18 08:02:46.161974319+00:00,ps-lb-06,2,-27,9.75,"{""Bat_V"": 3.612, ""Exti_pin_level"": ""Low"", ""Exti_status"": ""False"", ""IDC_intput_mA"": 5.638, ""IN1_pin_level"": ""Low"", ""IN2_pin_level"": ""Low"", ""Node_type"": ""PS-LB"", ""Probe_mod"": 0, ""VDC_intput_V"": 0, ""Water_deep_cm"": 20.475}"
2025-09-18 08:03:46.160594738+00:00,ps-lb-06,2,-122,-6.5,"{""Bat_V"": 3.618, ""Exti_pin_level"": ""Low"", ""Exti_status"": ""False"", ""IDC_intput_mA"": 5.638, ""IN1_pin_level"": ""Low"", ""IN2_pin_level"": ""Low"", ""Node_type"": ""PS-LB"", ""Probe_mod"": 0, ""VDC_intput_V"": 0, ""Water_deep_cm"": 20.475}"
2025-09-18 08:04:46.166235697+00:00,ps-lb-06,2,-29,10.25,"{""Bat_V"": 3.612, ""Exti_pin_level"": ""Low"", ""Exti_status"": ""False"", ""IDC_intput_mA"": 5.638, ""IN1_pin_level"": ""Low"", ""IN2_pin_level"": ""Low"", ""Node_type"": ""PS-LB"", ""Probe_mod"": 0, ""VDC_intput_V"": 0, ""Water_deep_cm"": 20.475}"
2025-09-18 08:05:46.140027954+00:00,ps-lb-06,2,-122,-8.25,"{""Bat_V"": 3.612, ""Exti_pin_level"": ""Low"", ""Exti_status"": ""False"", ""IDC_intput_mA"": 5.638, ""IN1_pin_level"": ""Low"", ""IN2_pin_level"": ""Low"", ""Node_type"": ""PS-LB"", ""Probe_mod"": 0, ""VDC_intput_V"": 0, ""Water_deep_cm"": 20.475}"
2025-09-18 08:06:46.122603265+00:00,ps-lb-06,2,-30,9.5,"{""Bat_V"": 3.612, ""Exti_pin_level"": ""Low"", ""Exti_status"": ""False"", ""IDC_intput_mA"": 5.638, ""IN1_pin_level"": ""Low"", ""IN2_pin_level"": ""Low"", ""Node_type"": ""PS-LB"", ""Probe_mod"": 0, ""VDC_intput_V"": 0, ""Water_deep_cm"": 20.475}"
2025-09-18 08:07:46.112445006+00:00,ps-lb-06,2,-31,10.25,"{""Bat_V"": 3.612, ""Exti_pin_level"": ""Low"", ""Exti_status"": ""False"", ""IDC_intput_mA"": 5.638, ""IN1_pin_level"": ""Low"", ""IN2_pin_level"": ""Low"", ""Node_type"": ""PS-LB"", ""Probe_mod"": 0, ""VDC_intput_V"": 0, ""Water_deep_cm"": 20.475}"
2025-09-18 08:08:46.092377139+00:00,ps-lb-06,2,-30,9.5,"{""Bat_V"": 3.612, ""Exti_pin_level"": ""Low"", ""Exti_status"": ""False"", ""IDC_intput_mA"": 5.638, ""IN1_pin_level"": ""Low"", ""IN2_pin_level"": ""Low"", ""Node_type"": ""PS-LB"", ""Probe_mod"": 0, ""VDC_intput_V"": 0, ""Water_deep_cm"": 20.475}"
2025-09-18 08:09:46.089143388+00:00,ps-lb-06,2,-29,7.25,"{""Bat_V"": 3.612, ""Exti_pin_level"": ""Low"", ""Exti_status"": ""False"", ""IDC_intput_mA"": 5.638, ""IN1_pin_level"": ""Low"", ""IN2_pin_level"": ""Low"", ""Node_type"": ""PS-LB"", ""Probe_mod"": 0, ""VDC_intput_V"": 0, ""Water_deep_cm"": 20.475}"
2025-09-18 08:10:46.079706129+00:00,ps-lb-06,2,-27,9.25,"{""Bat_V"": 3.612, ""Exti_pin_level"": ""Low"", ""Exti_status"": ""False"", ""IDC_intput_mA"": 5.638, ""IN1_pin_level"": ""Low"", ""IN2_pin_level"": ""Low"", ""Node_type"": ""PS-LB"", ""Probe_mod"": 0, ""VDC_intput_V"": 0, ""Water_deep_cm"": 20.475}"
2025-09-18 08:11:46.069996960+00:00,ps-lb-06,2,-120,-5.25,"{""Bat_V"": 3.612, ""Exti_pin_level"": ""Low"", ""Exti_status"": ""False"", ""IDC_intput_mA"": 5.638, ""IN1_pin_level"": ""Low"", ""IN2_pin_level"": ""Low"", ""Node_type"": ""PS-LB"", ""Probe_mod"": 0, ""VDC_intput_V"": 0, ""Water_deep_cm"": 20.475}"
2025-09-18 08:12:46.051894486+00:00,ps-lb-06,2,-30,10.25,"{""Bat_V"": 3.612, ""Exti_pin_level"": ""Low"", ""Exti_status"": ""False"", ""IDC_intput_mA"": 5.638, ""IN1_pin_level"": ""Low"", ""IN2_pin_level"": ""Low"", ""Node_type"": ""PS-LB"", ""Probe_mod"": 0, ""VDC_intput_V"": 0, ""Water_deep_cm"": 20.475}"
2025-09-18 08:13:46.032480335+00:00,ps-lb-06,2,-32,11.25,"{""Bat_V"": 3.612, ""Exti_pin_level"": ""Low"", ""Exti_status"": ""False"", ""IDC_intput_mA"": 5.638, ""IN1_pin_level"": ""Low"", ""IN2_pin_level"": ""Low"", ""Node_type"": ""PS-LB"", ""Probe_mod"": 0, ""VDC_intput_V"": 0, ""Water_deep_cm"": 20.475}"
2025-09-18 08:14:46.034219248+00:00,ps-lb-06,2,-30,8.0,"{""Bat_V"": 3.612, ""Exti_pin_level"": ""Low"", ""Exti_status"": ""False"", ""IDC_intput_mA"": 5.638, ""IN1_pin_level"": ""Low"", ""IN2_pin_level"": ""Low"", ""Node_type"": ""PS-LB"", ""Probe_mod"": 0, ""VDC_intput_V"": 0, ""Water_deep_cm"": 20.475}"
2025-09-18 08:15:46.012064375+00:00,ps-lb-06,2,-31,9.5,"{""Bat_V"": 3.612, ""Exti_pin_level"": ""Low"", ""Exti_status"": ""False"", ""IDC_intput_mA"": 5.638, ""IN1_pin_level"": ""Low"", ""IN2_pin_level"": ""Low"", ""Node_type"": ""PS-LB"", ""Probe_mod"": 0, ""VDC_intput_V"": 0, ""Water_deep_cm"": 20.475}"
2025-09-18 08:16:46.009546518+00:00,ps-lb-06,2,-33,10.25,"{""Bat_V"": 3.612, ""Exti_pin_level"": ""Low"", ""Exti_status"": ""False"", ""IDC_intput_mA"": 5.638, ""IN1_pin_level"": ""Low"", ""IN2_pin_level"": ""Low"", ""Node_type"": ""PS-LB"", ""Probe_mod"": 0, ""VDC_intput_V"": 0, ""Water_deep_cm"": 20.475}"
2025-09-18 08:17:45.990496287+00:00,ps-lb-06,2,-31,10.25,"{""Bat_V"": 3.612, ""Exti_pin_level"": ""Low"", ""Exti_status"": ""False"", ""IDC_intput_mA"": 5.638, ""IN1_pin_level"": ""Low"", ""IN2_pin_level"": ""Low"", ""Node_type"": ""PS-LB"", ""Probe_mod"": 0, ""VDC_intput_V"": 0, ""Water_deep_cm"": 20.475}"
2025-09-18 08:18:45.983686583+00:00,ps-lb-06,2,-29,9.5,"{""Bat_V"": 3.612, ""Exti_pin_level"": ""Low"", ""Exti_status"": ""False"", ""IDC_intput_mA"": 5.638, ""IN1_pin_level"": ""Low"", ""IN2_pin_level"": ""Low"", ""Node_type"": ""PS-LB"", ""Probe_mod"": 0, ""VDC_intput_V"": 0, ""Water_deep_cm"": 20.475}"
2025-09-18 08:19:45.972857319+00:00,ps-lb-06,2,-30,7.5,"{""Bat_V"": 3.612, ""Exti_pin_level"": ""Low"", ""Exti_status"": ""False"", ""IDC_intput_mA"": 5.638, ""IN1_pin_level"": ""Low"", ""IN2_pin_level"": ""Low"", ""Node_type"": ""PS-LB"", ""Probe_mod"": 0, ""VDC_intput_V"": 0, ""Water_deep_cm"": 20.475}"
2025-09-18 08:20:45.962876036+00:00,ps-lb-06,2,-32,9.0,"{""Bat_V"": 3.612, ""Exti_pin_level"": ""Low"", ""Exti_status"": ""False"", ""IDC_intput_mA"": 5.637, ""IN1_pin_level"": ""Low"", ""IN2_pin_level"": ""Low"", ""Node_type"": ""PS-LB"", ""Probe_mod"": 0, ""VDC_intput_V"": 0, ""Water_deep_cm"": 20.462}"
2025-09-18 08:21:45.952429535+00:00,ps-lb-06,2,-32,9.0,"{""Bat_V"": 3.612, ""Exti_pin_level"": ""Low"", ""Exti_status"": ""False"", ""IDC_intput_mA"": 5.638, ""IN1_pin_level"": ""Low"", ""IN2_pin_level"": ""Low"", ""Node_type"": ""PS-LB"", ""Probe_mod"": 0, ""VDC_intput_V"": 0, ""Water_deep_cm"": 20.475}"
2025-09-18 08:22:45.930070891+00:00,ps-lb-06,2,-31,9.75,"{""Bat_V"": 3.612, ""Exti_pin_level"": ""Low"", ""Exti_status"": ""False"", ""IDC_intput_mA"": 5.638, ""IN1_pin_level"": ""Low"", ""IN2_pin_level"": ""Low"", ""Node_type"": ""PS-LB"", ""Probe_mod"": 0, ""VDC_intput_V"": 0, ""Water_deep_cm"": 20.475}"
2025-09-18 08:23:45.933199196+00:00,ps-lb-06,2,-31,9.25,"{""Bat_V"": 3.612, ""Exti_pin_level"": ""Low"", ""Exti_status"": ""False"", ""IDC_intput_mA"": 5.638, ""IN1_pin_level"": ""Low"", ""IN2_pin_level"": ""Low"", ""Node_type"": ""PS-LB"", ""Probe_mod"": 0, ""VDC_intput_V"": 0, ""Water_deep_cm"": 20.475}"
2025-09-18 08:24:45.921276671+00:00,ps-lb-06,2,-31,9.0,"{""Bat_V"": 3.612, ""Exti_pin_level"": ""Low"", ""Exti_status"": ""False"", ""IDC_intput_mA"": 5.638, ""IN1_pin_level"": ""Low"", ""IN2_pin_level"": ""Low"", ""Node_type"": ""PS-LB"", ""Probe_mod"": 0, ""VDC_intput_V"": 0, ""Water_deep_cm"": 20.475}"
2025-09-18 08:25:45.912674415+00:00,ps-lb-06,2,-30,11.25,"{""Bat_V"": 3.606, ""Exti_pin_level"": ""Low"", ""Exti_status"": ""False"", ""IDC_intput_mA"": 5.638, ""IN1_pin_level"": ""Low"", ""IN2_pin_level"": ""Low"", ""Node_type"": ""PS-LB"", ""Probe_mod"": 0, ""VDC_intput_V"": 0, ""Water_deep_cm"": 20.475}"
2025-09-18 08:26:45.891309140+00:00,ps-lb-06,2,-29,7.0,"{""Bat_V"": 3.612, ""Exti_pin_level"": ""Low"", ""Exti_status"": ""False"", ""IDC_intput_mA"": 5.638, ""IN1_pin_level"": ""Low"", ""IN2_pin_level"": ""Low"", ""Node_type"": ""PS-LB"", ""Probe_mod"": 0, ""VDC_intput_V"": 0, ""Water_deep_cm"": 20.475}"
2025-09-18 08:27:45.860194066+00:00,ps-lb-06,2,-30,8.25,"{""Bat_V"": 3.612, ""Exti_pin_level"": ""Low"", ""Exti_status"": ""False"", ""IDC_intput_mA"": 5.638, ""IN1_pin_level"": ""Low"", ""IN2_pin_level"": ""Low"", ""Node_type"": ""PS-LB"", ""Probe_mod"": 0, ""VDC_intput_V"": 0, ""Water_deep_cm"": 20.475}"
2025-09-18 08:28:45.872230100+00:00,ps-lb-06,2,-28,9.0,"{""Bat_V"": 3.606, ""Exti_pin_level"": ""Low"", ""Exti_status"": ""False"", ""IDC_intput_mA"": 5.638, ""IN1_pin_level"": ""Low"", ""IN2_pin_level"": ""Low"", ""Node_type"": ""PS-LB"", ""Probe_mod"": 0, ""VDC_intput_V"": 0, ""Water_deep_cm"": 20.475}"
2025-09-18 08:29:45.863821273+00:00,ps-lb-06,2,-32,9.25,"{""Bat_V"": 3.612, ""Exti_pin_level"": ""Low"", ""Exti_status"": ""False"", ""IDC_intput_mA"": 5.638, ""IN1_pin_level"": ""Low"", ""IN2_pin_level"": ""Low"", ""Node_type"": ""PS-LB"", ""Probe_mod"": 0, ""VDC_intput_V"": 0, ""Water_deep_cm"": 20.475}"
2025-09-18 08:30:45.849735852+00:00,ps-lb-06,2,-30,10.0,"{""Bat_V"": 3.606, ""Exti_pin_level"": ""Low"", ""Exti_status"": ""False"", ""IDC_intput_mA"": 5.638, ""IN1_pin_level"": ""Low"", ""IN2_pin_level"": ""Low"", ""Node_type"": ""PS-LB"", ""Probe_mod"": 0, ""VDC_intput_V"": 0, ""Water_deep_cm"": 20.475}"
2025-09-18 08:31:45.839871560+00:00,ps-lb-06,2,-32,9.75,"{""Bat_V"": 3.606, ""Exti_pin_level"": ""Low"", ""Exti_status"": ""False"", ""IDC_intput_mA"": 5.638, ""IN1_pin_level"": ""Low"", ""IN2_pin_level"": ""Low"", ""Node_type"": ""PS-LB"", ""Probe_mod"": 0, ""VDC_intput_V"": 0, ""Water_deep_cm"": 20.475}"
2025-09-18 08:32:45.811192912+00:00,ps-lb-06,2,-31,9.5,"{""Bat_V"": 3.606, ""Exti_pin_level"": ""Low"", ""Exti_status"": ""False"", ""IDC_intput_mA"": 5.638, ""IN1_pin_level"": ""Low"", ""IN2_pin_level"": ""Low"", ""Node_type"": ""PS-LB"", ""Probe_mod"": 0, ""VDC_intput_V"": 0, ""Water_deep_cm"": 20.475}"
2025-09-18 08:33:45.815456821+00:00,ps-lb-06,2,-28,7.25,"{""Bat_V"": 3.606, ""Exti_pin_level"": ""Low"", ""Exti_status"": ""False"", ""IDC_intput_mA"": 5.638, ""IN1_pin_level"": ""Low"", ""IN2_pin_level"": ""Low"", ""Node_type"": ""PS-LB"", ""Probe_mod"": 0, ""VDC_intput_V"": 0, ""Water_deep_cm"": 20.475}"
2025-09-18 08:34:45.802399540+00:00,ps-lb-06,2,-30,7.25,"{""Bat_V"": 3.606, ""Exti_pin_level"": ""Low"", ""Exti_status"": ""False"", ""IDC_intput_mA"": 5.638, ""IN1_pin_level"": ""Low"", ""IN2_pin_level"": ""Low"", ""Node_type"": ""PS-LB"", ""Probe_mod"": 0, ""VDC_intput_V"": 0, ""Water_deep_cm"": 20.475}"
2025-09-18 08:35:45.774117639+00:00,ps-lb-06,2,-35,9.75,"{""Bat_V"": 3.606, ""Exti_pin_level"": ""Low"", ""Exti_status"": ""False"", ""IDC_intput_mA"": 5.638, ""IN1_pin_level"": ""Low"", ""IN2_pin_level"": ""Low"", ""Node_type"": ""PS-LB"", ""Probe_mod"": 0, ""VDC_intput_V"": 0, ""Water_deep_cm"": 20.475}"
2025-09-18 08:36:45.769066190+00:00,ps-lb-06,2,-33,10.25,"{""Bat_V"": 3.606, ""Exti_pin_level"": ""Low"", ""Exti_status"": ""False"", ""IDC_intput_mA"": 5.638, ""IN1_pin_level"": ""Low"", ""IN2_pin_level"": ""Low"", ""Node_type"": ""PS-LB"", ""Probe_mod"": 0, ""VDC_intput_V"": 0, ""Water_deep_cm"": 20.475}"
2025-09-18 08:37:45.759873053+00:00,ps-lb-06,2,-35,10.25,"{""Bat_V"": 3.606, ""Exti_pin_level"": ""Low"", ""Exti_status"": ""False"", ""IDC_intput_mA"": 5.638, ""IN1_pin_level"": ""Low"", ""IN2_pin_level"": ""Low"", ""Node_type"": ""PS-LB"", ""Probe_mod"": 0, ""VDC_intput_V"": 0, ""Water_deep_cm"": 20.475}"
2025-09-18 08:38:45.732885938+00:00,ps-lb-06,2,-33,7.0,"{""Bat_V"": 3.606, ""Exti_pin_level"": ""Low"", ""Exti_status"": ""False"", ""IDC_intput_mA"": 5.638, ""IN1_pin_level"": ""Low"", ""IN2_pin_level"": ""Low"", ""Node_type"": ""PS-LB"", ""Probe_mod"": 0, ""VDC_intput_V"": 0, ""Water_deep_cm"": 20.475}"
2025-09-18 08:39:45.731644476+00:00,ps-lb-06,2,-30,9.25,"{""Bat_V"": 3.606, ""Exti_pin_level"": ""Low"", ""Exti_status"": ""False"", ""IDC_intput_mA"": 5.638, ""IN1_pin_level"": ""Low"", ""IN2_pin_level"": ""Low"", ""Node_type"": ""PS-LB"", ""Probe_mod"": 0, ""VDC_intput_V"": 0, ""Water_deep_cm"": 20.475}"
2025-09-18 08:40:45.730411506+00:00,ps-lb-06,2,-33,9.75,"{""Bat_V"": 3.606, ""Exti_pin_level"": ""Low"", ""Exti_status"": ""False"", ""IDC_intput_mA"": 5.638, ""IN1_pin_level"": ""Low"", ""IN2_pin_level"": ""Low"", ""Node_type"": ""PS-LB"", ""Probe_mod"": 0, ""VDC_intput_V"": 0, ""Water_deep_cm"": 20.475}"
2025-09-18 08:41:45.721802605+00:00,ps-lb-06,2,-30,9.5,"{""Bat_V"": 3.606, ""Exti_pin_level"": ""Low"", ""Exti_status"": ""False"", ""IDC_intput_mA"": 5.637, ""IN1_pin_level"": ""Low"", ""IN2_pin_level"": ""Low"", ""Node_type"": ""PS-LB"", ""Probe_mod"": 0, ""VDC_intput_V"": 0, ""Water_deep_cm"": 20.462}"
2025-09-18 08:42:45.692458749+00:00,ps-lb-06,2,-27,5.75,"{""Bat_V"": 3.606, ""Exti_pin_level"": ""Low"", ""Exti_status"": ""False"", ""IDC_intput_mA"": 5.638, ""IN1_pin_level"": ""Low"", ""IN2_pin_level"": ""Low"", ""Node_type"": ""PS-LB"", ""Probe_mod"": 0, ""VDC_intput_V"": 0, ""Water_deep_cm"": 20.475}"
2025-09-18 08:43:45.690142991+00:00,ps-lb-06,2,-33,7.75,"{""Bat_V"": 3.606, ""Exti_pin_level"": ""Low"", ""Exti_status"": ""False"", ""IDC_intput_mA"": 5.638, ""IN1_pin_level"": ""Low"", ""IN2_pin_level"": ""Low"", ""Node_type"": ""PS-LB"", ""Probe_mod"": 0, ""VDC_intput_V"": 0, ""Water_deep_cm"": 20.475}"
2025-09-18 08:44:45.689445220+00:00,ps-lb-06,2,-33,10.0,"{""Bat_V"": 3.606, ""Exti_pin_level"": ""Low"", ""Exti_status"": ""False"", ""IDC_intput_mA"": 5.638, ""IN1_pin_level"": ""Low"", ""IN2_pin_level"": ""Low"", ""Node_type"": ""PS-LB"", ""Probe_mod"": 0, ""VDC_intput_V"": 0, ""Water_deep_cm"": 20.475}"
2025-09-18 08:45:45.681188387+00:00,ps-lb-06,2,-32,9.75,"{""Bat_V"": 3.606, ""Exti_pin_level"": ""Low"", ""Exti_status"": ""False"", ""IDC_intput_mA"": 5.638, ""IN1_pin_level"": ""Low"", ""IN2_pin_level"": ""Low"", ""Node_type"": ""PS-LB"", ""Probe_mod"": 0, ""VDC_intput_V"": 0, ""Water_deep_cm"": 20.475}"
2025-09-18 08:46:45.678245873+00:00,ps-lb-06,2,-124,-8.25,"{""Bat_V"": 3.606, ""Exti_pin_level"": ""Low"", ""Exti_status"": ""False"", ""IDC_intput_mA"": 5.638, ""IN1_pin_level"": ""Low"", ""IN2_pin_level"": ""Low"", ""Node_type"": ""PS-LB"", ""Probe_mod"": 0, ""VDC_intput_V"": 0, ""Water_deep_cm"": 20.475}"
2025-09-18 08:47:45.651207559+00:00,ps-lb-06,2,-33,10.25,"{""Bat_V"": 3.606, ""Exti_pin_level"": ""Low"", ""Exti_status"": ""False"", ""IDC_intput_mA"": 5.638, ""IN1_pin_level"": ""Low"", ""IN2_pin_level"": ""Low"", ""Node_type"": ""PS-LB"", ""Probe_mod"": 0, ""VDC_intput_V"": 0, ""Water_deep_cm"": 20.475}"
2025-09-18 08:48:45.630034165+00:00,ps-lb-06,2,-35,10.25,"{""Bat_V"": 3.606, ""Exti_pin_level"": ""Low"", ""Exti_status"": ""False"", ""IDC_intput_mA"": 5.638, ""IN1_pin_level"": ""Low"", ""IN2_pin_level"": ""Low"", ""Node_type"": ""PS-LB"", ""Probe_mod"": 0, ""VDC_intput_V"": 0, ""Water_deep_cm"": 20.475}"
2025-09-18 08:49:45.612141295+00:00,ps-lb-06,2,-26,7.25,"{""Bat_V"": 3.606, ""Exti_pin_level"": ""Low"", ""Exti_status"": ""False"", ""IDC_intput_mA"": 5.638, ""IN1_pin_level"": ""Low"", ""IN2_pin_level"": ""Low"", ""Node_type"": ""PS-LB"", ""Probe_mod"": 0, ""VDC_intput_V"": 0, ""Water_deep_cm"": 20.475}"
2025-09-18 08:50:45.612047800+00:00,ps-lb-06,2,-29,6.0,"{""Bat_V"": 3.606, ""Exti_pin_level"": ""Low"", ""Exti_status"": ""False"", ""IDC_intput_mA"": 5.638, ""IN1_pin_level"": ""Low"", ""IN2_pin_level"": ""Low"", ""Node_type"": ""PS-LB"", ""Probe_mod"": 0, ""VDC_intput_V"": 0, ""Water_deep_cm"": 20.475}"
2025-09-18 08:51:45.608655209+00:00,ps-lb-06,2,-122,-6.75,"{""Bat_V"": 3.606, ""Exti_pin_level"": ""Low"", ""Exti_status"": ""False"", ""IDC_intput_mA"": 5.638, ""IN1_pin_level"": ""Low"", ""IN2_pin_level"": ""Low"", ""Node_type"": ""PS-LB"", ""Probe_mod"": 0, ""VDC_intput_V"": 0, ""Water_deep_cm"": 20.475}"
2025-09-18 08:52:45.592469167+00:00,ps-lb-06,2,-33,9.75,"{""Bat_V"": 3.606, ""Exti_pin_level"": ""Low"", ""Exti_status"": ""False"", ""IDC_intput_mA"": 5.638, ""IN1_pin_level"": ""Low"", ""IN2_pin_level"": ""Low"", ""Node_type"": ""PS-LB"", ""Probe_mod"": 0, ""VDC_intput_V"": 0, ""Water_deep_cm"": 20.475}"
2025-09-18 08:53:45.580898817+00:00,ps-lb-06,2,-121,-8.25,"{""Bat_V"": 3.606, ""Exti_pin_level"": ""Low"", ""Exti_status"": ""False"", ""IDC_intput_mA"": 5.638, ""IN1_pin_level"": ""Low"", ""IN2_pin_level"": ""Low"", ""Node_type"": ""PS-LB"", ""Probe_mod"": 0, ""VDC_intput_V"": 0, ""Water_deep_cm"": 20.475}"
2025-09-18 08:54:45.551462046+00:00,ps-lb-06,2,-33,7.5,"{""Bat_V"": 3.6, ""Exti_pin_level"": ""Low"", ""Exti_status"": ""False"", ""IDC_intput_mA"": 5.638, ""IN1_pin_level"": ""Low"", ""IN2_pin_level"": ""Low"", ""Node_type"": ""PS-LB"", ""Probe_mod"": 0, ""VDC_intput_V"": 0, ""Water_deep_cm"": 20.475}"
2025-09-18 08:55:45.572380471+00:00,ps-lb-06,2,-35,10.25,"{""Bat_V"": 3.6, ""Exti_pin_level"": ""Low"", ""Exti_status"": ""False"", ""IDC_intput_mA"": 5.638, ""IN1_pin_level"": ""Low"", ""IN2_pin_level"": ""Low"", ""Node_type"": ""PS-LB"", ""Probe_mod"": 0, ""VDC_intput_V"": 0, ""Water_deep_cm"": 20.475}"
2025-09-18 08:56:45.529706339+00:00,ps-lb-06,2,-37,10.0,"{""Bat_V"": 3.6, ""Exti_pin_level"": ""Low"", ""Exti_status"": ""False"", ""IDC_intput_mA"": 5.638, ""IN1_pin_level"": ""Low"", ""IN2_pin_level"": ""Low"", ""Node_type"": ""PS-LB"", ""Probe_mod"": 0, ""VDC_intput_V"": 0, ""Water_deep_cm"": 20.475}"
2025-09-18 08:57:45.549166764+00:00,ps-lb-06,2,-33,8.75,"{""Bat_V"": 3.6, ""Exti_pin_level"": ""Low"", ""Exti_status"": ""False"", ""IDC_intput_mA"": 5.638, ""IN1_pin_level"": ""Low"", ""IN2_pin_level"": ""Low"", ""Node_type"": ""PS-LB"", ""Probe_mod"": 0, ""VDC_intput_V"": 0, ""Water_deep_cm"": 20.475}"
2025-09-18 08:58:45.542305244+00:00,ps-lb-06,2,-33,7.5,"{""Bat_V"": 3.6, ""Exti_pin_level"": ""Low"", ""Exti_status"": ""False"", ""IDC_intput_mA"": 5.638, ""IN1_pin_level"": ""Low"", ""IN2_pin_level"": ""Low"", ""Node_type"": ""PS-LB"", ""Probe_mod"": 0, ""VDC_intput_V"": 0, ""Water_deep_cm"": 20.475}"
2025-09-18 08:59:45.509300961+00:00,ps-lb-06,2,-33,9.5,"{""Bat_V"": 3.6, ""Exti_pin_level"": ""Low"", ""Exti_status"": ""False"", ""IDC_intput_mA"": 5.638, ""IN1_pin_level"": ""Low"", ""IN2_pin_level"": ""Low"", ""Node_type"": ""PS-LB"", ""Probe_mod"": 0, ""VDC_intput_V"": 0, ""Water_deep_cm"": 20.475}"
2025-09-18 09:00:45.482598968+00:00,ps-lb-06,2,-35,10.0,"{""Bat_V"": 3.606, ""Exti_pin_level"": ""Low"", ""Exti_status"": ""False"", ""IDC_intput_mA"": 5.638, ""IN1_pin_level"": ""Low"", ""IN2_pin_level"": ""Low"", ""Node_type"": ""PS-LB"", ""Probe_mod"": 0, ""VDC_intput_V"": 0, ""Water_deep_cm"": 20.475}"
2025-09-18 09:01:45.486955347+00:00,ps-lb-06,2,-37,9.75,"{""Bat_V"": 3.6, ""Exti_pin_level"": ""Low"", ""Exti_status"": ""False"", ""IDC_intput_mA"": 5.638, ""IN1_pin_level"": ""Low"", ""IN2_pin_level"": ""Low"", ""Node_type"": ""PS-LB"", ""Probe_mod"": 0, ""VDC_intput_V"": 0, ""Water_deep_cm"": 20.475}"
2025-09-18 09:02:45.459392066+00:00,ps-lb-06,2,-33,7.25,"{""Bat_V"": 3.6, ""Exti_pin_level"": ""Low"", ""Exti_status"": ""False"", ""IDC_intput_mA"": 5.638, ""IN1_pin_level"": ""Low"", ""IN2_pin_level"": ""Low"", ""Node_type"": ""PS-LB"", ""Probe_mod"": 0, ""VDC_intput_V"": 0, ""Water_deep_cm"": 20.475}"
2025-09-18 09:03:45.461344774+00:00,ps-lb-06,2,-33,9.5,"{""Bat_V"": 3.6, ""Exti_pin_level"": ""Low"", ""Exti_status"": ""False"", ""IDC_intput_mA"": 5.638, ""IN1_pin_level"": ""Low"", ""IN2_pin_level"": ""Low"", ""Node_type"": ""PS-LB"", ""Probe_mod"": 0, ""VDC_intput_V"": 0, ""Water_deep_cm"": 20.475}"
2025-09-18 09:04:45.435820721+00:00,ps-lb-06,2,-123,-8.25,"{""Bat_V"": 3.606, ""Exti_pin_level"": ""Low"", ""Exti_status"": ""False"", ""IDC_intput_mA"": 5.638, ""IN1_pin_level"": ""Low"", ""IN2_pin_level"": ""Low"", ""Node_type"": ""PS-LB"", ""Probe_mod"": 0, ""VDC_intput_V"": 0, ""Water_deep_cm"": 20.475}"
2025-09-18 09:05:45.441281279+00:00,ps-lb-06,2,-32,7.25,"{""Bat_V"": 3.6, ""Exti_pin_level"": ""Low"", ""Exti_status"": ""False"", ""IDC_intput_mA"": 5.638, ""IN1_pin_level"": ""Low"", ""IN2_pin_level"": ""Low"", ""Node_type"": ""PS-LB"", ""Probe_mod"": 0, ""VDC_intput_V"": 0, ""Water_deep_cm"": 20.475}"
2025-09-18 09:06:45.429957083+00:00,ps-lb-06,2,-32,8.75,"{""Bat_V"": 3.6, ""Exti_pin_level"": ""Low"", ""Exti_status"": ""False"", ""IDC_intput_mA"": 5.638, ""IN1_pin_level"": ""Low"", ""IN2_pin_level"": ""Low"", ""Node_type"": ""PS-LB"", ""Probe_mod"": 0, ""VDC_intput_V"": 0, ""Water_deep_cm"": 20.475}"
2025-09-18 09:07:45.398736627+00:00,ps-lb-06,2,-35,9.75,"{""Bat_V"": 3.6, ""Exti_pin_level"": ""Low"", ""Exti_status"": ""False"", ""IDC_intput_mA"": 5.638, ""IN1_pin_level"": ""Low"", ""IN2_pin_level"": ""Low"", ""Node_type"": ""PS-LB"", ""Probe_mod"": 0, ""VDC_intput_V"": 0, ""Water_deep_cm"": 20.475}"
2025-09-18 09:08:45.391340451+00:00,ps-lb-06,2,-37,11.0,"{""Bat_V"": 3.6, ""Exti_pin_level"": ""Low"", ""Exti_status"": ""False"", ""IDC_intput_mA"": 5.638, ""IN1_pin_level"": ""Low"", ""IN2_pin_level"": ""Low"", ""Node_type"": ""PS-LB"", ""Probe_mod"": 0, ""VDC_intput_V"": 0, ""Water_deep_cm"": 20.475}"
2025-09-18 09:09:45.390132502+00:00,ps-lb-06,2,-37,9.25,"{""Bat_V"": 3.6, ""Exti_pin_level"": ""Low"", ""Exti_status"": ""False"", ""IDC_intput_mA"": 5.638, ""IN1_pin_level"": ""Low"", ""IN2_pin_level"": ""Low"", ""Node_type"": ""PS-LB"", ""Probe_mod"": 0, ""VDC_intput_V"": 0, ""Water_deep_cm"": 20.475}"
2025-09-18 09:10:45.372690112+00:00,ps-lb-06,2,-37,10.0,"{""Bat_V"": 3.6, ""Exti_pin_level"": ""Low"", ""Exti_status"": ""False"", ""IDC_intput_mA"": 5.637, ""IN1_pin_level"": ""Low"", ""IN2_pin_level"": ""Low"", ""Node_type"": ""PS-LB"", ""Probe_mod"": 0, ""VDC_intput_V"": 0, ""Water_deep_cm"": 20.462}"
2025-09-18 09:11:45.372486640+00:00,ps-lb-06,2,-35,10.75,"{""Bat_V"": 3.6, ""Exti_pin_level"": ""Low"", ""Exti_status"": ""False"", ""IDC_intput_mA"": 5.638, ""IN1_pin_level"": ""Low"", ""IN2_pin_level"": ""Low"", ""Node_type"": ""PS-LB"", ""Probe_mod"": 0, ""VDC_intput_V"": 0, ""Water_deep_cm"": 20.475}"
2025-09-18 09:12:45.359103045+00:00,ps-lb-06,2,-38,9.75,"{""Bat_V"": 3.6, ""Exti_pin_level"": ""Low"", ""Exti_status"": ""False"", ""IDC_intput_mA"": 5.637, ""IN1_pin_level"": ""Low"", ""IN2_pin_level"": ""Low"", ""Node_type"": ""PS-LB"", ""Probe_mod"": 0, ""VDC_intput_V"": 0, ""Water_deep_cm"": 20.462}"
2025-09-18 09:13:45.357660571+00:00,ps-lb-06,2,-35,7.0,"{""Bat_V"": 3.6, ""Exti_pin_level"": ""Low"", ""Exti_status"": ""False"", ""IDC_intput_mA"": 5.638, ""IN1_pin_level"": ""Low"", ""IN2_pin_level"": ""Low"", ""Node_type"": ""PS-LB"", ""Probe_mod"": 0, ""VDC_intput_V"": 0, ""Water_deep_cm"": 20.475}"
2025-09-18 09:14:45.329354167+00:00,ps-lb-06,2,-35,8.0,"{""Bat_V"": 3.6, ""Exti_pin_level"": ""Low"", ""Exti_status"": ""False"", ""IDC_intput_mA"": 5.637, ""IN1_pin_level"": ""Low"", ""IN2_pin_level"": ""Low"", ""Node_type"": ""PS-LB"", ""Probe_mod"": 0, ""VDC_intput_V"": 0, ""Water_deep_cm"": 20.462}"
2025-09-18 09:15:45.312514028+00:00,ps-lb-06,2,-33,9.75,"{""Bat_V"": 3.6, ""Exti_pin_level"": ""Low"", ""Exti_status"": ""False"", ""IDC_intput_mA"": 5.638, ""IN1_pin_level"": ""Low"", ""IN2_pin_level"": ""Low"", ""Node_type"": ""PS-LB"", ""Probe_mod"": 0, ""VDC_intput_V"": 0, ""Water_deep_cm"": 20.475}"
2025-09-18 09:16:45.311756478+00:00,ps-lb-06,2,-37,9.0,"{""Bat_V"": 3.6, ""Exti_pin_level"": ""Low"", ""Exti_status"": ""False"", ""IDC_intput_mA"": 5.638, ""IN1_pin_level"": ""Low"", ""IN2_pin_level"": ""Low"", ""Node_type"": ""PS-LB"", ""Probe_mod"": 0, ""VDC_intput_V"": 0, ""Water_deep_cm"": 20.475}"
2025-09-18 09:17:45.292641883+00:00,ps-lb-06,2,-38,10.25,"{""Bat_V"": 3.6, ""Exti_pin_level"": ""Low"", ""Exti_status"": ""False"", ""IDC_intput_mA"": 5.637, ""IN1_pin_level"": ""Low"", ""IN2_pin_level"": ""Low"", ""Node_type"": ""PS-LB"", ""Probe_mod"": 0, ""VDC_intput_V"": 0, ""Water_deep_cm"": 20.462}"
2025-09-18 09:18:45.278452196+00:00,ps-lb-06,2,-33,7.25,"{""Bat_V"": 3.6, ""Exti_pin_level"": ""Low"", ""Exti_status"": ""False"", ""IDC_intput_mA"": 5.638, ""IN1_pin_level"": ""Low"", ""IN2_pin_level"": ""Low"", ""Node_type"": ""PS-LB"", ""Probe_mod"": 0, ""VDC_intput_V"": 0, ""Water_deep_cm"": 20.475}"
2025-09-18 09:19:45.286437029+00:00,ps-lb-06,2,-35,10.25,"{""Bat_V"": 3.594, ""Exti_pin_level"": ""Low"", ""Exti_status"": ""False"", ""IDC_intput_mA"": 5.638, ""IN1_pin_level"": ""Low"", ""IN2_pin_level"": ""Low"", ""Node_type"": ""PS-LB"", ""Probe_mod"": 0, ""VDC_intput_V"": 0, ""Water_deep_cm"": 20.475}"
2025-09-18 09:20:45.278316158+00:00,ps-lb-06,2,-37,10.0,"{""Bat_V"": 3.6, ""Exti_pin_level"": ""Low"", ""Exti_status"": ""False"", ""IDC_intput_mA"": 5.638, ""IN1_pin_level"": ""Low"", ""IN2_pin_level"": ""Low"", ""Node_type"": ""PS-LB"", ""Probe_mod"": 0, ""VDC_intput_V"": 0, ""Water_deep_cm"": 20.475}"
2025-09-18 09:21:45.253228142+00:00,ps-lb-06,2,-33,7.25,"{""Bat_V"": 3.594, ""Exti_pin_level"": ""Low"", ""Exti_status"": ""False"", ""IDC_intput_mA"": 5.638, ""IN1_pin_level"": ""Low"", ""IN2_pin_level"": ""Low"", ""Node_type"": ""PS-LB"", ""Probe_mod"": 0, ""VDC_intput_V"": 0, ""Water_deep_cm"": 20.475}"
2025-09-18 09:22:45.224244901+00:00,ps-lb-06,2,-33,7.5,"{""Bat_V"": 3.6, ""Exti_pin_level"": ""Low"", ""Exti_status"": ""False"", ""IDC_intput_mA"": 5.638, ""IN1_pin_level"": ""Low"", ""IN2_pin_level"": ""Low"", ""Node_type"": ""PS-LB"", ""Probe_mod"": 0, ""VDC_intput_V"": 0, ""Water_deep_cm"": 20.475}"
2025-09-18 09:23:45.212363223+00:00,ps-lb-06,2,-33,9.0,"{""Bat_V"": 3.594, ""Exti_pin_level"": ""Low"", ""Exti_status"": ""False"", ""IDC_intput_mA"": 5.638, ""IN1_pin_level"": ""Low"", ""IN2_pin_level"": ""Low"", ""Node_type"": ""PS-LB"", ""Probe_mod"": 0, ""VDC_intput_V"": 0, ""Water_deep_cm"": 20.475}"
2025-09-18 09:24:45.213310123+00:00,ps-lb-06,2,-35,9.0,"{""Bat_V"": 3.594, ""Exti_pin_level"": ""Low"", ""Exti_status"": ""False"", ""IDC_intput_mA"": 5.638, ""IN1_pin_level"": ""Low"", ""IN2_pin_level"": ""Low"", ""Node_type"": ""PS-LB"", ""Probe_mod"": 0, ""VDC_intput_V"": 0, ""Water_deep_cm"": 20.475}"
2025-09-18 09:25:45.200603693+00:00,ps-lb-06,2,-36,10.25,"{""Bat_V"": 3.594, ""Exti_pin_level"": ""Low"", ""Exti_status"": ""False"", ""IDC_intput_mA"": 5.638, ""IN1_pin_level"": ""Low"", ""IN2_pin_level"": ""Low"", ""Node_type"": ""PS-LB"", ""Probe_mod"": 0, ""VDC_intput_V"": 0, ""Water_deep_cm"": 20.475}"
2025-09-18 09:26:45.189713530+00:00,ps-lb-06,2,-37,9.0,"{""Bat_V"": 3.594, ""Exti_pin_level"": ""Low"", ""Exti_status"": ""False"", ""IDC_intput_mA"": 5.637, ""IN1_pin_level"": ""Low"", ""IN2_pin_level"": ""Low"", ""Node_type"": ""PS-LB"", ""Probe_mod"": 0, ""VDC_intput_V"": 0, ""Water_deep_cm"": 20.462}"
2025-09-18 09:27:45.192358504+00:00,ps-lb-06,2,-37,10.0,"{""Bat_V"": 3.594, ""Exti_pin_level"": ""Low"", ""Exti_status"": ""False"", ""IDC_intput_mA"": 5.637, ""IN1_pin_level"": ""Low"", ""IN2_pin_level"": ""Low"", ""Node_type"": ""PS-LB"", ""Probe_mod"": 0, ""VDC_intput_V"": 0, ""Water_deep_cm"": 20.462}"
2025-09-18 09:28:45.169836288+00:00,ps-lb-06,2,-35,9.0,"{""Bat_V"": 3.594, ""Exti_pin_level"": ""Low"", ""Exti_status"": ""False"", ""IDC_intput_mA"": 5.638, ""IN1_pin_level"": ""Low"", ""IN2_pin_level"": ""Low"", ""Node_type"": ""PS-LB"", ""Probe_mod"": 0, ""VDC_intput_V"": 0, ""Water_deep_cm"": 20.475}"
2025-09-18 09:29:45.141015531+00:00,ps-lb-06,2,-33,7.25,"{""Bat_V"": 3.594, ""Exti_pin_level"": ""Low"", ""Exti_status"": ""False"", ""IDC_intput_mA"": 5.637, ""IN1_pin_level"": ""Low"", ""IN2_pin_level"": ""Low"", ""Node_type"": ""PS-LB"", ""Probe_mod"": 0, ""VDC_intput_V"": 0, ""Water_deep_cm"": 20.462}"
2025-09-18 09:30:45.141279496+00:00,ps-lb-06,2,-32,7.5,"{""Bat_V"": 3.594, ""Exti_pin_level"": ""Low"", ""Exti_status"": ""False"", ""IDC_intput_mA"": 5.637, ""IN1_pin_level"": ""Low"", ""IN2_pin_level"": ""Low"", ""Node_type"": ""PS-LB"", ""Probe_mod"": 0, ""VDC_intput_V"": 0, ""Water_deep_cm"": 20.462}"
2025-09-18 09:31:45.150879343+00:00,ps-lb-06,2,-35,7.5,"{""Bat_V"": 3.594, ""Exti_pin_level"": ""Low"", ""Exti_status"": ""False"", ""IDC_intput_mA"": 5.638, ""IN1_pin_level"": ""Low"", ""IN2_pin_level"": ""Low"", ""Node_type"": ""PS-LB"", ""Probe_mod"": 0, ""VDC_intput_V"": 0, ""Water_deep_cm"": 20.475}"
2025-09-18 09:32:45.129763931+00:00,ps-lb-06,2,-35,10.0,"{""Bat_V"": 3.594, ""Exti_pin_level"": ""Low"", ""Exti_status"": ""False"", ""IDC_intput_mA"": 5.637, ""IN1_pin_level"": ""Low"", ""IN2_pin_level"": ""Low"", ""Node_type"": ""PS-LB"", ""Probe_mod"": 0, ""VDC_intput_V"": 0, ""Water_deep_cm"": 20.462}"
2025-09-18 09:33:45.123412869+00:00,ps-lb-06,2,-38,9.25,"{""Bat_V"": 3.594, ""Exti_pin_level"": ""Low"", ""Exti_status"": ""False"", ""IDC_intput_mA"": 5.638, ""IN1_pin_level"": ""Low"", ""IN2_pin_level"": ""Low"", ""Node_type"": ""PS-LB"", ""Probe_mod"": 0, ""VDC_intput_V"": 0, ""Water_deep_cm"": 20.475}"
2025-09-18 09:34:45.111161815+00:00,ps-lb-06,2,-35,9.75,"{""Bat_V"": 3.594, ""Exti_pin_level"": ""Low"", ""Exti_status"": ""False"", ""IDC_intput_mA"": 5.638, ""IN1_pin_level"": ""Low"", ""IN2_pin_level"": ""Low"", ""Node_type"": ""PS-LB"", ""Probe_mod"": 0, ""VDC_intput_V"": 0, ""Water_deep_cm"": 20.475}"
2025-09-18 09:35:45.092650700+00:00,ps-lb-06,2,-35,9.75,"{""Bat_V"": 3.594, ""Exti_pin_level"": ""Low"", ""Exti_status"": ""False"", ""IDC_intput_mA"": 5.638, ""IN1_pin_level"": ""Low"", ""IN2_pin_level"": ""Low"", ""Node_type"": ""PS-LB"", ""Probe_mod"": 0, ""VDC_intput_V"": 0, ""Water_deep_cm"": 20.475}"
2025-09-18 09:36:45.074085610+00:00,ps-lb-06,2,-37,10.5,"{""Bat_V"": 3.594, ""Exti_pin_level"": ""Low"", ""Exti_status"": ""False"", ""IDC_intput_mA"": 5.638, ""IN1_pin_level"": ""Low"", ""IN2_pin_level"": ""Low"", ""Node_type"": ""PS-LB"", ""Probe_mod"": 0, ""VDC_intput_V"": 0, ""Water_deep_cm"": 20.475}"
2025-09-18 09:37:45.063726631+00:00,ps-lb-06,2,-33,9.25,"{""Bat_V"": 3.594, ""Exti_pin_level"": ""Low"", ""Exti_status"": ""False"", ""IDC_intput_mA"": 5.638, ""IN1_pin_level"": ""Low"", ""IN2_pin_level"": ""Low"", ""Node_type"": ""PS-LB"", ""Probe_mod"": 0, ""VDC_intput_V"": 0, ""Water_deep_cm"": 20.475}"
2025-09-18 09:38:45.063576356+00:00,ps-lb-06,2,-35,9.75,"{""Bat_V"": 3.594, ""Exti_pin_level"": ""Low"", ""Exti_status"": ""False"", ""IDC_intput_mA"": 5.638, ""IN1_pin_level"": ""Low"", ""IN2_pin_level"": ""Low"", ""Node_type"": ""PS-LB"", ""Probe_mod"": 0, ""VDC_intput_V"": 0, ""Water_deep_cm"": 20.475}"
2025-09-18 09:39:45.051141212+00:00,ps-lb-06,2,-33,8.0,"{""Bat_V"": 3.594, ""Exti_pin_level"": ""Low"", ""Exti_status"": ""False"", ""IDC_intput_mA"": 5.637, ""IN1_pin_level"": ""Low"", ""IN2_pin_level"": ""Low"", ""Node_type"": ""PS-LB"", ""Probe_mod"": 0, ""VDC_intput_V"": 0, ""Water_deep_cm"": 20.462}"
2025-09-18 09:40:45.048524755+00:00,ps-lb-06,2,-37,10.5,"{""Bat_V"": 3.594, ""Exti_pin_level"": ""Low"", ""Exti_status"": ""False"", ""IDC_intput_mA"": 5.637, ""IN1_pin_level"": ""Low"", ""IN2_pin_level"": ""Low"", ""Node_type"": ""PS-LB"", ""Probe_mod"": 0, ""VDC_intput_V"": 0, ""Water_deep_cm"": 20.462}"
2025-09-18 09:41:45.019494362+00:00,ps-lb-06,2,-38,9.5,"{""Bat_V"": 3.594, ""Exti_pin_level"": ""Low"", ""Exti_status"": ""False"", ""IDC_intput_mA"": 5.637, ""IN1_pin_level"": ""Low"", ""IN2_pin_level"": ""Low"", ""Node_type"": ""PS-LB"", ""Probe_mod"": 0, ""VDC_intput_V"": 0, ""Water_deep_cm"": 20.462}"
2025-09-18 09:42:45.011700128+00:00,ps-lb-06,2,-37,9.25,"{""Bat_V"": 3.594, ""Exti_pin_level"": ""Low"", ""Exti_status"": ""False"", ""IDC_intput_mA"": 5.638, ""IN1_pin_level"": ""Low"", ""IN2_pin_level"": ""Low"", ""Node_type"": ""PS-LB"", ""Probe_mod"": 0, ""VDC_intput_V"": 0, ""Water_deep_cm"": 20.475}"
2025-09-18 09:43:45.001416740+00:00,ps-lb-06,2,-35,9.75,"{""Bat_V"": 3.594, ""Exti_pin_level"": ""Low"", ""Exti_status"": ""False"", ""IDC_intput_mA"": 5.638, ""IN1_pin_level"": ""Low"", ""IN2_pin_level"": ""Low"", ""Node_type"": ""PS-LB"", ""Probe_mod"": 0, ""VDC_intput_V"": 0, ""Water_deep_cm"": 20.475}"
2025-09-18 09:44:44.979009331+00:00,ps-lb-06,2,-37,10.75,"{""Bat_V"": 3.594, ""Exti_pin_level"": ""Low"", ""Exti_status"": ""False"", ""IDC_intput_mA"": 5.637, ""IN1_pin_level"": ""Low"", ""IN2_pin_level"": ""Low"", ""Node_type"": ""PS-LB"", ""Probe_mod"": 0, ""VDC_intput_V"": 0, ""Water_deep_cm"": 20.462}"
2025-09-18 09:45:44.990307728+00:00,ps-lb-06,2,-33,7.5,"{""Bat_V"": 3.594, ""Exti_pin_level"": ""Low"", ""Exti_status"": ""False"", ""IDC_intput_mA"": 5.638, ""IN1_pin_level"": ""Low"", ""IN2_pin_level"": ""Low"", ""Node_type"": ""PS-LB"", ""Probe_mod"": 0, ""VDC_intput_V"": 0, ""Water_deep_cm"": 20.475}"
2025-09-18 09:46:44.959017537+00:00,ps-lb-06,2,-35,9.5,"{""Bat_V"": 3.594, ""Exti_pin_level"": ""Low"", ""Exti_status"": ""False"", ""IDC_intput_mA"": 5.637, ""IN1_pin_level"": ""Low"", ""IN2_pin_level"": ""Low"", ""Node_type"": ""PS-LB"", ""Probe_mod"": 0, ""VDC_intput_V"": 0, ""Water_deep_cm"": 20.462}"
2025-09-18 09:47:44.942118074+00:00,ps-lb-06,2,-35,7.75,"{""Bat_V"": 3.594, ""Exti_pin_level"": ""Low"", ""Exti_status"": ""False"", ""IDC_intput_mA"": 5.637, ""IN1_pin_level"": ""Low"", ""IN2_pin_level"": ""Low"", ""Node_type"": ""PS-LB"", ""Probe_mod"": 0, ""VDC_intput_V"": 0, ""Water_deep_cm"": 20.462}"
2025-09-18 09:48:44.955633419+00:00,ps-lb-06,2,-37,10.5,"{""Bat_V"": 3.594, ""Exti_pin_level"": ""Low"", ""Exti_status"": ""False"", ""IDC_intput_mA"": 5.638, ""IN1_pin_level"": ""Low"", ""IN2_pin_level"": ""Low"", ""Node_type"": ""PS-LB"", ""Probe_mod"": 0, ""VDC_intput_V"": 0, ""Water_deep_cm"": 20.475}"
2025-09-18 09:49:44.922331584+00:00,ps-lb-06,2,-35,10.0,"{""Bat_V"": 3.594, ""Exti_pin_level"": ""Low"", ""Exti_status"": ""False"", ""IDC_intput_mA"": 5.637, ""IN1_pin_level"": ""Low"", ""IN2_pin_level"": ""Low"", ""Node_type"": ""PS-LB"", ""Probe_mod"": 0, ""VDC_intput_V"": 0, ""Water_deep_cm"": 20.462}"
2025-09-18 09:50:44.904456227+00:00,ps-lb-06,2,-37,11.0,"{""Bat_V"": 3.594, ""Exti_pin_level"": ""Low"", ""Exti_status"": ""False"", ""IDC_intput_mA"": 5.638, ""IN1_pin_level"": ""Low"", ""IN2_pin_level"": ""Low"", ""Node_type"": ""PS-LB"", ""Probe_mod"": 0, ""VDC_intput_V"": 0, ""Water_deep_cm"": 20.475}"
2025-09-18 09:51:44.922443378+00:00,ps-lb-06,2,-33,9.75,"{""Bat_V"": 3.594, ""Exti_pin_level"": ""Low"", ""Exti_status"": ""False"", ""IDC_intput_mA"": 5.638, ""IN1_pin_level"": ""Low"", ""IN2_pin_level"": ""Low"", ""Node_type"": ""PS-LB"", ""Probe_mod"": 0, ""VDC_intput_V"": 0, ""Water_deep_cm"": 20.475}"
2025-09-18 09:52:44.893635810+00:00,ps-lb-06,2,-36,9.5,"{""Bat_V"": 3.594, ""Exti_pin_level"": ""Low"", ""Exti_status"": ""False"", ""IDC_intput_mA"": 5.637, ""IN1_pin_level"": ""Low"", ""IN2_pin_level"": ""Low"", ""Node_type"": ""PS-LB"", ""Probe_mod"": 0, ""VDC_intput_V"": 0, ""Water_deep_cm"": 20.462}"
2025-09-18 09:53:44.879752836+00:00,ps-lb-06,2,-33,10.0,"{""Bat_V"": 3.588, ""Exti_pin_level"": ""Low"", ""Exti_status"": ""False"", ""IDC_intput_mA"": 5.637, ""IN1_pin_level"": ""Low"", ""IN2_pin_level"": ""Low"", ""Node_type"": ""PS-LB"", ""Probe_mod"": 0, ""VDC_intput_V"": 0, ""Water_deep_cm"": 20.462}"
2025-09-18 09:54:44.873032304+00:00,ps-lb-06,2,-33,8.0,"{""Bat_V"": 3.594, ""Exti_pin_level"": ""Low"", ""Exti_status"": ""False"", ""IDC_intput_mA"": 5.638, ""IN1_pin_level"": ""Low"", ""IN2_pin_level"": ""Low"", ""Node_type"": ""PS-LB"", ""Probe_mod"": 0, ""VDC_intput_V"": 0, ""Water_deep_cm"": 20.475}"
2025-09-18 09:55:44.865053847+00:00,ps-lb-06,2,-33,7.75,"{""Bat_V"": 3.594, ""Exti_pin_level"": ""Low"", ""Exti_status"": ""False"", ""IDC_intput_mA"": 5.638, ""IN1_pin_level"": ""Low"", ""IN2_pin_level"": ""Low"", ""Node_type"": ""PS-LB"", ""Probe_mod"": 0, ""VDC_intput_V"": 0, ""Water_deep_cm"": 20.475}"
2025-09-18 09:56:44.833101612+00:00,ps-lb-06,2,-35,10.75,"{""Bat_V"": 3.594, ""Exti_pin_level"": ""Low"", ""Exti_status"": ""False"", ""IDC_intput_mA"": 5.638, ""IN1_pin_level"": ""Low"", ""IN2_pin_level"": ""Low"", ""Node_type"": ""PS-LB"", ""Probe_mod"": 0, ""VDC_intput_V"": 0, ""Water_deep_cm"": 20.475}"
2025-09-18 09:57:44.824007925+00:00,ps-lb-06,2,-36,10.5,"{""Bat_V"": 3.588, ""Exti_pin_level"": ""Low"", ""Exti_status"": ""False"", ""IDC_intput_mA"": 5.638, ""IN1_pin_level"": ""Low"", ""IN2_pin_level"": ""Low"", ""Node_type"": ""PS-LB"", ""Probe_mod"": 0, ""VDC_intput_V"": 0, ""Water_deep_cm"": 20.475}"
2025-09-18 09:58:44.813989066+00:00,ps-lb-06,2,-37,6.75,"{""Bat_V"": 3.588, ""Exti_pin_level"": ""Low"", ""Exti_status"": ""False"", ""IDC_intput_mA"": 5.637, ""IN1_pin_level"": ""Low"", ""IN2_pin_level"": ""Low"", ""Node_type"": ""PS-LB"", ""Probe_mod"": 0, ""VDC_intput_V"": 0, ""Water_deep_cm"": 20.462}"
2025-09-18 09:59:44.790826429+00:00,ps-lb-06,2,-17,10.5,"{""Bat_V"": 3.588, ""Exti_pin_level"": ""Low"", ""Exti_status"": ""False"", ""IDC_intput_mA"": 5.637, ""IN1_pin_level"": ""Low"", ""IN2_pin_level"": ""Low"", ""Node_type"": ""PS-LB"", ""Probe_mod"": 0, ""VDC_intput_V"": 0, ""Water_deep_cm"": 20.462}"
2025-09-18 10:00:44.793077687+00:00,ps-lb-06,2,-17,9.25,"{""Bat_V"": 3.588, ""Exti_pin_level"": ""Low"", ""Exti_status"": ""False"", ""IDC_intput_mA"": 5.638, ""IN1_pin_level"": ""Low"", ""IN2_pin_level"": ""Low"", ""Node_type"": ""PS-LB"", ""Probe_mod"": 0, ""VDC_intput_V"": 0, ""Water_deep_cm"": 20.475}"
2025-09-18 10:01:44.803851475+00:00,ps-lb-06,2,-13,8.25,"{""Bat_V"": 3.588, ""Exti_pin_level"": ""Low"", ""Exti_status"": ""False"", ""IDC_intput_mA"": 5.637, ""IN1_pin_level"": ""Low"", ""IN2_pin_level"": ""Low"", ""Node_type"": ""PS-LB"", ""Probe_mod"": 0, ""VDC_intput_V"": 0, ""Water_deep_cm"": 20.462}"
2025-09-18 10:02:44.782344997+00:00,ps-lb-06,2,-17,9.75,"{""Bat_V"": 3.588, ""Exti_pin_level"": ""Low"", ""Exti_status"": ""False"", ""IDC_intput_mA"": 5.637, ""IN1_pin_level"": ""Low"", ""IN2_pin_level"": ""Low"", ""Node_type"": ""PS-LB"", ""Probe_mod"": 0, ""VDC_intput_V"": 0, ""Water_deep_cm"": 20.462}"
2025-09-18 10:03:44.746539425+00:00,ps-lb-06,2,-120,-5.75,"{""Bat_V"": 3.588, ""Exti_pin_level"": ""Low"", ""Exti_status"": ""False"", ""IDC_intput_mA"": 5.638, ""IN1_pin_level"": ""Low"", ""IN2_pin_level"": ""Low"", ""Node_type"": ""PS-LB"", ""Probe_mod"": 0, ""VDC_intput_V"": 0, ""Water_deep_cm"": 20.475}"
2025-09-18 10:04:44.753040990+00:00,ps-lb-06,2,-17,9.5,"{""Bat_V"": 3.588, ""Exti_pin_level"": ""Low"", ""Exti_status"": ""False"", ""IDC_intput_mA"": 5.637, ""IN1_pin_level"": ""Low"", ""IN2_pin_level"": ""Low"", ""Node_type"": ""PS-LB"", ""Probe_mod"": 0, ""VDC_intput_V"": 0, ""Water_deep_cm"": 20.462}"
2025-09-18 10:05:44.731397432+00:00,ps-lb-06,2,-17,9.75,"{""Bat_V"": 3.588, ""Exti_pin_level"": ""Low"", ""Exti_status"": ""False"", ""IDC_intput_mA"": 5.637, ""IN1_pin_level"": ""Low"", ""IN2_pin_level"": ""Low"", ""Node_type"": ""PS-LB"", ""Probe_mod"": 0, ""VDC_intput_V"": 0, ""Water_deep_cm"": 20.462}"
2025-09-18 10:06:44.725877243+00:00,ps-lb-06,2,-17,9.5,"{""Bat_V"": 3.588, ""Exti_pin_level"": ""Low"", ""Exti_status"": ""False"", ""IDC_intput_mA"": 5.637, ""IN1_pin_level"": ""Low"", ""IN2_pin_level"": ""Low"", ""Node_type"": ""PS-LB"", ""Probe_mod"": 0, ""VDC_intput_V"": 0, ""Water_deep_cm"": 20.462}"
2025-09-18 10:07:44.720773703+00:00,ps-lb-06,2,-17,10.25,"{""Bat_V"": 3.588, ""Exti_pin_level"": ""Low"", ""Exti_status"": ""False"", ""IDC_intput_mA"": 5.638, ""IN1_pin_level"": ""Low"", ""IN2_pin_level"": ""Low"", ""Node_type"": ""PS-LB"", ""Probe_mod"": 0, ""VDC_intput_V"": 0, ""Water_deep_cm"": 20.475}"
2025-09-18 10:08:44.694330535+00:00,ps-lb-06,2,-114,2.0,"{""Bat_V"": 3.588, ""Exti_pin_level"": ""Low"", ""Exti_status"": ""False"", ""IDC_intput_mA"": 5.637, ""IN1_pin_level"": ""Low"", ""IN2_pin_level"": ""Low"", ""Node_type"": ""PS-LB"", ""Probe_mod"": 0, ""VDC_intput_V"": 0, ""Water_deep_cm"": 20.462}"
2025-09-18 10:09:44.682895855+00:00,ps-lb-06,2,-17,7.25,"{""Bat_V"": 3.588, ""Exti_pin_level"": ""Low"", ""Exti_status"": ""False"", ""IDC_intput_mA"": 5.637, ""IN1_pin_level"": ""Low"", ""IN2_pin_level"": ""Low"", ""Node_type"": ""PS-LB"", ""Probe_mod"": 0, ""VDC_intput_V"": 0, ""Water_deep_cm"": 20.462}"
2025-09-18 10:10:44.673335979+00:00,ps-lb-06,2,-17,7.75,"{""Bat_V"": 3.588, ""Exti_pin_level"": ""Low"", ""Exti_status"": ""False"", ""IDC_intput_mA"": 5.637, ""IN1_pin_level"": ""Low"", ""IN2_pin_level"": ""Low"", ""Node_type"": ""PS-LB"", ""Probe_mod"": 0, ""VDC_intput_V"": 0, ""Water_deep_cm"": 20.462}"
2025-09-18 10:11:44.690759774+00:00,ps-lb-06,2,-19,10.75,"{""Bat_V"": 3.588, ""Exti_pin_level"": ""Low"", ""Exti_status"": ""False"", ""IDC_intput_mA"": 5.637, ""IN1_pin_level"": ""Low"", ""IN2_pin_level"": ""Low"", ""Node_type"": ""PS-LB"", ""Probe_mod"": 0, ""VDC_intput_V"": 0, ""Water_deep_cm"": 20.462}"
2025-09-18 10:12:44.651304420+00:00,ps-lb-06,2,-15,9.25,"{""Bat_V"": 3.588, ""Exti_pin_level"": ""Low"", ""Exti_status"": ""False"", ""IDC_intput_mA"": 5.637, ""IN1_pin_level"": ""Low"", ""IN2_pin_level"": ""Low"", ""Node_type"": ""PS-LB"", ""Probe_mod"": 0, ""VDC_intput_V"": 0, ""Water_deep_cm"": 20.462}"
2025-09-18 10:13:44.644685222+00:00,ps-lb-06,2,-17,11.25,"{""Bat_V"": 3.588, ""Exti_pin_level"": ""Low"", ""Exti_status"": ""False"", ""IDC_intput_mA"": 5.637, ""IN1_pin_level"": ""Low"", ""IN2_pin_level"": ""Low"", ""Node_type"": ""PS-LB"", ""Probe_mod"": 0, ""VDC_intput_V"": 0, ""Water_deep_cm"": 20.462}"
2025-09-18 10:14:44.642683445+00:00,ps-lb-06,2,-15,7.75,"{""Bat_V"": 3.588, ""Exti_pin_level"": ""Low"", ""Exti_status"": ""False"", ""IDC_intput_mA"": 5.637, ""IN1_pin_level"": ""Low"", ""IN2_pin_level"": ""Low"", ""Node_type"": ""PS-LB"", ""Probe_mod"": 0, ""VDC_intput_V"": 0, ""Water_deep_cm"": 20.462}"
2025-09-18 10:15:44.625983242+00:00,ps-lb-06,2,-116,-1.25,"{""Bat_V"": 3.588, ""Exti_pin_level"": ""Low"", ""Exti_status"": ""False"", ""IDC_intput_mA"": 5.637, ""IN1_pin_level"": ""Low"", ""IN2_pin_level"": ""Low"", ""Node_type"": ""PS-LB"", ""Probe_mod"": 0, ""VDC_intput_V"": 0, ""Water_deep_cm"": 20.462}"
2025-09-18 10:16:44.606701668+00:00,ps-lb-06,2,-15,9.75,"{""Bat_V"": 3.588, ""Exti_pin_level"": ""Low"", ""Exti_status"": ""False"", ""IDC_intput_mA"": 5.637, ""IN1_pin_level"": ""Low"", ""IN2_pin_level"": ""Low"", ""Node_type"": ""PS-LB"", ""Probe_mod"": 0, ""VDC_intput_V"": 0, ""Water_deep_cm"": 20.462}"
2025-09-18 10:17:44.591288739+00:00,ps-lb-06,2,-15,9.25,"{""Bat_V"": 3.588, ""Exti_pin_level"": ""Low"", ""Exti_status"": ""False"", ""IDC_intput_mA"": 5.637, ""IN1_pin_level"": ""Low"", ""IN2_pin_level"": ""Low"", ""Node_type"": ""PS-LB"", ""Probe_mod"": 0, ""VDC_intput_V"": 0, ""Water_deep_cm"": 20.462}"
2025-09-18 10:18:44.571906089+00:00,ps-lb-06,2,-16,7.0,"{""Bat_V"": 3.588, ""Exti_pin_level"": ""Low"", ""Exti_status"": ""False"", ""IDC_intput_mA"": 5.637, ""IN1_pin_level"": ""Low"", ""IN2_pin_level"": ""Low"", ""Node_type"": ""PS-LB"", ""Probe_mod"": 0, ""VDC_intput_V"": 0, ""Water_deep_cm"": 20.462}"
2025-09-18 10:19:44.573945761+00:00,ps-lb-06,2,-15,7.75,"{""Bat_V"": 3.588, ""Exti_pin_level"": ""Low"", ""Exti_status"": ""False"", ""IDC_intput_mA"": 5.637, ""IN1_pin_level"": ""Low"", ""IN2_pin_level"": ""Low"", ""Node_type"": ""PS-LB"", ""Probe_mod"": 0, ""VDC_intput_V"": 0, ""Water_deep_cm"": 20.462}"
2025-09-18 10:20:44.574388041+00:00,ps-lb-06,2,-13,8.75,"{""Bat_V"": 3.588, ""Exti_pin_level"": ""Low"", ""Exti_status"": ""False"", ""IDC_intput_mA"": 5.637, ""IN1_pin_level"": ""Low"", ""IN2_pin_level"": ""Low"", ""Node_type"": ""PS-LB"", ""Probe_mod"": 0, ""VDC_intput_V"": 0, ""Water_deep_cm"": 20.462}"
2025-09-18 10:21:44.551583674+00:00,ps-lb-06,2,-19,9.75,"{""Bat_V"": 3.588, ""Exti_pin_level"": ""Low"", ""Exti_status"": ""False"", ""IDC_intput_mA"": 5.638, ""IN1_pin_level"": ""Low"", ""IN2_pin_level"": ""Low"", ""Node_type"": ""PS-LB"", ""Probe_mod"": 0, ""VDC_intput_V"": 0, ""Water_deep_cm"": 20.475}"
2025-09-18 10:22:44.533509451+00:00,ps-lb-06,2,-15,9.0,"{""Bat_V"": 3.588, ""Exti_pin_level"": ""Low"", ""Exti_status"": ""False"", ""IDC_intput_mA"": 5.637, ""IN1_pin_level"": ""Low"", ""IN2_pin_level"": ""Low"", ""Node_type"": ""PS-LB"", ""Probe_mod"": 0, ""VDC_intput_V"": 0, ""Water_deep_cm"": 20.462}"
2025-09-18 10:23:44.531132314+00:00,ps-lb-06,2,-15,9.25,"{""Bat_V"": 3.588, ""Exti_pin_level"": ""Low"", ""Exti_status"": ""False"", ""IDC_intput_mA"": 5.637, ""IN1_pin_level"": ""Low"", ""IN2_pin_level"": ""Low"", ""Node_type"": ""PS-LB"", ""Probe_mod"": 0, ""VDC_intput_V"": 0, ""Water_deep_cm"": 20.462}"
2025-09-18 10:24:44.521708332+00:00,ps-lb-06,2,-119,-4.25,"{""Bat_V"": 3.582, ""Exti_pin_level"": ""Low"", ""Exti_status"": ""False"", ""IDC_intput_mA"": 5.637, ""IN1_pin_level"": ""Low"", ""IN2_pin_level"": ""Low"", ""Node_type"": ""PS-LB"", ""Probe_mod"": 0, ""VDC_intput_V"": 0, ""Water_deep_cm"": 20.462}"
2025-09-18 10:25:44.496285586+00:00,ps-lb-06,2,-19,7.5,"{""Bat_V"": 3.588, ""Exti_pin_level"": ""Low"", ""Exti_status"": ""False"", ""IDC_intput_mA"": 5.637, ""IN1_pin_level"": ""Low"", ""IN2_pin_level"": ""Low"", ""Node_type"": ""PS-LB"", ""Probe_mod"": 0, ""VDC_intput_V"": 0, ""Water_deep_cm"": 20.462}"
2025-09-18 10:26:44.494927704+00:00,ps-lb-06,2,-18,7.75,"{""Bat_V"": 3.588, ""Exti_pin_level"": ""Low"", ""Exti_status"": ""False"", ""IDC_intput_mA"": 5.638, ""IN1_pin_level"": ""Low"", ""IN2_pin_level"": ""Low"", ""Node_type"": ""PS-LB"", ""Probe_mod"": 0, ""VDC_intput_V"": 0, ""Water_deep_cm"": 20.475}"
2025-09-18 10:27:59.091231206+00:00,ps-lb-06,2,-14,8.0,"{""Bat_V"": 3.582, ""Exti_pin_level"": ""Low"", ""Exti_status"": ""False"", ""IDC_intput_mA"": 5.637, ""IN1_pin_level"": ""Low"", ""IN2_pin_level"": ""Low"", ""Node_type"": ""PS-LB"", ""Probe_mod"": 0, ""VDC_intput_V"": 0, ""Water_deep_cm"": 20.462}"
2025-09-18 10:28:59.093143860+00:00,ps-lb-06,2,-17,9.25,"{""Bat_V"": 3.582, ""Exti_pin_level"": ""Low"", ""Exti_status"": ""False"", ""IDC_intput_mA"": 5.637, ""IN1_pin_level"": ""Low"", ""IN2_pin_level"": ""Low"", ""Node_type"": ""PS-LB"", ""Probe_mod"": 0, ""VDC_intput_V"": 0, ""Water_deep_cm"": 20.462}"
2025-09-18 10:29:59.074463450+00:00,ps-lb-06,2,-17,9.75,"{""Bat_V"": 3.588, ""Exti_pin_level"": ""Low"", ""Exti_status"": ""False"", ""IDC_intput_mA"": 5.637, ""IN1_pin_level"": ""Low"", ""IN2_pin_level"": ""Low"", ""Node_type"": ""PS-LB"", ""Probe_mod"": 0, ""VDC_intput_V"": 0, ""Water_deep_cm"": 20.462}"
2025-09-18 10:40:13.565866306+00:00,ps-lb-06,2,-113,1.5,"{""Bat_V"": 3.588, ""Exti_pin_level"": ""Low"", ""Exti_status"": ""False"", ""IDC_intput_mA"": 5.636, ""IN1_pin_level"": ""Low"", ""IN2_pin_level"": ""Low"", ""Node_type"": ""PS-LB"", ""Probe_mod"": 0, ""VDC_intput_V"": 0, ""Water_deep_cm"": 20.45}"
2025-09-18 10:50:13.441556016+00:00,ps-lb-06,2,-17,9.75,"{""Bat_V"": 3.588, ""Exti_pin_level"": ""Low"", ""Exti_status"": ""False"", ""IDC_intput_mA"": 5.637, ""IN1_pin_level"": ""Low"", ""IN2_pin_level"": ""Low"", ""Node_type"": ""PS-LB"", ""Probe_mod"": 0, ""VDC_intput_V"": 0, ""Water_deep_cm"": 20.462}"
2025-09-18 11:00:13.340484743+00:00,ps-lb-06,2,-19,9.75,"{""Bat_V"": 3.588, ""Exti_pin_level"": ""Low"", ""Exti_status"": ""False"", ""IDC_intput_mA"": 5.636, ""IN1_pin_level"": ""Low"", ""IN2_pin_level"": ""Low"", ""Node_type"": ""PS-LB"", ""Probe_mod"": 0, ""VDC_intput_V"": 0, ""Water_deep_cm"": 20.45}"
2025-09-18 11:10:13.193652251+00:00,ps-lb-06,2,-120,-3.75,"{""Bat_V"": 3.588, ""Exti_pin_level"": ""Low"", ""Exti_status"": ""False"", ""IDC_intput_mA"": 5.636, ""IN1_pin_level"": ""Low"", ""IN2_pin_level"": ""Low"", ""Node_type"": ""PS-LB"", ""Probe_mod"": 0, ""VDC_intput_V"": 0, ""Water_deep_cm"": 20.45}"
2025-09-18 11:20:13.070667777+00:00,ps-lb-06,2,-17,10.25,"{""Bat_V"": 3.588, ""Exti_pin_level"": ""Low"", ""Exti_status"": ""False"", ""IDC_intput_mA"": 5.637, ""IN1_pin_level"": ""Low"", ""IN2_pin_level"": ""Low"", ""Node_type"": ""PS-LB"", ""Probe_mod"": 0, ""VDC_intput_V"": 0, ""Water_deep_cm"": 20.462}"
2025-09-18 11:30:12.945089455+00:00,ps-lb-06,2,-17,7.5,"{""Bat_V"": 3.588, ""Exti_pin_level"": ""Low"", ""Exti_status"": ""False"", ""IDC_intput_mA"": 5.637, ""IN1_pin_level"": ""Low"", ""IN2_pin_level"": ""Low"", ""Node_type"": ""PS-LB"", ""Probe_mod"": 0, ""VDC_intput_V"": 0, ""Water_deep_cm"": 20.462}"
2025-09-18 11:40:12.814294915+00:00,ps-lb-06,2,-14,9.0,"{""Bat_V"": 3.588, ""Exti_pin_level"": ""Low"", ""Exti_status"": ""False"", ""IDC_intput_mA"": 5.636, ""IN1_pin_level"": ""Low"", ""IN2_pin_level"": ""Low"", ""Node_type"": ""PS-LB"", ""Probe_mod"": 0, ""VDC_intput_V"": 0, ""Water_deep_cm"": 20.45}"
2025-09-18 11:50:12.698702603+00:00,ps-lb-06,2,-117,-3.75,"{""Bat_V"": 3.588, ""Exti_pin_level"": ""Low"", ""Exti_status"": ""False"", ""IDC_intput_mA"": 5.636, ""IN1_pin_level"": ""Low"", ""IN2_pin_level"": ""Low"", ""Node_type"": ""PS-LB"", ""Probe_mod"": 0, ""VDC_intput_V"": 0, ""Water_deep_cm"": 20.45}"
2025-09-18 12:00:12.562498519+00:00,ps-lb-06,2,-120,-5.0,"{""Bat_V"": 3.588, ""Exti_pin_level"": ""Low"", ""Exti_status"": ""False"", ""IDC_intput_mA"": 5.636, ""IN1_pin_level"": ""Low"", ""IN2_pin_level"": ""Low"", ""Node_type"": ""PS-LB"", ""Probe_mod"": 0, ""VDC_intput_V"": 0, ""Water_deep_cm"": 20.45}"
2025-09-18 12:10:12.455884287+00:00,ps-lb-06,2,-17,9.25,"{""Bat_V"": 3.588, ""Exti_pin_level"": ""Low"", ""Exti_status"": ""False"", ""IDC_intput_mA"": 5.636, ""IN1_pin_level"": ""Low"", ""IN2_pin_level"": ""Low"", ""Node_type"": ""PS-LB"", ""Probe_mod"": 0, ""VDC_intput_V"": 0, ""Water_deep_cm"": 20.45}"
2025-09-18 12:20:12.336404944+00:00,ps-lb-06,2,-19,9.5,"{""Bat_V"": 3.588, ""Exti_pin_level"": ""Low"", ""Exti_status"": ""False"", ""IDC_intput_mA"": 5.636, ""IN1_pin_level"": ""Low"", ""IN2_pin_level"": ""Low"", ""Node_type"": ""PS-LB"", ""Probe_mod"": 0, ""VDC_intput_V"": 0, ""Water_deep_cm"": 20.45}"
2025-09-18 12:30:12.209440309+00:00,ps-lb-06,2,-116,-1.0,"{""Bat_V"": 3.588, ""Exti_pin_level"": ""Low"", ""Exti_status"": ""False"", ""IDC_intput_mA"": 5.636, ""IN1_pin_level"": ""Low"", ""IN2_pin_level"": ""Low"", ""Node_type"": ""PS-LB"", ""Probe_mod"": 0, ""VDC_intput_V"": 0, ""Water_deep_cm"": 20.45}"
2025-09-18 12:40:12.092990687+00:00,ps-lb-06,2,-18,7.75,"{""Bat_V"": 3.588, ""Exti_pin_level"": ""Low"", ""Exti_status"": ""False"", ""IDC_intput_mA"": 5.636, ""IN1_pin_level"": ""Low"", ""IN2_pin_level"": ""Low"", ""Node_type"": ""PS-LB"", ""Probe_mod"": 0, ""VDC_intput_V"": 0, ""Water_deep_cm"": 20.45}"
2025-09-18 12:50:11.961273287+00:00,ps-lb-06,2,-14,7.75,"{""Bat_V"": 3.588, ""Exti_pin_level"": ""Low"", ""Exti_status"": ""False"", ""IDC_intput_mA"": 5.636, ""IN1_pin_level"": ""Low"", ""IN2_pin_level"": ""Low"", ""Node_type"": ""PS-LB"", ""Probe_mod"": 0, ""VDC_intput_V"": 0, ""Water_deep_cm"": 20.45}"
2025-09-18 13:00:11.830932910+00:00,ps-lb-06,2,-15,9.25,"{""Bat_V"": 3.582, ""Exti_pin_level"": ""Low"", ""Exti_status"": ""False"", ""IDC_intput_mA"": 5.636, ""IN1_pin_level"": ""Low"", ""IN2_pin_level"": ""Low"", ""Node_type"": ""PS-LB"", ""Probe_mod"": 0, ""VDC_intput_V"": 0, ""Water_deep_cm"": 20.45}"
2025-09-18 13:10:11.726186627+00:00,ps-lb-06,2,-19,10.0,"{""Bat_V"": 3.582, ""Exti_pin_level"": ""Low"", ""Exti_status"": ""False"", ""IDC_intput_mA"": 5.636, ""IN1_pin_level"": ""Low"", ""IN2_pin_level"": ""Low"", ""Node_type"": ""PS-LB"", ""Probe_mod"": 0, ""VDC_intput_V"": 0, ""Water_deep_cm"": 20.45}"
2025-09-18 13:20:11.575928618+00:00,ps-lb-06,2,-115,,"{""Bat_V"": 3.582, ""Exti_pin_level"": ""Low"", ""Exti_status"": ""False"", ""IDC_intput_mA"": 5.636, ""IN1_pin_level"": ""Low"", ""IN2_pin_level"": ""Low"", ""Node_type"": ""PS-LB"", ""Probe_mod"": 0, ""VDC_intput_V"": 0, ""Water_deep_cm"": 20.45}"
2025-09-18 13:30:11.456030980+00:00,ps-lb-06,2,-15,9.5,"{""Bat_V"": 3.588, ""Exti_pin_level"": ""Low"", ""Exti_status"": ""False"", ""IDC_intput_mA"": 5.636, ""IN1_pin_level"": ""Low"", ""IN2_pin_level"": ""Low"", ""Node_type"": ""PS-LB"", ""Probe_mod"": 0, ""VDC_intput_V"": 0, ""Water_deep_cm"": 20.45}"
2025-09-18 13:40:11.329139888+00:00,ps-lb-06,2,-116,0.25,"{""Bat_V"": 3.588, ""Exti_pin_level"": ""Low"", ""Exti_status"": ""False"", ""IDC_intput_mA"": 5.636, ""IN1_pin_level"": ""Low"", ""IN2_pin_level"": ""Low"", ""Node_type"": ""PS-LB"", ""Probe_mod"": 0, ""VDC_intput_V"": 0, ""Water_deep_cm"": 20.45}"
2025-09-18 13:50:11.211022091+00:00,ps-lb-06,2,-19,7.25,"{""Bat_V"": 3.588, ""Exti_pin_level"": ""Low"", ""Exti_status"": ""False"", ""IDC_intput_mA"": 5.636, ""IN1_pin_level"": ""Low"", ""IN2_pin_level"": ""Low"", ""Node_type"": ""PS-LB"", ""Probe_mod"": 0, ""VDC_intput_V"": 0, ""Water_deep_cm"": 20.45}"
2025-09-18 14:00:11.088211067+00:00,ps-lb-06,2,-17,10.25,"{""Bat_V"": 3.582, ""Exti_pin_level"": ""Low"", ""Exti_status"": ""False"", ""IDC_intput_mA"": 5.636, ""IN1_pin_level"": ""Low"", ""IN2_pin_level"": ""Low"", ""Node_type"": ""PS-LB"", ""Probe_mod"": 0, ""VDC_intput_V"": 0, ""Water_deep_cm"": 20.45}"
2025-09-18 14:10:10.961584595+00:00,ps-lb-06,2,-17,7.25,"{""Bat_V"": 3.588, ""Exti_pin_level"": ""Low"", ""Exti_status"": ""False"", ""IDC_intput_mA"": 5.636, ""IN1_pin_level"": ""Low"", ""IN2_pin_level"": ""Low"", ""Node_type"": ""PS-LB"", ""Probe_mod"": 0, ""VDC_intput_V"": 0, ""Water_deep_cm"": 20.45}"
2025-09-18 14:20:10.834813155+00:00,ps-lb-06,2,-17,9.25,"{""Bat_V"": 3.588, ""Exti_pin_level"": ""Low"", ""Exti_status"": ""False"", ""IDC_intput_mA"": 5.636, ""IN1_pin_level"": ""Low"", ""IN2_pin_level"": ""Low"", ""Node_type"": ""PS-LB"", ""Probe_mod"": 0, ""VDC_intput_V"": 0, ""Water_deep_cm"": 20.45}"
2025-09-18 14:30:10.704161509+00:00,ps-lb-06,2,-18,10.0,"{""Bat_V"": 3.588, ""Exti_pin_level"": ""Low"", ""Exti_status"": ""False"", ""IDC_intput_mA"": 5.636, ""IN1_pin_level"": ""Low"", ""IN2_pin_level"": ""Low"", ""Node_type"": ""PS-LB"", ""Probe_mod"": 0, ""VDC_intput_V"": 0, ""Water_deep_cm"": 20.45}"
2025-09-18 14:40:10.581167233+00:00,ps-lb-06,2,-15,10.75,"{""Bat_V"": 3.588, ""Exti_pin_level"": ""Low"", ""Exti_status"": ""False"", ""IDC_intput_mA"": 5.636, ""IN1_pin_level"": ""Low"", ""IN2_pin_level"": ""Low"", ""Node_type"": ""PS-LB"", ""Probe_mod"": 0, ""VDC_intput_V"": 0, ""Water_deep_cm"": 20.45}"
2025-09-18 14:50:10.464035876+00:00,ps-lb-06,2,-14,9.25,"{""Bat_V"": 3.588, ""Exti_pin_level"": ""Low"", ""Exti_status"": ""False"", ""IDC_intput_mA"": 5.636, ""IN1_pin_level"": ""Low"", ""IN2_pin_level"": ""Low"", ""Node_type"": ""PS-LB"", ""Probe_mod"": 0, ""VDC_intput_V"": 0, ""Water_deep_cm"": 20.45}"
2025-09-18 15:00:10.357645633+00:00,ps-lb-06,2,-19,10.25,"{""Bat_V"": 3.588, ""Exti_pin_level"": ""Low"", ""Exti_status"": ""False"", ""IDC_intput_mA"": 5.636, ""IN1_pin_level"": ""Low"", ""IN2_pin_level"": ""Low"", ""Node_type"": ""PS-LB"", ""Probe_mod"": 0, ""VDC_intput_V"": 0, ""Water_deep_cm"": 20.45}"
2025-09-18 15:10:10.218787299+00:00,ps-lb-06,2,-118,-3.5,"{""Bat_V"": 3.588, ""Exti_pin_level"": ""Low"", ""Exti_status"": ""False"", ""IDC_intput_mA"": 5.636, ""IN1_pin_level"": ""Low"", ""IN2_pin_level"": ""Low"", ""Node_type"": ""PS-LB"", ""Probe_mod"": 0, ""VDC_intput_V"": 0, ""Water_deep_cm"": 20.45}"
2025-09-18 15:20:10.106975062+00:00,ps-lb-06,2,-18,8.25,"{""Bat_V"": 3.588, ""Exti_pin_level"": ""Low"", ""Exti_status"": ""False"", ""IDC_intput_mA"": 5.636, ""IN1_pin_level"": ""Low"", ""IN2_pin_level"": ""Low"", ""Node_type"": ""PS-LB"", ""Probe_mod"": 0, ""VDC_intput_V"": 0, ""Water_deep_cm"": 20.45}"
2025-09-18 15:30:09.997400418+00:00,ps-lb-06,2,-19,9.5,"{""Bat_V"": 3.588, ""Exti_pin_level"": ""Low"", ""Exti_status"": ""False"", ""IDC_intput_mA"": 5.636, ""IN1_pin_level"": ""Low"", ""IN2_pin_level"": ""Low"", ""Node_type"": ""PS-LB"", ""Probe_mod"": 0, ""VDC_intput_V"": 0, ""Water_deep_cm"": 20.45}"
2025-09-18 15:40:09.842300563+00:00,ps-lb-06,2,-17,10.0,"{""Bat_V"": 3.588, ""Exti_pin_level"": ""Low"", ""Exti_status"": ""False"", ""IDC_intput_mA"": 5.636, ""IN1_pin_level"": ""Low"", ""IN2_pin_level"": ""Low"", ""Node_type"": ""PS-LB"", ""Probe_mod"": 0, ""VDC_intput_V"": 0, ""Water_deep_cm"": 20.45}"
2025-09-18 15:50:09.717274876+00:00,ps-lb-06,2,-16,9.75,"{""Bat_V"": 3.588, ""Exti_pin_level"": ""Low"", ""Exti_status"": ""False"", ""IDC_intput_mA"": 5.636, ""IN1_pin_level"": ""Low"", ""IN2_pin_level"": ""Low"", ""Node_type"": ""PS-LB"", ""Probe_mod"": 0, ""VDC_intput_V"": 0, ""Water_deep_cm"": 20.45}"
2025-09-18 16:00:09.596047516+00:00,ps-lb-06,2,-15,6.75,"{""Bat_V"": 3.588, ""Exti_pin_level"": ""Low"", ""Exti_status"": ""False"", ""IDC_intput_mA"": 5.636, ""IN1_pin_level"": ""Low"", ""IN2_pin_level"": ""Low"", ""Node_type"": ""PS-LB"", ""Probe_mod"": 0, ""VDC_intput_V"": 0, ""Water_deep_cm"": 20.45}"
2025-09-18 16:10:09.450955365+00:00,ps-lb-06,2,-15,9.25,"{""Bat_V"": 3.588, ""Exti_pin_level"": ""Low"", ""Exti_status"": ""False"", ""IDC_intput_mA"": 5.636, ""IN1_pin_level"": ""Low"", ""IN2_pin_level"": ""Low"", ""Node_type"": ""PS-LB"", ""Probe_mod"": 0, ""VDC_intput_V"": 0, ""Water_deep_cm"": 20.45}"
2025-09-18 16:20:09.342816974+00:00,ps-lb-06,2,-19,9.25,"{""Bat_V"": 3.582, ""Exti_pin_level"": ""Low"", ""Exti_status"": ""False"", ""IDC_intput_mA"": 5.636, ""IN1_pin_level"": ""Low"", ""IN2_pin_level"": ""Low"", ""Node_type"": ""PS-LB"", ""Probe_mod"": 0, ""VDC_intput_V"": 0, ""Water_deep_cm"": 20.45}"
2025-09-18 16:30:09.250769111+00:00,ps-lb-06,2,-19,7.25,"{""Bat_V"": 3.582, ""Exti_pin_level"": ""Low"", ""Exti_status"": ""False"", ""IDC_intput_mA"": 5.636, ""IN1_pin_level"": ""Low"", ""IN2_pin_level"": ""Low"", ""Node_type"": ""PS-LB"", ""Probe_mod"": 0, ""VDC_intput_V"": 0, ""Water_deep_cm"": 20.45}"
2025-09-18 16:40:09.093958978+00:00,ps-lb-06,2,-118,-2.75,"{""Bat_V"": 3.588, ""Exti_pin_level"": ""Low"", ""Exti_status"": ""False"", ""IDC_intput_mA"": 5.636, ""IN1_pin_level"": ""Low"", ""IN2_pin_level"": ""Low"", ""Node_type"": ""PS-LB"", ""Probe_mod"": 0, ""VDC_intput_V"": 0, ""Water_deep_cm"": 20.45}"
2025-09-18 16:50:08.968594211+00:00,ps-lb-06,2,-17,7.25,"{""Bat_V"": 3.582, ""Exti_pin_level"": ""Low"", ""Exti_status"": ""False"", ""IDC_intput_mA"": 5.636, ""IN1_pin_level"": ""Low"", ""IN2_pin_level"": ""Low"", ""Node_type"": ""PS-LB"", ""Probe_mod"": 0, ""VDC_intput_V"": 0, ""Water_deep_cm"": 20.45}"
2025-09-18 17:00:08.848908759+00:00,ps-lb-06,2,-19,10.0,"{""Bat_V"": 3.582, ""Exti_pin_level"": ""Low"", ""Exti_status"": ""False"", ""IDC_intput_mA"": 5.636, ""IN1_pin_level"": ""Low"", ""IN2_pin_level"": ""Low"", ""Node_type"": ""PS-LB"", ""Probe_mod"": 0, ""VDC_intput_V"": 0, ""Water_deep_cm"": 20.45}"
2025-09-18 17:10:08.721725911+00:00,ps-lb-06,2,-17,9.5,"{""Bat_V"": 3.588, ""Exti_pin_level"": ""Low"", ""Exti_status"": ""False"", ""IDC_intput_mA"": 5.636, ""IN1_pin_level"": ""Low"", ""IN2_pin_level"": ""Low"", ""Node_type"": ""PS-LB"", ""Probe_mod"": 0, ""VDC_intput_V"": 0, ""Water_deep_cm"": 20.45}"
2025-09-18 17:20:08.604279358+00:00,ps-lb-06,2,-15,8.0,"{""Bat_V"": 3.582, ""Exti_pin_level"": ""Low"", ""Exti_status"": ""False"", ""IDC_intput_mA"": 5.635, ""IN1_pin_level"": ""Low"", ""IN2_pin_level"": ""Low"", ""Node_type"": ""PS-LB"", ""Probe_mod"": 0, ""VDC_intput_V"": 0, ""Water_deep_cm"": 20.437}"
2025-09-18 17:30:08.476630008+00:00,ps-lb-06,2,-115,-0.75,"{""Bat_V"": 3.588, ""Exti_pin_level"": ""Low"", ""Exti_status"": ""False"", ""IDC_intput_mA"": 5.635, ""IN1_pin_level"": ""Low"", ""IN2_pin_level"": ""Low"", ""Node_type"": ""PS-LB"", ""Probe_mod"": 0, ""VDC_intput_V"": 0, ""Water_deep_cm"": 20.437}"
2025-09-18 17:40:08.344884448+00:00,ps-lb-06,2,-19,11.25,"{""Bat_V"": 3.588, ""Exti_pin_level"": ""Low"", ""Exti_status"": ""False"", ""IDC_intput_mA"": 5.636, ""IN1_pin_level"": ""Low"", ""IN2_pin_level"": ""Low"", ""Node_type"": ""PS-LB"", ""Probe_mod"": 0, ""VDC_intput_V"": 0, ""Water_deep_cm"": 20.45}"
2025-09-18 17:50:08.247150715+00:00,ps-lb-06,2,-17,8.5,"{""Bat_V"": 3.582, ""Exti_pin_level"": ""Low"", ""Exti_status"": ""False"", ""IDC_intput_mA"": 5.636, ""IN1_pin_level"": ""Low"", ""IN2_pin_level"": ""Low"", ""Node_type"": ""PS-LB"", ""Probe_mod"": 0, ""VDC_intput_V"": 0, ""Water_deep_cm"": 20.45}"
2025-09-18 18:00:08.104580736+00:00,ps-lb-06,2,-15,9.5,"{""Bat_V"": 3.582, ""Exti_pin_level"": ""Low"", ""Exti_status"": ""False"", ""IDC_intput_mA"": 5.636, ""IN1_pin_level"": ""Low"", ""IN2_pin_level"": ""Low"", ""Node_type"": ""PS-LB"", ""Probe_mod"": 0, ""VDC_intput_V"": 0, ""Water_deep_cm"": 20.45}"
2025-09-18 18:10:07.977603856+00:00,ps-lb-06,2,-15,7.25,"{""Bat_V"": 3.582, ""Exti_pin_level"": ""Low"", ""Exti_status"": ""False"", ""IDC_intput_mA"": 5.636, ""IN1_pin_level"": ""Low"", ""IN2_pin_level"": ""Low"", ""Node_type"": ""PS-LB"", ""Probe_mod"": 0, ""VDC_intput_V"": 0, ""Water_deep_cm"": 20.45}"
2025-09-18 18:20:07.846669767+00:00,ps-lb-06,2,-17,9.5,"{""Bat_V"": 3.582, ""Exti_pin_level"": ""Low"", ""Exti_status"": ""False"", ""IDC_intput_mA"": 5.636, ""IN1_pin_level"": ""Low"", ""IN2_pin_level"": ""Low"", ""Node_type"": ""PS-LB"", ""Probe_mod"": 0, ""VDC_intput_V"": 0, ""Water_deep_cm"": 20.45}"
2025-09-18 18:30:07.739856146+00:00,ps-lb-06,2,-17,11.0,"{""Bat_V"": 3.582, ""Exti_pin_level"": ""Low"", ""Exti_status"": ""False"", ""IDC_intput_mA"": 5.636, ""IN1_pin_level"": ""Low"", ""IN2_pin_level"": ""Low"", ""Node_type"": ""PS-LB"", ""Probe_mod"": 0, ""VDC_intput_V"": 0, ""Water_deep_cm"": 20.45}"
2025-09-18 18:40:07.617820457+00:00,ps-lb-06,2,-17,9.25,"{""Bat_V"": 3.588, ""Exti_pin_level"": ""Low"", ""Exti_status"": ""False"", ""IDC_intput_mA"": 5.636, ""IN1_pin_level"": ""Low"", ""IN2_pin_level"": ""Low"", ""Node_type"": ""PS-LB"", ""Probe_mod"": 0, ""VDC_intput_V"": 0, ""Water_deep_cm"": 20.45}"
2025-09-18 18:50:07.483359874+00:00,ps-lb-06,2,-14,9.75,"{""Bat_V"": 3.582, ""Exti_pin_level"": ""Low"", ""Exti_status"": ""False"", ""IDC_intput_mA"": 5.636, ""IN1_pin_level"": ""Low"", ""IN2_pin_level"": ""Low"", ""Node_type"": ""PS-LB"", ""Probe_mod"": 0, ""VDC_intput_V"": 0, ""Water_deep_cm"": 20.45}"
2025-09-18 19:00:07.369800162+00:00,ps-lb-06,2,-17,9.5,"{""Bat_V"": 3.582, ""Exti_pin_level"": ""Low"", ""Exti_status"": ""False"", ""IDC_intput_mA"": 5.636, ""IN1_pin_level"": ""Low"", ""IN2_pin_level"": ""Low"", ""Node_type"": ""PS-LB"", ""Probe_mod"": 0, ""VDC_intput_V"": 0, ""Water_deep_cm"": 20.45}"
2025-09-18 19:10:07.239936179+00:00,ps-lb-06,2,-15,6.5,"{""Bat_V"": 3.588, ""Exti_pin_level"": ""Low"", ""Exti_status"": ""False"", ""IDC_intput_mA"": 5.636, ""IN1_pin_level"": ""Low"", ""IN2_pin_level"": ""Low"", ""Node_type"": ""PS-LB"", ""Probe_mod"": 0, ""VDC_intput_V"": 0, ""Water_deep_cm"": 20.45}"
2025-09-18 19:20:07.107561506+00:00,ps-lb-06,2,-17,9.25,"{""Bat_V"": 3.582, ""Exti_pin_level"": ""Low"", ""Exti_status"": ""False"", ""IDC_intput_mA"": 5.636, ""IN1_pin_level"": ""Low"", ""IN2_pin_level"": ""Low"", ""Node_type"": ""PS-LB"", ""Probe_mod"": 0, ""VDC_intput_V"": 0, ""Water_deep_cm"": 20.45}"
2025-09-18 19:30:06.991625322+00:00,ps-lb-06,2,-111,3.0,"{""Bat_V"": 3.588, ""Exti_pin_level"": ""Low"", ""Exti_status"": ""False"", ""IDC_intput_mA"": 5.636, ""IN1_pin_level"": ""Low"", ""IN2_pin_level"": ""Low"", ""Node_type"": ""PS-LB"", ""Probe_mod"": 0, ""VDC_intput_V"": 0, ""Water_deep_cm"": 20.45}"
2025-09-18 19:40:06.849712429+00:00,ps-lb-06,2,-15,10.0,"{""Bat_V"": 3.582, ""Exti_pin_level"": ""Low"", ""Exti_status"": ""False"", ""IDC_intput_mA"": 5.636, ""IN1_pin_level"": ""Low"", ""IN2_pin_level"": ""Low"", ""Node_type"": ""PS-LB"", ""Probe_mod"": 0, ""VDC_intput_V"": 0, ""Water_deep_cm"": 20.45}"
2025-09-18 19:50:06.747714100+00:00,ps-lb-06,2,-17,8.75,"{""Bat_V"": 3.582, ""Exti_pin_level"": ""Low"", ""Exti_status"": ""False"", ""IDC_intput_mA"": 5.636, ""IN1_pin_level"": ""Low"", ""IN2_pin_level"": ""Low"", ""Node_type"": ""PS-LB"", ""Probe_mod"": 0, ""VDC_intput_V"": 0, ""Water_deep_cm"": 20.45}"
2025-09-18 20:00:06.608233343+00:00,ps-lb-06,2,-116,-3.0,"{""Bat_V"": 3.582, ""Exti_pin_level"": ""Low"", ""Exti_status"": ""False"", ""IDC_intput_mA"": 5.636, ""IN1_pin_level"": ""Low"", ""IN2_pin_level"": ""Low"", ""Node_type"": ""PS-LB"", ""Probe_mod"": 0, ""VDC_intput_V"": 0, ""Water_deep_cm"": 20.45}"
2025-09-18 20:10:06.480494145+00:00,ps-lb-06,2,-17,9.25,"{""Bat_V"": 3.582, ""Exti_pin_level"": ""Low"", ""Exti_status"": ""False"", ""IDC_intput_mA"": 5.635, ""IN1_pin_level"": ""Low"", ""IN2_pin_level"": ""Low"", ""Node_type"": ""PS-LB"", ""Probe_mod"": 0, ""VDC_intput_V"": 0, ""Water_deep_cm"": 20.437}"
2025-09-18 20:20:06.363687019+00:00,ps-lb-06,2,-19,9.75,"{""Bat_V"": 3.582, ""Exti_pin_level"": ""Low"", ""Exti_status"": ""False"", ""IDC_intput_mA"": 5.636, ""IN1_pin_level"": ""Low"", ""IN2_pin_level"": ""Low"", ""Node_type"": ""PS-LB"", ""Probe_mod"": 0, ""VDC_intput_V"": 0, ""Water_deep_cm"": 20.45}"
2025-09-18 20:30:06.280921340+00:00,ps-lb-06,2,-17,10.75,"{""Bat_V"": 3.582, ""Exti_pin_level"": ""Low"", ""Exti_status"": ""False"", ""IDC_intput_mA"": 5.635, ""IN1_pin_level"": ""Low"", ""IN2_pin_level"": ""Low"", ""Node_type"": ""PS-LB"", ""Probe_mod"": 0, ""VDC_intput_V"": 0, ""Water_deep_cm"": 20.437}"
2025-09-18 20:40:06.135632309+00:00,ps-lb-06,2,-119,-7.0,"{""Bat_V"": 3.582, ""Exti_pin_level"": ""Low"", ""Exti_status"": ""False"", ""IDC_intput_mA"": 5.635, ""IN1_pin_level"": ""Low"", ""IN2_pin_level"": ""Low"", ""Node_type"": ""PS-LB"", ""Probe_mod"": 0, ""VDC_intput_V"": 0, ""Water_deep_cm"": 20.437}"
2025-09-18 20:50:05.984521476+00:00,ps-lb-06,2,-17,7.75,"{""Bat_V"": 3.582, ""Exti_pin_level"": ""Low"", ""Exti_status"": ""False"", ""IDC_intput_mA"": 5.636, ""IN1_pin_level"": ""Low"", ""IN2_pin_level"": ""Low"", ""Node_type"": ""PS-LB"", ""Probe_mod"": 0, ""VDC_intput_V"": 0, ""Water_deep_cm"": 20.45}"
2025-09-18 21:00:05.867174941+00:00,ps-lb-06,2,-14,9.0,"{""Bat_V"": 3.582, ""Exti_pin_level"": ""Low"", ""Exti_status"": ""False"", ""IDC_intput_mA"": 5.635, ""IN1_pin_level"": ""Low"", ""IN2_pin_level"": ""Low"", ""Node_type"": ""PS-LB"", ""Probe_mod"": 0, ""VDC_intput_V"": 0, ""Water_deep_cm"": 20.437}"
2025-09-18 21:10:05.739449344+00:00,ps-lb-06,2,-17,9.25,"{""Bat_V"": 3.582, ""Exti_pin_level"": ""Low"", ""Exti_status"": ""False"", ""IDC_intput_mA"": 5.635, ""IN1_pin_level"": ""Low"", ""IN2_pin_level"": ""Low"", ""Node_type"": ""PS-LB"", ""Probe_mod"": 0, ""VDC_intput_V"": 0, ""Water_deep_cm"": 20.437}"
2025-09-18 21:20:05.605466945+00:00,ps-lb-06,2,-17,7.25,"{""Bat_V"": 3.582, ""Exti_pin_level"": ""Low"", ""Exti_status"": ""False"", ""IDC_intput_mA"": 5.635, ""IN1_pin_level"": ""Low"", ""IN2_pin_level"": ""Low"", ""Node_type"": ""PS-LB"", ""Probe_mod"": 0, ""VDC_intput_V"": 0, ""Water_deep_cm"": 20.437}"
2025-09-18 21:30:05.498541875+00:00,ps-lb-06,2,-19,9.5,"{""Bat_V"": 3.582, ""Exti_pin_level"": ""Low"", ""Exti_status"": ""False"", ""IDC_intput_mA"": 5.635, ""IN1_pin_level"": ""Low"", ""IN2_pin_level"": ""Low"", ""Node_type"": ""PS-LB"", ""Probe_mod"": 0, ""VDC_intput_V"": 0, ""Water_deep_cm"": 20.437}"
2025-09-18 21:40:05.383332212+00:00,ps-lb-06,2,-17,9.25,"{""Bat_V"": 3.582, ""Exti_pin_level"": ""Low"", ""Exti_status"": ""False"", ""IDC_intput_mA"": 5.635, ""IN1_pin_level"": ""Low"", ""IN2_pin_level"": ""Low"", ""Node_type"": ""PS-LB"", ""Probe_mod"": 0, ""VDC_intput_V"": 0, ""Water_deep_cm"": 20.437}"
2025-09-18 21:50:05.265618790+00:00,ps-lb-06,2,-118,-7.5,"{""Bat_V"": 3.582, ""Exti_pin_level"": ""Low"", ""Exti_status"": ""False"", ""IDC_intput_mA"": 5.635, ""IN1_pin_level"": ""Low"", ""IN2_pin_level"": ""Low"", ""Node_type"": ""PS-LB"", ""Probe_mod"": 0, ""VDC_intput_V"": 0, ""Water_deep_cm"": 20.437}"
2025-09-18 22:00:05.128090273+00:00,ps-lb-06,2,-116,-2.5,"{""Bat_V"": 3.582, ""Exti_pin_level"": ""Low"", ""Exti_status"": ""False"", ""IDC_intput_mA"": 5.635, ""IN1_pin_level"": ""Low"", ""IN2_pin_level"": ""Low"", ""Node_type"": ""PS-LB"", ""Probe_mod"": 0, ""VDC_intput_V"": 0, ""Water_deep_cm"": 20.437}"
2025-09-18 22:10:05.006997399+00:00,ps-lb-06,2,-15,7.5,"{""Bat_V"": 3.582, ""Exti_pin_level"": ""Low"", ""Exti_status"": ""False"", ""IDC_intput_mA"": 5.635, ""IN1_pin_level"": ""Low"", ""IN2_pin_level"": ""Low"", ""Node_type"": ""PS-LB"", ""Probe_mod"": 0, ""VDC_intput_V"": 0, ""Water_deep_cm"": 20.437}"
2025-09-18 22:20:04.889324638+00:00,ps-lb-06,2,-17,10.0,"{""Bat_V"": 3.582, ""Exti_pin_level"": ""Low"", ""Exti_status"": ""False"", ""IDC_intput_mA"": 5.635, ""IN1_pin_level"": ""Low"", ""IN2_pin_level"": ""Low"", ""Node_type"": ""PS-LB"", ""Probe_mod"": 0, ""VDC_intput_V"": 0, ""Water_deep_cm"": 20.437}"
2025-09-18 22:30:04.768441211+00:00,ps-lb-06,2,-19,9.25,"{""Bat_V"": 3.582, ""Exti_pin_level"": ""Low"", ""Exti_status"": ""False"", ""IDC_intput_mA"": 5.635, ""IN1_pin_level"": ""Low"", ""IN2_pin_level"": ""Low"", ""Node_type"": ""PS-LB"", ""Probe_mod"": 0, ""VDC_intput_V"": 0, ""Water_deep_cm"": 20.437}"
2025-09-18 22:40:04.635988731+00:00,ps-lb-06,2,-14,8.5,"{""Bat_V"": 3.582, ""Exti_pin_level"": ""Low"", ""Exti_status"": ""False"", ""IDC_intput_mA"": 5.635, ""IN1_pin_level"": ""Low"", ""IN2_pin_level"": ""Low"", ""Node_type"": ""PS-LB"", ""Probe_mod"": 0, ""VDC_intput_V"": 0, ""Water_deep_cm"": 20.437}"
2025-09-18 22:50:04.521718962+00:00,ps-lb-06,2,-18,9.25,"{""Bat_V"": 3.582, ""Exti_pin_level"": ""Low"", ""Exti_status"": ""False"", ""IDC_intput_mA"": 5.635, ""IN1_pin_level"": ""Low"", ""IN2_pin_level"": ""Low"", ""Node_type"": ""PS-LB"", ""Probe_mod"": 0, ""VDC_intput_V"": 0, ""Water_deep_cm"": 20.437}"
2025-09-18 23:00:04.401647767+00:00,ps-lb-06,2,-15,9.25,"{""Bat_V"": 3.582, ""Exti_pin_level"": ""Low"", ""Exti_status"": ""False"", ""IDC_intput_mA"": 5.635, ""IN1_pin_level"": ""Low"", ""IN2_pin_level"": ""Low"", ""Node_type"": ""PS-LB"", ""Probe_mod"": 0, ""VDC_intput_V"": 0, ""Water_deep_cm"": 20.437}"
2025-09-18 23:10:04.249028725+00:00,ps-lb-06,2,-19,6.75,"{""Bat_V"": 3.582, ""Exti_pin_level"": ""Low"", ""Exti_status"": ""False"", ""IDC_intput_mA"": 5.635, ""IN1_pin_level"": ""Low"", ""IN2_pin_level"": ""Low"", ""Node_type"": ""PS-LB"", ""Probe_mod"": 0, ""VDC_intput_V"": 0, ""Water_deep_cm"": 20.437}"
2025-09-18 23:20:04.126535553+00:00,ps-lb-06,2,-19,7.0,"{""Bat_V"": 3.582, ""Exti_pin_level"": ""Low"", ""Exti_status"": ""False"", ""IDC_intput_mA"": 5.635, ""IN1_pin_level"": ""Low"", ""IN2_pin_level"": ""Low"", ""Node_type"": ""PS-LB"", ""Probe_mod"": 0, ""VDC_intput_V"": 0, ""Water_deep_cm"": 20.437}"
2025-09-18 23:30:04.005823301+00:00,ps-lb-06,2,-17,9.75,"{""Bat_V"": 3.582, ""Exti_pin_level"": ""Low"", ""Exti_status"": ""False"", ""IDC_intput_mA"": 5.635, ""IN1_pin_level"": ""Low"", ""IN2_pin_level"": ""Low"", ""Node_type"": ""PS-LB"", ""Probe_mod"": 0, ""VDC_intput_V"": 0, ""Water_deep_cm"": 20.437}"
2025-09-18 23:40:03.882283803+00:00,ps-lb-06,2,-19,9.25,"{""Bat_V"": 3.582, ""Exti_pin_level"": ""Low"", ""Exti_status"": ""False"", ""IDC_intput_mA"": 5.634, ""IN1_pin_level"": ""Low"", ""IN2_pin_level"": ""Low"", ""Node_type"": ""PS-LB"", ""Probe_mod"": 0, ""VDC_intput_V"": 0, ""Water_deep_cm"": 20.425}"
2025-09-18 23:50:03.762970305+00:00,ps-lb-06,2,-18,10.0,"{""Bat_V"": 3.582, ""Exti_pin_level"": ""Low"", ""Exti_status"": ""False"", ""IDC_intput_mA"": 5.634, ""IN1_pin_level"": ""Low"", ""IN2_pin_level"": ""Low"", ""Node_type"": ""PS-LB"", ""Probe_mod"": 0, ""VDC_intput_V"": 0, ""Water_deep_cm"": 20.425}"
2025-09-19 00:00:03.649409173+00:00,ps-lb-06,2,-17,7.5,"{""Bat_V"": 3.582, ""Exti_pin_level"": ""Low"", ""Exti_status"": ""False"", ""IDC_intput_mA"": 5.635, ""IN1_pin_level"": ""Low"", ""IN2_pin_level"": ""Low"", ""Node_type"": ""PS-LB"", ""Probe_mod"": 0, ""VDC_intput_V"": 0, ""Water_deep_cm"": 20.437}"
2025-09-19 00:10:03.506039195+00:00,ps-lb-06,2,-115,0.5,"{""Bat_V"": 3.582, ""Exti_pin_level"": ""Low"", ""Exti_status"": ""False"", ""IDC_intput_mA"": 5.634, ""IN1_pin_level"": ""Low"", ""IN2_pin_level"": ""Low"", ""Node_type"": ""PS-LB"", ""Probe_mod"": 0, ""VDC_intput_V"": 0, ""Water_deep_cm"": 20.425}"
2025-09-19 00:20:03.398019870+00:00,ps-lb-06,2,-15,9.25,"{""Bat_V"": 3.582, ""Exti_pin_level"": ""Low"", ""Exti_status"": ""False"", ""IDC_intput_mA"": 5.635, ""IN1_pin_level"": ""Low"", ""IN2_pin_level"": ""Low"", ""Node_type"": ""PS-LB"", ""Probe_mod"": 0, ""VDC_intput_V"": 0, ""Water_deep_cm"": 20.437}"
2025-09-19 00:30:03.271020380+00:00,ps-lb-06,2,-119,-8.0,"{""Bat_V"": 3.582, ""Exti_pin_level"": ""Low"", ""Exti_status"": ""False"", ""IDC_intput_mA"": 5.634, ""IN1_pin_level"": ""Low"", ""IN2_pin_level"": ""Low"", ""Node_type"": ""PS-LB"", ""Probe_mod"": 0, ""VDC_intput_V"": 0, ""Water_deep_cm"": 20.425}"
2025-09-19 00:40:03.146337959+00:00,ps-lb-06,2,-123,-7.0,"{""Bat_V"": 3.582, ""Exti_pin_level"": ""Low"", ""Exti_status"": ""False"", ""IDC_intput_mA"": 5.635, ""IN1_pin_level"": ""Low"", ""IN2_pin_level"": ""Low"", ""Node_type"": ""PS-LB"", ""Probe_mod"": 0, ""VDC_intput_V"": 0, ""Water_deep_cm"": 20.437}"
2025-09-19 00:50:03.020398340+00:00,ps-lb-06,2,-14,7.5,"{""Bat_V"": 3.582, ""Exti_pin_level"": ""Low"", ""Exti_status"": ""False"", ""IDC_intput_mA"": 5.635, ""IN1_pin_level"": ""Low"", ""IN2_pin_level"": ""Low"", ""Node_type"": ""PS-LB"", ""Probe_mod"": 0, ""VDC_intput_V"": 0, ""Water_deep_cm"": 20.437}"
2025-09-19 01:00:02.893413665+00:00,ps-lb-06,2,-17,10.75,"{""Bat_V"": 3.582, ""Exti_pin_level"": ""Low"", ""Exti_status"": ""False"", ""IDC_intput_mA"": 5.635, ""IN1_pin_level"": ""Low"", ""IN2_pin_level"": ""Low"", ""Node_type"": ""PS-LB"", ""Probe_mod"": 0, ""VDC_intput_V"": 0, ""Water_deep_cm"": 20.437}"
2025-09-19 01:10:02.766929415+00:00,ps-lb-06,2,-17,10.5,"{""Bat_V"": 3.582, ""Exti_pin_level"": ""Low"", ""Exti_status"": ""False"", ""IDC_intput_mA"": 5.635, ""IN1_pin_level"": ""Low"", ""IN2_pin_level"": ""Low"", ""Node_type"": ""PS-LB"", ""Probe_mod"": 0, ""VDC_intput_V"": 0, ""Water_deep_cm"": 20.437}"
2025-09-19 01:20:02.663340946+00:00,ps-lb-06,2,-17,8.0,"{""Bat_V"": 3.582, ""Exti_pin_level"": ""Low"", ""Exti_status"": ""False"", ""IDC_intput_mA"": 5.635, ""IN1_pin_level"": ""Low"", ""IN2_pin_level"": ""Low"", ""Node_type"": ""PS-LB"", ""Probe_mod"": 0, ""VDC_intput_V"": 0, ""Water_deep_cm"": 20.437}"
2025-09-19 01:30:02.513345865+00:00,ps-lb-06,2,-17,9.25,"{""Bat_V"": 3.582, ""Exti_pin_level"": ""Low"", ""Exti_status"": ""False"", ""IDC_intput_mA"": 5.634, ""IN1_pin_level"": ""Low"", ""IN2_pin_level"": ""Low"", ""Node_type"": ""PS-LB"", ""Probe_mod"": 0, ""VDC_intput_V"": 0, ""Water_deep_cm"": 20.425}"
2025-09-19 01:40:02.416271281+00:00,ps-lb-06,2,-15,9.75,"{""Bat_V"": 3.582, ""Exti_pin_level"": ""Low"", ""Exti_status"": ""False"", ""IDC_intput_mA"": 5.634, ""IN1_pin_level"": ""Low"", ""IN2_pin_level"": ""Low"", ""Node_type"": ""PS-LB"", ""Probe_mod"": 0, ""VDC_intput_V"": 0, ""Water_deep_cm"": 20.425}"
2025-09-19 01:50:02.266959547+00:00,ps-lb-06,2,-18,7.5,"{""Bat_V"": 3.582, ""Exti_pin_level"": ""Low"", ""Exti_status"": ""False"", ""IDC_intput_mA"": 5.634, ""IN1_pin_level"": ""Low"", ""IN2_pin_level"": ""Low"", ""Node_type"": ""PS-LB"", ""Probe_mod"": 0, ""VDC_intput_V"": 0, ""Water_deep_cm"": 20.425}"
2025-09-19 02:00:02.138686343+00:00,ps-lb-06,2,-119,-3.0,"{""Bat_V"": 3.582, ""Exti_pin_level"": ""Low"", ""Exti_status"": ""False"", ""IDC_intput_mA"": 5.634, ""IN1_pin_level"": ""Low"", ""IN2_pin_level"": ""Low"", ""Node_type"": ""PS-LB"", ""Probe_mod"": 0, ""VDC_intput_V"": 0, ""Water_deep_cm"": 20.425}"
2025-09-19 02:10:02.037094486+00:00,ps-lb-06,2,-111,3.75,"{""Bat_V"": 3.582, ""Exti_pin_level"": ""Low"", ""Exti_status"": ""False"", ""IDC_intput_mA"": 5.635, ""IN1_pin_level"": ""Low"", ""IN2_pin_level"": ""Low"", ""Node_type"": ""PS-LB"", ""Probe_mod"": 0, ""VDC_intput_V"": 0, ""Water_deep_cm"": 20.437}"
2025-09-19 02:20:01.919570093+00:00,ps-lb-06,2,-17,11.75,"{""Bat_V"": 3.582, ""Exti_pin_level"": ""Low"", ""Exti_status"": ""False"", ""IDC_intput_mA"": 5.634, ""IN1_pin_level"": ""Low"", ""IN2_pin_level"": ""Low"", ""Node_type"": ""PS-LB"", ""Probe_mod"": 0, ""VDC_intput_V"": 0, ""Water_deep_cm"": 20.425}"
2025-09-19 02:30:01.795123953+00:00,ps-lb-06,2,-110,1.5,"{""Bat_V"": 3.582, ""Exti_pin_level"": ""Low"", ""Exti_status"": ""False"", ""IDC_intput_mA"": 5.634, ""IN1_pin_level"": ""Low"", ""IN2_pin_level"": ""Low"", ""Node_type"": ""PS-LB"", ""Probe_mod"": 0, ""VDC_intput_V"": 0, ""Water_deep_cm"": 20.425}"
2025-09-19 02:40:01.651729582+00:00,ps-lb-06,2,-111,4.0,"{""Bat_V"": 3.582, ""Exti_pin_level"": ""Low"", ""Exti_status"": ""False"", ""IDC_intput_mA"": 5.635, ""IN1_pin_level"": ""Low"", ""IN2_pin_level"": ""Low"", ""Node_type"": ""PS-LB"", ""Probe_mod"": 0, ""VDC_intput_V"": 0, ""Water_deep_cm"": 20.437}"
2025-09-19 02:50:01.534471102+00:00,ps-lb-06,2,-19,10.5,"{""Bat_V"": 3.582, ""Exti_pin_level"": ""Low"", ""Exti_status"": ""False"", ""IDC_intput_mA"": 5.634, ""IN1_pin_level"": ""Low"", ""IN2_pin_level"": ""Low"", ""Node_type"": ""PS-LB"", ""Probe_mod"": 0, ""VDC_intput_V"": 0, ""Water_deep_cm"": 20.425}"
2025-09-19 03:00:01.402848140+00:00,ps-lb-06,2,-18,9.25,"{""Bat_V"": 3.582, ""Exti_pin_level"": ""Low"", ""Exti_status"": ""False"", ""IDC_intput_mA"": 5.635, ""IN1_pin_level"": ""Low"", ""IN2_pin_level"": ""Low"", ""Node_type"": ""PS-LB"", ""Probe_mod"": 0, ""VDC_intput_V"": 0, ""Water_deep_cm"": 20.437}"
2025-09-19 03:10:01.288193275+00:00,ps-lb-06,2,-123,-7.25,"{""Bat_V"": 3.582, ""Exti_pin_level"": ""Low"", ""Exti_status"": ""False"", ""IDC_intput_mA"": 5.634, ""IN1_pin_level"": ""Low"", ""IN2_pin_level"": ""Low"", ""Node_type"": ""PS-LB"", ""Probe_mod"": 0, ""VDC_intput_V"": 0, ""Water_deep_cm"": 20.425}"
2025-09-19 03:20:01.164349656+00:00,ps-lb-06,2,-18,7.75,"{""Bat_V"": 3.582, ""Exti_pin_level"": ""Low"", ""Exti_status"": ""False"", ""IDC_intput_mA"": 5.634, ""IN1_pin_level"": ""Low"", ""IN2_pin_level"": ""Low"", ""Node_type"": ""PS-LB"", ""Probe_mod"": 0, ""VDC_intput_V"": 0, ""Water_deep_cm"": 20.425}"
2025-09-19 03:30:01.018298563+00:00,ps-lb-06,2,-111,3.75,"{""Bat_V"": 3.582, ""Exti_pin_level"": ""Low"", ""Exti_status"": ""False"", ""IDC_intput_mA"": 5.634, ""IN1_pin_level"": ""Low"", ""IN2_pin_level"": ""Low"", ""Node_type"": ""PS-LB"", ""Probe_mod"": 0, ""VDC_intput_V"": 0, ""Water_deep_cm"": 20.425}"
2025-09-19 03:40:00.922106557+00:00,ps-lb-06,2,-14,8.75,"{""Bat_V"": 3.582, ""Exti_pin_level"": ""Low"", ""Exti_status"": ""False"", ""IDC_intput_mA"": 5.634, ""IN1_pin_level"": ""Low"", ""IN2_pin_level"": ""Low"", ""Node_type"": ""PS-LB"", ""Probe_mod"": 0, ""VDC_intput_V"": 0, ""Water_deep_cm"": 20.425}"
2025-09-19 03:50:00.805476761+00:00,ps-lb-06,2,-15,9.5,"{""Bat_V"": 3.582, ""Exti_pin_level"": ""Low"", ""Exti_status"": ""False"", ""IDC_intput_mA"": 5.634, ""IN1_pin_level"": ""Low"", ""IN2_pin_level"": ""Low"", ""Node_type"": ""PS-LB"", ""Probe_mod"": 0, ""VDC_intput_V"": 0, ""Water_deep_cm"": 20.425}"
2025-09-19 04:00:00.668679098+00:00,ps-lb-06,2,-110,4.5,"{""Bat_V"": 3.582, ""Exti_pin_level"": ""Low"", ""Exti_status"": ""False"", ""IDC_intput_mA"": 5.634, ""IN1_pin_level"": ""Low"", ""IN2_pin_level"": ""Low"", ""Node_type"": ""PS-LB"", ""Probe_mod"": 0, ""VDC_intput_V"": 0, ""Water_deep_cm"": 20.425}"
2025-09-19 04:10:00.537881153+00:00,ps-lb-06,2,-14,10.5,"{""Bat_V"": 3.582, ""Exti_pin_level"": ""Low"", ""Exti_status"": ""False"", ""IDC_intput_mA"": 5.634, ""IN1_pin_level"": ""Low"", ""IN2_pin_level"": ""Low"", ""Node_type"": ""PS-LB"", ""Probe_mod"": 0, ""VDC_intput_V"": 0, ""Water_deep_cm"": 20.425}"
2025-09-19 04:20:00.426975331+00:00,ps-lb-06,2,-15,8.25,"{""Bat_V"": 3.582, ""Exti_pin_level"": ""Low"", ""Exti_status"": ""False"", ""IDC_intput_mA"": 5.634, ""IN1_pin_level"": ""Low"", ""IN2_pin_level"": ""Low"", ""Node_type"": ""PS-LB"", ""Probe_mod"": 0, ""VDC_intput_V"": 0, ""Water_deep_cm"": 20.425}"
2025-09-19 04:30:00.298133577+00:00,ps-lb-06,2,-19,7.25,"{""Bat_V"": 3.582, ""Exti_pin_level"": ""Low"", ""Exti_status"": ""False"", ""IDC_intput_mA"": 5.634, ""IN1_pin_level"": ""Low"", ""IN2_pin_level"": ""Low"", ""Node_type"": ""PS-LB"", ""Probe_mod"": 0, ""VDC_intput_V"": 0, ""Water_deep_cm"": 20.425}"
2025-09-19 04:40:00.166544771+00:00,ps-lb-06,2,-19,7.75,"{""Bat_V"": 3.582, ""Exti_pin_level"": ""Low"", ""Exti_status"": ""False"", ""IDC_intput_mA"": 5.634, ""IN1_pin_level"": ""Low"", ""IN2_pin_level"": ""Low"", ""Node_type"": ""PS-LB"", ""Probe_mod"": 0, ""VDC_intput_V"": 0, ""Water_deep_cm"": 20.425}"
2025-09-19 04:50:00.041281880+00:00,ps-lb-06,2,-17,7.75,"{""Bat_V"": 3.582, ""Exti_pin_level"": ""Low"", ""Exti_status"": ""False"", ""IDC_intput_mA"": 5.634, ""IN1_pin_level"": ""Low"", ""IN2_pin_level"": ""Low"", ""Node_type"": ""PS-LB"", ""Probe_mod"": 0, ""VDC_intput_V"": 0, ""Water_deep_cm"": 20.425}"
2025-09-19 04:59:59.921823615+00:00,ps-lb-06,2,-15,9.5,"{""Bat_V"": 3.582, ""Exti_pin_level"": ""Low"", ""Exti_status"": ""False"", ""IDC_intput_mA"": 5.634, ""IN1_pin_level"": ""Low"", ""IN2_pin_level"": ""Low"", ""Node_type"": ""PS-LB"", ""Probe_mod"": 0, ""VDC_intput_V"": 0, ""Water_deep_cm"": 20.425}"
2025-09-19 05:09:59.783707138+00:00,ps-lb-06,2,-19,10.75,"{""Bat_V"": 3.582, ""Exti_pin_level"": ""Low"", ""Exti_status"": ""False"", ""IDC_intput_mA"": 5.634, ""IN1_pin_level"": ""Low"", ""IN2_pin_level"": ""Low"", ""Node_type"": ""PS-LB"", ""Probe_mod"": 0, ""VDC_intput_V"": 0, ""Water_deep_cm"": 20.425}"
2025-09-19 05:19:59.680248985+00:00,ps-lb-06,2,-17,7.5,"{""Bat_V"": 3.582, ""Exti_pin_level"": ""Low"", ""Exti_status"": ""False"", ""IDC_intput_mA"": 5.634, ""IN1_pin_level"": ""Low"", ""IN2_pin_level"": ""Low"", ""Node_type"": ""PS-LB"", ""Probe_mod"": 0, ""VDC_intput_V"": 0, ""Water_deep_cm"": 20.425}"
2025-09-19 05:29:59.533091044+00:00,ps-lb-06,2,-15,8.75,"{""Bat_V"": 3.582, ""Exti_pin_level"": ""Low"", ""Exti_status"": ""False"", ""IDC_intput_mA"": 5.634, ""IN1_pin_level"": ""Low"", ""IN2_pin_level"": ""Low"", ""Node_type"": ""PS-LB"", ""Probe_mod"": 0, ""VDC_intput_V"": 0, ""Water_deep_cm"": 20.425}"
2025-09-19 05:39:59.431106077+00:00,ps-lb-06,2,-109,5.25,"{""Bat_V"": 3.582, ""Exti_pin_level"": ""Low"", ""Exti_status"": ""False"", ""IDC_intput_mA"": 5.634, ""IN1_pin_level"": ""Low"", ""IN2_pin_level"": ""Low"", ""Node_type"": ""PS-LB"", ""Probe_mod"": 0, ""VDC_intput_V"": 0, ""Water_deep_cm"": 20.425}"
2025-09-19 05:49:59.326334994+00:00,ps-lb-06,2,-18,7.25,"{""Bat_V"": 3.582, ""Exti_pin_level"": ""Low"", ""Exti_status"": ""False"", ""IDC_intput_mA"": 5.634, ""IN1_pin_level"": ""Low"", ""IN2_pin_level"": ""Low"", ""Node_type"": ""PS-LB"", ""Probe_mod"": 0, ""VDC_intput_V"": 0, ""Water_deep_cm"": 20.425}"
2025-09-19 05:59:59.154509467+00:00,ps-lb-06,2,-19,7.5,"{""Bat_V"": 3.582, ""Exti_pin_level"": ""Low"", ""Exti_status"": ""False"", ""IDC_intput_mA"": 5.634, ""IN1_pin_level"": ""Low"", ""IN2_pin_level"": ""Low"", ""Node_type"": ""PS-LB"", ""Probe_mod"": 0, ""VDC_intput_V"": 0, ""Water_deep_cm"": 20.425}"
2025-09-19 06:09:59.051539276+00:00,ps-lb-06,2,-17,8.25,"{""Bat_V"": 3.582, ""Exti_pin_level"": ""Low"", ""Exti_status"": ""False"", ""IDC_intput_mA"": 5.633, ""IN1_pin_level"": ""Low"", ""IN2_pin_level"": ""Low"", ""Node_type"": ""PS-LB"", ""Probe_mod"": 0, ""VDC_intput_V"": 0, ""Water_deep_cm"": 20.413}"
2025-09-19 06:19:58.931840469+00:00,ps-lb-06,2,-17,10.0,"{""Bat_V"": 3.582, ""Exti_pin_level"": ""Low"", ""Exti_status"": ""False"", ""IDC_intput_mA"": 5.634, ""IN1_pin_level"": ""Low"", ""IN2_pin_level"": ""Low"", ""Node_type"": ""PS-LB"", ""Probe_mod"": 0, ""VDC_intput_V"": 0, ""Water_deep_cm"": 20.425}"
2025-09-19 06:29:58.808450518+00:00,ps-lb-06,2,-17,9.75,"{""Bat_V"": 3.582, ""Exti_pin_level"": ""Low"", ""Exti_status"": ""False"", ""IDC_intput_mA"": 5.634, ""IN1_pin_level"": ""Low"", ""IN2_pin_level"": ""Low"", ""Node_type"": ""PS-LB"", ""Probe_mod"": 0, ""VDC_intput_V"": 0, ""Water_deep_cm"": 20.425}"
2025-09-19 06:39:58.678660435+00:00,ps-lb-06,2,-15,9.75,"{""Bat_V"": 3.582, ""Exti_pin_level"": ""Low"", ""Exti_status"": ""False"", ""IDC_intput_mA"": 5.633, ""IN1_pin_level"": ""Low"", ""IN2_pin_level"": ""Low"", ""Node_type"": ""PS-LB"", ""Probe_mod"": 0, ""VDC_intput_V"": 0, ""Water_deep_cm"": 20.413}"
2025-09-19 06:49:58.557241083+00:00,ps-lb-06,2,-17,9.75,"{""Bat_V"": 3.582, ""Exti_pin_level"": ""Low"", ""Exti_status"": ""False"", ""IDC_intput_mA"": 5.633, ""IN1_pin_level"": ""Low"", ""IN2_pin_level"": ""Low"", ""Node_type"": ""PS-LB"", ""Probe_mod"": 0, ""VDC_intput_V"": 0, ""Water_deep_cm"": 20.413}"
2025-09-19 06:59:58.438645843+00:00,ps-lb-06,2,-20,9.25,"{""Bat_V"": 3.582, ""Exti_pin_level"": ""Low"", ""Exti_status"": ""False"", ""IDC_intput_mA"": 5.633, ""IN1_pin_level"": ""Low"", ""IN2_pin_level"": ""Low"", ""Node_type"": ""PS-LB"", ""Probe_mod"": 0, ""VDC_intput_V"": 0, ""Water_deep_cm"": 20.413}"
2025-09-19 07:09:58.311426008+00:00,ps-lb-06,2,-17,10.25,"{""Bat_V"": 3.582, ""Exti_pin_level"": ""Low"", ""Exti_status"": ""False"", ""IDC_intput_mA"": 5.633, ""IN1_pin_level"": ""Low"", ""IN2_pin_level"": ""Low"", ""Node_type"": ""PS-LB"", ""Probe_mod"": 0, ""VDC_intput_V"": 0, ""Water_deep_cm"": 20.413}"
2025-09-19 07:19:58.183060381+00:00,ps-lb-06,2,-19,7.25,"{""Bat_V"": 3.582, ""Exti_pin_level"": ""Low"", ""Exti_status"": ""False"", ""IDC_intput_mA"": 5.633, ""IN1_pin_level"": ""Low"", ""IN2_pin_level"": ""Low"", ""Node_type"": ""PS-LB"", ""Probe_mod"": 0, ""VDC_intput_V"": 0, ""Water_deep_cm"": 20.413}"
2025-09-19 07:29:58.065109001+00:00,ps-lb-06,2,-17,7.5,"{""Bat_V"": 3.582, ""Exti_pin_level"": ""Low"", ""Exti_status"": ""False"", ""IDC_intput_mA"": 5.633, ""IN1_pin_level"": ""Low"", ""IN2_pin_level"": ""Low"", ""Node_type"": ""PS-LB"", ""Probe_mod"": 0, ""VDC_intput_V"": 0, ""Water_deep_cm"": 20.413}"
2025-09-19 07:39:57.934994520+00:00,ps-lb-06,2,-17,8.75,"{""Bat_V"": 3.582, ""Exti_pin_level"": ""Low"", ""Exti_status"": ""False"", ""IDC_intput_mA"": 5.633, ""IN1_pin_level"": ""Low"", ""IN2_pin_level"": ""Low"", ""Node_type"": ""PS-LB"", ""Probe_mod"": 0, ""VDC_intput_V"": 0, ""Water_deep_cm"": 20.413}"
2025-09-19 07:49:57.810747363+00:00,ps-lb-06,2,-118,-5.5,"{""Bat_V"": 3.582, ""Exti_pin_level"": ""Low"", ""Exti_status"": ""False"", ""IDC_intput_mA"": 5.632, ""IN1_pin_level"": ""Low"", ""IN2_pin_level"": ""Low"", ""Node_type"": ""PS-LB"", ""Probe_mod"": 0, ""VDC_intput_V"": 0, ""Water_deep_cm"": 20.4}"
2025-09-19 07:59:57.686745062+00:00,ps-lb-06,2,-15,7.5,"{""Bat_V"": 3.582, ""Exti_pin_level"": ""Low"", ""Exti_status"": ""False"", ""IDC_intput_mA"": 5.633, ""IN1_pin_level"": ""Low"", ""IN2_pin_level"": ""Low"", ""Node_type"": ""PS-LB"", ""Probe_mod"": 0, ""VDC_intput_V"": 0, ""Water_deep_cm"": 20.413}"
2025-09-19 08:09:57.547612854+00:00,ps-lb-06,2,-116,-0.5,"{""Bat_V"": 3.582, ""Exti_pin_level"": ""Low"", ""Exti_status"": ""False"", ""IDC_intput_mA"": 5.633, ""IN1_pin_level"": ""Low"", ""IN2_pin_level"": ""Low"", ""Node_type"": ""PS-LB"", ""Probe_mod"": 0, ""VDC_intput_V"": 0, ""Water_deep_cm"": 20.413}"
2025-09-19 08:19:57.437132236+00:00,ps-lb-06,2,-15,9.25,"{""Bat_V"": 3.582, ""Exti_pin_level"": ""Low"", ""Exti_status"": ""False"", ""IDC_intput_mA"": 5.632, ""IN1_pin_level"": ""Low"", ""IN2_pin_level"": ""Low"", ""Node_type"": ""PS-LB"", ""Probe_mod"": 0, ""VDC_intput_V"": 0, ""Water_deep_cm"": 20.4}"
2025-09-19 08:29:57.300638712+00:00,ps-lb-06,2,-13,9.0,"{""Bat_V"": 3.582, ""Exti_pin_level"": ""Low"", ""Exti_status"": ""False"", ""IDC_intput_mA"": 5.632, ""IN1_pin_level"": ""Low"", ""IN2_pin_level"": ""Low"", ""Node_type"": ""PS-LB"", ""Probe_mod"": 0, ""VDC_intput_V"": 0, ""Water_deep_cm"": 20.4}"
2025-09-19 08:39:57.205033856+00:00,ps-lb-06,2,-118,-3.75,"{""Bat_V"": 3.582, ""Exti_pin_level"": ""Low"", ""Exti_status"": ""False"", ""IDC_intput_mA"": 5.632, ""IN1_pin_level"": ""Low"", ""IN2_pin_level"": ""Low"", ""Node_type"": ""PS-LB"", ""Probe_mod"": 0, ""VDC_intput_V"": 0, ""Water_deep_cm"": 20.4}"
2025-09-19 08:49:57.063841050+00:00,ps-lb-06,2,-17,8.0,"{""Bat_V"": 3.582, ""Exti_pin_level"": ""Low"", ""Exti_status"": ""False"", ""IDC_intput_mA"": 5.633, ""IN1_pin_level"": ""Low"", ""IN2_pin_level"": ""Low"", ""Node_type"": ""PS-LB"", ""Probe_mod"": 0, ""VDC_intput_V"": 0, ""Water_deep_cm"": 20.413}"
2025-09-19 08:59:56.946594880+00:00,ps-lb-06,2,-117,-0.75,"{""Bat_V"": 3.582, ""Exti_pin_level"": ""Low"", ""Exti_status"": ""False"", ""IDC_intput_mA"": 5.632, ""IN1_pin_level"": ""Low"", ""IN2_pin_level"": ""Low"", ""Node_type"": ""PS-LB"", ""Probe_mod"": 0, ""VDC_intput_V"": 0, ""Water_deep_cm"": 20.4}"
2025-09-19 09:09:56.823446889+00:00,ps-lb-06,2,-116,-9.0,"{""Bat_V"": 3.582, ""Exti_pin_level"": ""Low"", ""Exti_status"": ""False"", ""IDC_intput_mA"": 5.632, ""IN1_pin_level"": ""Low"", ""IN2_pin_level"": ""Low"", ""Node_type"": ""PS-LB"", ""Probe_mod"": 0, ""VDC_intput_V"": 0, ""Water_deep_cm"": 20.4}"
2025-09-19 09:19:56.695273725+00:00,ps-lb-06,2,-15,7.75,"{""Bat_V"": 3.582, ""Exti_pin_level"": ""Low"", ""Exti_status"": ""False"", ""IDC_intput_mA"": 5.632, ""IN1_pin_level"": ""Low"", ""IN2_pin_level"": ""Low"", ""Node_type"": ""PS-LB"", ""Probe_mod"": 0, ""VDC_intput_V"": 0, ""Water_deep_cm"": 20.4}"
2025-09-19 09:29:56.585358948+00:00,ps-lb-06,2,-17,10.0,"{""Bat_V"": 3.582, ""Exti_pin_level"": ""Low"", ""Exti_status"": ""False"", ""IDC_intput_mA"": 5.632, ""IN1_pin_level"": ""Low"", ""IN2_pin_level"": ""Low"", ""Node_type"": ""PS-LB"", ""Probe_mod"": 0, ""VDC_intput_V"": 0, ""Water_deep_cm"": 20.4}"
2025-09-19 09:39:56.431937083+00:00,ps-lb-06,2,-17,9.5,"{""Bat_V"": 3.582, ""Exti_pin_level"": ""Low"", ""Exti_status"": ""False"", ""IDC_intput_mA"": 5.632, ""IN1_pin_level"": ""Low"", ""IN2_pin_level"": ""Low"", ""Node_type"": ""PS-LB"", ""Probe_mod"": 0, ""VDC_intput_V"": 0, ""Water_deep_cm"": 20.4}"
2025-09-19 09:49:56.331916657+00:00,ps-lb-06,2,-17,9.0,"{""Bat_V"": 3.576, ""Exti_pin_level"": ""Low"", ""Exti_status"": ""False"", ""IDC_intput_mA"": 5.632, ""IN1_pin_level"": ""Low"", ""IN2_pin_level"": ""Low"", ""Node_type"": ""PS-LB"", ""Probe_mod"": 0, ""VDC_intput_V"": 0, ""Water_deep_cm"": 20.4}"
2025-09-19 09:59:56.200401652+00:00,ps-lb-06,2,-19,7.0,"{""Bat_V"": 3.582, ""Exti_pin_level"": ""Low"", ""Exti_status"": ""False"", ""IDC_intput_mA"": 5.632, ""IN1_pin_level"": ""Low"", ""IN2_pin_level"": ""Low"", ""Node_type"": ""PS-LB"", ""Probe_mod"": 0, ""VDC_intput_V"": 0, ""Water_deep_cm"": 20.4}"
2025-09-19 10:09:56.082904805+00:00,ps-lb-06,2,-15,7.5,"{""Bat_V"": 3.582, ""Exti_pin_level"": ""Low"", ""Exti_status"": ""False"", ""IDC_intput_mA"": 5.632, ""IN1_pin_level"": ""Low"", ""IN2_pin_level"": ""Low"", ""Node_type"": ""PS-LB"", ""Probe_mod"": 0, ""VDC_intput_V"": 0, ""Water_deep_cm"": 20.4}"
2025-09-19 10:19:55.948738610+00:00,ps-lb-06,2,-19,10.5,"{""Bat_V"": 3.576, ""Exti_pin_level"": ""Low"", ""Exti_status"": ""False"", ""IDC_intput_mA"": 5.632, ""IN1_pin_level"": ""Low"", ""IN2_pin_level"": ""Low"", ""Node_type"": ""PS-LB"", ""Probe_mod"": 0, ""VDC_intput_V"": 0, ""Water_deep_cm"": 20.4}"
2025-09-19 10:29:55.850635117+00:00,ps-lb-06,2,-17,10.0,"{""Bat_V"": 3.582, ""Exti_pin_level"": ""Low"", ""Exti_status"": ""False"", ""IDC_intput_mA"": 5.632, ""IN1_pin_level"": ""Low"", ""IN2_pin_level"": ""Low"", ""Node_type"": ""PS-LB"", ""Probe_mod"": 0, ""VDC_intput_V"": 0, ""Water_deep_cm"": 20.4}"
2025-09-19 10:39:55.702171971+00:00,ps-lb-06,2,-17,11.5,"{""Bat_V"": 3.582, ""Exti_pin_level"": ""Low"", ""Exti_status"": ""False"", ""IDC_intput_mA"": 5.632, ""IN1_pin_level"": ""Low"", ""IN2_pin_level"": ""Low"", ""Node_type"": ""PS-LB"", ""Probe_mod"": 0, ""VDC_intput_V"": 0, ""Water_deep_cm"": 20.4}"
2025-09-19 10:49:55.568347753+00:00,ps-lb-06,2,-17,9.25,"{""Bat_V"": 3.582, ""Exti_pin_level"": ""Low"", ""Exti_status"": ""False"", ""IDC_intput_mA"": 5.632, ""IN1_pin_level"": ""Low"", ""IN2_pin_level"": ""Low"", ""Node_type"": ""PS-LB"", ""Probe_mod"": 0, ""VDC_intput_V"": 0, ""Water_deep_cm"": 20.4}"
2025-09-19 10:59:55.442437916+00:00,ps-lb-06,2,-111,4.5,"{""Bat_V"": 3.582, ""Exti_pin_level"": ""Low"", ""Exti_status"": ""False"", ""IDC_intput_mA"": 5.632, ""IN1_pin_level"": ""Low"", ""IN2_pin_level"": ""Low"", ""Node_type"": ""PS-LB"", ""Probe_mod"": 0, ""VDC_intput_V"": 0, ""Water_deep_cm"": 20.4}"
2025-09-19 11:09:55.324514806+00:00,ps-lb-06,2,-118,-2.75,"{""Bat_V"": 3.582, ""Exti_pin_level"": ""Low"", ""Exti_status"": ""False"", ""IDC_intput_mA"": 5.632, ""IN1_pin_level"": ""Low"", ""IN2_pin_level"": ""Low"", ""Node_type"": ""PS-LB"", ""Probe_mod"": 0, ""VDC_intput_V"": 0, ""Water_deep_cm"": 20.4}"
2025-09-19 11:19:55.212983864+00:00,ps-lb-06,2,-114,1.5,"{""Bat_V"": 3.576, ""Exti_pin_level"": ""Low"", ""Exti_status"": ""False"", ""IDC_intput_mA"": 5.633, ""IN1_pin_level"": ""Low"", ""IN2_pin_level"": ""Low"", ""Node_type"": ""PS-LB"", ""Probe_mod"": 0, ""VDC_intput_V"": 0, ""Water_deep_cm"": 20.413}"
2025-09-19 11:29:55.082035857+00:00,ps-lb-06,2,-114,1.5,"{""Bat_V"": 3.582, ""Exti_pin_level"": ""Low"", ""Exti_status"": ""False"", ""IDC_intput_mA"": 5.632, ""IN1_pin_level"": ""Low"", ""IN2_pin_level"": ""Low"", ""Node_type"": ""PS-LB"", ""Probe_mod"": 0, ""VDC_intput_V"": 0, ""Water_deep_cm"": 20.4}"
2025-09-19 11:39:54.958071648+00:00,ps-lb-06,2,-14,9.0,"{""Bat_V"": 3.582, ""Exti_pin_level"": ""Low"", ""Exti_status"": ""False"", ""IDC_intput_mA"": 5.632, ""IN1_pin_level"": ""Low"", ""IN2_pin_level"": ""Low"", ""Node_type"": ""PS-LB"", ""Probe_mod"": 0, ""VDC_intput_V"": 0, ""Water_deep_cm"": 20.4}"
2025-09-19 11:49:54.827204658+00:00,ps-lb-06,2,-116,-1.0,"{""Bat_V"": 3.582, ""Exti_pin_level"": ""Low"", ""Exti_status"": ""False"", ""IDC_intput_mA"": 5.632, ""IN1_pin_level"": ""Low"", ""IN2_pin_level"": ""Low"", ""Node_type"": ""PS-LB"", ""Probe_mod"": 0, ""VDC_intput_V"": 0, ""Water_deep_cm"": 20.4}"
2025-09-19 11:59:54.700198824+00:00,ps-lb-06,2,-119,-3.0,"{""Bat_V"": 3.582, ""Exti_pin_level"": ""Low"", ""Exti_status"": ""False"", ""IDC_intput_mA"": 5.632, ""IN1_pin_level"": ""Low"", ""IN2_pin_level"": ""Low"", ""Node_type"": ""PS-LB"", ""Probe_mod"": 0, ""VDC_intput_V"": 0, ""Water_deep_cm"": 20.4}"
2025-09-19 12:09:54.587651106+00:00,ps-lb-06,2,-20,10.0,"{""Bat_V"": 3.582, ""Exti_pin_level"": ""Low"", ""Exti_status"": ""False"", ""IDC_intput_mA"": 5.632, ""IN1_pin_level"": ""Low"", ""IN2_pin_level"": ""Low"", ""Node_type"": ""PS-LB"", ""Probe_mod"": 0, ""VDC_intput_V"": 0, ""Water_deep_cm"": 20.4}"
2025-09-19 12:19:54.468050389+00:00,ps-lb-06,2,-115,-2.5,"{""Bat_V"": 3.582, ""Exti_pin_level"": ""Low"", ""Exti_status"": ""False"", ""IDC_intput_mA"": 5.632, ""IN1_pin_level"": ""Low"", ""IN2_pin_level"": ""Low"", ""Node_type"": ""PS-LB"", ""Probe_mod"": 0, ""VDC_intput_V"": 0, ""Water_deep_cm"": 20.4}"
2025-09-19 12:29:54.332138392+00:00,ps-lb-06,2,-123,-7.0,"{""Bat_V"": 3.582, ""Exti_pin_level"": ""Low"", ""Exti_status"": ""False"", ""IDC_intput_mA"": 5.632, ""IN1_pin_level"": ""Low"", ""IN2_pin_level"": ""Low"", ""Node_type"": ""PS-LB"", ""Probe_mod"": 0, ""VDC_intput_V"": 0, ""Water_deep_cm"": 20.4}"
2025-09-19 12:39:54.219369072+00:00,ps-lb-06,2,-17,10.0,"{""Bat_V"": 3.582, ""Exti_pin_level"": ""Low"", ""Exti_status"": ""False"", ""IDC_intput_mA"": 5.632, ""IN1_pin_level"": ""Low"", ""IN2_pin_level"": ""Low"", ""Node_type"": ""PS-LB"", ""Probe_mod"": 0, ""VDC_intput_V"": 0, ""Water_deep_cm"": 20.4}"
2025-09-19 12:49:54.077094720+00:00,ps-lb-06,2,-112,3.0,"{""Bat_V"": 3.582, ""Exti_pin_level"": ""Low"", ""Exti_status"": ""False"", ""IDC_intput_mA"": 5.632, ""IN1_pin_level"": ""Low"", ""IN2_pin_level"": ""Low"", ""Node_type"": ""PS-LB"", ""Probe_mod"": 0, ""VDC_intput_V"": 0, ""Water_deep_cm"": 20.4}"
2025-09-19 12:59:53.979445451+00:00,ps-lb-06,2,-17,9.5,"{""Bat_V"": 3.582, ""Exti_pin_level"": ""Low"", ""Exti_status"": ""False"", ""IDC_intput_mA"": 5.632, ""IN1_pin_level"": ""Low"", ""IN2_pin_level"": ""Low"", ""Node_type"": ""PS-LB"", ""Probe_mod"": 0, ""VDC_intput_V"": 0, ""Water_deep_cm"": 20.4}"
2025-09-19 13:09:53.830794566+00:00,ps-lb-06,2,-112,2.25,"{""Bat_V"": 3.582, ""Exti_pin_level"": ""Low"", ""Exti_status"": ""False"", ""IDC_intput_mA"": 5.632, ""IN1_pin_level"": ""Low"", ""IN2_pin_level"": ""Low"", ""Node_type"": ""PS-LB"", ""Probe_mod"": 0, ""VDC_intput_V"": 0, ""Water_deep_cm"": 20.4}"
2025-09-19 13:19:53.702079900+00:00,ps-lb-06,2,-116,-1.25,"{""Bat_V"": 3.582, ""Exti_pin_level"": ""Low"", ""Exti_status"": ""False"", ""IDC_intput_mA"": 5.632, ""IN1_pin_level"": ""Low"", ""IN2_pin_level"": ""Low"", ""Node_type"": ""PS-LB"", ""Probe_mod"": 0, ""VDC_intput_V"": 0, ""Water_deep_cm"": 20.4}"
2025-09-19 13:29:53.595710050+00:00,ps-lb-06,2,-15,10.0,"{""Bat_V"": 3.582, ""Exti_pin_level"": ""Low"", ""Exti_status"": ""False"", ""IDC_intput_mA"": 5.632, ""IN1_pin_level"": ""Low"", ""IN2_pin_level"": ""Low"", ""Node_type"": ""PS-LB"", ""Probe_mod"": 0, ""VDC_intput_V"": 0, ""Water_deep_cm"": 20.4}"
2025-09-19 13:39:53.472856585+00:00,ps-lb-06,2,-17,9.25,"{""Bat_V"": 3.582, ""Exti_pin_level"": ""Low"", ""Exti_status"": ""False"", ""IDC_intput_mA"": 5.632, ""IN1_pin_level"": ""Low"", ""IN2_pin_level"": ""Low"", ""Node_type"": ""PS-LB"", ""Probe_mod"": 0, ""VDC_intput_V"": 0, ""Water_deep_cm"": 20.4}"
2025-09-19 13:49:53.364037902+00:00,ps-lb-06,2,-17,8.0,"{""Bat_V"": 3.582, ""Exti_pin_level"": ""Low"", ""Exti_status"": ""False"", ""IDC_intput_mA"": 5.631, ""IN1_pin_level"": ""Low"", ""IN2_pin_level"": ""Low"", ""Node_type"": ""PS-LB"", ""Probe_mod"": 0, ""VDC_intput_V"": 0, ""Water_deep_cm"": 20.388}"
2025-09-19 13:59:53.222370285+00:00,ps-lb-06,2,-18,7.5,"{""Bat_V"": 3.582, ""Exti_pin_level"": ""Low"", ""Exti_status"": ""False"", ""IDC_intput_mA"": 5.632, ""IN1_pin_level"": ""Low"", ""IN2_pin_level"": ""Low"", ""Node_type"": ""PS-LB"", ""Probe_mod"": 0, ""VDC_intput_V"": 0, ""Water_deep_cm"": 20.4}"
2025-09-19 14:09:53.059878613+00:00,ps-lb-06,2,-120,-6.2,"{""Bat_V"": 3.582, ""Exti_pin_level"": ""Low"", ""Exti_status"": ""False"", ""IDC_intput_mA"": 5.632, ""IN1_pin_level"": ""Low"", ""IN2_pin_level"": ""Low"", ""Node_type"": ""PS-LB"", ""Probe_mod"": 0, ""VDC_intput_V"": 0, ""Water_deep_cm"": 20.4}"
2025-09-19 14:19:52.960173727+00:00,ps-lb-06,2,-15,9.25,"{""Bat_V"": 3.582, ""Exti_pin_level"": ""Low"", ""Exti_status"": ""False"", ""IDC_intput_mA"": 5.632, ""IN1_pin_level"": ""Low"", ""IN2_pin_level"": ""Low"", ""Node_type"": ""PS-LB"", ""Probe_mod"": 0, ""VDC_intput_V"": 0, ""Water_deep_cm"": 20.4}"
2025-09-19 14:29:52.833931298+00:00,ps-lb-06,2,-19,10.25,"{""Bat_V"": 3.582, ""Exti_pin_level"": ""Low"", ""Exti_status"": ""False"", ""IDC_intput_mA"": 5.631, ""IN1_pin_level"": ""Low"", ""IN2_pin_level"": ""Low"", ""Node_type"": ""PS-LB"", ""Probe_mod"": 0, ""VDC_intput_V"": 0, ""Water_deep_cm"": 20.388}"
2025-09-19 14:39:52.723183441+00:00,ps-lb-06,2,-14,7.25,"{""Bat_V"": 3.582, ""Exti_pin_level"": ""Low"", ""Exti_status"": ""False"", ""IDC_intput_mA"": 5.631, ""IN1_pin_level"": ""Low"", ""IN2_pin_level"": ""Low"", ""Node_type"": ""PS-LB"", ""Probe_mod"": 0, ""VDC_intput_V"": 0, ""Water_deep_cm"": 20.388}"
2025-09-19 14:49:52.577345950+00:00,ps-lb-06,2,-118,-4.5,"{""Bat_V"": 3.582, ""Exti_pin_level"": ""Low"", ""Exti_status"": ""False"", ""IDC_intput_mA"": 5.631, ""IN1_pin_level"": ""Low"", ""IN2_pin_level"": ""Low"", ""Node_type"": ""PS-LB"", ""Probe_mod"": 0, ""VDC_intput_V"": 0, ""Water_deep_cm"": 20.388}"
2025-09-19 14:59:52.471627057+00:00,ps-lb-06,2,-15,9.0,"{""Bat_V"": 3.582, ""Exti_pin_level"": ""Low"", ""Exti_status"": ""False"", ""IDC_intput_mA"": 5.631, ""IN1_pin_level"": ""Low"", ""IN2_pin_level"": ""Low"", ""Node_type"": ""PS-LB"", ""Probe_mod"": 0, ""VDC_intput_V"": 0, ""Water_deep_cm"": 20.388}"
2025-09-19 15:09:52.393465214+00:00,ps-lb-06,2,-20,7.25,"{""Bat_V"": 3.582, ""Exti_pin_level"": ""Low"", ""Exti_status"": ""False"", ""IDC_intput_mA"": 5.631, ""IN1_pin_level"": ""Low"", ""IN2_pin_level"": ""Low"", ""Node_type"": ""PS-LB"", ""Probe_mod"": 0, ""VDC_intput_V"": 0, ""Water_deep_cm"": 20.388}"
2025-09-19 15:19:52.223803428+00:00,ps-lb-06,2,-20,10.25,"{""Bat_V"": 3.582, ""Exti_pin_level"": ""Low"", ""Exti_status"": ""False"", ""IDC_intput_mA"": 5.632, ""IN1_pin_level"": ""Low"", ""IN2_pin_level"": ""Low"", ""Node_type"": ""PS-LB"", ""Probe_mod"": 0, ""VDC_intput_V"": 0, ""Water_deep_cm"": 20.4}"
2025-09-19 15:29:52.104538180+00:00,ps-lb-06,2,-15,9.5,"{""Bat_V"": 3.582, ""Exti_pin_level"": ""Low"", ""Exti_status"": ""False"", ""IDC_intput_mA"": 5.631, ""IN1_pin_level"": ""Low"", ""IN2_pin_level"": ""Low"", ""Node_type"": ""PS-LB"", ""Probe_mod"": 0, ""VDC_intput_V"": 0, ""Water_deep_cm"": 20.388}"
2025-09-19 15:39:51.946202902+00:00,ps-lb-06,2,-15,9.0,"{""Bat_V"": 3.582, ""Exti_pin_level"": ""Low"", ""Exti_status"": ""False"", ""IDC_intput_mA"": 5.63, ""IN1_pin_level"": ""Low"", ""IN2_pin_level"": ""Low"", ""Node_type"": ""PS-LB"", ""Probe_mod"": 0, ""VDC_intput_V"": 0, ""Water_deep_cm"": 20.375}"
2025-09-19 15:49:51.842931218+00:00,ps-lb-06,2,-15,9.5,"{""Bat_V"": 3.576, ""Exti_pin_level"": ""Low"", ""Exti_status"": ""False"", ""IDC_intput_mA"": 5.631, ""IN1_pin_level"": ""Low"", ""IN2_pin_level"": ""Low"", ""Node_type"": ""PS-LB"", ""Probe_mod"": 0, ""VDC_intput_V"": 0, ""Water_deep_cm"": 20.388}"
2025-09-19 15:59:51.725780973+00:00,ps-lb-06,2,-17,8.5,"{""Bat_V"": 3.582, ""Exti_pin_level"": ""Low"", ""Exti_status"": ""False"", ""IDC_intput_mA"": 5.631, ""IN1_pin_level"": ""Low"", ""IN2_pin_level"": ""Low"", ""Node_type"": ""PS-LB"", ""Probe_mod"": 0, ""VDC_intput_V"": 0, ""Water_deep_cm"": 20.388}"
2025-09-19 16:09:51.625792979+00:00,ps-lb-06,2,-17,9.25,"{""Bat_V"": 3.582, ""Exti_pin_level"": ""Low"", ""Exti_status"": ""False"", ""IDC_intput_mA"": 5.631, ""IN1_pin_level"": ""Low"", ""IN2_pin_level"": ""Low"", ""Node_type"": ""PS-LB"", ""Probe_mod"": 0, ""VDC_intput_V"": 0, ""Water_deep_cm"": 20.388}"
2025-09-19 16:19:51.469597304+00:00,ps-lb-06,2,-19,11.25,"{""Bat_V"": 3.582, ""Exti_pin_level"": ""Low"", ""Exti_status"": ""False"", ""IDC_intput_mA"": 5.631, ""IN1_pin_level"": ""Low"", ""IN2_pin_level"": ""Low"", ""Node_type"": ""PS-LB"", ""Probe_mod"": 0, ""VDC_intput_V"": 0, ""Water_deep_cm"": 20.388}"
2025-09-19 16:29:51.363082084+00:00,ps-lb-06,2,-17,11.25,"{""Bat_V"": 3.582, ""Exti_pin_level"": ""Low"", ""Exti_status"": ""False"", ""IDC_intput_mA"": 5.631, ""IN1_pin_level"": ""Low"", ""IN2_pin_level"": ""Low"", ""Node_type"": ""PS-LB"", ""Probe_mod"": 0, ""VDC_intput_V"": 0, ""Water_deep_cm"": 20.388}"
2025-09-19 16:39:51.230059162+00:00,ps-lb-06,2,-18,9.75,"{""Bat_V"": 3.582, ""Exti_pin_level"": ""Low"", ""Exti_status"": ""False"", ""IDC_intput_mA"": 5.631, ""IN1_pin_level"": ""Low"", ""IN2_pin_level"": ""Low"", ""Node_type"": ""PS-LB"", ""Probe_mod"": 0, ""VDC_intput_V"": 0, ""Water_deep_cm"": 20.388}"
2025-09-19 16:49:51.095802498+00:00,ps-lb-06,2,-17,10.25,"{""Bat_V"": 3.582, ""Exti_pin_level"": ""Low"", ""Exti_status"": ""False"", ""IDC_intput_mA"": 5.631, ""IN1_pin_level"": ""Low"", ""IN2_pin_level"": ""Low"", ""Node_type"": ""PS-LB"", ""Probe_mod"": 0, ""VDC_intput_V"": 0, ""Water_deep_cm"": 20.388}"
2025-09-19 16:59:50.975641255+00:00,ps-lb-06,2,-17,10.0,"{""Bat_V"": 3.582, ""Exti_pin_level"": ""Low"", ""Exti_status"": ""False"", ""IDC_intput_mA"": 5.631, ""IN1_pin_level"": ""Low"", ""IN2_pin_level"": ""Low"", ""Node_type"": ""PS-LB"", ""Probe_mod"": 0, ""VDC_intput_V"": 0, ""Water_deep_cm"": 20.388}"
2025-09-19 17:09:50.861469842+00:00,ps-lb-06,2,-111,1.75,"{""Bat_V"": 3.582, ""Exti_pin_level"": ""Low"", ""Exti_status"": ""False"", ""IDC_intput_mA"": 5.631, ""IN1_pin_level"": ""Low"", ""IN2_pin_level"": ""Low"", ""Node_type"": ""PS-LB"", ""Probe_mod"": 0, ""VDC_intput_V"": 0, ""Water_deep_cm"": 20.388}"
2025-09-19 17:19:50.735905906+00:00,ps-lb-06,2,-17,10.25,"{""Bat_V"": 3.582, ""Exti_pin_level"": ""Low"", ""Exti_status"": ""False"", ""IDC_intput_mA"": 5.631, ""IN1_pin_level"": ""Low"", ""IN2_pin_level"": ""Low"", ""Node_type"": ""PS-LB"", ""Probe_mod"": 0, ""VDC_intput_V"": 0, ""Water_deep_cm"": 20.388}"
2025-09-19 17:29:50.586135715+00:00,ps-lb-06,2,-117,-1.75,"{""Bat_V"": 3.582, ""Exti_pin_level"": ""Low"", ""Exti_status"": ""False"", ""IDC_intput_mA"": 5.631, ""IN1_pin_level"": ""Low"", ""IN2_pin_level"": ""Low"", ""Node_type"": ""PS-LB"", ""Probe_mod"": 0, ""VDC_intput_V"": 0, ""Water_deep_cm"": 20.388}"
2025-09-19 17:39:50.483124681+00:00,ps-lb-06,2,-17,9.0,"{""Bat_V"": 3.582, ""Exti_pin_level"": ""Low"", ""Exti_status"": ""False"", ""IDC_intput_mA"": 5.631, ""IN1_pin_level"": ""Low"", ""IN2_pin_level"": ""Low"", ""Node_type"": ""PS-LB"", ""Probe_mod"": 0, ""VDC_intput_V"": 0, ""Water_deep_cm"": 20.388}"
2025-09-19 17:49:50.345810431+00:00,ps-lb-06,2,-15,8.75,"{""Bat_V"": 3.582, ""Exti_pin_level"": ""Low"", ""Exti_status"": ""False"", ""IDC_intput_mA"": 5.631, ""IN1_pin_level"": ""Low"", ""IN2_pin_level"": ""Low"", ""Node_type"": ""PS-LB"", ""Probe_mod"": 0, ""VDC_intput_V"": 0, ""Water_deep_cm"": 20.388}"
2025-09-19 17:59:50.240939991+00:00,ps-lb-06,2,-17,9.25,"{""Bat_V"": 3.582, ""Exti_pin_level"": ""Low"", ""Exti_status"": ""False"", ""IDC_intput_mA"": 5.631, ""IN1_pin_level"": ""Low"", ""IN2_pin_level"": ""Low"", ""Node_type"": ""PS-LB"", ""Probe_mod"": 0, ""VDC_intput_V"": 0, ""Water_deep_cm"": 20.388}"
2025-09-19 18:09:50.121843289+00:00,ps-lb-06,2,-15,7.25,"{""Bat_V"": 3.582, ""Exti_pin_level"": ""Low"", ""Exti_status"": ""False"", ""IDC_intput_mA"": 5.631, ""IN1_pin_level"": ""Low"", ""IN2_pin_level"": ""Low"", ""Node_type"": ""PS-LB"", ""Probe_mod"": 0, ""VDC_intput_V"": 0, ""Water_deep_cm"": 20.388}"
2025-09-19 18:19:49.987878990+00:00,ps-lb-06,2,-117,-2.5,"{""Bat_V"": 3.582, ""Exti_pin_level"": ""Low"", ""Exti_status"": ""False"", ""IDC_intput_mA"": 5.63, ""IN1_pin_level"": ""Low"", ""IN2_pin_level"": ""Low"", ""Node_type"": ""PS-LB"", ""Probe_mod"": 0, ""VDC_intput_V"": 0, ""Water_deep_cm"": 20.375}"
2025-09-19 18:29:49.875552773+00:00,ps-lb-06,2,-15,9.5,"{""Bat_V"": 3.582, ""Exti_pin_level"": ""Low"", ""Exti_status"": ""False"", ""IDC_intput_mA"": 5.63, ""IN1_pin_level"": ""Low"", ""IN2_pin_level"": ""Low"", ""Node_type"": ""PS-LB"", ""Probe_mod"": 0, ""VDC_intput_V"": 0, ""Water_deep_cm"": 20.375}"
2025-09-19 18:39:49.739002622+00:00,ps-lb-06,2,-15,8.0,"{""Bat_V"": 3.582, ""Exti_pin_level"": ""Low"", ""Exti_status"": ""False"", ""IDC_intput_mA"": 5.63, ""IN1_pin_level"": ""Low"", ""IN2_pin_level"": ""Low"", ""Node_type"": ""PS-LB"", ""Probe_mod"": 0, ""VDC_intput_V"": 0, ""Water_deep_cm"": 20.375}"
2025-09-19 18:49:49.620274765+00:00,ps-lb-06,2,-17,9.75,"{""Bat_V"": 3.582, ""Exti_pin_level"": ""Low"", ""Exti_status"": ""False"", ""IDC_intput_mA"": 5.63, ""IN1_pin_level"": ""Low"", ""IN2_pin_level"": ""Low"", ""Node_type"": ""PS-LB"", ""Probe_mod"": 0, ""VDC_intput_V"": 0, ""Water_deep_cm"": 20.375}"
2025-09-19 18:59:49.499582115+00:00,ps-lb-06,2,-17,10.5,"{""Bat_V"": 3.582, ""Exti_pin_level"": ""Low"", ""Exti_status"": ""False"", ""IDC_intput_mA"": 5.63, ""IN1_pin_level"": ""Low"", ""IN2_pin_level"": ""Low"", ""Node_type"": ""PS-LB"", ""Probe_mod"": 0, ""VDC_intput_V"": 0, ""Water_deep_cm"": 20.375}"
2025-09-19 19:09:49.369344876+00:00,ps-lb-06,2,-17,7.75,"{""Bat_V"": 3.576, ""Exti_pin_level"": ""Low"", ""Exti_status"": ""False"", ""IDC_intput_mA"": 5.631, ""IN1_pin_level"": ""Low"", ""IN2_pin_level"": ""Low"", ""Node_type"": ""PS-LB"", ""Probe_mod"": 0, ""VDC_intput_V"": 0, ""Water_deep_cm"": 20.388}"
2025-09-19 19:19:49.235669484+00:00,ps-lb-06,2,-19,9.25,"{""Bat_V"": 3.582, ""Exti_pin_level"": ""Low"", ""Exti_status"": ""False"", ""IDC_intput_mA"": 5.631, ""IN1_pin_level"": ""Low"", ""IN2_pin_level"": ""Low"", ""Node_type"": ""PS-LB"", ""Probe_mod"": 0, ""VDC_intput_V"": 0, ""Water_deep_cm"": 20.388}"
2025-09-19 19:29:49.116919605+00:00,ps-lb-06,2,-17,7.75,"{""Bat_V"": 3.582, ""Exti_pin_level"": ""Low"", ""Exti_status"": ""False"", ""IDC_intput_mA"": 5.631, ""IN1_pin_level"": ""Low"", ""IN2_pin_level"": ""Low"", ""Node_type"": ""PS-LB"", ""Probe_mod"": 0, ""VDC_intput_V"": 0, ""Water_deep_cm"": 20.388}"
2025-09-19 19:39:48.994931922+00:00,ps-lb-06,2,-15,9.5,"{""Bat_V"": 3.582, ""Exti_pin_level"": ""Low"", ""Exti_status"": ""False"", ""IDC_intput_mA"": 5.63, ""IN1_pin_level"": ""Low"", ""IN2_pin_level"": ""Low"", ""Node_type"": ""PS-LB"", ""Probe_mod"": 0, ""VDC_intput_V"": 0, ""Water_deep_cm"": 20.375}"
2025-09-19 19:49:48.877116727+00:00,ps-lb-06,2,-15,9.5,"{""Bat_V"": 3.582, ""Exti_pin_level"": ""Low"", ""Exti_status"": ""False"", ""IDC_intput_mA"": 5.63, ""IN1_pin_level"": ""Low"", ""IN2_pin_level"": ""Low"", ""Node_type"": ""PS-LB"", ""Probe_mod"": 0, ""VDC_intput_V"": 0, ""Water_deep_cm"": 20.375}"
2025-09-19 19:59:48.740882017+00:00,ps-lb-06,2,-119,-4.25,"{""Bat_V"": 3.576, ""Exti_pin_level"": ""Low"", ""Exti_status"": ""False"", ""IDC_intput_mA"": 5.631, ""IN1_pin_level"": ""Low"", ""IN2_pin_level"": ""Low"", ""Node_type"": ""PS-LB"", ""Probe_mod"": 0, ""VDC_intput_V"": 0, ""Water_deep_cm"": 20.388}"
2025-09-19 20:09:48.608414361+00:00,ps-lb-06,2,-17,10.25,"{""Bat_V"": 3.576, ""Exti_pin_level"": ""Low"", ""Exti_status"": ""False"", ""IDC_intput_mA"": 5.63, ""IN1_pin_level"": ""Low"", ""IN2_pin_level"": ""Low"", ""Node_type"": ""PS-LB"", ""Probe_mod"": 0, ""VDC_intput_V"": 0, ""Water_deep_cm"": 20.375}"
2025-09-19 20:19:48.458033778+00:00,ps-lb-06,2,-112,2.5,"{""Bat_V"": 3.576, ""Exti_pin_level"": ""Low"", ""Exti_status"": ""False"", ""IDC_intput_mA"": 5.63, ""IN1_pin_level"": ""Low"", ""IN2_pin_level"": ""Low"", ""Node_type"": ""PS-LB"", ""Probe_mod"": 0, ""VDC_intput_V"": 0, ""Water_deep_cm"": 20.375}"
2025-09-19 20:29:48.348024209+00:00,ps-lb-06,2,-17,10.0,"{""Bat_V"": 3.582, ""Exti_pin_level"": ""Low"", ""Exti_status"": ""False"", ""IDC_intput_mA"": 5.63, ""IN1_pin_level"": ""Low"", ""IN2_pin_level"": ""Low"", ""Node_type"": ""PS-LB"", ""Probe_mod"": 0, ""VDC_intput_V"": 0, ""Water_deep_cm"": 20.375}"
2025-09-19 20:39:48.246285226+00:00,ps-lb-06,2,-20,10.75,"{""Bat_V"": 3.576, ""Exti_pin_level"": ""Low"", ""Exti_status"": ""False"", ""IDC_intput_mA"": 5.63, ""IN1_pin_level"": ""Low"", ""IN2_pin_level"": ""Low"", ""Node_type"": ""PS-LB"", ""Probe_mod"": 0, ""VDC_intput_V"": 0, ""Water_deep_cm"": 20.375}"
2025-09-19 20:49:48.117929315+00:00,ps-lb-06,2,-17,8.25,"{""Bat_V"": 3.582, ""Exti_pin_level"": ""Low"", ""Exti_status"": ""False"", ""IDC_intput_mA"": 5.63, ""IN1_pin_level"": ""Low"", ""IN2_pin_level"": ""Low"", ""Node_type"": ""PS-LB"", ""Probe_mod"": 0, ""VDC_intput_V"": 0, ""Water_deep_cm"": 20.375}"
2025-09-19 20:59:47.999800696+00:00,ps-lb-06,2,-17,10.0,"{""Bat_V"": 3.582, ""Exti_pin_level"": ""Low"", ""Exti_status"": ""False"", ""IDC_intput_mA"": 5.63, ""IN1_pin_level"": ""Low"", ""IN2_pin_level"": ""Low"", ""Node_type"": ""PS-LB"", ""Probe_mod"": 0, ""VDC_intput_V"": 0, ""Water_deep_cm"": 20.375}"
2025-09-19 21:09:47.863083973+00:00,ps-lb-06,2,-112,1.25,"{""Bat_V"": 3.582, ""Exti_pin_level"": ""Low"", ""Exti_status"": ""False"", ""IDC_intput_mA"": 5.63, ""IN1_pin_level"": ""Low"", ""IN2_pin_level"": ""Low"", ""Node_type"": ""PS-LB"", ""Probe_mod"": 0, ""VDC_intput_V"": 0, ""Water_deep_cm"": 20.375}"
2025-09-19 21:19:47.748547599+00:00,ps-lb-06,2,-17,9.25,"{""Bat_V"": 3.576, ""Exti_pin_level"": ""Low"", ""Exti_status"": ""False"", ""IDC_intput_mA"": 5.63, ""IN1_pin_level"": ""Low"", ""IN2_pin_level"": ""Low"", ""Node_type"": ""PS-LB"", ""Probe_mod"": 0, ""VDC_intput_V"": 0, ""Water_deep_cm"": 20.375}"
2025-09-19 21:29:47.621718279+00:00,ps-lb-06,2,-17,9.25,"{""Bat_V"": 3.582, ""Exti_pin_level"": ""Low"", ""Exti_status"": ""False"", ""IDC_intput_mA"": 5.63, ""IN1_pin_level"": ""Low"", ""IN2_pin_level"": ""Low"", ""Node_type"": ""PS-LB"", ""Probe_mod"": 0, ""VDC_intput_V"": 0, ""Water_deep_cm"": 20.375}"
2025-09-19 21:39:47.512168917+00:00,ps-lb-06,2,-112,3.75,"{""Bat_V"": 3.582, ""Exti_pin_level"": ""Low"", ""Exti_status"": ""False"", ""IDC_intput_mA"": 5.63, ""IN1_pin_level"": ""Low"", ""IN2_pin_level"": ""Low"", ""Node_type"": ""PS-LB"", ""Probe_mod"": 0, ""VDC_intput_V"": 0, ""Water_deep_cm"": 20.375}"
2025-09-19 21:49:47.377492918+00:00,ps-lb-06,2,-17,10.25,"{""Bat_V"": 3.582, ""Exti_pin_level"": ""Low"", ""Exti_status"": ""False"", ""IDC_intput_mA"": 5.63, ""IN1_pin_level"": ""Low"", ""IN2_pin_level"": ""Low"", ""Node_type"": ""PS-LB"", ""Probe_mod"": 0, ""VDC_intput_V"": 0, ""Water_deep_cm"": 20.375}"
2025-09-19 21:59:47.235944788+00:00,ps-lb-06,2,-116,-0.5,"{""Bat_V"": 3.582, ""Exti_pin_level"": ""Low"", ""Exti_status"": ""False"", ""IDC_intput_mA"": 5.63, ""IN1_pin_level"": ""Low"", ""IN2_pin_level"": ""Low"", ""Node_type"": ""PS-LB"", ""Probe_mod"": 0, ""VDC_intput_V"": 0, ""Water_deep_cm"": 20.375}"
2025-09-19 22:09:47.125744289+00:00,ps-lb-06,2,-19,10.0,"{""Bat_V"": 3.576, ""Exti_pin_level"": ""Low"", ""Exti_status"": ""False"", ""IDC_intput_mA"": 5.63, ""IN1_pin_level"": ""Low"", ""IN2_pin_level"": ""Low"", ""Node_type"": ""PS-LB"", ""Probe_mod"": 0, ""VDC_intput_V"": 0, ""Water_deep_cm"": 20.375}"
2025-09-19 22:19:46.992141308+00:00,ps-lb-06,2,-17,9.0,"{""Bat_V"": 3.582, ""Exti_pin_level"": ""Low"", ""Exti_status"": ""False"", ""IDC_intput_mA"": 5.63, ""IN1_pin_level"": ""Low"", ""IN2_pin_level"": ""Low"", ""Node_type"": ""PS-LB"", ""Probe_mod"": 0, ""VDC_intput_V"": 0, ""Water_deep_cm"": 20.375}"
2025-09-19 22:29:46.882723977+00:00,ps-lb-06,2,-113,2.75,"{""Bat_V"": 3.582, ""Exti_pin_level"": ""Low"", ""Exti_status"": ""False"", ""IDC_intput_mA"": 5.63, ""IN1_pin_level"": ""Low"", ""IN2_pin_level"": ""Low"", ""Node_type"": ""PS-LB"", ""Probe_mod"": 0, ""VDC_intput_V"": 0, ""Water_deep_cm"": 20.375}"
2025-09-19 22:39:46.754947608+00:00,ps-lb-06,2,-15,7.25,"{""Bat_V"": 3.576, ""Exti_pin_level"": ""Low"", ""Exti_status"": ""False"", ""IDC_intput_mA"": 5.63, ""IN1_pin_level"": ""Low"", ""IN2_pin_level"": ""Low"", ""Node_type"": ""PS-LB"", ""Probe_mod"": 0, ""VDC_intput_V"": 0, ""Water_deep_cm"": 20.375}"
2025-09-19 22:49:46.650787042+00:00,ps-lb-06,2,-17,9.25,"{""Bat_V"": 3.582, ""Exti_pin_level"": ""Low"", ""Exti_status"": ""False"", ""IDC_intput_mA"": 5.63, ""IN1_pin_level"": ""Low"", ""IN2_pin_level"": ""Low"", ""Node_type"": ""PS-LB"", ""Probe_mod"": 0, ""VDC_intput_V"": 0, ""Water_deep_cm"": 20.375}"
2025-09-19 22:59:46.500720666+00:00,ps-lb-06,2,-17,9.25,"{""Bat_V"": 3.582, ""Exti_pin_level"": ""Low"", ""Exti_status"": ""False"", ""IDC_intput_mA"": 5.63, ""IN1_pin_level"": ""Low"", ""IN2_pin_level"": ""Low"", ""Node_type"": ""PS-LB"", ""Probe_mod"": 0, ""VDC_intput_V"": 0, ""Water_deep_cm"": 20.375}"
2025-09-19 23:09:46.384307806+00:00,ps-lb-06,2,-19,7.5,"{""Bat_V"": 3.582, ""Exti_pin_level"": ""Low"", ""Exti_status"": ""False"", ""IDC_intput_mA"": 5.63, ""IN1_pin_level"": ""Low"", ""IN2_pin_level"": ""Low"", ""Node_type"": ""PS-LB"", ""Probe_mod"": 0, ""VDC_intput_V"": 0, ""Water_deep_cm"": 20.375}"
2025-09-19 23:19:46.257711307+00:00,ps-lb-06,2,-117,-8.25,"{""Bat_V"": 3.582, ""Exti_pin_level"": ""Low"", ""Exti_status"": ""False"", ""IDC_intput_mA"": 5.63, ""IN1_pin_level"": ""Low"", ""IN2_pin_level"": ""Low"", ""Node_type"": ""PS-LB"", ""Probe_mod"": 0, ""VDC_intput_V"": 0, ""Water_deep_cm"": 20.375}"
2025-09-19 23:29:46.135130538+00:00,ps-lb-06,2,-15,9.0,"{""Bat_V"": 3.576, ""Exti_pin_level"": ""Low"", ""Exti_status"": ""False"", ""IDC_intput_mA"": 5.63, ""IN1_pin_level"": ""Low"", ""IN2_pin_level"": ""Low"", ""Node_type"": ""PS-LB"", ""Probe_mod"": 0, ""VDC_intput_V"": 0, ""Water_deep_cm"": 20.375}"
2025-09-19 23:39:46.005895047+00:00,ps-lb-06,2,-120,-3.25,"{""Bat_V"": 3.576, ""Exti_pin_level"": ""Low"", ""Exti_status"": ""False"", ""IDC_intput_mA"": 5.63, ""IN1_pin_level"": ""Low"", ""IN2_pin_level"": ""Low"", ""Node_type"": ""PS-LB"", ""Probe_mod"": 0, ""VDC_intput_V"": 0, ""Water_deep_cm"": 20.375}"
2025-09-19 23:49:45.890754645+00:00,ps-lb-06,2,-17,9.75,"{""Bat_V"": 3.582, ""Exti_pin_level"": ""Low"", ""Exti_status"": ""False"", ""IDC_intput_mA"": 5.63, ""IN1_pin_level"": ""Low"", ""IN2_pin_level"": ""Low"", ""Node_type"": ""PS-LB"", ""Probe_mod"": 0, ""VDC_intput_V"": 0, ""Water_deep_cm"": 20.375}"
2025-09-19 23:59:45.758166375+00:00,ps-lb-06,2,-17,8.0,"{""Bat_V"": 3.576, ""Exti_pin_level"": ""Low"", ""Exti_status"": ""False"", ""IDC_intput_mA"": 5.63, ""IN1_pin_level"": ""Low"", ""IN2_pin_level"": ""Low"", ""Node_type"": ""PS-LB"", ""Probe_mod"": 0, ""VDC_intput_V"": 0, ""Water_deep_cm"": 20.375}"
2025-09-20 00:09:45.622248208+00:00,ps-lb-06,2,-18,9.5,"{""Bat_V"": 3.582, ""Exti_pin_level"": ""Low"", ""Exti_status"": ""False"", ""IDC_intput_mA"": 5.63, ""IN1_pin_level"": ""Low"", ""IN2_pin_level"": ""Low"", ""Node_type"": ""PS-LB"", ""Probe_mod"": 0, ""VDC_intput_V"": 0, ""Water_deep_cm"": 20.375}"
2025-09-20 00:19:45.497343988+00:00,ps-lb-06,2,-113,2.25,"{""Bat_V"": 3.576, ""Exti_pin_level"": ""Low"", ""Exti_status"": ""False"", ""IDC_intput_mA"": 5.63, ""IN1_pin_level"": ""Low"", ""IN2_pin_level"": ""Low"", ""Node_type"": ""PS-LB"", ""Probe_mod"": 0, ""VDC_intput_V"": 0, ""Water_deep_cm"": 20.375}"
2025-09-20 00:29:45.396484911+00:00,ps-lb-06,2,-19,7.5,"{""Bat_V"": 3.582, ""Exti_pin_level"": ""Low"", ""Exti_status"": ""False"", ""IDC_intput_mA"": 5.63, ""IN1_pin_level"": ""Low"", ""IN2_pin_level"": ""Low"", ""Node_type"": ""PS-LB"", ""Probe_mod"": 0, ""VDC_intput_V"": 0, ""Water_deep_cm"": 20.375}"
2025-09-20 00:39:45.269791061+00:00,ps-lb-06,2,-20,10.5,"{""Bat_V"": 3.576, ""Exti_pin_level"": ""Low"", ""Exti_status"": ""False"", ""IDC_intput_mA"": 5.63, ""IN1_pin_level"": ""Low"", ""IN2_pin_level"": ""Low"", ""Node_type"": ""PS-LB"", ""Probe_mod"": 0, ""VDC_intput_V"": 0, ""Water_deep_cm"": 20.375}"
2025-09-20 00:49:45.123848219+00:00,ps-lb-06,2,-113,2.0,"{""Bat_V"": 3.582, ""Exti_pin_level"": ""Low"", ""Exti_status"": ""False"", ""IDC_intput_mA"": 5.63, ""IN1_pin_level"": ""Low"", ""IN2_pin_level"": ""Low"", ""Node_type"": ""PS-LB"", ""Probe_mod"": 0, ""VDC_intput_V"": 0, ""Water_deep_cm"": 20.375}"
2025-09-20 00:59:45.042612514+00:00,ps-lb-06,2,-17,9.75,"{""Bat_V"": 3.576, ""Exti_pin_level"": ""Low"", ""Exti_status"": ""False"", ""IDC_intput_mA"": 5.63, ""IN1_pin_level"": ""Low"", ""IN2_pin_level"": ""Low"", ""Node_type"": ""PS-LB"", ""Probe_mod"": 0, ""VDC_intput_V"": 0, ""Water_deep_cm"": 20.375}"
2025-09-20 01:09:44.902154373+00:00,ps-lb-06,2,-18,10.5,"{""Bat_V"": 3.576, ""Exti_pin_level"": ""Low"", ""Exti_status"": ""False"", ""IDC_intput_mA"": 5.63, ""IN1_pin_level"": ""Low"", ""IN2_pin_level"": ""Low"", ""Node_type"": ""PS-LB"", ""Probe_mod"": 0, ""VDC_intput_V"": 0, ""Water_deep_cm"": 20.375}"
2025-09-20 01:19:44.758458211+00:00,ps-lb-06,2,-15,7.5,"{""Bat_V"": 3.576, ""Exti_pin_level"": ""Low"", ""Exti_status"": ""False"", ""IDC_intput_mA"": 5.63, ""IN1_pin_level"": ""Low"", ""IN2_pin_level"": ""Low"", ""Node_type"": ""PS-LB"", ""Probe_mod"": 0, ""VDC_intput_V"": 0, ""Water_deep_cm"": 20.375}"
2025-09-20 01:29:44.638900545+00:00,ps-lb-06,2,-116,-1.25,"{""Bat_V"": 3.576, ""Exti_pin_level"": ""Low"", ""Exti_status"": ""False"", ""IDC_intput_mA"": 5.63, ""IN1_pin_level"": ""Low"", ""IN2_pin_level"": ""Low"", ""Node_type"": ""PS-LB"", ""Probe_mod"": 0, ""VDC_intput_V"": 0, ""Water_deep_cm"": 20.375}"
2025-09-20 01:39:44.521278987+00:00,ps-lb-06,2,-19,9.5,"{""Bat_V"": 3.576, ""Exti_pin_level"": ""Low"", ""Exti_status"": ""False"", ""IDC_intput_mA"": 5.629, ""IN1_pin_level"": ""Low"", ""IN2_pin_level"": ""Low"", ""Node_type"": ""PS-LB"", ""Probe_mod"": 0, ""VDC_intput_V"": 0, ""Water_deep_cm"": 20.362}"
2025-09-20 01:49:44.390102201+00:00,ps-lb-06,2,-14,9.5,"{""Bat_V"": 3.576, ""Exti_pin_level"": ""Low"", ""Exti_status"": ""False"", ""IDC_intput_mA"": 5.63, ""IN1_pin_level"": ""Low"", ""IN2_pin_level"": ""Low"", ""Node_type"": ""PS-LB"", ""Probe_mod"": 0, ""VDC_intput_V"": 0, ""Water_deep_cm"": 20.375}"
2025-09-20 01:59:44.282080461+00:00,ps-lb-06,2,-18,7.5,"{""Bat_V"": 3.582, ""Exti_pin_level"": ""Low"", ""Exti_status"": ""False"", ""IDC_intput_mA"": 5.63, ""IN1_pin_level"": ""Low"", ""IN2_pin_level"": ""Low"", ""Node_type"": ""PS-LB"", ""Probe_mod"": 0, ""VDC_intput_V"": 0, ""Water_deep_cm"": 20.375}"
2025-09-20 02:09:44.139748782+00:00,ps-lb-06,2,-17,7.0,"{""Bat_V"": 3.576, ""Exti_pin_level"": ""Low"", ""Exti_status"": ""False"", ""IDC_intput_mA"": 5.63, ""IN1_pin_level"": ""Low"", ""IN2_pin_level"": ""Low"", ""Node_type"": ""PS-LB"", ""Probe_mod"": 0, ""VDC_intput_V"": 0, ""Water_deep_cm"": 20.375}"
2025-09-20 02:19:43.988001276+00:00,ps-lb-06,2,-116,-3.5,"{""Bat_V"": 3.576, ""Exti_pin_level"": ""Low"", ""Exti_status"": ""False"", ""IDC_intput_mA"": 5.63, ""IN1_pin_level"": ""Low"", ""IN2_pin_level"": ""Low"", ""Node_type"": ""PS-LB"", ""Probe_mod"": 0, ""VDC_intput_V"": 0, ""Water_deep_cm"": 20.375}"
2025-09-20 02:29:43.869671692+00:00,ps-lb-06,2,-114,2.2,"{""Bat_V"": 3.582, ""Exti_pin_level"": ""Low"", ""Exti_status"": ""False"", ""IDC_intput_mA"": 5.63, ""IN1_pin_level"": ""Low"", ""IN2_pin_level"": ""Low"", ""Node_type"": ""PS-LB"", ""Probe_mod"": 0, ""VDC_intput_V"": 0, ""Water_deep_cm"": 20.375}"
2025-09-20 02:39:43.773306969+00:00,ps-lb-06,2,-17,10.75,"{""Bat_V"": 3.576, ""Exti_pin_level"": ""Low"", ""Exti_status"": ""False"", ""IDC_intput_mA"": 5.629, ""IN1_pin_level"": ""Low"", ""IN2_pin_level"": ""Low"", ""Node_type"": ""PS-LB"", ""Probe_mod"": 0, ""VDC_intput_V"": 0, ""Water_deep_cm"": 20.362}"
2025-09-20 02:49:43.655256303+00:00,ps-lb-06,2,-17,10.0,"{""Bat_V"": 3.576, ""Exti_pin_level"": ""Low"", ""Exti_status"": ""False"", ""IDC_intput_mA"": 5.629, ""IN1_pin_level"": ""Low"", ""IN2_pin_level"": ""Low"", ""Node_type"": ""PS-LB"", ""Probe_mod"": 0, ""VDC_intput_V"": 0, ""Water_deep_cm"": 20.362}"
2025-09-20 02:59:43.512792614+00:00,ps-lb-06,2,-20,9.75,"{""Bat_V"": 3.576, ""Exti_pin_level"": ""Low"", ""Exti_status"": ""False"", ""IDC_intput_mA"": 5.629, ""IN1_pin_level"": ""Low"", ""IN2_pin_level"": ""Low"", ""Node_type"": ""PS-LB"", ""Probe_mod"": 0, ""VDC_intput_V"": 0, ""Water_deep_cm"": 20.362}"
2025-09-20 03:09:43.391655193+00:00,ps-lb-06,2,-17,10.25,"{""Bat_V"": 3.576, ""Exti_pin_level"": ""Low"", ""Exti_status"": ""False"", ""IDC_intput_mA"": 5.629, ""IN1_pin_level"": ""Low"", ""IN2_pin_level"": ""Low"", ""Node_type"": ""PS-LB"", ""Probe_mod"": 0, ""VDC_intput_V"": 0, ""Water_deep_cm"": 20.362}"
2025-09-20 03:19:43.292347282+00:00,ps-lb-06,2,-19,7.25,"{""Bat_V"": 3.576, ""Exti_pin_level"": ""Low"", ""Exti_status"": ""False"", ""IDC_intput_mA"": 5.629, ""IN1_pin_level"": ""Low"", ""IN2_pin_level"": ""Low"", ""Node_type"": ""PS-LB"", ""Probe_mod"": 0, ""VDC_intput_V"": 0, ""Water_deep_cm"": 20.362}"
2025-09-20 03:29:43.155921814+00:00,ps-lb-06,2,-17,7.75,"{""Bat_V"": 3.582, ""Exti_pin_level"": ""Low"", ""Exti_status"": ""False"", ""IDC_intput_mA"": 5.628, ""IN1_pin_level"": ""Low"", ""IN2_pin_level"": ""Low"", ""Node_type"": ""PS-LB"", ""Probe_mod"": 0, ""VDC_intput_V"": 0, ""Water_deep_cm"": 20.35}"
2025-09-20 03:39:43.027232320+00:00,ps-lb-06,2,-17,9.75,"{""Bat_V"": 3.576, ""Exti_pin_level"": ""Low"", ""Exti_status"": ""False"", ""IDC_intput_mA"": 5.628, ""IN1_pin_level"": ""Low"", ""IN2_pin_level"": ""Low"", ""Node_type"": ""PS-LB"", ""Probe_mod"": 0, ""VDC_intput_V"": 0, ""Water_deep_cm"": 20.35}"
2025-09-20 03:49:42.901912582+00:00,ps-lb-06,2,-19,9.75,"{""Bat_V"": 3.576, ""Exti_pin_level"": ""Low"", ""Exti_status"": ""False"", ""IDC_intput_mA"": 5.628, ""IN1_pin_level"": ""Low"", ""IN2_pin_level"": ""Low"", ""Node_type"": ""PS-LB"", ""Probe_mod"": 0, ""VDC_intput_V"": 0, ""Water_deep_cm"": 20.35}"
2025-09-20 03:59:42.798495475+00:00,ps-lb-06,2,-110,-2.0,"{""Bat_V"": 3.576, ""Exti_pin_level"": ""Low"", ""Exti_status"": ""False"", ""IDC_intput_mA"": 5.628, ""IN1_pin_level"": ""Low"", ""IN2_pin_level"": ""Low"", ""Node_type"": ""PS-LB"", ""Probe_mod"": 0, ""VDC_intput_V"": 0, ""Water_deep_cm"": 20.35}"
2025-09-20 04:09:42.668869178+00:00,ps-lb-06,2,-18,10.25,"{""Bat_V"": 3.576, ""Exti_pin_level"": ""Low"", ""Exti_status"": ""False"", ""IDC_intput_mA"": 5.628, ""IN1_pin_level"": ""Low"", ""IN2_pin_level"": ""Low"", ""Node_type"": ""PS-LB"", ""Probe_mod"": 0, ""VDC_intput_V"": 0, ""Water_deep_cm"": 20.35}"
2025-09-20 04:19:42.556913585+00:00,ps-lb-06,2,-20,10.0,"{""Bat_V"": 3.576, ""Exti_pin_level"": ""Low"", ""Exti_status"": ""False"", ""IDC_intput_mA"": 5.628, ""IN1_pin_level"": ""Low"", ""IN2_pin_level"": ""Low"", ""Node_type"": ""PS-LB"", ""Probe_mod"": 0, ""VDC_intput_V"": 0, ""Water_deep_cm"": 20.35}"
2025-09-20 04:29:42.418519564+00:00,ps-lb-06,2,-19,7.0,"{""Bat_V"": 3.576, ""Exti_pin_level"": ""Low"", ""Exti_status"": ""False"", ""IDC_intput_mA"": 5.628, ""IN1_pin_level"": ""Low"", ""IN2_pin_level"": ""Low"", ""Node_type"": ""PS-LB"", ""Probe_mod"": 0, ""VDC_intput_V"": 0, ""Water_deep_cm"": 20.35}"
2025-09-20 04:39:42.286837578+00:00,ps-lb-06,2,-117,-1.5,"{""Bat_V"": 3.576, ""Exti_pin_level"": ""Low"", ""Exti_status"": ""False"", ""IDC_intput_mA"": 5.628, ""IN1_pin_level"": ""Low"", ""IN2_pin_level"": ""Low"", ""Node_type"": ""PS-LB"", ""Probe_mod"": 0, ""VDC_intput_V"": 0, ""Water_deep_cm"": 20.35}"
2025-09-20 04:49:42.155002178+00:00,ps-lb-06,2,-17,9.75,"{""Bat_V"": 3.576, ""Exti_pin_level"": ""Low"", ""Exti_status"": ""False"", ""IDC_intput_mA"": 5.628, ""IN1_pin_level"": ""Low"", ""IN2_pin_level"": ""Low"", ""Node_type"": ""PS-LB"", ""Probe_mod"": 0, ""VDC_intput_V"": 0, ""Water_deep_cm"": 20.35}"
2025-09-20 04:59:42.049912357+00:00,ps-lb-06,2,-17,8.75,"{""Bat_V"": 3.576, ""Exti_pin_level"": ""Low"", ""Exti_status"": ""False"", ""IDC_intput_mA"": 5.628, ""IN1_pin_level"": ""Low"", ""IN2_pin_level"": ""Low"", ""Node_type"": ""PS-LB"", ""Probe_mod"": 0, ""VDC_intput_V"": 0, ""Water_deep_cm"": 20.35}"
2025-09-20 05:09:41.899316869+00:00,ps-lb-06,2,-112,3.75,"{""Bat_V"": 3.576, ""Exti_pin_level"": ""Low"", ""Exti_status"": ""False"", ""IDC_intput_mA"": 5.628, ""IN1_pin_level"": ""Low"", ""IN2_pin_level"": ""Low"", ""Node_type"": ""PS-LB"", ""Probe_mod"": 0, ""VDC_intput_V"": 0, ""Water_deep_cm"": 20.35}"
2025-09-20 05:19:41.787316911+00:00,ps-lb-06,2,-17,11.0,"{""Bat_V"": 3.576, ""Exti_pin_level"": ""Low"", ""Exti_status"": ""False"", ""IDC_intput_mA"": 5.628, ""IN1_pin_level"": ""Low"", ""IN2_pin_level"": ""Low"", ""Node_type"": ""PS-LB"", ""Probe_mod"": 0, ""VDC_intput_V"": 0, ""Water_deep_cm"": 20.35}"
2025-09-20 05:29:41.664264140+00:00,ps-lb-06,2,-20,9.25,"{""Bat_V"": 3.576, ""Exti_pin_level"": ""Low"", ""Exti_status"": ""False"", ""IDC_intput_mA"": 5.628, ""IN1_pin_level"": ""Low"", ""IN2_pin_level"": ""Low"", ""Node_type"": ""PS-LB"", ""Probe_mod"": 0, ""VDC_intput_V"": 0, ""Water_deep_cm"": 20.35}"
2025-09-20 05:39:41.536619925+00:00,ps-lb-06,2,-17,9.0,"{""Bat_V"": 3.576, ""Exti_pin_level"": ""Low"", ""Exti_status"": ""False"", ""IDC_intput_mA"": 5.628, ""IN1_pin_level"": ""Low"", ""IN2_pin_level"": ""Low"", ""Node_type"": ""PS-LB"", ""Probe_mod"": 0, ""VDC_intput_V"": 0, ""Water_deep_cm"": 20.35}"
2025-09-20 05:49:41.430437425+00:00,ps-lb-06,2,-119,-10.75,"{""Bat_V"": 3.576, ""Exti_pin_level"": ""Low"", ""Exti_status"": ""False"", ""IDC_intput_mA"": 5.628, ""IN1_pin_level"": ""Low"", ""IN2_pin_level"": ""Low"", ""Node_type"": ""PS-LB"", ""Probe_mod"": 0, ""VDC_intput_V"": 0, ""Water_deep_cm"": 20.35}"
2025-09-20 05:59:41.299721071+00:00,ps-lb-06,2,-17,7.75,"{""Bat_V"": 3.576, ""Exti_pin_level"": ""Low"", ""Exti_status"": ""False"", ""IDC_intput_mA"": 5.628, ""IN1_pin_level"": ""Low"", ""IN2_pin_level"": ""Low"", ""Node_type"": ""PS-LB"", ""Probe_mod"": 0, ""VDC_intput_V"": 0, ""Water_deep_cm"": 20.35}"
2025-09-20 06:09:41.159534474+00:00,ps-lb-06,2,-15,9.5,"{""Bat_V"": 3.576, ""Exti_pin_level"": ""Low"", ""Exti_status"": ""False"", ""IDC_intput_mA"": 5.627, ""IN1_pin_level"": ""Low"", ""IN2_pin_level"": ""Low"", ""Node_type"": ""PS-LB"", ""Probe_mod"": 0, ""VDC_intput_V"": 0, ""Water_deep_cm"": 20.337}"
2025-09-20 06:19:41.041727569+00:00,ps-lb-06,2,-17,10.5,"{""Bat_V"": 3.576, ""Exti_pin_level"": ""Low"", ""Exti_status"": ""False"", ""IDC_intput_mA"": 5.628, ""IN1_pin_level"": ""Low"", ""IN2_pin_level"": ""Low"", ""Node_type"": ""PS-LB"", ""Probe_mod"": 0, ""VDC_intput_V"": 0, ""Water_deep_cm"": 20.35}"
2025-09-20 06:29:40.903496390+00:00,ps-lb-06,2,-20,10.25,"{""Bat_V"": 3.576, ""Exti_pin_level"": ""Low"", ""Exti_status"": ""False"", ""IDC_intput_mA"": 5.627, ""IN1_pin_level"": ""Low"", ""IN2_pin_level"": ""Low"", ""Node_type"": ""PS-LB"", ""Probe_mod"": 0, ""VDC_intput_V"": 0, ""Water_deep_cm"": 20.337}"
2025-09-20 06:39:40.778038304+00:00,ps-lb-06,2,-15,7.5,"{""Bat_V"": 3.576, ""Exti_pin_level"": ""Low"", ""Exti_status"": ""False"", ""IDC_intput_mA"": 5.628, ""IN1_pin_level"": ""Low"", ""IN2_pin_level"": ""Low"", ""Node_type"": ""PS-LB"", ""Probe_mod"": 0, ""VDC_intput_V"": 0, ""Water_deep_cm"": 20.35}"
2025-09-20 06:49:40.667504771+00:00,ps-lb-06,2,-117,-3.5,"{""Bat_V"": 3.576, ""Exti_pin_level"": ""Low"", ""Exti_status"": ""False"", ""IDC_intput_mA"": 5.627, ""IN1_pin_level"": ""Low"", ""IN2_pin_level"": ""Low"", ""Node_type"": ""PS-LB"", ""Probe_mod"": 0, ""VDC_intput_V"": 0, ""Water_deep_cm"": 20.337}"
2025-09-20 06:59:40.562724006+00:00,ps-lb-06,2,-18,10.25,"{""Bat_V"": 3.576, ""Exti_pin_level"": ""Low"", ""Exti_status"": ""False"", ""IDC_intput_mA"": 5.627, ""IN1_pin_level"": ""Low"", ""IN2_pin_level"": ""Low"", ""Node_type"": ""PS-LB"", ""Probe_mod"": 0, ""VDC_intput_V"": 0, ""Water_deep_cm"": 20.337}"
2025-09-20 07:09:40.414369283+00:00,ps-lb-06,2,-16,7.5,"{""Bat_V"": 3.576, ""Exti_pin_level"": ""Low"", ""Exti_status"": ""False"", ""IDC_intput_mA"": 5.627, ""IN1_pin_level"": ""Low"", ""IN2_pin_level"": ""Low"", ""Node_type"": ""PS-LB"", ""Probe_mod"": 0, ""VDC_intput_V"": 0, ""Water_deep_cm"": 20.337}"
2025-09-20 07:19:40.298264408+00:00,ps-lb-06,2,-20,7.25,"{""Bat_V"": 3.576, ""Exti_pin_level"": ""Low"", ""Exti_status"": ""False"", ""IDC_intput_mA"": 5.627, ""IN1_pin_level"": ""Low"", ""IN2_pin_level"": ""Low"", ""Node_type"": ""PS-LB"", ""Probe_mod"": 0, ""VDC_intput_V"": 0, ""Water_deep_cm"": 20.337}"
2025-09-20 07:29:40.135559710+00:00,ps-lb-06,2,-116,-1.8,"{""Bat_V"": 3.576, ""Exti_pin_level"": ""Low"", ""Exti_status"": ""False"", ""IDC_intput_mA"": 5.627, ""IN1_pin_level"": ""Low"", ""IN2_pin_level"": ""Low"", ""Node_type"": ""PS-LB"", ""Probe_mod"": 0, ""VDC_intput_V"": 0, ""Water_deep_cm"": 20.337}"
2025-09-20 07:39:40.046610362+00:00,ps-lb-06,2,-17,9.75,"{""Bat_V"": 3.576, ""Exti_pin_level"": ""Low"", ""Exti_status"": ""False"", ""IDC_intput_mA"": 5.627, ""IN1_pin_level"": ""Low"", ""IN2_pin_level"": ""Low"", ""Node_type"": ""PS-LB"", ""Probe_mod"": 0, ""VDC_intput_V"": 0, ""Water_deep_cm"": 20.337}"
2025-09-20 07:49:39.917002621+00:00,ps-lb-06,2,-19,10.0,"{""Bat_V"": 3.576, ""Exti_pin_level"": ""Low"", ""Exti_status"": ""False"", ""IDC_intput_mA"": 5.626, ""IN1_pin_level"": ""Low"", ""IN2_pin_level"": ""Low"", ""Node_type"": ""PS-LB"", ""Probe_mod"": 0, ""VDC_intput_V"": 0, ""Water_deep_cm"": 20.325}"
2025-09-20 07:59:39.806737044+00:00,ps-lb-06,2,-111,3.75,"{""Bat_V"": 3.576, ""Exti_pin_level"": ""Low"", ""Exti_status"": ""False"", ""IDC_intput_mA"": 5.626, ""IN1_pin_level"": ""Low"", ""IN2_pin_level"": ""Low"", ""Node_type"": ""PS-LB"", ""Probe_mod"": 0, ""VDC_intput_V"": 0, ""Water_deep_cm"": 20.325}"
2025-09-20 08:09:39.667438597+00:00,ps-lb-06,2,-18,9.25,"{""Bat_V"": 3.576, ""Exti_pin_level"": ""Low"", ""Exti_status"": ""False"", ""IDC_intput_mA"": 5.627, ""IN1_pin_level"": ""Low"", ""IN2_pin_level"": ""Low"", ""Node_type"": ""PS-LB"", ""Probe_mod"": 0, ""VDC_intput_V"": 0, ""Water_deep_cm"": 20.337}"
2025-09-20 08:19:39.570391974+00:00,ps-lb-06,2,-15,9.5,"{""Bat_V"": 3.576, ""Exti_pin_level"": ""Low"", ""Exti_status"": ""False"", ""IDC_intput_mA"": 5.626, ""IN1_pin_level"": ""Low"", ""IN2_pin_level"": ""Low"", ""Node_type"": ""PS-LB"", ""Probe_mod"": 0, ""VDC_intput_V"": 0, ""Water_deep_cm"": 20.325}"
2025-09-20 08:29:39.428880953+00:00,ps-lb-06,2,-15,9.5,"{""Bat_V"": 3.576, ""Exti_pin_level"": ""Low"", ""Exti_status"": ""False"", ""IDC_intput_mA"": 5.626, ""IN1_pin_level"": ""Low"", ""IN2_pin_level"": ""Low"", ""Node_type"": ""PS-LB"", ""Probe_mod"": 0, ""VDC_intput_V"": 0, ""Water_deep_cm"": 20.325}"
2025-09-20 08:39:39.308917738+00:00,ps-lb-06,2,-17,9.75,"{""Bat_V"": 3.576, ""Exti_pin_level"": ""Low"", ""Exti_status"": ""False"", ""IDC_intput_mA"": 5.626, ""IN1_pin_level"": ""Low"", ""IN2_pin_level"": ""Low"", ""Node_type"": ""PS-LB"", ""Probe_mod"": 0, ""VDC_intput_V"": 0, ""Water_deep_cm"": 20.325}"
2025-09-20 08:49:39.174708149+00:00,ps-lb-06,2,-17,9.75,"{""Bat_V"": 3.576, ""Exti_pin_level"": ""Low"", ""Exti_status"": ""False"", ""IDC_intput_mA"": 5.626, ""IN1_pin_level"": ""Low"", ""IN2_pin_level"": ""Low"", ""Node_type"": ""PS-LB"", ""Probe_mod"": 0, ""VDC_intput_V"": 0, ""Water_deep_cm"": 20.325}"
2025-09-20 08:59:39.058273280+00:00,ps-lb-06,2,-17,9.75,"{""Bat_V"": 3.576, ""Exti_pin_level"": ""Low"", ""Exti_status"": ""False"", ""IDC_intput_mA"": 5.626, ""IN1_pin_level"": ""Low"", ""IN2_pin_level"": ""Low"", ""Node_type"": ""PS-LB"", ""Probe_mod"": 0, ""VDC_intput_V"": 0, ""Water_deep_cm"": 20.325}"
2025-09-20 09:09:38.929576402+00:00,ps-lb-06,2,-17,10.0,"{""Bat_V"": 3.576, ""Exti_pin_level"": ""Low"", ""Exti_status"": ""False"", ""IDC_intput_mA"": 5.626, ""IN1_pin_level"": ""Low"", ""IN2_pin_level"": ""Low"", ""Node_type"": ""PS-LB"", ""Probe_mod"": 0, ""VDC_intput_V"": 0, ""Water_deep_cm"": 20.325}"
2025-09-20 09:19:38.798408218+00:00,ps-lb-06,2,-17,10.5,"{""Bat_V"": 3.576, ""Exti_pin_level"": ""Low"", ""Exti_status"": ""False"", ""IDC_intput_mA"": 5.626, ""IN1_pin_level"": ""Low"", ""IN2_pin_level"": ""Low"", ""Node_type"": ""PS-LB"", ""Probe_mod"": 0, ""VDC_intput_V"": 0, ""Water_deep_cm"": 20.325}"
2025-09-20 09:29:38.684086741+00:00,ps-lb-06,2,-20,9.5,"{""Bat_V"": 3.576, ""Exti_pin_level"": ""Low"", ""Exti_status"": ""False"", ""IDC_intput_mA"": 5.626, ""IN1_pin_level"": ""Low"", ""IN2_pin_level"": ""Low"", ""Node_type"": ""PS-LB"", ""Probe_mod"": 0, ""VDC_intput_V"": 0, ""Water_deep_cm"": 20.325}"
2025-09-20 09:39:38.571499667+00:00,ps-lb-06,2,-17,8.75,"{""Bat_V"": 3.576, ""Exti_pin_level"": ""Low"", ""Exti_status"": ""False"", ""IDC_intput_mA"": 5.626, ""IN1_pin_level"": ""Low"", ""IN2_pin_level"": ""Low"", ""Node_type"": ""PS-LB"", ""Probe_mod"": 0, ""VDC_intput_V"": 0, ""Water_deep_cm"": 20.325}"
2025-09-20 09:49:38.429574371+00:00,ps-lb-06,2,-17,10.75,"{""Bat_V"": 3.576, ""Exti_pin_level"": ""Low"", ""Exti_status"": ""False"", ""IDC_intput_mA"": 5.626, ""IN1_pin_level"": ""Low"", ""IN2_pin_level"": ""Low"", ""Node_type"": ""PS-LB"", ""Probe_mod"": 0, ""VDC_intput_V"": 0, ""Water_deep_cm"": 20.325}"
2025-09-20 09:59:38.320902972+00:00,ps-lb-06,2,-18,7.5,"{""Bat_V"": 3.576, ""Exti_pin_level"": ""Low"", ""Exti_status"": ""False"", ""IDC_intput_mA"": 5.626, ""IN1_pin_level"": ""Low"", ""IN2_pin_level"": ""Low"", ""Node_type"": ""PS-LB"", ""Probe_mod"": 0, ""VDC_intput_V"": 0, ""Water_deep_cm"": 20.325}"
2025-09-20 10:09:38.187182158+00:00,ps-lb-06,2,-17,7.5,"{""Bat_V"": 3.576, ""Exti_pin_level"": ""Low"", ""Exti_status"": ""False"", ""IDC_intput_mA"": 5.626, ""IN1_pin_level"": ""Low"", ""IN2_pin_level"": ""Low"", ""Node_type"": ""PS-LB"", ""Probe_mod"": 0, ""VDC_intput_V"": 0, ""Water_deep_cm"": 20.325}"
2025-09-20 10:19:38.055889497+00:00,ps-lb-06,2,-112,3.75,"{""Bat_V"": 3.576, ""Exti_pin_level"": ""Low"", ""Exti_status"": ""False"", ""IDC_intput_mA"": 5.625, ""IN1_pin_level"": ""Low"", ""IN2_pin_level"": ""Low"", ""Node_type"": ""PS-LB"", ""Probe_mod"": 0, ""VDC_intput_V"": 0, ""Water_deep_cm"": 20.313}"
2025-09-20 10:29:37.938213196+00:00,ps-lb-06,2,-113,2.5,"{""Bat_V"": 3.576, ""Exti_pin_level"": ""Low"", ""Exti_status"": ""False"", ""IDC_intput_mA"": 5.626, ""IN1_pin_level"": ""Low"", ""IN2_pin_level"": ""Low"", ""Node_type"": ""PS-LB"", ""Probe_mod"": 0, ""VDC_intput_V"": 0, ""Water_deep_cm"": 20.325}"
2025-09-20 10:39:37.817133998+00:00,ps-lb-06,2,-15,7.0,"{""Bat_V"": 3.576, ""Exti_pin_level"": ""Low"", ""Exti_status"": ""False"", ""IDC_intput_mA"": 5.626, ""IN1_pin_level"": ""Low"", ""IN2_pin_level"": ""Low"", ""Node_type"": ""PS-LB"", ""Probe_mod"": 0, ""VDC_intput_V"": 0, ""Water_deep_cm"": 20.325}"
2025-09-20 10:49:37.718705840+00:00,ps-lb-06,2,-17,9.75,"{""Bat_V"": 3.576, ""Exti_pin_level"": ""Low"", ""Exti_status"": ""False"", ""IDC_intput_mA"": 5.626, ""IN1_pin_level"": ""Low"", ""IN2_pin_level"": ""Low"", ""Node_type"": ""PS-LB"", ""Probe_mod"": 0, ""VDC_intput_V"": 0, ""Water_deep_cm"": 20.325}"
2025-09-20 10:59:37.549654579+00:00,ps-lb-06,2,-15,9.5,"{""Bat_V"": 3.576, ""Exti_pin_level"": ""Low"", ""Exti_status"": ""False"", ""IDC_intput_mA"": 5.625, ""IN1_pin_level"": ""Low"", ""IN2_pin_level"": ""Low"", ""Node_type"": ""PS-LB"", ""Probe_mod"": 0, ""VDC_intput_V"": 0, ""Water_deep_cm"": 20.313}"
2025-09-20 11:09:37.436105330+00:00,ps-lb-06,2,-14,9.0,"{""Bat_V"": 3.576, ""Exti_pin_level"": ""Low"", ""Exti_status"": ""False"", ""IDC_intput_mA"": 5.625, ""IN1_pin_level"": ""Low"", ""IN2_pin_level"": ""Low"", ""Node_type"": ""PS-LB"", ""Probe_mod"": 0, ""VDC_intput_V"": 0, ""Water_deep_cm"": 20.313}"
2025-09-20 11:19:37.327382070+00:00,ps-lb-06,2,-20,10.75,"{""Bat_V"": 3.576, ""Exti_pin_level"": ""Low"", ""Exti_status"": ""False"", ""IDC_intput_mA"": 5.626, ""IN1_pin_level"": ""Low"", ""IN2_pin_level"": ""Low"", ""Node_type"": ""PS-LB"", ""Probe_mod"": 0, ""VDC_intput_V"": 0, ""Water_deep_cm"": 20.325}"
2025-09-20 11:29:37.195236530+00:00,ps-lb-06,2,-119,-2.5,"{""Bat_V"": 3.576, ""Exti_pin_level"": ""Low"", ""Exti_status"": ""False"", ""IDC_intput_mA"": 5.626, ""IN1_pin_level"": ""Low"", ""IN2_pin_level"": ""Low"", ""Node_type"": ""PS-LB"", ""Probe_mod"": 0, ""VDC_intput_V"": 0, ""Water_deep_cm"": 20.325}"
2025-09-20 11:39:37.061642838+00:00,ps-lb-06,2,-17,11.25,"{""Bat_V"": 3.576, ""Exti_pin_level"": ""Low"", ""Exti_status"": ""False"", ""IDC_intput_mA"": 5.625, ""IN1_pin_level"": ""Low"", ""IN2_pin_level"": ""Low"", ""Node_type"": ""PS-LB"", ""Probe_mod"": 0, ""VDC_intput_V"": 0, ""Water_deep_cm"": 20.313}"
2025-09-20 11:49:36.941654052+00:00,ps-lb-06,2,-17,10.0,"{""Bat_V"": 3.576, ""Exti_pin_level"": ""Low"", ""Exti_status"": ""False"", ""IDC_intput_mA"": 5.626, ""IN1_pin_level"": ""Low"", ""IN2_pin_level"": ""Low"", ""Node_type"": ""PS-LB"", ""Probe_mod"": 0, ""VDC_intput_V"": 0, ""Water_deep_cm"": 20.325}"
2025-09-20 11:59:36.804312421+00:00,ps-lb-06,2,-17,9.25,"{""Bat_V"": 3.576, ""Exti_pin_level"": ""Low"", ""Exti_status"": ""False"", ""IDC_intput_mA"": 5.626, ""IN1_pin_level"": ""Low"", ""IN2_pin_level"": ""Low"", ""Node_type"": ""PS-LB"", ""Probe_mod"": 0, ""VDC_intput_V"": 0, ""Water_deep_cm"": 20.325}"
2025-09-20 12:09:36.695382398+00:00,ps-lb-06,2,-119,-3.5,"{""Bat_V"": 3.576, ""Exti_pin_level"": ""Low"", ""Exti_status"": ""False"", ""IDC_intput_mA"": 5.626, ""IN1_pin_level"": ""Low"", ""IN2_pin_level"": ""Low"", ""Node_type"": ""PS-LB"", ""Probe_mod"": 0, ""VDC_intput_V"": 0, ""Water_deep_cm"": 20.325}"
2025-09-20 12:19:36.574324527+00:00,ps-lb-06,2,-113,0.5,"{""Bat_V"": 3.576, ""Exti_pin_level"": ""Low"", ""Exti_status"": ""False"", ""IDC_intput_mA"": 5.626, ""IN1_pin_level"": ""Low"", ""IN2_pin_level"": ""Low"", ""Node_type"": ""PS-LB"", ""Probe_mod"": 0, ""VDC_intput_V"": 0, ""Water_deep_cm"": 20.325}"
2025-09-20 12:29:36.448316151+00:00,ps-lb-06,2,-20,7.75,"{""Bat_V"": 3.576, ""Exti_pin_level"": ""Low"", ""Exti_status"": ""False"", ""IDC_intput_mA"": 5.626, ""IN1_pin_level"": ""Low"", ""IN2_pin_level"": ""Low"", ""Node_type"": ""PS-LB"", ""Probe_mod"": 0, ""VDC_intput_V"": 0, ""Water_deep_cm"": 20.325}"
2025-09-20 12:39:36.336085348+00:00,ps-lb-06,2,-16,7.75,"{""Bat_V"": 3.576, ""Exti_pin_level"": ""Low"", ""Exti_status"": ""False"", ""IDC_intput_mA"": 5.626, ""IN1_pin_level"": ""Low"", ""IN2_pin_level"": ""Low"", ""Node_type"": ""PS-LB"", ""Probe_mod"": 0, ""VDC_intput_V"": 0, ""Water_deep_cm"": 20.325}"
2025-09-20 12:49:36.206447280+00:00,ps-lb-06,2,-19,7.5,"{""Bat_V"": 3.576, ""Exti_pin_level"": ""Low"", ""Exti_status"": ""False"", ""IDC_intput_mA"": 5.625, ""IN1_pin_level"": ""Low"", ""IN2_pin_level"": ""Low"", ""Node_type"": ""PS-LB"", ""Probe_mod"": 0, ""VDC_intput_V"": 0, ""Water_deep_cm"": 20.313}"
2025-09-20 12:59:36.085305171+00:00,ps-lb-06,2,-15,9.25,"{""Bat_V"": 3.576, ""Exti_pin_level"": ""Low"", ""Exti_status"": ""False"", ""IDC_intput_mA"": 5.626, ""IN1_pin_level"": ""Low"", ""IN2_pin_level"": ""Low"", ""Node_type"": ""PS-LB"", ""Probe_mod"": 0, ""VDC_intput_V"": 0, ""Water_deep_cm"": 20.325}"
2025-09-20 13:09:35.960794468+00:00,ps-lb-06,2,-17,11.0,"{""Bat_V"": 3.576, ""Exti_pin_level"": ""Low"", ""Exti_status"": ""False"", ""IDC_intput_mA"": 5.626, ""IN1_pin_level"": ""Low"", ""IN2_pin_level"": ""Low"", ""Node_type"": ""PS-LB"", ""Probe_mod"": 0, ""VDC_intput_V"": 0, ""Water_deep_cm"": 20.325}"
2025-09-20 13:19:35.835011496+00:00,ps-lb-06,2,-17,8.0,"{""Bat_V"": 3.576, ""Exti_pin_level"": ""Low"", ""Exti_status"": ""False"", ""IDC_intput_mA"": 5.626, ""IN1_pin_level"": ""Low"", ""IN2_pin_level"": ""Low"", ""Node_type"": ""PS-LB"", ""Probe_mod"": 0, ""VDC_intput_V"": 0, ""Water_deep_cm"": 20.325}"
2025-09-20 13:29:35.704420481+00:00,ps-lb-06,2,-18,10.25,"{""Bat_V"": 3.576, ""Exti_pin_level"": ""Low"", ""Exti_status"": ""False"", ""IDC_intput_mA"": 5.626, ""IN1_pin_level"": ""Low"", ""IN2_pin_level"": ""Low"", ""Node_type"": ""PS-LB"", ""Probe_mod"": 0, ""VDC_intput_V"": 0, ""Water_deep_cm"": 20.325}"
2025-09-20 13:39:35.578667342+00:00,ps-lb-06,2,-115,-1.5,"{""Bat_V"": 3.576, ""Exti_pin_level"": ""Low"", ""Exti_status"": ""False"", ""IDC_intput_mA"": 5.625, ""IN1_pin_level"": ""Low"", ""IN2_pin_level"": ""Low"", ""Node_type"": ""PS-LB"", ""Probe_mod"": 0, ""VDC_intput_V"": 0, ""Water_deep_cm"": 20.313}"
2025-09-20 13:49:35.456480267+00:00,ps-lb-06,2,-20,6.75,"{""Bat_V"": 3.576, ""Exti_pin_level"": ""Low"", ""Exti_status"": ""False"", ""IDC_intput_mA"": 5.626, ""IN1_pin_level"": ""Low"", ""IN2_pin_level"": ""Low"", ""Node_type"": ""PS-LB"", ""Probe_mod"": 0, ""VDC_intput_V"": 0, ""Water_deep_cm"": 20.325}"
2025-09-20 13:59:35.331362925+00:00,ps-lb-06,2,-20,10.0,"{""Bat_V"": 3.576, ""Exti_pin_level"": ""Low"", ""Exti_status"": ""False"", ""IDC_intput_mA"": 5.626, ""IN1_pin_level"": ""Low"", ""IN2_pin_level"": ""Low"", ""Node_type"": ""PS-LB"", ""Probe_mod"": 0, ""VDC_intput_V"": 0, ""Water_deep_cm"": 20.325}"
2025-09-20 14:09:35.207783800+00:00,ps-lb-06,2,-19,10.0,"{""Bat_V"": 3.576, ""Exti_pin_level"": ""Low"", ""Exti_status"": ""False"", ""IDC_intput_mA"": 5.625, ""IN1_pin_level"": ""Low"", ""IN2_pin_level"": ""Low"", ""Node_type"": ""PS-LB"", ""Probe_mod"": 0, ""VDC_intput_V"": 0, ""Water_deep_cm"": 20.313}"
2025-09-20 14:19:35.088074816+00:00,ps-lb-06,2,-117,-2.0,"{""Bat_V"": 3.576, ""Exti_pin_level"": ""Low"", ""Exti_status"": ""False"", ""IDC_intput_mA"": 5.626, ""IN1_pin_level"": ""Low"", ""IN2_pin_level"": ""Low"", ""Node_type"": ""PS-LB"", ""Probe_mod"": 0, ""VDC_intput_V"": 0, ""Water_deep_cm"": 20.325}"
2025-09-20 14:29:34.959896067+00:00,ps-lb-06,2,-17,9.25,"{""Bat_V"": 3.576, ""Exti_pin_level"": ""Low"", ""Exti_status"": ""False"", ""IDC_intput_mA"": 5.625, ""IN1_pin_level"": ""Low"", ""IN2_pin_level"": ""Low"", ""Node_type"": ""PS-LB"", ""Probe_mod"": 0, ""VDC_intput_V"": 0, ""Water_deep_cm"": 20.313}"
2025-09-20 14:39:34.831069976+00:00,ps-lb-06,2,-15,9.0,"{""Bat_V"": 3.576, ""Exti_pin_level"": ""Low"", ""Exti_status"": ""False"", ""IDC_intput_mA"": 5.625, ""IN1_pin_level"": ""Low"", ""IN2_pin_level"": ""Low"", ""Node_type"": ""PS-LB"", ""Probe_mod"": 0, ""VDC_intput_V"": 0, ""Water_deep_cm"": 20.313}"
2025-09-20 14:49:34.725727146+00:00,ps-lb-06,2,-17,9.0,"{""Bat_V"": 3.576, ""Exti_pin_level"": ""Low"", ""Exti_status"": ""False"", ""IDC_intput_mA"": 5.625, ""IN1_pin_level"": ""Low"", ""IN2_pin_level"": ""Low"", ""Node_type"": ""PS-LB"", ""Probe_mod"": 0, ""VDC_intput_V"": 0, ""Water_deep_cm"": 20.313}"
2025-09-20 14:59:34.583185367+00:00,ps-lb-06,2,-17,8.5,"{""Bat_V"": 3.576, ""Exti_pin_level"": ""Low"", ""Exti_status"": ""False"", ""IDC_intput_mA"": 5.626, ""IN1_pin_level"": ""Low"", ""IN2_pin_level"": ""Low"", ""Node_type"": ""PS-LB"", ""Probe_mod"": 0, ""VDC_intput_V"": 0, ""Water_deep_cm"": 20.325}"
2025-09-20 15:09:34.485679703+00:00,ps-lb-06,2,-15,9.75,"{""Bat_V"": 3.576, ""Exti_pin_level"": ""Low"", ""Exti_status"": ""False"", ""IDC_intput_mA"": 5.626, ""IN1_pin_level"": ""Low"", ""IN2_pin_level"": ""Low"", ""Node_type"": ""PS-LB"", ""Probe_mod"": 0, ""VDC_intput_V"": 0, ""Water_deep_cm"": 20.325}"
2025-09-20 15:19:34.332140978+00:00,ps-lb-06,2,-119,-3.75,"{""Bat_V"": 3.576, ""Exti_pin_level"": ""Low"", ""Exti_status"": ""False"", ""IDC_intput_mA"": 5.626, ""IN1_pin_level"": ""Low"", ""IN2_pin_level"": ""Low"", ""Node_type"": ""PS-LB"", ""Probe_mod"": 0, ""VDC_intput_V"": 0, ""Water_deep_cm"": 20.325}"
2025-09-20 15:29:34.204404082+00:00,ps-lb-06,2,-15,9.75,"{""Bat_V"": 3.576, ""Exti_pin_level"": ""Low"", ""Exti_status"": ""False"", ""IDC_intput_mA"": 5.625, ""IN1_pin_level"": ""Low"", ""IN2_pin_level"": ""Low"", ""Node_type"": ""PS-LB"", ""Probe_mod"": 0, ""VDC_intput_V"": 0, ""Water_deep_cm"": 20.313}"
2025-09-20 15:39:34.085050678+00:00,ps-lb-06,2,-15,9.25,"{""Bat_V"": 3.576, ""Exti_pin_level"": ""Low"", ""Exti_status"": ""False"", ""IDC_intput_mA"": 5.626, ""IN1_pin_level"": ""Low"", ""IN2_pin_level"": ""Low"", ""Node_type"": ""PS-LB"", ""Probe_mod"": 0, ""VDC_intput_V"": 0, ""Water_deep_cm"": 20.325}"
2025-09-20 15:49:33.972779933+00:00,ps-lb-06,2,-19,9.5,"{""Bat_V"": 3.576, ""Exti_pin_level"": ""Low"", ""Exti_status"": ""False"", ""IDC_intput_mA"": 5.625, ""IN1_pin_level"": ""Low"", ""IN2_pin_level"": ""Low"", ""Node_type"": ""PS-LB"", ""Probe_mod"": 0, ""VDC_intput_V"": 0, ""Water_deep_cm"": 20.313}"
2025-09-20 15:59:33.841268152+00:00,ps-lb-06,2,-17,7.75,"{""Bat_V"": 3.576, ""Exti_pin_level"": ""Low"", ""Exti_status"": ""False"", ""IDC_intput_mA"": 5.625, ""IN1_pin_level"": ""Low"", ""IN2_pin_level"": ""Low"", ""Node_type"": ""PS-LB"", ""Probe_mod"": 0, ""VDC_intput_V"": 0, ""Water_deep_cm"": 20.313}"
2025-09-20 16:09:33.720526432+00:00,ps-lb-06,2,-20,10.75,"{""Bat_V"": 3.576, ""Exti_pin_level"": ""Low"", ""Exti_status"": ""False"", ""IDC_intput_mA"": 5.625, ""IN1_pin_level"": ""Low"", ""IN2_pin_level"": ""Low"", ""Node_type"": ""PS-LB"", ""Probe_mod"": 0, ""VDC_intput_V"": 0, ""Water_deep_cm"": 20.313}"
2025-09-20 16:19:33.587679073+00:00,ps-lb-06,2,-17,9.5,"{""Bat_V"": 3.576, ""Exti_pin_level"": ""Low"", ""Exti_status"": ""False"", ""IDC_intput_mA"": 5.625, ""IN1_pin_level"": ""Low"", ""IN2_pin_level"": ""Low"", ""Node_type"": ""PS-LB"", ""Probe_mod"": 0, ""VDC_intput_V"": 0, ""Water_deep_cm"": 20.313}"
2025-09-20 16:29:33.467177988+00:00,ps-lb-06,2,-17,10.0,"{""Bat_V"": 3.576, ""Exti_pin_level"": ""Low"", ""Exti_status"": ""False"", ""IDC_intput_mA"": 5.626, ""IN1_pin_level"": ""Low"", ""IN2_pin_level"": ""Low"", ""Node_type"": ""PS-LB"", ""Probe_mod"": 0, ""VDC_intput_V"": 0, ""Water_deep_cm"": 20.325}"
2025-09-20 16:39:33.330966668+00:00,ps-lb-06,2,-119,-4.25,"{""Bat_V"": 3.576, ""Exti_pin_level"": ""Low"", ""Exti_status"": ""False"", ""IDC_intput_mA"": 5.625, ""IN1_pin_level"": ""Low"", ""IN2_pin_level"": ""Low"", ""Node_type"": ""PS-LB"", ""Probe_mod"": 0, ""VDC_intput_V"": 0, ""Water_deep_cm"": 20.313}"
2025-09-20 16:49:33.217232117+00:00,ps-lb-06,2,-17,7.75,"{""Bat_V"": 3.576, ""Exti_pin_level"": ""Low"", ""Exti_status"": ""False"", ""IDC_intput_mA"": 5.625, ""IN1_pin_level"": ""Low"", ""IN2_pin_level"": ""Low"", ""Node_type"": ""PS-LB"", ""Probe_mod"": 0, ""VDC_intput_V"": 0, ""Water_deep_cm"": 20.313}"
2025-09-20 16:59:33.090754791+00:00,ps-lb-06,2,-17,10.25,"{""Bat_V"": 3.576, ""Exti_pin_level"": ""Low"", ""Exti_status"": ""False"", ""IDC_intput_mA"": 5.625, ""IN1_pin_level"": ""Low"", ""IN2_pin_level"": ""Low"", ""Node_type"": ""PS-LB"", ""Probe_mod"": 0, ""VDC_intput_V"": 0, ""Water_deep_cm"": 20.313}"
2025-09-20 17:09:32.954475201+00:00,ps-lb-06,2,-17,10.25,"{""Bat_V"": 3.576, ""Exti_pin_level"": ""Low"", ""Exti_status"": ""False"", ""IDC_intput_mA"": 5.625, ""IN1_pin_level"": ""Low"", ""IN2_pin_level"": ""Low"", ""Node_type"": ""PS-LB"", ""Probe_mod"": 0, ""VDC_intput_V"": 0, ""Water_deep_cm"": 20.313}"
2025-09-20 17:19:32.853883323+00:00,ps-lb-06,2,-17,7.5,"{""Bat_V"": 3.576, ""Exti_pin_level"": ""Low"", ""Exti_status"": ""False"", ""IDC_intput_mA"": 5.626, ""IN1_pin_level"": ""Low"", ""IN2_pin_level"": ""Low"", ""Node_type"": ""PS-LB"", ""Probe_mod"": 0, ""VDC_intput_V"": 0, ""Water_deep_cm"": 20.325}"
2025-09-20 17:29:32.726738647+00:00,ps-lb-06,2,-114,-0.25,"{""Bat_V"": 3.576, ""Exti_pin_level"": ""Low"", ""Exti_status"": ""False"", ""IDC_intput_mA"": 5.626, ""IN1_pin_level"": ""Low"", ""IN2_pin_level"": ""Low"", ""Node_type"": ""PS-LB"", ""Probe_mod"": 0, ""VDC_intput_V"": 0, ""Water_deep_cm"": 20.325}"
2025-09-20 17:39:32.595366157+00:00,ps-lb-06,2,-19,9.0,"{""Bat_V"": 3.576, ""Exti_pin_level"": ""Low"", ""Exti_status"": ""False"", ""IDC_intput_mA"": 5.626, ""IN1_pin_level"": ""Low"", ""IN2_pin_level"": ""Low"", ""Node_type"": ""PS-LB"", ""Probe_mod"": 0, ""VDC_intput_V"": 0, ""Water_deep_cm"": 20.325}"
2025-09-20 17:49:32.476678579+00:00,ps-lb-06,2,-18,7.75,"{""Bat_V"": 3.576, ""Exti_pin_level"": ""Low"", ""Exti_status"": ""False"", ""IDC_intput_mA"": 5.626, ""IN1_pin_level"": ""Low"", ""IN2_pin_level"": ""Low"", ""Node_type"": ""PS-LB"", ""Probe_mod"": 0, ""VDC_intput_V"": 0, ""Water_deep_cm"": 20.325}"
2025-09-20 17:59:32.354399084+00:00,ps-lb-06,2,-17,8.75,"{""Bat_V"": 3.576, ""Exti_pin_level"": ""Low"", ""Exti_status"": ""False"", ""IDC_intput_mA"": 5.625, ""IN1_pin_level"": ""Low"", ""IN2_pin_level"": ""Low"", ""Node_type"": ""PS-LB"", ""Probe_mod"": 0, ""VDC_intput_V"": 0, ""Water_deep_cm"": 20.313}"
2025-09-20 18:09:32.219503815+00:00,ps-lb-06,2,-115,0.25,"{""Bat_V"": 3.576, ""Exti_pin_level"": ""Low"", ""Exti_status"": ""False"", ""IDC_intput_mA"": 5.626, ""IN1_pin_level"": ""Low"", ""IN2_pin_level"": ""Low"", ""Node_type"": ""PS-LB"", ""Probe_mod"": 0, ""VDC_intput_V"": 0, ""Water_deep_cm"": 20.325}"
2025-09-20 18:19:32.101757757+00:00,ps-lb-06,2,-15,9.0,"{""Bat_V"": 3.576, ""Exti_pin_level"": ""Low"", ""Exti_status"": ""False"", ""IDC_intput_mA"": 5.625, ""IN1_pin_level"": ""Low"", ""IN2_pin_level"": ""Low"", ""Node_type"": ""PS-LB"", ""Probe_mod"": 0, ""VDC_intput_V"": 0, ""Water_deep_cm"": 20.313}"
2025-09-20 18:29:31.979535623+00:00,ps-lb-06,2,-17,9.75,"{""Bat_V"": 3.576, ""Exti_pin_level"": ""Low"", ""Exti_status"": ""False"", ""IDC_intput_mA"": 5.625, ""IN1_pin_level"": ""Low"", ""IN2_pin_level"": ""Low"", ""Node_type"": ""PS-LB"", ""Probe_mod"": 0, ""VDC_intput_V"": 0, ""Water_deep_cm"": 20.313}"
2025-09-20 18:39:31.847420236+00:00,ps-lb-06,2,-17,8.5,"{""Bat_V"": 3.576, ""Exti_pin_level"": ""Low"", ""Exti_status"": ""False"", ""IDC_intput_mA"": 5.625, ""IN1_pin_level"": ""Low"", ""IN2_pin_level"": ""Low"", ""Node_type"": ""PS-LB"", ""Probe_mod"": 0, ""VDC_intput_V"": 0, ""Water_deep_cm"": 20.313}"
2025-09-20 18:49:31.735631674+00:00,ps-lb-06,2,-15,9.25,"{""Bat_V"": 3.576, ""Exti_pin_level"": ""Low"", ""Exti_status"": ""False"", ""IDC_intput_mA"": 5.626, ""IN1_pin_level"": ""Low"", ""IN2_pin_level"": ""Low"", ""Node_type"": ""PS-LB"", ""Probe_mod"": 0, ""VDC_intput_V"": 0, ""Water_deep_cm"": 20.325}"
2025-09-20 18:59:31.608103146+00:00,ps-lb-06,2,-17,9.75,"{""Bat_V"": 3.576, ""Exti_pin_level"": ""Low"", ""Exti_status"": ""False"", ""IDC_intput_mA"": 5.625, ""IN1_pin_level"": ""Low"", ""IN2_pin_level"": ""Low"", ""Node_type"": ""PS-LB"", ""Probe_mod"": 0, ""VDC_intput_V"": 0, ""Water_deep_cm"": 20.313}"
2025-09-20 19:09:31.471818719+00:00,ps-lb-06,2,-122,-7.25,"{""Bat_V"": 3.576, ""Exti_pin_level"": ""Low"", ""Exti_status"": ""False"", ""IDC_intput_mA"": 5.626, ""IN1_pin_level"": ""Low"", ""IN2_pin_level"": ""Low"", ""Node_type"": ""PS-LB"", ""Probe_mod"": 0, ""VDC_intput_V"": 0, ""Water_deep_cm"": 20.325}"
2025-09-20 19:19:31.366986133+00:00,ps-lb-06,2,-19,10.0,"{""Bat_V"": 3.576, ""Exti_pin_level"": ""Low"", ""Exti_status"": ""False"", ""IDC_intput_mA"": 5.626, ""IN1_pin_level"": ""Low"", ""IN2_pin_level"": ""Low"", ""Node_type"": ""PS-LB"", ""Probe_mod"": 0, ""VDC_intput_V"": 0, ""Water_deep_cm"": 20.325}"
2025-09-20 19:29:31.233437676+00:00,ps-lb-06,2,-17,7.75,"{""Bat_V"": 3.576, ""Exti_pin_level"": ""Low"", ""Exti_status"": ""False"", ""IDC_intput_mA"": 5.625, ""IN1_pin_level"": ""Low"", ""IN2_pin_level"": ""Low"", ""Node_type"": ""PS-LB"", ""Probe_mod"": 0, ""VDC_intput_V"": 0, ""Water_deep_cm"": 20.313}"
2025-09-20 19:39:31.107285362+00:00,ps-lb-06,2,-115,-5.5,"{""Bat_V"": 3.576, ""Exti_pin_level"": ""Low"", ""Exti_status"": ""False"", ""IDC_intput_mA"": 5.625, ""IN1_pin_level"": ""Low"", ""IN2_pin_level"": ""Low"", ""Node_type"": ""PS-LB"", ""Probe_mod"": 0, ""VDC_intput_V"": 0, ""Water_deep_cm"": 20.313}"
2025-09-20 19:49:30.973113213+00:00,ps-lb-06,2,-19,9.5,"{""Bat_V"": 3.576, ""Exti_pin_level"": ""Low"", ""Exti_status"": ""False"", ""IDC_intput_mA"": 5.625, ""IN1_pin_level"": ""Low"", ""IN2_pin_level"": ""Low"", ""Node_type"": ""PS-LB"", ""Probe_mod"": 0, ""VDC_intput_V"": 0, ""Water_deep_cm"": 20.313}"
2025-09-20 19:59:30.841801523+00:00,ps-lb-06,2,-17,7.5,"{""Bat_V"": 3.576, ""Exti_pin_level"": ""Low"", ""Exti_status"": ""False"", ""IDC_intput_mA"": 5.625, ""IN1_pin_level"": ""Low"", ""IN2_pin_level"": ""Low"", ""Node_type"": ""PS-LB"", ""Probe_mod"": 0, ""VDC_intput_V"": 0, ""Water_deep_cm"": 20.313}"
2025-09-20 20:09:30.721534786+00:00,ps-lb-06,2,-18,9.25,"{""Bat_V"": 3.576, ""Exti_pin_level"": ""Low"", ""Exti_status"": ""False"", ""IDC_intput_mA"": 5.625, ""IN1_pin_level"": ""Low"", ""IN2_pin_level"": ""Low"", ""Node_type"": ""PS-LB"", ""Probe_mod"": 0, ""VDC_intput_V"": 0, ""Water_deep_cm"": 20.313}"
2025-09-20 20:19:30.589245929+00:00,ps-lb-06,2,-20,9.75,"{""Bat_V"": 3.576, ""Exti_pin_level"": ""Low"", ""Exti_status"": ""False"", ""IDC_intput_mA"": 5.625, ""IN1_pin_level"": ""Low"", ""IN2_pin_level"": ""Low"", ""Node_type"": ""PS-LB"", ""Probe_mod"": 0, ""VDC_intput_V"": 0, ""Water_deep_cm"": 20.313}"
2025-09-20 20:29:30.475120651+00:00,ps-lb-06,2,-17,10.0,"{""Bat_V"": 3.576, ""Exti_pin_level"": ""Low"", ""Exti_status"": ""False"", ""IDC_intput_mA"": 5.625, ""IN1_pin_level"": ""Low"", ""IN2_pin_level"": ""Low"", ""Node_type"": ""PS-LB"", ""Probe_mod"": 0, ""VDC_intput_V"": 0, ""Water_deep_cm"": 20.313}"
2025-09-20 20:30:45.091098120+00:00,ps-lb-06,2,-20,10.25,"{""Bat_V"": 3.576, ""Exti_pin_level"": ""Low"", ""Exti_status"": ""False"", ""IDC_intput_mA"": 5.625, ""IN1_pin_level"": ""Low"", ""IN2_pin_level"": ""Low"", ""Node_type"": ""PS-LB"", ""Probe_mod"": 0, ""VDC_intput_V"": 0, ""Water_deep_cm"": 20.313}"
2025-09-20 20:31:45.078937313+00:00,ps-lb-06,2,-115,,"{""Bat_V"": 3.576, ""Exti_pin_level"": ""Low"", ""Exti_status"": ""False"", ""IDC_intput_mA"": 5.625, ""IN1_pin_level"": ""Low"", ""IN2_pin_level"": ""Low"", ""Node_type"": ""PS-LB"", ""Probe_mod"": 0, ""VDC_intput_V"": 0, ""Water_deep_cm"": 20.313}"
2025-09-20 20:32:45.075812753+00:00,ps-lb-06,2,-17,10.75,"{""Bat_V"": 3.576, ""Exti_pin_level"": ""Low"", ""Exti_status"": ""False"", ""IDC_intput_mA"": 5.625, ""IN1_pin_level"": ""Low"", ""IN2_pin_level"": ""Low"", ""Node_type"": ""PS-LB"", ""Probe_mod"": 0, ""VDC_intput_V"": 0, ""Water_deep_cm"": 20.313}"
2025-09-20 21:32:58.945081335+00:00,ps-lb-06,2,-20,10.0,"{""Bat_V"": 3.576, ""Exti_pin_level"": ""Low"", ""Exti_status"": ""False"", ""IDC_intput_mA"": 5.625, ""IN1_pin_level"": ""Low"", ""IN2_pin_level"": ""Low"", ""Node_type"": ""PS-LB"", ""Probe_mod"": 0, ""VDC_intput_V"": 0, ""Water_deep_cm"": 20.313}"
2025-09-20 22:32:58.196268183+00:00,ps-lb-06,2,-17,10.0,"{""Bat_V"": 3.576, ""Exti_pin_level"": ""Low"", ""Exti_status"": ""False"", ""IDC_intput_mA"": 5.625, ""IN1_pin_level"": ""Low"", ""IN2_pin_level"": ""Low"", ""Node_type"": ""PS-LB"", ""Probe_mod"": 0, ""VDC_intput_V"": 0, ""Water_deep_cm"": 20.313}"
2025-09-20 23:32:57.432021322+00:00,ps-lb-06,2,-18,9.0,"{""Bat_V"": 3.576, ""Exti_pin_level"": ""Low"", ""Exti_status"": ""False"", ""IDC_intput_mA"": 5.625, ""IN1_pin_level"": ""Low"", ""IN2_pin_level"": ""Low"", ""Node_type"": ""PS-LB"", ""Probe_mod"": 0, ""VDC_intput_V"": 0, ""Water_deep_cm"": 20.313}"
2025-09-21 00:32:56.686542403+00:00,ps-lb-06,2,-15,8.5,"{""Bat_V"": 3.576, ""Exti_pin_level"": ""Low"", ""Exti_status"": ""False"", ""IDC_intput_mA"": 5.625, ""IN1_pin_level"": ""Low"", ""IN2_pin_level"": ""Low"", ""Node_type"": ""PS-LB"", ""Probe_mod"": 0, ""VDC_intput_V"": 0, ""Water_deep_cm"": 20.313}"
2025-09-21 01:32:55.941646115+00:00,ps-lb-06,2,-117,-1.75,"{""Bat_V"": 3.582, ""Exti_pin_level"": ""Low"", ""Exti_status"": ""False"", ""IDC_intput_mA"": 5.625, ""IN1_pin_level"": ""Low"", ""IN2_pin_level"": ""Low"", ""Node_type"": ""PS-LB"", ""Probe_mod"": 0, ""VDC_intput_V"": 0, ""Water_deep_cm"": 20.313}"
2025-09-21 02:32:55.191192843+00:00,ps-lb-06,2,-123,-6.0,"{""Bat_V"": 3.582, ""Exti_pin_level"": ""Low"", ""Exti_status"": ""False"", ""IDC_intput_mA"": 5.624, ""IN1_pin_level"": ""Low"", ""IN2_pin_level"": ""Low"", ""Node_type"": ""PS-LB"", ""Probe_mod"": 0, ""VDC_intput_V"": 0, ""Water_deep_cm"": 20.3}"
2025-09-21 03:32:54.425559287+00:00,ps-lb-06,2,-17,9.25,"{""Bat_V"": 3.582, ""Exti_pin_level"": ""Low"", ""Exti_status"": ""False"", ""IDC_intput_mA"": 5.624, ""IN1_pin_level"": ""Low"", ""IN2_pin_level"": ""Low"", ""Node_type"": ""PS-LB"", ""Probe_mod"": 0, ""VDC_intput_V"": 0, ""Water_deep_cm"": 20.3}"
2025-09-21 04:32:53.687499210+00:00,ps-lb-06,2,-17,9.75,"{""Bat_V"": 3.582, ""Exti_pin_level"": ""Low"", ""Exti_status"": ""False"", ""IDC_intput_mA"": 5.624, ""IN1_pin_level"": ""Low"", ""IN2_pin_level"": ""Low"", ""Node_type"": ""PS-LB"", ""Probe_mod"": 0, ""VDC_intput_V"": 0, ""Water_deep_cm"": 20.3}"
2025-09-21 05:32:52.935428991+00:00,ps-lb-06,2,-17,11.0,"{""Bat_V"": 3.582, ""Exti_pin_level"": ""Low"", ""Exti_status"": ""False"", ""IDC_intput_mA"": 5.624, ""IN1_pin_level"": ""Low"", ""IN2_pin_level"": ""Low"", ""Node_type"": ""PS-LB"", ""Probe_mod"": 0, ""VDC_intput_V"": 0, ""Water_deep_cm"": 20.3}"
2025-09-21 06:32:52.179407117+00:00,ps-lb-06,2,-17,8.0,"{""Bat_V"": 3.582, ""Exti_pin_level"": ""Low"", ""Exti_status"": ""False"", ""IDC_intput_mA"": 5.624, ""IN1_pin_level"": ""Low"", ""IN2_pin_level"": ""Low"", ""Node_type"": ""PS-LB"", ""Probe_mod"": 0, ""VDC_intput_V"": 0, ""Water_deep_cm"": 20.3}"
2025-09-21 07:32:51.442118105+00:00,ps-lb-06,2,-15,9.25,"{""Bat_V"": 3.582, ""Exti_pin_level"": ""Low"", ""Exti_status"": ""False"", ""IDC_intput_mA"": 5.624, ""IN1_pin_level"": ""Low"", ""IN2_pin_level"": ""Low"", ""Node_type"": ""PS-LB"", ""Probe_mod"": 0, ""VDC_intput_V"": 0, ""Water_deep_cm"": 20.3}"
2025-09-21 08:32:50.700857620+00:00,ps-lb-06,2,-15,9.25,"{""Bat_V"": 3.588, ""Exti_pin_level"": ""Low"", ""Exti_status"": ""False"", ""IDC_intput_mA"": 5.623, ""IN1_pin_level"": ""Low"", ""IN2_pin_level"": ""Low"", ""Node_type"": ""PS-LB"", ""Probe_mod"": 0, ""VDC_intput_V"": 0, ""Water_deep_cm"": 20.288}"
2025-09-21 09:32:49.936356825+00:00,ps-lb-06,2,-19,7.75,"{""Bat_V"": 3.588, ""Exti_pin_level"": ""Low"", ""Exti_status"": ""False"", ""IDC_intput_mA"": 5.622, ""IN1_pin_level"": ""Low"", ""IN2_pin_level"": ""Low"", ""Node_type"": ""PS-LB"", ""Probe_mod"": 0, ""VDC_intput_V"": 0, ""Water_deep_cm"": 20.275}"
2025-09-21 10:32:49.201633518+00:00,ps-lb-06,2,-19,9.5,"{""Bat_V"": 3.588, ""Exti_pin_level"": ""Low"", ""Exti_status"": ""False"", ""IDC_intput_mA"": 5.622, ""IN1_pin_level"": ""Low"", ""IN2_pin_level"": ""Low"", ""Node_type"": ""PS-LB"", ""Probe_mod"": 0, ""VDC_intput_V"": 0, ""Water_deep_cm"": 20.275}"
2025-09-21 11:32:48.441470294+00:00,ps-lb-06,2,-117,-0.5,"{""Bat_V"": 3.588, ""Exti_pin_level"": ""Low"", ""Exti_status"": ""False"", ""IDC_intput_mA"": 5.622, ""IN1_pin_level"": ""Low"", ""IN2_pin_level"": ""Low"", ""Node_type"": ""PS-LB"", ""Probe_mod"": 0, ""VDC_intput_V"": 0, ""Water_deep_cm"": 20.275}"
2025-09-21 12:32:47.705855998+00:00,ps-lb-06,2,-17,10.0,"{""Bat_V"": 3.588, ""Exti_pin_level"": ""Low"", ""Exti_status"": ""False"", ""IDC_intput_mA"": 5.622, ""IN1_pin_level"": ""Low"", ""IN2_pin_level"": ""Low"", ""Node_type"": ""PS-LB"", ""Probe_mod"": 0, ""VDC_intput_V"": 0, ""Water_deep_cm"": 20.275}"
2025-09-21 13:32:46.944437251+00:00,ps-lb-06,2,-115,0.5,"{""Bat_V"": 3.588, ""Exti_pin_level"": ""Low"", ""Exti_status"": ""False"", ""IDC_intput_mA"": 5.622, ""IN1_pin_level"": ""Low"", ""IN2_pin_level"": ""Low"", ""Node_type"": ""PS-LB"", ""Probe_mod"": 0, ""VDC_intput_V"": 0, ""Water_deep_cm"": 20.275}"
2025-09-21 14:32:46.198832351+00:00,ps-lb-06,2,-17,9.75,"{""Bat_V"": 3.588, ""Exti_pin_level"": ""Low"", ""Exti_status"": ""False"", ""IDC_intput_mA"": 5.621, ""IN1_pin_level"": ""Low"", ""IN2_pin_level"": ""Low"", ""Node_type"": ""PS-LB"", ""Probe_mod"": 0, ""VDC_intput_V"": 0, ""Water_deep_cm"": 20.263}"
2025-09-21 15:32:45.448197582+00:00,ps-lb-06,2,-17,10.5,"{""Bat_V"": 3.588, ""Exti_pin_level"": ""Low"", ""Exti_status"": ""False"", ""IDC_intput_mA"": 5.621, ""IN1_pin_level"": ""Low"", ""IN2_pin_level"": ""Low"", ""Node_type"": ""PS-LB"", ""Probe_mod"": 0, ""VDC_intput_V"": 0, ""Water_deep_cm"": 20.263}"
2025-09-21 16:32:44.680375504+00:00,ps-lb-06,2,-116,-4.75,"{""Bat_V"": 3.588, ""Exti_pin_level"": ""Low"", ""Exti_status"": ""False"", ""IDC_intput_mA"": 5.62, ""IN1_pin_level"": ""Low"", ""IN2_pin_level"": ""Low"", ""Node_type"": ""PS-LB"", ""Probe_mod"": 0, ""VDC_intput_V"": 0, ""Water_deep_cm"": 20.25}"
2025-09-21 17:32:43.978726491+00:00,ps-lb-06,2,-18,8.0,"{""Bat_V"": 3.588, ""Exti_pin_level"": ""Low"", ""Exti_status"": ""False"", ""IDC_intput_mA"": 5.62, ""IN1_pin_level"": ""Low"", ""IN2_pin_level"": ""Low"", ""Node_type"": ""PS-LB"", ""Probe_mod"": 0, ""VDC_intput_V"": 0, ""Water_deep_cm"": 20.25}"
2025-09-21 18:32:43.204056798+00:00,ps-lb-06,2,-119,-3.5,"{""Bat_V"": 3.588, ""Exti_pin_level"": ""Low"", ""Exti_status"": ""False"", ""IDC_intput_mA"": 5.62, ""IN1_pin_level"": ""Low"", ""IN2_pin_level"": ""Low"", ""Node_type"": ""PS-LB"", ""Probe_mod"": 0, ""VDC_intput_V"": 0, ""Water_deep_cm"": 20.25}"
2025-09-21 19:32:42.473319833+00:00,ps-lb-06,2,-15,8.25,"{""Bat_V"": 3.588, ""Exti_pin_level"": ""Low"", ""Exti_status"": ""False"", ""IDC_intput_mA"": 5.619, ""IN1_pin_level"": ""Low"", ""IN2_pin_level"": ""Low"", ""Node_type"": ""PS-LB"", ""Probe_mod"": 0, ""VDC_intput_V"": 0, ""Water_deep_cm"": 20.237}"
2025-09-21 20:32:41.705153128+00:00,ps-lb-06,2,-15,10.75,"{""Bat_V"": 3.588, ""Exti_pin_level"": ""Low"", ""Exti_status"": ""False"", ""IDC_intput_mA"": 5.619, ""IN1_pin_level"": ""Low"", ""IN2_pin_level"": ""Low"", ""Node_type"": ""PS-LB"", ""Probe_mod"": 0, ""VDC_intput_V"": 0, ""Water_deep_cm"": 20.237}"
2025-09-21 21:32:40.949651238+00:00,ps-lb-06,2,-15,9.5,"{""Bat_V"": 3.588, ""Exti_pin_level"": ""Low"", ""Exti_status"": ""False"", ""IDC_intput_mA"": 5.618, ""IN1_pin_level"": ""Low"", ""IN2_pin_level"": ""Low"", ""Node_type"": ""PS-LB"", ""Probe_mod"": 0, ""VDC_intput_V"": 0, ""Water_deep_cm"": 20.225}"
2025-09-21 22:32:40.198841903+00:00,ps-lb-06,2,-15,7.25,"{""Bat_V"": 3.594, ""Exti_pin_level"": ""Low"", ""Exti_status"": ""False"", ""IDC_intput_mA"": 5.618, ""IN1_pin_level"": ""Low"", ""IN2_pin_level"": ""Low"", ""Node_type"": ""PS-LB"", ""Probe_mod"": 0, ""VDC_intput_V"": 0, ""Water_deep_cm"": 20.225}"
2025-09-21 23:32:39.454219024+00:00,ps-lb-06,2,-20,10.0,"{""Bat_V"": 3.588, ""Exti_pin_level"": ""Low"", ""Exti_status"": ""False"", ""IDC_intput_mA"": 5.618, ""IN1_pin_level"": ""Low"", ""IN2_pin_level"": ""Low"", ""Node_type"": ""PS-LB"", ""Probe_mod"": 0, ""VDC_intput_V"": 0, ""Water_deep_cm"": 20.225}"
2025-09-22 00:32:38.707319115+00:00,ps-lb-06,2,-20,9.5,"{""Bat_V"": 3.588, ""Exti_pin_level"": ""Low"", ""Exti_status"": ""False"", ""IDC_intput_mA"": 5.617, ""IN1_pin_level"": ""Low"", ""IN2_pin_level"": ""Low"", ""Node_type"": ""PS-LB"", ""Probe_mod"": 0, ""VDC_intput_V"": 0, ""Water_deep_cm"": 20.212}"
2025-09-22 01:32:37.952120227+00:00,ps-lb-06,2,-15,10.0,"{""Bat_V"": 3.588, ""Exti_pin_level"": ""Low"", ""Exti_status"": ""False"", ""IDC_intput_mA"": 5.617, ""IN1_pin_level"": ""Low"", ""IN2_pin_level"": ""Low"", ""Node_type"": ""PS-LB"", ""Probe_mod"": 0, ""VDC_intput_V"": 0, ""Water_deep_cm"": 20.212}"
2025-09-22 02:32:37.204666276+00:00,ps-lb-06,2,-18,9.5,"{""Bat_V"": 3.594, ""Exti_pin_level"": ""Low"", ""Exti_status"": ""False"", ""IDC_intput_mA"": 5.616, ""IN1_pin_level"": ""Low"", ""IN2_pin_level"": ""Low"", ""Node_type"": ""PS-LB"", ""Probe_mod"": 0, ""VDC_intput_V"": 0, ""Water_deep_cm"": 20.2}"
2025-09-22 03:32:36.454900217+00:00,ps-lb-06,2,-14,7.75,"{""Bat_V"": 3.594, ""Exti_pin_level"": ""Low"", ""Exti_status"": ""False"", ""IDC_intput_mA"": 5.615, ""IN1_pin_level"": ""Low"", ""IN2_pin_level"": ""Low"", ""Node_type"": ""PS-LB"", ""Probe_mod"": 0, ""VDC_intput_V"": 0, ""Water_deep_cm"": 20.188}"
2025-09-22 04:32:35.717529694+00:00,ps-lb-06,2,-15,9.75,"{""Bat_V"": 3.588, ""Exti_pin_level"": ""Low"", ""Exti_status"": ""False"", ""IDC_intput_mA"": 5.615, ""IN1_pin_level"": ""Low"", ""IN2_pin_level"": ""Low"", ""Node_type"": ""PS-LB"", ""Probe_mod"": 0, ""VDC_intput_V"": 0, ""Water_deep_cm"": 20.188}"
2025-09-22 05:32:34.971921450+00:00,ps-lb-06,2,-110,5.5,"{""Bat_V"": 3.594, ""Exti_pin_level"": ""Low"", ""Exti_status"": ""False"", ""IDC_intput_mA"": 5.615, ""IN1_pin_level"": ""Low"", ""IN2_pin_level"": ""Low"", ""Node_type"": ""PS-LB"", ""Probe_mod"": 0, ""VDC_intput_V"": 0, ""Water_deep_cm"": 20.188}"
2025-09-22 06:32:34.228045642+00:00,ps-lb-06,2,-17,10.0,"{""Bat_V"": 3.594, ""Exti_pin_level"": ""Low"", ""Exti_status"": ""False"", ""IDC_intput_mA"": 5.614, ""IN1_pin_level"": ""Low"", ""IN2_pin_level"": ""Low"", ""Node_type"": ""PS-LB"", ""Probe_mod"": 0, ""VDC_intput_V"": 0, ""Water_deep_cm"": 20.175}"
2025-09-22 07:32:33.470439198+00:00,ps-lb-06,2,-20,11.25,"{""Bat_V"": 3.594, ""Exti_pin_level"": ""Low"", ""Exti_status"": ""False"", ""IDC_intput_mA"": 5.613, ""IN1_pin_level"": ""Low"", ""IN2_pin_level"": ""Low"", ""Node_type"": ""PS-LB"", ""Probe_mod"": 0, ""VDC_intput_V"": 0, ""Water_deep_cm"": 20.163}"
2025-09-22 08:32:32.722749975+00:00,ps-lb-06,2,-19,8.75,"{""Bat_V"": 3.594, ""Exti_pin_level"": ""Low"", ""Exti_status"": ""False"", ""IDC_intput_mA"": 5.613, ""IN1_pin_level"": ""Low"", ""IN2_pin_level"": ""Low"", ""Node_type"": ""PS-LB"", ""Probe_mod"": 0, ""VDC_intput_V"": 0, ""Water_deep_cm"": 20.163}"
2025-09-22 09:32:31.976568667+00:00,ps-lb-06,2,-14,9.25,"{""Bat_V"": 3.594, ""Exti_pin_level"": ""Low"", ""Exti_status"": ""False"", ""IDC_intput_mA"": 5.614, ""IN1_pin_level"": ""Low"", ""IN2_pin_level"": ""Low"", ""Node_type"": ""PS-LB"", ""Probe_mod"": 0, ""VDC_intput_V"": 0, ""Water_deep_cm"": 20.175}"
2025-09-22 10:32:31.241493690+00:00,ps-lb-06,2,-30,7.5,"{""Bat_V"": 3.594, ""Exti_pin_level"": ""Low"", ""Exti_status"": ""False"", ""IDC_intput_mA"": 5.502, ""IN1_pin_level"": ""Low"", ""IN2_pin_level"": ""Low"", ""Node_type"": ""PS-LB"", ""Probe_mod"": 0, ""VDC_intput_V"": 0, ""Water_deep_cm"": 18.775}"
2025-09-22 11:32:30.503623539+00:00,ps-lb-06,2,-32,8.5,"{""Bat_V"": 3.594, ""Exti_pin_level"": ""Low"", ""Exti_status"": ""False"", ""IDC_intput_mA"": 5.502, ""IN1_pin_level"": ""Low"", ""IN2_pin_level"": ""Low"", ""Node_type"": ""PS-LB"", ""Probe_mod"": 0, ""VDC_intput_V"": 0, ""Water_deep_cm"": 18.775}"
2025-09-22 12:32:29.748555588+00:00,ps-lb-06,2,-32,9.0,"{""Bat_V"": 3.594, ""Exti_pin_level"": ""Low"", ""Exti_status"": ""False"", ""IDC_intput_mA"": 5.5, ""IN1_pin_level"": ""Low"", ""IN2_pin_level"": ""Low"", ""Node_type"": ""PS-LB"", ""Probe_mod"": 0, ""VDC_intput_V"": 0, ""Water_deep_cm"": 18.75}"
2025-09-22 13:32:28.981544305+00:00,ps-lb-06,2,-35,9.75,"{""Bat_V"": 3.594, ""Exti_pin_level"": ""Low"", ""Exti_status"": ""False"", ""IDC_intput_mA"": 5.5, ""IN1_pin_level"": ""Low"", ""IN2_pin_level"": ""Low"", ""Node_type"": ""PS-LB"", ""Probe_mod"": 0, ""VDC_intput_V"": 0, ""Water_deep_cm"": 18.75}"
2025-09-22 14:32:28.270710793+00:00,ps-lb-06,2,-33,11.0,"{""Bat_V"": 3.594, ""Exti_pin_level"": ""Low"", ""Exti_status"": ""False"", ""IDC_intput_mA"": 5.5, ""IN1_pin_level"": ""Low"", ""IN2_pin_level"": ""Low"", ""Node_type"": ""PS-LB"", ""Probe_mod"": 0, ""VDC_intput_V"": 0, ""Water_deep_cm"": 18.75}"
2025-09-22 15:32:27.496412603+00:00,ps-lb-06,2,-118,-2.25,"{""Bat_V"": 3.594, ""Exti_pin_level"": ""Low"", ""Exti_status"": ""False"", ""IDC_intput_mA"": 5.5, ""IN1_pin_level"": ""Low"", ""IN2_pin_level"": ""Low"", ""Node_type"": ""PS-LB"", ""Probe_mod"": 0, ""VDC_intput_V"": 0, ""Water_deep_cm"": 18.75}"
2025-09-22 16:32:26.745975852+00:00,ps-lb-06,2,-35,10.25,"{""Bat_V"": 3.594, ""Exti_pin_level"": ""Low"", ""Exti_status"": ""False"", ""IDC_intput_mA"": 5.499, ""IN1_pin_level"": ""Low"", ""IN2_pin_level"": ""Low"", ""Node_type"": ""PS-LB"", ""Probe_mod"": 0, ""VDC_intput_V"": 0, ""Water_deep_cm"": 18.737}"
2025-09-22 17:32:26.000297558+00:00,ps-lb-06,2,-33,10.25,"{""Bat_V"": 3.594, ""Exti_pin_level"": ""Low"", ""Exti_status"": ""False"", ""IDC_intput_mA"": 5.498, ""IN1_pin_level"": ""Low"", ""IN2_pin_level"": ""Low"", ""Node_type"": ""PS-LB"", ""Probe_mod"": 0, ""VDC_intput_V"": 0, ""Water_deep_cm"": 18.725}"
2025-09-22 18:32:25.257349633+00:00,ps-lb-06,2,-33,9.5,"{""Bat_V"": 3.594, ""Exti_pin_level"": ""Low"", ""Exti_status"": ""False"", ""IDC_intput_mA"": 5.498, ""IN1_pin_level"": ""Low"", ""IN2_pin_level"": ""Low"", ""Node_type"": ""PS-LB"", ""Probe_mod"": 0, ""VDC_intput_V"": 0, ""Water_deep_cm"": 18.725}"
2025-09-22 19:32:24.511447805+00:00,ps-lb-06,2,-33,7.25,"{""Bat_V"": 3.594, ""Exti_pin_level"": ""Low"", ""Exti_status"": ""False"", ""IDC_intput_mA"": 5.498, ""IN1_pin_level"": ""Low"", ""IN2_pin_level"": ""Low"", ""Node_type"": ""PS-LB"", ""Probe_mod"": 0, ""VDC_intput_V"": 0, ""Water_deep_cm"": 18.725}"
2025-09-22 20:32:23.762801895+00:00,ps-lb-06,2,-118,-3.0,"{""Bat_V"": 3.594, ""Exti_pin_level"": ""Low"", ""Exti_status"": ""False"", ""IDC_intput_mA"": 5.497, ""IN1_pin_level"": ""Low"", ""IN2_pin_level"": ""Low"", ""Node_type"": ""PS-LB"", ""Probe_mod"": 0, ""VDC_intput_V"": 0, ""Water_deep_cm"": 18.712}"
2025-09-22 21:32:23.016401104+00:00,ps-lb-06,2,-35,9.75,"{""Bat_V"": 3.594, ""Exti_pin_level"": ""Low"", ""Exti_status"": ""False"", ""IDC_intput_mA"": 5.496, ""IN1_pin_level"": ""Low"", ""IN2_pin_level"": ""Low"", ""Node_type"": ""PS-LB"", ""Probe_mod"": 0, ""VDC_intput_V"": 0, ""Water_deep_cm"": 18.7}"
2025-09-22 22:32:22.271729746+00:00,ps-lb-06,2,-31,8.0,"{""Bat_V"": 3.594, ""Exti_pin_level"": ""Low"", ""Exti_status"": ""False"", ""IDC_intput_mA"": 5.496, ""IN1_pin_level"": ""Low"", ""IN2_pin_level"": ""Low"", ""Node_type"": ""PS-LB"", ""Probe_mod"": 0, ""VDC_intput_V"": 0, ""Water_deep_cm"": 18.7}"
2025-09-22 23:32:21.523889552+00:00,ps-lb-06,2,-31,9.5,"{""Bat_V"": 3.594, ""Exti_pin_level"": ""Low"", ""Exti_status"": ""False"", ""IDC_intput_mA"": 5.496, ""IN1_pin_level"": ""Low"", ""IN2_pin_level"": ""Low"", ""Node_type"": ""PS-LB"", ""Probe_mod"": 0, ""VDC_intput_V"": 0, ""Water_deep_cm"": 18.7}"
2025-09-23 00:32:20.784416321+00:00,ps-lb-06,2,-35,10.0,"{""Bat_V"": 3.594, ""Exti_pin_level"": ""Low"", ""Exti_status"": ""False"", ""IDC_intput_mA"": 5.495, ""IN1_pin_level"": ""Low"", ""IN2_pin_level"": ""Low"", ""Node_type"": ""PS-LB"", ""Probe_mod"": 0, ""VDC_intput_V"": 0, ""Water_deep_cm"": 18.688}"
2025-09-23 01:32:20.028231016+00:00,ps-lb-06,2,-115,1.0,"{""Bat_V"": 3.594, ""Exti_pin_level"": ""Low"", ""Exti_status"": ""False"", ""IDC_intput_mA"": 5.494, ""IN1_pin_level"": ""Low"", ""IN2_pin_level"": ""Low"", ""Node_type"": ""PS-LB"", ""Probe_mod"": 0, ""VDC_intput_V"": 0, ""Water_deep_cm"": 18.675}"
2025-09-23 02:32:19.272616408+00:00,ps-lb-06,2,-31,7.25,"{""Bat_V"": 3.594, ""Exti_pin_level"": ""Low"", ""Exti_status"": ""False"", ""IDC_intput_mA"": 5.494, ""IN1_pin_level"": ""Low"", ""IN2_pin_level"": ""Low"", ""Node_type"": ""PS-LB"", ""Probe_mod"": 0, ""VDC_intput_V"": 0, ""Water_deep_cm"": 18.675}"
2025-09-23 03:32:18.535740394+00:00,ps-lb-06,2,-32,9.5,"{""Bat_V"": 3.594, ""Exti_pin_level"": ""Low"", ""Exti_status"": ""False"", ""IDC_intput_mA"": 5.494, ""IN1_pin_level"": ""Low"", ""IN2_pin_level"": ""Low"", ""Node_type"": ""PS-LB"", ""Probe_mod"": 0, ""VDC_intput_V"": 0, ""Water_deep_cm"": 18.675}"
2025-09-23 04:32:17.799583410+00:00,ps-lb-06,2,-32,10.0,"{""Bat_V"": 3.594, ""Exti_pin_level"": ""Low"", ""Exti_status"": ""False"", ""IDC_intput_mA"": 5.494, ""IN1_pin_level"": ""Low"", ""IN2_pin_level"": ""Low"", ""Node_type"": ""PS-LB"", ""Probe_mod"": 0, ""VDC_intput_V"": 0, ""Water_deep_cm"": 18.675}"
2025-09-23 05:32:17.086576540+00:00,ps-lb-06,2,-32,8.75,"{""Bat_V"": 3.594, ""Exti_pin_level"": ""Low"", ""Exti_status"": ""False"", ""IDC_intput_mA"": 5.492, ""IN1_pin_level"": ""Low"", ""IN2_pin_level"": ""Low"", ""Node_type"": ""PS-LB"", ""Probe_mod"": 0, ""VDC_intput_V"": 0, ""Water_deep_cm"": 18.65}"
2025-09-23 06:32:16.312234191+00:00,ps-lb-06,2,-35,10.25,"{""Bat_V"": 3.594, ""Exti_pin_level"": ""Low"", ""Exti_status"": ""False"", ""IDC_intput_mA"": 5.492, ""IN1_pin_level"": ""Low"", ""IN2_pin_level"": ""Low"", ""Node_type"": ""PS-LB"", ""Probe_mod"": 0, ""VDC_intput_V"": 0, ""Water_deep_cm"": 18.65}"
2025-09-23 07:32:15.560503112+00:00,ps-lb-06,2,-33,9.75,"{""Bat_V"": 3.594, ""Exti_pin_level"": ""Low"", ""Exti_status"": ""False"", ""IDC_intput_mA"": 5.492, ""IN1_pin_level"": ""Low"", ""IN2_pin_level"": ""Low"", ""Node_type"": ""PS-LB"", ""Probe_mod"": 0, ""VDC_intput_V"": 0, ""Water_deep_cm"": 18.65}"
2025-09-23 08:32:14.817420480+00:00,ps-lb-06,2,-112,2.25,"{""Bat_V"": 3.594, ""Exti_pin_level"": ""Low"", ""Exti_status"": ""False"", ""IDC_intput_mA"": 5.491, ""IN1_pin_level"": ""Low"", ""IN2_pin_level"": ""Low"", ""Node_type"": ""PS-LB"", ""Probe_mod"": 0, ""VDC_intput_V"": 0, ""Water_deep_cm"": 18.637}"
2025-09-23 09:32:14.074377970+00:00,ps-lb-06,2,-112,3.0,"{""Bat_V"": 3.594, ""Exti_pin_level"": ""Low"", ""Exti_status"": ""False"", ""IDC_intput_mA"": 5.491, ""IN1_pin_level"": ""Low"", ""IN2_pin_level"": ""Low"", ""Node_type"": ""PS-LB"", ""Probe_mod"": 0, ""VDC_intput_V"": 0, ""Water_deep_cm"": 18.637}"
2025-09-23 10:32:13.324863694+00:00,ps-lb-06,2,-113,2.0,"{""Bat_V"": 3.594, ""Exti_pin_level"": ""Low"", ""Exti_status"": ""False"", ""IDC_intput_mA"": 5.49, ""IN1_pin_level"": ""Low"", ""IN2_pin_level"": ""Low"", ""Node_type"": ""PS-LB"", ""Probe_mod"": 0, ""VDC_intput_V"": 0, ""Water_deep_cm"": 18.625}"
2025-09-23 11:32:12.562331850+00:00,ps-lb-06,2,-32,9.75,"{""Bat_V"": 3.594, ""Exti_pin_level"": ""Low"", ""Exti_status"": ""False"", ""IDC_intput_mA"": 5.491, ""IN1_pin_level"": ""Low"", ""IN2_pin_level"": ""Low"", ""Node_type"": ""PS-LB"", ""Probe_mod"": 0, ""VDC_intput_V"": 0, ""Water_deep_cm"": 18.637}"
2025-09-23 12:32:11.840863081+00:00,ps-lb-06,2,-33,9.25,"{""Bat_V"": 3.594, ""Exti_pin_level"": ""Low"", ""Exti_status"": ""False"", ""IDC_intput_mA"": 5.49, ""IN1_pin_level"": ""Low"", ""IN2_pin_level"": ""Low"", ""Node_type"": ""PS-LB"", ""Probe_mod"": 0, ""VDC_intput_V"": 0, ""Water_deep_cm"": 18.625}"
2025-09-23 13:32:11.078194516+00:00,ps-lb-06,2,-35,9.25,"{""Bat_V"": 3.594, ""Exti_pin_level"": ""Low"", ""Exti_status"": ""False"", ""IDC_intput_mA"": 5.49, ""IN1_pin_level"": ""Low"", ""IN2_pin_level"": ""Low"", ""Node_type"": ""PS-LB"", ""Probe_mod"": 0, ""VDC_intput_V"": 0, ""Water_deep_cm"": 18.625}"
2025-09-23 14:32:10.324120969+00:00,ps-lb-06,2,-33,10.5,"{""Bat_V"": 3.594, ""Exti_pin_level"": ""Low"", ""Exti_status"": ""False"", ""IDC_intput_mA"": 5.49, ""IN1_pin_level"": ""Low"", ""IN2_pin_level"": ""Low"", ""Node_type"": ""PS-LB"", ""Probe_mod"": 0, ""VDC_intput_V"": 0, ""Water_deep_cm"": 18.625}"
2025-09-23 15:32:09.580125193+00:00,ps-lb-06,2,-33,11.25,"{""Bat_V"": 3.594, ""Exti_pin_level"": ""Low"", ""Exti_status"": ""False"", ""IDC_intput_mA"": 5.49, ""IN1_pin_level"": ""Low"", ""IN2_pin_level"": ""Low"", ""Node_type"": ""PS-LB"", ""Probe_mod"": 0, ""VDC_intput_V"": 0, ""Water_deep_cm"": 18.625}"
2025-09-23 16:32:08.839523310+00:00,ps-lb-06,2,-35,9.5,"{""Bat_V"": 3.594, ""Exti_pin_level"": ""Low"", ""Exti_status"": ""False"", ""IDC_intput_mA"": 5.489, ""IN1_pin_level"": ""Low"", ""IN2_pin_level"": ""Low"", ""Node_type"": ""PS-LB"", ""Probe_mod"": 0, ""VDC_intput_V"": 0, ""Water_deep_cm"": 18.612}"
2025-09-23 17:32:08.083302969+00:00,ps-lb-06,2,-26,7.25,"{""Bat_V"": 3.594, ""Exti_pin_level"": ""Low"", ""Exti_status"": ""False"", ""IDC_intput_mA"": 5.488, ""IN1_pin_level"": ""Low"", ""IN2_pin_level"": ""Low"", ""Node_type"": ""PS-LB"", ""Probe_mod"": 0, ""VDC_intput_V"": 0, ""Water_deep_cm"": 18.6}"
2025-09-23 18:32:07.337583102+00:00,ps-lb-06,2,-32,7.25,"{""Bat_V"": 3.594, ""Exti_pin_level"": ""Low"", ""Exti_status"": ""False"", ""IDC_intput_mA"": 5.488, ""IN1_pin_level"": ""Low"", ""IN2_pin_level"": ""Low"", ""Node_type"": ""PS-LB"", ""Probe_mod"": 0, ""VDC_intput_V"": 0, ""Water_deep_cm"": 18.6}"
2025-09-23 19:32:06.592140075+00:00,ps-lb-06,2,-33,8.25,"{""Bat_V"": 3.594, ""Exti_pin_level"": ""Low"", ""Exti_status"": ""False"", ""IDC_intput_mA"": 5.488, ""IN1_pin_level"": ""Low"", ""IN2_pin_level"": ""Low"", ""Node_type"": ""PS-LB"", ""Probe_mod"": 0, ""VDC_intput_V"": 0, ""Water_deep_cm"": 18.6}"
2025-09-23 20:32:05.861978308+00:00,ps-lb-06,2,-31,10.0,"{""Bat_V"": 3.594, ""Exti_pin_level"": ""Low"", ""Exti_status"": ""False"", ""IDC_intput_mA"": 5.488, ""IN1_pin_level"": ""Low"", ""IN2_pin_level"": ""Low"", ""Node_type"": ""PS-LB"", ""Probe_mod"": 0, ""VDC_intput_V"": 0, ""Water_deep_cm"": 18.6}"
2025-09-23 21:32:05.107463977+00:00,ps-lb-06,2,-121,-5.5,"{""Bat_V"": 3.594, ""Exti_pin_level"": ""Low"", ""Exti_status"": ""False"", ""IDC_intput_mA"": 5.488, ""IN1_pin_level"": ""Low"", ""IN2_pin_level"": ""Low"", ""Node_type"": ""PS-LB"", ""Probe_mod"": 0, ""VDC_intput_V"": 0, ""Water_deep_cm"": 18.6}"
2025-09-23 22:32:04.359231226+00:00,ps-lb-06,2,-35,9.5,"{""Bat_V"": 3.594, ""Exti_pin_level"": ""Low"", ""Exti_status"": ""False"", ""IDC_intput_mA"": 5.488, ""IN1_pin_level"": ""Low"", ""IN2_pin_level"": ""Low"", ""Node_type"": ""PS-LB"", ""Probe_mod"": 0, ""VDC_intput_V"": 0, ""Water_deep_cm"": 18.6}"
2025-09-23 23:32:03.633046146+00:00,ps-lb-06,2,-33,8.75,"{""Bat_V"": 3.594, ""Exti_pin_level"": ""Low"", ""Exti_status"": ""False"", ""IDC_intput_mA"": 5.487, ""IN1_pin_level"": ""Low"", ""IN2_pin_level"": ""Low"", ""Node_type"": ""PS-LB"", ""Probe_mod"": 0, ""VDC_intput_V"": 0, ""Water_deep_cm"": 18.588}"
2025-09-24 00:32:02.874215151+00:00,ps-lb-06,2,-37,9.5,"{""Bat_V"": 3.594, ""Exti_pin_level"": ""Low"", ""Exti_status"": ""False"", ""IDC_intput_mA"": 5.487, ""IN1_pin_level"": ""Low"", ""IN2_pin_level"": ""Low"", ""Node_type"": ""PS-LB"", ""Probe_mod"": 0, ""VDC_intput_V"": 0, ""Water_deep_cm"": 18.588}"
2025-09-24 01:32:02.140490781+00:00,ps-lb-06,2,-26,7.75,"{""Bat_V"": 3.594, ""Exti_pin_level"": ""Low"", ""Exti_status"": ""False"", ""IDC_intput_mA"": 5.486, ""IN1_pin_level"": ""Low"", ""IN2_pin_level"": ""Low"", ""Node_type"": ""PS-LB"", ""Probe_mod"": 0, ""VDC_intput_V"": 0, ""Water_deep_cm"": 18.575}"
2025-09-24 02:32:01.380521931+00:00,ps-lb-06,2,-118,-2.25,"{""Bat_V"": 3.594, ""Exti_pin_level"": ""Low"", ""Exti_status"": ""False"", ""IDC_intput_mA"": 5.486, ""IN1_pin_level"": ""Low"", ""IN2_pin_level"": ""Low"", ""Node_type"": ""PS-LB"", ""Probe_mod"": 0, ""VDC_intput_V"": 0, ""Water_deep_cm"": 18.575}"
2025-09-24 03:32:00.628255710+00:00,ps-lb-06,2,-32,8.0,"{""Bat_V"": 3.594, ""Exti_pin_level"": ""Low"", ""Exti_status"": ""False"", ""IDC_intput_mA"": 5.485, ""IN1_pin_level"": ""Low"", ""IN2_pin_level"": ""Low"", ""Node_type"": ""PS-LB"", ""Probe_mod"": 0, ""VDC_intput_V"": 0, ""Water_deep_cm"": 18.563}"
2025-09-24 04:31:59.894262818+00:00,ps-lb-06,2,-33,10.0,"{""Bat_V"": 3.594, ""Exti_pin_level"": ""Low"", ""Exti_status"": ""False"", ""IDC_intput_mA"": 5.485, ""IN1_pin_level"": ""Low"", ""IN2_pin_level"": ""Low"", ""Node_type"": ""PS-LB"", ""Probe_mod"": 0, ""VDC_intput_V"": 0, ""Water_deep_cm"": 18.563}"
2025-09-24 05:31:59.163281384+00:00,ps-lb-06,2,-32,9.25,"{""Bat_V"": 3.594, ""Exti_pin_level"": ""Low"", ""Exti_status"": ""False"", ""IDC_intput_mA"": 5.483, ""IN1_pin_level"": ""Low"", ""IN2_pin_level"": ""Low"", ""Node_type"": ""PS-LB"", ""Probe_mod"": 0, ""VDC_intput_V"": 0, ""Water_deep_cm"": 18.537}"
2025-09-24 06:31:58.409494966+00:00,ps-lb-06,2,-35,7.25,"{""Bat_V"": 3.594, ""Exti_pin_level"": ""Low"", ""Exti_status"": ""False"", ""IDC_intput_mA"": 5.483, ""IN1_pin_level"": ""Low"", ""IN2_pin_level"": ""Low"", ""Node_type"": ""PS-LB"", ""Probe_mod"": 0, ""VDC_intput_V"": 0, ""Water_deep_cm"": 18.537}"
2025-09-24 07:31:57.680562546+00:00,ps-lb-06,2,-35,9.75,"{""Bat_V"": 3.594, ""Exti_pin_level"": ""Low"", ""Exti_status"": ""False"", ""IDC_intput_mA"": 5.483, ""IN1_pin_level"": ""Low"", ""IN2_pin_level"": ""Low"", ""Node_type"": ""PS-LB"", ""Probe_mod"": 0, ""VDC_intput_V"": 0, ""Water_deep_cm"": 18.537}"
2025-09-24 08:31:56.912691578+00:00,ps-lb-06,2,-118,-1.75,"{""Bat_V"": 3.594, ""Exti_pin_level"": ""Low"", ""Exti_status"": ""False"", ""IDC_intput_mA"": 5.483, ""IN1_pin_level"": ""Low"", ""IN2_pin_level"": ""Low"", ""Node_type"": ""PS-LB"", ""Probe_mod"": 0, ""VDC_intput_V"": 0, ""Water_deep_cm"": 18.537}"
2025-09-24 09:31:56.179439501+00:00,ps-lb-06,2,-35,9.25,"{""Bat_V"": 3.6, ""Exti_pin_level"": ""Low"", ""Exti_status"": ""False"", ""IDC_intput_mA"": 5.482, ""IN1_pin_level"": ""Low"", ""IN2_pin_level"": ""Low"", ""Node_type"": ""PS-LB"", ""Probe_mod"": 0, ""VDC_intput_V"": 0, ""Water_deep_cm"": 18.525}"
2025-09-24 10:31:55.430174462+00:00,ps-lb-06,2,-33,7.75,"{""Bat_V"": 3.594, ""Exti_pin_level"": ""Low"", ""Exti_status"": ""False"", ""IDC_intput_mA"": 5.481, ""IN1_pin_level"": ""Low"", ""IN2_pin_level"": ""Low"", ""Node_type"": ""PS-LB"", ""Probe_mod"": 0, ""VDC_intput_V"": 0, ""Water_deep_cm"": 18.512}"
2025-09-24 11:31:54.677157570+00:00,ps-lb-06,2,-35,7.5,"{""Bat_V"": 3.594, ""Exti_pin_level"": ""Low"", ""Exti_status"": ""False"", ""IDC_intput_mA"": 5.481, ""IN1_pin_level"": ""Low"", ""IN2_pin_level"": ""Low"", ""Node_type"": ""PS-LB"", ""Probe_mod"": 0, ""VDC_intput_V"": 0, ""Water_deep_cm"": 18.512}"
2025-09-24 12:31:53.933489061+00:00,ps-lb-06,2,-33,10.0,"{""Bat_V"": 3.594, ""Exti_pin_level"": ""Low"", ""Exti_status"": ""False"", ""IDC_intput_mA"": 5.481, ""IN1_pin_level"": ""Low"", ""IN2_pin_level"": ""Low"", ""Node_type"": ""PS-LB"", ""Probe_mod"": 0, ""VDC_intput_V"": 0, ""Water_deep_cm"": 18.512}"
2025-09-24 13:31:53.207793054+00:00,ps-lb-06,2,-33,9.5,"{""Bat_V"": 3.594, ""Exti_pin_level"": ""Low"", ""Exti_status"": ""False"", ""IDC_intput_mA"": 5.481, ""IN1_pin_level"": ""Low"", ""IN2_pin_level"": ""Low"", ""Node_type"": ""PS-LB"", ""Probe_mod"": 0, ""VDC_intput_V"": 0, ""Water_deep_cm"": 18.512}"
2025-09-24 14:31:52.454858570+00:00,ps-lb-06,2,-33,8.0,"{""Bat_V"": 3.594, ""Exti_pin_level"": ""Low"", ""Exti_status"": ""False"", ""IDC_intput_mA"": 5.481, ""IN1_pin_level"": ""Low"", ""IN2_pin_level"": ""Low"", ""Node_type"": ""PS-LB"", ""Probe_mod"": 0, ""VDC_intput_V"": 0, ""Water_deep_cm"": 18.512}"
2025-09-24 15:31:51.730050530+00:00,ps-lb-06,2,-33,9.5,"{""Bat_V"": 3.594, ""Exti_pin_level"": ""Low"", ""Exti_status"": ""False"", ""IDC_intput_mA"": 5.481, ""IN1_pin_level"": ""Low"", ""IN2_pin_level"": ""Low"", ""Node_type"": ""PS-LB"", ""Probe_mod"": 0, ""VDC_intput_V"": 0, ""Water_deep_cm"": 18.512}"
2025-09-24 16:31:50.978535574+00:00,ps-lb-06,2,-33,9.5,"{""Bat_V"": 3.594, ""Exti_pin_level"": ""Low"", ""Exti_status"": ""False"", ""IDC_intput_mA"": 5.481, ""IN1_pin_level"": ""Low"", ""IN2_pin_level"": ""Low"", ""Node_type"": ""PS-LB"", ""Probe_mod"": 0, ""VDC_intput_V"": 0, ""Water_deep_cm"": 18.512}"
2025-09-24 17:31:50.210131938+00:00,ps-lb-06,2,-116,-1.5,"{""Bat_V"": 3.594, ""Exti_pin_level"": ""Low"", ""Exti_status"": ""False"", ""IDC_intput_mA"": 5.481, ""IN1_pin_level"": ""Low"", ""IN2_pin_level"": ""Low"", ""Node_type"": ""PS-LB"", ""Probe_mod"": 0, ""VDC_intput_V"": 0, ""Water_deep_cm"": 18.512}"
2025-09-24 18:31:49.480809290+00:00,ps-lb-06,2,-33,10.5,"{""Bat_V"": 3.594, ""Exti_pin_level"": ""Low"", ""Exti_status"": ""False"", ""IDC_intput_mA"": 5.481, ""IN1_pin_level"": ""Low"", ""IN2_pin_level"": ""Low"", ""Node_type"": ""PS-LB"", ""Probe_mod"": 0, ""VDC_intput_V"": 0, ""Water_deep_cm"": 18.512}"
2025-09-24 19:31:48.717305148+00:00,ps-lb-06,2,-33,7.5,"{""Bat_V"": 3.594, ""Exti_pin_level"": ""Low"", ""Exti_status"": ""False"", ""IDC_intput_mA"": 5.48, ""IN1_pin_level"": ""Low"", ""IN2_pin_level"": ""Low"", ""Node_type"": ""PS-LB"", ""Probe_mod"": 0, ""VDC_intput_V"": 0, ""Water_deep_cm"": 18.5}"
2025-09-24 20:31:47.976294056+00:00,ps-lb-06,2,-35,10.25,"{""Bat_V"": 3.594, ""Exti_pin_level"": ""Low"", ""Exti_status"": ""False"", ""IDC_intput_mA"": 5.479, ""IN1_pin_level"": ""Low"", ""IN2_pin_level"": ""Low"", ""Node_type"": ""PS-LB"", ""Probe_mod"": 0, ""VDC_intput_V"": 0, ""Water_deep_cm"": 18.488}"
2025-09-24 21:31:47.229562936+00:00,ps-lb-06,2,-115,-7.25,"{""Bat_V"": 3.6, ""Exti_pin_level"": ""Low"", ""Exti_status"": ""False"", ""IDC_intput_mA"": 5.479, ""IN1_pin_level"": ""Low"", ""IN2_pin_level"": ""Low"", ""Node_type"": ""PS-LB"", ""Probe_mod"": 0, ""VDC_intput_V"": 0, ""Water_deep_cm"": 18.488}"
2025-09-24 22:31:46.507727456+00:00,ps-lb-06,2,-32,7.25,"{""Bat_V"": 3.594, ""Exti_pin_level"": ""Low"", ""Exti_status"": ""False"", ""IDC_intput_mA"": 5.479, ""IN1_pin_level"": ""Low"", ""IN2_pin_level"": ""Low"", ""Node_type"": ""PS-LB"", ""Probe_mod"": 0, ""VDC_intput_V"": 0, ""Water_deep_cm"": 18.488}"
2025-09-24 23:31:45.739202240+00:00,ps-lb-06,2,-122,-6.75,"{""Bat_V"": 3.594, ""Exti_pin_level"": ""Low"", ""Exti_status"": ""False"", ""IDC_intput_mA"": 5.479, ""IN1_pin_level"": ""Low"", ""IN2_pin_level"": ""Low"", ""Node_type"": ""PS-LB"", ""Probe_mod"": 0, ""VDC_intput_V"": 0, ""Water_deep_cm"": 18.488}"
2025-09-25 00:31:45.001450986+00:00,ps-lb-06,2,-117,-1.0,"{""Bat_V"": 3.594, ""Exti_pin_level"": ""Low"", ""Exti_status"": ""False"", ""IDC_intput_mA"": 5.479, ""IN1_pin_level"": ""Low"", ""IN2_pin_level"": ""Low"", ""Node_type"": ""PS-LB"", ""Probe_mod"": 0, ""VDC_intput_V"": 0, ""Water_deep_cm"": 18.488}"
2025-09-25 01:31:44.258808879+00:00,ps-lb-06,2,-115,0.75,"{""Bat_V"": 3.594, ""Exti_pin_level"": ""Low"", ""Exti_status"": ""False"", ""IDC_intput_mA"": 5.478, ""IN1_pin_level"": ""Low"", ""IN2_pin_level"": ""Low"", ""Node_type"": ""PS-LB"", ""Probe_mod"": 0, ""VDC_intput_V"": 0, ""Water_deep_cm"": 18.475}"
2025-09-25 02:31:43.530310410+00:00,ps-lb-06,2,-31,7.0,"{""Bat_V"": 3.594, ""Exti_pin_level"": ""Low"", ""Exti_status"": ""False"", ""IDC_intput_mA"": 5.477, ""IN1_pin_level"": ""Low"", ""IN2_pin_level"": ""Low"", ""Node_type"": ""PS-LB"", ""Probe_mod"": 0, ""VDC_intput_V"": 0, ""Water_deep_cm"": 18.463}"
