received_at,device_id,f_port,rssi,snr,payload_json
2025-09-18 00:11:19.890026785+00:00,ps-lb-21,2,-40,9.75,"{""Bat_V"": 3.624, ""Exti_pin_level"": ""Low"", ""Exti_status"": ""False"", ""IDC_intput_mA"": 5.72, ""IN1_pin_level"": ""Low"", ""IN2_pin_level"": ""Low"", ""Node_type"": ""PS-LB"", ""Probe_mod"": 0, ""VDC_intput_V"": 0, ""Water_deep_cm"": 0}"
2025-09-18 00:31:19.691489005+00:00,ps-lb-21,2,-120,-4.5,"{""Bat_V"": 3.624, ""Exti_pin_level"": ""Low"", ""Exti_status"": ""False"", ""IDC_intput_mA"": 5.72, ""IN1_pin_level"": ""Low"", ""IN2_pin_level"": ""Low"", ""Node_type"": ""PS-LB"", ""Probe_mod"": 0, ""VDC_intput_V"": 0, ""Water_deep_cm"": 0}"
2025-09-18 00:51:19.470315879+00:00,ps-lb-21,2,-43,9.25,"{""Bat_V"": 3.624, ""Exti_pin_level"": ""Low"", ""Exti_status"": ""False"", ""IDC_intput_mA"": 5.72, ""IN1_pin_level"": ""Low"", ""IN2_pin_level"": ""Low"", ""Node_type"": ""PS-LB"", ""Probe_mod"": 0, ""VDC_intput_V"": 0, ""Water_deep_cm"": 0}"
2025-09-18 01:11:19.247431020+00:00,ps-lb-21,2,-121,-5.0,"{""Bat_V"": 3.624, ""Exti_pin_level"": ""Low"", ""Exti_status"": ""False"", ""IDC_intput_mA"": 5.72, ""IN1_pin_level"": ""Low"", ""IN2_pin_level"": ""Low"", ""Node_type"": ""PS-LB"", ""Probe_mod"": 0, ""VDC_intput_V"": 0, ""Water_deep_cm"": 0}"
2025-09-18 01:31:19.020415030+00:00,ps-lb-21,2,-44,6.5,"{""Bat_V"": 3.624, ""Exti_pin_level"": ""Low"", ""Exti_status"": ""False"", ""IDC_intput_mA"": 5.719, ""IN1_pin_level"": ""Low"", ""IN2_pin_level"": ""Low"", ""Node_type"": ""PS-LB"", ""Probe_mod"": 0, ""VDC_intput_V"": 0, ""Water_deep_cm"": 0}"
2025-09-18 01:51:18.811069618+00:00,ps-lb-21,2,-44,9.75,"{""Bat_V"": 3.624, ""Exti_pin_level"": ""Low"", ""Exti_status"": ""False"", ""IDC_intput_mA"": 5.719, ""IN1_pin_level"": ""Low"", ""IN2_pin_level"": ""Low"", ""Node_type"": ""PS-LB"", ""Probe_mod"": 0, ""VDC_intput_V"": 0, ""Water_deep_cm"": 0}"
2025-09-18 02:11:18.583042218+00:00,ps-lb-21,2,-44,9.0,"{""Bat_V"": 3.624, ""Exti_pin_level"": ""Low"", ""Exti_status"": ""False"", ""IDC_intput_mA"": 5.718, ""IN1_pin_level"": ""Low"", ""IN2_pin_level"": ""Low"", ""Node_type"": ""PS-LB"", ""Probe_mod"": 0, ""VDC_intput_V"": 0, ""Water_deep_cm"": 0}"
2025-09-18 02:31:18.394386371+00:00,ps-lb-21,2,-39,8.0,"{""Bat_V"": 3.624, ""Exti_pin_level"": ""Low"", ""Exti_status"": ""False"", ""IDC_intput_mA"": 5.718, ""IN1_pin_level"": ""Low"", ""IN2_pin_level"": ""Low"", ""Node_type"": ""PS-LB"", ""Probe_mod"": 0, ""VDC_intput_V"": 0, ""Water_deep_cm"": 0}"
2025-09-18 02:51:18.155030675+00:00,ps-lb-21,2,-43,8.75,"{""Bat_V"": 3.618, ""Exti_pin_level"": ""Low"", ""Exti_status"": ""False"", ""IDC_intput_mA"": 5.718, ""IN1_pin_level"": ""Low"", ""IN2_pin_level"": ""Low"", ""Node_type"": ""PS-LB"", ""Probe_mod"": 0, ""VDC_intput_V"": 0, ""Water_deep_cm"": 0}"
2025-09-18 03:11:17.948315632+00:00,ps-lb-21,2,-45,7.5,"{""Bat_V"": 3.624, ""Exti_pin_level"": ""Low"", ""Exti_status"": ""False"", ""IDC_intput_mA"": 5.718, ""IN1_pin_level"": ""Low"", ""IN2_pin_level"": ""Low"", ""Node_type"": ""PS-LB"", ""Probe_mod"": 0, ""VDC_intput_V"": 0, ""Water_deep_cm"": 0}"
2025-09-18 03:31:17.728414625+00:00,ps-lb-21,2,-44,9.25,"{""Bat_V"": 3.624, ""Exti_pin_level"": ""Low"", ""Exti_status"": ""False"", ""IDC_intput_mA"": 5.718, ""IN1_pin_level"": ""Low"", ""IN2_pin_level"": ""Low"", ""Node_type"": ""PS-LB"", ""Probe_mod"": 0, ""VDC_intput_V"": 0, ""Water_deep_cm"": 0}"
2025-09-18 03:51:17.511457723+00:00,ps-lb-21,2,-121,-5.75,"{""Bat_V"": 3.624, ""Exti_pin_level"": ""Low"", ""Exti_status"": ""False"", ""IDC_intput_mA"": 5.718, ""IN1_pin_level"": ""Low"", ""IN2_pin_level"": ""Low"", ""Node_type"": ""PS-LB"", ""Probe_mod"": 0, ""VDC_intput_V"": 0, ""Water_deep_cm"": 0}"
2025-09-18 04:11:17.291066332+00:00,ps-lb-21,2,-44,7.5,"{""Bat_V"": 3.624, ""Exti_pin_level"": ""Low"", ""Exti_status"": ""False"", ""IDC_intput_mA"": 5.717, ""IN1_pin_level"": ""Low"", ""IN2_pin_level"": ""Low"", ""Node_type"": ""PS-LB"", ""Probe_mod"": 0, ""VDC_intput_V"": 0, ""Water_deep_cm"": 0}"
2025-09-18 04:31:17.078262570+00:00,ps-lb-21,2,-123,-7.0,"{""Bat_V"": 3.624, ""Exti_pin_level"": ""Low"", ""Exti_status"": ""False"", ""IDC_intput_mA"": 5.717, ""IN1_pin_level"": ""Low"", ""IN2_pin_level"": ""Low"", ""Node_type"": ""PS-LB"", ""Probe_mod"": 0, ""VDC_intput_V"": 0, ""Water_deep_cm"": 0}"
2025-09-18 04:51:16.866155128+00:00,ps-lb-21,2,-119,-2.75,"{""Bat_V"": 3.618, ""Exti_pin_level"": ""Low"", ""Exti_status"": ""False"", ""IDC_intput_mA"": 5.716, ""IN1_pin_level"": ""Low"", ""IN2_pin_level"": ""Low"", ""Node_type"": ""PS-LB"", ""Probe_mod"": 0, ""VDC_intput_V"": 0, ""Water_deep_cm"": 0}"
2025-09-18 05:11:16.638239601+00:00,ps-lb-21,2,-43,8.0,"{""Bat_V"": 3.624, ""Exti_pin_level"": ""Low"", ""Exti_status"": ""False"", ""IDC_intput_mA"": 5.716, ""IN1_pin_level"": ""Low"", ""IN2_pin_level"": ""Low"", ""Node_type"": ""PS-LB"", ""Probe_mod"": 0, ""VDC_intput_V"": 0, ""Water_deep_cm"": 0}"
2025-09-18 05:31:16.411634580+00:00,ps-lb-21,2,-38,10.0,"{""Bat_V"": 3.618, ""Exti_pin_level"": ""Low"", ""Exti_status"": ""False"", ""IDC_intput_mA"": 5.716, ""IN1_pin_level"": ""Low"", ""IN2_pin_level"": ""Low"", ""Node_type"": ""PS-LB"", ""Probe_mod"": 0, ""VDC_intput_V"": 0, ""Water_deep_cm"": 0}"
2025-09-18 05:51:16.230676738+00:00,ps-lb-21,2,-38,9.25,"{""Bat_V"": 3.618, ""Exti_pin_level"": ""Low"", ""Exti_status"": ""False"", ""IDC_intput_mA"": 5.716, ""IN1_pin_level"": ""Low"", ""IN2_pin_level"": ""Low"", ""Node_type"": ""PS-LB"", ""Probe_mod"": 0, ""VDC_intput_V"": 0, ""Water_deep_cm"": 0}"
2025-09-18 05:52:23.280228625+00:00,ps-lb-21,2,-120,-3.0,"{""Bat_V"": 3.618, ""Exti_pin_level"": ""Low"", ""Exti_status"": ""False"", ""IDC_intput_mA"": 5.716, ""IN1_pin_level"": ""Low"", ""IN2_pin_level"": ""Low"", ""Node_type"": ""PS-LB"", ""Probe_mod"": 0, ""VDC_intput_V"": 0, ""Water_deep_cm"": 0}"
2025-09-18 05:53:23.267022854+00:00,ps-lb-21,2,-37,9.25,"{""Bat_V"": 3.618, ""Exti_pin_level"": ""Low"", ""Exti_status"": ""False"", ""IDC_intput_mA"": 5.716, ""IN1_pin_level"": ""Low"", ""IN2_pin_level"": ""Low"", ""Node_type"": ""PS-LB"", ""Probe_mod"": 0, ""VDC_intput_V"": 0, ""Water_deep_cm"": 0}"
2025-09-18 05:54:23.265823404+00:00,ps-lb-21,2,-40,6.75,"{""Bat_V"": 3.624, ""Exti_pin_level"": ""Low"", ""Exti_status"": ""False"", ""IDC_intput_mA"": 5.716, ""IN1_pin_level"": ""Low"", ""IN2_pin_level"": ""Low"", ""Node_type"": ""PS-LB"", ""Probe_mod"": 0, ""VDC_intput_V"": 0, ""Water_deep_cm"": 0}"
2025-09-18 05:55:23.252054804+00:00,ps-lb-21,2,-38,10.25,"{""Bat_V"": 3.624, ""Exti_pin_level"": ""Low"", ""Exti_status"": ""False"", ""IDC_intput_mA"": 5.715, ""IN1_pin_level"": ""Low"", ""IN2_pin_level"": ""Low"", ""Node_type"": ""PS-LB"", ""Probe_mod"": 0, ""VDC_intput_V"": 0, ""Water_deep_cm"": 0}"
2025-09-18 05:56:23.237043393+00:00,ps-lb-21,2,-41,10.0,"{""Bat_V"": 3.618, ""Exti_pin_level"": ""Low"", ""Exti_status"": ""False"", ""IDC_intput_mA"": 5.716, ""IN1_pin_level"": ""Low"", ""IN2_pin_level"": ""Low"", ""Node_type"": ""PS-LB"", ""Probe_mod"": 0, ""VDC_intput_V"": 0, ""Water_deep_cm"": 0}"
2025-09-18 05:57:23.218669109+00:00,ps-lb-21,2,-38,9.25,"{""Bat_V"": 3.624, ""Exti_pin_level"": ""Low"", ""Exti_status"": ""False"", ""IDC_intput_mA"": 5.716, ""IN1_pin_level"": ""Low"", ""IN2_pin_level"": ""Low"", ""Node_type"": ""PS-LB"", ""Probe_mod"": 0, ""VDC_intput_V"": 0, ""Water_deep_cm"": 0}"
2025-09-18 05:58:30.727798285+00:00,ps-lb-21,2,-37,9.5,"{""Bat_V"": 3.618, ""Exti_pin_level"": ""Low"", ""Exti_status"": ""False"", ""IDC_intput_mA"": 5.716, ""IN1_pin_level"": ""Low"", ""IN2_pin_level"": ""Low"", ""Node_type"": ""PS-LB"", ""Probe_mod"": 0, ""VDC_intput_V"": 0, ""Water_deep_cm"": 0}"
2025-09-18 05:59:30.711710553+00:00,ps-lb-21,2,-39,9.75,"{""Bat_V"": 3.618, ""Exti_pin_level"": ""Low"", ""Exti_status"": ""False"", ""IDC_intput_mA"": 5.716, ""IN1_pin_level"": ""Low"", ""IN2_pin_level"": ""Low"", ""Node_type"": ""PS-LB"", ""Probe_mod"": 0, ""VDC_intput_V"": 0, ""Water_deep_cm"": 0}"
2025-09-18 06:00:30.699780072+00:00,ps-lb-21,2,-41,9.25,"{""Bat_V"": 3.618, ""Exti_pin_level"": ""Low"", ""Exti_status"": ""False"", ""IDC_intput_mA"": 5.716, ""IN1_pin_level"": ""Low"", ""IN2_pin_level"": ""Low"", ""Node_type"": ""PS-LB"", ""Probe_mod"": 0, ""VDC_intput_V"": 0, ""Water_deep_cm"": 0}"
2025-09-18 06:01:30.700778416+00:00,ps-lb-21,2,-41,9.75,"{""Bat_V"": 3.624, ""Exti_pin_level"": ""Low"", ""Exti_status"": ""False"", ""IDC_intput_mA"": 5.716, ""IN1_pin_level"": ""Low"", ""IN2_pin_level"": ""Low"", ""Node_type"": ""PS-LB"", ""Probe_mod"": 0, ""VDC_intput_V"": 0, ""Water_deep_cm"": 21.45}"
2025-09-18 06:02:30.712056217+00:00,ps-lb-21,2,-41,9.75,"{""Bat_V"": 3.618, ""Exti_pin_level"": ""Low"", ""Exti_status"": ""False"", ""IDC_intput_mA"": 5.716, ""IN1_pin_level"": ""Low"", ""IN2_pin_level"": ""Low"", ""Node_type"": ""PS-LB"", ""Probe_mod"": 0, ""VDC_intput_V"": 0, ""Water_deep_cm"": 21.45}"
2025-09-18 06:03:30.673446317+00:00,ps-lb-21,2,-39,10.75,"{""Bat_V"": 3.618, ""Exti_pin_level"": ""Low"", ""Exti_status"": ""False"", ""IDC_intput_mA"": 5.716, ""IN1_pin_level"": ""Low"", ""IN2_pin_level"": ""Low"", ""Node_type"": ""PS-LB"", ""Probe_mod"": 0, ""VDC_intput_V"": 0, ""Water_deep_cm"": 21.45}"
2025-09-18 06:04:30.652719609+00:00,ps-lb-21,2,-41,8.75,"{""Bat_V"": 3.618, ""Exti_pin_level"": ""Low"", ""Exti_status"": ""False"", ""IDC_intput_mA"": 5.716, ""IN1_pin_level"": ""Low"", ""IN2_pin_level"": ""Low"", ""Node_type"": ""PS-LB"", ""Probe_mod"": 0, ""VDC_intput_V"": 0, ""Water_deep_cm"": 21.45}"
2025-09-18 06:05:30.649417966+00:00,ps-lb-21,2,-39,7.75,"{""Bat_V"": 3.618, ""Exti_pin_level"": ""Low"", ""Exti_status"": ""False"", ""IDC_intput_mA"": 5.716, ""IN1_pin_level"": ""Low"", ""IN2_pin_level"": ""Low"", ""Node_type"": ""PS-LB"", ""Probe_mod"": 0, ""VDC_intput_V"": 0, ""Water_deep_cm"": 21.45}"
2025-09-18 06:06:45.231990108+00:00,ps-lb-21,2,-39,8.25,"{""Bat_V"": 3.618, ""Exti_pin_level"": ""Low"", ""Exti_status"": ""False"", ""IDC_intput_mA"": 5.716, ""IN1_pin_level"": ""Low"", ""IN2_pin_level"": ""Low"", ""Node_type"": ""PS-LB"", ""Probe_mod"": 0, ""VDC_intput_V"": 0, ""Water_deep_cm"": 21.45}"
2025-09-18 06:07:45.219000298+00:00,ps-lb-21,2,-39,7.75,"{""Bat_V"": 3.618, ""Exti_pin_level"": ""Low"", ""Exti_status"": ""False"", ""IDC_intput_mA"": 5.715, ""IN1_pin_level"": ""Low"", ""IN2_pin_level"": ""Low"", ""Node_type"": ""PS-LB"", ""Probe_mod"": 0, ""VDC_intput_V"": 0, ""Water_deep_cm"": 21.438}"
2025-09-18 06:08:45.204276310+00:00,ps-lb-21,2,-38,9.5,"{""Bat_V"": 3.618, ""Exti_pin_level"": ""Low"", ""Exti_status"": ""False"", ""IDC_intput_mA"": 5.716, ""IN1_pin_level"": ""Low"", ""IN2_pin_level"": ""Low"", ""Node_type"": ""PS-LB"", ""Probe_mod"": 0, ""VDC_intput_V"": 0, ""Water_deep_cm"": 21.45}"
2025-09-18 06:09:45.199089912+00:00,ps-lb-21,2,-117,-2.5,"{""Bat_V"": 3.618, ""Exti_pin_level"": ""Low"", ""Exti_status"": ""False"", ""IDC_intput_mA"": 5.715, ""IN1_pin_level"": ""Low"", ""IN2_pin_level"": ""Low"", ""Node_type"": ""PS-LB"", ""Probe_mod"": 0, ""VDC_intput_V"": 0, ""Water_deep_cm"": 21.438}"
2025-09-18 06:10:45.185526515+00:00,ps-lb-21,2,-39,10.0,"{""Bat_V"": 3.618, ""Exti_pin_level"": ""Low"", ""Exti_status"": ""False"", ""IDC_intput_mA"": 5.716, ""IN1_pin_level"": ""Low"", ""IN2_pin_level"": ""Low"", ""Node_type"": ""PS-LB"", ""Probe_mod"": 0, ""VDC_intput_V"": 0, ""Water_deep_cm"": 21.45}"
2025-09-18 06:11:45.171133194+00:00,ps-lb-21,2,-41,9.25,"{""Bat_V"": 3.618, ""Exti_pin_level"": ""Low"", ""Exti_status"": ""False"", ""IDC_intput_mA"": 5.716, ""IN1_pin_level"": ""Low"", ""IN2_pin_level"": ""Low"", ""Node_type"": ""PS-LB"", ""Probe_mod"": 0, ""VDC_intput_V"": 0, ""Water_deep_cm"": 21.45}"
2025-09-18 06:12:45.165783897+00:00,ps-lb-21,2,-41,9.25,"{""Bat_V"": 3.618, ""Exti_pin_level"": ""Low"", ""Exti_status"": ""False"", ""IDC_intput_mA"": 5.715, ""IN1_pin_level"": ""Low"", ""IN2_pin_level"": ""Low"", ""Node_type"": ""PS-LB"", ""Probe_mod"": 0, ""VDC_intput_V"": 0, ""Water_deep_cm"": 21.438}"
2025-09-18 06:13:45.142583986+00:00,ps-lb-21,2,-38,7.5,"{""Bat_V"": 3.612, ""Exti_pin_level"": ""Low"", ""Exti_status"": ""False"", ""IDC_intput_mA"": 5.716, ""IN1_pin_level"": ""Low"", ""IN2_pin_level"": ""Low"", ""Node_type"": ""PS-LB"", ""Probe_mod"": 0, ""VDC_intput_V"": 0, ""Water_deep_cm"": 21.45}"
2025-09-18 06:14:45.136269818+00:00,ps-lb-21,2,-38,7.25,"{""Bat_V"": 3.612, ""Exti_pin_level"": ""Low"", ""Exti_status"": ""False"", ""IDC_intput_mA"": 5.716, ""IN1_pin_level"": ""Low"", ""IN2_pin_level"": ""Low"", ""Node_type"": ""PS-LB"", ""Probe_mod"": 0, ""VDC_intput_V"": 0, ""Water_deep_cm"": 21.45}"
2025-09-18 06:15:45.127163438+00:00,ps-lb-21,2,-39,7.5,"{""Bat_V"": 3.612, ""Exti_pin_level"": ""Low"", ""Exti_status"": ""False"", ""IDC_intput_mA"": 5.716, ""IN1_pin_level"": ""Low"", ""IN2_pin_level"": ""Low"", ""Node_type"": ""PS-LB"", ""Probe_mod"": 0, ""VDC_intput_V"": 0, ""Water_deep_cm"": 21.45}"
2025-09-18 06:16:45.124410918+00:00,ps-lb-21,2,-43,11.25,"{""Bat_V"": 3.612, ""Exti_pin_level"": ""Low"", ""Exti_status"": ""False"", ""IDC_intput_mA"": 5.716, ""IN1_pin_level"": ""Low"", ""IN2_pin_level"": ""Low"", ""Node_type"": ""PS-LB"", ""Probe_mod"": 0, ""VDC_intput_V"": 0, ""Water_deep_cm"": 21.45}"
2025-09-18 06:17:45.138339695+00:00,ps-lb-21,2,-43,10.0,"{""Bat_V"": 3.618, ""Exti_pin_level"": ""Low"", ""Exti_status"": ""False"", ""IDC_intput_mA"": 5.715, ""IN1_pin_level"": ""Low"", ""IN2_pin_level"": ""Low"", ""Node_type"": ""PS-LB"", ""Probe_mod"": 0, ""VDC_intput_V"": 0, ""Water_deep_cm"": 21.438}"
2025-09-18 06:18:45.116918338+00:00,ps-lb-21,2,-42,9.5,"{""Bat_V"": 3.612, ""Exti_pin_level"": ""Low"", ""Exti_status"": ""False"", ""IDC_intput_mA"": 5.715, ""IN1_pin_level"": ""Low"", ""IN2_pin_level"": ""Low"", ""Node_type"": ""PS-LB"", ""Probe_mod"": 0, ""VDC_intput_V"": 0, ""Water_deep_cm"": 21.438}"
2025-09-18 06:19:45.082607043+00:00,ps-lb-21,2,-122,-6.0,"{""Bat_V"": 3.612, ""Exti_pin_level"": ""Low"", ""Exti_status"": ""False"", ""IDC_intput_mA"": 5.715, ""IN1_pin_level"": ""Low"", ""IN2_pin_level"": ""Low"", ""Node_type"": ""PS-LB"", ""Probe_mod"": 0, ""VDC_intput_V"": 0, ""Water_deep_cm"": 21.438}"
2025-09-18 06:20:45.087390480+00:00,ps-lb-21,2,-122,-5.5,"{""Bat_V"": 3.612, ""Exti_pin_level"": ""Low"", ""Exti_status"": ""False"", ""IDC_intput_mA"": 5.715, ""IN1_pin_level"": ""Low"", ""IN2_pin_level"": ""Low"", ""Node_type"": ""PS-LB"", ""Probe_mod"": 0, ""VDC_intput_V"": 0, ""Water_deep_cm"": 21.438}"
2025-09-18 06:21:45.050205809+00:00,ps-lb-21,2,-43,10.0,"{""Bat_V"": 3.612, ""Exti_pin_level"": ""Low"", ""Exti_status"": ""False"", ""IDC_intput_mA"": 5.715, ""IN1_pin_level"": ""Low"", ""IN2_pin_level"": ""Low"", ""Node_type"": ""PS-LB"", ""Probe_mod"": 0, ""VDC_intput_V"": 0, ""Water_deep_cm"": 21.438}"
2025-09-18 06:22:45.055098911+00:00,ps-lb-21,2,-41,10.0,"{""Bat_V"": 3.612, ""Exti_pin_level"": ""Low"", ""Exti_status"": ""False"", ""IDC_intput_mA"": 5.715, ""IN1_pin_level"": ""Low"", ""IN2_pin_level"": ""Low"", ""Node_type"": ""PS-LB"", ""Probe_mod"": 0, ""VDC_intput_V"": 0, ""Water_deep_cm"": 21.438}"
2025-09-18 06:23:45.053606150+00:00,ps-lb-21,2,-41,7.25,"{""Bat_V"": 3.612, ""Exti_pin_level"": ""Low"", ""Exti_status"": ""False"", ""IDC_intput_mA"": 5.715, ""IN1_pin_level"": ""Low"", ""IN2_pin_level"": ""Low"", ""Node_type"": ""PS-LB"", ""Probe_mod"": 0, ""VDC_intput_V"": 0, ""Water_deep_cm"": 21.438}"
2025-09-18 06:24:45.044663244+00:00,ps-lb-21,2,-41,9.5,"{""Bat_V"": 3.612, ""Exti_pin_level"": ""Low"", ""Exti_status"": ""False"", ""IDC_intput_mA"": 5.715, ""IN1_pin_level"": ""Low"", ""IN2_pin_level"": ""Low"", ""Node_type"": ""PS-LB"", ""Probe_mod"": 0, ""VDC_intput_V"": 0, ""Water_deep_cm"": 21.438}"
2025-09-18 06:25:45.054779606+00:00,ps-lb-21,2,-41,9.5,"{""Bat_V"": 3.612, ""Exti_pin_level"": ""Low"", ""Exti_status"": ""False"", ""IDC_intput_mA"": 5.715, ""IN1_pin_level"": ""Low"", ""IN2_pin_level"": ""Low"", ""Node_type"": ""PS-LB"", ""Probe_mod"": 0, ""VDC_intput_V"": 0, ""Water_deep_cm"": 21.438}"
2025-09-18 06:30:59.563218725+00:00,ps-lb-21,2,-124,-9.25,"{""Bat_V"": 3.618, ""Exti_pin_level"": ""Low"", ""Exti_status"": ""False"", ""IDC_intput_mA"": 5.715, ""IN1_pin_level"": ""Low"", ""IN2_pin_level"": ""Low"", ""Node_type"": ""PS-LB"", ""Probe_mod"": 0, ""VDC_intput_V"": 0, ""Water_deep_cm"": 21.438}"
2025-09-18 06:35:59.524718855+00:00,ps-lb-21,2,-40,9.0,"{""Bat_V"": 3.612, ""Exti_pin_level"": ""Low"", ""Exti_status"": ""False"", ""IDC_intput_mA"": 5.715, ""IN1_pin_level"": ""Low"", ""IN2_pin_level"": ""Low"", ""Node_type"": ""PS-LB"", ""Probe_mod"": 0, ""VDC_intput_V"": 0, ""Water_deep_cm"": 21.438}"
2025-09-18 06:51:13.932700581+00:00,ps-lb-21,2,-123,-6.75,"{""Bat_V"": 3.612, ""Exti_pin_level"": ""Low"", ""Exti_status"": ""False"", ""IDC_intput_mA"": 5.715, ""IN1_pin_level"": ""Low"", ""IN2_pin_level"": ""Low"", ""Node_type"": ""PS-LB"", ""Probe_mod"": 0, ""VDC_intput_V"": 0, ""Water_deep_cm"": 21.438}"
2025-09-18 07:06:13.769010485+00:00,ps-lb-21,2,-41,7.25,"{""Bat_V"": 3.612, ""Exti_pin_level"": ""Low"", ""Exti_status"": ""False"", ""IDC_intput_mA"": 5.714, ""IN1_pin_level"": ""Low"", ""IN2_pin_level"": ""Low"", ""Node_type"": ""PS-LB"", ""Probe_mod"": 0, ""VDC_intput_V"": 0, ""Water_deep_cm"": 21.425}"
2025-09-18 07:21:13.618444830+00:00,ps-lb-21,2,-39,9.25,"{""Bat_V"": 3.612, ""Exti_pin_level"": ""Low"", ""Exti_status"": ""False"", ""IDC_intput_mA"": 5.715, ""IN1_pin_level"": ""Low"", ""IN2_pin_level"": ""Low"", ""Node_type"": ""PS-LB"", ""Probe_mod"": 0, ""VDC_intput_V"": 0, ""Water_deep_cm"": 21.438}"
2025-09-18 07:36:13.467499215+00:00,ps-lb-21,2,-42,9.5,"{""Bat_V"": 3.612, ""Exti_pin_level"": ""Low"", ""Exti_status"": ""False"", ""IDC_intput_mA"": 5.714, ""IN1_pin_level"": ""Low"", ""IN2_pin_level"": ""Low"", ""Node_type"": ""PS-LB"", ""Probe_mod"": 0, ""VDC_intput_V"": 0, ""Water_deep_cm"": 21.425}"
2025-09-18 07:51:13.273375884+00:00,ps-lb-21,2,-39,9.0,"{""Bat_V"": 3.612, ""Exti_pin_level"": ""Low"", ""Exti_status"": ""False"", ""IDC_intput_mA"": 5.714, ""IN1_pin_level"": ""Low"", ""IN2_pin_level"": ""Low"", ""Node_type"": ""PS-LB"", ""Probe_mod"": 0, ""VDC_intput_V"": 0, ""Water_deep_cm"": 21.425}"
2025-09-18 08:06:13.121591573+00:00,ps-lb-21,2,-44,9.5,"{""Bat_V"": 3.612, ""Exti_pin_level"": ""Low"", ""Exti_status"": ""False"", ""IDC_intput_mA"": 5.714, ""IN1_pin_level"": ""Low"", ""IN2_pin_level"": ""Low"", ""Node_type"": ""PS-LB"", ""Probe_mod"": 0, ""VDC_intput_V"": 0, ""Water_deep_cm"": 21.425}"
2025-09-18 08:21:12.967070908+00:00,ps-lb-21,2,-39,7.25,"{""Bat_V"": 3.612, ""Exti_pin_level"": ""Low"", ""Exti_status"": ""False"", ""IDC_intput_mA"": 5.714, ""IN1_pin_level"": ""Low"", ""IN2_pin_level"": ""Low"", ""Node_type"": ""PS-LB"", ""Probe_mod"": 0, ""VDC_intput_V"": 0, ""Water_deep_cm"": 21.425}"
2025-09-18 08:36:12.821897642+00:00,ps-lb-21,2,-41,9.25,"{""Bat_V"": 3.612, ""Exti_pin_level"": ""Low"", ""Exti_status"": ""False"", ""IDC_intput_mA"": 5.714, ""IN1_pin_level"": ""Low"", ""IN2_pin_level"": ""Low"", ""Node_type"": ""PS-LB"", ""Probe_mod"": 0, ""VDC_intput_V"": 0, ""Water_deep_cm"": 21.425}"
2025-09-18 08:51:12.634420219+00:00,ps-lb-21,2,-123,-7.0,"{""Bat_V"": 3.612, ""Exti_pin_level"": ""Low"", ""Exti_status"": ""False"", ""IDC_intput_mA"": 5.714, ""IN1_pin_level"": ""Low"", ""IN2_pin_level"": ""Low"", ""Node_type"": ""PS-LB"", ""Probe_mod"": 0, ""VDC_intput_V"": 0, ""Water_deep_cm"": 21.425}"
2025-09-18 09:06:12.491579834+00:00,ps-lb-21,2,-42,9.25,"{""Bat_V"": 3.612, ""Exti_pin_level"": ""Low"", ""Exti_status"": ""False"", ""IDC_intput_mA"": 5.714, ""IN1_pin_level"": ""Low"", ""IN2_pin_level"": ""Low"", ""Node_type"": ""PS-LB"", ""Probe_mod"": 0, ""VDC_intput_V"": 0, ""Water_deep_cm"": 21.425}"
2025-09-18 09:21:12.314084814+00:00,ps-lb-21,2,-44,9.75,"{""Bat_V"": 3.612, ""Exti_pin_level"": ""Low"", ""Exti_status"": ""False"", ""IDC_intput_mA"": 5.714, ""IN1_pin_level"": ""Low"", ""IN2_pin_level"": ""Low"", ""Node_type"": ""PS-LB"", ""Probe_mod"": 0, ""VDC_intput_V"": 0, ""Water_deep_cm"": 21.425}"
2025-09-18 09:36:12.167160519+00:00,ps-lb-21,2,-122,-5.25,"{""Bat_V"": 3.606, ""Exti_pin_level"": ""Low"", ""Exti_status"": ""False"", ""IDC_intput_mA"": 5.714, ""IN1_pin_level"": ""Low"", ""IN2_pin_level"": ""Low"", ""Node_type"": ""PS-LB"", ""Probe_mod"": 0, ""VDC_intput_V"": 0, ""Water_deep_cm"": 21.425}"
2025-09-18 09:51:11.984489018+00:00,ps-lb-21,2,-43,10.0,"{""Bat_V"": 3.612, ""Exti_pin_level"": ""Low"", ""Exti_status"": ""False"", ""IDC_intput_mA"": 5.714, ""IN1_pin_level"": ""Low"", ""IN2_pin_level"": ""Low"", ""Node_type"": ""PS-LB"", ""Probe_mod"": 0, ""VDC_intput_V"": 0, ""Water_deep_cm"": 21.425}"
2025-09-18 10:06:11.863545803+00:00,ps-lb-21,2,-43,10.0,"{""Bat_V"": 3.612, ""Exti_pin_level"": ""Low"", ""Exti_status"": ""False"", ""IDC_intput_mA"": 5.713, ""IN1_pin_level"": ""Low"", ""IN2_pin_level"": ""Low"", ""Node_type"": ""PS-LB"", ""Probe_mod"": 0, ""VDC_intput_V"": 0, ""Water_deep_cm"": 21.413}"
2025-09-18 10:21:11.661003834+00:00,ps-lb-21,2,-49,7.5,"{""Bat_V"": 3.606, ""Exti_pin_level"": ""Low"", ""Exti_status"": ""False"", ""IDC_intput_mA"": 5.714, ""IN1_pin_level"": ""Low"", ""IN2_pin_level"": ""Low"", ""Node_type"": ""PS-LB"", ""Probe_mod"": 0, ""VDC_intput_V"": 0, ""Water_deep_cm"": 21.425}"
2025-09-18 10:36:11.568324907+00:00,ps-lb-21,2,-43,9.75,"{""Bat_V"": 3.606, ""Exti_pin_level"": ""Low"", ""Exti_status"": ""False"", ""IDC_intput_mA"": 5.713, ""IN1_pin_level"": ""Low"", ""IN2_pin_level"": ""Low"", ""Node_type"": ""PS-LB"", ""Probe_mod"": 0, ""VDC_intput_V"": 0, ""Water_deep_cm"": 21.413}"
2025-09-18 10:37:26.088305453+00:00,ps-lb-21,2,-123,-7.0,"{""Bat_V"": 3.606, ""Exti_pin_level"": ""Low"", ""Exti_status"": ""False"", ""IDC_intput_mA"": 5.713, ""IN1_pin_level"": ""Low"", ""IN2_pin_level"": ""Low"", ""Node_type"": ""PS-LB"", ""Probe_mod"": 0, ""VDC_intput_V"": 0, ""Water_deep_cm"": 21.413}"
2025-09-18 10:38:26.081812562+00:00,ps-lb-21,2,-41,9.0,"{""Bat_V"": 3.606, ""Exti_pin_level"": ""Low"", ""Exti_status"": ""False"", ""IDC_intput_mA"": 5.714, ""IN1_pin_level"": ""Low"", ""IN2_pin_level"": ""Low"", ""Node_type"": ""PS-LB"", ""Probe_mod"": 0, ""VDC_intput_V"": 0, ""Water_deep_cm"": 21.425}"
2025-09-18 10:39:26.061244292+00:00,ps-lb-21,2,-44,9.25,"{""Bat_V"": 3.606, ""Exti_pin_level"": ""Low"", ""Exti_status"": ""False"", ""IDC_intput_mA"": 5.714, ""IN1_pin_level"": ""Low"", ""IN2_pin_level"": ""Low"", ""Node_type"": ""PS-LB"", ""Probe_mod"": 0, ""VDC_intput_V"": 0, ""Water_deep_cm"": 21.425}"
2025-09-18 10:49:40.553140888+00:00,ps-lb-21,2,-123,-7.25,"{""Bat_V"": 3.606, ""Exti_pin_level"": ""Low"", ""Exti_status"": ""False"", ""IDC_intput_mA"": 5.713, ""IN1_pin_level"": ""Low"", ""IN2_pin_level"": ""Low"", ""Node_type"": ""PS-LB"", ""Probe_mod"": 0, ""VDC_intput_V"": 0, ""Water_deep_cm"": 21.413}"
2025-09-18 10:59:40.430671294+00:00,ps-lb-21,2,-43,9.5,"{""Bat_V"": 3.606, ""Exti_pin_level"": ""Low"", ""Exti_status"": ""False"", ""IDC_intput_mA"": 5.713, ""IN1_pin_level"": ""Low"", ""IN2_pin_level"": ""Low"", ""Node_type"": ""PS-LB"", ""Probe_mod"": 0, ""VDC_intput_V"": 0, ""Water_deep_cm"": 21.413}"
2025-09-18 11:09:40.327150162+00:00,ps-lb-21,2,-44,9.5,"{""Bat_V"": 3.606, ""Exti_pin_level"": ""Low"", ""Exti_status"": ""False"", ""IDC_intput_mA"": 5.714, ""IN1_pin_level"": ""Low"", ""IN2_pin_level"": ""Low"", ""Node_type"": ""PS-LB"", ""Probe_mod"": 0, ""VDC_intput_V"": 0, ""Water_deep_cm"": 21.425}"
2025-09-18 11:19:40.213878837+00:00,ps-lb-21,2,-44,10.5,"{""Bat_V"": 3.612, ""Exti_pin_level"": ""Low"", ""Exti_status"": ""False"", ""IDC_intput_mA"": 5.713, ""IN1_pin_level"": ""Low"", ""IN2_pin_level"": ""Low"", ""Node_type"": ""PS-LB"", ""Probe_mod"": 0, ""VDC_intput_V"": 0, ""Water_deep_cm"": 21.413}"
2025-09-18 11:29:40.116817554+00:00,ps-lb-21,2,-43,9.75,"{""Bat_V"": 3.612, ""Exti_pin_level"": ""Low"", ""Exti_status"": ""False"", ""IDC_intput_mA"": 5.712, ""IN1_pin_level"": ""Low"", ""IN2_pin_level"": ""Low"", ""Node_type"": ""PS-LB"", ""Probe_mod"": 0, ""VDC_intput_V"": 0, ""Water_deep_cm"": 21.4}"
2025-09-18 11:39:40.006012308+00:00,ps-lb-21,2,-44,9.0,"{""Bat_V"": 3.606, ""Exti_pin_level"": ""Low"", ""Exti_status"": ""False"", ""IDC_intput_mA"": 5.715, ""IN1_pin_level"": ""Low"", ""IN2_pin_level"": ""Low"", ""Node_type"": ""PS-LB"", ""Probe_mod"": 0, ""VDC_intput_V"": 0, ""Water_deep_cm"": 21.438}"
2025-09-18 11:49:39.887734827+00:00,ps-lb-21,2,-42,7.25,"{""Bat_V"": 3.606, ""Exti_pin_level"": ""Low"", ""Exti_status"": ""False"", ""IDC_intput_mA"": 5.713, ""IN1_pin_level"": ""Low"", ""IN2_pin_level"": ""Low"", ""Node_type"": ""PS-LB"", ""Probe_mod"": 0, ""VDC_intput_V"": 0, ""Water_deep_cm"": 21.413}"
2025-09-18 11:59:39.786833983+00:00,ps-lb-21,2,-41,8.0,"{""Bat_V"": 3.606, ""Exti_pin_level"": ""Low"", ""Exti_status"": ""False"", ""IDC_intput_mA"": 5.712, ""IN1_pin_level"": ""Low"", ""IN2_pin_level"": ""Low"", ""Node_type"": ""PS-LB"", ""Probe_mod"": 0, ""VDC_intput_V"": 0, ""Water_deep_cm"": 21.4}"
2025-09-18 12:09:39.676078748+00:00,ps-lb-21,2,-44,7.25,"{""Bat_V"": 3.606, ""Exti_pin_level"": ""Low"", ""Exti_status"": ""False"", ""IDC_intput_mA"": 5.712, ""IN1_pin_level"": ""Low"", ""IN2_pin_level"": ""Low"", ""Node_type"": ""PS-LB"", ""Probe_mod"": 0, ""VDC_intput_V"": 0, ""Water_deep_cm"": 21.4}"
2025-09-18 12:19:39.583473949+00:00,ps-lb-21,2,-47,9.75,"{""Bat_V"": 3.606, ""Exti_pin_level"": ""Low"", ""Exti_status"": ""False"", ""IDC_intput_mA"": 5.713, ""IN1_pin_level"": ""Low"", ""IN2_pin_level"": ""Low"", ""Node_type"": ""PS-LB"", ""Probe_mod"": 0, ""VDC_intput_V"": 0, ""Water_deep_cm"": 21.413}"
2025-09-18 12:29:39.453372796+00:00,ps-lb-21,2,-45,10.0,"{""Bat_V"": 3.606, ""Exti_pin_level"": ""Low"", ""Exti_status"": ""False"", ""IDC_intput_mA"": 5.712, ""IN1_pin_level"": ""Low"", ""IN2_pin_level"": ""Low"", ""Node_type"": ""PS-LB"", ""Probe_mod"": 0, ""VDC_intput_V"": 0, ""Water_deep_cm"": 21.4}"
2025-09-18 12:39:39.351433393+00:00,ps-lb-21,2,-45,9.5,"{""Bat_V"": 3.606, ""Exti_pin_level"": ""Low"", ""Exti_status"": ""False"", ""IDC_intput_mA"": 5.712, ""IN1_pin_level"": ""Low"", ""IN2_pin_level"": ""Low"", ""Node_type"": ""PS-LB"", ""Probe_mod"": 0, ""VDC_intput_V"": 0, ""Water_deep_cm"": 21.4}"
2025-09-18 12:49:39.255384859+00:00,ps-lb-21,2,-43,8.5,"{""Bat_V"": 3.606, ""Exti_pin_level"": ""Low"", ""Exti_status"": ""False"", ""IDC_intput_mA"": 5.712, ""IN1_pin_level"": ""Low"", ""IN2_pin_level"": ""Low"", ""Node_type"": ""PS-LB"", ""Probe_mod"": 0, ""VDC_intput_V"": 0, ""Water_deep_cm"": 21.4}"
2025-09-18 12:59:39.133637514+00:00,ps-lb-21,2,-47,10.5,"{""Bat_V"": 3.606, ""Exti_pin_level"": ""Low"", ""Exti_status"": ""False"", ""IDC_intput_mA"": 5.712, ""IN1_pin_level"": ""Low"", ""IN2_pin_level"": ""Low"", ""Node_type"": ""PS-LB"", ""Probe_mod"": 0, ""VDC_intput_V"": 0, ""Water_deep_cm"": 21.4}"
2025-09-18 13:09:39.022763519+00:00,ps-lb-21,2,-45,7.75,"{""Bat_V"": 3.606, ""Exti_pin_level"": ""Low"", ""Exti_status"": ""False"", ""IDC_intput_mA"": 5.712, ""IN1_pin_level"": ""Low"", ""IN2_pin_level"": ""Low"", ""Node_type"": ""PS-LB"", ""Probe_mod"": 0, ""VDC_intput_V"": 0, ""Water_deep_cm"": 21.4}"
2025-09-18 13:19:38.913225055+00:00,ps-lb-21,2,-45,8.25,"{""Bat_V"": 3.606, ""Exti_pin_level"": ""Low"", ""Exti_status"": ""False"", ""IDC_intput_mA"": 5.712, ""IN1_pin_level"": ""Low"", ""IN2_pin_level"": ""Low"", ""Node_type"": ""PS-LB"", ""Probe_mod"": 0, ""VDC_intput_V"": 0, ""Water_deep_cm"": 21.4}"
2025-09-18 13:29:38.816189810+00:00,ps-lb-21,2,-47,8.0,"{""Bat_V"": 3.606, ""Exti_pin_level"": ""Low"", ""Exti_status"": ""False"", ""IDC_intput_mA"": 5.712, ""IN1_pin_level"": ""Low"", ""IN2_pin_level"": ""Low"", ""Node_type"": ""PS-LB"", ""Probe_mod"": 0, ""VDC_intput_V"": 0, ""Water_deep_cm"": 21.4}"
2025-09-18 13:39:38.699613770+00:00,ps-lb-21,2,-45,9.75,"{""Bat_V"": 3.606, ""Exti_pin_level"": ""Low"", ""Exti_status"": ""False"", ""IDC_intput_mA"": 5.712, ""IN1_pin_level"": ""Low"", ""IN2_pin_level"": ""Low"", ""Node_type"": ""PS-LB"", ""Probe_mod"": 0, ""VDC_intput_V"": 0, ""Water_deep_cm"": 21.4}"
2025-09-18 13:49:38.580839311+00:00,ps-lb-21,2,-44,8.75,"{""Bat_V"": 3.606, ""Exti_pin_level"": ""Low"", ""Exti_status"": ""False"", ""IDC_intput_mA"": 5.712, ""IN1_pin_level"": ""Low"", ""IN2_pin_level"": ""Low"", ""Node_type"": ""PS-LB"", ""Probe_mod"": 0, ""VDC_intput_V"": 0, ""Water_deep_cm"": 21.4}"
2025-09-18 13:59:38.500433557+00:00,ps-lb-21,2,-45,8.25,"{""Bat_V"": 3.606, ""Exti_pin_level"": ""Low"", ""Exti_status"": ""False"", ""IDC_intput_mA"": 5.712, ""IN1_pin_level"": ""Low"", ""IN2_pin_level"": ""Low"", ""Node_type"": ""PS-LB"", ""Probe_mod"": 0, ""VDC_intput_V"": 0, ""Water_deep_cm"": 21.4}"
2025-09-18 14:09:38.377880221+00:00,ps-lb-21,2,-43,8.75,"{""Bat_V"": 3.606, ""Exti_pin_level"": ""Low"", ""Exti_status"": ""False"", ""IDC_intput_mA"": 5.712, ""IN1_pin_level"": ""Low"", ""IN2_pin_level"": ""Low"", ""Node_type"": ""PS-LB"", ""Probe_mod"": 0, ""VDC_intput_V"": 0, ""Water_deep_cm"": 21.4}"
2025-09-18 14:19:38.262083730+00:00,ps-lb-21,2,-47,9.25,"{""Bat_V"": 3.606, ""Exti_pin_level"": ""Low"", ""Exti_status"": ""False"", ""IDC_intput_mA"": 5.712, ""IN1_pin_level"": ""Low"", ""IN2_pin_level"": ""Low"", ""Node_type"": ""PS-LB"", ""Probe_mod"": 0, ""VDC_intput_V"": 0, ""Water_deep_cm"": 21.4}"
2025-09-18 14:29:38.152910747+00:00,ps-lb-21,2,-44,7.5,"{""Bat_V"": 3.606, ""Exti_pin_level"": ""Low"", ""Exti_status"": ""False"", ""IDC_intput_mA"": 5.712, ""IN1_pin_level"": ""Low"", ""IN2_pin_level"": ""Low"", ""Node_type"": ""PS-LB"", ""Probe_mod"": 0, ""VDC_intput_V"": 0, ""Water_deep_cm"": 21.4}"
2025-09-18 14:39:38.040429656+00:00,ps-lb-21,2,-44,9.5,"{""Bat_V"": 3.606, ""Exti_pin_level"": ""Low"", ""Exti_status"": ""False"", ""IDC_intput_mA"": 5.712, ""IN1_pin_level"": ""Low"", ""IN2_pin_level"": ""Low"", ""Node_type"": ""PS-LB"", ""Probe_mod"": 0, ""VDC_intput_V"": 0, ""Water_deep_cm"": 21.4}"
2025-09-18 14:49:37.936132049+00:00,ps-lb-21,2,-47,9.75,"{""Bat_V"": 3.606, ""Exti_pin_level"": ""Low"", ""Exti_status"": ""False"", ""IDC_intput_mA"": 5.712, ""IN1_pin_level"": ""Low"", ""IN2_pin_level"": ""Low"", ""Node_type"": ""PS-LB"", ""Probe_mod"": 0, ""VDC_intput_V"": 0, ""Water_deep_cm"": 21.4}"
2025-09-18 14:59:37.842086260+00:00,ps-lb-21,2,-45,10.5,"{""Bat_V"": 3.6, ""Exti_pin_level"": ""Low"", ""Exti_status"": ""False"", ""IDC_intput_mA"": 5.712, ""IN1_pin_level"": ""Low"", ""IN2_pin_level"": ""Low"", ""Node_type"": ""PS-LB"", ""Probe_mod"": 0, ""VDC_intput_V"": 0, ""Water_deep_cm"": 21.4}"
2025-09-18 15:09:37.733308245+00:00,ps-lb-21,2,-47,10.25,"{""Bat_V"": 3.606, ""Exti_pin_level"": ""Low"", ""Exti_status"": ""False"", ""IDC_intput_mA"": 5.712, ""IN1_pin_level"": ""Low"", ""IN2_pin_level"": ""Low"", ""Node_type"": ""PS-LB"", ""Probe_mod"": 0, ""VDC_intput_V"": 0, ""Water_deep_cm"": 21.4}"
2025-09-18 15:19:37.645795798+00:00,ps-lb-21,2,-47,7.0,"{""Bat_V"": 3.606, ""Exti_pin_level"": ""Low"", ""Exti_status"": ""False"", ""IDC_intput_mA"": 5.712, ""IN1_pin_level"": ""Low"", ""IN2_pin_level"": ""Low"", ""Node_type"": ""PS-LB"", ""Probe_mod"": 0, ""VDC_intput_V"": 0, ""Water_deep_cm"": 21.4}"
2025-09-18 15:29:37.507076172+00:00,ps-lb-21,2,-43,9.0,"{""Bat_V"": 3.606, ""Exti_pin_level"": ""Low"", ""Exti_status"": ""False"", ""IDC_intput_mA"": 5.712, ""IN1_pin_level"": ""Low"", ""IN2_pin_level"": ""Low"", ""Node_type"": ""PS-LB"", ""Probe_mod"": 0, ""VDC_intput_V"": 0, ""Water_deep_cm"": 21.4}"
2025-09-18 15:39:37.410761982+00:00,ps-lb-21,2,-47,9.25,"{""Bat_V"": 3.606, ""Exti_pin_level"": ""Low"", ""Exti_status"": ""False"", ""IDC_intput_mA"": 5.712, ""IN1_pin_level"": ""Low"", ""IN2_pin_level"": ""Low"", ""Node_type"": ""PS-LB"", ""Probe_mod"": 0, ""VDC_intput_V"": 0, ""Water_deep_cm"": 21.4}"
2025-09-18 15:49:37.289846665+00:00,ps-lb-21,2,-47,9.0,"{""Bat_V"": 3.6, ""Exti_pin_level"": ""Low"", ""Exti_status"": ""False"", ""IDC_intput_mA"": 5.712, ""IN1_pin_level"": ""Low"", ""IN2_pin_level"": ""Low"", ""Node_type"": ""PS-LB"", ""Probe_mod"": 0, ""VDC_intput_V"": 0, ""Water_deep_cm"": 21.4}"
2025-09-18 15:59:37.200863644+00:00,ps-lb-21,2,-47,7.75,"{""Bat_V"": 3.606, ""Exti_pin_level"": ""Low"", ""Exti_status"": ""False"", ""IDC_intput_mA"": 5.712, ""IN1_pin_level"": ""Low"", ""IN2_pin_level"": ""Low"", ""Node_type"": ""PS-LB"", ""Probe_mod"": 0, ""VDC_intput_V"": 0, ""Water_deep_cm"": 21.4}"
2025-09-18 16:09:37.091384080+00:00,ps-lb-21,2,-47,8.75,"{""Bat_V"": 3.606, ""Exti_pin_level"": ""Low"", ""Exti_status"": ""False"", ""IDC_intput_mA"": 5.712, ""IN1_pin_level"": ""Low"", ""IN2_pin_level"": ""Low"", ""Node_type"": ""PS-LB"", ""Probe_mod"": 0, ""VDC_intput_V"": 0, ""Water_deep_cm"": 21.4}"
2025-09-18 16:19:36.971709112+00:00,ps-lb-21,2,-47,9.75,"{""Bat_V"": 3.6, ""Exti_pin_level"": ""Low"", ""Exti_status"": ""False"", ""IDC_intput_mA"": 5.712, ""IN1_pin_level"": ""Low"", ""IN2_pin_level"": ""Low"", ""Node_type"": ""PS-LB"", ""Probe_mod"": 0, ""VDC_intput_V"": 0, ""Water_deep_cm"": 21.4}"
2025-09-18 16:29:36.854862675+00:00,ps-lb-21,2,-50,9.5,"{""Bat_V"": 3.6, ""Exti_pin_level"": ""Low"", ""Exti_status"": ""False"", ""IDC_intput_mA"": 5.712, ""IN1_pin_level"": ""Low"", ""IN2_pin_level"": ""Low"", ""Node_type"": ""PS-LB"", ""Probe_mod"": 0, ""VDC_intput_V"": 0, ""Water_deep_cm"": 21.4}"
2025-09-18 16:39:36.768127993+00:00,ps-lb-21,2,-49,10.0,"{""Bat_V"": 3.6, ""Exti_pin_level"": ""Low"", ""Exti_status"": ""False"", ""IDC_intput_mA"": 5.712, ""IN1_pin_level"": ""Low"", ""IN2_pin_level"": ""Low"", ""Node_type"": ""PS-LB"", ""Probe_mod"": 0, ""VDC_intput_V"": 0, ""Water_deep_cm"": 21.4}"
2025-09-18 16:49:36.649179702+00:00,ps-lb-21,2,-47,9.5,"{""Bat_V"": 3.6, ""Exti_pin_level"": ""Low"", ""Exti_status"": ""False"", ""IDC_intput_mA"": 5.712, ""IN1_pin_level"": ""Low"", ""IN2_pin_level"": ""Low"", ""Node_type"": ""PS-LB"", ""Probe_mod"": 0, ""VDC_intput_V"": 0, ""Water_deep_cm"": 21.4}"
2025-09-18 16:59:36.543984112+00:00,ps-lb-21,2,-49,9.25,"{""Bat_V"": 3.6, ""Exti_pin_level"": ""Low"", ""Exti_status"": ""False"", ""IDC_intput_mA"": 5.712, ""IN1_pin_level"": ""Low"", ""IN2_pin_level"": ""Low"", ""Node_type"": ""PS-LB"", ""Probe_mod"": 0, ""VDC_intput_V"": 0, ""Water_deep_cm"": 21.4}"
2025-09-18 17:09:36.422905826+00:00,ps-lb-21,2,-47,10.25,"{""Bat_V"": 3.6, ""Exti_pin_level"": ""Low"", ""Exti_status"": ""False"", ""IDC_intput_mA"": 5.712, ""IN1_pin_level"": ""Low"", ""IN2_pin_level"": ""Low"", ""Node_type"": ""PS-LB"", ""Probe_mod"": 0, ""VDC_intput_V"": 0, ""Water_deep_cm"": 21.4}"
2025-09-18 17:19:36.321321535+00:00,ps-lb-21,2,-47,10.5,"{""Bat_V"": 3.6, ""Exti_pin_level"": ""Low"", ""Exti_status"": ""False"", ""IDC_intput_mA"": 5.712, ""IN1_pin_level"": ""Low"", ""IN2_pin_level"": ""Low"", ""Node_type"": ""PS-LB"", ""Probe_mod"": 0, ""VDC_intput_V"": 0, ""Water_deep_cm"": 21.4}"
2025-09-18 17:29:36.205459066+00:00,ps-lb-21,2,-47,7.75,"{""Bat_V"": 3.6, ""Exti_pin_level"": ""Low"", ""Exti_status"": ""False"", ""IDC_intput_mA"": 5.712, ""IN1_pin_level"": ""Low"", ""IN2_pin_level"": ""Low"", ""Node_type"": ""PS-LB"", ""Probe_mod"": 0, ""VDC_intput_V"": 0, ""Water_deep_cm"": 21.4}"
2025-09-18 17:39:36.103420398+00:00,ps-lb-21,2,-45,9.75,"{""Bat_V"": 3.6, ""Exti_pin_level"": ""Low"", ""Exti_status"": ""False"", ""IDC_intput_mA"": 5.712, ""IN1_pin_level"": ""Low"", ""IN2_pin_level"": ""Low"", ""Node_type"": ""PS-LB"", ""Probe_mod"": 0, ""VDC_intput_V"": 0, ""Water_deep_cm"": 21.4}"
2025-09-18 17:49:36.027996460+00:00,ps-lb-21,2,-45,8.75,"{""Bat_V"": 3.6, ""Exti_pin_level"": ""Low"", ""Exti_status"": ""False"", ""IDC_intput_mA"": 5.712, ""IN1_pin_level"": ""Low"", ""IN2_pin_level"": ""Low"", ""Node_type"": ""PS-LB"", ""Probe_mod"": 0, ""VDC_intput_V"": 0, ""Water_deep_cm"": 21.4}"
2025-09-18 17:59:35.893629600+00:00,ps-lb-21,2,-47,7.25,"{""Bat_V"": 3.6, ""Exti_pin_level"": ""Low"", ""Exti_status"": ""False"", ""IDC_intput_mA"": 5.712, ""IN1_pin_level"": ""Low"", ""IN2_pin_level"": ""Low"", ""Node_type"": ""PS-LB"", ""Probe_mod"": 0, ""VDC_intput_V"": 0, ""Water_deep_cm"": 21.4}"
2025-09-18 18:09:35.787689570+00:00,ps-lb-21,2,-47,9.5,"{""Bat_V"": 3.6, ""Exti_pin_level"": ""Low"", ""Exti_status"": ""False"", ""IDC_intput_mA"": 5.712, ""IN1_pin_level"": ""Low"", ""IN2_pin_level"": ""Low"", ""Node_type"": ""PS-LB"", ""Probe_mod"": 0, ""VDC_intput_V"": 0, ""Water_deep_cm"": 21.4}"
2025-09-18 18:19:35.680990293+00:00,ps-lb-21,2,-47,9.75,"{""Bat_V"": 3.6, ""Exti_pin_level"": ""Low"", ""Exti_status"": ""False"", ""IDC_intput_mA"": 5.712, ""IN1_pin_level"": ""Low"", ""IN2_pin_level"": ""Low"", ""Node_type"": ""PS-LB"", ""Probe_mod"": 0, ""VDC_intput_V"": 0, ""Water_deep_cm"": 21.4}"
2025-09-18 18:29:35.575069136+00:00,ps-lb-21,2,-47,9.5,"{""Bat_V"": 3.6, ""Exti_pin_level"": ""Low"", ""Exti_status"": ""False"", ""IDC_intput_mA"": 5.712, ""IN1_pin_level"": ""Low"", ""IN2_pin_level"": ""Low"", ""Node_type"": ""PS-LB"", ""Probe_mod"": 0, ""VDC_intput_V"": 0, ""Water_deep_cm"": 21.4}"
2025-09-18 18:39:35.459488880+00:00,ps-lb-21,2,-45,7.25,"{""Bat_V"": 3.6, ""Exti_pin_level"": ""Low"", ""Exti_status"": ""False"", ""IDC_intput_mA"": 5.712, ""IN1_pin_level"": ""Low"", ""IN2_pin_level"": ""Low"", ""Node_type"": ""PS-LB"", ""Probe_mod"": 0, ""VDC_intput_V"": 0, ""Water_deep_cm"": 21.4}"
2025-09-18 18:49:35.344526436+00:00,ps-lb-21,2,-45,5.25,"{""Bat_V"": 3.6, ""Exti_pin_level"": ""Low"", ""Exti_status"": ""False"", ""IDC_intput_mA"": 5.712, ""IN1_pin_level"": ""Low"", ""IN2_pin_level"": ""Low"", ""Node_type"": ""PS-LB"", ""Probe_mod"": 0, ""VDC_intput_V"": 0, ""Water_deep_cm"": 21.4}"
2025-09-18 18:59:35.229753165+00:00,ps-lb-21,2,-48,10.25,"{""Bat_V"": 3.594, ""Exti_pin_level"": ""Low"", ""Exti_status"": ""False"", ""IDC_intput_mA"": 5.712, ""IN1_pin_level"": ""Low"", ""IN2_pin_level"": ""Low"", ""Node_type"": ""PS-LB"", ""Probe_mod"": 0, ""VDC_intput_V"": 0, ""Water_deep_cm"": 21.4}"
2025-09-18 19:09:35.120326731+00:00,ps-lb-21,2,-47,9.0,"{""Bat_V"": 3.6, ""Exti_pin_level"": ""Low"", ""Exti_status"": ""False"", ""IDC_intput_mA"": 5.712, ""IN1_pin_level"": ""Low"", ""IN2_pin_level"": ""Low"", ""Node_type"": ""PS-LB"", ""Probe_mod"": 0, ""VDC_intput_V"": 0, ""Water_deep_cm"": 21.4}"
2025-09-18 19:19:35.017124483+00:00,ps-lb-21,2,-49,7.75,"{""Bat_V"": 3.6, ""Exti_pin_level"": ""Low"", ""Exti_status"": ""False"", ""IDC_intput_mA"": 5.712, ""IN1_pin_level"": ""Low"", ""IN2_pin_level"": ""Low"", ""Node_type"": ""PS-LB"", ""Probe_mod"": 0, ""VDC_intput_V"": 0, ""Water_deep_cm"": 21.4}"
2025-09-18 19:29:34.919261103+00:00,ps-lb-21,2,-45,8.75,"{""Bat_V"": 3.6, ""Exti_pin_level"": ""Low"", ""Exti_status"": ""False"", ""IDC_intput_mA"": 5.712, ""IN1_pin_level"": ""Low"", ""IN2_pin_level"": ""Low"", ""Node_type"": ""PS-LB"", ""Probe_mod"": 0, ""VDC_intput_V"": 0, ""Water_deep_cm"": 21.4}"
2025-09-18 19:39:34.796979038+00:00,ps-lb-21,2,-48,10.25,"{""Bat_V"": 3.6, ""Exti_pin_level"": ""Low"", ""Exti_status"": ""False"", ""IDC_intput_mA"": 5.712, ""IN1_pin_level"": ""Low"", ""IN2_pin_level"": ""Low"", ""Node_type"": ""PS-LB"", ""Probe_mod"": 0, ""VDC_intput_V"": 0, ""Water_deep_cm"": 21.4}"
2025-09-18 19:49:34.702534379+00:00,ps-lb-21,2,-49,10.25,"{""Bat_V"": 3.6, ""Exti_pin_level"": ""Low"", ""Exti_status"": ""False"", ""IDC_intput_mA"": 5.712, ""IN1_pin_level"": ""Low"", ""IN2_pin_level"": ""Low"", ""Node_type"": ""PS-LB"", ""Probe_mod"": 0, ""VDC_intput_V"": 0, ""Water_deep_cm"": 21.4}"
2025-09-18 19:59:34.601370888+00:00,ps-lb-21,2,-47,7.5,"{""Bat_V"": 3.6, ""Exti_pin_level"": ""Low"", ""Exti_status"": ""False"", ""IDC_intput_mA"": 5.712, ""IN1_pin_level"": ""Low"", ""IN2_pin_level"": ""Low"", ""Node_type"": ""PS-LB"", ""Probe_mod"": 0, ""VDC_intput_V"": 0, ""Water_deep_cm"": 21.4}"
2025-09-18 20:09:34.474113440+00:00,ps-lb-21,2,-47,7.25,"{""Bat_V"": 3.6, ""Exti_pin_level"": ""Low"", ""Exti_status"": ""False"", ""IDC_intput_mA"": 5.712, ""IN1_pin_level"": ""Low"", ""IN2_pin_level"": ""Low"", ""Node_type"": ""PS-LB"", ""Probe_mod"": 0, ""VDC_intput_V"": 0, ""Water_deep_cm"": 21.4}"
2025-09-18 20:19:34.362113407+00:00,ps-lb-21,2,-49,9.75,"{""Bat_V"": 3.6, ""Exti_pin_level"": ""Low"", ""Exti_status"": ""False"", ""IDC_intput_mA"": 5.712, ""IN1_pin_level"": ""Low"", ""IN2_pin_level"": ""Low"", ""Node_type"": ""PS-LB"", ""Probe_mod"": 0, ""VDC_intput_V"": 0, ""Water_deep_cm"": 21.4}"
2025-09-18 20:29:34.258744081+00:00,ps-lb-21,2,-47,8.75,"{""Bat_V"": 3.6, ""Exti_pin_level"": ""Low"", ""Exti_status"": ""False"", ""IDC_intput_mA"": 5.712, ""IN1_pin_level"": ""Low"", ""IN2_pin_level"": ""Low"", ""Node_type"": ""PS-LB"", ""Probe_mod"": 0, ""VDC_intput_V"": 0, ""Water_deep_cm"": 21.4}"
2025-09-18 20:39:34.146386557+00:00,ps-lb-21,2,-49,11.0,"{""Bat_V"": 3.6, ""Exti_pin_level"": ""Low"", ""Exti_status"": ""False"", ""IDC_intput_mA"": 5.712, ""IN1_pin_level"": ""Low"", ""IN2_pin_level"": ""Low"", ""Node_type"": ""PS-LB"", ""Probe_mod"": 0, ""VDC_intput_V"": 0, ""Water_deep_cm"": 21.4}"
2025-09-18 20:49:34.054009458+00:00,ps-lb-21,2,-48,9.25,"{""Bat_V"": 3.6, ""Exti_pin_level"": ""Low"", ""Exti_status"": ""False"", ""IDC_intput_mA"": 5.712, ""IN1_pin_level"": ""Low"", ""IN2_pin_level"": ""Low"", ""Node_type"": ""PS-LB"", ""Probe_mod"": 0, ""VDC_intput_V"": 0, ""Water_deep_cm"": 21.4}"
2025-09-18 20:59:33.925120977+00:00,ps-lb-21,2,-47,9.25,"{""Bat_V"": 3.6, ""Exti_pin_level"": ""Low"", ""Exti_status"": ""False"", ""IDC_intput_mA"": 5.712, ""IN1_pin_level"": ""Low"", ""IN2_pin_level"": ""Low"", ""Node_type"": ""PS-LB"", ""Probe_mod"": 0, ""VDC_intput_V"": 0, ""Water_deep_cm"": 21.4}"
2025-09-18 21:09:33.825086130+00:00,ps-lb-21,2,-49,10.75,"{""Bat_V"": 3.6, ""Exti_pin_level"": ""Low"", ""Exti_status"": ""False"", ""IDC_intput_mA"": 5.712, ""IN1_pin_level"": ""Low"", ""IN2_pin_level"": ""Low"", ""Node_type"": ""PS-LB"", ""Probe_mod"": 0, ""VDC_intput_V"": 0, ""Water_deep_cm"": 21.4}"
2025-09-18 21:19:33.735197896+00:00,ps-lb-21,2,-47,10.0,"{""Bat_V"": 3.6, ""Exti_pin_level"": ""Low"", ""Exti_status"": ""False"", ""IDC_intput_mA"": 5.712, ""IN1_pin_level"": ""Low"", ""IN2_pin_level"": ""Low"", ""Node_type"": ""PS-LB"", ""Probe_mod"": 0, ""VDC_intput_V"": 0, ""Water_deep_cm"": 21.4}"
2025-09-18 21:29:33.619911952+00:00,ps-lb-21,2,-47,9.5,"{""Bat_V"": 3.6, ""Exti_pin_level"": ""Low"", ""Exti_status"": ""False"", ""IDC_intput_mA"": 5.712, ""IN1_pin_level"": ""Low"", ""IN2_pin_level"": ""Low"", ""Node_type"": ""PS-LB"", ""Probe_mod"": 0, ""VDC_intput_V"": 0, ""Water_deep_cm"": 21.4}"
2025-09-18 21:39:33.495049400+00:00,ps-lb-21,2,-47,10.25,"{""Bat_V"": 3.594, ""Exti_pin_level"": ""Low"", ""Exti_status"": ""False"", ""IDC_intput_mA"": 5.712, ""IN1_pin_level"": ""Low"", ""IN2_pin_level"": ""Low"", ""Node_type"": ""PS-LB"", ""Probe_mod"": 0, ""VDC_intput_V"": 0, ""Water_deep_cm"": 21.4}"
2025-09-18 21:49:33.391267278+00:00,ps-lb-21,2,-48,8.75,"{""Bat_V"": 3.594, ""Exti_pin_level"": ""Low"", ""Exti_status"": ""False"", ""IDC_intput_mA"": 5.712, ""IN1_pin_level"": ""Low"", ""IN2_pin_level"": ""Low"", ""Node_type"": ""PS-LB"", ""Probe_mod"": 0, ""VDC_intput_V"": 0, ""Water_deep_cm"": 21.4}"
2025-09-18 21:59:33.290779378+00:00,ps-lb-21,2,-47,7.75,"{""Bat_V"": 3.6, ""Exti_pin_level"": ""Low"", ""Exti_status"": ""False"", ""IDC_intput_mA"": 5.712, ""IN1_pin_level"": ""Low"", ""IN2_pin_level"": ""Low"", ""Node_type"": ""PS-LB"", ""Probe_mod"": 0, ""VDC_intput_V"": 0, ""Water_deep_cm"": 21.4}"
2025-09-18 22:09:33.175735186+00:00,ps-lb-21,2,-49,9.75,"{""Bat_V"": 3.6, ""Exti_pin_level"": ""Low"", ""Exti_status"": ""False"", ""IDC_intput_mA"": 5.712, ""IN1_pin_level"": ""Low"", ""IN2_pin_level"": ""Low"", ""Node_type"": ""PS-LB"", ""Probe_mod"": 0, ""VDC_intput_V"": 0, ""Water_deep_cm"": 21.4}"
2025-09-18 22:19:33.064654643+00:00,ps-lb-21,2,-47,9.25,"{""Bat_V"": 3.6, ""Exti_pin_level"": ""Low"", ""Exti_status"": ""False"", ""IDC_intput_mA"": 5.712, ""IN1_pin_level"": ""Low"", ""IN2_pin_level"": ""Low"", ""Node_type"": ""PS-LB"", ""Probe_mod"": 0, ""VDC_intput_V"": 0, ""Water_deep_cm"": 21.4}"
2025-09-18 22:29:32.967795302+00:00,ps-lb-21,2,-49,7.5,"{""Bat_V"": 3.594, ""Exti_pin_level"": ""Low"", ""Exti_status"": ""False"", ""IDC_intput_mA"": 5.712, ""IN1_pin_level"": ""Low"", ""IN2_pin_level"": ""Low"", ""Node_type"": ""PS-LB"", ""Probe_mod"": 0, ""VDC_intput_V"": 0, ""Water_deep_cm"": 21.4}"
2025-09-18 22:39:32.852769760+00:00,ps-lb-21,2,-49,10.25,"{""Bat_V"": 3.6, ""Exti_pin_level"": ""Low"", ""Exti_status"": ""False"", ""IDC_intput_mA"": 5.712, ""IN1_pin_level"": ""Low"", ""IN2_pin_level"": ""Low"", ""Node_type"": ""PS-LB"", ""Probe_mod"": 0, ""VDC_intput_V"": 0, ""Water_deep_cm"": 21.4}"
2025-09-18 22:49:32.749017214+00:00,ps-lb-21,2,-48,9.75,"{""Bat_V"": 3.594, ""Exti_pin_level"": ""Low"", ""Exti_status"": ""False"", ""IDC_intput_mA"": 5.712, ""IN1_pin_level"": ""Low"", ""IN2_pin_level"": ""Low"", ""Node_type"": ""PS-LB"", ""Probe_mod"": 0, ""VDC_intput_V"": 0, ""Water_deep_cm"": 21.4}"
2025-09-18 22:59:32.651389201+00:00,ps-lb-21,2,-47,10.25,"{""Bat_V"": 3.594, ""Exti_pin_level"": ""Low"", ""Exti_status"": ""False"", ""IDC_intput_mA"": 5.712, ""IN1_pin_level"": ""Low"", ""IN2_pin_level"": ""Low"", ""Node_type"": ""PS-LB"", ""Probe_mod"": 0, ""VDC_intput_V"": 0, ""Water_deep_cm"": 21.4}"
2025-09-18 23:09:32.544892489+00:00,ps-lb-21,2,-48,10.0,"{""Bat_V"": 3.594, ""Exti_pin_level"": ""Low"", ""Exti_status"": ""False"", ""IDC_intput_mA"": 5.712, ""IN1_pin_level"": ""Low"", ""IN2_pin_level"": ""Low"", ""Node_type"": ""PS-LB"", ""Probe_mod"": 0, ""VDC_intput_V"": 0, ""Water_deep_cm"": 21.4}"
2025-09-18 23:19:32.433226790+00:00,ps-lb-21,2,-49,9.75,"{""Bat_V"": 3.594, ""Exti_pin_level"": ""Low"", ""Exti_status"": ""False"", ""IDC_intput_mA"": 5.712, ""IN1_pin_level"": ""Low"", ""IN2_pin_level"": ""Low"", ""Node_type"": ""PS-LB"", ""Probe_mod"": 0, ""VDC_intput_V"": 0, ""Water_deep_cm"": 21.4}"
2025-09-18 23:29:32.296246439+00:00,ps-lb-21,2,-47,11.0,"{""Bat_V"": 3.594, ""Exti_pin_level"": ""Low"", ""Exti_status"": ""False"", ""IDC_intput_mA"": 5.712, ""IN1_pin_level"": ""Low"", ""IN2_pin_level"": ""Low"", ""Node_type"": ""PS-LB"", ""Probe_mod"": 0, ""VDC_intput_V"": 0, ""Water_deep_cm"": 21.4}"
2025-09-18 23:39:32.203427445+00:00,ps-lb-21,2,-46,9.0,"{""Bat_V"": 3.594, ""Exti_pin_level"": ""Low"", ""Exti_status"": ""False"", ""IDC_intput_mA"": 5.712, ""IN1_pin_level"": ""Low"", ""IN2_pin_level"": ""Low"", ""Node_type"": ""PS-LB"", ""Probe_mod"": 0, ""VDC_intput_V"": 0, ""Water_deep_cm"": 21.4}"
2025-09-18 23:49:32.099144805+00:00,ps-lb-21,2,-47,10.75,"{""Bat_V"": 3.594, ""Exti_pin_level"": ""Low"", ""Exti_status"": ""False"", ""IDC_intput_mA"": 5.712, ""IN1_pin_level"": ""Low"", ""IN2_pin_level"": ""Low"", ""Node_type"": ""PS-LB"", ""Probe_mod"": 0, ""VDC_intput_V"": 0, ""Water_deep_cm"": 21.4}"
2025-09-18 23:59:32.000835378+00:00,ps-lb-21,2,-49,7.25,"{""Bat_V"": 3.594, ""Exti_pin_level"": ""Low"", ""Exti_status"": ""False"", ""IDC_intput_mA"": 5.712, ""IN1_pin_level"": ""Low"", ""IN2_pin_level"": ""Low"", ""Node_type"": ""PS-LB"", ""Probe_mod"": 0, ""VDC_intput_V"": 0, ""Water_deep_cm"": 21.4}"
2025-09-19 00:09:31.892472645+00:00,ps-lb-21,2,-124,-9.5,"{""Bat_V"": 3.594, ""Exti_pin_level"": ""Low"", ""Exti_status"": ""False"", ""IDC_intput_mA"": 5.712, ""IN1_pin_level"": ""Low"", ""IN2_pin_level"": ""Low"", ""Node_type"": ""PS-LB"", ""Probe_mod"": 0, ""VDC_intput_V"": 0, ""Water_deep_cm"": 21.4}"
2025-09-19 00:19:31.769948220+00:00,ps-lb-21,2,-45,8.75,"{""Bat_V"": 3.594, ""Exti_pin_level"": ""Low"", ""Exti_status"": ""False"", ""IDC_intput_mA"": 5.712, ""IN1_pin_level"": ""Low"", ""IN2_pin_level"": ""Low"", ""Node_type"": ""PS-LB"", ""Probe_mod"": 0, ""VDC_intput_V"": 0, ""Water_deep_cm"": 21.4}"
2025-09-19 00:29:31.678222875+00:00,ps-lb-21,2,-49,9.5,"{""Bat_V"": 3.594, ""Exti_pin_level"": ""Low"", ""Exti_status"": ""False"", ""IDC_intput_mA"": 5.712, ""IN1_pin_level"": ""Low"", ""IN2_pin_level"": ""Low"", ""Node_type"": ""PS-LB"", ""Probe_mod"": 0, ""VDC_intput_V"": 0, ""Water_deep_cm"": 21.4}"
2025-09-19 00:39:31.547783959+00:00,ps-lb-21,2,-49,10.25,"{""Bat_V"": 3.594, ""Exti_pin_level"": ""Low"", ""Exti_status"": ""False"", ""IDC_intput_mA"": 5.712, ""IN1_pin_level"": ""Low"", ""IN2_pin_level"": ""Low"", ""Node_type"": ""PS-LB"", ""Probe_mod"": 0, ""VDC_intput_V"": 0, ""Water_deep_cm"": 21.4}"
2025-09-19 00:49:31.449591486+00:00,ps-lb-21,2,-46,10.25,"{""Bat_V"": 3.594, ""Exti_pin_level"": ""Low"", ""Exti_status"": ""False"", ""IDC_intput_mA"": 5.712, ""IN1_pin_level"": ""Low"", ""IN2_pin_level"": ""Low"", ""Node_type"": ""PS-LB"", ""Probe_mod"": 0, ""VDC_intput_V"": 0, ""Water_deep_cm"": 21.4}"
2025-09-19 00:59:31.337349523+00:00,ps-lb-21,2,-49,9.75,"{""Bat_V"": 3.594, ""Exti_pin_level"": ""Low"", ""Exti_status"": ""False"", ""IDC_intput_mA"": 5.712, ""IN1_pin_level"": ""Low"", ""IN2_pin_level"": ""Low"", ""Node_type"": ""PS-LB"", ""Probe_mod"": 0, ""VDC_intput_V"": 0, ""Water_deep_cm"": 21.4}"
2025-09-19 01:09:31.233713110+00:00,ps-lb-21,2,-47,10.0,"{""Bat_V"": 3.594, ""Exti_pin_level"": ""Low"", ""Exti_status"": ""False"", ""IDC_intput_mA"": 5.712, ""IN1_pin_level"": ""Low"", ""IN2_pin_level"": ""Low"", ""Node_type"": ""PS-LB"", ""Probe_mod"": 0, ""VDC_intput_V"": 0, ""Water_deep_cm"": 21.4}"
2025-09-19 01:19:31.125743837+00:00,ps-lb-21,2,-45,7.75,"{""Bat_V"": 3.594, ""Exti_pin_level"": ""Low"", ""Exti_status"": ""False"", ""IDC_intput_mA"": 5.712, ""IN1_pin_level"": ""Low"", ""IN2_pin_level"": ""Low"", ""Node_type"": ""PS-LB"", ""Probe_mod"": 0, ""VDC_intput_V"": 0, ""Water_deep_cm"": 21.4}"
2025-09-19 01:29:31.007676351+00:00,ps-lb-21,2,-47,7.75,"{""Bat_V"": 3.594, ""Exti_pin_level"": ""Low"", ""Exti_status"": ""False"", ""IDC_intput_mA"": 5.712, ""IN1_pin_level"": ""Low"", ""IN2_pin_level"": ""Low"", ""Node_type"": ""PS-LB"", ""Probe_mod"": 0, ""VDC_intput_V"": 0, ""Water_deep_cm"": 21.4}"
2025-09-19 01:39:30.896354595+00:00,ps-lb-21,2,-49,10.5,"{""Bat_V"": 3.594, ""Exti_pin_level"": ""Low"", ""Exti_status"": ""False"", ""IDC_intput_mA"": 5.712, ""IN1_pin_level"": ""Low"", ""IN2_pin_level"": ""Low"", ""Node_type"": ""PS-LB"", ""Probe_mod"": 0, ""VDC_intput_V"": 0, ""Water_deep_cm"": 21.4}"
2025-09-19 01:49:30.797537515+00:00,ps-lb-21,2,-47,9.25,"{""Bat_V"": 3.594, ""Exti_pin_level"": ""Low"", ""Exti_status"": ""False"", ""IDC_intput_mA"": 5.712, ""IN1_pin_level"": ""Low"", ""IN2_pin_level"": ""Low"", ""Node_type"": ""PS-LB"", ""Probe_mod"": 0, ""VDC_intput_V"": 0, ""Water_deep_cm"": 21.4}"
2025-09-19 01:59:30.694907921+00:00,ps-lb-21,2,-47,8.0,"{""Bat_V"": 3.594, ""Exti_pin_level"": ""Low"", ""Exti_status"": ""False"", ""IDC_intput_mA"": 5.712, ""IN1_pin_level"": ""Low"", ""IN2_pin_level"": ""Low"", ""Node_type"": ""PS-LB"", ""Probe_mod"": 0, ""VDC_intput_V"": 0, ""Water_deep_cm"": 21.4}"
2025-09-19 02:09:30.581350280+00:00,ps-lb-21,2,-47,8.75,"{""Bat_V"": 3.594, ""Exti_pin_level"": ""Low"", ""Exti_status"": ""False"", ""IDC_intput_mA"": 5.712, ""IN1_pin_level"": ""Low"", ""IN2_pin_level"": ""Low"", ""Node_type"": ""PS-LB"", ""Probe_mod"": 0, ""VDC_intput_V"": 0, ""Water_deep_cm"": 21.4}"
2025-09-19 02:19:30.470206570+00:00,ps-lb-21,2,-46,10.0,"{""Bat_V"": 3.594, ""Exti_pin_level"": ""Low"", ""Exti_status"": ""False"", ""IDC_intput_mA"": 5.712, ""IN1_pin_level"": ""Low"", ""IN2_pin_level"": ""Low"", ""Node_type"": ""PS-LB"", ""Probe_mod"": 0, ""VDC_intput_V"": 0, ""Water_deep_cm"": 21.4}"
2025-09-19 02:29:30.371458223+00:00,ps-lb-21,2,-45,9.25,"{""Bat_V"": 3.594, ""Exti_pin_level"": ""Low"", ""Exti_status"": ""False"", ""IDC_intput_mA"": 5.711, ""IN1_pin_level"": ""Low"", ""IN2_pin_level"": ""Low"", ""Node_type"": ""PS-LB"", ""Probe_mod"": 0, ""VDC_intput_V"": 0, ""Water_deep_cm"": 21.388}"
2025-09-19 02:39:30.251491374+00:00,ps-lb-21,2,-47,9.5,"{""Bat_V"": 3.588, ""Exti_pin_level"": ""Low"", ""Exti_status"": ""False"", ""IDC_intput_mA"": 5.712, ""IN1_pin_level"": ""Low"", ""IN2_pin_level"": ""Low"", ""Node_type"": ""PS-LB"", ""Probe_mod"": 0, ""VDC_intput_V"": 0, ""Water_deep_cm"": 21.4}"
2025-09-19 02:49:30.151560602+00:00,ps-lb-21,2,-49,7.25,"{""Bat_V"": 3.594, ""Exti_pin_level"": ""Low"", ""Exti_status"": ""False"", ""IDC_intput_mA"": 5.711, ""IN1_pin_level"": ""Low"", ""IN2_pin_level"": ""Low"", ""Node_type"": ""PS-LB"", ""Probe_mod"": 0, ""VDC_intput_V"": 0, ""Water_deep_cm"": 21.388}"
2025-09-19 02:59:30.042804718+00:00,ps-lb-21,2,-49,9.25,"{""Bat_V"": 3.594, ""Exti_pin_level"": ""Low"", ""Exti_status"": ""False"", ""IDC_intput_mA"": 5.712, ""IN1_pin_level"": ""Low"", ""IN2_pin_level"": ""Low"", ""Node_type"": ""PS-LB"", ""Probe_mod"": 0, ""VDC_intput_V"": 0, ""Water_deep_cm"": 21.4}"
2025-09-19 03:09:29.928064191+00:00,ps-lb-21,2,-124,-7.5,"{""Bat_V"": 3.594, ""Exti_pin_level"": ""Low"", ""Exti_status"": ""False"", ""IDC_intput_mA"": 5.712, ""IN1_pin_level"": ""Low"", ""IN2_pin_level"": ""Low"", ""Node_type"": ""PS-LB"", ""Probe_mod"": 0, ""VDC_intput_V"": 0, ""Water_deep_cm"": 21.4}"
2025-09-19 03:19:29.825501805+00:00,ps-lb-21,2,-43,7.25,"{""Bat_V"": 3.594, ""Exti_pin_level"": ""Low"", ""Exti_status"": ""False"", ""IDC_intput_mA"": 5.712, ""IN1_pin_level"": ""Low"", ""IN2_pin_level"": ""Low"", ""Node_type"": ""PS-LB"", ""Probe_mod"": 0, ""VDC_intput_V"": 0, ""Water_deep_cm"": 21.4}"
2025-09-19 03:29:29.715180607+00:00,ps-lb-21,2,-47,9.5,"{""Bat_V"": 3.594, ""Exti_pin_level"": ""Low"", ""Exti_status"": ""False"", ""IDC_intput_mA"": 5.711, ""IN1_pin_level"": ""Low"", ""IN2_pin_level"": ""Low"", ""Node_type"": ""PS-LB"", ""Probe_mod"": 0, ""VDC_intput_V"": 0, ""Water_deep_cm"": 21.388}"
2025-09-19 03:39:29.595097392+00:00,ps-lb-21,2,-125,-10.25,"{""Bat_V"": 3.594, ""Exti_pin_level"": ""Low"", ""Exti_status"": ""False"", ""IDC_intput_mA"": 5.711, ""IN1_pin_level"": ""Low"", ""IN2_pin_level"": ""Low"", ""Node_type"": ""PS-LB"", ""Probe_mod"": 0, ""VDC_intput_V"": 0, ""Water_deep_cm"": 21.388}"
2025-09-19 03:49:29.505233813+00:00,ps-lb-21,2,-47,10.0,"{""Bat_V"": 3.588, ""Exti_pin_level"": ""Low"", ""Exti_status"": ""False"", ""IDC_intput_mA"": 5.711, ""IN1_pin_level"": ""Low"", ""IN2_pin_level"": ""Low"", ""Node_type"": ""PS-LB"", ""Probe_mod"": 0, ""VDC_intput_V"": 0, ""Water_deep_cm"": 21.388}"
2025-09-19 03:59:29.405600991+00:00,ps-lb-21,2,-49,10.25,"{""Bat_V"": 3.588, ""Exti_pin_level"": ""Low"", ""Exti_status"": ""False"", ""IDC_intput_mA"": 5.711, ""IN1_pin_level"": ""Low"", ""IN2_pin_level"": ""Low"", ""Node_type"": ""PS-LB"", ""Probe_mod"": 0, ""VDC_intput_V"": 0, ""Water_deep_cm"": 21.388}"
2025-09-19 04:09:29.290517714+00:00,ps-lb-21,2,-49,8.0,"{""Bat_V"": 3.594, ""Exti_pin_level"": ""Low"", ""Exti_status"": ""False"", ""IDC_intput_mA"": 5.711, ""IN1_pin_level"": ""Low"", ""IN2_pin_level"": ""Low"", ""Node_type"": ""PS-LB"", ""Probe_mod"": 0, ""VDC_intput_V"": 0, ""Water_deep_cm"": 21.388}"
2025-09-19 04:19:29.190294394+00:00,ps-lb-21,2,-48,9.5,"{""Bat_V"": 3.594, ""Exti_pin_level"": ""Low"", ""Exti_status"": ""False"", ""IDC_intput_mA"": 5.711, ""IN1_pin_level"": ""Low"", ""IN2_pin_level"": ""Low"", ""Node_type"": ""PS-LB"", ""Probe_mod"": 0, ""VDC_intput_V"": 0, ""Water_deep_cm"": 21.388}"
2025-09-19 04:29:29.079636096+00:00,ps-lb-21,2,-46,9.5,"{""Bat_V"": 3.594, ""Exti_pin_level"": ""Low"", ""Exti_status"": ""False"", ""IDC_intput_mA"": 5.711, ""IN1_pin_level"": ""Low"", ""IN2_pin_level"": ""Low"", ""Node_type"": ""PS-LB"", ""Probe_mod"": 0, ""VDC_intput_V"": 0, ""Water_deep_cm"": 21.388}"
2025-09-19 04:39:28.957202380+00:00,ps-lb-21,2,-47,8.0,"{""Bat_V"": 3.588, ""Exti_pin_level"": ""Low"", ""Exti_status"": ""False"", ""IDC_intput_mA"": 5.71, ""IN1_pin_level"": ""Low"", ""IN2_pin_level"": ""Low"", ""Node_type"": ""PS-LB"", ""Probe_mod"": 0, ""VDC_intput_V"": 0, ""Water_deep_cm"": 21.375}"
2025-09-19 04:49:28.860662193+00:00,ps-lb-21,2,-48,9.25,"{""Bat_V"": 3.594, ""Exti_pin_level"": ""Low"", ""Exti_status"": ""False"", ""IDC_intput_mA"": 5.711, ""IN1_pin_level"": ""Low"", ""IN2_pin_level"": ""Low"", ""Node_type"": ""PS-LB"", ""Probe_mod"": 0, ""VDC_intput_V"": 0, ""Water_deep_cm"": 21.388}"
2025-09-19 04:59:28.760749972+00:00,ps-lb-21,2,-48,8.75,"{""Bat_V"": 3.594, ""Exti_pin_level"": ""Low"", ""Exti_status"": ""False"", ""IDC_intput_mA"": 5.711, ""IN1_pin_level"": ""Low"", ""IN2_pin_level"": ""Low"", ""Node_type"": ""PS-LB"", ""Probe_mod"": 0, ""VDC_intput_V"": 0, ""Water_deep_cm"": 21.388}"
2025-09-19 05:09:28.640192655+00:00,ps-lb-21,2,-118,-7.0,"{""Bat_V"": 3.594, ""Exti_pin_level"": ""Low"", ""Exti_status"": ""False"", ""IDC_intput_mA"": 5.711, ""IN1_pin_level"": ""Low"", ""IN2_pin_level"": ""Low"", ""Node_type"": ""PS-LB"", ""Probe_mod"": 0, ""VDC_intput_V"": 0, ""Water_deep_cm"": 21.388}"
2025-09-19 05:19:28.532922947+00:00,ps-lb-21,2,-33,10.0,"{""Bat_V"": 3.594, ""Exti_pin_level"": ""Low"", ""Exti_status"": ""False"", ""IDC_intput_mA"": 5.71, ""IN1_pin_level"": ""Low"", ""IN2_pin_level"": ""Low"", ""Node_type"": ""PS-LB"", ""Probe_mod"": 0, ""VDC_intput_V"": 0, ""Water_deep_cm"": 21.375}"
2025-09-19 05:29:28.423284198+00:00,ps-lb-21,2,-35,10.0,"{""Bat_V"": 3.588, ""Exti_pin_level"": ""Low"", ""Exti_status"": ""False"", ""IDC_intput_mA"": 5.71, ""IN1_pin_level"": ""Low"", ""IN2_pin_level"": ""Low"", ""Node_type"": ""PS-LB"", ""Probe_mod"": 0, ""VDC_intput_V"": 0, ""Water_deep_cm"": 21.375}"
2025-09-19 05:39:28.311228062+00:00,ps-lb-21,2,-35,9.5,"{""Bat_V"": 3.588, ""Exti_pin_level"": ""Low"", ""Exti_status"": ""False"", ""IDC_intput_mA"": 5.71, ""IN1_pin_level"": ""Low"", ""IN2_pin_level"": ""Low"", ""Node_type"": ""PS-LB"", ""Probe_mod"": 0, ""VDC_intput_V"": 0, ""Water_deep_cm"": 21.375}"
2025-09-19 05:49:28.200741968+00:00,ps-lb-21,2,-37,11.25,"{""Bat_V"": 3.594, ""Exti_pin_level"": ""Low"", ""Exti_status"": ""False"", ""IDC_intput_mA"": 5.71, ""IN1_pin_level"": ""Low"", ""IN2_pin_level"": ""Low"", ""Node_type"": ""PS-LB"", ""Probe_mod"": 0, ""VDC_intput_V"": 0, ""Water_deep_cm"": 21.375}"
2025-09-19 05:59:28.081791651+00:00,ps-lb-21,2,-35,10.0,"{""Bat_V"": 3.588, ""Exti_pin_level"": ""Low"", ""Exti_status"": ""False"", ""IDC_intput_mA"": 5.71, ""IN1_pin_level"": ""Low"", ""IN2_pin_level"": ""Low"", ""Node_type"": ""PS-LB"", ""Probe_mod"": 0, ""VDC_intput_V"": 0, ""Water_deep_cm"": 21.375}"
2025-09-19 06:09:27.991974933+00:00,ps-lb-21,2,-35,9.75,"{""Bat_V"": 3.588, ""Exti_pin_level"": ""Low"", ""Exti_status"": ""False"", ""IDC_intput_mA"": 5.71, ""IN1_pin_level"": ""Low"", ""IN2_pin_level"": ""Low"", ""Node_type"": ""PS-LB"", ""Probe_mod"": 0, ""VDC_intput_V"": 0, ""Water_deep_cm"": 21.375}"
2025-09-19 06:19:27.883288066+00:00,ps-lb-21,2,-35,9.75,"{""Bat_V"": 3.588, ""Exti_pin_level"": ""Low"", ""Exti_status"": ""False"", ""IDC_intput_mA"": 5.71, ""IN1_pin_level"": ""Low"", ""IN2_pin_level"": ""Low"", ""Node_type"": ""PS-LB"", ""Probe_mod"": 0, ""VDC_intput_V"": 0, ""Water_deep_cm"": 21.375}"
2025-09-19 06:29:27.766166465+00:00,ps-lb-21,2,-32,9.5,"{""Bat_V"": 3.588, ""Exti_pin_level"": ""Low"", ""Exti_status"": ""False"", ""IDC_intput_mA"": 5.71, ""IN1_pin_level"": ""Low"", ""IN2_pin_level"": ""Low"", ""Node_type"": ""PS-LB"", ""Probe_mod"": 0, ""VDC_intput_V"": 0, ""Water_deep_cm"": 21.375}"
2025-09-19 06:39:27.658361232+00:00,ps-lb-21,2,-32,9.5,"{""Bat_V"": 3.588, ""Exti_pin_level"": ""Low"", ""Exti_status"": ""False"", ""IDC_intput_mA"": 5.71, ""IN1_pin_level"": ""Low"", ""IN2_pin_level"": ""Low"", ""Node_type"": ""PS-LB"", ""Probe_mod"": 0, ""VDC_intput_V"": 0, ""Water_deep_cm"": 21.375}"
2025-09-19 06:49:27.547672741+00:00,ps-lb-21,2,-35,8.0,"{""Bat_V"": 3.588, ""Exti_pin_level"": ""Low"", ""Exti_status"": ""False"", ""IDC_intput_mA"": 5.71, ""IN1_pin_level"": ""Low"", ""IN2_pin_level"": ""Low"", ""Node_type"": ""PS-LB"", ""Probe_mod"": 0, ""VDC_intput_V"": 0, ""Water_deep_cm"": 21.375}"
2025-09-19 06:59:27.422445733+00:00,ps-lb-21,2,-37,10.0,"{""Bat_V"": 3.588, ""Exti_pin_level"": ""Low"", ""Exti_status"": ""False"", ""IDC_intput_mA"": 5.71, ""IN1_pin_level"": ""Low"", ""IN2_pin_level"": ""Low"", ""Node_type"": ""PS-LB"", ""Probe_mod"": 0, ""VDC_intput_V"": 0, ""Water_deep_cm"": 21.375}"
2025-09-19 07:09:27.332757900+00:00,ps-lb-21,2,-33,9.0,"{""Bat_V"": 3.588, ""Exti_pin_level"": ""Low"", ""Exti_status"": ""False"", ""IDC_intput_mA"": 5.71, ""IN1_pin_level"": ""Low"", ""IN2_pin_level"": ""Low"", ""Node_type"": ""PS-LB"", ""Probe_mod"": 0, ""VDC_intput_V"": 0, ""Water_deep_cm"": 21.375}"
2025-09-19 07:19:27.235067985+00:00,ps-lb-21,2,-32,9.0,"{""Bat_V"": 3.588, ""Exti_pin_level"": ""Low"", ""Exti_status"": ""False"", ""IDC_intput_mA"": 5.71, ""IN1_pin_level"": ""Low"", ""IN2_pin_level"": ""Low"", ""Node_type"": ""PS-LB"", ""Probe_mod"": 0, ""VDC_intput_V"": 0, ""Water_deep_cm"": 21.375}"
2025-09-19 07:29:27.145037605+00:00,ps-lb-21,2,-118,-6.25,"{""Bat_V"": 3.594, ""Exti_pin_level"": ""Low"", ""Exti_status"": ""False"", ""IDC_intput_mA"": 5.71, ""IN1_pin_level"": ""Low"", ""IN2_pin_level"": ""Low"", ""Node_type"": ""PS-LB"", ""Probe_mod"": 0, ""VDC_intput_V"": 0, ""Water_deep_cm"": 21.375}"
2025-09-19 07:39:27.028699846+00:00,ps-lb-21,2,-32,9.25,"{""Bat_V"": 3.588, ""Exti_pin_level"": ""Low"", ""Exti_status"": ""False"", ""IDC_intput_mA"": 5.71, ""IN1_pin_level"": ""Low"", ""IN2_pin_level"": ""Low"", ""Node_type"": ""PS-LB"", ""Probe_mod"": 0, ""VDC_intput_V"": 0, ""Water_deep_cm"": 21.375}"
2025-09-19 07:49:26.909259562+00:00,ps-lb-21,2,-32,7.25,"{""Bat_V"": 3.588, ""Exti_pin_level"": ""Low"", ""Exti_status"": ""False"", ""IDC_intput_mA"": 5.71, ""IN1_pin_level"": ""Low"", ""IN2_pin_level"": ""Low"", ""Node_type"": ""PS-LB"", ""Probe_mod"": 0, ""VDC_intput_V"": 0, ""Water_deep_cm"": 21.375}"
2025-09-19 07:59:26.795200406+00:00,ps-lb-21,2,-32,7.5,"{""Bat_V"": 3.588, ""Exti_pin_level"": ""Low"", ""Exti_status"": ""False"", ""IDC_intput_mA"": 5.71, ""IN1_pin_level"": ""Low"", ""IN2_pin_level"": ""Low"", ""Node_type"": ""PS-LB"", ""Probe_mod"": 0, ""VDC_intput_V"": 0, ""Water_deep_cm"": 21.375}"
2025-09-19 08:09:26.696544884+00:00,ps-lb-21,2,-37,10.25,"{""Bat_V"": 3.588, ""Exti_pin_level"": ""Low"", ""Exti_status"": ""False"", ""IDC_intput_mA"": 5.71, ""IN1_pin_level"": ""Low"", ""IN2_pin_level"": ""Low"", ""Node_type"": ""PS-LB"", ""Probe_mod"": 0, ""VDC_intput_V"": 0, ""Water_deep_cm"": 21.375}"
2025-09-19 08:19:26.594678421+00:00,ps-lb-21,2,-35,9.5,"{""Bat_V"": 3.588, ""Exti_pin_level"": ""Low"", ""Exti_status"": ""False"", ""IDC_intput_mA"": 5.71, ""IN1_pin_level"": ""Low"", ""IN2_pin_level"": ""Low"", ""Node_type"": ""PS-LB"", ""Probe_mod"": 0, ""VDC_intput_V"": 0, ""Water_deep_cm"": 21.375}"
2025-09-19 08:29:26.463758849+00:00,ps-lb-21,2,-33,9.25,"{""Bat_V"": 3.588, ""Exti_pin_level"": ""Low"", ""Exti_status"": ""False"", ""IDC_intput_mA"": 5.71, ""IN1_pin_level"": ""Low"", ""IN2_pin_level"": ""Low"", ""Node_type"": ""PS-LB"", ""Probe_mod"": 0, ""VDC_intput_V"": 0, ""Water_deep_cm"": 21.375}"
2025-09-19 08:39:26.364314326+00:00,ps-lb-21,2,-33,7.75,"{""Bat_V"": 3.588, ""Exti_pin_level"": ""Low"", ""Exti_status"": ""False"", ""IDC_intput_mA"": 5.709, ""IN1_pin_level"": ""Low"", ""IN2_pin_level"": ""Low"", ""Node_type"": ""PS-LB"", ""Probe_mod"": 0, ""VDC_intput_V"": 0, ""Water_deep_cm"": 21.362}"
2025-09-19 08:49:26.246227624+00:00,ps-lb-21,2,-119,-3.0,"{""Bat_V"": 3.588, ""Exti_pin_level"": ""Low"", ""Exti_status"": ""False"", ""IDC_intput_mA"": 5.71, ""IN1_pin_level"": ""Low"", ""IN2_pin_level"": ""Low"", ""Node_type"": ""PS-LB"", ""Probe_mod"": 0, ""VDC_intput_V"": 0, ""Water_deep_cm"": 21.375}"
2025-09-19 08:59:26.141031248+00:00,ps-lb-21,2,-35,9.25,"{""Bat_V"": 3.588, ""Exti_pin_level"": ""Low"", ""Exti_status"": ""False"", ""IDC_intput_mA"": 5.709, ""IN1_pin_level"": ""Low"", ""IN2_pin_level"": ""Low"", ""Node_type"": ""PS-LB"", ""Probe_mod"": 0, ""VDC_intput_V"": 0, ""Water_deep_cm"": 21.362}"
2025-09-19 09:09:26.042749510+00:00,ps-lb-21,2,-33,10.0,"{""Bat_V"": 3.588, ""Exti_pin_level"": ""Low"", ""Exti_status"": ""False"", ""IDC_intput_mA"": 5.709, ""IN1_pin_level"": ""Low"", ""IN2_pin_level"": ""Low"", ""Node_type"": ""PS-LB"", ""Probe_mod"": 0, ""VDC_intput_V"": 0, ""Water_deep_cm"": 21.362}"
2025-09-19 09:19:25.953794119+00:00,ps-lb-21,2,-33,9.5,"{""Bat_V"": 3.588, ""Exti_pin_level"": ""Low"", ""Exti_status"": ""False"", ""IDC_intput_mA"": 5.71, ""IN1_pin_level"": ""Low"", ""IN2_pin_level"": ""Low"", ""Node_type"": ""PS-LB"", ""Probe_mod"": 0, ""VDC_intput_V"": 0, ""Water_deep_cm"": 21.375}"
2025-09-19 09:29:25.822641714+00:00,ps-lb-21,2,-35,7.5,"{""Bat_V"": 3.588, ""Exti_pin_level"": ""Low"", ""Exti_status"": ""False"", ""IDC_intput_mA"": 5.71, ""IN1_pin_level"": ""Low"", ""IN2_pin_level"": ""Low"", ""Node_type"": ""PS-LB"", ""Probe_mod"": 0, ""VDC_intput_V"": 0, ""Water_deep_cm"": 21.375}"
2025-09-19 09:39:25.707602476+00:00,ps-lb-21,2,-35,9.75,"{""Bat_V"": 3.588, ""Exti_pin_level"": ""Low"", ""Exti_status"": ""False"", ""IDC_intput_mA"": 5.709, ""IN1_pin_level"": ""Low"", ""IN2_pin_level"": ""Low"", ""Node_type"": ""PS-LB"", ""Probe_mod"": 0, ""VDC_intput_V"": 0, ""Water_deep_cm"": 21.362}"
2025-09-19 09:49:25.592273832+00:00,ps-lb-21,2,-35,9.75,"{""Bat_V"": 3.588, ""Exti_pin_level"": ""Low"", ""Exti_status"": ""False"", ""IDC_intput_mA"": 5.709, ""IN1_pin_level"": ""Low"", ""IN2_pin_level"": ""Low"", ""Node_type"": ""PS-LB"", ""Probe_mod"": 0, ""VDC_intput_V"": 0, ""Water_deep_cm"": 21.362}"
2025-09-19 09:59:25.502632108+00:00,ps-lb-21,2,-35,10.25,"{""Bat_V"": 3.588, ""Exti_pin_level"": ""Low"", ""Exti_status"": ""False"", ""IDC_intput_mA"": 5.71, ""IN1_pin_level"": ""Low"", ""IN2_pin_level"": ""Low"", ""Node_type"": ""PS-LB"", ""Probe_mod"": 0, ""VDC_intput_V"": 0, ""Water_deep_cm"": 21.375}"
2025-09-19 10:09:25.390645270+00:00,ps-lb-21,2,-118,-5.25,"{""Bat_V"": 3.588, ""Exti_pin_level"": ""Low"", ""Exti_status"": ""False"", ""IDC_intput_mA"": 5.71, ""IN1_pin_level"": ""Low"", ""IN2_pin_level"": ""Low"", ""Node_type"": ""PS-LB"", ""Probe_mod"": 0, ""VDC_intput_V"": 0, ""Water_deep_cm"": 21.375}"
2025-09-19 10:19:25.277926811+00:00,ps-lb-21,2,-35,9.0,"{""Bat_V"": 3.588, ""Exti_pin_level"": ""Low"", ""Exti_status"": ""False"", ""IDC_intput_mA"": 5.71, ""IN1_pin_level"": ""Low"", ""IN2_pin_level"": ""Low"", ""Node_type"": ""PS-LB"", ""Probe_mod"": 0, ""VDC_intput_V"": 0, ""Water_deep_cm"": 21.375}"
2025-09-19 10:29:25.180273680+00:00,ps-lb-21,2,-33,7.25,"{""Bat_V"": 3.588, ""Exti_pin_level"": ""Low"", ""Exti_status"": ""False"", ""IDC_intput_mA"": 5.709, ""IN1_pin_level"": ""Low"", ""IN2_pin_level"": ""Low"", ""Node_type"": ""PS-LB"", ""Probe_mod"": 0, ""VDC_intput_V"": 0, ""Water_deep_cm"": 21.362}"
2025-09-19 10:39:25.053317726+00:00,ps-lb-21,2,-117,-1.75,"{""Bat_V"": 3.588, ""Exti_pin_level"": ""Low"", ""Exti_status"": ""False"", ""IDC_intput_mA"": 5.709, ""IN1_pin_level"": ""Low"", ""IN2_pin_level"": ""Low"", ""Node_type"": ""PS-LB"", ""Probe_mod"": 0, ""VDC_intput_V"": 0, ""Water_deep_cm"": 21.362}"
2025-09-19 10:49:24.956629691+00:00,ps-lb-21,2,-33,7.25,"{""Bat_V"": 3.588, ""Exti_pin_level"": ""Low"", ""Exti_status"": ""False"", ""IDC_intput_mA"": 5.71, ""IN1_pin_level"": ""Low"", ""IN2_pin_level"": ""Low"", ""Node_type"": ""PS-LB"", ""Probe_mod"": 0, ""VDC_intput_V"": 0, ""Water_deep_cm"": 21.375}"
2025-09-19 10:59:24.826790253+00:00,ps-lb-21,2,-35,9.75,"{""Bat_V"": 3.588, ""Exti_pin_level"": ""Low"", ""Exti_status"": ""False"", ""IDC_intput_mA"": 5.71, ""IN1_pin_level"": ""Low"", ""IN2_pin_level"": ""Low"", ""Node_type"": ""PS-LB"", ""Probe_mod"": 0, ""VDC_intput_V"": 0, ""Water_deep_cm"": 21.375}"
2025-09-19 11:09:24.742156086+00:00,ps-lb-21,2,-111,5.0,"{""Bat_V"": 3.588, ""Exti_pin_level"": ""Low"", ""Exti_status"": ""False"", ""IDC_intput_mA"": 5.709, ""IN1_pin_level"": ""Low"", ""IN2_pin_level"": ""Low"", ""Node_type"": ""PS-LB"", ""Probe_mod"": 0, ""VDC_intput_V"": 0, ""Water_deep_cm"": 21.362}"
2025-09-19 11:19:24.623398821+00:00,ps-lb-21,2,-115,-0.25,"{""Bat_V"": 3.588, ""Exti_pin_level"": ""Low"", ""Exti_status"": ""False"", ""IDC_intput_mA"": 5.709, ""IN1_pin_level"": ""Low"", ""IN2_pin_level"": ""Low"", ""Node_type"": ""PS-LB"", ""Probe_mod"": 0, ""VDC_intput_V"": 0, ""Water_deep_cm"": 21.362}"
2025-09-19 11:29:24.518326783+00:00,ps-lb-21,2,-33,9.0,"{""Bat_V"": 3.588, ""Exti_pin_level"": ""Low"", ""Exti_status"": ""False"", ""IDC_intput_mA"": 5.709, ""IN1_pin_level"": ""Low"", ""IN2_pin_level"": ""Low"", ""Node_type"": ""PS-LB"", ""Probe_mod"": 0, ""VDC_intput_V"": 0, ""Water_deep_cm"": 21.362}"
2025-09-19 11:39:24.402273908+00:00,ps-lb-21,2,-115,-2.25,"{""Bat_V"": 3.588, ""Exti_pin_level"": ""Low"", ""Exti_status"": ""False"", ""IDC_intput_mA"": 5.709, ""IN1_pin_level"": ""Low"", ""IN2_pin_level"": ""Low"", ""Node_type"": ""PS-LB"", ""Probe_mod"": 0, ""VDC_intput_V"": 0, ""Water_deep_cm"": 21.362}"
2025-09-19 11:49:24.294134682+00:00,ps-lb-21,2,-32,6.75,"{""Bat_V"": 3.582, ""Exti_pin_level"": ""Low"", ""Exti_status"": ""False"", ""IDC_intput_mA"": 5.71, ""IN1_pin_level"": ""Low"", ""IN2_pin_level"": ""Low"", ""Node_type"": ""PS-LB"", ""Probe_mod"": 0, ""VDC_intput_V"": 0, ""Water_deep_cm"": 21.375}"
2025-09-19 11:59:24.187451823+00:00,ps-lb-21,2,-33,9.75,"{""Bat_V"": 3.588, ""Exti_pin_level"": ""Low"", ""Exti_status"": ""False"", ""IDC_intput_mA"": 5.709, ""IN1_pin_level"": ""Low"", ""IN2_pin_level"": ""Low"", ""Node_type"": ""PS-LB"", ""Probe_mod"": 0, ""VDC_intput_V"": 0, ""Water_deep_cm"": 21.362}"
2025-09-19 12:09:24.080164827+00:00,ps-lb-21,2,-33,10.0,"{""Bat_V"": 3.588, ""Exti_pin_level"": ""Low"", ""Exti_status"": ""False"", ""IDC_intput_mA"": 5.709, ""IN1_pin_level"": ""Low"", ""IN2_pin_level"": ""Low"", ""Node_type"": ""PS-LB"", ""Probe_mod"": 0, ""VDC_intput_V"": 0, ""Water_deep_cm"": 21.362}"
2025-09-19 12:19:23.969278035+00:00,ps-lb-21,2,-33,9.75,"{""Bat_V"": 3.588, ""Exti_pin_level"": ""Low"", ""Exti_status"": ""False"", ""IDC_intput_mA"": 5.709, ""IN1_pin_level"": ""Low"", ""IN2_pin_level"": ""Low"", ""Node_type"": ""PS-LB"", ""Probe_mod"": 0, ""VDC_intput_V"": 0, ""Water_deep_cm"": 21.362}"
2025-09-19 12:29:23.850029382+00:00,ps-lb-21,2,-32,10.0,"{""Bat_V"": 3.588, ""Exti_pin_level"": ""Low"", ""Exti_status"": ""False"", ""IDC_intput_mA"": 5.709, ""IN1_pin_level"": ""Low"", ""IN2_pin_level"": ""Low"", ""Node_type"": ""PS-LB"", ""Probe_mod"": 0, ""VDC_intput_V"": 0, ""Water_deep_cm"": 21.362}"
2025-09-19 12:39:23.767244765+00:00,ps-lb-21,2,-32,9.25,"{""Bat_V"": 3.588, ""Exti_pin_level"": ""Low"", ""Exti_status"": ""False"", ""IDC_intput_mA"": 5.708, ""IN1_pin_level"": ""Low"", ""IN2_pin_level"": ""Low"", ""Node_type"": ""PS-LB"", ""Probe_mod"": 0, ""VDC_intput_V"": 0, ""Water_deep_cm"": 21.35}"
2025-09-19 12:49:23.636447207+00:00,ps-lb-21,2,-32,9.25,"{""Bat_V"": 3.588, ""Exti_pin_level"": ""Low"", ""Exti_status"": ""False"", ""IDC_intput_mA"": 5.709, ""IN1_pin_level"": ""Low"", ""IN2_pin_level"": ""Low"", ""Node_type"": ""PS-LB"", ""Probe_mod"": 0, ""VDC_intput_V"": 0, ""Water_deep_cm"": 21.362}"
2025-09-19 12:59:23.536534564+00:00,ps-lb-21,2,-35,9.75,"{""Bat_V"": 3.588, ""Exti_pin_level"": ""Low"", ""Exti_status"": ""False"", ""IDC_intput_mA"": 5.709, ""IN1_pin_level"": ""Low"", ""IN2_pin_level"": ""Low"", ""Node_type"": ""PS-LB"", ""Probe_mod"": 0, ""VDC_intput_V"": 0, ""Water_deep_cm"": 21.362}"
2025-09-19 13:09:23.424061676+00:00,ps-lb-21,2,-33,10.5,"{""Bat_V"": 3.582, ""Exti_pin_level"": ""Low"", ""Exti_status"": ""False"", ""IDC_intput_mA"": 5.709, ""IN1_pin_level"": ""Low"", ""IN2_pin_level"": ""Low"", ""Node_type"": ""PS-LB"", ""Probe_mod"": 0, ""VDC_intput_V"": 0, ""Water_deep_cm"": 21.362}"
2025-09-19 13:19:23.312404962+00:00,ps-lb-21,2,-120,-5.25,"{""Bat_V"": 3.588, ""Exti_pin_level"": ""Low"", ""Exti_status"": ""False"", ""IDC_intput_mA"": 5.709, ""IN1_pin_level"": ""Low"", ""IN2_pin_level"": ""Low"", ""Node_type"": ""PS-LB"", ""Probe_mod"": 0, ""VDC_intput_V"": 0, ""Water_deep_cm"": 21.362}"
2025-09-19 13:29:23.223885539+00:00,ps-lb-21,2,-119,-4.5,"{""Bat_V"": 3.582, ""Exti_pin_level"": ""Low"", ""Exti_status"": ""False"", ""IDC_intput_mA"": 5.709, ""IN1_pin_level"": ""Low"", ""IN2_pin_level"": ""Low"", ""Node_type"": ""PS-LB"", ""Probe_mod"": 0, ""VDC_intput_V"": 0, ""Water_deep_cm"": 21.362}"
2025-09-19 13:39:23.123342173+00:00,ps-lb-21,2,-31,9.25,"{""Bat_V"": 3.588, ""Exti_pin_level"": ""Low"", ""Exti_status"": ""False"", ""IDC_intput_mA"": 5.708, ""IN1_pin_level"": ""Low"", ""IN2_pin_level"": ""Low"", ""Node_type"": ""PS-LB"", ""Probe_mod"": 0, ""VDC_intput_V"": 0, ""Water_deep_cm"": 21.35}"
2025-09-19 13:49:23.001957626+00:00,ps-lb-21,2,-33,9.75,"{""Bat_V"": 3.588, ""Exti_pin_level"": ""Low"", ""Exti_status"": ""False"", ""IDC_intput_mA"": 5.708, ""IN1_pin_level"": ""Low"", ""IN2_pin_level"": ""Low"", ""Node_type"": ""PS-LB"", ""Probe_mod"": 0, ""VDC_intput_V"": 0, ""Water_deep_cm"": 21.35}"
2025-09-19 13:59:22.895069881+00:00,ps-lb-21,2,-35,7.75,"{""Bat_V"": 3.588, ""Exti_pin_level"": ""Low"", ""Exti_status"": ""False"", ""IDC_intput_mA"": 5.708, ""IN1_pin_level"": ""Low"", ""IN2_pin_level"": ""Low"", ""Node_type"": ""PS-LB"", ""Probe_mod"": 0, ""VDC_intput_V"": 0, ""Water_deep_cm"": 21.35}"
2025-09-19 14:09:22.788539442+00:00,ps-lb-21,2,-120,-5.0,"{""Bat_V"": 3.588, ""Exti_pin_level"": ""Low"", ""Exti_status"": ""False"", ""IDC_intput_mA"": 5.709, ""IN1_pin_level"": ""Low"", ""IN2_pin_level"": ""Low"", ""Node_type"": ""PS-LB"", ""Probe_mod"": 0, ""VDC_intput_V"": 0, ""Water_deep_cm"": 21.362}"
2025-09-19 14:19:22.672988655+00:00,ps-lb-21,2,-113,2.25,"{""Bat_V"": 3.588, ""Exti_pin_level"": ""Low"", ""Exti_status"": ""False"", ""IDC_intput_mA"": 5.709, ""IN1_pin_level"": ""Low"", ""IN2_pin_level"": ""Low"", ""Node_type"": ""PS-LB"", ""Probe_mod"": 0, ""VDC_intput_V"": 0, ""Water_deep_cm"": 21.362}"
2025-09-19 14:29:22.565174264+00:00,ps-lb-21,2,-32,10.5,"{""Bat_V"": 3.582, ""Exti_pin_level"": ""Low"", ""Exti_status"": ""False"", ""IDC_intput_mA"": 5.709, ""IN1_pin_level"": ""Low"", ""IN2_pin_level"": ""Low"", ""Node_type"": ""PS-LB"", ""Probe_mod"": 0, ""VDC_intput_V"": 0, ""Water_deep_cm"": 21.362}"
2025-09-19 14:39:22.466696603+00:00,ps-lb-21,2,-31,8.0,"{""Bat_V"": 3.588, ""Exti_pin_level"": ""Low"", ""Exti_status"": ""False"", ""IDC_intput_mA"": 5.709, ""IN1_pin_level"": ""Low"", ""IN2_pin_level"": ""Low"", ""Node_type"": ""PS-LB"", ""Probe_mod"": 0, ""VDC_intput_V"": 0, ""Water_deep_cm"": 21.362}"
2025-09-19 14:49:22.317243668+00:00,ps-lb-21,2,-119,-5.0,"{""Bat_V"": 3.588, ""Exti_pin_level"": ""Low"", ""Exti_status"": ""False"", ""IDC_intput_mA"": 5.709, ""IN1_pin_level"": ""Low"", ""IN2_pin_level"": ""Low"", ""Node_type"": ""PS-LB"", ""Probe_mod"": 0, ""VDC_intput_V"": 0, ""Water_deep_cm"": 21.362}"
2025-09-19 14:59:22.230537937+00:00,ps-lb-21,2,-33,10.0,"{""Bat_V"": 3.588, ""Exti_pin_level"": ""Low"", ""Exti_status"": ""False"", ""IDC_intput_mA"": 5.708, ""IN1_pin_level"": ""Low"", ""IN2_pin_level"": ""Low"", ""Node_type"": ""PS-LB"", ""Probe_mod"": 0, ""VDC_intput_V"": 0, ""Water_deep_cm"": 21.35}"
2025-09-19 15:09:22.131150964+00:00,ps-lb-21,2,-35,10.0,"{""Bat_V"": 3.582, ""Exti_pin_level"": ""Low"", ""Exti_status"": ""False"", ""IDC_intput_mA"": 5.708, ""IN1_pin_level"": ""Low"", ""IN2_pin_level"": ""Low"", ""Node_type"": ""PS-LB"", ""Probe_mod"": 0, ""VDC_intput_V"": 0, ""Water_deep_cm"": 21.35}"
2025-09-19 15:19:22.021466889+00:00,ps-lb-21,2,-35,11.0,"{""Bat_V"": 3.588, ""Exti_pin_level"": ""Low"", ""Exti_status"": ""False"", ""IDC_intput_mA"": 5.709, ""IN1_pin_level"": ""Low"", ""IN2_pin_level"": ""Low"", ""Node_type"": ""PS-LB"", ""Probe_mod"": 0, ""VDC_intput_V"": 0, ""Water_deep_cm"": 21.362}"
2025-09-19 15:29:21.907103350+00:00,ps-lb-21,2,-33,11.5,"{""Bat_V"": 3.588, ""Exti_pin_level"": ""Low"", ""Exti_status"": ""False"", ""IDC_intput_mA"": 5.709, ""IN1_pin_level"": ""Low"", ""IN2_pin_level"": ""Low"", ""Node_type"": ""PS-LB"", ""Probe_mod"": 0, ""VDC_intput_V"": 0, ""Water_deep_cm"": 21.362}"
2025-09-19 15:39:21.803908519+00:00,ps-lb-21,2,-33,9.75,"{""Bat_V"": 3.588, ""Exti_pin_level"": ""Low"", ""Exti_status"": ""False"", ""IDC_intput_mA"": 5.708, ""IN1_pin_level"": ""Low"", ""IN2_pin_level"": ""Low"", ""Node_type"": ""PS-LB"", ""Probe_mod"": 0, ""VDC_intput_V"": 0, ""Water_deep_cm"": 21.35}"
2025-09-19 15:49:21.699584339+00:00,ps-lb-21,2,-33,9.75,"{""Bat_V"": 3.588, ""Exti_pin_level"": ""Low"", ""Exti_status"": ""False"", ""IDC_intput_mA"": 5.708, ""IN1_pin_level"": ""Low"", ""IN2_pin_level"": ""Low"", ""Node_type"": ""PS-LB"", ""Probe_mod"": 0, ""VDC_intput_V"": 0, ""Water_deep_cm"": 21.35}"
2025-09-19 15:59:21.596286597+00:00,ps-lb-21,2,-33,9.5,"{""Bat_V"": 3.588, ""Exti_pin_level"": ""Low"", ""Exti_status"": ""False"", ""IDC_intput_mA"": 5.709, ""IN1_pin_level"": ""Low"", ""IN2_pin_level"": ""Low"", ""Node_type"": ""PS-LB"", ""Probe_mod"": 0, ""VDC_intput_V"": 0, ""Water_deep_cm"": 21.362}"
2025-09-19 16:09:21.478781568+00:00,ps-lb-21,2,-33,9.75,"{""Bat_V"": 3.582, ""Exti_pin_level"": ""Low"", ""Exti_status"": ""False"", ""IDC_intput_mA"": 5.709, ""IN1_pin_level"": ""Low"", ""IN2_pin_level"": ""Low"", ""Node_type"": ""PS-LB"", ""Probe_mod"": 0, ""VDC_intput_V"": 0, ""Water_deep_cm"": 21.362}"
2025-09-19 16:19:21.366404887+00:00,ps-lb-21,2,-33,9.5,"{""Bat_V"": 3.582, ""Exti_pin_level"": ""Low"", ""Exti_status"": ""False"", ""IDC_intput_mA"": 5.709, ""IN1_pin_level"": ""Low"", ""IN2_pin_level"": ""Low"", ""Node_type"": ""PS-LB"", ""Probe_mod"": 0, ""VDC_intput_V"": 0, ""Water_deep_cm"": 21.362}"
2025-09-19 16:29:21.257003904+00:00,ps-lb-21,2,-33,9.5,"{""Bat_V"": 3.588, ""Exti_pin_level"": ""Low"", ""Exti_status"": ""False"", ""IDC_intput_mA"": 5.708, ""IN1_pin_level"": ""Low"", ""IN2_pin_level"": ""Low"", ""Node_type"": ""PS-LB"", ""Probe_mod"": 0, ""VDC_intput_V"": 0, ""Water_deep_cm"": 21.35}"
2025-09-19 16:39:21.159035376+00:00,ps-lb-21,2,-114,-4.0,"{""Bat_V"": 3.588, ""Exti_pin_level"": ""Low"", ""Exti_status"": ""False"", ""IDC_intput_mA"": 5.708, ""IN1_pin_level"": ""Low"", ""IN2_pin_level"": ""Low"", ""Node_type"": ""PS-LB"", ""Probe_mod"": 0, ""VDC_intput_V"": 0, ""Water_deep_cm"": 21.35}"
2025-09-19 16:49:21.057412978+00:00,ps-lb-21,2,-33,9.5,"{""Bat_V"": 3.582, ""Exti_pin_level"": ""Low"", ""Exti_status"": ""False"", ""IDC_intput_mA"": 5.709, ""IN1_pin_level"": ""Low"", ""IN2_pin_level"": ""Low"", ""Node_type"": ""PS-LB"", ""Probe_mod"": 0, ""VDC_intput_V"": 0, ""Water_deep_cm"": 21.362}"
2025-09-19 16:59:20.959699202+00:00,ps-lb-21,2,-35,10.0,"{""Bat_V"": 3.588, ""Exti_pin_level"": ""Low"", ""Exti_status"": ""False"", ""IDC_intput_mA"": 5.709, ""IN1_pin_level"": ""Low"", ""IN2_pin_level"": ""Low"", ""Node_type"": ""PS-LB"", ""Probe_mod"": 0, ""VDC_intput_V"": 0, ""Water_deep_cm"": 21.362}"
2025-09-19 17:09:20.839973515+00:00,ps-lb-21,2,-118,-3.0,"{""Bat_V"": 3.582, ""Exti_pin_level"": ""Low"", ""Exti_status"": ""False"", ""IDC_intput_mA"": 5.708, ""IN1_pin_level"": ""Low"", ""IN2_pin_level"": ""Low"", ""Node_type"": ""PS-LB"", ""Probe_mod"": 0, ""VDC_intput_V"": 0, ""Water_deep_cm"": 21.35}"
2025-09-19 17:19:20.744197848+00:00,ps-lb-21,2,-33,9.5,"{""Bat_V"": 3.582, ""Exti_pin_level"": ""Low"", ""Exti_status"": ""False"", ""IDC_intput_mA"": 5.709, ""IN1_pin_level"": ""Low"", ""IN2_pin_level"": ""Low"", ""Node_type"": ""PS-LB"", ""Probe_mod"": 0, ""VDC_intput_V"": 0, ""Water_deep_cm"": 21.362}"
2025-09-19 17:29:20.610181630+00:00,ps-lb-21,2,-31,8.0,"{""Bat_V"": 3.582, ""Exti_pin_level"": ""Low"", ""Exti_status"": ""False"", ""IDC_intput_mA"": 5.708, ""IN1_pin_level"": ""Low"", ""IN2_pin_level"": ""Low"", ""Node_type"": ""PS-LB"", ""Probe_mod"": 0, ""VDC_intput_V"": 0, ""Water_deep_cm"": 21.35}"
2025-09-19 17:39:20.507617813+00:00,ps-lb-21,2,-120,-4.25,"{""Bat_V"": 3.588, ""Exti_pin_level"": ""Low"", ""Exti_status"": ""False"", ""IDC_intput_mA"": 5.709, ""IN1_pin_level"": ""Low"", ""IN2_pin_level"": ""Low"", ""Node_type"": ""PS-LB"", ""Probe_mod"": 0, ""VDC_intput_V"": 0, ""Water_deep_cm"": 21.362}"
2025-09-19 17:49:20.402135968+00:00,ps-lb-21,2,-33,9.75,"{""Bat_V"": 3.582, ""Exti_pin_level"": ""Low"", ""Exti_status"": ""False"", ""IDC_intput_mA"": 5.709, ""IN1_pin_level"": ""Low"", ""IN2_pin_level"": ""Low"", ""Node_type"": ""PS-LB"", ""Probe_mod"": 0, ""VDC_intput_V"": 0, ""Water_deep_cm"": 21.362}"
2025-09-19 17:59:20.312179385+00:00,ps-lb-21,2,-35,7.25,"{""Bat_V"": 3.582, ""Exti_pin_level"": ""Low"", ""Exti_status"": ""False"", ""IDC_intput_mA"": 5.708, ""IN1_pin_level"": ""Low"", ""IN2_pin_level"": ""Low"", ""Node_type"": ""PS-LB"", ""Probe_mod"": 0, ""VDC_intput_V"": 0, ""Water_deep_cm"": 21.35}"
2025-09-19 18:09:20.205674927+00:00,ps-lb-21,2,-33,9.5,"{""Bat_V"": 3.582, ""Exti_pin_level"": ""Low"", ""Exti_status"": ""False"", ""IDC_intput_mA"": 5.708, ""IN1_pin_level"": ""Low"", ""IN2_pin_level"": ""Low"", ""Node_type"": ""PS-LB"", ""Probe_mod"": 0, ""VDC_intput_V"": 0, ""Water_deep_cm"": 21.35}"
2025-09-19 18:19:20.069647906+00:00,ps-lb-21,2,-32,9.75,"{""Bat_V"": 3.582, ""Exti_pin_level"": ""Low"", ""Exti_status"": ""False"", ""IDC_intput_mA"": 5.708, ""IN1_pin_level"": ""Low"", ""IN2_pin_level"": ""Low"", ""Node_type"": ""PS-LB"", ""Probe_mod"": 0, ""VDC_intput_V"": 0, ""Water_deep_cm"": 21.35}"
2025-09-19 18:29:19.957929573+00:00,ps-lb-21,2,-33,10.75,"{""Bat_V"": 3.588, ""Exti_pin_level"": ""Low"", ""Exti_status"": ""False"", ""IDC_intput_mA"": 5.709, ""IN1_pin_level"": ""Low"", ""IN2_pin_level"": ""Low"", ""Node_type"": ""PS-LB"", ""Probe_mod"": 0, ""VDC_intput_V"": 0, ""Water_deep_cm"": 21.362}"
2025-09-19 18:39:19.838146190+00:00,ps-lb-21,2,-31,7.25,"{""Bat_V"": 3.582, ""Exti_pin_level"": ""Low"", ""Exti_status"": ""False"", ""IDC_intput_mA"": 5.709, ""IN1_pin_level"": ""Low"", ""IN2_pin_level"": ""Low"", ""Node_type"": ""PS-LB"", ""Probe_mod"": 0, ""VDC_intput_V"": 0, ""Water_deep_cm"": 21.362}"
2025-09-19 18:49:19.748318453+00:00,ps-lb-21,2,-35,9.0,"{""Bat_V"": 3.588, ""Exti_pin_level"": ""Low"", ""Exti_status"": ""False"", ""IDC_intput_mA"": 5.708, ""IN1_pin_level"": ""Low"", ""IN2_pin_level"": ""Low"", ""Node_type"": ""PS-LB"", ""Probe_mod"": 0, ""VDC_intput_V"": 0, ""Water_deep_cm"": 21.35}"
2025-09-19 18:59:19.638646105+00:00,ps-lb-21,2,-33,9.75,"{""Bat_V"": 3.588, ""Exti_pin_level"": ""Low"", ""Exti_status"": ""False"", ""IDC_intput_mA"": 5.709, ""IN1_pin_level"": ""Low"", ""IN2_pin_level"": ""Low"", ""Node_type"": ""PS-LB"", ""Probe_mod"": 0, ""VDC_intput_V"": 0, ""Water_deep_cm"": 21.362}"
2025-09-19 19:09:19.523829586+00:00,ps-lb-21,2,-35,9.75,"{""Bat_V"": 3.582, ""Exti_pin_level"": ""Low"", ""Exti_status"": ""False"", ""IDC_intput_mA"": 5.709, ""IN1_pin_level"": ""Low"", ""IN2_pin_level"": ""Low"", ""Node_type"": ""PS-LB"", ""Probe_mod"": 0, ""VDC_intput_V"": 0, ""Water_deep_cm"": 21.362}"
2025-09-19 19:19:19.429854230+00:00,ps-lb-21,2,-32,7.75,"{""Bat_V"": 3.582, ""Exti_pin_level"": ""Low"", ""Exti_status"": ""False"", ""IDC_intput_mA"": 5.709, ""IN1_pin_level"": ""Low"", ""IN2_pin_level"": ""Low"", ""Node_type"": ""PS-LB"", ""Probe_mod"": 0, ""VDC_intput_V"": 0, ""Water_deep_cm"": 21.362}"
2025-09-19 19:29:19.320169133+00:00,ps-lb-21,2,-35,11.25,"{""Bat_V"": 3.582, ""Exti_pin_level"": ""Low"", ""Exti_status"": ""False"", ""IDC_intput_mA"": 5.709, ""IN1_pin_level"": ""Low"", ""IN2_pin_level"": ""Low"", ""Node_type"": ""PS-LB"", ""Probe_mod"": 0, ""VDC_intput_V"": 0, ""Water_deep_cm"": 21.362}"
2025-09-19 19:39:19.207354145+00:00,ps-lb-21,2,-35,9.75,"{""Bat_V"": 3.582, ""Exti_pin_level"": ""Low"", ""Exti_status"": ""False"", ""IDC_intput_mA"": 5.709, ""IN1_pin_level"": ""Low"", ""IN2_pin_level"": ""Low"", ""Node_type"": ""PS-LB"", ""Probe_mod"": 0, ""VDC_intput_V"": 0, ""Water_deep_cm"": 21.362}"
2025-09-19 19:49:19.095843160+00:00,ps-lb-21,2,-33,10.0,"{""Bat_V"": 3.582, ""Exti_pin_level"": ""Low"", ""Exti_status"": ""False"", ""IDC_intput_mA"": 5.709, ""IN1_pin_level"": ""Low"", ""IN2_pin_level"": ""Low"", ""Node_type"": ""PS-LB"", ""Probe_mod"": 0, ""VDC_intput_V"": 0, ""Water_deep_cm"": 21.362}"
2025-09-19 19:59:18.985528905+00:00,ps-lb-21,2,-33,10.75,"{""Bat_V"": 3.588, ""Exti_pin_level"": ""Low"", ""Exti_status"": ""False"", ""IDC_intput_mA"": 5.709, ""IN1_pin_level"": ""Low"", ""IN2_pin_level"": ""Low"", ""Node_type"": ""PS-LB"", ""Probe_mod"": 0, ""VDC_intput_V"": 0, ""Water_deep_cm"": 21.362}"
2025-09-19 20:09:18.878089892+00:00,ps-lb-21,2,-33,7.25,"{""Bat_V"": 3.582, ""Exti_pin_level"": ""Low"", ""Exti_status"": ""False"", ""IDC_intput_mA"": 5.709, ""IN1_pin_level"": ""Low"", ""IN2_pin_level"": ""Low"", ""Node_type"": ""PS-LB"", ""Probe_mod"": 0, ""VDC_intput_V"": 0, ""Water_deep_cm"": 21.362}"
2025-09-19 20:19:18.763844522+00:00,ps-lb-21,2,-35,10.0,"{""Bat_V"": 3.582, ""Exti_pin_level"": ""Low"", ""Exti_status"": ""False"", ""IDC_intput_mA"": 5.709, ""IN1_pin_level"": ""Low"", ""IN2_pin_level"": ""Low"", ""Node_type"": ""PS-LB"", ""Probe_mod"": 0, ""VDC_intput_V"": 0, ""Water_deep_cm"": 21.362}"
2025-09-19 20:29:18.660620884+00:00,ps-lb-21,2,-35,10.5,"{""Bat_V"": 3.588, ""Exti_pin_level"": ""Low"", ""Exti_status"": ""False"", ""IDC_intput_mA"": 5.708, ""IN1_pin_level"": ""Low"", ""IN2_pin_level"": ""Low"", ""Node_type"": ""PS-LB"", ""Probe_mod"": 0, ""VDC_intput_V"": 0, ""Water_deep_cm"": 21.35}"
2025-09-19 20:39:18.553954651+00:00,ps-lb-21,2,-35,7.25,"{""Bat_V"": 3.582, ""Exti_pin_level"": ""Low"", ""Exti_status"": ""False"", ""IDC_intput_mA"": 5.709, ""IN1_pin_level"": ""Low"", ""IN2_pin_level"": ""Low"", ""Node_type"": ""PS-LB"", ""Probe_mod"": 0, ""VDC_intput_V"": 0, ""Water_deep_cm"": 21.362}"
2025-09-19 20:49:18.444515317+00:00,ps-lb-21,2,-119,-4.0,"{""Bat_V"": 3.582, ""Exti_pin_level"": ""Low"", ""Exti_status"": ""False"", ""IDC_intput_mA"": 5.709, ""IN1_pin_level"": ""Low"", ""IN2_pin_level"": ""Low"", ""Node_type"": ""PS-LB"", ""Probe_mod"": 0, ""VDC_intput_V"": 0, ""Water_deep_cm"": 21.362}"
2025-09-19 20:59:18.327469280+00:00,ps-lb-21,2,-112,2.0,"{""Bat_V"": 3.582, ""Exti_pin_level"": ""Low"", ""Exti_status"": ""False"", ""IDC_intput_mA"": 5.708, ""IN1_pin_level"": ""Low"", ""IN2_pin_level"": ""Low"", ""Node_type"": ""PS-LB"", ""Probe_mod"": 0, ""VDC_intput_V"": 0, ""Water_deep_cm"": 21.35}"
2025-09-19 21:09:18.230594457+00:00,ps-lb-21,2,-31,7.75,"{""Bat_V"": 3.582, ""Exti_pin_level"": ""Low"", ""Exti_status"": ""False"", ""IDC_intput_mA"": 5.708, ""IN1_pin_level"": ""Low"", ""IN2_pin_level"": ""Low"", ""Node_type"": ""PS-LB"", ""Probe_mod"": 0, ""VDC_intput_V"": 0, ""Water_deep_cm"": 21.35}"
2025-09-19 21:19:18.120720318+00:00,ps-lb-21,2,-33,7.25,"{""Bat_V"": 3.582, ""Exti_pin_level"": ""Low"", ""Exti_status"": ""False"", ""IDC_intput_mA"": 5.708, ""IN1_pin_level"": ""Low"", ""IN2_pin_level"": ""Low"", ""Node_type"": ""PS-LB"", ""Probe_mod"": 0, ""VDC_intput_V"": 0, ""Water_deep_cm"": 21.35}"
2025-09-19 21:29:18.012306300+00:00,ps-lb-21,2,-112,2.25,"{""Bat_V"": 3.582, ""Exti_pin_level"": ""Low"", ""Exti_status"": ""False"", ""IDC_intput_mA"": 5.708, ""IN1_pin_level"": ""Low"", ""IN2_pin_level"": ""Low"", ""Node_type"": ""PS-LB"", ""Probe_mod"": 0, ""VDC_intput_V"": 0, ""Water_deep_cm"": 21.35}"
2025-09-19 21:39:17.916961317+00:00,ps-lb-21,2,-35,9.5,"{""Bat_V"": 3.582, ""Exti_pin_level"": ""Low"", ""Exti_status"": ""False"", ""IDC_intput_mA"": 5.708, ""IN1_pin_level"": ""Low"", ""IN2_pin_level"": ""Low"", ""Node_type"": ""PS-LB"", ""Probe_mod"": 0, ""VDC_intput_V"": 0, ""Water_deep_cm"": 21.35}"
2025-09-19 21:49:17.798949220+00:00,ps-lb-21,2,-33,9.75,"{""Bat_V"": 3.582, ""Exti_pin_level"": ""Low"", ""Exti_status"": ""False"", ""IDC_intput_mA"": 5.709, ""IN1_pin_level"": ""Low"", ""IN2_pin_level"": ""Low"", ""Node_type"": ""PS-LB"", ""Probe_mod"": 0, ""VDC_intput_V"": 0, ""Water_deep_cm"": 21.362}"
2025-09-19 21:59:17.691918186+00:00,ps-lb-21,2,-33,7.5,"{""Bat_V"": 3.582, ""Exti_pin_level"": ""Low"", ""Exti_status"": ""False"", ""IDC_intput_mA"": 5.708, ""IN1_pin_level"": ""Low"", ""IN2_pin_level"": ""Low"", ""Node_type"": ""PS-LB"", ""Probe_mod"": 0, ""VDC_intput_V"": 0, ""Water_deep_cm"": 21.35}"
2025-09-19 22:09:17.597962760+00:00,ps-lb-21,2,-121,-6.25,"{""Bat_V"": 3.588, ""Exti_pin_level"": ""Low"", ""Exti_status"": ""False"", ""IDC_intput_mA"": 5.708, ""IN1_pin_level"": ""Low"", ""IN2_pin_level"": ""Low"", ""Node_type"": ""PS-LB"", ""Probe_mod"": 0, ""VDC_intput_V"": 0, ""Water_deep_cm"": 21.35}"
2025-09-19 22:19:17.472567642+00:00,ps-lb-21,2,-37,10.25,"{""Bat_V"": 3.588, ""Exti_pin_level"": ""Low"", ""Exti_status"": ""False"", ""IDC_intput_mA"": 5.708, ""IN1_pin_level"": ""Low"", ""IN2_pin_level"": ""Low"", ""Node_type"": ""PS-LB"", ""Probe_mod"": 0, ""VDC_intput_V"": 0, ""Water_deep_cm"": 21.35}"
2025-09-19 22:29:17.377443911+00:00,ps-lb-21,2,-35,11.5,"{""Bat_V"": 3.582, ""Exti_pin_level"": ""Low"", ""Exti_status"": ""False"", ""IDC_intput_mA"": 5.708, ""IN1_pin_level"": ""Low"", ""IN2_pin_level"": ""Low"", ""Node_type"": ""PS-LB"", ""Probe_mod"": 0, ""VDC_intput_V"": 0, ""Water_deep_cm"": 21.35}"
2025-09-19 22:39:17.266071771+00:00,ps-lb-21,2,-118,-1.75,"{""Bat_V"": 3.582, ""Exti_pin_level"": ""Low"", ""Exti_status"": ""False"", ""IDC_intput_mA"": 5.708, ""IN1_pin_level"": ""Low"", ""IN2_pin_level"": ""Low"", ""Node_type"": ""PS-LB"", ""Probe_mod"": 0, ""VDC_intput_V"": 0, ""Water_deep_cm"": 21.35}"
2025-09-19 22:49:17.134261541+00:00,ps-lb-21,2,-33,7.5,"{""Bat_V"": 3.582, ""Exti_pin_level"": ""Low"", ""Exti_status"": ""False"", ""IDC_intput_mA"": 5.708, ""IN1_pin_level"": ""Low"", ""IN2_pin_level"": ""Low"", ""Node_type"": ""PS-LB"", ""Probe_mod"": 0, ""VDC_intput_V"": 0, ""Water_deep_cm"": 21.35}"
2025-09-19 22:59:17.052231734+00:00,ps-lb-21,2,-33,9.25,"{""Bat_V"": 3.582, ""Exti_pin_level"": ""Low"", ""Exti_status"": ""False"", ""IDC_intput_mA"": 5.708, ""IN1_pin_level"": ""Low"", ""IN2_pin_level"": ""Low"", ""Node_type"": ""PS-LB"", ""Probe_mod"": 0, ""VDC_intput_V"": 0, ""Water_deep_cm"": 21.35}"
2025-09-19 23:09:16.954287213+00:00,ps-lb-21,2,-35,9.75,"{""Bat_V"": 3.582, ""Exti_pin_level"": ""Low"", ""Exti_status"": ""False"", ""IDC_intput_mA"": 5.708, ""IN1_pin_level"": ""Low"", ""IN2_pin_level"": ""Low"", ""Node_type"": ""PS-LB"", ""Probe_mod"": 0, ""VDC_intput_V"": 0, ""Water_deep_cm"": 21.35}"
2025-09-19 23:19:16.823935354+00:00,ps-lb-21,2,-32,9.25,"{""Bat_V"": 3.582, ""Exti_pin_level"": ""Low"", ""Exti_status"": ""False"", ""IDC_intput_mA"": 5.708, ""IN1_pin_level"": ""Low"", ""IN2_pin_level"": ""Low"", ""Node_type"": ""PS-LB"", ""Probe_mod"": 0, ""VDC_intput_V"": 0, ""Water_deep_cm"": 21.35}"
2025-09-19 23:29:16.721468769+00:00,ps-lb-21,2,-118,-1.75,"{""Bat_V"": 3.582, ""Exti_pin_level"": ""Low"", ""Exti_status"": ""False"", ""IDC_intput_mA"": 5.708, ""IN1_pin_level"": ""Low"", ""IN2_pin_level"": ""Low"", ""Node_type"": ""PS-LB"", ""Probe_mod"": 0, ""VDC_intput_V"": 0, ""Water_deep_cm"": 21.35}"
2025-09-19 23:39:16.605162451+00:00,ps-lb-21,2,-117,-0.5,"{""Bat_V"": 3.582, ""Exti_pin_level"": ""Low"", ""Exti_status"": ""False"", ""IDC_intput_mA"": 5.708, ""IN1_pin_level"": ""Low"", ""IN2_pin_level"": ""Low"", ""Node_type"": ""PS-LB"", ""Probe_mod"": 0, ""VDC_intput_V"": 0, ""Water_deep_cm"": 21.35}"
2025-09-19 23:49:16.499861465+00:00,ps-lb-21,2,-31,7.75,"{""Bat_V"": 3.582, ""Exti_pin_level"": ""Low"", ""Exti_status"": ""False"", ""IDC_intput_mA"": 5.708, ""IN1_pin_level"": ""Low"", ""IN2_pin_level"": ""Low"", ""Node_type"": ""PS-LB"", ""Probe_mod"": 0, ""VDC_intput_V"": 0, ""Water_deep_cm"": 21.35}"
2025-09-19 23:59:16.397792656+00:00,ps-lb-21,2,-32,8.75,"{""Bat_V"": 3.582, ""Exti_pin_level"": ""Low"", ""Exti_status"": ""False"", ""IDC_intput_mA"": 5.708, ""IN1_pin_level"": ""Low"", ""IN2_pin_level"": ""Low"", ""Node_type"": ""PS-LB"", ""Probe_mod"": 0, ""VDC_intput_V"": 0, ""Water_deep_cm"": 21.35}"
2025-09-20 00:09:16.272835899+00:00,ps-lb-21,2,-113,2.5,"{""Bat_V"": 3.582, ""Exti_pin_level"": ""Low"", ""Exti_status"": ""False"", ""IDC_intput_mA"": 5.708, ""IN1_pin_level"": ""Low"", ""IN2_pin_level"": ""Low"", ""Node_type"": ""PS-LB"", ""Probe_mod"": 0, ""VDC_intput_V"": 0, ""Water_deep_cm"": 21.35}"
2025-09-20 00:19:16.174288190+00:00,ps-lb-21,2,-117,-1.25,"{""Bat_V"": 3.582, ""Exti_pin_level"": ""Low"", ""Exti_status"": ""False"", ""IDC_intput_mA"": 5.708, ""IN1_pin_level"": ""Low"", ""IN2_pin_level"": ""Low"", ""Node_type"": ""PS-LB"", ""Probe_mod"": 0, ""VDC_intput_V"": 0, ""Water_deep_cm"": 21.35}"
2025-09-20 00:29:16.077844557+00:00,ps-lb-21,2,-35,9.75,"{""Bat_V"": 3.582, ""Exti_pin_level"": ""Low"", ""Exti_status"": ""False"", ""IDC_intput_mA"": 5.708, ""IN1_pin_level"": ""Low"", ""IN2_pin_level"": ""Low"", ""Node_type"": ""PS-LB"", ""Probe_mod"": 0, ""VDC_intput_V"": 0, ""Water_deep_cm"": 21.35}"
2025-09-20 00:39:15.954908208+00:00,ps-lb-21,2,-112,3.0,"{""Bat_V"": 3.582, ""Exti_pin_level"": ""Low"", ""Exti_status"": ""False"", ""IDC_intput_mA"": 5.708, ""IN1_pin_level"": ""Low"", ""IN2_pin_level"": ""Low"", ""Node_type"": ""PS-LB"", ""Probe_mod"": 0, ""VDC_intput_V"": 0, ""Water_deep_cm"": 21.35}"
2025-09-20 00:49:15.832967710+00:00,ps-lb-21,2,-33,10.0,"{""Bat_V"": 3.582, ""Exti_pin_level"": ""Low"", ""Exti_status"": ""False"", ""IDC_intput_mA"": 5.708, ""IN1_pin_level"": ""Low"", ""IN2_pin_level"": ""Low"", ""Node_type"": ""PS-LB"", ""Probe_mod"": 0, ""VDC_intput_V"": 0, ""Water_deep_cm"": 21.35}"
2025-09-20 00:59:15.735392699+00:00,ps-lb-21,2,-37,9.75,"{""Bat_V"": 3.582, ""Exti_pin_level"": ""Low"", ""Exti_status"": ""False"", ""IDC_intput_mA"": 5.708, ""IN1_pin_level"": ""Low"", ""IN2_pin_level"": ""Low"", ""Node_type"": ""PS-LB"", ""Probe_mod"": 0, ""VDC_intput_V"": 0, ""Water_deep_cm"": 21.35}"
2025-09-20 01:09:15.621983857+00:00,ps-lb-21,2,-33,9.25,"{""Bat_V"": 3.582, ""Exti_pin_level"": ""Low"", ""Exti_status"": ""False"", ""IDC_intput_mA"": 5.708, ""IN1_pin_level"": ""Low"", ""IN2_pin_level"": ""Low"", ""Node_type"": ""PS-LB"", ""Probe_mod"": 0, ""VDC_intput_V"": 0, ""Water_deep_cm"": 21.35}"
2025-09-20 01:19:15.529019975+00:00,ps-lb-21,2,-31,8.0,"{""Bat_V"": 3.582, ""Exti_pin_level"": ""Low"", ""Exti_status"": ""False"", ""IDC_intput_mA"": 5.708, ""IN1_pin_level"": ""Low"", ""IN2_pin_level"": ""Low"", ""Node_type"": ""PS-LB"", ""Probe_mod"": 0, ""VDC_intput_V"": 0, ""Water_deep_cm"": 21.35}"
2025-09-20 01:29:15.426824812+00:00,ps-lb-21,2,-35,10.25,"{""Bat_V"": 3.582, ""Exti_pin_level"": ""Low"", ""Exti_status"": ""False"", ""IDC_intput_mA"": 5.708, ""IN1_pin_level"": ""Low"", ""IN2_pin_level"": ""Low"", ""Node_type"": ""PS-LB"", ""Probe_mod"": 0, ""VDC_intput_V"": 0, ""Water_deep_cm"": 21.35}"
2025-09-20 01:39:15.309344042+00:00,ps-lb-21,2,-35,10.0,"{""Bat_V"": 3.582, ""Exti_pin_level"": ""Low"", ""Exti_status"": ""False"", ""IDC_intput_mA"": 5.708, ""IN1_pin_level"": ""Low"", ""IN2_pin_level"": ""Low"", ""Node_type"": ""PS-LB"", ""Probe_mod"": 0, ""VDC_intput_V"": 0, ""Water_deep_cm"": 21.35}"
2025-09-20 01:49:15.200864866+00:00,ps-lb-21,2,-114,1.0,"{""Bat_V"": 3.582, ""Exti_pin_level"": ""Low"", ""Exti_status"": ""False"", ""IDC_intput_mA"": 5.708, ""IN1_pin_level"": ""Low"", ""IN2_pin_level"": ""Low"", ""Node_type"": ""PS-LB"", ""Probe_mod"": 0, ""VDC_intput_V"": 0, ""Water_deep_cm"": 21.35}"
2025-09-20 01:59:15.091873426+00:00,ps-lb-21,2,-32,7.75,"{""Bat_V"": 3.582, ""Exti_pin_level"": ""Low"", ""Exti_status"": ""False"", ""IDC_intput_mA"": 5.708, ""IN1_pin_level"": ""Low"", ""IN2_pin_level"": ""Low"", ""Node_type"": ""PS-LB"", ""Probe_mod"": 0, ""VDC_intput_V"": 0, ""Water_deep_cm"": 21.35}"
2025-09-20 02:09:14.980643291+00:00,ps-lb-21,2,-35,10.0,"{""Bat_V"": 3.582, ""Exti_pin_level"": ""Low"", ""Exti_status"": ""False"", ""IDC_intput_mA"": 5.708, ""IN1_pin_level"": ""Low"", ""IN2_pin_level"": ""Low"", ""Node_type"": ""PS-LB"", ""Probe_mod"": 0, ""VDC_intput_V"": 0, ""Water_deep_cm"": 21.35}"
2025-09-20 02:19:14.836057088+00:00,ps-lb-21,2,-114,3.0,"{""Bat_V"": 3.582, ""Exti_pin_level"": ""Low"", ""Exti_status"": ""False"", ""IDC_intput_mA"": 5.708, ""IN1_pin_level"": ""Low"", ""IN2_pin_level"": ""Low"", ""Node_type"": ""PS-LB"", ""Probe_mod"": 0, ""VDC_intput_V"": 0, ""Water_deep_cm"": 21.35}"
2025-09-20 02:29:14.734585670+00:00,ps-lb-21,2,-115,-0.5,"{""Bat_V"": 3.582, ""Exti_pin_level"": ""Low"", ""Exti_status"": ""False"", ""IDC_intput_mA"": 5.708, ""IN1_pin_level"": ""Low"", ""IN2_pin_level"": ""Low"", ""Node_type"": ""PS-LB"", ""Probe_mod"": 0, ""VDC_intput_V"": 0, ""Water_deep_cm"": 21.35}"
2025-09-20 02:39:14.665891219+00:00,ps-lb-21,2,-35,10.5,"{""Bat_V"": 3.582, ""Exti_pin_level"": ""Low"", ""Exti_status"": ""False"", ""IDC_intput_mA"": 5.708, ""IN1_pin_level"": ""Low"", ""IN2_pin_level"": ""Low"", ""Node_type"": ""PS-LB"", ""Probe_mod"": 0, ""VDC_intput_V"": 0, ""Water_deep_cm"": 21.35}"
2025-09-20 02:49:14.546814400+00:00,ps-lb-21,2,-115,-6.5,"{""Bat_V"": 3.582, ""Exti_pin_level"": ""Low"", ""Exti_status"": ""False"", ""IDC_intput_mA"": 5.707, ""IN1_pin_level"": ""Low"", ""IN2_pin_level"": ""Low"", ""Node_type"": ""PS-LB"", ""Probe_mod"": 0, ""VDC_intput_V"": 0, ""Water_deep_cm"": 21.337}"
2025-09-20 02:59:14.461772937+00:00,ps-lb-21,2,-35,9.75,"{""Bat_V"": 3.582, ""Exti_pin_level"": ""Low"", ""Exti_status"": ""False"", ""IDC_intput_mA"": 5.707, ""IN1_pin_level"": ""Low"", ""IN2_pin_level"": ""Low"", ""Node_type"": ""PS-LB"", ""Probe_mod"": 0, ""VDC_intput_V"": 0, ""Water_deep_cm"": 21.337}"
2025-09-20 03:09:14.341443786+00:00,ps-lb-21,2,-35,10.75,"{""Bat_V"": 3.582, ""Exti_pin_level"": ""Low"", ""Exti_status"": ""False"", ""IDC_intput_mA"": 5.707, ""IN1_pin_level"": ""Low"", ""IN2_pin_level"": ""Low"", ""Node_type"": ""PS-LB"", ""Probe_mod"": 0, ""VDC_intput_V"": 0, ""Water_deep_cm"": 21.337}"
2025-09-20 03:19:14.222025920+00:00,ps-lb-21,2,-35,9.75,"{""Bat_V"": 3.582, ""Exti_pin_level"": ""Low"", ""Exti_status"": ""False"", ""IDC_intput_mA"": 5.708, ""IN1_pin_level"": ""Low"", ""IN2_pin_level"": ""Low"", ""Node_type"": ""PS-LB"", ""Probe_mod"": 0, ""VDC_intput_V"": 0, ""Water_deep_cm"": 21.35}"
2025-09-20 03:29:14.120152708+00:00,ps-lb-21,2,-115,1.5,"{""Bat_V"": 3.582, ""Exti_pin_level"": ""Low"", ""Exti_status"": ""False"", ""IDC_intput_mA"": 5.707, ""IN1_pin_level"": ""Low"", ""IN2_pin_level"": ""Low"", ""Node_type"": ""PS-LB"", ""Probe_mod"": 0, ""VDC_intput_V"": 0, ""Water_deep_cm"": 21.337}"
2025-09-20 03:39:14.028380336+00:00,ps-lb-21,2,-35,9.5,"{""Bat_V"": 3.582, ""Exti_pin_level"": ""Low"", ""Exti_status"": ""False"", ""IDC_intput_mA"": 5.707, ""IN1_pin_level"": ""Low"", ""IN2_pin_level"": ""Low"", ""Node_type"": ""PS-LB"", ""Probe_mod"": 0, ""VDC_intput_V"": 0, ""Water_deep_cm"": 21.337}"
2025-09-20 03:49:13.911726628+00:00,ps-lb-21,2,-32,7.5,"{""Bat_V"": 3.582, ""Exti_pin_level"": ""Low"", ""Exti_status"": ""False"", ""IDC_intput_mA"": 5.707, ""IN1_pin_level"": ""Low"", ""IN2_pin_level"": ""Low"", ""Node_type"": ""PS-LB"", ""Probe_mod"": 0, ""VDC_intput_V"": 0, ""Water_deep_cm"": 21.337}"
2025-09-20 03:59:13.795387248+00:00,ps-lb-21,2,-32,9.75,"{""Bat_V"": 3.582, ""Exti_pin_level"": ""Low"", ""Exti_status"": ""False"", ""IDC_intput_mA"": 5.707, ""IN1_pin_level"": ""Low"", ""IN2_pin_level"": ""Low"", ""Node_type"": ""PS-LB"", ""Probe_mod"": 0, ""VDC_intput_V"": 0, ""Water_deep_cm"": 21.337}"
2025-09-20 04:09:13.686798095+00:00,ps-lb-21,2,-111,3.75,"{""Bat_V"": 3.582, ""Exti_pin_level"": ""Low"", ""Exti_status"": ""False"", ""IDC_intput_mA"": 5.707, ""IN1_pin_level"": ""Low"", ""IN2_pin_level"": ""Low"", ""Node_type"": ""PS-LB"", ""Probe_mod"": 0, ""VDC_intput_V"": 0, ""Water_deep_cm"": 21.337}"
2025-09-20 04:19:13.573850410+00:00,ps-lb-21,2,-33,10.0,"{""Bat_V"": 3.582, ""Exti_pin_level"": ""Low"", ""Exti_status"": ""False"", ""IDC_intput_mA"": 5.706, ""IN1_pin_level"": ""Low"", ""IN2_pin_level"": ""Low"", ""Node_type"": ""PS-LB"", ""Probe_mod"": 0, ""VDC_intput_V"": 0, ""Water_deep_cm"": 21.325}"
2025-09-20 04:29:13.463766709+00:00,ps-lb-21,2,-37,11.0,"{""Bat_V"": 3.576, ""Exti_pin_level"": ""Low"", ""Exti_status"": ""False"", ""IDC_intput_mA"": 5.706, ""IN1_pin_level"": ""Low"", ""IN2_pin_level"": ""Low"", ""Node_type"": ""PS-LB"", ""Probe_mod"": 0, ""VDC_intput_V"": 0, ""Water_deep_cm"": 21.325}"
2025-09-20 04:39:13.355490255+00:00,ps-lb-21,2,-35,9.25,"{""Bat_V"": 3.582, ""Exti_pin_level"": ""Low"", ""Exti_status"": ""False"", ""IDC_intput_mA"": 5.706, ""IN1_pin_level"": ""Low"", ""IN2_pin_level"": ""Low"", ""Node_type"": ""PS-LB"", ""Probe_mod"": 0, ""VDC_intput_V"": 0, ""Water_deep_cm"": 21.325}"
2025-09-20 04:49:13.277092027+00:00,ps-lb-21,2,-33,9.25,"{""Bat_V"": 3.582, ""Exti_pin_level"": ""Low"", ""Exti_status"": ""False"", ""IDC_intput_mA"": 5.706, ""IN1_pin_level"": ""Low"", ""IN2_pin_level"": ""Low"", ""Node_type"": ""PS-LB"", ""Probe_mod"": 0, ""VDC_intput_V"": 0, ""Water_deep_cm"": 21.325}"
2025-09-20 04:59:13.151709087+00:00,ps-lb-21,2,-119,-5.5,"{""Bat_V"": 3.582, ""Exti_pin_level"": ""Low"", ""Exti_status"": ""False"", ""IDC_intput_mA"": 5.706, ""IN1_pin_level"": ""Low"", ""IN2_pin_level"": ""Low"", ""Node_type"": ""PS-LB"", ""Probe_mod"": 0, ""VDC_intput_V"": 0, ""Water_deep_cm"": 21.325}"
2025-09-20 05:09:13.038866276+00:00,ps-lb-21,2,-35,9.25,"{""Bat_V"": 3.582, ""Exti_pin_level"": ""Low"", ""Exti_status"": ""False"", ""IDC_intput_mA"": 5.706, ""IN1_pin_level"": ""Low"", ""IN2_pin_level"": ""Low"", ""Node_type"": ""PS-LB"", ""Probe_mod"": 0, ""VDC_intput_V"": 0, ""Water_deep_cm"": 21.325}"
2025-09-20 05:19:12.941243607+00:00,ps-lb-21,2,-33,7.25,"{""Bat_V"": 3.582, ""Exti_pin_level"": ""Low"", ""Exti_status"": ""False"", ""IDC_intput_mA"": 5.706, ""IN1_pin_level"": ""Low"", ""IN2_pin_level"": ""Low"", ""Node_type"": ""PS-LB"", ""Probe_mod"": 0, ""VDC_intput_V"": 0, ""Water_deep_cm"": 21.325}"
2025-09-20 05:29:12.827252609+00:00,ps-lb-21,2,-111,4.0,"{""Bat_V"": 3.582, ""Exti_pin_level"": ""Low"", ""Exti_status"": ""False"", ""IDC_intput_mA"": 5.706, ""IN1_pin_level"": ""Low"", ""IN2_pin_level"": ""Low"", ""Node_type"": ""PS-LB"", ""Probe_mod"": 0, ""VDC_intput_V"": 0, ""Water_deep_cm"": 21.325}"
2025-09-20 05:39:12.709482275+00:00,ps-lb-21,2,-33,8.5,"{""Bat_V"": 3.576, ""Exti_pin_level"": ""Low"", ""Exti_status"": ""False"", ""IDC_intput_mA"": 5.706, ""IN1_pin_level"": ""Low"", ""IN2_pin_level"": ""Low"", ""Node_type"": ""PS-LB"", ""Probe_mod"": 0, ""VDC_intput_V"": 0, ""Water_deep_cm"": 21.325}"
2025-09-20 05:49:12.611144890+00:00,ps-lb-21,2,-112,2.75,"{""Bat_V"": 3.582, ""Exti_pin_level"": ""Low"", ""Exti_status"": ""False"", ""IDC_intput_mA"": 5.706, ""IN1_pin_level"": ""Low"", ""IN2_pin_level"": ""Low"", ""Node_type"": ""PS-LB"", ""Probe_mod"": 0, ""VDC_intput_V"": 0, ""Water_deep_cm"": 21.325}"
2025-09-20 05:59:12.490786047+00:00,ps-lb-21,2,-35,10.0,"{""Bat_V"": 3.576, ""Exti_pin_level"": ""Low"", ""Exti_status"": ""False"", ""IDC_intput_mA"": 5.706, ""IN1_pin_level"": ""Low"", ""IN2_pin_level"": ""Low"", ""Node_type"": ""PS-LB"", ""Probe_mod"": 0, ""VDC_intput_V"": 0, ""Water_deep_cm"": 21.325}"
2025-09-20 06:09:12.379988403+00:00,ps-lb-21,2,-33,9.5,"{""Bat_V"": 3.582, ""Exti_pin_level"": ""Low"", ""Exti_status"": ""False"", ""IDC_intput_mA"": 5.706, ""IN1_pin_level"": ""Low"", ""IN2_pin_level"": ""Low"", ""Node_type"": ""PS-LB"", ""Probe_mod"": 0, ""VDC_intput_V"": 0, ""Water_deep_cm"": 21.325}"
2025-09-20 06:19:12.272174612+00:00,ps-lb-21,2,-35,9.25,"{""Bat_V"": 3.576, ""Exti_pin_level"": ""Low"", ""Exti_status"": ""False"", ""IDC_intput_mA"": 5.706, ""IN1_pin_level"": ""Low"", ""IN2_pin_level"": ""Low"", ""Node_type"": ""PS-LB"", ""Probe_mod"": 0, ""VDC_intput_V"": 0, ""Water_deep_cm"": 21.325}"
2025-09-20 06:29:12.167984279+00:00,ps-lb-21,2,-31,7.5,"{""Bat_V"": 3.576, ""Exti_pin_level"": ""Low"", ""Exti_status"": ""False"", ""IDC_intput_mA"": 5.706, ""IN1_pin_level"": ""Low"", ""IN2_pin_level"": ""Low"", ""Node_type"": ""PS-LB"", ""Probe_mod"": 0, ""VDC_intput_V"": 0, ""Water_deep_cm"": 21.325}"
2025-09-20 06:39:12.077355960+00:00,ps-lb-21,2,-33,8.0,"{""Bat_V"": 3.576, ""Exti_pin_level"": ""Low"", ""Exti_status"": ""False"", ""IDC_intput_mA"": 5.705, ""IN1_pin_level"": ""Low"", ""IN2_pin_level"": ""Low"", ""Node_type"": ""PS-LB"", ""Probe_mod"": 0, ""VDC_intput_V"": 0, ""Water_deep_cm"": 21.313}"
2025-09-20 06:49:11.965313211+00:00,ps-lb-21,2,-35,9.5,"{""Bat_V"": 3.582, ""Exti_pin_level"": ""Low"", ""Exti_status"": ""False"", ""IDC_intput_mA"": 5.705, ""IN1_pin_level"": ""Low"", ""IN2_pin_level"": ""Low"", ""Node_type"": ""PS-LB"", ""Probe_mod"": 0, ""VDC_intput_V"": 0, ""Water_deep_cm"": 21.313}"
2025-09-20 06:59:11.850845593+00:00,ps-lb-21,2,-33,9.25,"{""Bat_V"": 3.576, ""Exti_pin_level"": ""Low"", ""Exti_status"": ""False"", ""IDC_intput_mA"": 5.705, ""IN1_pin_level"": ""Low"", ""IN2_pin_level"": ""Low"", ""Node_type"": ""PS-LB"", ""Probe_mod"": 0, ""VDC_intput_V"": 0, ""Water_deep_cm"": 21.313}"
2025-09-20 07:09:11.744029642+00:00,ps-lb-21,2,-33,9.0,"{""Bat_V"": 3.576, ""Exti_pin_level"": ""Low"", ""Exti_status"": ""False"", ""IDC_intput_mA"": 5.705, ""IN1_pin_level"": ""Low"", ""IN2_pin_level"": ""Low"", ""Node_type"": ""PS-LB"", ""Probe_mod"": 0, ""VDC_intput_V"": 0, ""Water_deep_cm"": 21.313}"
2025-09-20 07:19:11.626012874+00:00,ps-lb-21,2,-112,3.25,"{""Bat_V"": 3.582, ""Exti_pin_level"": ""Low"", ""Exti_status"": ""False"", ""IDC_intput_mA"": 5.705, ""IN1_pin_level"": ""Low"", ""IN2_pin_level"": ""Low"", ""Node_type"": ""PS-LB"", ""Probe_mod"": 0, ""VDC_intput_V"": 0, ""Water_deep_cm"": 21.313}"
2025-09-20 07:29:11.511067028+00:00,ps-lb-21,2,-33,9.75,"{""Bat_V"": 3.582, ""Exti_pin_level"": ""Low"", ""Exti_status"": ""False"", ""IDC_intput_mA"": 5.705, ""IN1_pin_level"": ""Low"", ""IN2_pin_level"": ""Low"", ""Node_type"": ""PS-LB"", ""Probe_mod"": 0, ""VDC_intput_V"": 0, ""Water_deep_cm"": 21.313}"
2025-09-20 07:39:11.416762772+00:00,ps-lb-21,2,-35,9.75,"{""Bat_V"": 3.576, ""Exti_pin_level"": ""Low"", ""Exti_status"": ""False"", ""IDC_intput_mA"": 5.705, ""IN1_pin_level"": ""Low"", ""IN2_pin_level"": ""Low"", ""Node_type"": ""PS-LB"", ""Probe_mod"": 0, ""VDC_intput_V"": 0, ""Water_deep_cm"": 21.313}"
2025-09-20 07:49:11.326089484+00:00,ps-lb-21,2,-118,-7.0,"{""Bat_V"": 3.576, ""Exti_pin_level"": ""Low"", ""Exti_status"": ""False"", ""IDC_intput_mA"": 5.704, ""IN1_pin_level"": ""Low"", ""IN2_pin_level"": ""Low"", ""Node_type"": ""PS-LB"", ""Probe_mod"": 0, ""VDC_intput_V"": 0, ""Water_deep_cm"": 21.3}"
2025-09-20 07:59:11.197365738+00:00,ps-lb-21,2,-33,7.0,"{""Bat_V"": 3.582, ""Exti_pin_level"": ""Low"", ""Exti_status"": ""False"", ""IDC_intput_mA"": 5.704, ""IN1_pin_level"": ""Low"", ""IN2_pin_level"": ""Low"", ""Node_type"": ""PS-LB"", ""Probe_mod"": 0, ""VDC_intput_V"": 0, ""Water_deep_cm"": 21.3}"
2025-09-20 08:09:11.099464406+00:00,ps-lb-21,2,-35,10.5,"{""Bat_V"": 3.576, ""Exti_pin_level"": ""Low"", ""Exti_status"": ""False"", ""IDC_intput_mA"": 5.704, ""IN1_pin_level"": ""Low"", ""IN2_pin_level"": ""Low"", ""Node_type"": ""PS-LB"", ""Probe_mod"": 0, ""VDC_intput_V"": 0, ""Water_deep_cm"": 21.3}"
2025-09-20 08:19:10.979051294+00:00,ps-lb-21,2,-35,9.0,"{""Bat_V"": 3.576, ""Exti_pin_level"": ""Low"", ""Exti_status"": ""False"", ""IDC_intput_mA"": 5.704, ""IN1_pin_level"": ""Low"", ""IN2_pin_level"": ""Low"", ""Node_type"": ""PS-LB"", ""Probe_mod"": 0, ""VDC_intput_V"": 0, ""Water_deep_cm"": 21.3}"
2025-09-20 08:29:10.876963221+00:00,ps-lb-21,2,-35,10.25,"{""Bat_V"": 3.576, ""Exti_pin_level"": ""Low"", ""Exti_status"": ""False"", ""IDC_intput_mA"": 5.704, ""IN1_pin_level"": ""Low"", ""IN2_pin_level"": ""Low"", ""Node_type"": ""PS-LB"", ""Probe_mod"": 0, ""VDC_intput_V"": 0, ""Water_deep_cm"": 21.3}"
2025-09-20 08:39:10.765928936+00:00,ps-lb-21,2,-35,10.25,"{""Bat_V"": 3.576, ""Exti_pin_level"": ""Low"", ""Exti_status"": ""False"", ""IDC_intput_mA"": 5.704, ""IN1_pin_level"": ""Low"", ""IN2_pin_level"": ""Low"", ""Node_type"": ""PS-LB"", ""Probe_mod"": 0, ""VDC_intput_V"": 0, ""Water_deep_cm"": 21.3}"
2025-09-20 08:49:10.672368181+00:00,ps-lb-21,2,-33,10.0,"{""Bat_V"": 3.582, ""Exti_pin_level"": ""Low"", ""Exti_status"": ""False"", ""IDC_intput_mA"": 5.704, ""IN1_pin_level"": ""Low"", ""IN2_pin_level"": ""Low"", ""Node_type"": ""PS-LB"", ""Probe_mod"": 0, ""VDC_intput_V"": 0, ""Water_deep_cm"": 21.3}"
2025-09-20 08:59:10.546469140+00:00,ps-lb-21,2,-35,10.0,"{""Bat_V"": 3.582, ""Exti_pin_level"": ""Low"", ""Exti_status"": ""False"", ""IDC_intput_mA"": 5.704, ""IN1_pin_level"": ""Low"", ""IN2_pin_level"": ""Low"", ""Node_type"": ""PS-LB"", ""Probe_mod"": 0, ""VDC_intput_V"": 0, ""Water_deep_cm"": 21.3}"
2025-09-20 09:09:10.427181433+00:00,ps-lb-21,2,-35,11.25,"{""Bat_V"": 3.576, ""Exti_pin_level"": ""Low"", ""Exti_status"": ""False"", ""IDC_intput_mA"": 5.704, ""IN1_pin_level"": ""Low"", ""IN2_pin_level"": ""Low"", ""Node_type"": ""PS-LB"", ""Probe_mod"": 0, ""VDC_intput_V"": 0, ""Water_deep_cm"": 21.3}"
2025-09-20 09:19:10.352806597+00:00,ps-lb-21,2,-33,7.75,"{""Bat_V"": 3.576, ""Exti_pin_level"": ""Low"", ""Exti_status"": ""False"", ""IDC_intput_mA"": 5.704, ""IN1_pin_level"": ""Low"", ""IN2_pin_level"": ""Low"", ""Node_type"": ""PS-LB"", ""Probe_mod"": 0, ""VDC_intput_V"": 0, ""Water_deep_cm"": 21.3}"
2025-09-20 09:29:10.211843970+00:00,ps-lb-21,2,-35,10.75,"{""Bat_V"": 3.576, ""Exti_pin_level"": ""Low"", ""Exti_status"": ""False"", ""IDC_intput_mA"": 5.704, ""IN1_pin_level"": ""Low"", ""IN2_pin_level"": ""Low"", ""Node_type"": ""PS-LB"", ""Probe_mod"": 0, ""VDC_intput_V"": 0, ""Water_deep_cm"": 21.3}"
2025-09-20 09:39:10.123538635+00:00,ps-lb-21,2,-33,10.0,"{""Bat_V"": 3.582, ""Exti_pin_level"": ""Low"", ""Exti_status"": ""False"", ""IDC_intput_mA"": 5.704, ""IN1_pin_level"": ""Low"", ""IN2_pin_level"": ""Low"", ""Node_type"": ""PS-LB"", ""Probe_mod"": 0, ""VDC_intput_V"": 0, ""Water_deep_cm"": 21.3}"
2025-09-20 09:49:10.015912046+00:00,ps-lb-21,2,-35,8.75,"{""Bat_V"": 3.576, ""Exti_pin_level"": ""Low"", ""Exti_status"": ""False"", ""IDC_intput_mA"": 5.704, ""IN1_pin_level"": ""Low"", ""IN2_pin_level"": ""Low"", ""Node_type"": ""PS-LB"", ""Probe_mod"": 0, ""VDC_intput_V"": 0, ""Water_deep_cm"": 21.3}"
2025-09-20 09:59:09.899977492+00:00,ps-lb-21,2,-35,10.0,"{""Bat_V"": 3.576, ""Exti_pin_level"": ""Low"", ""Exti_status"": ""False"", ""IDC_intput_mA"": 5.704, ""IN1_pin_level"": ""Low"", ""IN2_pin_level"": ""Low"", ""Node_type"": ""PS-LB"", ""Probe_mod"": 0, ""VDC_intput_V"": 0, ""Water_deep_cm"": 21.3}"
2025-09-20 10:09:09.790820334+00:00,ps-lb-21,2,-33,9.0,"{""Bat_V"": 3.576, ""Exti_pin_level"": ""Low"", ""Exti_status"": ""False"", ""IDC_intput_mA"": 5.704, ""IN1_pin_level"": ""Low"", ""IN2_pin_level"": ""Low"", ""Node_type"": ""PS-LB"", ""Probe_mod"": 0, ""VDC_intput_V"": 0, ""Water_deep_cm"": 21.3}"
2025-09-20 10:19:09.667397841+00:00,ps-lb-21,2,-115,,"{""Bat_V"": 3.576, ""Exti_pin_level"": ""Low"", ""Exti_status"": ""False"", ""IDC_intput_mA"": 5.704, ""IN1_pin_level"": ""Low"", ""IN2_pin_level"": ""Low"", ""Node_type"": ""PS-LB"", ""Probe_mod"": 0, ""VDC_intput_V"": 0, ""Water_deep_cm"": 21.3}"
2025-09-20 10:29:09.578240152+00:00,ps-lb-21,2,-31,7.25,"{""Bat_V"": 3.576, ""Exti_pin_level"": ""Low"", ""Exti_status"": ""False"", ""IDC_intput_mA"": 5.704, ""IN1_pin_level"": ""Low"", ""IN2_pin_level"": ""Low"", ""Node_type"": ""PS-LB"", ""Probe_mod"": 0, ""VDC_intput_V"": 0, ""Water_deep_cm"": 21.3}"
2025-09-20 10:39:09.470182018+00:00,ps-lb-21,2,-31,7.5,"{""Bat_V"": 3.576, ""Exti_pin_level"": ""Low"", ""Exti_status"": ""False"", ""IDC_intput_mA"": 5.704, ""IN1_pin_level"": ""Low"", ""IN2_pin_level"": ""Low"", ""Node_type"": ""PS-LB"", ""Probe_mod"": 0, ""VDC_intput_V"": 0, ""Water_deep_cm"": 21.3}"
2025-09-20 10:49:09.378247878+00:00,ps-lb-21,2,-33,7.75,"{""Bat_V"": 3.576, ""Exti_pin_level"": ""Low"", ""Exti_status"": ""False"", ""IDC_intput_mA"": 5.704, ""IN1_pin_level"": ""Low"", ""IN2_pin_level"": ""Low"", ""Node_type"": ""PS-LB"", ""Probe_mod"": 0, ""VDC_intput_V"": 0, ""Water_deep_cm"": 21.3}"
2025-09-20 10:59:09.251030549+00:00,ps-lb-21,2,-119,-2.25,"{""Bat_V"": 3.576, ""Exti_pin_level"": ""Low"", ""Exti_status"": ""False"", ""IDC_intput_mA"": 5.705, ""IN1_pin_level"": ""Low"", ""IN2_pin_level"": ""Low"", ""Node_type"": ""PS-LB"", ""Probe_mod"": 0, ""VDC_intput_V"": 0, ""Water_deep_cm"": 21.313}"
2025-09-20 11:09:09.142894861+00:00,ps-lb-21,2,-112,3.25,"{""Bat_V"": 3.576, ""Exti_pin_level"": ""Low"", ""Exti_status"": ""False"", ""IDC_intput_mA"": 5.704, ""IN1_pin_level"": ""Low"", ""IN2_pin_level"": ""Low"", ""Node_type"": ""PS-LB"", ""Probe_mod"": 0, ""VDC_intput_V"": 0, ""Water_deep_cm"": 21.3}"
2025-09-20 11:19:09.025594786+00:00,ps-lb-21,2,-33,8.75,"{""Bat_V"": 3.576, ""Exti_pin_level"": ""Low"", ""Exti_status"": ""False"", ""IDC_intput_mA"": 5.704, ""IN1_pin_level"": ""Low"", ""IN2_pin_level"": ""Low"", ""Node_type"": ""PS-LB"", ""Probe_mod"": 0, ""VDC_intput_V"": 0, ""Water_deep_cm"": 21.3}"
2025-09-20 11:29:08.922231859+00:00,ps-lb-21,2,-31,9.5,"{""Bat_V"": 3.576, ""Exti_pin_level"": ""Low"", ""Exti_status"": ""False"", ""IDC_intput_mA"": 5.704, ""IN1_pin_level"": ""Low"", ""IN2_pin_level"": ""Low"", ""Node_type"": ""PS-LB"", ""Probe_mod"": 0, ""VDC_intput_V"": 0, ""Water_deep_cm"": 21.3}"
2025-09-20 11:39:08.811997517+00:00,ps-lb-21,2,-121,-8.25,"{""Bat_V"": 3.576, ""Exti_pin_level"": ""Low"", ""Exti_status"": ""False"", ""IDC_intput_mA"": 5.704, ""IN1_pin_level"": ""Low"", ""IN2_pin_level"": ""Low"", ""Node_type"": ""PS-LB"", ""Probe_mod"": 0, ""VDC_intput_V"": 0, ""Water_deep_cm"": 21.3}"
2025-09-20 11:49:08.692558444+00:00,ps-lb-21,2,-33,10.0,"{""Bat_V"": 3.576, ""Exti_pin_level"": ""Low"", ""Exti_status"": ""False"", ""IDC_intput_mA"": 5.704, ""IN1_pin_level"": ""Low"", ""IN2_pin_level"": ""Low"", ""Node_type"": ""PS-LB"", ""Probe_mod"": 0, ""VDC_intput_V"": 0, ""Water_deep_cm"": 21.3}"
2025-09-20 11:59:08.594360851+00:00,ps-lb-21,2,-33,9.75,"{""Bat_V"": 3.582, ""Exti_pin_level"": ""Low"", ""Exti_status"": ""False"", ""IDC_intput_mA"": 5.704, ""IN1_pin_level"": ""Low"", ""IN2_pin_level"": ""Low"", ""Node_type"": ""PS-LB"", ""Probe_mod"": 0, ""VDC_intput_V"": 0, ""Water_deep_cm"": 21.3}"
2025-09-20 12:09:08.487887761+00:00,ps-lb-21,2,-116,0.5,"{""Bat_V"": 3.576, ""Exti_pin_level"": ""Low"", ""Exti_status"": ""False"", ""IDC_intput_mA"": 5.704, ""IN1_pin_level"": ""Low"", ""IN2_pin_level"": ""Low"", ""Node_type"": ""PS-LB"", ""Probe_mod"": 0, ""VDC_intput_V"": 0, ""Water_deep_cm"": 21.3}"
2025-09-20 12:19:08.378655067+00:00,ps-lb-21,2,-33,9.25,"{""Bat_V"": 3.576, ""Exti_pin_level"": ""Low"", ""Exti_status"": ""False"", ""IDC_intput_mA"": 5.704, ""IN1_pin_level"": ""Low"", ""IN2_pin_level"": ""Low"", ""Node_type"": ""PS-LB"", ""Probe_mod"": 0, ""VDC_intput_V"": 0, ""Water_deep_cm"": 21.3}"
2025-09-20 12:29:08.260987978+00:00,ps-lb-21,2,-33,9.5,"{""Bat_V"": 3.576, ""Exti_pin_level"": ""Low"", ""Exti_status"": ""False"", ""IDC_intput_mA"": 5.704, ""IN1_pin_level"": ""Low"", ""IN2_pin_level"": ""Low"", ""Node_type"": ""PS-LB"", ""Probe_mod"": 0, ""VDC_intput_V"": 0, ""Water_deep_cm"": 21.3}"
2025-09-20 12:39:08.157821852+00:00,ps-lb-21,2,-32,9.5,"{""Bat_V"": 3.576, ""Exti_pin_level"": ""Low"", ""Exti_status"": ""False"", ""IDC_intput_mA"": 5.704, ""IN1_pin_level"": ""Low"", ""IN2_pin_level"": ""Low"", ""Node_type"": ""PS-LB"", ""Probe_mod"": 0, ""VDC_intput_V"": 0, ""Water_deep_cm"": 21.3}"
2025-09-20 12:49:08.056135038+00:00,ps-lb-21,2,-118,-1.75,"{""Bat_V"": 3.576, ""Exti_pin_level"": ""Low"", ""Exti_status"": ""False"", ""IDC_intput_mA"": 5.703, ""IN1_pin_level"": ""Low"", ""IN2_pin_level"": ""Low"", ""Node_type"": ""PS-LB"", ""Probe_mod"": 0, ""VDC_intput_V"": 0, ""Water_deep_cm"": 21.288}"
2025-09-20 12:59:07.942734828+00:00,ps-lb-21,2,-32,9.5,"{""Bat_V"": 3.582, ""Exti_pin_level"": ""Low"", ""Exti_status"": ""False"", ""IDC_intput_mA"": 5.703, ""IN1_pin_level"": ""Low"", ""IN2_pin_level"": ""Low"", ""Node_type"": ""PS-LB"", ""Probe_mod"": 0, ""VDC_intput_V"": 0, ""Water_deep_cm"": 21.288}"
2025-09-20 13:09:07.822326289+00:00,ps-lb-21,2,-33,8.0,"{""Bat_V"": 3.576, ""Exti_pin_level"": ""Low"", ""Exti_status"": ""False"", ""IDC_intput_mA"": 5.703, ""IN1_pin_level"": ""Low"", ""IN2_pin_level"": ""Low"", ""Node_type"": ""PS-LB"", ""Probe_mod"": 0, ""VDC_intput_V"": 0, ""Water_deep_cm"": 21.288}"
2025-09-20 13:19:07.724812579+00:00,ps-lb-21,2,-33,9.0,"{""Bat_V"": 3.576, ""Exti_pin_level"": ""Low"", ""Exti_status"": ""False"", ""IDC_intput_mA"": 5.703, ""IN1_pin_level"": ""Low"", ""IN2_pin_level"": ""Low"", ""Node_type"": ""PS-LB"", ""Probe_mod"": 0, ""VDC_intput_V"": 0, ""Water_deep_cm"": 21.288}"
2025-09-20 13:29:07.617660041+00:00,ps-lb-21,2,-115,-0.5,"{""Bat_V"": 3.576, ""Exti_pin_level"": ""Low"", ""Exti_status"": ""False"", ""IDC_intput_mA"": 5.703, ""IN1_pin_level"": ""Low"", ""IN2_pin_level"": ""Low"", ""Node_type"": ""PS-LB"", ""Probe_mod"": 0, ""VDC_intput_V"": 0, ""Water_deep_cm"": 21.288}"
2025-09-20 13:39:07.510876821+00:00,ps-lb-21,2,-33,9.5,"{""Bat_V"": 3.576, ""Exti_pin_level"": ""Low"", ""Exti_status"": ""False"", ""IDC_intput_mA"": 5.704, ""IN1_pin_level"": ""Low"", ""IN2_pin_level"": ""Low"", ""Node_type"": ""PS-LB"", ""Probe_mod"": 0, ""VDC_intput_V"": 0, ""Water_deep_cm"": 21.3}"
2025-09-20 13:49:07.388705427+00:00,ps-lb-21,2,-35,9.75,"{""Bat_V"": 3.576, ""Exti_pin_level"": ""Low"", ""Exti_status"": ""False"", ""IDC_intput_mA"": 5.703, ""IN1_pin_level"": ""Low"", ""IN2_pin_level"": ""Low"", ""Node_type"": ""PS-LB"", ""Probe_mod"": 0, ""VDC_intput_V"": 0, ""Water_deep_cm"": 21.288}"
2025-09-20 13:59:07.291148070+00:00,ps-lb-21,2,-32,9.5,"{""Bat_V"": 3.576, ""Exti_pin_level"": ""Low"", ""Exti_status"": ""False"", ""IDC_intput_mA"": 5.704, ""IN1_pin_level"": ""Low"", ""IN2_pin_level"": ""Low"", ""Node_type"": ""PS-LB"", ""Probe_mod"": 0, ""VDC_intput_V"": 0, ""Water_deep_cm"": 21.3}"
2025-09-20 14:09:07.181367004+00:00,ps-lb-21,2,-119,-3.5,"{""Bat_V"": 3.576, ""Exti_pin_level"": ""Low"", ""Exti_status"": ""False"", ""IDC_intput_mA"": 5.704, ""IN1_pin_level"": ""Low"", ""IN2_pin_level"": ""Low"", ""Node_type"": ""PS-LB"", ""Probe_mod"": 0, ""VDC_intput_V"": 0, ""Water_deep_cm"": 21.3}"
2025-09-20 14:19:07.079037523+00:00,ps-lb-21,2,-35,8.75,"{""Bat_V"": 3.576, ""Exti_pin_level"": ""Low"", ""Exti_status"": ""False"", ""IDC_intput_mA"": 5.703, ""IN1_pin_level"": ""Low"", ""IN2_pin_level"": ""Low"", ""Node_type"": ""PS-LB"", ""Probe_mod"": 0, ""VDC_intput_V"": 0, ""Water_deep_cm"": 21.288}"
2025-09-20 14:29:06.967457803+00:00,ps-lb-21,2,-31,7.75,"{""Bat_V"": 3.576, ""Exti_pin_level"": ""Low"", ""Exti_status"": ""False"", ""IDC_intput_mA"": 5.703, ""IN1_pin_level"": ""Low"", ""IN2_pin_level"": ""Low"", ""Node_type"": ""PS-LB"", ""Probe_mod"": 0, ""VDC_intput_V"": 0, ""Water_deep_cm"": 21.288}"
2025-09-20 14:39:06.849993524+00:00,ps-lb-21,2,-33,9.75,"{""Bat_V"": 3.576, ""Exti_pin_level"": ""Low"", ""Exti_status"": ""False"", ""IDC_intput_mA"": 5.704, ""IN1_pin_level"": ""Low"", ""IN2_pin_level"": ""Low"", ""Node_type"": ""PS-LB"", ""Probe_mod"": 0, ""VDC_intput_V"": 0, ""Water_deep_cm"": 21.3}"
2025-09-20 14:49:06.743079979+00:00,ps-lb-21,2,-33,9.75,"{""Bat_V"": 3.576, ""Exti_pin_level"": ""Low"", ""Exti_status"": ""False"", ""IDC_intput_mA"": 5.703, ""IN1_pin_level"": ""Low"", ""IN2_pin_level"": ""Low"", ""Node_type"": ""PS-LB"", ""Probe_mod"": 0, ""VDC_intput_V"": 0, ""Water_deep_cm"": 21.288}"
2025-09-20 14:59:06.652156009+00:00,ps-lb-21,2,-35,10.75,"{""Bat_V"": 3.576, ""Exti_pin_level"": ""Low"", ""Exti_status"": ""False"", ""IDC_intput_mA"": 5.704, ""IN1_pin_level"": ""Low"", ""IN2_pin_level"": ""Low"", ""Node_type"": ""PS-LB"", ""Probe_mod"": 0, ""VDC_intput_V"": 0, ""Water_deep_cm"": 21.3}"
2025-09-20 15:09:06.563674460+00:00,ps-lb-21,2,-33,10.5,"{""Bat_V"": 3.576, ""Exti_pin_level"": ""Low"", ""Exti_status"": ""False"", ""IDC_intput_mA"": 5.704, ""IN1_pin_level"": ""Low"", ""IN2_pin_level"": ""Low"", ""Node_type"": ""PS-LB"", ""Probe_mod"": 0, ""VDC_intput_V"": 0, ""Water_deep_cm"": 21.3}"
2025-09-20 15:19:06.413464952+00:00,ps-lb-21,2,-112,2.25,"{""Bat_V"": 3.576, ""Exti_pin_level"": ""Low"", ""Exti_status"": ""False"", ""IDC_intput_mA"": 5.704, ""IN1_pin_level"": ""Low"", ""IN2_pin_level"": ""Low"", ""Node_type"": ""PS-LB"", ""Probe_mod"": 0, ""VDC_intput_V"": 0, ""Water_deep_cm"": 21.3}"
2025-09-20 15:29:06.316583382+00:00,ps-lb-21,2,-35,10.0,"{""Bat_V"": 3.576, ""Exti_pin_level"": ""Low"", ""Exti_status"": ""False"", ""IDC_intput_mA"": 5.704, ""IN1_pin_level"": ""Low"", ""IN2_pin_level"": ""Low"", ""Node_type"": ""PS-LB"", ""Probe_mod"": 0, ""VDC_intput_V"": 0, ""Water_deep_cm"": 21.3}"
2025-09-20 15:39:06.211905083+00:00,ps-lb-21,2,-35,11.0,"{""Bat_V"": 3.576, ""Exti_pin_level"": ""Low"", ""Exti_status"": ""False"", ""IDC_intput_mA"": 5.704, ""IN1_pin_level"": ""Low"", ""IN2_pin_level"": ""Low"", ""Node_type"": ""PS-LB"", ""Probe_mod"": 0, ""VDC_intput_V"": 0, ""Water_deep_cm"": 21.3}"
2025-09-20 15:49:06.089953939+00:00,ps-lb-21,2,-32,9.75,"{""Bat_V"": 3.576, ""Exti_pin_level"": ""Low"", ""Exti_status"": ""False"", ""IDC_intput_mA"": 5.704, ""IN1_pin_level"": ""Low"", ""IN2_pin_level"": ""Low"", ""Node_type"": ""PS-LB"", ""Probe_mod"": 0, ""VDC_intput_V"": 0, ""Water_deep_cm"": 21.3}"
2025-09-20 15:59:06.001150304+00:00,ps-lb-21,2,-33,10.25,"{""Bat_V"": 3.576, ""Exti_pin_level"": ""Low"", ""Exti_status"": ""False"", ""IDC_intput_mA"": 5.704, ""IN1_pin_level"": ""Low"", ""IN2_pin_level"": ""Low"", ""Node_type"": ""PS-LB"", ""Probe_mod"": 0, ""VDC_intput_V"": 0, ""Water_deep_cm"": 21.3}"
2025-09-20 16:09:05.877193862+00:00,ps-lb-21,2,-33,8.0,"{""Bat_V"": 3.576, ""Exti_pin_level"": ""Low"", ""Exti_status"": ""False"", ""IDC_intput_mA"": 5.704, ""IN1_pin_level"": ""Low"", ""IN2_pin_level"": ""Low"", ""Node_type"": ""PS-LB"", ""Probe_mod"": 0, ""VDC_intput_V"": 0, ""Water_deep_cm"": 21.3}"
2025-09-20 16:19:05.768175081+00:00,ps-lb-21,2,-35,10.75,"{""Bat_V"": 3.576, ""Exti_pin_level"": ""Low"", ""Exti_status"": ""False"", ""IDC_intput_mA"": 5.704, ""IN1_pin_level"": ""Low"", ""IN2_pin_level"": ""Low"", ""Node_type"": ""PS-LB"", ""Probe_mod"": 0, ""VDC_intput_V"": 0, ""Water_deep_cm"": 21.3}"
2025-09-20 16:29:05.663752988+00:00,ps-lb-21,2,-115,-6.75,"{""Bat_V"": 3.576, ""Exti_pin_level"": ""Low"", ""Exti_status"": ""False"", ""IDC_intput_mA"": 5.704, ""IN1_pin_level"": ""Low"", ""IN2_pin_level"": ""Low"", ""Node_type"": ""PS-LB"", ""Probe_mod"": 0, ""VDC_intput_V"": 0, ""Water_deep_cm"": 21.3}"
2025-09-20 16:39:05.561039958+00:00,ps-lb-21,2,-115,-10.25,"{""Bat_V"": 3.576, ""Exti_pin_level"": ""Low"", ""Exti_status"": ""False"", ""IDC_intput_mA"": 5.704, ""IN1_pin_level"": ""Low"", ""IN2_pin_level"": ""Low"", ""Node_type"": ""PS-LB"", ""Probe_mod"": 0, ""VDC_intput_V"": 0, ""Water_deep_cm"": 21.3}"
2025-09-20 16:49:05.436859166+00:00,ps-lb-21,2,-32,9.0,"{""Bat_V"": 3.576, ""Exti_pin_level"": ""Low"", ""Exti_status"": ""False"", ""IDC_intput_mA"": 5.704, ""IN1_pin_level"": ""Low"", ""IN2_pin_level"": ""Low"", ""Node_type"": ""PS-LB"", ""Probe_mod"": 0, ""VDC_intput_V"": 0, ""Water_deep_cm"": 21.3}"
2025-09-20 16:59:05.331907076+00:00,ps-lb-21,2,-33,9.25,"{""Bat_V"": 3.576, ""Exti_pin_level"": ""Low"", ""Exti_status"": ""False"", ""IDC_intput_mA"": 5.704, ""IN1_pin_level"": ""Low"", ""IN2_pin_level"": ""Low"", ""Node_type"": ""PS-LB"", ""Probe_mod"": 0, ""VDC_intput_V"": 0, ""Water_deep_cm"": 21.3}"
2025-09-20 17:09:05.223686359+00:00,ps-lb-21,2,-33,10.75,"{""Bat_V"": 3.576, ""Exti_pin_level"": ""Low"", ""Exti_status"": ""False"", ""IDC_intput_mA"": 5.704, ""IN1_pin_level"": ""Low"", ""IN2_pin_level"": ""Low"", ""Node_type"": ""PS-LB"", ""Probe_mod"": 0, ""VDC_intput_V"": 0, ""Water_deep_cm"": 21.3}"
2025-09-20 17:19:05.128876456+00:00,ps-lb-21,2,-117,-2.25,"{""Bat_V"": 3.576, ""Exti_pin_level"": ""Low"", ""Exti_status"": ""False"", ""IDC_intput_mA"": 5.704, ""IN1_pin_level"": ""Low"", ""IN2_pin_level"": ""Low"", ""Node_type"": ""PS-LB"", ""Probe_mod"": 0, ""VDC_intput_V"": 0, ""Water_deep_cm"": 21.3}"
2025-09-20 17:29:05.015895428+00:00,ps-lb-21,2,-33,10.25,"{""Bat_V"": 3.576, ""Exti_pin_level"": ""Low"", ""Exti_status"": ""False"", ""IDC_intput_mA"": 5.703, ""IN1_pin_level"": ""Low"", ""IN2_pin_level"": ""Low"", ""Node_type"": ""PS-LB"", ""Probe_mod"": 0, ""VDC_intput_V"": 0, ""Water_deep_cm"": 21.288}"
2025-09-20 17:39:04.902440253+00:00,ps-lb-21,2,-33,9.25,"{""Bat_V"": 3.576, ""Exti_pin_level"": ""Low"", ""Exti_status"": ""False"", ""IDC_intput_mA"": 5.704, ""IN1_pin_level"": ""Low"", ""IN2_pin_level"": ""Low"", ""Node_type"": ""PS-LB"", ""Probe_mod"": 0, ""VDC_intput_V"": 0, ""Water_deep_cm"": 21.3}"
2025-09-20 17:49:04.797176309+00:00,ps-lb-21,2,-32,9.0,"{""Bat_V"": 3.576, ""Exti_pin_level"": ""Low"", ""Exti_status"": ""False"", ""IDC_intput_mA"": 5.704, ""IN1_pin_level"": ""Low"", ""IN2_pin_level"": ""Low"", ""Node_type"": ""PS-LB"", ""Probe_mod"": 0, ""VDC_intput_V"": 0, ""Water_deep_cm"": 21.3}"
2025-09-20 17:59:04.693203517+00:00,ps-lb-21,2,-116,-1.75,"{""Bat_V"": 3.576, ""Exti_pin_level"": ""Low"", ""Exti_status"": ""False"", ""IDC_intput_mA"": 5.704, ""IN1_pin_level"": ""Low"", ""IN2_pin_level"": ""Low"", ""Node_type"": ""PS-LB"", ""Probe_mod"": 0, ""VDC_intput_V"": 0, ""Water_deep_cm"": 21.3}"
2025-09-20 18:09:04.599668838+00:00,ps-lb-21,2,-35,10.0,"{""Bat_V"": 3.576, ""Exti_pin_level"": ""Low"", ""Exti_status"": ""False"", ""IDC_intput_mA"": 5.703, ""IN1_pin_level"": ""Low"", ""IN2_pin_level"": ""Low"", ""Node_type"": ""PS-LB"", ""Probe_mod"": 0, ""VDC_intput_V"": 0, ""Water_deep_cm"": 21.288}"
2025-09-20 18:19:04.472962122+00:00,ps-lb-21,2,-32,9.25,"{""Bat_V"": 3.576, ""Exti_pin_level"": ""Low"", ""Exti_status"": ""False"", ""IDC_intput_mA"": 5.704, ""IN1_pin_level"": ""Low"", ""IN2_pin_level"": ""Low"", ""Node_type"": ""PS-LB"", ""Probe_mod"": 0, ""VDC_intput_V"": 0, ""Water_deep_cm"": 21.3}"
2025-09-20 18:29:04.363064986+00:00,ps-lb-21,2,-117,-3.5,"{""Bat_V"": 3.576, ""Exti_pin_level"": ""Low"", ""Exti_status"": ""False"", ""IDC_intput_mA"": 5.703, ""IN1_pin_level"": ""Low"", ""IN2_pin_level"": ""Low"", ""Node_type"": ""PS-LB"", ""Probe_mod"": 0, ""VDC_intput_V"": 0, ""Water_deep_cm"": 21.288}"
2025-09-20 18:39:04.246718032+00:00,ps-lb-21,2,-31,7.75,"{""Bat_V"": 3.576, ""Exti_pin_level"": ""Low"", ""Exti_status"": ""False"", ""IDC_intput_mA"": 5.704, ""IN1_pin_level"": ""Low"", ""IN2_pin_level"": ""Low"", ""Node_type"": ""PS-LB"", ""Probe_mod"": 0, ""VDC_intput_V"": 0, ""Water_deep_cm"": 21.3}"
2025-09-20 18:49:04.157989571+00:00,ps-lb-21,2,-35,9.75,"{""Bat_V"": 3.576, ""Exti_pin_level"": ""Low"", ""Exti_status"": ""False"", ""IDC_intput_mA"": 5.704, ""IN1_pin_level"": ""Low"", ""IN2_pin_level"": ""Low"", ""Node_type"": ""PS-LB"", ""Probe_mod"": 0, ""VDC_intput_V"": 0, ""Water_deep_cm"": 21.3}"
2025-09-20 18:59:04.037431027+00:00,ps-lb-21,2,-33,9.5,"{""Bat_V"": 3.576, ""Exti_pin_level"": ""Low"", ""Exti_status"": ""False"", ""IDC_intput_mA"": 5.704, ""IN1_pin_level"": ""Low"", ""IN2_pin_level"": ""Low"", ""Node_type"": ""PS-LB"", ""Probe_mod"": 0, ""VDC_intput_V"": 0, ""Water_deep_cm"": 21.3}"
2025-09-20 19:09:03.928274097+00:00,ps-lb-21,2,-35,10.25,"{""Bat_V"": 3.576, ""Exti_pin_level"": ""Low"", ""Exti_status"": ""False"", ""IDC_intput_mA"": 5.704, ""IN1_pin_level"": ""Low"", ""IN2_pin_level"": ""Low"", ""Node_type"": ""PS-LB"", ""Probe_mod"": 0, ""VDC_intput_V"": 0, ""Water_deep_cm"": 21.3}"
2025-09-20 19:19:03.832257170+00:00,ps-lb-21,2,-33,9.0,"{""Bat_V"": 3.576, ""Exti_pin_level"": ""Low"", ""Exti_status"": ""False"", ""IDC_intput_mA"": 5.704, ""IN1_pin_level"": ""Low"", ""IN2_pin_level"": ""Low"", ""Node_type"": ""PS-LB"", ""Probe_mod"": 0, ""VDC_intput_V"": 0, ""Water_deep_cm"": 21.3}"
2025-09-20 19:29:03.706857271+00:00,ps-lb-21,2,-35,9.75,"{""Bat_V"": 3.576, ""Exti_pin_level"": ""Low"", ""Exti_status"": ""False"", ""IDC_intput_mA"": 5.703, ""IN1_pin_level"": ""Low"", ""IN2_pin_level"": ""Low"", ""Node_type"": ""PS-LB"", ""Probe_mod"": 0, ""VDC_intput_V"": 0, ""Water_deep_cm"": 21.288}"
2025-09-20 19:39:03.600486798+00:00,ps-lb-21,2,-33,10.0,"{""Bat_V"": 3.576, ""Exti_pin_level"": ""Low"", ""Exti_status"": ""False"", ""IDC_intput_mA"": 5.703, ""IN1_pin_level"": ""Low"", ""IN2_pin_level"": ""Low"", ""Node_type"": ""PS-LB"", ""Probe_mod"": 0, ""VDC_intput_V"": 0, ""Water_deep_cm"": 21.288}"
2025-09-20 19:49:03.495299892+00:00,ps-lb-21,2,-32,9.25,"{""Bat_V"": 3.576, ""Exti_pin_level"": ""Low"", ""Exti_status"": ""False"", ""IDC_intput_mA"": 5.703, ""IN1_pin_level"": ""Low"", ""IN2_pin_level"": ""Low"", ""Node_type"": ""PS-LB"", ""Probe_mod"": 0, ""VDC_intput_V"": 0, ""Water_deep_cm"": 21.288}"
2025-09-20 19:59:03.393141173+00:00,ps-lb-21,2,-32,9.5,"{""Bat_V"": 3.576, ""Exti_pin_level"": ""Low"", ""Exti_status"": ""False"", ""IDC_intput_mA"": 5.704, ""IN1_pin_level"": ""Low"", ""IN2_pin_level"": ""Low"", ""Node_type"": ""PS-LB"", ""Probe_mod"": 0, ""VDC_intput_V"": 0, ""Water_deep_cm"": 21.3}"
2025-09-20 20:09:03.321846306+00:00,ps-lb-21,2,-35,11.0,"{""Bat_V"": 3.576, ""Exti_pin_level"": ""Low"", ""Exti_status"": ""False"", ""IDC_intput_mA"": 5.704, ""IN1_pin_level"": ""Low"", ""IN2_pin_level"": ""Low"", ""Node_type"": ""PS-LB"", ""Probe_mod"": 0, ""VDC_intput_V"": 0, ""Water_deep_cm"": 21.3}"
2025-09-20 20:19:03.166599665+00:00,ps-lb-21,2,-33,10.75,"{""Bat_V"": 3.576, ""Exti_pin_level"": ""Low"", ""Exti_status"": ""False"", ""IDC_intput_mA"": 5.704, ""IN1_pin_level"": ""Low"", ""IN2_pin_level"": ""Low"", ""Node_type"": ""PS-LB"", ""Probe_mod"": 0, ""VDC_intput_V"": 0, ""Water_deep_cm"": 21.3}"
2025-09-20 20:29:03.062601685+00:00,ps-lb-21,2,-112,2.75,"{""Bat_V"": 3.576, ""Exti_pin_level"": ""Low"", ""Exti_status"": ""False"", ""IDC_intput_mA"": 5.704, ""IN1_pin_level"": ""Low"", ""IN2_pin_level"": ""Low"", ""Node_type"": ""PS-LB"", ""Probe_mod"": 0, ""VDC_intput_V"": 0, ""Water_deep_cm"": 21.3}"
2025-09-20 20:30:17.644436237+00:00,ps-lb-21,2,-32,8.25,"{""Bat_V"": 3.576, ""Exti_pin_level"": ""Low"", ""Exti_status"": ""False"", ""IDC_intput_mA"": 5.704, ""IN1_pin_level"": ""Low"", ""IN2_pin_level"": ""Low"", ""Node_type"": ""PS-LB"", ""Probe_mod"": 0, ""VDC_intput_V"": 0, ""Water_deep_cm"": 21.3}"
2025-09-20 20:31:17.638299752+00:00,ps-lb-21,2,-32,8.25,"{""Bat_V"": 3.576, ""Exti_pin_level"": ""Low"", ""Exti_status"": ""False"", ""IDC_intput_mA"": 5.704, ""IN1_pin_level"": ""Low"", ""IN2_pin_level"": ""Low"", ""Node_type"": ""PS-LB"", ""Probe_mod"": 0, ""VDC_intput_V"": 0, ""Water_deep_cm"": 21.3}"
2025-09-20 20:32:17.629919320+00:00,ps-lb-21,2,-35,9.25,"{""Bat_V"": 3.576, ""Exti_pin_level"": ""Low"", ""Exti_status"": ""False"", ""IDC_intput_mA"": 5.704, ""IN1_pin_level"": ""Low"", ""IN2_pin_level"": ""Low"", ""Node_type"": ""PS-LB"", ""Probe_mod"": 0, ""VDC_intput_V"": 0, ""Water_deep_cm"": 21.3}"
2025-09-20 21:32:31.554073765+00:00,ps-lb-21,2,-31,7.25,"{""Bat_V"": 3.576, ""Exti_pin_level"": ""Low"", ""Exti_status"": ""False"", ""IDC_intput_mA"": 5.703, ""IN1_pin_level"": ""Low"", ""IN2_pin_level"": ""Low"", ""Node_type"": ""PS-LB"", ""Probe_mod"": 0, ""VDC_intput_V"": 0, ""Water_deep_cm"": 21.288}"
2025-09-20 22:32:30.891644040+00:00,ps-lb-21,2,-33,9.75,"{""Bat_V"": 3.576, ""Exti_pin_level"": ""Low"", ""Exti_status"": ""False"", ""IDC_intput_mA"": 5.703, ""IN1_pin_level"": ""Low"", ""IN2_pin_level"": ""Low"", ""Node_type"": ""PS-LB"", ""Probe_mod"": 0, ""VDC_intput_V"": 0, ""Water_deep_cm"": 21.288}"
2025-09-20 23:32:30.252025155+00:00,ps-lb-21,2,-35,10.0,"{""Bat_V"": 3.576, ""Exti_pin_level"": ""Low"", ""Exti_status"": ""False"", ""IDC_intput_mA"": 5.703, ""IN1_pin_level"": ""Low"", ""IN2_pin_level"": ""Low"", ""Node_type"": ""PS-LB"", ""Probe_mod"": 0, ""VDC_intput_V"": 0, ""Water_deep_cm"": 21.288}"
2025-09-21 00:32:29.611859424+00:00,ps-lb-21,2,-33,10.25,"{""Bat_V"": 3.582, ""Exti_pin_level"": ""Low"", ""Exti_status"": ""False"", ""IDC_intput_mA"": 5.704, ""IN1_pin_level"": ""Low"", ""IN2_pin_level"": ""Low"", ""Node_type"": ""PS-LB"", ""Probe_mod"": 0, ""VDC_intput_V"": 0, ""Water_deep_cm"": 21.3}"
2025-09-21 01:32:28.940212847+00:00,ps-lb-21,2,-33,9.25,"{""Bat_V"": 3.582, ""Exti_pin_level"": ""Low"", ""Exti_status"": ""False"", ""IDC_intput_mA"": 5.703, ""IN1_pin_level"": ""Low"", ""IN2_pin_level"": ""Low"", ""Node_type"": ""PS-LB"", ""Probe_mod"": 0, ""VDC_intput_V"": 0, ""Water_deep_cm"": 21.288}"
2025-09-21 02:32:28.288973732+00:00,ps-lb-21,2,-33,9.25,"{""Bat_V"": 3.582, ""Exti_pin_level"": ""Low"", ""Exti_status"": ""False"", ""IDC_intput_mA"": 5.703, ""IN1_pin_level"": ""Low"", ""IN2_pin_level"": ""Low"", ""Node_type"": ""PS-LB"", ""Probe_mod"": 0, ""VDC_intput_V"": 0, ""Water_deep_cm"": 21.288}"
2025-09-21 03:32:27.629595659+00:00,ps-lb-21,2,-120,-3.0,"{""Bat_V"": 3.582, ""Exti_pin_level"": ""Low"", ""Exti_status"": ""False"", ""IDC_intput_mA"": 5.703, ""IN1_pin_level"": ""Low"", ""IN2_pin_level"": ""Low"", ""Node_type"": ""PS-LB"", ""Probe_mod"": 0, ""VDC_intput_V"": 0, ""Water_deep_cm"": 21.288}"
2025-09-21 04:32:26.979092880+00:00,ps-lb-21,2,-33,9.5,"{""Bat_V"": 3.582, ""Exti_pin_level"": ""Low"", ""Exti_status"": ""False"", ""IDC_intput_mA"": 5.703, ""IN1_pin_level"": ""Low"", ""IN2_pin_level"": ""Low"", ""Node_type"": ""PS-LB"", ""Probe_mod"": 0, ""VDC_intput_V"": 0, ""Water_deep_cm"": 21.288}"
2025-09-21 05:32:26.326010005+00:00,ps-lb-21,2,-33,8.0,"{""Bat_V"": 3.582, ""Exti_pin_level"": ""Low"", ""Exti_status"": ""False"", ""IDC_intput_mA"": 5.703, ""IN1_pin_level"": ""Low"", ""IN2_pin_level"": ""Low"", ""Node_type"": ""PS-LB"", ""Probe_mod"": 0, ""VDC_intput_V"": 0, ""Water_deep_cm"": 21.288}"
2025-09-21 06:32:25.672537304+00:00,ps-lb-21,2,-33,6.5,"{""Bat_V"": 3.582, ""Exti_pin_level"": ""Low"", ""Exti_status"": ""False"", ""IDC_intput_mA"": 5.703, ""IN1_pin_level"": ""Low"", ""IN2_pin_level"": ""Low"", ""Node_type"": ""PS-LB"", ""Probe_mod"": 0, ""VDC_intput_V"": 0, ""Water_deep_cm"": 21.288}"
2025-09-21 07:32:24.997530005+00:00,ps-lb-21,2,-33,10.25,"{""Bat_V"": 3.582, ""Exti_pin_level"": ""Low"", ""Exti_status"": ""False"", ""IDC_intput_mA"": 5.703, ""IN1_pin_level"": ""Low"", ""IN2_pin_level"": ""Low"", ""Node_type"": ""PS-LB"", ""Probe_mod"": 0, ""VDC_intput_V"": 0, ""Water_deep_cm"": 21.288}"
2025-09-21 08:32:24.358081028+00:00,ps-lb-21,2,-117,-0.5,"{""Bat_V"": 3.588, ""Exti_pin_level"": ""Low"", ""Exti_status"": ""False"", ""IDC_intput_mA"": 5.703, ""IN1_pin_level"": ""Low"", ""IN2_pin_level"": ""Low"", ""Node_type"": ""PS-LB"", ""Probe_mod"": 0, ""VDC_intput_V"": 0, ""Water_deep_cm"": 21.288}"
2025-09-21 09:32:23.725210488+00:00,ps-lb-21,2,-31,9.25,"{""Bat_V"": 3.588, ""Exti_pin_level"": ""Low"", ""Exti_status"": ""False"", ""IDC_intput_mA"": 5.702, ""IN1_pin_level"": ""Low"", ""IN2_pin_level"": ""Low"", ""Node_type"": ""PS-LB"", ""Probe_mod"": 0, ""VDC_intput_V"": 0, ""Water_deep_cm"": 21.275}"
2025-09-21 10:32:23.034921060+00:00,ps-lb-21,2,-33,9.5,"{""Bat_V"": 3.582, ""Exti_pin_level"": ""Low"", ""Exti_status"": ""False"", ""IDC_intput_mA"": 5.703, ""IN1_pin_level"": ""Low"", ""IN2_pin_level"": ""Low"", ""Node_type"": ""PS-LB"", ""Probe_mod"": 0, ""VDC_intput_V"": 0, ""Water_deep_cm"": 21.288}"
2025-09-21 11:32:22.379187960+00:00,ps-lb-21,2,-115,0.75,"{""Bat_V"": 3.588, ""Exti_pin_level"": ""Low"", ""Exti_status"": ""False"", ""IDC_intput_mA"": 5.703, ""IN1_pin_level"": ""Low"", ""IN2_pin_level"": ""Low"", ""Node_type"": ""PS-LB"", ""Probe_mod"": 0, ""VDC_intput_V"": 0, ""Water_deep_cm"": 21.288}"
2025-09-21 12:32:21.744732011+00:00,ps-lb-21,2,-35,10.25,"{""Bat_V"": 3.588, ""Exti_pin_level"": ""Low"", ""Exti_status"": ""False"", ""IDC_intput_mA"": 5.701, ""IN1_pin_level"": ""Low"", ""IN2_pin_level"": ""Low"", ""Node_type"": ""PS-LB"", ""Probe_mod"": 0, ""VDC_intput_V"": 0, ""Water_deep_cm"": 21.262}"
2025-09-21 13:32:21.076906750+00:00,ps-lb-21,2,-33,10.75,"{""Bat_V"": 3.588, ""Exti_pin_level"": ""Low"", ""Exti_status"": ""False"", ""IDC_intput_mA"": 5.701, ""IN1_pin_level"": ""Low"", ""IN2_pin_level"": ""Low"", ""Node_type"": ""PS-LB"", ""Probe_mod"": 0, ""VDC_intput_V"": 0, ""Water_deep_cm"": 21.262}"
2025-09-21 14:32:20.428345930+00:00,ps-lb-21,2,-33,7.75,"{""Bat_V"": 3.588, ""Exti_pin_level"": ""Low"", ""Exti_status"": ""False"", ""IDC_intput_mA"": 5.701, ""IN1_pin_level"": ""Low"", ""IN2_pin_level"": ""Low"", ""Node_type"": ""PS-LB"", ""Probe_mod"": 0, ""VDC_intput_V"": 0, ""Water_deep_cm"": 21.262}"
2025-09-21 15:32:19.782291528+00:00,ps-lb-21,2,-35,7.5,"{""Bat_V"": 3.588, ""Exti_pin_level"": ""Low"", ""Exti_status"": ""False"", ""IDC_intput_mA"": 5.701, ""IN1_pin_level"": ""Low"", ""IN2_pin_level"": ""Low"", ""Node_type"": ""PS-LB"", ""Probe_mod"": 0, ""VDC_intput_V"": 0, ""Water_deep_cm"": 21.262}"
2025-09-21 16:32:19.118581340+00:00,ps-lb-21,2,-120,-3.75,"{""Bat_V"": 3.588, ""Exti_pin_level"": ""Low"", ""Exti_status"": ""False"", ""IDC_intput_mA"": 5.701, ""IN1_pin_level"": ""Low"", ""IN2_pin_level"": ""Low"", ""Node_type"": ""PS-LB"", ""Probe_mod"": 0, ""VDC_intput_V"": 0, ""Water_deep_cm"": 21.262}"
2025-09-21 17:32:18.479639463+00:00,ps-lb-21,2,-35,10.75,"{""Bat_V"": 3.588, ""Exti_pin_level"": ""Low"", ""Exti_status"": ""False"", ""IDC_intput_mA"": 5.7, ""IN1_pin_level"": ""Low"", ""IN2_pin_level"": ""Low"", ""Node_type"": ""PS-LB"", ""Probe_mod"": 0, ""VDC_intput_V"": 0, ""Water_deep_cm"": 21.25}"
2025-09-21 18:32:17.808780067+00:00,ps-lb-21,2,-33,9.25,"{""Bat_V"": 3.588, ""Exti_pin_level"": ""Low"", ""Exti_status"": ""False"", ""IDC_intput_mA"": 5.7, ""IN1_pin_level"": ""Low"", ""IN2_pin_level"": ""Low"", ""Node_type"": ""PS-LB"", ""Probe_mod"": 0, ""VDC_intput_V"": 0, ""Water_deep_cm"": 21.25}"
2025-09-21 19:32:17.163793988+00:00,ps-lb-21,2,-113,2.5,"{""Bat_V"": 3.588, ""Exti_pin_level"": ""Low"", ""Exti_status"": ""False"", ""IDC_intput_mA"": 5.699, ""IN1_pin_level"": ""Low"", ""IN2_pin_level"": ""Low"", ""Node_type"": ""PS-LB"", ""Probe_mod"": 0, ""VDC_intput_V"": 0, ""Water_deep_cm"": 21.237}"
2025-09-21 20:32:16.521885146+00:00,ps-lb-21,2,-113,2.75,"{""Bat_V"": 3.594, ""Exti_pin_level"": ""Low"", ""Exti_status"": ""False"", ""IDC_intput_mA"": 5.699, ""IN1_pin_level"": ""Low"", ""IN2_pin_level"": ""Low"", ""Node_type"": ""PS-LB"", ""Probe_mod"": 0, ""VDC_intput_V"": 0, ""Water_deep_cm"": 21.237}"
2025-09-21 21:32:15.861253873+00:00,ps-lb-21,2,-33,10.25,"{""Bat_V"": 3.588, ""Exti_pin_level"": ""Low"", ""Exti_status"": ""False"", ""IDC_intput_mA"": 5.699, ""IN1_pin_level"": ""Low"", ""IN2_pin_level"": ""Low"", ""Node_type"": ""PS-LB"", ""Probe_mod"": 0, ""VDC_intput_V"": 0, ""Water_deep_cm"": 21.237}"
2025-09-21 22:32:15.202005877+00:00,ps-lb-21,2,-33,7.5,"{""Bat_V"": 3.588, ""Exti_pin_level"": ""Low"", ""Exti_status"": ""False"", ""IDC_intput_mA"": 5.698, ""IN1_pin_level"": ""Low"", ""IN2_pin_level"": ""Low"", ""Node_type"": ""PS-LB"", ""Probe_mod"": 0, ""VDC_intput_V"": 0, ""Water_deep_cm"": 21.225}"
2025-09-21 23:32:14.544152395+00:00,ps-lb-21,2,-32,9.5,"{""Bat_V"": 3.594, ""Exti_pin_level"": ""Low"", ""Exti_status"": ""False"", ""IDC_intput_mA"": 5.697, ""IN1_pin_level"": ""Low"", ""IN2_pin_level"": ""Low"", ""Node_type"": ""PS-LB"", ""Probe_mod"": 0, ""VDC_intput_V"": 0, ""Water_deep_cm"": 21.213}"
2025-09-22 00:32:13.905591526+00:00,ps-lb-21,2,-35,9.25,"{""Bat_V"": 3.594, ""Exti_pin_level"": ""Low"", ""Exti_status"": ""False"", ""IDC_intput_mA"": 5.697, ""IN1_pin_level"": ""Low"", ""IN2_pin_level"": ""Low"", ""Node_type"": ""PS-LB"", ""Probe_mod"": 0, ""VDC_intput_V"": 0, ""Water_deep_cm"": 21.213}"
2025-09-22 01:32:13.235876634+00:00,ps-lb-21,2,-33,10.0,"{""Bat_V"": 3.594, ""Exti_pin_level"": ""Low"", ""Exti_status"": ""False"", ""IDC_intput_mA"": 5.696, ""IN1_pin_level"": ""Low"", ""IN2_pin_level"": ""Low"", ""Node_type"": ""PS-LB"", ""Probe_mod"": 0, ""VDC_intput_V"": 0, ""Water_deep_cm"": 21.2}"
2025-09-22 02:32:12.587602236+00:00,ps-lb-21,2,-33,9.25,"{""Bat_V"": 3.588, ""Exti_pin_level"": ""Low"", ""Exti_status"": ""False"", ""IDC_intput_mA"": 5.696, ""IN1_pin_level"": ""Low"", ""IN2_pin_level"": ""Low"", ""Node_type"": ""PS-LB"", ""Probe_mod"": 0, ""VDC_intput_V"": 0, ""Water_deep_cm"": 21.2}"
2025-09-22 03:32:11.935132818+00:00,ps-lb-21,2,-33,10.0,"{""Bat_V"": 3.588, ""Exti_pin_level"": ""Low"", ""Exti_status"": ""False"", ""IDC_intput_mA"": 5.695, ""IN1_pin_level"": ""Low"", ""IN2_pin_level"": ""Low"", ""Node_type"": ""PS-LB"", ""Probe_mod"": 0, ""VDC_intput_V"": 0, ""Water_deep_cm"": 21.188}"
2025-09-22 04:32:11.267494335+00:00,ps-lb-21,2,-32,9.5,"{""Bat_V"": 3.588, ""Exti_pin_level"": ""Low"", ""Exti_status"": ""False"", ""IDC_intput_mA"": 5.694, ""IN1_pin_level"": ""Low"", ""IN2_pin_level"": ""Low"", ""Node_type"": ""PS-LB"", ""Probe_mod"": 0, ""VDC_intput_V"": 0, ""Water_deep_cm"": 21.175}"
2025-09-22 05:32:10.643316429+00:00,ps-lb-21,2,-33,10.75,"{""Bat_V"": 3.588, ""Exti_pin_level"": ""Low"", ""Exti_status"": ""False"", ""IDC_intput_mA"": 5.693, ""IN1_pin_level"": ""Low"", ""IN2_pin_level"": ""Low"", ""Node_type"": ""PS-LB"", ""Probe_mod"": 0, ""VDC_intput_V"": 0, ""Water_deep_cm"": 21.162}"
2025-09-22 06:32:09.996490978+00:00,ps-lb-21,2,-33,9.75,"{""Bat_V"": 3.594, ""Exti_pin_level"": ""Low"", ""Exti_status"": ""False"", ""IDC_intput_mA"": 5.692, ""IN1_pin_level"": ""Low"", ""IN2_pin_level"": ""Low"", ""Node_type"": ""PS-LB"", ""Probe_mod"": 0, ""VDC_intput_V"": 0, ""Water_deep_cm"": 21.15}"
2025-09-22 07:32:09.330726082+00:00,ps-lb-21,2,-114,-0.25,"{""Bat_V"": 3.594, ""Exti_pin_level"": ""Low"", ""Exti_status"": ""False"", ""IDC_intput_mA"": 5.692, ""IN1_pin_level"": ""Low"", ""IN2_pin_level"": ""Low"", ""Node_type"": ""PS-LB"", ""Probe_mod"": 0, ""VDC_intput_V"": 0, ""Water_deep_cm"": 21.15}"
2025-09-22 08:32:08.673014901+00:00,ps-lb-21,2,-120,-4.5,"{""Bat_V"": 3.588, ""Exti_pin_level"": ""Low"", ""Exti_status"": ""False"", ""IDC_intput_mA"": 5.691, ""IN1_pin_level"": ""Low"", ""IN2_pin_level"": ""Low"", ""Node_type"": ""PS-LB"", ""Probe_mod"": 0, ""VDC_intput_V"": 0, ""Water_deep_cm"": 21.137}"
2025-09-22 09:32:08.016499667+00:00,ps-lb-21,2,-35,9.75,"{""Bat_V"": 3.594, ""Exti_pin_level"": ""Low"", ""Exti_status"": ""False"", ""IDC_intput_mA"": 5.691, ""IN1_pin_level"": ""Low"", ""IN2_pin_level"": ""Low"", ""Node_type"": ""PS-LB"", ""Probe_mod"": 0, ""VDC_intput_V"": 0, ""Water_deep_cm"": 21.137}"
2025-09-22 10:32:07.373062483+00:00,ps-lb-21,2,-113,-3.25,"{""Bat_V"": 3.594, ""Exti_pin_level"": ""Low"", ""Exti_status"": ""False"", ""IDC_intput_mA"": 5.567, ""IN1_pin_level"": ""Low"", ""IN2_pin_level"": ""Low"", ""Node_type"": ""PS-LB"", ""Probe_mod"": 0, ""VDC_intput_V"": 0, ""Water_deep_cm"": 19.588}"
2025-09-22 11:32:06.725301937+00:00,ps-lb-21,2,-115,0.5,"{""Bat_V"": 3.588, ""Exti_pin_level"": ""Low"", ""Exti_status"": ""False"", ""IDC_intput_mA"": 5.567, ""IN1_pin_level"": ""Low"", ""IN2_pin_level"": ""Low"", ""Node_type"": ""PS-LB"", ""Probe_mod"": 0, ""VDC_intput_V"": 0, ""Water_deep_cm"": 19.588}"
2025-09-22 12:32:06.052717363+00:00,ps-lb-21,2,-118,-1.75,"{""Bat_V"": 3.594, ""Exti_pin_level"": ""Low"", ""Exti_status"": ""False"", ""IDC_intput_mA"": 5.566, ""IN1_pin_level"": ""Low"", ""IN2_pin_level"": ""Low"", ""Node_type"": ""PS-LB"", ""Probe_mod"": 0, ""VDC_intput_V"": 0, ""Water_deep_cm"": 19.575}"
2025-09-22 13:32:05.407186261+00:00,ps-lb-21,2,-27,9.5,"{""Bat_V"": 3.594, ""Exti_pin_level"": ""Low"", ""Exti_status"": ""False"", ""IDC_intput_mA"": 5.566, ""IN1_pin_level"": ""Low"", ""IN2_pin_level"": ""Low"", ""Node_type"": ""PS-LB"", ""Probe_mod"": 0, ""VDC_intput_V"": 0, ""Water_deep_cm"": 19.575}"
2025-09-22 14:32:04.763168089+00:00,ps-lb-21,2,-27,6.5,"{""Bat_V"": 3.594, ""Exti_pin_level"": ""Low"", ""Exti_status"": ""False"", ""IDC_intput_mA"": 5.565, ""IN1_pin_level"": ""Low"", ""IN2_pin_level"": ""Low"", ""Node_type"": ""PS-LB"", ""Probe_mod"": 0, ""VDC_intput_V"": 0, ""Water_deep_cm"": 19.563}"
2025-09-22 15:32:04.133549584+00:00,ps-lb-21,2,-26,9.5,"{""Bat_V"": 3.594, ""Exti_pin_level"": ""Low"", ""Exti_status"": ""False"", ""IDC_intput_mA"": 5.565, ""IN1_pin_level"": ""Low"", ""IN2_pin_level"": ""Low"", ""Node_type"": ""PS-LB"", ""Probe_mod"": 0, ""VDC_intput_V"": 0, ""Water_deep_cm"": 19.563}"
2025-09-22 16:32:03.464899392+00:00,ps-lb-21,2,-26,9.5,"{""Bat_V"": 3.594, ""Exti_pin_level"": ""Low"", ""Exti_status"": ""False"", ""IDC_intput_mA"": 5.564, ""IN1_pin_level"": ""Low"", ""IN2_pin_level"": ""Low"", ""Node_type"": ""PS-LB"", ""Probe_mod"": 0, ""VDC_intput_V"": 0, ""Water_deep_cm"": 19.55}"
2025-09-22 17:32:02.800594293+00:00,ps-lb-21,2,-27,9.25,"{""Bat_V"": 3.594, ""Exti_pin_level"": ""Low"", ""Exti_status"": ""False"", ""IDC_intput_mA"": 5.564, ""IN1_pin_level"": ""Low"", ""IN2_pin_level"": ""Low"", ""Node_type"": ""PS-LB"", ""Probe_mod"": 0, ""VDC_intput_V"": 0, ""Water_deep_cm"": 19.55}"
2025-09-22 18:32:02.156343496+00:00,ps-lb-21,2,-26,7.25,"{""Bat_V"": 3.588, ""Exti_pin_level"": ""Low"", ""Exti_status"": ""False"", ""IDC_intput_mA"": 5.563, ""IN1_pin_level"": ""Low"", ""IN2_pin_level"": ""Low"", ""Node_type"": ""PS-LB"", ""Probe_mod"": 0, ""VDC_intput_V"": 0, ""Water_deep_cm"": 19.537}"
2025-09-22 19:32:01.496565333+00:00,ps-lb-21,2,-26,9.5,"{""Bat_V"": 3.594, ""Exti_pin_level"": ""Low"", ""Exti_status"": ""False"", ""IDC_intput_mA"": 5.563, ""IN1_pin_level"": ""Low"", ""IN2_pin_level"": ""Low"", ""Node_type"": ""PS-LB"", ""Probe_mod"": 0, ""VDC_intput_V"": 0, ""Water_deep_cm"": 19.537}"
2025-09-22 20:32:00.833289564+00:00,ps-lb-21,2,-27,9.75,"{""Bat_V"": 3.594, ""Exti_pin_level"": ""Low"", ""Exti_status"": ""False"", ""IDC_intput_mA"": 5.562, ""IN1_pin_level"": ""Low"", ""IN2_pin_level"": ""Low"", ""Node_type"": ""PS-LB"", ""Probe_mod"": 0, ""VDC_intput_V"": 0, ""Water_deep_cm"": 19.525}"
2025-09-22 21:32:00.191215197+00:00,ps-lb-21,2,-116,0.25,"{""Bat_V"": 3.594, ""Exti_pin_level"": ""Low"", ""Exti_status"": ""False"", ""IDC_intput_mA"": 5.561, ""IN1_pin_level"": ""Low"", ""IN2_pin_level"": ""Low"", ""Node_type"": ""PS-LB"", ""Probe_mod"": 0, ""VDC_intput_V"": 0, ""Water_deep_cm"": 19.512}"
2025-09-22 22:31:59.554505092+00:00,ps-lb-21,2,-21,7.25,"{""Bat_V"": 3.594, ""Exti_pin_level"": ""Low"", ""Exti_status"": ""False"", ""IDC_intput_mA"": 5.561, ""IN1_pin_level"": ""Low"", ""IN2_pin_level"": ""Low"", ""Node_type"": ""PS-LB"", ""Probe_mod"": 0, ""VDC_intput_V"": 0, ""Water_deep_cm"": 19.512}"
2025-09-22 23:31:58.883397245+00:00,ps-lb-21,2,-26,9.0,"{""Bat_V"": 3.594, ""Exti_pin_level"": ""Low"", ""Exti_status"": ""False"", ""IDC_intput_mA"": 5.56, ""IN1_pin_level"": ""Low"", ""IN2_pin_level"": ""Low"", ""Node_type"": ""PS-LB"", ""Probe_mod"": 0, ""VDC_intput_V"": 0, ""Water_deep_cm"": 19.5}"
2025-09-23 00:31:58.231203329+00:00,ps-lb-21,2,-118,-2.25,"{""Bat_V"": 3.594, ""Exti_pin_level"": ""Low"", ""Exti_status"": ""False"", ""IDC_intput_mA"": 5.559, ""IN1_pin_level"": ""Low"", ""IN2_pin_level"": ""Low"", ""Node_type"": ""PS-LB"", ""Probe_mod"": 0, ""VDC_intput_V"": 0, ""Water_deep_cm"": 19.488}"
2025-09-23 01:31:57.572988035+00:00,ps-lb-21,2,-29,10.25,"{""Bat_V"": 3.594, ""Exti_pin_level"": ""Low"", ""Exti_status"": ""False"", ""IDC_intput_mA"": 5.559, ""IN1_pin_level"": ""Low"", ""IN2_pin_level"": ""Low"", ""Node_type"": ""PS-LB"", ""Probe_mod"": 0, ""VDC_intput_V"": 0, ""Water_deep_cm"": 19.488}"
2025-09-23 02:31:56.951311736+00:00,ps-lb-21,2,-27,7.25,"{""Bat_V"": 3.594, ""Exti_pin_level"": ""Low"", ""Exti_status"": ""False"", ""IDC_intput_mA"": 5.558, ""IN1_pin_level"": ""Low"", ""IN2_pin_level"": ""Low"", ""Node_type"": ""PS-LB"", ""Probe_mod"": 0, ""VDC_intput_V"": 0, ""Water_deep_cm"": 19.475}"
2025-09-23 03:31:56.282521299+00:00,ps-lb-21,2,-25,8.75,"{""Bat_V"": 3.594, ""Exti_pin_level"": ""Low"", ""Exti_status"": ""False"", ""IDC_intput_mA"": 5.557, ""IN1_pin_level"": ""Low"", ""IN2_pin_level"": ""Low"", ""Node_type"": ""PS-LB"", ""Probe_mod"": 0, ""VDC_intput_V"": 0, ""Water_deep_cm"": 19.463}"
2025-09-23 04:31:55.628234200+00:00,ps-lb-21,2,-27,9.75,"{""Bat_V"": 3.594, ""Exti_pin_level"": ""Low"", ""Exti_status"": ""False"", ""IDC_intput_mA"": 5.556, ""IN1_pin_level"": ""Low"", ""IN2_pin_level"": ""Low"", ""Node_type"": ""PS-LB"", ""Probe_mod"": 0, ""VDC_intput_V"": 0, ""Water_deep_cm"": 19.45}"
2025-09-23 05:31:54.979295906+00:00,ps-lb-21,2,-27,7.0,"{""Bat_V"": 3.594, ""Exti_pin_level"": ""Low"", ""Exti_status"": ""False"", ""IDC_intput_mA"": 5.555, ""IN1_pin_level"": ""Low"", ""IN2_pin_level"": ""Low"", ""Node_type"": ""PS-LB"", ""Probe_mod"": 0, ""VDC_intput_V"": 0, ""Water_deep_cm"": 19.437}"
2025-09-23 06:31:54.331535558+00:00,ps-lb-21,2,-119,-4.25,"{""Bat_V"": 3.594, ""Exti_pin_level"": ""Low"", ""Exti_status"": ""False"", ""IDC_intput_mA"": 5.555, ""IN1_pin_level"": ""Low"", ""IN2_pin_level"": ""Low"", ""Node_type"": ""PS-LB"", ""Probe_mod"": 0, ""VDC_intput_V"": 0, ""Water_deep_cm"": 19.437}"
2025-09-23 07:31:53.698149537+00:00,ps-lb-21,2,-29,10.5,"{""Bat_V"": 3.594, ""Exti_pin_level"": ""Low"", ""Exti_status"": ""False"", ""IDC_intput_mA"": 5.554, ""IN1_pin_level"": ""Low"", ""IN2_pin_level"": ""Low"", ""Node_type"": ""PS-LB"", ""Probe_mod"": 0, ""VDC_intput_V"": 0, ""Water_deep_cm"": 19.425}"
2025-09-23 08:31:53.049037703+00:00,ps-lb-21,2,-25,9.25,"{""Bat_V"": 3.588, ""Exti_pin_level"": ""Low"", ""Exti_status"": ""False"", ""IDC_intput_mA"": 5.553, ""IN1_pin_level"": ""Low"", ""IN2_pin_level"": ""Low"", ""Node_type"": ""PS-LB"", ""Probe_mod"": 0, ""VDC_intput_V"": 0, ""Water_deep_cm"": 19.412}"
2025-09-23 09:31:52.383411448+00:00,ps-lb-21,2,-31,10.5,"{""Bat_V"": 3.594, ""Exti_pin_level"": ""Low"", ""Exti_status"": ""False"", ""IDC_intput_mA"": 5.553, ""IN1_pin_level"": ""Low"", ""IN2_pin_level"": ""Low"", ""Node_type"": ""PS-LB"", ""Probe_mod"": 0, ""VDC_intput_V"": 0, ""Water_deep_cm"": 19.412}"
2025-09-23 10:31:51.742112385+00:00,ps-lb-21,2,-29,7.5,"{""Bat_V"": 3.594, ""Exti_pin_level"": ""Low"", ""Exti_status"": ""False"", ""IDC_intput_mA"": 5.553, ""IN1_pin_level"": ""Low"", ""IN2_pin_level"": ""Low"", ""Node_type"": ""PS-LB"", ""Probe_mod"": 0, ""VDC_intput_V"": 0, ""Water_deep_cm"": 19.412}"
2025-09-23 11:31:51.138491168+00:00,ps-lb-21,2,-118,-8.25,"{""Bat_V"": 3.594, ""Exti_pin_level"": ""Low"", ""Exti_status"": ""False"", ""IDC_intput_mA"": 5.553, ""IN1_pin_level"": ""Low"", ""IN2_pin_level"": ""Low"", ""Node_type"": ""PS-LB"", ""Probe_mod"": 0, ""VDC_intput_V"": 0, ""Water_deep_cm"": 19.412}"
2025-09-23 12:31:50.442874296+00:00,ps-lb-21,2,-27,10.0,"{""Bat_V"": 3.594, ""Exti_pin_level"": ""Low"", ""Exti_status"": ""False"", ""IDC_intput_mA"": 5.553, ""IN1_pin_level"": ""Low"", ""IN2_pin_level"": ""Low"", ""Node_type"": ""PS-LB"", ""Probe_mod"": 0, ""VDC_intput_V"": 0, ""Water_deep_cm"": 19.412}"
2025-09-23 13:31:49.777299248+00:00,ps-lb-21,2,-27,7.25,"{""Bat_V"": 3.594, ""Exti_pin_level"": ""Low"", ""Exti_status"": ""False"", ""IDC_intput_mA"": 5.552, ""IN1_pin_level"": ""Low"", ""IN2_pin_level"": ""Low"", ""Node_type"": ""PS-LB"", ""Probe_mod"": 0, ""VDC_intput_V"": 0, ""Water_deep_cm"": 19.4}"
2025-09-23 14:31:49.130434713+00:00,ps-lb-21,2,-26,7.0,"{""Bat_V"": 3.594, ""Exti_pin_level"": ""Low"", ""Exti_status"": ""False"", ""IDC_intput_mA"": 5.552, ""IN1_pin_level"": ""Low"", ""IN2_pin_level"": ""Low"", ""Node_type"": ""PS-LB"", ""Probe_mod"": 0, ""VDC_intput_V"": 0, ""Water_deep_cm"": 19.4}"
2025-09-23 15:31:48.475032314+00:00,ps-lb-21,2,-26,10.0,"{""Bat_V"": 3.594, ""Exti_pin_level"": ""Low"", ""Exti_status"": ""False"", ""IDC_intput_mA"": 5.552, ""IN1_pin_level"": ""Low"", ""IN2_pin_level"": ""Low"", ""Node_type"": ""PS-LB"", ""Probe_mod"": 0, ""VDC_intput_V"": 0, ""Water_deep_cm"": 19.4}"
2025-09-23 16:31:47.821009220+00:00,ps-lb-21,2,-27,9.75,"{""Bat_V"": 3.594, ""Exti_pin_level"": ""Low"", ""Exti_status"": ""False"", ""IDC_intput_mA"": 5.552, ""IN1_pin_level"": ""Low"", ""IN2_pin_level"": ""Low"", ""Node_type"": ""PS-LB"", ""Probe_mod"": 0, ""VDC_intput_V"": 0, ""Water_deep_cm"": 19.4}"
2025-09-23 17:31:47.173582465+00:00,ps-lb-21,2,-27,9.75,"{""Bat_V"": 3.594, ""Exti_pin_level"": ""Low"", ""Exti_status"": ""False"", ""IDC_intput_mA"": 5.552, ""IN1_pin_level"": ""Low"", ""IN2_pin_level"": ""Low"", ""Node_type"": ""PS-LB"", ""Probe_mod"": 0, ""VDC_intput_V"": 0, ""Water_deep_cm"": 19.4}"
2025-09-23 18:31:46.511854312+00:00,ps-lb-21,2,-26,7.25,"{""Bat_V"": 3.594, ""Exti_pin_level"": ""Low"", ""Exti_status"": ""False"", ""IDC_intput_mA"": 5.552, ""IN1_pin_level"": ""Low"", ""IN2_pin_level"": ""Low"", ""Node_type"": ""PS-LB"", ""Probe_mod"": 0, ""VDC_intput_V"": 0, ""Water_deep_cm"": 19.4}"
2025-09-23 19:31:45.863150409+00:00,ps-lb-21,2,-115,-0.5,"{""Bat_V"": 3.594, ""Exti_pin_level"": ""Low"", ""Exti_status"": ""False"", ""IDC_intput_mA"": 5.551, ""IN1_pin_level"": ""Low"", ""IN2_pin_level"": ""Low"", ""Node_type"": ""PS-LB"", ""Probe_mod"": 0, ""VDC_intput_V"": 0, ""Water_deep_cm"": 19.388}"
2025-09-23 20:31:45.212585413+00:00,ps-lb-21,2,-29,9.25,"{""Bat_V"": 3.594, ""Exti_pin_level"": ""Low"", ""Exti_status"": ""False"", ""IDC_intput_mA"": 5.551, ""IN1_pin_level"": ""Low"", ""IN2_pin_level"": ""Low"", ""Node_type"": ""PS-LB"", ""Probe_mod"": 0, ""VDC_intput_V"": 0, ""Water_deep_cm"": 19.388}"
2025-09-23 21:31:44.566972962+00:00,ps-lb-21,2,-116,-1.0,"{""Bat_V"": 3.594, ""Exti_pin_level"": ""Low"", ""Exti_status"": ""False"", ""IDC_intput_mA"": 5.55, ""IN1_pin_level"": ""Low"", ""IN2_pin_level"": ""Low"", ""Node_type"": ""PS-LB"", ""Probe_mod"": 0, ""VDC_intput_V"": 0, ""Water_deep_cm"": 19.375}"
2025-09-23 22:31:43.925358222+00:00,ps-lb-21,2,-25,8.75,"{""Bat_V"": 3.594, ""Exti_pin_level"": ""Low"", ""Exti_status"": ""False"", ""IDC_intput_mA"": 5.55, ""IN1_pin_level"": ""Low"", ""IN2_pin_level"": ""Low"", ""Node_type"": ""PS-LB"", ""Probe_mod"": 0, ""VDC_intput_V"": 0, ""Water_deep_cm"": 19.375}"
2025-09-23 23:31:43.270500074+00:00,ps-lb-21,2,-29,11.0,"{""Bat_V"": 3.594, ""Exti_pin_level"": ""Low"", ""Exti_status"": ""False"", ""IDC_intput_mA"": 5.549, ""IN1_pin_level"": ""Low"", ""IN2_pin_level"": ""Low"", ""Node_type"": ""PS-LB"", ""Probe_mod"": 0, ""VDC_intput_V"": 0, ""Water_deep_cm"": 19.363}"
2025-09-24 00:31:42.614698365+00:00,ps-lb-21,2,-27,9.75,"{""Bat_V"": 3.594, ""Exti_pin_level"": ""Low"", ""Exti_status"": ""False"", ""IDC_intput_mA"": 5.548, ""IN1_pin_level"": ""Low"", ""IN2_pin_level"": ""Low"", ""Node_type"": ""PS-LB"", ""Probe_mod"": 0, ""VDC_intput_V"": 0, ""Water_deep_cm"": 19.35}"
2025-09-24 01:31:41.965254554+00:00,ps-lb-21,2,-116,-0.5,"{""Bat_V"": 3.594, ""Exti_pin_level"": ""Low"", ""Exti_status"": ""False"", ""IDC_intput_mA"": 5.548, ""IN1_pin_level"": ""Low"", ""IN2_pin_level"": ""Low"", ""Node_type"": ""PS-LB"", ""Probe_mod"": 0, ""VDC_intput_V"": 0, ""Water_deep_cm"": 19.35}"
2025-09-24 02:31:41.311097499+00:00,ps-lb-21,2,-29,10.0,"{""Bat_V"": 3.594, ""Exti_pin_level"": ""Low"", ""Exti_status"": ""False"", ""IDC_intput_mA"": 5.547, ""IN1_pin_level"": ""Low"", ""IN2_pin_level"": ""Low"", ""Node_type"": ""PS-LB"", ""Probe_mod"": 0, ""VDC_intput_V"": 0, ""Water_deep_cm"": 19.337}"
2025-09-24 03:31:40.661882148+00:00,ps-lb-21,2,-25,9.5,"{""Bat_V"": 3.594, ""Exti_pin_level"": ""Low"", ""Exti_status"": ""False"", ""IDC_intput_mA"": 5.547, ""IN1_pin_level"": ""Low"", ""IN2_pin_level"": ""Low"", ""Node_type"": ""PS-LB"", ""Probe_mod"": 0, ""VDC_intput_V"": 0, ""Water_deep_cm"": 19.337}"
2025-09-24 04:31:40.024406763+00:00,ps-lb-21,2,-26,9.0,"{""Bat_V"": 3.594, ""Exti_pin_level"": ""Low"", ""Exti_status"": ""False"", ""IDC_intput_mA"": 5.546, ""IN1_pin_level"": ""Low"", ""IN2_pin_level"": ""Low"", ""Node_type"": ""PS-LB"", ""Probe_mod"": 0, ""VDC_intput_V"": 0, ""Water_deep_cm"": 19.325}"
2025-09-24 05:31:39.370693907+00:00,ps-lb-21,2,-25,7.0,"{""Bat_V"": 3.594, ""Exti_pin_level"": ""Low"", ""Exti_status"": ""False"", ""IDC_intput_mA"": 5.545, ""IN1_pin_level"": ""Low"", ""IN2_pin_level"": ""Low"", ""Node_type"": ""PS-LB"", ""Probe_mod"": 0, ""VDC_intput_V"": 0, ""Water_deep_cm"": 19.313}"
2025-09-24 06:31:38.721806488+00:00,ps-lb-21,2,-114,-5.25,"{""Bat_V"": 3.594, ""Exti_pin_level"": ""Low"", ""Exti_status"": ""False"", ""IDC_intput_mA"": 5.544, ""IN1_pin_level"": ""Low"", ""IN2_pin_level"": ""Low"", ""Node_type"": ""PS-LB"", ""Probe_mod"": 0, ""VDC_intput_V"": 0, ""Water_deep_cm"": 19.3}"
2025-09-24 07:31:38.086168927+00:00,ps-lb-21,2,-121,-5.0,"{""Bat_V"": 3.594, ""Exti_pin_level"": ""Low"", ""Exti_status"": ""False"", ""IDC_intput_mA"": 5.544, ""IN1_pin_level"": ""Low"", ""IN2_pin_level"": ""Low"", ""Node_type"": ""PS-LB"", ""Probe_mod"": 0, ""VDC_intput_V"": 0, ""Water_deep_cm"": 19.3}"
2025-09-24 08:31:37.417890107+00:00,ps-lb-21,2,-27,10.25,"{""Bat_V"": 3.594, ""Exti_pin_level"": ""Low"", ""Exti_status"": ""False"", ""IDC_intput_mA"": 5.544, ""IN1_pin_level"": ""Low"", ""IN2_pin_level"": ""Low"", ""Node_type"": ""PS-LB"", ""Probe_mod"": 0, ""VDC_intput_V"": 0, ""Water_deep_cm"": 19.3}"
2025-09-24 09:31:36.748170026+00:00,ps-lb-21,2,-27,9.25,"{""Bat_V"": 3.594, ""Exti_pin_level"": ""Low"", ""Exti_status"": ""False"", ""IDC_intput_mA"": 5.543, ""IN1_pin_level"": ""Low"", ""IN2_pin_level"": ""Low"", ""Node_type"": ""PS-LB"", ""Probe_mod"": 0, ""VDC_intput_V"": 0, ""Water_deep_cm"": 19.288}"
2025-09-24 10:31:36.116395533+00:00,ps-lb-21,2,-115,-5.5,"{""Bat_V"": 3.594, ""Exti_pin_level"": ""Low"", ""Exti_status"": ""False"", ""IDC_intput_mA"": 5.542, ""IN1_pin_level"": ""Low"", ""IN2_pin_level"": ""Low"", ""Node_type"": ""PS-LB"", ""Probe_mod"": 0, ""VDC_intput_V"": 0, ""Water_deep_cm"": 19.275}"
2025-09-24 11:31:35.473136898+00:00,ps-lb-21,2,-113,2.5,"{""Bat_V"": 3.594, ""Exti_pin_level"": ""Low"", ""Exti_status"": ""False"", ""IDC_intput_mA"": 5.543, ""IN1_pin_level"": ""Low"", ""IN2_pin_level"": ""Low"", ""Node_type"": ""PS-LB"", ""Probe_mod"": 0, ""VDC_intput_V"": 0, ""Water_deep_cm"": 19.288}"
2025-09-24 12:31:34.817721257+00:00,ps-lb-21,2,-26,9.25,"{""Bat_V"": 3.594, ""Exti_pin_level"": ""Low"", ""Exti_status"": ""False"", ""IDC_intput_mA"": 5.543, ""IN1_pin_level"": ""Low"", ""IN2_pin_level"": ""Low"", ""Node_type"": ""PS-LB"", ""Probe_mod"": 0, ""VDC_intput_V"": 0, ""Water_deep_cm"": 19.288}"
2025-09-24 13:31:34.162629194+00:00,ps-lb-21,2,-27,9.0,"{""Bat_V"": 3.6, ""Exti_pin_level"": ""Low"", ""Exti_status"": ""False"", ""IDC_intput_mA"": 5.542, ""IN1_pin_level"": ""Low"", ""IN2_pin_level"": ""Low"", ""Node_type"": ""PS-LB"", ""Probe_mod"": 0, ""VDC_intput_V"": 0, ""Water_deep_cm"": 19.275}"
2025-09-24 14:31:33.515016361+00:00,ps-lb-21,2,-27,6.5,"{""Bat_V"": 3.594, ""Exti_pin_level"": ""Low"", ""Exti_status"": ""False"", ""IDC_intput_mA"": 5.542, ""IN1_pin_level"": ""Low"", ""IN2_pin_level"": ""Low"", ""Node_type"": ""PS-LB"", ""Probe_mod"": 0, ""VDC_intput_V"": 0, ""Water_deep_cm"": 19.275}"
2025-09-24 15:31:32.860268906+00:00,ps-lb-21,2,-113,1.25,"{""Bat_V"": 3.594, ""Exti_pin_level"": ""Low"", ""Exti_status"": ""False"", ""IDC_intput_mA"": 5.542, ""IN1_pin_level"": ""Low"", ""IN2_pin_level"": ""Low"", ""Node_type"": ""PS-LB"", ""Probe_mod"": 0, ""VDC_intput_V"": 0, ""Water_deep_cm"": 19.275}"
2025-09-24 16:31:32.198263566+00:00,ps-lb-21,2,-114,1.75,"{""Bat_V"": 3.594, ""Exti_pin_level"": ""Low"", ""Exti_status"": ""False"", ""IDC_intput_mA"": 5.542, ""IN1_pin_level"": ""Low"", ""IN2_pin_level"": ""Low"", ""Node_type"": ""PS-LB"", ""Probe_mod"": 0, ""VDC_intput_V"": 0, ""Water_deep_cm"": 19.275}"
2025-09-24 17:31:31.559889004+00:00,ps-lb-21,2,-113,,"{""Bat_V"": 3.6, ""Exti_pin_level"": ""Low"", ""Exti_status"": ""False"", ""IDC_intput_mA"": 5.542, ""IN1_pin_level"": ""Low"", ""IN2_pin_level"": ""Low"", ""Node_type"": ""PS-LB"", ""Probe_mod"": 0, ""VDC_intput_V"": 0, ""Water_deep_cm"": 19.275}"
2025-09-24 18:31:30.913784748+00:00,ps-lb-21,2,-29,8.0,"{""Bat_V"": 3.594, ""Exti_pin_level"": ""Low"", ""Exti_status"": ""False"", ""IDC_intput_mA"": 5.541, ""IN1_pin_level"": ""Low"", ""IN2_pin_level"": ""Low"", ""Node_type"": ""PS-LB"", ""Probe_mod"": 0, ""VDC_intput_V"": 0, ""Water_deep_cm"": 19.263}"
2025-09-24 19:31:30.257643418+00:00,ps-lb-21,2,-26,9.75,"{""Bat_V"": 3.594, ""Exti_pin_level"": ""Low"", ""Exti_status"": ""False"", ""IDC_intput_mA"": 5.541, ""IN1_pin_level"": ""Low"", ""IN2_pin_level"": ""Low"", ""Node_type"": ""PS-LB"", ""Probe_mod"": 0, ""VDC_intput_V"": 0, ""Water_deep_cm"": 19.263}"
2025-09-24 20:31:29.611048415+00:00,ps-lb-21,2,-29,9.25,"{""Bat_V"": 3.594, ""Exti_pin_level"": ""Low"", ""Exti_status"": ""False"", ""IDC_intput_mA"": 5.541, ""IN1_pin_level"": ""Low"", ""IN2_pin_level"": ""Low"", ""Node_type"": ""PS-LB"", ""Probe_mod"": 0, ""VDC_intput_V"": 0, ""Water_deep_cm"": 19.263}"
2025-09-24 21:31:28.949270368+00:00,ps-lb-21,2,-24,9.75,"{""Bat_V"": 3.594, ""Exti_pin_level"": ""Low"", ""Exti_status"": ""False"", ""IDC_intput_mA"": 5.54, ""IN1_pin_level"": ""Low"", ""IN2_pin_level"": ""Low"", ""Node_type"": ""PS-LB"", ""Probe_mod"": 0, ""VDC_intput_V"": 0, ""Water_deep_cm"": 19.25}"
2025-09-24 22:31:28.310129008+00:00,ps-lb-21,2,-27,10.0,"{""Bat_V"": 3.594, ""Exti_pin_level"": ""Low"", ""Exti_status"": ""False"", ""IDC_intput_mA"": 5.54, ""IN1_pin_level"": ""Low"", ""IN2_pin_level"": ""Low"", ""Node_type"": ""PS-LB"", ""Probe_mod"": 0, ""VDC_intput_V"": 0, ""Water_deep_cm"": 19.25}"
2025-09-24 23:31:27.652737742+00:00,ps-lb-21,2,-116,0.75,"{""Bat_V"": 3.594, ""Exti_pin_level"": ""Low"", ""Exti_status"": ""False"", ""IDC_intput_mA"": 5.54, ""IN1_pin_level"": ""Low"", ""IN2_pin_level"": ""Low"", ""Node_type"": ""PS-LB"", ""Probe_mod"": 0, ""VDC_intput_V"": 0, ""Water_deep_cm"": 19.25}"
2025-09-25 00:31:27.021582301+00:00,ps-lb-21,2,-117,-1.75,"{""Bat_V"": 3.594, ""Exti_pin_level"": ""Low"", ""Exti_status"": ""False"", ""IDC_intput_mA"": 5.539, ""IN1_pin_level"": ""Low"", ""IN2_pin_level"": ""Low"", ""Node_type"": ""PS-LB"", ""Probe_mod"": 0, ""VDC_intput_V"": 0, ""Water_deep_cm"": 19.237}"
2025-09-25 01:31:26.351397145+00:00,ps-lb-21,2,-113,1.75,"{""Bat_V"": 3.594, ""Exti_pin_level"": ""Low"", ""Exti_status"": ""False"", ""IDC_intput_mA"": 5.538, ""IN1_pin_level"": ""Low"", ""IN2_pin_level"": ""Low"", ""Node_type"": ""PS-LB"", ""Probe_mod"": 0, ""VDC_intput_V"": 0, ""Water_deep_cm"": 19.225}"
2025-09-25 02:31:25.726900553+00:00,ps-lb-21,2,-111,3.5,"{""Bat_V"": 3.594, ""Exti_pin_level"": ""Low"", ""Exti_status"": ""False"", ""IDC_intput_mA"": 5.538, ""IN1_pin_level"": ""Low"", ""IN2_pin_level"": ""Low"", ""Node_type"": ""PS-LB"", ""Probe_mod"": 0, ""VDC_intput_V"": 0, ""Water_deep_cm"": 19.225}"
2025-09-25 03:31:25.069760476+00:00,ps-lb-21,2,-27,10.0,"{""Bat_V"": 3.594, ""Exti_pin_level"": ""Low"", ""Exti_status"": ""False"", ""IDC_intput_mA"": 5.537, ""IN1_pin_level"": ""Low"", ""IN2_pin_level"": ""Low"", ""Node_type"": ""PS-LB"", ""Probe_mod"": 0, ""VDC_intput_V"": 0, ""Water_deep_cm"": 19.212}"
2025-09-25 04:31:24.416183418+00:00,ps-lb-21,2,-27,10.25,"{""Bat_V"": 3.594, ""Exti_pin_level"": ""Low"", ""Exti_status"": ""False"", ""IDC_intput_mA"": 5.536, ""IN1_pin_level"": ""Low"", ""IN2_pin_level"": ""Low"", ""Node_type"": ""PS-LB"", ""Probe_mod"": 0, ""VDC_intput_V"": 0, ""Water_deep_cm"": 19.2}"
2025-09-25 05:31:23.763043290+00:00,ps-lb-21,2,-26,9.5,"{""Bat_V"": 3.594, ""Exti_pin_level"": ""Low"", ""Exti_status"": ""False"", ""IDC_intput_mA"": 5.536, ""IN1_pin_level"": ""Low"", ""IN2_pin_level"": ""Low"", ""Node_type"": ""PS-LB"", ""Probe_mod"": 0, ""VDC_intput_V"": 0, ""Water_deep_cm"": 19.2}"
2025-09-25 06:31:23.096431809+00:00,ps-lb-21,2,-29,6.25,"{""Bat_V"": 3.594, ""Exti_pin_level"": ""Low"", ""Exti_status"": ""False"", ""IDC_intput_mA"": 5.536, ""IN1_pin_level"": ""Low"", ""IN2_pin_level"": ""Low"", ""Node_type"": ""PS-LB"", ""Probe_mod"": 0, ""VDC_intput_V"": 0, ""Water_deep_cm"": 19.2}"
2025-09-25 07:31:22.461234789+00:00,ps-lb-21,2,-29,9.0,"{""Bat_V"": 3.6, ""Exti_pin_level"": ""Low"", ""Exti_status"": ""False"", ""IDC_intput_mA"": 5.536, ""IN1_pin_level"": ""Low"", ""IN2_pin_level"": ""Low"", ""Node_type"": ""PS-LB"", ""Probe_mod"": 0, ""VDC_intput_V"": 0, ""Water_deep_cm"": 19.2}"
2025-09-25 08:31:21.810038576+00:00,ps-lb-21,2,-27,9.75,"{""Bat_V"": 3.594, ""Exti_pin_level"": ""Low"", ""Exti_status"": ""False"", ""IDC_intput_mA"": 5.534, ""IN1_pin_level"": ""Low"", ""IN2_pin_level"": ""Low"", ""Node_type"": ""PS-LB"", ""Probe_mod"": 0, ""VDC_intput_V"": 0, ""Water_deep_cm"": 19.175}"
2025-09-25 09:31:21.150828538+00:00,ps-lb-21,2,-27,9.25,"{""Bat_V"": 3.594, ""Exti_pin_level"": ""Low"", ""Exti_status"": ""False"", ""IDC_intput_mA"": 5.534, ""IN1_pin_level"": ""Low"", ""IN2_pin_level"": ""Low"", ""Node_type"": ""PS-LB"", ""Probe_mod"": 0, ""VDC_intput_V"": 0, ""Water_deep_cm"": 19.175}"
2025-09-25 10:31:20.499238911+00:00,ps-lb-21,2,-27,8.0,"{""Bat_V"": 3.594, ""Exti_pin_level"": ""Low"", ""Exti_status"": ""False"", ""IDC_intput_mA"": 5.534, ""IN1_pin_level"": ""Low"", ""IN2_pin_level"": ""Low"", ""Node_type"": ""PS-LB"", ""Probe_mod"": 0, ""VDC_intput_V"": 0, ""Water_deep_cm"": 19.175}"
2025-09-25 11:31:19.869387715+00:00,ps-lb-21,2,-29,9.75,"{""Bat_V"": 3.594, ""Exti_pin_level"": ""Low"", ""Exti_status"": ""False"", ""IDC_intput_mA"": 5.534, ""IN1_pin_level"": ""Low"", ""IN2_pin_level"": ""Low"", ""Node_type"": ""PS-LB"", ""Probe_mod"": 0, ""VDC_intput_V"": 0, ""Water_deep_cm"": 19.175}"
2025-09-25 12:31:19.218456421+00:00,ps-lb-21,2,-27,9.5,"{""Bat_V"": 3.594, ""Exti_pin_level"": ""Low"", ""Exti_status"": ""False"", ""IDC_intput_mA"": 5.533, ""IN1_pin_level"": ""Low"", ""IN2_pin_level"": ""Low"", ""Node_type"": ""PS-LB"", ""Probe_mod"": 0, ""VDC_intput_V"": 0, ""Water_deep_cm"": 19.163}"
2025-09-25 13:31:18.561081035+00:00,ps-lb-21,2,-26,6.5,"{""Bat_V"": 3.594, ""Exti_pin_level"": ""Low"", ""Exti_status"": ""False"", ""IDC_intput_mA"": 5.533, ""IN1_pin_level"": ""Low"", ""IN2_pin_level"": ""Low"", ""Node_type"": ""PS-LB"", ""Probe_mod"": 0, ""VDC_intput_V"": 0, ""Water_deep_cm"": 19.163}"
2025-09-25 14:31:17.926089071+00:00,ps-lb-21,2,-116,-1.25,"{""Bat_V"": 3.594, ""Exti_pin_level"": ""Low"", ""Exti_status"": ""False"", ""IDC_intput_mA"": 5.532, ""IN1_pin_level"": ""Low"", ""IN2_pin_level"": ""Low"", ""Node_type"": ""PS-LB"", ""Probe_mod"": 0, ""VDC_intput_V"": 0, ""Water_deep_cm"": 19.15}"
2025-09-25 15:31:17.278280676+00:00,ps-lb-21,2,-27,9.75,"{""Bat_V"": 3.594, ""Exti_pin_level"": ""Low"", ""Exti_status"": ""False"", ""IDC_intput_mA"": 5.532, ""IN1_pin_level"": ""Low"", ""IN2_pin_level"": ""Low"", ""Node_type"": ""PS-LB"", ""Probe_mod"": 0, ""VDC_intput_V"": 0, ""Water_deep_cm"": 19.15}"
2025-09-25 16:31:16.632487287+00:00,ps-lb-21,2,-27,9.5,"{""Bat_V"": 3.594, ""Exti_pin_level"": ""Low"", ""Exti_status"": ""False"", ""IDC_intput_mA"": 5.532, ""IN1_pin_level"": ""Low"", ""IN2_pin_level"": ""Low"", ""Node_type"": ""PS-LB"", ""Probe_mod"": 0, ""VDC_intput_V"": 0, ""Water_deep_cm"": 19.15}"
2025-09-25 17:31:15.969224746+00:00,ps-lb-21,2,-118,-3.75,"{""Bat_V"": 3.594, ""Exti_pin_level"": ""Low"", ""Exti_status"": ""False"", ""IDC_intput_mA"": 5.531, ""IN1_pin_level"": ""Low"", ""IN2_pin_level"": ""Low"", ""Node_type"": ""PS-LB"", ""Probe_mod"": 0, ""VDC_intput_V"": 0, ""Water_deep_cm"": 19.137}"
2025-09-25 18:31:15.338194009+00:00,ps-lb-21,2,-26,9.25,"{""Bat_V"": 3.594, ""Exti_pin_level"": ""Low"", ""Exti_status"": ""False"", ""IDC_intput_mA"": 5.531, ""IN1_pin_level"": ""Low"", ""IN2_pin_level"": ""Low"", ""Node_type"": ""PS-LB"", ""Probe_mod"": 0, ""VDC_intput_V"": 0, ""Water_deep_cm"": 19.137}"
2025-09-25 19:31:14.661433643+00:00,ps-lb-21,2,-29,10.0,"{""Bat_V"": 3.594, ""Exti_pin_level"": ""Low"", ""Exti_status"": ""False"", ""IDC_intput_mA"": 5.531, ""IN1_pin_level"": ""Low"", ""IN2_pin_level"": ""Low"", ""Node_type"": ""PS-LB"", ""Probe_mod"": 0, ""VDC_intput_V"": 0, ""Water_deep_cm"": 19.137}"
2025-09-25 20:31:14.031777079+00:00,ps-lb-21,2,-29,9.5,"{""Bat_V"": 3.594, ""Exti_pin_level"": ""Low"", ""Exti_status"": ""False"", ""IDC_intput_mA"": 5.53, ""IN1_pin_level"": ""Low"", ""IN2_pin_level"": ""Low"", ""Node_type"": ""PS-LB"", ""Probe_mod"": 0, ""VDC_intput_V"": 0, ""Water_deep_cm"": 19.125}"
2025-09-25 21:31:13.376005553+00:00,ps-lb-21,2,-25,9.25,"{""Bat_V"": 3.594, ""Exti_pin_level"": ""Low"", ""Exti_status"": ""False"", ""IDC_intput_mA"": 5.53, ""IN1_pin_level"": ""Low"", ""IN2_pin_level"": ""Low"", ""Node_type"": ""PS-LB"", ""Probe_mod"": 0, ""VDC_intput_V"": 0, ""Water_deep_cm"": 19.125}"
2025-09-25 22:31:12.723423977+00:00,ps-lb-21,2,-30,7.25,"{""Bat_V"": 3.594, ""Exti_pin_level"": ""Low"", ""Exti_status"": ""False"", ""IDC_intput_mA"": 5.529, ""IN1_pin_level"": ""Low"", ""IN2_pin_level"": ""Low"", ""Node_type"": ""PS-LB"", ""Probe_mod"": 0, ""VDC_intput_V"": 0, ""Water_deep_cm"": 19.112}"
2025-09-25 23:31:12.084330177+00:00,ps-lb-21,2,-27,9.25,"{""Bat_V"": 3.594, ""Exti_pin_level"": ""Low"", ""Exti_status"": ""False"", ""IDC_intput_mA"": 5.529, ""IN1_pin_level"": ""Low"", ""IN2_pin_level"": ""Low"", ""Node_type"": ""PS-LB"", ""Probe_mod"": 0, ""VDC_intput_V"": 0, ""Water_deep_cm"": 19.112}"
2025-09-26 00:31:11.423187566+00:00,ps-lb-21,2,-27,10.0,"{""Bat_V"": 3.594, ""Exti_pin_level"": ""Low"", ""Exti_status"": ""False"", ""IDC_intput_mA"": 5.528, ""IN1_pin_level"": ""Low"", ""IN2_pin_level"": ""Low"", ""Node_type"": ""PS-LB"", ""Probe_mod"": 0, ""VDC_intput_V"": 0, ""Water_deep_cm"": 19.1}"
2025-09-26 01:31:10.782507495+00:00,ps-lb-21,2,-27,10.25,"{""Bat_V"": 3.594, ""Exti_pin_level"": ""Low"", ""Exti_status"": ""False"", ""IDC_intput_mA"": 5.527, ""IN1_pin_level"": ""Low"", ""IN2_pin_level"": ""Low"", ""Node_type"": ""PS-LB"", ""Probe_mod"": 0, ""VDC_intput_V"": 0, ""Water_deep_cm"": 19.088}"
2025-09-26 02:31:10.141119351+00:00,ps-lb-21,2,-27,9.75,"{""Bat_V"": 3.594, ""Exti_pin_level"": ""Low"", ""Exti_status"": ""False"", ""IDC_intput_mA"": 5.527, ""IN1_pin_level"": ""Low"", ""IN2_pin_level"": ""Low"", ""Node_type"": ""PS-LB"", ""Probe_mod"": 0, ""VDC_intput_V"": 0, ""Water_deep_cm"": 19.088}"
2025-09-26 03:31:09.489686304+00:00,ps-lb-21,2,-29,10.75,"{""Bat_V"": 3.594, ""Exti_pin_level"": ""Low"", ""Exti_status"": ""False"", ""IDC_intput_mA"": 5.527, ""IN1_pin_level"": ""Low"", ""IN2_pin_level"": ""Low"", ""Node_type"": ""PS-LB"", ""Probe_mod"": 0, ""VDC_intput_V"": 0, ""Water_deep_cm"": 19.088}"
2025-09-26 04:31:08.844568828+00:00,ps-lb-21,2,-29,10.0,"{""Bat_V"": 3.594, ""Exti_pin_level"": ""Low"", ""Exti_status"": ""False"", ""IDC_intput_mA"": 5.526, ""IN1_pin_level"": ""Low"", ""IN2_pin_level"": ""Low"", ""Node_type"": ""PS-LB"", ""Probe_mod"": 0, ""VDC_intput_V"": 0, ""Water_deep_cm"": 19.075}"
2025-09-26 05:31:08.197934785+00:00,ps-lb-21,2,-27,10.0,"{""Bat_V"": 3.594, ""Exti_pin_level"": ""Low"", ""Exti_status"": ""False"", ""IDC_intput_mA"": 5.525, ""IN1_pin_level"": ""Low"", ""IN2_pin_level"": ""Low"", ""Node_type"": ""PS-LB"", ""Probe_mod"": 0, ""VDC_intput_V"": 0, ""Water_deep_cm"": 19.063}"
2025-09-26 06:31:07.545623201+00:00,ps-lb-21,2,-26,9.75,"{""Bat_V"": 3.594, ""Exti_pin_level"": ""Low"", ""Exti_status"": ""False"", ""IDC_intput_mA"": 5.525, ""IN1_pin_level"": ""Low"", ""IN2_pin_level"": ""Low"", ""Node_type"": ""PS-LB"", ""Probe_mod"": 0, ""VDC_intput_V"": 0, ""Water_deep_cm"": 19.063}"
2025-09-26 07:31:06.893453227+00:00,ps-lb-21,2,-26,7.25,"{""Bat_V"": 3.594, ""Exti_pin_level"": ""Low"", ""Exti_status"": ""False"", ""IDC_intput_mA"": 5.525, ""IN1_pin_level"": ""Low"", ""IN2_pin_level"": ""Low"", ""Node_type"": ""PS-LB"", ""Probe_mod"": 0, ""VDC_intput_V"": 0, ""Water_deep_cm"": 19.063}"
2025-09-26 08:31:06.251303792+00:00,ps-lb-21,2,-26,8.5,"{""Bat_V"": 3.594, ""Exti_pin_level"": ""Low"", ""Exti_status"": ""False"", ""IDC_intput_mA"": 5.525, ""IN1_pin_level"": ""Low"", ""IN2_pin_level"": ""Low"", ""Node_type"": ""PS-LB"", ""Probe_mod"": 0, ""VDC_intput_V"": 0, ""Water_deep_cm"": 19.063}"
2025-09-26 09:31:05.632362235+00:00,ps-lb-21,2,-117,-7.5,"{""Bat_V"": 3.594, ""Exti_pin_level"": ""Low"", ""Exti_status"": ""False"", ""IDC_intput_mA"": 5.524, ""IN1_pin_level"": ""Low"", ""IN2_pin_level"": ""Low"", ""Node_type"": ""PS-LB"", ""Probe_mod"": 0, ""VDC_intput_V"": 0, ""Water_deep_cm"": 19.05}"
2025-09-26 10:31:04.955753472+00:00,ps-lb-21,2,-26,6.75,"{""Bat_V"": 3.594, ""Exti_pin_level"": ""Low"", ""Exti_status"": ""False"", ""IDC_intput_mA"": 5.524, ""IN1_pin_level"": ""Low"", ""IN2_pin_level"": ""Low"", ""Node_type"": ""PS-LB"", ""Probe_mod"": 0, ""VDC_intput_V"": 0, ""Water_deep_cm"": 19.05}"
2025-09-26 11:31:04.289502771+00:00,ps-lb-21,2,-115,0.5,"{""Bat_V"": 3.594, ""Exti_pin_level"": ""Low"", ""Exti_status"": ""False"", ""IDC_intput_mA"": 5.524, ""IN1_pin_level"": ""Low"", ""IN2_pin_level"": ""Low"", ""Node_type"": ""PS-LB"", ""Probe_mod"": 0, ""VDC_intput_V"": 0, ""Water_deep_cm"": 19.05}"
2025-09-26 12:31:03.675395096+00:00,ps-lb-21,2,-25,9.5,"{""Bat_V"": 3.594, ""Exti_pin_level"": ""Low"", ""Exti_status"": ""False"", ""IDC_intput_mA"": 5.524, ""IN1_pin_level"": ""Low"", ""IN2_pin_level"": ""Low"", ""Node_type"": ""PS-LB"", ""Probe_mod"": 0, ""VDC_intput_V"": 0, ""Water_deep_cm"": 19.05}"
2025-09-26 13:31:03.024596393+00:00,ps-lb-21,2,-27,9.5,"{""Bat_V"": 3.594, ""Exti_pin_level"": ""Low"", ""Exti_status"": ""False"", ""IDC_intput_mA"": 5.524, ""IN1_pin_level"": ""Low"", ""IN2_pin_level"": ""Low"", ""Node_type"": ""PS-LB"", ""Probe_mod"": 0, ""VDC_intput_V"": 0, ""Water_deep_cm"": 19.05}"
2025-09-26 14:31:02.374221035+00:00,ps-lb-21,2,-32,6.5,"{""Bat_V"": 3.594, ""Exti_pin_level"": ""Low"", ""Exti_status"": ""False"", ""IDC_intput_mA"": 5.524, ""IN1_pin_level"": ""Low"", ""IN2_pin_level"": ""Low"", ""Node_type"": ""PS-LB"", ""Probe_mod"": 0, ""VDC_intput_V"": 0, ""Water_deep_cm"": 19.05}"
2025-09-26 15:31:01.729883538+00:00,ps-lb-21,2,-25,7.25,"{""Bat_V"": 3.594, ""Exti_pin_level"": ""Low"", ""Exti_status"": ""False"", ""IDC_intput_mA"": 5.523, ""IN1_pin_level"": ""Low"", ""IN2_pin_level"": ""Low"", ""Node_type"": ""PS-LB"", ""Probe_mod"": 0, ""VDC_intput_V"": 0, ""Water_deep_cm"": 19.037}"
2025-09-26 16:31:01.067349486+00:00,ps-lb-21,2,-25,8.75,"{""Bat_V"": 3.594, ""Exti_pin_level"": ""Low"", ""Exti_status"": ""False"", ""IDC_intput_mA"": 5.523, ""IN1_pin_level"": ""Low"", ""IN2_pin_level"": ""Low"", ""Node_type"": ""PS-LB"", ""Probe_mod"": 0, ""VDC_intput_V"": 0, ""Water_deep_cm"": 19.037}"
2025-09-26 17:31:00.432986851+00:00,ps-lb-21,2,-27,9.75,"{""Bat_V"": 3.594, ""Exti_pin_level"": ""Low"", ""Exti_status"": ""False"", ""IDC_intput_mA"": 5.523, ""IN1_pin_level"": ""Low"", ""IN2_pin_level"": ""Low"", ""Node_type"": ""PS-LB"", ""Probe_mod"": 0, ""VDC_intput_V"": 0, ""Water_deep_cm"": 19.037}"
2025-09-26 18:30:59.784307829+00:00,ps-lb-21,2,-27,9.75,"{""Bat_V"": 3.594, ""Exti_pin_level"": ""Low"", ""Exti_status"": ""False"", ""IDC_intput_mA"": 5.523, ""IN1_pin_level"": ""Low"", ""IN2_pin_level"": ""Low"", ""Node_type"": ""PS-LB"", ""Probe_mod"": 0, ""VDC_intput_V"": 0, ""Water_deep_cm"": 19.037}"
2025-09-26 19:30:59.129689362+00:00,ps-lb-21,2,-25,9.0,"{""Bat_V"": 3.594, ""Exti_pin_level"": ""Low"", ""Exti_status"": ""False"", ""IDC_intput_mA"": 5.523, ""IN1_pin_level"": ""Low"", ""IN2_pin_level"": ""Low"", ""Node_type"": ""PS-LB"", ""Probe_mod"": 0, ""VDC_intput_V"": 0, ""Water_deep_cm"": 19.037}"
2025-09-26 20:30:58.476295803+00:00,ps-lb-21,2,-121,-5.5,"{""Bat_V"": 3.594, ""Exti_pin_level"": ""Low"", ""Exti_status"": ""False"", ""IDC_intput_mA"": 5.523, ""IN1_pin_level"": ""Low"", ""IN2_pin_level"": ""Low"", ""Node_type"": ""PS-LB"", ""Probe_mod"": 0, ""VDC_intput_V"": 0, ""Water_deep_cm"": 19.037}"
2025-09-26 21:30:57.837414921+00:00,ps-lb-21,2,-25,6.5,"{""Bat_V"": 3.594, ""Exti_pin_level"": ""Low"", ""Exti_status"": ""False"", ""IDC_intput_mA"": 5.523, ""IN1_pin_level"": ""Low"", ""IN2_pin_level"": ""Low"", ""Node_type"": ""PS-LB"", ""Probe_mod"": 0, ""VDC_intput_V"": 0, ""Water_deep_cm"": 19.037}"
2025-09-26 22:30:57.170206287+00:00,ps-lb-21,2,-23,7.25,"{""Bat_V"": 3.594, ""Exti_pin_level"": ""Low"", ""Exti_status"": ""False"", ""IDC_intput_mA"": 5.522, ""IN1_pin_level"": ""Low"", ""IN2_pin_level"": ""Low"", ""Node_type"": ""PS-LB"", ""Probe_mod"": 0, ""VDC_intput_V"": 0, ""Water_deep_cm"": 19.025}"
2025-09-26 23:30:56.530095484+00:00,ps-lb-21,2,-27,10.0,"{""Bat_V"": 3.594, ""Exti_pin_level"": ""Low"", ""Exti_status"": ""False"", ""IDC_intput_mA"": 5.522, ""IN1_pin_level"": ""Low"", ""IN2_pin_level"": ""Low"", ""Node_type"": ""PS-LB"", ""Probe_mod"": 0, ""VDC_intput_V"": 0, ""Water_deep_cm"": 19.025}"
2025-09-27 00:30:55.886897490+00:00,ps-lb-21,2,-25,9.5,"{""Bat_V"": 3.594, ""Exti_pin_level"": ""Low"", ""Exti_status"": ""False"", ""IDC_intput_mA"": 5.521, ""IN1_pin_level"": ""Low"", ""IN2_pin_level"": ""Low"", ""Node_type"": ""PS-LB"", ""Probe_mod"": 0, ""VDC_intput_V"": 0, ""Water_deep_cm"": 19.012}"
2025-09-27 01:30:55.244630670+00:00,ps-lb-21,2,-29,9.25,"{""Bat_V"": 3.594, ""Exti_pin_level"": ""Low"", ""Exti_status"": ""False"", ""IDC_intput_mA"": 5.521, ""IN1_pin_level"": ""Low"", ""IN2_pin_level"": ""Low"", ""Node_type"": ""PS-LB"", ""Probe_mod"": 0, ""VDC_intput_V"": 0, ""Water_deep_cm"": 19.012}"
2025-09-27 02:30:54.571313890+00:00,ps-lb-21,2,-25,9.25,"{""Bat_V"": 3.594, ""Exti_pin_level"": ""Low"", ""Exti_status"": ""False"", ""IDC_intput_mA"": 5.521, ""IN1_pin_level"": ""Low"", ""IN2_pin_level"": ""Low"", ""Node_type"": ""PS-LB"", ""Probe_mod"": 0, ""VDC_intput_V"": 0, ""Water_deep_cm"": 19.012}"
2025-09-27 03:30:53.936867225+00:00,ps-lb-21,2,-25,9.75,"{""Bat_V"": 3.594, ""Exti_pin_level"": ""Low"", ""Exti_status"": ""False"", ""IDC_intput_mA"": 5.521, ""IN1_pin_level"": ""Low"", ""IN2_pin_level"": ""Low"", ""Node_type"": ""PS-LB"", ""Probe_mod"": 0, ""VDC_intput_V"": 0, ""Water_deep_cm"": 19.012}"
2025-09-27 04:30:53.286257053+00:00,ps-lb-21,2,-27,10.5,"{""Bat_V"": 3.594, ""Exti_pin_level"": ""Low"", ""Exti_status"": ""False"", ""IDC_intput_mA"": 5.52, ""IN1_pin_level"": ""Low"", ""IN2_pin_level"": ""Low"", ""Node_type"": ""PS-LB"", ""Probe_mod"": 0, ""VDC_intput_V"": 0, ""Water_deep_cm"": 19}"
2025-09-27 05:30:52.649616570+00:00,ps-lb-21,2,-26,7.5,"{""Bat_V"": 3.594, ""Exti_pin_level"": ""Low"", ""Exti_status"": ""False"", ""IDC_intput_mA"": 5.52, ""IN1_pin_level"": ""Low"", ""IN2_pin_level"": ""Low"", ""Node_type"": ""PS-LB"", ""Probe_mod"": 0, ""VDC_intput_V"": 0, ""Water_deep_cm"": 19}"
2025-09-27 06:30:51.995919333+00:00,ps-lb-21,2,-121,-7.0,"{""Bat_V"": 3.594, ""Exti_pin_level"": ""Low"", ""Exti_status"": ""False"", ""IDC_intput_mA"": 5.519, ""IN1_pin_level"": ""Low"", ""IN2_pin_level"": ""Low"", ""Node_type"": ""PS-LB"", ""Probe_mod"": 0, ""VDC_intput_V"": 0, ""Water_deep_cm"": 18.988}"
2025-09-27 07:30:51.356777846+00:00,ps-lb-21,2,-29,10.25,"{""Bat_V"": 3.594, ""Exti_pin_level"": ""Low"", ""Exti_status"": ""False"", ""IDC_intput_mA"": 5.519, ""IN1_pin_level"": ""Low"", ""IN2_pin_level"": ""Low"", ""Node_type"": ""PS-LB"", ""Probe_mod"": 0, ""VDC_intput_V"": 0, ""Water_deep_cm"": 18.988}"
2025-09-27 08:30:50.704697534+00:00,ps-lb-21,2,-25,8.75,"{""Bat_V"": 3.594, ""Exti_pin_level"": ""Low"", ""Exti_status"": ""False"", ""IDC_intput_mA"": 5.519, ""IN1_pin_level"": ""Low"", ""IN2_pin_level"": ""Low"", ""Node_type"": ""PS-LB"", ""Probe_mod"": 0, ""VDC_intput_V"": 0, ""Water_deep_cm"": 18.988}"
2025-09-27 09:30:50.070423368+00:00,ps-lb-21,2,-25,9.25,"{""Bat_V"": 3.594, ""Exti_pin_level"": ""Low"", ""Exti_status"": ""False"", ""IDC_intput_mA"": 5.519, ""IN1_pin_level"": ""Low"", ""IN2_pin_level"": ""Low"", ""Node_type"": ""PS-LB"", ""Probe_mod"": 0, ""VDC_intput_V"": 0, ""Water_deep_cm"": 18.988}"
2025-09-27 10:30:49.412657095+00:00,ps-lb-21,2,-116,-0.75,"{""Bat_V"": 3.594, ""Exti_pin_level"": ""Low"", ""Exti_status"": ""False"", ""IDC_intput_mA"": 5.518, ""IN1_pin_level"": ""Low"", ""IN2_pin_level"": ""Low"", ""Node_type"": ""PS-LB"", ""Probe_mod"": 0, ""VDC_intput_V"": 0, ""Water_deep_cm"": 18.975}"
2025-09-27 11:30:48.765766282+00:00,ps-lb-21,2,-25,9.75,"{""Bat_V"": 3.594, ""Exti_pin_level"": ""Low"", ""Exti_status"": ""False"", ""IDC_intput_mA"": 5.518, ""IN1_pin_level"": ""Low"", ""IN2_pin_level"": ""Low"", ""Node_type"": ""PS-LB"", ""Probe_mod"": 0, ""VDC_intput_V"": 0, ""Water_deep_cm"": 18.975}"
2025-09-27 12:30:48.112614907+00:00,ps-lb-21,2,-26,9.5,"{""Bat_V"": 3.594, ""Exti_pin_level"": ""Low"", ""Exti_status"": ""False"", ""IDC_intput_mA"": 5.517, ""IN1_pin_level"": ""Low"", ""IN2_pin_level"": ""Low"", ""Node_type"": ""PS-LB"", ""Probe_mod"": 0, ""VDC_intput_V"": 0, ""Water_deep_cm"": 18.963}"
2025-09-27 13:30:47.473936097+00:00,ps-lb-21,2,-121,-5.0,"{""Bat_V"": 3.594, ""Exti_pin_level"": ""Low"", ""Exti_status"": ""False"", ""IDC_intput_mA"": 5.517, ""IN1_pin_level"": ""Low"", ""IN2_pin_level"": ""Low"", ""Node_type"": ""PS-LB"", ""Probe_mod"": 0, ""VDC_intput_V"": 0, ""Water_deep_cm"": 18.963}"
2025-09-27 14:30:46.826203699+00:00,ps-lb-21,2,-26,7.0,"{""Bat_V"": 3.594, ""Exti_pin_level"": ""Low"", ""Exti_status"": ""False"", ""IDC_intput_mA"": 5.517, ""IN1_pin_level"": ""Low"", ""IN2_pin_level"": ""Low"", ""Node_type"": ""PS-LB"", ""Probe_mod"": 0, ""VDC_intput_V"": 0, ""Water_deep_cm"": 18.963}"
2025-09-27 15:30:46.176708419+00:00,ps-lb-21,2,-27,8.0,"{""Bat_V"": 3.594, ""Exti_pin_level"": ""Low"", ""Exti_status"": ""False"", ""IDC_intput_mA"": 5.517, ""IN1_pin_level"": ""Low"", ""IN2_pin_level"": ""Low"", ""Node_type"": ""PS-LB"", ""Probe_mod"": 0, ""VDC_intput_V"": 0, ""Water_deep_cm"": 18.963}"
2025-09-27 16:30:45.534501522+00:00,ps-lb-21,2,-25,8.75,"{""Bat_V"": 3.594, ""Exti_pin_level"": ""Low"", ""Exti_status"": ""False"", ""IDC_intput_mA"": 5.517, ""IN1_pin_level"": ""Low"", ""IN2_pin_level"": ""Low"", ""Node_type"": ""PS-LB"", ""Probe_mod"": 0, ""VDC_intput_V"": 0, ""Water_deep_cm"": 18.963}"
2025-09-27 17:30:44.859238340+00:00,ps-lb-21,2,-115,-7.25,"{""Bat_V"": 3.594, ""Exti_pin_level"": ""Low"", ""Exti_status"": ""False"", ""IDC_intput_mA"": 5.517, ""IN1_pin_level"": ""Low"", ""IN2_pin_level"": ""Low"", ""Node_type"": ""PS-LB"", ""Probe_mod"": 0, ""VDC_intput_V"": 0, ""Water_deep_cm"": 18.963}"
2025-09-27 18:30:44.228109788+00:00,ps-lb-21,2,-27,7.75,"{""Bat_V"": 3.594, ""Exti_pin_level"": ""Low"", ""Exti_status"": ""False"", ""IDC_intput_mA"": 5.516, ""IN1_pin_level"": ""Low"", ""IN2_pin_level"": ""Low"", ""Node_type"": ""PS-LB"", ""Probe_mod"": 0, ""VDC_intput_V"": 0, ""Water_deep_cm"": 18.95}"
2025-09-27 19:30:43.586839988+00:00,ps-lb-21,2,-27,9.25,"{""Bat_V"": 3.594, ""Exti_pin_level"": ""Low"", ""Exti_status"": ""False"", ""IDC_intput_mA"": 5.516, ""IN1_pin_level"": ""Low"", ""IN2_pin_level"": ""Low"", ""Node_type"": ""PS-LB"", ""Probe_mod"": 0, ""VDC_intput_V"": 0, ""Water_deep_cm"": 18.95}"
2025-09-27 20:30:42.949827430+00:00,ps-lb-21,2,-29,10.75,"{""Bat_V"": 3.594, ""Exti_pin_level"": ""Low"", ""Exti_status"": ""False"", ""IDC_intput_mA"": 5.516, ""IN1_pin_level"": ""Low"", ""IN2_pin_level"": ""Low"", ""Node_type"": ""PS-LB"", ""Probe_mod"": 0, ""VDC_intput_V"": 0, ""Water_deep_cm"": 18.95}"
2025-09-27 21:30:42.290787233+00:00,ps-lb-21,2,-118,-1.75,"{""Bat_V"": 3.594, ""Exti_pin_level"": ""Low"", ""Exti_status"": ""False"", ""IDC_intput_mA"": 5.516, ""IN1_pin_level"": ""Low"", ""IN2_pin_level"": ""Low"", ""Node_type"": ""PS-LB"", ""Probe_mod"": 0, ""VDC_intput_V"": 0, ""Water_deep_cm"": 18.95}"
2025-09-27 22:30:41.637042998+00:00,ps-lb-21,2,-27,6.5,"{""Bat_V"": 3.594, ""Exti_pin_level"": ""Low"", ""Exti_status"": ""False"", ""IDC_intput_mA"": 5.515, ""IN1_pin_level"": ""Low"", ""IN2_pin_level"": ""Low"", ""Node_type"": ""PS-LB"", ""Probe_mod"": 0, ""VDC_intput_V"": 0, ""Water_deep_cm"": 18.937}"
2025-09-27 23:30:40.994384444+00:00,ps-lb-21,2,-115,,"{""Bat_V"": 3.594, ""Exti_pin_level"": ""Low"", ""Exti_status"": ""False"", ""IDC_intput_mA"": 5.515, ""IN1_pin_level"": ""Low"", ""IN2_pin_level"": ""Low"", ""Node_type"": ""PS-LB"", ""Probe_mod"": 0, ""VDC_intput_V"": 0, ""Water_deep_cm"": 18.937}"
2025-09-28 00:30:40.341878668+00:00,ps-lb-21,2,-27,9.25,"{""Bat_V"": 3.594, ""Exti_pin_level"": ""Low"", ""Exti_status"": ""False"", ""IDC_intput_mA"": 5.515, ""IN1_pin_level"": ""Low"", ""IN2_pin_level"": ""Low"", ""Node_type"": ""PS-LB"", ""Probe_mod"": 0, ""VDC_intput_V"": 0, ""Water_deep_cm"": 18.937}"
2025-09-28 01:30:39.692453745+00:00,ps-lb-21,2,-29,9.25,"{""Bat_V"": 3.594, ""Exti_pin_level"": ""Low"", ""Exti_status"": ""False"", ""IDC_intput_mA"": 5.515, ""IN1_pin_level"": ""Low"", ""IN2_pin_level"": ""Low"", ""Node_type"": ""PS-LB"", ""Probe_mod"": 0, ""VDC_intput_V"": 0, ""Water_deep_cm"": 18.937}"
2025-09-28 02:30:39.059071274+00:00,ps-lb-21,2,-115,-0.25,"{""Bat_V"": 3.594, ""Exti_pin_level"": ""Low"", ""Exti_status"": ""False"", ""IDC_intput_mA"": 5.515, ""IN1_pin_level"": ""Low"", ""IN2_pin_level"": ""Low"", ""Node_type"": ""PS-LB"", ""Probe_mod"": 0, ""VDC_intput_V"": 0, ""Water_deep_cm"": 18.937}"
2025-09-28 03:30:38.415021897+00:00,ps-lb-21,2,-29,10.5,"{""Bat_V"": 3.594, ""Exti_pin_level"": ""Low"", ""Exti_status"": ""False"", ""IDC_intput_mA"": 5.515, ""IN1_pin_level"": ""Low"", ""IN2_pin_level"": ""Low"", ""Node_type"": ""PS-LB"", ""Probe_mod"": 0, ""VDC_intput_V"": 0, ""Water_deep_cm"": 18.937}"
2025-09-28 04:30:37.757997869+00:00,ps-lb-21,2,-113,2.0,"{""Bat_V"": 3.594, ""Exti_pin_level"": ""Low"", ""Exti_status"": ""False"", ""IDC_intput_mA"": 5.514, ""IN1_pin_level"": ""Low"", ""IN2_pin_level"": ""Low"", ""Node_type"": ""PS-LB"", ""Probe_mod"": 0, ""VDC_intput_V"": 0, ""Water_deep_cm"": 18.925}"
2025-09-28 05:30:37.120713472+00:00,ps-lb-21,2,-25,6.75,"{""Bat_V"": 3.594, ""Exti_pin_level"": ""Low"", ""Exti_status"": ""False"", ""IDC_intput_mA"": 5.513, ""IN1_pin_level"": ""Low"", ""IN2_pin_level"": ""Low"", ""Node_type"": ""PS-LB"", ""Probe_mod"": 0, ""VDC_intput_V"": 0, ""Water_deep_cm"": 18.912}"
2025-09-28 06:30:36.465700105+00:00,ps-lb-21,2,-27,9.0,"{""Bat_V"": 3.594, ""Exti_pin_level"": ""Low"", ""Exti_status"": ""False"", ""IDC_intput_mA"": 5.513, ""IN1_pin_level"": ""Low"", ""IN2_pin_level"": ""Low"", ""Node_type"": ""PS-LB"", ""Probe_mod"": 0, ""VDC_intput_V"": 0, ""Water_deep_cm"": 18.912}"
2025-09-28 07:30:35.828319286+00:00,ps-lb-21,2,-24,7.75,"{""Bat_V"": 3.594, ""Exti_pin_level"": ""Low"", ""Exti_status"": ""False"", ""IDC_intput_mA"": 5.513, ""IN1_pin_level"": ""Low"", ""IN2_pin_level"": ""Low"", ""Node_type"": ""PS-LB"", ""Probe_mod"": 0, ""VDC_intput_V"": 0, ""Water_deep_cm"": 18.912}"
2025-09-28 08:30:35.194655028+00:00,ps-lb-21,2,-27,9.75,"{""Bat_V"": 3.594, ""Exti_pin_level"": ""Low"", ""Exti_status"": ""False"", ""IDC_intput_mA"": 5.513, ""IN1_pin_level"": ""Low"", ""IN2_pin_level"": ""Low"", ""Node_type"": ""PS-LB"", ""Probe_mod"": 0, ""VDC_intput_V"": 0, ""Water_deep_cm"": 18.912}"
2025-09-28 09:30:34.530283181+00:00,ps-lb-21,2,-27,9.75,"{""Bat_V"": 3.594, ""Exti_pin_level"": ""Low"", ""Exti_status"": ""False"", ""IDC_intput_mA"": 5.513, ""IN1_pin_level"": ""Low"", ""IN2_pin_level"": ""Low"", ""Node_type"": ""PS-LB"", ""Probe_mod"": 0, ""VDC_intput_V"": 0, ""Water_deep_cm"": 18.912}"
2025-09-28 10:30:33.895798954+00:00,ps-lb-21,2,-25,9.5,"{""Bat_V"": 3.594, ""Exti_pin_level"": ""Low"", ""Exti_status"": ""False"", ""IDC_intput_mA"": 5.513, ""IN1_pin_level"": ""Low"", ""IN2_pin_level"": ""Low"", ""Node_type"": ""PS-LB"", ""Probe_mod"": 0, ""VDC_intput_V"": 0, ""Water_deep_cm"": 18.912}"
2025-09-28 11:30:33.259167086+00:00,ps-lb-21,2,-26,9.5,"{""Bat_V"": 3.594, ""Exti_pin_level"": ""Low"", ""Exti_status"": ""False"", ""IDC_intput_mA"": 5.513, ""IN1_pin_level"": ""Low"", ""IN2_pin_level"": ""Low"", ""Node_type"": ""PS-LB"", ""Probe_mod"": 0, ""VDC_intput_V"": 0, ""Water_deep_cm"": 18.912}"
2025-09-28 12:30:32.578304248+00:00,ps-lb-21,2,-27,9.75,"{""Bat_V"": 3.594, ""Exti_pin_level"": ""Low"", ""Exti_status"": ""False"", ""IDC_intput_mA"": 5.513, ""IN1_pin_level"": ""Low"", ""IN2_pin_level"": ""Low"", ""Node_type"": ""PS-LB"", ""Probe_mod"": 0, ""VDC_intput_V"": 0, ""Water_deep_cm"": 18.912}"
2025-09-28 13:30:31.944598312+00:00,ps-lb-21,2,-26,7.0,"{""Bat_V"": 3.594, ""Exti_pin_level"": ""Low"", ""Exti_status"": ""False"", ""IDC_intput_mA"": 5.513, ""IN1_pin_level"": ""Low"", ""IN2_pin_level"": ""Low"", ""Node_type"": ""PS-LB"", ""Probe_mod"": 0, ""VDC_intput_V"": 0, ""Water_deep_cm"": 18.912}"
2025-09-28 14:30:31.304765458+00:00,ps-lb-21,2,-28,7.25,"{""Bat_V"": 3.594, ""Exti_pin_level"": ""Low"", ""Exti_status"": ""False"", ""IDC_intput_mA"": 5.513, ""IN1_pin_level"": ""Low"", ""IN2_pin_level"": ""Low"", ""Node_type"": ""PS-LB"", ""Probe_mod"": 0, ""VDC_intput_V"": 0, ""Water_deep_cm"": 18.912}"
2025-09-28 15:30:30.656437664+00:00,ps-lb-21,2,-27,8.25,"{""Bat_V"": 3.594, ""Exti_pin_level"": ""Low"", ""Exti_status"": ""False"", ""IDC_intput_mA"": 5.513, ""IN1_pin_level"": ""Low"", ""IN2_pin_level"": ""Low"", ""Node_type"": ""PS-LB"", ""Probe_mod"": 0, ""VDC_intput_V"": 0, ""Water_deep_cm"": 18.912}"
2025-09-28 16:30:30.006005875+00:00,ps-lb-21,2,-27,9.75,"{""Bat_V"": 3.594, ""Exti_pin_level"": ""Low"", ""Exti_status"": ""False"", ""IDC_intput_mA"": 5.513, ""IN1_pin_level"": ""Low"", ""IN2_pin_level"": ""Low"", ""Node_type"": ""PS-LB"", ""Probe_mod"": 0, ""VDC_intput_V"": 0, ""Water_deep_cm"": 18.912}"
2025-09-28 17:30:29.326432564+00:00,ps-lb-21,2,-26,8.75,"{""Bat_V"": 3.594, ""Exti_pin_level"": ""Low"", ""Exti_status"": ""False"", ""IDC_intput_mA"": 5.513, ""IN1_pin_level"": ""Low"", ""IN2_pin_level"": ""Low"", ""Node_type"": ""PS-LB"", ""Probe_mod"": 0, ""VDC_intput_V"": 0, ""Water_deep_cm"": 18.912}"
2025-09-28 18:30:28.692977146+00:00,ps-lb-21,2,-27,10.25,"{""Bat_V"": 3.594, ""Exti_pin_level"": ""Low"", ""Exti_status"": ""False"", ""IDC_intput_mA"": 5.513, ""IN1_pin_level"": ""Low"", ""IN2_pin_level"": ""Low"", ""Node_type"": ""PS-LB"", ""Probe_mod"": 0, ""VDC_intput_V"": 0, ""Water_deep_cm"": 18.912}"
2025-09-28 19:30:28.044558755+00:00,ps-lb-21,2,-114,2.5,"{""Bat_V"": 3.594, ""Exti_pin_level"": ""Low"", ""Exti_status"": ""False"", ""IDC_intput_mA"": 5.513, ""IN1_pin_level"": ""Low"", ""IN2_pin_level"": ""Low"", ""Node_type"": ""PS-LB"", ""Probe_mod"": 0, ""VDC_intput_V"": 0, ""Water_deep_cm"": 18.912}"
2025-09-28 20:30:27.412705415+00:00,ps-lb-21,2,-25,9.0,"{""Bat_V"": 3.594, ""Exti_pin_level"": ""Low"", ""Exti_status"": ""False"", ""IDC_intput_mA"": 5.513, ""IN1_pin_level"": ""Low"", ""IN2_pin_level"": ""Low"", ""Node_type"": ""PS-LB"", ""Probe_mod"": 0, ""VDC_intput_V"": 0, ""Water_deep_cm"": 18.912}"
2025-09-28 21:30:26.758368958+00:00,ps-lb-21,2,-26,9.25,"{""Bat_V"": 3.594, ""Exti_pin_level"": ""Low"", ""Exti_status"": ""False"", ""IDC_intput_mA"": 5.513, ""IN1_pin_level"": ""Low"", ""IN2_pin_level"": ""Low"", ""Node_type"": ""PS-LB"", ""Probe_mod"": 0, ""VDC_intput_V"": 0, ""Water_deep_cm"": 18.912}"
2025-09-28 22:30:26.107152091+00:00,ps-lb-21,2,-29,6.75,"{""Bat_V"": 3.594, ""Exti_pin_level"": ""Low"", ""Exti_status"": ""False"", ""IDC_intput_mA"": 5.513, ""IN1_pin_level"": ""Low"", ""IN2_pin_level"": ""Low"", ""Node_type"": ""PS-LB"", ""Probe_mod"": 0, ""VDC_intput_V"": 0, ""Water_deep_cm"": 18.912}"
2025-09-28 23:30:25.471196472+00:00,ps-lb-21,2,-26,9.25,"{""Bat_V"": 3.594, ""Exti_pin_level"": ""Low"", ""Exti_status"": ""False"", ""IDC_intput_mA"": 5.512, ""IN1_pin_level"": ""Low"", ""IN2_pin_level"": ""Low"", ""Node_type"": ""PS-LB"", ""Probe_mod"": 0, ""VDC_intput_V"": 0, ""Water_deep_cm"": 18.9}"
2025-09-29 00:30:24.815104455+00:00,ps-lb-21,2,-27,10.75,"{""Bat_V"": 3.594, ""Exti_pin_level"": ""Low"", ""Exti_status"": ""False"", ""IDC_intput_mA"": 5.512, ""IN1_pin_level"": ""Low"", ""IN2_pin_level"": ""Low"", ""Node_type"": ""PS-LB"", ""Probe_mod"": 0, ""VDC_intput_V"": 0, ""Water_deep_cm"": 18.9}"
2025-09-29 01:30:24.160228699+00:00,ps-lb-21,2,-118,-2.25,"{""Bat_V"": 3.594, ""Exti_pin_level"": ""Low"", ""Exti_status"": ""False"", ""IDC_intput_mA"": 5.512, ""IN1_pin_level"": ""Low"", ""IN2_pin_level"": ""Low"", ""Node_type"": ""PS-LB"", ""Probe_mod"": 0, ""VDC_intput_V"": 0, ""Water_deep_cm"": 18.9}"
2025-09-29 02:30:23.523030373+00:00,ps-lb-21,2,-27,10.0,"{""Bat_V"": 3.594, ""Exti_pin_level"": ""Low"", ""Exti_status"": ""False"", ""IDC_intput_mA"": 5.511, ""IN1_pin_level"": ""Low"", ""IN2_pin_level"": ""Low"", ""Node_type"": ""PS-LB"", ""Probe_mod"": 0, ""VDC_intput_V"": 0, ""Water_deep_cm"": 18.888}"
2025-09-29 03:30:22.873318655+00:00,ps-lb-21,2,-27,11.0,"{""Bat_V"": 3.594, ""Exti_pin_level"": ""Low"", ""Exti_status"": ""False"", ""IDC_intput_mA"": 5.511, ""IN1_pin_level"": ""Low"", ""IN2_pin_level"": ""Low"", ""Node_type"": ""PS-LB"", ""Probe_mod"": 0, ""VDC_intput_V"": 0, ""Water_deep_cm"": 18.888}"
2025-09-29 04:30:22.231978543+00:00,ps-lb-21,2,-29,10.25,"{""Bat_V"": 3.594, ""Exti_pin_level"": ""Low"", ""Exti_status"": ""False"", ""IDC_intput_mA"": 5.511, ""IN1_pin_level"": ""Low"", ""IN2_pin_level"": ""Low"", ""Node_type"": ""PS-LB"", ""Probe_mod"": 0, ""VDC_intput_V"": 0, ""Water_deep_cm"": 18.888}"
2025-09-29 05:30:21.598423211+00:00,ps-lb-21,2,-29,5.75,"{""Bat_V"": 3.594, ""Exti_pin_level"": ""Low"", ""Exti_status"": ""False"", ""IDC_intput_mA"": 5.51, ""IN1_pin_level"": ""Low"", ""IN2_pin_level"": ""Low"", ""Node_type"": ""PS-LB"", ""Probe_mod"": 0, ""VDC_intput_V"": 0, ""Water_deep_cm"": 18.875}"
2025-09-29 06:30:20.940404638+00:00,ps-lb-21,2,-31,7.0,"{""Bat_V"": 3.594, ""Exti_pin_level"": ""Low"", ""Exti_status"": ""False"", ""IDC_intput_mA"": 5.51, ""IN1_pin_level"": ""Low"", ""IN2_pin_level"": ""Low"", ""Node_type"": ""PS-LB"", ""Probe_mod"": 0, ""VDC_intput_V"": 0, ""Water_deep_cm"": 18.875}"
2025-09-29 07:30:20.286677228+00:00,ps-lb-21,2,-27,7.25,"{""Bat_V"": 3.594, ""Exti_pin_level"": ""Low"", ""Exti_status"": ""False"", ""IDC_intput_mA"": 5.509, ""IN1_pin_level"": ""Low"", ""IN2_pin_level"": ""Low"", ""Node_type"": ""PS-LB"", ""Probe_mod"": 0, ""VDC_intput_V"": 0, ""Water_deep_cm"": 18.863}"
2025-09-29 08:30:19.637949762+00:00,ps-lb-21,2,-26,8.75,"{""Bat_V"": 3.594, ""Exti_pin_level"": ""Low"", ""Exti_status"": ""False"", ""IDC_intput_mA"": 5.509, ""IN1_pin_level"": ""Low"", ""IN2_pin_level"": ""Low"", ""Node_type"": ""PS-LB"", ""Probe_mod"": 0, ""VDC_intput_V"": 0, ""Water_deep_cm"": 18.863}"
2025-09-29 09:30:19.001349583+00:00,ps-lb-21,2,-25,9.5,"{""Bat_V"": 3.594, ""Exti_pin_level"": ""Low"", ""Exti_status"": ""False"", ""IDC_intput_mA"": 5.509, ""IN1_pin_level"": ""Low"", ""IN2_pin_level"": ""Low"", ""Node_type"": ""PS-LB"", ""Probe_mod"": 0, ""VDC_intput_V"": 0, ""Water_deep_cm"": 18.863}"
2025-09-29 10:30:18.348015600+00:00,ps-lb-21,2,-112,2.5,"{""Bat_V"": 3.594, ""Exti_pin_level"": ""Low"", ""Exti_status"": ""False"", ""IDC_intput_mA"": 5.509, ""IN1_pin_level"": ""Low"", ""IN2_pin_level"": ""Low"", ""Node_type"": ""PS-LB"", ""Probe_mod"": 0, ""VDC_intput_V"": 0, ""Water_deep_cm"": 18.863}"
2025-09-29 11:30:17.698318750+00:00,ps-lb-21,2,-24,9.0,"{""Bat_V"": 3.594, ""Exti_pin_level"": ""Low"", ""Exti_status"": ""False"", ""IDC_intput_mA"": 5.509, ""IN1_pin_level"": ""Low"", ""IN2_pin_level"": ""Low"", ""Node_type"": ""PS-LB"", ""Probe_mod"": 0, ""VDC_intput_V"": 0, ""Water_deep_cm"": 18.863}"
2025-09-29 12:30:17.045498731+00:00,ps-lb-21,2,-29,10.0,"{""Bat_V"": 3.594, ""Exti_pin_level"": ""Low"", ""Exti_status"": ""False"", ""IDC_intput_mA"": 5.509, ""IN1_pin_level"": ""Low"", ""IN2_pin_level"": ""Low"", ""Node_type"": ""PS-LB"", ""Probe_mod"": 0, ""VDC_intput_V"": 0, ""Water_deep_cm"": 18.863}"
2025-09-29 13:30:16.402328361+00:00,ps-lb-21,2,-26,9.0,"{""Bat_V"": 3.594, ""Exti_pin_level"": ""Low"", ""Exti_status"": ""False"", ""IDC_intput_mA"": 5.509, ""IN1_pin_level"": ""Low"", ""IN2_pin_level"": ""Low"", ""Node_type"": ""PS-LB"", ""Probe_mod"": 0, ""VDC_intput_V"": 0, ""Water_deep_cm"": 18.863}"
2025-09-29 14:30:15.745302042+00:00,ps-lb-21,2,-27,11.0,"{""Bat_V"": 3.594, ""Exti_pin_level"": ""Low"", ""Exti_status"": ""False"", ""IDC_intput_mA"": 5.509, ""IN1_pin_level"": ""Low"", ""IN2_pin_level"": ""Low"", ""Node_type"": ""PS-LB"", ""Probe_mod"": 0, ""VDC_intput_V"": 0, ""Water_deep_cm"": 18.863}"
2025-09-29 15:30:15.092076697+00:00,ps-lb-21,2,-114,1.75,"{""Bat_V"": 3.594, ""Exti_pin_level"": ""Low"", ""Exti_status"": ""False"", ""IDC_intput_mA"": 5.51, ""IN1_pin_level"": ""Low"", ""IN2_pin_level"": ""Low"", ""Node_type"": ""PS-LB"", ""Probe_mod"": 0, ""VDC_intput_V"": 0, ""Water_deep_cm"": 18.875}"
2025-09-29 16:30:14.445320883+00:00,ps-lb-21,2,-26,9.25,"{""Bat_V"": 3.594, ""Exti_pin_level"": ""Low"", ""Exti_status"": ""False"", ""IDC_intput_mA"": 5.51, ""IN1_pin_level"": ""Low"", ""IN2_pin_level"": ""Low"", ""Node_type"": ""PS-LB"", ""Probe_mod"": 0, ""VDC_intput_V"": 0, ""Water_deep_cm"": 18.875}"
2025-09-29 17:30:13.805187919+00:00,ps-lb-21,2,-26,9.25,"{""Bat_V"": 3.594, ""Exti_pin_level"": ""Low"", ""Exti_status"": ""False"", ""IDC_intput_mA"": 5.51, ""IN1_pin_level"": ""Low"", ""IN2_pin_level"": ""Low"", ""Node_type"": ""PS-LB"", ""Probe_mod"": 0, ""VDC_intput_V"": 0, ""Water_deep_cm"": 18.875}"
2025-09-29 18:30:13.168472808+00:00,ps-lb-21,2,-29,10.25,"{""Bat_V"": 3.594, ""Exti_pin_level"": ""Low"", ""Exti_status"": ""False"", ""IDC_intput_mA"": 5.51, ""IN1_pin_level"": ""Low"", ""IN2_pin_level"": ""Low"", ""Node_type"": ""PS-LB"", ""Probe_mod"": 0, ""VDC_intput_V"": 0, ""Water_deep_cm"": 18.875}"
2025-09-29 19:30:12.519855355+00:00,ps-lb-21,2,-29,10.75,"{""Bat_V"": 3.588, ""Exti_pin_level"": ""Low"", ""Exti_status"": ""False"", ""IDC_intput_mA"": 5.511, ""IN1_pin_level"": ""Low"", ""IN2_pin_level"": ""Low"", ""Node_type"": ""PS-LB"", ""Probe_mod"": 0, ""VDC_intput_V"": 0, ""Water_deep_cm"": 18.888}"
2025-09-29 20:30:11.853474436+00:00,ps-lb-21,2,-27,9.75,"{""Bat_V"": 3.594, ""Exti_pin_level"": ""Low"", ""Exti_status"": ""False"", ""IDC_intput_mA"": 5.511, ""IN1_pin_level"": ""Low"", ""IN2_pin_level"": ""Low"", ""Node_type"": ""PS-LB"", ""Probe_mod"": 0, ""VDC_intput_V"": 0, ""Water_deep_cm"": 18.888}"
2025-09-29 21:30:11.208589190+00:00,ps-lb-21,2,-29,7.0,"{""Bat_V"": 3.594, ""Exti_pin_level"": ""Low"", ""Exti_status"": ""False"", ""IDC_intput_mA"": 5.511, ""IN1_pin_level"": ""Low"", ""IN2_pin_level"": ""Low"", ""Node_type"": ""PS-LB"", ""Probe_mod"": 0, ""VDC_intput_V"": 0, ""Water_deep_cm"": 18.888}"
2025-09-29 22:30:10.568953927+00:00,ps-lb-21,2,-24,9.75,"{""Bat_V"": 3.594, ""Exti_pin_level"": ""Low"", ""Exti_status"": ""False"", ""IDC_intput_mA"": 5.511, ""IN1_pin_level"": ""Low"", ""IN2_pin_level"": ""Low"", ""Node_type"": ""PS-LB"", ""Probe_mod"": 0, ""VDC_intput_V"": 0, ""Water_deep_cm"": 18.888}"
2025-09-29 23:30:09.915966781+00:00,ps-lb-21,2,-26,9.75,"{""Bat_V"": 3.594, ""Exti_pin_level"": ""Low"", ""Exti_status"": ""False"", ""IDC_intput_mA"": 5.511, ""IN1_pin_level"": ""Low"", ""IN2_pin_level"": ""Low"", ""Node_type"": ""PS-LB"", ""Probe_mod"": 0, ""VDC_intput_V"": 0, ""Water_deep_cm"": 18.888}"
2025-09-30 00:30:09.260921954+00:00,ps-lb-21,2,-26,9.0,"{""Bat_V"": 3.594, ""Exti_pin_level"": ""Low"", ""Exti_status"": ""False"", ""IDC_intput_mA"": 5.511, ""IN1_pin_level"": ""Low"", ""IN2_pin_level"": ""Low"", ""Node_type"": ""PS-LB"", ""Probe_mod"": 0, ""VDC_intput_V"": 0, ""Water_deep_cm"": 18.888}"
2025-09-30 01:30:08.614884764+00:00,ps-lb-21,2,-114,1.5,"{""Bat_V"": 3.594, ""Exti_pin_level"": ""Low"", ""Exti_status"": ""False"", ""IDC_intput_mA"": 5.511, ""IN1_pin_level"": ""Low"", ""IN2_pin_level"": ""Low"", ""Node_type"": ""PS-LB"", ""Probe_mod"": 0, ""VDC_intput_V"": 0, ""Water_deep_cm"": 18.888}"
2025-09-30 02:30:07.953249783+00:00,ps-lb-21,2,-27,7.25,"{""Bat_V"": 3.594, ""Exti_pin_level"": ""Low"", ""Exti_status"": ""False"", ""IDC_intput_mA"": 5.511, ""IN1_pin_level"": ""Low"", ""IN2_pin_level"": ""Low"", ""Node_type"": ""PS-LB"", ""Probe_mod"": 0, ""VDC_intput_V"": 0, ""Water_deep_cm"": 18.888}"
2025-09-30 03:30:07.309201552+00:00,ps-lb-21,2,-121,-6.5,"{""Bat_V"": 3.594, ""Exti_pin_level"": ""Low"", ""Exti_status"": ""False"", ""IDC_intput_mA"": 5.511, ""IN1_pin_level"": ""Low"", ""IN2_pin_level"": ""Low"", ""Node_type"": ""PS-LB"", ""Probe_mod"": 0, ""VDC_intput_V"": 0, ""Water_deep_cm"": 18.888}"
2025-09-30 04:30:06.674735484+00:00,ps-lb-21,2,-29,10.0,"{""Bat_V"": 3.594, ""Exti_pin_level"": ""Low"", ""Exti_status"": ""False"", ""IDC_intput_mA"": 5.511, ""IN1_pin_level"": ""Low"", ""IN2_pin_level"": ""Low"", ""Node_type"": ""PS-LB"", ""Probe_mod"": 0, ""VDC_intput_V"": 0, ""Water_deep_cm"": 18.888}"
2025-09-30 05:30:06.021739825+00:00,ps-lb-21,2,-29,6.75,"{""Bat_V"": 3.594, ""Exti_pin_level"": ""Low"", ""Exti_status"": ""False"", ""IDC_intput_mA"": 5.51, ""IN1_pin_level"": ""Low"", ""IN2_pin_level"": ""Low"", ""Node_type"": ""PS-LB"", ""Probe_mod"": 0, ""VDC_intput_V"": 0, ""Water_deep_cm"": 18.875}"
2025-09-30 06:30:05.369841369+00:00,ps-lb-21,2,-27,10.25,"{""Bat_V"": 3.594, ""Exti_pin_level"": ""Low"", ""Exti_status"": ""False"", ""IDC_intput_mA"": 5.511, ""IN1_pin_level"": ""Low"", ""IN2_pin_level"": ""Low"", ""Node_type"": ""PS-LB"", ""Probe_mod"": 0, ""VDC_intput_V"": 0, ""Water_deep_cm"": 18.888}"
2025-09-30 07:30:04.715826185+00:00,ps-lb-21,2,-27,7.25,"{""Bat_V"": 3.594, ""Exti_pin_level"": ""Low"", ""Exti_status"": ""False"", ""IDC_intput_mA"": 5.51, ""IN1_pin_level"": ""Low"", ""IN2_pin_level"": ""Low"", ""Node_type"": ""PS-LB"", ""Probe_mod"": 0, ""VDC_intput_V"": 0, ""Water_deep_cm"": 18.875}"
2025-09-30 08:30:04.074004914+00:00,ps-lb-21,2,-27,9.75,"{""Bat_V"": 3.594, ""Exti_pin_level"": ""Low"", ""Exti_status"": ""False"", ""IDC_intput_mA"": 5.509, ""IN1_pin_level"": ""Low"", ""IN2_pin_level"": ""Low"", ""Node_type"": ""PS-LB"", ""Probe_mod"": 0, ""VDC_intput_V"": 0, ""Water_deep_cm"": 18.863}"
2025-09-30 09:30:03.434291317+00:00,ps-lb-21,2,-27,8.25,"{""Bat_V"": 3.594, ""Exti_pin_level"": ""Low"", ""Exti_status"": ""False"", ""IDC_intput_mA"": 5.509, ""IN1_pin_level"": ""Low"", ""IN2_pin_level"": ""Low"", ""Node_type"": ""PS-LB"", ""Probe_mod"": 0, ""VDC_intput_V"": 0, ""Water_deep_cm"": 18.863}"
2025-09-30 10:30:02.766364452+00:00,ps-lb-21,2,-27,10.0,"{""Bat_V"": 3.594, ""Exti_pin_level"": ""Low"", ""Exti_status"": ""False"", ""IDC_intput_mA"": 5.51, ""IN1_pin_level"": ""Low"", ""IN2_pin_level"": ""Low"", ""Node_type"": ""PS-LB"", ""Probe_mod"": 0, ""VDC_intput_V"": 0, ""Water_deep_cm"": 18.875}"
2025-09-30 11:30:02.130781716+00:00,ps-lb-21,2,-27,10.0,"{""Bat_V"": 3.594, ""Exti_pin_level"": ""Low"", ""Exti_status"": ""False"", ""IDC_intput_mA"": 5.509, ""IN1_pin_level"": ""Low"", ""IN2_pin_level"": ""Low"", ""Node_type"": ""PS-LB"", ""Probe_mod"": 0, ""VDC_intput_V"": 0, ""Water_deep_cm"": 18.863}"
2025-09-30 12:30:01.490440660+00:00,ps-lb-21,2,-37,9.0,"{""Bat_V"": 3.594, ""Exti_pin_level"": ""Low"", ""Exti_status"": ""False"", ""IDC_intput_mA"": 4.14, ""IN1_pin_level"": ""Low"", ""IN2_pin_level"": ""Low"", ""Node_type"": ""PS-LB"", ""Probe_mod"": 0, ""VDC_intput_V"": 0, ""Water_deep_cm"": 1.75}"
2025-09-30 13:30:00.822215721+00:00,ps-lb-21,2,-35,7.75,"{""Bat_V"": 3.594, ""Exti_pin_level"": ""Low"", ""Exti_status"": ""False"", ""IDC_intput_mA"": 4.139, ""IN1_pin_level"": ""Low"", ""IN2_pin_level"": ""Low"", ""Node_type"": ""PS-LB"", ""Probe_mod"": 0, ""VDC_intput_V"": 0, ""Water_deep_cm"": 1.738}"
2025-09-30 14:30:00.165947800+00:00,ps-lb-21,2,-41,5.75,"{""Bat_V"": 3.594, ""Exti_pin_level"": ""Low"", ""Exti_status"": ""False"", ""IDC_intput_mA"": 4.14, ""IN1_pin_level"": ""Low"", ""IN2_pin_level"": ""Low"", ""Node_type"": ""PS-LB"", ""Probe_mod"": 0, ""VDC_intput_V"": 0, ""Water_deep_cm"": 1.75}"
2025-09-30 15:29:59.515674928+00:00,ps-lb-21,2,-114,3.0,"{""Bat_V"": 3.594, ""Exti_pin_level"": ""Low"", ""Exti_status"": ""False"", ""IDC_intput_mA"": 4.141, ""IN1_pin_level"": ""Low"", ""IN2_pin_level"": ""Low"", ""Node_type"": ""PS-LB"", ""Probe_mod"": 0, ""VDC_intput_V"": 0, ""Water_deep_cm"": 1.763}"
2025-09-30 16:29:58.879111372+00:00,ps-lb-21,2,-41,9.75,"{""Bat_V"": 3.594, ""Exti_pin_level"": ""Low"", ""Exti_status"": ""False"", ""IDC_intput_mA"": 4.141, ""IN1_pin_level"": ""Low"", ""IN2_pin_level"": ""Low"", ""Node_type"": ""PS-LB"", ""Probe_mod"": 0, ""VDC_intput_V"": 0, ""Water_deep_cm"": 1.763}"
2025-09-30 17:29:58.227684411+00:00,ps-lb-21,2,-38,9.75,"{""Bat_V"": 3.6, ""Exti_pin_level"": ""Low"", ""Exti_status"": ""False"", ""IDC_intput_mA"": 4.142, ""IN1_pin_level"": ""Low"", ""IN2_pin_level"": ""Low"", ""Node_type"": ""PS-LB"", ""Probe_mod"": 0, ""VDC_intput_V"": 0, ""Water_deep_cm"": 1.775}"
2025-09-30 18:29:57.582091290+00:00,ps-lb-21,2,-37,7.5,"{""Bat_V"": 3.594, ""Exti_pin_level"": ""Low"", ""Exti_status"": ""False"", ""IDC_intput_mA"": 4.141, ""IN1_pin_level"": ""Low"", ""IN2_pin_level"": ""Low"", ""Node_type"": ""PS-LB"", ""Probe_mod"": 0, ""VDC_intput_V"": 0, ""Water_deep_cm"": 1.763}"
2025-09-30 19:29:56.927509341+00:00,ps-lb-21,2,-39,10.25,"{""Bat_V"": 3.594, ""Exti_pin_level"": ""Low"", ""Exti_status"": ""False"", ""IDC_intput_mA"": 4.141, ""IN1_pin_level"": ""Low"", ""IN2_pin_level"": ""Low"", ""Node_type"": ""PS-LB"", ""Probe_mod"": 0, ""VDC_intput_V"": 0, ""Water_deep_cm"": 1.763}"
2025-09-30 20:29:56.261607256+00:00,ps-lb-21,2,-117,-0.75,"{""Bat_V"": 3.6, ""Exti_pin_level"": ""Low"", ""Exti_status"": ""False"", ""IDC_intput_mA"": 4.141, ""IN1_pin_level"": ""Low"", ""IN2_pin_level"": ""Low"", ""Node_type"": ""PS-LB"", ""Probe_mod"": 0, ""VDC_intput_V"": 0, ""Water_deep_cm"": 1.763}"
2025-09-30 21:29:55.611920414+00:00,ps-lb-21,2,-38,7.0,"{""Bat_V"": 3.594, ""Exti_pin_level"": ""Low"", ""Exti_status"": ""False"", ""IDC_intput_mA"": 4.141, ""IN1_pin_level"": ""Low"", ""IN2_pin_level"": ""Low"", ""Node_type"": ""PS-LB"", ""Probe_mod"": 0, ""VDC_intput_V"": 0, ""Water_deep_cm"": 1.763}"
2025-09-30 22:29:54.985837828+00:00,ps-lb-21,2,-38,7.0,"{""Bat_V"": 3.594, ""Exti_pin_level"": ""Low"", ""Exti_status"": ""False"", ""IDC_intput_mA"": 4.14, ""IN1_pin_level"": ""Low"", ""IN2_pin_level"": ""Low"", ""Node_type"": ""PS-LB"", ""Probe_mod"": 0, ""VDC_intput_V"": 0, ""Water_deep_cm"": 1.75}"
2025-09-30 23:29:54.316286706+00:00,ps-lb-21,2,-39,9.5,"{""Bat_V"": 3.594, ""Exti_pin_level"": ""Low"", ""Exti_status"": ""False"", ""IDC_intput_mA"": 4.139, ""IN1_pin_level"": ""Low"", ""IN2_pin_level"": ""Low"", ""Node_type"": ""PS-LB"", ""Probe_mod"": 0, ""VDC_intput_V"": 0, ""Water_deep_cm"": 1.738}"
2025-10-01 00:29:53.678989400+00:00,ps-lb-21,2,-39,10.25,"{""Bat_V"": 3.594, ""Exti_pin_level"": ""Low"", ""Exti_status"": ""False"", ""IDC_intput_mA"": 4.139, ""IN1_pin_level"": ""Low"", ""IN2_pin_level"": ""Low"", ""Node_type"": ""PS-LB"", ""Probe_mod"": 0, ""VDC_intput_V"": 0, ""Water_deep_cm"": 1.738}"
2025-10-01 01:29:53.025548986+00:00,ps-lb-21,2,-39,10.5,"{""Bat_V"": 3.594, ""Exti_pin_level"": ""Low"", ""Exti_status"": ""False"", ""IDC_intput_mA"": 4.138, ""IN1_pin_level"": ""Low"", ""IN2_pin_level"": ""Low"", ""Node_type"": ""PS-LB"", ""Probe_mod"": 0, ""VDC_intput_V"": 0, ""Water_deep_cm"": 1.725}"
2025-10-01 02:29:52.387372011+00:00,ps-lb-21,2,-38,7.0,"{""Bat_V"": 3.594, ""Exti_pin_level"": ""Low"", ""Exti_status"": ""False"", ""IDC_intput_mA"": 4.137, ""IN1_pin_level"": ""Low"", ""IN2_pin_level"": ""Low"", ""Node_type"": ""PS-LB"", ""Probe_mod"": 0, ""VDC_intput_V"": 0, ""Water_deep_cm"": 1.712}"
2025-10-01 03:29:51.739293662+00:00,ps-lb-21,2,-36,8.5,"{""Bat_V"": 3.594, ""Exti_pin_level"": ""Low"", ""Exti_status"": ""False"", ""IDC_intput_mA"": 4.137, ""IN1_pin_level"": ""Low"", ""IN2_pin_level"": ""Low"", ""Node_type"": ""PS-LB"", ""Probe_mod"": 0, ""VDC_intput_V"": 0, ""Water_deep_cm"": 1.712}"
2025-10-01 04:29:51.085200327+00:00,ps-lb-21,2,-36,8.75,"{""Bat_V"": 3.594, ""Exti_pin_level"": ""Low"", ""Exti_status"": ""False"", ""IDC_intput_mA"": 4.136, ""IN1_pin_level"": ""Low"", ""IN2_pin_level"": ""Low"", ""Node_type"": ""PS-LB"", ""Probe_mod"": 0, ""VDC_intput_V"": 0, ""Water_deep_cm"": 1.7}"
2025-10-01 05:29:50.443703751+00:00,ps-lb-21,2,-116,-0.25,"{""Bat_V"": 3.594, ""Exti_pin_level"": ""Low"", ""Exti_status"": ""False"", ""IDC_intput_mA"": 4.135, ""IN1_pin_level"": ""Low"", ""IN2_pin_level"": ""Low"", ""Node_type"": ""PS-LB"", ""Probe_mod"": 0, ""VDC_intput_V"": 0, ""Water_deep_cm"": 1.687}"
2025-10-01 06:29:49.783091251+00:00,ps-lb-21,2,-110,4.0,"{""Bat_V"": 3.594, ""Exti_pin_level"": ""Low"", ""Exti_status"": ""False"", ""IDC_intput_mA"": 4.134, ""IN1_pin_level"": ""Low"", ""IN2_pin_level"": ""Low"", ""Node_type"": ""PS-LB"", ""Probe_mod"": 0, ""VDC_intput_V"": 0, ""Water_deep_cm"": 1.675}"
2025-10-01 07:29:49.167268309+00:00,ps-lb-21,2,-107,7.75,"{""Bat_V"": 3.588, ""Exti_pin_level"": ""Low"", ""Exti_status"": ""False"", ""IDC_intput_mA"": 7.587, ""IN1_pin_level"": ""Low"", ""IN2_pin_level"": ""Low"", ""Node_type"": ""PS-LB"", ""Probe_mod"": 0, ""VDC_intput_V"": 0, ""Water_deep_cm"": 44.837}"
2025-10-01 08:29:48.534352282+00:00,ps-lb-21,2,-106,8.75,"{""Bat_V"": 3.588, ""Exti_pin_level"": ""Low"", ""Exti_status"": ""False"", ""IDC_intput_mA"": 7.587, ""IN1_pin_level"": ""Low"", ""IN2_pin_level"": ""Low"", ""Node_type"": ""PS-LB"", ""Probe_mod"": 0, ""VDC_intput_V"": 0, ""Water_deep_cm"": 44.837}"
2025-10-01 09:29:47.908077803+00:00,ps-lb-21,2,-114,1.75,"{""Bat_V"": 3.588, ""Exti_pin_level"": ""Low"", ""Exti_status"": ""False"", ""IDC_intput_mA"": 7.584, ""IN1_pin_level"": ""Low"", ""IN2_pin_level"": ""Low"", ""Node_type"": ""PS-LB"", ""Probe_mod"": 0, ""VDC_intput_V"": 0, ""Water_deep_cm"": 44.8}"
2025-10-01 10:29:47.271139477+00:00,ps-lb-21,2,-79,7.25,"{""Bat_V"": 3.594, ""Exti_pin_level"": ""Low"", ""Exti_status"": ""False"", ""IDC_intput_mA"": 7.588, ""IN1_pin_level"": ""Low"", ""IN2_pin_level"": ""Low"", ""Node_type"": ""PS-LB"", ""Probe_mod"": 0, ""VDC_intput_V"": 0, ""Water_deep_cm"": 44.85}"
2025-10-01 11:29:46.658788496+00:00,ps-lb-21,2,-85,9.5,"{""Bat_V"": 3.588, ""Exti_pin_level"": ""Low"", ""Exti_status"": ""False"", ""IDC_intput_mA"": 7.582, ""IN1_pin_level"": ""Low"", ""IN2_pin_level"": ""Low"", ""Node_type"": ""PS-LB"", ""Probe_mod"": 0, ""VDC_intput_V"": 0, ""Water_deep_cm"": 44.775}"
2025-10-01 12:29:46.018029902+00:00,ps-lb-21,2,-79,9.0,"{""Bat_V"": 3.588, ""Exti_pin_level"": ""Low"", ""Exti_status"": ""False"", ""IDC_intput_mA"": 7.574, ""IN1_pin_level"": ""Low"", ""IN2_pin_level"": ""Low"", ""Node_type"": ""PS-LB"", ""Probe_mod"": 0, ""VDC_intput_V"": 0, ""Water_deep_cm"": 44.675}"
2025-10-01 13:29:45.370865433+00:00,ps-lb-21,2,-80,9.5,"{""Bat_V"": 3.594, ""Exti_pin_level"": ""Low"", ""Exti_status"": ""False"", ""IDC_intput_mA"": 7.612, ""IN1_pin_level"": ""Low"", ""IN2_pin_level"": ""Low"", ""Node_type"": ""PS-LB"", ""Probe_mod"": 0, ""VDC_intput_V"": 0, ""Water_deep_cm"": 45.15}"
2025-10-01 14:29:44.705941319+00:00,ps-lb-21,2,-110,3.75,"{""Bat_V"": 3.588, ""Exti_pin_level"": ""Low"", ""Exti_status"": ""False"", ""IDC_intput_mA"": 7.634, ""IN1_pin_level"": ""Low"", ""IN2_pin_level"": ""Low"", ""Node_type"": ""PS-LB"", ""Probe_mod"": 0, ""VDC_intput_V"": 0, ""Water_deep_cm"": 45.425}"
2025-10-01 15:29:44.065736747+00:00,ps-lb-21,2,-79,7.5,"{""Bat_V"": 3.594, ""Exti_pin_level"": ""Low"", ""Exti_status"": ""False"", ""IDC_intput_mA"": 7.625, ""IN1_pin_level"": ""Low"", ""IN2_pin_level"": ""Low"", ""Node_type"": ""PS-LB"", ""Probe_mod"": 0, ""VDC_intput_V"": 0, ""Water_deep_cm"": 45.313}"
2025-10-01 16:29:43.434524177+00:00,ps-lb-21,2,-83,10.25,"{""Bat_V"": 3.594, ""Exti_pin_level"": ""Low"", ""Exti_status"": ""False"", ""IDC_intput_mA"": 7.623, ""IN1_pin_level"": ""Low"", ""IN2_pin_level"": ""Low"", ""Node_type"": ""PS-LB"", ""Probe_mod"": 0, ""VDC_intput_V"": 0, ""Water_deep_cm"": 45.288}"
2025-10-01 18:29:42.168856159+00:00,ps-lb-21,2,-98,-1.25,"{""Bat_V"": 3.594, ""Exti_pin_level"": ""Low"", ""Exti_status"": ""False"", ""IDC_intput_mA"": 4.121, ""IN1_pin_level"": ""Low"", ""IN2_pin_level"": ""Low"", ""Node_type"": ""PS-LB"", ""Probe_mod"": 0, ""VDC_intput_V"": 0, ""Water_deep_cm"": 1.513}"
2025-10-01 19:29:41.518786751+00:00,ps-lb-21,2,-97,-4.75,"{""Bat_V"": 3.588, ""Exti_pin_level"": ""Low"", ""Exti_status"": ""False"", ""IDC_intput_mA"": 4.13, ""IN1_pin_level"": ""Low"", ""IN2_pin_level"": ""Low"", ""Node_type"": ""PS-LB"", ""Probe_mod"": 0, ""VDC_intput_V"": 0, ""Water_deep_cm"": 1.625}"
2025-10-01 21:29:40.227712545+00:00,ps-lb-21,2,-122,-6.25,"{""Bat_V"": 3.594, ""Exti_pin_level"": ""Low"", ""Exti_status"": ""False"", ""IDC_intput_mA"": 4.139, ""IN1_pin_level"": ""Low"", ""IN2_pin_level"": ""Low"", ""Node_type"": ""PS-LB"", ""Probe_mod"": 0, ""VDC_intput_V"": 0, ""Water_deep_cm"": 1.738}"
2025-10-01 22:29:39.580567846+00:00,ps-lb-21,2,-97,-3.5,"{""Bat_V"": 3.594, ""Exti_pin_level"": ""Low"", ""Exti_status"": ""False"", ""IDC_intput_mA"": 4.141, ""IN1_pin_level"": ""Low"", ""IN2_pin_level"": ""Low"", ""Node_type"": ""PS-LB"", ""Probe_mod"": 0, ""VDC_intput_V"": 0, ""Water_deep_cm"": 1.763}"
2025-10-01 23:29:38.938308439+00:00,ps-lb-21,2,-98,3.5,"{""Bat_V"": 3.594, ""Exti_pin_level"": ""Low"", ""Exti_status"": ""False"", ""IDC_intput_mA"": 4.141, ""IN1_pin_level"": ""Low"", ""IN2_pin_level"": ""Low"", ""Node_type"": ""PS-LB"", ""Probe_mod"": 0, ""VDC_intput_V"": 0, ""Water_deep_cm"": 1.763}"
2025-10-02 00:29:38.282422319+00:00,ps-lb-21,2,-95,4.0,"{""Bat_V"": 3.594, ""Exti_pin_level"": ""Low"", ""Exti_status"": ""False"", ""IDC_intput_mA"": 4.142, ""IN1_pin_level"": ""Low"", ""IN2_pin_level"": ""Low"", ""Node_type"": ""PS-LB"", ""Probe_mod"": 0, ""VDC_intput_V"": 0, ""Water_deep_cm"": 1.775}"
2025-10-02 01:29:37.619804274+00:00,ps-lb-21,2,-124,-8.0,"{""Bat_V"": 3.594, ""Exti_pin_level"": ""Low"", ""Exti_status"": ""False"", ""IDC_intput_mA"": 4.142, ""IN1_pin_level"": ""Low"", ""IN2_pin_level"": ""Low"", ""Node_type"": ""PS-LB"", ""Probe_mod"": 0, ""VDC_intput_V"": 0, ""Water_deep_cm"": 1.775}"
2025-10-02 03:29:36.333793546+00:00,ps-lb-21,2,-120,-4.25,"{""Bat_V"": 3.594, ""Exti_pin_level"": ""Low"", ""Exti_status"": ""False"", ""IDC_intput_mA"": 4.143, ""IN1_pin_level"": ""Low"", ""IN2_pin_level"": ""Low"", ""Node_type"": ""PS-LB"", ""Probe_mod"": 0, ""VDC_intput_V"": 0, ""Water_deep_cm"": 1.787}"
2025-10-02 04:29:35.689306355+00:00,ps-lb-21,2,-99,-2.75,"{""Bat_V"": 3.594, ""Exti_pin_level"": ""Low"", ""Exti_status"": ""False"", ""IDC_intput_mA"": 4.142, ""IN1_pin_level"": ""Low"", ""IN2_pin_level"": ""Low"", ""Node_type"": ""PS-LB"", ""Probe_mod"": 0, ""VDC_intput_V"": 0, ""Water_deep_cm"": 1.775}"
2025-10-02 07:29:33.764321898+00:00,ps-lb-21,2,-117,-0.75,"{""Bat_V"": 3.588, ""Exti_pin_level"": ""Low"", ""Exti_status"": ""False"", ""IDC_intput_mA"": 7.546, ""IN1_pin_level"": ""Low"", ""IN2_pin_level"": ""Low"", ""Node_type"": ""PS-LB"", ""Probe_mod"": 0, ""VDC_intput_V"": 0, ""Water_deep_cm"": 44.325}"
2025-10-02 08:29:33.139005950+00:00,ps-lb-21,2,-118,-1.25,"{""Bat_V"": 3.588, ""Exti_pin_level"": ""Low"", ""Exti_status"": ""False"", ""IDC_intput_mA"": 7.546, ""IN1_pin_level"": ""Low"", ""IN2_pin_level"": ""Low"", ""Node_type"": ""PS-LB"", ""Probe_mod"": 0, ""VDC_intput_V"": 0, ""Water_deep_cm"": 44.325}"
2025-10-02 09:29:32.535858611+00:00,ps-lb-21,2,-92,6.75,"{""Bat_V"": 3.594, ""Exti_pin_level"": ""Low"", ""Exti_status"": ""False"", ""IDC_intput_mA"": 7.549, ""IN1_pin_level"": ""Low"", ""IN2_pin_level"": ""Low"", ""Node_type"": ""PS-LB"", ""Probe_mod"": 0, ""VDC_intput_V"": 0, ""Water_deep_cm"": 44.363}"
2025-10-02 10:29:31.892886831+00:00,ps-lb-21,2,-89,6.5,"{""Bat_V"": 3.588, ""Exti_pin_level"": ""Low"", ""Exti_status"": ""False"", ""IDC_intput_mA"": 7.555, ""IN1_pin_level"": ""Low"", ""IN2_pin_level"": ""Low"", ""Node_type"": ""PS-LB"", ""Probe_mod"": 0, ""VDC_intput_V"": 0, ""Water_deep_cm"": 44.438}"
2025-10-02 11:29:31.278592888+00:00,ps-lb-21,2,-83,8.25,"{""Bat_V"": 3.588, ""Exti_pin_level"": ""Low"", ""Exti_status"": ""False"", ""IDC_intput_mA"": 7.559, ""IN1_pin_level"": ""Low"", ""IN2_pin_level"": ""Low"", ""Node_type"": ""PS-LB"", ""Probe_mod"": 0, ""VDC_intput_V"": 0, ""Water_deep_cm"": 44.488}"
2025-10-02 12:29:30.622591420+00:00,ps-lb-21,2,-83,8.75,"{""Bat_V"": 3.588, ""Exti_pin_level"": ""Low"", ""Exti_status"": ""False"", ""IDC_intput_mA"": 7.607, ""IN1_pin_level"": ""Low"", ""IN2_pin_level"": ""Low"", ""Node_type"": ""PS-LB"", ""Probe_mod"": 0, ""VDC_intput_V"": 0, ""Water_deep_cm"": 45.088}"
2025-10-02 13:29:29.985883191+00:00,ps-lb-21,2,-81,7.5,"{""Bat_V"": 3.594, ""Exti_pin_level"": ""Low"", ""Exti_status"": ""False"", ""IDC_intput_mA"": 7.607, ""IN1_pin_level"": ""Low"", ""IN2_pin_level"": ""Low"", ""Node_type"": ""PS-LB"", ""Probe_mod"": 0, ""VDC_intput_V"": 0, ""Water_deep_cm"": 45.088}"
2025-10-02 14:29:29.351537261+00:00,ps-lb-21,2,-107,6.75,"{""Bat_V"": 3.588, ""Exti_pin_level"": ""Low"", ""Exti_status"": ""False"", ""IDC_intput_mA"": 7.605, ""IN1_pin_level"": ""Low"", ""IN2_pin_level"": ""Low"", ""Node_type"": ""PS-LB"", ""Probe_mod"": 0, ""VDC_intput_V"": 0, ""Water_deep_cm"": 45.063}"
2025-10-02 15:29:28.705201128+00:00,ps-lb-21,2,-108,7.0,"{""Bat_V"": 3.588, ""Exti_pin_level"": ""Low"", ""Exti_status"": ""False"", ""IDC_intput_mA"": 7.604, ""IN1_pin_level"": ""Low"", ""IN2_pin_level"": ""Low"", ""Node_type"": ""PS-LB"", ""Probe_mod"": 0, ""VDC_intput_V"": 0, ""Water_deep_cm"": 45.05}"
2025-10-02 16:29:28.060945058+00:00,ps-lb-21,2,-91,6.75,"{""Bat_V"": 3.594, ""Exti_pin_level"": ""Low"", ""Exti_status"": ""False"", ""IDC_intput_mA"": 4.115, ""IN1_pin_level"": ""Low"", ""IN2_pin_level"": ""Low"", ""Node_type"": ""PS-LB"", ""Probe_mod"": 0, ""VDC_intput_V"": 0, ""Water_deep_cm"": 1.438}"
2025-10-02 17:29:27.425580248+00:00,ps-lb-21,2,-91,7.5,"{""Bat_V"": 3.594, ""Exti_pin_level"": ""Low"", ""Exti_status"": ""False"", ""IDC_intput_mA"": 4.138, ""IN1_pin_level"": ""Low"", ""IN2_pin_level"": ""Low"", ""Node_type"": ""PS-LB"", ""Probe_mod"": 0, ""VDC_intput_V"": 0, ""Water_deep_cm"": 1.725}"
2025-10-02 18:29:26.773786419+00:00,ps-lb-21,2,-119,-4.0,"{""Bat_V"": 3.594, ""Exti_pin_level"": ""Low"", ""Exti_status"": ""False"", ""IDC_intput_mA"": 4.148, ""IN1_pin_level"": ""Low"", ""IN2_pin_level"": ""Low"", ""Node_type"": ""PS-LB"", ""Probe_mod"": 0, ""VDC_intput_V"": 0, ""Water_deep_cm"": 1.85}"
2025-10-02 19:29:26.114481881+00:00,ps-lb-21,2,-88,6.0,"{""Bat_V"": 3.594, ""Exti_pin_level"": ""Low"", ""Exti_status"": ""False"", ""IDC_intput_mA"": 4.15, ""IN1_pin_level"": ""Low"", ""IN2_pin_level"": ""Low"", ""Node_type"": ""PS-LB"", ""Probe_mod"": 0, ""VDC_intput_V"": 0, ""Water_deep_cm"": 1.875}"
2025-10-02 20:29:25.469730491+00:00,ps-lb-21,2,-91,5.75,"{""Bat_V"": 3.594, ""Exti_pin_level"": ""Low"", ""Exti_status"": ""False"", ""IDC_intput_mA"": 4.147, ""IN1_pin_level"": ""Low"", ""IN2_pin_level"": ""Low"", ""Node_type"": ""PS-LB"", ""Probe_mod"": 0, ""VDC_intput_V"": 0, ""Water_deep_cm"": 1.838}"
2025-10-02 21:29:24.807933001+00:00,ps-lb-21,2,-89,7.75,"{""Bat_V"": 3.594, ""Exti_pin_level"": ""Low"", ""Exti_status"": ""False"", ""IDC_intput_mA"": 4.14, ""IN1_pin_level"": ""Low"", ""IN2_pin_level"": ""Low"", ""Node_type"": ""PS-LB"", ""Probe_mod"": 0, ""VDC_intput_V"": 0, ""Water_deep_cm"": 1.75}"
2025-10-02 22:29:24.159818192+00:00,ps-lb-21,2,-88,5.5,"{""Bat_V"": 3.594, ""Exti_pin_level"": ""Low"", ""Exti_status"": ""False"", ""IDC_intput_mA"": 4.141, ""IN1_pin_level"": ""Low"", ""IN2_pin_level"": ""Low"", ""Node_type"": ""PS-LB"", ""Probe_mod"": 0, ""VDC_intput_V"": 0, ""Water_deep_cm"": 1.763}"
2025-10-02 23:29:23.503066255+00:00,ps-lb-21,2,-124,-8.75,"{""Bat_V"": 3.588, ""Exti_pin_level"": ""Low"", ""Exti_status"": ""False"", ""IDC_intput_mA"": 4.141, ""IN1_pin_level"": ""Low"", ""IN2_pin_level"": ""Low"", ""Node_type"": ""PS-LB"", ""Probe_mod"": 0, ""VDC_intput_V"": 0, ""Water_deep_cm"": 1.763}"
2025-10-03 00:29:22.843803783+00:00,ps-lb-21,2,-90,6.0,"{""Bat_V"": 3.594, ""Exti_pin_level"": ""Low"", ""Exti_status"": ""False"", ""IDC_intput_mA"": 4.141, ""IN1_pin_level"": ""Low"", ""IN2_pin_level"": ""Low"", ""Node_type"": ""PS-LB"", ""Probe_mod"": 0, ""VDC_intput_V"": 0, ""Water_deep_cm"": 1.763}"
2025-10-03 01:29:22.198205803+00:00,ps-lb-21,2,-93,3.75,"{""Bat_V"": 3.594, ""Exti_pin_level"": ""Low"", ""Exti_status"": ""False"", ""IDC_intput_mA"": 4.141, ""IN1_pin_level"": ""Low"", ""IN2_pin_level"": ""Low"", ""Node_type"": ""PS-LB"", ""Probe_mod"": 0, ""VDC_intput_V"": 0, ""Water_deep_cm"": 1.763}"
2025-10-03 02:29:21.536946619+00:00,ps-lb-21,2,-92,7.0,"{""Bat_V"": 3.594, ""Exti_pin_level"": ""Low"", ""Exti_status"": ""False"", ""IDC_intput_mA"": 4.14, ""IN1_pin_level"": ""Low"", ""IN2_pin_level"": ""Low"", ""Node_type"": ""PS-LB"", ""Probe_mod"": 0, ""VDC_intput_V"": 0, ""Water_deep_cm"": 1.75}"
2025-10-03 03:29:20.887450887+00:00,ps-lb-21,2,-90,6.5,"{""Bat_V"": 3.594, ""Exti_pin_level"": ""Low"", ""Exti_status"": ""False"", ""IDC_intput_mA"": 4.141, ""IN1_pin_level"": ""Low"", ""IN2_pin_level"": ""Low"", ""Node_type"": ""PS-LB"", ""Probe_mod"": 0, ""VDC_intput_V"": 0, ""Water_deep_cm"": 1.763}"
2025-10-03 04:29:20.242010943+00:00,ps-lb-21,2,-125,-8.5,"{""Bat_V"": 3.594, ""Exti_pin_level"": ""Low"", ""Exti_status"": ""False"", ""IDC_intput_mA"": 4.14, ""IN1_pin_level"": ""Low"", ""IN2_pin_level"": ""Low"", ""Node_type"": ""PS-LB"", ""Probe_mod"": 0, ""VDC_intput_V"": 0, ""Water_deep_cm"": 1.75}"
2025-10-03 05:29:19.592839136+00:00,ps-lb-21,2,-88,7.0,"{""Bat_V"": 3.594, ""Exti_pin_level"": ""Low"", ""Exti_status"": ""False"", ""IDC_intput_mA"": 4.14, ""IN1_pin_level"": ""Low"", ""IN2_pin_level"": ""Low"", ""Node_type"": ""PS-LB"", ""Probe_mod"": 0, ""VDC_intput_V"": 0, ""Water_deep_cm"": 1.75}"
2025-10-03 06:29:18.949638213+00:00,ps-lb-21,2,-89,6.0,"{""Bat_V"": 3.594, ""Exti_pin_level"": ""Low"", ""Exti_status"": ""False"", ""IDC_intput_mA"": 4.139, ""IN1_pin_level"": ""Low"", ""IN2_pin_level"": ""Low"", ""Node_type"": ""PS-LB"", ""Probe_mod"": 0, ""VDC_intput_V"": 0, ""Water_deep_cm"": 1.738}"
2025-10-03 07:29:18.290640446+00:00,ps-lb-21,2,-91,4.0,"{""Bat_V"": 3.594, ""Exti_pin_level"": ""Low"", ""Exti_status"": ""False"", ""IDC_intput_mA"": 4.139, ""IN1_pin_level"": ""Low"", ""IN2_pin_level"": ""Low"", ""Node_type"": ""PS-LB"", ""Probe_mod"": 0, ""VDC_intput_V"": 0, ""Water_deep_cm"": 1.738}"
2025-10-03 08:29:17.631297003+00:00,ps-lb-21,2,-90,5.5,"{""Bat_V"": 3.594, ""Exti_pin_level"": ""Low"", ""Exti_status"": ""False"", ""IDC_intput_mA"": 4.139, ""IN1_pin_level"": ""Low"", ""IN2_pin_level"": ""Low"", ""Node_type"": ""PS-LB"", ""Probe_mod"": 0, ""VDC_intput_V"": 0, ""Water_deep_cm"": 1.738}"
2025-10-03 09:29:16.983416222+00:00,ps-lb-21,2,-92,8.0,"{""Bat_V"": 3.594, ""Exti_pin_level"": ""Low"", ""Exti_status"": ""False"", ""IDC_intput_mA"": 4.139, ""IN1_pin_level"": ""Low"", ""IN2_pin_level"": ""Low"", ""Node_type"": ""PS-LB"", ""Probe_mod"": 0, ""VDC_intput_V"": 0, ""Water_deep_cm"": 1.738}"
2025-10-03 10:29:16.322998491+00:00,ps-lb-21,2,-91,4.25,"{""Bat_V"": 3.594, ""Exti_pin_level"": ""Low"", ""Exti_status"": ""False"", ""IDC_intput_mA"": 4.14, ""IN1_pin_level"": ""Low"", ""IN2_pin_level"": ""Low"", ""Node_type"": ""PS-LB"", ""Probe_mod"": 0, ""VDC_intput_V"": 0, ""Water_deep_cm"": 1.75}"
2025-10-03 11:29:15.666853623+00:00,ps-lb-21,2,-90,3.5,"{""Bat_V"": 3.594, ""Exti_pin_level"": ""Low"", ""Exti_status"": ""False"", ""IDC_intput_mA"": 4.14, ""IN1_pin_level"": ""Low"", ""IN2_pin_level"": ""Low"", ""Node_type"": ""PS-LB"", ""Probe_mod"": 0, ""VDC_intput_V"": 0, ""Water_deep_cm"": 1.75}"
2025-10-03 12:29:15.026085578+00:00,ps-lb-21,2,-91,6.25,"{""Bat_V"": 3.594, ""Exti_pin_level"": ""Low"", ""Exti_status"": ""False"", ""IDC_intput_mA"": 4.141, ""IN1_pin_level"": ""Low"", ""IN2_pin_level"": ""Low"", ""Node_type"": ""PS-LB"", ""Probe_mod"": 0, ""VDC_intput_V"": 0, ""Water_deep_cm"": 1.763}"
2025-10-03 13:29:14.393188794+00:00,ps-lb-21,2,-88,5.75,"{""Bat_V"": 3.6, ""Exti_pin_level"": ""Low"", ""Exti_status"": ""False"", ""IDC_intput_mA"": 4.141, ""IN1_pin_level"": ""Low"", ""IN2_pin_level"": ""Low"", ""Node_type"": ""PS-LB"", ""Probe_mod"": 0, ""VDC_intput_V"": 0, ""Water_deep_cm"": 1.763}"
2025-10-03 14:29:13.719321894+00:00,ps-lb-21,2,-124,-8.75,"{""Bat_V"": 3.6, ""Exti_pin_level"": ""Low"", ""Exti_status"": ""False"", ""IDC_intput_mA"": 4.141, ""IN1_pin_level"": ""Low"", ""IN2_pin_level"": ""Low"", ""Node_type"": ""PS-LB"", ""Probe_mod"": 0, ""VDC_intput_V"": 0, ""Water_deep_cm"": 1.763}"
2025-10-03 15:29:13.090917370+00:00,ps-lb-21,2,-93,3.75,"{""Bat_V"": 3.594, ""Exti_pin_level"": ""Low"", ""Exti_status"": ""False"", ""IDC_intput_mA"": 4.141, ""IN1_pin_level"": ""Low"", ""IN2_pin_level"": ""Low"", ""Node_type"": ""PS-LB"", ""Probe_mod"": 0, ""VDC_intput_V"": 0, ""Water_deep_cm"": 1.763}"
2025-10-03 16:29:12.414871213+00:00,ps-lb-21,2,-123,-7.0,"{""Bat_V"": 3.594, ""Exti_pin_level"": ""Low"", ""Exti_status"": ""False"", ""IDC_intput_mA"": 4.141, ""IN1_pin_level"": ""Low"", ""IN2_pin_level"": ""Low"", ""Node_type"": ""PS-LB"", ""Probe_mod"": 0, ""VDC_intput_V"": 0, ""Water_deep_cm"": 1.763}"
2025-10-03 17:29:11.765205500+00:00,ps-lb-21,2,-91,1.5,"{""Bat_V"": 3.594, ""Exti_pin_level"": ""Low"", ""Exti_status"": ""False"", ""IDC_intput_mA"": 4.141, ""IN1_pin_level"": ""Low"", ""IN2_pin_level"": ""Low"", ""Node_type"": ""PS-LB"", ""Probe_mod"": 0, ""VDC_intput_V"": 0, ""Water_deep_cm"": 1.763}"
2025-10-03 18:29:11.117223636+00:00,ps-lb-21,2,-92,5.0,"{""Bat_V"": 3.594, ""Exti_pin_level"": ""Low"", ""Exti_status"": ""False"", ""IDC_intput_mA"": 4.141, ""IN1_pin_level"": ""Low"", ""IN2_pin_level"": ""Low"", ""Node_type"": ""PS-LB"", ""Probe_mod"": 0, ""VDC_intput_V"": 0, ""Water_deep_cm"": 1.763}"
2025-10-03 19:29:10.469299698+00:00,ps-lb-21,2,-92,6.25,"{""Bat_V"": 3.594, ""Exti_pin_level"": ""Low"", ""Exti_status"": ""False"", ""IDC_intput_mA"": 4.141, ""IN1_pin_level"": ""Low"", ""IN2_pin_level"": ""Low"", ""Node_type"": ""PS-LB"", ""Probe_mod"": 0, ""VDC_intput_V"": 0, ""Water_deep_cm"": 1.763}"
2025-10-03 20:29:09.810963309+00:00,ps-lb-21,2,-93,3.0,"{""Bat_V"": 3.594, ""Exti_pin_level"": ""Low"", ""Exti_status"": ""False"", ""IDC_intput_mA"": 4.141, ""IN1_pin_level"": ""Low"", ""IN2_pin_level"": ""Low"", ""Node_type"": ""PS-LB"", ""Probe_mod"": 0, ""VDC_intput_V"": 0, ""Water_deep_cm"": 1.763}"
2025-10-03 21:29:09.153462534+00:00,ps-lb-21,2,-90,6.25,"{""Bat_V"": 3.594, ""Exti_pin_level"": ""Low"", ""Exti_status"": ""False"", ""IDC_intput_mA"": 4.141, ""IN1_pin_level"": ""Low"", ""IN2_pin_level"": ""Low"", ""Node_type"": ""PS-LB"", ""Probe_mod"": 0, ""VDC_intput_V"": 0, ""Water_deep_cm"": 1.763}"
2025-10-03 22:29:08.494726646+00:00,ps-lb-21,2,-92,4.75,"{""Bat_V"": 3.6, ""Exti_pin_level"": ""Low"", ""Exti_status"": ""False"", ""IDC_intput_mA"": 4.141, ""IN1_pin_level"": ""Low"", ""IN2_pin_level"": ""Low"", ""Node_type"": ""PS-LB"", ""Probe_mod"": 0, ""VDC_intput_V"": 0, ""Water_deep_cm"": 1.763}"
2025-10-03 23:29:07.845824960+00:00,ps-lb-21,2,-93,2.75,"{""Bat_V"": 3.594, ""Exti_pin_level"": ""Low"", ""Exti_status"": ""False"", ""IDC_intput_mA"": 4.141, ""IN1_pin_level"": ""Low"", ""IN2_pin_level"": ""Low"", ""Node_type"": ""PS-LB"", ""Probe_mod"": 0, ""VDC_intput_V"": 0, ""Water_deep_cm"": 1.763}"
2025-10-04 00:29:07.209889893+00:00,ps-lb-21,2,-121,-4.0,"{""Bat_V"": 3.594, ""Exti_pin_level"": ""Low"", ""Exti_status"": ""False"", ""IDC_intput_mA"": 4.14, ""IN1_pin_level"": ""Low"", ""IN2_pin_level"": ""Low"", ""Node_type"": ""PS-LB"", ""Probe_mod"": 0, ""VDC_intput_V"": 0, ""Water_deep_cm"": 1.75}"
2025-10-04 01:29:06.564458337+00:00,ps-lb-21,2,-96,7.25,"{""Bat_V"": 3.594, ""Exti_pin_level"": ""Low"", ""Exti_status"": ""False"", ""IDC_intput_mA"": 4.14, ""IN1_pin_level"": ""Low"", ""IN2_pin_level"": ""Low"", ""Node_type"": ""PS-LB"", ""Probe_mod"": 0, ""VDC_intput_V"": 0, ""Water_deep_cm"": 1.75}"
2025-10-04 02:29:05.904786230+00:00,ps-lb-21,2,-123,-7.5,"{""Bat_V"": 3.594, ""Exti_pin_level"": ""Low"", ""Exti_status"": ""False"", ""IDC_intput_mA"": 4.139, ""IN1_pin_level"": ""Low"", ""IN2_pin_level"": ""Low"", ""Node_type"": ""PS-LB"", ""Probe_mod"": 0, ""VDC_intput_V"": 0, ""Water_deep_cm"": 1.738}"
2025-10-04 03:29:05.256125224+00:00,ps-lb-21,2,-91,5.75,"{""Bat_V"": 3.594, ""Exti_pin_level"": ""Low"", ""Exti_status"": ""False"", ""IDC_intput_mA"": 4.139, ""IN1_pin_level"": ""Low"", ""IN2_pin_level"": ""Low"", ""Node_type"": ""PS-LB"", ""Probe_mod"": 0, ""VDC_intput_V"": 0, ""Water_deep_cm"": 1.738}"
2025-10-04 04:29:04.613837972+00:00,ps-lb-21,2,-98,-3.75,"{""Bat_V"": 3.594, ""Exti_pin_level"": ""Low"", ""Exti_status"": ""False"", ""IDC_intput_mA"": 4.14, ""IN1_pin_level"": ""Low"", ""IN2_pin_level"": ""Low"", ""Node_type"": ""PS-LB"", ""Probe_mod"": 0, ""VDC_intput_V"": 0, ""Water_deep_cm"": 1.75}"
2025-10-04 05:29:03.947039629+00:00,ps-lb-21,2,-90,5.75,"{""Bat_V"": 3.6, ""Exti_pin_level"": ""Low"", ""Exti_status"": ""False"", ""IDC_intput_mA"": 4.139, ""IN1_pin_level"": ""Low"", ""IN2_pin_level"": ""Low"", ""Node_type"": ""PS-LB"", ""Probe_mod"": 0, ""VDC_intput_V"": 0, ""Water_deep_cm"": 1.738}"
2025-10-04 06:29:03.305278107+00:00,ps-lb-21,2,-93,6.25,"{""Bat_V"": 3.594, ""Exti_pin_level"": ""Low"", ""Exti_status"": ""False"", ""IDC_intput_mA"": 4.139, ""IN1_pin_level"": ""Low"", ""IN2_pin_level"": ""Low"", ""Node_type"": ""PS-LB"", ""Probe_mod"": 0, ""VDC_intput_V"": 0, ""Water_deep_cm"": 1.738}"
2025-10-04 07:29:02.638787033+00:00,ps-lb-21,2,-93,6.75,"{""Bat_V"": 3.594, ""Exti_pin_level"": ""Low"", ""Exti_status"": ""False"", ""IDC_intput_mA"": 4.139, ""IN1_pin_level"": ""Low"", ""IN2_pin_level"": ""Low"", ""Node_type"": ""PS-LB"", ""Probe_mod"": 0, ""VDC_intput_V"": 0, ""Water_deep_cm"": 1.738}"
2025-10-04 08:29:02.016118224+00:00,ps-lb-21,2,-122,-6.0,"{""Bat_V"": 3.594, ""Exti_pin_level"": ""Low"", ""Exti_status"": ""False"", ""IDC_intput_mA"": 4.139, ""IN1_pin_level"": ""Low"", ""IN2_pin_level"": ""Low"", ""Node_type"": ""PS-LB"", ""Probe_mod"": 0, ""VDC_intput_V"": 0, ""Water_deep_cm"": 1.738}"
2025-10-04 10:29:00.697818681+00:00,ps-lb-21,2,-93,5.75,"{""Bat_V"": 3.6, ""Exti_pin_level"": ""Low"", ""Exti_status"": ""False"", ""IDC_intput_mA"": 4.139, ""IN1_pin_level"": ""Low"", ""IN2_pin_level"": ""Low"", ""Node_type"": ""PS-LB"", ""Probe_mod"": 0, ""VDC_intput_V"": 0, ""Water_deep_cm"": 1.738}"
2025-10-04 11:29:00.041847876+00:00,ps-lb-21,2,-124,-8.25,"{""Bat_V"": 3.594, ""Exti_pin_level"": ""Low"", ""Exti_status"": ""False"", ""IDC_intput_mA"": 4.139, ""IN1_pin_level"": ""Low"", ""IN2_pin_level"": ""Low"", ""Node_type"": ""PS-LB"", ""Probe_mod"": 0, ""VDC_intput_V"": 0, ""Water_deep_cm"": 1.738}"
2025-10-04 12:28:59.386773060+00:00,ps-lb-21,2,-93,3.75,"{""Bat_V"": 3.594, ""Exti_pin_level"": ""Low"", ""Exti_status"": ""False"", ""IDC_intput_mA"": 4.139, ""IN1_pin_level"": ""Low"", ""IN2_pin_level"": ""Low"", ""Node_type"": ""PS-LB"", ""Probe_mod"": 0, ""VDC_intput_V"": 0, ""Water_deep_cm"": 1.738}"
2025-10-04 13:28:58.768978874+00:00,ps-lb-21,2,-122,-6.75,"{""Bat_V"": 3.594, ""Exti_pin_level"": ""Low"", ""Exti_status"": ""False"", ""IDC_intput_mA"": 4.139, ""IN1_pin_level"": ""Low"", ""IN2_pin_level"": ""Low"", ""Node_type"": ""PS-LB"", ""Probe_mod"": 0, ""VDC_intput_V"": 0, ""Water_deep_cm"": 1.738}"
2025-10-04 14:28:58.089255317+00:00,ps-lb-21,2,-90,4.75,"{""Bat_V"": 3.6, ""Exti_pin_level"": ""Low"", ""Exti_status"": ""False"", ""IDC_intput_mA"": 4.139, ""IN1_pin_level"": ""Low"", ""IN2_pin_level"": ""Low"", ""Node_type"": ""PS-LB"", ""Probe_mod"": 0, ""VDC_intput_V"": 0, ""Water_deep_cm"": 1.738}"
2025-10-04 16:28:56.797517313+00:00,ps-lb-21,2,-124,-7.0,"{""Bat_V"": 3.594, ""Exti_pin_level"": ""Low"", ""Exti_status"": ""False"", ""IDC_intput_mA"": 4.139, ""IN1_pin_level"": ""Low"", ""IN2_pin_level"": ""Low"", ""Node_type"": ""PS-LB"", ""Probe_mod"": 0, ""VDC_intput_V"": 0, ""Water_deep_cm"": 1.738}"
2025-10-04 17:28:56.158876155+00:00,ps-lb-21,2,-95,1.5,"{""Bat_V"": 3.6, ""Exti_pin_level"": ""Low"", ""Exti_status"": ""False"", ""IDC_intput_mA"": 4.139, ""IN1_pin_level"": ""Low"", ""IN2_pin_level"": ""Low"", ""Node_type"": ""PS-LB"", ""Probe_mod"": 0, ""VDC_intput_V"": 0, ""Water_deep_cm"": 1.738}"
2025-10-04 18:28:55.504577548+00:00,ps-lb-21,2,-99,-2.25,"{""Bat_V"": 3.594, ""Exti_pin_level"": ""Low"", ""Exti_status"": ""False"", ""IDC_intput_mA"": 4.138, ""IN1_pin_level"": ""Low"", ""IN2_pin_level"": ""Low"", ""Node_type"": ""PS-LB"", ""Probe_mod"": 0, ""VDC_intput_V"": 0, ""Water_deep_cm"": 1.725}"
2025-10-04 19:28:54.842256126+00:00,ps-lb-21,2,-122,-6.75,"{""Bat_V"": 3.6, ""Exti_pin_level"": ""Low"", ""Exti_status"": ""False"", ""IDC_intput_mA"": 4.138, ""IN1_pin_level"": ""Low"", ""IN2_pin_level"": ""Low"", ""Node_type"": ""PS-LB"", ""Probe_mod"": 0, ""VDC_intput_V"": 0, ""Water_deep_cm"": 1.725}"
2025-10-04 20:28:54.198283138+00:00,ps-lb-21,2,-123,-7.25,"{""Bat_V"": 3.594, ""Exti_pin_level"": ""Low"", ""Exti_status"": ""False"", ""IDC_intput_mA"": 4.138, ""IN1_pin_level"": ""Low"", ""IN2_pin_level"": ""Low"", ""Node_type"": ""PS-LB"", ""Probe_mod"": 0, ""VDC_intput_V"": 0, ""Water_deep_cm"": 1.725}"
2025-10-04 21:28:53.556853801+00:00,ps-lb-21,2,-101,-5.5,"{""Bat_V"": 3.594, ""Exti_pin_level"": ""Low"", ""Exti_status"": ""False"", ""IDC_intput_mA"": 4.138, ""IN1_pin_level"": ""Low"", ""IN2_pin_level"": ""Low"", ""Node_type"": ""PS-LB"", ""Probe_mod"": 0, ""VDC_intput_V"": 0, ""Water_deep_cm"": 1.725}"
2025-10-04 22:28:52.924191035+00:00,ps-lb-21,2,-123,-7.75,"{""Bat_V"": 3.6, ""Exti_pin_level"": ""Low"", ""Exti_status"": ""False"", ""IDC_intput_mA"": 4.138, ""IN1_pin_level"": ""Low"", ""IN2_pin_level"": ""Low"", ""Node_type"": ""PS-LB"", ""Probe_mod"": 0, ""VDC_intput_V"": 0, ""Water_deep_cm"": 1.725}"
2025-10-05 03:28:49.682055900+00:00,ps-lb-21,2,-123,-7.25,"{""Bat_V"": 3.6, ""Exti_pin_level"": ""Low"", ""Exti_status"": ""False"", ""IDC_intput_mA"": 4.137, ""IN1_pin_level"": ""Low"", ""IN2_pin_level"": ""Low"", ""Node_type"": ""PS-LB"", ""Probe_mod"": 0, ""VDC_intput_V"": 0, ""Water_deep_cm"": 1.712}"
2025-10-05 08:28:46.419168911+00:00,ps-lb-21,2,-123,-6.25,"{""Bat_V"": 3.594, ""Exti_pin_level"": ""Low"", ""Exti_status"": ""False"", ""IDC_intput_mA"": 4.137, ""IN1_pin_level"": ""Low"", ""IN2_pin_level"": ""Low"", ""Node_type"": ""PS-LB"", ""Probe_mod"": 0, ""VDC_intput_V"": 0, ""Water_deep_cm"": 1.712}"
2025-10-05 12:28:43.809933792+00:00,ps-lb-21,2,-123,-8.5,"{""Bat_V"": 3.594, ""Exti_pin_level"": ""Low"", ""Exti_status"": ""False"", ""IDC_intput_mA"": 4.136, ""IN1_pin_level"": ""Low"", ""IN2_pin_level"": ""Low"", ""Node_type"": ""PS-LB"", ""Probe_mod"": 0, ""VDC_intput_V"": 0, ""Water_deep_cm"": 1.7}"
2025-10-05 13:28:43.164182698+00:00,ps-lb-21,2,-123,-7.25,"{""Bat_V"": 3.594, ""Exti_pin_level"": ""Low"", ""Exti_status"": ""False"", ""IDC_intput_mA"": 4.136, ""IN1_pin_level"": ""Low"", ""IN2_pin_level"": ""Low"", ""Node_type"": ""PS-LB"", ""Probe_mod"": 0, ""VDC_intput_V"": 0, ""Water_deep_cm"": 1.7}"
2025-10-05 21:28:38.018325479+00:00,ps-lb-21,2,-124,-8.5,"{""Bat_V"": 3.594, ""Exti_pin_level"": ""Low"", ""Exti_status"": ""False"", ""IDC_intput_mA"": 4.135, ""IN1_pin_level"": ""Low"", ""IN2_pin_level"": ""Low"", ""Node_type"": ""PS-LB"", ""Probe_mod"": 0, ""VDC_intput_V"": 0, ""Water_deep_cm"": 1.687}"
2025-10-05 22:28:37.362351992+00:00,ps-lb-21,2,-124,-7.5,"{""Bat_V"": 3.594, ""Exti_pin_level"": ""Low"", ""Exti_status"": ""False"", ""IDC_intput_mA"": 4.135, ""IN1_pin_level"": ""Low"", ""IN2_pin_level"": ""Low"", ""Node_type"": ""PS-LB"", ""Probe_mod"": 0, ""VDC_intput_V"": 0, ""Water_deep_cm"": 1.687}"
2025-10-06 01:28:35.367586593+00:00,ps-lb-21,2,-121,-5.5,"{""Bat_V"": 3.594, ""Exti_pin_level"": ""Low"", ""Exti_status"": ""False"", ""IDC_intput_mA"": 4.135, ""IN1_pin_level"": ""Low"", ""IN2_pin_level"": ""Low"", ""Node_type"": ""PS-LB"", ""Probe_mod"": 0, ""VDC_intput_V"": 0, ""Water_deep_cm"": 1.687}"
2025-10-06 02:28:34.737180412+00:00,ps-lb-21,2,-122,-5.25,"{""Bat_V"": 3.594, ""Exti_pin_level"": ""Low"", ""Exti_status"": ""False"", ""IDC_intput_mA"": 4.135, ""IN1_pin_level"": ""Low"", ""IN2_pin_level"": ""Low"", ""Node_type"": ""PS-LB"", ""Probe_mod"": 0, ""VDC_intput_V"": 0, ""Water_deep_cm"": 1.687}"
2025-10-06 03:28:34.101530790+00:00,ps-lb-21,2,-121,-5.5,"{""Bat_V"": 3.594, ""Exti_pin_level"": ""Low"", ""Exti_status"": ""False"", ""IDC_intput_mA"": 4.134, ""IN1_pin_level"": ""Low"", ""IN2_pin_level"": ""Low"", ""Node_type"": ""PS-LB"", ""Probe_mod"": 0, ""VDC_intput_V"": 0, ""Water_deep_cm"": 1.675}"
2025-10-06 06:28:32.131316768+00:00,ps-lb-21,2,-120,-4.25,"{""Bat_V"": 3.6, ""Exti_pin_level"": ""Low"", ""Exti_status"": ""False"", ""IDC_intput_mA"": 4.137, ""IN1_pin_level"": ""Low"", ""IN2_pin_level"": ""Low"", ""Node_type"": ""PS-LB"", ""Probe_mod"": 0, ""VDC_intput_V"": 0, ""Water_deep_cm"": 1.712}"
2025-10-06 08:28:30.840018891+00:00,ps-lb-21,2,-123,-7.75,"{""Bat_V"": 3.6, ""Exti_pin_level"": ""Low"", ""Exti_status"": ""False"", ""IDC_intput_mA"": 4.139, ""IN1_pin_level"": ""Low"", ""IN2_pin_level"": ""Low"", ""Node_type"": ""PS-LB"", ""Probe_mod"": 0, ""VDC_intput_V"": 0, ""Water_deep_cm"": 1.738}"
2025-10-06 09:28:30.205039284+00:00,ps-lb-21,2,-120,-3.25,"{""Bat_V"": 3.594, ""Exti_pin_level"": ""Low"", ""Exti_status"": ""False"", ""IDC_intput_mA"": 4.139, ""IN1_pin_level"": ""Low"", ""IN2_pin_level"": ""Low"", ""Node_type"": ""PS-LB"", ""Probe_mod"": 0, ""VDC_intput_V"": 0, ""Water_deep_cm"": 1.738}"
2025-10-06 10:28:29.514278050+00:00,ps-lb-21,2,-117,-2.25,"{""Bat_V"": 3.6, ""Exti_pin_level"": ""Low"", ""Exti_status"": ""False"", ""IDC_intput_mA"": 4.14, ""IN1_pin_level"": ""Low"", ""IN2_pin_level"": ""Low"", ""Node_type"": ""PS-LB"", ""Probe_mod"": 0, ""VDC_intput_V"": 0, ""Water_deep_cm"": 1.75}"
2025-10-06 11:28:28.874105935+00:00,ps-lb-21,2,-123,-7.75,"{""Bat_V"": 3.6, ""Exti_pin_level"": ""Low"", ""Exti_status"": ""False"", ""IDC_intput_mA"": 4.142, ""IN1_pin_level"": ""Low"", ""IN2_pin_level"": ""Low"", ""Node_type"": ""PS-LB"", ""Probe_mod"": 0, ""VDC_intput_V"": 0, ""Water_deep_cm"": 1.775}"
2025-10-06 23:28:21.078602958+00:00,ps-lb-21,2,-122,-7.0,"{""Bat_V"": 3.6, ""Exti_pin_level"": ""Low"", ""Exti_status"": ""False"", ""IDC_intput_mA"": 4.14, ""IN1_pin_level"": ""Low"", ""IN2_pin_level"": ""Low"", ""Node_type"": ""PS-LB"", ""Probe_mod"": 0, ""VDC_intput_V"": 0, ""Water_deep_cm"": 1.75}"
2025-10-07 02:28:19.140508931+00:00,ps-lb-21,2,-126,-10.0,"{""Bat_V"": 3.6, ""Exti_pin_level"": ""Low"", ""Exti_status"": ""False"", ""IDC_intput_mA"": 4.139, ""IN1_pin_level"": ""Low"", ""IN2_pin_level"": ""Low"", ""Node_type"": ""PS-LB"", ""Probe_mod"": 0, ""VDC_intput_V"": 0, ""Water_deep_cm"": 1.738}"
2025-10-07 09:28:14.552327940+00:00,ps-lb-21,2,-123,-6.75,"{""Bat_V"": 3.6, ""Exti_pin_level"": ""Low"", ""Exti_status"": ""False"", ""IDC_intput_mA"": 4.142, ""IN1_pin_level"": ""Low"", ""IN2_pin_level"": ""Low"", ""Node_type"": ""PS-LB"", ""Probe_mod"": 0, ""VDC_intput_V"": 0, ""Water_deep_cm"": 1.775}"
2025-10-07 11:28:13.259411904+00:00,ps-lb-21,2,-122,-6.75,"{""Bat_V"": 3.6, ""Exti_pin_level"": ""Low"", ""Exti_status"": ""False"", ""IDC_intput_mA"": 4.144, ""IN1_pin_level"": ""Low"", ""IN2_pin_level"": ""Low"", ""Node_type"": ""PS-LB"", ""Probe_mod"": 0, ""VDC_intput_V"": 0, ""Water_deep_cm"": 1.8}"
2025-10-07 12:28:12.602205008+00:00,ps-lb-21,2,-122,-7.75,"{""Bat_V"": 3.6, ""Exti_pin_level"": ""Low"", ""Exti_status"": ""False"", ""IDC_intput_mA"": 4.144, ""IN1_pin_level"": ""Low"", ""IN2_pin_level"": ""Low"", ""Node_type"": ""PS-LB"", ""Probe_mod"": 0, ""VDC_intput_V"": 0, ""Water_deep_cm"": 1.8}"
2025-10-07 16:28:09.993669554+00:00,ps-lb-21,2,-122,-5.5,"{""Bat_V"": 3.594, ""Exti_pin_level"": ""Low"", ""Exti_status"": ""False"", ""IDC_intput_mA"": 4.146, ""IN1_pin_level"": ""Low"", ""IN2_pin_level"": ""Low"", ""Node_type"": ""PS-LB"", ""Probe_mod"": 0, ""VDC_intput_V"": 0, ""Water_deep_cm"": 1.825}"
2025-10-07 19:28:08.037939715+00:00,ps-lb-21,2,-122,-7.25,"{""Bat_V"": 3.6, ""Exti_pin_level"": ""Low"", ""Exti_status"": ""False"", ""IDC_intput_mA"": 4.145, ""IN1_pin_level"": ""Low"", ""IN2_pin_level"": ""Low"", ""Node_type"": ""PS-LB"", ""Probe_mod"": 0, ""VDC_intput_V"": 0, ""Water_deep_cm"": 1.812}"
2025-10-07 20:28:07.397489230+00:00,ps-lb-21,2,-124,-7.75,"{""Bat_V"": 3.6, ""Exti_pin_level"": ""Low"", ""Exti_status"": ""False"", ""IDC_intput_mA"": 4.145, ""IN1_pin_level"": ""Low"", ""IN2_pin_level"": ""Low"", ""Node_type"": ""PS-LB"", ""Probe_mod"": 0, ""VDC_intput_V"": 0, ""Water_deep_cm"": 1.812}"
2025-10-07 22:28:49.107998988+00:00,ps-lb-21,2,-123,-7.5,"{""Bat_V"": 3.6, ""Exti_pin_level"": ""Low"", ""Exti_status"": ""False"", ""IDC_intput_mA"": 4.144, ""IN1_pin_level"": ""Low"", ""IN2_pin_level"": ""Low"", ""Node_type"": ""PS-LB"", ""Probe_mod"": 0, ""VDC_intput_V"": 0, ""Water_deep_cm"": 1.8}"
2025-10-07 23:28:48.454842012+00:00,ps-lb-21,2,-124,-9.5,"{""Bat_V"": 3.594, ""Exti_pin_level"": ""Low"", ""Exti_status"": ""False"", ""IDC_intput_mA"": 4.144, ""IN1_pin_level"": ""Low"", ""IN2_pin_level"": ""Low"", ""Node_type"": ""PS-LB"", ""Probe_mod"": 0, ""VDC_intput_V"": 0, ""Water_deep_cm"": 1.8}"
2025-10-08 00:28:47.813750437+00:00,ps-lb-21,2,-125,-9.0,"{""Bat_V"": 3.6, ""Exti_pin_level"": ""Low"", ""Exti_status"": ""False"", ""IDC_intput_mA"": 4.144, ""IN1_pin_level"": ""Low"", ""IN2_pin_level"": ""Low"", ""Node_type"": ""PS-LB"", ""Probe_mod"": 0, ""VDC_intput_V"": 0, ""Water_deep_cm"": 1.8}"
2025-10-08 02:28:46.484965292+00:00,ps-lb-21,2,-125,-12.0,"{""Bat_V"": 3.594, ""Exti_pin_level"": ""Low"", ""Exti_status"": ""False"", ""IDC_intput_mA"": 4.144, ""IN1_pin_level"": ""Low"", ""IN2_pin_level"": ""Low"", ""Node_type"": ""PS-LB"", ""Probe_mod"": 0, ""VDC_intput_V"": 0, ""Water_deep_cm"": 1.8}"
2025-10-08 03:28:45.850000129+00:00,ps-lb-21,2,-127,-11.5,"{""Bat_V"": 3.594, ""Exti_pin_level"": ""Low"", ""Exti_status"": ""False"", ""IDC_intput_mA"": 4.143, ""IN1_pin_level"": ""Low"", ""IN2_pin_level"": ""Low"", ""Node_type"": ""PS-LB"", ""Probe_mod"": 0, ""VDC_intput_V"": 0, ""Water_deep_cm"": 1.787}"
2025-10-08 04:28:45.256941534+00:00,ps-lb-21,2,-119,-14.5,"{""Bat_V"": 3.594, ""Exti_pin_level"": ""Low"", ""Exti_status"": ""False"", ""IDC_intput_mA"": 4.143, ""IN1_pin_level"": ""Low"", ""IN2_pin_level"": ""Low"", ""Node_type"": ""PS-LB"", ""Probe_mod"": 0, ""VDC_intput_V"": 0, ""Water_deep_cm"": 1.787}"
2025-10-08 05:28:44.535443649+00:00,ps-lb-21,2,-126,-11.25,"{""Bat_V"": 3.6, ""Exti_pin_level"": ""Low"", ""Exti_status"": ""False"", ""IDC_intput_mA"": 4.143, ""IN1_pin_level"": ""Low"", ""IN2_pin_level"": ""Low"", ""Node_type"": ""PS-LB"", ""Probe_mod"": 0, ""VDC_intput_V"": 0, ""Water_deep_cm"": 1.787}"
2025-10-08 06:28:43.887120387+00:00,ps-lb-21,2,-126,-17.0,"{""Bat_V"": 3.594, ""Exti_pin_level"": ""Low"", ""Exti_status"": ""False"", ""IDC_intput_mA"": 4.144, ""IN1_pin_level"": ""Low"", ""IN2_pin_level"": ""Low"", ""Node_type"": ""PS-LB"", ""Probe_mod"": 0, ""VDC_intput_V"": 0, ""Water_deep_cm"": 1.8}"
2025-10-08 07:28:43.238340294+00:00,ps-lb-21,2,-124,-9.75,"{""Bat_V"": 3.6, ""Exti_pin_level"": ""Low"", ""Exti_status"": ""False"", ""IDC_intput_mA"": 4.145, ""IN1_pin_level"": ""Low"", ""IN2_pin_level"": ""Low"", ""Node_type"": ""PS-LB"", ""Probe_mod"": 0, ""VDC_intput_V"": 0, ""Water_deep_cm"": 1.812}"
2025-10-08 08:28:42.656831728+00:00,ps-lb-21,2,-125,-9.75,"{""Bat_V"": 3.6, ""Exti_pin_level"": ""Low"", ""Exti_status"": ""False"", ""IDC_intput_mA"": 4.146, ""IN1_pin_level"": ""Low"", ""IN2_pin_level"": ""Low"", ""Node_type"": ""PS-LB"", ""Probe_mod"": 0, ""VDC_intput_V"": 0, ""Water_deep_cm"": 1.825}"
2025-10-08 09:28:41.936063040+00:00,ps-lb-21,2,-86,6.25,"{""Bat_V"": 3.6, ""Exti_pin_level"": ""Low"", ""Exti_status"": ""False"", ""IDC_intput_mA"": 4.146, ""IN1_pin_level"": ""Low"", ""IN2_pin_level"": ""Low"", ""Node_type"": ""PS-LB"", ""Probe_mod"": 0, ""VDC_intput_V"": 0, ""Water_deep_cm"": 1.825}"
2025-10-08 10:28:40.003650787+00:00,ps-lb-21,2,-92,6.0,"{""Bat_V"": 3.6, ""Exti_pin_level"": ""Low"", ""Exti_status"": ""False"", ""IDC_intput_mA"": 4.146, ""IN1_pin_level"": ""Low"", ""IN2_pin_level"": ""Low"", ""Node_type"": ""PS-LB"", ""Probe_mod"": 0, ""VDC_intput_V"": 0, ""Water_deep_cm"": 1.825}"
2025-10-08 11:28:39.340023489+00:00,ps-lb-21,2,-121,-6.25,"{""Bat_V"": 3.6, ""Exti_pin_level"": ""Low"", ""Exti_status"": ""False"", ""IDC_intput_mA"": 4.147, ""IN1_pin_level"": ""Low"", ""IN2_pin_level"": ""Low"", ""Node_type"": ""PS-LB"", ""Probe_mod"": 0, ""VDC_intput_V"": 0, ""Water_deep_cm"": 1.838}"
2025-10-08 12:28:38.693937772+00:00,ps-lb-21,2,-91,7.75,"{""Bat_V"": 3.594, ""Exti_pin_level"": ""Low"", ""Exti_status"": ""False"", ""IDC_intput_mA"": 4.147, ""IN1_pin_level"": ""Low"", ""IN2_pin_level"": ""Low"", ""Node_type"": ""PS-LB"", ""Probe_mod"": 0, ""VDC_intput_V"": 0, ""Water_deep_cm"": 1.838}"
2025-10-08 13:28:37.929019312+00:00,ps-lb-21,2,-92,7.0,"{""Bat_V"": 3.6, ""Exti_pin_level"": ""Low"", ""Exti_status"": ""False"", ""IDC_intput_mA"": 4.148, ""IN1_pin_level"": ""Low"", ""IN2_pin_level"": ""Low"", ""Node_type"": ""PS-LB"", ""Probe_mod"": 0, ""VDC_intput_V"": 0, ""Water_deep_cm"": 1.85}"
2025-10-08 14:28:37.264697713+00:00,ps-lb-21,2,-120,-4.5,"{""Bat_V"": 3.6, ""Exti_pin_level"": ""Low"", ""Exti_status"": ""False"", ""IDC_intput_mA"": 4.148, ""IN1_pin_level"": ""Low"", ""IN2_pin_level"": ""Low"", ""Node_type"": ""PS-LB"", ""Probe_mod"": 0, ""VDC_intput_V"": 0, ""Water_deep_cm"": 1.85}"
2025-10-08 15:28:36.627460380+00:00,ps-lb-21,2,-90,4.5,"{""Bat_V"": 3.594, ""Exti_pin_level"": ""Low"", ""Exti_status"": ""False"", ""IDC_intput_mA"": 4.148, ""IN1_pin_level"": ""Low"", ""IN2_pin_level"": ""Low"", ""Node_type"": ""PS-LB"", ""Probe_mod"": 0, ""VDC_intput_V"": 0, ""Water_deep_cm"": 1.85}"
2025-10-08 16:28:35.973194138+00:00,ps-lb-21,2,-93,4.5,"{""Bat_V"": 3.6, ""Exti_pin_level"": ""Low"", ""Exti_status"": ""False"", ""IDC_intput_mA"": 4.148, ""IN1_pin_level"": ""Low"", ""IN2_pin_level"": ""Low"", ""Node_type"": ""PS-LB"", ""Probe_mod"": 0, ""VDC_intput_V"": 0, ""Water_deep_cm"": 1.85}"
2025-10-08 17:28:35.322345435+00:00,ps-lb-21,2,-91,6.75,"{""Bat_V"": 3.594, ""Exti_pin_level"": ""Low"", ""Exti_status"": ""False"", ""IDC_intput_mA"": 4.148, ""IN1_pin_level"": ""Low"", ""IN2_pin_level"": ""Low"", ""Node_type"": ""PS-LB"", ""Probe_mod"": 0, ""VDC_intput_V"": 0, ""Water_deep_cm"": 1.85}"
2025-10-08 18:28:34.671271174+00:00,ps-lb-21,2,-92,5.25,"{""Bat_V"": 3.594, ""Exti_pin_level"": ""Low"", ""Exti_status"": ""False"", ""IDC_intput_mA"": 4.148, ""IN1_pin_level"": ""Low"", ""IN2_pin_level"": ""Low"", ""Node_type"": ""PS-LB"", ""Probe_mod"": 0, ""VDC_intput_V"": 0, ""Water_deep_cm"": 1.85}"
2025-10-08 19:28:34.001381537+00:00,ps-lb-21,2,-93,8.25,"{""Bat_V"": 3.594, ""Exti_pin_level"": ""Low"", ""Exti_status"": ""False"", ""IDC_intput_mA"": 4.148, ""IN1_pin_level"": ""Low"", ""IN2_pin_level"": ""Low"", ""Node_type"": ""PS-LB"", ""Probe_mod"": 0, ""VDC_intput_V"": 0, ""Water_deep_cm"": 1.85}"
2025-10-08 20:28:33.349217280+00:00,ps-lb-21,2,-93,7.25,"{""Bat_V"": 3.6, ""Exti_pin_level"": ""Low"", ""Exti_status"": ""False"", ""IDC_intput_mA"": 4.148, ""IN1_pin_level"": ""Low"", ""IN2_pin_level"": ""Low"", ""Node_type"": ""PS-LB"", ""Probe_mod"": 0, ""VDC_intput_V"": 0, ""Water_deep_cm"": 1.85}"
2025-10-08 21:28:32.692815321+00:00,ps-lb-21,2,-93,4.75,"{""Bat_V"": 3.594, ""Exti_pin_level"": ""Low"", ""Exti_status"": ""False"", ""IDC_intput_mA"": 4.147, ""IN1_pin_level"": ""Low"", ""IN2_pin_level"": ""Low"", ""Node_type"": ""PS-LB"", ""Probe_mod"": 0, ""VDC_intput_V"": 0, ""Water_deep_cm"": 1.838}"
2025-10-08 22:28:32.049014543+00:00,ps-lb-21,2,-91,4.0,"{""Bat_V"": 3.6, ""Exti_pin_level"": ""Low"", ""Exti_status"": ""False"", ""IDC_intput_mA"": 4.146, ""IN1_pin_level"": ""Low"", ""IN2_pin_level"": ""Low"", ""Node_type"": ""PS-LB"", ""Probe_mod"": 0, ""VDC_intput_V"": 0, ""Water_deep_cm"": 1.825}"
2025-10-08 23:28:31.381866439+00:00,ps-lb-21,2,-90,6.0,"{""Bat_V"": 3.6, ""Exti_pin_level"": ""Low"", ""Exti_status"": ""False"", ""IDC_intput_mA"": 4.146, ""IN1_pin_level"": ""Low"", ""IN2_pin_level"": ""Low"", ""Node_type"": ""PS-LB"", ""Probe_mod"": 0, ""VDC_intput_V"": 0, ""Water_deep_cm"": 1.825}"
2025-10-09 00:28:30.744283279+00:00,ps-lb-21,2,-92,4.75,"{""Bat_V"": 3.6, ""Exti_pin_level"": ""Low"", ""Exti_status"": ""False"", ""IDC_intput_mA"": 4.146, ""IN1_pin_level"": ""Low"", ""IN2_pin_level"": ""Low"", ""Node_type"": ""PS-LB"", ""Probe_mod"": 0, ""VDC_intput_V"": 0, ""Water_deep_cm"": 1.825}"
2025-10-09 01:28:30.079408281+00:00,ps-lb-21,2,-127,-11.5,"{""Bat_V"": 3.6, ""Exti_pin_level"": ""Low"", ""Exti_status"": ""False"", ""IDC_intput_mA"": 4.145, ""IN1_pin_level"": ""Low"", ""IN2_pin_level"": ""Low"", ""Node_type"": ""PS-LB"", ""Probe_mod"": 0, ""VDC_intput_V"": 0, ""Water_deep_cm"": 1.812}"
2025-10-09 02:28:29.432539695+00:00,ps-lb-21,2,-92,4.5,"{""Bat_V"": 3.6, ""Exti_pin_level"": ""Low"", ""Exti_status"": ""False"", ""IDC_intput_mA"": 4.144, ""IN1_pin_level"": ""Low"", ""IN2_pin_level"": ""Low"", ""Node_type"": ""PS-LB"", ""Probe_mod"": 0, ""VDC_intput_V"": 0, ""Water_deep_cm"": 1.8}"
2025-10-09 03:28:28.778948159+00:00,ps-lb-21,2,-93,6.0,"{""Bat_V"": 3.6, ""Exti_pin_level"": ""Low"", ""Exti_status"": ""False"", ""IDC_intput_mA"": 4.144, ""IN1_pin_level"": ""Low"", ""IN2_pin_level"": ""Low"", ""Node_type"": ""PS-LB"", ""Probe_mod"": 0, ""VDC_intput_V"": 0, ""Water_deep_cm"": 1.8}"
2025-10-09 04:28:28.130680929+00:00,ps-lb-21,2,-126,-10.25,"{""Bat_V"": 3.6, ""Exti_pin_level"": ""Low"", ""Exti_status"": ""False"", ""IDC_intput_mA"": 4.144, ""IN1_pin_level"": ""Low"", ""IN2_pin_level"": ""Low"", ""Node_type"": ""PS-LB"", ""Probe_mod"": 0, ""VDC_intput_V"": 0, ""Water_deep_cm"": 1.8}"
2025-10-09 05:28:27.468924363+00:00,ps-lb-21,2,-93,4.75,"{""Bat_V"": 3.6, ""Exti_pin_level"": ""Low"", ""Exti_status"": ""False"", ""IDC_intput_mA"": 4.144, ""IN1_pin_level"": ""Low"", ""IN2_pin_level"": ""Low"", ""Node_type"": ""PS-LB"", ""Probe_mod"": 0, ""VDC_intput_V"": 0, ""Water_deep_cm"": 1.8}"
2025-10-09 06:28:26.823601893+00:00,ps-lb-21,2,-91,7.5,"{""Bat_V"": 3.6, ""Exti_pin_level"": ""Low"", ""Exti_status"": ""False"", ""IDC_intput_mA"": 4.145, ""IN1_pin_level"": ""Low"", ""IN2_pin_level"": ""Low"", ""Node_type"": ""PS-LB"", ""Probe_mod"": 0, ""VDC_intput_V"": 0, ""Water_deep_cm"": 1.812}"
2025-10-09 07:28:26.178773231+00:00,ps-lb-21,2,-80,12.25,"{""Bat_V"": 3.6, ""Exti_pin_level"": ""Low"", ""Exti_status"": ""False"", ""IDC_intput_mA"": 7.742, ""IN1_pin_level"": ""Low"", ""IN2_pin_level"": ""Low"", ""Node_type"": ""PS-LB"", ""Probe_mod"": 0, ""VDC_intput_V"": 0, ""Water_deep_cm"": 46.775}"
2025-10-09 08:28:25.488478090+00:00,ps-lb-21,2,-83,9.0,"{""Bat_V"": 3.594, ""Exti_pin_level"": ""Low"", ""Exti_status"": ""False"", ""IDC_intput_mA"": 7.742, ""IN1_pin_level"": ""Low"", ""IN2_pin_level"": ""Low"", ""Node_type"": ""PS-LB"", ""Probe_mod"": 0, ""VDC_intput_V"": 0, ""Water_deep_cm"": 46.775}"
2025-10-09 09:28:24.848819963+00:00,ps-lb-21,2,-85,6.5,"{""Bat_V"": 3.594, ""Exti_pin_level"": ""Low"", ""Exti_status"": ""False"", ""IDC_intput_mA"": 7.737, ""IN1_pin_level"": ""Low"", ""IN2_pin_level"": ""Low"", ""Node_type"": ""PS-LB"", ""Probe_mod"": 0, ""VDC_intput_V"": 0, ""Water_deep_cm"": 46.712}"
2025-10-09 10:28:24.199381004+00:00,ps-lb-21,2,-81,8.25,"{""Bat_V"": 3.594, ""Exti_pin_level"": ""Low"", ""Exti_status"": ""False"", ""IDC_intput_mA"": 7.741, ""IN1_pin_level"": ""Low"", ""IN2_pin_level"": ""Low"", ""Node_type"": ""PS-LB"", ""Probe_mod"": 0, ""VDC_intput_V"": 0, ""Water_deep_cm"": 46.762}"
2025-10-09 11:28:23.570071726+00:00,ps-lb-21,2,-81,8.5,"{""Bat_V"": 3.594, ""Exti_pin_level"": ""Low"", ""Exti_status"": ""False"", ""IDC_intput_mA"": 7.791, ""IN1_pin_level"": ""Low"", ""IN2_pin_level"": ""Low"", ""Node_type"": ""PS-LB"", ""Probe_mod"": 0, ""VDC_intput_V"": 0, ""Water_deep_cm"": 47.388}"
2025-10-09 12:28:22.908761247+00:00,ps-lb-21,2,-83,9.75,"{""Bat_V"": 3.6, ""Exti_pin_level"": ""Low"", ""Exti_status"": ""False"", ""IDC_intput_mA"": 7.792, ""IN1_pin_level"": ""Low"", ""IN2_pin_level"": ""Low"", ""Node_type"": ""PS-LB"", ""Probe_mod"": 0, ""VDC_intput_V"": 0, ""Water_deep_cm"": 47.4}"
2025-10-09 13:28:22.277519376+00:00,ps-lb-21,2,-83,9.5,"{""Bat_V"": 3.594, ""Exti_pin_level"": ""Low"", ""Exti_status"": ""False"", ""IDC_intput_mA"": 7.781, ""IN1_pin_level"": ""Low"", ""IN2_pin_level"": ""Low"", ""Node_type"": ""PS-LB"", ""Probe_mod"": 0, ""VDC_intput_V"": 0, ""Water_deep_cm"": 47.262}"
2025-10-09 14:28:21.628639329+00:00,ps-lb-21,2,-85,6.75,"{""Bat_V"": 3.594, ""Exti_pin_level"": ""Low"", ""Exti_status"": ""False"", ""IDC_intput_mA"": 7.773, ""IN1_pin_level"": ""Low"", ""IN2_pin_level"": ""Low"", ""Node_type"": ""PS-LB"", ""Probe_mod"": 0, ""VDC_intput_V"": 0, ""Water_deep_cm"": 47.162}"
2025-10-09 15:28:20.976213524+00:00,ps-lb-21,2,-81,9.25,"{""Bat_V"": 3.6, ""Exti_pin_level"": ""Low"", ""Exti_status"": ""False"", ""IDC_intput_mA"": 7.762, ""IN1_pin_level"": ""Low"", ""IN2_pin_level"": ""Low"", ""Node_type"": ""PS-LB"", ""Probe_mod"": 0, ""VDC_intput_V"": 0, ""Water_deep_cm"": 47.025}"
2025-10-09 16:28:20.338485315+00:00,ps-lb-21,2,-80,8.75,"{""Bat_V"": 3.594, ""Exti_pin_level"": ""Low"", ""Exti_status"": ""False"", ""IDC_intput_mA"": 7.75, ""IN1_pin_level"": ""Low"", ""IN2_pin_level"": ""Low"", ""Node_type"": ""PS-LB"", ""Probe_mod"": 0, ""VDC_intput_V"": 0, ""Water_deep_cm"": 46.875}"
2025-10-09 17:28:19.674365563+00:00,ps-lb-21,2,-97,3.5,"{""Bat_V"": 3.594, ""Exti_pin_level"": ""Low"", ""Exti_status"": ""False"", ""IDC_intput_mA"": 4.112, ""IN1_pin_level"": ""Low"", ""IN2_pin_level"": ""Low"", ""Node_type"": ""PS-LB"", ""Probe_mod"": 0, ""VDC_intput_V"": 0, ""Water_deep_cm"": 1.4}"
2025-10-09 19:28:18.366665574+00:00,ps-lb-21,2,-98,3.5,"{""Bat_V"": 3.6, ""Exti_pin_level"": ""Low"", ""Exti_status"": ""False"", ""IDC_intput_mA"": 4.133, ""IN1_pin_level"": ""Low"", ""IN2_pin_level"": ""Low"", ""Node_type"": ""PS-LB"", ""Probe_mod"": 0, ""VDC_intput_V"": 0, ""Water_deep_cm"": 1.663}"
2025-10-09 20:28:17.738523258+00:00,ps-lb-21,2,-96,3.25,"{""Bat_V"": 3.594, ""Exti_pin_level"": ""Low"", ""Exti_status"": ""False"", ""IDC_intput_mA"": 4.137, ""IN1_pin_level"": ""Low"", ""IN2_pin_level"": ""Low"", ""Node_type"": ""PS-LB"", ""Probe_mod"": 0, ""VDC_intput_V"": 0, ""Water_deep_cm"": 1.712}"
2025-10-09 21:28:17.078058849+00:00,ps-lb-21,2,-101,2.25,"{""Bat_V"": 3.6, ""Exti_pin_level"": ""Low"", ""Exti_status"": ""False"", ""IDC_intput_mA"": 4.137, ""IN1_pin_level"": ""Low"", ""IN2_pin_level"": ""Low"", ""Node_type"": ""PS-LB"", ""Probe_mod"": 0, ""VDC_intput_V"": 0, ""Water_deep_cm"": 1.712}"
2025-10-09 22:28:16.438645960+00:00,ps-lb-21,2,-125,-10.0,"{""Bat_V"": 3.594, ""Exti_pin_level"": ""Low"", ""Exti_status"": ""False"", ""IDC_intput_mA"": 4.138, ""IN1_pin_level"": ""Low"", ""IN2_pin_level"": ""Low"", ""Node_type"": ""PS-LB"", ""Probe_mod"": 0, ""VDC_intput_V"": 0, ""Water_deep_cm"": 1.725}"
2025-10-09 23:28:15.764370573+00:00,ps-lb-21,2,-98,-0.75,"{""Bat_V"": 3.594, ""Exti_pin_level"": ""Low"", ""Exti_status"": ""False"", ""IDC_intput_mA"": 4.139, ""IN1_pin_level"": ""Low"", ""IN2_pin_level"": ""Low"", ""Node_type"": ""PS-LB"", ""Probe_mod"": 0, ""VDC_intput_V"": 0, ""Water_deep_cm"": 1.738}"
2025-10-10 00:28:15.105594996+00:00,ps-lb-21,2,-101,-4.0,"{""Bat_V"": 3.594, ""Exti_pin_level"": ""Low"", ""Exti_status"": ""False"", ""IDC_intput_mA"": 4.139, ""IN1_pin_level"": ""Low"", ""IN2_pin_level"": ""Low"", ""Node_type"": ""PS-LB"", ""Probe_mod"": 0, ""VDC_intput_V"": 0, ""Water_deep_cm"": 1.738}"
2025-10-10 01:28:14.447975932+00:00,ps-lb-21,2,-94,2.25,"{""Bat_V"": 3.6, ""Exti_pin_level"": ""Low"", ""Exti_status"": ""False"", ""IDC_intput_mA"": 4.139, ""IN1_pin_level"": ""Low"", ""IN2_pin_level"": ""Low"", ""Node_type"": ""PS-LB"", ""Probe_mod"": 0, ""VDC_intput_V"": 0, ""Water_deep_cm"": 1.738}"
2025-10-10 02:28:13.815411925+00:00,ps-lb-21,2,-95,0.5,"{""Bat_V"": 3.6, ""Exti_pin_level"": ""Low"", ""Exti_status"": ""False"", ""IDC_intput_mA"": 4.139, ""IN1_pin_level"": ""Low"", ""IN2_pin_level"": ""Low"", ""Node_type"": ""PS-LB"", ""Probe_mod"": 0, ""VDC_intput_V"": 0, ""Water_deep_cm"": 1.738}"
2025-10-10 03:28:13.161646797+00:00,ps-lb-21,2,-101,-0.75,"{""Bat_V"": 3.6, ""Exti_pin_level"": ""Low"", ""Exti_status"": ""False"", ""IDC_intput_mA"": 4.139, ""IN1_pin_level"": ""Low"", ""IN2_pin_level"": ""Low"", ""Node_type"": ""PS-LB"", ""Probe_mod"": 0, ""VDC_intput_V"": 0, ""Water_deep_cm"": 1.738}"
2025-10-10 04:28:12.640792663+00:00,ps-lb-21,2,-97,4.0,"{""Bat_V"": 3.594, ""Exti_pin_level"": ""Low"", ""Exti_status"": ""False"", ""IDC_intput_mA"": 4.139, ""IN1_pin_level"": ""Low"", ""IN2_pin_level"": ""Low"", ""Node_type"": ""PS-LB"", ""Probe_mod"": 0, ""VDC_intput_V"": 0, ""Water_deep_cm"": 1.738}"
2025-10-10 05:28:11.861247320+00:00,ps-lb-21,2,-98,-3.0,"{""Bat_V"": 3.594, ""Exti_pin_level"": ""Low"", ""Exti_status"": ""False"", ""IDC_intput_mA"": 4.139, ""IN1_pin_level"": ""Low"", ""IN2_pin_level"": ""Low"", ""Node_type"": ""PS-LB"", ""Probe_mod"": 0, ""VDC_intput_V"": 0, ""Water_deep_cm"": 1.738}"
2025-10-10 06:28:11.226138858+00:00,ps-lb-21,2,-77,7.75,"{""Bat_V"": 3.6, ""Exti_pin_level"": ""Low"", ""Exti_status"": ""False"", ""IDC_intput_mA"": 7.666, ""IN1_pin_level"": ""Low"", ""IN2_pin_level"": ""Low"", ""Node_type"": ""PS-LB"", ""Probe_mod"": 0, ""VDC_intput_V"": 0, ""Water_deep_cm"": 45.825}"
2025-10-10 07:28:10.566017641+00:00,ps-lb-21,2,-79,8.75,"{""Bat_V"": 3.594, ""Exti_pin_level"": ""Low"", ""Exti_status"": ""False"", ""IDC_intput_mA"": 7.653, ""IN1_pin_level"": ""Low"", ""IN2_pin_level"": ""Low"", ""Node_type"": ""PS-LB"", ""Probe_mod"": 0, ""VDC_intput_V"": 0, ""Water_deep_cm"": 45.662}"
2025-10-10 08:28:09.928249394+00:00,ps-lb-21,2,-83,10.25,"{""Bat_V"": 3.594, ""Exti_pin_level"": ""Low"", ""Exti_status"": ""False"", ""IDC_intput_mA"": 7.656, ""IN1_pin_level"": ""Low"", ""IN2_pin_level"": ""Low"", ""Node_type"": ""PS-LB"", ""Probe_mod"": 0, ""VDC_intput_V"": 0, ""Water_deep_cm"": 45.7}"
2025-10-10 09:28:09.297351563+00:00,ps-lb-21,2,-80,7.0,"{""Bat_V"": 3.594, ""Exti_pin_level"": ""Low"", ""Exti_status"": ""False"", ""IDC_intput_mA"": 7.745, ""IN1_pin_level"": ""Low"", ""IN2_pin_level"": ""Low"", ""Node_type"": ""PS-LB"", ""Probe_mod"": 0, ""VDC_intput_V"": 0, ""Water_deep_cm"": 46.813}"
2025-10-10 10:28:08.637601534+00:00,ps-lb-21,2,-83,8.75,"{""Bat_V"": 3.594, ""Exti_pin_level"": ""Low"", ""Exti_status"": ""False"", ""IDC_intput_mA"": 7.834, ""IN1_pin_level"": ""Low"", ""IN2_pin_level"": ""Low"", ""Node_type"": ""PS-LB"", ""Probe_mod"": 0, ""VDC_intput_V"": 0, ""Water_deep_cm"": 47.925}"
2025-10-10 11:28:08.006567676+00:00,ps-lb-21,2,-113,2.25,"{""Bat_V"": 3.594, ""Exti_pin_level"": ""Low"", ""Exti_status"": ""False"", ""IDC_intput_mA"": 4.11, ""IN1_pin_level"": ""Low"", ""IN2_pin_level"": ""Low"", ""Node_type"": ""PS-LB"", ""Probe_mod"": 0, ""VDC_intput_V"": 0, ""Water_deep_cm"": 1.375}"
2025-10-10 12:28:07.349290375+00:00,ps-lb-21,2,-96,3.0,"{""Bat_V"": 3.594, ""Exti_pin_level"": ""Low"", ""Exti_status"": ""False"", ""IDC_intput_mA"": 4.135, ""IN1_pin_level"": ""Low"", ""IN2_pin_level"": ""Low"", ""Node_type"": ""PS-LB"", ""Probe_mod"": 0, ""VDC_intput_V"": 0, ""Water_deep_cm"": 1.687}"
2025-10-10 13:28:06.697115472+00:00,ps-lb-21,2,-98,1.0,"{""Bat_V"": 3.6, ""Exti_pin_level"": ""Low"", ""Exti_status"": ""False"", ""IDC_intput_mA"": 4.142, ""IN1_pin_level"": ""Low"", ""IN2_pin_level"": ""Low"", ""Node_type"": ""PS-LB"", ""Probe_mod"": 0, ""VDC_intput_V"": 0, ""Water_deep_cm"": 1.775}"
2025-10-10 14:28:06.053998688+00:00,ps-lb-21,2,-97,2.75,"{""Bat_V"": 3.594, ""Exti_pin_level"": ""Low"", ""Exti_status"": ""False"", ""IDC_intput_mA"": 4.144, ""IN1_pin_level"": ""Low"", ""IN2_pin_level"": ""Low"", ""Node_type"": ""PS-LB"", ""Probe_mod"": 0, ""VDC_intput_V"": 0, ""Water_deep_cm"": 1.8}"
2025-10-10 15:28:05.383655019+00:00,ps-lb-21,2,-96,1.5,"{""Bat_V"": 3.594, ""Exti_pin_level"": ""Low"", ""Exti_status"": ""False"", ""IDC_intput_mA"": 4.145, ""IN1_pin_level"": ""Low"", ""IN2_pin_level"": ""Low"", ""Node_type"": ""PS-LB"", ""Probe_mod"": 0, ""VDC_intput_V"": 0, ""Water_deep_cm"": 1.812}"
2025-10-10 16:28:04.753872740+00:00,ps-lb-21,2,-96,1.0,"{""Bat_V"": 3.6, ""Exti_pin_level"": ""Low"", ""Exti_status"": ""False"", ""IDC_intput_mA"": 4.146, ""IN1_pin_level"": ""Low"", ""IN2_pin_level"": ""Low"", ""Node_type"": ""PS-LB"", ""Probe_mod"": 0, ""VDC_intput_V"": 0, ""Water_deep_cm"": 1.825}"
2025-10-10 17:28:04.100617442+00:00,ps-lb-21,2,-95,3.5,"{""Bat_V"": 3.6, ""Exti_pin_level"": ""Low"", ""Exti_status"": ""False"", ""IDC_intput_mA"": 4.146, ""IN1_pin_level"": ""Low"", ""IN2_pin_level"": ""Low"", ""Node_type"": ""PS-LB"", ""Probe_mod"": 0, ""VDC_intput_V"": 0, ""Water_deep_cm"": 1.825}"
2025-10-10 18:28:03.483484490+00:00,ps-lb-21,2,-95,1.5,"{""Bat_V"": 3.594, ""Exti_pin_level"": ""Low"", ""Exti_status"": ""False"", ""IDC_intput_mA"": 4.146, ""IN1_pin_level"": ""Low"", ""IN2_pin_level"": ""Low"", ""Node_type"": ""PS-LB"", ""Probe_mod"": 0, ""VDC_intput_V"": 0, ""Water_deep_cm"": 1.825}"
2025-10-10 19:28:02.793593938+00:00,ps-lb-21,2,-99,2.75,"{""Bat_V"": 3.594, ""Exti_pin_level"": ""Low"", ""Exti_status"": ""False"", ""IDC_intput_mA"": 4.146, ""IN1_pin_level"": ""Low"", ""IN2_pin_level"": ""Low"", ""Node_type"": ""PS-LB"", ""Probe_mod"": 0, ""VDC_intput_V"": 0, ""Water_deep_cm"": 1.825}"
2025-10-10 20:28:02.131822209+00:00,ps-lb-21,2,-97,3.5,"{""Bat_V"": 3.594, ""Exti_pin_level"": ""Low"", ""Exti_status"": ""False"", ""IDC_intput_mA"": 4.147, ""IN1_pin_level"": ""Low"", ""IN2_pin_level"": ""Low"", ""Node_type"": ""PS-LB"", ""Probe_mod"": 0, ""VDC_intput_V"": 0, ""Water_deep_cm"": 1.838}"
2025-10-10 21:28:01.519634980+00:00,ps-lb-21,2,-96,4.0,"{""Bat_V"": 3.6, ""Exti_pin_level"": ""Low"", ""Exti_status"": ""False"", ""IDC_intput_mA"": 4.146, ""IN1_pin_level"": ""Low"", ""IN2_pin_level"": ""Low"", ""Node_type"": ""PS-LB"", ""Probe_mod"": 0, ""VDC_intput_V"": 0, ""Water_deep_cm"": 1.825}"
2025-10-10 22:28:00.835269246+00:00,ps-lb-21,2,-95,3.75,"{""Bat_V"": 3.594, ""Exti_pin_level"": ""Low"", ""Exti_status"": ""False"", ""IDC_intput_mA"": 4.147, ""IN1_pin_level"": ""Low"", ""IN2_pin_level"": ""Low"", ""Node_type"": ""PS-LB"", ""Probe_mod"": 0, ""VDC_intput_V"": 0, ""Water_deep_cm"": 1.838}"
2025-10-10 23:28:00.166531942+00:00,ps-lb-21,2,-93,3.0,"{""Bat_V"": 3.6, ""Exti_pin_level"": ""Low"", ""Exti_status"": ""False"", ""IDC_intput_mA"": 4.146, ""IN1_pin_level"": ""Low"", ""IN2_pin_level"": ""Low"", ""Node_type"": ""PS-LB"", ""Probe_mod"": 0, ""VDC_intput_V"": 0, ""Water_deep_cm"": 1.825}"
2025-10-11 00:27:59.517930761+00:00,ps-lb-21,2,-95,5.0,"{""Bat_V"": 3.6, ""Exti_pin_level"": ""Low"", ""Exti_status"": ""False"", ""IDC_intput_mA"": 4.146, ""IN1_pin_level"": ""Low"", ""IN2_pin_level"": ""Low"", ""Node_type"": ""PS-LB"", ""Probe_mod"": 0, ""VDC_intput_V"": 0, ""Water_deep_cm"": 1.825}"
2025-10-11 01:27:58.891841863+00:00,ps-lb-21,2,-93,4.25,"{""Bat_V"": 3.6, ""Exti_pin_level"": ""Low"", ""Exti_status"": ""False"", ""IDC_intput_mA"": 4.146, ""IN1_pin_level"": ""Low"", ""IN2_pin_level"": ""Low"", ""Node_type"": ""PS-LB"", ""Probe_mod"": 0, ""VDC_intput_V"": 0, ""Water_deep_cm"": 1.825}"
2025-10-11 02:27:58.221514513+00:00,ps-lb-21,2,-93,2.0,"{""Bat_V"": 3.6, ""Exti_pin_level"": ""Low"", ""Exti_status"": ""False"", ""IDC_intput_mA"": 4.146, ""IN1_pin_level"": ""Low"", ""IN2_pin_level"": ""Low"", ""Node_type"": ""PS-LB"", ""Probe_mod"": 0, ""VDC_intput_V"": 0, ""Water_deep_cm"": 1.825}"
2025-10-11 03:27:57.576239031+00:00,ps-lb-21,2,-96,1.0,"{""Bat_V"": 3.6, ""Exti_pin_level"": ""Low"", ""Exti_status"": ""False"", ""IDC_intput_mA"": 4.146, ""IN1_pin_level"": ""Low"", ""IN2_pin_level"": ""Low"", ""Node_type"": ""PS-LB"", ""Probe_mod"": 0, ""VDC_intput_V"": 0, ""Water_deep_cm"": 1.825}"
2025-10-11 04:27:56.922412213+00:00,ps-lb-21,2,-94,3.5,"{""Bat_V"": 3.6, ""Exti_pin_level"": ""Low"", ""Exti_status"": ""False"", ""IDC_intput_mA"": 4.145, ""IN1_pin_level"": ""Low"", ""IN2_pin_level"": ""Low"", ""Node_type"": ""PS-LB"", ""Probe_mod"": 0, ""VDC_intput_V"": 0, ""Water_deep_cm"": 1.812}"
2025-10-11 05:27:56.268088423+00:00,ps-lb-21,2,-94,4.0,"{""Bat_V"": 3.6, ""Exti_pin_level"": ""Low"", ""Exti_status"": ""False"", ""IDC_intput_mA"": 4.145, ""IN1_pin_level"": ""Low"", ""IN2_pin_level"": ""Low"", ""Node_type"": ""PS-LB"", ""Probe_mod"": 0, ""VDC_intput_V"": 0, ""Water_deep_cm"": 1.812}"
2025-10-11 06:27:55.631080416+00:00,ps-lb-21,2,-96,3.5,"{""Bat_V"": 3.6, ""Exti_pin_level"": ""Low"", ""Exti_status"": ""False"", ""IDC_intput_mA"": 4.145, ""IN1_pin_level"": ""Low"", ""IN2_pin_level"": ""Low"", ""Node_type"": ""PS-LB"", ""Probe_mod"": 0, ""VDC_intput_V"": 0, ""Water_deep_cm"": 1.812}"
2025-10-11 07:27:54.966149800+00:00,ps-lb-21,2,-96,3.5,"{""Bat_V"": 3.594, ""Exti_pin_level"": ""Low"", ""Exti_status"": ""False"", ""IDC_intput_mA"": 4.144, ""IN1_pin_level"": ""Low"", ""IN2_pin_level"": ""Low"", ""Node_type"": ""PS-LB"", ""Probe_mod"": 0, ""VDC_intput_V"": 0, ""Water_deep_cm"": 1.8}"
2025-10-11 08:27:54.333604149+00:00,ps-lb-21,2,-94,4.0,"{""Bat_V"": 3.594, ""Exti_pin_level"": ""Low"", ""Exti_status"": ""False"", ""IDC_intput_mA"": 4.144, ""IN1_pin_level"": ""Low"", ""IN2_pin_level"": ""Low"", ""Node_type"": ""PS-LB"", ""Probe_mod"": 0, ""VDC_intput_V"": 0, ""Water_deep_cm"": 1.8}"
2025-10-11 09:27:53.653854694+00:00,ps-lb-21,2,-96,3.0,"{""Bat_V"": 3.6, ""Exti_pin_level"": ""Low"", ""Exti_status"": ""False"", ""IDC_intput_mA"": 4.144, ""IN1_pin_level"": ""Low"", ""IN2_pin_level"": ""Low"", ""Node_type"": ""PS-LB"", ""Probe_mod"": 0, ""VDC_intput_V"": 0, ""Water_deep_cm"": 1.8}"
2025-10-11 10:27:53.011056631+00:00,ps-lb-21,2,-96,2.5,"{""Bat_V"": 3.6, ""Exti_pin_level"": ""Low"", ""Exti_status"": ""False"", ""IDC_intput_mA"": 4.144, ""IN1_pin_level"": ""Low"", ""IN2_pin_level"": ""Low"", ""Node_type"": ""PS-LB"", ""Probe_mod"": 0, ""VDC_intput_V"": 0, ""Water_deep_cm"": 1.8}"
2025-10-11 11:27:52.358050406+00:00,ps-lb-21,2,-98,2.5,"{""Bat_V"": 3.6, ""Exti_pin_level"": ""Low"", ""Exti_status"": ""False"", ""IDC_intput_mA"": 4.144, ""IN1_pin_level"": ""Low"", ""IN2_pin_level"": ""Low"", ""Node_type"": ""PS-LB"", ""Probe_mod"": 0, ""VDC_intput_V"": 0, ""Water_deep_cm"": 1.8}"
2025-10-11 12:27:51.718340552+00:00,ps-lb-21,2,-94,3.0,"{""Bat_V"": 3.594, ""Exti_pin_level"": ""Low"", ""Exti_status"": ""False"", ""IDC_intput_mA"": 4.144, ""IN1_pin_level"": ""Low"", ""IN2_pin_level"": ""Low"", ""Node_type"": ""PS-LB"", ""Probe_mod"": 0, ""VDC_intput_V"": 0, ""Water_deep_cm"": 1.8}"
2025-10-11 13:27:51.076239954+00:00,ps-lb-21,2,-97,0.25,"{""Bat_V"": 3.594, ""Exti_pin_level"": ""Low"", ""Exti_status"": ""False"", ""IDC_intput_mA"": 4.144, ""IN1_pin_level"": ""Low"", ""IN2_pin_level"": ""Low"", ""Node_type"": ""PS-LB"", ""Probe_mod"": 0, ""VDC_intput_V"": 0, ""Water_deep_cm"": 1.8}"
2025-10-11 14:27:50.413535008+00:00,ps-lb-21,2,-95,1.5,"{""Bat_V"": 3.6, ""Exti_pin_level"": ""Low"", ""Exti_status"": ""False"", ""IDC_intput_mA"": 4.144, ""IN1_pin_level"": ""Low"", ""IN2_pin_level"": ""Low"", ""Node_type"": ""PS-LB"", ""Probe_mod"": 0, ""VDC_intput_V"": 0, ""Water_deep_cm"": 1.8}"
2025-10-11 15:27:49.767513824+00:00,ps-lb-21,2,-92,3.0,"{""Bat_V"": 3.6, ""Exti_pin_level"": ""Low"", ""Exti_status"": ""False"", ""IDC_intput_mA"": 4.144, ""IN1_pin_level"": ""Low"", ""IN2_pin_level"": ""Low"", ""Node_type"": ""PS-LB"", ""Probe_mod"": 0, ""VDC_intput_V"": 0, ""Water_deep_cm"": 1.8}"
2025-10-11 16:27:49.119045657+00:00,ps-lb-21,2,-97,1.25,"{""Bat_V"": 3.6, ""Exti_pin_level"": ""Low"", ""Exti_status"": ""False"", ""IDC_intput_mA"": 4.143, ""IN1_pin_level"": ""Low"", ""IN2_pin_level"": ""Low"", ""Node_type"": ""PS-LB"", ""Probe_mod"": 0, ""VDC_intput_V"": 0, ""Water_deep_cm"": 1.787}"
2025-10-11 17:27:48.465633021+00:00,ps-lb-21,2,-96,2.25,"{""Bat_V"": 3.6, ""Exti_pin_level"": ""Low"", ""Exti_status"": ""False"", ""IDC_intput_mA"": 4.143, ""IN1_pin_level"": ""Low"", ""IN2_pin_level"": ""Low"", ""Node_type"": ""PS-LB"", ""Probe_mod"": 0, ""VDC_intput_V"": 0, ""Water_deep_cm"": 1.787}"
2025-10-11 18:27:47.817673416+00:00,ps-lb-21,2,-93,2.0,"{""Bat_V"": 3.6, ""Exti_pin_level"": ""Low"", ""Exti_status"": ""False"", ""IDC_intput_mA"": 4.143, ""IN1_pin_level"": ""Low"", ""IN2_pin_level"": ""Low"", ""Node_type"": ""PS-LB"", ""Probe_mod"": 0, ""VDC_intput_V"": 0, ""Water_deep_cm"": 1.787}"
2025-10-11 19:27:47.169056010+00:00,ps-lb-21,2,-96,3.5,"{""Bat_V"": 3.594, ""Exti_pin_level"": ""Low"", ""Exti_status"": ""False"", ""IDC_intput_mA"": 4.143, ""IN1_pin_level"": ""Low"", ""IN2_pin_level"": ""Low"", ""Node_type"": ""PS-LB"", ""Probe_mod"": 0, ""VDC_intput_V"": 0, ""Water_deep_cm"": 1.787}"
2025-10-11 20:27:46.524482206+00:00,ps-lb-21,2,-98,3.0,"{""Bat_V"": 3.594, ""Exti_pin_level"": ""Low"", ""Exti_status"": ""False"", ""IDC_intput_mA"": 4.143, ""IN1_pin_level"": ""Low"", ""IN2_pin_level"": ""Low"", ""Node_type"": ""PS-LB"", ""Probe_mod"": 0, ""VDC_intput_V"": 0, ""Water_deep_cm"": 1.787}"
2025-10-11 21:27:45.932435808+00:00,ps-lb-21,2,-96,5.75,"{""Bat_V"": 3.6, ""Exti_pin_level"": ""Low"", ""Exti_status"": ""False"", ""IDC_intput_mA"": 4.142, ""IN1_pin_level"": ""Low"", ""IN2_pin_level"": ""Low"", ""Node_type"": ""PS-LB"", ""Probe_mod"": 0, ""VDC_intput_V"": 0, ""Water_deep_cm"": 1.775}"
2025-10-11 22:27:45.206404884+00:00,ps-lb-21,2,-93,4.0,"{""Bat_V"": 3.6, ""Exti_pin_level"": ""Low"", ""Exti_status"": ""False"", ""IDC_intput_mA"": 4.142, ""IN1_pin_level"": ""Low"", ""IN2_pin_level"": ""Low"", ""Node_type"": ""PS-LB"", ""Probe_mod"": 0, ""VDC_intput_V"": 0, ""Water_deep_cm"": 1.775}"
2025-10-11 23:27:44.573765518+00:00,ps-lb-21,2,-92,3.5,"{""Bat_V"": 3.6, ""Exti_pin_level"": ""Low"", ""Exti_status"": ""False"", ""IDC_intput_mA"": 4.142, ""IN1_pin_level"": ""Low"", ""IN2_pin_level"": ""Low"", ""Node_type"": ""PS-LB"", ""Probe_mod"": 0, ""VDC_intput_V"": 0, ""Water_deep_cm"": 1.775}"
2025-10-12 00:27:43.902274965+00:00,ps-lb-21,2,-92,3.75,"{""Bat_V"": 3.6, ""Exti_pin_level"": ""Low"", ""Exti_status"": ""False"", ""IDC_intput_mA"": 4.142, ""IN1_pin_level"": ""Low"", ""IN2_pin_level"": ""Low"", ""Node_type"": ""PS-LB"", ""Probe_mod"": 0, ""VDC_intput_V"": 0, ""Water_deep_cm"": 1.775}"
2025-10-12 01:27:43.260608814+00:00,ps-lb-21,2,-93,5.25,"{""Bat_V"": 3.6, ""Exti_pin_level"": ""Low"", ""Exti_status"": ""False"", ""IDC_intput_mA"": 4.142, ""IN1_pin_level"": ""Low"", ""IN2_pin_level"": ""Low"", ""Node_type"": ""PS-LB"", ""Probe_mod"": 0, ""VDC_intput_V"": 0, ""Water_deep_cm"": 1.775}"
2025-10-12 02:27:42.609882260+00:00,ps-lb-21,2,-93,4.25,"{""Bat_V"": 3.594, ""Exti_pin_level"": ""Low"", ""Exti_status"": ""False"", ""IDC_intput_mA"": 4.142, ""IN1_pin_level"": ""Low"", ""IN2_pin_level"": ""Low"", ""Node_type"": ""PS-LB"", ""Probe_mod"": 0, ""VDC_intput_V"": 0, ""Water_deep_cm"": 1.775}"
2025-10-12 03:27:41.958784744+00:00,ps-lb-21,2,-91,5.75,"{""Bat_V"": 3.594, ""Exti_pin_level"": ""Low"", ""Exti_status"": ""False"", ""IDC_intput_mA"": 4.142, ""IN1_pin_level"": ""Low"", ""IN2_pin_level"": ""Low"", ""Node_type"": ""PS-LB"", ""Probe_mod"": 0, ""VDC_intput_V"": 0, ""Water_deep_cm"": 1.775}"
2025-10-12 04:27:41.330182067+00:00,ps-lb-21,2,-95,4.75,"{""Bat_V"": 3.6, ""Exti_pin_level"": ""Low"", ""Exti_status"": ""False"", ""IDC_intput_mA"": 4.141, ""IN1_pin_level"": ""Low"", ""IN2_pin_level"": ""Low"", ""Node_type"": ""PS-LB"", ""Probe_mod"": 0, ""VDC_intput_V"": 0, ""Water_deep_cm"": 1.763}"
2025-10-12 05:27:40.641818309+00:00,ps-lb-21,2,-92,4.75,"{""Bat_V"": 3.6, ""Exti_pin_level"": ""Low"", ""Exti_status"": ""False"", ""IDC_intput_mA"": 4.141, ""IN1_pin_level"": ""Low"", ""IN2_pin_level"": ""Low"", ""Node_type"": ""PS-LB"", ""Probe_mod"": 0, ""VDC_intput_V"": 0, ""Water_deep_cm"": 1.763}"
2025-10-12 06:27:40.012015852+00:00,ps-lb-21,2,-92,5.25,"{""Bat_V"": 3.6, ""Exti_pin_level"": ""Low"", ""Exti_status"": ""False"", ""IDC_intput_mA"": 4.141, ""IN1_pin_level"": ""Low"", ""IN2_pin_level"": ""Low"", ""Node_type"": ""PS-LB"", ""Probe_mod"": 0, ""VDC_intput_V"": 0, ""Water_deep_cm"": 1.763}"
2025-10-12 07:27:39.418305479+00:00,ps-lb-21,2,-92,4.0,"{""Bat_V"": 3.6, ""Exti_pin_level"": ""Low"", ""Exti_status"": ""False"", ""IDC_intput_mA"": 4.141, ""IN1_pin_level"": ""Low"", ""IN2_pin_level"": ""Low"", ""Node_type"": ""PS-LB"", ""Probe_mod"": 0, ""VDC_intput_V"": 0, ""Water_deep_cm"": 1.763}"
2025-10-12 08:27:38.732420261+00:00,ps-lb-21,2,-95,4.0,"{""Bat_V"": 3.6, ""Exti_pin_level"": ""Low"", ""Exti_status"": ""False"", ""IDC_intput_mA"": 4.141, ""IN1_pin_level"": ""Low"", ""IN2_pin_level"": ""Low"", ""Node_type"": ""PS-LB"", ""Probe_mod"": 0, ""VDC_intput_V"": 0, ""Water_deep_cm"": 1.763}"
2025-10-12 09:27:38.070361120+00:00,ps-lb-21,2,-93,1.75,"{""Bat_V"": 3.6, ""Exti_pin_level"": ""Low"", ""Exti_status"": ""False"", ""IDC_intput_mA"": 4.141, ""IN1_pin_level"": ""Low"", ""IN2_pin_level"": ""Low"", ""Node_type"": ""PS-LB"", ""Probe_mod"": 0, ""VDC_intput_V"": 0, ""Water_deep_cm"": 1.763}"
2025-10-12 10:27:37.407553786+00:00,ps-lb-21,2,-95,2.0,"{""Bat_V"": 3.6, ""Exti_pin_level"": ""Low"", ""Exti_status"": ""False"", ""IDC_intput_mA"": 4.141, ""IN1_pin_level"": ""Low"", ""IN2_pin_level"": ""Low"", ""Node_type"": ""PS-LB"", ""Probe_mod"": 0, ""VDC_intput_V"": 0, ""Water_deep_cm"": 1.763}"
2025-10-12 11:27:36.763599979+00:00,ps-lb-21,2,-93,3.0,"{""Bat_V"": 3.6, ""Exti_pin_level"": ""Low"", ""Exti_status"": ""False"", ""IDC_intput_mA"": 4.141, ""IN1_pin_level"": ""Low"", ""IN2_pin_level"": ""Low"", ""Node_type"": ""PS-LB"", ""Probe_mod"": 0, ""VDC_intput_V"": 0, ""Water_deep_cm"": 1.763}"
2025-10-12 12:27:36.119574249+00:00,ps-lb-21,2,-125,-8.5,"{""Bat_V"": 3.6, ""Exti_pin_level"": ""Low"", ""Exti_status"": ""False"", ""IDC_intput_mA"": 4.14, ""IN1_pin_level"": ""Low"", ""IN2_pin_level"": ""Low"", ""Node_type"": ""PS-LB"", ""Probe_mod"": 0, ""VDC_intput_V"": 0, ""Water_deep_cm"": 1.75}"
2025-10-12 13:27:35.463323121+00:00,ps-lb-21,2,-97,1.75,"{""Bat_V"": 3.6, ""Exti_pin_level"": ""Low"", ""Exti_status"": ""False"", ""IDC_intput_mA"": 4.141, ""IN1_pin_level"": ""Low"", ""IN2_pin_level"": ""Low"", ""Node_type"": ""PS-LB"", ""Probe_mod"": 0, ""VDC_intput_V"": 0, ""Water_deep_cm"": 1.763}"
2025-10-12 14:27:34.814169953+00:00,ps-lb-21,2,-97,5.0,"{""Bat_V"": 3.6, ""Exti_pin_level"": ""Low"", ""Exti_status"": ""False"", ""IDC_intput_mA"": 4.141, ""IN1_pin_level"": ""Low"", ""IN2_pin_level"": ""Low"", ""Node_type"": ""PS-LB"", ""Probe_mod"": 0, ""VDC_intput_V"": 0, ""Water_deep_cm"": 1.763}"
2025-10-12 15:27:34.184336234+00:00,ps-lb-21,2,-93,2.25,"{""Bat_V"": 3.6, ""Exti_pin_level"": ""Low"", ""Exti_status"": ""False"", ""IDC_intput_mA"": 4.141, ""IN1_pin_level"": ""Low"", ""IN2_pin_level"": ""Low"", ""Node_type"": ""PS-LB"", ""Probe_mod"": 0, ""VDC_intput_V"": 0, ""Water_deep_cm"": 1.763}"
2025-10-12 16:27:33.526553060+00:00,ps-lb-21,2,-93,3.25,"{""Bat_V"": 3.6, ""Exti_pin_level"": ""Low"", ""Exti_status"": ""False"", ""IDC_intput_mA"": 4.14, ""IN1_pin_level"": ""Low"", ""IN2_pin_level"": ""Low"", ""Node_type"": ""PS-LB"", ""Probe_mod"": 0, ""VDC_intput_V"": 0, ""Water_deep_cm"": 1.75}"
2025-10-12 17:27:32.854294945+00:00,ps-lb-21,2,-95,4.0,"{""Bat_V"": 3.594, ""Exti_pin_level"": ""Low"", ""Exti_status"": ""False"", ""IDC_intput_mA"": 4.14, ""IN1_pin_level"": ""Low"", ""IN2_pin_level"": ""Low"", ""Node_type"": ""PS-LB"", ""Probe_mod"": 0, ""VDC_intput_V"": 0, ""Water_deep_cm"": 1.75}"
2025-10-12 18:27:32.210630962+00:00,ps-lb-21,2,-93,2.25,"{""Bat_V"": 3.6, ""Exti_pin_level"": ""Low"", ""Exti_status"": ""False"", ""IDC_intput_mA"": 4.14, ""IN1_pin_level"": ""Low"", ""IN2_pin_level"": ""Low"", ""Node_type"": ""PS-LB"", ""Probe_mod"": 0, ""VDC_intput_V"": 0, ""Water_deep_cm"": 1.75}"
2025-10-12 19:27:31.556622928+00:00,ps-lb-21,2,-98,3.25,"{""Bat_V"": 3.6, ""Exti_pin_level"": ""Low"", ""Exti_status"": ""False"", ""IDC_intput_mA"": 4.14, ""IN1_pin_level"": ""Low"", ""IN2_pin_level"": ""Low"", ""Node_type"": ""PS-LB"", ""Probe_mod"": 0, ""VDC_intput_V"": 0, ""Water_deep_cm"": 1.75}"
2025-10-12 20:27:30.909829223+00:00,ps-lb-21,2,-97,3.25,"{""Bat_V"": 3.6, ""Exti_pin_level"": ""Low"", ""Exti_status"": ""False"", ""IDC_intput_mA"": 4.14, ""IN1_pin_level"": ""Low"", ""IN2_pin_level"": ""Low"", ""Node_type"": ""PS-LB"", ""Probe_mod"": 0, ""VDC_intput_V"": 0, ""Water_deep_cm"": 1.75}"
2025-10-12 21:27:30.257668384+00:00,ps-lb-21,2,-97,6.25,"{""Bat_V"": 3.594, ""Exti_pin_level"": ""Low"", ""Exti_status"": ""False"", ""IDC_intput_mA"": 4.14, ""IN1_pin_level"": ""Low"", ""IN2_pin_level"": ""Low"", ""Node_type"": ""PS-LB"", ""Probe_mod"": 0, ""VDC_intput_V"": 0, ""Water_deep_cm"": 1.75}"
2025-10-12 22:27:29.607645297+00:00,ps-lb-21,2,-96,3.25,"{""Bat_V"": 3.594, ""Exti_pin_level"": ""Low"", ""Exti_status"": ""False"", ""IDC_intput_mA"": 4.139, ""IN1_pin_level"": ""Low"", ""IN2_pin_level"": ""Low"", ""Node_type"": ""PS-LB"", ""Probe_mod"": 0, ""VDC_intput_V"": 0, ""Water_deep_cm"": 1.738}"
2025-10-12 23:27:28.959643255+00:00,ps-lb-21,2,-93,2.0,"{""Bat_V"": 3.6, ""Exti_pin_level"": ""Low"", ""Exti_status"": ""False"", ""IDC_intput_mA"": 4.139, ""IN1_pin_level"": ""Low"", ""IN2_pin_level"": ""Low"", ""Node_type"": ""PS-LB"", ""Probe_mod"": 0, ""VDC_intput_V"": 0, ""Water_deep_cm"": 1.738}"
2025-10-13 00:27:28.316107165+00:00,ps-lb-21,2,-92,3.5,"{""Bat_V"": 3.6, ""Exti_pin_level"": ""Low"", ""Exti_status"": ""False"", ""IDC_intput_mA"": 4.139, ""IN1_pin_level"": ""Low"", ""IN2_pin_level"": ""Low"", ""Node_type"": ""PS-LB"", ""Probe_mod"": 0, ""VDC_intput_V"": 0, ""Water_deep_cm"": 1.738}"
2025-10-13 01:27:27.668260826+00:00,ps-lb-21,2,-93,3.0,"{""Bat_V"": 3.594, ""Exti_pin_level"": ""Low"", ""Exti_status"": ""False"", ""IDC_intput_mA"": 4.14, ""IN1_pin_level"": ""Low"", ""IN2_pin_level"": ""Low"", ""Node_type"": ""PS-LB"", ""Probe_mod"": 0, ""VDC_intput_V"": 0, ""Water_deep_cm"": 1.75}"
2025-10-13 02:27:27.017071614+00:00,ps-lb-21,2,-93,4.5,"{""Bat_V"": 3.6, ""Exti_pin_level"": ""Low"", ""Exti_status"": ""False"", ""IDC_intput_mA"": 4.139, ""IN1_pin_level"": ""Low"", ""IN2_pin_level"": ""Low"", ""Node_type"": ""PS-LB"", ""Probe_mod"": 0, ""VDC_intput_V"": 0, ""Water_deep_cm"": 1.738}"
2025-10-13 03:27:26.378489790+00:00,ps-lb-21,2,-94,5.5,"{""Bat_V"": 3.6, ""Exti_pin_level"": ""Low"", ""Exti_status"": ""False"", ""IDC_intput_mA"": 4.139, ""IN1_pin_level"": ""Low"", ""IN2_pin_level"": ""Low"", ""Node_type"": ""PS-LB"", ""Probe_mod"": 0, ""VDC_intput_V"": 0, ""Water_deep_cm"": 1.738}"
2025-10-13 04:27:25.718939891+00:00,ps-lb-21,2,-97,6.5,"{""Bat_V"": 3.6, ""Exti_pin_level"": ""Low"", ""Exti_status"": ""False"", ""IDC_intput_mA"": 4.14, ""IN1_pin_level"": ""Low"", ""IN2_pin_level"": ""Low"", ""Node_type"": ""PS-LB"", ""Probe_mod"": 0, ""VDC_intput_V"": 0, ""Water_deep_cm"": 1.75}"
2025-10-13 05:27:25.074241926+00:00,ps-lb-21,2,-93,4.25,"{""Bat_V"": 3.6, ""Exti_pin_level"": ""Low"", ""Exti_status"": ""False"", ""IDC_intput_mA"": 4.14, ""IN1_pin_level"": ""Low"", ""IN2_pin_level"": ""Low"", ""Node_type"": ""PS-LB"", ""Probe_mod"": 0, ""VDC_intput_V"": 0, ""Water_deep_cm"": 1.75}"
2025-10-13 06:27:24.415718185+00:00,ps-lb-21,2,-93,4.5,"{""Bat_V"": 3.6, ""Exti_pin_level"": ""Low"", ""Exti_status"": ""False"", ""IDC_intput_mA"": 4.141, ""IN1_pin_level"": ""Low"", ""IN2_pin_level"": ""Low"", ""Node_type"": ""PS-LB"", ""Probe_mod"": 0, ""VDC_intput_V"": 0, ""Water_deep_cm"": 1.763}"
2025-10-13 07:27:23.772612925+00:00,ps-lb-21,2,-92,5.75,"{""Bat_V"": 3.6, ""Exti_pin_level"": ""Low"", ""Exti_status"": ""False"", ""IDC_intput_mA"": 4.141, ""IN1_pin_level"": ""Low"", ""IN2_pin_level"": ""Low"", ""Node_type"": ""PS-LB"", ""Probe_mod"": 0, ""VDC_intput_V"": 0, ""Water_deep_cm"": 1.763}"
2025-10-13 08:27:23.116047832+00:00,ps-lb-21,2,-124,-8.25,"{""Bat_V"": 3.6, ""Exti_pin_level"": ""Low"", ""Exti_status"": ""False"", ""IDC_intput_mA"": 4.141, ""IN1_pin_level"": ""Low"", ""IN2_pin_level"": ""Low"", ""Node_type"": ""PS-LB"", ""Probe_mod"": 0, ""VDC_intput_V"": 0, ""Water_deep_cm"": 1.763}"
2025-10-13 09:27:22.469376588+00:00,ps-lb-21,2,-121,-6.0,"{""Bat_V"": 3.6, ""Exti_pin_level"": ""Low"", ""Exti_status"": ""False"", ""IDC_intput_mA"": 4.142, ""IN1_pin_level"": ""Low"", ""IN2_pin_level"": ""Low"", ""Node_type"": ""PS-LB"", ""Probe_mod"": 0, ""VDC_intput_V"": 0, ""Water_deep_cm"": 1.775}"
2025-10-13 10:27:21.835639262+00:00,ps-lb-21,2,-91,3.75,"{""Bat_V"": 3.6, ""Exti_pin_level"": ""Low"", ""Exti_status"": ""False"", ""IDC_intput_mA"": 4.142, ""IN1_pin_level"": ""Low"", ""IN2_pin_level"": ""Low"", ""Node_type"": ""PS-LB"", ""Probe_mod"": 0, ""VDC_intput_V"": 0, ""Water_deep_cm"": 1.775}"
2025-10-13 11:27:21.161230157+00:00,ps-lb-21,2,-92,5.5,"{""Bat_V"": 3.6, ""Exti_pin_level"": ""Low"", ""Exti_status"": ""False"", ""IDC_intput_mA"": 4.142, ""IN1_pin_level"": ""Low"", ""IN2_pin_level"": ""Low"", ""Node_type"": ""PS-LB"", ""Probe_mod"": 0, ""VDC_intput_V"": 0, ""Water_deep_cm"": 1.775}"
2025-10-13 12:27:20.521135195+00:00,ps-lb-21,2,-98,2.75,"{""Bat_V"": 3.594, ""Exti_pin_level"": ""Low"", ""Exti_status"": ""False"", ""IDC_intput_mA"": 4.143, ""IN1_pin_level"": ""Low"", ""IN2_pin_level"": ""Low"", ""Node_type"": ""PS-LB"", ""Probe_mod"": 0, ""VDC_intput_V"": 0, ""Water_deep_cm"": 1.787}"
2025-10-13 13:27:19.864978500+00:00,ps-lb-21,2,-123,-7.5,"{""Bat_V"": 3.6, ""Exti_pin_level"": ""Low"", ""Exti_status"": ""False"", ""IDC_intput_mA"": 4.142, ""IN1_pin_level"": ""Low"", ""IN2_pin_level"": ""Low"", ""Node_type"": ""PS-LB"", ""Probe_mod"": 0, ""VDC_intput_V"": 0, ""Water_deep_cm"": 1.775}"
2025-10-13 14:27:19.218669285+00:00,ps-lb-21,2,-96,3.5,"{""Bat_V"": 3.6, ""Exti_pin_level"": ""Low"", ""Exti_status"": ""False"", ""IDC_intput_mA"": 4.142, ""IN1_pin_level"": ""Low"", ""IN2_pin_level"": ""Low"", ""Node_type"": ""PS-LB"", ""Probe_mod"": 0, ""VDC_intput_V"": 0, ""Water_deep_cm"": 1.775}"
2025-10-13 15:27:18.558750431+00:00,ps-lb-21,2,-121,-5.25,"{""Bat_V"": 3.6, ""Exti_pin_level"": ""Low"", ""Exti_status"": ""False"", ""IDC_intput_mA"": 4.143, ""IN1_pin_level"": ""Low"", ""IN2_pin_level"": ""Low"", ""Node_type"": ""PS-LB"", ""Probe_mod"": 0, ""VDC_intput_V"": 0, ""Water_deep_cm"": 1.787}"
2025-10-13 16:27:17.909547827+00:00,ps-lb-21,2,-121,-4.75,"{""Bat_V"": 3.6, ""Exti_pin_level"": ""Low"", ""Exti_status"": ""False"", ""IDC_intput_mA"": 4.143, ""IN1_pin_level"": ""Low"", ""IN2_pin_level"": ""Low"", ""Node_type"": ""PS-LB"", ""Probe_mod"": 0, ""VDC_intput_V"": 0, ""Water_deep_cm"": 1.787}"
2025-10-13 17:27:17.251217619+00:00,ps-lb-21,2,-95,1.25,"{""Bat_V"": 3.6, ""Exti_pin_level"": ""Low"", ""Exti_status"": ""False"", ""IDC_intput_mA"": 4.144, ""IN1_pin_level"": ""Low"", ""IN2_pin_level"": ""Low"", ""Node_type"": ""PS-LB"", ""Probe_mod"": 0, ""VDC_intput_V"": 0, ""Water_deep_cm"": 1.8}"
2025-10-13 18:27:16.612127808+00:00,ps-lb-21,2,-95,4.0,"{""Bat_V"": 3.6, ""Exti_pin_level"": ""Low"", ""Exti_status"": ""False"", ""IDC_intput_mA"": 4.144, ""IN1_pin_level"": ""Low"", ""IN2_pin_level"": ""Low"", ""Node_type"": ""PS-LB"", ""Probe_mod"": 0, ""VDC_intput_V"": 0, ""Water_deep_cm"": 1.8}"
2025-10-13 19:27:15.979590162+00:00,ps-lb-21,2,-99,2.0,"{""Bat_V"": 3.6, ""Exti_pin_level"": ""Low"", ""Exti_status"": ""False"", ""IDC_intput_mA"": 4.143, ""IN1_pin_level"": ""Low"", ""IN2_pin_level"": ""Low"", ""Node_type"": ""PS-LB"", ""Probe_mod"": 0, ""VDC_intput_V"": 0, ""Water_deep_cm"": 1.787}"
2025-10-13 20:27:15.309352278+00:00,ps-lb-21,2,-97,2.75,"{""Bat_V"": 3.6, ""Exti_pin_level"": ""Low"", ""Exti_status"": ""False"", ""IDC_intput_mA"": 4.143, ""IN1_pin_level"": ""Low"", ""IN2_pin_level"": ""Low"", ""Node_type"": ""PS-LB"", ""Probe_mod"": 0, ""VDC_intput_V"": 0, ""Water_deep_cm"": 1.787}"
2025-10-13 21:27:14.663453249+00:00,ps-lb-21,2,-96,3.25,"{""Bat_V"": 3.6, ""Exti_pin_level"": ""Low"", ""Exti_status"": ""False"", ""IDC_intput_mA"": 4.144, ""IN1_pin_level"": ""Low"", ""IN2_pin_level"": ""Low"", ""Node_type"": ""PS-LB"", ""Probe_mod"": 0, ""VDC_intput_V"": 0, ""Water_deep_cm"": 1.8}"
2025-10-13 22:27:13.986777521+00:00,ps-lb-21,2,-95,4.0,"{""Bat_V"": 3.6, ""Exti_pin_level"": ""Low"", ""Exti_status"": ""False"", ""IDC_intput_mA"": 4.143, ""IN1_pin_level"": ""Low"", ""IN2_pin_level"": ""Low"", ""Node_type"": ""PS-LB"", ""Probe_mod"": 0, ""VDC_intput_V"": 0, ""Water_deep_cm"": 1.787}"
2025-10-13 23:27:13.345241842+00:00,ps-lb-21,2,-93,1.5,"{""Bat_V"": 3.6, ""Exti_pin_level"": ""Low"", ""Exti_status"": ""False"", ""IDC_intput_mA"": 4.143, ""IN1_pin_level"": ""Low"", ""IN2_pin_level"": ""Low"", ""Node_type"": ""PS-LB"", ""Probe_mod"": 0, ""VDC_intput_V"": 0, ""Water_deep_cm"": 1.787}"
2025-10-14 00:27:12.700748656+00:00,ps-lb-21,2,-96,4.5,"{""Bat_V"": 3.6, ""Exti_pin_level"": ""Low"", ""Exti_status"": ""False"", ""IDC_intput_mA"": 4.143, ""IN1_pin_level"": ""Low"", ""IN2_pin_level"": ""Low"", ""Node_type"": ""PS-LB"", ""Probe_mod"": 0, ""VDC_intput_V"": 0, ""Water_deep_cm"": 1.787}"
2025-10-14 01:27:12.062108938+00:00,ps-lb-21,2,-97,4.5,"{""Bat_V"": 3.6, ""Exti_pin_level"": ""Low"", ""Exti_status"": ""False"", ""IDC_intput_mA"": 4.143, ""IN1_pin_level"": ""Low"", ""IN2_pin_level"": ""Low"", ""Node_type"": ""PS-LB"", ""Probe_mod"": 0, ""VDC_intput_V"": 0, ""Water_deep_cm"": 1.787}"
2025-10-14 02:27:11.388362898+00:00,ps-lb-21,2,-93,2.75,"{""Bat_V"": 3.6, ""Exti_pin_level"": ""Low"", ""Exti_status"": ""False"", ""IDC_intput_mA"": 4.142, ""IN1_pin_level"": ""Low"", ""IN2_pin_level"": ""Low"", ""Node_type"": ""PS-LB"", ""Probe_mod"": 0, ""VDC_intput_V"": 0, ""Water_deep_cm"": 1.775}"
2025-10-14 03:27:10.737310618+00:00,ps-lb-21,2,-97,4.0,"{""Bat_V"": 3.6, ""Exti_pin_level"": ""Low"", ""Exti_status"": ""False"", ""IDC_intput_mA"": 4.143, ""IN1_pin_level"": ""Low"", ""IN2_pin_level"": ""Low"", ""Node_type"": ""PS-LB"", ""Probe_mod"": 0, ""VDC_intput_V"": 0, ""Water_deep_cm"": 1.787}"
2025-10-14 04:27:10.117547770+00:00,ps-lb-21,2,-125,-9.0,"{""Bat_V"": 3.6, ""Exti_pin_level"": ""Low"", ""Exti_status"": ""False"", ""IDC_intput_mA"": 4.142, ""IN1_pin_level"": ""Low"", ""IN2_pin_level"": ""Low"", ""Node_type"": ""PS-LB"", ""Probe_mod"": 0, ""VDC_intput_V"": 0, ""Water_deep_cm"": 1.775}"
2025-10-14 05:27:09.458496129+00:00,ps-lb-21,2,-95,5.25,"{""Bat_V"": 3.6, ""Exti_pin_level"": ""Low"", ""Exti_status"": ""False"", ""IDC_intput_mA"": 4.142, ""IN1_pin_level"": ""Low"", ""IN2_pin_level"": ""Low"", ""Node_type"": ""PS-LB"", ""Probe_mod"": 0, ""VDC_intput_V"": 0, ""Water_deep_cm"": 1.775}"
2025-10-14 06:27:08.806407845+00:00,ps-lb-21,2,-91,5.5,"{""Bat_V"": 3.6, ""Exti_pin_level"": ""Low"", ""Exti_status"": ""False"", ""IDC_intput_mA"": 4.142, ""IN1_pin_level"": ""Low"", ""IN2_pin_level"": ""Low"", ""Node_type"": ""PS-LB"", ""Probe_mod"": 0, ""VDC_intput_V"": 0, ""Water_deep_cm"": 1.775}"
2025-10-14 07:27:08.124422486+00:00,ps-lb-21,2,-92,4.0,"{""Bat_V"": 3.6, ""Exti_pin_level"": ""Low"", ""Exti_status"": ""False"", ""IDC_intput_mA"": 4.142, ""IN1_pin_level"": ""Low"", ""IN2_pin_level"": ""Low"", ""Node_type"": ""PS-LB"", ""Probe_mod"": 0, ""VDC_intput_V"": 0, ""Water_deep_cm"": 1.775}"
2025-10-14 08:27:07.503530896+00:00,ps-lb-21,2,-95,2.25,"{""Bat_V"": 3.6, ""Exti_pin_level"": ""Low"", ""Exti_status"": ""False"", ""IDC_intput_mA"": 4.142, ""IN1_pin_level"": ""Low"", ""IN2_pin_level"": ""Low"", ""Node_type"": ""PS-LB"", ""Probe_mod"": 0, ""VDC_intput_V"": 0, ""Water_deep_cm"": 1.775}"
2025-10-14 09:27:06.840102964+00:00,ps-lb-21,2,-93,3.25,"{""Bat_V"": 3.6, ""Exti_pin_level"": ""Low"", ""Exti_status"": ""False"", ""IDC_intput_mA"": 4.142, ""IN1_pin_level"": ""Low"", ""IN2_pin_level"": ""Low"", ""Node_type"": ""PS-LB"", ""Probe_mod"": 0, ""VDC_intput_V"": 0, ""Water_deep_cm"": 1.775}"
2025-10-14 10:27:06.184623961+00:00,ps-lb-21,2,-90,3.0,"{""Bat_V"": 3.6, ""Exti_pin_level"": ""Low"", ""Exti_status"": ""False"", ""IDC_intput_mA"": 4.142, ""IN1_pin_level"": ""Low"", ""IN2_pin_level"": ""Low"", ""Node_type"": ""PS-LB"", ""Probe_mod"": 0, ""VDC_intput_V"": 0, ""Water_deep_cm"": 1.775}"
2025-10-14 11:27:05.547894060+00:00,ps-lb-21,2,-92,6.0,"{""Bat_V"": 3.6, ""Exti_pin_level"": ""Low"", ""Exti_status"": ""False"", ""IDC_intput_mA"": 4.142, ""IN1_pin_level"": ""Low"", ""IN2_pin_level"": ""Low"", ""Node_type"": ""PS-LB"", ""Probe_mod"": 0, ""VDC_intput_V"": 0, ""Water_deep_cm"": 1.775}"
2025-10-14 12:27:04.890439551+00:00,ps-lb-21,2,-93,4.75,"{""Bat_V"": 3.6, ""Exti_pin_level"": ""Low"", ""Exti_status"": ""False"", ""IDC_intput_mA"": 4.142, ""IN1_pin_level"": ""Low"", ""IN2_pin_level"": ""Low"", ""Node_type"": ""PS-LB"", ""Probe_mod"": 0, ""VDC_intput_V"": 0, ""Water_deep_cm"": 1.775}"
2025-10-14 13:27:04.241549983+00:00,ps-lb-21,2,-97,4.0,"{""Bat_V"": 3.6, ""Exti_pin_level"": ""Low"", ""Exti_status"": ""False"", ""IDC_intput_mA"": 4.142, ""IN1_pin_level"": ""Low"", ""IN2_pin_level"": ""Low"", ""Node_type"": ""PS-LB"", ""Probe_mod"": 0, ""VDC_intput_V"": 0, ""Water_deep_cm"": 1.775}"
2025-10-14 14:27:03.583860868+00:00,ps-lb-21,2,-93,4.75,"{""Bat_V"": 3.6, ""Exti_pin_level"": ""Low"", ""Exti_status"": ""False"", ""IDC_intput_mA"": 4.143, ""IN1_pin_level"": ""Low"", ""IN2_pin_level"": ""Low"", ""Node_type"": ""PS-LB"", ""Probe_mod"": 0, ""VDC_intput_V"": 0, ""Water_deep_cm"": 1.787}"
2025-10-14 15:27:02.940607582+00:00,ps-lb-21,2,-120,-7.0,"{""Bat_V"": 3.6, ""Exti_pin_level"": ""Low"", ""Exti_status"": ""False"", ""IDC_intput_mA"": 4.142, ""IN1_pin_level"": ""Low"", ""IN2_pin_level"": ""Low"", ""Node_type"": ""PS-LB"", ""Probe_mod"": 0, ""VDC_intput_V"": 0, ""Water_deep_cm"": 1.775}"
2025-10-14 16:27:02.277753694+00:00,ps-lb-21,2,-122,-5.25,"{""Bat_V"": 3.6, ""Exti_pin_level"": ""Low"", ""Exti_status"": ""False"", ""IDC_intput_mA"": 4.143, ""IN1_pin_level"": ""Low"", ""IN2_pin_level"": ""Low"", ""Node_type"": ""PS-LB"", ""Probe_mod"": 0, ""VDC_intput_V"": 0, ""Water_deep_cm"": 1.787}"
2025-10-14 17:27:01.651942021+00:00,ps-lb-21,2,-91,6.0,"{""Bat_V"": 3.6, ""Exti_pin_level"": ""Low"", ""Exti_status"": ""False"", ""IDC_intput_mA"": 4.143, ""IN1_pin_level"": ""Low"", ""IN2_pin_level"": ""Low"", ""Node_type"": ""PS-LB"", ""Probe_mod"": 0, ""VDC_intput_V"": 0, ""Water_deep_cm"": 1.787}"
2025-10-14 18:27:01.010025958+00:00,ps-lb-21,2,-90,5.0,"{""Bat_V"": 3.6, ""Exti_pin_level"": ""Low"", ""Exti_status"": ""False"", ""IDC_intput_mA"": 4.143, ""IN1_pin_level"": ""Low"", ""IN2_pin_level"": ""Low"", ""Node_type"": ""PS-LB"", ""Probe_mod"": 0, ""VDC_intput_V"": 0, ""Water_deep_cm"": 1.787}"
2025-10-14 19:27:00.339282344+00:00,ps-lb-21,2,-124,-7.75,"{""Bat_V"": 3.6, ""Exti_pin_level"": ""Low"", ""Exti_status"": ""False"", ""IDC_intput_mA"": 4.143, ""IN1_pin_level"": ""Low"", ""IN2_pin_level"": ""Low"", ""Node_type"": ""PS-LB"", ""Probe_mod"": 0, ""VDC_intput_V"": 0, ""Water_deep_cm"": 1.787}"
2025-10-14 20:26:59.717259217+00:00,ps-lb-21,2,-123,-6.75,"{""Bat_V"": 3.6, ""Exti_pin_level"": ""Low"", ""Exti_status"": ""False"", ""IDC_intput_mA"": 4.143, ""IN1_pin_level"": ""Low"", ""IN2_pin_level"": ""Low"", ""Node_type"": ""PS-LB"", ""Probe_mod"": 0, ""VDC_intput_V"": 0, ""Water_deep_cm"": 1.787}"
2025-10-14 21:26:59.046338627+00:00,ps-lb-21,2,-92,5.5,"{""Bat_V"": 3.6, ""Exti_pin_level"": ""Low"", ""Exti_status"": ""False"", ""IDC_intput_mA"": 4.143, ""IN1_pin_level"": ""Low"", ""IN2_pin_level"": ""Low"", ""Node_type"": ""PS-LB"", ""Probe_mod"": 0, ""VDC_intput_V"": 0, ""Water_deep_cm"": 1.787}"
2025-10-14 22:26:58.389635023+00:00,ps-lb-21,2,-93,5.5,"{""Bat_V"": 3.6, ""Exti_pin_level"": ""Low"", ""Exti_status"": ""False"", ""IDC_intput_mA"": 4.143, ""IN1_pin_level"": ""Low"", ""IN2_pin_level"": ""Low"", ""Node_type"": ""PS-LB"", ""Probe_mod"": 0, ""VDC_intput_V"": 0, ""Water_deep_cm"": 1.787}"
2025-10-14 23:26:57.729062529+00:00,ps-lb-21,2,-120,-5.0,"{""Bat_V"": 3.6, ""Exti_pin_level"": ""Low"", ""Exti_status"": ""False"", ""IDC_intput_mA"": 4.143, ""IN1_pin_level"": ""Low"", ""IN2_pin_level"": ""Low"", ""Node_type"": ""PS-LB"", ""Probe_mod"": 0, ""VDC_intput_V"": 0, ""Water_deep_cm"": 1.787}"
2025-10-15 00:26:57.086775089+00:00,ps-lb-21,2,-95,7.25,"{""Bat_V"": 3.6, ""Exti_pin_level"": ""Low"", ""Exti_status"": ""False"", ""IDC_intput_mA"": 4.143, ""IN1_pin_level"": ""Low"", ""IN2_pin_level"": ""Low"", ""Node_type"": ""PS-LB"", ""Probe_mod"": 0, ""VDC_intput_V"": 0, ""Water_deep_cm"": 1.787}"
2025-10-15 01:26:56.420688302+00:00,ps-lb-21,2,-92,5.5,"{""Bat_V"": 3.6, ""Exti_pin_level"": ""Low"", ""Exti_status"": ""False"", ""IDC_intput_mA"": 4.142, ""IN1_pin_level"": ""Low"", ""IN2_pin_level"": ""Low"", ""Node_type"": ""PS-LB"", ""Probe_mod"": 0, ""VDC_intput_V"": 0, ""Water_deep_cm"": 1.775}"
2025-10-15 02:26:55.775635509+00:00,ps-lb-21,2,-122,-5.5,"{""Bat_V"": 3.6, ""Exti_pin_level"": ""Low"", ""Exti_status"": ""False"", ""IDC_intput_mA"": 4.142, ""IN1_pin_level"": ""Low"", ""IN2_pin_level"": ""Low"", ""Node_type"": ""PS-LB"", ""Probe_mod"": 0, ""VDC_intput_V"": 0, ""Water_deep_cm"": 1.775}"
2025-10-15 03:26:55.136458768+00:00,ps-lb-21,2,-92,6.25,"{""Bat_V"": 3.6, ""Exti_pin_level"": ""Low"", ""Exti_status"": ""False"", ""IDC_intput_mA"": 4.142, ""IN1_pin_level"": ""Low"", ""IN2_pin_level"": ""Low"", ""Node_type"": ""PS-LB"", ""Probe_mod"": 0, ""VDC_intput_V"": 0, ""Water_deep_cm"": 1.775}"
2025-10-15 04:26:54.479447984+00:00,ps-lb-21,2,-93,6.25,"{""Bat_V"": 3.6, ""Exti_pin_level"": ""Low"", ""Exti_status"": ""False"", ""IDC_intput_mA"": 4.142, ""IN1_pin_level"": ""Low"", ""IN2_pin_level"": ""Low"", ""Node_type"": ""PS-LB"", ""Probe_mod"": 0, ""VDC_intput_V"": 0, ""Water_deep_cm"": 1.775}"
2025-10-15 05:26:53.814258922+00:00,ps-lb-21,2,-93,4.0,"{""Bat_V"": 3.6, ""Exti_pin_level"": ""Low"", ""Exti_status"": ""False"", ""IDC_intput_mA"": 4.142, ""IN1_pin_level"": ""Low"", ""IN2_pin_level"": ""Low"", ""Node_type"": ""PS-LB"", ""Probe_mod"": 0, ""VDC_intput_V"": 0, ""Water_deep_cm"": 1.775}"
2025-10-15 06:26:53.183016938+00:00,ps-lb-21,2,-93,4.25,"{""Bat_V"": 3.6, ""Exti_pin_level"": ""Low"", ""Exti_status"": ""False"", ""IDC_intput_mA"": 4.142, ""IN1_pin_level"": ""Low"", ""IN2_pin_level"": ""Low"", ""Node_type"": ""PS-LB"", ""Probe_mod"": 0, ""VDC_intput_V"": 0, ""Water_deep_cm"": 1.775}"
2025-10-15 07:26:52.518725552+00:00,ps-lb-21,2,-119,-3.5,"{""Bat_V"": 3.6, ""Exti_pin_level"": ""Low"", ""Exti_status"": ""False"", ""IDC_intput_mA"": 4.142, ""IN1_pin_level"": ""Low"", ""IN2_pin_level"": ""Low"", ""Node_type"": ""PS-LB"", ""Probe_mod"": 0, ""VDC_intput_V"": 0, ""Water_deep_cm"": 1.775}"
2025-10-15 08:26:51.864127961+00:00,ps-lb-21,2,-93,3.75,"{""Bat_V"": 3.6, ""Exti_pin_level"": ""Low"", ""Exti_status"": ""False"", ""IDC_intput_mA"": 4.142, ""IN1_pin_level"": ""Low"", ""IN2_pin_level"": ""Low"", ""Node_type"": ""PS-LB"", ""Probe_mod"": 0, ""VDC_intput_V"": 0, ""Water_deep_cm"": 1.775}"
2025-10-15 09:26:51.220779517+00:00,ps-lb-21,2,-92,6.5,"{""Bat_V"": 3.6, ""Exti_pin_level"": ""Low"", ""Exti_status"": ""False"", ""IDC_intput_mA"": 4.142, ""IN1_pin_level"": ""Low"", ""IN2_pin_level"": ""Low"", ""Node_type"": ""PS-LB"", ""Probe_mod"": 0, ""VDC_intput_V"": 0, ""Water_deep_cm"": 1.775}"
2025-10-15 10:26:50.574523393+00:00,ps-lb-21,2,-90,4.5,"{""Bat_V"": 3.6, ""Exti_pin_level"": ""Low"", ""Exti_status"": ""False"", ""IDC_intput_mA"": 4.142, ""IN1_pin_level"": ""Low"", ""IN2_pin_level"": ""Low"", ""Node_type"": ""PS-LB"", ""Probe_mod"": 0, ""VDC_intput_V"": 0, ""Water_deep_cm"": 1.775}"
2025-10-15 11:26:49.928983371+00:00,ps-lb-21,2,-121,-4.0,"{""Bat_V"": 3.6, ""Exti_pin_level"": ""Low"", ""Exti_status"": ""False"", ""IDC_intput_mA"": 4.143, ""IN1_pin_level"": ""Low"", ""IN2_pin_level"": ""Low"", ""Node_type"": ""PS-LB"", ""Probe_mod"": 0, ""VDC_intput_V"": 0, ""Water_deep_cm"": 1.787}"
2025-10-15 12:26:49.266339597+00:00,ps-lb-21,2,-96,4.0,"{""Bat_V"": 3.6, ""Exti_pin_level"": ""Low"", ""Exti_status"": ""False"", ""IDC_intput_mA"": 4.143, ""IN1_pin_level"": ""Low"", ""IN2_pin_level"": ""Low"", ""Node_type"": ""PS-LB"", ""Probe_mod"": 0, ""VDC_intput_V"": 0, ""Water_deep_cm"": 1.787}"
2025-10-15 13:26:48.608463399+00:00,ps-lb-21,2,-95,4.75,"{""Bat_V"": 3.6, ""Exti_pin_level"": ""Low"", ""Exti_status"": ""False"", ""IDC_intput_mA"": 4.143, ""IN1_pin_level"": ""Low"", ""IN2_pin_level"": ""Low"", ""Node_type"": ""PS-LB"", ""Probe_mod"": 0, ""VDC_intput_V"": 0, ""Water_deep_cm"": 1.787}"
2025-10-15 14:26:47.941320918+00:00,ps-lb-21,2,-122,-7.25,"{""Bat_V"": 3.6, ""Exti_pin_level"": ""Low"", ""Exti_status"": ""False"", ""IDC_intput_mA"": 4.143, ""IN1_pin_level"": ""Low"", ""IN2_pin_level"": ""Low"", ""Node_type"": ""PS-LB"", ""Probe_mod"": 0, ""VDC_intput_V"": 0, ""Water_deep_cm"": 1.787}"
2025-10-15 15:26:47.302425575+00:00,ps-lb-21,2,-93,3.0,"{""Bat_V"": 3.6, ""Exti_pin_level"": ""Low"", ""Exti_status"": ""False"", ""IDC_intput_mA"": 4.144, ""IN1_pin_level"": ""Low"", ""IN2_pin_level"": ""Low"", ""Node_type"": ""PS-LB"", ""Probe_mod"": 0, ""VDC_intput_V"": 0, ""Water_deep_cm"": 1.8}"
2025-10-15 16:26:46.658911576+00:00,ps-lb-21,2,-122,-6.25,"{""Bat_V"": 3.6, ""Exti_pin_level"": ""Low"", ""Exti_status"": ""False"", ""IDC_intput_mA"": 4.144, ""IN1_pin_level"": ""Low"", ""IN2_pin_level"": ""Low"", ""Node_type"": ""PS-LB"", ""Probe_mod"": 0, ""VDC_intput_V"": 0, ""Water_deep_cm"": 1.8}"
2025-10-15 17:26:46.011807127+00:00,ps-lb-21,2,-92,4.5,"{""Bat_V"": 3.594, ""Exti_pin_level"": ""Low"", ""Exti_status"": ""False"", ""IDC_intput_mA"": 4.144, ""IN1_pin_level"": ""Low"", ""IN2_pin_level"": ""Low"", ""Node_type"": ""PS-LB"", ""Probe_mod"": 0, ""VDC_intput_V"": 0, ""Water_deep_cm"": 1.8}"
2025-10-15 18:26:45.350254234+00:00,ps-lb-21,2,-92,4.0,"{""Bat_V"": 3.6, ""Exti_pin_level"": ""Low"", ""Exti_status"": ""False"", ""IDC_intput_mA"": 4.144, ""IN1_pin_level"": ""Low"", ""IN2_pin_level"": ""Low"", ""Node_type"": ""PS-LB"", ""Probe_mod"": 0, ""VDC_intput_V"": 0, ""Water_deep_cm"": 1.8}"
2025-10-15 19:26:44.693570532+00:00,ps-lb-21,2,-97,4.25,"{""Bat_V"": 3.6, ""Exti_pin_level"": ""Low"", ""Exti_status"": ""False"", ""IDC_intput_mA"": 4.143, ""IN1_pin_level"": ""Low"", ""IN2_pin_level"": ""Low"", ""Node_type"": ""PS-LB"", ""Probe_mod"": 0, ""VDC_intput_V"": 0, ""Water_deep_cm"": 1.787}"
2025-10-15 20:26:44.112890481+00:00,ps-lb-21,2,-92,4.5,"{""Bat_V"": 3.6, ""Exti_pin_level"": ""Low"", ""Exti_status"": ""False"", ""IDC_intput_mA"": 4.143, ""IN1_pin_level"": ""Low"", ""IN2_pin_level"": ""Low"", ""Node_type"": ""PS-LB"", ""Probe_mod"": 0, ""VDC_intput_V"": 0, ""Water_deep_cm"": 1.787}"
2025-10-15 21:26:43.409579703+00:00,ps-lb-21,2,-95,6.5,"{""Bat_V"": 3.6, ""Exti_pin_level"": ""Low"", ""Exti_status"": ""False"", ""IDC_intput_mA"": 4.143, ""IN1_pin_level"": ""Low"", ""IN2_pin_level"": ""Low"", ""Node_type"": ""PS-LB"", ""Probe_mod"": 0, ""VDC_intput_V"": 0, ""Water_deep_cm"": 1.787}"
2025-10-15 22:26:42.746589425+00:00,ps-lb-21,2,-93,3.75,"{""Bat_V"": 3.6, ""Exti_pin_level"": ""Low"", ""Exti_status"": ""False"", ""IDC_intput_mA"": 4.143, ""IN1_pin_level"": ""Low"", ""IN2_pin_level"": ""Low"", ""Node_type"": ""PS-LB"", ""Probe_mod"": 0, ""VDC_intput_V"": 0, ""Water_deep_cm"": 1.787}"
2025-10-15 23:26:42.092554824+00:00,ps-lb-21,2,-95,4.25,"{""Bat_V"": 3.6, ""Exti_pin_level"": ""Low"", ""Exti_status"": ""False"", ""IDC_intput_mA"": 4.142, ""IN1_pin_level"": ""Low"", ""IN2_pin_level"": ""Low"", ""Node_type"": ""PS-LB"", ""Probe_mod"": 0, ""VDC_intput_V"": 0, ""Water_deep_cm"": 1.775}"
2025-10-16 00:26:41.441427380+00:00,ps-lb-21,2,-93,5.0,"{""Bat_V"": 3.6, ""Exti_pin_level"": ""Low"", ""Exti_status"": ""False"", ""IDC_intput_mA"": 4.142, ""IN1_pin_level"": ""Low"", ""IN2_pin_level"": ""Low"", ""Node_type"": ""PS-LB"", ""Probe_mod"": 0, ""VDC_intput_V"": 0, ""Water_deep_cm"": 1.775}"
2025-10-16 01:26:40.808589399+00:00,ps-lb-21,2,-92,4.25,"{""Bat_V"": 3.6, ""Exti_pin_level"": ""Low"", ""Exti_status"": ""False"", ""IDC_intput_mA"": 4.142, ""IN1_pin_level"": ""Low"", ""IN2_pin_level"": ""Low"", ""Node_type"": ""PS-LB"", ""Probe_mod"": 0, ""VDC_intput_V"": 0, ""Water_deep_cm"": 1.775}"
2025-10-16 02:26:40.137869480+00:00,ps-lb-21,2,-93,3.5,"{""Bat_V"": 3.6, ""Exti_pin_level"": ""Low"", ""Exti_status"": ""False"", ""IDC_intput_mA"": 4.142, ""IN1_pin_level"": ""Low"", ""IN2_pin_level"": ""Low"", ""Node_type"": ""PS-LB"", ""Probe_mod"": 0, ""VDC_intput_V"": 0, ""Water_deep_cm"": 1.775}"
2025-10-16 03:26:39.488640576+00:00,ps-lb-21,2,-95,5.25,"{""Bat_V"": 3.6, ""Exti_pin_level"": ""Low"", ""Exti_status"": ""False"", ""IDC_intput_mA"": 4.142, ""IN1_pin_level"": ""Low"", ""IN2_pin_level"": ""Low"", ""Node_type"": ""PS-LB"", ""Probe_mod"": 0, ""VDC_intput_V"": 0, ""Water_deep_cm"": 1.775}"
2025-10-16 04:26:38.834782294+00:00,ps-lb-21,2,-123,-6.25,"{""Bat_V"": 3.6, ""Exti_pin_level"": ""Low"", ""Exti_status"": ""False"", ""IDC_intput_mA"": 4.142, ""IN1_pin_level"": ""Low"", ""IN2_pin_level"": ""Low"", ""Node_type"": ""PS-LB"", ""Probe_mod"": 0, ""VDC_intput_V"": 0, ""Water_deep_cm"": 1.775}"
2025-10-16 05:26:38.189092306+00:00,ps-lb-21,2,-93,3.75,"{""Bat_V"": 3.6, ""Exti_pin_level"": ""Low"", ""Exti_status"": ""False"", ""IDC_intput_mA"": 4.142, ""IN1_pin_level"": ""Low"", ""IN2_pin_level"": ""Low"", ""Node_type"": ""PS-LB"", ""Probe_mod"": 0, ""VDC_intput_V"": 0, ""Water_deep_cm"": 1.775}"
2025-10-16 06:26:37.544498527+00:00,ps-lb-21,2,-95,4.25,"{""Bat_V"": 3.6, ""Exti_pin_level"": ""Low"", ""Exti_status"": ""False"", ""IDC_intput_mA"": 4.142, ""IN1_pin_level"": ""Low"", ""IN2_pin_level"": ""Low"", ""Node_type"": ""PS-LB"", ""Probe_mod"": 0, ""VDC_intput_V"": 0, ""Water_deep_cm"": 1.775}"
2025-10-16 07:26:36.884401972+00:00,ps-lb-21,2,-92,5.5,"{""Bat_V"": 3.6, ""Exti_pin_level"": ""Low"", ""Exti_status"": ""False"", ""IDC_intput_mA"": 4.142, ""IN1_pin_level"": ""Low"", ""IN2_pin_level"": ""Low"", ""Node_type"": ""PS-LB"", ""Probe_mod"": 0, ""VDC_intput_V"": 0, ""Water_deep_cm"": 1.775}"
2025-10-16 08:26:36.229351459+00:00,ps-lb-21,2,-96,5.25,"{""Bat_V"": 3.6, ""Exti_pin_level"": ""Low"", ""Exti_status"": ""False"", ""IDC_intput_mA"": 4.142, ""IN1_pin_level"": ""Low"", ""IN2_pin_level"": ""Low"", ""Node_type"": ""PS-LB"", ""Probe_mod"": 0, ""VDC_intput_V"": 0, ""Water_deep_cm"": 1.775}"
2025-10-16 09:26:35.581450031+00:00,ps-lb-21,2,-92,5.5,"{""Bat_V"": 3.6, ""Exti_pin_level"": ""Low"", ""Exti_status"": ""False"", ""IDC_intput_mA"": 4.142, ""IN1_pin_level"": ""Low"", ""IN2_pin_level"": ""Low"", ""Node_type"": ""PS-LB"", ""Probe_mod"": 0, ""VDC_intput_V"": 0, ""Water_deep_cm"": 1.775}"
2025-10-16 10:26:34.938289025+00:00,ps-lb-21,2,-121,-6.25,"{""Bat_V"": 3.6, ""Exti_pin_level"": ""Low"", ""Exti_status"": ""False"", ""IDC_intput_mA"": 4.142, ""IN1_pin_level"": ""Low"", ""IN2_pin_level"": ""Low"", ""Node_type"": ""PS-LB"", ""Probe_mod"": 0, ""VDC_intput_V"": 0, ""Water_deep_cm"": 1.775}"
2025-10-16 11:26:34.282499083+00:00,ps-lb-21,2,-95,6.25,"{""Bat_V"": 3.6, ""Exti_pin_level"": ""Low"", ""Exti_status"": ""False"", ""IDC_intput_mA"": 4.142, ""IN1_pin_level"": ""Low"", ""IN2_pin_level"": ""Low"", ""Node_type"": ""PS-LB"", ""Probe_mod"": 0, ""VDC_intput_V"": 0, ""Water_deep_cm"": 1.775}"
2025-10-16 12:26:33.637987525+00:00,ps-lb-21,2,-121,-4.75,"{""Bat_V"": 3.6, ""Exti_pin_level"": ""Low"", ""Exti_status"": ""False"", ""IDC_intput_mA"": 4.143, ""IN1_pin_level"": ""Low"", ""IN2_pin_level"": ""Low"", ""Node_type"": ""PS-LB"", ""Probe_mod"": 0, ""VDC_intput_V"": 0, ""Water_deep_cm"": 1.787}"
2025-10-16 13:26:32.980868761+00:00,ps-lb-21,2,-96,5.0,"{""Bat_V"": 3.6, ""Exti_pin_level"": ""Low"", ""Exti_status"": ""False"", ""IDC_intput_mA"": 4.143, ""IN1_pin_level"": ""Low"", ""IN2_pin_level"": ""Low"", ""Node_type"": ""PS-LB"", ""Probe_mod"": 0, ""VDC_intput_V"": 0, ""Water_deep_cm"": 1.787}"
2025-10-16 14:26:32.337365023+00:00,ps-lb-21,2,-95,4.0,"{""Bat_V"": 3.6, ""Exti_pin_level"": ""Low"", ""Exti_status"": ""False"", ""IDC_intput_mA"": 4.143, ""IN1_pin_level"": ""Low"", ""IN2_pin_level"": ""Low"", ""Node_type"": ""PS-LB"", ""Probe_mod"": 0, ""VDC_intput_V"": 0, ""Water_deep_cm"": 1.787}"
2025-10-16 15:26:31.690583782+00:00,ps-lb-21,2,-122,-6.5,"{""Bat_V"": 3.6, ""Exti_pin_level"": ""Low"", ""Exti_status"": ""False"", ""IDC_intput_mA"": 4.143, ""IN1_pin_level"": ""Low"", ""IN2_pin_level"": ""Low"", ""Node_type"": ""PS-LB"", ""Probe_mod"": 0, ""VDC_intput_V"": 0, ""Water_deep_cm"": 1.787}"
2025-10-16 16:26:31.006727702+00:00,ps-lb-21,2,-122,-8.5,"{""Bat_V"": 3.6, ""Exti_pin_level"": ""Low"", ""Exti_status"": ""False"", ""IDC_intput_mA"": 4.143, ""IN1_pin_level"": ""Low"", ""IN2_pin_level"": ""Low"", ""Node_type"": ""PS-LB"", ""Probe_mod"": 0, ""VDC_intput_V"": 0, ""Water_deep_cm"": 1.787}"
2025-10-16 17:26:30.369008523+00:00,ps-lb-21,2,-121,-4.75,"{""Bat_V"": 3.6, ""Exti_pin_level"": ""Low"", ""Exti_status"": ""False"", ""IDC_intput_mA"": 4.143, ""IN1_pin_level"": ""Low"", ""IN2_pin_level"": ""Low"", ""Node_type"": ""PS-LB"", ""Probe_mod"": 0, ""VDC_intput_V"": 0, ""Water_deep_cm"": 1.787}"
2025-10-16 18:26:29.727087524+00:00,ps-lb-21,2,-120,-4.75,"{""Bat_V"": 3.6, ""Exti_pin_level"": ""Low"", ""Exti_status"": ""False"", ""IDC_intput_mA"": 4.143, ""IN1_pin_level"": ""Low"", ""IN2_pin_level"": ""Low"", ""Node_type"": ""PS-LB"", ""Probe_mod"": 0, ""VDC_intput_V"": 0, ""Water_deep_cm"": 1.787}"
2025-10-16 19:26:29.073967414+00:00,ps-lb-21,2,-92,5.75,"{""Bat_V"": 3.6, ""Exti_pin_level"": ""Low"", ""Exti_status"": ""False"", ""IDC_intput_mA"": 4.143, ""IN1_pin_level"": ""Low"", ""IN2_pin_level"": ""Low"", ""Node_type"": ""PS-LB"", ""Probe_mod"": 0, ""VDC_intput_V"": 0, ""Water_deep_cm"": 1.787}"
2025-10-16 20:26:28.424632942+00:00,ps-lb-21,2,-91,7.0,"{""Bat_V"": 3.6, ""Exti_pin_level"": ""Low"", ""Exti_status"": ""False"", ""IDC_intput_mA"": 4.143, ""IN1_pin_level"": ""Low"", ""IN2_pin_level"": ""Low"", ""Node_type"": ""PS-LB"", ""Probe_mod"": 0, ""VDC_intput_V"": 0, ""Water_deep_cm"": 1.787}"
2025-10-16 21:26:27.753163468+00:00,ps-lb-21,2,-95,3.5,"{""Bat_V"": 3.6, ""Exti_pin_level"": ""Low"", ""Exti_status"": ""False"", ""IDC_intput_mA"": 4.143, ""IN1_pin_level"": ""Low"", ""IN2_pin_level"": ""Low"", ""Node_type"": ""PS-LB"", ""Probe_mod"": 0, ""VDC_intput_V"": 0, ""Water_deep_cm"": 1.787}"
2025-10-16 22:26:27.105380620+00:00,ps-lb-21,2,-91,5.25,"{""Bat_V"": 3.6, ""Exti_pin_level"": ""Low"", ""Exti_status"": ""False"", ""IDC_intput_mA"": 4.142, ""IN1_pin_level"": ""Low"", ""IN2_pin_level"": ""Low"", ""Node_type"": ""PS-LB"", ""Probe_mod"": 0, ""VDC_intput_V"": 0, ""Water_deep_cm"": 1.775}"
2025-10-16 23:26:26.455530915+00:00,ps-lb-21,2,-92,4.25,"{""Bat_V"": 3.6, ""Exti_pin_level"": ""Low"", ""Exti_status"": ""False"", ""IDC_intput_mA"": 4.142, ""IN1_pin_level"": ""Low"", ""IN2_pin_level"": ""Low"", ""Node_type"": ""PS-LB"", ""Probe_mod"": 0, ""VDC_intput_V"": 0, ""Water_deep_cm"": 1.775}"
2025-10-17 00:26:25.806344235+00:00,ps-lb-21,2,-91,4.5,"{""Bat_V"": 3.6, ""Exti_pin_level"": ""Low"", ""Exti_status"": ""False"", ""IDC_intput_mA"": 4.142, ""IN1_pin_level"": ""Low"", ""IN2_pin_level"": ""Low"", ""Node_type"": ""PS-LB"", ""Probe_mod"": 0, ""VDC_intput_V"": 0, ""Water_deep_cm"": 1.775}"
2025-10-17 01:26:25.156292330+00:00,ps-lb-21,2,-91,4.25,"{""Bat_V"": 3.6, ""Exti_pin_level"": ""Low"", ""Exti_status"": ""False"", ""IDC_intput_mA"": 4.142, ""IN1_pin_level"": ""Low"", ""IN2_pin_level"": ""Low"", ""Node_type"": ""PS-LB"", ""Probe_mod"": 0, ""VDC_intput_V"": 0, ""Water_deep_cm"": 1.775}"
2025-10-17 02:26:24.520682152+00:00,ps-lb-21,2,-90,5.25,"{""Bat_V"": 3.6, ""Exti_pin_level"": ""Low"", ""Exti_status"": ""False"", ""IDC_intput_mA"": 4.142, ""IN1_pin_level"": ""Low"", ""IN2_pin_level"": ""Low"", ""Node_type"": ""PS-LB"", ""Probe_mod"": 0, ""VDC_intput_V"": 0, ""Water_deep_cm"": 1.775}"
2025-10-17 03:26:23.861612489+00:00,ps-lb-21,2,-91,7.25,"{""Bat_V"": 3.6, ""Exti_pin_level"": ""Low"", ""Exti_status"": ""False"", ""IDC_intput_mA"": 4.141, ""IN1_pin_level"": ""Low"", ""IN2_pin_level"": ""Low"", ""Node_type"": ""PS-LB"", ""Probe_mod"": 0, ""VDC_intput_V"": 0, ""Water_deep_cm"": 1.763}"
2025-10-17 04:26:23.198281634+00:00,ps-lb-21,2,-92,7.75,"{""Bat_V"": 3.6, ""Exti_pin_level"": ""Low"", ""Exti_status"": ""False"", ""IDC_intput_mA"": 4.141, ""IN1_pin_level"": ""Low"", ""IN2_pin_level"": ""Low"", ""Node_type"": ""PS-LB"", ""Probe_mod"": 0, ""VDC_intput_V"": 0, ""Water_deep_cm"": 1.763}"
2025-10-17 05:26:22.549381403+00:00,ps-lb-21,2,-93,4.75,"{""Bat_V"": 3.6, ""Exti_pin_level"": ""Low"", ""Exti_status"": ""False"", ""IDC_intput_mA"": 4.141, ""IN1_pin_level"": ""Low"", ""IN2_pin_level"": ""Low"", ""Node_type"": ""PS-LB"", ""Probe_mod"": 0, ""VDC_intput_V"": 0, ""Water_deep_cm"": 1.763}"
2025-10-17 06:26:21.949499040+00:00,ps-lb-21,2,-91,6.5,"{""Bat_V"": 3.6, ""Exti_pin_level"": ""Low"", ""Exti_status"": ""False"", ""IDC_intput_mA"": 4.141, ""IN1_pin_level"": ""Low"", ""IN2_pin_level"": ""Low"", ""Node_type"": ""PS-LB"", ""Probe_mod"": 0, ""VDC_intput_V"": 0, ""Water_deep_cm"": 1.763}"
2025-10-17 07:26:21.258316022+00:00,ps-lb-21,2,-121,-5.75,"{""Bat_V"": 3.6, ""Exti_pin_level"": ""Low"", ""Exti_status"": ""False"", ""IDC_intput_mA"": 4.142, ""IN1_pin_level"": ""Low"", ""IN2_pin_level"": ""Low"", ""Node_type"": ""PS-LB"", ""Probe_mod"": 0, ""VDC_intput_V"": 0, ""Water_deep_cm"": 1.775}"
2025-10-17 08:26:20.623499064+00:00,ps-lb-21,2,-96,1.5,"{""Bat_V"": 3.6, ""Exti_pin_level"": ""Low"", ""Exti_status"": ""False"", ""IDC_intput_mA"": 4.142, ""IN1_pin_level"": ""Low"", ""IN2_pin_level"": ""Low"", ""Node_type"": ""PS-LB"", ""Probe_mod"": 0, ""VDC_intput_V"": 0, ""Water_deep_cm"": 1.775}"
2025-10-17 09:26:19.960982449+00:00,ps-lb-21,2,-97,2.5,"{""Bat_V"": 3.6, ""Exti_pin_level"": ""Low"", ""Exti_status"": ""False"", ""IDC_intput_mA"": 4.142, ""IN1_pin_level"": ""Low"", ""IN2_pin_level"": ""Low"", ""Node_type"": ""PS-LB"", ""Probe_mod"": 0, ""VDC_intput_V"": 0, ""Water_deep_cm"": 1.775}"
2025-10-17 10:26:19.299383242+00:00,ps-lb-21,2,-98,-1.75,"{""Bat_V"": 3.6, ""Exti_pin_level"": ""Low"", ""Exti_status"": ""False"", ""IDC_intput_mA"": 4.142, ""IN1_pin_level"": ""Low"", ""IN2_pin_level"": ""Low"", ""Node_type"": ""PS-LB"", ""Probe_mod"": 0, ""VDC_intput_V"": 0, ""Water_deep_cm"": 1.775}"
2025-10-17 11:26:18.644811554+00:00,ps-lb-21,2,-98,1.0,"{""Bat_V"": 3.6, ""Exti_pin_level"": ""Low"", ""Exti_status"": ""False"", ""IDC_intput_mA"": 4.142, ""IN1_pin_level"": ""Low"", ""IN2_pin_level"": ""Low"", ""Node_type"": ""PS-LB"", ""Probe_mod"": 0, ""VDC_intput_V"": 0, ""Water_deep_cm"": 1.775}"
2025-10-17 12:26:17.993742801+00:00,ps-lb-21,2,-98,0.5,"{""Bat_V"": 3.6, ""Exti_pin_level"": ""Low"", ""Exti_status"": ""False"", ""IDC_intput_mA"": 4.142, ""IN1_pin_level"": ""Low"", ""IN2_pin_level"": ""Low"", ""Node_type"": ""PS-LB"", ""Probe_mod"": 0, ""VDC_intput_V"": 0, ""Water_deep_cm"": 1.775}"
2025-10-17 13:26:17.344781205+00:00,ps-lb-21,2,-121,-5.0,"{""Bat_V"": 3.6, ""Exti_pin_level"": ""Low"", ""Exti_status"": ""False"", ""IDC_intput_mA"": 4.142, ""IN1_pin_level"": ""Low"", ""IN2_pin_level"": ""Low"", ""Node_type"": ""PS-LB"", ""Probe_mod"": 0, ""VDC_intput_V"": 0, ""Water_deep_cm"": 1.775}"
2025-10-17 14:26:16.701762363+00:00,ps-lb-21,2,-104,-3.25,"{""Bat_V"": 3.6, ""Exti_pin_level"": ""Low"", ""Exti_status"": ""False"", ""IDC_intput_mA"": 4.142, ""IN1_pin_level"": ""Low"", ""IN2_pin_level"": ""Low"", ""Node_type"": ""PS-LB"", ""Probe_mod"": 0, ""VDC_intput_V"": 0, ""Water_deep_cm"": 1.775}"
2025-10-17 15:26:16.036985030+00:00,ps-lb-21,2,-121,-6.25,"{""Bat_V"": 3.6, ""Exti_pin_level"": ""Low"", ""Exti_status"": ""False"", ""IDC_intput_mA"": 4.142, ""IN1_pin_level"": ""Low"", ""IN2_pin_level"": ""Low"", ""Node_type"": ""PS-LB"", ""Probe_mod"": 0, ""VDC_intput_V"": 0, ""Water_deep_cm"": 1.775}"
2025-10-17 17:26:14.734755849+00:00,ps-lb-21,2,-99,2.25,"{""Bat_V"": 3.6, ""Exti_pin_level"": ""Low"", ""Exti_status"": ""False"", ""IDC_intput_mA"": 4.142, ""IN1_pin_level"": ""Low"", ""IN2_pin_level"": ""Low"", ""Node_type"": ""PS-LB"", ""Probe_mod"": 0, ""VDC_intput_V"": 0, ""Water_deep_cm"": 1.775}"
2025-10-17 18:26:14.077024403+00:00,ps-lb-21,2,-98,-5.75,"{""Bat_V"": 3.6, ""Exti_pin_level"": ""Low"", ""Exti_status"": ""False"", ""IDC_intput_mA"": 4.142, ""IN1_pin_level"": ""Low"", ""IN2_pin_level"": ""Low"", ""Node_type"": ""PS-LB"", ""Probe_mod"": 0, ""VDC_intput_V"": 0, ""Water_deep_cm"": 1.775}"
2025-10-17 19:26:13.426501630+00:00,ps-lb-21,2,-101,-4.0,"{""Bat_V"": 3.6, ""Exti_pin_level"": ""Low"", ""Exti_status"": ""False"", ""IDC_intput_mA"": 4.142, ""IN1_pin_level"": ""Low"", ""IN2_pin_level"": ""Low"", ""Node_type"": ""PS-LB"", ""Probe_mod"": 0, ""VDC_intput_V"": 0, ""Water_deep_cm"": 1.775}"
2025-10-17 20:26:12.782326740+00:00,ps-lb-21,2,-98,-2.75,"{""Bat_V"": 3.6, ""Exti_pin_level"": ""Low"", ""Exti_status"": ""False"", ""IDC_intput_mA"": 4.142, ""IN1_pin_level"": ""Low"", ""IN2_pin_level"": ""Low"", ""Node_type"": ""PS-LB"", ""Probe_mod"": 0, ""VDC_intput_V"": 0, ""Water_deep_cm"": 1.775}"
2025-10-17 21:26:12.140107147+00:00,ps-lb-21,2,-104,-5.5,"{""Bat_V"": 3.6, ""Exti_pin_level"": ""Low"", ""Exti_status"": ""False"", ""IDC_intput_mA"": 4.142, ""IN1_pin_level"": ""Low"", ""IN2_pin_level"": ""Low"", ""Node_type"": ""PS-LB"", ""Probe_mod"": 0, ""VDC_intput_V"": 0, ""Water_deep_cm"": 1.775}"
2025-10-17 22:26:11.452876132+00:00,ps-lb-21,2,-121,-5.5,"{""Bat_V"": 3.6, ""Exti_pin_level"": ""Low"", ""Exti_status"": ""False"", ""IDC_intput_mA"": 4.142, ""IN1_pin_level"": ""Low"", ""IN2_pin_level"": ""Low"", ""Node_type"": ""PS-LB"", ""Probe_mod"": 0, ""VDC_intput_V"": 0, ""Water_deep_cm"": 1.775}"
2025-10-17 23:26:10.824022765+00:00,ps-lb-21,2,-98,-4.5,"{""Bat_V"": 3.6, ""Exti_pin_level"": ""Low"", ""Exti_status"": ""False"", ""IDC_intput_mA"": 4.142, ""IN1_pin_level"": ""Low"", ""IN2_pin_level"": ""Low"", ""Node_type"": ""PS-LB"", ""Probe_mod"": 0, ""VDC_intput_V"": 0, ""Water_deep_cm"": 1.775}"
2025-10-18 00:26:10.176991132+00:00,ps-lb-21,2,-102,-6.75,"{""Bat_V"": 3.6, ""Exti_pin_level"": ""Low"", ""Exti_status"": ""False"", ""IDC_intput_mA"": 4.141, ""IN1_pin_level"": ""Low"", ""IN2_pin_level"": ""Low"", ""Node_type"": ""PS-LB"", ""Probe_mod"": 0, ""VDC_intput_V"": 0, ""Water_deep_cm"": 1.763}"
2025-10-18 01:26:09.532221871+00:00,ps-lb-21,2,-98,,"{""Bat_V"": 3.6, ""Exti_pin_level"": ""Low"", ""Exti_status"": ""False"", ""IDC_intput_mA"": 4.141, ""IN1_pin_level"": ""Low"", ""IN2_pin_level"": ""Low"", ""Node_type"": ""PS-LB"", ""Probe_mod"": 0, ""VDC_intput_V"": 0, ""Water_deep_cm"": 1.763}"
2025-10-18 02:26:08.859924367+00:00,ps-lb-21,2,-120,-4.25,"{""Bat_V"": 3.6, ""Exti_pin_level"": ""Low"", ""Exti_status"": ""False"", ""IDC_intput_mA"": 4.141, ""IN1_pin_level"": ""Low"", ""IN2_pin_level"": ""Low"", ""Node_type"": ""PS-LB"", ""Probe_mod"": 0, ""VDC_intput_V"": 0, ""Water_deep_cm"": 1.763}"
2025-10-18 03:26:08.235834714+00:00,ps-lb-21,2,-101,-1.75,"{""Bat_V"": 3.6, ""Exti_pin_level"": ""Low"", ""Exti_status"": ""False"", ""IDC_intput_mA"": 4.14, ""IN1_pin_level"": ""Low"", ""IN2_pin_level"": ""Low"", ""Node_type"": ""PS-LB"", ""Probe_mod"": 0, ""VDC_intput_V"": 0, ""Water_deep_cm"": 1.75}"
2025-10-18 04:26:07.567899424+00:00,ps-lb-21,2,-97,1.25,"{""Bat_V"": 3.6, ""Exti_pin_level"": ""Low"", ""Exti_status"": ""False"", ""IDC_intput_mA"": 4.14, ""IN1_pin_level"": ""Low"", ""IN2_pin_level"": ""Low"", ""Node_type"": ""PS-LB"", ""Probe_mod"": 0, ""VDC_intput_V"": 0, ""Water_deep_cm"": 1.75}"
2025-10-18 05:26:06.929812855+00:00,ps-lb-21,2,-101,-1.5,"{""Bat_V"": 3.6, ""Exti_pin_level"": ""Low"", ""Exti_status"": ""False"", ""IDC_intput_mA"": 4.139, ""IN1_pin_level"": ""Low"", ""IN2_pin_level"": ""Low"", ""Node_type"": ""PS-LB"", ""Probe_mod"": 0, ""VDC_intput_V"": 0, ""Water_deep_cm"": 1.738}"
2025-10-18 06:26:06.268251669+00:00,ps-lb-21,2,-98,-3.25,"{""Bat_V"": 3.6, ""Exti_pin_level"": ""Low"", ""Exti_status"": ""False"", ""IDC_intput_mA"": 4.139, ""IN1_pin_level"": ""Low"", ""IN2_pin_level"": ""Low"", ""Node_type"": ""PS-LB"", ""Probe_mod"": 0, ""VDC_intput_V"": 0, ""Water_deep_cm"": 1.738}"
2025-10-18 07:26:05.617573573+00:00,ps-lb-21,2,-100,-5.75,"{""Bat_V"": 3.6, ""Exti_pin_level"": ""Low"", ""Exti_status"": ""False"", ""IDC_intput_mA"": 4.139, ""IN1_pin_level"": ""Low"", ""IN2_pin_level"": ""Low"", ""Node_type"": ""PS-LB"", ""Probe_mod"": 0, ""VDC_intput_V"": 0, ""Water_deep_cm"": 1.738}"
2025-10-18 09:26:04.304527423+00:00,ps-lb-21,2,-119,-3.75,"{""Bat_V"": 3.6, ""Exti_pin_level"": ""Low"", ""Exti_status"": ""False"", ""IDC_intput_mA"": 4.138, ""IN1_pin_level"": ""Low"", ""IN2_pin_level"": ""Low"", ""Node_type"": ""PS-LB"", ""Probe_mod"": 0, ""VDC_intput_V"": 0, ""Water_deep_cm"": 1.725}"
2025-10-18 10:26:03.665467255+00:00,ps-lb-21,2,-98,-2.5,"{""Bat_V"": 3.6, ""Exti_pin_level"": ""Low"", ""Exti_status"": ""False"", ""IDC_intput_mA"": 4.138, ""IN1_pin_level"": ""Low"", ""IN2_pin_level"": ""Low"", ""Node_type"": ""PS-LB"", ""Probe_mod"": 0, ""VDC_intput_V"": 0, ""Water_deep_cm"": 1.725}"
2025-10-18 11:26:03.001739908+00:00,ps-lb-21,2,-122,-7.75,"{""Bat_V"": 3.6, ""Exti_pin_level"": ""Low"", ""Exti_status"": ""False"", ""IDC_intput_mA"": 4.138, ""IN1_pin_level"": ""Low"", ""IN2_pin_level"": ""Low"", ""Node_type"": ""PS-LB"", ""Probe_mod"": 0, ""VDC_intput_V"": 0, ""Water_deep_cm"": 1.725}"
2025-10-18 12:26:02.373090880+00:00,ps-lb-21,2,-120,-3.5,"{""Bat_V"": 3.6, ""Exti_pin_level"": ""Low"", ""Exti_status"": ""False"", ""IDC_intput_mA"": 4.138, ""IN1_pin_level"": ""Low"", ""IN2_pin_level"": ""Low"", ""Node_type"": ""PS-LB"", ""Probe_mod"": 0, ""VDC_intput_V"": 0, ""Water_deep_cm"": 1.725}"
2025-10-18 13:26:01.719260323+00:00,ps-lb-21,2,-101,-6.25,"{""Bat_V"": 3.6, ""Exti_pin_level"": ""Low"", ""Exti_status"": ""False"", ""IDC_intput_mA"": 4.137, ""IN1_pin_level"": ""Low"", ""IN2_pin_level"": ""Low"", ""Node_type"": ""PS-LB"", ""Probe_mod"": 0, ""VDC_intput_V"": 0, ""Water_deep_cm"": 1.712}"
2025-10-18 14:26:01.067254641+00:00,ps-lb-21,2,-98,-3.5,"{""Bat_V"": 3.6, ""Exti_pin_level"": ""Low"", ""Exti_status"": ""False"", ""IDC_intput_mA"": 4.137, ""IN1_pin_level"": ""Low"", ""IN2_pin_level"": ""Low"", ""Node_type"": ""PS-LB"", ""Probe_mod"": 0, ""VDC_intput_V"": 0, ""Water_deep_cm"": 1.712}"
2025-10-18 15:26:00.413149488+00:00,ps-lb-21,2,-121,-5.75,"{""Bat_V"": 3.6, ""Exti_pin_level"": ""Low"", ""Exti_status"": ""False"", ""IDC_intput_mA"": 4.137, ""IN1_pin_level"": ""Low"", ""IN2_pin_level"": ""Low"", ""Node_type"": ""PS-LB"", ""Probe_mod"": 0, ""VDC_intput_V"": 0, ""Water_deep_cm"": 1.712}"
2025-10-18 16:25:59.791649262+00:00,ps-lb-21,2,-121,-5.0,"{""Bat_V"": 3.6, ""Exti_pin_level"": ""Low"", ""Exti_status"": ""False"", ""IDC_intput_mA"": 4.137, ""IN1_pin_level"": ""Low"", ""IN2_pin_level"": ""Low"", ""Node_type"": ""PS-LB"", ""Probe_mod"": 0, ""VDC_intput_V"": 0, ""Water_deep_cm"": 1.712}"
2025-10-18 17:25:59.118179420+00:00,ps-lb-21,2,-97,-0.5,"{""Bat_V"": 3.6, ""Exti_pin_level"": ""Low"", ""Exti_status"": ""False"", ""IDC_intput_mA"": 4.137, ""IN1_pin_level"": ""Low"", ""IN2_pin_level"": ""Low"", ""Node_type"": ""PS-LB"", ""Probe_mod"": 0, ""VDC_intput_V"": 0, ""Water_deep_cm"": 1.712}"
2025-10-18 18:25:58.476579384+00:00,ps-lb-21,2,-97,-3.75,"{""Bat_V"": 3.6, ""Exti_pin_level"": ""Low"", ""Exti_status"": ""False"", ""IDC_intput_mA"": 4.137, ""IN1_pin_level"": ""Low"", ""IN2_pin_level"": ""Low"", ""Node_type"": ""PS-LB"", ""Probe_mod"": 0, ""VDC_intput_V"": 0, ""Water_deep_cm"": 1.712}"
2025-10-18 19:25:57.813655064+00:00,ps-lb-21,2,-103,-3.75,"{""Bat_V"": 3.6, ""Exti_pin_level"": ""Low"", ""Exti_status"": ""False"", ""IDC_intput_mA"": 4.137, ""IN1_pin_level"": ""Low"", ""IN2_pin_level"": ""Low"", ""Node_type"": ""PS-LB"", ""Probe_mod"": 0, ""VDC_intput_V"": 0, ""Water_deep_cm"": 1.712}"
2025-10-18 20:25:57.167996264+00:00,ps-lb-21,2,-97,-1.75,"{""Bat_V"": 3.6, ""Exti_pin_level"": ""Low"", ""Exti_status"": ""False"", ""IDC_intput_mA"": 4.136, ""IN1_pin_level"": ""Low"", ""IN2_pin_level"": ""Low"", ""Node_type"": ""PS-LB"", ""Probe_mod"": 0, ""VDC_intput_V"": 0, ""Water_deep_cm"": 1.7}"
2025-10-18 21:25:56.527408409+00:00,ps-lb-21,2,-102,-5.5,"{""Bat_V"": 3.6, ""Exti_pin_level"": ""Low"", ""Exti_status"": ""False"", ""IDC_intput_mA"": 4.136, ""IN1_pin_level"": ""Low"", ""IN2_pin_level"": ""Low"", ""Node_type"": ""PS-LB"", ""Probe_mod"": 0, ""VDC_intput_V"": 0, ""Water_deep_cm"": 1.7}"
2025-10-18 22:25:55.865782614+00:00,ps-lb-21,2,-101,-0.25,"{""Bat_V"": 3.6, ""Exti_pin_level"": ""Low"", ""Exti_status"": ""False"", ""IDC_intput_mA"": 4.136, ""IN1_pin_level"": ""Low"", ""IN2_pin_level"": ""Low"", ""Node_type"": ""PS-LB"", ""Probe_mod"": 0, ""VDC_intput_V"": 0, ""Water_deep_cm"": 1.7}"
2025-10-18 23:25:55.242467148+00:00,ps-lb-21,2,-97,-1.75,"{""Bat_V"": 3.6, ""Exti_pin_level"": ""Low"", ""Exti_status"": ""False"", ""IDC_intput_mA"": 4.135, ""IN1_pin_level"": ""Low"", ""IN2_pin_level"": ""Low"", ""Node_type"": ""PS-LB"", ""Probe_mod"": 0, ""VDC_intput_V"": 0, ""Water_deep_cm"": 1.687}"
2025-10-19 00:25:54.574706808+00:00,ps-lb-21,2,-122,-7.5,"{""Bat_V"": 3.6, ""Exti_pin_level"": ""Low"", ""Exti_status"": ""False"", ""IDC_intput_mA"": 4.135, ""IN1_pin_level"": ""Low"", ""IN2_pin_level"": ""Low"", ""Node_type"": ""PS-LB"", ""Probe_mod"": 0, ""VDC_intput_V"": 0, ""Water_deep_cm"": 1.687}"
2025-10-19 01:25:53.916974039+00:00,ps-lb-21,2,-97,1.5,"{""Bat_V"": 3.6, ""Exti_pin_level"": ""Low"", ""Exti_status"": ""False"", ""IDC_intput_mA"": 4.135, ""IN1_pin_level"": ""Low"", ""IN2_pin_level"": ""Low"", ""Node_type"": ""PS-LB"", ""Probe_mod"": 0, ""VDC_intput_V"": 0, ""Water_deep_cm"": 1.687}"
2025-10-19 02:25:53.274109400+00:00,ps-lb-21,2,-95,-3.25,"{""Bat_V"": 3.6, ""Exti_pin_level"": ""Low"", ""Exti_status"": ""False"", ""IDC_intput_mA"": 4.135, ""IN1_pin_level"": ""Low"", ""IN2_pin_level"": ""Low"", ""Node_type"": ""PS-LB"", ""Probe_mod"": 0, ""VDC_intput_V"": 0, ""Water_deep_cm"": 1.687}"
2025-10-19 03:25:52.615018921+00:00,ps-lb-21,2,-99,-0.25,"{""Bat_V"": 3.6, ""Exti_pin_level"": ""Low"", ""Exti_status"": ""False"", ""IDC_intput_mA"": 4.135, ""IN1_pin_level"": ""Low"", ""IN2_pin_level"": ""Low"", ""Node_type"": ""PS-LB"", ""Probe_mod"": 0, ""VDC_intput_V"": 0, ""Water_deep_cm"": 1.687}"
2025-10-19 04:25:51.969327053+00:00,ps-lb-21,2,-99,0.5,"{""Bat_V"": 3.6, ""Exti_pin_level"": ""Low"", ""Exti_status"": ""False"", ""IDC_intput_mA"": 4.136, ""IN1_pin_level"": ""Low"", ""IN2_pin_level"": ""Low"", ""Node_type"": ""PS-LB"", ""Probe_mod"": 0, ""VDC_intput_V"": 0, ""Water_deep_cm"": 1.7}"
2025-10-19 05:25:51.324873962+00:00,ps-lb-21,2,-97,-4.25,"{""Bat_V"": 3.6, ""Exti_pin_level"": ""Low"", ""Exti_status"": ""False"", ""IDC_intput_mA"": 4.136, ""IN1_pin_level"": ""Low"", ""IN2_pin_level"": ""Low"", ""Node_type"": ""PS-LB"", ""Probe_mod"": 0, ""VDC_intput_V"": 0, ""Water_deep_cm"": 1.7}"
2025-10-19 06:25:50.680022297+00:00,ps-lb-21,2,-121,-6.0,"{""Bat_V"": 3.6, ""Exti_pin_level"": ""Low"", ""Exti_status"": ""False"", ""IDC_intput_mA"": 4.136, ""IN1_pin_level"": ""Low"", ""IN2_pin_level"": ""Low"", ""Node_type"": ""PS-LB"", ""Probe_mod"": 0, ""VDC_intput_V"": 0, ""Water_deep_cm"": 1.7}"
2025-10-19 07:25:50.026535973+00:00,ps-lb-21,2,-99,-4.5,"{""Bat_V"": 3.6, ""Exti_pin_level"": ""Low"", ""Exti_status"": ""False"", ""IDC_intput_mA"": 4.137, ""IN1_pin_level"": ""Low"", ""IN2_pin_level"": ""Low"", ""Node_type"": ""PS-LB"", ""Probe_mod"": 0, ""VDC_intput_V"": 0, ""Water_deep_cm"": 1.712}"
2025-10-19 08:25:49.382329337+00:00,ps-lb-21,2,-121,-5.0,"{""Bat_V"": 3.6, ""Exti_pin_level"": ""Low"", ""Exti_status"": ""False"", ""IDC_intput_mA"": 4.137, ""IN1_pin_level"": ""Low"", ""IN2_pin_level"": ""Low"", ""Node_type"": ""PS-LB"", ""Probe_mod"": 0, ""VDC_intput_V"": 0, ""Water_deep_cm"": 1.712}"
2025-10-19 09:25:48.733648021+00:00,ps-lb-21,2,-96,-1.0,"{""Bat_V"": 3.6, ""Exti_pin_level"": ""Low"", ""Exti_status"": ""False"", ""IDC_intput_mA"": 4.137, ""IN1_pin_level"": ""Low"", ""IN2_pin_level"": ""Low"", ""Node_type"": ""PS-LB"", ""Probe_mod"": 0, ""VDC_intput_V"": 0, ""Water_deep_cm"": 1.712}"
2025-10-19 10:25:48.068139002+00:00,ps-lb-21,2,-119,-3.25,"{""Bat_V"": 3.6, ""Exti_pin_level"": ""Low"", ""Exti_status"": ""False"", ""IDC_intput_mA"": 4.137, ""IN1_pin_level"": ""Low"", ""IN2_pin_level"": ""Low"", ""Node_type"": ""PS-LB"", ""Probe_mod"": 0, ""VDC_intput_V"": 0, ""Water_deep_cm"": 1.712}"
2025-10-19 11:25:47.406850625+00:00,ps-lb-21,2,-103,-2.75,"{""Bat_V"": 3.6, ""Exti_pin_level"": ""Low"", ""Exti_status"": ""False"", ""IDC_intput_mA"": 4.138, ""IN1_pin_level"": ""Low"", ""IN2_pin_level"": ""Low"", ""Node_type"": ""PS-LB"", ""Probe_mod"": 0, ""VDC_intput_V"": 0, ""Water_deep_cm"": 1.725}"
2025-10-19 13:25:46.127022595+00:00,ps-lb-21,2,-120,-4.5,"{""Bat_V"": 3.6, ""Exti_pin_level"": ""Low"", ""Exti_status"": ""False"", ""IDC_intput_mA"": 4.138, ""IN1_pin_level"": ""Low"", ""IN2_pin_level"": ""Low"", ""Node_type"": ""PS-LB"", ""Probe_mod"": 0, ""VDC_intput_V"": 0, ""Water_deep_cm"": 1.725}"
2025-10-19 14:25:45.469941408+00:00,ps-lb-21,2,-101,-7.75,"{""Bat_V"": 3.6, ""Exti_pin_level"": ""Low"", ""Exti_status"": ""False"", ""IDC_intput_mA"": 4.138, ""IN1_pin_level"": ""Low"", ""IN2_pin_level"": ""Low"", ""Node_type"": ""PS-LB"", ""Probe_mod"": 0, ""VDC_intput_V"": 0, ""Water_deep_cm"": 1.725}"
2025-10-19 15:25:44.823026085+00:00,ps-lb-21,2,-97,-6.25,"{""Bat_V"": 3.6, ""Exti_pin_level"": ""Low"", ""Exti_status"": ""False"", ""IDC_intput_mA"": 4.138, ""IN1_pin_level"": ""Low"", ""IN2_pin_level"": ""Low"", ""Node_type"": ""PS-LB"", ""Probe_mod"": 0, ""VDC_intput_V"": 0, ""Water_deep_cm"": 1.725}"
2025-10-19 16:25:44.189806341+00:00,ps-lb-21,2,-120,-5.25,"{""Bat_V"": 3.6, ""Exti_pin_level"": ""Low"", ""Exti_status"": ""False"", ""IDC_intput_mA"": 4.137, ""IN1_pin_level"": ""Low"", ""IN2_pin_level"": ""Low"", ""Node_type"": ""PS-LB"", ""Probe_mod"": 0, ""VDC_intput_V"": 0, ""Water_deep_cm"": 1.712}"
2025-10-19 17:25:43.529921554+00:00,ps-lb-21,2,-99,-1.25,"{""Bat_V"": 3.6, ""Exti_pin_level"": ""Low"", ""Exti_status"": ""False"", ""IDC_intput_mA"": 4.137, ""IN1_pin_level"": ""Low"", ""IN2_pin_level"": ""Low"", ""Node_type"": ""PS-LB"", ""Probe_mod"": 0, ""VDC_intput_V"": 0, ""Water_deep_cm"": 1.712}"
2025-10-19 18:25:42.881354081+00:00,ps-lb-21,2,-98,-3.0,"{""Bat_V"": 3.6, ""Exti_pin_level"": ""Low"", ""Exti_status"": ""False"", ""IDC_intput_mA"": 4.137, ""IN1_pin_level"": ""Low"", ""IN2_pin_level"": ""Low"", ""Node_type"": ""PS-LB"", ""Probe_mod"": 0, ""VDC_intput_V"": 0, ""Water_deep_cm"": 1.712}"
2025-10-19 19:25:42.230489040+00:00,ps-lb-21,2,-101,-3.5,"{""Bat_V"": 3.6, ""Exti_pin_level"": ""Low"", ""Exti_status"": ""False"", ""IDC_intput_mA"": 4.137, ""IN1_pin_level"": ""Low"", ""IN2_pin_level"": ""Low"", ""Node_type"": ""PS-LB"", ""Probe_mod"": 0, ""VDC_intput_V"": 0, ""Water_deep_cm"": 1.712}"
2025-10-19 20:25:41.581175944+00:00,ps-lb-21,2,-122,-8.0,"{""Bat_V"": 3.6, ""Exti_pin_level"": ""Low"", ""Exti_status"": ""False"", ""IDC_intput_mA"": 4.137, ""IN1_pin_level"": ""Low"", ""IN2_pin_level"": ""Low"", ""Node_type"": ""PS-LB"", ""Probe_mod"": 0, ""VDC_intput_V"": 0, ""Water_deep_cm"": 1.712}"
2025-10-19 21:25:40.938966937+00:00,ps-lb-21,2,-101,-3.25,"{""Bat_V"": 3.6, ""Exti_pin_level"": ""Low"", ""Exti_status"": ""False"", ""IDC_intput_mA"": 4.137, ""IN1_pin_level"": ""Low"", ""IN2_pin_level"": ""Low"", ""Node_type"": ""PS-LB"", ""Probe_mod"": 0, ""VDC_intput_V"": 0, ""Water_deep_cm"": 1.712}"
2025-10-19 22:25:40.287682789+00:00,ps-lb-21,2,-100,-2.25,"{""Bat_V"": 3.6, ""Exti_pin_level"": ""Low"", ""Exti_status"": ""False"", ""IDC_intput_mA"": 4.136, ""IN1_pin_level"": ""Low"", ""IN2_pin_level"": ""Low"", ""Node_type"": ""PS-LB"", ""Probe_mod"": 0, ""VDC_intput_V"": 0, ""Water_deep_cm"": 1.7}"
2025-10-19 23:25:39.629834007+00:00,ps-lb-21,2,-98,-2.25,"{""Bat_V"": 3.6, ""Exti_pin_level"": ""Low"", ""Exti_status"": ""False"", ""IDC_intput_mA"": 4.136, ""IN1_pin_level"": ""Low"", ""IN2_pin_level"": ""Low"", ""Node_type"": ""PS-LB"", ""Probe_mod"": 0, ""VDC_intput_V"": 0, ""Water_deep_cm"": 1.7}"
2025-10-20 00:25:38.991144217+00:00,ps-lb-21,2,-121,-6.0,"{""Bat_V"": 3.6, ""Exti_pin_level"": ""Low"", ""Exti_status"": ""False"", ""IDC_intput_mA"": 4.136, ""IN1_pin_level"": ""Low"", ""IN2_pin_level"": ""Low"", ""Node_type"": ""PS-LB"", ""Probe_mod"": 0, ""VDC_intput_V"": 0, ""Water_deep_cm"": 1.7}"
2025-10-20 01:25:38.343701538+00:00,ps-lb-21,2,-97,,"{""Bat_V"": 3.6, ""Exti_pin_level"": ""Low"", ""Exti_status"": ""False"", ""IDC_intput_mA"": 4.135, ""IN1_pin_level"": ""Low"", ""IN2_pin_level"": ""Low"", ""Node_type"": ""PS-LB"", ""Probe_mod"": 0, ""VDC_intput_V"": 0, ""Water_deep_cm"": 1.687}"
2025-10-20 02:25:37.701262899+00:00,ps-lb-21,2,-119,-3.5,"{""Bat_V"": 3.6, ""Exti_pin_level"": ""Low"", ""Exti_status"": ""False"", ""IDC_intput_mA"": 4.135, ""IN1_pin_level"": ""Low"", ""IN2_pin_level"": ""Low"", ""Node_type"": ""PS-LB"", ""Probe_mod"": 0, ""VDC_intput_V"": 0, ""Water_deep_cm"": 1.687}"
2025-10-20 03:25:37.043303443+00:00,ps-lb-21,2,-101,-1.25,"{""Bat_V"": 3.6, ""Exti_pin_level"": ""Low"", ""Exti_status"": ""False"", ""IDC_intput_mA"": 4.135, ""IN1_pin_level"": ""Low"", ""IN2_pin_level"": ""Low"", ""Node_type"": ""PS-LB"", ""Probe_mod"": 0, ""VDC_intput_V"": 0, ""Water_deep_cm"": 1.687}"
2025-10-20 04:25:36.398788072+00:00,ps-lb-21,2,-122,-4.75,"{""Bat_V"": 3.6, ""Exti_pin_level"": ""Low"", ""Exti_status"": ""False"", ""IDC_intput_mA"": 4.135, ""IN1_pin_level"": ""Low"", ""IN2_pin_level"": ""Low"", ""Node_type"": ""PS-LB"", ""Probe_mod"": 0, ""VDC_intput_V"": 0, ""Water_deep_cm"": 1.687}"
2025-10-20 05:25:35.784511122+00:00,ps-lb-21,2,-99,1.25,"{""Bat_V"": 3.6, ""Exti_pin_level"": ""Low"", ""Exti_status"": ""False"", ""IDC_intput_mA"": 4.136, ""IN1_pin_level"": ""Low"", ""IN2_pin_level"": ""Low"", ""Node_type"": ""PS-LB"", ""Probe_mod"": 0, ""VDC_intput_V"": 0, ""Water_deep_cm"": 1.7}"
2025-10-20 06:25:35.082769257+00:00,ps-lb-21,2,-122,-6.75,"{""Bat_V"": 3.6, ""Exti_pin_level"": ""Low"", ""Exti_status"": ""False"", ""IDC_intput_mA"": 4.137, ""IN1_pin_level"": ""Low"", ""IN2_pin_level"": ""Low"", ""Node_type"": ""PS-LB"", ""Probe_mod"": 0, ""VDC_intput_V"": 0, ""Water_deep_cm"": 1.712}"
2025-10-20 07:25:34.456739839+00:00,ps-lb-21,2,-97,-0.75,"{""Bat_V"": 3.6, ""Exti_pin_level"": ""Low"", ""Exti_status"": ""False"", ""IDC_intput_mA"": 4.137, ""IN1_pin_level"": ""Low"", ""IN2_pin_level"": ""Low"", ""Node_type"": ""PS-LB"", ""Probe_mod"": 0, ""VDC_intput_V"": 0, ""Water_deep_cm"": 1.712}"
2025-10-20 08:25:33.802884578+00:00,ps-lb-21,2,-122,-5.25,"{""Bat_V"": 3.6, ""Exti_pin_level"": ""Low"", ""Exti_status"": ""False"", ""IDC_intput_mA"": 4.138, ""IN1_pin_level"": ""Low"", ""IN2_pin_level"": ""Low"", ""Node_type"": ""PS-LB"", ""Probe_mod"": 0, ""VDC_intput_V"": 0, ""Water_deep_cm"": 1.725}"
2025-10-20 09:25:33.140088610+00:00,ps-lb-21,2,-101,-6.5,"{""Bat_V"": 3.6, ""Exti_pin_level"": ""Low"", ""Exti_status"": ""False"", ""IDC_intput_mA"": 4.139, ""IN1_pin_level"": ""Low"", ""IN2_pin_level"": ""Low"", ""Node_type"": ""PS-LB"", ""Probe_mod"": 0, ""VDC_intput_V"": 0, ""Water_deep_cm"": 1.738}"
2025-10-20 10:25:32.495787770+00:00,ps-lb-21,2,-98,-2.25,"{""Bat_V"": 3.6, ""Exti_pin_level"": ""Low"", ""Exti_status"": ""False"", ""IDC_intput_mA"": 4.139, ""IN1_pin_level"": ""Low"", ""IN2_pin_level"": ""Low"", ""Node_type"": ""PS-LB"", ""Probe_mod"": 0, ""VDC_intput_V"": 0, ""Water_deep_cm"": 1.738}"
2025-10-20 11:25:31.845068521+00:00,ps-lb-21,2,-98,3.75,"{""Bat_V"": 3.6, ""Exti_pin_level"": ""Low"", ""Exti_status"": ""False"", ""IDC_intput_mA"": 4.139, ""IN1_pin_level"": ""Low"", ""IN2_pin_level"": ""Low"", ""Node_type"": ""PS-LB"", ""Probe_mod"": 0, ""VDC_intput_V"": 0, ""Water_deep_cm"": 1.738}"
2025-10-20 12:25:31.206038829+00:00,ps-lb-21,2,-97,4.0,"{""Bat_V"": 3.6, ""Exti_pin_level"": ""Low"", ""Exti_status"": ""False"", ""IDC_intput_mA"": 4.14, ""IN1_pin_level"": ""Low"", ""IN2_pin_level"": ""Low"", ""Node_type"": ""PS-LB"", ""Probe_mod"": 0, ""VDC_intput_V"": 0, ""Water_deep_cm"": 1.75}"
2025-10-20 13:25:30.552139039+00:00,ps-lb-21,2,-94,4.25,"{""Bat_V"": 3.6, ""Exti_pin_level"": ""Low"", ""Exti_status"": ""False"", ""IDC_intput_mA"": 4.141, ""IN1_pin_level"": ""Low"", ""IN2_pin_level"": ""Low"", ""Node_type"": ""PS-LB"", ""Probe_mod"": 0, ""VDC_intput_V"": 0, ""Water_deep_cm"": 1.763}"
2025-10-20 14:25:29.892151303+00:00,ps-lb-21,2,-95,5.0,"{""Bat_V"": 3.6, ""Exti_pin_level"": ""Low"", ""Exti_status"": ""False"", ""IDC_intput_mA"": 4.141, ""IN1_pin_level"": ""Low"", ""IN2_pin_level"": ""Low"", ""Node_type"": ""PS-LB"", ""Probe_mod"": 0, ""VDC_intput_V"": 0, ""Water_deep_cm"": 1.763}"
2025-10-20 15:25:29.239489482+00:00,ps-lb-21,2,-96,3.25,"{""Bat_V"": 3.6, ""Exti_pin_level"": ""Low"", ""Exti_status"": ""False"", ""IDC_intput_mA"": 4.141, ""IN1_pin_level"": ""Low"", ""IN2_pin_level"": ""Low"", ""Node_type"": ""PS-LB"", ""Probe_mod"": 0, ""VDC_intput_V"": 0, ""Water_deep_cm"": 1.763}"
2025-10-20 16:25:28.581766049+00:00,ps-lb-21,2,-95,1.0,"{""Bat_V"": 3.6, ""Exti_pin_level"": ""Low"", ""Exti_status"": ""False"", ""IDC_intput_mA"": 4.141, ""IN1_pin_level"": ""Low"", ""IN2_pin_level"": ""Low"", ""Node_type"": ""PS-LB"", ""Probe_mod"": 0, ""VDC_intput_V"": 0, ""Water_deep_cm"": 1.763}"
2025-10-20 17:25:27.929354891+00:00,ps-lb-21,2,-97,2.75,"{""Bat_V"": 3.6, ""Exti_pin_level"": ""Low"", ""Exti_status"": ""False"", ""IDC_intput_mA"": 4.141, ""IN1_pin_level"": ""Low"", ""IN2_pin_level"": ""Low"", ""Node_type"": ""PS-LB"", ""Probe_mod"": 0, ""VDC_intput_V"": 0, ""Water_deep_cm"": 1.763}"
2025-10-20 18:25:27.300852707+00:00,ps-lb-21,2,-123,-9.25,"{""Bat_V"": 3.6, ""Exti_pin_level"": ""Low"", ""Exti_status"": ""False"", ""IDC_intput_mA"": 4.141, ""IN1_pin_level"": ""Low"", ""IN2_pin_level"": ""Low"", ""Node_type"": ""PS-LB"", ""Probe_mod"": 0, ""VDC_intput_V"": 0, ""Water_deep_cm"": 1.763}"
2025-10-20 19:25:26.629407784+00:00,ps-lb-21,2,-123,-7.0,"{""Bat_V"": 3.6, ""Exti_pin_level"": ""Low"", ""Exti_status"": ""False"", ""IDC_intput_mA"": 4.141, ""IN1_pin_level"": ""Low"", ""IN2_pin_level"": ""Low"", ""Node_type"": ""PS-LB"", ""Probe_mod"": 0, ""VDC_intput_V"": 0, ""Water_deep_cm"": 1.763}"
