received_at,device_id,f_port,rssi,snr,payload_json
2025-09-18 00:13:22.121708708+00:00,ps-lb-09,2,-31,9.75,"{""Bat_V"": 3.6, ""Exti_pin_level"": ""Low"", ""Exti_status"": ""False"", ""IDC_intput_mA"": 5.758, ""IN1_pin_level"": ""Low"", ""IN2_pin_level"": ""Low"", ""Node_type"": ""PS-LB"", ""Probe_mod"": 0, ""VDC_intput_V"": 0, ""Water_deep_cm"": 0}"
2025-09-18 00:33:21.882282737+00:00,ps-lb-09,2,-31,9.75,"{""Bat_V"": 3.6, ""Exti_pin_level"": ""Low"", ""Exti_status"": ""False"", ""IDC_intput_mA"": 5.758, ""IN1_pin_level"": ""Low"", ""IN2_pin_level"": ""Low"", ""Node_type"": ""PS-LB"", ""Probe_mod"": 0, ""VDC_intput_V"": 0, ""Water_deep_cm"": 0}"
2025-09-18 00:53:21.638198172+00:00,ps-lb-09,2,-118,-3.75,"{""Bat_V"": 3.6, ""Exti_pin_level"": ""Low"", ""Exti_status"": ""False"", ""IDC_intput_mA"": 5.757, ""IN1_pin_level"": ""Low"", ""IN2_pin_level"": ""Low"", ""Node_type"": ""PS-LB"", ""Probe_mod"": 0, ""VDC_intput_V"": 0, ""Water_deep_cm"": 0}"
2025-09-18 01:13:21.399329399+00:00,ps-lb-09,2,-30,7.25,"{""Bat_V"": 3.6, ""Exti_pin_level"": ""Low"", ""Exti_status"": ""False"", ""IDC_intput_mA"": 5.758, ""IN1_pin_level"": ""Low"", ""IN2_pin_level"": ""Low"", ""Node_type"": ""PS-LB"", ""Probe_mod"": 0, ""VDC_intput_V"": 0, ""Water_deep_cm"": 0}"
2025-09-18 01:33:21.151681334+00:00,ps-lb-09,2,-119,-3.25,"{""Bat_V"": 3.6, ""Exti_pin_level"": ""Low"", ""Exti_status"": ""False"", ""IDC_intput_mA"": 5.757, ""IN1_pin_level"": ""Low"", ""IN2_pin_level"": ""Low"", ""Node_type"": ""PS-LB"", ""Probe_mod"": 0, ""VDC_intput_V"": 0, ""Water_deep_cm"": 0}"
2025-09-18 01:53:20.911598802+00:00,ps-lb-09,2,-33,10.25,"{""Bat_V"": 3.6, ""Exti_pin_level"": ""Low"", ""Exti_status"": ""False"", ""IDC_intput_mA"": 5.757, ""IN1_pin_level"": ""Low"", ""IN2_pin_level"": ""Low"", ""Node_type"": ""PS-LB"", ""Probe_mod"": 0, ""VDC_intput_V"": 0, ""Water_deep_cm"": 0}"
2025-09-18 02:13:20.673352018+00:00,ps-lb-09,2,-30,9.25,"{""Bat_V"": 3.6, ""Exti_pin_level"": ""Low"", ""Exti_status"": ""False"", ""IDC_intput_mA"": 5.757, ""IN1_pin_level"": ""Low"", ""IN2_pin_level"": ""Low"", ""Node_type"": ""PS-LB"", ""Probe_mod"": 0, ""VDC_intput_V"": 0, ""Water_deep_cm"": 0}"
2025-09-18 02:33:20.419234464+00:00,ps-lb-09,2,-33,6.25,"{""Bat_V"": 3.6, ""Exti_pin_level"": ""Low"", ""Exti_status"": ""False"", ""IDC_intput_mA"": 5.756, ""IN1_pin_level"": ""Low"", ""IN2_pin_level"": ""Low"", ""Node_type"": ""PS-LB"", ""Probe_mod"": 0, ""VDC_intput_V"": 0, ""Water_deep_cm"": 0}"
2025-09-18 02:53:20.179970189+00:00,ps-lb-09,2,-117,-3.25,"{""Bat_V"": 3.6, ""Exti_pin_level"": ""Low"", ""Exti_status"": ""False"", ""IDC_intput_mA"": 5.756, ""IN1_pin_level"": ""Low"", ""IN2_pin_level"": ""Low"", ""Node_type"": ""PS-LB"", ""Probe_mod"": 0, ""VDC_intput_V"": 0, ""Water_deep_cm"": 0}"
2025-09-18 03:13:19.938843175+00:00,ps-lb-09,2,-32,10.0,"{""Bat_V"": 3.6, ""Exti_pin_level"": ""Low"", ""Exti_status"": ""False"", ""IDC_intput_mA"": 5.756, ""IN1_pin_level"": ""Low"", ""IN2_pin_level"": ""Low"", ""Node_type"": ""PS-LB"", ""Probe_mod"": 0, ""VDC_intput_V"": 0, ""Water_deep_cm"": 0}"
2025-09-18 03:33:19.710211678+00:00,ps-lb-09,2,-35,9.75,"{""Bat_V"": 3.6, ""Exti_pin_level"": ""Low"", ""Exti_status"": ""False"", ""IDC_intput_mA"": 5.756, ""IN1_pin_level"": ""Low"", ""IN2_pin_level"": ""Low"", ""Node_type"": ""PS-LB"", ""Probe_mod"": 0, ""VDC_intput_V"": 0, ""Water_deep_cm"": 0}"
2025-09-18 03:53:19.466579085+00:00,ps-lb-09,2,-33,7.0,"{""Bat_V"": 3.606, ""Exti_pin_level"": ""Low"", ""Exti_status"": ""False"", ""IDC_intput_mA"": 5.756, ""IN1_pin_level"": ""Low"", ""IN2_pin_level"": ""Low"", ""Node_type"": ""PS-LB"", ""Probe_mod"": 0, ""VDC_intput_V"": 0, ""Water_deep_cm"": 0}"
2025-09-18 04:13:19.201863219+00:00,ps-lb-09,2,-32,10.25,"{""Bat_V"": 3.6, ""Exti_pin_level"": ""Low"", ""Exti_status"": ""False"", ""IDC_intput_mA"": 5.755, ""IN1_pin_level"": ""Low"", ""IN2_pin_level"": ""Low"", ""Node_type"": ""PS-LB"", ""Probe_mod"": 0, ""VDC_intput_V"": 0, ""Water_deep_cm"": 0}"
2025-09-18 04:33:18.973906392+00:00,ps-lb-09,2,-31,9.0,"{""Bat_V"": 3.6, ""Exti_pin_level"": ""Low"", ""Exti_status"": ""False"", ""IDC_intput_mA"": 5.755, ""IN1_pin_level"": ""Low"", ""IN2_pin_level"": ""Low"", ""Node_type"": ""PS-LB"", ""Probe_mod"": 0, ""VDC_intput_V"": 0, ""Water_deep_cm"": 0}"
2025-09-18 04:53:18.751377893+00:00,ps-lb-09,2,-31,9.0,"{""Bat_V"": 3.6, ""Exti_pin_level"": ""Low"", ""Exti_status"": ""False"", ""IDC_intput_mA"": 5.755, ""IN1_pin_level"": ""Low"", ""IN2_pin_level"": ""Low"", ""Node_type"": ""PS-LB"", ""Probe_mod"": 0, ""VDC_intput_V"": 0, ""Water_deep_cm"": 0}"
2025-09-18 05:13:18.476563624+00:00,ps-lb-09,2,-32,7.25,"{""Bat_V"": 3.6, ""Exti_pin_level"": ""Low"", ""Exti_status"": ""False"", ""IDC_intput_mA"": 5.754, ""IN1_pin_level"": ""Low"", ""IN2_pin_level"": ""Low"", ""Node_type"": ""PS-LB"", ""Probe_mod"": 0, ""VDC_intput_V"": 0, ""Water_deep_cm"": 0}"
2025-09-18 05:33:18.260062691+00:00,ps-lb-09,2,-42,9.75,"{""Bat_V"": 3.6, ""Exti_pin_level"": ""Low"", ""Exti_status"": ""False"", ""IDC_intput_mA"": 5.755, ""IN1_pin_level"": ""Low"", ""IN2_pin_level"": ""Low"", ""Node_type"": ""PS-LB"", ""Probe_mod"": 0, ""VDC_intput_V"": 0, ""Water_deep_cm"": 0}"
2025-09-18 05:53:18.000596590+00:00,ps-lb-09,2,-43,10.25,"{""Bat_V"": 3.6, ""Exti_pin_level"": ""Low"", ""Exti_status"": ""False"", ""IDC_intput_mA"": 5.754, ""IN1_pin_level"": ""Low"", ""IN2_pin_level"": ""Low"", ""Node_type"": ""PS-LB"", ""Probe_mod"": 0, ""VDC_intput_V"": 0, ""Water_deep_cm"": 0}"
2025-09-18 06:13:17.755737310+00:00,ps-lb-09,2,-45,10.25,"{""Bat_V"": 3.6, ""Exti_pin_level"": ""Low"", ""Exti_status"": ""False"", ""IDC_intput_mA"": 5.754, ""IN1_pin_level"": ""Low"", ""IN2_pin_level"": ""Low"", ""Node_type"": ""PS-LB"", ""Probe_mod"": 0, ""VDC_intput_V"": 0, ""Water_deep_cm"": 0}"
2025-09-18 06:33:17.525697377+00:00,ps-lb-09,2,-42,6.75,"{""Bat_V"": 3.6, ""Exti_pin_level"": ""Low"", ""Exti_status"": ""False"", ""IDC_intput_mA"": 5.754, ""IN1_pin_level"": ""Low"", ""IN2_pin_level"": ""Low"", ""Node_type"": ""PS-LB"", ""Probe_mod"": 0, ""VDC_intput_V"": 0, ""Water_deep_cm"": 0}"
2025-09-18 06:53:17.269503130+00:00,ps-lb-09,2,-41,9.75,"{""Bat_V"": 3.6, ""Exti_pin_level"": ""Low"", ""Exti_status"": ""False"", ""IDC_intput_mA"": 5.754, ""IN1_pin_level"": ""Low"", ""IN2_pin_level"": ""Low"", ""Node_type"": ""PS-LB"", ""Probe_mod"": 0, ""VDC_intput_V"": 0, ""Water_deep_cm"": 0}"
2025-09-18 07:13:17.031913634+00:00,ps-lb-09,2,-44,9.75,"{""Bat_V"": 3.6, ""Exti_pin_level"": ""Low"", ""Exti_status"": ""False"", ""IDC_intput_mA"": 5.753, ""IN1_pin_level"": ""Low"", ""IN2_pin_level"": ""Low"", ""Node_type"": ""PS-LB"", ""Probe_mod"": 0, ""VDC_intput_V"": 0, ""Water_deep_cm"": 0}"
2025-09-18 07:14:24.099909270+00:00,ps-lb-09,2,-43,10.25,"{""Bat_V"": 3.6, ""Exti_pin_level"": ""Low"", ""Exti_status"": ""False"", ""IDC_intput_mA"": 5.754, ""IN1_pin_level"": ""Low"", ""IN2_pin_level"": ""Low"", ""Node_type"": ""PS-LB"", ""Probe_mod"": 0, ""VDC_intput_V"": 0, ""Water_deep_cm"": 0}"
2025-09-18 07:15:24.081968530+00:00,ps-lb-09,2,-43,9.0,"{""Bat_V"": 3.6, ""Exti_pin_level"": ""Low"", ""Exti_status"": ""False"", ""IDC_intput_mA"": 5.754, ""IN1_pin_level"": ""Low"", ""IN2_pin_level"": ""Low"", ""Node_type"": ""PS-LB"", ""Probe_mod"": 0, ""VDC_intput_V"": 0, ""Water_deep_cm"": 21.925}"
2025-09-18 07:16:31.600311346+00:00,ps-lb-09,2,-121,-5.75,"{""Bat_V"": 3.6, ""Exti_pin_level"": ""Low"", ""Exti_status"": ""False"", ""IDC_intput_mA"": 5.753, ""IN1_pin_level"": ""Low"", ""IN2_pin_level"": ""Low"", ""Node_type"": ""PS-LB"", ""Probe_mod"": 0, ""VDC_intput_V"": 0, ""Water_deep_cm"": 21.913}"
2025-09-18 07:17:31.590162757+00:00,ps-lb-09,2,-43,9.0,"{""Bat_V"": 3.6, ""Exti_pin_level"": ""Low"", ""Exti_status"": ""False"", ""IDC_intput_mA"": 5.753, ""IN1_pin_level"": ""Low"", ""IN2_pin_level"": ""Low"", ""Node_type"": ""PS-LB"", ""Probe_mod"": 0, ""VDC_intput_V"": 0, ""Water_deep_cm"": 21.913}"
2025-09-18 07:18:31.571297722+00:00,ps-lb-09,2,-47,10.25,"{""Bat_V"": 3.6, ""Exti_pin_level"": ""Low"", ""Exti_status"": ""False"", ""IDC_intput_mA"": 5.754, ""IN1_pin_level"": ""Low"", ""IN2_pin_level"": ""Low"", ""Node_type"": ""PS-LB"", ""Probe_mod"": 0, ""VDC_intput_V"": 0, ""Water_deep_cm"": 21.925}"
2025-09-18 07:19:31.559184377+00:00,ps-lb-09,2,-45,9.5,"{""Bat_V"": 3.6, ""Exti_pin_level"": ""Low"", ""Exti_status"": ""False"", ""IDC_intput_mA"": 5.754, ""IN1_pin_level"": ""Low"", ""IN2_pin_level"": ""Low"", ""Node_type"": ""PS-LB"", ""Probe_mod"": 0, ""VDC_intput_V"": 0, ""Water_deep_cm"": 21.925}"
2025-09-18 07:20:31.539673913+00:00,ps-lb-09,2,-45,9.5,"{""Bat_V"": 3.6, ""Exti_pin_level"": ""Low"", ""Exti_status"": ""False"", ""IDC_intput_mA"": 5.754, ""IN1_pin_level"": ""Low"", ""IN2_pin_level"": ""Low"", ""Node_type"": ""PS-LB"", ""Probe_mod"": 0, ""VDC_intput_V"": 0, ""Water_deep_cm"": 21.925}"
2025-09-18 07:21:31.531571880+00:00,ps-lb-09,2,-45,10.0,"{""Bat_V"": 3.6, ""Exti_pin_level"": ""Low"", ""Exti_status"": ""False"", ""IDC_intput_mA"": 5.753, ""IN1_pin_level"": ""Low"", ""IN2_pin_level"": ""Low"", ""Node_type"": ""PS-LB"", ""Probe_mod"": 0, ""VDC_intput_V"": 0, ""Water_deep_cm"": 21.913}"
2025-09-18 07:22:31.528633603+00:00,ps-lb-09,2,-49,7.0,"{""Bat_V"": 3.594, ""Exti_pin_level"": ""Low"", ""Exti_status"": ""False"", ""IDC_intput_mA"": 5.754, ""IN1_pin_level"": ""Low"", ""IN2_pin_level"": ""Low"", ""Node_type"": ""PS-LB"", ""Probe_mod"": 0, ""VDC_intput_V"": 0, ""Water_deep_cm"": 21.925}"
2025-09-18 07:23:31.520388116+00:00,ps-lb-09,2,-48,6.5,"{""Bat_V"": 3.594, ""Exti_pin_level"": ""Low"", ""Exti_status"": ""False"", ""IDC_intput_mA"": 5.754, ""IN1_pin_level"": ""Low"", ""IN2_pin_level"": ""Low"", ""Node_type"": ""PS-LB"", ""Probe_mod"": 0, ""VDC_intput_V"": 0, ""Water_deep_cm"": 21.925}"
2025-09-18 07:24:31.520626895+00:00,ps-lb-09,2,-124,-8.75,"{""Bat_V"": 3.594, ""Exti_pin_level"": ""Low"", ""Exti_status"": ""False"", ""IDC_intput_mA"": 5.754, ""IN1_pin_level"": ""Low"", ""IN2_pin_level"": ""Low"", ""Node_type"": ""PS-LB"", ""Probe_mod"": 0, ""VDC_intput_V"": 0, ""Water_deep_cm"": 21.925}"
2025-09-18 07:25:31.481688755+00:00,ps-lb-09,2,-44,9.75,"{""Bat_V"": 3.594, ""Exti_pin_level"": ""Low"", ""Exti_status"": ""False"", ""IDC_intput_mA"": 5.753, ""IN1_pin_level"": ""Low"", ""IN2_pin_level"": ""Low"", ""Node_type"": ""PS-LB"", ""Probe_mod"": 0, ""VDC_intput_V"": 0, ""Water_deep_cm"": 21.913}"
2025-09-18 07:26:31.471627823+00:00,ps-lb-09,2,-47,10.25,"{""Bat_V"": 3.6, ""Exti_pin_level"": ""Low"", ""Exti_status"": ""False"", ""IDC_intput_mA"": 5.753, ""IN1_pin_level"": ""Low"", ""IN2_pin_level"": ""Low"", ""Node_type"": ""PS-LB"", ""Probe_mod"": 0, ""VDC_intput_V"": 0, ""Water_deep_cm"": 21.913}"
2025-09-18 07:27:31.469726123+00:00,ps-lb-09,2,-119,-5.25,"{""Bat_V"": 3.594, ""Exti_pin_level"": ""Low"", ""Exti_status"": ""False"", ""IDC_intput_mA"": 5.753, ""IN1_pin_level"": ""Low"", ""IN2_pin_level"": ""Low"", ""Node_type"": ""PS-LB"", ""Probe_mod"": 0, ""VDC_intput_V"": 0, ""Water_deep_cm"": 21.913}"
2025-09-18 07:28:31.469876831+00:00,ps-lb-09,2,-121,-4.5,"{""Bat_V"": 3.594, ""Exti_pin_level"": ""Low"", ""Exti_status"": ""False"", ""IDC_intput_mA"": 5.753, ""IN1_pin_level"": ""Low"", ""IN2_pin_level"": ""Low"", ""Node_type"": ""PS-LB"", ""Probe_mod"": 0, ""VDC_intput_V"": 0, ""Water_deep_cm"": 21.913}"
2025-09-18 07:29:31.467415290+00:00,ps-lb-09,2,-120,-4.5,"{""Bat_V"": 3.594, ""Exti_pin_level"": ""Low"", ""Exti_status"": ""False"", ""IDC_intput_mA"": 5.754, ""IN1_pin_level"": ""Low"", ""IN2_pin_level"": ""Low"", ""Node_type"": ""PS-LB"", ""Probe_mod"": 0, ""VDC_intput_V"": 0, ""Water_deep_cm"": 21.925}"
2025-09-18 07:30:31.490994814+00:00,ps-lb-09,2,-44,9.5,"{""Bat_V"": 3.594, ""Exti_pin_level"": ""Low"", ""Exti_status"": ""False"", ""IDC_intput_mA"": 5.753, ""IN1_pin_level"": ""Low"", ""IN2_pin_level"": ""Low"", ""Node_type"": ""PS-LB"", ""Probe_mod"": 0, ""VDC_intput_V"": 0, ""Water_deep_cm"": 21.913}"
2025-09-18 07:31:31.461683086+00:00,ps-lb-09,2,-125,-9.0,"{""Bat_V"": 3.594, ""Exti_pin_level"": ""Low"", ""Exti_status"": ""False"", ""IDC_intput_mA"": 5.753, ""IN1_pin_level"": ""Low"", ""IN2_pin_level"": ""Low"", ""Node_type"": ""PS-LB"", ""Probe_mod"": 0, ""VDC_intput_V"": 0, ""Water_deep_cm"": 21.913}"
2025-09-18 07:32:31.420931466+00:00,ps-lb-09,2,-120,-5.0,"{""Bat_V"": 3.594, ""Exti_pin_level"": ""Low"", ""Exti_status"": ""False"", ""IDC_intput_mA"": 5.753, ""IN1_pin_level"": ""Low"", ""IN2_pin_level"": ""Low"", ""Node_type"": ""PS-LB"", ""Probe_mod"": 0, ""VDC_intput_V"": 0, ""Water_deep_cm"": 21.913}"
2025-09-18 07:33:31.420088014+00:00,ps-lb-09,2,-44,9.25,"{""Bat_V"": 3.594, ""Exti_pin_level"": ""Low"", ""Exti_status"": ""False"", ""IDC_intput_mA"": 5.753, ""IN1_pin_level"": ""Low"", ""IN2_pin_level"": ""Low"", ""Node_type"": ""PS-LB"", ""Probe_mod"": 0, ""VDC_intput_V"": 0, ""Water_deep_cm"": 21.913}"
2025-09-18 07:34:31.387387517+00:00,ps-lb-09,2,-118,-4.75,"{""Bat_V"": 3.594, ""Exti_pin_level"": ""Low"", ""Exti_status"": ""False"", ""IDC_intput_mA"": 5.753, ""IN1_pin_level"": ""Low"", ""IN2_pin_level"": ""Low"", ""Node_type"": ""PS-LB"", ""Probe_mod"": 0, ""VDC_intput_V"": 0, ""Water_deep_cm"": 21.913}"
2025-09-18 07:35:31.372169181+00:00,ps-lb-09,2,-45,7.75,"{""Bat_V"": 3.594, ""Exti_pin_level"": ""Low"", ""Exti_status"": ""False"", ""IDC_intput_mA"": 5.754, ""IN1_pin_level"": ""Low"", ""IN2_pin_level"": ""Low"", ""Node_type"": ""PS-LB"", ""Probe_mod"": 0, ""VDC_intput_V"": 0, ""Water_deep_cm"": 21.925}"
2025-09-18 07:36:31.368929414+00:00,ps-lb-09,2,-49,10.25,"{""Bat_V"": 3.594, ""Exti_pin_level"": ""Low"", ""Exti_status"": ""False"", ""IDC_intput_mA"": 5.753, ""IN1_pin_level"": ""Low"", ""IN2_pin_level"": ""Low"", ""Node_type"": ""PS-LB"", ""Probe_mod"": 0, ""VDC_intput_V"": 0, ""Water_deep_cm"": 21.913}"
2025-09-18 07:37:31.352365654+00:00,ps-lb-09,2,-47,9.5,"{""Bat_V"": 3.594, ""Exti_pin_level"": ""Low"", ""Exti_status"": ""False"", ""IDC_intput_mA"": 5.753, ""IN1_pin_level"": ""Low"", ""IN2_pin_level"": ""Low"", ""Node_type"": ""PS-LB"", ""Probe_mod"": 0, ""VDC_intput_V"": 0, ""Water_deep_cm"": 21.913}"
2025-09-18 07:38:31.349501581+00:00,ps-lb-09,2,-47,7.75,"{""Bat_V"": 3.594, ""Exti_pin_level"": ""Low"", ""Exti_status"": ""False"", ""IDC_intput_mA"": 5.753, ""IN1_pin_level"": ""Low"", ""IN2_pin_level"": ""Low"", ""Node_type"": ""PS-LB"", ""Probe_mod"": 0, ""VDC_intput_V"": 0, ""Water_deep_cm"": 21.913}"
2025-09-18 07:39:31.351525825+00:00,ps-lb-09,2,-47,7.0,"{""Bat_V"": 3.594, ""Exti_pin_level"": ""Low"", ""Exti_status"": ""False"", ""IDC_intput_mA"": 5.753, ""IN1_pin_level"": ""Low"", ""IN2_pin_level"": ""Low"", ""Node_type"": ""PS-LB"", ""Probe_mod"": 0, ""VDC_intput_V"": 0, ""Water_deep_cm"": 21.913}"
2025-09-18 07:40:31.312035444+00:00,ps-lb-09,2,-45,7.75,"{""Bat_V"": 3.588, ""Exti_pin_level"": ""Low"", ""Exti_status"": ""False"", ""IDC_intput_mA"": 5.753, ""IN1_pin_level"": ""Low"", ""IN2_pin_level"": ""Low"", ""Node_type"": ""PS-LB"", ""Probe_mod"": 0, ""VDC_intput_V"": 0, ""Water_deep_cm"": 21.913}"
2025-09-18 07:41:31.305960116+00:00,ps-lb-09,2,-47,9.0,"{""Bat_V"": 3.594, ""Exti_pin_level"": ""Low"", ""Exti_status"": ""False"", ""IDC_intput_mA"": 5.753, ""IN1_pin_level"": ""Low"", ""IN2_pin_level"": ""Low"", ""Node_type"": ""PS-LB"", ""Probe_mod"": 0, ""VDC_intput_V"": 0, ""Water_deep_cm"": 21.913}"
2025-09-18 07:42:31.302362824+00:00,ps-lb-09,2,-49,10.25,"{""Bat_V"": 3.594, ""Exti_pin_level"": ""Low"", ""Exti_status"": ""False"", ""IDC_intput_mA"": 5.754, ""IN1_pin_level"": ""Low"", ""IN2_pin_level"": ""Low"", ""Node_type"": ""PS-LB"", ""Probe_mod"": 0, ""VDC_intput_V"": 0, ""Water_deep_cm"": 21.925}"
2025-09-18 07:43:31.281624193+00:00,ps-lb-09,2,-49,10.25,"{""Bat_V"": 3.594, ""Exti_pin_level"": ""Low"", ""Exti_status"": ""False"", ""IDC_intput_mA"": 5.753, ""IN1_pin_level"": ""Low"", ""IN2_pin_level"": ""Low"", ""Node_type"": ""PS-LB"", ""Probe_mod"": 0, ""VDC_intput_V"": 0, ""Water_deep_cm"": 21.913}"
2025-09-18 07:44:31.288618742+00:00,ps-lb-09,2,-47,10.5,"{""Bat_V"": 3.588, ""Exti_pin_level"": ""Low"", ""Exti_status"": ""False"", ""IDC_intput_mA"": 5.753, ""IN1_pin_level"": ""Low"", ""IN2_pin_level"": ""Low"", ""Node_type"": ""PS-LB"", ""Probe_mod"": 0, ""VDC_intput_V"": 0, ""Water_deep_cm"": 21.913}"
2025-09-18 07:45:31.260178654+00:00,ps-lb-09,2,-45,9.75,"{""Bat_V"": 3.588, ""Exti_pin_level"": ""Low"", ""Exti_status"": ""False"", ""IDC_intput_mA"": 5.753, ""IN1_pin_level"": ""Low"", ""IN2_pin_level"": ""Low"", ""Node_type"": ""PS-LB"", ""Probe_mod"": 0, ""VDC_intput_V"": 0, ""Water_deep_cm"": 21.913}"
2025-09-18 07:46:31.267988011+00:00,ps-lb-09,2,-47,11.75,"{""Bat_V"": 3.594, ""Exti_pin_level"": ""Low"", ""Exti_status"": ""False"", ""IDC_intput_mA"": 5.753, ""IN1_pin_level"": ""Low"", ""IN2_pin_level"": ""Low"", ""Node_type"": ""PS-LB"", ""Probe_mod"": 0, ""VDC_intput_V"": 0, ""Water_deep_cm"": 21.913}"
2025-09-18 07:47:31.241322631+00:00,ps-lb-09,2,-47,9.75,"{""Bat_V"": 3.588, ""Exti_pin_level"": ""Low"", ""Exti_status"": ""False"", ""IDC_intput_mA"": 5.753, ""IN1_pin_level"": ""Low"", ""IN2_pin_level"": ""Low"", ""Node_type"": ""PS-LB"", ""Probe_mod"": 0, ""VDC_intput_V"": 0, ""Water_deep_cm"": 21.913}"
2025-09-18 07:48:31.220113283+00:00,ps-lb-09,2,-45,8.75,"{""Bat_V"": 3.588, ""Exti_pin_level"": ""Low"", ""Exti_status"": ""False"", ""IDC_intput_mA"": 5.753, ""IN1_pin_level"": ""Low"", ""IN2_pin_level"": ""Low"", ""Node_type"": ""PS-LB"", ""Probe_mod"": 0, ""VDC_intput_V"": 0, ""Water_deep_cm"": 21.913}"
2025-09-18 07:49:31.232422725+00:00,ps-lb-09,2,-45,9.25,"{""Bat_V"": 3.588, ""Exti_pin_level"": ""Low"", ""Exti_status"": ""False"", ""IDC_intput_mA"": 5.753, ""IN1_pin_level"": ""Low"", ""IN2_pin_level"": ""Low"", ""Node_type"": ""PS-LB"", ""Probe_mod"": 0, ""VDC_intput_V"": 0, ""Water_deep_cm"": 21.913}"
2025-09-18 07:50:31.209779480+00:00,ps-lb-09,2,-48,10.75,"{""Bat_V"": 3.588, ""Exti_pin_level"": ""Low"", ""Exti_status"": ""False"", ""IDC_intput_mA"": 5.753, ""IN1_pin_level"": ""Low"", ""IN2_pin_level"": ""Low"", ""Node_type"": ""PS-LB"", ""Probe_mod"": 0, ""VDC_intput_V"": 0, ""Water_deep_cm"": 21.913}"
2025-09-18 07:51:31.213059712+00:00,ps-lb-09,2,-47,9.5,"{""Bat_V"": 3.588, ""Exti_pin_level"": ""Low"", ""Exti_status"": ""False"", ""IDC_intput_mA"": 5.753, ""IN1_pin_level"": ""Low"", ""IN2_pin_level"": ""Low"", ""Node_type"": ""PS-LB"", ""Probe_mod"": 0, ""VDC_intput_V"": 0, ""Water_deep_cm"": 21.913}"
2025-09-18 07:52:31.174531253+00:00,ps-lb-09,2,-49,10.5,"{""Bat_V"": 3.588, ""Exti_pin_level"": ""Low"", ""Exti_status"": ""False"", ""IDC_intput_mA"": 5.753, ""IN1_pin_level"": ""Low"", ""IN2_pin_level"": ""Low"", ""Node_type"": ""PS-LB"", ""Probe_mod"": 0, ""VDC_intput_V"": 0, ""Water_deep_cm"": 21.913}"
2025-09-18 07:53:31.192294152+00:00,ps-lb-09,2,-47,9.0,"{""Bat_V"": 3.588, ""Exti_pin_level"": ""Low"", ""Exti_status"": ""False"", ""IDC_intput_mA"": 5.752, ""IN1_pin_level"": ""Low"", ""IN2_pin_level"": ""Low"", ""Node_type"": ""PS-LB"", ""Probe_mod"": 0, ""VDC_intput_V"": 0, ""Water_deep_cm"": 21.9}"
2025-09-18 07:54:31.149131079+00:00,ps-lb-09,2,-45,7.5,"{""Bat_V"": 3.588, ""Exti_pin_level"": ""Low"", ""Exti_status"": ""False"", ""IDC_intput_mA"": 5.753, ""IN1_pin_level"": ""Low"", ""IN2_pin_level"": ""Low"", ""Node_type"": ""PS-LB"", ""Probe_mod"": 0, ""VDC_intput_V"": 0, ""Water_deep_cm"": 21.913}"
2025-09-18 07:55:31.142397478+00:00,ps-lb-09,2,-47,9.25,"{""Bat_V"": 3.588, ""Exti_pin_level"": ""Low"", ""Exti_status"": ""False"", ""IDC_intput_mA"": 5.752, ""IN1_pin_level"": ""Low"", ""IN2_pin_level"": ""Low"", ""Node_type"": ""PS-LB"", ""Probe_mod"": 0, ""VDC_intput_V"": 0, ""Water_deep_cm"": 21.9}"
2025-09-18 07:56:31.143702722+00:00,ps-lb-09,2,-49,9.75,"{""Bat_V"": 3.588, ""Exti_pin_level"": ""Low"", ""Exti_status"": ""False"", ""IDC_intput_mA"": 5.752, ""IN1_pin_level"": ""Low"", ""IN2_pin_level"": ""Low"", ""Node_type"": ""PS-LB"", ""Probe_mod"": 0, ""VDC_intput_V"": 0, ""Water_deep_cm"": 21.9}"
2025-09-18 07:57:31.119768498+00:00,ps-lb-09,2,-47,9.5,"{""Bat_V"": 3.588, ""Exti_pin_level"": ""Low"", ""Exti_status"": ""False"", ""IDC_intput_mA"": 5.753, ""IN1_pin_level"": ""Low"", ""IN2_pin_level"": ""Low"", ""Node_type"": ""PS-LB"", ""Probe_mod"": 0, ""VDC_intput_V"": 0, ""Water_deep_cm"": 21.913}"
2025-09-18 07:58:31.111844834+00:00,ps-lb-09,2,-51,10.0,"{""Bat_V"": 3.588, ""Exti_pin_level"": ""Low"", ""Exti_status"": ""False"", ""IDC_intput_mA"": 5.753, ""IN1_pin_level"": ""Low"", ""IN2_pin_level"": ""Low"", ""Node_type"": ""PS-LB"", ""Probe_mod"": 0, ""VDC_intput_V"": 0, ""Water_deep_cm"": 21.913}"
2025-09-18 07:59:31.103254130+00:00,ps-lb-09,2,-51,9.5,"{""Bat_V"": 3.588, ""Exti_pin_level"": ""Low"", ""Exti_status"": ""False"", ""IDC_intput_mA"": 5.753, ""IN1_pin_level"": ""Low"", ""IN2_pin_level"": ""Low"", ""Node_type"": ""PS-LB"", ""Probe_mod"": 0, ""VDC_intput_V"": 0, ""Water_deep_cm"": 21.913}"
2025-09-18 08:00:31.083096537+00:00,ps-lb-09,2,-53,9.25,"{""Bat_V"": 3.588, ""Exti_pin_level"": ""Low"", ""Exti_status"": ""False"", ""IDC_intput_mA"": 5.753, ""IN1_pin_level"": ""Low"", ""IN2_pin_level"": ""Low"", ""Node_type"": ""PS-LB"", ""Probe_mod"": 0, ""VDC_intput_V"": 0, ""Water_deep_cm"": 21.913}"
2025-09-18 08:01:31.077304046+00:00,ps-lb-09,2,-50,9.0,"{""Bat_V"": 3.582, ""Exti_pin_level"": ""Low"", ""Exti_status"": ""False"", ""IDC_intput_mA"": 5.753, ""IN1_pin_level"": ""Low"", ""IN2_pin_level"": ""Low"", ""Node_type"": ""PS-LB"", ""Probe_mod"": 0, ""VDC_intput_V"": 0, ""Water_deep_cm"": 21.913}"
2025-09-18 08:02:31.061130045+00:00,ps-lb-09,2,-50,9.0,"{""Bat_V"": 3.588, ""Exti_pin_level"": ""Low"", ""Exti_status"": ""False"", ""IDC_intput_mA"": 5.753, ""IN1_pin_level"": ""Low"", ""IN2_pin_level"": ""Low"", ""Node_type"": ""PS-LB"", ""Probe_mod"": 0, ""VDC_intput_V"": 0, ""Water_deep_cm"": 21.913}"
2025-09-18 08:03:31.060732976+00:00,ps-lb-09,2,-51,9.25,"{""Bat_V"": 3.588, ""Exti_pin_level"": ""Low"", ""Exti_status"": ""False"", ""IDC_intput_mA"": 5.753, ""IN1_pin_level"": ""Low"", ""IN2_pin_level"": ""Low"", ""Node_type"": ""PS-LB"", ""Probe_mod"": 0, ""VDC_intput_V"": 0, ""Water_deep_cm"": 21.913}"
2025-09-18 08:04:31.042936956+00:00,ps-lb-09,2,-53,10.0,"{""Bat_V"": 3.588, ""Exti_pin_level"": ""Low"", ""Exti_status"": ""False"", ""IDC_intput_mA"": 5.753, ""IN1_pin_level"": ""Low"", ""IN2_pin_level"": ""Low"", ""Node_type"": ""PS-LB"", ""Probe_mod"": 0, ""VDC_intput_V"": 0, ""Water_deep_cm"": 21.913}"
2025-09-18 08:05:31.052074963+00:00,ps-lb-09,2,-55,10.25,"{""Bat_V"": 3.588, ""Exti_pin_level"": ""Low"", ""Exti_status"": ""False"", ""IDC_intput_mA"": 5.753, ""IN1_pin_level"": ""Low"", ""IN2_pin_level"": ""Low"", ""Node_type"": ""PS-LB"", ""Probe_mod"": 0, ""VDC_intput_V"": 0, ""Water_deep_cm"": 21.913}"
2025-09-18 08:06:31.022240583+00:00,ps-lb-09,2,-54,9.25,"{""Bat_V"": 3.588, ""Exti_pin_level"": ""Low"", ""Exti_status"": ""False"", ""IDC_intput_mA"": 5.753, ""IN1_pin_level"": ""Low"", ""IN2_pin_level"": ""Low"", ""Node_type"": ""PS-LB"", ""Probe_mod"": 0, ""VDC_intput_V"": 0, ""Water_deep_cm"": 21.913}"
2025-09-18 08:07:31.011844497+00:00,ps-lb-09,2,-53,9.0,"{""Bat_V"": 3.582, ""Exti_pin_level"": ""Low"", ""Exti_status"": ""False"", ""IDC_intput_mA"": 5.753, ""IN1_pin_level"": ""Low"", ""IN2_pin_level"": ""Low"", ""Node_type"": ""PS-LB"", ""Probe_mod"": 0, ""VDC_intput_V"": 0, ""Water_deep_cm"": 21.913}"
2025-09-18 08:08:30.991332289+00:00,ps-lb-09,2,-51,9.25,"{""Bat_V"": 3.582, ""Exti_pin_level"": ""Low"", ""Exti_status"": ""False"", ""IDC_intput_mA"": 5.752, ""IN1_pin_level"": ""Low"", ""IN2_pin_level"": ""Low"", ""Node_type"": ""PS-LB"", ""Probe_mod"": 0, ""VDC_intput_V"": 0, ""Water_deep_cm"": 21.9}"
2025-09-18 08:09:30.978917407+00:00,ps-lb-09,2,-50,8.75,"{""Bat_V"": 3.588, ""Exti_pin_level"": ""Low"", ""Exti_status"": ""False"", ""IDC_intput_mA"": 5.753, ""IN1_pin_level"": ""Low"", ""IN2_pin_level"": ""Low"", ""Node_type"": ""PS-LB"", ""Probe_mod"": 0, ""VDC_intput_V"": 0, ""Water_deep_cm"": 21.913}"
2025-09-18 08:10:30.971630856+00:00,ps-lb-09,2,-50,9.25,"{""Bat_V"": 3.582, ""Exti_pin_level"": ""Low"", ""Exti_status"": ""False"", ""IDC_intput_mA"": 5.753, ""IN1_pin_level"": ""Low"", ""IN2_pin_level"": ""Low"", ""Node_type"": ""PS-LB"", ""Probe_mod"": 0, ""VDC_intput_V"": 0, ""Water_deep_cm"": 21.913}"
2025-09-18 08:11:30.961334636+00:00,ps-lb-09,2,-53,11.0,"{""Bat_V"": 3.582, ""Exti_pin_level"": ""Low"", ""Exti_status"": ""False"", ""IDC_intput_mA"": 5.753, ""IN1_pin_level"": ""Low"", ""IN2_pin_level"": ""Low"", ""Node_type"": ""PS-LB"", ""Probe_mod"": 0, ""VDC_intput_V"": 0, ""Water_deep_cm"": 21.913}"
2025-09-18 08:12:30.951949625+00:00,ps-lb-09,2,-53,7.75,"{""Bat_V"": 3.582, ""Exti_pin_level"": ""Low"", ""Exti_status"": ""False"", ""IDC_intput_mA"": 5.753, ""IN1_pin_level"": ""Low"", ""IN2_pin_level"": ""Low"", ""Node_type"": ""PS-LB"", ""Probe_mod"": 0, ""VDC_intput_V"": 0, ""Water_deep_cm"": 21.913}"
2025-09-18 08:13:30.949845202+00:00,ps-lb-09,2,-53,9.75,"{""Bat_V"": 3.582, ""Exti_pin_level"": ""Low"", ""Exti_status"": ""False"", ""IDC_intput_mA"": 5.752, ""IN1_pin_level"": ""Low"", ""IN2_pin_level"": ""Low"", ""Node_type"": ""PS-LB"", ""Probe_mod"": 0, ""VDC_intput_V"": 0, ""Water_deep_cm"": 21.9}"
2025-09-18 08:14:30.943240742+00:00,ps-lb-09,2,-53,10.0,"{""Bat_V"": 3.582, ""Exti_pin_level"": ""Low"", ""Exti_status"": ""False"", ""IDC_intput_mA"": 5.753, ""IN1_pin_level"": ""Low"", ""IN2_pin_level"": ""Low"", ""Node_type"": ""PS-LB"", ""Probe_mod"": 0, ""VDC_intput_V"": 0, ""Water_deep_cm"": 21.913}"
2025-09-18 08:15:30.917904160+00:00,ps-lb-09,2,-51,7.75,"{""Bat_V"": 3.582, ""Exti_pin_level"": ""Low"", ""Exti_status"": ""False"", ""IDC_intput_mA"": 5.753, ""IN1_pin_level"": ""Low"", ""IN2_pin_level"": ""Low"", ""Node_type"": ""PS-LB"", ""Probe_mod"": 0, ""VDC_intput_V"": 0, ""Water_deep_cm"": 21.913}"
2025-09-18 08:16:30.890845546+00:00,ps-lb-09,2,-53,10.75,"{""Bat_V"": 3.576, ""Exti_pin_level"": ""Low"", ""Exti_status"": ""False"", ""IDC_intput_mA"": 5.753, ""IN1_pin_level"": ""Low"", ""IN2_pin_level"": ""Low"", ""Node_type"": ""PS-LB"", ""Probe_mod"": 0, ""VDC_intput_V"": 0, ""Water_deep_cm"": 21.913}"
2025-09-18 08:17:30.893117953+00:00,ps-lb-09,2,-56,12.0,"{""Bat_V"": 3.582, ""Exti_pin_level"": ""Low"", ""Exti_status"": ""False"", ""IDC_intput_mA"": 5.752, ""IN1_pin_level"": ""Low"", ""IN2_pin_level"": ""Low"", ""Node_type"": ""PS-LB"", ""Probe_mod"": 0, ""VDC_intput_V"": 0, ""Water_deep_cm"": 21.9}"
2025-09-18 08:18:30.892300179+00:00,ps-lb-09,2,-55,7.75,"{""Bat_V"": 3.582, ""Exti_pin_level"": ""Low"", ""Exti_status"": ""False"", ""IDC_intput_mA"": 5.752, ""IN1_pin_level"": ""Low"", ""IN2_pin_level"": ""Low"", ""Node_type"": ""PS-LB"", ""Probe_mod"": 0, ""VDC_intput_V"": 0, ""Water_deep_cm"": 21.9}"
2025-09-18 08:19:30.878618322+00:00,ps-lb-09,2,-47,6.5,"{""Bat_V"": 3.582, ""Exti_pin_level"": ""Low"", ""Exti_status"": ""False"", ""IDC_intput_mA"": 5.752, ""IN1_pin_level"": ""Low"", ""IN2_pin_level"": ""Low"", ""Node_type"": ""PS-LB"", ""Probe_mod"": 0, ""VDC_intput_V"": 0, ""Water_deep_cm"": 21.9}"
2025-09-18 08:20:30.849851645+00:00,ps-lb-09,2,-47,7.5,"{""Bat_V"": 3.582, ""Exti_pin_level"": ""Low"", ""Exti_status"": ""False"", ""IDC_intput_mA"": 5.753, ""IN1_pin_level"": ""Low"", ""IN2_pin_level"": ""Low"", ""Node_type"": ""PS-LB"", ""Probe_mod"": 0, ""VDC_intput_V"": 0, ""Water_deep_cm"": 21.913}"
2025-09-18 08:21:30.867795791+00:00,ps-lb-09,2,-43,9.25,"{""Bat_V"": 3.582, ""Exti_pin_level"": ""Low"", ""Exti_status"": ""False"", ""IDC_intput_mA"": 5.753, ""IN1_pin_level"": ""Low"", ""IN2_pin_level"": ""Low"", ""Node_type"": ""PS-LB"", ""Probe_mod"": 0, ""VDC_intput_V"": 0, ""Water_deep_cm"": 21.913}"
2025-09-18 08:22:30.859142776+00:00,ps-lb-09,2,-44,9.75,"{""Bat_V"": 3.582, ""Exti_pin_level"": ""Low"", ""Exti_status"": ""False"", ""IDC_intput_mA"": 5.754, ""IN1_pin_level"": ""Low"", ""IN2_pin_level"": ""Low"", ""Node_type"": ""PS-LB"", ""Probe_mod"": 0, ""VDC_intput_V"": 0, ""Water_deep_cm"": 21.925}"
2025-09-18 08:23:30.829835591+00:00,ps-lb-09,2,-43,10.0,"{""Bat_V"": 3.576, ""Exti_pin_level"": ""Low"", ""Exti_status"": ""False"", ""IDC_intput_mA"": 5.753, ""IN1_pin_level"": ""Low"", ""IN2_pin_level"": ""Low"", ""Node_type"": ""PS-LB"", ""Probe_mod"": 0, ""VDC_intput_V"": 0, ""Water_deep_cm"": 21.913}"
2025-09-18 08:24:30.811988771+00:00,ps-lb-09,2,-42,8.75,"{""Bat_V"": 3.582, ""Exti_pin_level"": ""Low"", ""Exti_status"": ""False"", ""IDC_intput_mA"": 5.753, ""IN1_pin_level"": ""Low"", ""IN2_pin_level"": ""Low"", ""Node_type"": ""PS-LB"", ""Probe_mod"": 0, ""VDC_intput_V"": 0, ""Water_deep_cm"": 21.913}"
2025-09-18 08:25:30.800406346+00:00,ps-lb-09,2,-45,9.75,"{""Bat_V"": 3.576, ""Exti_pin_level"": ""Low"", ""Exti_status"": ""False"", ""IDC_intput_mA"": 5.753, ""IN1_pin_level"": ""Low"", ""IN2_pin_level"": ""Low"", ""Node_type"": ""PS-LB"", ""Probe_mod"": 0, ""VDC_intput_V"": 0, ""Water_deep_cm"": 21.913}"
2025-09-18 08:26:30.811948723+00:00,ps-lb-09,2,-41,8.0,"{""Bat_V"": 3.576, ""Exti_pin_level"": ""Low"", ""Exti_status"": ""False"", ""IDC_intput_mA"": 5.752, ""IN1_pin_level"": ""Low"", ""IN2_pin_level"": ""Low"", ""Node_type"": ""PS-LB"", ""Probe_mod"": 0, ""VDC_intput_V"": 0, ""Water_deep_cm"": 21.9}"
2025-09-18 08:27:30.777611827+00:00,ps-lb-09,2,-122,-6.25,"{""Bat_V"": 3.576, ""Exti_pin_level"": ""Low"", ""Exti_status"": ""False"", ""IDC_intput_mA"": 5.752, ""IN1_pin_level"": ""Low"", ""IN2_pin_level"": ""Low"", ""Node_type"": ""PS-LB"", ""Probe_mod"": 0, ""VDC_intput_V"": 0, ""Water_deep_cm"": 21.9}"
2025-09-18 08:28:30.773139818+00:00,ps-lb-09,2,-44,6.0,"{""Bat_V"": 3.576, ""Exti_pin_level"": ""Low"", ""Exti_status"": ""False"", ""IDC_intput_mA"": 5.752, ""IN1_pin_level"": ""Low"", ""IN2_pin_level"": ""Low"", ""Node_type"": ""PS-LB"", ""Probe_mod"": 0, ""VDC_intput_V"": 0, ""Water_deep_cm"": 21.9}"
2025-09-18 08:29:30.750236115+00:00,ps-lb-09,2,-44,10.25,"{""Bat_V"": 3.576, ""Exti_pin_level"": ""Low"", ""Exti_status"": ""False"", ""IDC_intput_mA"": 5.753, ""IN1_pin_level"": ""Low"", ""IN2_pin_level"": ""Low"", ""Node_type"": ""PS-LB"", ""Probe_mod"": 0, ""VDC_intput_V"": 0, ""Water_deep_cm"": 21.913}"
2025-09-18 08:30:30.742274730+00:00,ps-lb-09,2,-44,10.0,"{""Bat_V"": 3.576, ""Exti_pin_level"": ""Low"", ""Exti_status"": ""False"", ""IDC_intput_mA"": 5.752, ""IN1_pin_level"": ""Low"", ""IN2_pin_level"": ""Low"", ""Node_type"": ""PS-LB"", ""Probe_mod"": 0, ""VDC_intput_V"": 0, ""Water_deep_cm"": 21.9}"
2025-09-18 08:31:30.729923359+00:00,ps-lb-09,2,-117,-2.75,"{""Bat_V"": 3.576, ""Exti_pin_level"": ""Low"", ""Exti_status"": ""False"", ""IDC_intput_mA"": 5.753, ""IN1_pin_level"": ""Low"", ""IN2_pin_level"": ""Low"", ""Node_type"": ""PS-LB"", ""Probe_mod"": 0, ""VDC_intput_V"": 0, ""Water_deep_cm"": 21.913}"
2025-09-18 08:32:30.699589626+00:00,ps-lb-09,2,-42,9.0,"{""Bat_V"": 3.576, ""Exti_pin_level"": ""Low"", ""Exti_status"": ""False"", ""IDC_intput_mA"": 5.752, ""IN1_pin_level"": ""Low"", ""IN2_pin_level"": ""Low"", ""Node_type"": ""PS-LB"", ""Probe_mod"": 0, ""VDC_intput_V"": 0, ""Water_deep_cm"": 21.9}"
2025-09-18 08:33:30.698194269+00:00,ps-lb-09,2,-119,-2.75,"{""Bat_V"": 3.576, ""Exti_pin_level"": ""Low"", ""Exti_status"": ""False"", ""IDC_intput_mA"": 5.752, ""IN1_pin_level"": ""Low"", ""IN2_pin_level"": ""Low"", ""Node_type"": ""PS-LB"", ""Probe_mod"": 0, ""VDC_intput_V"": 0, ""Water_deep_cm"": 21.9}"
2025-09-18 08:34:30.698054283+00:00,ps-lb-09,2,-43,9.5,"{""Bat_V"": 3.576, ""Exti_pin_level"": ""Low"", ""Exti_status"": ""False"", ""IDC_intput_mA"": 5.752, ""IN1_pin_level"": ""Low"", ""IN2_pin_level"": ""Low"", ""Node_type"": ""PS-LB"", ""Probe_mod"": 0, ""VDC_intput_V"": 0, ""Water_deep_cm"": 21.9}"
2025-09-18 08:35:30.671366854+00:00,ps-lb-09,2,-41,7.5,"{""Bat_V"": 3.576, ""Exti_pin_level"": ""Low"", ""Exti_status"": ""False"", ""IDC_intput_mA"": 5.752, ""IN1_pin_level"": ""Low"", ""IN2_pin_level"": ""Low"", ""Node_type"": ""PS-LB"", ""Probe_mod"": 0, ""VDC_intput_V"": 0, ""Water_deep_cm"": 21.9}"
2025-09-18 08:36:30.665269577+00:00,ps-lb-09,2,-117,-1.5,"{""Bat_V"": 3.57, ""Exti_pin_level"": ""Low"", ""Exti_status"": ""False"", ""IDC_intput_mA"": 5.752, ""IN1_pin_level"": ""Low"", ""IN2_pin_level"": ""Low"", ""Node_type"": ""PS-LB"", ""Probe_mod"": 0, ""VDC_intput_V"": 0, ""Water_deep_cm"": 21.9}"
2025-09-18 08:37:30.649270822+00:00,ps-lb-09,2,-44,10.0,"{""Bat_V"": 3.576, ""Exti_pin_level"": ""Low"", ""Exti_status"": ""False"", ""IDC_intput_mA"": 5.752, ""IN1_pin_level"": ""Low"", ""IN2_pin_level"": ""Low"", ""Node_type"": ""PS-LB"", ""Probe_mod"": 0, ""VDC_intput_V"": 0, ""Water_deep_cm"": 21.9}"
2025-09-18 08:38:30.650525117+00:00,ps-lb-09,2,-42,9.0,"{""Bat_V"": 3.576, ""Exti_pin_level"": ""Low"", ""Exti_status"": ""False"", ""IDC_intput_mA"": 5.752, ""IN1_pin_level"": ""Low"", ""IN2_pin_level"": ""Low"", ""Node_type"": ""PS-LB"", ""Probe_mod"": 0, ""VDC_intput_V"": 0, ""Water_deep_cm"": 21.9}"
2025-09-18 08:39:30.652127607+00:00,ps-lb-09,2,-44,8.75,"{""Bat_V"": 3.576, ""Exti_pin_level"": ""Low"", ""Exti_status"": ""False"", ""IDC_intput_mA"": 5.753, ""IN1_pin_level"": ""Low"", ""IN2_pin_level"": ""Low"", ""Node_type"": ""PS-LB"", ""Probe_mod"": 0, ""VDC_intput_V"": 0, ""Water_deep_cm"": 21.913}"
2025-09-18 08:40:30.624211521+00:00,ps-lb-09,2,-42,9.25,"{""Bat_V"": 3.576, ""Exti_pin_level"": ""Low"", ""Exti_status"": ""False"", ""IDC_intput_mA"": 5.752, ""IN1_pin_level"": ""Low"", ""IN2_pin_level"": ""Low"", ""Node_type"": ""PS-LB"", ""Probe_mod"": 0, ""VDC_intput_V"": 0, ""Water_deep_cm"": 21.9}"
2025-09-18 08:41:30.631281913+00:00,ps-lb-09,2,-47,9.25,"{""Bat_V"": 3.57, ""Exti_pin_level"": ""Low"", ""Exti_status"": ""False"", ""IDC_intput_mA"": 5.752, ""IN1_pin_level"": ""Low"", ""IN2_pin_level"": ""Low"", ""Node_type"": ""PS-LB"", ""Probe_mod"": 0, ""VDC_intput_V"": 0, ""Water_deep_cm"": 21.9}"
2025-09-18 08:42:30.610916812+00:00,ps-lb-09,2,-122,-4.75,"{""Bat_V"": 3.57, ""Exti_pin_level"": ""Low"", ""Exti_status"": ""False"", ""IDC_intput_mA"": 5.752, ""IN1_pin_level"": ""Low"", ""IN2_pin_level"": ""Low"", ""Node_type"": ""PS-LB"", ""Probe_mod"": 0, ""VDC_intput_V"": 0, ""Water_deep_cm"": 21.9}"
2025-09-18 08:43:30.581026594+00:00,ps-lb-09,2,-44,10.25,"{""Bat_V"": 3.576, ""Exti_pin_level"": ""Low"", ""Exti_status"": ""False"", ""IDC_intput_mA"": 5.752, ""IN1_pin_level"": ""Low"", ""IN2_pin_level"": ""Low"", ""Node_type"": ""PS-LB"", ""Probe_mod"": 0, ""VDC_intput_V"": 0, ""Water_deep_cm"": 21.9}"
2025-09-18 08:44:30.569592267+00:00,ps-lb-09,2,-47,10.75,"{""Bat_V"": 3.576, ""Exti_pin_level"": ""Low"", ""Exti_status"": ""False"", ""IDC_intput_mA"": 5.752, ""IN1_pin_level"": ""Low"", ""IN2_pin_level"": ""Low"", ""Node_type"": ""PS-LB"", ""Probe_mod"": 0, ""VDC_intput_V"": 0, ""Water_deep_cm"": 21.9}"
2025-09-18 08:45:30.571982008+00:00,ps-lb-09,2,-42,9.75,"{""Bat_V"": 3.576, ""Exti_pin_level"": ""Low"", ""Exti_status"": ""False"", ""IDC_intput_mA"": 5.752, ""IN1_pin_level"": ""Low"", ""IN2_pin_level"": ""Low"", ""Node_type"": ""PS-LB"", ""Probe_mod"": 0, ""VDC_intput_V"": 0, ""Water_deep_cm"": 21.9}"
2025-09-18 08:46:30.561758327+00:00,ps-lb-09,2,-47,10.5,"{""Bat_V"": 3.576, ""Exti_pin_level"": ""Low"", ""Exti_status"": ""False"", ""IDC_intput_mA"": 5.752, ""IN1_pin_level"": ""Low"", ""IN2_pin_level"": ""Low"", ""Node_type"": ""PS-LB"", ""Probe_mod"": 0, ""VDC_intput_V"": 0, ""Water_deep_cm"": 21.9}"
2025-09-18 08:47:30.528611050+00:00,ps-lb-09,2,-44,8.25,"{""Bat_V"": 3.57, ""Exti_pin_level"": ""Low"", ""Exti_status"": ""False"", ""IDC_intput_mA"": 5.752, ""IN1_pin_level"": ""Low"", ""IN2_pin_level"": ""Low"", ""Node_type"": ""PS-LB"", ""Probe_mod"": 0, ""VDC_intput_V"": 0, ""Water_deep_cm"": 21.9}"
2025-09-18 08:48:30.547504106+00:00,ps-lb-09,2,-45,9.75,"{""Bat_V"": 3.57, ""Exti_pin_level"": ""Low"", ""Exti_status"": ""False"", ""IDC_intput_mA"": 5.752, ""IN1_pin_level"": ""Low"", ""IN2_pin_level"": ""Low"", ""Node_type"": ""PS-LB"", ""Probe_mod"": 0, ""VDC_intput_V"": 0, ""Water_deep_cm"": 21.9}"
2025-09-18 08:49:30.501554844+00:00,ps-lb-09,2,-45,9.5,"{""Bat_V"": 3.57, ""Exti_pin_level"": ""Low"", ""Exti_status"": ""False"", ""IDC_intput_mA"": 5.752, ""IN1_pin_level"": ""Low"", ""IN2_pin_level"": ""Low"", ""Node_type"": ""PS-LB"", ""Probe_mod"": 0, ""VDC_intput_V"": 0, ""Water_deep_cm"": 21.9}"
2025-09-18 08:50:30.498704701+00:00,ps-lb-09,2,-47,6.5,"{""Bat_V"": 3.57, ""Exti_pin_level"": ""Low"", ""Exti_status"": ""False"", ""IDC_intput_mA"": 5.752, ""IN1_pin_level"": ""Low"", ""IN2_pin_level"": ""Low"", ""Node_type"": ""PS-LB"", ""Probe_mod"": 0, ""VDC_intput_V"": 0, ""Water_deep_cm"": 21.9}"
2025-09-18 08:51:30.501726293+00:00,ps-lb-09,2,-42,9.75,"{""Bat_V"": 3.57, ""Exti_pin_level"": ""Low"", ""Exti_status"": ""False"", ""IDC_intput_mA"": 5.753, ""IN1_pin_level"": ""Low"", ""IN2_pin_level"": ""Low"", ""Node_type"": ""PS-LB"", ""Probe_mod"": 0, ""VDC_intput_V"": 0, ""Water_deep_cm"": 21.913}"
2025-09-18 08:52:30.488687671+00:00,ps-lb-09,2,-44,7.75,"{""Bat_V"": 3.57, ""Exti_pin_level"": ""Low"", ""Exti_status"": ""False"", ""IDC_intput_mA"": 5.752, ""IN1_pin_level"": ""Low"", ""IN2_pin_level"": ""Low"", ""Node_type"": ""PS-LB"", ""Probe_mod"": 0, ""VDC_intput_V"": 0, ""Water_deep_cm"": 21.9}"
2025-09-18 08:53:30.474695072+00:00,ps-lb-09,2,-43,8.75,"{""Bat_V"": 3.57, ""Exti_pin_level"": ""Low"", ""Exti_status"": ""False"", ""IDC_intput_mA"": 5.752, ""IN1_pin_level"": ""Low"", ""IN2_pin_level"": ""Low"", ""Node_type"": ""PS-LB"", ""Probe_mod"": 0, ""VDC_intput_V"": 0, ""Water_deep_cm"": 21.9}"
2025-09-18 08:54:30.459768675+00:00,ps-lb-09,2,-45,10.25,"{""Bat_V"": 3.57, ""Exti_pin_level"": ""Low"", ""Exti_status"": ""False"", ""IDC_intput_mA"": 5.752, ""IN1_pin_level"": ""Low"", ""IN2_pin_level"": ""Low"", ""Node_type"": ""PS-LB"", ""Probe_mod"": 0, ""VDC_intput_V"": 0, ""Water_deep_cm"": 21.9}"
2025-09-18 08:55:30.441320794+00:00,ps-lb-09,2,-43,9.0,"{""Bat_V"": 3.57, ""Exti_pin_level"": ""Low"", ""Exti_status"": ""False"", ""IDC_intput_mA"": 5.752, ""IN1_pin_level"": ""Low"", ""IN2_pin_level"": ""Low"", ""Node_type"": ""PS-LB"", ""Probe_mod"": 0, ""VDC_intput_V"": 0, ""Water_deep_cm"": 21.9}"
2025-09-18 08:56:30.437946907+00:00,ps-lb-09,2,-43,8.75,"{""Bat_V"": 3.57, ""Exti_pin_level"": ""Low"", ""Exti_status"": ""False"", ""IDC_intput_mA"": 5.752, ""IN1_pin_level"": ""Low"", ""IN2_pin_level"": ""Low"", ""Node_type"": ""PS-LB"", ""Probe_mod"": 0, ""VDC_intput_V"": 0, ""Water_deep_cm"": 21.9}"
2025-09-18 08:57:30.428143051+00:00,ps-lb-09,2,-116,-1.0,"{""Bat_V"": 3.57, ""Exti_pin_level"": ""Low"", ""Exti_status"": ""False"", ""IDC_intput_mA"": 5.752, ""IN1_pin_level"": ""Low"", ""IN2_pin_level"": ""Low"", ""Node_type"": ""PS-LB"", ""Probe_mod"": 0, ""VDC_intput_V"": 0, ""Water_deep_cm"": 21.9}"
2025-09-18 08:58:30.424043578+00:00,ps-lb-09,2,-41,8.0,"{""Bat_V"": 3.57, ""Exti_pin_level"": ""Low"", ""Exti_status"": ""False"", ""IDC_intput_mA"": 5.752, ""IN1_pin_level"": ""Low"", ""IN2_pin_level"": ""Low"", ""Node_type"": ""PS-LB"", ""Probe_mod"": 0, ""VDC_intput_V"": 0, ""Water_deep_cm"": 21.9}"
2025-09-18 08:59:30.412390098+00:00,ps-lb-09,2,-44,9.75,"{""Bat_V"": 3.57, ""Exti_pin_level"": ""Low"", ""Exti_status"": ""False"", ""IDC_intput_mA"": 5.752, ""IN1_pin_level"": ""Low"", ""IN2_pin_level"": ""Low"", ""Node_type"": ""PS-LB"", ""Probe_mod"": 0, ""VDC_intput_V"": 0, ""Water_deep_cm"": 21.9}"
2025-09-18 09:00:30.401312041+00:00,ps-lb-09,2,-45,7.5,"{""Bat_V"": 3.57, ""Exti_pin_level"": ""Low"", ""Exti_status"": ""False"", ""IDC_intput_mA"": 5.752, ""IN1_pin_level"": ""Low"", ""IN2_pin_level"": ""Low"", ""Node_type"": ""PS-LB"", ""Probe_mod"": 0, ""VDC_intput_V"": 0, ""Water_deep_cm"": 21.9}"
2025-09-18 09:01:30.383960167+00:00,ps-lb-09,2,-47,9.0,"{""Bat_V"": 3.57, ""Exti_pin_level"": ""Low"", ""Exti_status"": ""False"", ""IDC_intput_mA"": 5.752, ""IN1_pin_level"": ""Low"", ""IN2_pin_level"": ""Low"", ""Node_type"": ""PS-LB"", ""Probe_mod"": 0, ""VDC_intput_V"": 0, ""Water_deep_cm"": 21.9}"
2025-09-18 09:02:30.370368935+00:00,ps-lb-09,2,-47,8.5,"{""Bat_V"": 3.57, ""Exti_pin_level"": ""Low"", ""Exti_status"": ""False"", ""IDC_intput_mA"": 5.752, ""IN1_pin_level"": ""Low"", ""IN2_pin_level"": ""Low"", ""Node_type"": ""PS-LB"", ""Probe_mod"": 0, ""VDC_intput_V"": 0, ""Water_deep_cm"": 21.9}"
2025-09-18 09:03:30.351537234+00:00,ps-lb-09,2,-47,7.0,"{""Bat_V"": 3.57, ""Exti_pin_level"": ""Low"", ""Exti_status"": ""False"", ""IDC_intput_mA"": 5.753, ""IN1_pin_level"": ""Low"", ""IN2_pin_level"": ""Low"", ""Node_type"": ""PS-LB"", ""Probe_mod"": 0, ""VDC_intput_V"": 0, ""Water_deep_cm"": 21.913}"
2025-09-18 09:04:30.339866962+00:00,ps-lb-09,2,-47,9.5,"{""Bat_V"": 3.57, ""Exti_pin_level"": ""Low"", ""Exti_status"": ""False"", ""IDC_intput_mA"": 5.752, ""IN1_pin_level"": ""Low"", ""IN2_pin_level"": ""Low"", ""Node_type"": ""PS-LB"", ""Probe_mod"": 0, ""VDC_intput_V"": 0, ""Water_deep_cm"": 21.9}"
2025-09-18 09:05:30.323172929+00:00,ps-lb-09,2,-47,9.25,"{""Bat_V"": 3.57, ""Exti_pin_level"": ""Low"", ""Exti_status"": ""False"", ""IDC_intput_mA"": 5.752, ""IN1_pin_level"": ""Low"", ""IN2_pin_level"": ""Low"", ""Node_type"": ""PS-LB"", ""Probe_mod"": 0, ""VDC_intput_V"": 0, ""Water_deep_cm"": 21.9}"
2025-09-18 09:06:30.323916234+00:00,ps-lb-09,2,-44,9.0,"{""Bat_V"": 3.57, ""Exti_pin_level"": ""Low"", ""Exti_status"": ""False"", ""IDC_intput_mA"": 5.753, ""IN1_pin_level"": ""Low"", ""IN2_pin_level"": ""Low"", ""Node_type"": ""PS-LB"", ""Probe_mod"": 0, ""VDC_intput_V"": 0, ""Water_deep_cm"": 21.913}"
2025-09-18 09:07:30.301137072+00:00,ps-lb-09,2,-44,8.25,"{""Bat_V"": 3.57, ""Exti_pin_level"": ""Low"", ""Exti_status"": ""False"", ""IDC_intput_mA"": 5.752, ""IN1_pin_level"": ""Low"", ""IN2_pin_level"": ""Low"", ""Node_type"": ""PS-LB"", ""Probe_mod"": 0, ""VDC_intput_V"": 0, ""Water_deep_cm"": 21.9}"
2025-09-18 09:08:30.311826231+00:00,ps-lb-09,2,-43,7.5,"{""Bat_V"": 3.57, ""Exti_pin_level"": ""Low"", ""Exti_status"": ""False"", ""IDC_intput_mA"": 5.754, ""IN1_pin_level"": ""Low"", ""IN2_pin_level"": ""Low"", ""Node_type"": ""PS-LB"", ""Probe_mod"": 0, ""VDC_intput_V"": 0, ""Water_deep_cm"": 21.925}"
2025-09-18 09:09:30.299162644+00:00,ps-lb-09,2,-124,-7.75,"{""Bat_V"": 3.57, ""Exti_pin_level"": ""Low"", ""Exti_status"": ""False"", ""IDC_intput_mA"": 5.752, ""IN1_pin_level"": ""Low"", ""IN2_pin_level"": ""Low"", ""Node_type"": ""PS-LB"", ""Probe_mod"": 0, ""VDC_intput_V"": 0, ""Water_deep_cm"": 21.9}"
2025-09-18 09:10:30.270852317+00:00,ps-lb-09,2,-44,9.25,"{""Bat_V"": 3.564, ""Exti_pin_level"": ""Low"", ""Exti_status"": ""False"", ""IDC_intput_mA"": 5.752, ""IN1_pin_level"": ""Low"", ""IN2_pin_level"": ""Low"", ""Node_type"": ""PS-LB"", ""Probe_mod"": 0, ""VDC_intput_V"": 0, ""Water_deep_cm"": 21.9}"
2025-09-18 09:11:30.261593892+00:00,ps-lb-09,2,-47,9.25,"{""Bat_V"": 3.57, ""Exti_pin_level"": ""Low"", ""Exti_status"": ""False"", ""IDC_intput_mA"": 5.752, ""IN1_pin_level"": ""Low"", ""IN2_pin_level"": ""Low"", ""Node_type"": ""PS-LB"", ""Probe_mod"": 0, ""VDC_intput_V"": 0, ""Water_deep_cm"": 21.9}"
2025-09-18 09:12:30.268004936+00:00,ps-lb-09,2,-121,-4.5,"{""Bat_V"": 3.57, ""Exti_pin_level"": ""Low"", ""Exti_status"": ""False"", ""IDC_intput_mA"": 5.752, ""IN1_pin_level"": ""Low"", ""IN2_pin_level"": ""Low"", ""Node_type"": ""PS-LB"", ""Probe_mod"": 0, ""VDC_intput_V"": 0, ""Water_deep_cm"": 21.9}"
2025-09-18 09:13:30.250630596+00:00,ps-lb-09,2,-47,10.25,"{""Bat_V"": 3.57, ""Exti_pin_level"": ""Low"", ""Exti_status"": ""False"", ""IDC_intput_mA"": 5.752, ""IN1_pin_level"": ""Low"", ""IN2_pin_level"": ""Low"", ""Node_type"": ""PS-LB"", ""Probe_mod"": 0, ""VDC_intput_V"": 0, ""Water_deep_cm"": 21.9}"
2025-09-18 09:14:30.239514223+00:00,ps-lb-09,2,-44,7.5,"{""Bat_V"": 3.564, ""Exti_pin_level"": ""Low"", ""Exti_status"": ""False"", ""IDC_intput_mA"": 5.752, ""IN1_pin_level"": ""Low"", ""IN2_pin_level"": ""Low"", ""Node_type"": ""PS-LB"", ""Probe_mod"": 0, ""VDC_intput_V"": 0, ""Water_deep_cm"": 21.9}"
2025-09-18 09:15:30.214955786+00:00,ps-lb-09,2,-43,7.25,"{""Bat_V"": 3.57, ""Exti_pin_level"": ""Low"", ""Exti_status"": ""False"", ""IDC_intput_mA"": 5.752, ""IN1_pin_level"": ""Low"", ""IN2_pin_level"": ""Low"", ""Node_type"": ""PS-LB"", ""Probe_mod"": 0, ""VDC_intput_V"": 0, ""Water_deep_cm"": 21.9}"
2025-09-18 09:16:30.199750889+00:00,ps-lb-09,2,-45,7.5,"{""Bat_V"": 3.57, ""Exti_pin_level"": ""Low"", ""Exti_status"": ""False"", ""IDC_intput_mA"": 5.752, ""IN1_pin_level"": ""Low"", ""IN2_pin_level"": ""Low"", ""Node_type"": ""PS-LB"", ""Probe_mod"": 0, ""VDC_intput_V"": 0, ""Water_deep_cm"": 21.9}"
2025-09-18 09:17:30.191944276+00:00,ps-lb-09,2,-44,9.25,"{""Bat_V"": 3.564, ""Exti_pin_level"": ""Low"", ""Exti_status"": ""False"", ""IDC_intput_mA"": 5.752, ""IN1_pin_level"": ""Low"", ""IN2_pin_level"": ""Low"", ""Node_type"": ""PS-LB"", ""Probe_mod"": 0, ""VDC_intput_V"": 0, ""Water_deep_cm"": 21.9}"
2025-09-18 09:18:30.175886475+00:00,ps-lb-09,2,-49,10.25,"{""Bat_V"": 3.564, ""Exti_pin_level"": ""Low"", ""Exti_status"": ""False"", ""IDC_intput_mA"": 5.752, ""IN1_pin_level"": ""Low"", ""IN2_pin_level"": ""Low"", ""Node_type"": ""PS-LB"", ""Probe_mod"": 0, ""VDC_intput_V"": 0, ""Water_deep_cm"": 21.9}"
2025-09-18 09:19:30.181232067+00:00,ps-lb-09,2,-47,7.5,"{""Bat_V"": 3.564, ""Exti_pin_level"": ""Low"", ""Exti_status"": ""False"", ""IDC_intput_mA"": 5.752, ""IN1_pin_level"": ""Low"", ""IN2_pin_level"": ""Low"", ""Node_type"": ""PS-LB"", ""Probe_mod"": 0, ""VDC_intput_V"": 0, ""Water_deep_cm"": 21.9}"
2025-09-18 09:20:30.172582484+00:00,ps-lb-09,2,-44,9.0,"{""Bat_V"": 3.564, ""Exti_pin_level"": ""Low"", ""Exti_status"": ""False"", ""IDC_intput_mA"": 5.752, ""IN1_pin_level"": ""Low"", ""IN2_pin_level"": ""Low"", ""Node_type"": ""PS-LB"", ""Probe_mod"": 0, ""VDC_intput_V"": 0, ""Water_deep_cm"": 21.9}"
2025-09-18 09:21:30.175012118+00:00,ps-lb-09,2,-123,-7.0,"{""Bat_V"": 3.564, ""Exti_pin_level"": ""Low"", ""Exti_status"": ""False"", ""IDC_intput_mA"": 5.752, ""IN1_pin_level"": ""Low"", ""IN2_pin_level"": ""Low"", ""Node_type"": ""PS-LB"", ""Probe_mod"": 0, ""VDC_intput_V"": 0, ""Water_deep_cm"": 21.9}"
2025-09-18 09:22:30.153211108+00:00,ps-lb-09,2,-47,7.75,"{""Bat_V"": 3.564, ""Exti_pin_level"": ""Low"", ""Exti_status"": ""False"", ""IDC_intput_mA"": 5.752, ""IN1_pin_level"": ""Low"", ""IN2_pin_level"": ""Low"", ""Node_type"": ""PS-LB"", ""Probe_mod"": 0, ""VDC_intput_V"": 0, ""Water_deep_cm"": 21.9}"
2025-09-18 09:23:30.139661233+00:00,ps-lb-09,2,-45,7.75,"{""Bat_V"": 3.564, ""Exti_pin_level"": ""Low"", ""Exti_status"": ""False"", ""IDC_intput_mA"": 5.752, ""IN1_pin_level"": ""Low"", ""IN2_pin_level"": ""Low"", ""Node_type"": ""PS-LB"", ""Probe_mod"": 0, ""VDC_intput_V"": 0, ""Water_deep_cm"": 21.9}"
2025-09-18 09:24:30.112259663+00:00,ps-lb-09,2,-50,7.75,"{""Bat_V"": 3.564, ""Exti_pin_level"": ""Low"", ""Exti_status"": ""False"", ""IDC_intput_mA"": 5.752, ""IN1_pin_level"": ""Low"", ""IN2_pin_level"": ""Low"", ""Node_type"": ""PS-LB"", ""Probe_mod"": 0, ""VDC_intput_V"": 0, ""Water_deep_cm"": 21.9}"
2025-09-18 09:25:30.092632753+00:00,ps-lb-09,2,-45,9.5,"{""Bat_V"": 3.564, ""Exti_pin_level"": ""Low"", ""Exti_status"": ""False"", ""IDC_intput_mA"": 5.752, ""IN1_pin_level"": ""Low"", ""IN2_pin_level"": ""Low"", ""Node_type"": ""PS-LB"", ""Probe_mod"": 0, ""VDC_intput_V"": 0, ""Water_deep_cm"": 21.9}"
2025-09-18 09:26:30.095242018+00:00,ps-lb-09,2,-48,9.0,"{""Bat_V"": 3.564, ""Exti_pin_level"": ""Low"", ""Exti_status"": ""False"", ""IDC_intput_mA"": 5.752, ""IN1_pin_level"": ""Low"", ""IN2_pin_level"": ""Low"", ""Node_type"": ""PS-LB"", ""Probe_mod"": 0, ""VDC_intput_V"": 0, ""Water_deep_cm"": 21.9}"
2025-09-18 09:27:30.080505613+00:00,ps-lb-09,2,-49,8.0,"{""Bat_V"": 3.564, ""Exti_pin_level"": ""Low"", ""Exti_status"": ""False"", ""IDC_intput_mA"": 5.752, ""IN1_pin_level"": ""Low"", ""IN2_pin_level"": ""Low"", ""Node_type"": ""PS-LB"", ""Probe_mod"": 0, ""VDC_intput_V"": 0, ""Water_deep_cm"": 21.9}"
2025-09-18 09:28:30.080011847+00:00,ps-lb-09,2,-48,10.25,"{""Bat_V"": 3.564, ""Exti_pin_level"": ""Low"", ""Exti_status"": ""False"", ""IDC_intput_mA"": 5.752, ""IN1_pin_level"": ""Low"", ""IN2_pin_level"": ""Low"", ""Node_type"": ""PS-LB"", ""Probe_mod"": 0, ""VDC_intput_V"": 0, ""Water_deep_cm"": 21.9}"
2025-09-18 09:29:30.053892862+00:00,ps-lb-09,2,-47,10.0,"{""Bat_V"": 3.564, ""Exti_pin_level"": ""Low"", ""Exti_status"": ""False"", ""IDC_intput_mA"": 5.752, ""IN1_pin_level"": ""Low"", ""IN2_pin_level"": ""Low"", ""Node_type"": ""PS-LB"", ""Probe_mod"": 0, ""VDC_intput_V"": 0, ""Water_deep_cm"": 21.9}"
2025-09-18 09:30:30.046971743+00:00,ps-lb-09,2,-47,9.75,"{""Bat_V"": 3.564, ""Exti_pin_level"": ""Low"", ""Exti_status"": ""False"", ""IDC_intput_mA"": 5.752, ""IN1_pin_level"": ""Low"", ""IN2_pin_level"": ""Low"", ""Node_type"": ""PS-LB"", ""Probe_mod"": 0, ""VDC_intput_V"": 0, ""Water_deep_cm"": 21.9}"
2025-09-18 09:31:30.032079365+00:00,ps-lb-09,2,-47,11.0,"{""Bat_V"": 3.564, ""Exti_pin_level"": ""Low"", ""Exti_status"": ""False"", ""IDC_intput_mA"": 5.752, ""IN1_pin_level"": ""Low"", ""IN2_pin_level"": ""Low"", ""Node_type"": ""PS-LB"", ""Probe_mod"": 0, ""VDC_intput_V"": 0, ""Water_deep_cm"": 21.9}"
2025-09-18 09:32:30.022031720+00:00,ps-lb-09,2,-49,7.75,"{""Bat_V"": 3.564, ""Exti_pin_level"": ""Low"", ""Exti_status"": ""False"", ""IDC_intput_mA"": 5.752, ""IN1_pin_level"": ""Low"", ""IN2_pin_level"": ""Low"", ""Node_type"": ""PS-LB"", ""Probe_mod"": 0, ""VDC_intput_V"": 0, ""Water_deep_cm"": 21.9}"
2025-09-18 09:33:30.022805466+00:00,ps-lb-09,2,-47,10.0,"{""Bat_V"": 3.564, ""Exti_pin_level"": ""Low"", ""Exti_status"": ""False"", ""IDC_intput_mA"": 5.752, ""IN1_pin_level"": ""Low"", ""IN2_pin_level"": ""Low"", ""Node_type"": ""PS-LB"", ""Probe_mod"": 0, ""VDC_intput_V"": 0, ""Water_deep_cm"": 21.9}"
2025-09-18 09:34:30.014156495+00:00,ps-lb-09,2,-49,10.25,"{""Bat_V"": 3.564, ""Exti_pin_level"": ""Low"", ""Exti_status"": ""False"", ""IDC_intput_mA"": 5.752, ""IN1_pin_level"": ""Low"", ""IN2_pin_level"": ""Low"", ""Node_type"": ""PS-LB"", ""Probe_mod"": 0, ""VDC_intput_V"": 0, ""Water_deep_cm"": 21.9}"
2025-09-18 09:35:30.012776487+00:00,ps-lb-09,2,-49,8.0,"{""Bat_V"": 3.564, ""Exti_pin_level"": ""Low"", ""Exti_status"": ""False"", ""IDC_intput_mA"": 5.752, ""IN1_pin_level"": ""Low"", ""IN2_pin_level"": ""Low"", ""Node_type"": ""PS-LB"", ""Probe_mod"": 0, ""VDC_intput_V"": 0, ""Water_deep_cm"": 21.9}"
2025-09-18 09:36:29.993079234+00:00,ps-lb-09,2,-47,9.75,"{""Bat_V"": 3.564, ""Exti_pin_level"": ""Low"", ""Exti_status"": ""False"", ""IDC_intput_mA"": 5.752, ""IN1_pin_level"": ""Low"", ""IN2_pin_level"": ""Low"", ""Node_type"": ""PS-LB"", ""Probe_mod"": 0, ""VDC_intput_V"": 0, ""Water_deep_cm"": 21.9}"
2025-09-18 09:37:29.987305842+00:00,ps-lb-09,2,-50,9.25,"{""Bat_V"": 3.564, ""Exti_pin_level"": ""Low"", ""Exti_status"": ""False"", ""IDC_intput_mA"": 5.752, ""IN1_pin_level"": ""Low"", ""IN2_pin_level"": ""Low"", ""Node_type"": ""PS-LB"", ""Probe_mod"": 0, ""VDC_intput_V"": 0, ""Water_deep_cm"": 21.9}"
2025-09-18 09:38:29.987439297+00:00,ps-lb-09,2,-47,7.75,"{""Bat_V"": 3.564, ""Exti_pin_level"": ""Low"", ""Exti_status"": ""False"", ""IDC_intput_mA"": 5.752, ""IN1_pin_level"": ""Low"", ""IN2_pin_level"": ""Low"", ""Node_type"": ""PS-LB"", ""Probe_mod"": 0, ""VDC_intput_V"": 0, ""Water_deep_cm"": 21.9}"
2025-09-18 09:39:29.943090342+00:00,ps-lb-09,2,-47,8.0,"{""Bat_V"": 3.564, ""Exti_pin_level"": ""Low"", ""Exti_status"": ""False"", ""IDC_intput_mA"": 5.752, ""IN1_pin_level"": ""Low"", ""IN2_pin_level"": ""Low"", ""Node_type"": ""PS-LB"", ""Probe_mod"": 0, ""VDC_intput_V"": 0, ""Water_deep_cm"": 21.9}"
2025-09-18 09:40:29.935219637+00:00,ps-lb-09,2,-49,10.5,"{""Bat_V"": 3.564, ""Exti_pin_level"": ""Low"", ""Exti_status"": ""False"", ""IDC_intput_mA"": 5.752, ""IN1_pin_level"": ""Low"", ""IN2_pin_level"": ""Low"", ""Node_type"": ""PS-LB"", ""Probe_mod"": 0, ""VDC_intput_V"": 0, ""Water_deep_cm"": 21.9}"
2025-09-18 09:41:29.932585850+00:00,ps-lb-09,2,-50,9.5,"{""Bat_V"": 3.564, ""Exti_pin_level"": ""Low"", ""Exti_status"": ""False"", ""IDC_intput_mA"": 5.752, ""IN1_pin_level"": ""Low"", ""IN2_pin_level"": ""Low"", ""Node_type"": ""PS-LB"", ""Probe_mod"": 0, ""VDC_intput_V"": 0, ""Water_deep_cm"": 21.9}"
2025-09-18 09:42:29.921302359+00:00,ps-lb-09,2,-50,8.75,"{""Bat_V"": 3.564, ""Exti_pin_level"": ""Low"", ""Exti_status"": ""False"", ""IDC_intput_mA"": 5.752, ""IN1_pin_level"": ""Low"", ""IN2_pin_level"": ""Low"", ""Node_type"": ""PS-LB"", ""Probe_mod"": 0, ""VDC_intput_V"": 0, ""Water_deep_cm"": 21.9}"
2025-09-18 09:43:29.917151145+00:00,ps-lb-09,2,-50,6.75,"{""Bat_V"": 3.564, ""Exti_pin_level"": ""Low"", ""Exti_status"": ""False"", ""IDC_intput_mA"": 5.752, ""IN1_pin_level"": ""Low"", ""IN2_pin_level"": ""Low"", ""Node_type"": ""PS-LB"", ""Probe_mod"": 0, ""VDC_intput_V"": 0, ""Water_deep_cm"": 21.9}"
2025-09-18 09:44:29.903404353+00:00,ps-lb-09,2,-50,9.5,"{""Bat_V"": 3.558, ""Exti_pin_level"": ""Low"", ""Exti_status"": ""False"", ""IDC_intput_mA"": 5.752, ""IN1_pin_level"": ""Low"", ""IN2_pin_level"": ""Low"", ""Node_type"": ""PS-LB"", ""Probe_mod"": 0, ""VDC_intput_V"": 0, ""Water_deep_cm"": 21.9}"
2025-09-18 09:45:29.880683272+00:00,ps-lb-09,2,-50,9.75,"{""Bat_V"": 3.564, ""Exti_pin_level"": ""Low"", ""Exti_status"": ""False"", ""IDC_intput_mA"": 5.752, ""IN1_pin_level"": ""Low"", ""IN2_pin_level"": ""Low"", ""Node_type"": ""PS-LB"", ""Probe_mod"": 0, ""VDC_intput_V"": 0, ""Water_deep_cm"": 21.9}"
2025-09-18 09:46:29.884031798+00:00,ps-lb-09,2,-50,9.25,"{""Bat_V"": 3.564, ""Exti_pin_level"": ""Low"", ""Exti_status"": ""False"", ""IDC_intput_mA"": 5.752, ""IN1_pin_level"": ""Low"", ""IN2_pin_level"": ""Low"", ""Node_type"": ""PS-LB"", ""Probe_mod"": 0, ""VDC_intput_V"": 0, ""Water_deep_cm"": 21.9}"
2025-09-18 09:47:29.864181528+00:00,ps-lb-09,2,-50,9.25,"{""Bat_V"": 3.564, ""Exti_pin_level"": ""Low"", ""Exti_status"": ""False"", ""IDC_intput_mA"": 5.752, ""IN1_pin_level"": ""Low"", ""IN2_pin_level"": ""Low"", ""Node_type"": ""PS-LB"", ""Probe_mod"": 0, ""VDC_intput_V"": 0, ""Water_deep_cm"": 21.9}"
2025-09-18 09:48:29.856958689+00:00,ps-lb-09,2,-51,7.5,"{""Bat_V"": 3.558, ""Exti_pin_level"": ""Low"", ""Exti_status"": ""False"", ""IDC_intput_mA"": 5.752, ""IN1_pin_level"": ""Low"", ""IN2_pin_level"": ""Low"", ""Node_type"": ""PS-LB"", ""Probe_mod"": 0, ""VDC_intput_V"": 0, ""Water_deep_cm"": 21.9}"
2025-09-18 09:49:29.851794409+00:00,ps-lb-09,2,-51,10.75,"{""Bat_V"": 3.564, ""Exti_pin_level"": ""Low"", ""Exti_status"": ""False"", ""IDC_intput_mA"": 5.752, ""IN1_pin_level"": ""Low"", ""IN2_pin_level"": ""Low"", ""Node_type"": ""PS-LB"", ""Probe_mod"": 0, ""VDC_intput_V"": 0, ""Water_deep_cm"": 21.9}"
2025-09-18 09:50:29.843854962+00:00,ps-lb-09,2,-51,9.0,"{""Bat_V"": 3.558, ""Exti_pin_level"": ""Low"", ""Exti_status"": ""False"", ""IDC_intput_mA"": 5.752, ""IN1_pin_level"": ""Low"", ""IN2_pin_level"": ""Low"", ""Node_type"": ""PS-LB"", ""Probe_mod"": 0, ""VDC_intput_V"": 0, ""Water_deep_cm"": 21.9}"
2025-09-18 09:51:29.823898073+00:00,ps-lb-09,2,-50,8.0,"{""Bat_V"": 3.558, ""Exti_pin_level"": ""Low"", ""Exti_status"": ""False"", ""IDC_intput_mA"": 5.752, ""IN1_pin_level"": ""Low"", ""IN2_pin_level"": ""Low"", ""Node_type"": ""PS-LB"", ""Probe_mod"": 0, ""VDC_intput_V"": 0, ""Water_deep_cm"": 21.9}"
2025-09-18 09:52:29.801623801+00:00,ps-lb-09,2,-50,9.25,"{""Bat_V"": 3.558, ""Exti_pin_level"": ""Low"", ""Exti_status"": ""False"", ""IDC_intput_mA"": 5.752, ""IN1_pin_level"": ""Low"", ""IN2_pin_level"": ""Low"", ""Node_type"": ""PS-LB"", ""Probe_mod"": 0, ""VDC_intput_V"": 0, ""Water_deep_cm"": 21.9}"
2025-09-18 09:53:29.793703217+00:00,ps-lb-09,2,-50,9.0,"{""Bat_V"": 3.558, ""Exti_pin_level"": ""Low"", ""Exti_status"": ""False"", ""IDC_intput_mA"": 5.752, ""IN1_pin_level"": ""Low"", ""IN2_pin_level"": ""Low"", ""Node_type"": ""PS-LB"", ""Probe_mod"": 0, ""VDC_intput_V"": 0, ""Water_deep_cm"": 21.9}"
2025-09-18 09:54:29.780855207+00:00,ps-lb-09,2,-50,7.25,"{""Bat_V"": 3.558, ""Exti_pin_level"": ""Low"", ""Exti_status"": ""False"", ""IDC_intput_mA"": 5.752, ""IN1_pin_level"": ""Low"", ""IN2_pin_level"": ""Low"", ""Node_type"": ""PS-LB"", ""Probe_mod"": 0, ""VDC_intput_V"": 0, ""Water_deep_cm"": 21.9}"
2025-09-18 09:55:29.761768049+00:00,ps-lb-09,2,-56,6.25,"{""Bat_V"": 3.558, ""Exti_pin_level"": ""Low"", ""Exti_status"": ""False"", ""IDC_intput_mA"": 5.752, ""IN1_pin_level"": ""Low"", ""IN2_pin_level"": ""Low"", ""Node_type"": ""PS-LB"", ""Probe_mod"": 0, ""VDC_intput_V"": 0, ""Water_deep_cm"": 21.9}"
2025-09-18 09:56:29.764773644+00:00,ps-lb-09,2,-50,9.5,"{""Bat_V"": 3.558, ""Exti_pin_level"": ""Low"", ""Exti_status"": ""False"", ""IDC_intput_mA"": 5.752, ""IN1_pin_level"": ""Low"", ""IN2_pin_level"": ""Low"", ""Node_type"": ""PS-LB"", ""Probe_mod"": 0, ""VDC_intput_V"": 0, ""Water_deep_cm"": 21.9}"
2025-09-18 09:57:29.739218489+00:00,ps-lb-09,2,-49,9.25,"{""Bat_V"": 3.558, ""Exti_pin_level"": ""Low"", ""Exti_status"": ""False"", ""IDC_intput_mA"": 5.752, ""IN1_pin_level"": ""Low"", ""IN2_pin_level"": ""Low"", ""Node_type"": ""PS-LB"", ""Probe_mod"": 0, ""VDC_intput_V"": 0, ""Water_deep_cm"": 21.9}"
2025-09-18 09:58:29.731239761+00:00,ps-lb-09,2,-53,9.0,"{""Bat_V"": 3.558, ""Exti_pin_level"": ""Low"", ""Exti_status"": ""False"", ""IDC_intput_mA"": 5.752, ""IN1_pin_level"": ""Low"", ""IN2_pin_level"": ""Low"", ""Node_type"": ""PS-LB"", ""Probe_mod"": 0, ""VDC_intput_V"": 0, ""Water_deep_cm"": 21.9}"
2025-09-18 09:59:29.713304411+00:00,ps-lb-09,2,-53,9.75,"{""Bat_V"": 3.558, ""Exti_pin_level"": ""Low"", ""Exti_status"": ""False"", ""IDC_intput_mA"": 5.752, ""IN1_pin_level"": ""Low"", ""IN2_pin_level"": ""Low"", ""Node_type"": ""PS-LB"", ""Probe_mod"": 0, ""VDC_intput_V"": 0, ""Water_deep_cm"": 21.9}"
2025-09-18 10:00:29.702531871+00:00,ps-lb-09,2,-50,9.5,"{""Bat_V"": 3.558, ""Exti_pin_level"": ""Low"", ""Exti_status"": ""False"", ""IDC_intput_mA"": 5.752, ""IN1_pin_level"": ""Low"", ""IN2_pin_level"": ""Low"", ""Node_type"": ""PS-LB"", ""Probe_mod"": 0, ""VDC_intput_V"": 0, ""Water_deep_cm"": 21.9}"
2025-09-18 10:01:29.713844286+00:00,ps-lb-09,2,-55,9.75,"{""Bat_V"": 3.558, ""Exti_pin_level"": ""Low"", ""Exti_status"": ""False"", ""IDC_intput_mA"": 5.752, ""IN1_pin_level"": ""Low"", ""IN2_pin_level"": ""Low"", ""Node_type"": ""PS-LB"", ""Probe_mod"": 0, ""VDC_intput_V"": 0, ""Water_deep_cm"": 21.9}"
2025-09-18 10:02:29.696175292+00:00,ps-lb-09,2,-50,8.75,"{""Bat_V"": 3.558, ""Exti_pin_level"": ""Low"", ""Exti_status"": ""False"", ""IDC_intput_mA"": 5.752, ""IN1_pin_level"": ""Low"", ""IN2_pin_level"": ""Low"", ""Node_type"": ""PS-LB"", ""Probe_mod"": 0, ""VDC_intput_V"": 0, ""Water_deep_cm"": 21.9}"
2025-09-18 10:03:29.661237429+00:00,ps-lb-09,2,-51,10.5,"{""Bat_V"": 3.558, ""Exti_pin_level"": ""Low"", ""Exti_status"": ""False"", ""IDC_intput_mA"": 5.752, ""IN1_pin_level"": ""Low"", ""IN2_pin_level"": ""Low"", ""Node_type"": ""PS-LB"", ""Probe_mod"": 0, ""VDC_intput_V"": 0, ""Water_deep_cm"": 21.9}"
2025-09-18 10:04:29.672766760+00:00,ps-lb-09,2,-53,7.75,"{""Bat_V"": 3.558, ""Exti_pin_level"": ""Low"", ""Exti_status"": ""False"", ""IDC_intput_mA"": 5.752, ""IN1_pin_level"": ""Low"", ""IN2_pin_level"": ""Low"", ""Node_type"": ""PS-LB"", ""Probe_mod"": 0, ""VDC_intput_V"": 0, ""Water_deep_cm"": 21.9}"
2025-09-18 10:05:29.663133966+00:00,ps-lb-09,2,-51,9.75,"{""Bat_V"": 3.558, ""Exti_pin_level"": ""Low"", ""Exti_status"": ""False"", ""IDC_intput_mA"": 5.752, ""IN1_pin_level"": ""Low"", ""IN2_pin_level"": ""Low"", ""Node_type"": ""PS-LB"", ""Probe_mod"": 0, ""VDC_intput_V"": 0, ""Water_deep_cm"": 21.9}"
2025-09-18 10:06:29.636989862+00:00,ps-lb-09,2,-51,9.5,"{""Bat_V"": 3.558, ""Exti_pin_level"": ""Low"", ""Exti_status"": ""False"", ""IDC_intput_mA"": 5.752, ""IN1_pin_level"": ""Low"", ""IN2_pin_level"": ""Low"", ""Node_type"": ""PS-LB"", ""Probe_mod"": 0, ""VDC_intput_V"": 0, ""Water_deep_cm"": 21.9}"
2025-09-18 10:07:29.632663766+00:00,ps-lb-09,2,-53,8.0,"{""Bat_V"": 3.558, ""Exti_pin_level"": ""Low"", ""Exti_status"": ""False"", ""IDC_intput_mA"": 5.752, ""IN1_pin_level"": ""Low"", ""IN2_pin_level"": ""Low"", ""Node_type"": ""PS-LB"", ""Probe_mod"": 0, ""VDC_intput_V"": 0, ""Water_deep_cm"": 21.9}"
2025-09-18 10:08:29.630519905+00:00,ps-lb-09,2,-51,9.0,"{""Bat_V"": 3.558, ""Exti_pin_level"": ""Low"", ""Exti_status"": ""False"", ""IDC_intput_mA"": 5.752, ""IN1_pin_level"": ""Low"", ""IN2_pin_level"": ""Low"", ""Node_type"": ""PS-LB"", ""Probe_mod"": 0, ""VDC_intput_V"": 0, ""Water_deep_cm"": 21.9}"
2025-09-18 10:09:29.614579865+00:00,ps-lb-09,2,-56,10.0,"{""Bat_V"": 3.558, ""Exti_pin_level"": ""Low"", ""Exti_status"": ""False"", ""IDC_intput_mA"": 5.752, ""IN1_pin_level"": ""Low"", ""IN2_pin_level"": ""Low"", ""Node_type"": ""PS-LB"", ""Probe_mod"": 0, ""VDC_intput_V"": 0, ""Water_deep_cm"": 21.9}"
2025-09-18 10:10:29.615004941+00:00,ps-lb-09,2,-53,10.5,"{""Bat_V"": 3.558, ""Exti_pin_level"": ""Low"", ""Exti_status"": ""False"", ""IDC_intput_mA"": 5.752, ""IN1_pin_level"": ""Low"", ""IN2_pin_level"": ""Low"", ""Node_type"": ""PS-LB"", ""Probe_mod"": 0, ""VDC_intput_V"": 0, ""Water_deep_cm"": 21.9}"
2025-09-18 10:11:29.585286048+00:00,ps-lb-09,2,-53,9.25,"{""Bat_V"": 3.558, ""Exti_pin_level"": ""Low"", ""Exti_status"": ""False"", ""IDC_intput_mA"": 5.752, ""IN1_pin_level"": ""Low"", ""IN2_pin_level"": ""Low"", ""Node_type"": ""PS-LB"", ""Probe_mod"": 0, ""VDC_intput_V"": 0, ""Water_deep_cm"": 21.9}"
2025-09-18 10:12:29.571495566+00:00,ps-lb-09,2,-55,10.25,"{""Bat_V"": 3.558, ""Exti_pin_level"": ""Low"", ""Exti_status"": ""False"", ""IDC_intput_mA"": 5.752, ""IN1_pin_level"": ""Low"", ""IN2_pin_level"": ""Low"", ""Node_type"": ""PS-LB"", ""Probe_mod"": 0, ""VDC_intput_V"": 0, ""Water_deep_cm"": 21.9}"
2025-09-18 10:13:29.573858029+00:00,ps-lb-09,2,-51,9.25,"{""Bat_V"": 3.558, ""Exti_pin_level"": ""Low"", ""Exti_status"": ""False"", ""IDC_intput_mA"": 5.752, ""IN1_pin_level"": ""Low"", ""IN2_pin_level"": ""Low"", ""Node_type"": ""PS-LB"", ""Probe_mod"": 0, ""VDC_intput_V"": 0, ""Water_deep_cm"": 21.9}"
2025-09-18 10:14:29.555486697+00:00,ps-lb-09,2,-55,9.5,"{""Bat_V"": 3.558, ""Exti_pin_level"": ""Low"", ""Exti_status"": ""False"", ""IDC_intput_mA"": 5.752, ""IN1_pin_level"": ""Low"", ""IN2_pin_level"": ""Low"", ""Node_type"": ""PS-LB"", ""Probe_mod"": 0, ""VDC_intput_V"": 0, ""Water_deep_cm"": 21.9}"
2025-09-18 10:15:29.544653534+00:00,ps-lb-09,2,-53,6.75,"{""Bat_V"": 3.558, ""Exti_pin_level"": ""Low"", ""Exti_status"": ""False"", ""IDC_intput_mA"": 5.752, ""IN1_pin_level"": ""Low"", ""IN2_pin_level"": ""Low"", ""Node_type"": ""PS-LB"", ""Probe_mod"": 0, ""VDC_intput_V"": 0, ""Water_deep_cm"": 21.9}"
2025-09-18 10:16:29.543157499+00:00,ps-lb-09,2,-51,9.0,"{""Bat_V"": 3.558, ""Exti_pin_level"": ""Low"", ""Exti_status"": ""False"", ""IDC_intput_mA"": 5.753, ""IN1_pin_level"": ""Low"", ""IN2_pin_level"": ""Low"", ""Node_type"": ""PS-LB"", ""Probe_mod"": 0, ""VDC_intput_V"": 0, ""Water_deep_cm"": 21.913}"
2025-09-18 10:17:29.542823092+00:00,ps-lb-09,2,-53,9.25,"{""Bat_V"": 3.558, ""Exti_pin_level"": ""Low"", ""Exti_status"": ""False"", ""IDC_intput_mA"": 5.752, ""IN1_pin_level"": ""Low"", ""IN2_pin_level"": ""Low"", ""Node_type"": ""PS-LB"", ""Probe_mod"": 0, ""VDC_intput_V"": 0, ""Water_deep_cm"": 21.9}"
2025-09-18 10:18:29.532022634+00:00,ps-lb-09,2,-51,7.25,"{""Bat_V"": 3.552, ""Exti_pin_level"": ""Low"", ""Exti_status"": ""False"", ""IDC_intput_mA"": 5.752, ""IN1_pin_level"": ""Low"", ""IN2_pin_level"": ""Low"", ""Node_type"": ""PS-LB"", ""Probe_mod"": 0, ""VDC_intput_V"": 0, ""Water_deep_cm"": 21.9}"
2025-09-18 10:19:29.521654853+00:00,ps-lb-09,2,-53,8.0,"{""Bat_V"": 3.558, ""Exti_pin_level"": ""Low"", ""Exti_status"": ""False"", ""IDC_intput_mA"": 5.752, ""IN1_pin_level"": ""Low"", ""IN2_pin_level"": ""Low"", ""Node_type"": ""PS-LB"", ""Probe_mod"": 0, ""VDC_intput_V"": 0, ""Water_deep_cm"": 21.9}"
2025-09-18 10:20:29.494999653+00:00,ps-lb-09,2,-51,7.5,"{""Bat_V"": 3.552, ""Exti_pin_level"": ""Low"", ""Exti_status"": ""False"", ""IDC_intput_mA"": 5.752, ""IN1_pin_level"": ""Low"", ""IN2_pin_level"": ""Low"", ""Node_type"": ""PS-LB"", ""Probe_mod"": 0, ""VDC_intput_V"": 0, ""Water_deep_cm"": 21.9}"
2025-09-18 10:21:29.470994175+00:00,ps-lb-09,2,-56,10.0,"{""Bat_V"": 3.558, ""Exti_pin_level"": ""Low"", ""Exti_status"": ""False"", ""IDC_intput_mA"": 5.752, ""IN1_pin_level"": ""Low"", ""IN2_pin_level"": ""Low"", ""Node_type"": ""PS-LB"", ""Probe_mod"": 0, ""VDC_intput_V"": 0, ""Water_deep_cm"": 21.9}"
2025-09-18 10:22:29.453350577+00:00,ps-lb-09,2,-57,9.0,"{""Bat_V"": 3.552, ""Exti_pin_level"": ""Low"", ""Exti_status"": ""False"", ""IDC_intput_mA"": 5.752, ""IN1_pin_level"": ""Low"", ""IN2_pin_level"": ""Low"", ""Node_type"": ""PS-LB"", ""Probe_mod"": 0, ""VDC_intput_V"": 0, ""Water_deep_cm"": 21.9}"
2025-09-18 10:23:29.450480874+00:00,ps-lb-09,2,-53,7.75,"{""Bat_V"": 3.552, ""Exti_pin_level"": ""Low"", ""Exti_status"": ""False"", ""IDC_intput_mA"": 5.752, ""IN1_pin_level"": ""Low"", ""IN2_pin_level"": ""Low"", ""Node_type"": ""PS-LB"", ""Probe_mod"": 0, ""VDC_intput_V"": 0, ""Water_deep_cm"": 21.9}"
2025-09-18 10:24:29.438994449+00:00,ps-lb-09,2,-53,9.25,"{""Bat_V"": 3.552, ""Exti_pin_level"": ""Low"", ""Exti_status"": ""False"", ""IDC_intput_mA"": 5.752, ""IN1_pin_level"": ""Low"", ""IN2_pin_level"": ""Low"", ""Node_type"": ""PS-LB"", ""Probe_mod"": 0, ""VDC_intput_V"": 0, ""Water_deep_cm"": 21.9}"
2025-09-18 10:25:29.431422349+00:00,ps-lb-09,2,-56,10.25,"{""Bat_V"": 3.552, ""Exti_pin_level"": ""Low"", ""Exti_status"": ""False"", ""IDC_intput_mA"": 5.752, ""IN1_pin_level"": ""Low"", ""IN2_pin_level"": ""Low"", ""Node_type"": ""PS-LB"", ""Probe_mod"": 0, ""VDC_intput_V"": 0, ""Water_deep_cm"": 21.9}"
2025-09-18 10:26:29.427415862+00:00,ps-lb-09,2,-53,7.5,"{""Bat_V"": 3.552, ""Exti_pin_level"": ""Low"", ""Exti_status"": ""False"", ""IDC_intput_mA"": 5.752, ""IN1_pin_level"": ""Low"", ""IN2_pin_level"": ""Low"", ""Node_type"": ""PS-LB"", ""Probe_mod"": 0, ""VDC_intput_V"": 0, ""Water_deep_cm"": 21.9}"
2025-09-18 10:27:45.121236324+00:00,ps-lb-09,2,-55,7.75,"{""Bat_V"": 3.552, ""Exti_pin_level"": ""Low"", ""Exti_status"": ""False"", ""IDC_intput_mA"": 5.752, ""IN1_pin_level"": ""Low"", ""IN2_pin_level"": ""Low"", ""Node_type"": ""PS-LB"", ""Probe_mod"": 0, ""VDC_intput_V"": 0, ""Water_deep_cm"": 21.9}"
2025-09-18 10:28:45.119464165+00:00,ps-lb-09,2,-57,10.0,"{""Bat_V"": 3.552, ""Exti_pin_level"": ""Low"", ""Exti_status"": ""False"", ""IDC_intput_mA"": 5.752, ""IN1_pin_level"": ""Low"", ""IN2_pin_level"": ""Low"", ""Node_type"": ""PS-LB"", ""Probe_mod"": 0, ""VDC_intput_V"": 0, ""Water_deep_cm"": 21.9}"
2025-09-18 10:29:45.092089293+00:00,ps-lb-09,2,-57,10.75,"{""Bat_V"": 3.552, ""Exti_pin_level"": ""Low"", ""Exti_status"": ""False"", ""IDC_intput_mA"": 5.752, ""IN1_pin_level"": ""Low"", ""IN2_pin_level"": ""Low"", ""Node_type"": ""PS-LB"", ""Probe_mod"": 0, ""VDC_intput_V"": 0, ""Water_deep_cm"": 21.9}"
2025-09-18 10:39:59.570341041+00:00,ps-lb-09,2,-57,9.75,"{""Bat_V"": 3.552, ""Exti_pin_level"": ""Low"", ""Exti_status"": ""False"", ""IDC_intput_mA"": 5.752, ""IN1_pin_level"": ""Low"", ""IN2_pin_level"": ""Low"", ""Node_type"": ""PS-LB"", ""Probe_mod"": 0, ""VDC_intput_V"": 0, ""Water_deep_cm"": 21.9}"
2025-09-18 10:49:59.440612596+00:00,ps-lb-09,2,-56,9.25,"{""Bat_V"": 3.558, ""Exti_pin_level"": ""Low"", ""Exti_status"": ""False"", ""IDC_intput_mA"": 5.752, ""IN1_pin_level"": ""Low"", ""IN2_pin_level"": ""Low"", ""Node_type"": ""PS-LB"", ""Probe_mod"": 0, ""VDC_intput_V"": 0, ""Water_deep_cm"": 21.9}"
2025-09-18 10:59:59.329928020+00:00,ps-lb-09,2,-56,10.0,"{""Bat_V"": 3.558, ""Exti_pin_level"": ""Low"", ""Exti_status"": ""False"", ""IDC_intput_mA"": 5.752, ""IN1_pin_level"": ""Low"", ""IN2_pin_level"": ""Low"", ""Node_type"": ""PS-LB"", ""Probe_mod"": 0, ""VDC_intput_V"": 0, ""Water_deep_cm"": 21.9}"
2025-09-18 11:09:59.212789988+00:00,ps-lb-09,2,-55,8.75,"{""Bat_V"": 3.558, ""Exti_pin_level"": ""Low"", ""Exti_status"": ""False"", ""IDC_intput_mA"": 5.752, ""IN1_pin_level"": ""Low"", ""IN2_pin_level"": ""Low"", ""Node_type"": ""PS-LB"", ""Probe_mod"": 0, ""VDC_intput_V"": 0, ""Water_deep_cm"": 21.9}"
2025-09-18 11:19:59.076849494+00:00,ps-lb-09,2,-56,9.0,"{""Bat_V"": 3.558, ""Exti_pin_level"": ""Low"", ""Exti_status"": ""False"", ""IDC_intput_mA"": 5.752, ""IN1_pin_level"": ""Low"", ""IN2_pin_level"": ""Low"", ""Node_type"": ""PS-LB"", ""Probe_mod"": 0, ""VDC_intput_V"": 0, ""Water_deep_cm"": 21.9}"
2025-09-18 11:29:58.976344119+00:00,ps-lb-09,2,-54,7.75,"{""Bat_V"": 3.558, ""Exti_pin_level"": ""Low"", ""Exti_status"": ""False"", ""IDC_intput_mA"": 5.752, ""IN1_pin_level"": ""Low"", ""IN2_pin_level"": ""Low"", ""Node_type"": ""PS-LB"", ""Probe_mod"": 0, ""VDC_intput_V"": 0, ""Water_deep_cm"": 21.9}"
2025-09-18 11:39:58.843791315+00:00,ps-lb-09,2,-56,8.25,"{""Bat_V"": 3.558, ""Exti_pin_level"": ""Low"", ""Exti_status"": ""False"", ""IDC_intput_mA"": 5.752, ""IN1_pin_level"": ""Low"", ""IN2_pin_level"": ""Low"", ""Node_type"": ""PS-LB"", ""Probe_mod"": 0, ""VDC_intput_V"": 0, ""Water_deep_cm"": 21.9}"
2025-09-18 11:49:58.724747429+00:00,ps-lb-09,2,-55,9.5,"{""Bat_V"": 3.552, ""Exti_pin_level"": ""Low"", ""Exti_status"": ""False"", ""IDC_intput_mA"": 5.752, ""IN1_pin_level"": ""Low"", ""IN2_pin_level"": ""Low"", ""Node_type"": ""PS-LB"", ""Probe_mod"": 0, ""VDC_intput_V"": 0, ""Water_deep_cm"": 21.9}"
2025-09-18 11:59:58.614343835+00:00,ps-lb-09,2,-56,9.75,"{""Bat_V"": 3.558, ""Exti_pin_level"": ""Low"", ""Exti_status"": ""False"", ""IDC_intput_mA"": 5.752, ""IN1_pin_level"": ""Low"", ""IN2_pin_level"": ""Low"", ""Node_type"": ""PS-LB"", ""Probe_mod"": 0, ""VDC_intput_V"": 0, ""Water_deep_cm"": 21.9}"
2025-09-18 12:09:58.479601428+00:00,ps-lb-09,2,-55,7.0,"{""Bat_V"": 3.552, ""Exti_pin_level"": ""Low"", ""Exti_status"": ""False"", ""IDC_intput_mA"": 5.752, ""IN1_pin_level"": ""Low"", ""IN2_pin_level"": ""Low"", ""Node_type"": ""PS-LB"", ""Probe_mod"": 0, ""VDC_intput_V"": 0, ""Water_deep_cm"": 21.9}"
2025-09-18 12:19:58.365657477+00:00,ps-lb-09,2,-57,10.75,"{""Bat_V"": 3.558, ""Exti_pin_level"": ""Low"", ""Exti_status"": ""False"", ""IDC_intput_mA"": 5.752, ""IN1_pin_level"": ""Low"", ""IN2_pin_level"": ""Low"", ""Node_type"": ""PS-LB"", ""Probe_mod"": 0, ""VDC_intput_V"": 0, ""Water_deep_cm"": 21.9}"
2025-09-18 12:29:58.254022665+00:00,ps-lb-09,2,-59,10.5,"{""Bat_V"": 3.558, ""Exti_pin_level"": ""Low"", ""Exti_status"": ""False"", ""IDC_intput_mA"": 5.752, ""IN1_pin_level"": ""Low"", ""IN2_pin_level"": ""Low"", ""Node_type"": ""PS-LB"", ""Probe_mod"": 0, ""VDC_intput_V"": 0, ""Water_deep_cm"": 21.9}"
2025-09-18 12:39:58.122249340+00:00,ps-lb-09,2,-56,8.75,"{""Bat_V"": 3.552, ""Exti_pin_level"": ""Low"", ""Exti_status"": ""False"", ""IDC_intput_mA"": 5.752, ""IN1_pin_level"": ""Low"", ""IN2_pin_level"": ""Low"", ""Node_type"": ""PS-LB"", ""Probe_mod"": 0, ""VDC_intput_V"": 0, ""Water_deep_cm"": 21.9}"
2025-09-18 12:49:57.990407519+00:00,ps-lb-09,2,-54,7.25,"{""Bat_V"": 3.558, ""Exti_pin_level"": ""Low"", ""Exti_status"": ""False"", ""IDC_intput_mA"": 5.752, ""IN1_pin_level"": ""Low"", ""IN2_pin_level"": ""Low"", ""Node_type"": ""PS-LB"", ""Probe_mod"": 0, ""VDC_intput_V"": 0, ""Water_deep_cm"": 21.9}"
2025-09-18 12:59:57.879432421+00:00,ps-lb-09,2,-57,7.75,"{""Bat_V"": 3.558, ""Exti_pin_level"": ""Low"", ""Exti_status"": ""False"", ""IDC_intput_mA"": 5.751, ""IN1_pin_level"": ""Low"", ""IN2_pin_level"": ""Low"", ""Node_type"": ""PS-LB"", ""Probe_mod"": 0, ""VDC_intput_V"": 0, ""Water_deep_cm"": 21.888}"
2025-09-18 13:09:57.755572164+00:00,ps-lb-09,2,-57,10.75,"{""Bat_V"": 3.558, ""Exti_pin_level"": ""Low"", ""Exti_status"": ""False"", ""IDC_intput_mA"": 5.752, ""IN1_pin_level"": ""Low"", ""IN2_pin_level"": ""Low"", ""Node_type"": ""PS-LB"", ""Probe_mod"": 0, ""VDC_intput_V"": 0, ""Water_deep_cm"": 21.9}"
2025-09-18 13:19:57.634567762+00:00,ps-lb-09,2,-57,10.25,"{""Bat_V"": 3.558, ""Exti_pin_level"": ""Low"", ""Exti_status"": ""False"", ""IDC_intput_mA"": 5.752, ""IN1_pin_level"": ""Low"", ""IN2_pin_level"": ""Low"", ""Node_type"": ""PS-LB"", ""Probe_mod"": 0, ""VDC_intput_V"": 0, ""Water_deep_cm"": 21.9}"
2025-09-18 13:29:57.511039009+00:00,ps-lb-09,2,-57,10.25,"{""Bat_V"": 3.558, ""Exti_pin_level"": ""Low"", ""Exti_status"": ""False"", ""IDC_intput_mA"": 5.752, ""IN1_pin_level"": ""Low"", ""IN2_pin_level"": ""Low"", ""Node_type"": ""PS-LB"", ""Probe_mod"": 0, ""VDC_intput_V"": 0, ""Water_deep_cm"": 21.9}"
2025-09-18 13:39:57.390088712+00:00,ps-lb-09,2,-55,9.0,"{""Bat_V"": 3.558, ""Exti_pin_level"": ""Low"", ""Exti_status"": ""False"", ""IDC_intput_mA"": 5.752, ""IN1_pin_level"": ""Low"", ""IN2_pin_level"": ""Low"", ""Node_type"": ""PS-LB"", ""Probe_mod"": 0, ""VDC_intput_V"": 0, ""Water_deep_cm"": 21.9}"
2025-09-18 13:49:57.300868013+00:00,ps-lb-09,2,-55,9.25,"{""Bat_V"": 3.558, ""Exti_pin_level"": ""Low"", ""Exti_status"": ""False"", ""IDC_intput_mA"": 5.752, ""IN1_pin_level"": ""Low"", ""IN2_pin_level"": ""Low"", ""Node_type"": ""PS-LB"", ""Probe_mod"": 0, ""VDC_intput_V"": 0, ""Water_deep_cm"": 21.9}"
2025-09-18 13:59:57.139896278+00:00,ps-lb-09,2,-56,10.5,"{""Bat_V"": 3.558, ""Exti_pin_level"": ""Low"", ""Exti_status"": ""False"", ""IDC_intput_mA"": 5.751, ""IN1_pin_level"": ""Low"", ""IN2_pin_level"": ""Low"", ""Node_type"": ""PS-LB"", ""Probe_mod"": 0, ""VDC_intput_V"": 0, ""Water_deep_cm"": 21.888}"
2025-09-18 14:09:57.037527174+00:00,ps-lb-09,2,-53,7.75,"{""Bat_V"": 3.558, ""Exti_pin_level"": ""Low"", ""Exti_status"": ""False"", ""IDC_intput_mA"": 5.751, ""IN1_pin_level"": ""Low"", ""IN2_pin_level"": ""Low"", ""Node_type"": ""PS-LB"", ""Probe_mod"": 0, ""VDC_intput_V"": 0, ""Water_deep_cm"": 21.888}"
2025-09-18 14:19:56.909824359+00:00,ps-lb-09,2,-56,9.75,"{""Bat_V"": 3.558, ""Exti_pin_level"": ""Low"", ""Exti_status"": ""False"", ""IDC_intput_mA"": 5.751, ""IN1_pin_level"": ""Low"", ""IN2_pin_level"": ""Low"", ""Node_type"": ""PS-LB"", ""Probe_mod"": 0, ""VDC_intput_V"": 0, ""Water_deep_cm"": 21.888}"
2025-09-18 14:29:56.775816936+00:00,ps-lb-09,2,-56,9.75,"{""Bat_V"": 3.558, ""Exti_pin_level"": ""Low"", ""Exti_status"": ""False"", ""IDC_intput_mA"": 5.752, ""IN1_pin_level"": ""Low"", ""IN2_pin_level"": ""Low"", ""Node_type"": ""PS-LB"", ""Probe_mod"": 0, ""VDC_intput_V"": 0, ""Water_deep_cm"": 21.9}"
2025-09-18 14:39:56.681349073+00:00,ps-lb-09,2,-55,9.0,"{""Bat_V"": 3.558, ""Exti_pin_level"": ""Low"", ""Exti_status"": ""False"", ""IDC_intput_mA"": 5.752, ""IN1_pin_level"": ""Low"", ""IN2_pin_level"": ""Low"", ""Node_type"": ""PS-LB"", ""Probe_mod"": 0, ""VDC_intput_V"": 0, ""Water_deep_cm"": 21.9}"
2025-09-18 14:49:56.549083364+00:00,ps-lb-09,2,-53,7.25,"{""Bat_V"": 3.558, ""Exti_pin_level"": ""Low"", ""Exti_status"": ""False"", ""IDC_intput_mA"": 5.752, ""IN1_pin_level"": ""Low"", ""IN2_pin_level"": ""Low"", ""Node_type"": ""PS-LB"", ""Probe_mod"": 0, ""VDC_intput_V"": 0, ""Water_deep_cm"": 21.9}"
2025-09-18 14:59:56.509067626+00:00,ps-lb-09,2,-55,9.0,"{""Bat_V"": 3.558, ""Exti_pin_level"": ""Low"", ""Exti_status"": ""False"", ""IDC_intput_mA"": 5.752, ""IN1_pin_level"": ""Low"", ""IN2_pin_level"": ""Low"", ""Node_type"": ""PS-LB"", ""Probe_mod"": 0, ""VDC_intput_V"": 0, ""Water_deep_cm"": 21.9}"
2025-09-18 15:09:56.296269502+00:00,ps-lb-09,2,-57,10.0,"{""Bat_V"": 3.558, ""Exti_pin_level"": ""Low"", ""Exti_status"": ""False"", ""IDC_intput_mA"": 5.752, ""IN1_pin_level"": ""Low"", ""IN2_pin_level"": ""Low"", ""Node_type"": ""PS-LB"", ""Probe_mod"": 0, ""VDC_intput_V"": 0, ""Water_deep_cm"": 21.9}"
2025-09-18 15:19:56.176359509+00:00,ps-lb-09,2,-52,8.0,"{""Bat_V"": 3.552, ""Exti_pin_level"": ""Low"", ""Exti_status"": ""False"", ""IDC_intput_mA"": 5.752, ""IN1_pin_level"": ""Low"", ""IN2_pin_level"": ""Low"", ""Node_type"": ""PS-LB"", ""Probe_mod"": 0, ""VDC_intput_V"": 0, ""Water_deep_cm"": 21.9}"
2025-09-18 15:39:55.921836241+00:00,ps-lb-09,2,-57,10.5,"{""Bat_V"": 3.552, ""Exti_pin_level"": ""Low"", ""Exti_status"": ""False"", ""IDC_intput_mA"": 5.751, ""IN1_pin_level"": ""Low"", ""IN2_pin_level"": ""Low"", ""Node_type"": ""PS-LB"", ""Probe_mod"": 0, ""VDC_intput_V"": 0, ""Water_deep_cm"": 21.888}"
2025-09-18 15:49:55.825385867+00:00,ps-lb-09,2,-57,9.75,"{""Bat_V"": 3.552, ""Exti_pin_level"": ""Low"", ""Exti_status"": ""False"", ""IDC_intput_mA"": 5.751, ""IN1_pin_level"": ""Low"", ""IN2_pin_level"": ""Low"", ""Node_type"": ""PS-LB"", ""Probe_mod"": 0, ""VDC_intput_V"": 0, ""Water_deep_cm"": 21.888}"
2025-09-18 15:59:55.703705544+00:00,ps-lb-09,2,-55,9.5,"{""Bat_V"": 3.552, ""Exti_pin_level"": ""Low"", ""Exti_status"": ""False"", ""IDC_intput_mA"": 5.751, ""IN1_pin_level"": ""Low"", ""IN2_pin_level"": ""Low"", ""Node_type"": ""PS-LB"", ""Probe_mod"": 0, ""VDC_intput_V"": 0, ""Water_deep_cm"": 21.888}"
2025-09-18 16:09:55.577653267+00:00,ps-lb-09,2,-53,8.25,"{""Bat_V"": 3.552, ""Exti_pin_level"": ""Low"", ""Exti_status"": ""False"", ""IDC_intput_mA"": 5.751, ""IN1_pin_level"": ""Low"", ""IN2_pin_level"": ""Low"", ""Node_type"": ""PS-LB"", ""Probe_mod"": 0, ""VDC_intput_V"": 0, ""Water_deep_cm"": 21.888}"
2025-09-18 16:19:55.467654273+00:00,ps-lb-09,2,-55,10.5,"{""Bat_V"": 3.552, ""Exti_pin_level"": ""Low"", ""Exti_status"": ""False"", ""IDC_intput_mA"": 5.751, ""IN1_pin_level"": ""Low"", ""IN2_pin_level"": ""Low"", ""Node_type"": ""PS-LB"", ""Probe_mod"": 0, ""VDC_intput_V"": 0, ""Water_deep_cm"": 21.888}"
2025-09-18 16:29:55.347899380+00:00,ps-lb-09,2,-57,10.0,"{""Bat_V"": 3.558, ""Exti_pin_level"": ""Low"", ""Exti_status"": ""False"", ""IDC_intput_mA"": 5.751, ""IN1_pin_level"": ""Low"", ""IN2_pin_level"": ""Low"", ""Node_type"": ""PS-LB"", ""Probe_mod"": 0, ""VDC_intput_V"": 0, ""Water_deep_cm"": 21.888}"
2025-09-18 16:39:55.213072042+00:00,ps-lb-09,2,-52,7.0,"{""Bat_V"": 3.558, ""Exti_pin_level"": ""Low"", ""Exti_status"": ""False"", ""IDC_intput_mA"": 5.751, ""IN1_pin_level"": ""Low"", ""IN2_pin_level"": ""Low"", ""Node_type"": ""PS-LB"", ""Probe_mod"": 0, ""VDC_intput_V"": 0, ""Water_deep_cm"": 21.888}"
2025-09-18 16:49:55.088429823+00:00,ps-lb-09,2,-55,10.0,"{""Bat_V"": 3.552, ""Exti_pin_level"": ""Low"", ""Exti_status"": ""False"", ""IDC_intput_mA"": 5.751, ""IN1_pin_level"": ""Low"", ""IN2_pin_level"": ""Low"", ""Node_type"": ""PS-LB"", ""Probe_mod"": 0, ""VDC_intput_V"": 0, ""Water_deep_cm"": 21.888}"
2025-09-18 16:59:54.955700644+00:00,ps-lb-09,2,-54,9.75,"{""Bat_V"": 3.558, ""Exti_pin_level"": ""Low"", ""Exti_status"": ""False"", ""IDC_intput_mA"": 5.751, ""IN1_pin_level"": ""Low"", ""IN2_pin_level"": ""Low"", ""Node_type"": ""PS-LB"", ""Probe_mod"": 0, ""VDC_intput_V"": 0, ""Water_deep_cm"": 21.888}"
2025-09-18 17:09:54.841558119+00:00,ps-lb-09,2,-56,9.25,"{""Bat_V"": 3.552, ""Exti_pin_level"": ""Low"", ""Exti_status"": ""False"", ""IDC_intput_mA"": 5.751, ""IN1_pin_level"": ""Low"", ""IN2_pin_level"": ""Low"", ""Node_type"": ""PS-LB"", ""Probe_mod"": 0, ""VDC_intput_V"": 0, ""Water_deep_cm"": 21.888}"
2025-09-18 17:19:54.732559602+00:00,ps-lb-09,2,-56,9.5,"{""Bat_V"": 3.552, ""Exti_pin_level"": ""Low"", ""Exti_status"": ""False"", ""IDC_intput_mA"": 5.751, ""IN1_pin_level"": ""Low"", ""IN2_pin_level"": ""Low"", ""Node_type"": ""PS-LB"", ""Probe_mod"": 0, ""VDC_intput_V"": 0, ""Water_deep_cm"": 21.888}"
2025-09-18 17:29:54.591785886+00:00,ps-lb-09,2,-56,7.25,"{""Bat_V"": 3.552, ""Exti_pin_level"": ""Low"", ""Exti_status"": ""False"", ""IDC_intput_mA"": 5.751, ""IN1_pin_level"": ""Low"", ""IN2_pin_level"": ""Low"", ""Node_type"": ""PS-LB"", ""Probe_mod"": 0, ""VDC_intput_V"": 0, ""Water_deep_cm"": 21.888}"
2025-09-18 17:39:54.473831564+00:00,ps-lb-09,2,-54,9.5,"{""Bat_V"": 3.552, ""Exti_pin_level"": ""Low"", ""Exti_status"": ""False"", ""IDC_intput_mA"": 5.751, ""IN1_pin_level"": ""Low"", ""IN2_pin_level"": ""Low"", ""Node_type"": ""PS-LB"", ""Probe_mod"": 0, ""VDC_intput_V"": 0, ""Water_deep_cm"": 21.888}"
2025-09-18 17:49:54.354972270+00:00,ps-lb-09,2,-56,9.25,"{""Bat_V"": 3.558, ""Exti_pin_level"": ""Low"", ""Exti_status"": ""False"", ""IDC_intput_mA"": 5.751, ""IN1_pin_level"": ""Low"", ""IN2_pin_level"": ""Low"", ""Node_type"": ""PS-LB"", ""Probe_mod"": 0, ""VDC_intput_V"": 0, ""Water_deep_cm"": 21.888}"
2025-09-18 17:59:54.253319176+00:00,ps-lb-09,2,-53,9.75,"{""Bat_V"": 3.552, ""Exti_pin_level"": ""Low"", ""Exti_status"": ""False"", ""IDC_intput_mA"": 5.751, ""IN1_pin_level"": ""Low"", ""IN2_pin_level"": ""Low"", ""Node_type"": ""PS-LB"", ""Probe_mod"": 0, ""VDC_intput_V"": 0, ""Water_deep_cm"": 21.888}"
2025-09-18 18:09:54.119774577+00:00,ps-lb-09,2,-52,7.25,"{""Bat_V"": 3.558, ""Exti_pin_level"": ""Low"", ""Exti_status"": ""False"", ""IDC_intput_mA"": 5.751, ""IN1_pin_level"": ""Low"", ""IN2_pin_level"": ""Low"", ""Node_type"": ""PS-LB"", ""Probe_mod"": 0, ""VDC_intput_V"": 0, ""Water_deep_cm"": 21.888}"
2025-09-18 18:19:53.996152281+00:00,ps-lb-09,2,-55,7.75,"{""Bat_V"": 3.552, ""Exti_pin_level"": ""Low"", ""Exti_status"": ""False"", ""IDC_intput_mA"": 5.751, ""IN1_pin_level"": ""Low"", ""IN2_pin_level"": ""Low"", ""Node_type"": ""PS-LB"", ""Probe_mod"": 0, ""VDC_intput_V"": 0, ""Water_deep_cm"": 21.888}"
2025-09-18 18:29:53.869199508+00:00,ps-lb-09,2,-54,9.5,"{""Bat_V"": 3.558, ""Exti_pin_level"": ""Low"", ""Exti_status"": ""False"", ""IDC_intput_mA"": 5.751, ""IN1_pin_level"": ""Low"", ""IN2_pin_level"": ""Low"", ""Node_type"": ""PS-LB"", ""Probe_mod"": 0, ""VDC_intput_V"": 0, ""Water_deep_cm"": 21.888}"
2025-09-18 18:39:53.747218749+00:00,ps-lb-09,2,-56,9.5,"{""Bat_V"": 3.552, ""Exti_pin_level"": ""Low"", ""Exti_status"": ""False"", ""IDC_intput_mA"": 5.751, ""IN1_pin_level"": ""Low"", ""IN2_pin_level"": ""Low"", ""Node_type"": ""PS-LB"", ""Probe_mod"": 0, ""VDC_intput_V"": 0, ""Water_deep_cm"": 21.888}"
2025-09-18 18:49:53.637060850+00:00,ps-lb-09,2,-54,7.75,"{""Bat_V"": 3.558, ""Exti_pin_level"": ""Low"", ""Exti_status"": ""False"", ""IDC_intput_mA"": 5.752, ""IN1_pin_level"": ""Low"", ""IN2_pin_level"": ""Low"", ""Node_type"": ""PS-LB"", ""Probe_mod"": 0, ""VDC_intput_V"": 0, ""Water_deep_cm"": 21.9}"
2025-09-18 18:59:53.506870152+00:00,ps-lb-09,2,-54,9.25,"{""Bat_V"": 3.558, ""Exti_pin_level"": ""Low"", ""Exti_status"": ""False"", ""IDC_intput_mA"": 5.751, ""IN1_pin_level"": ""Low"", ""IN2_pin_level"": ""Low"", ""Node_type"": ""PS-LB"", ""Probe_mod"": 0, ""VDC_intput_V"": 0, ""Water_deep_cm"": 21.888}"
2025-09-18 19:09:53.395311931+00:00,ps-lb-09,2,-55,9.5,"{""Bat_V"": 3.552, ""Exti_pin_level"": ""Low"", ""Exti_status"": ""False"", ""IDC_intput_mA"": 5.751, ""IN1_pin_level"": ""Low"", ""IN2_pin_level"": ""Low"", ""Node_type"": ""PS-LB"", ""Probe_mod"": 0, ""VDC_intput_V"": 0, ""Water_deep_cm"": 21.888}"
2025-09-18 19:19:53.269275254+00:00,ps-lb-09,2,-55,10.0,"{""Bat_V"": 3.558, ""Exti_pin_level"": ""Low"", ""Exti_status"": ""False"", ""IDC_intput_mA"": 5.751, ""IN1_pin_level"": ""Low"", ""IN2_pin_level"": ""Low"", ""Node_type"": ""PS-LB"", ""Probe_mod"": 0, ""VDC_intput_V"": 0, ""Water_deep_cm"": 21.888}"
2025-09-18 19:29:53.157677105+00:00,ps-lb-09,2,-54,7.0,"{""Bat_V"": 3.558, ""Exti_pin_level"": ""Low"", ""Exti_status"": ""False"", ""IDC_intput_mA"": 5.751, ""IN1_pin_level"": ""Low"", ""IN2_pin_level"": ""Low"", ""Node_type"": ""PS-LB"", ""Probe_mod"": 0, ""VDC_intput_V"": 0, ""Water_deep_cm"": 21.888}"
2025-09-18 19:39:53.035648730+00:00,ps-lb-09,2,-56,9.75,"{""Bat_V"": 3.552, ""Exti_pin_level"": ""Low"", ""Exti_status"": ""False"", ""IDC_intput_mA"": 5.751, ""IN1_pin_level"": ""Low"", ""IN2_pin_level"": ""Low"", ""Node_type"": ""PS-LB"", ""Probe_mod"": 0, ""VDC_intput_V"": 0, ""Water_deep_cm"": 21.888}"
2025-09-18 19:49:52.918853655+00:00,ps-lb-09,2,-54,9.5,"{""Bat_V"": 3.552, ""Exti_pin_level"": ""Low"", ""Exti_status"": ""False"", ""IDC_intput_mA"": 5.751, ""IN1_pin_level"": ""Low"", ""IN2_pin_level"": ""Low"", ""Node_type"": ""PS-LB"", ""Probe_mod"": 0, ""VDC_intput_V"": 0, ""Water_deep_cm"": 21.888}"
2025-09-18 19:59:52.779291633+00:00,ps-lb-09,2,-56,9.75,"{""Bat_V"": 3.552, ""Exti_pin_level"": ""Low"", ""Exti_status"": ""False"", ""IDC_intput_mA"": 5.751, ""IN1_pin_level"": ""Low"", ""IN2_pin_level"": ""Low"", ""Node_type"": ""PS-LB"", ""Probe_mod"": 0, ""VDC_intput_V"": 0, ""Water_deep_cm"": 21.888}"
2025-09-18 20:09:52.670509003+00:00,ps-lb-09,2,-57,9.5,"{""Bat_V"": 3.552, ""Exti_pin_level"": ""Low"", ""Exti_status"": ""False"", ""IDC_intput_mA"": 5.751, ""IN1_pin_level"": ""Low"", ""IN2_pin_level"": ""Low"", ""Node_type"": ""PS-LB"", ""Probe_mod"": 0, ""VDC_intput_V"": 0, ""Water_deep_cm"": 21.888}"
2025-09-18 20:19:52.556328732+00:00,ps-lb-09,2,-53,9.5,"{""Bat_V"": 3.552, ""Exti_pin_level"": ""Low"", ""Exti_status"": ""False"", ""IDC_intput_mA"": 5.751, ""IN1_pin_level"": ""Low"", ""IN2_pin_level"": ""Low"", ""Node_type"": ""PS-LB"", ""Probe_mod"": 0, ""VDC_intput_V"": 0, ""Water_deep_cm"": 21.888}"
2025-09-18 20:29:52.422778806+00:00,ps-lb-09,2,-55,9.25,"{""Bat_V"": 3.552, ""Exti_pin_level"": ""Low"", ""Exti_status"": ""False"", ""IDC_intput_mA"": 5.751, ""IN1_pin_level"": ""Low"", ""IN2_pin_level"": ""Low"", ""Node_type"": ""PS-LB"", ""Probe_mod"": 0, ""VDC_intput_V"": 0, ""Water_deep_cm"": 21.888}"
2025-09-18 20:39:52.317951331+00:00,ps-lb-09,2,-56,6.75,"{""Bat_V"": 3.558, ""Exti_pin_level"": ""Low"", ""Exti_status"": ""False"", ""IDC_intput_mA"": 5.751, ""IN1_pin_level"": ""Low"", ""IN2_pin_level"": ""Low"", ""Node_type"": ""PS-LB"", ""Probe_mod"": 0, ""VDC_intput_V"": 0, ""Water_deep_cm"": 21.888}"
2025-09-18 20:49:52.178711378+00:00,ps-lb-09,2,-52,8.0,"{""Bat_V"": 3.552, ""Exti_pin_level"": ""Low"", ""Exti_status"": ""False"", ""IDC_intput_mA"": 5.751, ""IN1_pin_level"": ""Low"", ""IN2_pin_level"": ""Low"", ""Node_type"": ""PS-LB"", ""Probe_mod"": 0, ""VDC_intput_V"": 0, ""Water_deep_cm"": 21.888}"
2025-09-18 20:59:52.057341547+00:00,ps-lb-09,2,-56,10.0,"{""Bat_V"": 3.552, ""Exti_pin_level"": ""Low"", ""Exti_status"": ""False"", ""IDC_intput_mA"": 5.751, ""IN1_pin_level"": ""Low"", ""IN2_pin_level"": ""Low"", ""Node_type"": ""PS-LB"", ""Probe_mod"": 0, ""VDC_intput_V"": 0, ""Water_deep_cm"": 21.888}"
2025-09-18 21:09:51.937355110+00:00,ps-lb-09,2,-56,10.0,"{""Bat_V"": 3.552, ""Exti_pin_level"": ""Low"", ""Exti_status"": ""False"", ""IDC_intput_mA"": 5.751, ""IN1_pin_level"": ""Low"", ""IN2_pin_level"": ""Low"", ""Node_type"": ""PS-LB"", ""Probe_mod"": 0, ""VDC_intput_V"": 0, ""Water_deep_cm"": 21.888}"
2025-09-18 21:19:51.824275763+00:00,ps-lb-09,2,-57,9.75,"{""Bat_V"": 3.552, ""Exti_pin_level"": ""Low"", ""Exti_status"": ""False"", ""IDC_intput_mA"": 5.751, ""IN1_pin_level"": ""Low"", ""IN2_pin_level"": ""Low"", ""Node_type"": ""PS-LB"", ""Probe_mod"": 0, ""VDC_intput_V"": 0, ""Water_deep_cm"": 21.888}"
2025-09-18 21:29:51.694736262+00:00,ps-lb-09,2,-55,6.25,"{""Bat_V"": 3.552, ""Exti_pin_level"": ""Low"", ""Exti_status"": ""False"", ""IDC_intput_mA"": 5.751, ""IN1_pin_level"": ""Low"", ""IN2_pin_level"": ""Low"", ""Node_type"": ""PS-LB"", ""Probe_mod"": 0, ""VDC_intput_V"": 0, ""Water_deep_cm"": 21.888}"
2025-09-18 21:39:51.572643487+00:00,ps-lb-09,2,-55,9.0,"{""Bat_V"": 3.552, ""Exti_pin_level"": ""Low"", ""Exti_status"": ""False"", ""IDC_intput_mA"": 5.751, ""IN1_pin_level"": ""Low"", ""IN2_pin_level"": ""Low"", ""Node_type"": ""PS-LB"", ""Probe_mod"": 0, ""VDC_intput_V"": 0, ""Water_deep_cm"": 21.888}"
2025-09-18 21:49:51.451774908+00:00,ps-lb-09,2,-59,11.5,"{""Bat_V"": 3.552, ""Exti_pin_level"": ""Low"", ""Exti_status"": ""False"", ""IDC_intput_mA"": 5.751, ""IN1_pin_level"": ""Low"", ""IN2_pin_level"": ""Low"", ""Node_type"": ""PS-LB"", ""Probe_mod"": 0, ""VDC_intput_V"": 0, ""Water_deep_cm"": 21.888}"
2025-09-18 21:59:51.325465654+00:00,ps-lb-09,2,-54,6.75,"{""Bat_V"": 3.552, ""Exti_pin_level"": ""Low"", ""Exti_status"": ""False"", ""IDC_intput_mA"": 5.751, ""IN1_pin_level"": ""Low"", ""IN2_pin_level"": ""Low"", ""Node_type"": ""PS-LB"", ""Probe_mod"": 0, ""VDC_intput_V"": 0, ""Water_deep_cm"": 21.888}"
2025-09-18 22:09:51.226762305+00:00,ps-lb-09,2,-54,9.5,"{""Bat_V"": 3.552, ""Exti_pin_level"": ""Low"", ""Exti_status"": ""False"", ""IDC_intput_mA"": 5.751, ""IN1_pin_level"": ""Low"", ""IN2_pin_level"": ""Low"", ""Node_type"": ""PS-LB"", ""Probe_mod"": 0, ""VDC_intput_V"": 0, ""Water_deep_cm"": 21.888}"
2025-09-18 22:19:51.116012194+00:00,ps-lb-09,2,-56,9.5,"{""Bat_V"": 3.552, ""Exti_pin_level"": ""Low"", ""Exti_status"": ""False"", ""IDC_intput_mA"": 5.751, ""IN1_pin_level"": ""Low"", ""IN2_pin_level"": ""Low"", ""Node_type"": ""PS-LB"", ""Probe_mod"": 0, ""VDC_intput_V"": 0, ""Water_deep_cm"": 21.888}"
2025-09-18 22:29:50.964307227+00:00,ps-lb-09,2,-56,9.0,"{""Bat_V"": 3.552, ""Exti_pin_level"": ""Low"", ""Exti_status"": ""False"", ""IDC_intput_mA"": 5.751, ""IN1_pin_level"": ""Low"", ""IN2_pin_level"": ""Low"", ""Node_type"": ""PS-LB"", ""Probe_mod"": 0, ""VDC_intput_V"": 0, ""Water_deep_cm"": 21.888}"
2025-09-18 22:39:50.854048356+00:00,ps-lb-09,2,-59,10.5,"{""Bat_V"": 3.552, ""Exti_pin_level"": ""Low"", ""Exti_status"": ""False"", ""IDC_intput_mA"": 5.751, ""IN1_pin_level"": ""Low"", ""IN2_pin_level"": ""Low"", ""Node_type"": ""PS-LB"", ""Probe_mod"": 0, ""VDC_intput_V"": 0, ""Water_deep_cm"": 21.888}"
2025-09-18 22:49:50.725107257+00:00,ps-lb-09,2,-57,11.25,"{""Bat_V"": 3.552, ""Exti_pin_level"": ""Low"", ""Exti_status"": ""False"", ""IDC_intput_mA"": 5.751, ""IN1_pin_level"": ""Low"", ""IN2_pin_level"": ""Low"", ""Node_type"": ""PS-LB"", ""Probe_mod"": 0, ""VDC_intput_V"": 0, ""Water_deep_cm"": 21.888}"
2025-09-18 22:59:50.597364592+00:00,ps-lb-09,2,-56,10.0,"{""Bat_V"": 3.558, ""Exti_pin_level"": ""Low"", ""Exti_status"": ""False"", ""IDC_intput_mA"": 5.751, ""IN1_pin_level"": ""Low"", ""IN2_pin_level"": ""Low"", ""Node_type"": ""PS-LB"", ""Probe_mod"": 0, ""VDC_intput_V"": 0, ""Water_deep_cm"": 21.888}"
2025-09-18 23:09:50.486812054+00:00,ps-lb-09,2,-56,9.25,"{""Bat_V"": 3.552, ""Exti_pin_level"": ""Low"", ""Exti_status"": ""False"", ""IDC_intput_mA"": 5.751, ""IN1_pin_level"": ""Low"", ""IN2_pin_level"": ""Low"", ""Node_type"": ""PS-LB"", ""Probe_mod"": 0, ""VDC_intput_V"": 0, ""Water_deep_cm"": 21.888}"
2025-09-18 23:19:50.353201166+00:00,ps-lb-09,2,-53,7.5,"{""Bat_V"": 3.552, ""Exti_pin_level"": ""Low"", ""Exti_status"": ""False"", ""IDC_intput_mA"": 5.751, ""IN1_pin_level"": ""Low"", ""IN2_pin_level"": ""Low"", ""Node_type"": ""PS-LB"", ""Probe_mod"": 0, ""VDC_intput_V"": 0, ""Water_deep_cm"": 21.888}"
2025-09-18 23:29:50.251466108+00:00,ps-lb-09,2,-54,7.5,"{""Bat_V"": 3.552, ""Exti_pin_level"": ""Low"", ""Exti_status"": ""False"", ""IDC_intput_mA"": 5.751, ""IN1_pin_level"": ""Low"", ""IN2_pin_level"": ""Low"", ""Node_type"": ""PS-LB"", ""Probe_mod"": 0, ""VDC_intput_V"": 0, ""Water_deep_cm"": 21.888}"
2025-09-18 23:39:50.133168643+00:00,ps-lb-09,2,-56,10.75,"{""Bat_V"": 3.552, ""Exti_pin_level"": ""Low"", ""Exti_status"": ""False"", ""IDC_intput_mA"": 5.751, ""IN1_pin_level"": ""Low"", ""IN2_pin_level"": ""Low"", ""Node_type"": ""PS-LB"", ""Probe_mod"": 0, ""VDC_intput_V"": 0, ""Water_deep_cm"": 21.888}"
2025-09-18 23:49:49.989036882+00:00,ps-lb-09,2,-55,9.5,"{""Bat_V"": 3.552, ""Exti_pin_level"": ""Low"", ""Exti_status"": ""False"", ""IDC_intput_mA"": 5.751, ""IN1_pin_level"": ""Low"", ""IN2_pin_level"": ""Low"", ""Node_type"": ""PS-LB"", ""Probe_mod"": 0, ""VDC_intput_V"": 0, ""Water_deep_cm"": 21.888}"
2025-09-18 23:59:49.888337259+00:00,ps-lb-09,2,-56,9.75,"{""Bat_V"": 3.552, ""Exti_pin_level"": ""Low"", ""Exti_status"": ""False"", ""IDC_intput_mA"": 5.751, ""IN1_pin_level"": ""Low"", ""IN2_pin_level"": ""Low"", ""Node_type"": ""PS-LB"", ""Probe_mod"": 0, ""VDC_intput_V"": 0, ""Water_deep_cm"": 21.888}"
2025-09-19 00:09:49.769601906+00:00,ps-lb-09,2,-53,7.75,"{""Bat_V"": 3.552, ""Exti_pin_level"": ""Low"", ""Exti_status"": ""False"", ""IDC_intput_mA"": 5.751, ""IN1_pin_level"": ""Low"", ""IN2_pin_level"": ""Low"", ""Node_type"": ""PS-LB"", ""Probe_mod"": 0, ""VDC_intput_V"": 0, ""Water_deep_cm"": 21.888}"
2025-09-19 00:19:49.668123596+00:00,ps-lb-09,2,-56,9.5,"{""Bat_V"": 3.552, ""Exti_pin_level"": ""Low"", ""Exti_status"": ""False"", ""IDC_intput_mA"": 5.751, ""IN1_pin_level"": ""Low"", ""IN2_pin_level"": ""Low"", ""Node_type"": ""PS-LB"", ""Probe_mod"": 0, ""VDC_intput_V"": 0, ""Water_deep_cm"": 21.888}"
2025-09-19 00:29:49.520081924+00:00,ps-lb-09,2,-55,9.75,"{""Bat_V"": 3.552, ""Exti_pin_level"": ""Low"", ""Exti_status"": ""False"", ""IDC_intput_mA"": 5.751, ""IN1_pin_level"": ""Low"", ""IN2_pin_level"": ""Low"", ""Node_type"": ""PS-LB"", ""Probe_mod"": 0, ""VDC_intput_V"": 0, ""Water_deep_cm"": 21.888}"
2025-09-19 00:39:49.387193985+00:00,ps-lb-09,2,-54,8.0,"{""Bat_V"": 3.552, ""Exti_pin_level"": ""Low"", ""Exti_status"": ""False"", ""IDC_intput_mA"": 5.751, ""IN1_pin_level"": ""Low"", ""IN2_pin_level"": ""Low"", ""Node_type"": ""PS-LB"", ""Probe_mod"": 0, ""VDC_intput_V"": 0, ""Water_deep_cm"": 21.888}"
2025-09-19 00:49:49.269835309+00:00,ps-lb-09,2,-54,8.0,"{""Bat_V"": 3.552, ""Exti_pin_level"": ""Low"", ""Exti_status"": ""False"", ""IDC_intput_mA"": 5.751, ""IN1_pin_level"": ""Low"", ""IN2_pin_level"": ""Low"", ""Node_type"": ""PS-LB"", ""Probe_mod"": 0, ""VDC_intput_V"": 0, ""Water_deep_cm"": 21.888}"
2025-09-19 00:59:49.170986660+00:00,ps-lb-09,2,-55,6.75,"{""Bat_V"": 3.552, ""Exti_pin_level"": ""Low"", ""Exti_status"": ""False"", ""IDC_intput_mA"": 5.751, ""IN1_pin_level"": ""Low"", ""IN2_pin_level"": ""Low"", ""Node_type"": ""PS-LB"", ""Probe_mod"": 0, ""VDC_intput_V"": 0, ""Water_deep_cm"": 21.888}"
2025-09-19 01:09:49.048803087+00:00,ps-lb-09,2,-57,9.25,"{""Bat_V"": 3.552, ""Exti_pin_level"": ""Low"", ""Exti_status"": ""False"", ""IDC_intput_mA"": 5.751, ""IN1_pin_level"": ""Low"", ""IN2_pin_level"": ""Low"", ""Node_type"": ""PS-LB"", ""Probe_mod"": 0, ""VDC_intput_V"": 0, ""Water_deep_cm"": 21.888}"
2025-09-19 01:19:48.912543221+00:00,ps-lb-09,2,-56,10.25,"{""Bat_V"": 3.552, ""Exti_pin_level"": ""Low"", ""Exti_status"": ""False"", ""IDC_intput_mA"": 5.751, ""IN1_pin_level"": ""Low"", ""IN2_pin_level"": ""Low"", ""Node_type"": ""PS-LB"", ""Probe_mod"": 0, ""VDC_intput_V"": 0, ""Water_deep_cm"": 21.888}"
2025-09-19 01:29:48.776207155+00:00,ps-lb-09,2,-57,10.0,"{""Bat_V"": 3.552, ""Exti_pin_level"": ""Low"", ""Exti_status"": ""False"", ""IDC_intput_mA"": 5.751, ""IN1_pin_level"": ""Low"", ""IN2_pin_level"": ""Low"", ""Node_type"": ""PS-LB"", ""Probe_mod"": 0, ""VDC_intput_V"": 0, ""Water_deep_cm"": 21.888}"
2025-09-19 01:39:48.673136368+00:00,ps-lb-09,2,-57,10.0,"{""Bat_V"": 3.552, ""Exti_pin_level"": ""Low"", ""Exti_status"": ""False"", ""IDC_intput_mA"": 5.751, ""IN1_pin_level"": ""Low"", ""IN2_pin_level"": ""Low"", ""Node_type"": ""PS-LB"", ""Probe_mod"": 0, ""VDC_intput_V"": 0, ""Water_deep_cm"": 21.888}"
2025-09-19 01:49:48.546895485+00:00,ps-lb-09,2,-56,10.25,"{""Bat_V"": 3.552, ""Exti_pin_level"": ""Low"", ""Exti_status"": ""False"", ""IDC_intput_mA"": 5.752, ""IN1_pin_level"": ""Low"", ""IN2_pin_level"": ""Low"", ""Node_type"": ""PS-LB"", ""Probe_mod"": 0, ""VDC_intput_V"": 0, ""Water_deep_cm"": 21.9}"
2025-09-19 01:59:48.427399566+00:00,ps-lb-09,2,-55,10.25,"{""Bat_V"": 3.552, ""Exti_pin_level"": ""Low"", ""Exti_status"": ""False"", ""IDC_intput_mA"": 5.751, ""IN1_pin_level"": ""Low"", ""IN2_pin_level"": ""Low"", ""Node_type"": ""PS-LB"", ""Probe_mod"": 0, ""VDC_intput_V"": 0, ""Water_deep_cm"": 21.888}"
2025-09-19 02:09:48.290869262+00:00,ps-lb-09,2,-53,8.5,"{""Bat_V"": 3.552, ""Exti_pin_level"": ""Low"", ""Exti_status"": ""False"", ""IDC_intput_mA"": 5.751, ""IN1_pin_level"": ""Low"", ""IN2_pin_level"": ""Low"", ""Node_type"": ""PS-LB"", ""Probe_mod"": 0, ""VDC_intput_V"": 0, ""Water_deep_cm"": 21.888}"
2025-09-19 02:19:48.181753803+00:00,ps-lb-09,2,-55,6.75,"{""Bat_V"": 3.552, ""Exti_pin_level"": ""Low"", ""Exti_status"": ""False"", ""IDC_intput_mA"": 5.751, ""IN1_pin_level"": ""Low"", ""IN2_pin_level"": ""Low"", ""Node_type"": ""PS-LB"", ""Probe_mod"": 0, ""VDC_intput_V"": 0, ""Water_deep_cm"": 21.888}"
2025-09-19 02:29:48.061092146+00:00,ps-lb-09,2,-54,9.75,"{""Bat_V"": 3.552, ""Exti_pin_level"": ""Low"", ""Exti_status"": ""False"", ""IDC_intput_mA"": 5.751, ""IN1_pin_level"": ""Low"", ""IN2_pin_level"": ""Low"", ""Node_type"": ""PS-LB"", ""Probe_mod"": 0, ""VDC_intput_V"": 0, ""Water_deep_cm"": 21.888}"
2025-09-19 02:39:47.953404450+00:00,ps-lb-09,2,-57,10.0,"{""Bat_V"": 3.552, ""Exti_pin_level"": ""Low"", ""Exti_status"": ""False"", ""IDC_intput_mA"": 5.751, ""IN1_pin_level"": ""Low"", ""IN2_pin_level"": ""Low"", ""Node_type"": ""PS-LB"", ""Probe_mod"": 0, ""VDC_intput_V"": 0, ""Water_deep_cm"": 21.888}"
2025-09-19 02:49:47.823006655+00:00,ps-lb-09,2,-54,9.0,"{""Bat_V"": 3.552, ""Exti_pin_level"": ""Low"", ""Exti_status"": ""False"", ""IDC_intput_mA"": 5.751, ""IN1_pin_level"": ""Low"", ""IN2_pin_level"": ""Low"", ""Node_type"": ""PS-LB"", ""Probe_mod"": 0, ""VDC_intput_V"": 0, ""Water_deep_cm"": 21.888}"
2025-09-19 02:59:47.691376316+00:00,ps-lb-09,2,-56,10.0,"{""Bat_V"": 3.552, ""Exti_pin_level"": ""Low"", ""Exti_status"": ""False"", ""IDC_intput_mA"": 5.751, ""IN1_pin_level"": ""Low"", ""IN2_pin_level"": ""Low"", ""Node_type"": ""PS-LB"", ""Probe_mod"": 0, ""VDC_intput_V"": 0, ""Water_deep_cm"": 21.888}"
2025-09-19 03:09:47.584521166+00:00,ps-lb-09,2,-57,9.75,"{""Bat_V"": 3.552, ""Exti_pin_level"": ""Low"", ""Exti_status"": ""False"", ""IDC_intput_mA"": 5.751, ""IN1_pin_level"": ""Low"", ""IN2_pin_level"": ""Low"", ""Node_type"": ""PS-LB"", ""Probe_mod"": 0, ""VDC_intput_V"": 0, ""Water_deep_cm"": 21.888}"
2025-09-19 03:19:47.462101516+00:00,ps-lb-09,2,-55,7.5,"{""Bat_V"": 3.552, ""Exti_pin_level"": ""Low"", ""Exti_status"": ""False"", ""IDC_intput_mA"": 5.751, ""IN1_pin_level"": ""Low"", ""IN2_pin_level"": ""Low"", ""Node_type"": ""PS-LB"", ""Probe_mod"": 0, ""VDC_intput_V"": 0, ""Water_deep_cm"": 21.888}"
2025-09-19 03:29:47.342245902+00:00,ps-lb-09,2,-53,7.75,"{""Bat_V"": 3.552, ""Exti_pin_level"": ""Low"", ""Exti_status"": ""False"", ""IDC_intput_mA"": 5.751, ""IN1_pin_level"": ""Low"", ""IN2_pin_level"": ""Low"", ""Node_type"": ""PS-LB"", ""Probe_mod"": 0, ""VDC_intput_V"": 0, ""Water_deep_cm"": 21.888}"
2025-09-19 03:39:47.219908245+00:00,ps-lb-09,2,-54,9.25,"{""Bat_V"": 3.552, ""Exti_pin_level"": ""Low"", ""Exti_status"": ""False"", ""IDC_intput_mA"": 5.751, ""IN1_pin_level"": ""Low"", ""IN2_pin_level"": ""Low"", ""Node_type"": ""PS-LB"", ""Probe_mod"": 0, ""VDC_intput_V"": 0, ""Water_deep_cm"": 21.888}"
2025-09-19 03:49:47.101902469+00:00,ps-lb-09,2,-55,11.25,"{""Bat_V"": 3.552, ""Exti_pin_level"": ""Low"", ""Exti_status"": ""False"", ""IDC_intput_mA"": 5.75, ""IN1_pin_level"": ""Low"", ""IN2_pin_level"": ""Low"", ""Node_type"": ""PS-LB"", ""Probe_mod"": 0, ""VDC_intput_V"": 0, ""Water_deep_cm"": 21.875}"
2025-09-19 03:59:46.986363100+00:00,ps-lb-09,2,-57,10.25,"{""Bat_V"": 3.552, ""Exti_pin_level"": ""Low"", ""Exti_status"": ""False"", ""IDC_intput_mA"": 5.751, ""IN1_pin_level"": ""Low"", ""IN2_pin_level"": ""Low"", ""Node_type"": ""PS-LB"", ""Probe_mod"": 0, ""VDC_intput_V"": 0, ""Water_deep_cm"": 21.888}"
2025-09-19 04:09:46.849119779+00:00,ps-lb-09,2,-56,7.75,"{""Bat_V"": 3.552, ""Exti_pin_level"": ""Low"", ""Exti_status"": ""False"", ""IDC_intput_mA"": 5.75, ""IN1_pin_level"": ""Low"", ""IN2_pin_level"": ""Low"", ""Node_type"": ""PS-LB"", ""Probe_mod"": 0, ""VDC_intput_V"": 0, ""Water_deep_cm"": 21.875}"
2025-09-19 04:19:46.725969117+00:00,ps-lb-09,2,-53,9.25,"{""Bat_V"": 3.552, ""Exti_pin_level"": ""Low"", ""Exti_status"": ""False"", ""IDC_intput_mA"": 5.751, ""IN1_pin_level"": ""Low"", ""IN2_pin_level"": ""Low"", ""Node_type"": ""PS-LB"", ""Probe_mod"": 0, ""VDC_intput_V"": 0, ""Water_deep_cm"": 21.888}"
2025-09-19 04:29:46.598818570+00:00,ps-lb-09,2,-54,9.25,"{""Bat_V"": 3.552, ""Exti_pin_level"": ""Low"", ""Exti_status"": ""False"", ""IDC_intput_mA"": 5.75, ""IN1_pin_level"": ""Low"", ""IN2_pin_level"": ""Low"", ""Node_type"": ""PS-LB"", ""Probe_mod"": 0, ""VDC_intput_V"": 0, ""Water_deep_cm"": 21.875}"
2025-09-19 04:39:46.478774332+00:00,ps-lb-09,2,-55,8.75,"{""Bat_V"": 3.552, ""Exti_pin_level"": ""Low"", ""Exti_status"": ""False"", ""IDC_intput_mA"": 5.75, ""IN1_pin_level"": ""Low"", ""IN2_pin_level"": ""Low"", ""Node_type"": ""PS-LB"", ""Probe_mod"": 0, ""VDC_intput_V"": 0, ""Water_deep_cm"": 21.875}"
2025-09-19 04:49:46.365847393+00:00,ps-lb-09,2,-121,-4.75,"{""Bat_V"": 3.552, ""Exti_pin_level"": ""Low"", ""Exti_status"": ""False"", ""IDC_intput_mA"": 5.75, ""IN1_pin_level"": ""Low"", ""IN2_pin_level"": ""Low"", ""Node_type"": ""PS-LB"", ""Probe_mod"": 0, ""VDC_intput_V"": 0, ""Water_deep_cm"": 21.875}"
2025-09-19 04:59:46.250339219+00:00,ps-lb-09,2,-41,7.5,"{""Bat_V"": 3.552, ""Exti_pin_level"": ""Low"", ""Exti_status"": ""False"", ""IDC_intput_mA"": 5.75, ""IN1_pin_level"": ""Low"", ""IN2_pin_level"": ""Low"", ""Node_type"": ""PS-LB"", ""Probe_mod"": 0, ""VDC_intput_V"": 0, ""Water_deep_cm"": 21.875}"
2025-09-19 05:09:46.131118148+00:00,ps-lb-09,2,-41,9.25,"{""Bat_V"": 3.552, ""Exti_pin_level"": ""Low"", ""Exti_status"": ""False"", ""IDC_intput_mA"": 5.75, ""IN1_pin_level"": ""Low"", ""IN2_pin_level"": ""Low"", ""Node_type"": ""PS-LB"", ""Probe_mod"": 0, ""VDC_intput_V"": 0, ""Water_deep_cm"": 21.875}"
2025-09-19 05:19:46.008767559+00:00,ps-lb-09,2,-42,10.75,"{""Bat_V"": 3.552, ""Exti_pin_level"": ""Low"", ""Exti_status"": ""False"", ""IDC_intput_mA"": 5.75, ""IN1_pin_level"": ""Low"", ""IN2_pin_level"": ""Low"", ""Node_type"": ""PS-LB"", ""Probe_mod"": 0, ""VDC_intput_V"": 0, ""Water_deep_cm"": 21.875}"
2025-09-19 05:29:45.884824805+00:00,ps-lb-09,2,-41,7.75,"{""Bat_V"": 3.552, ""Exti_pin_level"": ""Low"", ""Exti_status"": ""False"", ""IDC_intput_mA"": 5.75, ""IN1_pin_level"": ""Low"", ""IN2_pin_level"": ""Low"", ""Node_type"": ""PS-LB"", ""Probe_mod"": 0, ""VDC_intput_V"": 0, ""Water_deep_cm"": 21.875}"
2025-09-19 05:39:45.760325123+00:00,ps-lb-09,2,-121,-5.0,"{""Bat_V"": 3.552, ""Exti_pin_level"": ""Low"", ""Exti_status"": ""False"", ""IDC_intput_mA"": 5.75, ""IN1_pin_level"": ""Low"", ""IN2_pin_level"": ""Low"", ""Node_type"": ""PS-LB"", ""Probe_mod"": 0, ""VDC_intput_V"": 0, ""Water_deep_cm"": 21.875}"
2025-09-19 05:49:45.642474726+00:00,ps-lb-09,2,-43,10.75,"{""Bat_V"": 3.552, ""Exti_pin_level"": ""Low"", ""Exti_status"": ""False"", ""IDC_intput_mA"": 5.75, ""IN1_pin_level"": ""Low"", ""IN2_pin_level"": ""Low"", ""Node_type"": ""PS-LB"", ""Probe_mod"": 0, ""VDC_intput_V"": 0, ""Water_deep_cm"": 21.875}"
2025-09-19 05:59:45.541518778+00:00,ps-lb-09,2,-39,7.75,"{""Bat_V"": 3.552, ""Exti_pin_level"": ""Low"", ""Exti_status"": ""False"", ""IDC_intput_mA"": 5.75, ""IN1_pin_level"": ""Low"", ""IN2_pin_level"": ""Low"", ""Node_type"": ""PS-LB"", ""Probe_mod"": 0, ""VDC_intput_V"": 0, ""Water_deep_cm"": 21.875}"
2025-09-19 06:09:45.391069738+00:00,ps-lb-09,2,-38,9.25,"{""Bat_V"": 3.552, ""Exti_pin_level"": ""Low"", ""Exti_status"": ""False"", ""IDC_intput_mA"": 5.75, ""IN1_pin_level"": ""Low"", ""IN2_pin_level"": ""Low"", ""Node_type"": ""PS-LB"", ""Probe_mod"": 0, ""VDC_intput_V"": 0, ""Water_deep_cm"": 21.875}"
2025-09-19 06:19:45.301841313+00:00,ps-lb-09,2,-39,8.0,"{""Bat_V"": 3.552, ""Exti_pin_level"": ""Low"", ""Exti_status"": ""False"", ""IDC_intput_mA"": 5.75, ""IN1_pin_level"": ""Low"", ""IN2_pin_level"": ""Low"", ""Node_type"": ""PS-LB"", ""Probe_mod"": 0, ""VDC_intput_V"": 0, ""Water_deep_cm"": 21.875}"
2025-09-19 06:29:45.149700319+00:00,ps-lb-09,2,-39,9.25,"{""Bat_V"": 3.552, ""Exti_pin_level"": ""Low"", ""Exti_status"": ""False"", ""IDC_intput_mA"": 5.75, ""IN1_pin_level"": ""Low"", ""IN2_pin_level"": ""Low"", ""Node_type"": ""PS-LB"", ""Probe_mod"": 0, ""VDC_intput_V"": 0, ""Water_deep_cm"": 21.875}"
2025-09-19 06:39:45.029501350+00:00,ps-lb-09,2,-43,10.0,"{""Bat_V"": 3.552, ""Exti_pin_level"": ""Low"", ""Exti_status"": ""False"", ""IDC_intput_mA"": 5.75, ""IN1_pin_level"": ""Low"", ""IN2_pin_level"": ""Low"", ""Node_type"": ""PS-LB"", ""Probe_mod"": 0, ""VDC_intput_V"": 0, ""Water_deep_cm"": 21.875}"
2025-09-19 06:49:44.939747434+00:00,ps-lb-09,2,-41,7.75,"{""Bat_V"": 3.552, ""Exti_pin_level"": ""Low"", ""Exti_status"": ""False"", ""IDC_intput_mA"": 5.75, ""IN1_pin_level"": ""Low"", ""IN2_pin_level"": ""Low"", ""Node_type"": ""PS-LB"", ""Probe_mod"": 0, ""VDC_intput_V"": 0, ""Water_deep_cm"": 21.875}"
2025-09-19 06:59:44.800020308+00:00,ps-lb-09,2,-39,9.0,"{""Bat_V"": 3.552, ""Exti_pin_level"": ""Low"", ""Exti_status"": ""False"", ""IDC_intput_mA"": 5.75, ""IN1_pin_level"": ""Low"", ""IN2_pin_level"": ""Low"", ""Node_type"": ""PS-LB"", ""Probe_mod"": 0, ""VDC_intput_V"": 0, ""Water_deep_cm"": 21.875}"
2025-09-19 07:09:44.679129437+00:00,ps-lb-09,2,-115,0.75,"{""Bat_V"": 3.552, ""Exti_pin_level"": ""Low"", ""Exti_status"": ""False"", ""IDC_intput_mA"": 5.75, ""IN1_pin_level"": ""Low"", ""IN2_pin_level"": ""Low"", ""Node_type"": ""PS-LB"", ""Probe_mod"": 0, ""VDC_intput_V"": 0, ""Water_deep_cm"": 21.875}"
2025-09-19 07:19:44.563744626+00:00,ps-lb-09,2,-39,7.25,"{""Bat_V"": 3.552, ""Exti_pin_level"": ""Low"", ""Exti_status"": ""False"", ""IDC_intput_mA"": 5.75, ""IN1_pin_level"": ""Low"", ""IN2_pin_level"": ""Low"", ""Node_type"": ""PS-LB"", ""Probe_mod"": 0, ""VDC_intput_V"": 0, ""Water_deep_cm"": 21.875}"
2025-09-19 07:29:44.424987867+00:00,ps-lb-09,2,-38,7.75,"{""Bat_V"": 3.552, ""Exti_pin_level"": ""Low"", ""Exti_status"": ""False"", ""IDC_intput_mA"": 5.749, ""IN1_pin_level"": ""Low"", ""IN2_pin_level"": ""Low"", ""Node_type"": ""PS-LB"", ""Probe_mod"": 0, ""VDC_intput_V"": 0, ""Water_deep_cm"": 21.862}"
2025-09-19 07:39:44.313586616+00:00,ps-lb-09,2,-41,9.25,"{""Bat_V"": 3.552, ""Exti_pin_level"": ""Low"", ""Exti_status"": ""False"", ""IDC_intput_mA"": 5.749, ""IN1_pin_level"": ""Low"", ""IN2_pin_level"": ""Low"", ""Node_type"": ""PS-LB"", ""Probe_mod"": 0, ""VDC_intput_V"": 0, ""Water_deep_cm"": 21.862}"
2025-09-19 07:49:44.191912333+00:00,ps-lb-09,2,-124,-8.25,"{""Bat_V"": 3.552, ""Exti_pin_level"": ""Low"", ""Exti_status"": ""False"", ""IDC_intput_mA"": 5.749, ""IN1_pin_level"": ""Low"", ""IN2_pin_level"": ""Low"", ""Node_type"": ""PS-LB"", ""Probe_mod"": 0, ""VDC_intput_V"": 0, ""Water_deep_cm"": 21.862}"
2025-09-19 07:59:44.076280153+00:00,ps-lb-09,2,-43,9.75,"{""Bat_V"": 3.552, ""Exti_pin_level"": ""Low"", ""Exti_status"": ""False"", ""IDC_intput_mA"": 5.749, ""IN1_pin_level"": ""Low"", ""IN2_pin_level"": ""Low"", ""Node_type"": ""PS-LB"", ""Probe_mod"": 0, ""VDC_intput_V"": 0, ""Water_deep_cm"": 21.862}"
2025-09-19 08:09:43.935961843+00:00,ps-lb-09,2,-43,9.25,"{""Bat_V"": 3.552, ""Exti_pin_level"": ""Low"", ""Exti_status"": ""False"", ""IDC_intput_mA"": 5.749, ""IN1_pin_level"": ""Low"", ""IN2_pin_level"": ""Low"", ""Node_type"": ""PS-LB"", ""Probe_mod"": 0, ""VDC_intput_V"": 0, ""Water_deep_cm"": 21.862}"
2025-09-19 08:19:43.826574417+00:00,ps-lb-09,2,-39,8.75,"{""Bat_V"": 3.552, ""Exti_pin_level"": ""Low"", ""Exti_status"": ""False"", ""IDC_intput_mA"": 5.75, ""IN1_pin_level"": ""Low"", ""IN2_pin_level"": ""Low"", ""Node_type"": ""PS-LB"", ""Probe_mod"": 0, ""VDC_intput_V"": 0, ""Water_deep_cm"": 21.875}"
2025-09-19 08:29:43.703514515+00:00,ps-lb-09,2,-43,9.5,"{""Bat_V"": 3.552, ""Exti_pin_level"": ""Low"", ""Exti_status"": ""False"", ""IDC_intput_mA"": 5.749, ""IN1_pin_level"": ""Low"", ""IN2_pin_level"": ""Low"", ""Node_type"": ""PS-LB"", ""Probe_mod"": 0, ""VDC_intput_V"": 0, ""Water_deep_cm"": 21.862}"
2025-09-19 08:39:43.600280217+00:00,ps-lb-09,2,-41,7.75,"{""Bat_V"": 3.552, ""Exti_pin_level"": ""Low"", ""Exti_status"": ""False"", ""IDC_intput_mA"": 5.75, ""IN1_pin_level"": ""Low"", ""IN2_pin_level"": ""Low"", ""Node_type"": ""PS-LB"", ""Probe_mod"": 0, ""VDC_intput_V"": 0, ""Water_deep_cm"": 21.875}"
2025-09-19 08:49:43.457376057+00:00,ps-lb-09,2,-121,-5.5,"{""Bat_V"": 3.552, ""Exti_pin_level"": ""Low"", ""Exti_status"": ""False"", ""IDC_intput_mA"": 5.749, ""IN1_pin_level"": ""Low"", ""IN2_pin_level"": ""Low"", ""Node_type"": ""PS-LB"", ""Probe_mod"": 0, ""VDC_intput_V"": 0, ""Water_deep_cm"": 21.862}"
2025-09-19 08:59:43.321239877+00:00,ps-lb-09,2,-41,7.25,"{""Bat_V"": 3.552, ""Exti_pin_level"": ""Low"", ""Exti_status"": ""False"", ""IDC_intput_mA"": 5.749, ""IN1_pin_level"": ""Low"", ""IN2_pin_level"": ""Low"", ""Node_type"": ""PS-LB"", ""Probe_mod"": 0, ""VDC_intput_V"": 0, ""Water_deep_cm"": 21.862}"
2025-09-19 09:09:43.223679701+00:00,ps-lb-09,2,-41,8.75,"{""Bat_V"": 3.552, ""Exti_pin_level"": ""Low"", ""Exti_status"": ""False"", ""IDC_intput_mA"": 5.749, ""IN1_pin_level"": ""Low"", ""IN2_pin_level"": ""Low"", ""Node_type"": ""PS-LB"", ""Probe_mod"": 0, ""VDC_intput_V"": 0, ""Water_deep_cm"": 21.862}"
2025-09-19 09:19:43.094762254+00:00,ps-lb-09,2,-43,11.0,"{""Bat_V"": 3.552, ""Exti_pin_level"": ""Low"", ""Exti_status"": ""False"", ""IDC_intput_mA"": 5.749, ""IN1_pin_level"": ""Low"", ""IN2_pin_level"": ""Low"", ""Node_type"": ""PS-LB"", ""Probe_mod"": 0, ""VDC_intput_V"": 0, ""Water_deep_cm"": 21.862}"
2025-09-19 09:29:42.983640889+00:00,ps-lb-09,2,-39,7.5,"{""Bat_V"": 3.552, ""Exti_pin_level"": ""Low"", ""Exti_status"": ""False"", ""IDC_intput_mA"": 5.749, ""IN1_pin_level"": ""Low"", ""IN2_pin_level"": ""Low"", ""Node_type"": ""PS-LB"", ""Probe_mod"": 0, ""VDC_intput_V"": 0, ""Water_deep_cm"": 21.862}"
2025-09-19 09:39:42.847604716+00:00,ps-lb-09,2,-41,10.25,"{""Bat_V"": 3.552, ""Exti_pin_level"": ""Low"", ""Exti_status"": ""False"", ""IDC_intput_mA"": 5.749, ""IN1_pin_level"": ""Low"", ""IN2_pin_level"": ""Low"", ""Node_type"": ""PS-LB"", ""Probe_mod"": 0, ""VDC_intput_V"": 0, ""Water_deep_cm"": 21.862}"
2025-09-19 09:49:42.722520561+00:00,ps-lb-09,2,-42,10.0,"{""Bat_V"": 3.552, ""Exti_pin_level"": ""Low"", ""Exti_status"": ""False"", ""IDC_intput_mA"": 5.748, ""IN1_pin_level"": ""Low"", ""IN2_pin_level"": ""Low"", ""Node_type"": ""PS-LB"", ""Probe_mod"": 0, ""VDC_intput_V"": 0, ""Water_deep_cm"": 21.85}"
2025-09-19 09:59:42.612438289+00:00,ps-lb-09,2,-39,7.75,"{""Bat_V"": 3.552, ""Exti_pin_level"": ""Low"", ""Exti_status"": ""False"", ""IDC_intput_mA"": 5.749, ""IN1_pin_level"": ""Low"", ""IN2_pin_level"": ""Low"", ""Node_type"": ""PS-LB"", ""Probe_mod"": 0, ""VDC_intput_V"": 0, ""Water_deep_cm"": 21.862}"
2025-09-19 10:09:42.484478446+00:00,ps-lb-09,2,-37,7.75,"{""Bat_V"": 3.552, ""Exti_pin_level"": ""Low"", ""Exti_status"": ""False"", ""IDC_intput_mA"": 5.749, ""IN1_pin_level"": ""Low"", ""IN2_pin_level"": ""Low"", ""Node_type"": ""PS-LB"", ""Probe_mod"": 0, ""VDC_intput_V"": 0, ""Water_deep_cm"": 21.862}"
2025-09-19 10:19:42.353074318+00:00,ps-lb-09,2,-43,10.25,"{""Bat_V"": 3.552, ""Exti_pin_level"": ""Low"", ""Exti_status"": ""False"", ""IDC_intput_mA"": 5.748, ""IN1_pin_level"": ""Low"", ""IN2_pin_level"": ""Low"", ""Node_type"": ""PS-LB"", ""Probe_mod"": 0, ""VDC_intput_V"": 0, ""Water_deep_cm"": 21.85}"
2025-09-19 10:29:42.303316953+00:00,ps-lb-09,2,-41,9.5,"{""Bat_V"": 3.552, ""Exti_pin_level"": ""Low"", ""Exti_status"": ""False"", ""IDC_intput_mA"": 5.748, ""IN1_pin_level"": ""Low"", ""IN2_pin_level"": ""Low"", ""Node_type"": ""PS-LB"", ""Probe_mod"": 0, ""VDC_intput_V"": 0, ""Water_deep_cm"": 21.85}"
2025-09-19 10:39:42.121572869+00:00,ps-lb-09,2,-41,9.5,"{""Bat_V"": 3.552, ""Exti_pin_level"": ""Low"", ""Exti_status"": ""False"", ""IDC_intput_mA"": 5.749, ""IN1_pin_level"": ""Low"", ""IN2_pin_level"": ""Low"", ""Node_type"": ""PS-LB"", ""Probe_mod"": 0, ""VDC_intput_V"": 0, ""Water_deep_cm"": 21.862}"
2025-09-19 10:49:41.999017723+00:00,ps-lb-09,2,-39,8.25,"{""Bat_V"": 3.552, ""Exti_pin_level"": ""Low"", ""Exti_status"": ""False"", ""IDC_intput_mA"": 5.749, ""IN1_pin_level"": ""Low"", ""IN2_pin_level"": ""Low"", ""Node_type"": ""PS-LB"", ""Probe_mod"": 0, ""VDC_intput_V"": 0, ""Water_deep_cm"": 21.862}"
2025-09-19 10:59:41.869880900+00:00,ps-lb-09,2,-41,9.75,"{""Bat_V"": 3.552, ""Exti_pin_level"": ""Low"", ""Exti_status"": ""False"", ""IDC_intput_mA"": 5.749, ""IN1_pin_level"": ""Low"", ""IN2_pin_level"": ""Low"", ""Node_type"": ""PS-LB"", ""Probe_mod"": 0, ""VDC_intput_V"": 0, ""Water_deep_cm"": 21.862}"
2025-09-19 11:09:41.760366183+00:00,ps-lb-09,2,-119,-3.25,"{""Bat_V"": 3.552, ""Exti_pin_level"": ""Low"", ""Exti_status"": ""False"", ""IDC_intput_mA"": 5.748, ""IN1_pin_level"": ""Low"", ""IN2_pin_level"": ""Low"", ""Node_type"": ""PS-LB"", ""Probe_mod"": 0, ""VDC_intput_V"": 0, ""Water_deep_cm"": 21.85}"
2025-09-19 11:19:41.635697492+00:00,ps-lb-09,2,-41,12.5,"{""Bat_V"": 3.552, ""Exti_pin_level"": ""Low"", ""Exti_status"": ""False"", ""IDC_intput_mA"": 5.748, ""IN1_pin_level"": ""Low"", ""IN2_pin_level"": ""Low"", ""Node_type"": ""PS-LB"", ""Probe_mod"": 0, ""VDC_intput_V"": 0, ""Water_deep_cm"": 21.85}"
2025-09-19 11:29:41.518854176+00:00,ps-lb-09,2,-41,8.5,"{""Bat_V"": 3.552, ""Exti_pin_level"": ""Low"", ""Exti_status"": ""False"", ""IDC_intput_mA"": 5.749, ""IN1_pin_level"": ""Low"", ""IN2_pin_level"": ""Low"", ""Node_type"": ""PS-LB"", ""Probe_mod"": 0, ""VDC_intput_V"": 0, ""Water_deep_cm"": 21.862}"
2025-09-19 11:39:41.415504671+00:00,ps-lb-09,2,-115,-0.25,"{""Bat_V"": 3.552, ""Exti_pin_level"": ""Low"", ""Exti_status"": ""False"", ""IDC_intput_mA"": 5.748, ""IN1_pin_level"": ""Low"", ""IN2_pin_level"": ""Low"", ""Node_type"": ""PS-LB"", ""Probe_mod"": 0, ""VDC_intput_V"": 0, ""Water_deep_cm"": 21.85}"
2025-09-19 11:49:41.276956060+00:00,ps-lb-09,2,-41,9.5,"{""Bat_V"": 3.552, ""Exti_pin_level"": ""Low"", ""Exti_status"": ""False"", ""IDC_intput_mA"": 5.749, ""IN1_pin_level"": ""Low"", ""IN2_pin_level"": ""Low"", ""Node_type"": ""PS-LB"", ""Probe_mod"": 0, ""VDC_intput_V"": 0, ""Water_deep_cm"": 21.862}"
2025-09-19 11:59:41.140988227+00:00,ps-lb-09,2,-41,10.0,"{""Bat_V"": 3.552, ""Exti_pin_level"": ""Low"", ""Exti_status"": ""False"", ""IDC_intput_mA"": 5.749, ""IN1_pin_level"": ""Low"", ""IN2_pin_level"": ""Low"", ""Node_type"": ""PS-LB"", ""Probe_mod"": 0, ""VDC_intput_V"": 0, ""Water_deep_cm"": 21.862}"
2025-09-19 12:09:41.038760183+00:00,ps-lb-09,2,-43,10.0,"{""Bat_V"": 3.552, ""Exti_pin_level"": ""Low"", ""Exti_status"": ""False"", ""IDC_intput_mA"": 5.749, ""IN1_pin_level"": ""Low"", ""IN2_pin_level"": ""Low"", ""Node_type"": ""PS-LB"", ""Probe_mod"": 0, ""VDC_intput_V"": 0, ""Water_deep_cm"": 21.862}"
2025-09-19 12:19:40.910075474+00:00,ps-lb-09,2,-41,9.25,"{""Bat_V"": 3.552, ""Exti_pin_level"": ""Low"", ""Exti_status"": ""False"", ""IDC_intput_mA"": 5.748, ""IN1_pin_level"": ""Low"", ""IN2_pin_level"": ""Low"", ""Node_type"": ""PS-LB"", ""Probe_mod"": 0, ""VDC_intput_V"": 0, ""Water_deep_cm"": 21.85}"
2025-09-19 12:29:40.799621617+00:00,ps-lb-09,2,-39,8.75,"{""Bat_V"": 3.552, ""Exti_pin_level"": ""Low"", ""Exti_status"": ""False"", ""IDC_intput_mA"": 5.748, ""IN1_pin_level"": ""Low"", ""IN2_pin_level"": ""Low"", ""Node_type"": ""PS-LB"", ""Probe_mod"": 0, ""VDC_intput_V"": 0, ""Water_deep_cm"": 21.85}"
2025-09-19 12:39:40.668795926+00:00,ps-lb-09,2,-41,9.5,"{""Bat_V"": 3.552, ""Exti_pin_level"": ""Low"", ""Exti_status"": ""False"", ""IDC_intput_mA"": 5.749, ""IN1_pin_level"": ""Low"", ""IN2_pin_level"": ""Low"", ""Node_type"": ""PS-LB"", ""Probe_mod"": 0, ""VDC_intput_V"": 0, ""Water_deep_cm"": 21.862}"
2025-09-19 12:49:40.549519584+00:00,ps-lb-09,2,-38,7.25,"{""Bat_V"": 3.552, ""Exti_pin_level"": ""Low"", ""Exti_status"": ""False"", ""IDC_intput_mA"": 5.748, ""IN1_pin_level"": ""Low"", ""IN2_pin_level"": ""Low"", ""Node_type"": ""PS-LB"", ""Probe_mod"": 0, ""VDC_intput_V"": 0, ""Water_deep_cm"": 21.85}"
2025-09-19 12:59:40.429215205+00:00,ps-lb-09,2,-39,8.0,"{""Bat_V"": 3.552, ""Exti_pin_level"": ""Low"", ""Exti_status"": ""False"", ""IDC_intput_mA"": 5.748, ""IN1_pin_level"": ""Low"", ""IN2_pin_level"": ""Low"", ""Node_type"": ""PS-LB"", ""Probe_mod"": 0, ""VDC_intput_V"": 0, ""Water_deep_cm"": 21.85}"
2025-09-19 13:09:40.312742396+00:00,ps-lb-09,2,-39,9.25,"{""Bat_V"": 3.552, ""Exti_pin_level"": ""Low"", ""Exti_status"": ""False"", ""IDC_intput_mA"": 5.748, ""IN1_pin_level"": ""Low"", ""IN2_pin_level"": ""Low"", ""Node_type"": ""PS-LB"", ""Probe_mod"": 0, ""VDC_intput_V"": 0, ""Water_deep_cm"": 21.85}"
2025-09-19 13:19:40.194993738+00:00,ps-lb-09,2,-43,10.0,"{""Bat_V"": 3.552, ""Exti_pin_level"": ""Low"", ""Exti_status"": ""False"", ""IDC_intput_mA"": 5.749, ""IN1_pin_level"": ""Low"", ""IN2_pin_level"": ""Low"", ""Node_type"": ""PS-LB"", ""Probe_mod"": 0, ""VDC_intput_V"": 0, ""Water_deep_cm"": 21.862}"
2025-09-19 13:29:40.082397984+00:00,ps-lb-09,2,-43,9.5,"{""Bat_V"": 3.552, ""Exti_pin_level"": ""Low"", ""Exti_status"": ""False"", ""IDC_intput_mA"": 5.748, ""IN1_pin_level"": ""Low"", ""IN2_pin_level"": ""Low"", ""Node_type"": ""PS-LB"", ""Probe_mod"": 0, ""VDC_intput_V"": 0, ""Water_deep_cm"": 21.85}"
2025-09-19 13:39:39.952140670+00:00,ps-lb-09,2,-39,10.75,"{""Bat_V"": 3.552, ""Exti_pin_level"": ""Low"", ""Exti_status"": ""False"", ""IDC_intput_mA"": 5.748, ""IN1_pin_level"": ""Low"", ""IN2_pin_level"": ""Low"", ""Node_type"": ""PS-LB"", ""Probe_mod"": 0, ""VDC_intput_V"": 0, ""Water_deep_cm"": 21.85}"
2025-09-19 13:49:39.830603580+00:00,ps-lb-09,2,-43,11.0,"{""Bat_V"": 3.552, ""Exti_pin_level"": ""Low"", ""Exti_status"": ""False"", ""IDC_intput_mA"": 5.748, ""IN1_pin_level"": ""Low"", ""IN2_pin_level"": ""Low"", ""Node_type"": ""PS-LB"", ""Probe_mod"": 0, ""VDC_intput_V"": 0, ""Water_deep_cm"": 21.85}"
2025-09-19 13:59:39.705019308+00:00,ps-lb-09,2,-38,7.5,"{""Bat_V"": 3.552, ""Exti_pin_level"": ""Low"", ""Exti_status"": ""False"", ""IDC_intput_mA"": 5.749, ""IN1_pin_level"": ""Low"", ""IN2_pin_level"": ""Low"", ""Node_type"": ""PS-LB"", ""Probe_mod"": 0, ""VDC_intput_V"": 0, ""Water_deep_cm"": 21.862}"
2025-09-19 14:09:39.595530687+00:00,ps-lb-09,2,-39,7.75,"{""Bat_V"": 3.552, ""Exti_pin_level"": ""Low"", ""Exti_status"": ""False"", ""IDC_intput_mA"": 5.748, ""IN1_pin_level"": ""Low"", ""IN2_pin_level"": ""Low"", ""Node_type"": ""PS-LB"", ""Probe_mod"": 0, ""VDC_intput_V"": 0, ""Water_deep_cm"": 21.85}"
2025-09-19 14:19:39.448504736+00:00,ps-lb-09,2,-39,7.25,"{""Bat_V"": 3.552, ""Exti_pin_level"": ""Low"", ""Exti_status"": ""False"", ""IDC_intput_mA"": 5.748, ""IN1_pin_level"": ""Low"", ""IN2_pin_level"": ""Low"", ""Node_type"": ""PS-LB"", ""Probe_mod"": 0, ""VDC_intput_V"": 0, ""Water_deep_cm"": 21.85}"
2025-09-19 14:29:39.351450816+00:00,ps-lb-09,2,-41,10.25,"{""Bat_V"": 3.552, ""Exti_pin_level"": ""Low"", ""Exti_status"": ""False"", ""IDC_intput_mA"": 5.749, ""IN1_pin_level"": ""Low"", ""IN2_pin_level"": ""Low"", ""Node_type"": ""PS-LB"", ""Probe_mod"": 0, ""VDC_intput_V"": 0, ""Water_deep_cm"": 21.862}"
2025-09-19 14:39:39.212712836+00:00,ps-lb-09,2,-43,9.5,"{""Bat_V"": 3.552, ""Exti_pin_level"": ""Low"", ""Exti_status"": ""False"", ""IDC_intput_mA"": 5.748, ""IN1_pin_level"": ""Low"", ""IN2_pin_level"": ""Low"", ""Node_type"": ""PS-LB"", ""Probe_mod"": 0, ""VDC_intput_V"": 0, ""Water_deep_cm"": 21.85}"
2025-09-19 14:49:39.059411696+00:00,ps-lb-09,2,-112,-0.2,"{""Bat_V"": 3.552, ""Exti_pin_level"": ""Low"", ""Exti_status"": ""False"", ""IDC_intput_mA"": 5.748, ""IN1_pin_level"": ""Low"", ""IN2_pin_level"": ""Low"", ""Node_type"": ""PS-LB"", ""Probe_mod"": 0, ""VDC_intput_V"": 0, ""Water_deep_cm"": 21.85}"
2025-09-19 14:59:38.983801540+00:00,ps-lb-09,2,-43,9.5,"{""Bat_V"": 3.552, ""Exti_pin_level"": ""Low"", ""Exti_status"": ""False"", ""IDC_intput_mA"": 5.749, ""IN1_pin_level"": ""Low"", ""IN2_pin_level"": ""Low"", ""Node_type"": ""PS-LB"", ""Probe_mod"": 0, ""VDC_intput_V"": 0, ""Water_deep_cm"": 21.862}"
2025-09-19 15:09:38.850966388+00:00,ps-lb-09,2,-43,10.25,"{""Bat_V"": 3.552, ""Exti_pin_level"": ""Low"", ""Exti_status"": ""False"", ""IDC_intput_mA"": 5.748, ""IN1_pin_level"": ""Low"", ""IN2_pin_level"": ""Low"", ""Node_type"": ""PS-LB"", ""Probe_mod"": 0, ""VDC_intput_V"": 0, ""Water_deep_cm"": 21.85}"
2025-09-19 15:19:38.723132132+00:00,ps-lb-09,2,-41,7.25,"{""Bat_V"": 3.552, ""Exti_pin_level"": ""Low"", ""Exti_status"": ""False"", ""IDC_intput_mA"": 5.747, ""IN1_pin_level"": ""Low"", ""IN2_pin_level"": ""Low"", ""Node_type"": ""PS-LB"", ""Probe_mod"": 0, ""VDC_intput_V"": 0, ""Water_deep_cm"": 21.837}"
2025-09-19 15:29:38.605109943+00:00,ps-lb-09,2,-39,7.5,"{""Bat_V"": 3.552, ""Exti_pin_level"": ""Low"", ""Exti_status"": ""False"", ""IDC_intput_mA"": 5.748, ""IN1_pin_level"": ""Low"", ""IN2_pin_level"": ""Low"", ""Node_type"": ""PS-LB"", ""Probe_mod"": 0, ""VDC_intput_V"": 0, ""Water_deep_cm"": 21.85}"
2025-09-19 15:39:38.488259886+00:00,ps-lb-09,2,-113,1.0,"{""Bat_V"": 3.552, ""Exti_pin_level"": ""Low"", ""Exti_status"": ""False"", ""IDC_intput_mA"": 5.748, ""IN1_pin_level"": ""Low"", ""IN2_pin_level"": ""Low"", ""Node_type"": ""PS-LB"", ""Probe_mod"": 0, ""VDC_intput_V"": 0, ""Water_deep_cm"": 21.85}"
2025-09-19 15:49:38.374465260+00:00,ps-lb-09,2,-38,9.0,"{""Bat_V"": 3.552, ""Exti_pin_level"": ""Low"", ""Exti_status"": ""False"", ""IDC_intput_mA"": 5.749, ""IN1_pin_level"": ""Low"", ""IN2_pin_level"": ""Low"", ""Node_type"": ""PS-LB"", ""Probe_mod"": 0, ""VDC_intput_V"": 0, ""Water_deep_cm"": 21.862}"
2025-09-19 15:59:38.250126038+00:00,ps-lb-09,2,-39,9.25,"{""Bat_V"": 3.552, ""Exti_pin_level"": ""Low"", ""Exti_status"": ""False"", ""IDC_intput_mA"": 5.748, ""IN1_pin_level"": ""Low"", ""IN2_pin_level"": ""Low"", ""Node_type"": ""PS-LB"", ""Probe_mod"": 0, ""VDC_intput_V"": 0, ""Water_deep_cm"": 21.85}"
2025-09-19 16:09:38.130827636+00:00,ps-lb-09,2,-115,-0.25,"{""Bat_V"": 3.552, ""Exti_pin_level"": ""Low"", ""Exti_status"": ""False"", ""IDC_intput_mA"": 5.748, ""IN1_pin_level"": ""Low"", ""IN2_pin_level"": ""Low"", ""Node_type"": ""PS-LB"", ""Probe_mod"": 0, ""VDC_intput_V"": 0, ""Water_deep_cm"": 21.85}"
2025-09-19 16:19:38.009723117+00:00,ps-lb-09,2,-41,9.0,"{""Bat_V"": 3.552, ""Exti_pin_level"": ""Low"", ""Exti_status"": ""False"", ""IDC_intput_mA"": 5.748, ""IN1_pin_level"": ""Low"", ""IN2_pin_level"": ""Low"", ""Node_type"": ""PS-LB"", ""Probe_mod"": 0, ""VDC_intput_V"": 0, ""Water_deep_cm"": 21.85}"
2025-09-19 16:29:37.870797999+00:00,ps-lb-09,2,-43,10.0,"{""Bat_V"": 3.552, ""Exti_pin_level"": ""Low"", ""Exti_status"": ""False"", ""IDC_intput_mA"": 5.748, ""IN1_pin_level"": ""Low"", ""IN2_pin_level"": ""Low"", ""Node_type"": ""PS-LB"", ""Probe_mod"": 0, ""VDC_intput_V"": 0, ""Water_deep_cm"": 21.85}"
2025-09-19 16:39:37.777948929+00:00,ps-lb-09,2,-39,8.0,"{""Bat_V"": 3.552, ""Exti_pin_level"": ""Low"", ""Exti_status"": ""False"", ""IDC_intput_mA"": 5.748, ""IN1_pin_level"": ""Low"", ""IN2_pin_level"": ""Low"", ""Node_type"": ""PS-LB"", ""Probe_mod"": 0, ""VDC_intput_V"": 0, ""Water_deep_cm"": 21.85}"
2025-09-19 16:49:37.656309293+00:00,ps-lb-09,2,-41,9.0,"{""Bat_V"": 3.552, ""Exti_pin_level"": ""Low"", ""Exti_status"": ""False"", ""IDC_intput_mA"": 5.748, ""IN1_pin_level"": ""Low"", ""IN2_pin_level"": ""Low"", ""Node_type"": ""PS-LB"", ""Probe_mod"": 0, ""VDC_intput_V"": 0, ""Water_deep_cm"": 21.85}"
2025-09-19 16:59:37.505446511+00:00,ps-lb-09,2,-39,7.25,"{""Bat_V"": 3.552, ""Exti_pin_level"": ""Low"", ""Exti_status"": ""False"", ""IDC_intput_mA"": 5.748, ""IN1_pin_level"": ""Low"", ""IN2_pin_level"": ""Low"", ""Node_type"": ""PS-LB"", ""Probe_mod"": 0, ""VDC_intput_V"": 0, ""Water_deep_cm"": 21.85}"
2025-09-19 17:09:37.408965272+00:00,ps-lb-09,2,-39,9.0,"{""Bat_V"": 3.552, ""Exti_pin_level"": ""Low"", ""Exti_status"": ""False"", ""IDC_intput_mA"": 5.748, ""IN1_pin_level"": ""Low"", ""IN2_pin_level"": ""Low"", ""Node_type"": ""PS-LB"", ""Probe_mod"": 0, ""VDC_intput_V"": 0, ""Water_deep_cm"": 21.85}"
2025-09-19 17:19:37.266272842+00:00,ps-lb-09,2,-43,9.75,"{""Bat_V"": 3.552, ""Exti_pin_level"": ""Low"", ""Exti_status"": ""False"", ""IDC_intput_mA"": 5.748, ""IN1_pin_level"": ""Low"", ""IN2_pin_level"": ""Low"", ""Node_type"": ""PS-LB"", ""Probe_mod"": 0, ""VDC_intput_V"": 0, ""Water_deep_cm"": 21.85}"
2025-09-19 17:29:37.151721737+00:00,ps-lb-09,2,-41,10.25,"{""Bat_V"": 3.552, ""Exti_pin_level"": ""Low"", ""Exti_status"": ""False"", ""IDC_intput_mA"": 5.748, ""IN1_pin_level"": ""Low"", ""IN2_pin_level"": ""Low"", ""Node_type"": ""PS-LB"", ""Probe_mod"": 0, ""VDC_intput_V"": 0, ""Water_deep_cm"": 21.85}"
2025-09-19 17:39:37.030056595+00:00,ps-lb-09,2,-39,9.5,"{""Bat_V"": 3.552, ""Exti_pin_level"": ""Low"", ""Exti_status"": ""False"", ""IDC_intput_mA"": 5.748, ""IN1_pin_level"": ""Low"", ""IN2_pin_level"": ""Low"", ""Node_type"": ""PS-LB"", ""Probe_mod"": 0, ""VDC_intput_V"": 0, ""Water_deep_cm"": 21.85}"
2025-09-19 17:49:36.909533727+00:00,ps-lb-09,2,-41,9.25,"{""Bat_V"": 3.552, ""Exti_pin_level"": ""Low"", ""Exti_status"": ""False"", ""IDC_intput_mA"": 5.748, ""IN1_pin_level"": ""Low"", ""IN2_pin_level"": ""Low"", ""Node_type"": ""PS-LB"", ""Probe_mod"": 0, ""VDC_intput_V"": 0, ""Water_deep_cm"": 21.85}"
2025-09-19 17:59:36.790472574+00:00,ps-lb-09,2,-121,-6.5,"{""Bat_V"": 3.552, ""Exti_pin_level"": ""Low"", ""Exti_status"": ""False"", ""IDC_intput_mA"": 5.748, ""IN1_pin_level"": ""Low"", ""IN2_pin_level"": ""Low"", ""Node_type"": ""PS-LB"", ""Probe_mod"": 0, ""VDC_intput_V"": 0, ""Water_deep_cm"": 21.85}"
2025-09-19 18:09:36.685528096+00:00,ps-lb-09,2,-121,-6.75,"{""Bat_V"": 3.552, ""Exti_pin_level"": ""Low"", ""Exti_status"": ""False"", ""IDC_intput_mA"": 5.748, ""IN1_pin_level"": ""Low"", ""IN2_pin_level"": ""Low"", ""Node_type"": ""PS-LB"", ""Probe_mod"": 0, ""VDC_intput_V"": 0, ""Water_deep_cm"": 21.85}"
2025-09-19 18:19:36.542844006+00:00,ps-lb-09,2,-41,10.0,"{""Bat_V"": 3.552, ""Exti_pin_level"": ""Low"", ""Exti_status"": ""False"", ""IDC_intput_mA"": 5.748, ""IN1_pin_level"": ""Low"", ""IN2_pin_level"": ""Low"", ""Node_type"": ""PS-LB"", ""Probe_mod"": 0, ""VDC_intput_V"": 0, ""Water_deep_cm"": 21.85}"
2025-09-19 18:29:36.407066282+00:00,ps-lb-09,2,-38,9.5,"{""Bat_V"": 3.552, ""Exti_pin_level"": ""Low"", ""Exti_status"": ""False"", ""IDC_intput_mA"": 5.748, ""IN1_pin_level"": ""Low"", ""IN2_pin_level"": ""Low"", ""Node_type"": ""PS-LB"", ""Probe_mod"": 0, ""VDC_intput_V"": 0, ""Water_deep_cm"": 21.85}"
2025-09-19 18:39:36.308339584+00:00,ps-lb-09,2,-41,10.25,"{""Bat_V"": 3.546, ""Exti_pin_level"": ""Low"", ""Exti_status"": ""False"", ""IDC_intput_mA"": 5.748, ""IN1_pin_level"": ""Low"", ""IN2_pin_level"": ""Low"", ""Node_type"": ""PS-LB"", ""Probe_mod"": 0, ""VDC_intput_V"": 0, ""Water_deep_cm"": 21.85}"
2025-09-19 18:49:36.186737877+00:00,ps-lb-09,2,-41,7.25,"{""Bat_V"": 3.552, ""Exti_pin_level"": ""Low"", ""Exti_status"": ""False"", ""IDC_intput_mA"": 5.748, ""IN1_pin_level"": ""Low"", ""IN2_pin_level"": ""Low"", ""Node_type"": ""PS-LB"", ""Probe_mod"": 0, ""VDC_intput_V"": 0, ""Water_deep_cm"": 21.85}"
2025-09-19 18:59:36.056478438+00:00,ps-lb-09,2,-39,9.75,"{""Bat_V"": 3.552, ""Exti_pin_level"": ""Low"", ""Exti_status"": ""False"", ""IDC_intput_mA"": 5.748, ""IN1_pin_level"": ""Low"", ""IN2_pin_level"": ""Low"", ""Node_type"": ""PS-LB"", ""Probe_mod"": 0, ""VDC_intput_V"": 0, ""Water_deep_cm"": 21.85}"
2025-09-19 19:09:35.939278169+00:00,ps-lb-09,2,-41,9.5,"{""Bat_V"": 3.552, ""Exti_pin_level"": ""Low"", ""Exti_status"": ""False"", ""IDC_intput_mA"": 5.748, ""IN1_pin_level"": ""Low"", ""IN2_pin_level"": ""Low"", ""Node_type"": ""PS-LB"", ""Probe_mod"": 0, ""VDC_intput_V"": 0, ""Water_deep_cm"": 21.85}"
2025-09-19 19:19:35.826197102+00:00,ps-lb-09,2,-41,8.75,"{""Bat_V"": 3.546, ""Exti_pin_level"": ""Low"", ""Exti_status"": ""False"", ""IDC_intput_mA"": 5.748, ""IN1_pin_level"": ""Low"", ""IN2_pin_level"": ""Low"", ""Node_type"": ""PS-LB"", ""Probe_mod"": 0, ""VDC_intput_V"": 0, ""Water_deep_cm"": 21.85}"
2025-09-19 19:29:35.683607206+00:00,ps-lb-09,2,-39,9.5,"{""Bat_V"": 3.546, ""Exti_pin_level"": ""Low"", ""Exti_status"": ""False"", ""IDC_intput_mA"": 5.748, ""IN1_pin_level"": ""Low"", ""IN2_pin_level"": ""Low"", ""Node_type"": ""PS-LB"", ""Probe_mod"": 0, ""VDC_intput_V"": 0, ""Water_deep_cm"": 21.85}"
2025-09-19 19:39:35.565494397+00:00,ps-lb-09,2,-43,7.75,"{""Bat_V"": 3.552, ""Exti_pin_level"": ""Low"", ""Exti_status"": ""False"", ""IDC_intput_mA"": 5.748, ""IN1_pin_level"": ""Low"", ""IN2_pin_level"": ""Low"", ""Node_type"": ""PS-LB"", ""Probe_mod"": 0, ""VDC_intput_V"": 0, ""Water_deep_cm"": 21.85}"
2025-09-19 19:49:35.457769113+00:00,ps-lb-09,2,-38,9.25,"{""Bat_V"": 3.546, ""Exti_pin_level"": ""Low"", ""Exti_status"": ""False"", ""IDC_intput_mA"": 5.748, ""IN1_pin_level"": ""Low"", ""IN2_pin_level"": ""Low"", ""Node_type"": ""PS-LB"", ""Probe_mod"": 0, ""VDC_intput_V"": 0, ""Water_deep_cm"": 21.85}"
2025-09-19 19:59:35.329937672+00:00,ps-lb-09,2,-43,9.5,"{""Bat_V"": 3.552, ""Exti_pin_level"": ""Low"", ""Exti_status"": ""False"", ""IDC_intput_mA"": 5.748, ""IN1_pin_level"": ""Low"", ""IN2_pin_level"": ""Low"", ""Node_type"": ""PS-LB"", ""Probe_mod"": 0, ""VDC_intput_V"": 0, ""Water_deep_cm"": 21.85}"
2025-09-19 20:09:35.211657432+00:00,ps-lb-09,2,-39,7.25,"{""Bat_V"": 3.552, ""Exti_pin_level"": ""Low"", ""Exti_status"": ""False"", ""IDC_intput_mA"": 5.748, ""IN1_pin_level"": ""Low"", ""IN2_pin_level"": ""Low"", ""Node_type"": ""PS-LB"", ""Probe_mod"": 0, ""VDC_intput_V"": 0, ""Water_deep_cm"": 21.85}"
2025-09-19 20:19:35.060061625+00:00,ps-lb-09,2,-115,,"{""Bat_V"": 3.552, ""Exti_pin_level"": ""Low"", ""Exti_status"": ""False"", ""IDC_intput_mA"": 5.748, ""IN1_pin_level"": ""Low"", ""IN2_pin_level"": ""Low"", ""Node_type"": ""PS-LB"", ""Probe_mod"": 0, ""VDC_intput_V"": 0, ""Water_deep_cm"": 21.85}"
2025-09-19 20:29:34.979671224+00:00,ps-lb-09,2,-120,-6.25,"{""Bat_V"": 3.552, ""Exti_pin_level"": ""Low"", ""Exti_status"": ""False"", ""IDC_intput_mA"": 5.748, ""IN1_pin_level"": ""Low"", ""IN2_pin_level"": ""Low"", ""Node_type"": ""PS-LB"", ""Probe_mod"": 0, ""VDC_intput_V"": 0, ""Water_deep_cm"": 21.85}"
2025-09-19 20:39:34.850443507+00:00,ps-lb-09,2,-39,7.5,"{""Bat_V"": 3.552, ""Exti_pin_level"": ""Low"", ""Exti_status"": ""False"", ""IDC_intput_mA"": 5.748, ""IN1_pin_level"": ""Low"", ""IN2_pin_level"": ""Low"", ""Node_type"": ""PS-LB"", ""Probe_mod"": 0, ""VDC_intput_V"": 0, ""Water_deep_cm"": 21.85}"
2025-09-19 20:49:34.718844003+00:00,ps-lb-09,2,-38,7.5,"{""Bat_V"": 3.552, ""Exti_pin_level"": ""Low"", ""Exti_status"": ""False"", ""IDC_intput_mA"": 5.748, ""IN1_pin_level"": ""Low"", ""IN2_pin_level"": ""Low"", ""Node_type"": ""PS-LB"", ""Probe_mod"": 0, ""VDC_intput_V"": 0, ""Water_deep_cm"": 21.85}"
2025-09-19 20:59:34.598035385+00:00,ps-lb-09,2,-39,9.5,"{""Bat_V"": 3.552, ""Exti_pin_level"": ""Low"", ""Exti_status"": ""False"", ""IDC_intput_mA"": 5.748, ""IN1_pin_level"": ""Low"", ""IN2_pin_level"": ""Low"", ""Node_type"": ""PS-LB"", ""Probe_mod"": 0, ""VDC_intput_V"": 0, ""Water_deep_cm"": 21.85}"
2025-09-19 21:09:34.490260122+00:00,ps-lb-09,2,-43,11.0,"{""Bat_V"": 3.552, ""Exti_pin_level"": ""Low"", ""Exti_status"": ""False"", ""IDC_intput_mA"": 5.748, ""IN1_pin_level"": ""Low"", ""IN2_pin_level"": ""Low"", ""Node_type"": ""PS-LB"", ""Probe_mod"": 0, ""VDC_intput_V"": 0, ""Water_deep_cm"": 21.85}"
2025-09-19 21:19:34.351158619+00:00,ps-lb-09,2,-117,-7.75,"{""Bat_V"": 3.552, ""Exti_pin_level"": ""Low"", ""Exti_status"": ""False"", ""IDC_intput_mA"": 5.748, ""IN1_pin_level"": ""Low"", ""IN2_pin_level"": ""Low"", ""Node_type"": ""PS-LB"", ""Probe_mod"": 0, ""VDC_intput_V"": 0, ""Water_deep_cm"": 21.85}"
2025-09-19 21:29:34.251962508+00:00,ps-lb-09,2,-39,7.75,"{""Bat_V"": 3.552, ""Exti_pin_level"": ""Low"", ""Exti_status"": ""False"", ""IDC_intput_mA"": 5.748, ""IN1_pin_level"": ""Low"", ""IN2_pin_level"": ""Low"", ""Node_type"": ""PS-LB"", ""Probe_mod"": 0, ""VDC_intput_V"": 0, ""Water_deep_cm"": 21.85}"
2025-09-19 21:39:34.119913473+00:00,ps-lb-09,2,-38,9.0,"{""Bat_V"": 3.552, ""Exti_pin_level"": ""Low"", ""Exti_status"": ""False"", ""IDC_intput_mA"": 5.748, ""IN1_pin_level"": ""Low"", ""IN2_pin_level"": ""Low"", ""Node_type"": ""PS-LB"", ""Probe_mod"": 0, ""VDC_intput_V"": 0, ""Water_deep_cm"": 21.85}"
2025-09-19 21:49:33.998461068+00:00,ps-lb-09,2,-39,9.75,"{""Bat_V"": 3.552, ""Exti_pin_level"": ""Low"", ""Exti_status"": ""False"", ""IDC_intput_mA"": 5.748, ""IN1_pin_level"": ""Low"", ""IN2_pin_level"": ""Low"", ""Node_type"": ""PS-LB"", ""Probe_mod"": 0, ""VDC_intput_V"": 0, ""Water_deep_cm"": 21.85}"
2025-09-19 21:59:33.872017091+00:00,ps-lb-09,2,-37,7.0,"{""Bat_V"": 3.552, ""Exti_pin_level"": ""Low"", ""Exti_status"": ""False"", ""IDC_intput_mA"": 5.748, ""IN1_pin_level"": ""Low"", ""IN2_pin_level"": ""Low"", ""Node_type"": ""PS-LB"", ""Probe_mod"": 0, ""VDC_intput_V"": 0, ""Water_deep_cm"": 21.85}"
2025-09-19 22:09:33.755685932+00:00,ps-lb-09,2,-38,7.25,"{""Bat_V"": 3.552, ""Exti_pin_level"": ""Low"", ""Exti_status"": ""False"", ""IDC_intput_mA"": 5.748, ""IN1_pin_level"": ""Low"", ""IN2_pin_level"": ""Low"", ""Node_type"": ""PS-LB"", ""Probe_mod"": 0, ""VDC_intput_V"": 0, ""Water_deep_cm"": 21.85}"
2025-09-19 22:19:33.642614074+00:00,ps-lb-09,2,-39,9.25,"{""Bat_V"": 3.552, ""Exti_pin_level"": ""Low"", ""Exti_status"": ""False"", ""IDC_intput_mA"": 5.748, ""IN1_pin_level"": ""Low"", ""IN2_pin_level"": ""Low"", ""Node_type"": ""PS-LB"", ""Probe_mod"": 0, ""VDC_intput_V"": 0, ""Water_deep_cm"": 21.85}"
2025-09-19 22:29:33.514449215+00:00,ps-lb-09,2,-41,8.75,"{""Bat_V"": 3.552, ""Exti_pin_level"": ""Low"", ""Exti_status"": ""False"", ""IDC_intput_mA"": 5.748, ""IN1_pin_level"": ""Low"", ""IN2_pin_level"": ""Low"", ""Node_type"": ""PS-LB"", ""Probe_mod"": 0, ""VDC_intput_V"": 0, ""Water_deep_cm"": 21.85}"
2025-09-19 22:39:33.412477382+00:00,ps-lb-09,2,-117,-7.75,"{""Bat_V"": 3.552, ""Exti_pin_level"": ""Low"", ""Exti_status"": ""False"", ""IDC_intput_mA"": 5.748, ""IN1_pin_level"": ""Low"", ""IN2_pin_level"": ""Low"", ""Node_type"": ""PS-LB"", ""Probe_mod"": 0, ""VDC_intput_V"": 0, ""Water_deep_cm"": 21.85}"
2025-09-19 22:49:33.273536573+00:00,ps-lb-09,2,-39,8.75,"{""Bat_V"": 3.552, ""Exti_pin_level"": ""Low"", ""Exti_status"": ""False"", ""IDC_intput_mA"": 5.748, ""IN1_pin_level"": ""Low"", ""IN2_pin_level"": ""Low"", ""Node_type"": ""PS-LB"", ""Probe_mod"": 0, ""VDC_intput_V"": 0, ""Water_deep_cm"": 21.85}"
2025-09-19 22:59:33.145081272+00:00,ps-lb-09,2,-39,9.0,"{""Bat_V"": 3.552, ""Exti_pin_level"": ""Low"", ""Exti_status"": ""False"", ""IDC_intput_mA"": 5.748, ""IN1_pin_level"": ""Low"", ""IN2_pin_level"": ""Low"", ""Node_type"": ""PS-LB"", ""Probe_mod"": 0, ""VDC_intput_V"": 0, ""Water_deep_cm"": 21.85}"
2025-09-19 23:09:33.035903326+00:00,ps-lb-09,2,-117,-2.25,"{""Bat_V"": 3.546, ""Exti_pin_level"": ""Low"", ""Exti_status"": ""False"", ""IDC_intput_mA"": 5.748, ""IN1_pin_level"": ""Low"", ""IN2_pin_level"": ""Low"", ""Node_type"": ""PS-LB"", ""Probe_mod"": 0, ""VDC_intput_V"": 0, ""Water_deep_cm"": 21.85}"
2025-09-19 23:19:32.916531866+00:00,ps-lb-09,2,-41,9.25,"{""Bat_V"": 3.552, ""Exti_pin_level"": ""Low"", ""Exti_status"": ""False"", ""IDC_intput_mA"": 5.748, ""IN1_pin_level"": ""Low"", ""IN2_pin_level"": ""Low"", ""Node_type"": ""PS-LB"", ""Probe_mod"": 0, ""VDC_intput_V"": 0, ""Water_deep_cm"": 21.85}"
2025-09-19 23:29:32.785260302+00:00,ps-lb-09,2,-118,-2.25,"{""Bat_V"": 3.552, ""Exti_pin_level"": ""Low"", ""Exti_status"": ""False"", ""IDC_intput_mA"": 5.748, ""IN1_pin_level"": ""Low"", ""IN2_pin_level"": ""Low"", ""Node_type"": ""PS-LB"", ""Probe_mod"": 0, ""VDC_intput_V"": 0, ""Water_deep_cm"": 21.85}"
2025-09-19 23:39:32.673290516+00:00,ps-lb-09,2,-122,-7.5,"{""Bat_V"": 3.546, ""Exti_pin_level"": ""Low"", ""Exti_status"": ""False"", ""IDC_intput_mA"": 5.748, ""IN1_pin_level"": ""Low"", ""IN2_pin_level"": ""Low"", ""Node_type"": ""PS-LB"", ""Probe_mod"": 0, ""VDC_intput_V"": 0, ""Water_deep_cm"": 21.85}"
2025-09-19 23:49:32.530450210+00:00,ps-lb-09,2,-41,11.0,"{""Bat_V"": 3.552, ""Exti_pin_level"": ""Low"", ""Exti_status"": ""False"", ""IDC_intput_mA"": 5.748, ""IN1_pin_level"": ""Low"", ""IN2_pin_level"": ""Low"", ""Node_type"": ""PS-LB"", ""Probe_mod"": 0, ""VDC_intput_V"": 0, ""Water_deep_cm"": 21.85}"
2025-09-19 23:59:32.418303544+00:00,ps-lb-09,2,-42,9.25,"{""Bat_V"": 3.546, ""Exti_pin_level"": ""Low"", ""Exti_status"": ""False"", ""IDC_intput_mA"": 5.748, ""IN1_pin_level"": ""Low"", ""IN2_pin_level"": ""Low"", ""Node_type"": ""PS-LB"", ""Probe_mod"": 0, ""VDC_intput_V"": 0, ""Water_deep_cm"": 21.85}"
2025-09-20 00:09:32.305859955+00:00,ps-lb-09,2,-117,-1.75,"{""Bat_V"": 3.552, ""Exti_pin_level"": ""Low"", ""Exti_status"": ""False"", ""IDC_intput_mA"": 5.748, ""IN1_pin_level"": ""Low"", ""IN2_pin_level"": ""Low"", ""Node_type"": ""PS-LB"", ""Probe_mod"": 0, ""VDC_intput_V"": 0, ""Water_deep_cm"": 21.85}"
2025-09-20 00:19:32.174422812+00:00,ps-lb-09,2,-123,-6.25,"{""Bat_V"": 3.552, ""Exti_pin_level"": ""Low"", ""Exti_status"": ""False"", ""IDC_intput_mA"": 5.748, ""IN1_pin_level"": ""Low"", ""IN2_pin_level"": ""Low"", ""Node_type"": ""PS-LB"", ""Probe_mod"": 0, ""VDC_intput_V"": 0, ""Water_deep_cm"": 21.85}"
2025-09-20 00:29:32.068829619+00:00,ps-lb-09,2,-41,10.25,"{""Bat_V"": 3.546, ""Exti_pin_level"": ""Low"", ""Exti_status"": ""False"", ""IDC_intput_mA"": 5.748, ""IN1_pin_level"": ""Low"", ""IN2_pin_level"": ""Low"", ""Node_type"": ""PS-LB"", ""Probe_mod"": 0, ""VDC_intput_V"": 0, ""Water_deep_cm"": 21.85}"
2025-09-20 00:39:31.929599172+00:00,ps-lb-09,2,-41,7.75,"{""Bat_V"": 3.546, ""Exti_pin_level"": ""Low"", ""Exti_status"": ""False"", ""IDC_intput_mA"": 5.748, ""IN1_pin_level"": ""Low"", ""IN2_pin_level"": ""Low"", ""Node_type"": ""PS-LB"", ""Probe_mod"": 0, ""VDC_intput_V"": 0, ""Water_deep_cm"": 21.85}"
2025-09-20 00:49:31.811589857+00:00,ps-lb-09,2,-38,7.5,"{""Bat_V"": 3.546, ""Exti_pin_level"": ""Low"", ""Exti_status"": ""False"", ""IDC_intput_mA"": 5.748, ""IN1_pin_level"": ""Low"", ""IN2_pin_level"": ""Low"", ""Node_type"": ""PS-LB"", ""Probe_mod"": 0, ""VDC_intput_V"": 0, ""Water_deep_cm"": 21.85}"
2025-09-20 00:59:31.704433820+00:00,ps-lb-09,2,-41,10.25,"{""Bat_V"": 3.546, ""Exti_pin_level"": ""Low"", ""Exti_status"": ""False"", ""IDC_intput_mA"": 5.748, ""IN1_pin_level"": ""Low"", ""IN2_pin_level"": ""Low"", ""Node_type"": ""PS-LB"", ""Probe_mod"": 0, ""VDC_intput_V"": 0, ""Water_deep_cm"": 21.85}"
2025-09-20 01:09:31.573924610+00:00,ps-lb-09,2,-41,10.0,"{""Bat_V"": 3.552, ""Exti_pin_level"": ""Low"", ""Exti_status"": ""False"", ""IDC_intput_mA"": 5.748, ""IN1_pin_level"": ""Low"", ""IN2_pin_level"": ""Low"", ""Node_type"": ""PS-LB"", ""Probe_mod"": 0, ""VDC_intput_V"": 0, ""Water_deep_cm"": 21.85}"
2025-09-20 01:19:31.458845336+00:00,ps-lb-09,2,-116,-0.75,"{""Bat_V"": 3.552, ""Exti_pin_level"": ""Low"", ""Exti_status"": ""False"", ""IDC_intput_mA"": 5.748, ""IN1_pin_level"": ""Low"", ""IN2_pin_level"": ""Low"", ""Node_type"": ""PS-LB"", ""Probe_mod"": 0, ""VDC_intput_V"": 0, ""Water_deep_cm"": 21.85}"
2025-09-20 01:29:31.330846091+00:00,ps-lb-09,2,-117,-2.0,"{""Bat_V"": 3.552, ""Exti_pin_level"": ""Low"", ""Exti_status"": ""False"", ""IDC_intput_mA"": 5.748, ""IN1_pin_level"": ""Low"", ""IN2_pin_level"": ""Low"", ""Node_type"": ""PS-LB"", ""Probe_mod"": 0, ""VDC_intput_V"": 0, ""Water_deep_cm"": 21.85}"
2025-09-20 01:39:31.208829652+00:00,ps-lb-09,2,-41,10.25,"{""Bat_V"": 3.546, ""Exti_pin_level"": ""Low"", ""Exti_status"": ""False"", ""IDC_intput_mA"": 5.748, ""IN1_pin_level"": ""Low"", ""IN2_pin_level"": ""Low"", ""Node_type"": ""PS-LB"", ""Probe_mod"": 0, ""VDC_intput_V"": 0, ""Water_deep_cm"": 21.85}"
2025-09-20 01:49:31.079548936+00:00,ps-lb-09,2,-116,-0.5,"{""Bat_V"": 3.552, ""Exti_pin_level"": ""Low"", ""Exti_status"": ""False"", ""IDC_intput_mA"": 5.748, ""IN1_pin_level"": ""Low"", ""IN2_pin_level"": ""Low"", ""Node_type"": ""PS-LB"", ""Probe_mod"": 0, ""VDC_intput_V"": 0, ""Water_deep_cm"": 21.85}"
2025-09-20 01:59:30.972239453+00:00,ps-lb-09,2,-41,7.5,"{""Bat_V"": 3.546, ""Exti_pin_level"": ""Low"", ""Exti_status"": ""False"", ""IDC_intput_mA"": 5.748, ""IN1_pin_level"": ""Low"", ""IN2_pin_level"": ""Low"", ""Node_type"": ""PS-LB"", ""Probe_mod"": 0, ""VDC_intput_V"": 0, ""Water_deep_cm"": 21.85}"
2025-09-20 02:09:30.844083014+00:00,ps-lb-09,2,-39,7.25,"{""Bat_V"": 3.546, ""Exti_pin_level"": ""Low"", ""Exti_status"": ""False"", ""IDC_intput_mA"": 5.748, ""IN1_pin_level"": ""Low"", ""IN2_pin_level"": ""Low"", ""Node_type"": ""PS-LB"", ""Probe_mod"": 0, ""VDC_intput_V"": 0, ""Water_deep_cm"": 21.85}"
2025-09-20 02:19:30.689086272+00:00,ps-lb-09,2,-112,-2.2,"{""Bat_V"": 3.552, ""Exti_pin_level"": ""Low"", ""Exti_status"": ""False"", ""IDC_intput_mA"": 5.748, ""IN1_pin_level"": ""Low"", ""IN2_pin_level"": ""Low"", ""Node_type"": ""PS-LB"", ""Probe_mod"": 0, ""VDC_intput_V"": 0, ""Water_deep_cm"": 21.85}"
2025-09-20 02:29:30.571112372+00:00,ps-lb-09,2,-112,2.5,"{""Bat_V"": 3.552, ""Exti_pin_level"": ""Low"", ""Exti_status"": ""False"", ""IDC_intput_mA"": 5.748, ""IN1_pin_level"": ""Low"", ""IN2_pin_level"": ""Low"", ""Node_type"": ""PS-LB"", ""Probe_mod"": 0, ""VDC_intput_V"": 0, ""Water_deep_cm"": 21.85}"
2025-09-20 02:39:30.496909527+00:00,ps-lb-09,2,-44,10.5,"{""Bat_V"": 3.552, ""Exti_pin_level"": ""Low"", ""Exti_status"": ""False"", ""IDC_intput_mA"": 5.748, ""IN1_pin_level"": ""Low"", ""IN2_pin_level"": ""Low"", ""Node_type"": ""PS-LB"", ""Probe_mod"": 0, ""VDC_intput_V"": 0, ""Water_deep_cm"": 21.85}"
2025-09-20 02:49:30.359883457+00:00,ps-lb-09,2,-116,-1.0,"{""Bat_V"": 3.552, ""Exti_pin_level"": ""Low"", ""Exti_status"": ""False"", ""IDC_intput_mA"": 5.748, ""IN1_pin_level"": ""Low"", ""IN2_pin_level"": ""Low"", ""Node_type"": ""PS-LB"", ""Probe_mod"": 0, ""VDC_intput_V"": 0, ""Water_deep_cm"": 21.85}"
2025-09-20 02:59:30.241622439+00:00,ps-lb-09,2,-39,9.75,"{""Bat_V"": 3.552, ""Exti_pin_level"": ""Low"", ""Exti_status"": ""False"", ""IDC_intput_mA"": 5.748, ""IN1_pin_level"": ""Low"", ""IN2_pin_level"": ""Low"", ""Node_type"": ""PS-LB"", ""Probe_mod"": 0, ""VDC_intput_V"": 0, ""Water_deep_cm"": 21.85}"
2025-09-20 03:09:30.107760833+00:00,ps-lb-09,2,-122,-5.75,"{""Bat_V"": 3.552, ""Exti_pin_level"": ""Low"", ""Exti_status"": ""False"", ""IDC_intput_mA"": 5.748, ""IN1_pin_level"": ""Low"", ""IN2_pin_level"": ""Low"", ""Node_type"": ""PS-LB"", ""Probe_mod"": 0, ""VDC_intput_V"": 0, ""Water_deep_cm"": 21.85}"
2025-09-20 03:19:29.992821080+00:00,ps-lb-09,2,-39,7.0,"{""Bat_V"": 3.552, ""Exti_pin_level"": ""Low"", ""Exti_status"": ""False"", ""IDC_intput_mA"": 5.748, ""IN1_pin_level"": ""Low"", ""IN2_pin_level"": ""Low"", ""Node_type"": ""PS-LB"", ""Probe_mod"": 0, ""VDC_intput_V"": 0, ""Water_deep_cm"": 21.85}"
2025-09-20 03:29:29.881269242+00:00,ps-lb-09,2,-39,10.0,"{""Bat_V"": 3.552, ""Exti_pin_level"": ""Low"", ""Exti_status"": ""False"", ""IDC_intput_mA"": 5.747, ""IN1_pin_level"": ""Low"", ""IN2_pin_level"": ""Low"", ""Node_type"": ""PS-LB"", ""Probe_mod"": 0, ""VDC_intput_V"": 0, ""Water_deep_cm"": 21.837}"
2025-09-20 03:39:29.756411552+00:00,ps-lb-09,2,-39,7.75,"{""Bat_V"": 3.552, ""Exti_pin_level"": ""Low"", ""Exti_status"": ""False"", ""IDC_intput_mA"": 5.747, ""IN1_pin_level"": ""Low"", ""IN2_pin_level"": ""Low"", ""Node_type"": ""PS-LB"", ""Probe_mod"": 0, ""VDC_intput_V"": 0, ""Water_deep_cm"": 21.837}"
2025-09-20 03:49:29.634191352+00:00,ps-lb-09,2,-39,9.25,"{""Bat_V"": 3.552, ""Exti_pin_level"": ""Low"", ""Exti_status"": ""False"", ""IDC_intput_mA"": 5.747, ""IN1_pin_level"": ""Low"", ""IN2_pin_level"": ""Low"", ""Node_type"": ""PS-LB"", ""Probe_mod"": 0, ""VDC_intput_V"": 0, ""Water_deep_cm"": 21.837}"
2025-09-20 03:59:29.506528669+00:00,ps-lb-09,2,-42,9.75,"{""Bat_V"": 3.546, ""Exti_pin_level"": ""Low"", ""Exti_status"": ""False"", ""IDC_intput_mA"": 5.747, ""IN1_pin_level"": ""Low"", ""IN2_pin_level"": ""Low"", ""Node_type"": ""PS-LB"", ""Probe_mod"": 0, ""VDC_intput_V"": 0, ""Water_deep_cm"": 21.837}"
2025-09-20 04:09:29.386996269+00:00,ps-lb-09,2,-43,8.0,"{""Bat_V"": 3.546, ""Exti_pin_level"": ""Low"", ""Exti_status"": ""False"", ""IDC_intput_mA"": 5.747, ""IN1_pin_level"": ""Low"", ""IN2_pin_level"": ""Low"", ""Node_type"": ""PS-LB"", ""Probe_mod"": 0, ""VDC_intput_V"": 0, ""Water_deep_cm"": 21.837}"
2025-09-20 04:19:29.268326149+00:00,ps-lb-09,2,-41,10.0,"{""Bat_V"": 3.546, ""Exti_pin_level"": ""Low"", ""Exti_status"": ""False"", ""IDC_intput_mA"": 5.747, ""IN1_pin_level"": ""Low"", ""IN2_pin_level"": ""Low"", ""Node_type"": ""PS-LB"", ""Probe_mod"": 0, ""VDC_intput_V"": 0, ""Water_deep_cm"": 21.837}"
2025-09-20 04:29:29.147237898+00:00,ps-lb-09,2,-44,9.75,"{""Bat_V"": 3.546, ""Exti_pin_level"": ""Low"", ""Exti_status"": ""False"", ""IDC_intput_mA"": 5.747, ""IN1_pin_level"": ""Low"", ""IN2_pin_level"": ""Low"", ""Node_type"": ""PS-LB"", ""Probe_mod"": 0, ""VDC_intput_V"": 0, ""Water_deep_cm"": 21.837}"
2025-09-20 04:39:29.036772173+00:00,ps-lb-09,2,-39,7.5,"{""Bat_V"": 3.546, ""Exti_pin_level"": ""Low"", ""Exti_status"": ""False"", ""IDC_intput_mA"": 5.747, ""IN1_pin_level"": ""Low"", ""IN2_pin_level"": ""Low"", ""Node_type"": ""PS-LB"", ""Probe_mod"": 0, ""VDC_intput_V"": 0, ""Water_deep_cm"": 21.837}"
2025-09-20 04:49:28.910148346+00:00,ps-lb-09,2,-121,-5.0,"{""Bat_V"": 3.546, ""Exti_pin_level"": ""Low"", ""Exti_status"": ""False"", ""IDC_intput_mA"": 5.747, ""IN1_pin_level"": ""Low"", ""IN2_pin_level"": ""Low"", ""Node_type"": ""PS-LB"", ""Probe_mod"": 0, ""VDC_intput_V"": 0, ""Water_deep_cm"": 21.837}"
2025-09-20 04:59:28.778426090+00:00,ps-lb-09,2,-43,10.25,"{""Bat_V"": 3.546, ""Exti_pin_level"": ""Low"", ""Exti_status"": ""False"", ""IDC_intput_mA"": 5.747, ""IN1_pin_level"": ""Low"", ""IN2_pin_level"": ""Low"", ""Node_type"": ""PS-LB"", ""Probe_mod"": 0, ""VDC_intput_V"": 0, ""Water_deep_cm"": 21.837}"
2025-09-20 05:09:28.651521286+00:00,ps-lb-09,2,-41,9.75,"{""Bat_V"": 3.546, ""Exti_pin_level"": ""Low"", ""Exti_status"": ""False"", ""IDC_intput_mA"": 5.747, ""IN1_pin_level"": ""Low"", ""IN2_pin_level"": ""Low"", ""Node_type"": ""PS-LB"", ""Probe_mod"": 0, ""VDC_intput_V"": 0, ""Water_deep_cm"": 21.837}"
2025-09-20 05:19:28.535844099+00:00,ps-lb-09,2,-40,9.0,"{""Bat_V"": 3.546, ""Exti_pin_level"": ""Low"", ""Exti_status"": ""False"", ""IDC_intput_mA"": 5.747, ""IN1_pin_level"": ""Low"", ""IN2_pin_level"": ""Low"", ""Node_type"": ""PS-LB"", ""Probe_mod"": 0, ""VDC_intput_V"": 0, ""Water_deep_cm"": 21.837}"
2025-09-20 05:29:28.406975886+00:00,ps-lb-09,2,-39,7.25,"{""Bat_V"": 3.552, ""Exti_pin_level"": ""Low"", ""Exti_status"": ""False"", ""IDC_intput_mA"": 5.747, ""IN1_pin_level"": ""Low"", ""IN2_pin_level"": ""Low"", ""Node_type"": ""PS-LB"", ""Probe_mod"": 0, ""VDC_intput_V"": 0, ""Water_deep_cm"": 21.837}"
2025-09-20 05:39:28.295372858+00:00,ps-lb-09,2,-39,9.5,"{""Bat_V"": 3.546, ""Exti_pin_level"": ""Low"", ""Exti_status"": ""False"", ""IDC_intput_mA"": 5.747, ""IN1_pin_level"": ""Low"", ""IN2_pin_level"": ""Low"", ""Node_type"": ""PS-LB"", ""Probe_mod"": 0, ""VDC_intput_V"": 0, ""Water_deep_cm"": 21.837}"
2025-09-20 05:49:28.173070027+00:00,ps-lb-09,2,-121,-6.5,"{""Bat_V"": 3.546, ""Exti_pin_level"": ""Low"", ""Exti_status"": ""False"", ""IDC_intput_mA"": 5.747, ""IN1_pin_level"": ""Low"", ""IN2_pin_level"": ""Low"", ""Node_type"": ""PS-LB"", ""Probe_mod"": 0, ""VDC_intput_V"": 0, ""Water_deep_cm"": 21.837}"
2025-09-20 05:59:28.050327882+00:00,ps-lb-09,2,-38,8.5,"{""Bat_V"": 3.546, ""Exti_pin_level"": ""Low"", ""Exti_status"": ""False"", ""IDC_intput_mA"": 5.746, ""IN1_pin_level"": ""Low"", ""IN2_pin_level"": ""Low"", ""Node_type"": ""PS-LB"", ""Probe_mod"": 0, ""VDC_intput_V"": 0, ""Water_deep_cm"": 21.825}"
2025-09-20 06:09:27.953538424+00:00,ps-lb-09,2,-41,10.75,"{""Bat_V"": 3.546, ""Exti_pin_level"": ""Low"", ""Exti_status"": ""False"", ""IDC_intput_mA"": 5.746, ""IN1_pin_level"": ""Low"", ""IN2_pin_level"": ""Low"", ""Node_type"": ""PS-LB"", ""Probe_mod"": 0, ""VDC_intput_V"": 0, ""Water_deep_cm"": 21.825}"
2025-09-20 06:19:27.837788777+00:00,ps-lb-09,2,-117,-2.0,"{""Bat_V"": 3.546, ""Exti_pin_level"": ""Low"", ""Exti_status"": ""False"", ""IDC_intput_mA"": 5.746, ""IN1_pin_level"": ""Low"", ""IN2_pin_level"": ""Low"", ""Node_type"": ""PS-LB"", ""Probe_mod"": 0, ""VDC_intput_V"": 0, ""Water_deep_cm"": 21.825}"
2025-09-20 06:29:27.711038245+00:00,ps-lb-09,2,-38,9.0,"{""Bat_V"": 3.546, ""Exti_pin_level"": ""Low"", ""Exti_status"": ""False"", ""IDC_intput_mA"": 5.746, ""IN1_pin_level"": ""Low"", ""IN2_pin_level"": ""Low"", ""Node_type"": ""PS-LB"", ""Probe_mod"": 0, ""VDC_intput_V"": 0, ""Water_deep_cm"": 21.825}"
2025-09-20 06:39:27.564582369+00:00,ps-lb-09,2,-44,10.25,"{""Bat_V"": 3.546, ""Exti_pin_level"": ""Low"", ""Exti_status"": ""False"", ""IDC_intput_mA"": 5.746, ""IN1_pin_level"": ""Low"", ""IN2_pin_level"": ""Low"", ""Node_type"": ""PS-LB"", ""Probe_mod"": 0, ""VDC_intput_V"": 0, ""Water_deep_cm"": 21.825}"
2025-09-20 06:49:27.448864011+00:00,ps-lb-09,2,-39,7.5,"{""Bat_V"": 3.552, ""Exti_pin_level"": ""Low"", ""Exti_status"": ""False"", ""IDC_intput_mA"": 5.745, ""IN1_pin_level"": ""Low"", ""IN2_pin_level"": ""Low"", ""Node_type"": ""PS-LB"", ""Probe_mod"": 0, ""VDC_intput_V"": 0, ""Water_deep_cm"": 21.813}"
2025-09-20 06:59:27.332708251+00:00,ps-lb-09,2,-121,-4.25,"{""Bat_V"": 3.546, ""Exti_pin_level"": ""Low"", ""Exti_status"": ""False"", ""IDC_intput_mA"": 5.745, ""IN1_pin_level"": ""Low"", ""IN2_pin_level"": ""Low"", ""Node_type"": ""PS-LB"", ""Probe_mod"": 0, ""VDC_intput_V"": 0, ""Water_deep_cm"": 21.813}"
2025-09-20 07:09:27.194626986+00:00,ps-lb-09,2,-39,9.25,"{""Bat_V"": 3.546, ""Exti_pin_level"": ""Low"", ""Exti_status"": ""False"", ""IDC_intput_mA"": 5.745, ""IN1_pin_level"": ""Low"", ""IN2_pin_level"": ""Low"", ""Node_type"": ""PS-LB"", ""Probe_mod"": 0, ""VDC_intput_V"": 0, ""Water_deep_cm"": 21.813}"
2025-09-20 07:19:27.098922132+00:00,ps-lb-09,2,-39,9.5,"{""Bat_V"": 3.546, ""Exti_pin_level"": ""Low"", ""Exti_status"": ""False"", ""IDC_intput_mA"": 5.745, ""IN1_pin_level"": ""Low"", ""IN2_pin_level"": ""Low"", ""Node_type"": ""PS-LB"", ""Probe_mod"": 0, ""VDC_intput_V"": 0, ""Water_deep_cm"": 21.813}"
2025-09-20 07:29:26.930678944+00:00,ps-lb-09,2,-107,-1.2,"{""Bat_V"": 3.546, ""Exti_pin_level"": ""Low"", ""Exti_status"": ""False"", ""IDC_intput_mA"": 5.745, ""IN1_pin_level"": ""Low"", ""IN2_pin_level"": ""Low"", ""Node_type"": ""PS-LB"", ""Probe_mod"": 0, ""VDC_intput_V"": 0, ""Water_deep_cm"": 21.813}"
2025-09-20 07:39:26.844308976+00:00,ps-lb-09,2,-39,8.0,"{""Bat_V"": 3.546, ""Exti_pin_level"": ""Low"", ""Exti_status"": ""False"", ""IDC_intput_mA"": 5.745, ""IN1_pin_level"": ""Low"", ""IN2_pin_level"": ""Low"", ""Node_type"": ""PS-LB"", ""Probe_mod"": 0, ""VDC_intput_V"": 0, ""Water_deep_cm"": 21.813}"
2025-09-20 07:49:26.728628391+00:00,ps-lb-09,2,-39,9.5,"{""Bat_V"": 3.546, ""Exti_pin_level"": ""Low"", ""Exti_status"": ""False"", ""IDC_intput_mA"": 5.745, ""IN1_pin_level"": ""Low"", ""IN2_pin_level"": ""Low"", ""Node_type"": ""PS-LB"", ""Probe_mod"": 0, ""VDC_intput_V"": 0, ""Water_deep_cm"": 21.813}"
2025-09-20 07:59:26.606617770+00:00,ps-lb-09,2,-41,9.75,"{""Bat_V"": 3.546, ""Exti_pin_level"": ""Low"", ""Exti_status"": ""False"", ""IDC_intput_mA"": 5.745, ""IN1_pin_level"": ""Low"", ""IN2_pin_level"": ""Low"", ""Node_type"": ""PS-LB"", ""Probe_mod"": 0, ""VDC_intput_V"": 0, ""Water_deep_cm"": 21.813}"
2025-09-20 08:09:26.478297081+00:00,ps-lb-09,2,-41,9.0,"{""Bat_V"": 3.546, ""Exti_pin_level"": ""Low"", ""Exti_status"": ""False"", ""IDC_intput_mA"": 5.745, ""IN1_pin_level"": ""Low"", ""IN2_pin_level"": ""Low"", ""Node_type"": ""PS-LB"", ""Probe_mod"": 0, ""VDC_intput_V"": 0, ""Water_deep_cm"": 21.813}"
2025-09-20 08:19:26.376179613+00:00,ps-lb-09,2,-39,9.25,"{""Bat_V"": 3.546, ""Exti_pin_level"": ""Low"", ""Exti_status"": ""False"", ""IDC_intput_mA"": 5.745, ""IN1_pin_level"": ""Low"", ""IN2_pin_level"": ""Low"", ""Node_type"": ""PS-LB"", ""Probe_mod"": 0, ""VDC_intput_V"": 0, ""Water_deep_cm"": 21.813}"
2025-09-20 08:29:26.231003821+00:00,ps-lb-09,2,-117,-1.75,"{""Bat_V"": 3.552, ""Exti_pin_level"": ""Low"", ""Exti_status"": ""False"", ""IDC_intput_mA"": 5.745, ""IN1_pin_level"": ""Low"", ""IN2_pin_level"": ""Low"", ""Node_type"": ""PS-LB"", ""Probe_mod"": 0, ""VDC_intput_V"": 0, ""Water_deep_cm"": 21.813}"
2025-09-20 08:39:26.130966196+00:00,ps-lb-09,2,-120,-5.0,"{""Bat_V"": 3.546, ""Exti_pin_level"": ""Low"", ""Exti_status"": ""False"", ""IDC_intput_mA"": 5.745, ""IN1_pin_level"": ""Low"", ""IN2_pin_level"": ""Low"", ""Node_type"": ""PS-LB"", ""Probe_mod"": 0, ""VDC_intput_V"": 0, ""Water_deep_cm"": 21.813}"
2025-09-20 08:49:25.988327094+00:00,ps-lb-09,2,-121,-5.5,"{""Bat_V"": 3.546, ""Exti_pin_level"": ""Low"", ""Exti_status"": ""False"", ""IDC_intput_mA"": 5.745, ""IN1_pin_level"": ""Low"", ""IN2_pin_level"": ""Low"", ""Node_type"": ""PS-LB"", ""Probe_mod"": 0, ""VDC_intput_V"": 0, ""Water_deep_cm"": 21.813}"
2025-09-20 08:59:25.887036269+00:00,ps-lb-09,2,-39,9.0,"{""Bat_V"": 3.546, ""Exti_pin_level"": ""Low"", ""Exti_status"": ""False"", ""IDC_intput_mA"": 5.745, ""IN1_pin_level"": ""Low"", ""IN2_pin_level"": ""Low"", ""Node_type"": ""PS-LB"", ""Probe_mod"": 0, ""VDC_intput_V"": 0, ""Water_deep_cm"": 21.813}"
2025-09-20 09:09:25.769185596+00:00,ps-lb-09,2,-39,9.0,"{""Bat_V"": 3.546, ""Exti_pin_level"": ""Low"", ""Exti_status"": ""False"", ""IDC_intput_mA"": 5.744, ""IN1_pin_level"": ""Low"", ""IN2_pin_level"": ""Low"", ""Node_type"": ""PS-LB"", ""Probe_mod"": 0, ""VDC_intput_V"": 0, ""Water_deep_cm"": 21.8}"
2025-09-20 09:19:25.637592546+00:00,ps-lb-09,2,-39,9.5,"{""Bat_V"": 3.552, ""Exti_pin_level"": ""Low"", ""Exti_status"": ""False"", ""IDC_intput_mA"": 5.744, ""IN1_pin_level"": ""Low"", ""IN2_pin_level"": ""Low"", ""Node_type"": ""PS-LB"", ""Probe_mod"": 0, ""VDC_intput_V"": 0, ""Water_deep_cm"": 21.8}"
2025-09-20 09:29:25.513135946+00:00,ps-lb-09,2,-114,-2.0,"{""Bat_V"": 3.546, ""Exti_pin_level"": ""Low"", ""Exti_status"": ""False"", ""IDC_intput_mA"": 5.745, ""IN1_pin_level"": ""Low"", ""IN2_pin_level"": ""Low"", ""Node_type"": ""PS-LB"", ""Probe_mod"": 0, ""VDC_intput_V"": 0, ""Water_deep_cm"": 21.813}"
2025-09-20 09:39:25.380955043+00:00,ps-lb-09,2,-41,10.75,"{""Bat_V"": 3.546, ""Exti_pin_level"": ""Low"", ""Exti_status"": ""False"", ""IDC_intput_mA"": 5.744, ""IN1_pin_level"": ""Low"", ""IN2_pin_level"": ""Low"", ""Node_type"": ""PS-LB"", ""Probe_mod"": 0, ""VDC_intput_V"": 0, ""Water_deep_cm"": 21.8}"
2025-09-20 09:49:25.270155850+00:00,ps-lb-09,2,-44,10.75,"{""Bat_V"": 3.546, ""Exti_pin_level"": ""Low"", ""Exti_status"": ""False"", ""IDC_intput_mA"": 5.745, ""IN1_pin_level"": ""Low"", ""IN2_pin_level"": ""Low"", ""Node_type"": ""PS-LB"", ""Probe_mod"": 0, ""VDC_intput_V"": 0, ""Water_deep_cm"": 21.813}"
2025-09-20 09:59:25.147887078+00:00,ps-lb-09,2,-41,7.5,"{""Bat_V"": 3.546, ""Exti_pin_level"": ""Low"", ""Exti_status"": ""False"", ""IDC_intput_mA"": 5.745, ""IN1_pin_level"": ""Low"", ""IN2_pin_level"": ""Low"", ""Node_type"": ""PS-LB"", ""Probe_mod"": 0, ""VDC_intput_V"": 0, ""Water_deep_cm"": 21.813}"
2025-09-20 10:09:25.027315842+00:00,ps-lb-09,2,-39,10.5,"{""Bat_V"": 3.546, ""Exti_pin_level"": ""Low"", ""Exti_status"": ""False"", ""IDC_intput_mA"": 5.745, ""IN1_pin_level"": ""Low"", ""IN2_pin_level"": ""Low"", ""Node_type"": ""PS-LB"", ""Probe_mod"": 0, ""VDC_intput_V"": 0, ""Water_deep_cm"": 21.813}"
2025-09-20 10:19:24.921237941+00:00,ps-lb-09,2,-39,8.75,"{""Bat_V"": 3.546, ""Exti_pin_level"": ""Low"", ""Exti_status"": ""False"", ""IDC_intput_mA"": 5.745, ""IN1_pin_level"": ""Low"", ""IN2_pin_level"": ""Low"", ""Node_type"": ""PS-LB"", ""Probe_mod"": 0, ""VDC_intput_V"": 0, ""Water_deep_cm"": 21.813}"
2025-09-20 10:29:24.796007181+00:00,ps-lb-09,2,-43,9.75,"{""Bat_V"": 3.546, ""Exti_pin_level"": ""Low"", ""Exti_status"": ""False"", ""IDC_intput_mA"": 5.744, ""IN1_pin_level"": ""Low"", ""IN2_pin_level"": ""Low"", ""Node_type"": ""PS-LB"", ""Probe_mod"": 0, ""VDC_intput_V"": 0, ""Water_deep_cm"": 21.8}"
2025-09-20 10:39:24.663827025+00:00,ps-lb-09,2,-116,-3.0,"{""Bat_V"": 3.546, ""Exti_pin_level"": ""Low"", ""Exti_status"": ""False"", ""IDC_intput_mA"": 5.744, ""IN1_pin_level"": ""Low"", ""IN2_pin_level"": ""Low"", ""Node_type"": ""PS-LB"", ""Probe_mod"": 0, ""VDC_intput_V"": 0, ""Water_deep_cm"": 21.8}"
2025-09-20 10:49:24.537083369+00:00,ps-lb-09,2,-41,9.75,"{""Bat_V"": 3.546, ""Exti_pin_level"": ""Low"", ""Exti_status"": ""False"", ""IDC_intput_mA"": 5.744, ""IN1_pin_level"": ""Low"", ""IN2_pin_level"": ""Low"", ""Node_type"": ""PS-LB"", ""Probe_mod"": 0, ""VDC_intput_V"": 0, ""Water_deep_cm"": 21.8}"
2025-09-20 10:59:24.426868658+00:00,ps-lb-09,2,-41,9.25,"{""Bat_V"": 3.546, ""Exti_pin_level"": ""Low"", ""Exti_status"": ""False"", ""IDC_intput_mA"": 5.744, ""IN1_pin_level"": ""Low"", ""IN2_pin_level"": ""Low"", ""Node_type"": ""PS-LB"", ""Probe_mod"": 0, ""VDC_intput_V"": 0, ""Water_deep_cm"": 21.8}"
2025-09-20 11:09:24.300591082+00:00,ps-lb-09,2,-119,-3.0,"{""Bat_V"": 3.546, ""Exti_pin_level"": ""Low"", ""Exti_status"": ""False"", ""IDC_intput_mA"": 5.744, ""IN1_pin_level"": ""Low"", ""IN2_pin_level"": ""Low"", ""Node_type"": ""PS-LB"", ""Probe_mod"": 0, ""VDC_intput_V"": 0, ""Water_deep_cm"": 21.8}"
2025-09-20 11:19:24.189208271+00:00,ps-lb-09,2,-38,7.5,"{""Bat_V"": 3.546, ""Exti_pin_level"": ""Low"", ""Exti_status"": ""False"", ""IDC_intput_mA"": 5.744, ""IN1_pin_level"": ""Low"", ""IN2_pin_level"": ""Low"", ""Node_type"": ""PS-LB"", ""Probe_mod"": 0, ""VDC_intput_V"": 0, ""Water_deep_cm"": 21.8}"
2025-09-20 11:29:24.064110588+00:00,ps-lb-09,2,-39,8.25,"{""Bat_V"": 3.546, ""Exti_pin_level"": ""Low"", ""Exti_status"": ""False"", ""IDC_intput_mA"": 5.744, ""IN1_pin_level"": ""Low"", ""IN2_pin_level"": ""Low"", ""Node_type"": ""PS-LB"", ""Probe_mod"": 0, ""VDC_intput_V"": 0, ""Water_deep_cm"": 21.8}"
2025-09-20 11:39:23.941484642+00:00,ps-lb-09,2,-41,10.0,"{""Bat_V"": 3.546, ""Exti_pin_level"": ""Low"", ""Exti_status"": ""False"", ""IDC_intput_mA"": 5.744, ""IN1_pin_level"": ""Low"", ""IN2_pin_level"": ""Low"", ""Node_type"": ""PS-LB"", ""Probe_mod"": 0, ""VDC_intput_V"": 0, ""Water_deep_cm"": 21.8}"
2025-09-20 11:49:23.825253343+00:00,ps-lb-09,2,-41,9.25,"{""Bat_V"": 3.546, ""Exti_pin_level"": ""Low"", ""Exti_status"": ""False"", ""IDC_intput_mA"": 5.744, ""IN1_pin_level"": ""Low"", ""IN2_pin_level"": ""Low"", ""Node_type"": ""PS-LB"", ""Probe_mod"": 0, ""VDC_intput_V"": 0, ""Water_deep_cm"": 21.8}"
2025-09-20 11:59:23.704556405+00:00,ps-lb-09,2,-40,9.75,"{""Bat_V"": 3.546, ""Exti_pin_level"": ""Low"", ""Exti_status"": ""False"", ""IDC_intput_mA"": 5.745, ""IN1_pin_level"": ""Low"", ""IN2_pin_level"": ""Low"", ""Node_type"": ""PS-LB"", ""Probe_mod"": 0, ""VDC_intput_V"": 0, ""Water_deep_cm"": 21.813}"
2025-09-20 12:09:23.575419492+00:00,ps-lb-09,2,-113,2.0,"{""Bat_V"": 3.546, ""Exti_pin_level"": ""Low"", ""Exti_status"": ""False"", ""IDC_intput_mA"": 5.744, ""IN1_pin_level"": ""Low"", ""IN2_pin_level"": ""Low"", ""Node_type"": ""PS-LB"", ""Probe_mod"": 0, ""VDC_intput_V"": 0, ""Water_deep_cm"": 21.8}"
2025-09-20 12:19:23.439112182+00:00,ps-lb-09,2,-123,-6.75,"{""Bat_V"": 3.546, ""Exti_pin_level"": ""Low"", ""Exti_status"": ""False"", ""IDC_intput_mA"": 5.744, ""IN1_pin_level"": ""Low"", ""IN2_pin_level"": ""Low"", ""Node_type"": ""PS-LB"", ""Probe_mod"": 0, ""VDC_intput_V"": 0, ""Water_deep_cm"": 21.8}"
2025-09-20 12:29:23.326070766+00:00,ps-lb-09,2,-120,-4.75,"{""Bat_V"": 3.546, ""Exti_pin_level"": ""Low"", ""Exti_status"": ""False"", ""IDC_intput_mA"": 5.744, ""IN1_pin_level"": ""Low"", ""IN2_pin_level"": ""Low"", ""Node_type"": ""PS-LB"", ""Probe_mod"": 0, ""VDC_intput_V"": 0, ""Water_deep_cm"": 21.8}"
2025-09-20 12:39:23.198629593+00:00,ps-lb-09,2,-41,8.25,"{""Bat_V"": 3.546, ""Exti_pin_level"": ""Low"", ""Exti_status"": ""False"", ""IDC_intput_mA"": 5.744, ""IN1_pin_level"": ""Low"", ""IN2_pin_level"": ""Low"", ""Node_type"": ""PS-LB"", ""Probe_mod"": 0, ""VDC_intput_V"": 0, ""Water_deep_cm"": 21.8}"
2025-09-20 12:49:23.106193897+00:00,ps-lb-09,2,-41,8.25,"{""Bat_V"": 3.546, ""Exti_pin_level"": ""Low"", ""Exti_status"": ""False"", ""IDC_intput_mA"": 5.744, ""IN1_pin_level"": ""Low"", ""IN2_pin_level"": ""Low"", ""Node_type"": ""PS-LB"", ""Probe_mod"": 0, ""VDC_intput_V"": 0, ""Water_deep_cm"": 21.8}"
2025-09-20 12:59:22.956411725+00:00,ps-lb-09,2,-116,-2.0,"{""Bat_V"": 3.546, ""Exti_pin_level"": ""Low"", ""Exti_status"": ""False"", ""IDC_intput_mA"": 5.744, ""IN1_pin_level"": ""Low"", ""IN2_pin_level"": ""Low"", ""Node_type"": ""PS-LB"", ""Probe_mod"": 0, ""VDC_intput_V"": 0, ""Water_deep_cm"": 21.8}"
2025-09-20 13:09:22.854802940+00:00,ps-lb-09,2,-41,9.25,"{""Bat_V"": 3.546, ""Exti_pin_level"": ""Low"", ""Exti_status"": ""False"", ""IDC_intput_mA"": 5.743, ""IN1_pin_level"": ""Low"", ""IN2_pin_level"": ""Low"", ""Node_type"": ""PS-LB"", ""Probe_mod"": 0, ""VDC_intput_V"": 0, ""Water_deep_cm"": 21.788}"
2025-09-20 13:19:22.719129942+00:00,ps-lb-09,2,-116,-1.75,"{""Bat_V"": 3.546, ""Exti_pin_level"": ""Low"", ""Exti_status"": ""False"", ""IDC_intput_mA"": 5.743, ""IN1_pin_level"": ""Low"", ""IN2_pin_level"": ""Low"", ""Node_type"": ""PS-LB"", ""Probe_mod"": 0, ""VDC_intput_V"": 0, ""Water_deep_cm"": 21.788}"
2025-09-20 13:29:22.607671998+00:00,ps-lb-09,2,-42,10.0,"{""Bat_V"": 3.546, ""Exti_pin_level"": ""Low"", ""Exti_status"": ""False"", ""IDC_intput_mA"": 5.744, ""IN1_pin_level"": ""Low"", ""IN2_pin_level"": ""Low"", ""Node_type"": ""PS-LB"", ""Probe_mod"": 0, ""VDC_intput_V"": 0, ""Water_deep_cm"": 21.8}"
2025-09-20 13:39:22.496931747+00:00,ps-lb-09,2,-39,9.25,"{""Bat_V"": 3.546, ""Exti_pin_level"": ""Low"", ""Exti_status"": ""False"", ""IDC_intput_mA"": 5.745, ""IN1_pin_level"": ""Low"", ""IN2_pin_level"": ""Low"", ""Node_type"": ""PS-LB"", ""Probe_mod"": 0, ""VDC_intput_V"": 0, ""Water_deep_cm"": 21.813}"
2025-09-20 13:49:22.357601261+00:00,ps-lb-09,2,-43,10.25,"{""Bat_V"": 3.546, ""Exti_pin_level"": ""Low"", ""Exti_status"": ""False"", ""IDC_intput_mA"": 5.745, ""IN1_pin_level"": ""Low"", ""IN2_pin_level"": ""Low"", ""Node_type"": ""PS-LB"", ""Probe_mod"": 0, ""VDC_intput_V"": 0, ""Water_deep_cm"": 21.813}"
2025-09-20 13:59:22.249565374+00:00,ps-lb-09,2,-41,7.5,"{""Bat_V"": 3.546, ""Exti_pin_level"": ""Low"", ""Exti_status"": ""False"", ""IDC_intput_mA"": 5.744, ""IN1_pin_level"": ""Low"", ""IN2_pin_level"": ""Low"", ""Node_type"": ""PS-LB"", ""Probe_mod"": 0, ""VDC_intput_V"": 0, ""Water_deep_cm"": 21.8}"
2025-09-20 14:09:22.149094279+00:00,ps-lb-09,2,-39,9.75,"{""Bat_V"": 3.546, ""Exti_pin_level"": ""Low"", ""Exti_status"": ""False"", ""IDC_intput_mA"": 5.744, ""IN1_pin_level"": ""Low"", ""IN2_pin_level"": ""Low"", ""Node_type"": ""PS-LB"", ""Probe_mod"": 0, ""VDC_intput_V"": 0, ""Water_deep_cm"": 21.8}"
2025-09-20 14:19:21.999558671+00:00,ps-lb-09,2,-122,-6.5,"{""Bat_V"": 3.546, ""Exti_pin_level"": ""Low"", ""Exti_status"": ""False"", ""IDC_intput_mA"": 5.744, ""IN1_pin_level"": ""Low"", ""IN2_pin_level"": ""Low"", ""Node_type"": ""PS-LB"", ""Probe_mod"": 0, ""VDC_intput_V"": 0, ""Water_deep_cm"": 21.8}"
2025-09-20 14:29:21.899419012+00:00,ps-lb-09,2,-123,-7.25,"{""Bat_V"": 3.546, ""Exti_pin_level"": ""Low"", ""Exti_status"": ""False"", ""IDC_intput_mA"": 5.744, ""IN1_pin_level"": ""Low"", ""IN2_pin_level"": ""Low"", ""Node_type"": ""PS-LB"", ""Probe_mod"": 0, ""VDC_intput_V"": 0, ""Water_deep_cm"": 21.8}"
2025-09-20 14:39:21.756717809+00:00,ps-lb-09,2,-116,0.25,"{""Bat_V"": 3.546, ""Exti_pin_level"": ""Low"", ""Exti_status"": ""False"", ""IDC_intput_mA"": 5.744, ""IN1_pin_level"": ""Low"", ""IN2_pin_level"": ""Low"", ""Node_type"": ""PS-LB"", ""Probe_mod"": 0, ""VDC_intput_V"": 0, ""Water_deep_cm"": 21.8}"
2025-09-20 14:49:21.643097527+00:00,ps-lb-09,2,-41,8.5,"{""Bat_V"": 3.546, ""Exti_pin_level"": ""Low"", ""Exti_status"": ""False"", ""IDC_intput_mA"": 5.744, ""IN1_pin_level"": ""Low"", ""IN2_pin_level"": ""Low"", ""Node_type"": ""PS-LB"", ""Probe_mod"": 0, ""VDC_intput_V"": 0, ""Water_deep_cm"": 21.8}"
2025-09-20 14:59:21.513007655+00:00,ps-lb-09,2,-41,9.75,"{""Bat_V"": 3.546, ""Exti_pin_level"": ""Low"", ""Exti_status"": ""False"", ""IDC_intput_mA"": 5.743, ""IN1_pin_level"": ""Low"", ""IN2_pin_level"": ""Low"", ""Node_type"": ""PS-LB"", ""Probe_mod"": 0, ""VDC_intput_V"": 0, ""Water_deep_cm"": 21.788}"
2025-09-20 15:09:21.397913448+00:00,ps-lb-09,2,-43,9.5,"{""Bat_V"": 3.546, ""Exti_pin_level"": ""Low"", ""Exti_status"": ""False"", ""IDC_intput_mA"": 5.743, ""IN1_pin_level"": ""Low"", ""IN2_pin_level"": ""Low"", ""Node_type"": ""PS-LB"", ""Probe_mod"": 0, ""VDC_intput_V"": 0, ""Water_deep_cm"": 21.788}"
2025-09-20 15:19:21.282093551+00:00,ps-lb-09,2,-41,9.0,"{""Bat_V"": 3.546, ""Exti_pin_level"": ""Low"", ""Exti_status"": ""False"", ""IDC_intput_mA"": 5.744, ""IN1_pin_level"": ""Low"", ""IN2_pin_level"": ""Low"", ""Node_type"": ""PS-LB"", ""Probe_mod"": 0, ""VDC_intput_V"": 0, ""Water_deep_cm"": 21.8}"
2025-09-20 15:29:21.155014116+00:00,ps-lb-09,2,-41,10.25,"{""Bat_V"": 3.546, ""Exti_pin_level"": ""Low"", ""Exti_status"": ""False"", ""IDC_intput_mA"": 5.743, ""IN1_pin_level"": ""Low"", ""IN2_pin_level"": ""Low"", ""Node_type"": ""PS-LB"", ""Probe_mod"": 0, ""VDC_intput_V"": 0, ""Water_deep_cm"": 21.788}"
2025-09-20 15:39:21.031960511+00:00,ps-lb-09,2,-39,8.0,"{""Bat_V"": 3.546, ""Exti_pin_level"": ""Low"", ""Exti_status"": ""False"", ""IDC_intput_mA"": 5.743, ""IN1_pin_level"": ""Low"", ""IN2_pin_level"": ""Low"", ""Node_type"": ""PS-LB"", ""Probe_mod"": 0, ""VDC_intput_V"": 0, ""Water_deep_cm"": 21.788}"
2025-09-20 15:49:20.899238259+00:00,ps-lb-09,2,-39,10.5,"{""Bat_V"": 3.546, ""Exti_pin_level"": ""Low"", ""Exti_status"": ""False"", ""IDC_intput_mA"": 5.744, ""IN1_pin_level"": ""Low"", ""IN2_pin_level"": ""Low"", ""Node_type"": ""PS-LB"", ""Probe_mod"": 0, ""VDC_intput_V"": 0, ""Water_deep_cm"": 21.8}"
2025-09-20 15:59:20.771460420+00:00,ps-lb-09,2,-41,9.25,"{""Bat_V"": 3.546, ""Exti_pin_level"": ""Low"", ""Exti_status"": ""False"", ""IDC_intput_mA"": 5.743, ""IN1_pin_level"": ""Low"", ""IN2_pin_level"": ""Low"", ""Node_type"": ""PS-LB"", ""Probe_mod"": 0, ""VDC_intput_V"": 0, ""Water_deep_cm"": 21.788}"
2025-09-20 16:09:20.660494844+00:00,ps-lb-09,2,-41,7.75,"{""Bat_V"": 3.546, ""Exti_pin_level"": ""Low"", ""Exti_status"": ""False"", ""IDC_intput_mA"": 5.743, ""IN1_pin_level"": ""Low"", ""IN2_pin_level"": ""Low"", ""Node_type"": ""PS-LB"", ""Probe_mod"": 0, ""VDC_intput_V"": 0, ""Water_deep_cm"": 21.788}"
2025-09-20 16:19:20.537834172+00:00,ps-lb-09,2,-41,10.25,"{""Bat_V"": 3.546, ""Exti_pin_level"": ""Low"", ""Exti_status"": ""False"", ""IDC_intput_mA"": 5.744, ""IN1_pin_level"": ""Low"", ""IN2_pin_level"": ""Low"", ""Node_type"": ""PS-LB"", ""Probe_mod"": 0, ""VDC_intput_V"": 0, ""Water_deep_cm"": 21.8}"
2025-09-20 16:29:20.446931731+00:00,ps-lb-09,2,-42,10.25,"{""Bat_V"": 3.546, ""Exti_pin_level"": ""Low"", ""Exti_status"": ""False"", ""IDC_intput_mA"": 5.744, ""IN1_pin_level"": ""Low"", ""IN2_pin_level"": ""Low"", ""Node_type"": ""PS-LB"", ""Probe_mod"": 0, ""VDC_intput_V"": 0, ""Water_deep_cm"": 21.8}"
2025-09-20 16:39:20.306910389+00:00,ps-lb-09,2,-41,10.0,"{""Bat_V"": 3.546, ""Exti_pin_level"": ""Low"", ""Exti_status"": ""False"", ""IDC_intput_mA"": 5.743, ""IN1_pin_level"": ""Low"", ""IN2_pin_level"": ""Low"", ""Node_type"": ""PS-LB"", ""Probe_mod"": 0, ""VDC_intput_V"": 0, ""Water_deep_cm"": 21.788}"
2025-09-20 16:49:20.190932521+00:00,ps-lb-09,2,-39,7.5,"{""Bat_V"": 3.546, ""Exti_pin_level"": ""Low"", ""Exti_status"": ""False"", ""IDC_intput_mA"": 5.744, ""IN1_pin_level"": ""Low"", ""IN2_pin_level"": ""Low"", ""Node_type"": ""PS-LB"", ""Probe_mod"": 0, ""VDC_intput_V"": 0, ""Water_deep_cm"": 21.8}"
2025-09-20 16:59:20.063241476+00:00,ps-lb-09,2,-43,8.25,"{""Bat_V"": 3.546, ""Exti_pin_level"": ""Low"", ""Exti_status"": ""False"", ""IDC_intput_mA"": 5.744, ""IN1_pin_level"": ""Low"", ""IN2_pin_level"": ""Low"", ""Node_type"": ""PS-LB"", ""Probe_mod"": 0, ""VDC_intput_V"": 0, ""Water_deep_cm"": 21.8}"
2025-09-20 17:09:19.936761642+00:00,ps-lb-09,2,-124,-8.5,"{""Bat_V"": 3.546, ""Exti_pin_level"": ""Low"", ""Exti_status"": ""False"", ""IDC_intput_mA"": 5.743, ""IN1_pin_level"": ""Low"", ""IN2_pin_level"": ""Low"", ""Node_type"": ""PS-LB"", ""Probe_mod"": 0, ""VDC_intput_V"": 0, ""Water_deep_cm"": 21.788}"
2025-09-20 17:19:19.810893286+00:00,ps-lb-09,2,-41,10.0,"{""Bat_V"": 3.546, ""Exti_pin_level"": ""Low"", ""Exti_status"": ""False"", ""IDC_intput_mA"": 5.744, ""IN1_pin_level"": ""Low"", ""IN2_pin_level"": ""Low"", ""Node_type"": ""PS-LB"", ""Probe_mod"": 0, ""VDC_intput_V"": 0, ""Water_deep_cm"": 21.8}"
2025-09-20 17:29:19.691502564+00:00,ps-lb-09,2,-41,9.5,"{""Bat_V"": 3.546, ""Exti_pin_level"": ""Low"", ""Exti_status"": ""False"", ""IDC_intput_mA"": 5.744, ""IN1_pin_level"": ""Low"", ""IN2_pin_level"": ""Low"", ""Node_type"": ""PS-LB"", ""Probe_mod"": 0, ""VDC_intput_V"": 0, ""Water_deep_cm"": 21.8}"
2025-09-20 17:39:19.584465606+00:00,ps-lb-09,2,-38,9.0,"{""Bat_V"": 3.546, ""Exti_pin_level"": ""Low"", ""Exti_status"": ""False"", ""IDC_intput_mA"": 5.743, ""IN1_pin_level"": ""Low"", ""IN2_pin_level"": ""Low"", ""Node_type"": ""PS-LB"", ""Probe_mod"": 0, ""VDC_intput_V"": 0, ""Water_deep_cm"": 21.788}"
2025-09-20 17:49:19.457264507+00:00,ps-lb-09,2,-41,9.5,"{""Bat_V"": 3.546, ""Exti_pin_level"": ""Low"", ""Exti_status"": ""False"", ""IDC_intput_mA"": 5.743, ""IN1_pin_level"": ""Low"", ""IN2_pin_level"": ""Low"", ""Node_type"": ""PS-LB"", ""Probe_mod"": 0, ""VDC_intput_V"": 0, ""Water_deep_cm"": 21.788}"
2025-09-20 17:59:19.334536057+00:00,ps-lb-09,2,-41,8.0,"{""Bat_V"": 3.546, ""Exti_pin_level"": ""Low"", ""Exti_status"": ""False"", ""IDC_intput_mA"": 5.744, ""IN1_pin_level"": ""Low"", ""IN2_pin_level"": ""Low"", ""Node_type"": ""PS-LB"", ""Probe_mod"": 0, ""VDC_intput_V"": 0, ""Water_deep_cm"": 21.8}"
2025-09-20 18:09:19.203830475+00:00,ps-lb-09,2,-121,-6.0,"{""Bat_V"": 3.546, ""Exti_pin_level"": ""Low"", ""Exti_status"": ""False"", ""IDC_intput_mA"": 5.743, ""IN1_pin_level"": ""Low"", ""IN2_pin_level"": ""Low"", ""Node_type"": ""PS-LB"", ""Probe_mod"": 0, ""VDC_intput_V"": 0, ""Water_deep_cm"": 21.788}"
2025-09-20 18:19:19.085384140+00:00,ps-lb-09,2,-115,-1.0,"{""Bat_V"": 3.546, ""Exti_pin_level"": ""Low"", ""Exti_status"": ""False"", ""IDC_intput_mA"": 5.744, ""IN1_pin_level"": ""Low"", ""IN2_pin_level"": ""Low"", ""Node_type"": ""PS-LB"", ""Probe_mod"": 0, ""VDC_intput_V"": 0, ""Water_deep_cm"": 21.8}"
2025-09-20 18:29:18.968884766+00:00,ps-lb-09,2,-41,9.5,"{""Bat_V"": 3.546, ""Exti_pin_level"": ""Low"", ""Exti_status"": ""False"", ""IDC_intput_mA"": 5.743, ""IN1_pin_level"": ""Low"", ""IN2_pin_level"": ""Low"", ""Node_type"": ""PS-LB"", ""Probe_mod"": 0, ""VDC_intput_V"": 0, ""Water_deep_cm"": 21.788}"
2025-09-20 18:39:18.846196507+00:00,ps-lb-09,2,-117,-2.25,"{""Bat_V"": 3.546, ""Exti_pin_level"": ""Low"", ""Exti_status"": ""False"", ""IDC_intput_mA"": 5.743, ""IN1_pin_level"": ""Low"", ""IN2_pin_level"": ""Low"", ""Node_type"": ""PS-LB"", ""Probe_mod"": 0, ""VDC_intput_V"": 0, ""Water_deep_cm"": 21.788}"
2025-09-20 18:49:18.717386342+00:00,ps-lb-09,2,-41,7.75,"{""Bat_V"": 3.546, ""Exti_pin_level"": ""Low"", ""Exti_status"": ""False"", ""IDC_intput_mA"": 5.744, ""IN1_pin_level"": ""Low"", ""IN2_pin_level"": ""Low"", ""Node_type"": ""PS-LB"", ""Probe_mod"": 0, ""VDC_intput_V"": 0, ""Water_deep_cm"": 21.8}"
2025-09-20 18:59:18.616468018+00:00,ps-lb-09,2,-41,10.0,"{""Bat_V"": 3.546, ""Exti_pin_level"": ""Low"", ""Exti_status"": ""False"", ""IDC_intput_mA"": 5.743, ""IN1_pin_level"": ""Low"", ""IN2_pin_level"": ""Low"", ""Node_type"": ""PS-LB"", ""Probe_mod"": 0, ""VDC_intput_V"": 0, ""Water_deep_cm"": 21.788}"
2025-09-20 19:09:18.469129317+00:00,ps-lb-09,2,-44,10.0,"{""Bat_V"": 3.546, ""Exti_pin_level"": ""Low"", ""Exti_status"": ""False"", ""IDC_intput_mA"": 5.744, ""IN1_pin_level"": ""Low"", ""IN2_pin_level"": ""Low"", ""Node_type"": ""PS-LB"", ""Probe_mod"": 0, ""VDC_intput_V"": 0, ""Water_deep_cm"": 21.8}"
2025-09-20 19:19:18.351795621+00:00,ps-lb-09,2,-41,8.0,"{""Bat_V"": 3.546, ""Exti_pin_level"": ""Low"", ""Exti_status"": ""False"", ""IDC_intput_mA"": 5.744, ""IN1_pin_level"": ""Low"", ""IN2_pin_level"": ""Low"", ""Node_type"": ""PS-LB"", ""Probe_mod"": 0, ""VDC_intput_V"": 0, ""Water_deep_cm"": 21.8}"
2025-09-20 19:29:18.254360657+00:00,ps-lb-09,2,-119,-4.5,"{""Bat_V"": 3.546, ""Exti_pin_level"": ""Low"", ""Exti_status"": ""False"", ""IDC_intput_mA"": 5.743, ""IN1_pin_level"": ""Low"", ""IN2_pin_level"": ""Low"", ""Node_type"": ""PS-LB"", ""Probe_mod"": 0, ""VDC_intput_V"": 0, ""Water_deep_cm"": 21.788}"
2025-09-20 19:39:18.113902076+00:00,ps-lb-09,2,-39,9.5,"{""Bat_V"": 3.546, ""Exti_pin_level"": ""Low"", ""Exti_status"": ""False"", ""IDC_intput_mA"": 5.743, ""IN1_pin_level"": ""Low"", ""IN2_pin_level"": ""Low"", ""Node_type"": ""PS-LB"", ""Probe_mod"": 0, ""VDC_intput_V"": 0, ""Water_deep_cm"": 21.788}"
2025-09-20 19:49:17.983492732+00:00,ps-lb-09,2,-41,9.5,"{""Bat_V"": 3.546, ""Exti_pin_level"": ""Low"", ""Exti_status"": ""False"", ""IDC_intput_mA"": 5.743, ""IN1_pin_level"": ""Low"", ""IN2_pin_level"": ""Low"", ""Node_type"": ""PS-LB"", ""Probe_mod"": 0, ""VDC_intput_V"": 0, ""Water_deep_cm"": 21.788}"
2025-09-20 19:59:17.864556196+00:00,ps-lb-09,2,-41,9.25,"{""Bat_V"": 3.546, ""Exti_pin_level"": ""Low"", ""Exti_status"": ""False"", ""IDC_intput_mA"": 5.744, ""IN1_pin_level"": ""Low"", ""IN2_pin_level"": ""Low"", ""Node_type"": ""PS-LB"", ""Probe_mod"": 0, ""VDC_intput_V"": 0, ""Water_deep_cm"": 21.8}"
2025-09-20 20:09:17.744283240+00:00,ps-lb-09,2,-43,7.0,"{""Bat_V"": 3.546, ""Exti_pin_level"": ""Low"", ""Exti_status"": ""False"", ""IDC_intput_mA"": 5.743, ""IN1_pin_level"": ""Low"", ""IN2_pin_level"": ""Low"", ""Node_type"": ""PS-LB"", ""Probe_mod"": 0, ""VDC_intput_V"": 0, ""Water_deep_cm"": 21.788}"
2025-09-20 20:19:17.640378250+00:00,ps-lb-09,2,-38,9.75,"{""Bat_V"": 3.546, ""Exti_pin_level"": ""Low"", ""Exti_status"": ""False"", ""IDC_intput_mA"": 5.744, ""IN1_pin_level"": ""Low"", ""IN2_pin_level"": ""Low"", ""Node_type"": ""PS-LB"", ""Probe_mod"": 0, ""VDC_intput_V"": 0, ""Water_deep_cm"": 21.8}"
2025-09-20 20:29:17.511693477+00:00,ps-lb-09,2,-117,-1.25,"{""Bat_V"": 3.546, ""Exti_pin_level"": ""Low"", ""Exti_status"": ""False"", ""IDC_intput_mA"": 5.744, ""IN1_pin_level"": ""Low"", ""IN2_pin_level"": ""Low"", ""Node_type"": ""PS-LB"", ""Probe_mod"": 0, ""VDC_intput_V"": 0, ""Water_deep_cm"": 21.8}"
2025-09-20 20:30:32.084792150+00:00,ps-lb-09,2,-38,9.0,"{""Bat_V"": 3.546, ""Exti_pin_level"": ""Low"", ""Exti_status"": ""False"", ""IDC_intput_mA"": 5.744, ""IN1_pin_level"": ""Low"", ""IN2_pin_level"": ""Low"", ""Node_type"": ""PS-LB"", ""Probe_mod"": 0, ""VDC_intput_V"": 0, ""Water_deep_cm"": 21.8}"
2025-09-20 20:31:32.085401901+00:00,ps-lb-09,2,-41,7.25,"{""Bat_V"": 3.546, ""Exti_pin_level"": ""Low"", ""Exti_status"": ""False"", ""IDC_intput_mA"": 5.744, ""IN1_pin_level"": ""Low"", ""IN2_pin_level"": ""Low"", ""Node_type"": ""PS-LB"", ""Probe_mod"": 0, ""VDC_intput_V"": 0, ""Water_deep_cm"": 21.8}"
2025-09-20 20:32:32.058134582+00:00,ps-lb-09,2,-39,7.0,"{""Bat_V"": 3.546, ""Exti_pin_level"": ""Low"", ""Exti_status"": ""False"", ""IDC_intput_mA"": 5.743, ""IN1_pin_level"": ""Low"", ""IN2_pin_level"": ""Low"", ""Node_type"": ""PS-LB"", ""Probe_mod"": 0, ""VDC_intput_V"": 0, ""Water_deep_cm"": 21.788}"
2025-09-20 21:32:45.934804574+00:00,ps-lb-09,2,-41,10.25,"{""Bat_V"": 3.546, ""Exti_pin_level"": ""Low"", ""Exti_status"": ""False"", ""IDC_intput_mA"": 5.744, ""IN1_pin_level"": ""Low"", ""IN2_pin_level"": ""Low"", ""Node_type"": ""PS-LB"", ""Probe_mod"": 0, ""VDC_intput_V"": 0, ""Water_deep_cm"": 21.8}"
2025-09-20 22:32:45.195542402+00:00,ps-lb-09,2,-39,9.25,"{""Bat_V"": 3.552, ""Exti_pin_level"": ""Low"", ""Exti_status"": ""False"", ""IDC_intput_mA"": 5.743, ""IN1_pin_level"": ""Low"", ""IN2_pin_level"": ""Low"", ""Node_type"": ""PS-LB"", ""Probe_mod"": 0, ""VDC_intput_V"": 0, ""Water_deep_cm"": 21.788}"
2025-09-20 23:32:44.467597791+00:00,ps-lb-09,2,-120,-5.75,"{""Bat_V"": 3.552, ""Exti_pin_level"": ""Low"", ""Exti_status"": ""False"", ""IDC_intput_mA"": 5.743, ""IN1_pin_level"": ""Low"", ""IN2_pin_level"": ""Low"", ""Node_type"": ""PS-LB"", ""Probe_mod"": 0, ""VDC_intput_V"": 0, ""Water_deep_cm"": 21.788}"
2025-09-21 00:32:43.729850946+00:00,ps-lb-09,2,-41,9.75,"{""Bat_V"": 3.552, ""Exti_pin_level"": ""Low"", ""Exti_status"": ""False"", ""IDC_intput_mA"": 5.743, ""IN1_pin_level"": ""Low"", ""IN2_pin_level"": ""Low"", ""Node_type"": ""PS-LB"", ""Probe_mod"": 0, ""VDC_intput_V"": 0, ""Water_deep_cm"": 21.788}"
2025-09-21 01:32:43.029382400+00:00,ps-lb-09,2,-118,-1.5,"{""Bat_V"": 3.552, ""Exti_pin_level"": ""Low"", ""Exti_status"": ""False"", ""IDC_intput_mA"": 5.744, ""IN1_pin_level"": ""Low"", ""IN2_pin_level"": ""Low"", ""Node_type"": ""PS-LB"", ""Probe_mod"": 0, ""VDC_intput_V"": 0, ""Water_deep_cm"": 21.8}"
2025-09-21 02:32:42.278488935+00:00,ps-lb-09,2,-38,8.75,"{""Bat_V"": 3.552, ""Exti_pin_level"": ""Low"", ""Exti_status"": ""False"", ""IDC_intput_mA"": 5.744, ""IN1_pin_level"": ""Low"", ""IN2_pin_level"": ""Low"", ""Node_type"": ""PS-LB"", ""Probe_mod"": 0, ""VDC_intput_V"": 0, ""Water_deep_cm"": 21.8}"
2025-09-21 03:32:41.550699410+00:00,ps-lb-09,2,-39,9.5,"{""Bat_V"": 3.552, ""Exti_pin_level"": ""Low"", ""Exti_status"": ""False"", ""IDC_intput_mA"": 5.744, ""IN1_pin_level"": ""Low"", ""IN2_pin_level"": ""Low"", ""Node_type"": ""PS-LB"", ""Probe_mod"": 0, ""VDC_intput_V"": 0, ""Water_deep_cm"": 21.8}"
2025-09-21 04:32:40.807724630+00:00,ps-lb-09,2,-41,10.5,"{""Bat_V"": 3.552, ""Exti_pin_level"": ""Low"", ""Exti_status"": ""False"", ""IDC_intput_mA"": 5.743, ""IN1_pin_level"": ""Low"", ""IN2_pin_level"": ""Low"", ""Node_type"": ""PS-LB"", ""Probe_mod"": 0, ""VDC_intput_V"": 0, ""Water_deep_cm"": 21.788}"
2025-09-21 05:32:40.088019274+00:00,ps-lb-09,2,-43,10.5,"{""Bat_V"": 3.558, ""Exti_pin_level"": ""Low"", ""Exti_status"": ""False"", ""IDC_intput_mA"": 5.743, ""IN1_pin_level"": ""Low"", ""IN2_pin_level"": ""Low"", ""Node_type"": ""PS-LB"", ""Probe_mod"": 0, ""VDC_intput_V"": 0, ""Water_deep_cm"": 21.788}"
2025-09-21 06:32:39.342080242+00:00,ps-lb-09,2,-44,9.75,"{""Bat_V"": 3.558, ""Exti_pin_level"": ""Low"", ""Exti_status"": ""False"", ""IDC_intput_mA"": 5.743, ""IN1_pin_level"": ""Low"", ""IN2_pin_level"": ""Low"", ""Node_type"": ""PS-LB"", ""Probe_mod"": 0, ""VDC_intput_V"": 0, ""Water_deep_cm"": 21.788}"
2025-09-21 07:32:38.613942666+00:00,ps-lb-09,2,-120,-4.5,"{""Bat_V"": 3.558, ""Exti_pin_level"": ""Low"", ""Exti_status"": ""False"", ""IDC_intput_mA"": 5.743, ""IN1_pin_level"": ""Low"", ""IN2_pin_level"": ""Low"", ""Node_type"": ""PS-LB"", ""Probe_mod"": 0, ""VDC_intput_V"": 0, ""Water_deep_cm"": 21.788}"
2025-09-21 08:32:37.881265443+00:00,ps-lb-09,2,-41,9.25,"{""Bat_V"": 3.558, ""Exti_pin_level"": ""Low"", ""Exti_status"": ""False"", ""IDC_intput_mA"": 5.743, ""IN1_pin_level"": ""Low"", ""IN2_pin_level"": ""Low"", ""Node_type"": ""PS-LB"", ""Probe_mod"": 0, ""VDC_intput_V"": 0, ""Water_deep_cm"": 21.788}"
2025-09-21 09:32:37.138682029+00:00,ps-lb-09,2,-42,9.25,"{""Bat_V"": 3.558, ""Exti_pin_level"": ""Low"", ""Exti_status"": ""False"", ""IDC_intput_mA"": 5.742, ""IN1_pin_level"": ""Low"", ""IN2_pin_level"": ""Low"", ""Node_type"": ""PS-LB"", ""Probe_mod"": 0, ""VDC_intput_V"": 0, ""Water_deep_cm"": 21.775}"
2025-09-21 10:32:36.407053505+00:00,ps-lb-09,2,-41,7.0,"{""Bat_V"": 3.558, ""Exti_pin_level"": ""Low"", ""Exti_status"": ""False"", ""IDC_intput_mA"": 5.742, ""IN1_pin_level"": ""Low"", ""IN2_pin_level"": ""Low"", ""Node_type"": ""PS-LB"", ""Probe_mod"": 0, ""VDC_intput_V"": 0, ""Water_deep_cm"": 21.775}"
2025-09-21 11:32:35.682998822+00:00,ps-lb-09,2,-41,7.5,"{""Bat_V"": 3.558, ""Exti_pin_level"": ""Low"", ""Exti_status"": ""False"", ""IDC_intput_mA"": 5.742, ""IN1_pin_level"": ""Low"", ""IN2_pin_level"": ""Low"", ""Node_type"": ""PS-LB"", ""Probe_mod"": 0, ""VDC_intput_V"": 0, ""Water_deep_cm"": 21.775}"
2025-09-21 12:32:34.953712717+00:00,ps-lb-09,2,-41,9.25,"{""Bat_V"": 3.558, ""Exti_pin_level"": ""Low"", ""Exti_status"": ""False"", ""IDC_intput_mA"": 5.741, ""IN1_pin_level"": ""Low"", ""IN2_pin_level"": ""Low"", ""Node_type"": ""PS-LB"", ""Probe_mod"": 0, ""VDC_intput_V"": 0, ""Water_deep_cm"": 21.762}"
2025-09-21 13:32:34.225753011+00:00,ps-lb-09,2,-43,10.75,"{""Bat_V"": 3.558, ""Exti_pin_level"": ""Low"", ""Exti_status"": ""False"", ""IDC_intput_mA"": 5.741, ""IN1_pin_level"": ""Low"", ""IN2_pin_level"": ""Low"", ""Node_type"": ""PS-LB"", ""Probe_mod"": 0, ""VDC_intput_V"": 0, ""Water_deep_cm"": 21.762}"
2025-09-21 14:32:33.499167733+00:00,ps-lb-09,2,-41,10.0,"{""Bat_V"": 3.558, ""Exti_pin_level"": ""Low"", ""Exti_status"": ""False"", ""IDC_intput_mA"": 5.741, ""IN1_pin_level"": ""Low"", ""IN2_pin_level"": ""Low"", ""Node_type"": ""PS-LB"", ""Probe_mod"": 0, ""VDC_intput_V"": 0, ""Water_deep_cm"": 21.762}"
2025-09-21 15:32:32.764475425+00:00,ps-lb-09,2,-120,-4.25,"{""Bat_V"": 3.558, ""Exti_pin_level"": ""Low"", ""Exti_status"": ""False"", ""IDC_intput_mA"": 5.741, ""IN1_pin_level"": ""Low"", ""IN2_pin_level"": ""Low"", ""Node_type"": ""PS-LB"", ""Probe_mod"": 0, ""VDC_intput_V"": 0, ""Water_deep_cm"": 21.762}"
2025-09-21 16:32:32.019311320+00:00,ps-lb-09,2,-119,-3.0,"{""Bat_V"": 3.558, ""Exti_pin_level"": ""Low"", ""Exti_status"": ""False"", ""IDC_intput_mA"": 5.74, ""IN1_pin_level"": ""Low"", ""IN2_pin_level"": ""Low"", ""Node_type"": ""PS-LB"", ""Probe_mod"": 0, ""VDC_intput_V"": 0, ""Water_deep_cm"": 21.75}"
2025-09-21 17:32:31.310484302+00:00,ps-lb-09,2,-43,9.0,"{""Bat_V"": 3.564, ""Exti_pin_level"": ""Low"", ""Exti_status"": ""False"", ""IDC_intput_mA"": 5.739, ""IN1_pin_level"": ""Low"", ""IN2_pin_level"": ""Low"", ""Node_type"": ""PS-LB"", ""Probe_mod"": 0, ""VDC_intput_V"": 0, ""Water_deep_cm"": 21.737}"
2025-09-21 18:32:30.563836420+00:00,ps-lb-09,2,-121,-5.0,"{""Bat_V"": 3.564, ""Exti_pin_level"": ""Low"", ""Exti_status"": ""False"", ""IDC_intput_mA"": 5.739, ""IN1_pin_level"": ""Low"", ""IN2_pin_level"": ""Low"", ""Node_type"": ""PS-LB"", ""Probe_mod"": 0, ""VDC_intput_V"": 0, ""Water_deep_cm"": 21.737}"
2025-09-21 19:32:29.845762591+00:00,ps-lb-09,2,-41,7.5,"{""Bat_V"": 3.564, ""Exti_pin_level"": ""Low"", ""Exti_status"": ""False"", ""IDC_intput_mA"": 5.739, ""IN1_pin_level"": ""Low"", ""IN2_pin_level"": ""Low"", ""Node_type"": ""PS-LB"", ""Probe_mod"": 0, ""VDC_intput_V"": 0, ""Water_deep_cm"": 21.737}"
2025-09-21 20:32:29.102176337+00:00,ps-lb-09,2,-118,-2.0,"{""Bat_V"": 3.564, ""Exti_pin_level"": ""Low"", ""Exti_status"": ""False"", ""IDC_intput_mA"": 5.739, ""IN1_pin_level"": ""Low"", ""IN2_pin_level"": ""Low"", ""Node_type"": ""PS-LB"", ""Probe_mod"": 0, ""VDC_intput_V"": 0, ""Water_deep_cm"": 21.737}"
2025-09-21 21:32:28.379578226+00:00,ps-lb-09,2,-43,10.0,"{""Bat_V"": 3.564, ""Exti_pin_level"": ""Low"", ""Exti_status"": ""False"", ""IDC_intput_mA"": 5.738, ""IN1_pin_level"": ""Low"", ""IN2_pin_level"": ""Low"", ""Node_type"": ""PS-LB"", ""Probe_mod"": 0, ""VDC_intput_V"": 0, ""Water_deep_cm"": 21.725}"
2025-09-21 22:32:27.634952411+00:00,ps-lb-09,2,-121,-5.75,"{""Bat_V"": 3.564, ""Exti_pin_level"": ""Low"", ""Exti_status"": ""False"", ""IDC_intput_mA"": 5.737, ""IN1_pin_level"": ""Low"", ""IN2_pin_level"": ""Low"", ""Node_type"": ""PS-LB"", ""Probe_mod"": 0, ""VDC_intput_V"": 0, ""Water_deep_cm"": 21.713}"
2025-09-21 23:32:26.919525165+00:00,ps-lb-09,2,-43,10.75,"{""Bat_V"": 3.564, ""Exti_pin_level"": ""Low"", ""Exti_status"": ""False"", ""IDC_intput_mA"": 5.737, ""IN1_pin_level"": ""Low"", ""IN2_pin_level"": ""Low"", ""Node_type"": ""PS-LB"", ""Probe_mod"": 0, ""VDC_intput_V"": 0, ""Water_deep_cm"": 21.713}"
2025-09-22 00:32:26.187562181+00:00,ps-lb-09,2,-41,9.0,"{""Bat_V"": 3.564, ""Exti_pin_level"": ""Low"", ""Exti_status"": ""False"", ""IDC_intput_mA"": 5.736, ""IN1_pin_level"": ""Low"", ""IN2_pin_level"": ""Low"", ""Node_type"": ""PS-LB"", ""Probe_mod"": 0, ""VDC_intput_V"": 0, ""Water_deep_cm"": 21.7}"
2025-09-22 01:32:25.472348815+00:00,ps-lb-09,2,-43,9.25,"{""Bat_V"": 3.564, ""Exti_pin_level"": ""Low"", ""Exti_status"": ""False"", ""IDC_intput_mA"": 5.736, ""IN1_pin_level"": ""Low"", ""IN2_pin_level"": ""Low"", ""Node_type"": ""PS-LB"", ""Probe_mod"": 0, ""VDC_intput_V"": 0, ""Water_deep_cm"": 21.7}"
2025-09-22 02:32:24.736673113+00:00,ps-lb-09,2,-38,7.5,"{""Bat_V"": 3.564, ""Exti_pin_level"": ""Low"", ""Exti_status"": ""False"", ""IDC_intput_mA"": 5.735, ""IN1_pin_level"": ""Low"", ""IN2_pin_level"": ""Low"", ""Node_type"": ""PS-LB"", ""Probe_mod"": 0, ""VDC_intput_V"": 0, ""Water_deep_cm"": 21.688}"
2025-09-22 03:32:23.991618138+00:00,ps-lb-09,2,-41,8.0,"{""Bat_V"": 3.564, ""Exti_pin_level"": ""Low"", ""Exti_status"": ""False"", ""IDC_intput_mA"": 5.735, ""IN1_pin_level"": ""Low"", ""IN2_pin_level"": ""Low"", ""Node_type"": ""PS-LB"", ""Probe_mod"": 0, ""VDC_intput_V"": 0, ""Water_deep_cm"": 21.688}"
2025-09-22 04:32:23.263865163+00:00,ps-lb-09,2,-117,-0.5,"{""Bat_V"": 3.564, ""Exti_pin_level"": ""Low"", ""Exti_status"": ""False"", ""IDC_intput_mA"": 5.734, ""IN1_pin_level"": ""Low"", ""IN2_pin_level"": ""Low"", ""Node_type"": ""PS-LB"", ""Probe_mod"": 0, ""VDC_intput_V"": 0, ""Water_deep_cm"": 21.675}"
2025-09-22 05:32:22.527348541+00:00,ps-lb-09,2,-39,9.25,"{""Bat_V"": 3.564, ""Exti_pin_level"": ""Low"", ""Exti_status"": ""False"", ""IDC_intput_mA"": 5.733, ""IN1_pin_level"": ""Low"", ""IN2_pin_level"": ""Low"", ""Node_type"": ""PS-LB"", ""Probe_mod"": 0, ""VDC_intput_V"": 0, ""Water_deep_cm"": 21.662}"
2025-09-22 06:32:21.807715440+00:00,ps-lb-09,2,-41,9.25,"{""Bat_V"": 3.564, ""Exti_pin_level"": ""Low"", ""Exti_status"": ""False"", ""IDC_intput_mA"": 5.732, ""IN1_pin_level"": ""Low"", ""IN2_pin_level"": ""Low"", ""Node_type"": ""PS-LB"", ""Probe_mod"": 0, ""VDC_intput_V"": 0, ""Water_deep_cm"": 21.65}"
2025-09-22 07:32:21.079295832+00:00,ps-lb-09,2,-43,9.75,"{""Bat_V"": 3.564, ""Exti_pin_level"": ""Low"", ""Exti_status"": ""False"", ""IDC_intput_mA"": 5.731, ""IN1_pin_level"": ""Low"", ""IN2_pin_level"": ""Low"", ""Node_type"": ""PS-LB"", ""Probe_mod"": 0, ""VDC_intput_V"": 0, ""Water_deep_cm"": 21.637}"
2025-09-22 08:32:20.360830543+00:00,ps-lb-09,2,-41,10.0,"{""Bat_V"": 3.564, ""Exti_pin_level"": ""Low"", ""Exti_status"": ""False"", ""IDC_intput_mA"": 5.731, ""IN1_pin_level"": ""Low"", ""IN2_pin_level"": ""Low"", ""Node_type"": ""PS-LB"", ""Probe_mod"": 0, ""VDC_intput_V"": 0, ""Water_deep_cm"": 21.637}"
2025-09-22 09:32:19.622834930+00:00,ps-lb-09,2,-41,9.75,"{""Bat_V"": 3.564, ""Exti_pin_level"": ""Low"", ""Exti_status"": ""False"", ""IDC_intput_mA"": 5.731, ""IN1_pin_level"": ""Low"", ""IN2_pin_level"": ""Low"", ""Node_type"": ""PS-LB"", ""Probe_mod"": 0, ""VDC_intput_V"": 0, ""Water_deep_cm"": 21.637}"
2025-09-22 10:32:18.883146862+00:00,ps-lb-09,2,-44,10.25,"{""Bat_V"": 3.564, ""Exti_pin_level"": ""Low"", ""Exti_status"": ""False"", ""IDC_intput_mA"": 5.696, ""IN1_pin_level"": ""Low"", ""IN2_pin_level"": ""Low"", ""Node_type"": ""PS-LB"", ""Probe_mod"": 0, ""VDC_intput_V"": 0, ""Water_deep_cm"": 21.2}"
2025-09-22 11:32:18.159687689+00:00,ps-lb-09,2,-41,9.5,"{""Bat_V"": 3.564, ""Exti_pin_level"": ""Low"", ""Exti_status"": ""False"", ""IDC_intput_mA"": 5.696, ""IN1_pin_level"": ""Low"", ""IN2_pin_level"": ""Low"", ""Node_type"": ""PS-LB"", ""Probe_mod"": 0, ""VDC_intput_V"": 0, ""Water_deep_cm"": 21.2}"
2025-09-22 12:32:17.440181501+00:00,ps-lb-09,2,-44,7.0,"{""Bat_V"": 3.564, ""Exti_pin_level"": ""Low"", ""Exti_status"": ""False"", ""IDC_intput_mA"": 5.695, ""IN1_pin_level"": ""Low"", ""IN2_pin_level"": ""Low"", ""Node_type"": ""PS-LB"", ""Probe_mod"": 0, ""VDC_intput_V"": 0, ""Water_deep_cm"": 21.188}"
2025-09-22 13:32:16.717194713+00:00,ps-lb-09,2,-43,9.5,"{""Bat_V"": 3.564, ""Exti_pin_level"": ""Low"", ""Exti_status"": ""False"", ""IDC_intput_mA"": 5.695, ""IN1_pin_level"": ""Low"", ""IN2_pin_level"": ""Low"", ""Node_type"": ""PS-LB"", ""Probe_mod"": 0, ""VDC_intput_V"": 0, ""Water_deep_cm"": 21.188}"
2025-09-22 14:32:15.966796568+00:00,ps-lb-09,2,-121,-5.5,"{""Bat_V"": 3.564, ""Exti_pin_level"": ""Low"", ""Exti_status"": ""False"", ""IDC_intput_mA"": 5.694, ""IN1_pin_level"": ""Low"", ""IN2_pin_level"": ""Low"", ""Node_type"": ""PS-LB"", ""Probe_mod"": 0, ""VDC_intput_V"": 0, ""Water_deep_cm"": 21.175}"
2025-09-22 15:32:15.254622314+00:00,ps-lb-09,2,-44,10.25,"{""Bat_V"": 3.564, ""Exti_pin_level"": ""Low"", ""Exti_status"": ""False"", ""IDC_intput_mA"": 5.694, ""IN1_pin_level"": ""Low"", ""IN2_pin_level"": ""Low"", ""Node_type"": ""PS-LB"", ""Probe_mod"": 0, ""VDC_intput_V"": 0, ""Water_deep_cm"": 21.175}"
2025-09-22 16:32:14.517583660+00:00,ps-lb-09,2,-44,10.0,"{""Bat_V"": 3.57, ""Exti_pin_level"": ""Low"", ""Exti_status"": ""False"", ""IDC_intput_mA"": 5.693, ""IN1_pin_level"": ""Low"", ""IN2_pin_level"": ""Low"", ""Node_type"": ""PS-LB"", ""Probe_mod"": 0, ""VDC_intput_V"": 0, ""Water_deep_cm"": 21.162}"
2025-09-22 17:32:13.772275780+00:00,ps-lb-09,2,-45,11.5,"{""Bat_V"": 3.564, ""Exti_pin_level"": ""Low"", ""Exti_status"": ""False"", ""IDC_intput_mA"": 5.693, ""IN1_pin_level"": ""Low"", ""IN2_pin_level"": ""Low"", ""Node_type"": ""PS-LB"", ""Probe_mod"": 0, ""VDC_intput_V"": 0, ""Water_deep_cm"": 21.162}"
2025-09-22 18:32:13.046882976+00:00,ps-lb-09,2,-39,7.75,"{""Bat_V"": 3.564, ""Exti_pin_level"": ""Low"", ""Exti_status"": ""False"", ""IDC_intput_mA"": 5.691, ""IN1_pin_level"": ""Low"", ""IN2_pin_level"": ""Low"", ""Node_type"": ""PS-LB"", ""Probe_mod"": 0, ""VDC_intput_V"": 0, ""Water_deep_cm"": 21.137}"
2025-09-22 19:32:12.343507408+00:00,ps-lb-09,2,-43,10.0,"{""Bat_V"": 3.564, ""Exti_pin_level"": ""Low"", ""Exti_status"": ""False"", ""IDC_intput_mA"": 5.691, ""IN1_pin_level"": ""Low"", ""IN2_pin_level"": ""Low"", ""Node_type"": ""PS-LB"", ""Probe_mod"": 0, ""VDC_intput_V"": 0, ""Water_deep_cm"": 21.137}"
2025-09-22 20:32:11.608091065+00:00,ps-lb-09,2,-41,8.25,"{""Bat_V"": 3.564, ""Exti_pin_level"": ""Low"", ""Exti_status"": ""False"", ""IDC_intput_mA"": 5.691, ""IN1_pin_level"": ""Low"", ""IN2_pin_level"": ""Low"", ""Node_type"": ""PS-LB"", ""Probe_mod"": 0, ""VDC_intput_V"": 0, ""Water_deep_cm"": 21.137}"
2025-09-22 21:32:10.868762932+00:00,ps-lb-09,2,-43,10.25,"{""Bat_V"": 3.57, ""Exti_pin_level"": ""Low"", ""Exti_status"": ""False"", ""IDC_intput_mA"": 5.69, ""IN1_pin_level"": ""Low"", ""IN2_pin_level"": ""Low"", ""Node_type"": ""PS-LB"", ""Probe_mod"": 0, ""VDC_intput_V"": 0, ""Water_deep_cm"": 21.125}"
2025-09-22 22:32:10.127460033+00:00,ps-lb-09,2,-44,9.75,"{""Bat_V"": 3.564, ""Exti_pin_level"": ""Low"", ""Exti_status"": ""False"", ""IDC_intput_mA"": 5.689, ""IN1_pin_level"": ""Low"", ""IN2_pin_level"": ""Low"", ""Node_type"": ""PS-LB"", ""Probe_mod"": 0, ""VDC_intput_V"": 0, ""Water_deep_cm"": 21.113}"
2025-09-22 23:32:09.397006279+00:00,ps-lb-09,2,-43,7.0,"{""Bat_V"": 3.564, ""Exti_pin_level"": ""Low"", ""Exti_status"": ""False"", ""IDC_intput_mA"": 5.688, ""IN1_pin_level"": ""Low"", ""IN2_pin_level"": ""Low"", ""Node_type"": ""PS-LB"", ""Probe_mod"": 0, ""VDC_intput_V"": 0, ""Water_deep_cm"": 21.1}"
2025-09-23 00:32:08.682144316+00:00,ps-lb-09,2,-38,8.75,"{""Bat_V"": 3.57, ""Exti_pin_level"": ""Low"", ""Exti_status"": ""False"", ""IDC_intput_mA"": 5.687, ""IN1_pin_level"": ""Low"", ""IN2_pin_level"": ""Low"", ""Node_type"": ""PS-LB"", ""Probe_mod"": 0, ""VDC_intput_V"": 0, ""Water_deep_cm"": 21.088}"
2025-09-23 01:32:07.963560903+00:00,ps-lb-09,2,-41,9.0,"{""Bat_V"": 3.57, ""Exti_pin_level"": ""Low"", ""Exti_status"": ""False"", ""IDC_intput_mA"": 5.687, ""IN1_pin_level"": ""Low"", ""IN2_pin_level"": ""Low"", ""Node_type"": ""PS-LB"", ""Probe_mod"": 0, ""VDC_intput_V"": 0, ""Water_deep_cm"": 21.088}"
2025-09-23 02:32:07.235098251+00:00,ps-lb-09,2,-41,9.5,"{""Bat_V"": 3.564, ""Exti_pin_level"": ""Low"", ""Exti_status"": ""False"", ""IDC_intput_mA"": 5.686, ""IN1_pin_level"": ""Low"", ""IN2_pin_level"": ""Low"", ""Node_type"": ""PS-LB"", ""Probe_mod"": 0, ""VDC_intput_V"": 0, ""Water_deep_cm"": 21.075}"
2025-09-23 03:32:06.494970248+00:00,ps-lb-09,2,-118,-4.25,"{""Bat_V"": 3.57, ""Exti_pin_level"": ""Low"", ""Exti_status"": ""False"", ""IDC_intput_mA"": 5.685, ""IN1_pin_level"": ""Low"", ""IN2_pin_level"": ""Low"", ""Node_type"": ""PS-LB"", ""Probe_mod"": 0, ""VDC_intput_V"": 0, ""Water_deep_cm"": 21.062}"
2025-09-23 04:32:05.757782683+00:00,ps-lb-09,2,-43,7.5,"{""Bat_V"": 3.564, ""Exti_pin_level"": ""Low"", ""Exti_status"": ""False"", ""IDC_intput_mA"": 5.685, ""IN1_pin_level"": ""Low"", ""IN2_pin_level"": ""Low"", ""Node_type"": ""PS-LB"", ""Probe_mod"": 0, ""VDC_intput_V"": 0, ""Water_deep_cm"": 21.062}"
2025-09-23 05:32:05.051765132+00:00,ps-lb-09,2,-39,10.0,"{""Bat_V"": 3.564, ""Exti_pin_level"": ""Low"", ""Exti_status"": ""False"", ""IDC_intput_mA"": 5.683, ""IN1_pin_level"": ""Low"", ""IN2_pin_level"": ""Low"", ""Node_type"": ""PS-LB"", ""Probe_mod"": 0, ""VDC_intput_V"": 0, ""Water_deep_cm"": 21.037}"
2025-09-23 06:32:04.310775493+00:00,ps-lb-09,2,-43,11.75,"{""Bat_V"": 3.57, ""Exti_pin_level"": ""Low"", ""Exti_status"": ""False"", ""IDC_intput_mA"": 5.683, ""IN1_pin_level"": ""Low"", ""IN2_pin_level"": ""Low"", ""Node_type"": ""PS-LB"", ""Probe_mod"": 0, ""VDC_intput_V"": 0, ""Water_deep_cm"": 21.037}"
2025-09-23 07:32:03.584473195+00:00,ps-lb-09,2,-43,7.25,"{""Bat_V"": 3.564, ""Exti_pin_level"": ""Low"", ""Exti_status"": ""False"", ""IDC_intput_mA"": 5.682, ""IN1_pin_level"": ""Low"", ""IN2_pin_level"": ""Low"", ""Node_type"": ""PS-LB"", ""Probe_mod"": 0, ""VDC_intput_V"": 0, ""Water_deep_cm"": 21.025}"
2025-09-23 08:32:02.864617981+00:00,ps-lb-09,2,-42,9.25,"{""Bat_V"": 3.57, ""Exti_pin_level"": ""Low"", ""Exti_status"": ""False"", ""IDC_intput_mA"": 5.682, ""IN1_pin_level"": ""Low"", ""IN2_pin_level"": ""Low"", ""Node_type"": ""PS-LB"", ""Probe_mod"": 0, ""VDC_intput_V"": 0, ""Water_deep_cm"": 21.025}"
2025-09-23 09:32:02.116251468+00:00,ps-lb-09,2,-44,10.0,"{""Bat_V"": 3.564, ""Exti_pin_level"": ""Low"", ""Exti_status"": ""False"", ""IDC_intput_mA"": 5.682, ""IN1_pin_level"": ""Low"", ""IN2_pin_level"": ""Low"", ""Node_type"": ""PS-LB"", ""Probe_mod"": 0, ""VDC_intput_V"": 0, ""Water_deep_cm"": 21.025}"
2025-09-23 10:32:01.407132775+00:00,ps-lb-09,2,-44,10.25,"{""Bat_V"": 3.57, ""Exti_pin_level"": ""Low"", ""Exti_status"": ""False"", ""IDC_intput_mA"": 5.681, ""IN1_pin_level"": ""Low"", ""IN2_pin_level"": ""Low"", ""Node_type"": ""PS-LB"", ""Probe_mod"": 0, ""VDC_intput_V"": 0, ""Water_deep_cm"": 21.012}"
2025-09-23 11:32:00.646749943+00:00,ps-lb-09,2,-124,-7.25,"{""Bat_V"": 3.564, ""Exti_pin_level"": ""Low"", ""Exti_status"": ""False"", ""IDC_intput_mA"": 5.682, ""IN1_pin_level"": ""Low"", ""IN2_pin_level"": ""Low"", ""Node_type"": ""PS-LB"", ""Probe_mod"": 0, ""VDC_intput_V"": 0, ""Water_deep_cm"": 21.025}"
2025-09-23 12:31:59.932391195+00:00,ps-lb-09,2,-44,9.0,"{""Bat_V"": 3.57, ""Exti_pin_level"": ""Low"", ""Exti_status"": ""False"", ""IDC_intput_mA"": 5.681, ""IN1_pin_level"": ""Low"", ""IN2_pin_level"": ""Low"", ""Node_type"": ""PS-LB"", ""Probe_mod"": 0, ""VDC_intput_V"": 0, ""Water_deep_cm"": 21.012}"
2025-09-23 14:31:58.484447699+00:00,ps-lb-09,2,-45,9.75,"{""Bat_V"": 3.57, ""Exti_pin_level"": ""Low"", ""Exti_status"": ""False"", ""IDC_intput_mA"": 5.68, ""IN1_pin_level"": ""Low"", ""IN2_pin_level"": ""Low"", ""Node_type"": ""PS-LB"", ""Probe_mod"": 0, ""VDC_intput_V"": 0, ""Water_deep_cm"": 21}"
2025-09-23 15:31:57.776440960+00:00,ps-lb-09,2,-43,7.0,"{""Bat_V"": 3.57, ""Exti_pin_level"": ""Low"", ""Exti_status"": ""False"", ""IDC_intput_mA"": 5.681, ""IN1_pin_level"": ""Low"", ""IN2_pin_level"": ""Low"", ""Node_type"": ""PS-LB"", ""Probe_mod"": 0, ""VDC_intput_V"": 0, ""Water_deep_cm"": 21.012}"
2025-09-23 16:31:57.018842575+00:00,ps-lb-09,2,-44,9.25,"{""Bat_V"": 3.57, ""Exti_pin_level"": ""Low"", ""Exti_status"": ""False"", ""IDC_intput_mA"": 5.68, ""IN1_pin_level"": ""Low"", ""IN2_pin_level"": ""Low"", ""Node_type"": ""PS-LB"", ""Probe_mod"": 0, ""VDC_intput_V"": 0, ""Water_deep_cm"": 21}"
2025-09-23 17:31:56.329227273+00:00,ps-lb-09,2,-45,10.25,"{""Bat_V"": 3.564, ""Exti_pin_level"": ""Low"", ""Exti_status"": ""False"", ""IDC_intput_mA"": 5.68, ""IN1_pin_level"": ""Low"", ""IN2_pin_level"": ""Low"", ""Node_type"": ""PS-LB"", ""Probe_mod"": 0, ""VDC_intput_V"": 0, ""Water_deep_cm"": 21}"
2025-09-23 18:31:55.579808298+00:00,ps-lb-09,2,-44,10.25,"{""Bat_V"": 3.57, ""Exti_pin_level"": ""Low"", ""Exti_status"": ""False"", ""IDC_intput_mA"": 5.68, ""IN1_pin_level"": ""Low"", ""IN2_pin_level"": ""Low"", ""Node_type"": ""PS-LB"", ""Probe_mod"": 0, ""VDC_intput_V"": 0, ""Water_deep_cm"": 21}"
2025-09-23 19:31:54.842589188+00:00,ps-lb-09,2,-42,7.0,"{""Bat_V"": 3.57, ""Exti_pin_level"": ""Low"", ""Exti_status"": ""False"", ""IDC_intput_mA"": 5.68, ""IN1_pin_level"": ""Low"", ""IN2_pin_level"": ""Low"", ""Node_type"": ""PS-LB"", ""Probe_mod"": 0, ""VDC_intput_V"": 0, ""Water_deep_cm"": 21}"
2025-09-23 20:31:54.108978890+00:00,ps-lb-09,2,-45,6.75,"{""Bat_V"": 3.57, ""Exti_pin_level"": ""Low"", ""Exti_status"": ""False"", ""IDC_intput_mA"": 5.679, ""IN1_pin_level"": ""Low"", ""IN2_pin_level"": ""Low"", ""Node_type"": ""PS-LB"", ""Probe_mod"": 0, ""VDC_intput_V"": 0, ""Water_deep_cm"": 20.988}"
2025-09-23 21:31:53.391158716+00:00,ps-lb-09,2,-45,10.5,"{""Bat_V"": 3.57, ""Exti_pin_level"": ""Low"", ""Exti_status"": ""False"", ""IDC_intput_mA"": 5.678, ""IN1_pin_level"": ""Low"", ""IN2_pin_level"": ""Low"", ""Node_type"": ""PS-LB"", ""Probe_mod"": 0, ""VDC_intput_V"": 0, ""Water_deep_cm"": 20.975}"
2025-09-23 22:31:52.651496918+00:00,ps-lb-09,2,-45,11.0,"{""Bat_V"": 3.57, ""Exti_pin_level"": ""Low"", ""Exti_status"": ""False"", ""IDC_intput_mA"": 5.678, ""IN1_pin_level"": ""Low"", ""IN2_pin_level"": ""Low"", ""Node_type"": ""PS-LB"", ""Probe_mod"": 0, ""VDC_intput_V"": 0, ""Water_deep_cm"": 20.975}"
2025-09-23 23:31:51.951240844+00:00,ps-lb-09,2,-47,6.25,"{""Bat_V"": 3.564, ""Exti_pin_level"": ""Low"", ""Exti_status"": ""False"", ""IDC_intput_mA"": 5.677, ""IN1_pin_level"": ""Low"", ""IN2_pin_level"": ""Low"", ""Node_type"": ""PS-LB"", ""Probe_mod"": 0, ""VDC_intput_V"": 0, ""Water_deep_cm"": 20.962}"
2025-09-24 00:31:51.199507854+00:00,ps-lb-09,2,-121,-4.5,"{""Bat_V"": 3.57, ""Exti_pin_level"": ""Low"", ""Exti_status"": ""False"", ""IDC_intput_mA"": 5.676, ""IN1_pin_level"": ""Low"", ""IN2_pin_level"": ""Low"", ""Node_type"": ""PS-LB"", ""Probe_mod"": 0, ""VDC_intput_V"": 0, ""Water_deep_cm"": 20.95}"
2025-09-24 01:31:50.469697190+00:00,ps-lb-09,2,-45,9.5,"{""Bat_V"": 3.57, ""Exti_pin_level"": ""Low"", ""Exti_status"": ""False"", ""IDC_intput_mA"": 5.676, ""IN1_pin_level"": ""Low"", ""IN2_pin_level"": ""Low"", ""Node_type"": ""PS-LB"", ""Probe_mod"": 0, ""VDC_intput_V"": 0, ""Water_deep_cm"": 20.95}"
2025-09-24 02:31:49.731341431+00:00,ps-lb-09,2,-41,10.0,"{""Bat_V"": 3.57, ""Exti_pin_level"": ""Low"", ""Exti_status"": ""False"", ""IDC_intput_mA"": 5.674, ""IN1_pin_level"": ""Low"", ""IN2_pin_level"": ""Low"", ""Node_type"": ""PS-LB"", ""Probe_mod"": 0, ""VDC_intput_V"": 0, ""Water_deep_cm"": 20.925}"
2025-09-24 03:31:49.012048111+00:00,ps-lb-09,2,-122,-5.0,"{""Bat_V"": 3.57, ""Exti_pin_level"": ""Low"", ""Exti_status"": ""False"", ""IDC_intput_mA"": 5.674, ""IN1_pin_level"": ""Low"", ""IN2_pin_level"": ""Low"", ""Node_type"": ""PS-LB"", ""Probe_mod"": 0, ""VDC_intput_V"": 0, ""Water_deep_cm"": 20.925}"
2025-09-24 04:31:48.293239044+00:00,ps-lb-09,2,-42,9.25,"{""Bat_V"": 3.564, ""Exti_pin_level"": ""Low"", ""Exti_status"": ""False"", ""IDC_intput_mA"": 5.673, ""IN1_pin_level"": ""Low"", ""IN2_pin_level"": ""Low"", ""Node_type"": ""PS-LB"", ""Probe_mod"": 0, ""VDC_intput_V"": 0, ""Water_deep_cm"": 20.913}"
2025-09-24 05:31:47.580150698+00:00,ps-lb-09,2,-44,9.75,"{""Bat_V"": 3.57, ""Exti_pin_level"": ""Low"", ""Exti_status"": ""False"", ""IDC_intput_mA"": 5.672, ""IN1_pin_level"": ""Low"", ""IN2_pin_level"": ""Low"", ""Node_type"": ""PS-LB"", ""Probe_mod"": 0, ""VDC_intput_V"": 0, ""Water_deep_cm"": 20.9}"
2025-09-24 06:31:46.832953431+00:00,ps-lb-09,2,-44,9.25,"{""Bat_V"": 3.57, ""Exti_pin_level"": ""Low"", ""Exti_status"": ""False"", ""IDC_intput_mA"": 5.672, ""IN1_pin_level"": ""Low"", ""IN2_pin_level"": ""Low"", ""Node_type"": ""PS-LB"", ""Probe_mod"": 0, ""VDC_intput_V"": 0, ""Water_deep_cm"": 20.9}"
2025-09-24 07:31:46.106315446+00:00,ps-lb-09,2,-121,-5.25,"{""Bat_V"": 3.57, ""Exti_pin_level"": ""Low"", ""Exti_status"": ""False"", ""IDC_intput_mA"": 5.671, ""IN1_pin_level"": ""Low"", ""IN2_pin_level"": ""Low"", ""Node_type"": ""PS-LB"", ""Probe_mod"": 0, ""VDC_intput_V"": 0, ""Water_deep_cm"": 20.888}"
2025-09-24 08:31:45.388006402+00:00,ps-lb-09,2,-42,10.25,"{""Bat_V"": 3.57, ""Exti_pin_level"": ""Low"", ""Exti_status"": ""False"", ""IDC_intput_mA"": 5.67, ""IN1_pin_level"": ""Low"", ""IN2_pin_level"": ""Low"", ""Node_type"": ""PS-LB"", ""Probe_mod"": 0, ""VDC_intput_V"": 0, ""Water_deep_cm"": 20.875}"
2025-09-24 09:31:44.678089660+00:00,ps-lb-09,2,-44,10.25,"{""Bat_V"": 3.57, ""Exti_pin_level"": ""Low"", ""Exti_status"": ""False"", ""IDC_intput_mA"": 5.67, ""IN1_pin_level"": ""Low"", ""IN2_pin_level"": ""Low"", ""Node_type"": ""PS-LB"", ""Probe_mod"": 0, ""VDC_intput_V"": 0, ""Water_deep_cm"": 20.875}"
2025-09-24 10:31:43.939419490+00:00,ps-lb-09,2,-41,9.5,"{""Bat_V"": 3.57, ""Exti_pin_level"": ""Low"", ""Exti_status"": ""False"", ""IDC_intput_mA"": 5.67, ""IN1_pin_level"": ""Low"", ""IN2_pin_level"": ""Low"", ""Node_type"": ""PS-LB"", ""Probe_mod"": 0, ""VDC_intput_V"": 0, ""Water_deep_cm"": 20.875}"
2025-09-24 11:31:43.208759880+00:00,ps-lb-09,2,-42,7.0,"{""Bat_V"": 3.57, ""Exti_pin_level"": ""Low"", ""Exti_status"": ""False"", ""IDC_intput_mA"": 5.67, ""IN1_pin_level"": ""Low"", ""IN2_pin_level"": ""Low"", ""Node_type"": ""PS-LB"", ""Probe_mod"": 0, ""VDC_intput_V"": 0, ""Water_deep_cm"": 20.875}"
2025-09-24 12:31:42.465879674+00:00,ps-lb-09,2,-42,9.25,"{""Bat_V"": 3.57, ""Exti_pin_level"": ""Low"", ""Exti_status"": ""False"", ""IDC_intput_mA"": 5.669, ""IN1_pin_level"": ""Low"", ""IN2_pin_level"": ""Low"", ""Node_type"": ""PS-LB"", ""Probe_mod"": 0, ""VDC_intput_V"": 0, ""Water_deep_cm"": 20.862}"
2025-09-24 13:31:41.760266391+00:00,ps-lb-09,2,-41,9.5,"{""Bat_V"": 3.57, ""Exti_pin_level"": ""Low"", ""Exti_status"": ""False"", ""IDC_intput_mA"": 5.67, ""IN1_pin_level"": ""Low"", ""IN2_pin_level"": ""Low"", ""Node_type"": ""PS-LB"", ""Probe_mod"": 0, ""VDC_intput_V"": 0, ""Water_deep_cm"": 20.875}"
2025-09-24 14:31:41.017340808+00:00,ps-lb-09,2,-42,9.0,"{""Bat_V"": 3.564, ""Exti_pin_level"": ""Low"", ""Exti_status"": ""False"", ""IDC_intput_mA"": 5.67, ""IN1_pin_level"": ""Low"", ""IN2_pin_level"": ""Low"", ""Node_type"": ""PS-LB"", ""Probe_mod"": 0, ""VDC_intput_V"": 0, ""Water_deep_cm"": 20.875}"
2025-09-24 15:31:40.302050059+00:00,ps-lb-09,2,-42,9.5,"{""Bat_V"": 3.57, ""Exti_pin_level"": ""Low"", ""Exti_status"": ""False"", ""IDC_intput_mA"": 5.67, ""IN1_pin_level"": ""Low"", ""IN2_pin_level"": ""Low"", ""Node_type"": ""PS-LB"", ""Probe_mod"": 0, ""VDC_intput_V"": 0, ""Water_deep_cm"": 20.875}"
2025-09-24 16:31:39.558037943+00:00,ps-lb-09,2,-120,-4.0,"{""Bat_V"": 3.57, ""Exti_pin_level"": ""Low"", ""Exti_status"": ""False"", ""IDC_intput_mA"": 5.669, ""IN1_pin_level"": ""Low"", ""IN2_pin_level"": ""Low"", ""Node_type"": ""PS-LB"", ""Probe_mod"": 0, ""VDC_intput_V"": 0, ""Water_deep_cm"": 20.862}"
2025-09-24 17:31:38.846114518+00:00,ps-lb-09,2,-42,9.0,"{""Bat_V"": 3.57, ""Exti_pin_level"": ""Low"", ""Exti_status"": ""False"", ""IDC_intput_mA"": 5.668, ""IN1_pin_level"": ""Low"", ""IN2_pin_level"": ""Low"", ""Node_type"": ""PS-LB"", ""Probe_mod"": 0, ""VDC_intput_V"": 0, ""Water_deep_cm"": 20.85}"
2025-09-24 18:31:38.119122444+00:00,ps-lb-09,2,-41,7.25,"{""Bat_V"": 3.57, ""Exti_pin_level"": ""Low"", ""Exti_status"": ""False"", ""IDC_intput_mA"": 5.668, ""IN1_pin_level"": ""Low"", ""IN2_pin_level"": ""Low"", ""Node_type"": ""PS-LB"", ""Probe_mod"": 0, ""VDC_intput_V"": 0, ""Water_deep_cm"": 20.85}"
2025-09-24 19:31:37.386860866+00:00,ps-lb-09,2,-39,7.0,"{""Bat_V"": 3.57, ""Exti_pin_level"": ""Low"", ""Exti_status"": ""False"", ""IDC_intput_mA"": 5.668, ""IN1_pin_level"": ""Low"", ""IN2_pin_level"": ""Low"", ""Node_type"": ""PS-LB"", ""Probe_mod"": 0, ""VDC_intput_V"": 0, ""Water_deep_cm"": 20.85}"
2025-09-24 20:31:36.662842314+00:00,ps-lb-09,2,-43,7.75,"{""Bat_V"": 3.57, ""Exti_pin_level"": ""Low"", ""Exti_status"": ""False"", ""IDC_intput_mA"": 5.668, ""IN1_pin_level"": ""Low"", ""IN2_pin_level"": ""Low"", ""Node_type"": ""PS-LB"", ""Probe_mod"": 0, ""VDC_intput_V"": 0, ""Water_deep_cm"": 20.85}"
2025-09-24 21:31:35.930903689+00:00,ps-lb-09,2,-41,9.25,"{""Bat_V"": 3.57, ""Exti_pin_level"": ""Low"", ""Exti_status"": ""False"", ""IDC_intput_mA"": 5.668, ""IN1_pin_level"": ""Low"", ""IN2_pin_level"": ""Low"", ""Node_type"": ""PS-LB"", ""Probe_mod"": 0, ""VDC_intput_V"": 0, ""Water_deep_cm"": 20.85}"
2025-09-24 22:31:35.198226116+00:00,ps-lb-09,2,-45,9.25,"{""Bat_V"": 3.57, ""Exti_pin_level"": ""Low"", ""Exti_status"": ""False"", ""IDC_intput_mA"": 5.666, ""IN1_pin_level"": ""Low"", ""IN2_pin_level"": ""Low"", ""Node_type"": ""PS-LB"", ""Probe_mod"": 0, ""VDC_intput_V"": 0, ""Water_deep_cm"": 20.825}"
2025-09-25 00:31:33.747975771+00:00,ps-lb-09,2,-43,10.25,"{""Bat_V"": 3.57, ""Exti_pin_level"": ""Low"", ""Exti_status"": ""False"", ""IDC_intput_mA"": 5.666, ""IN1_pin_level"": ""Low"", ""IN2_pin_level"": ""Low"", ""Node_type"": ""PS-LB"", ""Probe_mod"": 0, ""VDC_intput_V"": 0, ""Water_deep_cm"": 20.825}"
2025-09-25 01:31:33.016163744+00:00,ps-lb-09,2,-42,9.25,"{""Bat_V"": 3.57, ""Exti_pin_level"": ""Low"", ""Exti_status"": ""False"", ""IDC_intput_mA"": 5.665, ""IN1_pin_level"": ""Low"", ""IN2_pin_level"": ""Low"", ""Node_type"": ""PS-LB"", ""Probe_mod"": 0, ""VDC_intput_V"": 0, ""Water_deep_cm"": 20.813}"
2025-09-25 02:31:32.296153294+00:00,ps-lb-09,2,-39,6.75,"{""Bat_V"": 3.57, ""Exti_pin_level"": ""Low"", ""Exti_status"": ""False"", ""IDC_intput_mA"": 5.664, ""IN1_pin_level"": ""Low"", ""IN2_pin_level"": ""Low"", ""Node_type"": ""PS-LB"", ""Probe_mod"": 0, ""VDC_intput_V"": 0, ""Water_deep_cm"": 20.8}"
2025-09-25 03:31:31.569200608+00:00,ps-lb-09,2,-122,-7.5,"{""Bat_V"": 3.57, ""Exti_pin_level"": ""Low"", ""Exti_status"": ""False"", ""IDC_intput_mA"": 5.664, ""IN1_pin_level"": ""Low"", ""IN2_pin_level"": ""Low"", ""Node_type"": ""PS-LB"", ""Probe_mod"": 0, ""VDC_intput_V"": 0, ""Water_deep_cm"": 20.8}"
2025-09-25 04:31:30.849988896+00:00,ps-lb-09,2,-41,7.5,"{""Bat_V"": 3.57, ""Exti_pin_level"": ""Low"", ""Exti_status"": ""False"", ""IDC_intput_mA"": 5.663, ""IN1_pin_level"": ""Low"", ""IN2_pin_level"": ""Low"", ""Node_type"": ""PS-LB"", ""Probe_mod"": 0, ""VDC_intput_V"": 0, ""Water_deep_cm"": 20.788}"
2025-09-25 05:31:30.121226167+00:00,ps-lb-09,2,-41,9.5,"{""Bat_V"": 3.57, ""Exti_pin_level"": ""Low"", ""Exti_status"": ""False"", ""IDC_intput_mA"": 5.662, ""IN1_pin_level"": ""Low"", ""IN2_pin_level"": ""Low"", ""Node_type"": ""PS-LB"", ""Probe_mod"": 0, ""VDC_intput_V"": 0, ""Water_deep_cm"": 20.775}"
2025-09-25 06:31:29.403857554+00:00,ps-lb-09,2,-42,8.75,"{""Bat_V"": 3.57, ""Exti_pin_level"": ""Low"", ""Exti_status"": ""False"", ""IDC_intput_mA"": 5.662, ""IN1_pin_level"": ""Low"", ""IN2_pin_level"": ""Low"", ""Node_type"": ""PS-LB"", ""Probe_mod"": 0, ""VDC_intput_V"": 0, ""Water_deep_cm"": 20.775}"
2025-09-25 07:31:28.660354667+00:00,ps-lb-09,2,-39,7.5,"{""Bat_V"": 3.57, ""Exti_pin_level"": ""Low"", ""Exti_status"": ""False"", ""IDC_intput_mA"": 5.662, ""IN1_pin_level"": ""Low"", ""IN2_pin_level"": ""Low"", ""Node_type"": ""PS-LB"", ""Probe_mod"": 0, ""VDC_intput_V"": 0, ""Water_deep_cm"": 20.775}"
2025-09-25 08:31:27.960975027+00:00,ps-lb-09,2,-36,9.25,"{""Bat_V"": 3.57, ""Exti_pin_level"": ""Low"", ""Exti_status"": ""False"", ""IDC_intput_mA"": 5.66, ""IN1_pin_level"": ""Low"", ""IN2_pin_level"": ""Low"", ""Node_type"": ""PS-LB"", ""Probe_mod"": 0, ""VDC_intput_V"": 0, ""Water_deep_cm"": 20.75}"
2025-09-25 09:31:27.221369211+00:00,ps-lb-09,2,-39,9.5,"{""Bat_V"": 3.57, ""Exti_pin_level"": ""Low"", ""Exti_status"": ""False"", ""IDC_intput_mA"": 5.661, ""IN1_pin_level"": ""Low"", ""IN2_pin_level"": ""Low"", ""Node_type"": ""PS-LB"", ""Probe_mod"": 0, ""VDC_intput_V"": 0, ""Water_deep_cm"": 20.762}"
2025-09-25 10:31:26.490528520+00:00,ps-lb-09,2,-125,-8.5,"{""Bat_V"": 3.57, ""Exti_pin_level"": ""Low"", ""Exti_status"": ""False"", ""IDC_intput_mA"": 5.66, ""IN1_pin_level"": ""Low"", ""IN2_pin_level"": ""Low"", ""Node_type"": ""PS-LB"", ""Probe_mod"": 0, ""VDC_intput_V"": 0, ""Water_deep_cm"": 20.75}"
2025-09-25 11:31:25.769013912+00:00,ps-lb-09,2,-39,7.75,"{""Bat_V"": 3.57, ""Exti_pin_level"": ""Low"", ""Exti_status"": ""False"", ""IDC_intput_mA"": 5.66, ""IN1_pin_level"": ""Low"", ""IN2_pin_level"": ""Low"", ""Node_type"": ""PS-LB"", ""Probe_mod"": 0, ""VDC_intput_V"": 0, ""Water_deep_cm"": 20.75}"
2025-09-25 12:31:25.043111632+00:00,ps-lb-09,2,-41,7.5,"{""Bat_V"": 3.57, ""Exti_pin_level"": ""Low"", ""Exti_status"": ""False"", ""IDC_intput_mA"": 5.66, ""IN1_pin_level"": ""Low"", ""IN2_pin_level"": ""Low"", ""Node_type"": ""PS-LB"", ""Probe_mod"": 0, ""VDC_intput_V"": 0, ""Water_deep_cm"": 20.75}"
2025-09-25 13:31:24.317551817+00:00,ps-lb-09,2,-123,-6.75,"{""Bat_V"": 3.57, ""Exti_pin_level"": ""Low"", ""Exti_status"": ""False"", ""IDC_intput_mA"": 5.66, ""IN1_pin_level"": ""Low"", ""IN2_pin_level"": ""Low"", ""Node_type"": ""PS-LB"", ""Probe_mod"": 0, ""VDC_intput_V"": 0, ""Water_deep_cm"": 20.75}"
2025-09-25 14:31:23.589735629+00:00,ps-lb-09,2,-41,8.75,"{""Bat_V"": 3.57, ""Exti_pin_level"": ""Low"", ""Exti_status"": ""False"", ""IDC_intput_mA"": 5.659, ""IN1_pin_level"": ""Low"", ""IN2_pin_level"": ""Low"", ""Node_type"": ""PS-LB"", ""Probe_mod"": 0, ""VDC_intput_V"": 0, ""Water_deep_cm"": 20.737}"
2025-09-25 15:31:22.870920542+00:00,ps-lb-09,2,-39,9.25,"{""Bat_V"": 3.57, ""Exti_pin_level"": ""Low"", ""Exti_status"": ""False"", ""IDC_intput_mA"": 5.659, ""IN1_pin_level"": ""Low"", ""IN2_pin_level"": ""Low"", ""Node_type"": ""PS-LB"", ""Probe_mod"": 0, ""VDC_intput_V"": 0, ""Water_deep_cm"": 20.737}"
2025-09-25 16:31:22.141000313+00:00,ps-lb-09,2,-122,-7.25,"{""Bat_V"": 3.57, ""Exti_pin_level"": ""Low"", ""Exti_status"": ""False"", ""IDC_intput_mA"": 5.659, ""IN1_pin_level"": ""Low"", ""IN2_pin_level"": ""Low"", ""Node_type"": ""PS-LB"", ""Probe_mod"": 0, ""VDC_intput_V"": 0, ""Water_deep_cm"": 20.737}"
2025-09-25 17:31:21.398786230+00:00,ps-lb-09,2,-41,9.5,"{""Bat_V"": 3.57, ""Exti_pin_level"": ""Low"", ""Exti_status"": ""False"", ""IDC_intput_mA"": 5.658, ""IN1_pin_level"": ""Low"", ""IN2_pin_level"": ""Low"", ""Node_type"": ""PS-LB"", ""Probe_mod"": 0, ""VDC_intput_V"": 0, ""Water_deep_cm"": 20.725}"
2025-09-25 18:31:20.700187598+00:00,ps-lb-09,2,-39,7.5,"{""Bat_V"": 3.57, ""Exti_pin_level"": ""Low"", ""Exti_status"": ""False"", ""IDC_intput_mA"": 5.657, ""IN1_pin_level"": ""Low"", ""IN2_pin_level"": ""Low"", ""Node_type"": ""PS-LB"", ""Probe_mod"": 0, ""VDC_intput_V"": 0, ""Water_deep_cm"": 20.712}"
2025-09-25 19:31:19.958129527+00:00,ps-lb-09,2,-38,7.5,"{""Bat_V"": 3.57, ""Exti_pin_level"": ""Low"", ""Exti_status"": ""False"", ""IDC_intput_mA"": 5.657, ""IN1_pin_level"": ""Low"", ""IN2_pin_level"": ""Low"", ""Node_type"": ""PS-LB"", ""Probe_mod"": 0, ""VDC_intput_V"": 0, ""Water_deep_cm"": 20.712}"
2025-09-25 20:31:19.232739907+00:00,ps-lb-09,2,-41,10.5,"{""Bat_V"": 3.57, ""Exti_pin_level"": ""Low"", ""Exti_status"": ""False"", ""IDC_intput_mA"": 5.656, ""IN1_pin_level"": ""Low"", ""IN2_pin_level"": ""Low"", ""Node_type"": ""PS-LB"", ""Probe_mod"": 0, ""VDC_intput_V"": 0, ""Water_deep_cm"": 20.7}"
2025-09-25 21:31:18.508042438+00:00,ps-lb-09,2,-39,9.25,"{""Bat_V"": 3.57, ""Exti_pin_level"": ""Low"", ""Exti_status"": ""False"", ""IDC_intput_mA"": 5.656, ""IN1_pin_level"": ""Low"", ""IN2_pin_level"": ""Low"", ""Node_type"": ""PS-LB"", ""Probe_mod"": 0, ""VDC_intput_V"": 0, ""Water_deep_cm"": 20.7}"
2025-09-25 22:31:17.802007835+00:00,ps-lb-09,2,-39,9.25,"{""Bat_V"": 3.57, ""Exti_pin_level"": ""Low"", ""Exti_status"": ""False"", ""IDC_intput_mA"": 5.655, ""IN1_pin_level"": ""Low"", ""IN2_pin_level"": ""Low"", ""Node_type"": ""PS-LB"", ""Probe_mod"": 0, ""VDC_intput_V"": 0, ""Water_deep_cm"": 20.688}"
2025-09-25 23:31:17.064823406+00:00,ps-lb-09,2,-39,7.25,"{""Bat_V"": 3.57, ""Exti_pin_level"": ""Low"", ""Exti_status"": ""False"", ""IDC_intput_mA"": 5.655, ""IN1_pin_level"": ""Low"", ""IN2_pin_level"": ""Low"", ""Node_type"": ""PS-LB"", ""Probe_mod"": 0, ""VDC_intput_V"": 0, ""Water_deep_cm"": 20.688}"
2025-09-26 00:31:16.343322618+00:00,ps-lb-09,2,-38,9.0,"{""Bat_V"": 3.57, ""Exti_pin_level"": ""Low"", ""Exti_status"": ""False"", ""IDC_intput_mA"": 5.654, ""IN1_pin_level"": ""Low"", ""IN2_pin_level"": ""Low"", ""Node_type"": ""PS-LB"", ""Probe_mod"": 0, ""VDC_intput_V"": 0, ""Water_deep_cm"": 20.675}"
2025-09-26 01:31:15.600072848+00:00,ps-lb-09,2,-41,9.5,"{""Bat_V"": 3.57, ""Exti_pin_level"": ""Low"", ""Exti_status"": ""False"", ""IDC_intput_mA"": 5.653, ""IN1_pin_level"": ""Low"", ""IN2_pin_level"": ""Low"", ""Node_type"": ""PS-LB"", ""Probe_mod"": 0, ""VDC_intput_V"": 0, ""Water_deep_cm"": 20.662}"
2025-09-26 02:31:14.890863854+00:00,ps-lb-09,2,-38,7.5,"{""Bat_V"": 3.57, ""Exti_pin_level"": ""Low"", ""Exti_status"": ""False"", ""IDC_intput_mA"": 5.653, ""IN1_pin_level"": ""Low"", ""IN2_pin_level"": ""Low"", ""Node_type"": ""PS-LB"", ""Probe_mod"": 0, ""VDC_intput_V"": 0, ""Water_deep_cm"": 20.662}"
2025-09-26 03:31:14.162865976+00:00,ps-lb-09,2,-124,-7.75,"{""Bat_V"": 3.57, ""Exti_pin_level"": ""Low"", ""Exti_status"": ""False"", ""IDC_intput_mA"": 5.652, ""IN1_pin_level"": ""Low"", ""IN2_pin_level"": ""Low"", ""Node_type"": ""PS-LB"", ""Probe_mod"": 0, ""VDC_intput_V"": 0, ""Water_deep_cm"": 20.65}"
2025-09-26 04:31:13.436273079+00:00,ps-lb-09,2,-41,7.0,"{""Bat_V"": 3.57, ""Exti_pin_level"": ""Low"", ""Exti_status"": ""False"", ""IDC_intput_mA"": 5.652, ""IN1_pin_level"": ""Low"", ""IN2_pin_level"": ""Low"", ""Node_type"": ""PS-LB"", ""Probe_mod"": 0, ""VDC_intput_V"": 0, ""Water_deep_cm"": 20.65}"
2025-09-26 05:31:12.729223766+00:00,ps-lb-09,2,-38,9.0,"{""Bat_V"": 3.57, ""Exti_pin_level"": ""Low"", ""Exti_status"": ""False"", ""IDC_intput_mA"": 5.651, ""IN1_pin_level"": ""Low"", ""IN2_pin_level"": ""Low"", ""Node_type"": ""PS-LB"", ""Probe_mod"": 0, ""VDC_intput_V"": 0, ""Water_deep_cm"": 20.637}"
2025-09-26 06:31:11.979680305+00:00,ps-lb-09,2,-41,9.75,"{""Bat_V"": 3.57, ""Exti_pin_level"": ""Low"", ""Exti_status"": ""False"", ""IDC_intput_mA"": 5.651, ""IN1_pin_level"": ""Low"", ""IN2_pin_level"": ""Low"", ""Node_type"": ""PS-LB"", ""Probe_mod"": 0, ""VDC_intput_V"": 0, ""Water_deep_cm"": 20.637}"
2025-09-26 07:31:11.270891949+00:00,ps-lb-09,2,-41,8.0,"{""Bat_V"": 3.57, ""Exti_pin_level"": ""Low"", ""Exti_status"": ""False"", ""IDC_intput_mA"": 5.65, ""IN1_pin_level"": ""Low"", ""IN2_pin_level"": ""Low"", ""Node_type"": ""PS-LB"", ""Probe_mod"": 0, ""VDC_intput_V"": 0, ""Water_deep_cm"": 20.625}"
2025-09-26 08:31:10.535571497+00:00,ps-lb-09,2,-41,10.0,"{""Bat_V"": 3.57, ""Exti_pin_level"": ""Low"", ""Exti_status"": ""False"", ""IDC_intput_mA"": 5.651, ""IN1_pin_level"": ""Low"", ""IN2_pin_level"": ""Low"", ""Node_type"": ""PS-LB"", ""Probe_mod"": 0, ""VDC_intput_V"": 0, ""Water_deep_cm"": 20.637}"
2025-09-26 09:31:09.819948153+00:00,ps-lb-09,2,-39,10.25,"{""Bat_V"": 3.57, ""Exti_pin_level"": ""Low"", ""Exti_status"": ""False"", ""IDC_intput_mA"": 5.65, ""IN1_pin_level"": ""Low"", ""IN2_pin_level"": ""Low"", ""Node_type"": ""PS-LB"", ""Probe_mod"": 0, ""VDC_intput_V"": 0, ""Water_deep_cm"": 20.625}"
2025-09-26 10:31:09.098678419+00:00,ps-lb-09,2,-37,8.75,"{""Bat_V"": 3.57, ""Exti_pin_level"": ""Low"", ""Exti_status"": ""False"", ""IDC_intput_mA"": 5.65, ""IN1_pin_level"": ""Low"", ""IN2_pin_level"": ""Low"", ""Node_type"": ""PS-LB"", ""Probe_mod"": 0, ""VDC_intput_V"": 0, ""Water_deep_cm"": 20.625}"
2025-09-26 11:31:08.373035373+00:00,ps-lb-09,2,-36,7.25,"{""Bat_V"": 3.57, ""Exti_pin_level"": ""Low"", ""Exti_status"": ""False"", ""IDC_intput_mA"": 5.649, ""IN1_pin_level"": ""Low"", ""IN2_pin_level"": ""Low"", ""Node_type"": ""PS-LB"", ""Probe_mod"": 0, ""VDC_intput_V"": 0, ""Water_deep_cm"": 20.613}"
2025-09-26 12:31:07.641699645+00:00,ps-lb-09,2,-41,10.0,"{""Bat_V"": 3.57, ""Exti_pin_level"": ""Low"", ""Exti_status"": ""False"", ""IDC_intput_mA"": 5.65, ""IN1_pin_level"": ""Low"", ""IN2_pin_level"": ""Low"", ""Node_type"": ""PS-LB"", ""Probe_mod"": 0, ""VDC_intput_V"": 0, ""Water_deep_cm"": 20.625}"
2025-09-26 13:31:06.931256707+00:00,ps-lb-09,2,-125,-8.0,"{""Bat_V"": 3.57, ""Exti_pin_level"": ""Low"", ""Exti_status"": ""False"", ""IDC_intput_mA"": 5.65, ""IN1_pin_level"": ""Low"", ""IN2_pin_level"": ""Low"", ""Node_type"": ""PS-LB"", ""Probe_mod"": 0, ""VDC_intput_V"": 0, ""Water_deep_cm"": 20.625}"
2025-09-26 14:31:06.186518562+00:00,ps-lb-09,2,-41,10.25,"{""Bat_V"": 3.57, ""Exti_pin_level"": ""Low"", ""Exti_status"": ""False"", ""IDC_intput_mA"": 5.65, ""IN1_pin_level"": ""Low"", ""IN2_pin_level"": ""Low"", ""Node_type"": ""PS-LB"", ""Probe_mod"": 0, ""VDC_intput_V"": 0, ""Water_deep_cm"": 20.625}"
2025-09-26 15:31:05.469333222+00:00,ps-lb-09,2,-39,7.0,"{""Bat_V"": 3.57, ""Exti_pin_level"": ""Low"", ""Exti_status"": ""False"", ""IDC_intput_mA"": 5.65, ""IN1_pin_level"": ""Low"", ""IN2_pin_level"": ""Low"", ""Node_type"": ""PS-LB"", ""Probe_mod"": 0, ""VDC_intput_V"": 0, ""Water_deep_cm"": 20.625}"
2025-09-26 16:31:04.739500300+00:00,ps-lb-09,2,-39,10.0,"{""Bat_V"": 3.57, ""Exti_pin_level"": ""Low"", ""Exti_status"": ""False"", ""IDC_intput_mA"": 5.649, ""IN1_pin_level"": ""Low"", ""IN2_pin_level"": ""Low"", ""Node_type"": ""PS-LB"", ""Probe_mod"": 0, ""VDC_intput_V"": 0, ""Water_deep_cm"": 20.613}"
2025-09-26 17:31:04.033351645+00:00,ps-lb-09,2,-41,10.25,"{""Bat_V"": 3.57, ""Exti_pin_level"": ""Low"", ""Exti_status"": ""False"", ""IDC_intput_mA"": 5.649, ""IN1_pin_level"": ""Low"", ""IN2_pin_level"": ""Low"", ""Node_type"": ""PS-LB"", ""Probe_mod"": 0, ""VDC_intput_V"": 0, ""Water_deep_cm"": 20.613}"
2025-09-26 18:31:03.309253981+00:00,ps-lb-09,2,-38,8.0,"{""Bat_V"": 3.57, ""Exti_pin_level"": ""Low"", ""Exti_status"": ""False"", ""IDC_intput_mA"": 5.649, ""IN1_pin_level"": ""Low"", ""IN2_pin_level"": ""Low"", ""Node_type"": ""PS-LB"", ""Probe_mod"": 0, ""VDC_intput_V"": 0, ""Water_deep_cm"": 20.613}"
2025-09-26 19:31:02.560239279+00:00,ps-lb-09,2,-41,8.25,"{""Bat_V"": 3.57, ""Exti_pin_level"": ""Low"", ""Exti_status"": ""False"", ""IDC_intput_mA"": 5.649, ""IN1_pin_level"": ""Low"", ""IN2_pin_level"": ""Low"", ""Node_type"": ""PS-LB"", ""Probe_mod"": 0, ""VDC_intput_V"": 0, ""Water_deep_cm"": 20.613}"
2025-09-26 20:31:01.846351499+00:00,ps-lb-09,2,-41,10.25,"{""Bat_V"": 3.57, ""Exti_pin_level"": ""Low"", ""Exti_status"": ""False"", ""IDC_intput_mA"": 5.649, ""IN1_pin_level"": ""Low"", ""IN2_pin_level"": ""Low"", ""Node_type"": ""PS-LB"", ""Probe_mod"": 0, ""VDC_intput_V"": 0, ""Water_deep_cm"": 20.613}"
2025-09-26 21:31:01.130248345+00:00,ps-lb-09,2,-39,9.0,"{""Bat_V"": 3.57, ""Exti_pin_level"": ""Low"", ""Exti_status"": ""False"", ""IDC_intput_mA"": 5.649, ""IN1_pin_level"": ""Low"", ""IN2_pin_level"": ""Low"", ""Node_type"": ""PS-LB"", ""Probe_mod"": 0, ""VDC_intput_V"": 0, ""Water_deep_cm"": 20.613}"
2025-09-26 22:31:00.401804949+00:00,ps-lb-09,2,-43,10.0,"{""Bat_V"": 3.57, ""Exti_pin_level"": ""Low"", ""Exti_status"": ""False"", ""IDC_intput_mA"": 5.648, ""IN1_pin_level"": ""Low"", ""IN2_pin_level"": ""Low"", ""Node_type"": ""PS-LB"", ""Probe_mod"": 0, ""VDC_intput_V"": 0, ""Water_deep_cm"": 20.6}"
2025-09-26 23:30:59.664176291+00:00,ps-lb-09,2,-41,8.0,"{""Bat_V"": 3.57, ""Exti_pin_level"": ""Low"", ""Exti_status"": ""False"", ""IDC_intput_mA"": 5.648, ""IN1_pin_level"": ""Low"", ""IN2_pin_level"": ""Low"", ""Node_type"": ""PS-LB"", ""Probe_mod"": 0, ""VDC_intput_V"": 0, ""Water_deep_cm"": 20.6}"
2025-09-27 00:30:58.944085058+00:00,ps-lb-09,2,-39,9.0,"{""Bat_V"": 3.57, ""Exti_pin_level"": ""Low"", ""Exti_status"": ""False"", ""IDC_intput_mA"": 5.647, ""IN1_pin_level"": ""Low"", ""IN2_pin_level"": ""Low"", ""Node_type"": ""PS-LB"", ""Probe_mod"": 0, ""VDC_intput_V"": 0, ""Water_deep_cm"": 20.588}"
2025-09-27 01:30:58.214572859+00:00,ps-lb-09,2,-41,9.5,"{""Bat_V"": 3.57, ""Exti_pin_level"": ""Low"", ""Exti_status"": ""False"", ""IDC_intput_mA"": 5.647, ""IN1_pin_level"": ""Low"", ""IN2_pin_level"": ""Low"", ""Node_type"": ""PS-LB"", ""Probe_mod"": 0, ""VDC_intput_V"": 0, ""Water_deep_cm"": 20.588}"
2025-09-27 02:30:57.480342567+00:00,ps-lb-09,2,-39,8.25,"{""Bat_V"": 3.57, ""Exti_pin_level"": ""Low"", ""Exti_status"": ""False"", ""IDC_intput_mA"": 5.647, ""IN1_pin_level"": ""Low"", ""IN2_pin_level"": ""Low"", ""Node_type"": ""PS-LB"", ""Probe_mod"": 0, ""VDC_intput_V"": 0, ""Water_deep_cm"": 20.588}"
2025-09-27 03:30:56.767163344+00:00,ps-lb-09,2,-41,7.25,"{""Bat_V"": 3.57, ""Exti_pin_level"": ""Low"", ""Exti_status"": ""False"", ""IDC_intput_mA"": 5.647, ""IN1_pin_level"": ""Low"", ""IN2_pin_level"": ""Low"", ""Node_type"": ""PS-LB"", ""Probe_mod"": 0, ""VDC_intput_V"": 0, ""Water_deep_cm"": 20.588}"
2025-09-27 04:30:56.048121189+00:00,ps-lb-09,2,-39,7.5,"{""Bat_V"": 3.57, ""Exti_pin_level"": ""Low"", ""Exti_status"": ""False"", ""IDC_intput_mA"": 5.646, ""IN1_pin_level"": ""Low"", ""IN2_pin_level"": ""Low"", ""Node_type"": ""PS-LB"", ""Probe_mod"": 0, ""VDC_intput_V"": 0, ""Water_deep_cm"": 20.575}"
2025-09-27 05:30:55.322935202+00:00,ps-lb-09,2,-123,-7.0,"{""Bat_V"": 3.57, ""Exti_pin_level"": ""Low"", ""Exti_status"": ""False"", ""IDC_intput_mA"": 5.646, ""IN1_pin_level"": ""Low"", ""IN2_pin_level"": ""Low"", ""Node_type"": ""PS-LB"", ""Probe_mod"": 0, ""VDC_intput_V"": 0, ""Water_deep_cm"": 20.575}"
2025-09-27 06:30:54.584282625+00:00,ps-lb-09,2,-41,10.5,"{""Bat_V"": 3.57, ""Exti_pin_level"": ""Low"", ""Exti_status"": ""False"", ""IDC_intput_mA"": 5.645, ""IN1_pin_level"": ""Low"", ""IN2_pin_level"": ""Low"", ""Node_type"": ""PS-LB"", ""Probe_mod"": 0, ""VDC_intput_V"": 0, ""Water_deep_cm"": 20.562}"
2025-09-27 07:30:53.869995848+00:00,ps-lb-09,2,-41,8.0,"{""Bat_V"": 3.57, ""Exti_pin_level"": ""Low"", ""Exti_status"": ""False"", ""IDC_intput_mA"": 5.645, ""IN1_pin_level"": ""Low"", ""IN2_pin_level"": ""Low"", ""Node_type"": ""PS-LB"", ""Probe_mod"": 0, ""VDC_intput_V"": 0, ""Water_deep_cm"": 20.562}"
2025-09-27 08:30:53.140979753+00:00,ps-lb-09,2,-39,10.0,"{""Bat_V"": 3.57, ""Exti_pin_level"": ""Low"", ""Exti_status"": ""False"", ""IDC_intput_mA"": 5.645, ""IN1_pin_level"": ""Low"", ""IN2_pin_level"": ""Low"", ""Node_type"": ""PS-LB"", ""Probe_mod"": 0, ""VDC_intput_V"": 0, ""Water_deep_cm"": 20.562}"
2025-09-27 09:30:52.443102431+00:00,ps-lb-09,2,-41,9.75,"{""Bat_V"": 3.57, ""Exti_pin_level"": ""Low"", ""Exti_status"": ""False"", ""IDC_intput_mA"": 5.644, ""IN1_pin_level"": ""Low"", ""IN2_pin_level"": ""Low"", ""Node_type"": ""PS-LB"", ""Probe_mod"": 0, ""VDC_intput_V"": 0, ""Water_deep_cm"": 20.55}"
2025-09-27 10:30:51.706207777+00:00,ps-lb-09,2,-41,10.5,"{""Bat_V"": 3.57, ""Exti_pin_level"": ""Low"", ""Exti_status"": ""False"", ""IDC_intput_mA"": 5.644, ""IN1_pin_level"": ""Low"", ""IN2_pin_level"": ""Low"", ""Node_type"": ""PS-LB"", ""Probe_mod"": 0, ""VDC_intput_V"": 0, ""Water_deep_cm"": 20.55}"
2025-09-27 11:30:50.971473831+00:00,ps-lb-09,2,-39,7.25,"{""Bat_V"": 3.57, ""Exti_pin_level"": ""Low"", ""Exti_status"": ""False"", ""IDC_intput_mA"": 5.643, ""IN1_pin_level"": ""Low"", ""IN2_pin_level"": ""Low"", ""Node_type"": ""PS-LB"", ""Probe_mod"": 0, ""VDC_intput_V"": 0, ""Water_deep_cm"": 20.537}"
2025-09-27 12:30:50.260848924+00:00,ps-lb-09,2,-41,7.75,"{""Bat_V"": 3.57, ""Exti_pin_level"": ""Low"", ""Exti_status"": ""False"", ""IDC_intput_mA"": 5.643, ""IN1_pin_level"": ""Low"", ""IN2_pin_level"": ""Low"", ""Node_type"": ""PS-LB"", ""Probe_mod"": 0, ""VDC_intput_V"": 0, ""Water_deep_cm"": 20.537}"
2025-09-27 13:30:49.527936619+00:00,ps-lb-09,2,-39,9.0,"{""Bat_V"": 3.57, ""Exti_pin_level"": ""Low"", ""Exti_status"": ""False"", ""IDC_intput_mA"": 5.643, ""IN1_pin_level"": ""Low"", ""IN2_pin_level"": ""Low"", ""Node_type"": ""PS-LB"", ""Probe_mod"": 0, ""VDC_intput_V"": 0, ""Water_deep_cm"": 20.537}"
2025-09-27 14:30:48.812441661+00:00,ps-lb-09,2,-41,9.75,"{""Bat_V"": 3.57, ""Exti_pin_level"": ""Low"", ""Exti_status"": ""False"", ""IDC_intput_mA"": 5.643, ""IN1_pin_level"": ""Low"", ""IN2_pin_level"": ""Low"", ""Node_type"": ""PS-LB"", ""Probe_mod"": 0, ""VDC_intput_V"": 0, ""Water_deep_cm"": 20.537}"
2025-09-27 15:30:48.083227147+00:00,ps-lb-09,2,-39,8.75,"{""Bat_V"": 3.57, ""Exti_pin_level"": ""Low"", ""Exti_status"": ""False"", ""IDC_intput_mA"": 5.643, ""IN1_pin_level"": ""Low"", ""IN2_pin_level"": ""Low"", ""Node_type"": ""PS-LB"", ""Probe_mod"": 0, ""VDC_intput_V"": 0, ""Water_deep_cm"": 20.537}"
2025-09-27 16:30:47.384493727+00:00,ps-lb-09,2,-41,9.75,"{""Bat_V"": 3.57, ""Exti_pin_level"": ""Low"", ""Exti_status"": ""False"", ""IDC_intput_mA"": 5.643, ""IN1_pin_level"": ""Low"", ""IN2_pin_level"": ""Low"", ""Node_type"": ""PS-LB"", ""Probe_mod"": 0, ""VDC_intput_V"": 0, ""Water_deep_cm"": 20.537}"
2025-09-27 17:30:46.642902029+00:00,ps-lb-09,2,-39,8.75,"{""Bat_V"": 3.57, ""Exti_pin_level"": ""Low"", ""Exti_status"": ""False"", ""IDC_intput_mA"": 5.643, ""IN1_pin_level"": ""Low"", ""IN2_pin_level"": ""Low"", ""Node_type"": ""PS-LB"", ""Probe_mod"": 0, ""VDC_intput_V"": 0, ""Water_deep_cm"": 20.537}"
2025-09-27 18:30:45.905466059+00:00,ps-lb-09,2,-41,9.75,"{""Bat_V"": 3.57, ""Exti_pin_level"": ""Low"", ""Exti_status"": ""False"", ""IDC_intput_mA"": 5.643, ""IN1_pin_level"": ""Low"", ""IN2_pin_level"": ""Low"", ""Node_type"": ""PS-LB"", ""Probe_mod"": 0, ""VDC_intput_V"": 0, ""Water_deep_cm"": 20.537}"
2025-09-27 19:30:45.179053831+00:00,ps-lb-09,2,-38,7.75,"{""Bat_V"": 3.57, ""Exti_pin_level"": ""Low"", ""Exti_status"": ""False"", ""IDC_intput_mA"": 5.642, ""IN1_pin_level"": ""Low"", ""IN2_pin_level"": ""Low"", ""Node_type"": ""PS-LB"", ""Probe_mod"": 0, ""VDC_intput_V"": 0, ""Water_deep_cm"": 20.525}"
2025-09-27 20:30:44.458451471+00:00,ps-lb-09,2,-119,-4.0,"{""Bat_V"": 3.57, ""Exti_pin_level"": ""Low"", ""Exti_status"": ""False"", ""IDC_intput_mA"": 5.642, ""IN1_pin_level"": ""Low"", ""IN2_pin_level"": ""Low"", ""Node_type"": ""PS-LB"", ""Probe_mod"": 0, ""VDC_intput_V"": 0, ""Water_deep_cm"": 20.525}"
2025-09-27 21:30:43.736749900+00:00,ps-lb-09,2,-41,10.5,"{""Bat_V"": 3.57, ""Exti_pin_level"": ""Low"", ""Exti_status"": ""False"", ""IDC_intput_mA"": 5.642, ""IN1_pin_level"": ""Low"", ""IN2_pin_level"": ""Low"", ""Node_type"": ""PS-LB"", ""Probe_mod"": 0, ""VDC_intput_V"": 0, ""Water_deep_cm"": 20.525}"
2025-09-27 22:30:43.020456125+00:00,ps-lb-09,2,-41,9.75,"{""Bat_V"": 3.57, ""Exti_pin_level"": ""Low"", ""Exti_status"": ""False"", ""IDC_intput_mA"": 5.642, ""IN1_pin_level"": ""Low"", ""IN2_pin_level"": ""Low"", ""Node_type"": ""PS-LB"", ""Probe_mod"": 0, ""VDC_intput_V"": 0, ""Water_deep_cm"": 20.525}"
2025-09-27 23:30:42.300706310+00:00,ps-lb-09,2,-120,-4.25,"{""Bat_V"": 3.57, ""Exti_pin_level"": ""Low"", ""Exti_status"": ""False"", ""IDC_intput_mA"": 5.642, ""IN1_pin_level"": ""Low"", ""IN2_pin_level"": ""Low"", ""Node_type"": ""PS-LB"", ""Probe_mod"": 0, ""VDC_intput_V"": 0, ""Water_deep_cm"": 20.525}"
2025-09-28 00:30:41.572141104+00:00,ps-lb-09,2,-38,9.5,"{""Bat_V"": 3.57, ""Exti_pin_level"": ""Low"", ""Exti_status"": ""False"", ""IDC_intput_mA"": 5.641, ""IN1_pin_level"": ""Low"", ""IN2_pin_level"": ""Low"", ""Node_type"": ""PS-LB"", ""Probe_mod"": 0, ""VDC_intput_V"": 0, ""Water_deep_cm"": 20.512}"
2025-09-28 01:30:40.841874688+00:00,ps-lb-09,2,-39,9.75,"{""Bat_V"": 3.57, ""Exti_pin_level"": ""Low"", ""Exti_status"": ""False"", ""IDC_intput_mA"": 5.641, ""IN1_pin_level"": ""Low"", ""IN2_pin_level"": ""Low"", ""Node_type"": ""PS-LB"", ""Probe_mod"": 0, ""VDC_intput_V"": 0, ""Water_deep_cm"": 20.512}"
2025-09-28 02:30:40.131048289+00:00,ps-lb-09,2,-41,9.75,"{""Bat_V"": 3.57, ""Exti_pin_level"": ""Low"", ""Exti_status"": ""False"", ""IDC_intput_mA"": 5.641, ""IN1_pin_level"": ""Low"", ""IN2_pin_level"": ""Low"", ""Node_type"": ""PS-LB"", ""Probe_mod"": 0, ""VDC_intput_V"": 0, ""Water_deep_cm"": 20.512}"
2025-09-28 03:30:39.387244229+00:00,ps-lb-09,2,-124,-8.75,"{""Bat_V"": 3.57, ""Exti_pin_level"": ""Low"", ""Exti_status"": ""False"", ""IDC_intput_mA"": 5.641, ""IN1_pin_level"": ""Low"", ""IN2_pin_level"": ""Low"", ""Node_type"": ""PS-LB"", ""Probe_mod"": 0, ""VDC_intput_V"": 0, ""Water_deep_cm"": 20.512}"
2025-09-28 04:30:38.675056300+00:00,ps-lb-09,2,-41,7.0,"{""Bat_V"": 3.57, ""Exti_pin_level"": ""Low"", ""Exti_status"": ""False"", ""IDC_intput_mA"": 5.641, ""IN1_pin_level"": ""Low"", ""IN2_pin_level"": ""Low"", ""Node_type"": ""PS-LB"", ""Probe_mod"": 0, ""VDC_intput_V"": 0, ""Water_deep_cm"": 20.512}"
2025-09-28 05:30:37.951688569+00:00,ps-lb-09,2,-41,10.0,"{""Bat_V"": 3.57, ""Exti_pin_level"": ""Low"", ""Exti_status"": ""False"", ""IDC_intput_mA"": 5.64, ""IN1_pin_level"": ""Low"", ""IN2_pin_level"": ""Low"", ""Node_type"": ""PS-LB"", ""Probe_mod"": 0, ""VDC_intput_V"": 0, ""Water_deep_cm"": 20.5}"
2025-09-28 06:30:37.215244864+00:00,ps-lb-09,2,-41,9.75,"{""Bat_V"": 3.57, ""Exti_pin_level"": ""Low"", ""Exti_status"": ""False"", ""IDC_intput_mA"": 5.64, ""IN1_pin_level"": ""Low"", ""IN2_pin_level"": ""Low"", ""Node_type"": ""PS-LB"", ""Probe_mod"": 0, ""VDC_intput_V"": 0, ""Water_deep_cm"": 20.5}"
2025-09-28 07:30:36.492284227+00:00,ps-lb-09,2,-39,7.0,"{""Bat_V"": 3.57, ""Exti_pin_level"": ""Low"", ""Exti_status"": ""False"", ""IDC_intput_mA"": 5.639, ""IN1_pin_level"": ""Low"", ""IN2_pin_level"": ""Low"", ""Node_type"": ""PS-LB"", ""Probe_mod"": 0, ""VDC_intput_V"": 0, ""Water_deep_cm"": 20.488}"
2025-09-28 08:30:35.772278627+00:00,ps-lb-09,2,-39,10.5,"{""Bat_V"": 3.57, ""Exti_pin_level"": ""Low"", ""Exti_status"": ""False"", ""IDC_intput_mA"": 5.639, ""IN1_pin_level"": ""Low"", ""IN2_pin_level"": ""Low"", ""Node_type"": ""PS-LB"", ""Probe_mod"": 0, ""VDC_intput_V"": 0, ""Water_deep_cm"": 20.488}"
2025-09-28 09:30:35.046062183+00:00,ps-lb-09,2,-41,9.5,"{""Bat_V"": 3.57, ""Exti_pin_level"": ""Low"", ""Exti_status"": ""False"", ""IDC_intput_mA"": 5.639, ""IN1_pin_level"": ""Low"", ""IN2_pin_level"": ""Low"", ""Node_type"": ""PS-LB"", ""Probe_mod"": 0, ""VDC_intput_V"": 0, ""Water_deep_cm"": 20.488}"
2025-09-28 10:30:34.339914617+00:00,ps-lb-09,2,-39,10.5,"{""Bat_V"": 3.57, ""Exti_pin_level"": ""Low"", ""Exti_status"": ""False"", ""IDC_intput_mA"": 5.639, ""IN1_pin_level"": ""Low"", ""IN2_pin_level"": ""Low"", ""Node_type"": ""PS-LB"", ""Probe_mod"": 0, ""VDC_intput_V"": 0, ""Water_deep_cm"": 20.488}"
2025-09-28 11:30:33.607157521+00:00,ps-lb-09,2,-38,7.5,"{""Bat_V"": 3.57, ""Exti_pin_level"": ""Low"", ""Exti_status"": ""False"", ""IDC_intput_mA"": 5.639, ""IN1_pin_level"": ""Low"", ""IN2_pin_level"": ""Low"", ""Node_type"": ""PS-LB"", ""Probe_mod"": 0, ""VDC_intput_V"": 0, ""Water_deep_cm"": 20.488}"
2025-09-28 12:30:32.885993058+00:00,ps-lb-09,2,-41,10.0,"{""Bat_V"": 3.57, ""Exti_pin_level"": ""Low"", ""Exti_status"": ""False"", ""IDC_intput_mA"": 5.639, ""IN1_pin_level"": ""Low"", ""IN2_pin_level"": ""Low"", ""Node_type"": ""PS-LB"", ""Probe_mod"": 0, ""VDC_intput_V"": 0, ""Water_deep_cm"": 20.488}"
2025-09-28 13:30:32.139939220+00:00,ps-lb-09,2,-37,8.75,"{""Bat_V"": 3.57, ""Exti_pin_level"": ""Low"", ""Exti_status"": ""False"", ""IDC_intput_mA"": 5.639, ""IN1_pin_level"": ""Low"", ""IN2_pin_level"": ""Low"", ""Node_type"": ""PS-LB"", ""Probe_mod"": 0, ""VDC_intput_V"": 0, ""Water_deep_cm"": 20.488}"
2025-09-28 14:30:31.429801614+00:00,ps-lb-09,2,-122,-6.75,"{""Bat_V"": 3.57, ""Exti_pin_level"": ""Low"", ""Exti_status"": ""False"", ""IDC_intput_mA"": 5.639, ""IN1_pin_level"": ""Low"", ""IN2_pin_level"": ""Low"", ""Node_type"": ""PS-LB"", ""Probe_mod"": 0, ""VDC_intput_V"": 0, ""Water_deep_cm"": 20.488}"
2025-09-28 15:30:30.698131818+00:00,ps-lb-09,2,-39,9.75,"{""Bat_V"": 3.57, ""Exti_pin_level"": ""Low"", ""Exti_status"": ""False"", ""IDC_intput_mA"": 5.639, ""IN1_pin_level"": ""Low"", ""IN2_pin_level"": ""Low"", ""Node_type"": ""PS-LB"", ""Probe_mod"": 0, ""VDC_intput_V"": 0, ""Water_deep_cm"": 20.488}"
2025-09-28 16:30:29.995330729+00:00,ps-lb-09,2,-39,9.5,"{""Bat_V"": 3.57, ""Exti_pin_level"": ""Low"", ""Exti_status"": ""False"", ""IDC_intput_mA"": 5.639, ""IN1_pin_level"": ""Low"", ""IN2_pin_level"": ""Low"", ""Node_type"": ""PS-LB"", ""Probe_mod"": 0, ""VDC_intput_V"": 0, ""Water_deep_cm"": 20.488}"
2025-09-28 17:30:29.271624441+00:00,ps-lb-09,2,-43,10.0,"{""Bat_V"": 3.57, ""Exti_pin_level"": ""Low"", ""Exti_status"": ""False"", ""IDC_intput_mA"": 5.639, ""IN1_pin_level"": ""Low"", ""IN2_pin_level"": ""Low"", ""Node_type"": ""PS-LB"", ""Probe_mod"": 0, ""VDC_intput_V"": 0, ""Water_deep_cm"": 20.488}"
2025-09-28 18:30:28.560510593+00:00,ps-lb-09,2,-37,7.75,"{""Bat_V"": 3.57, ""Exti_pin_level"": ""Low"", ""Exti_status"": ""False"", ""IDC_intput_mA"": 5.639, ""IN1_pin_level"": ""Low"", ""IN2_pin_level"": ""Low"", ""Node_type"": ""PS-LB"", ""Probe_mod"": 0, ""VDC_intput_V"": 0, ""Water_deep_cm"": 20.488}"
2025-09-28 19:30:27.812724675+00:00,ps-lb-09,2,-39,10.0,"{""Bat_V"": 3.57, ""Exti_pin_level"": ""Low"", ""Exti_status"": ""False"", ""IDC_intput_mA"": 5.639, ""IN1_pin_level"": ""Low"", ""IN2_pin_level"": ""Low"", ""Node_type"": ""PS-LB"", ""Probe_mod"": 0, ""VDC_intput_V"": 0, ""Water_deep_cm"": 20.488}"
2025-09-28 20:30:27.091987983+00:00,ps-lb-09,2,-123,-7.25,"{""Bat_V"": 3.564, ""Exti_pin_level"": ""Low"", ""Exti_status"": ""False"", ""IDC_intput_mA"": 5.639, ""IN1_pin_level"": ""Low"", ""IN2_pin_level"": ""Low"", ""Node_type"": ""PS-LB"", ""Probe_mod"": 0, ""VDC_intput_V"": 0, ""Water_deep_cm"": 20.488}"
2025-09-28 21:30:26.372206509+00:00,ps-lb-09,2,-39,9.75,"{""Bat_V"": 3.57, ""Exti_pin_level"": ""Low"", ""Exti_status"": ""False"", ""IDC_intput_mA"": 5.639, ""IN1_pin_level"": ""Low"", ""IN2_pin_level"": ""Low"", ""Node_type"": ""PS-LB"", ""Probe_mod"": 0, ""VDC_intput_V"": 0, ""Water_deep_cm"": 20.488}"
2025-09-28 22:30:25.657003014+00:00,ps-lb-09,2,-41,9.5,"{""Bat_V"": 3.57, ""Exti_pin_level"": ""Low"", ""Exti_status"": ""False"", ""IDC_intput_mA"": 5.639, ""IN1_pin_level"": ""Low"", ""IN2_pin_level"": ""Low"", ""Node_type"": ""PS-LB"", ""Probe_mod"": 0, ""VDC_intput_V"": 0, ""Water_deep_cm"": 20.488}"
2025-09-28 23:30:24.941257888+00:00,ps-lb-09,2,-41,10.25,"{""Bat_V"": 3.57, ""Exti_pin_level"": ""Low"", ""Exti_status"": ""False"", ""IDC_intput_mA"": 5.639, ""IN1_pin_level"": ""Low"", ""IN2_pin_level"": ""Low"", ""Node_type"": ""PS-LB"", ""Probe_mod"": 0, ""VDC_intput_V"": 0, ""Water_deep_cm"": 20.488}"
2025-09-29 00:30:24.205888930+00:00,ps-lb-09,2,-41,10.75,"{""Bat_V"": 3.57, ""Exti_pin_level"": ""Low"", ""Exti_status"": ""False"", ""IDC_intput_mA"": 5.639, ""IN1_pin_level"": ""Low"", ""IN2_pin_level"": ""Low"", ""Node_type"": ""PS-LB"", ""Probe_mod"": 0, ""VDC_intput_V"": 0, ""Water_deep_cm"": 20.488}"
2025-09-29 01:30:23.477766610+00:00,ps-lb-09,2,-39,9.25,"{""Bat_V"": 3.57, ""Exti_pin_level"": ""Low"", ""Exti_status"": ""False"", ""IDC_intput_mA"": 5.638, ""IN1_pin_level"": ""Low"", ""IN2_pin_level"": ""Low"", ""Node_type"": ""PS-LB"", ""Probe_mod"": 0, ""VDC_intput_V"": 0, ""Water_deep_cm"": 20.475}"
2025-09-29 02:30:22.744082349+00:00,ps-lb-09,2,-37,9.0,"{""Bat_V"": 3.57, ""Exti_pin_level"": ""Low"", ""Exti_status"": ""False"", ""IDC_intput_mA"": 5.638, ""IN1_pin_level"": ""Low"", ""IN2_pin_level"": ""Low"", ""Node_type"": ""PS-LB"", ""Probe_mod"": 0, ""VDC_intput_V"": 0, ""Water_deep_cm"": 20.475}"
2025-09-29 03:30:22.033624105+00:00,ps-lb-09,2,-39,11.5,"{""Bat_V"": 3.57, ""Exti_pin_level"": ""Low"", ""Exti_status"": ""False"", ""IDC_intput_mA"": 5.638, ""IN1_pin_level"": ""Low"", ""IN2_pin_level"": ""Low"", ""Node_type"": ""PS-LB"", ""Probe_mod"": 0, ""VDC_intput_V"": 0, ""Water_deep_cm"": 20.475}"
2025-09-29 04:30:21.316592398+00:00,ps-lb-09,2,-123,-7.75,"{""Bat_V"": 3.57, ""Exti_pin_level"": ""Low"", ""Exti_status"": ""False"", ""IDC_intput_mA"": 5.638, ""IN1_pin_level"": ""Low"", ""IN2_pin_level"": ""Low"", ""Node_type"": ""PS-LB"", ""Probe_mod"": 0, ""VDC_intput_V"": 0, ""Water_deep_cm"": 20.475}"
2025-09-29 05:30:20.578790081+00:00,ps-lb-09,2,-41,9.5,"{""Bat_V"": 3.57, ""Exti_pin_level"": ""Low"", ""Exti_status"": ""False"", ""IDC_intput_mA"": 5.637, ""IN1_pin_level"": ""Low"", ""IN2_pin_level"": ""Low"", ""Node_type"": ""PS-LB"", ""Probe_mod"": 0, ""VDC_intput_V"": 0, ""Water_deep_cm"": 20.462}"
2025-09-29 06:30:19.862357320+00:00,ps-lb-09,2,-41,9.75,"{""Bat_V"": 3.57, ""Exti_pin_level"": ""Low"", ""Exti_status"": ""False"", ""IDC_intput_mA"": 5.637, ""IN1_pin_level"": ""Low"", ""IN2_pin_level"": ""Low"", ""Node_type"": ""PS-LB"", ""Probe_mod"": 0, ""VDC_intput_V"": 0, ""Water_deep_cm"": 20.462}"
2025-09-29 07:30:19.135193079+00:00,ps-lb-09,2,-41,9.75,"{""Bat_V"": 3.57, ""Exti_pin_level"": ""Low"", ""Exti_status"": ""False"", ""IDC_intput_mA"": 5.636, ""IN1_pin_level"": ""Low"", ""IN2_pin_level"": ""Low"", ""Node_type"": ""PS-LB"", ""Probe_mod"": 0, ""VDC_intput_V"": 0, ""Water_deep_cm"": 20.45}"
2025-09-29 08:30:18.417646175+00:00,ps-lb-09,2,-39,11.0,"{""Bat_V"": 3.57, ""Exti_pin_level"": ""Low"", ""Exti_status"": ""False"", ""IDC_intput_mA"": 5.636, ""IN1_pin_level"": ""Low"", ""IN2_pin_level"": ""Low"", ""Node_type"": ""PS-LB"", ""Probe_mod"": 0, ""VDC_intput_V"": 0, ""Water_deep_cm"": 20.45}"
2025-09-29 09:30:17.679707138+00:00,ps-lb-09,2,-125,-8.5,"{""Bat_V"": 3.57, ""Exti_pin_level"": ""Low"", ""Exti_status"": ""False"", ""IDC_intput_mA"": 5.636, ""IN1_pin_level"": ""Low"", ""IN2_pin_level"": ""Low"", ""Node_type"": ""PS-LB"", ""Probe_mod"": 0, ""VDC_intput_V"": 0, ""Water_deep_cm"": 20.45}"
2025-09-29 10:30:16.950827075+00:00,ps-lb-09,2,-37,7.5,"{""Bat_V"": 3.564, ""Exti_pin_level"": ""Low"", ""Exti_status"": ""False"", ""IDC_intput_mA"": 5.636, ""IN1_pin_level"": ""Low"", ""IN2_pin_level"": ""Low"", ""Node_type"": ""PS-LB"", ""Probe_mod"": 0, ""VDC_intput_V"": 0, ""Water_deep_cm"": 20.45}"
2025-09-29 11:30:16.233370047+00:00,ps-lb-09,2,-123,-8.0,"{""Bat_V"": 3.57, ""Exti_pin_level"": ""Low"", ""Exti_status"": ""False"", ""IDC_intput_mA"": 5.636, ""IN1_pin_level"": ""Low"", ""IN2_pin_level"": ""Low"", ""Node_type"": ""PS-LB"", ""Probe_mod"": 0, ""VDC_intput_V"": 0, ""Water_deep_cm"": 20.45}"
2025-09-29 12:30:15.505750401+00:00,ps-lb-09,2,-41,7.25,"{""Bat_V"": 3.57, ""Exti_pin_level"": ""Low"", ""Exti_status"": ""False"", ""IDC_intput_mA"": 5.636, ""IN1_pin_level"": ""Low"", ""IN2_pin_level"": ""Low"", ""Node_type"": ""PS-LB"", ""Probe_mod"": 0, ""VDC_intput_V"": 0, ""Water_deep_cm"": 20.45}"
2025-09-29 13:30:14.791893734+00:00,ps-lb-09,2,-39,9.25,"{""Bat_V"": 3.57, ""Exti_pin_level"": ""Low"", ""Exti_status"": ""False"", ""IDC_intput_mA"": 5.636, ""IN1_pin_level"": ""Low"", ""IN2_pin_level"": ""Low"", ""Node_type"": ""PS-LB"", ""Probe_mod"": 0, ""VDC_intput_V"": 0, ""Water_deep_cm"": 20.45}"
2025-09-29 14:30:14.074143399+00:00,ps-lb-09,2,-39,9.25,"{""Bat_V"": 3.57, ""Exti_pin_level"": ""Low"", ""Exti_status"": ""False"", ""IDC_intput_mA"": 5.637, ""IN1_pin_level"": ""Low"", ""IN2_pin_level"": ""Low"", ""Node_type"": ""PS-LB"", ""Probe_mod"": 0, ""VDC_intput_V"": 0, ""Water_deep_cm"": 20.462}"
2025-09-29 15:30:13.349653301+00:00,ps-lb-09,2,-41,9.5,"{""Bat_V"": 3.57, ""Exti_pin_level"": ""Low"", ""Exti_status"": ""False"", ""IDC_intput_mA"": 5.637, ""IN1_pin_level"": ""Low"", ""IN2_pin_level"": ""Low"", ""Node_type"": ""PS-LB"", ""Probe_mod"": 0, ""VDC_intput_V"": 0, ""Water_deep_cm"": 20.462}"
2025-09-29 16:30:12.616408518+00:00,ps-lb-09,2,-39,10.75,"{""Bat_V"": 3.57, ""Exti_pin_level"": ""Low"", ""Exti_status"": ""False"", ""IDC_intput_mA"": 5.637, ""IN1_pin_level"": ""Low"", ""IN2_pin_level"": ""Low"", ""Node_type"": ""PS-LB"", ""Probe_mod"": 0, ""VDC_intput_V"": 0, ""Water_deep_cm"": 20.462}"
2025-09-29 17:30:11.888179563+00:00,ps-lb-09,2,-41,10.5,"{""Bat_V"": 3.57, ""Exti_pin_level"": ""Low"", ""Exti_status"": ""False"", ""IDC_intput_mA"": 5.637, ""IN1_pin_level"": ""Low"", ""IN2_pin_level"": ""Low"", ""Node_type"": ""PS-LB"", ""Probe_mod"": 0, ""VDC_intput_V"": 0, ""Water_deep_cm"": 20.462}"
2025-09-29 18:30:11.166605781+00:00,ps-lb-09,2,-41,10.5,"{""Bat_V"": 3.57, ""Exti_pin_level"": ""Low"", ""Exti_status"": ""False"", ""IDC_intput_mA"": 5.637, ""IN1_pin_level"": ""Low"", ""IN2_pin_level"": ""Low"", ""Node_type"": ""PS-LB"", ""Probe_mod"": 0, ""VDC_intput_V"": 0, ""Water_deep_cm"": 20.462}"
2025-09-29 19:30:10.436909894+00:00,ps-lb-09,2,-39,7.5,"{""Bat_V"": 3.57, ""Exti_pin_level"": ""Low"", ""Exti_status"": ""False"", ""IDC_intput_mA"": 5.638, ""IN1_pin_level"": ""Low"", ""IN2_pin_level"": ""Low"", ""Node_type"": ""PS-LB"", ""Probe_mod"": 0, ""VDC_intput_V"": 0, ""Water_deep_cm"": 20.475}"
2025-09-29 20:30:09.711022536+00:00,ps-lb-09,2,-38,8.0,"{""Bat_V"": 3.57, ""Exti_pin_level"": ""Low"", ""Exti_status"": ""False"", ""IDC_intput_mA"": 5.638, ""IN1_pin_level"": ""Low"", ""IN2_pin_level"": ""Low"", ""Node_type"": ""PS-LB"", ""Probe_mod"": 0, ""VDC_intput_V"": 0, ""Water_deep_cm"": 20.475}"
2025-09-29 21:30:08.993929305+00:00,ps-lb-09,2,-41,10.0,"{""Bat_V"": 3.57, ""Exti_pin_level"": ""Low"", ""Exti_status"": ""False"", ""IDC_intput_mA"": 5.638, ""IN1_pin_level"": ""Low"", ""IN2_pin_level"": ""Low"", ""Node_type"": ""PS-LB"", ""Probe_mod"": 0, ""VDC_intput_V"": 0, ""Water_deep_cm"": 20.475}"
2025-09-29 22:30:08.255707759+00:00,ps-lb-09,2,-41,9.75,"{""Bat_V"": 3.57, ""Exti_pin_level"": ""Low"", ""Exti_status"": ""False"", ""IDC_intput_mA"": 5.638, ""IN1_pin_level"": ""Low"", ""IN2_pin_level"": ""Low"", ""Node_type"": ""PS-LB"", ""Probe_mod"": 0, ""VDC_intput_V"": 0, ""Water_deep_cm"": 20.475}"
2025-09-29 23:30:07.532619787+00:00,ps-lb-09,2,-41,10.25,"{""Bat_V"": 3.57, ""Exti_pin_level"": ""Low"", ""Exti_status"": ""False"", ""IDC_intput_mA"": 5.638, ""IN1_pin_level"": ""Low"", ""IN2_pin_level"": ""Low"", ""Node_type"": ""PS-LB"", ""Probe_mod"": 0, ""VDC_intput_V"": 0, ""Water_deep_cm"": 20.475}"
2025-09-30 00:30:06.812407434+00:00,ps-lb-09,2,-37,9.25,"{""Bat_V"": 3.57, ""Exti_pin_level"": ""Low"", ""Exti_status"": ""False"", ""IDC_intput_mA"": 5.638, ""IN1_pin_level"": ""Low"", ""IN2_pin_level"": ""Low"", ""Node_type"": ""PS-LB"", ""Probe_mod"": 0, ""VDC_intput_V"": 0, ""Water_deep_cm"": 20.475}"
2025-09-30 01:30:06.091431847+00:00,ps-lb-09,2,-41,10.0,"{""Bat_V"": 3.57, ""Exti_pin_level"": ""Low"", ""Exti_status"": ""False"", ""IDC_intput_mA"": 5.638, ""IN1_pin_level"": ""Low"", ""IN2_pin_level"": ""Low"", ""Node_type"": ""PS-LB"", ""Probe_mod"": 0, ""VDC_intput_V"": 0, ""Water_deep_cm"": 20.475}"
2025-09-30 02:30:05.349965246+00:00,ps-lb-09,2,-38,9.5,"{""Bat_V"": 3.57, ""Exti_pin_level"": ""Low"", ""Exti_status"": ""False"", ""IDC_intput_mA"": 5.638, ""IN1_pin_level"": ""Low"", ""IN2_pin_level"": ""Low"", ""Node_type"": ""PS-LB"", ""Probe_mod"": 0, ""VDC_intput_V"": 0, ""Water_deep_cm"": 20.475}"
2025-09-30 03:30:04.642272514+00:00,ps-lb-09,2,-38,7.25,"{""Bat_V"": 3.57, ""Exti_pin_level"": ""Low"", ""Exti_status"": ""False"", ""IDC_intput_mA"": 5.638, ""IN1_pin_level"": ""Low"", ""IN2_pin_level"": ""Low"", ""Node_type"": ""PS-LB"", ""Probe_mod"": 0, ""VDC_intput_V"": 0, ""Water_deep_cm"": 20.475}"
2025-09-30 04:30:03.914066701+00:00,ps-lb-09,2,-38,7.75,"{""Bat_V"": 3.57, ""Exti_pin_level"": ""Low"", ""Exti_status"": ""False"", ""IDC_intput_mA"": 5.638, ""IN1_pin_level"": ""Low"", ""IN2_pin_level"": ""Low"", ""Node_type"": ""PS-LB"", ""Probe_mod"": 0, ""VDC_intput_V"": 0, ""Water_deep_cm"": 20.475}"
2025-09-30 05:30:03.194226905+00:00,ps-lb-09,2,-38,10.25,"{""Bat_V"": 3.57, ""Exti_pin_level"": ""Low"", ""Exti_status"": ""False"", ""IDC_intput_mA"": 5.638, ""IN1_pin_level"": ""Low"", ""IN2_pin_level"": ""Low"", ""Node_type"": ""PS-LB"", ""Probe_mod"": 0, ""VDC_intput_V"": 0, ""Water_deep_cm"": 20.475}"
2025-09-30 06:30:02.466862087+00:00,ps-lb-09,2,-39,9.5,"{""Bat_V"": 3.57, ""Exti_pin_level"": ""Low"", ""Exti_status"": ""False"", ""IDC_intput_mA"": 5.638, ""IN1_pin_level"": ""Low"", ""IN2_pin_level"": ""Low"", ""Node_type"": ""PS-LB"", ""Probe_mod"": 0, ""VDC_intput_V"": 0, ""Water_deep_cm"": 20.475}"
2025-09-30 07:30:01.729541981+00:00,ps-lb-09,2,-120,-5.75,"{""Bat_V"": 3.57, ""Exti_pin_level"": ""Low"", ""Exti_status"": ""False"", ""IDC_intput_mA"": 5.639, ""IN1_pin_level"": ""Low"", ""IN2_pin_level"": ""Low"", ""Node_type"": ""PS-LB"", ""Probe_mod"": 0, ""VDC_intput_V"": 0, ""Water_deep_cm"": 20.488}"
2025-09-30 08:30:01.003771788+00:00,ps-lb-09,2,-41,9.75,"{""Bat_V"": 3.57, ""Exti_pin_level"": ""Low"", ""Exti_status"": ""False"", ""IDC_intput_mA"": 5.639, ""IN1_pin_level"": ""Low"", ""IN2_pin_level"": ""Low"", ""Node_type"": ""PS-LB"", ""Probe_mod"": 0, ""VDC_intput_V"": 0, ""Water_deep_cm"": 20.488}"
2025-09-30 09:30:00.283692713+00:00,ps-lb-09,2,-122,-8.25,"{""Bat_V"": 3.57, ""Exti_pin_level"": ""Low"", ""Exti_status"": ""False"", ""IDC_intput_mA"": 5.638, ""IN1_pin_level"": ""Low"", ""IN2_pin_level"": ""Low"", ""Node_type"": ""PS-LB"", ""Probe_mod"": 0, ""VDC_intput_V"": 0, ""Water_deep_cm"": 20.475}"
2025-09-30 10:29:59.553458008+00:00,ps-lb-09,2,-38,9.5,"{""Bat_V"": 3.57, ""Exti_pin_level"": ""Low"", ""Exti_status"": ""False"", ""IDC_intput_mA"": 5.639, ""IN1_pin_level"": ""Low"", ""IN2_pin_level"": ""Low"", ""Node_type"": ""PS-LB"", ""Probe_mod"": 0, ""VDC_intput_V"": 0, ""Water_deep_cm"": 20.488}"
2025-09-30 11:29:58.826068083+00:00,ps-lb-09,2,-39,7.75,"{""Bat_V"": 3.57, ""Exti_pin_level"": ""Low"", ""Exti_status"": ""False"", ""IDC_intput_mA"": 5.638, ""IN1_pin_level"": ""Low"", ""IN2_pin_level"": ""Low"", ""Node_type"": ""PS-LB"", ""Probe_mod"": 0, ""VDC_intput_V"": 0, ""Water_deep_cm"": 20.475}"
2025-09-30 12:29:58.100991896+00:00,ps-lb-09,2,-41,9.5,"{""Bat_V"": 3.57, ""Exti_pin_level"": ""Low"", ""Exti_status"": ""False"", ""IDC_intput_mA"": 4.192, ""IN1_pin_level"": ""Low"", ""IN2_pin_level"": ""Low"", ""Node_type"": ""PS-LB"", ""Probe_mod"": 0, ""VDC_intput_V"": 0, ""Water_deep_cm"": 2.4}"
2025-09-30 13:29:57.377434189+00:00,ps-lb-09,2,-118,-1.5,"{""Bat_V"": 3.57, ""Exti_pin_level"": ""Low"", ""Exti_status"": ""False"", ""IDC_intput_mA"": 4.191, ""IN1_pin_level"": ""Low"", ""IN2_pin_level"": ""Low"", ""Node_type"": ""PS-LB"", ""Probe_mod"": 0, ""VDC_intput_V"": 0, ""Water_deep_cm"": 2.387}"
2025-09-30 14:29:56.649672155+00:00,ps-lb-09,2,-83,9.25,"{""Bat_V"": 3.57, ""Exti_pin_level"": ""Low"", ""Exti_status"": ""False"", ""IDC_intput_mA"": 4.198, ""IN1_pin_level"": ""Low"", ""IN2_pin_level"": ""Low"", ""Node_type"": ""PS-LB"", ""Probe_mod"": 0, ""VDC_intput_V"": 0, ""Water_deep_cm"": 2.475}"
2025-09-30 15:29:55.948201059+00:00,ps-lb-09,2,-85,6.5,"{""Bat_V"": 3.57, ""Exti_pin_level"": ""Low"", ""Exti_status"": ""False"", ""IDC_intput_mA"": 4.205, ""IN1_pin_level"": ""Low"", ""IN2_pin_level"": ""Low"", ""Node_type"": ""PS-LB"", ""Probe_mod"": 0, ""VDC_intput_V"": 0, ""Water_deep_cm"": 2.563}"
2025-09-30 16:29:55.196770416+00:00,ps-lb-09,2,-85,9.25,"{""Bat_V"": 3.57, ""Exti_pin_level"": ""Low"", ""Exti_status"": ""False"", ""IDC_intput_mA"": 4.205, ""IN1_pin_level"": ""Low"", ""IN2_pin_level"": ""Low"", ""Node_type"": ""PS-LB"", ""Probe_mod"": 0, ""VDC_intput_V"": 0, ""Water_deep_cm"": 2.563}"
2025-09-30 17:29:54.466484040+00:00,ps-lb-09,2,-85,9.25,"{""Bat_V"": 3.57, ""Exti_pin_level"": ""Low"", ""Exti_status"": ""False"", ""IDC_intput_mA"": 4.205, ""IN1_pin_level"": ""Low"", ""IN2_pin_level"": ""Low"", ""Node_type"": ""PS-LB"", ""Probe_mod"": 0, ""VDC_intput_V"": 0, ""Water_deep_cm"": 2.563}"
2025-09-30 18:29:53.739549427+00:00,ps-lb-09,2,-81,9.25,"{""Bat_V"": 3.57, ""Exti_pin_level"": ""Low"", ""Exti_status"": ""False"", ""IDC_intput_mA"": 4.205, ""IN1_pin_level"": ""Low"", ""IN2_pin_level"": ""Low"", ""Node_type"": ""PS-LB"", ""Probe_mod"": 0, ""VDC_intput_V"": 0, ""Water_deep_cm"": 2.563}"
2025-09-30 19:29:52.999211019+00:00,ps-lb-09,2,-83,7.25,"{""Bat_V"": 3.57, ""Exti_pin_level"": ""Low"", ""Exti_status"": ""False"", ""IDC_intput_mA"": 4.205, ""IN1_pin_level"": ""Low"", ""IN2_pin_level"": ""Low"", ""Node_type"": ""PS-LB"", ""Probe_mod"": 0, ""VDC_intput_V"": 0, ""Water_deep_cm"": 2.563}"
2025-09-30 20:29:52.262727317+00:00,ps-lb-09,2,-83,9.75,"{""Bat_V"": 3.57, ""Exti_pin_level"": ""Low"", ""Exti_status"": ""False"", ""IDC_intput_mA"": 4.205, ""IN1_pin_level"": ""Low"", ""IN2_pin_level"": ""Low"", ""Node_type"": ""PS-LB"", ""Probe_mod"": 0, ""VDC_intput_V"": 0, ""Water_deep_cm"": 2.563}"
2025-09-30 21:29:51.560848230+00:00,ps-lb-09,2,-83,8.5,"{""Bat_V"": 3.57, ""Exti_pin_level"": ""Low"", ""Exti_status"": ""False"", ""IDC_intput_mA"": 4.205, ""IN1_pin_level"": ""Low"", ""IN2_pin_level"": ""Low"", ""Node_type"": ""PS-LB"", ""Probe_mod"": 0, ""VDC_intput_V"": 0, ""Water_deep_cm"": 2.563}"
2025-09-30 22:29:50.820806039+00:00,ps-lb-09,2,-84,8.75,"{""Bat_V"": 3.57, ""Exti_pin_level"": ""Low"", ""Exti_status"": ""False"", ""IDC_intput_mA"": 4.204, ""IN1_pin_level"": ""Low"", ""IN2_pin_level"": ""Low"", ""Node_type"": ""PS-LB"", ""Probe_mod"": 0, ""VDC_intput_V"": 0, ""Water_deep_cm"": 2.55}"
2025-09-30 23:29:50.083915634+00:00,ps-lb-09,2,-85,10.0,"{""Bat_V"": 3.57, ""Exti_pin_level"": ""Low"", ""Exti_status"": ""False"", ""IDC_intput_mA"": 4.204, ""IN1_pin_level"": ""Low"", ""IN2_pin_level"": ""Low"", ""Node_type"": ""PS-LB"", ""Probe_mod"": 0, ""VDC_intput_V"": 0, ""Water_deep_cm"": 2.55}"
2025-10-01 00:29:49.358300163+00:00,ps-lb-09,2,-85,9.75,"{""Bat_V"": 3.57, ""Exti_pin_level"": ""Low"", ""Exti_status"": ""False"", ""IDC_intput_mA"": 4.203, ""IN1_pin_level"": ""Low"", ""IN2_pin_level"": ""Low"", ""Node_type"": ""PS-LB"", ""Probe_mod"": 0, ""VDC_intput_V"": 0, ""Water_deep_cm"": 2.538}"
2025-10-01 01:29:48.631102393+00:00,ps-lb-09,2,-83,8.75,"{""Bat_V"": 3.57, ""Exti_pin_level"": ""Low"", ""Exti_status"": ""False"", ""IDC_intput_mA"": 4.203, ""IN1_pin_level"": ""Low"", ""IN2_pin_level"": ""Low"", ""Node_type"": ""PS-LB"", ""Probe_mod"": 0, ""VDC_intput_V"": 0, ""Water_deep_cm"": 2.538}"
2025-10-01 02:29:47.917549704+00:00,ps-lb-09,2,-80,8.75,"{""Bat_V"": 3.57, ""Exti_pin_level"": ""Low"", ""Exti_status"": ""False"", ""IDC_intput_mA"": 4.204, ""IN1_pin_level"": ""Low"", ""IN2_pin_level"": ""Low"", ""Node_type"": ""PS-LB"", ""Probe_mod"": 0, ""VDC_intput_V"": 0, ""Water_deep_cm"": 2.55}"
2025-10-01 03:29:47.185765348+00:00,ps-lb-09,2,-83,8.25,"{""Bat_V"": 3.57, ""Exti_pin_level"": ""Low"", ""Exti_status"": ""False"", ""IDC_intput_mA"": 4.204, ""IN1_pin_level"": ""Low"", ""IN2_pin_level"": ""Low"", ""Node_type"": ""PS-LB"", ""Probe_mod"": 0, ""VDC_intput_V"": 0, ""Water_deep_cm"": 2.55}"
2025-10-01 04:29:46.443908707+00:00,ps-lb-09,2,-85,9.0,"{""Bat_V"": 3.57, ""Exti_pin_level"": ""Low"", ""Exti_status"": ""False"", ""IDC_intput_mA"": 4.204, ""IN1_pin_level"": ""Low"", ""IN2_pin_level"": ""Low"", ""Node_type"": ""PS-LB"", ""Probe_mod"": 0, ""VDC_intput_V"": 0, ""Water_deep_cm"": 2.55}"
2025-10-01 05:29:45.733902981+00:00,ps-lb-09,2,-83,9.5,"{""Bat_V"": 3.57, ""Exti_pin_level"": ""Low"", ""Exti_status"": ""False"", ""IDC_intput_mA"": 4.204, ""IN1_pin_level"": ""Low"", ""IN2_pin_level"": ""Low"", ""Node_type"": ""PS-LB"", ""Probe_mod"": 0, ""VDC_intput_V"": 0, ""Water_deep_cm"": 2.55}"
2025-10-01 06:29:44.979460275+00:00,ps-lb-09,2,-75,9.25,"{""Bat_V"": 3.57, ""Exti_pin_level"": ""Low"", ""Exti_status"": ""False"", ""IDC_intput_mA"": 4.199, ""IN1_pin_level"": ""Low"", ""IN2_pin_level"": ""Low"", ""Node_type"": ""PS-LB"", ""Probe_mod"": 0, ""VDC_intput_V"": 0, ""Water_deep_cm"": 2.487}"
2025-10-01 07:29:44.280422927+00:00,ps-lb-09,2,-81,9.25,"{""Bat_V"": 3.564, ""Exti_pin_level"": ""Low"", ""Exti_status"": ""False"", ""IDC_intput_mA"": 7.759, ""IN1_pin_level"": ""Low"", ""IN2_pin_level"": ""Low"", ""Node_type"": ""PS-LB"", ""Probe_mod"": 0, ""VDC_intput_V"": 0, ""Water_deep_cm"": 46.988}"
2025-10-01 08:29:43.587628425+00:00,ps-lb-09,2,-106,8.0,"{""Bat_V"": 3.564, ""Exti_pin_level"": ""Low"", ""Exti_status"": ""False"", ""IDC_intput_mA"": 7.758, ""IN1_pin_level"": ""Low"", ""IN2_pin_level"": ""Low"", ""Node_type"": ""PS-LB"", ""Probe_mod"": 0, ""VDC_intput_V"": 0, ""Water_deep_cm"": 46.975}"
2025-10-01 09:29:42.871957651+00:00,ps-lb-09,2,-77,9.0,"{""Bat_V"": 3.57, ""Exti_pin_level"": ""Low"", ""Exti_status"": ""False"", ""IDC_intput_mA"": 7.756, ""IN1_pin_level"": ""Low"", ""IN2_pin_level"": ""Low"", ""Node_type"": ""PS-LB"", ""Probe_mod"": 0, ""VDC_intput_V"": 0, ""Water_deep_cm"": 46.95}"
2025-10-01 10:29:42.170016523+00:00,ps-lb-09,2,-79,9.0,"{""Bat_V"": 3.564, ""Exti_pin_level"": ""Low"", ""Exti_status"": ""False"", ""IDC_intput_mA"": 7.758, ""IN1_pin_level"": ""Low"", ""IN2_pin_level"": ""Low"", ""Node_type"": ""PS-LB"", ""Probe_mod"": 0, ""VDC_intput_V"": 0, ""Water_deep_cm"": 46.975}"
2025-10-01 11:29:41.458412637+00:00,ps-lb-09,2,-79,7.0,"{""Bat_V"": 3.564, ""Exti_pin_level"": ""Low"", ""Exti_status"": ""False"", ""IDC_intput_mA"": 7.75, ""IN1_pin_level"": ""Low"", ""IN2_pin_level"": ""Low"", ""Node_type"": ""PS-LB"", ""Probe_mod"": 0, ""VDC_intput_V"": 0, ""Water_deep_cm"": 46.875}"
2025-10-01 12:29:40.749776540+00:00,ps-lb-09,2,-80,9.5,"{""Bat_V"": 3.57, ""Exti_pin_level"": ""Low"", ""Exti_status"": ""False"", ""IDC_intput_mA"": 7.741, ""IN1_pin_level"": ""Low"", ""IN2_pin_level"": ""Low"", ""Node_type"": ""PS-LB"", ""Probe_mod"": 0, ""VDC_intput_V"": 0, ""Water_deep_cm"": 46.762}"
2025-10-01 13:29:40.039308985+00:00,ps-lb-09,2,-81,8.75,"{""Bat_V"": 3.564, ""Exti_pin_level"": ""Low"", ""Exti_status"": ""False"", ""IDC_intput_mA"": 7.78, ""IN1_pin_level"": ""Low"", ""IN2_pin_level"": ""Low"", ""Node_type"": ""PS-LB"", ""Probe_mod"": 0, ""VDC_intput_V"": 0, ""Water_deep_cm"": 47.25}"
2025-10-01 14:29:39.322985947+00:00,ps-lb-09,2,-108,-1.75,"{""Bat_V"": 3.564, ""Exti_pin_level"": ""Low"", ""Exti_status"": ""False"", ""IDC_intput_mA"": 7.801, ""IN1_pin_level"": ""Low"", ""IN2_pin_level"": ""Low"", ""Node_type"": ""PS-LB"", ""Probe_mod"": 0, ""VDC_intput_V"": 0, ""Water_deep_cm"": 47.513}"
2025-10-01 15:29:38.593770665+00:00,ps-lb-09,2,-80,8.75,"{""Bat_V"": 3.564, ""Exti_pin_level"": ""Low"", ""Exti_status"": ""False"", ""IDC_intput_mA"": 7.792, ""IN1_pin_level"": ""Low"", ""IN2_pin_level"": ""Low"", ""Node_type"": ""PS-LB"", ""Probe_mod"": 0, ""VDC_intput_V"": 0, ""Water_deep_cm"": 47.4}"
2025-10-01 16:29:37.851625027+00:00,ps-lb-09,2,-118,-5.0,"{""Bat_V"": 3.564, ""Exti_pin_level"": ""Low"", ""Exti_status"": ""False"", ""IDC_intput_mA"": 7.79, ""IN1_pin_level"": ""Low"", ""IN2_pin_level"": ""Low"", ""Node_type"": ""PS-LB"", ""Probe_mod"": 0, ""VDC_intput_V"": 0, ""Water_deep_cm"": 47.375}"
2025-10-01 17:29:37.180674624+00:00,ps-lb-09,2,-121,-6.0,"{""Bat_V"": 3.564, ""Exti_pin_level"": ""Low"", ""Exti_status"": ""False"", ""IDC_intput_mA"": 4.165, ""IN1_pin_level"": ""Low"", ""IN2_pin_level"": ""Low"", ""Node_type"": ""PS-LB"", ""Probe_mod"": 0, ""VDC_intput_V"": 0, ""Water_deep_cm"": 2.063}"
2025-10-01 18:29:36.438045143+00:00,ps-lb-09,2,-86,6.75,"{""Bat_V"": 3.57, ""Exti_pin_level"": ""Low"", ""Exti_status"": ""False"", ""IDC_intput_mA"": 4.183, ""IN1_pin_level"": ""Low"", ""IN2_pin_level"": ""Low"", ""Node_type"": ""PS-LB"", ""Probe_mod"": 0, ""VDC_intput_V"": 0, ""Water_deep_cm"": 2.287}"
2025-10-01 19:29:35.712411205+00:00,ps-lb-09,2,-121,-6.0,"{""Bat_V"": 3.564, ""Exti_pin_level"": ""Low"", ""Exti_status"": ""False"", ""IDC_intput_mA"": 4.188, ""IN1_pin_level"": ""Low"", ""IN2_pin_level"": ""Low"", ""Node_type"": ""PS-LB"", ""Probe_mod"": 0, ""VDC_intput_V"": 0, ""Water_deep_cm"": 2.35}"
2025-10-01 20:29:34.989188879+00:00,ps-lb-09,2,-86,6.0,"{""Bat_V"": 3.57, ""Exti_pin_level"": ""Low"", ""Exti_status"": ""False"", ""IDC_intput_mA"": 4.191, ""IN1_pin_level"": ""Low"", ""IN2_pin_level"": ""Low"", ""Node_type"": ""PS-LB"", ""Probe_mod"": 0, ""VDC_intput_V"": 0, ""Water_deep_cm"": 2.387}"
2025-10-01 21:29:34.262695514+00:00,ps-lb-09,2,-83,8.75,"{""Bat_V"": 3.57, ""Exti_pin_level"": ""Low"", ""Exti_status"": ""False"", ""IDC_intput_mA"": 4.193, ""IN1_pin_level"": ""Low"", ""IN2_pin_level"": ""Low"", ""Node_type"": ""PS-LB"", ""Probe_mod"": 0, ""VDC_intput_V"": 0, ""Water_deep_cm"": 2.412}"
2025-10-01 22:29:33.524732345+00:00,ps-lb-09,2,-86,7.5,"{""Bat_V"": 3.57, ""Exti_pin_level"": ""Low"", ""Exti_status"": ""False"", ""IDC_intput_mA"": 4.194, ""IN1_pin_level"": ""Low"", ""IN2_pin_level"": ""Low"", ""Node_type"": ""PS-LB"", ""Probe_mod"": 0, ""VDC_intput_V"": 0, ""Water_deep_cm"": 2.425}"
2025-10-01 23:29:32.807027025+00:00,ps-lb-09,2,-86,6.75,"{""Bat_V"": 3.57, ""Exti_pin_level"": ""Low"", ""Exti_status"": ""False"", ""IDC_intput_mA"": 4.194, ""IN1_pin_level"": ""Low"", ""IN2_pin_level"": ""Low"", ""Node_type"": ""PS-LB"", ""Probe_mod"": 0, ""VDC_intput_V"": 0, ""Water_deep_cm"": 2.425}"
2025-10-02 00:29:32.103224835+00:00,ps-lb-09,2,-82,7.5,"{""Bat_V"": 3.57, ""Exti_pin_level"": ""Low"", ""Exti_status"": ""False"", ""IDC_intput_mA"": 4.194, ""IN1_pin_level"": ""Low"", ""IN2_pin_level"": ""Low"", ""Node_type"": ""PS-LB"", ""Probe_mod"": 0, ""VDC_intput_V"": 0, ""Water_deep_cm"": 2.425}"
2025-10-02 01:29:31.359085042+00:00,ps-lb-09,2,-84,7.75,"{""Bat_V"": 3.57, ""Exti_pin_level"": ""Low"", ""Exti_status"": ""False"", ""IDC_intput_mA"": 4.194, ""IN1_pin_level"": ""Low"", ""IN2_pin_level"": ""Low"", ""Node_type"": ""PS-LB"", ""Probe_mod"": 0, ""VDC_intput_V"": 0, ""Water_deep_cm"": 2.425}"
2025-10-02 02:29:30.657882364+00:00,ps-lb-09,2,-75,3.75,"{""Bat_V"": 3.57, ""Exti_pin_level"": ""Low"", ""Exti_status"": ""False"", ""IDC_intput_mA"": 4.194, ""IN1_pin_level"": ""Low"", ""IN2_pin_level"": ""Low"", ""Node_type"": ""PS-LB"", ""Probe_mod"": 0, ""VDC_intput_V"": 0, ""Water_deep_cm"": 2.425}"
2025-10-02 03:29:29.911812550+00:00,ps-lb-09,2,-85,6.25,"{""Bat_V"": 3.57, ""Exti_pin_level"": ""Low"", ""Exti_status"": ""False"", ""IDC_intput_mA"": 4.194, ""IN1_pin_level"": ""Low"", ""IN2_pin_level"": ""Low"", ""Node_type"": ""PS-LB"", ""Probe_mod"": 0, ""VDC_intput_V"": 0, ""Water_deep_cm"": 2.425}"
2025-10-02 04:29:29.199594689+00:00,ps-lb-09,2,-118,-2.75,"{""Bat_V"": 3.57, ""Exti_pin_level"": ""Low"", ""Exti_status"": ""False"", ""IDC_intput_mA"": 4.194, ""IN1_pin_level"": ""Low"", ""IN2_pin_level"": ""Low"", ""Node_type"": ""PS-LB"", ""Probe_mod"": 0, ""VDC_intput_V"": 0, ""Water_deep_cm"": 2.425}"
2025-10-02 05:29:28.460916805+00:00,ps-lb-09,2,-85,8.25,"{""Bat_V"": 3.57, ""Exti_pin_level"": ""Low"", ""Exti_status"": ""False"", ""IDC_intput_mA"": 4.194, ""IN1_pin_level"": ""Low"", ""IN2_pin_level"": ""Low"", ""Node_type"": ""PS-LB"", ""Probe_mod"": 0, ""VDC_intput_V"": 0, ""Water_deep_cm"": 2.425}"
2025-10-02 06:29:27.718481245+00:00,ps-lb-09,2,-115,-4.0,"{""Bat_V"": 3.57, ""Exti_pin_level"": ""Low"", ""Exti_status"": ""False"", ""IDC_intput_mA"": 4.195, ""IN1_pin_level"": ""Low"", ""IN2_pin_level"": ""Low"", ""Node_type"": ""PS-LB"", ""Probe_mod"": 0, ""VDC_intput_V"": 0, ""Water_deep_cm"": 2.438}"
2025-10-02 07:29:27.027195089+00:00,ps-lb-09,2,-80,8.75,"{""Bat_V"": 3.564, ""Exti_pin_level"": ""Low"", ""Exti_status"": ""False"", ""IDC_intput_mA"": 7.721, ""IN1_pin_level"": ""Low"", ""IN2_pin_level"": ""Low"", ""Node_type"": ""PS-LB"", ""Probe_mod"": 0, ""VDC_intput_V"": 0, ""Water_deep_cm"": 46.513}"
2025-10-02 08:29:26.346484936+00:00,ps-lb-09,2,-106,8.25,"{""Bat_V"": 3.564, ""Exti_pin_level"": ""Low"", ""Exti_status"": ""False"", ""IDC_intput_mA"": 7.72, ""IN1_pin_level"": ""Low"", ""IN2_pin_level"": ""Low"", ""Node_type"": ""PS-LB"", ""Probe_mod"": 0, ""VDC_intput_V"": 0, ""Water_deep_cm"": 46.5}"
2025-10-02 09:29:25.632172026+00:00,ps-lb-09,2,-106,7.0,"{""Bat_V"": 3.564, ""Exti_pin_level"": ""Low"", ""Exti_status"": ""False"", ""IDC_intput_mA"": 7.726, ""IN1_pin_level"": ""Low"", ""IN2_pin_level"": ""Low"", ""Node_type"": ""PS-LB"", ""Probe_mod"": 0, ""VDC_intput_V"": 0, ""Water_deep_cm"": 46.575}"
2025-10-02 10:29:24.948806732+00:00,ps-lb-09,2,-81,9.25,"{""Bat_V"": 3.564, ""Exti_pin_level"": ""Low"", ""Exti_status"": ""False"", ""IDC_intput_mA"": 7.726, ""IN1_pin_level"": ""Low"", ""IN2_pin_level"": ""Low"", ""Node_type"": ""PS-LB"", ""Probe_mod"": 0, ""VDC_intput_V"": 0, ""Water_deep_cm"": 46.575}"
2025-10-02 11:29:24.241829155+00:00,ps-lb-09,2,-105,2.0,"{""Bat_V"": 3.564, ""Exti_pin_level"": ""Low"", ""Exti_status"": ""False"", ""IDC_intput_mA"": 7.727, ""IN1_pin_level"": ""Low"", ""IN2_pin_level"": ""Low"", ""Node_type"": ""PS-LB"", ""Probe_mod"": 0, ""VDC_intput_V"": 0, ""Water_deep_cm"": 46.588}"
2025-10-02 12:29:23.509933420+00:00,ps-lb-09,2,-83,7.5,"{""Bat_V"": 3.564, ""Exti_pin_level"": ""Low"", ""Exti_status"": ""False"", ""IDC_intput_mA"": 7.779, ""IN1_pin_level"": ""Low"", ""IN2_pin_level"": ""Low"", ""Node_type"": ""PS-LB"", ""Probe_mod"": 0, ""VDC_intput_V"": 0, ""Water_deep_cm"": 47.237}"
2025-10-02 13:29:22.808491120+00:00,ps-lb-09,2,-81,9.0,"{""Bat_V"": 3.564, ""Exti_pin_level"": ""Low"", ""Exti_status"": ""False"", ""IDC_intput_mA"": 7.778, ""IN1_pin_level"": ""Low"", ""IN2_pin_level"": ""Low"", ""Node_type"": ""PS-LB"", ""Probe_mod"": 0, ""VDC_intput_V"": 0, ""Water_deep_cm"": 47.225}"
2025-10-02 14:29:22.071135086+00:00,ps-lb-09,2,-102,8.0,"{""Bat_V"": 3.57, ""Exti_pin_level"": ""Low"", ""Exti_status"": ""False"", ""IDC_intput_mA"": 7.776, ""IN1_pin_level"": ""Low"", ""IN2_pin_level"": ""Low"", ""Node_type"": ""PS-LB"", ""Probe_mod"": 0, ""VDC_intput_V"": 0, ""Water_deep_cm"": 47.2}"
2025-10-02 15:29:21.376410361+00:00,ps-lb-09,2,-81,9.0,"{""Bat_V"": 3.564, ""Exti_pin_level"": ""Low"", ""Exti_status"": ""False"", ""IDC_intput_mA"": 7.775, ""IN1_pin_level"": ""Low"", ""IN2_pin_level"": ""Low"", ""Node_type"": ""PS-LB"", ""Probe_mod"": 0, ""VDC_intput_V"": 0, ""Water_deep_cm"": 47.188}"
2025-10-02 16:29:20.650409437+00:00,ps-lb-09,2,-93,5.0,"{""Bat_V"": 3.57, ""Exti_pin_level"": ""Low"", ""Exti_status"": ""False"", ""IDC_intput_mA"": 4.166, ""IN1_pin_level"": ""Low"", ""IN2_pin_level"": ""Low"", ""Node_type"": ""PS-LB"", ""Probe_mod"": 0, ""VDC_intput_V"": 0, ""Water_deep_cm"": 2.075}"
2025-10-02 17:29:19.932464411+00:00,ps-lb-09,2,-94,2.0,"{""Bat_V"": 3.57, ""Exti_pin_level"": ""Low"", ""Exti_status"": ""False"", ""IDC_intput_mA"": 4.185, ""IN1_pin_level"": ""Low"", ""IN2_pin_level"": ""Low"", ""Node_type"": ""PS-LB"", ""Probe_mod"": 0, ""VDC_intput_V"": 0, ""Water_deep_cm"": 2.312}"
2025-10-02 18:29:19.182808449+00:00,ps-lb-09,2,-93,4.75,"{""Bat_V"": 3.57, ""Exti_pin_level"": ""Low"", ""Exti_status"": ""False"", ""IDC_intput_mA"": 4.19, ""IN1_pin_level"": ""Low"", ""IN2_pin_level"": ""Low"", ""Node_type"": ""PS-LB"", ""Probe_mod"": 0, ""VDC_intput_V"": 0, ""Water_deep_cm"": 2.375}"
2025-10-02 19:29:18.473874112+00:00,ps-lb-09,2,-93,4.25,"{""Bat_V"": 3.57, ""Exti_pin_level"": ""Low"", ""Exti_status"": ""False"", ""IDC_intput_mA"": 4.193, ""IN1_pin_level"": ""Low"", ""IN2_pin_level"": ""Low"", ""Node_type"": ""PS-LB"", ""Probe_mod"": 0, ""VDC_intput_V"": 0, ""Water_deep_cm"": 2.412}"
2025-10-02 20:29:17.733989536+00:00,ps-lb-09,2,-93,6.0,"{""Bat_V"": 3.57, ""Exti_pin_level"": ""Low"", ""Exti_status"": ""False"", ""IDC_intput_mA"": 4.194, ""IN1_pin_level"": ""Low"", ""IN2_pin_level"": ""Low"", ""Node_type"": ""PS-LB"", ""Probe_mod"": 0, ""VDC_intput_V"": 0, ""Water_deep_cm"": 2.425}"
2025-10-02 21:29:17.014575174+00:00,ps-lb-09,2,-92,6.25,"{""Bat_V"": 3.57, ""Exti_pin_level"": ""Low"", ""Exti_status"": ""False"", ""IDC_intput_mA"": 4.195, ""IN1_pin_level"": ""Low"", ""IN2_pin_level"": ""Low"", ""Node_type"": ""PS-LB"", ""Probe_mod"": 0, ""VDC_intput_V"": 0, ""Water_deep_cm"": 2.438}"
2025-10-02 22:29:16.292310379+00:00,ps-lb-09,2,-95,4.5,"{""Bat_V"": 3.57, ""Exti_pin_level"": ""Low"", ""Exti_status"": ""False"", ""IDC_intput_mA"": 4.194, ""IN1_pin_level"": ""Low"", ""IN2_pin_level"": ""Low"", ""Node_type"": ""PS-LB"", ""Probe_mod"": 0, ""VDC_intput_V"": 0, ""Water_deep_cm"": 2.425}"
2025-10-02 23:29:15.560770414+00:00,ps-lb-09,2,-93,4.25,"{""Bat_V"": 3.57, ""Exti_pin_level"": ""Low"", ""Exti_status"": ""False"", ""IDC_intput_mA"": 4.195, ""IN1_pin_level"": ""Low"", ""IN2_pin_level"": ""Low"", ""Node_type"": ""PS-LB"", ""Probe_mod"": 0, ""VDC_intput_V"": 0, ""Water_deep_cm"": 2.438}"
2025-10-03 00:29:14.820964354+00:00,ps-lb-09,2,-92,0.25,"{""Bat_V"": 3.57, ""Exti_pin_level"": ""Low"", ""Exti_status"": ""False"", ""IDC_intput_mA"": 4.195, ""IN1_pin_level"": ""Low"", ""IN2_pin_level"": ""Low"", ""Node_type"": ""PS-LB"", ""Probe_mod"": 0, ""VDC_intput_V"": 0, ""Water_deep_cm"": 2.438}"
2025-10-03 01:29:14.101105671+00:00,ps-lb-09,2,-117,-1.0,"{""Bat_V"": 3.57, ""Exti_pin_level"": ""Low"", ""Exti_status"": ""False"", ""IDC_intput_mA"": 4.195, ""IN1_pin_level"": ""Low"", ""IN2_pin_level"": ""Low"", ""Node_type"": ""PS-LB"", ""Probe_mod"": 0, ""VDC_intput_V"": 0, ""Water_deep_cm"": 2.438}"
2025-10-03 02:29:13.374455486+00:00,ps-lb-09,2,-90,6.25,"{""Bat_V"": 3.57, ""Exti_pin_level"": ""Low"", ""Exti_status"": ""False"", ""IDC_intput_mA"": 4.195, ""IN1_pin_level"": ""Low"", ""IN2_pin_level"": ""Low"", ""Node_type"": ""PS-LB"", ""Probe_mod"": 0, ""VDC_intput_V"": 0, ""Water_deep_cm"": 2.438}"
2025-10-03 03:29:12.621767711+00:00,ps-lb-09,2,-122,-7.0,"{""Bat_V"": 3.57, ""Exti_pin_level"": ""Low"", ""Exti_status"": ""False"", ""IDC_intput_mA"": 4.194, ""IN1_pin_level"": ""Low"", ""IN2_pin_level"": ""Low"", ""Node_type"": ""PS-LB"", ""Probe_mod"": 0, ""VDC_intput_V"": 0, ""Water_deep_cm"": 2.425}"
2025-10-03 04:29:11.897852679+00:00,ps-lb-09,2,-95,3.75,"{""Bat_V"": 3.57, ""Exti_pin_level"": ""Low"", ""Exti_status"": ""False"", ""IDC_intput_mA"": 4.194, ""IN1_pin_level"": ""Low"", ""IN2_pin_level"": ""Low"", ""Node_type"": ""PS-LB"", ""Probe_mod"": 0, ""VDC_intput_V"": 0, ""Water_deep_cm"": 2.425}"
2025-10-03 05:29:11.182455647+00:00,ps-lb-09,2,-92,5.75,"{""Bat_V"": 3.57, ""Exti_pin_level"": ""Low"", ""Exti_status"": ""False"", ""IDC_intput_mA"": 4.194, ""IN1_pin_level"": ""Low"", ""IN2_pin_level"": ""Low"", ""Node_type"": ""PS-LB"", ""Probe_mod"": 0, ""VDC_intput_V"": 0, ""Water_deep_cm"": 2.425}"
2025-10-03 06:29:10.437445127+00:00,ps-lb-09,2,-93,8.0,"{""Bat_V"": 3.57, ""Exti_pin_level"": ""Low"", ""Exti_status"": ""False"", ""IDC_intput_mA"": 4.194, ""IN1_pin_level"": ""Low"", ""IN2_pin_level"": ""Low"", ""Node_type"": ""PS-LB"", ""Probe_mod"": 0, ""VDC_intput_V"": 0, ""Water_deep_cm"": 2.425}"
2025-10-03 07:29:09.720328797+00:00,ps-lb-09,2,-93,7.5,"{""Bat_V"": 3.57, ""Exti_pin_level"": ""Low"", ""Exti_status"": ""False"", ""IDC_intput_mA"": 4.194, ""IN1_pin_level"": ""Low"", ""IN2_pin_level"": ""Low"", ""Node_type"": ""PS-LB"", ""Probe_mod"": 0, ""VDC_intput_V"": 0, ""Water_deep_cm"": 2.425}"
2025-10-03 08:29:08.995430819+00:00,ps-lb-09,2,-92,2.25,"{""Bat_V"": 3.57, ""Exti_pin_level"": ""Low"", ""Exti_status"": ""False"", ""IDC_intput_mA"": 4.194, ""IN1_pin_level"": ""Low"", ""IN2_pin_level"": ""Low"", ""Node_type"": ""PS-LB"", ""Probe_mod"": 0, ""VDC_intput_V"": 0, ""Water_deep_cm"": 2.425}"
2025-10-03 09:29:08.258187500+00:00,ps-lb-09,2,-117,-2.75,"{""Bat_V"": 3.57, ""Exti_pin_level"": ""Low"", ""Exti_status"": ""False"", ""IDC_intput_mA"": 4.194, ""IN1_pin_level"": ""Low"", ""IN2_pin_level"": ""Low"", ""Node_type"": ""PS-LB"", ""Probe_mod"": 0, ""VDC_intput_V"": 0, ""Water_deep_cm"": 2.425}"
2025-10-03 10:29:07.519091049+00:00,ps-lb-09,2,-123,-8.0,"{""Bat_V"": 3.57, ""Exti_pin_level"": ""Low"", ""Exti_status"": ""False"", ""IDC_intput_mA"": 4.194, ""IN1_pin_level"": ""Low"", ""IN2_pin_level"": ""Low"", ""Node_type"": ""PS-LB"", ""Probe_mod"": 0, ""VDC_intput_V"": 0, ""Water_deep_cm"": 2.425}"
2025-10-03 11:29:06.809621527+00:00,ps-lb-09,2,-89,2.75,"{""Bat_V"": 3.57, ""Exti_pin_level"": ""Low"", ""Exti_status"": ""False"", ""IDC_intput_mA"": 4.194, ""IN1_pin_level"": ""Low"", ""IN2_pin_level"": ""Low"", ""Node_type"": ""PS-LB"", ""Probe_mod"": 0, ""VDC_intput_V"": 0, ""Water_deep_cm"": 2.425}"
2025-10-03 12:29:06.071501450+00:00,ps-lb-09,2,-124,-8.0,"{""Bat_V"": 3.57, ""Exti_pin_level"": ""Low"", ""Exti_status"": ""False"", ""IDC_intput_mA"": 4.194, ""IN1_pin_level"": ""Low"", ""IN2_pin_level"": ""Low"", ""Node_type"": ""PS-LB"", ""Probe_mod"": 0, ""VDC_intput_V"": 0, ""Water_deep_cm"": 2.425}"
2025-10-03 13:29:05.333044988+00:00,ps-lb-09,2,-124,-8.5,"{""Bat_V"": 3.57, ""Exti_pin_level"": ""Low"", ""Exti_status"": ""False"", ""IDC_intput_mA"": 4.194, ""IN1_pin_level"": ""Low"", ""IN2_pin_level"": ""Low"", ""Node_type"": ""PS-LB"", ""Probe_mod"": 0, ""VDC_intput_V"": 0, ""Water_deep_cm"": 2.425}"
2025-10-03 14:29:04.603980521+00:00,ps-lb-09,2,-96,4.0,"{""Bat_V"": 3.576, ""Exti_pin_level"": ""Low"", ""Exti_status"": ""False"", ""IDC_intput_mA"": 4.195, ""IN1_pin_level"": ""Low"", ""IN2_pin_level"": ""Low"", ""Node_type"": ""PS-LB"", ""Probe_mod"": 0, ""VDC_intput_V"": 0, ""Water_deep_cm"": 2.438}"
2025-10-03 15:29:03.885198997+00:00,ps-lb-09,2,-95,-7.25,"{""Bat_V"": 3.57, ""Exti_pin_level"": ""Low"", ""Exti_status"": ""False"", ""IDC_intput_mA"": 4.194, ""IN1_pin_level"": ""Low"", ""IN2_pin_level"": ""Low"", ""Node_type"": ""PS-LB"", ""Probe_mod"": 0, ""VDC_intput_V"": 0, ""Water_deep_cm"": 2.425}"
2025-10-03 16:29:03.159307072+00:00,ps-lb-09,2,-97,1.25,"{""Bat_V"": 3.57, ""Exti_pin_level"": ""Low"", ""Exti_status"": ""False"", ""IDC_intput_mA"": 4.195, ""IN1_pin_level"": ""Low"", ""IN2_pin_level"": ""Low"", ""Node_type"": ""PS-LB"", ""Probe_mod"": 0, ""VDC_intput_V"": 0, ""Water_deep_cm"": 2.438}"
2025-10-03 17:29:02.432632873+00:00,ps-lb-09,2,-94,6.0,"{""Bat_V"": 3.57, ""Exti_pin_level"": ""Low"", ""Exti_status"": ""False"", ""IDC_intput_mA"": 4.195, ""IN1_pin_level"": ""Low"", ""IN2_pin_level"": ""Low"", ""Node_type"": ""PS-LB"", ""Probe_mod"": 0, ""VDC_intput_V"": 0, ""Water_deep_cm"": 2.438}"
2025-10-03 18:29:01.698489924+00:00,ps-lb-09,2,-92,4.25,"{""Bat_V"": 3.57, ""Exti_pin_level"": ""Low"", ""Exti_status"": ""False"", ""IDC_intput_mA"": 4.195, ""IN1_pin_level"": ""Low"", ""IN2_pin_level"": ""Low"", ""Node_type"": ""PS-LB"", ""Probe_mod"": 0, ""VDC_intput_V"": 0, ""Water_deep_cm"": 2.438}"
2025-10-03 19:29:00.982386305+00:00,ps-lb-09,2,-122,-6.5,"{""Bat_V"": 3.57, ""Exti_pin_level"": ""Low"", ""Exti_status"": ""False"", ""IDC_intput_mA"": 4.195, ""IN1_pin_level"": ""Low"", ""IN2_pin_level"": ""Low"", ""Node_type"": ""PS-LB"", ""Probe_mod"": 0, ""VDC_intput_V"": 0, ""Water_deep_cm"": 2.438}"
2025-10-03 20:29:00.231866885+00:00,ps-lb-09,2,-97,1.5,"{""Bat_V"": 3.57, ""Exti_pin_level"": ""Low"", ""Exti_status"": ""False"", ""IDC_intput_mA"": 4.195, ""IN1_pin_level"": ""Low"", ""IN2_pin_level"": ""Low"", ""Node_type"": ""PS-LB"", ""Probe_mod"": 0, ""VDC_intput_V"": 0, ""Water_deep_cm"": 2.438}"
2025-10-03 21:28:59.513826400+00:00,ps-lb-09,2,-95,2.75,"{""Bat_V"": 3.57, ""Exti_pin_level"": ""Low"", ""Exti_status"": ""False"", ""IDC_intput_mA"": 4.195, ""IN1_pin_level"": ""Low"", ""IN2_pin_level"": ""Low"", ""Node_type"": ""PS-LB"", ""Probe_mod"": 0, ""VDC_intput_V"": 0, ""Water_deep_cm"": 2.438}"
2025-10-03 22:28:58.777201533+00:00,ps-lb-09,2,-120,-10.5,"{""Bat_V"": 3.57, ""Exti_pin_level"": ""Low"", ""Exti_status"": ""False"", ""IDC_intput_mA"": 4.195, ""IN1_pin_level"": ""Low"", ""IN2_pin_level"": ""Low"", ""Node_type"": ""PS-LB"", ""Probe_mod"": 0, ""VDC_intput_V"": 0, ""Water_deep_cm"": 2.438}"
2025-10-03 23:28:58.054158708+00:00,ps-lb-09,2,-98,-0.5,"{""Bat_V"": 3.57, ""Exti_pin_level"": ""Low"", ""Exti_status"": ""False"", ""IDC_intput_mA"": 4.195, ""IN1_pin_level"": ""Low"", ""IN2_pin_level"": ""Low"", ""Node_type"": ""PS-LB"", ""Probe_mod"": 0, ""VDC_intput_V"": 0, ""Water_deep_cm"": 2.438}"
2025-10-04 00:28:57.317585899+00:00,ps-lb-09,2,-90,5.25,"{""Bat_V"": 3.57, ""Exti_pin_level"": ""Low"", ""Exti_status"": ""False"", ""IDC_intput_mA"": 4.194, ""IN1_pin_level"": ""Low"", ""IN2_pin_level"": ""Low"", ""Node_type"": ""PS-LB"", ""Probe_mod"": 0, ""VDC_intput_V"": 0, ""Water_deep_cm"": 2.425}"
2025-10-04 01:28:56.610277139+00:00,ps-lb-09,2,-91,6.25,"{""Bat_V"": 3.57, ""Exti_pin_level"": ""Low"", ""Exti_status"": ""False"", ""IDC_intput_mA"": 4.194, ""IN1_pin_level"": ""Low"", ""IN2_pin_level"": ""Low"", ""Node_type"": ""PS-LB"", ""Probe_mod"": 0, ""VDC_intput_V"": 0, ""Water_deep_cm"": 2.425}"
2025-10-04 02:28:55.881206681+00:00,ps-lb-09,2,-91,5.5,"{""Bat_V"": 3.576, ""Exti_pin_level"": ""Low"", ""Exti_status"": ""False"", ""IDC_intput_mA"": 4.194, ""IN1_pin_level"": ""Low"", ""IN2_pin_level"": ""Low"", ""Node_type"": ""PS-LB"", ""Probe_mod"": 0, ""VDC_intput_V"": 0, ""Water_deep_cm"": 2.425}"
2025-10-04 03:28:55.148357268+00:00,ps-lb-09,2,-97,-2.75,"{""Bat_V"": 3.57, ""Exti_pin_level"": ""Low"", ""Exti_status"": ""False"", ""IDC_intput_mA"": 4.196, ""IN1_pin_level"": ""Low"", ""IN2_pin_level"": ""Low"", ""Node_type"": ""PS-LB"", ""Probe_mod"": 0, ""VDC_intput_V"": 0, ""Water_deep_cm"": 2.45}"
2025-10-04 04:28:54.424664501+00:00,ps-lb-09,2,-98,-6.0,"{""Bat_V"": 3.57, ""Exti_pin_level"": ""Low"", ""Exti_status"": ""False"", ""IDC_intput_mA"": 4.195, ""IN1_pin_level"": ""Low"", ""IN2_pin_level"": ""Low"", ""Node_type"": ""PS-LB"", ""Probe_mod"": 0, ""VDC_intput_V"": 0, ""Water_deep_cm"": 2.438}"
2025-10-04 05:28:53.703309396+00:00,ps-lb-09,2,-125,-9.5,"{""Bat_V"": 3.57, ""Exti_pin_level"": ""Low"", ""Exti_status"": ""False"", ""IDC_intput_mA"": 4.194, ""IN1_pin_level"": ""Low"", ""IN2_pin_level"": ""Low"", ""Node_type"": ""PS-LB"", ""Probe_mod"": 0, ""VDC_intput_V"": 0, ""Water_deep_cm"": 2.425}"
2025-10-04 06:28:52.975064828+00:00,ps-lb-09,2,-91,7.25,"{""Bat_V"": 3.57, ""Exti_pin_level"": ""Low"", ""Exti_status"": ""False"", ""IDC_intput_mA"": 4.194, ""IN1_pin_level"": ""Low"", ""IN2_pin_level"": ""Low"", ""Node_type"": ""PS-LB"", ""Probe_mod"": 0, ""VDC_intput_V"": 0, ""Water_deep_cm"": 2.425}"
2025-10-04 07:28:52.226297142+00:00,ps-lb-09,2,-95,4.75,"{""Bat_V"": 3.576, ""Exti_pin_level"": ""Low"", ""Exti_status"": ""False"", ""IDC_intput_mA"": 4.194, ""IN1_pin_level"": ""Low"", ""IN2_pin_level"": ""Low"", ""Node_type"": ""PS-LB"", ""Probe_mod"": 0, ""VDC_intput_V"": 0, ""Water_deep_cm"": 2.425}"
2025-10-04 08:28:51.487083784+00:00,ps-lb-09,2,-92,2.5,"{""Bat_V"": 3.57, ""Exti_pin_level"": ""Low"", ""Exti_status"": ""False"", ""IDC_intput_mA"": 4.194, ""IN1_pin_level"": ""Low"", ""IN2_pin_level"": ""Low"", ""Node_type"": ""PS-LB"", ""Probe_mod"": 0, ""VDC_intput_V"": 0, ""Water_deep_cm"": 2.425}"
2025-10-04 09:28:50.767782887+00:00,ps-lb-09,2,-120,-3.75,"{""Bat_V"": 3.57, ""Exti_pin_level"": ""Low"", ""Exti_status"": ""False"", ""IDC_intput_mA"": 4.195, ""IN1_pin_level"": ""Low"", ""IN2_pin_level"": ""Low"", ""Node_type"": ""PS-LB"", ""Probe_mod"": 0, ""VDC_intput_V"": 0, ""Water_deep_cm"": 2.438}"
2025-10-04 10:28:50.038336331+00:00,ps-lb-09,2,-88,5.75,"{""Bat_V"": 3.57, ""Exti_pin_level"": ""Low"", ""Exti_status"": ""False"", ""IDC_intput_mA"": 4.195, ""IN1_pin_level"": ""Low"", ""IN2_pin_level"": ""Low"", ""Node_type"": ""PS-LB"", ""Probe_mod"": 0, ""VDC_intput_V"": 0, ""Water_deep_cm"": 2.438}"
2025-10-04 11:28:49.329927154+00:00,ps-lb-09,2,-91,5.0,"{""Bat_V"": 3.57, ""Exti_pin_level"": ""Low"", ""Exti_status"": ""False"", ""IDC_intput_mA"": 4.194, ""IN1_pin_level"": ""Low"", ""IN2_pin_level"": ""Low"", ""Node_type"": ""PS-LB"", ""Probe_mod"": 0, ""VDC_intput_V"": 0, ""Water_deep_cm"": 2.425}"
2025-10-04 12:28:48.607249317+00:00,ps-lb-09,2,-95,3.75,"{""Bat_V"": 3.57, ""Exti_pin_level"": ""Low"", ""Exti_status"": ""False"", ""IDC_intput_mA"": 4.194, ""IN1_pin_level"": ""Low"", ""IN2_pin_level"": ""Low"", ""Node_type"": ""PS-LB"", ""Probe_mod"": 0, ""VDC_intput_V"": 0, ""Water_deep_cm"": 2.425}"
2025-10-04 13:28:47.868773905+00:00,ps-lb-09,2,-92,5.75,"{""Bat_V"": 3.576, ""Exti_pin_level"": ""Low"", ""Exti_status"": ""False"", ""IDC_intput_mA"": 4.194, ""IN1_pin_level"": ""Low"", ""IN2_pin_level"": ""Low"", ""Node_type"": ""PS-LB"", ""Probe_mod"": 0, ""VDC_intput_V"": 0, ""Water_deep_cm"": 2.425}"
2025-10-04 14:28:47.149147191+00:00,ps-lb-09,2,-97,-5.25,"{""Bat_V"": 3.57, ""Exti_pin_level"": ""Low"", ""Exti_status"": ""False"", ""IDC_intput_mA"": 4.194, ""IN1_pin_level"": ""Low"", ""IN2_pin_level"": ""Low"", ""Node_type"": ""PS-LB"", ""Probe_mod"": 0, ""VDC_intput_V"": 0, ""Water_deep_cm"": 2.425}"
2025-10-04 15:28:46.411655757+00:00,ps-lb-09,2,-118,-10.25,"{""Bat_V"": 3.57, ""Exti_pin_level"": ""Low"", ""Exti_status"": ""False"", ""IDC_intput_mA"": 4.194, ""IN1_pin_level"": ""Low"", ""IN2_pin_level"": ""Low"", ""Node_type"": ""PS-LB"", ""Probe_mod"": 0, ""VDC_intput_V"": 0, ""Water_deep_cm"": 2.425}"
2025-10-04 16:28:45.683076305+00:00,ps-lb-09,2,-93,2.25,"{""Bat_V"": 3.576, ""Exti_pin_level"": ""Low"", ""Exti_status"": ""False"", ""IDC_intput_mA"": 4.194, ""IN1_pin_level"": ""Low"", ""IN2_pin_level"": ""Low"", ""Node_type"": ""PS-LB"", ""Probe_mod"": 0, ""VDC_intput_V"": 0, ""Water_deep_cm"": 2.425}"
2025-10-04 17:28:44.964853820+00:00,ps-lb-09,2,-120,-6.5,"{""Bat_V"": 3.576, ""Exti_pin_level"": ""Low"", ""Exti_status"": ""False"", ""IDC_intput_mA"": 4.194, ""IN1_pin_level"": ""Low"", ""IN2_pin_level"": ""Low"", ""Node_type"": ""PS-LB"", ""Probe_mod"": 0, ""VDC_intput_V"": 0, ""Water_deep_cm"": 2.425}"
2025-10-04 18:28:44.238018793+00:00,ps-lb-09,2,-97,-1.25,"{""Bat_V"": 3.576, ""Exti_pin_level"": ""Low"", ""Exti_status"": ""False"", ""IDC_intput_mA"": 4.194, ""IN1_pin_level"": ""Low"", ""IN2_pin_level"": ""Low"", ""Node_type"": ""PS-LB"", ""Probe_mod"": 0, ""VDC_intput_V"": 0, ""Water_deep_cm"": 2.425}"
2025-10-04 19:28:43.506269994+00:00,ps-lb-09,2,-95,3.25,"{""Bat_V"": 3.57, ""Exti_pin_level"": ""Low"", ""Exti_status"": ""False"", ""IDC_intput_mA"": 4.194, ""IN1_pin_level"": ""Low"", ""IN2_pin_level"": ""Low"", ""Node_type"": ""PS-LB"", ""Probe_mod"": 0, ""VDC_intput_V"": 0, ""Water_deep_cm"": 2.425}"
2025-10-04 20:28:42.780183991+00:00,ps-lb-09,2,-116,-0.5,"{""Bat_V"": 3.57, ""Exti_pin_level"": ""Low"", ""Exti_status"": ""False"", ""IDC_intput_mA"": 4.194, ""IN1_pin_level"": ""Low"", ""IN2_pin_level"": ""Low"", ""Node_type"": ""PS-LB"", ""Probe_mod"": 0, ""VDC_intput_V"": 0, ""Water_deep_cm"": 2.425}"
2025-10-04 21:28:42.066229305+00:00,ps-lb-09,2,-97,1.75,"{""Bat_V"": 3.576, ""Exti_pin_level"": ""Low"", ""Exti_status"": ""False"", ""IDC_intput_mA"": 4.194, ""IN1_pin_level"": ""Low"", ""IN2_pin_level"": ""Low"", ""Node_type"": ""PS-LB"", ""Probe_mod"": 0, ""VDC_intput_V"": 0, ""Water_deep_cm"": 2.425}"
2025-10-04 23:28:40.633826397+00:00,ps-lb-09,2,-120,-5.25,"{""Bat_V"": 3.57, ""Exti_pin_level"": ""Low"", ""Exti_status"": ""False"", ""IDC_intput_mA"": 4.193, ""IN1_pin_level"": ""Low"", ""IN2_pin_level"": ""Low"", ""Node_type"": ""PS-LB"", ""Probe_mod"": 0, ""VDC_intput_V"": 0, ""Water_deep_cm"": 2.412}"
2025-10-05 01:28:39.141625886+00:00,ps-lb-09,2,-118,-2.25,"{""Bat_V"": 3.57, ""Exti_pin_level"": ""Low"", ""Exti_status"": ""False"", ""IDC_intput_mA"": 4.193, ""IN1_pin_level"": ""Low"", ""IN2_pin_level"": ""Low"", ""Node_type"": ""PS-LB"", ""Probe_mod"": 0, ""VDC_intput_V"": 0, ""Water_deep_cm"": 2.412}"
2025-10-05 03:28:37.705631749+00:00,ps-lb-09,2,-123,-7.25,"{""Bat_V"": 3.57, ""Exti_pin_level"": ""Low"", ""Exti_status"": ""False"", ""IDC_intput_mA"": 4.193, ""IN1_pin_level"": ""Low"", ""IN2_pin_level"": ""Low"", ""Node_type"": ""PS-LB"", ""Probe_mod"": 0, ""VDC_intput_V"": 0, ""Water_deep_cm"": 2.412}"
2025-10-05 05:28:36.286219427+00:00,ps-lb-09,2,-123,-7.5,"{""Bat_V"": 3.57, ""Exti_pin_level"": ""Low"", ""Exti_status"": ""False"", ""IDC_intput_mA"": 4.192, ""IN1_pin_level"": ""Low"", ""IN2_pin_level"": ""Low"", ""Node_type"": ""PS-LB"", ""Probe_mod"": 0, ""VDC_intput_V"": 0, ""Water_deep_cm"": 2.4}"
2025-10-05 06:28:35.536852166+00:00,ps-lb-09,2,-120,-4.5,"{""Bat_V"": 3.57, ""Exti_pin_level"": ""Low"", ""Exti_status"": ""False"", ""IDC_intput_mA"": 4.193, ""IN1_pin_level"": ""Low"", ""IN2_pin_level"": ""Low"", ""Node_type"": ""PS-LB"", ""Probe_mod"": 0, ""VDC_intput_V"": 0, ""Water_deep_cm"": 2.412}"
2025-10-05 07:28:34.817337871+00:00,ps-lb-09,2,-118,-2.75,"{""Bat_V"": 3.576, ""Exti_pin_level"": ""Low"", ""Exti_status"": ""False"", ""IDC_intput_mA"": 4.193, ""IN1_pin_level"": ""Low"", ""IN2_pin_level"": ""Low"", ""Node_type"": ""PS-LB"", ""Probe_mod"": 0, ""VDC_intput_V"": 0, ""Water_deep_cm"": 2.412}"
2025-10-05 08:28:34.085207286+00:00,ps-lb-09,2,-118,-1.5,"{""Bat_V"": 3.57, ""Exti_pin_level"": ""Low"", ""Exti_status"": ""False"", ""IDC_intput_mA"": 4.193, ""IN1_pin_level"": ""Low"", ""IN2_pin_level"": ""Low"", ""Node_type"": ""PS-LB"", ""Probe_mod"": 0, ""VDC_intput_V"": 0, ""Water_deep_cm"": 2.412}"
2025-10-05 09:28:33.347644371+00:00,ps-lb-09,2,-117,-0.75,"{""Bat_V"": 3.57, ""Exti_pin_level"": ""Low"", ""Exti_status"": ""False"", ""IDC_intput_mA"": 4.192, ""IN1_pin_level"": ""Low"", ""IN2_pin_level"": ""Low"", ""Node_type"": ""PS-LB"", ""Probe_mod"": 0, ""VDC_intput_V"": 0, ""Water_deep_cm"": 2.4}"
2025-10-05 13:28:30.464318699+00:00,ps-lb-09,2,-123,-7.25,"{""Bat_V"": 3.57, ""Exti_pin_level"": ""Low"", ""Exti_status"": ""False"", ""IDC_intput_mA"": 4.192, ""IN1_pin_level"": ""Low"", ""IN2_pin_level"": ""Low"", ""Node_type"": ""PS-LB"", ""Probe_mod"": 0, ""VDC_intput_V"": 0, ""Water_deep_cm"": 2.4}"
2025-10-05 15:28:29.039419786+00:00,ps-lb-09,2,-120,-5.25,"{""Bat_V"": 3.576, ""Exti_pin_level"": ""Low"", ""Exti_status"": ""False"", ""IDC_intput_mA"": 4.192, ""IN1_pin_level"": ""Low"", ""IN2_pin_level"": ""Low"", ""Node_type"": ""PS-LB"", ""Probe_mod"": 0, ""VDC_intput_V"": 0, ""Water_deep_cm"": 2.4}"
2025-10-05 16:28:28.293855470+00:00,ps-lb-09,2,-117,-0.5,"{""Bat_V"": 3.57, ""Exti_pin_level"": ""Low"", ""Exti_status"": ""False"", ""IDC_intput_mA"": 4.192, ""IN1_pin_level"": ""Low"", ""IN2_pin_level"": ""Low"", ""Node_type"": ""PS-LB"", ""Probe_mod"": 0, ""VDC_intput_V"": 0, ""Water_deep_cm"": 2.4}"
2025-10-05 17:28:27.554051893+00:00,ps-lb-09,2,-116,-0.25,"{""Bat_V"": 3.57, ""Exti_pin_level"": ""Low"", ""Exti_status"": ""False"", ""IDC_intput_mA"": 4.192, ""IN1_pin_level"": ""Low"", ""IN2_pin_level"": ""Low"", ""Node_type"": ""PS-LB"", ""Probe_mod"": 0, ""VDC_intput_V"": 0, ""Water_deep_cm"": 2.4}"
2025-10-05 20:28:25.401710421+00:00,ps-lb-09,2,-120,-4.75,"{""Bat_V"": 3.57, ""Exti_pin_level"": ""Low"", ""Exti_status"": ""False"", ""IDC_intput_mA"": 4.192, ""IN1_pin_level"": ""Low"", ""IN2_pin_level"": ""Low"", ""Node_type"": ""PS-LB"", ""Probe_mod"": 0, ""VDC_intput_V"": 0, ""Water_deep_cm"": 2.4}"
2025-10-06 00:28:22.488215369+00:00,ps-lb-09,2,-120,-3.75,"{""Bat_V"": 3.57, ""Exti_pin_level"": ""Low"", ""Exti_status"": ""False"", ""IDC_intput_mA"": 4.192, ""IN1_pin_level"": ""Low"", ""IN2_pin_level"": ""Low"", ""Node_type"": ""PS-LB"", ""Probe_mod"": 0, ""VDC_intput_V"": 0, ""Water_deep_cm"": 2.4}"
2025-10-06 01:28:21.766282892+00:00,ps-lb-09,2,-120,-3.75,"{""Bat_V"": 3.57, ""Exti_pin_level"": ""Low"", ""Exti_status"": ""False"", ""IDC_intput_mA"": 4.192, ""IN1_pin_level"": ""Low"", ""IN2_pin_level"": ""Low"", ""Node_type"": ""PS-LB"", ""Probe_mod"": 0, ""VDC_intput_V"": 0, ""Water_deep_cm"": 2.4}"
2025-10-06 05:28:18.827603279+00:00,ps-lb-09,2,-126,-9.75,"{""Bat_V"": 3.57, ""Exti_pin_level"": ""Low"", ""Exti_status"": ""False"", ""IDC_intput_mA"": 4.192, ""IN1_pin_level"": ""Low"", ""IN2_pin_level"": ""Low"", ""Node_type"": ""PS-LB"", ""Probe_mod"": 0, ""VDC_intput_V"": 0, ""Water_deep_cm"": 2.4}"
2025-10-06 11:28:14.486428607+00:00,ps-lb-09,2,-126,-9.0,"{""Bat_V"": 3.57, ""Exti_pin_level"": ""Low"", ""Exti_status"": ""False"", ""IDC_intput_mA"": 4.197, ""IN1_pin_level"": ""Low"", ""IN2_pin_level"": ""Low"", ""Node_type"": ""PS-LB"", ""Probe_mod"": 0, ""VDC_intput_V"": 0, ""Water_deep_cm"": 2.463}"
2025-10-06 12:28:13.774149852+00:00,ps-lb-09,2,-124,-8.0,"{""Bat_V"": 3.57, ""Exti_pin_level"": ""Low"", ""Exti_status"": ""False"", ""IDC_intput_mA"": 4.198, ""IN1_pin_level"": ""Low"", ""IN2_pin_level"": ""Low"", ""Node_type"": ""PS-LB"", ""Probe_mod"": 0, ""VDC_intput_V"": 0, ""Water_deep_cm"": 2.475}"
2025-10-06 14:28:12.410913561+00:00,ps-lb-09,2,-123,-7.75,"{""Bat_V"": 3.57, ""Exti_pin_level"": ""Low"", ""Exti_status"": ""False"", ""IDC_intput_mA"": 4.199, ""IN1_pin_level"": ""Low"", ""IN2_pin_level"": ""Low"", ""Node_type"": ""PS-LB"", ""Probe_mod"": 0, ""VDC_intput_V"": 0, ""Water_deep_cm"": 2.487}"
2025-10-06 17:28:10.107646505+00:00,ps-lb-09,2,-122,-5.5,"{""Bat_V"": 3.57, ""Exti_pin_level"": ""Low"", ""Exti_status"": ""False"", ""IDC_intput_mA"": 4.199, ""IN1_pin_level"": ""Low"", ""IN2_pin_level"": ""Low"", ""Node_type"": ""PS-LB"", ""Probe_mod"": 0, ""VDC_intput_V"": 0, ""Water_deep_cm"": 2.487}"
2025-10-06 18:28:09.402384943+00:00,ps-lb-09,2,-123,-7.0,"{""Bat_V"": 3.57, ""Exti_pin_level"": ""Low"", ""Exti_status"": ""False"", ""IDC_intput_mA"": 4.199, ""IN1_pin_level"": ""Low"", ""IN2_pin_level"": ""Low"", ""Node_type"": ""PS-LB"", ""Probe_mod"": 0, ""VDC_intput_V"": 0, ""Water_deep_cm"": 2.487}"
2025-10-06 20:28:07.919837996+00:00,ps-lb-09,2,-124,-8.0,"{""Bat_V"": 3.576, ""Exti_pin_level"": ""Low"", ""Exti_status"": ""False"", ""IDC_intput_mA"": 4.199, ""IN1_pin_level"": ""Low"", ""IN2_pin_level"": ""Low"", ""Node_type"": ""PS-LB"", ""Probe_mod"": 0, ""VDC_intput_V"": 0, ""Water_deep_cm"": 2.487}"
2025-10-07 02:28:03.567348402+00:00,ps-lb-09,2,-122,-6.25,"{""Bat_V"": 3.576, ""Exti_pin_level"": ""Low"", ""Exti_status"": ""False"", ""IDC_intput_mA"": 4.197, ""IN1_pin_level"": ""Low"", ""IN2_pin_level"": ""Low"", ""Node_type"": ""PS-LB"", ""Probe_mod"": 0, ""VDC_intput_V"": 0, ""Water_deep_cm"": 2.463}"
2025-10-07 13:30:17.092030989+00:00,ps-lb-09,2,-120,-10.0,"{""Bat_V"": 3.57, ""Exti_pin_level"": ""Low"", ""Exti_status"": ""False"", ""IDC_intput_mA"": 4.2, ""IN1_pin_level"": ""Low"", ""IN2_pin_level"": ""Low"", ""Node_type"": ""PS-LB"", ""Probe_mod"": 0, ""VDC_intput_V"": 0, ""Water_deep_cm"": 2.5}"
2025-10-07 14:30:08.375846691+00:00,ps-lb-09,2,-124,-10.0,"{""Bat_V"": 3.576, ""Exti_pin_level"": ""Low"", ""Exti_status"": ""False"", ""IDC_intput_mA"": 4.2, ""IN1_pin_level"": ""Low"", ""IN2_pin_level"": ""Low"", ""Node_type"": ""PS-LB"", ""Probe_mod"": 0, ""VDC_intput_V"": 0, ""Water_deep_cm"": 2.5}"
2025-10-07 15:30:07.628478749+00:00,ps-lb-09,2,-130,-14.75,"{""Bat_V"": 3.57, ""Exti_pin_level"": ""Low"", ""Exti_status"": ""False"", ""IDC_intput_mA"": 4.202, ""IN1_pin_level"": ""Low"", ""IN2_pin_level"": ""Low"", ""Node_type"": ""PS-LB"", ""Probe_mod"": 0, ""VDC_intput_V"": 0, ""Water_deep_cm"": 2.525}"
2025-10-07 16:30:06.885851262+00:00,ps-lb-09,2,-128,-13.5,"{""Bat_V"": 3.576, ""Exti_pin_level"": ""Low"", ""Exti_status"": ""False"", ""IDC_intput_mA"": 4.202, ""IN1_pin_level"": ""Low"", ""IN2_pin_level"": ""Low"", ""Node_type"": ""PS-LB"", ""Probe_mod"": 0, ""VDC_intput_V"": 0, ""Water_deep_cm"": 2.525}"
2025-10-07 17:30:06.235335121+00:00,ps-lb-09,2,-117,-13.0,"{""Bat_V"": 3.57, ""Exti_pin_level"": ""Low"", ""Exti_status"": ""False"", ""IDC_intput_mA"": 4.202, ""IN1_pin_level"": ""Low"", ""IN2_pin_level"": ""Low"", ""Node_type"": ""PS-LB"", ""Probe_mod"": 0, ""VDC_intput_V"": 0, ""Water_deep_cm"": 2.525}"
2025-10-07 18:30:05.499820179+00:00,ps-lb-09,2,-119,-19.5,"{""Bat_V"": 3.576, ""Exti_pin_level"": ""Low"", ""Exti_status"": ""False"", ""IDC_intput_mA"": 4.202, ""IN1_pin_level"": ""Low"", ""IN2_pin_level"": ""Low"", ""Node_type"": ""PS-LB"", ""Probe_mod"": 0, ""VDC_intput_V"": 0, ""Water_deep_cm"": 2.525}"
2025-10-07 19:30:04.697578717+00:00,ps-lb-09,2,-125,-10.25,"{""Bat_V"": 3.576, ""Exti_pin_level"": ""Low"", ""Exti_status"": ""False"", ""IDC_intput_mA"": 4.202, ""IN1_pin_level"": ""Low"", ""IN2_pin_level"": ""Low"", ""Node_type"": ""PS-LB"", ""Probe_mod"": 0, ""VDC_intput_V"": 0, ""Water_deep_cm"": 2.525}"
2025-10-07 20:30:03.973688561+00:00,ps-lb-09,2,-132,-17.0,"{""Bat_V"": 3.576, ""Exti_pin_level"": ""Low"", ""Exti_status"": ""False"", ""IDC_intput_mA"": 4.202, ""IN1_pin_level"": ""Low"", ""IN2_pin_level"": ""Low"", ""Node_type"": ""PS-LB"", ""Probe_mod"": 0, ""VDC_intput_V"": 0, ""Water_deep_cm"": 2.525}"
2025-10-07 21:30:03.241752020+00:00,ps-lb-09,2,-132,-17.0,"{""Bat_V"": 3.576, ""Exti_pin_level"": ""Low"", ""Exti_status"": ""False"", ""IDC_intput_mA"": 4.202, ""IN1_pin_level"": ""Low"", ""IN2_pin_level"": ""Low"", ""Node_type"": ""PS-LB"", ""Probe_mod"": 0, ""VDC_intput_V"": 0, ""Water_deep_cm"": 2.525}"
2025-10-07 22:30:02.518279139+00:00,ps-lb-09,2,-128,-12.75,"{""Bat_V"": 3.576, ""Exti_pin_level"": ""Low"", ""Exti_status"": ""False"", ""IDC_intput_mA"": 4.202, ""IN1_pin_level"": ""Low"", ""IN2_pin_level"": ""Low"", ""Node_type"": ""PS-LB"", ""Probe_mod"": 0, ""VDC_intput_V"": 0, ""Water_deep_cm"": 2.525}"
2025-10-08 00:30:01.041559988+00:00,ps-lb-09,2,-126,-11.5,"{""Bat_V"": 3.57, ""Exti_pin_level"": ""Low"", ""Exti_status"": ""False"", ""IDC_intput_mA"": 4.201, ""IN1_pin_level"": ""Low"", ""IN2_pin_level"": ""Low"", ""Node_type"": ""PS-LB"", ""Probe_mod"": 0, ""VDC_intput_V"": 0, ""Water_deep_cm"": 2.512}"
2025-10-08 01:30:00.319029039+00:00,ps-lb-09,2,-127,-12.75,"{""Bat_V"": 3.57, ""Exti_pin_level"": ""Low"", ""Exti_status"": ""False"", ""IDC_intput_mA"": 4.201, ""IN1_pin_level"": ""Low"", ""IN2_pin_level"": ""Low"", ""Node_type"": ""PS-LB"", ""Probe_mod"": 0, ""VDC_intput_V"": 0, ""Water_deep_cm"": 2.512}"
2025-10-08 03:29:58.861976211+00:00,ps-lb-09,2,-126,-10.25,"{""Bat_V"": 3.57, ""Exti_pin_level"": ""Low"", ""Exti_status"": ""False"", ""IDC_intput_mA"": 4.2, ""IN1_pin_level"": ""Low"", ""IN2_pin_level"": ""Low"", ""Node_type"": ""PS-LB"", ""Probe_mod"": 0, ""VDC_intput_V"": 0, ""Water_deep_cm"": 2.5}"
2025-10-08 04:29:58.132513320+00:00,ps-lb-09,2,-129,-13.75,"{""Bat_V"": 3.57, ""Exti_pin_level"": ""Low"", ""Exti_status"": ""False"", ""IDC_intput_mA"": 4.2, ""IN1_pin_level"": ""Low"", ""IN2_pin_level"": ""Low"", ""Node_type"": ""PS-LB"", ""Probe_mod"": 0, ""VDC_intput_V"": 0, ""Water_deep_cm"": 2.5}"
2025-10-08 05:29:57.521667867+00:00,ps-lb-09,2,-120,-20.5,"{""Bat_V"": 3.57, ""Exti_pin_level"": ""Low"", ""Exti_status"": ""False"", ""IDC_intput_mA"": 4.201, ""IN1_pin_level"": ""Low"", ""IN2_pin_level"": ""Low"", ""Node_type"": ""PS-LB"", ""Probe_mod"": 0, ""VDC_intput_V"": 0, ""Water_deep_cm"": 2.512}"
2025-10-08 06:29:56.684343197+00:00,ps-lb-09,2,-122,-7.25,"{""Bat_V"": 3.57, ""Exti_pin_level"": ""Low"", ""Exti_status"": ""False"", ""IDC_intput_mA"": 4.2, ""IN1_pin_level"": ""Low"", ""IN2_pin_level"": ""Low"", ""Node_type"": ""PS-LB"", ""Probe_mod"": 0, ""VDC_intput_V"": 0, ""Water_deep_cm"": 2.5}"
2025-10-08 07:29:55.957078407+00:00,ps-lb-09,2,-123,-7.25,"{""Bat_V"": 3.57, ""Exti_pin_level"": ""Low"", ""Exti_status"": ""False"", ""IDC_intput_mA"": 4.201, ""IN1_pin_level"": ""Low"", ""IN2_pin_level"": ""Low"", ""Node_type"": ""PS-LB"", ""Probe_mod"": 0, ""VDC_intput_V"": 0, ""Water_deep_cm"": 2.512}"
2025-10-08 08:29:55.233270623+00:00,ps-lb-09,2,-124,-9.0,"{""Bat_V"": 3.57, ""Exti_pin_level"": ""Low"", ""Exti_status"": ""False"", ""IDC_intput_mA"": 4.202, ""IN1_pin_level"": ""Low"", ""IN2_pin_level"": ""Low"", ""Node_type"": ""PS-LB"", ""Probe_mod"": 0, ""VDC_intput_V"": 0, ""Water_deep_cm"": 2.525}"
2025-10-08 09:29:54.494152156+00:00,ps-lb-09,2,-130,-14.5,"{""Bat_V"": 3.57, ""Exti_pin_level"": ""Low"", ""Exti_status"": ""False"", ""IDC_intput_mA"": 4.202, ""IN1_pin_level"": ""Low"", ""IN2_pin_level"": ""Low"", ""Node_type"": ""PS-LB"", ""Probe_mod"": 0, ""VDC_intput_V"": 0, ""Water_deep_cm"": 2.525}"
2025-10-08 10:29:52.613381720+00:00,ps-lb-09,2,-131,-15.0,"{""Bat_V"": 3.57, ""Exti_pin_level"": ""Low"", ""Exti_status"": ""False"", ""IDC_intput_mA"": 4.202, ""IN1_pin_level"": ""Low"", ""IN2_pin_level"": ""Low"", ""Node_type"": ""PS-LB"", ""Probe_mod"": 0, ""VDC_intput_V"": 0, ""Water_deep_cm"": 2.525}"
2025-10-08 11:29:51.725332365+00:00,ps-lb-09,2,-99,7.0,"{""Bat_V"": 3.57, ""Exti_pin_level"": ""Low"", ""Exti_status"": ""False"", ""IDC_intput_mA"": 4.202, ""IN1_pin_level"": ""Low"", ""IN2_pin_level"": ""Low"", ""Node_type"": ""PS-LB"", ""Probe_mod"": 0, ""VDC_intput_V"": 0, ""Water_deep_cm"": 2.525}"
2025-10-08 12:29:51.000862351+00:00,ps-lb-09,2,-95,4.75,"{""Bat_V"": 3.57, ""Exti_pin_level"": ""Low"", ""Exti_status"": ""False"", ""IDC_intput_mA"": 4.202, ""IN1_pin_level"": ""Low"", ""IN2_pin_level"": ""Low"", ""Node_type"": ""PS-LB"", ""Probe_mod"": 0, ""VDC_intput_V"": 0, ""Water_deep_cm"": 2.525}"
2025-10-08 13:29:50.275528628+00:00,ps-lb-09,2,-97,7.25,"{""Bat_V"": 3.57, ""Exti_pin_level"": ""Low"", ""Exti_status"": ""False"", ""IDC_intput_mA"": 4.202, ""IN1_pin_level"": ""Low"", ""IN2_pin_level"": ""Low"", ""Node_type"": ""PS-LB"", ""Probe_mod"": 0, ""VDC_intput_V"": 0, ""Water_deep_cm"": 2.525}"
2025-10-08 14:29:49.544491179+00:00,ps-lb-09,2,-93,2.75,"{""Bat_V"": 3.57, ""Exti_pin_level"": ""Low"", ""Exti_status"": ""False"", ""IDC_intput_mA"": 4.203, ""IN1_pin_level"": ""Low"", ""IN2_pin_level"": ""Low"", ""Node_type"": ""PS-LB"", ""Probe_mod"": 0, ""VDC_intput_V"": 0, ""Water_deep_cm"": 2.538}"
2025-10-08 15:29:48.804745245+00:00,ps-lb-09,2,-99,-3.0,"{""Bat_V"": 3.57, ""Exti_pin_level"": ""Low"", ""Exti_status"": ""False"", ""IDC_intput_mA"": 4.204, ""IN1_pin_level"": ""Low"", ""IN2_pin_level"": ""Low"", ""Node_type"": ""PS-LB"", ""Probe_mod"": 0, ""VDC_intput_V"": 0, ""Water_deep_cm"": 2.55}"
2025-10-08 16:29:48.098766441+00:00,ps-lb-09,2,-98,3.0,"{""Bat_V"": 3.576, ""Exti_pin_level"": ""Low"", ""Exti_status"": ""False"", ""IDC_intput_mA"": 4.204, ""IN1_pin_level"": ""Low"", ""IN2_pin_level"": ""Low"", ""Node_type"": ""PS-LB"", ""Probe_mod"": 0, ""VDC_intput_V"": 0, ""Water_deep_cm"": 2.55}"
2025-10-08 17:29:47.332997316+00:00,ps-lb-09,2,-96,1.0,"{""Bat_V"": 3.57, ""Exti_pin_level"": ""Low"", ""Exti_status"": ""False"", ""IDC_intput_mA"": 4.204, ""IN1_pin_level"": ""Low"", ""IN2_pin_level"": ""Low"", ""Node_type"": ""PS-LB"", ""Probe_mod"": 0, ""VDC_intput_V"": 0, ""Water_deep_cm"": 2.55}"
2025-10-08 18:29:46.628030369+00:00,ps-lb-09,2,-101,2.0,"{""Bat_V"": 3.576, ""Exti_pin_level"": ""Low"", ""Exti_status"": ""False"", ""IDC_intput_mA"": 4.204, ""IN1_pin_level"": ""Low"", ""IN2_pin_level"": ""Low"", ""Node_type"": ""PS-LB"", ""Probe_mod"": 0, ""VDC_intput_V"": 0, ""Water_deep_cm"": 2.55}"
2025-10-08 19:29:45.879793818+00:00,ps-lb-09,2,-99,2.5,"{""Bat_V"": 3.57, ""Exti_pin_level"": ""Low"", ""Exti_status"": ""False"", ""IDC_intput_mA"": 4.204, ""IN1_pin_level"": ""Low"", ""IN2_pin_level"": ""Low"", ""Node_type"": ""PS-LB"", ""Probe_mod"": 0, ""VDC_intput_V"": 0, ""Water_deep_cm"": 2.55}"
2025-10-08 20:29:45.149613055+00:00,ps-lb-09,2,-97,0.75,"{""Bat_V"": 3.576, ""Exti_pin_level"": ""Low"", ""Exti_status"": ""False"", ""IDC_intput_mA"": 4.204, ""IN1_pin_level"": ""Low"", ""IN2_pin_level"": ""Low"", ""Node_type"": ""PS-LB"", ""Probe_mod"": 0, ""VDC_intput_V"": 0, ""Water_deep_cm"": 2.55}"
2025-10-08 21:29:44.432437772+00:00,ps-lb-09,2,-98,1.75,"{""Bat_V"": 3.576, ""Exti_pin_level"": ""Low"", ""Exti_status"": ""False"", ""IDC_intput_mA"": 4.204, ""IN1_pin_level"": ""Low"", ""IN2_pin_level"": ""Low"", ""Node_type"": ""PS-LB"", ""Probe_mod"": 0, ""VDC_intput_V"": 0, ""Water_deep_cm"": 2.55}"
2025-10-08 22:29:43.691311363+00:00,ps-lb-09,2,-122,-6.0,"{""Bat_V"": 3.57, ""Exti_pin_level"": ""Low"", ""Exti_status"": ""False"", ""IDC_intput_mA"": 4.203, ""IN1_pin_level"": ""Low"", ""IN2_pin_level"": ""Low"", ""Node_type"": ""PS-LB"", ""Probe_mod"": 0, ""VDC_intput_V"": 0, ""Water_deep_cm"": 2.538}"
2025-10-08 23:29:42.972295539+00:00,ps-lb-09,2,-123,-7.25,"{""Bat_V"": 3.57, ""Exti_pin_level"": ""Low"", ""Exti_status"": ""False"", ""IDC_intput_mA"": 4.203, ""IN1_pin_level"": ""Low"", ""IN2_pin_level"": ""Low"", ""Node_type"": ""PS-LB"", ""Probe_mod"": 0, ""VDC_intput_V"": 0, ""Water_deep_cm"": 2.538}"
2025-10-09 00:29:42.235921818+00:00,ps-lb-09,2,-121,-4.75,"{""Bat_V"": 3.57, ""Exti_pin_level"": ""Low"", ""Exti_status"": ""False"", ""IDC_intput_mA"": 4.202, ""IN1_pin_level"": ""Low"", ""IN2_pin_level"": ""Low"", ""Node_type"": ""PS-LB"", ""Probe_mod"": 0, ""VDC_intput_V"": 0, ""Water_deep_cm"": 2.525}"
2025-10-09 01:29:41.510201542+00:00,ps-lb-09,2,-98,2.5,"{""Bat_V"": 3.576, ""Exti_pin_level"": ""Low"", ""Exti_status"": ""False"", ""IDC_intput_mA"": 4.202, ""IN1_pin_level"": ""Low"", ""IN2_pin_level"": ""Low"", ""Node_type"": ""PS-LB"", ""Probe_mod"": 0, ""VDC_intput_V"": 0, ""Water_deep_cm"": 2.525}"
2025-10-09 02:29:40.785095263+00:00,ps-lb-09,2,-97,2.0,"{""Bat_V"": 3.57, ""Exti_pin_level"": ""Low"", ""Exti_status"": ""False"", ""IDC_intput_mA"": 4.202, ""IN1_pin_level"": ""Low"", ""IN2_pin_level"": ""Low"", ""Node_type"": ""PS-LB"", ""Probe_mod"": 0, ""VDC_intput_V"": 0, ""Water_deep_cm"": 2.525}"
2025-10-09 03:29:40.057493035+00:00,ps-lb-09,2,-101,2.25,"{""Bat_V"": 3.576, ""Exti_pin_level"": ""Low"", ""Exti_status"": ""False"", ""IDC_intput_mA"": 4.202, ""IN1_pin_level"": ""Low"", ""IN2_pin_level"": ""Low"", ""Node_type"": ""PS-LB"", ""Probe_mod"": 0, ""VDC_intput_V"": 0, ""Water_deep_cm"": 2.525}"
2025-10-09 04:29:39.323342431+00:00,ps-lb-09,2,-98,3.25,"{""Bat_V"": 3.576, ""Exti_pin_level"": ""Low"", ""Exti_status"": ""False"", ""IDC_intput_mA"": 4.202, ""IN1_pin_level"": ""Low"", ""IN2_pin_level"": ""Low"", ""Node_type"": ""PS-LB"", ""Probe_mod"": 0, ""VDC_intput_V"": 0, ""Water_deep_cm"": 2.525}"
2025-10-09 05:29:38.610157606+00:00,ps-lb-09,2,-101,-1.75,"{""Bat_V"": 3.57, ""Exti_pin_level"": ""Low"", ""Exti_status"": ""False"", ""IDC_intput_mA"": 4.202, ""IN1_pin_level"": ""Low"", ""IN2_pin_level"": ""Low"", ""Node_type"": ""PS-LB"", ""Probe_mod"": 0, ""VDC_intput_V"": 0, ""Water_deep_cm"": 2.525}"
2025-10-09 06:29:37.846825324+00:00,ps-lb-09,2,-97,3.5,"{""Bat_V"": 3.57, ""Exti_pin_level"": ""Low"", ""Exti_status"": ""False"", ""IDC_intput_mA"": 4.204, ""IN1_pin_level"": ""Low"", ""IN2_pin_level"": ""Low"", ""Node_type"": ""PS-LB"", ""Probe_mod"": 0, ""VDC_intput_V"": 0, ""Water_deep_cm"": 2.55}"
2025-10-09 07:29:37.157011745+00:00,ps-lb-09,2,-91,8.0,"{""Bat_V"": 3.57, ""Exti_pin_level"": ""Low"", ""Exti_status"": ""False"", ""IDC_intput_mA"": 7.889, ""IN1_pin_level"": ""Low"", ""IN2_pin_level"": ""Low"", ""Node_type"": ""PS-LB"", ""Probe_mod"": 0, ""VDC_intput_V"": 0, ""Water_deep_cm"": 48.613}"
2025-10-09 08:29:36.331656349+00:00,ps-lb-09,2,-106,3.25,"{""Bat_V"": 3.57, ""Exti_pin_level"": ""Low"", ""Exti_status"": ""False"", ""IDC_intput_mA"": 7.886, ""IN1_pin_level"": ""Low"", ""IN2_pin_level"": ""Low"", ""Node_type"": ""PS-LB"", ""Probe_mod"": 0, ""VDC_intput_V"": 0, ""Water_deep_cm"": 48.575}"
2025-10-09 09:29:35.608444741+00:00,ps-lb-09,2,-89,6.5,"{""Bat_V"": 3.57, ""Exti_pin_level"": ""Low"", ""Exti_status"": ""False"", ""IDC_intput_mA"": 7.884, ""IN1_pin_level"": ""Low"", ""IN2_pin_level"": ""Low"", ""Node_type"": ""PS-LB"", ""Probe_mod"": 0, ""VDC_intput_V"": 0, ""Water_deep_cm"": 48.55}"
2025-10-09 10:29:34.887581580+00:00,ps-lb-09,2,-118,-2.25,"{""Bat_V"": 3.57, ""Exti_pin_level"": ""Low"", ""Exti_status"": ""False"", ""IDC_intput_mA"": 7.892, ""IN1_pin_level"": ""Low"", ""IN2_pin_level"": ""Low"", ""Node_type"": ""PS-LB"", ""Probe_mod"": 0, ""VDC_intput_V"": 0, ""Water_deep_cm"": 48.65}"
2025-10-09 11:29:34.109954028+00:00,ps-lb-09,2,-84,9.0,"{""Bat_V"": 3.57, ""Exti_pin_level"": ""Low"", ""Exti_status"": ""False"", ""IDC_intput_mA"": 7.937, ""IN1_pin_level"": ""Low"", ""IN2_pin_level"": ""Low"", ""Node_type"": ""PS-LB"", ""Probe_mod"": 0, ""VDC_intput_V"": 0, ""Water_deep_cm"": 49.213}"
2025-10-09 12:29:33.391973651+00:00,ps-lb-09,2,-92,4.5,"{""Bat_V"": 3.576, ""Exti_pin_level"": ""Low"", ""Exti_status"": ""False"", ""IDC_intput_mA"": 7.947, ""IN1_pin_level"": ""Low"", ""IN2_pin_level"": ""Low"", ""Node_type"": ""PS-LB"", ""Probe_mod"": 0, ""VDC_intput_V"": 0, ""Water_deep_cm"": 49.337}"
2025-10-09 13:29:32.677465161+00:00,ps-lb-09,2,-101,4.75,"{""Bat_V"": 3.57, ""Exti_pin_level"": ""Low"", ""Exti_status"": ""False"", ""IDC_intput_mA"": 7.937, ""IN1_pin_level"": ""Low"", ""IN2_pin_level"": ""Low"", ""Node_type"": ""PS-LB"", ""Probe_mod"": 0, ""VDC_intput_V"": 0, ""Water_deep_cm"": 49.213}"
2025-10-09 14:29:31.939423190+00:00,ps-lb-09,2,-106,7.75,"{""Bat_V"": 3.57, ""Exti_pin_level"": ""Low"", ""Exti_status"": ""False"", ""IDC_intput_mA"": 7.925, ""IN1_pin_level"": ""Low"", ""IN2_pin_level"": ""Low"", ""Node_type"": ""PS-LB"", ""Probe_mod"": 0, ""VDC_intput_V"": 0, ""Water_deep_cm"": 49.063}"
2025-10-09 15:29:31.212692920+00:00,ps-lb-09,2,-90,6.75,"{""Bat_V"": 3.57, ""Exti_pin_level"": ""Low"", ""Exti_status"": ""False"", ""IDC_intput_mA"": 7.915, ""IN1_pin_level"": ""Low"", ""IN2_pin_level"": ""Low"", ""Node_type"": ""PS-LB"", ""Probe_mod"": 0, ""VDC_intput_V"": 0, ""Water_deep_cm"": 48.938}"
2025-10-09 16:29:30.485088583+00:00,ps-lb-09,2,-82,7.25,"{""Bat_V"": 3.57, ""Exti_pin_level"": ""Low"", ""Exti_status"": ""False"", ""IDC_intput_mA"": 7.908, ""IN1_pin_level"": ""Low"", ""IN2_pin_level"": ""Low"", ""Node_type"": ""PS-LB"", ""Probe_mod"": 0, ""VDC_intput_V"": 0, ""Water_deep_cm"": 48.85}"
2025-10-09 17:29:29.788400669+00:00,ps-lb-09,2,-125,-9.0,"{""Bat_V"": 3.57, ""Exti_pin_level"": ""Low"", ""Exti_status"": ""False"", ""IDC_intput_mA"": 4.169, ""IN1_pin_level"": ""Low"", ""IN2_pin_level"": ""Low"", ""Node_type"": ""PS-LB"", ""Probe_mod"": 0, ""VDC_intput_V"": 0, ""Water_deep_cm"": 2.112}"
2025-10-09 18:29:29.063732056+00:00,ps-lb-09,2,-103,-3.5,"{""Bat_V"": 3.57, ""Exti_pin_level"": ""Low"", ""Exti_status"": ""False"", ""IDC_intput_mA"": 4.184, ""IN1_pin_level"": ""Low"", ""IN2_pin_level"": ""Low"", ""Node_type"": ""PS-LB"", ""Probe_mod"": 0, ""VDC_intput_V"": 0, ""Water_deep_cm"": 2.3}"
2025-10-09 19:29:28.328892233+00:00,ps-lb-09,2,-96,1.5,"{""Bat_V"": 3.57, ""Exti_pin_level"": ""Low"", ""Exti_status"": ""False"", ""IDC_intput_mA"": 4.189, ""IN1_pin_level"": ""Low"", ""IN2_pin_level"": ""Low"", ""Node_type"": ""PS-LB"", ""Probe_mod"": 0, ""VDC_intput_V"": 0, ""Water_deep_cm"": 2.363}"
2025-10-09 20:29:27.588115605+00:00,ps-lb-09,2,-98,-1.0,"{""Bat_V"": 3.57, ""Exti_pin_level"": ""Low"", ""Exti_status"": ""False"", ""IDC_intput_mA"": 4.192, ""IN1_pin_level"": ""Low"", ""IN2_pin_level"": ""Low"", ""Node_type"": ""PS-LB"", ""Probe_mod"": 0, ""VDC_intput_V"": 0, ""Water_deep_cm"": 2.4}"
2025-10-09 21:29:26.844072398+00:00,ps-lb-09,2,-99,-0.25,"{""Bat_V"": 3.576, ""Exti_pin_level"": ""Low"", ""Exti_status"": ""False"", ""IDC_intput_mA"": 4.193, ""IN1_pin_level"": ""Low"", ""IN2_pin_level"": ""Low"", ""Node_type"": ""PS-LB"", ""Probe_mod"": 0, ""VDC_intput_V"": 0, ""Water_deep_cm"": 2.412}"
2025-10-09 22:29:26.140725001+00:00,ps-lb-09,2,-97,-0.5,"{""Bat_V"": 3.576, ""Exti_pin_level"": ""Low"", ""Exti_status"": ""False"", ""IDC_intput_mA"": 4.194, ""IN1_pin_level"": ""Low"", ""IN2_pin_level"": ""Low"", ""Node_type"": ""PS-LB"", ""Probe_mod"": 0, ""VDC_intput_V"": 0, ""Water_deep_cm"": 2.425}"
2025-10-09 23:29:25.393765812+00:00,ps-lb-09,2,-98,1.0,"{""Bat_V"": 3.57, ""Exti_pin_level"": ""Low"", ""Exti_status"": ""False"", ""IDC_intput_mA"": 4.194, ""IN1_pin_level"": ""Low"", ""IN2_pin_level"": ""Low"", ""Node_type"": ""PS-LB"", ""Probe_mod"": 0, ""VDC_intput_V"": 0, ""Water_deep_cm"": 2.425}"
2025-10-10 00:29:24.665119303+00:00,ps-lb-09,2,-97,1.75,"{""Bat_V"": 3.57, ""Exti_pin_level"": ""Low"", ""Exti_status"": ""False"", ""IDC_intput_mA"": 4.194, ""IN1_pin_level"": ""Low"", ""IN2_pin_level"": ""Low"", ""Node_type"": ""PS-LB"", ""Probe_mod"": 0, ""VDC_intput_V"": 0, ""Water_deep_cm"": 2.425}"
2025-10-10 01:29:23.925797024+00:00,ps-lb-09,2,-96,-0.75,"{""Bat_V"": 3.576, ""Exti_pin_level"": ""Low"", ""Exti_status"": ""False"", ""IDC_intput_mA"": 4.194, ""IN1_pin_level"": ""Low"", ""IN2_pin_level"": ""Low"", ""Node_type"": ""PS-LB"", ""Probe_mod"": 0, ""VDC_intput_V"": 0, ""Water_deep_cm"": 2.425}"
2025-10-10 02:29:23.195858296+00:00,ps-lb-09,2,-97,2.0,"{""Bat_V"": 3.57, ""Exti_pin_level"": ""Low"", ""Exti_status"": ""False"", ""IDC_intput_mA"": 4.194, ""IN1_pin_level"": ""Low"", ""IN2_pin_level"": ""Low"", ""Node_type"": ""PS-LB"", ""Probe_mod"": 0, ""VDC_intput_V"": 0, ""Water_deep_cm"": 2.425}"
2025-10-10 03:29:22.474178596+00:00,ps-lb-09,2,-97,-0.25,"{""Bat_V"": 3.57, ""Exti_pin_level"": ""Low"", ""Exti_status"": ""False"", ""IDC_intput_mA"": 4.194, ""IN1_pin_level"": ""Low"", ""IN2_pin_level"": ""Low"", ""Node_type"": ""PS-LB"", ""Probe_mod"": 0, ""VDC_intput_V"": 0, ""Water_deep_cm"": 2.425}"
2025-10-10 04:29:21.740650622+00:00,ps-lb-09,2,-97,3.0,"{""Bat_V"": 3.576, ""Exti_pin_level"": ""Low"", ""Exti_status"": ""False"", ""IDC_intput_mA"": 4.194, ""IN1_pin_level"": ""Low"", ""IN2_pin_level"": ""Low"", ""Node_type"": ""PS-LB"", ""Probe_mod"": 0, ""VDC_intput_V"": 0, ""Water_deep_cm"": 2.425}"
2025-10-10 05:29:21.017311025+00:00,ps-lb-09,2,-98,1.0,"{""Bat_V"": 3.576, ""Exti_pin_level"": ""Low"", ""Exti_status"": ""False"", ""IDC_intput_mA"": 4.194, ""IN1_pin_level"": ""Low"", ""IN2_pin_level"": ""Low"", ""Node_type"": ""PS-LB"", ""Probe_mod"": 0, ""VDC_intput_V"": 0, ""Water_deep_cm"": 2.425}"
2025-10-10 06:29:20.303017684+00:00,ps-lb-09,2,-84,8.0,"{""Bat_V"": 3.57, ""Exti_pin_level"": ""Low"", ""Exti_status"": ""False"", ""IDC_intput_mA"": 7.818, ""IN1_pin_level"": ""Low"", ""IN2_pin_level"": ""Low"", ""Node_type"": ""PS-LB"", ""Probe_mod"": 0, ""VDC_intput_V"": 0, ""Water_deep_cm"": 47.725}"
2025-10-10 07:29:19.561318569+00:00,ps-lb-09,2,-83,7.75,"{""Bat_V"": 3.57, ""Exti_pin_level"": ""Low"", ""Exti_status"": ""False"", ""IDC_intput_mA"": 7.807, ""IN1_pin_level"": ""Low"", ""IN2_pin_level"": ""Low"", ""Node_type"": ""PS-LB"", ""Probe_mod"": 0, ""VDC_intput_V"": 0, ""Water_deep_cm"": 47.588}"
2025-10-10 08:29:18.880040574+00:00,ps-lb-09,2,-81,9.0,"{""Bat_V"": 3.57, ""Exti_pin_level"": ""Low"", ""Exti_status"": ""False"", ""IDC_intput_mA"": 7.816, ""IN1_pin_level"": ""Low"", ""IN2_pin_level"": ""Low"", ""Node_type"": ""PS-LB"", ""Probe_mod"": 0, ""VDC_intput_V"": 0, ""Water_deep_cm"": 47.7}"
2025-10-10 09:29:18.138389874+00:00,ps-lb-09,2,-83,7.25,"{""Bat_V"": 3.57, ""Exti_pin_level"": ""Low"", ""Exti_status"": ""False"", ""IDC_intput_mA"": 7.908, ""IN1_pin_level"": ""Low"", ""IN2_pin_level"": ""Low"", ""Node_type"": ""PS-LB"", ""Probe_mod"": 0, ""VDC_intput_V"": 0, ""Water_deep_cm"": 48.85}"
2025-10-10 10:29:17.427475206+00:00,ps-lb-09,2,-80,9.0,"{""Bat_V"": 3.57, ""Exti_pin_level"": ""Low"", ""Exti_status"": ""False"", ""IDC_intput_mA"": 7.997, ""IN1_pin_level"": ""Low"", ""IN2_pin_level"": ""Low"", ""Node_type"": ""PS-LB"", ""Probe_mod"": 0, ""VDC_intput_V"": 0, ""Water_deep_cm"": 49.962}"
2025-10-10 11:29:16.693846720+00:00,ps-lb-09,2,-89,4.0,"{""Bat_V"": 3.57, ""Exti_pin_level"": ""Low"", ""Exti_status"": ""False"", ""IDC_intput_mA"": 4.169, ""IN1_pin_level"": ""Low"", ""IN2_pin_level"": ""Low"", ""Node_type"": ""PS-LB"", ""Probe_mod"": 0, ""VDC_intput_V"": 0, ""Water_deep_cm"": 2.112}"
2025-10-10 12:29:15.975128962+00:00,ps-lb-09,2,-91,4.5,"{""Bat_V"": 3.57, ""Exti_pin_level"": ""Low"", ""Exti_status"": ""False"", ""IDC_intput_mA"": 4.19, ""IN1_pin_level"": ""Low"", ""IN2_pin_level"": ""Low"", ""Node_type"": ""PS-LB"", ""Probe_mod"": 0, ""VDC_intput_V"": 0, ""Water_deep_cm"": 2.375}"
2025-10-10 13:29:15.246603140+00:00,ps-lb-09,2,-92,5.5,"{""Bat_V"": 3.576, ""Exti_pin_level"": ""Low"", ""Exti_status"": ""False"", ""IDC_intput_mA"": 4.198, ""IN1_pin_level"": ""Low"", ""IN2_pin_level"": ""Low"", ""Node_type"": ""PS-LB"", ""Probe_mod"": 0, ""VDC_intput_V"": 0, ""Water_deep_cm"": 2.475}"
2025-10-10 14:29:14.499330359+00:00,ps-lb-09,2,-91,4.0,"{""Bat_V"": 3.576, ""Exti_pin_level"": ""Low"", ""Exti_status"": ""False"", ""IDC_intput_mA"": 4.202, ""IN1_pin_level"": ""Low"", ""IN2_pin_level"": ""Low"", ""Node_type"": ""PS-LB"", ""Probe_mod"": 0, ""VDC_intput_V"": 0, ""Water_deep_cm"": 2.525}"
2025-10-10 15:29:13.786872265+00:00,ps-lb-09,2,-96,3.75,"{""Bat_V"": 3.576, ""Exti_pin_level"": ""Low"", ""Exti_status"": ""False"", ""IDC_intput_mA"": 4.203, ""IN1_pin_level"": ""Low"", ""IN2_pin_level"": ""Low"", ""Node_type"": ""PS-LB"", ""Probe_mod"": 0, ""VDC_intput_V"": 0, ""Water_deep_cm"": 2.538}"
2025-10-10 16:29:13.048981498+00:00,ps-lb-09,2,-90,6.0,"{""Bat_V"": 3.57, ""Exti_pin_level"": ""Low"", ""Exti_status"": ""False"", ""IDC_intput_mA"": 4.204, ""IN1_pin_level"": ""Low"", ""IN2_pin_level"": ""Low"", ""Node_type"": ""PS-LB"", ""Probe_mod"": 0, ""VDC_intput_V"": 0, ""Water_deep_cm"": 2.55}"
2025-10-10 17:29:12.347001572+00:00,ps-lb-09,2,-91,2.25,"{""Bat_V"": 3.57, ""Exti_pin_level"": ""Low"", ""Exti_status"": ""False"", ""IDC_intput_mA"": 4.205, ""IN1_pin_level"": ""Low"", ""IN2_pin_level"": ""Low"", ""Node_type"": ""PS-LB"", ""Probe_mod"": 0, ""VDC_intput_V"": 0, ""Water_deep_cm"": 2.563}"
2025-10-10 18:29:11.598163041+00:00,ps-lb-09,2,-124,-7.0,"{""Bat_V"": 3.576, ""Exti_pin_level"": ""Low"", ""Exti_status"": ""False"", ""IDC_intput_mA"": 4.206, ""IN1_pin_level"": ""Low"", ""IN2_pin_level"": ""Low"", ""Node_type"": ""PS-LB"", ""Probe_mod"": 0, ""VDC_intput_V"": 0, ""Water_deep_cm"": 2.575}"
2025-10-10 19:29:10.870125801+00:00,ps-lb-09,2,-122,-6.0,"{""Bat_V"": 3.576, ""Exti_pin_level"": ""Low"", ""Exti_status"": ""False"", ""IDC_intput_mA"": 4.206, ""IN1_pin_level"": ""Low"", ""IN2_pin_level"": ""Low"", ""Node_type"": ""PS-LB"", ""Probe_mod"": 0, ""VDC_intput_V"": 0, ""Water_deep_cm"": 2.575}"
2025-10-10 20:29:10.143089362+00:00,ps-lb-09,2,-93,3.75,"{""Bat_V"": 3.576, ""Exti_pin_level"": ""Low"", ""Exti_status"": ""False"", ""IDC_intput_mA"": 4.206, ""IN1_pin_level"": ""Low"", ""IN2_pin_level"": ""Low"", ""Node_type"": ""PS-LB"", ""Probe_mod"": 0, ""VDC_intput_V"": 0, ""Water_deep_cm"": 2.575}"
2025-10-10 21:29:09.419679708+00:00,ps-lb-09,2,-93,4.5,"{""Bat_V"": 3.57, ""Exti_pin_level"": ""Low"", ""Exti_status"": ""False"", ""IDC_intput_mA"": 4.206, ""IN1_pin_level"": ""Low"", ""IN2_pin_level"": ""Low"", ""Node_type"": ""PS-LB"", ""Probe_mod"": 0, ""VDC_intput_V"": 0, ""Water_deep_cm"": 2.575}"
2025-10-10 22:29:08.675418359+00:00,ps-lb-09,2,-89,5.5,"{""Bat_V"": 3.576, ""Exti_pin_level"": ""Low"", ""Exti_status"": ""False"", ""IDC_intput_mA"": 4.206, ""IN1_pin_level"": ""Low"", ""IN2_pin_level"": ""Low"", ""Node_type"": ""PS-LB"", ""Probe_mod"": 0, ""VDC_intput_V"": 0, ""Water_deep_cm"": 2.575}"
2025-10-10 23:29:07.968684521+00:00,ps-lb-09,2,-92,5.0,"{""Bat_V"": 3.576, ""Exti_pin_level"": ""Low"", ""Exti_status"": ""False"", ""IDC_intput_mA"": 4.206, ""IN1_pin_level"": ""Low"", ""IN2_pin_level"": ""Low"", ""Node_type"": ""PS-LB"", ""Probe_mod"": 0, ""VDC_intput_V"": 0, ""Water_deep_cm"": 2.575}"
2025-10-11 00:29:07.221822523+00:00,ps-lb-09,2,-91,6.75,"{""Bat_V"": 3.576, ""Exti_pin_level"": ""Low"", ""Exti_status"": ""False"", ""IDC_intput_mA"": 4.206, ""IN1_pin_level"": ""Low"", ""IN2_pin_level"": ""Low"", ""Node_type"": ""PS-LB"", ""Probe_mod"": 0, ""VDC_intput_V"": 0, ""Water_deep_cm"": 2.575}"
2025-10-11 01:29:06.511166643+00:00,ps-lb-09,2,-91,3.75,"{""Bat_V"": 3.576, ""Exti_pin_level"": ""Low"", ""Exti_status"": ""False"", ""IDC_intput_mA"": 4.205, ""IN1_pin_level"": ""Low"", ""IN2_pin_level"": ""Low"", ""Node_type"": ""PS-LB"", ""Probe_mod"": 0, ""VDC_intput_V"": 0, ""Water_deep_cm"": 2.563}"
2025-10-11 02:29:05.760750679+00:00,ps-lb-09,2,-93,4.5,"{""Bat_V"": 3.576, ""Exti_pin_level"": ""Low"", ""Exti_status"": ""False"", ""IDC_intput_mA"": 4.205, ""IN1_pin_level"": ""Low"", ""IN2_pin_level"": ""Low"", ""Node_type"": ""PS-LB"", ""Probe_mod"": 0, ""VDC_intput_V"": 0, ""Water_deep_cm"": 2.563}"
2025-10-11 03:29:05.033803129+00:00,ps-lb-09,2,-91,6.25,"{""Bat_V"": 3.576, ""Exti_pin_level"": ""Low"", ""Exti_status"": ""False"", ""IDC_intput_mA"": 4.205, ""IN1_pin_level"": ""Low"", ""IN2_pin_level"": ""Low"", ""Node_type"": ""PS-LB"", ""Probe_mod"": 0, ""VDC_intput_V"": 0, ""Water_deep_cm"": 2.563}"
2025-10-11 04:29:04.353883992+00:00,ps-lb-09,2,-95,5.0,"{""Bat_V"": 3.576, ""Exti_pin_level"": ""Low"", ""Exti_status"": ""False"", ""IDC_intput_mA"": 4.204, ""IN1_pin_level"": ""Low"", ""IN2_pin_level"": ""Low"", ""Node_type"": ""PS-LB"", ""Probe_mod"": 0, ""VDC_intput_V"": 0, ""Water_deep_cm"": 2.55}"
2025-10-11 05:29:03.571322508+00:00,ps-lb-09,2,-93,3.5,"{""Bat_V"": 3.576, ""Exti_pin_level"": ""Low"", ""Exti_status"": ""False"", ""IDC_intput_mA"": 4.205, ""IN1_pin_level"": ""Low"", ""IN2_pin_level"": ""Low"", ""Node_type"": ""PS-LB"", ""Probe_mod"": 0, ""VDC_intput_V"": 0, ""Water_deep_cm"": 2.563}"
2025-10-11 06:29:02.840947116+00:00,ps-lb-09,2,-91,2.75,"{""Bat_V"": 3.576, ""Exti_pin_level"": ""Low"", ""Exti_status"": ""False"", ""IDC_intput_mA"": 4.204, ""IN1_pin_level"": ""Low"", ""IN2_pin_level"": ""Low"", ""Node_type"": ""PS-LB"", ""Probe_mod"": 0, ""VDC_intput_V"": 0, ""Water_deep_cm"": 2.55}"
2025-10-11 07:29:02.116270196+00:00,ps-lb-09,2,-93,3.0,"{""Bat_V"": 3.576, ""Exti_pin_level"": ""Low"", ""Exti_status"": ""False"", ""IDC_intput_mA"": 4.204, ""IN1_pin_level"": ""Low"", ""IN2_pin_level"": ""Low"", ""Node_type"": ""PS-LB"", ""Probe_mod"": 0, ""VDC_intput_V"": 0, ""Water_deep_cm"": 2.55}"
2025-10-11 08:29:01.391307488+00:00,ps-lb-09,2,-90,5.25,"{""Bat_V"": 3.576, ""Exti_pin_level"": ""Low"", ""Exti_status"": ""False"", ""IDC_intput_mA"": 4.204, ""IN1_pin_level"": ""Low"", ""IN2_pin_level"": ""Low"", ""Node_type"": ""PS-LB"", ""Probe_mod"": 0, ""VDC_intput_V"": 0, ""Water_deep_cm"": 2.55}"
2025-10-11 09:29:00.665588370+00:00,ps-lb-09,2,-91,3.5,"{""Bat_V"": 3.576, ""Exti_pin_level"": ""Low"", ""Exti_status"": ""False"", ""IDC_intput_mA"": 4.204, ""IN1_pin_level"": ""Low"", ""IN2_pin_level"": ""Low"", ""Node_type"": ""PS-LB"", ""Probe_mod"": 0, ""VDC_intput_V"": 0, ""Water_deep_cm"": 2.55}"
2025-10-11 10:28:59.945457972+00:00,ps-lb-09,2,-123,-8.0,"{""Bat_V"": 3.576, ""Exti_pin_level"": ""Low"", ""Exti_status"": ""False"", ""IDC_intput_mA"": 4.204, ""IN1_pin_level"": ""Low"", ""IN2_pin_level"": ""Low"", ""Node_type"": ""PS-LB"", ""Probe_mod"": 0, ""VDC_intput_V"": 0, ""Water_deep_cm"": 2.55}"
2025-10-11 11:28:59.213531668+00:00,ps-lb-09,2,-125,-9.25,"{""Bat_V"": 3.576, ""Exti_pin_level"": ""Low"", ""Exti_status"": ""False"", ""IDC_intput_mA"": 4.204, ""IN1_pin_level"": ""Low"", ""IN2_pin_level"": ""Low"", ""Node_type"": ""PS-LB"", ""Probe_mod"": 0, ""VDC_intput_V"": 0, ""Water_deep_cm"": 2.55}"
2025-10-11 12:28:58.486999693+00:00,ps-lb-09,2,-93,6.5,"{""Bat_V"": 3.576, ""Exti_pin_level"": ""Low"", ""Exti_status"": ""False"", ""IDC_intput_mA"": 4.204, ""IN1_pin_level"": ""Low"", ""IN2_pin_level"": ""Low"", ""Node_type"": ""PS-LB"", ""Probe_mod"": 0, ""VDC_intput_V"": 0, ""Water_deep_cm"": 2.55}"
2025-10-11 13:28:57.761024737+00:00,ps-lb-09,2,-95,5.25,"{""Bat_V"": 3.576, ""Exti_pin_level"": ""Low"", ""Exti_status"": ""False"", ""IDC_intput_mA"": 4.203, ""IN1_pin_level"": ""Low"", ""IN2_pin_level"": ""Low"", ""Node_type"": ""PS-LB"", ""Probe_mod"": 0, ""VDC_intput_V"": 0, ""Water_deep_cm"": 2.538}"
2025-10-11 14:28:57.028803736+00:00,ps-lb-09,2,-92,3.25,"{""Bat_V"": 3.576, ""Exti_pin_level"": ""Low"", ""Exti_status"": ""False"", ""IDC_intput_mA"": 4.203, ""IN1_pin_level"": ""Low"", ""IN2_pin_level"": ""Low"", ""Node_type"": ""PS-LB"", ""Probe_mod"": 0, ""VDC_intput_V"": 0, ""Water_deep_cm"": 2.538}"
2025-10-11 15:28:56.297970180+00:00,ps-lb-09,2,-122,-5.5,"{""Bat_V"": 3.576, ""Exti_pin_level"": ""Low"", ""Exti_status"": ""False"", ""IDC_intput_mA"": 4.203, ""IN1_pin_level"": ""Low"", ""IN2_pin_level"": ""Low"", ""Node_type"": ""PS-LB"", ""Probe_mod"": 0, ""VDC_intput_V"": 0, ""Water_deep_cm"": 2.538}"
2025-10-11 16:28:55.557811364+00:00,ps-lb-09,2,-92,2.25,"{""Bat_V"": 3.576, ""Exti_pin_level"": ""Low"", ""Exti_status"": ""False"", ""IDC_intput_mA"": 4.203, ""IN1_pin_level"": ""Low"", ""IN2_pin_level"": ""Low"", ""Node_type"": ""PS-LB"", ""Probe_mod"": 0, ""VDC_intput_V"": 0, ""Water_deep_cm"": 2.538}"
2025-10-11 17:28:54.825298025+00:00,ps-lb-09,2,-91,3.25,"{""Bat_V"": 3.576, ""Exti_pin_level"": ""Low"", ""Exti_status"": ""False"", ""IDC_intput_mA"": 4.203, ""IN1_pin_level"": ""Low"", ""IN2_pin_level"": ""Low"", ""Node_type"": ""PS-LB"", ""Probe_mod"": 0, ""VDC_intput_V"": 0, ""Water_deep_cm"": 2.538}"
2025-10-11 18:28:54.105742116+00:00,ps-lb-09,2,-91,7.0,"{""Bat_V"": 3.576, ""Exti_pin_level"": ""Low"", ""Exti_status"": ""False"", ""IDC_intput_mA"": 4.202, ""IN1_pin_level"": ""Low"", ""IN2_pin_level"": ""Low"", ""Node_type"": ""PS-LB"", ""Probe_mod"": 0, ""VDC_intput_V"": 0, ""Water_deep_cm"": 2.525}"
2025-10-11 19:28:53.379937136+00:00,ps-lb-09,2,-91,7.5,"{""Bat_V"": 3.576, ""Exti_pin_level"": ""Low"", ""Exti_status"": ""False"", ""IDC_intput_mA"": 4.202, ""IN1_pin_level"": ""Low"", ""IN2_pin_level"": ""Low"", ""Node_type"": ""PS-LB"", ""Probe_mod"": 0, ""VDC_intput_V"": 0, ""Water_deep_cm"": 2.525}"
2025-10-11 20:28:52.667596630+00:00,ps-lb-09,2,-93,5.5,"{""Bat_V"": 3.576, ""Exti_pin_level"": ""Low"", ""Exti_status"": ""False"", ""IDC_intput_mA"": 4.202, ""IN1_pin_level"": ""Low"", ""IN2_pin_level"": ""Low"", ""Node_type"": ""PS-LB"", ""Probe_mod"": 0, ""VDC_intput_V"": 0, ""Water_deep_cm"": 2.525}"
2025-10-11 21:28:51.918632579+00:00,ps-lb-09,2,-95,5.0,"{""Bat_V"": 3.576, ""Exti_pin_level"": ""Low"", ""Exti_status"": ""False"", ""IDC_intput_mA"": 4.202, ""IN1_pin_level"": ""Low"", ""IN2_pin_level"": ""Low"", ""Node_type"": ""PS-LB"", ""Probe_mod"": 0, ""VDC_intput_V"": 0, ""Water_deep_cm"": 2.525}"
2025-10-11 22:28:51.206519804+00:00,ps-lb-09,2,-93,2.0,"{""Bat_V"": 3.576, ""Exti_pin_level"": ""Low"", ""Exti_status"": ""False"", ""IDC_intput_mA"": 4.202, ""IN1_pin_level"": ""Low"", ""IN2_pin_level"": ""Low"", ""Node_type"": ""PS-LB"", ""Probe_mod"": 0, ""VDC_intput_V"": 0, ""Water_deep_cm"": 2.525}"
2025-10-11 23:28:50.448310168+00:00,ps-lb-09,2,-94,2.25,"{""Bat_V"": 3.576, ""Exti_pin_level"": ""Low"", ""Exti_status"": ""False"", ""IDC_intput_mA"": 4.202, ""IN1_pin_level"": ""Low"", ""IN2_pin_level"": ""Low"", ""Node_type"": ""PS-LB"", ""Probe_mod"": 0, ""VDC_intput_V"": 0, ""Water_deep_cm"": 2.525}"
2025-10-12 00:28:49.740069207+00:00,ps-lb-09,2,-92,6.75,"{""Bat_V"": 3.576, ""Exti_pin_level"": ""Low"", ""Exti_status"": ""False"", ""IDC_intput_mA"": 4.202, ""IN1_pin_level"": ""Low"", ""IN2_pin_level"": ""Low"", ""Node_type"": ""PS-LB"", ""Probe_mod"": 0, ""VDC_intput_V"": 0, ""Water_deep_cm"": 2.525}"
2025-10-12 01:28:49.022492396+00:00,ps-lb-09,2,-91,4.75,"{""Bat_V"": 3.576, ""Exti_pin_level"": ""Low"", ""Exti_status"": ""False"", ""IDC_intput_mA"": 4.202, ""IN1_pin_level"": ""Low"", ""IN2_pin_level"": ""Low"", ""Node_type"": ""PS-LB"", ""Probe_mod"": 0, ""VDC_intput_V"": 0, ""Water_deep_cm"": 2.525}"
2025-10-12 02:28:48.308551695+00:00,ps-lb-09,2,-92,6.5,"{""Bat_V"": 3.576, ""Exti_pin_level"": ""Low"", ""Exti_status"": ""False"", ""IDC_intput_mA"": 4.202, ""IN1_pin_level"": ""Low"", ""IN2_pin_level"": ""Low"", ""Node_type"": ""PS-LB"", ""Probe_mod"": 0, ""VDC_intput_V"": 0, ""Water_deep_cm"": 2.525}"
2025-10-12 03:28:47.562743025+00:00,ps-lb-09,2,-124,-8.0,"{""Bat_V"": 3.576, ""Exti_pin_level"": ""Low"", ""Exti_status"": ""False"", ""IDC_intput_mA"": 4.202, ""IN1_pin_level"": ""Low"", ""IN2_pin_level"": ""Low"", ""Node_type"": ""PS-LB"", ""Probe_mod"": 0, ""VDC_intput_V"": 0, ""Water_deep_cm"": 2.525}"
2025-10-12 04:28:46.842277527+00:00,ps-lb-09,2,-96,2.25,"{""Bat_V"": 3.576, ""Exti_pin_level"": ""Low"", ""Exti_status"": ""False"", ""IDC_intput_mA"": 4.202, ""IN1_pin_level"": ""Low"", ""IN2_pin_level"": ""Low"", ""Node_type"": ""PS-LB"", ""Probe_mod"": 0, ""VDC_intput_V"": 0, ""Water_deep_cm"": 2.525}"
2025-10-12 05:28:46.119625014+00:00,ps-lb-09,2,-93,4.5,"{""Bat_V"": 3.576, ""Exti_pin_level"": ""Low"", ""Exti_status"": ""False"", ""IDC_intput_mA"": 4.201, ""IN1_pin_level"": ""Low"", ""IN2_pin_level"": ""Low"", ""Node_type"": ""PS-LB"", ""Probe_mod"": 0, ""VDC_intput_V"": 0, ""Water_deep_cm"": 2.512}"
2025-10-12 06:28:45.387886190+00:00,ps-lb-09,2,-121,-5.5,"{""Bat_V"": 3.576, ""Exti_pin_level"": ""Low"", ""Exti_status"": ""False"", ""IDC_intput_mA"": 4.201, ""IN1_pin_level"": ""Low"", ""IN2_pin_level"": ""Low"", ""Node_type"": ""PS-LB"", ""Probe_mod"": 0, ""VDC_intput_V"": 0, ""Water_deep_cm"": 2.512}"
2025-10-12 07:28:44.652212245+00:00,ps-lb-09,2,-96,2.75,"{""Bat_V"": 3.576, ""Exti_pin_level"": ""Low"", ""Exti_status"": ""False"", ""IDC_intput_mA"": 4.201, ""IN1_pin_level"": ""Low"", ""IN2_pin_level"": ""Low"", ""Node_type"": ""PS-LB"", ""Probe_mod"": 0, ""VDC_intput_V"": 0, ""Water_deep_cm"": 2.512}"
2025-10-12 08:28:43.935574874+00:00,ps-lb-09,2,-93,4.25,"{""Bat_V"": 3.576, ""Exti_pin_level"": ""Low"", ""Exti_status"": ""False"", ""IDC_intput_mA"": 4.201, ""IN1_pin_level"": ""Low"", ""IN2_pin_level"": ""Low"", ""Node_type"": ""PS-LB"", ""Probe_mod"": 0, ""VDC_intput_V"": 0, ""Water_deep_cm"": 2.512}"
2025-10-12 09:28:43.199091171+00:00,ps-lb-09,2,-93,3.5,"{""Bat_V"": 3.576, ""Exti_pin_level"": ""Low"", ""Exti_status"": ""False"", ""IDC_intput_mA"": 4.201, ""IN1_pin_level"": ""Low"", ""IN2_pin_level"": ""Low"", ""Node_type"": ""PS-LB"", ""Probe_mod"": 0, ""VDC_intput_V"": 0, ""Water_deep_cm"": 2.512}"
2025-10-12 10:28:42.473523049+00:00,ps-lb-09,2,-93,3.5,"{""Bat_V"": 3.57, ""Exti_pin_level"": ""Low"", ""Exti_status"": ""False"", ""IDC_intput_mA"": 4.2, ""IN1_pin_level"": ""Low"", ""IN2_pin_level"": ""Low"", ""Node_type"": ""PS-LB"", ""Probe_mod"": 0, ""VDC_intput_V"": 0, ""Water_deep_cm"": 2.5}"
2025-10-12 11:28:41.735158380+00:00,ps-lb-09,2,-92,7.25,"{""Bat_V"": 3.576, ""Exti_pin_level"": ""Low"", ""Exti_status"": ""False"", ""IDC_intput_mA"": 4.2, ""IN1_pin_level"": ""Low"", ""IN2_pin_level"": ""Low"", ""Node_type"": ""PS-LB"", ""Probe_mod"": 0, ""VDC_intput_V"": 0, ""Water_deep_cm"": 2.5}"
2025-10-12 12:28:41.223555882+00:00,ps-lb-09,2,-92,4.75,"{""Bat_V"": 3.576, ""Exti_pin_level"": ""Low"", ""Exti_status"": ""False"", ""IDC_intput_mA"": 4.2, ""IN1_pin_level"": ""Low"", ""IN2_pin_level"": ""Low"", ""Node_type"": ""PS-LB"", ""Probe_mod"": 0, ""VDC_intput_V"": 0, ""Water_deep_cm"": 2.5}"
2025-10-12 13:28:40.276061087+00:00,ps-lb-09,2,-93,7.0,"{""Bat_V"": 3.576, ""Exti_pin_level"": ""Low"", ""Exti_status"": ""False"", ""IDC_intput_mA"": 4.2, ""IN1_pin_level"": ""Low"", ""IN2_pin_level"": ""Low"", ""Node_type"": ""PS-LB"", ""Probe_mod"": 0, ""VDC_intput_V"": 0, ""Water_deep_cm"": 2.5}"
2025-10-12 14:28:39.576305537+00:00,ps-lb-09,2,-93,2.5,"{""Bat_V"": 3.576, ""Exti_pin_level"": ""Low"", ""Exti_status"": ""False"", ""IDC_intput_mA"": 4.2, ""IN1_pin_level"": ""Low"", ""IN2_pin_level"": ""Low"", ""Node_type"": ""PS-LB"", ""Probe_mod"": 0, ""VDC_intput_V"": 0, ""Water_deep_cm"": 2.5}"
2025-10-12 15:28:38.835625756+00:00,ps-lb-09,2,-96,4.5,"{""Bat_V"": 3.576, ""Exti_pin_level"": ""Low"", ""Exti_status"": ""False"", ""IDC_intput_mA"": 4.2, ""IN1_pin_level"": ""Low"", ""IN2_pin_level"": ""Low"", ""Node_type"": ""PS-LB"", ""Probe_mod"": 0, ""VDC_intput_V"": 0, ""Water_deep_cm"": 2.5}"
2025-10-12 16:28:38.113654901+00:00,ps-lb-09,2,-122,-9.0,"{""Bat_V"": 3.576, ""Exti_pin_level"": ""Low"", ""Exti_status"": ""False"", ""IDC_intput_mA"": 4.2, ""IN1_pin_level"": ""Low"", ""IN2_pin_level"": ""Low"", ""Node_type"": ""PS-LB"", ""Probe_mod"": 0, ""VDC_intput_V"": 0, ""Water_deep_cm"": 2.5}"
2025-10-12 17:28:37.372831426+00:00,ps-lb-09,2,-92,2.75,"{""Bat_V"": 3.576, ""Exti_pin_level"": ""Low"", ""Exti_status"": ""False"", ""IDC_intput_mA"": 4.2, ""IN1_pin_level"": ""Low"", ""IN2_pin_level"": ""Low"", ""Node_type"": ""PS-LB"", ""Probe_mod"": 0, ""VDC_intput_V"": 0, ""Water_deep_cm"": 2.5}"
2025-10-12 18:28:36.661130789+00:00,ps-lb-09,2,-93,4.25,"{""Bat_V"": 3.576, ""Exti_pin_level"": ""Low"", ""Exti_status"": ""False"", ""IDC_intput_mA"": 4.2, ""IN1_pin_level"": ""Low"", ""IN2_pin_level"": ""Low"", ""Node_type"": ""PS-LB"", ""Probe_mod"": 0, ""VDC_intput_V"": 0, ""Water_deep_cm"": 2.5}"
2025-10-12 19:28:35.930611216+00:00,ps-lb-09,2,-93,6.0,"{""Bat_V"": 3.576, ""Exti_pin_level"": ""Low"", ""Exti_status"": ""False"", ""IDC_intput_mA"": 4.2, ""IN1_pin_level"": ""Low"", ""IN2_pin_level"": ""Low"", ""Node_type"": ""PS-LB"", ""Probe_mod"": 0, ""VDC_intput_V"": 0, ""Water_deep_cm"": 2.5}"
2025-10-12 20:28:35.200438715+00:00,ps-lb-09,2,-95,4.25,"{""Bat_V"": 3.576, ""Exti_pin_level"": ""Low"", ""Exti_status"": ""False"", ""IDC_intput_mA"": 4.2, ""IN1_pin_level"": ""Low"", ""IN2_pin_level"": ""Low"", ""Node_type"": ""PS-LB"", ""Probe_mod"": 0, ""VDC_intput_V"": 0, ""Water_deep_cm"": 2.5}"
2025-10-12 21:28:34.477851874+00:00,ps-lb-09,2,-95,5.75,"{""Bat_V"": 3.576, ""Exti_pin_level"": ""Low"", ""Exti_status"": ""False"", ""IDC_intput_mA"": 4.2, ""IN1_pin_level"": ""Low"", ""IN2_pin_level"": ""Low"", ""Node_type"": ""PS-LB"", ""Probe_mod"": 0, ""VDC_intput_V"": 0, ""Water_deep_cm"": 2.5}"
2025-10-12 22:28:33.727951593+00:00,ps-lb-09,2,-92,4.75,"{""Bat_V"": 3.576, ""Exti_pin_level"": ""Low"", ""Exti_status"": ""False"", ""IDC_intput_mA"": 4.2, ""IN1_pin_level"": ""Low"", ""IN2_pin_level"": ""Low"", ""Node_type"": ""PS-LB"", ""Probe_mod"": 0, ""VDC_intput_V"": 0, ""Water_deep_cm"": 2.5}"
2025-10-12 23:28:33.025632890+00:00,ps-lb-09,2,-96,,"{""Bat_V"": 3.576, ""Exti_pin_level"": ""Low"", ""Exti_status"": ""False"", ""IDC_intput_mA"": 4.2, ""IN1_pin_level"": ""Low"", ""IN2_pin_level"": ""Low"", ""Node_type"": ""PS-LB"", ""Probe_mod"": 0, ""VDC_intput_V"": 0, ""Water_deep_cm"": 2.5}"
2025-10-13 00:28:32.286135713+00:00,ps-lb-09,2,-91,4.0,"{""Bat_V"": 3.576, ""Exti_pin_level"": ""Low"", ""Exti_status"": ""False"", ""IDC_intput_mA"": 4.2, ""IN1_pin_level"": ""Low"", ""IN2_pin_level"": ""Low"", ""Node_type"": ""PS-LB"", ""Probe_mod"": 0, ""VDC_intput_V"": 0, ""Water_deep_cm"": 2.5}"
2025-10-13 01:28:31.564412349+00:00,ps-lb-09,2,-92,2.5,"{""Bat_V"": 3.576, ""Exti_pin_level"": ""Low"", ""Exti_status"": ""False"", ""IDC_intput_mA"": 4.2, ""IN1_pin_level"": ""Low"", ""IN2_pin_level"": ""Low"", ""Node_type"": ""PS-LB"", ""Probe_mod"": 0, ""VDC_intput_V"": 0, ""Water_deep_cm"": 2.5}"
2025-10-13 02:28:30.839223630+00:00,ps-lb-09,2,-95,5.25,"{""Bat_V"": 3.57, ""Exti_pin_level"": ""Low"", ""Exti_status"": ""False"", ""IDC_intput_mA"": 4.2, ""IN1_pin_level"": ""Low"", ""IN2_pin_level"": ""Low"", ""Node_type"": ""PS-LB"", ""Probe_mod"": 0, ""VDC_intput_V"": 0, ""Water_deep_cm"": 2.5}"
2025-10-13 03:28:30.113700+00:00,ps-lb-09,2,-124,-8.25,"{""Bat_V"": 3.576, ""Exti_pin_level"": ""Low"", ""Exti_status"": ""False"", ""IDC_intput_mA"": 4.199, ""IN1_pin_level"": ""Low"", ""IN2_pin_level"": ""Low"", ""Node_type"": ""PS-LB"", ""Probe_mod"": 0, ""VDC_intput_V"": 0, ""Water_deep_cm"": 2.487}"
2025-10-13 04:28:29.376205813+00:00,ps-lb-09,2,-94,3.25,"{""Bat_V"": 3.576, ""Exti_pin_level"": ""Low"", ""Exti_status"": ""False"", ""IDC_intput_mA"": 4.2, ""IN1_pin_level"": ""Low"", ""IN2_pin_level"": ""Low"", ""Node_type"": ""PS-LB"", ""Probe_mod"": 0, ""VDC_intput_V"": 0, ""Water_deep_cm"": 2.5}"
2025-10-13 05:28:28.644045965+00:00,ps-lb-09,2,-93,6.25,"{""Bat_V"": 3.576, ""Exti_pin_level"": ""Low"", ""Exti_status"": ""False"", ""IDC_intput_mA"": 4.2, ""IN1_pin_level"": ""Low"", ""IN2_pin_level"": ""Low"", ""Node_type"": ""PS-LB"", ""Probe_mod"": 0, ""VDC_intput_V"": 0, ""Water_deep_cm"": 2.5}"
2025-10-13 06:28:27.915613264+00:00,ps-lb-09,2,-93,3.75,"{""Bat_V"": 3.576, ""Exti_pin_level"": ""Low"", ""Exti_status"": ""False"", ""IDC_intput_mA"": 4.2, ""IN1_pin_level"": ""Low"", ""IN2_pin_level"": ""Low"", ""Node_type"": ""PS-LB"", ""Probe_mod"": 0, ""VDC_intput_V"": 0, ""Water_deep_cm"": 2.5}"
2025-10-13 07:28:27.225421194+00:00,ps-lb-09,2,-96,4.0,"{""Bat_V"": 3.576, ""Exti_pin_level"": ""Low"", ""Exti_status"": ""False"", ""IDC_intput_mA"": 4.201, ""IN1_pin_level"": ""Low"", ""IN2_pin_level"": ""Low"", ""Node_type"": ""PS-LB"", ""Probe_mod"": 0, ""VDC_intput_V"": 0, ""Water_deep_cm"": 2.512}"
2025-10-13 08:28:26.466931553+00:00,ps-lb-09,2,-91,4.5,"{""Bat_V"": 3.576, ""Exti_pin_level"": ""Low"", ""Exti_status"": ""False"", ""IDC_intput_mA"": 4.201, ""IN1_pin_level"": ""Low"", ""IN2_pin_level"": ""Low"", ""Node_type"": ""PS-LB"", ""Probe_mod"": 0, ""VDC_intput_V"": 0, ""Water_deep_cm"": 2.512}"
2025-10-13 09:28:25.732452249+00:00,ps-lb-09,2,-92,1.5,"{""Bat_V"": 3.576, ""Exti_pin_level"": ""Low"", ""Exti_status"": ""False"", ""IDC_intput_mA"": 4.202, ""IN1_pin_level"": ""Low"", ""IN2_pin_level"": ""Low"", ""Node_type"": ""PS-LB"", ""Probe_mod"": 0, ""VDC_intput_V"": 0, ""Water_deep_cm"": 2.525}"
2025-10-13 10:28:25.021815892+00:00,ps-lb-09,2,-90,8.0,"{""Bat_V"": 3.576, ""Exti_pin_level"": ""Low"", ""Exti_status"": ""False"", ""IDC_intput_mA"": 4.202, ""IN1_pin_level"": ""Low"", ""IN2_pin_level"": ""Low"", ""Node_type"": ""PS-LB"", ""Probe_mod"": 0, ""VDC_intput_V"": 0, ""Water_deep_cm"": 2.525}"
2025-10-13 11:28:24.277803313+00:00,ps-lb-09,2,-90,6.25,"{""Bat_V"": 3.576, ""Exti_pin_level"": ""Low"", ""Exti_status"": ""False"", ""IDC_intput_mA"": 4.202, ""IN1_pin_level"": ""Low"", ""IN2_pin_level"": ""Low"", ""Node_type"": ""PS-LB"", ""Probe_mod"": 0, ""VDC_intput_V"": 0, ""Water_deep_cm"": 2.525}"
2025-10-13 12:28:23.547512309+00:00,ps-lb-09,2,-91,7.5,"{""Bat_V"": 3.576, ""Exti_pin_level"": ""Low"", ""Exti_status"": ""False"", ""IDC_intput_mA"": 4.203, ""IN1_pin_level"": ""Low"", ""IN2_pin_level"": ""Low"", ""Node_type"": ""PS-LB"", ""Probe_mod"": 0, ""VDC_intput_V"": 0, ""Water_deep_cm"": 2.538}"
2025-10-13 13:28:22.838248556+00:00,ps-lb-09,2,-92,5.75,"{""Bat_V"": 3.576, ""Exti_pin_level"": ""Low"", ""Exti_status"": ""False"", ""IDC_intput_mA"": 4.203, ""IN1_pin_level"": ""Low"", ""IN2_pin_level"": ""Low"", ""Node_type"": ""PS-LB"", ""Probe_mod"": 0, ""VDC_intput_V"": 0, ""Water_deep_cm"": 2.538}"
2025-10-13 14:28:22.090411544+00:00,ps-lb-09,2,-92,2.25,"{""Bat_V"": 3.576, ""Exti_pin_level"": ""Low"", ""Exti_status"": ""False"", ""IDC_intput_mA"": 4.203, ""IN1_pin_level"": ""Low"", ""IN2_pin_level"": ""Low"", ""Node_type"": ""PS-LB"", ""Probe_mod"": 0, ""VDC_intput_V"": 0, ""Water_deep_cm"": 2.538}"
2025-10-13 15:28:21.346641061+00:00,ps-lb-09,2,-124,-8.25,"{""Bat_V"": 3.576, ""Exti_pin_level"": ""Low"", ""Exti_status"": ""False"", ""IDC_intput_mA"": 4.203, ""IN1_pin_level"": ""Low"", ""IN2_pin_level"": ""Low"", ""Node_type"": ""PS-LB"", ""Probe_mod"": 0, ""VDC_intput_V"": 0, ""Water_deep_cm"": 2.538}"
2025-10-13 16:28:20.621563503+00:00,ps-lb-09,2,-92,3.25,"{""Bat_V"": 3.576, ""Exti_pin_level"": ""Low"", ""Exti_status"": ""False"", ""IDC_intput_mA"": 4.203, ""IN1_pin_level"": ""Low"", ""IN2_pin_level"": ""Low"", ""Node_type"": ""PS-LB"", ""Probe_mod"": 0, ""VDC_intput_V"": 0, ""Water_deep_cm"": 2.538}"
2025-10-13 17:28:19.892314113+00:00,ps-lb-09,2,-92,2.75,"{""Bat_V"": 3.576, ""Exti_pin_level"": ""Low"", ""Exti_status"": ""False"", ""IDC_intput_mA"": 4.204, ""IN1_pin_level"": ""Low"", ""IN2_pin_level"": ""Low"", ""Node_type"": ""PS-LB"", ""Probe_mod"": 0, ""VDC_intput_V"": 0, ""Water_deep_cm"": 2.55}"
2025-10-13 18:28:19.180787613+00:00,ps-lb-09,2,-92,3.25,"{""Bat_V"": 3.576, ""Exti_pin_level"": ""Low"", ""Exti_status"": ""False"", ""IDC_intput_mA"": 4.204, ""IN1_pin_level"": ""Low"", ""IN2_pin_level"": ""Low"", ""Node_type"": ""PS-LB"", ""Probe_mod"": 0, ""VDC_intput_V"": 0, ""Water_deep_cm"": 2.55}"
2025-10-13 19:28:18.452305485+00:00,ps-lb-09,2,-93,5.75,"{""Bat_V"": 3.576, ""Exti_pin_level"": ""Low"", ""Exti_status"": ""False"", ""IDC_intput_mA"": 4.204, ""IN1_pin_level"": ""Low"", ""IN2_pin_level"": ""Low"", ""Node_type"": ""PS-LB"", ""Probe_mod"": 0, ""VDC_intput_V"": 0, ""Water_deep_cm"": 2.55}"
2025-10-13 20:28:17.697184114+00:00,ps-lb-09,2,-95,4.5,"{""Bat_V"": 3.576, ""Exti_pin_level"": ""Low"", ""Exti_status"": ""False"", ""IDC_intput_mA"": 4.204, ""IN1_pin_level"": ""Low"", ""IN2_pin_level"": ""Low"", ""Node_type"": ""PS-LB"", ""Probe_mod"": 0, ""VDC_intput_V"": 0, ""Water_deep_cm"": 2.55}"
2025-10-13 21:28:16.980137365+00:00,ps-lb-09,2,-93,5.0,"{""Bat_V"": 3.576, ""Exti_pin_level"": ""Low"", ""Exti_status"": ""False"", ""IDC_intput_mA"": 4.204, ""IN1_pin_level"": ""Low"", ""IN2_pin_level"": ""Low"", ""Node_type"": ""PS-LB"", ""Probe_mod"": 0, ""VDC_intput_V"": 0, ""Water_deep_cm"": 2.55}"
2025-10-13 22:28:16.263419912+00:00,ps-lb-09,2,-93,4.25,"{""Bat_V"": 3.576, ""Exti_pin_level"": ""Low"", ""Exti_status"": ""False"", ""IDC_intput_mA"": 4.204, ""IN1_pin_level"": ""Low"", ""IN2_pin_level"": ""Low"", ""Node_type"": ""PS-LB"", ""Probe_mod"": 0, ""VDC_intput_V"": 0, ""Water_deep_cm"": 2.55}"
2025-10-13 23:28:15.523165264+00:00,ps-lb-09,2,-95,3.5,"{""Bat_V"": 3.576, ""Exti_pin_level"": ""Low"", ""Exti_status"": ""False"", ""IDC_intput_mA"": 4.204, ""IN1_pin_level"": ""Low"", ""IN2_pin_level"": ""Low"", ""Node_type"": ""PS-LB"", ""Probe_mod"": 0, ""VDC_intput_V"": 0, ""Water_deep_cm"": 2.55}"
2025-10-14 00:28:14.805174785+00:00,ps-lb-09,2,-93,2.75,"{""Bat_V"": 3.576, ""Exti_pin_level"": ""Low"", ""Exti_status"": ""False"", ""IDC_intput_mA"": 4.204, ""IN1_pin_level"": ""Low"", ""IN2_pin_level"": ""Low"", ""Node_type"": ""PS-LB"", ""Probe_mod"": 0, ""VDC_intput_V"": 0, ""Water_deep_cm"": 2.55}"
2025-10-14 01:28:14.089275714+00:00,ps-lb-09,2,-123,-7.0,"{""Bat_V"": 3.576, ""Exti_pin_level"": ""Low"", ""Exti_status"": ""False"", ""IDC_intput_mA"": 4.203, ""IN1_pin_level"": ""Low"", ""IN2_pin_level"": ""Low"", ""Node_type"": ""PS-LB"", ""Probe_mod"": 0, ""VDC_intput_V"": 0, ""Water_deep_cm"": 2.538}"
2025-10-14 02:28:13.362314712+00:00,ps-lb-09,2,-92,7.5,"{""Bat_V"": 3.576, ""Exti_pin_level"": ""Low"", ""Exti_status"": ""False"", ""IDC_intput_mA"": 4.204, ""IN1_pin_level"": ""Low"", ""IN2_pin_level"": ""Low"", ""Node_type"": ""PS-LB"", ""Probe_mod"": 0, ""VDC_intput_V"": 0, ""Water_deep_cm"": 2.55}"
2025-10-14 03:28:12.604140371+00:00,ps-lb-09,2,-123,-6.75,"{""Bat_V"": 3.576, ""Exti_pin_level"": ""Low"", ""Exti_status"": ""False"", ""IDC_intput_mA"": 4.203, ""IN1_pin_level"": ""Low"", ""IN2_pin_level"": ""Low"", ""Node_type"": ""PS-LB"", ""Probe_mod"": 0, ""VDC_intput_V"": 0, ""Water_deep_cm"": 2.538}"
2025-10-14 04:28:11.910085016+00:00,ps-lb-09,2,-95,4.5,"{""Bat_V"": 3.576, ""Exti_pin_level"": ""Low"", ""Exti_status"": ""False"", ""IDC_intput_mA"": 4.203, ""IN1_pin_level"": ""Low"", ""IN2_pin_level"": ""Low"", ""Node_type"": ""PS-LB"", ""Probe_mod"": 0, ""VDC_intput_V"": 0, ""Water_deep_cm"": 2.538}"
2025-10-14 05:28:11.390499610+00:00,ps-lb-09,2,-93,6.25,"{""Bat_V"": 3.576, ""Exti_pin_level"": ""Low"", ""Exti_status"": ""False"", ""IDC_intput_mA"": 4.202, ""IN1_pin_level"": ""Low"", ""IN2_pin_level"": ""Low"", ""Node_type"": ""PS-LB"", ""Probe_mod"": 0, ""VDC_intput_V"": 0, ""Water_deep_cm"": 2.525}"
2025-10-14 06:28:10.451581349+00:00,ps-lb-09,2,-95,-4.25,"{""Bat_V"": 3.576, ""Exti_pin_level"": ""Low"", ""Exti_status"": ""False"", ""IDC_intput_mA"": 4.202, ""IN1_pin_level"": ""Low"", ""IN2_pin_level"": ""Low"", ""Node_type"": ""PS-LB"", ""Probe_mod"": 0, ""VDC_intput_V"": 0, ""Water_deep_cm"": 2.525}"
2025-10-14 07:28:09.756735025+00:00,ps-lb-09,2,-98,-1.75,"{""Bat_V"": 3.576, ""Exti_pin_level"": ""Low"", ""Exti_status"": ""False"", ""IDC_intput_mA"": 4.202, ""IN1_pin_level"": ""Low"", ""IN2_pin_level"": ""Low"", ""Node_type"": ""PS-LB"", ""Probe_mod"": 0, ""VDC_intput_V"": 0, ""Water_deep_cm"": 2.525}"
2025-10-14 08:28:08.975009566+00:00,ps-lb-09,2,-96,0.25,"{""Bat_V"": 3.576, ""Exti_pin_level"": ""Low"", ""Exti_status"": ""False"", ""IDC_intput_mA"": 4.202, ""IN1_pin_level"": ""Low"", ""IN2_pin_level"": ""Low"", ""Node_type"": ""PS-LB"", ""Probe_mod"": 0, ""VDC_intput_V"": 0, ""Water_deep_cm"": 2.525}"
2025-10-14 09:28:08.230278071+00:00,ps-lb-09,2,-99,-3.5,"{""Bat_V"": 3.576, ""Exti_pin_level"": ""Low"", ""Exti_status"": ""False"", ""IDC_intput_mA"": 4.202, ""IN1_pin_level"": ""Low"", ""IN2_pin_level"": ""Low"", ""Node_type"": ""PS-LB"", ""Probe_mod"": 0, ""VDC_intput_V"": 0, ""Water_deep_cm"": 2.525}"
2025-10-14 10:28:07.501046220+00:00,ps-lb-09,2,-96,3.0,"{""Bat_V"": 3.576, ""Exti_pin_level"": ""Low"", ""Exti_status"": ""False"", ""IDC_intput_mA"": 4.202, ""IN1_pin_level"": ""Low"", ""IN2_pin_level"": ""Low"", ""Node_type"": ""PS-LB"", ""Probe_mod"": 0, ""VDC_intput_V"": 0, ""Water_deep_cm"": 2.525}"
2025-10-14 12:28:06.040790003+00:00,ps-lb-09,2,-97,,"{""Bat_V"": 3.576, ""Exti_pin_level"": ""Low"", ""Exti_status"": ""False"", ""IDC_intput_mA"": 4.202, ""IN1_pin_level"": ""Low"", ""IN2_pin_level"": ""Low"", ""Node_type"": ""PS-LB"", ""Probe_mod"": 0, ""VDC_intput_V"": 0, ""Water_deep_cm"": 2.525}"
2025-10-14 13:28:05.331692549+00:00,ps-lb-09,2,-97,1.0,"{""Bat_V"": 3.576, ""Exti_pin_level"": ""Low"", ""Exti_status"": ""False"", ""IDC_intput_mA"": 4.202, ""IN1_pin_level"": ""Low"", ""IN2_pin_level"": ""Low"", ""Node_type"": ""PS-LB"", ""Probe_mod"": 0, ""VDC_intput_V"": 0, ""Water_deep_cm"": 2.525}"
2025-10-14 14:28:04.591544483+00:00,ps-lb-09,2,-96,,"{""Bat_V"": 3.576, ""Exti_pin_level"": ""Low"", ""Exti_status"": ""False"", ""IDC_intput_mA"": 4.202, ""IN1_pin_level"": ""Low"", ""IN2_pin_level"": ""Low"", ""Node_type"": ""PS-LB"", ""Probe_mod"": 0, ""VDC_intput_V"": 0, ""Water_deep_cm"": 2.525}"
2025-10-14 15:28:03.846249941+00:00,ps-lb-09,2,-99,-2.5,"{""Bat_V"": 3.576, ""Exti_pin_level"": ""Low"", ""Exti_status"": ""False"", ""IDC_intput_mA"": 4.203, ""IN1_pin_level"": ""Low"", ""IN2_pin_level"": ""Low"", ""Node_type"": ""PS-LB"", ""Probe_mod"": 0, ""VDC_intput_V"": 0, ""Water_deep_cm"": 2.538}"
2025-10-14 16:28:03.137008108+00:00,ps-lb-09,2,-97,-2.75,"{""Bat_V"": 3.576, ""Exti_pin_level"": ""Low"", ""Exti_status"": ""False"", ""IDC_intput_mA"": 4.203, ""IN1_pin_level"": ""Low"", ""IN2_pin_level"": ""Low"", ""Node_type"": ""PS-LB"", ""Probe_mod"": 0, ""VDC_intput_V"": 0, ""Water_deep_cm"": 2.538}"
2025-10-14 17:28:02.392411002+00:00,ps-lb-09,2,-97,-3.0,"{""Bat_V"": 3.576, ""Exti_pin_level"": ""Low"", ""Exti_status"": ""False"", ""IDC_intput_mA"": 4.203, ""IN1_pin_level"": ""Low"", ""IN2_pin_level"": ""Low"", ""Node_type"": ""PS-LB"", ""Probe_mod"": 0, ""VDC_intput_V"": 0, ""Water_deep_cm"": 2.538}"
2025-10-14 18:28:01.677724497+00:00,ps-lb-09,2,-99,1.0,"{""Bat_V"": 3.576, ""Exti_pin_level"": ""Low"", ""Exti_status"": ""False"", ""IDC_intput_mA"": 4.203, ""IN1_pin_level"": ""Low"", ""IN2_pin_level"": ""Low"", ""Node_type"": ""PS-LB"", ""Probe_mod"": 0, ""VDC_intput_V"": 0, ""Water_deep_cm"": 2.538}"
2025-10-14 19:28:00.947110529+00:00,ps-lb-09,2,-98,-0.25,"{""Bat_V"": 3.576, ""Exti_pin_level"": ""Low"", ""Exti_status"": ""False"", ""IDC_intput_mA"": 4.203, ""IN1_pin_level"": ""Low"", ""IN2_pin_level"": ""Low"", ""Node_type"": ""PS-LB"", ""Probe_mod"": 0, ""VDC_intput_V"": 0, ""Water_deep_cm"": 2.538}"
2025-10-14 20:28:00.212508884+00:00,ps-lb-09,2,-97,-0.25,"{""Bat_V"": 3.576, ""Exti_pin_level"": ""Low"", ""Exti_status"": ""False"", ""IDC_intput_mA"": 4.203, ""IN1_pin_level"": ""Low"", ""IN2_pin_level"": ""Low"", ""Node_type"": ""PS-LB"", ""Probe_mod"": 0, ""VDC_intput_V"": 0, ""Water_deep_cm"": 2.538}"
2025-10-14 21:27:59.499691969+00:00,ps-lb-09,2,-96,1.25,"{""Bat_V"": 3.576, ""Exti_pin_level"": ""Low"", ""Exti_status"": ""False"", ""IDC_intput_mA"": 4.203, ""IN1_pin_level"": ""Low"", ""IN2_pin_level"": ""Low"", ""Node_type"": ""PS-LB"", ""Probe_mod"": 0, ""VDC_intput_V"": 0, ""Water_deep_cm"": 2.538}"
2025-10-14 22:27:58.754181907+00:00,ps-lb-09,2,-98,-1.75,"{""Bat_V"": 3.576, ""Exti_pin_level"": ""Low"", ""Exti_status"": ""False"", ""IDC_intput_mA"": 4.203, ""IN1_pin_level"": ""Low"", ""IN2_pin_level"": ""Low"", ""Node_type"": ""PS-LB"", ""Probe_mod"": 0, ""VDC_intput_V"": 0, ""Water_deep_cm"": 2.538}"
2025-10-14 23:27:58.016341900+00:00,ps-lb-09,2,-97,2.0,"{""Bat_V"": 3.576, ""Exti_pin_level"": ""Low"", ""Exti_status"": ""False"", ""IDC_intput_mA"": 4.203, ""IN1_pin_level"": ""Low"", ""IN2_pin_level"": ""Low"", ""Node_type"": ""PS-LB"", ""Probe_mod"": 0, ""VDC_intput_V"": 0, ""Water_deep_cm"": 2.538}"
2025-10-15 00:27:57.307963055+00:00,ps-lb-09,2,-96,-0.25,"{""Bat_V"": 3.576, ""Exti_pin_level"": ""Low"", ""Exti_status"": ""False"", ""IDC_intput_mA"": 4.203, ""IN1_pin_level"": ""Low"", ""IN2_pin_level"": ""Low"", ""Node_type"": ""PS-LB"", ""Probe_mod"": 0, ""VDC_intput_V"": 0, ""Water_deep_cm"": 2.538}"
2025-10-15 01:27:56.573392138+00:00,ps-lb-09,2,-96,,"{""Bat_V"": 3.576, ""Exti_pin_level"": ""Low"", ""Exti_status"": ""False"", ""IDC_intput_mA"": 4.203, ""IN1_pin_level"": ""Low"", ""IN2_pin_level"": ""Low"", ""Node_type"": ""PS-LB"", ""Probe_mod"": 0, ""VDC_intput_V"": 0, ""Water_deep_cm"": 2.538}"
2025-10-15 02:27:55.944165869+00:00,ps-lb-09,2,-99,1.25,"{""Bat_V"": 3.576, ""Exti_pin_level"": ""Low"", ""Exti_status"": ""False"", ""IDC_intput_mA"": 4.203, ""IN1_pin_level"": ""Low"", ""IN2_pin_level"": ""Low"", ""Node_type"": ""PS-LB"", ""Probe_mod"": 0, ""VDC_intput_V"": 0, ""Water_deep_cm"": 2.538}"
2025-10-15 03:27:55.114598120+00:00,ps-lb-09,2,-99,0.75,"{""Bat_V"": 3.576, ""Exti_pin_level"": ""Low"", ""Exti_status"": ""False"", ""IDC_intput_mA"": 4.203, ""IN1_pin_level"": ""Low"", ""IN2_pin_level"": ""Low"", ""Node_type"": ""PS-LB"", ""Probe_mod"": 0, ""VDC_intput_V"": 0, ""Water_deep_cm"": 2.538}"
2025-10-15 04:27:54.405500332+00:00,ps-lb-09,2,-97,1.0,"{""Bat_V"": 3.576, ""Exti_pin_level"": ""Low"", ""Exti_status"": ""False"", ""IDC_intput_mA"": 4.202, ""IN1_pin_level"": ""Low"", ""IN2_pin_level"": ""Low"", ""Node_type"": ""PS-LB"", ""Probe_mod"": 0, ""VDC_intput_V"": 0, ""Water_deep_cm"": 2.525}"
2025-10-15 05:27:53.676043985+00:00,ps-lb-09,2,-96,1.25,"{""Bat_V"": 3.576, ""Exti_pin_level"": ""Low"", ""Exti_status"": ""False"", ""IDC_intput_mA"": 4.202, ""IN1_pin_level"": ""Low"", ""IN2_pin_level"": ""Low"", ""Node_type"": ""PS-LB"", ""Probe_mod"": 0, ""VDC_intput_V"": 0, ""Water_deep_cm"": 2.525}"
2025-10-15 06:27:52.951321668+00:00,ps-lb-09,2,-96,-2.25,"{""Bat_V"": 3.576, ""Exti_pin_level"": ""Low"", ""Exti_status"": ""False"", ""IDC_intput_mA"": 4.202, ""IN1_pin_level"": ""Low"", ""IN2_pin_level"": ""Low"", ""Node_type"": ""PS-LB"", ""Probe_mod"": 0, ""VDC_intput_V"": 0, ""Water_deep_cm"": 2.525}"
2025-10-15 07:27:52.200777391+00:00,ps-lb-09,2,-96,-0.75,"{""Bat_V"": 3.576, ""Exti_pin_level"": ""Low"", ""Exti_status"": ""False"", ""IDC_intput_mA"": 4.203, ""IN1_pin_level"": ""Low"", ""IN2_pin_level"": ""Low"", ""Node_type"": ""PS-LB"", ""Probe_mod"": 0, ""VDC_intput_V"": 0, ""Water_deep_cm"": 2.538}"
2025-10-15 08:27:51.477019942+00:00,ps-lb-09,2,-99,-3.25,"{""Bat_V"": 3.576, ""Exti_pin_level"": ""Low"", ""Exti_status"": ""False"", ""IDC_intput_mA"": 4.202, ""IN1_pin_level"": ""Low"", ""IN2_pin_level"": ""Low"", ""Node_type"": ""PS-LB"", ""Probe_mod"": 0, ""VDC_intput_V"": 0, ""Water_deep_cm"": 2.525}"
2025-10-15 09:27:50.746173315+00:00,ps-lb-09,2,-97,-1.75,"{""Bat_V"": 3.576, ""Exti_pin_level"": ""Low"", ""Exti_status"": ""False"", ""IDC_intput_mA"": 4.203, ""IN1_pin_level"": ""Low"", ""IN2_pin_level"": ""Low"", ""Node_type"": ""PS-LB"", ""Probe_mod"": 0, ""VDC_intput_V"": 0, ""Water_deep_cm"": 2.538}"
2025-10-15 10:27:50.000525001+00:00,ps-lb-09,2,-99,-1.0,"{""Bat_V"": 3.576, ""Exti_pin_level"": ""Low"", ""Exti_status"": ""False"", ""IDC_intput_mA"": 4.203, ""IN1_pin_level"": ""Low"", ""IN2_pin_level"": ""Low"", ""Node_type"": ""PS-LB"", ""Probe_mod"": 0, ""VDC_intput_V"": 0, ""Water_deep_cm"": 2.538}"
2025-10-15 11:27:49.277105860+00:00,ps-lb-09,2,-98,-4.5,"{""Bat_V"": 3.576, ""Exti_pin_level"": ""Low"", ""Exti_status"": ""False"", ""IDC_intput_mA"": 4.204, ""IN1_pin_level"": ""Low"", ""IN2_pin_level"": ""Low"", ""Node_type"": ""PS-LB"", ""Probe_mod"": 0, ""VDC_intput_V"": 0, ""Water_deep_cm"": 2.55}"
2025-10-15 12:27:48.567514156+00:00,ps-lb-09,2,-99,-0.75,"{""Bat_V"": 3.576, ""Exti_pin_level"": ""Low"", ""Exti_status"": ""False"", ""IDC_intput_mA"": 4.204, ""IN1_pin_level"": ""Low"", ""IN2_pin_level"": ""Low"", ""Node_type"": ""PS-LB"", ""Probe_mod"": 0, ""VDC_intput_V"": 0, ""Water_deep_cm"": 2.55}"
2025-10-15 15:27:46.345448156+00:00,ps-lb-09,2,-100,-6.25,"{""Bat_V"": 3.576, ""Exti_pin_level"": ""Low"", ""Exti_status"": ""False"", ""IDC_intput_mA"": 4.204, ""IN1_pin_level"": ""Low"", ""IN2_pin_level"": ""Low"", ""Node_type"": ""PS-LB"", ""Probe_mod"": 0, ""VDC_intput_V"": 0, ""Water_deep_cm"": 2.55}"
2025-10-15 16:27:45.631907715+00:00,ps-lb-09,2,-101,-7.25,"{""Bat_V"": 3.576, ""Exti_pin_level"": ""Low"", ""Exti_status"": ""False"", ""IDC_intput_mA"": 4.204, ""IN1_pin_level"": ""Low"", ""IN2_pin_level"": ""Low"", ""Node_type"": ""PS-LB"", ""Probe_mod"": 0, ""VDC_intput_V"": 0, ""Water_deep_cm"": 2.55}"
2025-10-15 17:27:44.905623179+00:00,ps-lb-09,2,-98,-5.75,"{""Bat_V"": 3.576, ""Exti_pin_level"": ""Low"", ""Exti_status"": ""False"", ""IDC_intput_mA"": 4.204, ""IN1_pin_level"": ""Low"", ""IN2_pin_level"": ""Low"", ""Node_type"": ""PS-LB"", ""Probe_mod"": 0, ""VDC_intput_V"": 0, ""Water_deep_cm"": 2.55}"
2025-10-15 18:27:44.160337800+00:00,ps-lb-09,2,-102,-7.25,"{""Bat_V"": 3.576, ""Exti_pin_level"": ""Low"", ""Exti_status"": ""False"", ""IDC_intput_mA"": 4.204, ""IN1_pin_level"": ""Low"", ""IN2_pin_level"": ""Low"", ""Node_type"": ""PS-LB"", ""Probe_mod"": 0, ""VDC_intput_V"": 0, ""Water_deep_cm"": 2.55}"
2025-10-15 20:27:42.713295462+00:00,ps-lb-09,2,-102,-4.75,"{""Bat_V"": 3.576, ""Exti_pin_level"": ""Low"", ""Exti_status"": ""False"", ""IDC_intput_mA"": 4.204, ""IN1_pin_level"": ""Low"", ""IN2_pin_level"": ""Low"", ""Node_type"": ""PS-LB"", ""Probe_mod"": 0, ""VDC_intput_V"": 0, ""Water_deep_cm"": 2.55}"
2025-10-15 23:27:40.509395468+00:00,ps-lb-09,2,-99,-7.25,"{""Bat_V"": 3.576, ""Exti_pin_level"": ""Low"", ""Exti_status"": ""False"", ""IDC_intput_mA"": 4.204, ""IN1_pin_level"": ""Low"", ""IN2_pin_level"": ""Low"", ""Node_type"": ""PS-LB"", ""Probe_mod"": 0, ""VDC_intput_V"": 0, ""Water_deep_cm"": 2.55}"
2025-10-16 00:27:39.800242046+00:00,ps-lb-09,2,-99,-6.75,"{""Bat_V"": 3.576, ""Exti_pin_level"": ""Low"", ""Exti_status"": ""False"", ""IDC_intput_mA"": 4.204, ""IN1_pin_level"": ""Low"", ""IN2_pin_level"": ""Low"", ""Node_type"": ""PS-LB"", ""Probe_mod"": 0, ""VDC_intput_V"": 0, ""Water_deep_cm"": 2.55}"
2025-10-16 02:27:38.347468791+00:00,ps-lb-09,2,-100,-2.75,"{""Bat_V"": 3.576, ""Exti_pin_level"": ""Low"", ""Exti_status"": ""False"", ""IDC_intput_mA"": 4.203, ""IN1_pin_level"": ""Low"", ""IN2_pin_level"": ""Low"", ""Node_type"": ""PS-LB"", ""Probe_mod"": 0, ""VDC_intput_V"": 0, ""Water_deep_cm"": 2.538}"
2025-10-16 03:27:37.616381178+00:00,ps-lb-09,2,-100,-6.25,"{""Bat_V"": 3.576, ""Exti_pin_level"": ""Low"", ""Exti_status"": ""False"", ""IDC_intput_mA"": 4.203, ""IN1_pin_level"": ""Low"", ""IN2_pin_level"": ""Low"", ""Node_type"": ""PS-LB"", ""Probe_mod"": 0, ""VDC_intput_V"": 0, ""Water_deep_cm"": 2.538}"
2025-10-16 04:27:36.879975671+00:00,ps-lb-09,2,-100,-6.5,"{""Bat_V"": 3.576, ""Exti_pin_level"": ""Low"", ""Exti_status"": ""False"", ""IDC_intput_mA"": 4.202, ""IN1_pin_level"": ""Low"", ""IN2_pin_level"": ""Low"", ""Node_type"": ""PS-LB"", ""Probe_mod"": 0, ""VDC_intput_V"": 0, ""Water_deep_cm"": 2.525}"
2025-10-16 05:27:36.156561381+00:00,ps-lb-09,2,-99,-3.75,"{""Bat_V"": 3.576, ""Exti_pin_level"": ""Low"", ""Exti_status"": ""False"", ""IDC_intput_mA"": 4.202, ""IN1_pin_level"": ""Low"", ""IN2_pin_level"": ""Low"", ""Node_type"": ""PS-LB"", ""Probe_mod"": 0, ""VDC_intput_V"": 0, ""Water_deep_cm"": 2.525}"
2025-10-16 06:27:35.427005496+00:00,ps-lb-09,2,-98,-7.25,"{""Bat_V"": 3.576, ""Exti_pin_level"": ""Low"", ""Exti_status"": ""False"", ""IDC_intput_mA"": 4.202, ""IN1_pin_level"": ""Low"", ""IN2_pin_level"": ""Low"", ""Node_type"": ""PS-LB"", ""Probe_mod"": 0, ""VDC_intput_V"": 0, ""Water_deep_cm"": 2.525}"
2025-10-16 07:27:34.708947732+00:00,ps-lb-09,2,-102,-8.0,"{""Bat_V"": 3.576, ""Exti_pin_level"": ""Low"", ""Exti_status"": ""False"", ""IDC_intput_mA"": 4.202, ""IN1_pin_level"": ""Low"", ""IN2_pin_level"": ""Low"", ""Node_type"": ""PS-LB"", ""Probe_mod"": 0, ""VDC_intput_V"": 0, ""Water_deep_cm"": 2.525}"
2025-10-16 10:27:32.501663238+00:00,ps-lb-09,2,-102,-0.75,"{""Bat_V"": 3.576, ""Exti_pin_level"": ""Low"", ""Exti_status"": ""False"", ""IDC_intput_mA"": 4.203, ""IN1_pin_level"": ""Low"", ""IN2_pin_level"": ""Low"", ""Node_type"": ""PS-LB"", ""Probe_mod"": 0, ""VDC_intput_V"": 0, ""Water_deep_cm"": 2.538}"
2025-10-16 11:27:31.784257917+00:00,ps-lb-09,2,-98,-0.5,"{""Bat_V"": 3.576, ""Exti_pin_level"": ""Low"", ""Exti_status"": ""False"", ""IDC_intput_mA"": 4.204, ""IN1_pin_level"": ""Low"", ""IN2_pin_level"": ""Low"", ""Node_type"": ""PS-LB"", ""Probe_mod"": 0, ""VDC_intput_V"": 0, ""Water_deep_cm"": 2.55}"
2025-10-16 12:27:31.060876465+00:00,ps-lb-09,2,-105,-5.25,"{""Bat_V"": 3.576, ""Exti_pin_level"": ""Low"", ""Exti_status"": ""False"", ""IDC_intput_mA"": 4.204, ""IN1_pin_level"": ""Low"", ""IN2_pin_level"": ""Low"", ""Node_type"": ""PS-LB"", ""Probe_mod"": 0, ""VDC_intput_V"": 0, ""Water_deep_cm"": 2.55}"
2025-10-16 13:27:30.329648890+00:00,ps-lb-09,2,-99,-3.5,"{""Bat_V"": 3.576, ""Exti_pin_level"": ""Low"", ""Exti_status"": ""False"", ""IDC_intput_mA"": 4.204, ""IN1_pin_level"": ""Low"", ""IN2_pin_level"": ""Low"", ""Node_type"": ""PS-LB"", ""Probe_mod"": 0, ""VDC_intput_V"": 0, ""Water_deep_cm"": 2.55}"
2025-10-16 14:27:29.614356469+00:00,ps-lb-09,2,-97,-3.0,"{""Bat_V"": 3.582, ""Exti_pin_level"": ""Low"", ""Exti_status"": ""False"", ""IDC_intput_mA"": 4.204, ""IN1_pin_level"": ""Low"", ""IN2_pin_level"": ""Low"", ""Node_type"": ""PS-LB"", ""Probe_mod"": 0, ""VDC_intput_V"": 0, ""Water_deep_cm"": 2.55}"
2025-10-16 20:27:25.203006940+00:00,ps-lb-09,2,-99,-6.5,"{""Bat_V"": 3.576, ""Exti_pin_level"": ""Low"", ""Exti_status"": ""False"", ""IDC_intput_mA"": 4.204, ""IN1_pin_level"": ""Low"", ""IN2_pin_level"": ""Low"", ""Node_type"": ""PS-LB"", ""Probe_mod"": 0, ""VDC_intput_V"": 0, ""Water_deep_cm"": 2.55}"
2025-10-16 21:27:24.548972354+00:00,ps-lb-09,2,-99,-1.25,"{""Bat_V"": 3.576, ""Exti_pin_level"": ""Low"", ""Exti_status"": ""False"", ""IDC_intput_mA"": 4.204, ""IN1_pin_level"": ""Low"", ""IN2_pin_level"": ""Low"", ""Node_type"": ""PS-LB"", ""Probe_mod"": 0, ""VDC_intput_V"": 0, ""Water_deep_cm"": 2.55}"
2025-10-16 22:27:23.745109301+00:00,ps-lb-09,2,-98,-6.25,"{""Bat_V"": 3.582, ""Exti_pin_level"": ""Low"", ""Exti_status"": ""False"", ""IDC_intput_mA"": 4.204, ""IN1_pin_level"": ""Low"", ""IN2_pin_level"": ""Low"", ""Node_type"": ""PS-LB"", ""Probe_mod"": 0, ""VDC_intput_V"": 0, ""Water_deep_cm"": 2.55}"
2025-10-17 00:27:22.289091614+00:00,ps-lb-09,2,-99,1.5,"{""Bat_V"": 3.576, ""Exti_pin_level"": ""Low"", ""Exti_status"": ""False"", ""IDC_intput_mA"": 4.203, ""IN1_pin_level"": ""Low"", ""IN2_pin_level"": ""Low"", ""Node_type"": ""PS-LB"", ""Probe_mod"": 0, ""VDC_intput_V"": 0, ""Water_deep_cm"": 2.538}"
2025-10-17 02:27:20.833782452+00:00,ps-lb-09,2,-97,2.0,"{""Bat_V"": 3.576, ""Exti_pin_level"": ""Low"", ""Exti_status"": ""False"", ""IDC_intput_mA"": 4.202, ""IN1_pin_level"": ""Low"", ""IN2_pin_level"": ""Low"", ""Node_type"": ""PS-LB"", ""Probe_mod"": 0, ""VDC_intput_V"": 0, ""Water_deep_cm"": 2.525}"
2025-10-17 03:27:20.101804986+00:00,ps-lb-09,2,-98,1.75,"{""Bat_V"": 3.576, ""Exti_pin_level"": ""Low"", ""Exti_status"": ""False"", ""IDC_intput_mA"": 4.202, ""IN1_pin_level"": ""Low"", ""IN2_pin_level"": ""Low"", ""Node_type"": ""PS-LB"", ""Probe_mod"": 0, ""VDC_intput_V"": 0, ""Water_deep_cm"": 2.525}"
2025-10-17 08:27:16.465825909+00:00,ps-lb-09,2,-99,-2.5,"{""Bat_V"": 3.576, ""Exti_pin_level"": ""Low"", ""Exti_status"": ""False"", ""IDC_intput_mA"": 4.202, ""IN1_pin_level"": ""Low"", ""IN2_pin_level"": ""Low"", ""Node_type"": ""PS-LB"", ""Probe_mod"": 0, ""VDC_intput_V"": 0, ""Water_deep_cm"": 2.525}"
2025-10-17 10:27:14.995686918+00:00,ps-lb-09,2,-99,-4.5,"{""Bat_V"": 3.576, ""Exti_pin_level"": ""Low"", ""Exti_status"": ""False"", ""IDC_intput_mA"": 4.203, ""IN1_pin_level"": ""Low"", ""IN2_pin_level"": ""Low"", ""Node_type"": ""PS-LB"", ""Probe_mod"": 0, ""VDC_intput_V"": 0, ""Water_deep_cm"": 2.538}"
2025-10-17 13:27:12.805760554+00:00,ps-lb-09,2,-123,-8.25,"{""Bat_V"": 3.576, ""Exti_pin_level"": ""Low"", ""Exti_status"": ""False"", ""IDC_intput_mA"": 4.203, ""IN1_pin_level"": ""Low"", ""IN2_pin_level"": ""Low"", ""Node_type"": ""PS-LB"", ""Probe_mod"": 0, ""VDC_intput_V"": 0, ""Water_deep_cm"": 2.538}"
2025-10-17 14:27:12.081016419+00:00,ps-lb-09,2,-97,-7.5,"{""Bat_V"": 3.576, ""Exti_pin_level"": ""Low"", ""Exti_status"": ""False"", ""IDC_intput_mA"": 4.204, ""IN1_pin_level"": ""Low"", ""IN2_pin_level"": ""Low"", ""Node_type"": ""PS-LB"", ""Probe_mod"": 0, ""VDC_intput_V"": 0, ""Water_deep_cm"": 2.55}"
2025-10-17 15:27:11.346570539+00:00,ps-lb-09,2,-98,-2.5,"{""Bat_V"": 3.576, ""Exti_pin_level"": ""Low"", ""Exti_status"": ""False"", ""IDC_intput_mA"": 4.204, ""IN1_pin_level"": ""Low"", ""IN2_pin_level"": ""Low"", ""Node_type"": ""PS-LB"", ""Probe_mod"": 0, ""VDC_intput_V"": 0, ""Water_deep_cm"": 2.55}"
2025-10-17 16:27:10.608087890+00:00,ps-lb-09,2,-99,-4.5,"{""Bat_V"": 3.576, ""Exti_pin_level"": ""Low"", ""Exti_status"": ""False"", ""IDC_intput_mA"": 4.204, ""IN1_pin_level"": ""Low"", ""IN2_pin_level"": ""Low"", ""Node_type"": ""PS-LB"", ""Probe_mod"": 0, ""VDC_intput_V"": 0, ""Water_deep_cm"": 2.55}"
2025-10-17 17:27:09.888752760+00:00,ps-lb-09,2,-99,-1.0,"{""Bat_V"": 3.576, ""Exti_pin_level"": ""Low"", ""Exti_status"": ""False"", ""IDC_intput_mA"": 4.204, ""IN1_pin_level"": ""Low"", ""IN2_pin_level"": ""Low"", ""Node_type"": ""PS-LB"", ""Probe_mod"": 0, ""VDC_intput_V"": 0, ""Water_deep_cm"": 2.55}"
2025-10-17 18:27:09.168338242+00:00,ps-lb-09,2,-101,-4.5,"{""Bat_V"": 3.576, ""Exti_pin_level"": ""Low"", ""Exti_status"": ""False"", ""IDC_intput_mA"": 4.203, ""IN1_pin_level"": ""Low"", ""IN2_pin_level"": ""Low"", ""Node_type"": ""PS-LB"", ""Probe_mod"": 0, ""VDC_intput_V"": 0, ""Water_deep_cm"": 2.538}"
2025-10-17 19:27:08.434976987+00:00,ps-lb-09,2,-99,-3.25,"{""Bat_V"": 3.576, ""Exti_pin_level"": ""Low"", ""Exti_status"": ""False"", ""IDC_intput_mA"": 4.203, ""IN1_pin_level"": ""Low"", ""IN2_pin_level"": ""Low"", ""Node_type"": ""PS-LB"", ""Probe_mod"": 0, ""VDC_intput_V"": 0, ""Water_deep_cm"": 2.538}"
2025-10-17 20:27:07.703977484+00:00,ps-lb-09,2,-104,-4.0,"{""Bat_V"": 3.576, ""Exti_pin_level"": ""Low"", ""Exti_status"": ""False"", ""IDC_intput_mA"": 4.203, ""IN1_pin_level"": ""Low"", ""IN2_pin_level"": ""Low"", ""Node_type"": ""PS-LB"", ""Probe_mod"": 0, ""VDC_intput_V"": 0, ""Water_deep_cm"": 2.538}"
2025-10-17 21:27:06.974868681+00:00,ps-lb-09,2,-103,-3.0,"{""Bat_V"": 3.576, ""Exti_pin_level"": ""Low"", ""Exti_status"": ""False"", ""IDC_intput_mA"": 4.203, ""IN1_pin_level"": ""Low"", ""IN2_pin_level"": ""Low"", ""Node_type"": ""PS-LB"", ""Probe_mod"": 0, ""VDC_intput_V"": 0, ""Water_deep_cm"": 2.538}"
2025-10-17 22:27:06.226319330+00:00,ps-lb-09,2,-97,-4.25,"{""Bat_V"": 3.576, ""Exti_pin_level"": ""Low"", ""Exti_status"": ""False"", ""IDC_intput_mA"": 4.203, ""IN1_pin_level"": ""Low"", ""IN2_pin_level"": ""Low"", ""Node_type"": ""PS-LB"", ""Probe_mod"": 0, ""VDC_intput_V"": 0, ""Water_deep_cm"": 2.538}"
2025-10-17 23:27:05.596435515+00:00,ps-lb-09,2,-98,-4.0,"{""Bat_V"": 3.576, ""Exti_pin_level"": ""Low"", ""Exti_status"": ""False"", ""IDC_intput_mA"": 4.203, ""IN1_pin_level"": ""Low"", ""IN2_pin_level"": ""Low"", ""Node_type"": ""PS-LB"", ""Probe_mod"": 0, ""VDC_intput_V"": 0, ""Water_deep_cm"": 2.538}"
2025-10-18 01:27:04.032726461+00:00,ps-lb-09,2,-97,-3.75,"{""Bat_V"": 3.576, ""Exti_pin_level"": ""Low"", ""Exti_status"": ""False"", ""IDC_intput_mA"": 4.202, ""IN1_pin_level"": ""Low"", ""IN2_pin_level"": ""Low"", ""Node_type"": ""PS-LB"", ""Probe_mod"": 0, ""VDC_intput_V"": 0, ""Water_deep_cm"": 2.525}"
2025-10-18 02:27:03.324265049+00:00,ps-lb-09,2,-98,-3.25,"{""Bat_V"": 3.576, ""Exti_pin_level"": ""Low"", ""Exti_status"": ""False"", ""IDC_intput_mA"": 4.202, ""IN1_pin_level"": ""Low"", ""IN2_pin_level"": ""Low"", ""Node_type"": ""PS-LB"", ""Probe_mod"": 0, ""VDC_intput_V"": 0, ""Water_deep_cm"": 2.525}"
2025-10-18 03:27:02.596137765+00:00,ps-lb-09,2,-96,-0.5,"{""Bat_V"": 3.576, ""Exti_pin_level"": ""Low"", ""Exti_status"": ""False"", ""IDC_intput_mA"": 4.202, ""IN1_pin_level"": ""Low"", ""IN2_pin_level"": ""Low"", ""Node_type"": ""PS-LB"", ""Probe_mod"": 0, ""VDC_intput_V"": 0, ""Water_deep_cm"": 2.525}"
2025-10-18 04:27:01.894826499+00:00,ps-lb-09,2,-98,-2.5,"{""Bat_V"": 3.576, ""Exti_pin_level"": ""Low"", ""Exti_status"": ""False"", ""IDC_intput_mA"": 4.202, ""IN1_pin_level"": ""Low"", ""IN2_pin_level"": ""Low"", ""Node_type"": ""PS-LB"", ""Probe_mod"": 0, ""VDC_intput_V"": 0, ""Water_deep_cm"": 2.525}"
2025-10-18 05:27:01.147416091+00:00,ps-lb-09,2,-99,-1.5,"{""Bat_V"": 3.576, ""Exti_pin_level"": ""Low"", ""Exti_status"": ""False"", ""IDC_intput_mA"": 4.201, ""IN1_pin_level"": ""Low"", ""IN2_pin_level"": ""Low"", ""Node_type"": ""PS-LB"", ""Probe_mod"": 0, ""VDC_intput_V"": 0, ""Water_deep_cm"": 2.512}"
2025-10-18 06:27:00.420416260+00:00,ps-lb-09,2,-98,-2.5,"{""Bat_V"": 3.576, ""Exti_pin_level"": ""Low"", ""Exti_status"": ""False"", ""IDC_intput_mA"": 4.2, ""IN1_pin_level"": ""Low"", ""IN2_pin_level"": ""Low"", ""Node_type"": ""PS-LB"", ""Probe_mod"": 0, ""VDC_intput_V"": 0, ""Water_deep_cm"": 2.5}"
2025-10-18 07:26:59.680606307+00:00,ps-lb-09,2,-124,-7.5,"{""Bat_V"": 3.576, ""Exti_pin_level"": ""Low"", ""Exti_status"": ""False"", ""IDC_intput_mA"": 4.201, ""IN1_pin_level"": ""Low"", ""IN2_pin_level"": ""Low"", ""Node_type"": ""PS-LB"", ""Probe_mod"": 0, ""VDC_intput_V"": 0, ""Water_deep_cm"": 2.512}"
2025-10-18 08:26:58.951228002+00:00,ps-lb-09,2,-97,2.75,"{""Bat_V"": 3.576, ""Exti_pin_level"": ""Low"", ""Exti_status"": ""False"", ""IDC_intput_mA"": 4.2, ""IN1_pin_level"": ""Low"", ""IN2_pin_level"": ""Low"", ""Node_type"": ""PS-LB"", ""Probe_mod"": 0, ""VDC_intput_V"": 0, ""Water_deep_cm"": 2.5}"
2025-10-18 09:26:58.230569503+00:00,ps-lb-09,2,-92,4.75,"{""Bat_V"": 3.576, ""Exti_pin_level"": ""Low"", ""Exti_status"": ""False"", ""IDC_intput_mA"": 4.2, ""IN1_pin_level"": ""Low"", ""IN2_pin_level"": ""Low"", ""Node_type"": ""PS-LB"", ""Probe_mod"": 0, ""VDC_intput_V"": 0, ""Water_deep_cm"": 2.5}"
2025-10-18 10:26:57.501634093+00:00,ps-lb-09,2,-93,4.75,"{""Bat_V"": 3.576, ""Exti_pin_level"": ""Low"", ""Exti_status"": ""False"", ""IDC_intput_mA"": 4.2, ""IN1_pin_level"": ""Low"", ""IN2_pin_level"": ""Low"", ""Node_type"": ""PS-LB"", ""Probe_mod"": 0, ""VDC_intput_V"": 0, ""Water_deep_cm"": 2.5}"
2025-10-18 11:26:56.784810450+00:00,ps-lb-09,2,-93,5.0,"{""Bat_V"": 3.576, ""Exti_pin_level"": ""Low"", ""Exti_status"": ""False"", ""IDC_intput_mA"": 4.2, ""IN1_pin_level"": ""Low"", ""IN2_pin_level"": ""Low"", ""Node_type"": ""PS-LB"", ""Probe_mod"": 0, ""VDC_intput_V"": 0, ""Water_deep_cm"": 2.5}"
2025-10-18 12:26:56.057744976+00:00,ps-lb-09,2,-96,4.0,"{""Bat_V"": 3.576, ""Exti_pin_level"": ""Low"", ""Exti_status"": ""False"", ""IDC_intput_mA"": 4.2, ""IN1_pin_level"": ""Low"", ""IN2_pin_level"": ""Low"", ""Node_type"": ""PS-LB"", ""Probe_mod"": 0, ""VDC_intput_V"": 0, ""Water_deep_cm"": 2.5}"
2025-10-18 13:26:55.328658844+00:00,ps-lb-09,2,-96,3.5,"{""Bat_V"": 3.576, ""Exti_pin_level"": ""Low"", ""Exti_status"": ""False"", ""IDC_intput_mA"": 4.2, ""IN1_pin_level"": ""Low"", ""IN2_pin_level"": ""Low"", ""Node_type"": ""PS-LB"", ""Probe_mod"": 0, ""VDC_intput_V"": 0, ""Water_deep_cm"": 2.5}"
2025-10-18 14:26:54.596116911+00:00,ps-lb-09,2,-95,,"{""Bat_V"": 3.576, ""Exti_pin_level"": ""Low"", ""Exti_status"": ""False"", ""IDC_intput_mA"": 4.2, ""IN1_pin_level"": ""Low"", ""IN2_pin_level"": ""Low"", ""Node_type"": ""PS-LB"", ""Probe_mod"": 0, ""VDC_intput_V"": 0, ""Water_deep_cm"": 2.5}"
2025-10-18 15:26:53.861811690+00:00,ps-lb-09,2,-121,-5.0,"{""Bat_V"": 3.576, ""Exti_pin_level"": ""Low"", ""Exti_status"": ""False"", ""IDC_intput_mA"": 4.2, ""IN1_pin_level"": ""Low"", ""IN2_pin_level"": ""Low"", ""Node_type"": ""PS-LB"", ""Probe_mod"": 0, ""VDC_intput_V"": 0, ""Water_deep_cm"": 2.5}"
2025-10-18 16:26:53.151511209+00:00,ps-lb-09,2,-96,-1.75,"{""Bat_V"": 3.576, ""Exti_pin_level"": ""Low"", ""Exti_status"": ""False"", ""IDC_intput_mA"": 4.199, ""IN1_pin_level"": ""Low"", ""IN2_pin_level"": ""Low"", ""Node_type"": ""PS-LB"", ""Probe_mod"": 0, ""VDC_intput_V"": 0, ""Water_deep_cm"": 2.487}"
2025-10-18 17:26:52.409585581+00:00,ps-lb-09,2,-96,-1.75,"{""Bat_V"": 3.576, ""Exti_pin_level"": ""Low"", ""Exti_status"": ""False"", ""IDC_intput_mA"": 4.199, ""IN1_pin_level"": ""Low"", ""IN2_pin_level"": ""Low"", ""Node_type"": ""PS-LB"", ""Probe_mod"": 0, ""VDC_intput_V"": 0, ""Water_deep_cm"": 2.487}"
2025-10-18 18:26:51.698559311+00:00,ps-lb-09,2,-102,-6.5,"{""Bat_V"": 3.576, ""Exti_pin_level"": ""Low"", ""Exti_status"": ""False"", ""IDC_intput_mA"": 4.199, ""IN1_pin_level"": ""Low"", ""IN2_pin_level"": ""Low"", ""Node_type"": ""PS-LB"", ""Probe_mod"": 0, ""VDC_intput_V"": 0, ""Water_deep_cm"": 2.487}"
2025-10-18 19:26:50.990092703+00:00,ps-lb-09,2,-96,4.0,"{""Bat_V"": 3.576, ""Exti_pin_level"": ""Low"", ""Exti_status"": ""False"", ""IDC_intput_mA"": 4.199, ""IN1_pin_level"": ""Low"", ""IN2_pin_level"": ""Low"", ""Node_type"": ""PS-LB"", ""Probe_mod"": 0, ""VDC_intput_V"": 0, ""Water_deep_cm"": 2.487}"
2025-10-18 20:26:50.229572135+00:00,ps-lb-09,2,-97,3.75,"{""Bat_V"": 3.576, ""Exti_pin_level"": ""Low"", ""Exti_status"": ""False"", ""IDC_intput_mA"": 4.198, ""IN1_pin_level"": ""Low"", ""IN2_pin_level"": ""Low"", ""Node_type"": ""PS-LB"", ""Probe_mod"": 0, ""VDC_intput_V"": 0, ""Water_deep_cm"": 2.475}"
2025-10-18 21:26:49.506043691+00:00,ps-lb-09,2,-97,1.5,"{""Bat_V"": 3.576, ""Exti_pin_level"": ""Low"", ""Exti_status"": ""False"", ""IDC_intput_mA"": 4.198, ""IN1_pin_level"": ""Low"", ""IN2_pin_level"": ""Low"", ""Node_type"": ""PS-LB"", ""Probe_mod"": 0, ""VDC_intput_V"": 0, ""Water_deep_cm"": 2.475}"
2025-10-18 22:26:48.766734190+00:00,ps-lb-09,2,-96,-0.75,"{""Bat_V"": 3.576, ""Exti_pin_level"": ""Low"", ""Exti_status"": ""False"", ""IDC_intput_mA"": 4.198, ""IN1_pin_level"": ""Low"", ""IN2_pin_level"": ""Low"", ""Node_type"": ""PS-LB"", ""Probe_mod"": 0, ""VDC_intput_V"": 0, ""Water_deep_cm"": 2.475}"
2025-10-18 23:26:48.060399047+00:00,ps-lb-09,2,-94,0.25,"{""Bat_V"": 3.576, ""Exti_pin_level"": ""Low"", ""Exti_status"": ""False"", ""IDC_intput_mA"": 4.198, ""IN1_pin_level"": ""Low"", ""IN2_pin_level"": ""Low"", ""Node_type"": ""PS-LB"", ""Probe_mod"": 0, ""VDC_intput_V"": 0, ""Water_deep_cm"": 2.475}"
2025-10-19 00:26:47.347320737+00:00,ps-lb-09,2,-94,2.5,"{""Bat_V"": 3.576, ""Exti_pin_level"": ""Low"", ""Exti_status"": ""False"", ""IDC_intput_mA"": 4.197, ""IN1_pin_level"": ""Low"", ""IN2_pin_level"": ""Low"", ""Node_type"": ""PS-LB"", ""Probe_mod"": 0, ""VDC_intput_V"": 0, ""Water_deep_cm"": 2.463}"
2025-10-19 01:26:46.610512278+00:00,ps-lb-09,2,-96,1.75,"{""Bat_V"": 3.582, ""Exti_pin_level"": ""Low"", ""Exti_status"": ""False"", ""IDC_intput_mA"": 4.198, ""IN1_pin_level"": ""Low"", ""IN2_pin_level"": ""Low"", ""Node_type"": ""PS-LB"", ""Probe_mod"": 0, ""VDC_intput_V"": 0, ""Water_deep_cm"": 2.475}"
2025-10-19 02:26:45.863636600+00:00,ps-lb-09,2,-97,-0.25,"{""Bat_V"": 3.576, ""Exti_pin_level"": ""Low"", ""Exti_status"": ""False"", ""IDC_intput_mA"": 4.198, ""IN1_pin_level"": ""Low"", ""IN2_pin_level"": ""Low"", ""Node_type"": ""PS-LB"", ""Probe_mod"": 0, ""VDC_intput_V"": 0, ""Water_deep_cm"": 2.475}"
2025-10-19 03:26:45.194089695+00:00,ps-lb-09,2,-97,2.25,"{""Bat_V"": 3.576, ""Exti_pin_level"": ""Low"", ""Exti_status"": ""False"", ""IDC_intput_mA"": 4.198, ""IN1_pin_level"": ""Low"", ""IN2_pin_level"": ""Low"", ""Node_type"": ""PS-LB"", ""Probe_mod"": 0, ""VDC_intput_V"": 0, ""Water_deep_cm"": 2.475}"
2025-10-19 04:26:44.403963930+00:00,ps-lb-09,2,-97,2.25,"{""Bat_V"": 3.576, ""Exti_pin_level"": ""Low"", ""Exti_status"": ""False"", ""IDC_intput_mA"": 4.198, ""IN1_pin_level"": ""Low"", ""IN2_pin_level"": ""Low"", ""Node_type"": ""PS-LB"", ""Probe_mod"": 0, ""VDC_intput_V"": 0, ""Water_deep_cm"": 2.475}"
2025-10-19 05:26:43.683038118+00:00,ps-lb-09,2,-97,1.0,"{""Bat_V"": 3.576, ""Exti_pin_level"": ""Low"", ""Exti_status"": ""False"", ""IDC_intput_mA"": 4.198, ""IN1_pin_level"": ""Low"", ""IN2_pin_level"": ""Low"", ""Node_type"": ""PS-LB"", ""Probe_mod"": 0, ""VDC_intput_V"": 0, ""Water_deep_cm"": 2.475}"
2025-10-19 06:26:42.939237718+00:00,ps-lb-09,2,-95,2.75,"{""Bat_V"": 3.576, ""Exti_pin_level"": ""Low"", ""Exti_status"": ""False"", ""IDC_intput_mA"": 4.198, ""IN1_pin_level"": ""Low"", ""IN2_pin_level"": ""Low"", ""Node_type"": ""PS-LB"", ""Probe_mod"": 0, ""VDC_intput_V"": 0, ""Water_deep_cm"": 2.475}"
2025-10-19 07:26:42.206259840+00:00,ps-lb-09,2,-97,-0.5,"{""Bat_V"": 3.576, ""Exti_pin_level"": ""Low"", ""Exti_status"": ""False"", ""IDC_intput_mA"": 4.199, ""IN1_pin_level"": ""Low"", ""IN2_pin_level"": ""Low"", ""Node_type"": ""PS-LB"", ""Probe_mod"": 0, ""VDC_intput_V"": 0, ""Water_deep_cm"": 2.487}"
2025-10-19 08:26:41.511070961+00:00,ps-lb-09,2,-94,4.25,"{""Bat_V"": 3.576, ""Exti_pin_level"": ""Low"", ""Exti_status"": ""False"", ""IDC_intput_mA"": 4.199, ""IN1_pin_level"": ""Low"", ""IN2_pin_level"": ""Low"", ""Node_type"": ""PS-LB"", ""Probe_mod"": 0, ""VDC_intput_V"": 0, ""Water_deep_cm"": 2.487}"
2025-10-19 09:26:40.759040219+00:00,ps-lb-09,2,-93,1.5,"{""Bat_V"": 3.576, ""Exti_pin_level"": ""Low"", ""Exti_status"": ""False"", ""IDC_intput_mA"": 4.199, ""IN1_pin_level"": ""Low"", ""IN2_pin_level"": ""Low"", ""Node_type"": ""PS-LB"", ""Probe_mod"": 0, ""VDC_intput_V"": 0, ""Water_deep_cm"": 2.487}"
2025-10-19 10:26:40.049912701+00:00,ps-lb-09,2,-95,-2.75,"{""Bat_V"": 3.576, ""Exti_pin_level"": ""Low"", ""Exti_status"": ""False"", ""IDC_intput_mA"": 4.199, ""IN1_pin_level"": ""Low"", ""IN2_pin_level"": ""Low"", ""Node_type"": ""PS-LB"", ""Probe_mod"": 0, ""VDC_intput_V"": 0, ""Water_deep_cm"": 2.487}"
2025-10-19 11:26:39.331996854+00:00,ps-lb-09,2,-125,-8.25,"{""Bat_V"": 3.576, ""Exti_pin_level"": ""Low"", ""Exti_status"": ""False"", ""IDC_intput_mA"": 4.2, ""IN1_pin_level"": ""Low"", ""IN2_pin_level"": ""Low"", ""Node_type"": ""PS-LB"", ""Probe_mod"": 0, ""VDC_intput_V"": 0, ""Water_deep_cm"": 2.5}"
2025-10-19 12:26:38.614029625+00:00,ps-lb-09,2,-97,1.5,"{""Bat_V"": 3.576, ""Exti_pin_level"": ""Low"", ""Exti_status"": ""False"", ""IDC_intput_mA"": 4.2, ""IN1_pin_level"": ""Low"", ""IN2_pin_level"": ""Low"", ""Node_type"": ""PS-LB"", ""Probe_mod"": 0, ""VDC_intput_V"": 0, ""Water_deep_cm"": 2.5}"
2025-10-19 13:26:37.872413031+00:00,ps-lb-09,2,-99,0.75,"{""Bat_V"": 3.576, ""Exti_pin_level"": ""Low"", ""Exti_status"": ""False"", ""IDC_intput_mA"": 4.2, ""IN1_pin_level"": ""Low"", ""IN2_pin_level"": ""Low"", ""Node_type"": ""PS-LB"", ""Probe_mod"": 0, ""VDC_intput_V"": 0, ""Water_deep_cm"": 2.5}"
2025-10-19 14:26:37.145478246+00:00,ps-lb-09,2,-95,-3.0,"{""Bat_V"": 3.576, ""Exti_pin_level"": ""Low"", ""Exti_status"": ""False"", ""IDC_intput_mA"": 4.2, ""IN1_pin_level"": ""Low"", ""IN2_pin_level"": ""Low"", ""Node_type"": ""PS-LB"", ""Probe_mod"": 0, ""VDC_intput_V"": 0, ""Water_deep_cm"": 2.5}"
2025-10-19 15:26:36.412786602+00:00,ps-lb-09,2,-96,-1.75,"{""Bat_V"": 3.576, ""Exti_pin_level"": ""Low"", ""Exti_status"": ""False"", ""IDC_intput_mA"": 4.2, ""IN1_pin_level"": ""Low"", ""IN2_pin_level"": ""Low"", ""Node_type"": ""PS-LB"", ""Probe_mod"": 0, ""VDC_intput_V"": 0, ""Water_deep_cm"": 2.5}"
2025-10-19 16:26:35.682323045+00:00,ps-lb-09,2,-98,0.25,"{""Bat_V"": 3.576, ""Exti_pin_level"": ""Low"", ""Exti_status"": ""False"", ""IDC_intput_mA"": 4.2, ""IN1_pin_level"": ""Low"", ""IN2_pin_level"": ""Low"", ""Node_type"": ""PS-LB"", ""Probe_mod"": 0, ""VDC_intput_V"": 0, ""Water_deep_cm"": 2.5}"
2025-10-19 18:26:34.234120031+00:00,ps-lb-09,2,-98,1.5,"{""Bat_V"": 3.576, ""Exti_pin_level"": ""Low"", ""Exti_status"": ""False"", ""IDC_intput_mA"": 4.199, ""IN1_pin_level"": ""Low"", ""IN2_pin_level"": ""Low"", ""Node_type"": ""PS-LB"", ""Probe_mod"": 0, ""VDC_intput_V"": 0, ""Water_deep_cm"": 2.487}"
2025-10-19 19:26:33.511252815+00:00,ps-lb-09,2,-97,0.5,"{""Bat_V"": 3.576, ""Exti_pin_level"": ""Low"", ""Exti_status"": ""False"", ""IDC_intput_mA"": 4.2, ""IN1_pin_level"": ""Low"", ""IN2_pin_level"": ""Low"", ""Node_type"": ""PS-LB"", ""Probe_mod"": 0, ""VDC_intput_V"": 0, ""Water_deep_cm"": 2.5}"
2025-10-19 20:26:32.782063888+00:00,ps-lb-09,2,-97,3.75,"{""Bat_V"": 3.576, ""Exti_pin_level"": ""Low"", ""Exti_status"": ""False"", ""IDC_intput_mA"": 4.199, ""IN1_pin_level"": ""Low"", ""IN2_pin_level"": ""Low"", ""Node_type"": ""PS-LB"", ""Probe_mod"": 0, ""VDC_intput_V"": 0, ""Water_deep_cm"": 2.487}"
2025-10-19 21:26:32.070914247+00:00,ps-lb-09,2,-95,3.75,"{""Bat_V"": 3.576, ""Exti_pin_level"": ""Low"", ""Exti_status"": ""False"", ""IDC_intput_mA"": 4.199, ""IN1_pin_level"": ""Low"", ""IN2_pin_level"": ""Low"", ""Node_type"": ""PS-LB"", ""Probe_mod"": 0, ""VDC_intput_V"": 0, ""Water_deep_cm"": 2.487}"
2025-10-19 22:26:31.325575694+00:00,ps-lb-09,2,-95,,"{""Bat_V"": 3.576, ""Exti_pin_level"": ""Low"", ""Exti_status"": ""False"", ""IDC_intput_mA"": 4.199, ""IN1_pin_level"": ""Low"", ""IN2_pin_level"": ""Low"", ""Node_type"": ""PS-LB"", ""Probe_mod"": 0, ""VDC_intput_V"": 0, ""Water_deep_cm"": 2.487}"
2025-10-19 23:26:30.610637358+00:00,ps-lb-09,2,-96,0.25,"{""Bat_V"": 3.576, ""Exti_pin_level"": ""Low"", ""Exti_status"": ""False"", ""IDC_intput_mA"": 4.198, ""IN1_pin_level"": ""Low"", ""IN2_pin_level"": ""Low"", ""Node_type"": ""PS-LB"", ""Probe_mod"": 0, ""VDC_intput_V"": 0, ""Water_deep_cm"": 2.475}"
2025-10-20 00:26:29.866372760+00:00,ps-lb-09,2,-93,2.0,"{""Bat_V"": 3.576, ""Exti_pin_level"": ""Low"", ""Exti_status"": ""False"", ""IDC_intput_mA"": 4.198, ""IN1_pin_level"": ""Low"", ""IN2_pin_level"": ""Low"", ""Node_type"": ""PS-LB"", ""Probe_mod"": 0, ""VDC_intput_V"": 0, ""Water_deep_cm"": 2.475}"
2025-10-20 01:26:29.145166730+00:00,ps-lb-09,2,-96,,"{""Bat_V"": 3.576, ""Exti_pin_level"": ""Low"", ""Exti_status"": ""False"", ""IDC_intput_mA"": 4.198, ""IN1_pin_level"": ""Low"", ""IN2_pin_level"": ""Low"", ""Node_type"": ""PS-LB"", ""Probe_mod"": 0, ""VDC_intput_V"": 0, ""Water_deep_cm"": 2.475}"
2025-10-20 02:26:28.422644746+00:00,ps-lb-09,2,-97,3.5,"{""Bat_V"": 3.576, ""Exti_pin_level"": ""Low"", ""Exti_status"": ""False"", ""IDC_intput_mA"": 4.198, ""IN1_pin_level"": ""Low"", ""IN2_pin_level"": ""Low"", ""Node_type"": ""PS-LB"", ""Probe_mod"": 0, ""VDC_intput_V"": 0, ""Water_deep_cm"": 2.475}"
2025-10-20 03:26:27.725486351+00:00,ps-lb-09,2,-97,2.0,"{""Bat_V"": 3.576, ""Exti_pin_level"": ""Low"", ""Exti_status"": ""False"", ""IDC_intput_mA"": 4.198, ""IN1_pin_level"": ""Low"", ""IN2_pin_level"": ""Low"", ""Node_type"": ""PS-LB"", ""Probe_mod"": 0, ""VDC_intput_V"": 0, ""Water_deep_cm"": 2.475}"
2025-10-20 04:26:26.973280990+00:00,ps-lb-09,2,-97,,"{""Bat_V"": 3.576, ""Exti_pin_level"": ""Low"", ""Exti_status"": ""False"", ""IDC_intput_mA"": 4.198, ""IN1_pin_level"": ""Low"", ""IN2_pin_level"": ""Low"", ""Node_type"": ""PS-LB"", ""Probe_mod"": 0, ""VDC_intput_V"": 0, ""Water_deep_cm"": 2.475}"
2025-10-20 05:26:26.264050776+00:00,ps-lb-09,2,-97,1.75,"{""Bat_V"": 3.576, ""Exti_pin_level"": ""Low"", ""Exti_status"": ""False"", ""IDC_intput_mA"": 4.198, ""IN1_pin_level"": ""Low"", ""IN2_pin_level"": ""Low"", ""Node_type"": ""PS-LB"", ""Probe_mod"": 0, ""VDC_intput_V"": 0, ""Water_deep_cm"": 2.475}"
2025-10-20 06:26:25.527540379+00:00,ps-lb-09,2,-94,3.0,"{""Bat_V"": 3.576, ""Exti_pin_level"": ""Low"", ""Exti_status"": ""False"", ""IDC_intput_mA"": 4.199, ""IN1_pin_level"": ""Low"", ""IN2_pin_level"": ""Low"", ""Node_type"": ""PS-LB"", ""Probe_mod"": 0, ""VDC_intput_V"": 0, ""Water_deep_cm"": 2.487}"
2025-10-20 07:26:24.797277229+00:00,ps-lb-09,2,-96,3.5,"{""Bat_V"": 3.576, ""Exti_pin_level"": ""Low"", ""Exti_status"": ""False"", ""IDC_intput_mA"": 4.2, ""IN1_pin_level"": ""Low"", ""IN2_pin_level"": ""Low"", ""Node_type"": ""PS-LB"", ""Probe_mod"": 0, ""VDC_intput_V"": 0, ""Water_deep_cm"": 2.5}"
2025-10-20 08:26:24.066037289+00:00,ps-lb-09,2,-95,0.25,"{""Bat_V"": 3.576, ""Exti_pin_level"": ""Low"", ""Exti_status"": ""False"", ""IDC_intput_mA"": 4.2, ""IN1_pin_level"": ""Low"", ""IN2_pin_level"": ""Low"", ""Node_type"": ""PS-LB"", ""Probe_mod"": 0, ""VDC_intput_V"": 0, ""Water_deep_cm"": 2.5}"
2025-10-20 09:26:23.341024786+00:00,ps-lb-09,2,-98,-4.25,"{""Bat_V"": 3.576, ""Exti_pin_level"": ""Low"", ""Exti_status"": ""False"", ""IDC_intput_mA"": 4.201, ""IN1_pin_level"": ""Low"", ""IN2_pin_level"": ""Low"", ""Node_type"": ""PS-LB"", ""Probe_mod"": 0, ""VDC_intput_V"": 0, ""Water_deep_cm"": 2.512}"
2025-10-20 10:26:22.595489553+00:00,ps-lb-09,2,-101,-2.5,"{""Bat_V"": 3.576, ""Exti_pin_level"": ""Low"", ""Exti_status"": ""False"", ""IDC_intput_mA"": 4.201, ""IN1_pin_level"": ""Low"", ""IN2_pin_level"": ""Low"", ""Node_type"": ""PS-LB"", ""Probe_mod"": 0, ""VDC_intput_V"": 0, ""Water_deep_cm"": 2.512}"
2025-10-20 11:26:21.873292709+00:00,ps-lb-09,2,-93,5.25,"{""Bat_V"": 3.576, ""Exti_pin_level"": ""Low"", ""Exti_status"": ""False"", ""IDC_intput_mA"": 4.202, ""IN1_pin_level"": ""Low"", ""IN2_pin_level"": ""Low"", ""Node_type"": ""PS-LB"", ""Probe_mod"": 0, ""VDC_intput_V"": 0, ""Water_deep_cm"": 2.525}"
2025-10-20 12:26:21.144181473+00:00,ps-lb-09,2,-99,-6.75,"{""Bat_V"": 3.576, ""Exti_pin_level"": ""Low"", ""Exti_status"": ""False"", ""IDC_intput_mA"": 4.203, ""IN1_pin_level"": ""Low"", ""IN2_pin_level"": ""Low"", ""Node_type"": ""PS-LB"", ""Probe_mod"": 0, ""VDC_intput_V"": 0, ""Water_deep_cm"": 2.538}"
2025-10-20 13:26:20.443670644+00:00,ps-lb-09,2,-99,-2.5,"{""Bat_V"": 3.576, ""Exti_pin_level"": ""Low"", ""Exti_status"": ""False"", ""IDC_intput_mA"": 4.203, ""IN1_pin_level"": ""Low"", ""IN2_pin_level"": ""Low"", ""Node_type"": ""PS-LB"", ""Probe_mod"": 0, ""VDC_intput_V"": 0, ""Water_deep_cm"": 2.538}"
2025-10-20 14:26:19.692844730+00:00,ps-lb-09,2,-94,-0.75,"{""Bat_V"": 3.576, ""Exti_pin_level"": ""Low"", ""Exti_status"": ""False"", ""IDC_intput_mA"": 4.203, ""IN1_pin_level"": ""Low"", ""IN2_pin_level"": ""Low"", ""Node_type"": ""PS-LB"", ""Probe_mod"": 0, ""VDC_intput_V"": 0, ""Water_deep_cm"": 2.538}"
2025-10-20 15:26:18.962633853+00:00,ps-lb-09,2,-99,-4.25,"{""Bat_V"": 3.576, ""Exti_pin_level"": ""Low"", ""Exti_status"": ""False"", ""IDC_intput_mA"": 4.203, ""IN1_pin_level"": ""Low"", ""IN2_pin_level"": ""Low"", ""Node_type"": ""PS-LB"", ""Probe_mod"": 0, ""VDC_intput_V"": 0, ""Water_deep_cm"": 2.538}"
2025-10-20 16:26:18.229479279+00:00,ps-lb-09,2,-95,0.5,"{""Bat_V"": 3.576, ""Exti_pin_level"": ""Low"", ""Exti_status"": ""False"", ""IDC_intput_mA"": 4.204, ""IN1_pin_level"": ""Low"", ""IN2_pin_level"": ""Low"", ""Node_type"": ""PS-LB"", ""Probe_mod"": 0, ""VDC_intput_V"": 0, ""Water_deep_cm"": 2.55}"
2025-10-20 17:26:17.499099272+00:00,ps-lb-09,2,-98,-0.5,"{""Bat_V"": 3.576, ""Exti_pin_level"": ""Low"", ""Exti_status"": ""False"", ""IDC_intput_mA"": 4.204, ""IN1_pin_level"": ""Low"", ""IN2_pin_level"": ""Low"", ""Node_type"": ""PS-LB"", ""Probe_mod"": 0, ""VDC_intput_V"": 0, ""Water_deep_cm"": 2.55}"
2025-10-20 18:26:16.778857250+00:00,ps-lb-09,2,-103,-3.0,"{""Bat_V"": 3.576, ""Exti_pin_level"": ""Low"", ""Exti_status"": ""False"", ""IDC_intput_mA"": 4.204, ""IN1_pin_level"": ""Low"", ""IN2_pin_level"": ""Low"", ""Node_type"": ""PS-LB"", ""Probe_mod"": 0, ""VDC_intput_V"": 0, ""Water_deep_cm"": 2.55}"
2025-10-20 19:26:16.056398586+00:00,ps-lb-09,2,-101,-4.0,"{""Bat_V"": 3.576, ""Exti_pin_level"": ""Low"", ""Exti_status"": ""False"", ""IDC_intput_mA"": 4.204, ""IN1_pin_level"": ""Low"", ""IN2_pin_level"": ""Low"", ""Node_type"": ""PS-LB"", ""Probe_mod"": 0, ""VDC_intput_V"": 0, ""Water_deep_cm"": 2.55}"
2025-10-20 20:26:15.324251049+00:00,ps-lb-09,2,-98,-3.25,"{""Bat_V"": 3.576, ""Exti_pin_level"": ""Low"", ""Exti_status"": ""False"", ""IDC_intput_mA"": 4.204, ""IN1_pin_level"": ""Low"", ""IN2_pin_level"": ""Low"", ""Node_type"": ""PS-LB"", ""Probe_mod"": 0, ""VDC_intput_V"": 0, ""Water_deep_cm"": 2.55}"
2025-10-20 21:26:14.605057578+00:00,ps-lb-09,2,-95,1.0,"{""Bat_V"": 3.576, ""Exti_pin_level"": ""Low"", ""Exti_status"": ""False"", ""IDC_intput_mA"": 4.204, ""IN1_pin_level"": ""Low"", ""IN2_pin_level"": ""Low"", ""Node_type"": ""PS-LB"", ""Probe_mod"": 0, ""VDC_intput_V"": 0, ""Water_deep_cm"": 2.55}"
2025-10-20 22:26:13.853999066+00:00,ps-lb-09,2,-98,-2.75,"{""Bat_V"": 3.576, ""Exti_pin_level"": ""Low"", ""Exti_status"": ""False"", ""IDC_intput_mA"": 4.204, ""IN1_pin_level"": ""Low"", ""IN2_pin_level"": ""Low"", ""Node_type"": ""PS-LB"", ""Probe_mod"": 0, ""VDC_intput_V"": 0, ""Water_deep_cm"": 2.55}"
2025-10-20 23:26:13.133899923+00:00,ps-lb-09,2,-97,-3.75,"{""Bat_V"": 3.576, ""Exti_pin_level"": ""Low"", ""Exti_status"": ""False"", ""IDC_intput_mA"": 4.204, ""IN1_pin_level"": ""Low"", ""IN2_pin_level"": ""Low"", ""Node_type"": ""PS-LB"", ""Probe_mod"": 0, ""VDC_intput_V"": 0, ""Water_deep_cm"": 2.55}"
2025-10-21 00:26:12.398197391+00:00,ps-lb-09,2,-97,-4.0,"{""Bat_V"": 3.576, ""Exti_pin_level"": ""Low"", ""Exti_status"": ""False"", ""IDC_intput_mA"": 4.204, ""IN1_pin_level"": ""Low"", ""IN2_pin_level"": ""Low"", ""Node_type"": ""PS-LB"", ""Probe_mod"": 0, ""VDC_intput_V"": 0, ""Water_deep_cm"": 2.55}"
2025-10-21 02:26:10.935602208+00:00,ps-lb-09,2,-103,-5.75,"{""Bat_V"": 3.576, ""Exti_pin_level"": ""Low"", ""Exti_status"": ""False"", ""IDC_intput_mA"": 4.203, ""IN1_pin_level"": ""Low"", ""IN2_pin_level"": ""Low"", ""Node_type"": ""PS-LB"", ""Probe_mod"": 0, ""VDC_intput_V"": 0, ""Water_deep_cm"": 2.538}"
2025-10-21 03:26:10.207032913+00:00,ps-lb-09,2,-103,-0.5,"{""Bat_V"": 3.576, ""Exti_pin_level"": ""Low"", ""Exti_status"": ""False"", ""IDC_intput_mA"": 4.203, ""IN1_pin_level"": ""Low"", ""IN2_pin_level"": ""Low"", ""Node_type"": ""PS-LB"", ""Probe_mod"": 0, ""VDC_intput_V"": 0, ""Water_deep_cm"": 2.538}"
2025-10-21 04:26:09.483755242+00:00,ps-lb-09,2,-104,-7.75,"{""Bat_V"": 3.576, ""Exti_pin_level"": ""Low"", ""Exti_status"": ""False"", ""IDC_intput_mA"": 4.203, ""IN1_pin_level"": ""Low"", ""IN2_pin_level"": ""Low"", ""Node_type"": ""PS-LB"", ""Probe_mod"": 0, ""VDC_intput_V"": 0, ""Water_deep_cm"": 2.538}"
2025-10-21 05:26:08.777753195+00:00,ps-lb-09,2,-102,-3.25,"{""Bat_V"": 3.576, ""Exti_pin_level"": ""Low"", ""Exti_status"": ""False"", ""IDC_intput_mA"": 4.203, ""IN1_pin_level"": ""Low"", ""IN2_pin_level"": ""Low"", ""Node_type"": ""PS-LB"", ""Probe_mod"": 0, ""VDC_intput_V"": 0, ""Water_deep_cm"": 2.538}"
2025-10-21 06:26:08.024686483+00:00,ps-lb-09,2,-93,2.0,"{""Bat_V"": 3.576, ""Exti_pin_level"": ""Low"", ""Exti_status"": ""False"", ""IDC_intput_mA"": 4.203, ""IN1_pin_level"": ""Low"", ""IN2_pin_level"": ""Low"", ""Node_type"": ""PS-LB"", ""Probe_mod"": 0, ""VDC_intput_V"": 0, ""Water_deep_cm"": 2.538}"
2025-10-21 07:26:07.309795539+00:00,ps-lb-09,2,-99,3.25,"{""Bat_V"": 3.576, ""Exti_pin_level"": ""Low"", ""Exti_status"": ""False"", ""IDC_intput_mA"": 4.203, ""IN1_pin_level"": ""Low"", ""IN2_pin_level"": ""Low"", ""Node_type"": ""PS-LB"", ""Probe_mod"": 0, ""VDC_intput_V"": 0, ""Water_deep_cm"": 2.538}"
2025-10-21 08:26:06.565816283+00:00,ps-lb-09,2,-95,2.75,"{""Bat_V"": 3.576, ""Exti_pin_level"": ""Low"", ""Exti_status"": ""False"", ""IDC_intput_mA"": 4.203, ""IN1_pin_level"": ""Low"", ""IN2_pin_level"": ""Low"", ""Node_type"": ""PS-LB"", ""Probe_mod"": 0, ""VDC_intput_V"": 0, ""Water_deep_cm"": 2.538}"
2025-10-21 09:26:05.846484539+00:00,ps-lb-09,2,-96,2.25,"{""Bat_V"": 3.576, ""Exti_pin_level"": ""Low"", ""Exti_status"": ""False"", ""IDC_intput_mA"": 4.203, ""IN1_pin_level"": ""Low"", ""IN2_pin_level"": ""Low"", ""Node_type"": ""PS-LB"", ""Probe_mod"": 0, ""VDC_intput_V"": 0, ""Water_deep_cm"": 2.538}"
2025-10-21 10:26:05.107478257+00:00,ps-lb-09,2,-90,4.0,"{""Bat_V"": 3.576, ""Exti_pin_level"": ""Low"", ""Exti_status"": ""False"", ""IDC_intput_mA"": 4.204, ""IN1_pin_level"": ""Low"", ""IN2_pin_level"": ""Low"", ""Node_type"": ""PS-LB"", ""Probe_mod"": 0, ""VDC_intput_V"": 0, ""Water_deep_cm"": 2.55}"
2025-10-21 11:26:04.386717809+00:00,ps-lb-09,2,-93,4.75,"{""Bat_V"": 3.576, ""Exti_pin_level"": ""Low"", ""Exti_status"": ""False"", ""IDC_intput_mA"": 4.204, ""IN1_pin_level"": ""Low"", ""IN2_pin_level"": ""Low"", ""Node_type"": ""PS-LB"", ""Probe_mod"": 0, ""VDC_intput_V"": 0, ""Water_deep_cm"": 2.55}"
2025-10-21 12:26:03.708789878+00:00,ps-lb-09,2,-93,7.5,"{""Bat_V"": 3.576, ""Exti_pin_level"": ""Low"", ""Exti_status"": ""False"", ""IDC_intput_mA"": 4.204, ""IN1_pin_level"": ""Low"", ""IN2_pin_level"": ""Low"", ""Node_type"": ""PS-LB"", ""Probe_mod"": 0, ""VDC_intput_V"": 0, ""Water_deep_cm"": 2.55}"
2025-10-21 13:26:02.941079931+00:00,ps-lb-09,2,-95,5.5,"{""Bat_V"": 3.576, ""Exti_pin_level"": ""Low"", ""Exti_status"": ""False"", ""IDC_intput_mA"": 4.205, ""IN1_pin_level"": ""Low"", ""IN2_pin_level"": ""Low"", ""Node_type"": ""PS-LB"", ""Probe_mod"": 0, ""VDC_intput_V"": 0, ""Water_deep_cm"": 2.563}"
2025-10-21 14:26:02.186318201+00:00,ps-lb-09,2,-92,3.75,"{""Bat_V"": 3.576, ""Exti_pin_level"": ""Low"", ""Exti_status"": ""False"", ""IDC_intput_mA"": 4.205, ""IN1_pin_level"": ""Low"", ""IN2_pin_level"": ""Low"", ""Node_type"": ""PS-LB"", ""Probe_mod"": 0, ""VDC_intput_V"": 0, ""Water_deep_cm"": 2.563}"
2025-10-21 15:26:01.465111714+00:00,ps-lb-09,2,-97,1.5,"{""Bat_V"": 3.576, ""Exti_pin_level"": ""Low"", ""Exti_status"": ""False"", ""IDC_intput_mA"": 4.205, ""IN1_pin_level"": ""Low"", ""IN2_pin_level"": ""Low"", ""Node_type"": ""PS-LB"", ""Probe_mod"": 0, ""VDC_intput_V"": 0, ""Water_deep_cm"": 2.563}"
2025-10-21 16:26:00.744728576+00:00,ps-lb-09,2,-98,-1.0,"{""Bat_V"": 3.576, ""Exti_pin_level"": ""Low"", ""Exti_status"": ""False"", ""IDC_intput_mA"": 4.206, ""IN1_pin_level"": ""Low"", ""IN2_pin_level"": ""Low"", ""Node_type"": ""PS-LB"", ""Probe_mod"": 0, ""VDC_intput_V"": 0, ""Water_deep_cm"": 2.575}"
2025-10-21 17:26:00.011221801+00:00,ps-lb-09,2,-97,-2.25,"{""Bat_V"": 3.582, ""Exti_pin_level"": ""Low"", ""Exti_status"": ""False"", ""IDC_intput_mA"": 4.206, ""IN1_pin_level"": ""Low"", ""IN2_pin_level"": ""Low"", ""Node_type"": ""PS-LB"", ""Probe_mod"": 0, ""VDC_intput_V"": 0, ""Water_deep_cm"": 2.575}"
2025-10-21 18:25:59.274216008+00:00,ps-lb-09,2,-97,4.25,"{""Bat_V"": 3.576, ""Exti_pin_level"": ""Low"", ""Exti_status"": ""False"", ""IDC_intput_mA"": 4.206, ""IN1_pin_level"": ""Low"", ""IN2_pin_level"": ""Low"", ""Node_type"": ""PS-LB"", ""Probe_mod"": 0, ""VDC_intput_V"": 0, ""Water_deep_cm"": 2.575}"
2025-10-21 19:25:58.555936826+00:00,ps-lb-09,2,-97,,"{""Bat_V"": 3.576, ""Exti_pin_level"": ""Low"", ""Exti_status"": ""False"", ""IDC_intput_mA"": 4.206, ""IN1_pin_level"": ""Low"", ""IN2_pin_level"": ""Low"", ""Node_type"": ""PS-LB"", ""Probe_mod"": 0, ""VDC_intput_V"": 0, ""Water_deep_cm"": 2.575}"
2025-10-21 20:25:57.829378565+00:00,ps-lb-09,2,-97,5.75,"{""Bat_V"": 3.576, ""Exti_pin_level"": ""Low"", ""Exti_status"": ""False"", ""IDC_intput_mA"": 4.206, ""IN1_pin_level"": ""Low"", ""IN2_pin_level"": ""Low"", ""Node_type"": ""PS-LB"", ""Probe_mod"": 0, ""VDC_intput_V"": 0, ""Water_deep_cm"": 2.575}"
2025-10-21 21:25:57.089654944+00:00,ps-lb-09,2,-97,4.0,"{""Bat_V"": 3.576, ""Exti_pin_level"": ""Low"", ""Exti_status"": ""False"", ""IDC_intput_mA"": 4.206, ""IN1_pin_level"": ""Low"", ""IN2_pin_level"": ""Low"", ""Node_type"": ""PS-LB"", ""Probe_mod"": 0, ""VDC_intput_V"": 0, ""Water_deep_cm"": 2.575}"
2025-10-21 22:25:56.437210168+00:00,ps-lb-09,2,-96,-0.5,"{""Bat_V"": 3.576, ""Exti_pin_level"": ""Low"", ""Exti_status"": ""False"", ""IDC_intput_mA"": 4.206, ""IN1_pin_level"": ""Low"", ""IN2_pin_level"": ""Low"", ""Node_type"": ""PS-LB"", ""Probe_mod"": 0, ""VDC_intput_V"": 0, ""Water_deep_cm"": 2.575}"
2025-10-21 23:25:55.630898108+00:00,ps-lb-09,2,-97,3.5,"{""Bat_V"": 3.576, ""Exti_pin_level"": ""Low"", ""Exti_status"": ""False"", ""IDC_intput_mA"": 4.205, ""IN1_pin_level"": ""Low"", ""IN2_pin_level"": ""Low"", ""Node_type"": ""PS-LB"", ""Probe_mod"": 0, ""VDC_intput_V"": 0, ""Water_deep_cm"": 2.563}"
2025-10-22 00:25:54.909332750+00:00,ps-lb-09,2,-99,-2.0,"{""Bat_V"": 3.582, ""Exti_pin_level"": ""Low"", ""Exti_status"": ""False"", ""IDC_intput_mA"": 4.205, ""IN1_pin_level"": ""Low"", ""IN2_pin_level"": ""Low"", ""Node_type"": ""PS-LB"", ""Probe_mod"": 0, ""VDC_intput_V"": 0, ""Water_deep_cm"": 2.563}"
2025-10-22 01:25:54.178888702+00:00,ps-lb-09,2,-96,-1.75,"{""Bat_V"": 3.576, ""Exti_pin_level"": ""Low"", ""Exti_status"": ""False"", ""IDC_intput_mA"": 4.205, ""IN1_pin_level"": ""Low"", ""IN2_pin_level"": ""Low"", ""Node_type"": ""PS-LB"", ""Probe_mod"": 0, ""VDC_intput_V"": 0, ""Water_deep_cm"": 2.563}"
2025-10-22 02:25:53.438776077+00:00,ps-lb-09,2,-101,0.75,"{""Bat_V"": 3.582, ""Exti_pin_level"": ""Low"", ""Exti_status"": ""False"", ""IDC_intput_mA"": 4.205, ""IN1_pin_level"": ""Low"", ""IN2_pin_level"": ""Low"", ""Node_type"": ""PS-LB"", ""Probe_mod"": 0, ""VDC_intput_V"": 0, ""Water_deep_cm"": 2.563}"
2025-10-22 03:25:52.708597386+00:00,ps-lb-09,2,-101,-4.5,"{""Bat_V"": 3.576, ""Exti_pin_level"": ""Low"", ""Exti_status"": ""False"", ""IDC_intput_mA"": 4.204, ""IN1_pin_level"": ""Low"", ""IN2_pin_level"": ""Low"", ""Node_type"": ""PS-LB"", ""Probe_mod"": 0, ""VDC_intput_V"": 0, ""Water_deep_cm"": 2.55}"
2025-10-22 04:25:51.997098768+00:00,ps-lb-09,2,-97,3.0,"{""Bat_V"": 3.582, ""Exti_pin_level"": ""Low"", ""Exti_status"": ""False"", ""IDC_intput_mA"": 4.204, ""IN1_pin_level"": ""Low"", ""IN2_pin_level"": ""Low"", ""Node_type"": ""PS-LB"", ""Probe_mod"": 0, ""VDC_intput_V"": 0, ""Water_deep_cm"": 2.55}"
2025-10-22 05:25:51.260532644+00:00,ps-lb-09,2,-99,0.75,"{""Bat_V"": 3.576, ""Exti_pin_level"": ""Low"", ""Exti_status"": ""False"", ""IDC_intput_mA"": 4.204, ""IN1_pin_level"": ""Low"", ""IN2_pin_level"": ""Low"", ""Node_type"": ""PS-LB"", ""Probe_mod"": 0, ""VDC_intput_V"": 0, ""Water_deep_cm"": 2.55}"
2025-10-22 06:25:50.527284678+00:00,ps-lb-09,2,-97,-0.5,"{""Bat_V"": 3.576, ""Exti_pin_level"": ""Low"", ""Exti_status"": ""False"", ""IDC_intput_mA"": 4.204, ""IN1_pin_level"": ""Low"", ""IN2_pin_level"": ""Low"", ""Node_type"": ""PS-LB"", ""Probe_mod"": 0, ""VDC_intput_V"": 0, ""Water_deep_cm"": 2.55}"
2025-10-22 07:25:49.797016077+00:00,ps-lb-09,2,-95,-1.75,"{""Bat_V"": 3.576, ""Exti_pin_level"": ""Low"", ""Exti_status"": ""False"", ""IDC_intput_mA"": 4.204, ""IN1_pin_level"": ""Low"", ""IN2_pin_level"": ""Low"", ""Node_type"": ""PS-LB"", ""Probe_mod"": 0, ""VDC_intput_V"": 0, ""Water_deep_cm"": 2.55}"
2025-10-22 08:25:49.074409762+00:00,ps-lb-09,2,-98,1.5,"{""Bat_V"": 3.576, ""Exti_pin_level"": ""Low"", ""Exti_status"": ""False"", ""IDC_intput_mA"": 4.205, ""IN1_pin_level"": ""Low"", ""IN2_pin_level"": ""Low"", ""Node_type"": ""PS-LB"", ""Probe_mod"": 0, ""VDC_intput_V"": 0, ""Water_deep_cm"": 2.563}"
2025-10-22 09:25:48.343886441+00:00,ps-lb-09,2,-94,4.0,"{""Bat_V"": 3.576, ""Exti_pin_level"": ""Low"", ""Exti_status"": ""False"", ""IDC_intput_mA"": 4.205, ""IN1_pin_level"": ""Low"", ""IN2_pin_level"": ""Low"", ""Node_type"": ""PS-LB"", ""Probe_mod"": 0, ""VDC_intput_V"": 0, ""Water_deep_cm"": 2.563}"
2025-10-22 10:25:47.607189735+00:00,ps-lb-09,2,-98,4.0,"{""Bat_V"": 3.576, ""Exti_pin_level"": ""Low"", ""Exti_status"": ""False"", ""IDC_intput_mA"": 4.205, ""IN1_pin_level"": ""Low"", ""IN2_pin_level"": ""Low"", ""Node_type"": ""PS-LB"", ""Probe_mod"": 0, ""VDC_intput_V"": 0, ""Water_deep_cm"": 2.563}"
2025-10-22 11:25:46.878959698+00:00,ps-lb-09,2,-97,5.25,"{""Bat_V"": 3.576, ""Exti_pin_level"": ""Low"", ""Exti_status"": ""False"", ""IDC_intput_mA"": 4.206, ""IN1_pin_level"": ""Low"", ""IN2_pin_level"": ""Low"", ""Node_type"": ""PS-LB"", ""Probe_mod"": 0, ""VDC_intput_V"": 0, ""Water_deep_cm"": 2.575}"
2025-10-22 12:25:46.156878071+00:00,ps-lb-09,2,-102,-1.75,"{""Bat_V"": 3.576, ""Exti_pin_level"": ""Low"", ""Exti_status"": ""False"", ""IDC_intput_mA"": 4.206, ""IN1_pin_level"": ""Low"", ""IN2_pin_level"": ""Low"", ""Node_type"": ""PS-LB"", ""Probe_mod"": 0, ""VDC_intput_V"": 0, ""Water_deep_cm"": 2.575}"
2025-10-22 13:25:45.424624695+00:00,ps-lb-09,2,-99,0.25,"{""Bat_V"": 3.576, ""Exti_pin_level"": ""Low"", ""Exti_status"": ""False"", ""IDC_intput_mA"": 4.206, ""IN1_pin_level"": ""Low"", ""IN2_pin_level"": ""Low"", ""Node_type"": ""PS-LB"", ""Probe_mod"": 0, ""VDC_intput_V"": 0, ""Water_deep_cm"": 2.575}"
2025-10-22 14:25:44.695006646+00:00,ps-lb-09,2,-97,-2.75,"{""Bat_V"": 3.582, ""Exti_pin_level"": ""Low"", ""Exti_status"": ""False"", ""IDC_intput_mA"": 4.206, ""IN1_pin_level"": ""Low"", ""IN2_pin_level"": ""Low"", ""Node_type"": ""PS-LB"", ""Probe_mod"": 0, ""VDC_intput_V"": 0, ""Water_deep_cm"": 2.575}"
2025-10-22 15:25:43.959414717+00:00,ps-lb-09,2,-98,-3.5,"{""Bat_V"": 3.582, ""Exti_pin_level"": ""Low"", ""Exti_status"": ""False"", ""IDC_intput_mA"": 4.206, ""IN1_pin_level"": ""Low"", ""IN2_pin_level"": ""Low"", ""Node_type"": ""PS-LB"", ""Probe_mod"": 0, ""VDC_intput_V"": 0, ""Water_deep_cm"": 2.575}"
2025-10-22 17:25:42.515778489+00:00,ps-lb-09,2,-101,-4.25,"{""Bat_V"": 3.582, ""Exti_pin_level"": ""Low"", ""Exti_status"": ""False"", ""IDC_intput_mA"": 4.207, ""IN1_pin_level"": ""Low"", ""IN2_pin_level"": ""Low"", ""Node_type"": ""PS-LB"", ""Probe_mod"": 0, ""VDC_intput_V"": 0, ""Water_deep_cm"": 2.587}"
2025-10-22 18:25:41.781721491+00:00,ps-lb-09,2,-103,-2.75,"{""Bat_V"": 3.576, ""Exti_pin_level"": ""Low"", ""Exti_status"": ""False"", ""IDC_intput_mA"": 4.207, ""IN1_pin_level"": ""Low"", ""IN2_pin_level"": ""Low"", ""Node_type"": ""PS-LB"", ""Probe_mod"": 0, ""VDC_intput_V"": 0, ""Water_deep_cm"": 2.587}"
2025-10-22 19:25:41.027792443+00:00,ps-lb-09,2,-103,-6.5,"{""Bat_V"": 3.576, ""Exti_pin_level"": ""Low"", ""Exti_status"": ""False"", ""IDC_intput_mA"": 4.206, ""IN1_pin_level"": ""Low"", ""IN2_pin_level"": ""Low"", ""Node_type"": ""PS-LB"", ""Probe_mod"": 0, ""VDC_intput_V"": 0, ""Water_deep_cm"": 2.575}"
2025-10-22 20:25:40.314567309+00:00,ps-lb-09,2,-101,-2.5,"{""Bat_V"": 3.582, ""Exti_pin_level"": ""Low"", ""Exti_status"": ""False"", ""IDC_intput_mA"": 4.206, ""IN1_pin_level"": ""Low"", ""IN2_pin_level"": ""Low"", ""Node_type"": ""PS-LB"", ""Probe_mod"": 0, ""VDC_intput_V"": 0, ""Water_deep_cm"": 2.575}"
2025-10-22 21:25:39.586996256+00:00,ps-lb-09,2,-99,-0.75,"{""Bat_V"": 3.576, ""Exti_pin_level"": ""Low"", ""Exti_status"": ""False"", ""IDC_intput_mA"": 4.206, ""IN1_pin_level"": ""Low"", ""IN2_pin_level"": ""Low"", ""Node_type"": ""PS-LB"", ""Probe_mod"": 0, ""VDC_intput_V"": 0, ""Water_deep_cm"": 2.575}"
2025-10-22 22:25:38.863962324+00:00,ps-lb-09,2,-98,-0.25,"{""Bat_V"": 3.576, ""Exti_pin_level"": ""Low"", ""Exti_status"": ""False"", ""IDC_intput_mA"": 4.206, ""IN1_pin_level"": ""Low"", ""IN2_pin_level"": ""Low"", ""Node_type"": ""PS-LB"", ""Probe_mod"": 0, ""VDC_intput_V"": 0, ""Water_deep_cm"": 2.575}"
2025-10-22 23:25:38.127547313+00:00,ps-lb-09,2,-98,,"{""Bat_V"": 3.576, ""Exti_pin_level"": ""Low"", ""Exti_status"": ""False"", ""IDC_intput_mA"": 4.206, ""IN1_pin_level"": ""Low"", ""IN2_pin_level"": ""Low"", ""Node_type"": ""PS-LB"", ""Probe_mod"": 0, ""VDC_intput_V"": 0, ""Water_deep_cm"": 2.575}"
2025-10-23 00:25:37.403476646+00:00,ps-lb-09,2,-98,-3.25,"{""Bat_V"": 3.576, ""Exti_pin_level"": ""Low"", ""Exti_status"": ""False"", ""IDC_intput_mA"": 4.206, ""IN1_pin_level"": ""Low"", ""IN2_pin_level"": ""Low"", ""Node_type"": ""PS-LB"", ""Probe_mod"": 0, ""VDC_intput_V"": 0, ""Water_deep_cm"": 2.575}"
2025-10-23 01:25:36.662052974+00:00,ps-lb-09,2,-98,-3.5,"{""Bat_V"": 3.576, ""Exti_pin_level"": ""Low"", ""Exti_status"": ""False"", ""IDC_intput_mA"": 4.206, ""IN1_pin_level"": ""Low"", ""IN2_pin_level"": ""Low"", ""Node_type"": ""PS-LB"", ""Probe_mod"": 0, ""VDC_intput_V"": 0, ""Water_deep_cm"": 2.575}"
2025-10-23 02:25:35.935152867+00:00,ps-lb-09,2,-122,-7.5,"{""Bat_V"": 3.576, ""Exti_pin_level"": ""Low"", ""Exti_status"": ""False"", ""IDC_intput_mA"": 4.206, ""IN1_pin_level"": ""Low"", ""IN2_pin_level"": ""Low"", ""Node_type"": ""PS-LB"", ""Probe_mod"": 0, ""VDC_intput_V"": 0, ""Water_deep_cm"": 2.575}"
2025-10-23 03:25:35.217230688+00:00,ps-lb-09,2,-98,-3.5,"{""Bat_V"": 3.576, ""Exti_pin_level"": ""Low"", ""Exti_status"": ""False"", ""IDC_intput_mA"": 4.205, ""IN1_pin_level"": ""Low"", ""IN2_pin_level"": ""Low"", ""Node_type"": ""PS-LB"", ""Probe_mod"": 0, ""VDC_intput_V"": 0, ""Water_deep_cm"": 2.563}"
2025-10-23 05:25:33.757665066+00:00,ps-lb-09,2,-98,1.0,"{""Bat_V"": 3.576, ""Exti_pin_level"": ""Low"", ""Exti_status"": ""False"", ""IDC_intput_mA"": 4.206, ""IN1_pin_level"": ""Low"", ""IN2_pin_level"": ""Low"", ""Node_type"": ""PS-LB"", ""Probe_mod"": 0, ""VDC_intput_V"": 0, ""Water_deep_cm"": 2.575}"
2025-10-23 06:25:33.027531816+00:00,ps-lb-09,2,-93,2.25,"{""Bat_V"": 3.576, ""Exti_pin_level"": ""Low"", ""Exti_status"": ""False"", ""IDC_intput_mA"": 4.206, ""IN1_pin_level"": ""Low"", ""IN2_pin_level"": ""Low"", ""Node_type"": ""PS-LB"", ""Probe_mod"": 0, ""VDC_intput_V"": 0, ""Water_deep_cm"": 2.575}"
2025-10-23 07:25:32.276857953+00:00,ps-lb-09,2,-92,5.5,"{""Bat_V"": 3.576, ""Exti_pin_level"": ""Low"", ""Exti_status"": ""False"", ""IDC_intput_mA"": 4.206, ""IN1_pin_level"": ""Low"", ""IN2_pin_level"": ""Low"", ""Node_type"": ""PS-LB"", ""Probe_mod"": 0, ""VDC_intput_V"": 0, ""Water_deep_cm"": 2.575}"
2025-10-23 08:25:31.549178797+00:00,ps-lb-09,2,-95,3.5,"{""Bat_V"": 3.576, ""Exti_pin_level"": ""Low"", ""Exti_status"": ""False"", ""IDC_intput_mA"": 4.206, ""IN1_pin_level"": ""Low"", ""IN2_pin_level"": ""Low"", ""Node_type"": ""PS-LB"", ""Probe_mod"": 0, ""VDC_intput_V"": 0, ""Water_deep_cm"": 2.575}"
2025-10-23 10:25:30.101962082+00:00,ps-lb-09,2,-121,-4.5,"{""Bat_V"": 3.576, ""Exti_pin_level"": ""Low"", ""Exti_status"": ""False"", ""IDC_intput_mA"": 4.207, ""IN1_pin_level"": ""Low"", ""IN2_pin_level"": ""Low"", ""Node_type"": ""PS-LB"", ""Probe_mod"": 0, ""VDC_intput_V"": 0, ""Water_deep_cm"": 2.587}"
2025-10-23 11:25:29.368583618+00:00,ps-lb-09,2,-99,-0.5,"{""Bat_V"": 3.576, ""Exti_pin_level"": ""Low"", ""Exti_status"": ""False"", ""IDC_intput_mA"": 4.207, ""IN1_pin_level"": ""Low"", ""IN2_pin_level"": ""Low"", ""Node_type"": ""PS-LB"", ""Probe_mod"": 0, ""VDC_intput_V"": 0, ""Water_deep_cm"": 2.587}"
2025-10-23 12:25:28.641598176+00:00,ps-lb-09,2,-98,4.25,"{""Bat_V"": 3.582, ""Exti_pin_level"": ""Low"", ""Exti_status"": ""False"", ""IDC_intput_mA"": 4.207, ""IN1_pin_level"": ""Low"", ""IN2_pin_level"": ""Low"", ""Node_type"": ""PS-LB"", ""Probe_mod"": 0, ""VDC_intput_V"": 0, ""Water_deep_cm"": 2.587}"
2025-10-23 13:25:27.922107769+00:00,ps-lb-09,2,-90,6.5,"{""Bat_V"": 3.582, ""Exti_pin_level"": ""Low"", ""Exti_status"": ""False"", ""IDC_intput_mA"": 4.206, ""IN1_pin_level"": ""Low"", ""IN2_pin_level"": ""Low"", ""Node_type"": ""PS-LB"", ""Probe_mod"": 0, ""VDC_intput_V"": 0, ""Water_deep_cm"": 2.575}"
2025-10-23 15:25:26.444262542+00:00,ps-lb-09,2,-97,3.0,"{""Bat_V"": 3.576, ""Exti_pin_level"": ""Low"", ""Exti_status"": ""False"", ""IDC_intput_mA"": 4.205, ""IN1_pin_level"": ""Low"", ""IN2_pin_level"": ""Low"", ""Node_type"": ""PS-LB"", ""Probe_mod"": 0, ""VDC_intput_V"": 0, ""Water_deep_cm"": 2.563}"
2025-10-23 16:25:25.714602091+00:00,ps-lb-09,2,-99,-2.75,"{""Bat_V"": 3.576, ""Exti_pin_level"": ""Low"", ""Exti_status"": ""False"", ""IDC_intput_mA"": 4.207, ""IN1_pin_level"": ""Low"", ""IN2_pin_level"": ""Low"", ""Node_type"": ""PS-LB"", ""Probe_mod"": 0, ""VDC_intput_V"": 0, ""Water_deep_cm"": 2.587}"
2025-10-23 17:25:25.002640181+00:00,ps-lb-09,2,-97,1.25,"{""Bat_V"": 3.576, ""Exti_pin_level"": ""Low"", ""Exti_status"": ""False"", ""IDC_intput_mA"": 4.208, ""IN1_pin_level"": ""Low"", ""IN2_pin_level"": ""Low"", ""Node_type"": ""PS-LB"", ""Probe_mod"": 0, ""VDC_intput_V"": 0, ""Water_deep_cm"": 2.6}"
2025-10-23 18:25:24.258385248+00:00,ps-lb-09,2,-120,-3.75,"{""Bat_V"": 3.576, ""Exti_pin_level"": ""Low"", ""Exti_status"": ""False"", ""IDC_intput_mA"": 4.207, ""IN1_pin_level"": ""Low"", ""IN2_pin_level"": ""Low"", ""Node_type"": ""PS-LB"", ""Probe_mod"": 0, ""VDC_intput_V"": 0, ""Water_deep_cm"": 2.587}"
2025-10-23 19:25:23.538083947+00:00,ps-lb-09,2,-95,1.5,"{""Bat_V"": 3.582, ""Exti_pin_level"": ""Low"", ""Exti_status"": ""False"", ""IDC_intput_mA"": 4.207, ""IN1_pin_level"": ""Low"", ""IN2_pin_level"": ""Low"", ""Node_type"": ""PS-LB"", ""Probe_mod"": 0, ""VDC_intput_V"": 0, ""Water_deep_cm"": 2.587}"
2025-10-23 20:25:22.802909451+00:00,ps-lb-09,2,-91,5.5,"{""Bat_V"": 3.576, ""Exti_pin_level"": ""Low"", ""Exti_status"": ""False"", ""IDC_intput_mA"": 4.207, ""IN1_pin_level"": ""Low"", ""IN2_pin_level"": ""Low"", ""Node_type"": ""PS-LB"", ""Probe_mod"": 0, ""VDC_intput_V"": 0, ""Water_deep_cm"": 2.587}"
2025-10-23 21:25:22.070492210+00:00,ps-lb-09,2,-88,6.5,"{""Bat_V"": 3.576, ""Exti_pin_level"": ""Low"", ""Exti_status"": ""False"", ""IDC_intput_mA"": 4.207, ""IN1_pin_level"": ""Low"", ""IN2_pin_level"": ""Low"", ""Node_type"": ""PS-LB"", ""Probe_mod"": 0, ""VDC_intput_V"": 0, ""Water_deep_cm"": 2.587}"
2025-10-23 22:25:21.318911160+00:00,ps-lb-09,2,-89,5.5,"{""Bat_V"": 3.576, ""Exti_pin_level"": ""Low"", ""Exti_status"": ""False"", ""IDC_intput_mA"": 4.207, ""IN1_pin_level"": ""Low"", ""IN2_pin_level"": ""Low"", ""Node_type"": ""PS-LB"", ""Probe_mod"": 0, ""VDC_intput_V"": 0, ""Water_deep_cm"": 2.587}"
2025-10-23 23:25:20.603192813+00:00,ps-lb-09,2,-93,7.25,"{""Bat_V"": 3.582, ""Exti_pin_level"": ""Low"", ""Exti_status"": ""False"", ""IDC_intput_mA"": 4.206, ""IN1_pin_level"": ""Low"", ""IN2_pin_level"": ""Low"", ""Node_type"": ""PS-LB"", ""Probe_mod"": 0, ""VDC_intput_V"": 0, ""Water_deep_cm"": 2.575}"
2025-10-24 00:25:19.889851225+00:00,ps-lb-09,2,-90,5.0,"{""Bat_V"": 3.576, ""Exti_pin_level"": ""Low"", ""Exti_status"": ""False"", ""IDC_intput_mA"": 4.206, ""IN1_pin_level"": ""Low"", ""IN2_pin_level"": ""Low"", ""Node_type"": ""PS-LB"", ""Probe_mod"": 0, ""VDC_intput_V"": 0, ""Water_deep_cm"": 2.575}"
2025-10-24 01:25:19.141914261+00:00,ps-lb-09,2,-91,5.25,"{""Bat_V"": 3.582, ""Exti_pin_level"": ""Low"", ""Exti_status"": ""False"", ""IDC_intput_mA"": 4.207, ""IN1_pin_level"": ""Low"", ""IN2_pin_level"": ""Low"", ""Node_type"": ""PS-LB"", ""Probe_mod"": 0, ""VDC_intput_V"": 0, ""Water_deep_cm"": 2.587}"
2025-10-24 02:25:18.417987600+00:00,ps-lb-09,2,-91,7.5,"{""Bat_V"": 3.576, ""Exti_pin_level"": ""Low"", ""Exti_status"": ""False"", ""IDC_intput_mA"": 4.206, ""IN1_pin_level"": ""Low"", ""IN2_pin_level"": ""Low"", ""Node_type"": ""PS-LB"", ""Probe_mod"": 0, ""VDC_intput_V"": 0, ""Water_deep_cm"": 2.575}"
2025-10-24 03:25:17.676842434+00:00,ps-lb-09,2,-91,7.0,"{""Bat_V"": 3.582, ""Exti_pin_level"": ""Low"", ""Exti_status"": ""False"", ""IDC_intput_mA"": 4.206, ""IN1_pin_level"": ""Low"", ""IN2_pin_level"": ""Low"", ""Node_type"": ""PS-LB"", ""Probe_mod"": 0, ""VDC_intput_V"": 0, ""Water_deep_cm"": 2.575}"
2025-10-24 04:25:16.955892581+00:00,ps-lb-09,2,-91,7.75,"{""Bat_V"": 3.576, ""Exti_pin_level"": ""Low"", ""Exti_status"": ""False"", ""IDC_intput_mA"": 4.205, ""IN1_pin_level"": ""Low"", ""IN2_pin_level"": ""Low"", ""Node_type"": ""PS-LB"", ""Probe_mod"": 0, ""VDC_intput_V"": 0, ""Water_deep_cm"": 2.563}"
2025-10-24 05:25:16.241012047+00:00,ps-lb-09,2,-90,8.0,"{""Bat_V"": 3.582, ""Exti_pin_level"": ""Low"", ""Exti_status"": ""False"", ""IDC_intput_mA"": 4.206, ""IN1_pin_level"": ""Low"", ""IN2_pin_level"": ""Low"", ""Node_type"": ""PS-LB"", ""Probe_mod"": 0, ""VDC_intput_V"": 0, ""Water_deep_cm"": 2.575}"
2025-10-24 06:25:15.503751581+00:00,ps-lb-09,2,-89,7.0,"{""Bat_V"": 3.576, ""Exti_pin_level"": ""Low"", ""Exti_status"": ""False"", ""IDC_intput_mA"": 4.205, ""IN1_pin_level"": ""Low"", ""IN2_pin_level"": ""Low"", ""Node_type"": ""PS-LB"", ""Probe_mod"": 0, ""VDC_intput_V"": 0, ""Water_deep_cm"": 2.563}"
2025-10-24 07:25:14.769089721+00:00,ps-lb-09,2,-97,3.25,"{""Bat_V"": 3.582, ""Exti_pin_level"": ""Low"", ""Exti_status"": ""False"", ""IDC_intput_mA"": 4.206, ""IN1_pin_level"": ""Low"", ""IN2_pin_level"": ""Low"", ""Node_type"": ""PS-LB"", ""Probe_mod"": 0, ""VDC_intput_V"": 0, ""Water_deep_cm"": 2.575}"
2025-10-24 08:25:14.047199402+00:00,ps-lb-09,2,-94,3.25,"{""Bat_V"": 3.576, ""Exti_pin_level"": ""Low"", ""Exti_status"": ""False"", ""IDC_intput_mA"": 4.206, ""IN1_pin_level"": ""Low"", ""IN2_pin_level"": ""Low"", ""Node_type"": ""PS-LB"", ""Probe_mod"": 0, ""VDC_intput_V"": 0, ""Water_deep_cm"": 2.575}"
2025-10-24 09:25:13.310534740+00:00,ps-lb-09,2,-95,4.25,"{""Bat_V"": 3.582, ""Exti_pin_level"": ""Low"", ""Exti_status"": ""False"", ""IDC_intput_mA"": 4.206, ""IN1_pin_level"": ""Low"", ""IN2_pin_level"": ""Low"", ""Node_type"": ""PS-LB"", ""Probe_mod"": 0, ""VDC_intput_V"": 0, ""Water_deep_cm"": 2.575}"
2025-10-24 10:25:12.575470500+00:00,ps-lb-09,2,-95,6.25,"{""Bat_V"": 3.582, ""Exti_pin_level"": ""Low"", ""Exti_status"": ""False"", ""IDC_intput_mA"": 4.206, ""IN1_pin_level"": ""Low"", ""IN2_pin_level"": ""Low"", ""Node_type"": ""PS-LB"", ""Probe_mod"": 0, ""VDC_intput_V"": 0, ""Water_deep_cm"": 2.575}"
2025-10-24 11:25:11.849905295+00:00,ps-lb-09,2,-96,2.5,"{""Bat_V"": 3.576, ""Exti_pin_level"": ""Low"", ""Exti_status"": ""False"", ""IDC_intput_mA"": 4.207, ""IN1_pin_level"": ""Low"", ""IN2_pin_level"": ""Low"", ""Node_type"": ""PS-LB"", ""Probe_mod"": 0, ""VDC_intput_V"": 0, ""Water_deep_cm"": 2.587}"
2025-10-24 12:25:11.114471143+00:00,ps-lb-09,2,-91,7.0,"{""Bat_V"": 3.582, ""Exti_pin_level"": ""Low"", ""Exti_status"": ""False"", ""IDC_intput_mA"": 4.207, ""IN1_pin_level"": ""Low"", ""IN2_pin_level"": ""Low"", ""Node_type"": ""PS-LB"", ""Probe_mod"": 0, ""VDC_intput_V"": 0, ""Water_deep_cm"": 2.587}"
2025-10-24 13:25:10.397358029+00:00,ps-lb-09,2,-101,0.75,"{""Bat_V"": 3.576, ""Exti_pin_level"": ""Low"", ""Exti_status"": ""False"", ""IDC_intput_mA"": 4.208, ""IN1_pin_level"": ""Low"", ""IN2_pin_level"": ""Low"", ""Node_type"": ""PS-LB"", ""Probe_mod"": 0, ""VDC_intput_V"": 0, ""Water_deep_cm"": 2.6}"
2025-10-24 14:25:09.659227034+00:00,ps-lb-09,2,-91,5.25,"{""Bat_V"": 3.582, ""Exti_pin_level"": ""Low"", ""Exti_status"": ""False"", ""IDC_intput_mA"": 4.206, ""IN1_pin_level"": ""Low"", ""IN2_pin_level"": ""Low"", ""Node_type"": ""PS-LB"", ""Probe_mod"": 0, ""VDC_intput_V"": 0, ""Water_deep_cm"": 2.575}"
2025-10-24 15:25:08.928940428+00:00,ps-lb-09,2,-95,4.5,"{""Bat_V"": 3.576, ""Exti_pin_level"": ""Low"", ""Exti_status"": ""False"", ""IDC_intput_mA"": 4.206, ""IN1_pin_level"": ""Low"", ""IN2_pin_level"": ""Low"", ""Node_type"": ""PS-LB"", ""Probe_mod"": 0, ""VDC_intput_V"": 0, ""Water_deep_cm"": 2.575}"
2025-10-24 16:25:08.200665128+00:00,ps-lb-09,2,-91,4.75,"{""Bat_V"": 3.582, ""Exti_pin_level"": ""Low"", ""Exti_status"": ""False"", ""IDC_intput_mA"": 4.207, ""IN1_pin_level"": ""Low"", ""IN2_pin_level"": ""Low"", ""Node_type"": ""PS-LB"", ""Probe_mod"": 0, ""VDC_intput_V"": 0, ""Water_deep_cm"": 2.587}"
2025-10-24 17:25:07.460290767+00:00,ps-lb-09,2,-91,5.0,"{""Bat_V"": 3.582, ""Exti_pin_level"": ""Low"", ""Exti_status"": ""False"", ""IDC_intput_mA"": 4.206, ""IN1_pin_level"": ""Low"", ""IN2_pin_level"": ""Low"", ""Node_type"": ""PS-LB"", ""Probe_mod"": 0, ""VDC_intput_V"": 0, ""Water_deep_cm"": 2.575}"
2025-10-24 18:25:06.736004369+00:00,ps-lb-09,2,-90,4.75,"{""Bat_V"": 3.582, ""Exti_pin_level"": ""Low"", ""Exti_status"": ""False"", ""IDC_intput_mA"": 4.207, ""IN1_pin_level"": ""Low"", ""IN2_pin_level"": ""Low"", ""Node_type"": ""PS-LB"", ""Probe_mod"": 0, ""VDC_intput_V"": 0, ""Water_deep_cm"": 2.587}"
2025-10-24 19:25:05.994591831+00:00,ps-lb-09,2,-91,6.5,"{""Bat_V"": 3.576, ""Exti_pin_level"": ""Low"", ""Exti_status"": ""False"", ""IDC_intput_mA"": 4.206, ""IN1_pin_level"": ""Low"", ""IN2_pin_level"": ""Low"", ""Node_type"": ""PS-LB"", ""Probe_mod"": 0, ""VDC_intput_V"": 0, ""Water_deep_cm"": 2.575}"
2025-10-24 20:25:05.269344551+00:00,ps-lb-09,2,-93,5.5,"{""Bat_V"": 3.576, ""Exti_pin_level"": ""Low"", ""Exti_status"": ""False"", ""IDC_intput_mA"": 4.207, ""IN1_pin_level"": ""Low"", ""IN2_pin_level"": ""Low"", ""Node_type"": ""PS-LB"", ""Probe_mod"": 0, ""VDC_intput_V"": 0, ""Water_deep_cm"": 2.587}"
2025-10-24 21:25:04.549640404+00:00,ps-lb-09,2,-93,6.5,"{""Bat_V"": 3.582, ""Exti_pin_level"": ""Low"", ""Exti_status"": ""False"", ""IDC_intput_mA"": 4.206, ""IN1_pin_level"": ""Low"", ""IN2_pin_level"": ""Low"", ""Node_type"": ""PS-LB"", ""Probe_mod"": 0, ""VDC_intput_V"": 0, ""Water_deep_cm"": 2.575}"
2025-10-24 22:25:03.814997205+00:00,ps-lb-09,2,-93,6.0,"{""Bat_V"": 3.576, ""Exti_pin_level"": ""Low"", ""Exti_status"": ""False"", ""IDC_intput_mA"": 4.206, ""IN1_pin_level"": ""Low"", ""IN2_pin_level"": ""Low"", ""Node_type"": ""PS-LB"", ""Probe_mod"": 0, ""VDC_intput_V"": 0, ""Water_deep_cm"": 2.575}"
2025-10-24 23:25:03.076368322+00:00,ps-lb-09,2,-92,4.25,"{""Bat_V"": 3.576, ""Exti_pin_level"": ""Low"", ""Exti_status"": ""False"", ""IDC_intput_mA"": 4.206, ""IN1_pin_level"": ""Low"", ""IN2_pin_level"": ""Low"", ""Node_type"": ""PS-LB"", ""Probe_mod"": 0, ""VDC_intput_V"": 0, ""Water_deep_cm"": 2.575}"
2025-10-25 00:25:02.374942121+00:00,ps-lb-09,2,-93,3.75,"{""Bat_V"": 3.576, ""Exti_pin_level"": ""Low"", ""Exti_status"": ""False"", ""IDC_intput_mA"": 4.205, ""IN1_pin_level"": ""Low"", ""IN2_pin_level"": ""Low"", ""Node_type"": ""PS-LB"", ""Probe_mod"": 0, ""VDC_intput_V"": 0, ""Water_deep_cm"": 2.563}"
2025-10-25 01:25:01.627985084+00:00,ps-lb-09,2,-92,4.0,"{""Bat_V"": 3.576, ""Exti_pin_level"": ""Low"", ""Exti_status"": ""False"", ""IDC_intput_mA"": 4.205, ""IN1_pin_level"": ""Low"", ""IN2_pin_level"": ""Low"", ""Node_type"": ""PS-LB"", ""Probe_mod"": 0, ""VDC_intput_V"": 0, ""Water_deep_cm"": 2.563}"
2025-10-25 02:25:00.898741355+00:00,ps-lb-09,2,-126,-9.5,"{""Bat_V"": 3.576, ""Exti_pin_level"": ""Low"", ""Exti_status"": ""False"", ""IDC_intput_mA"": 4.204, ""IN1_pin_level"": ""Low"", ""IN2_pin_level"": ""Low"", ""Node_type"": ""PS-LB"", ""Probe_mod"": 0, ""VDC_intput_V"": 0, ""Water_deep_cm"": 2.55}"
2025-10-25 03:25:00.176527999+00:00,ps-lb-09,2,-91,6.75,"{""Bat_V"": 3.576, ""Exti_pin_level"": ""Low"", ""Exti_status"": ""False"", ""IDC_intput_mA"": 4.204, ""IN1_pin_level"": ""Low"", ""IN2_pin_level"": ""Low"", ""Node_type"": ""PS-LB"", ""Probe_mod"": 0, ""VDC_intput_V"": 0, ""Water_deep_cm"": 2.55}"
2025-10-25 04:24:59.436490035+00:00,ps-lb-09,2,-92,6.0,"{""Bat_V"": 3.576, ""Exti_pin_level"": ""Low"", ""Exti_status"": ""False"", ""IDC_intput_mA"": 4.204, ""IN1_pin_level"": ""Low"", ""IN2_pin_level"": ""Low"", ""Node_type"": ""PS-LB"", ""Probe_mod"": 0, ""VDC_intput_V"": 0, ""Water_deep_cm"": 2.55}"
2025-10-25 05:24:58.719023076+00:00,ps-lb-09,2,-92,7.0,"{""Bat_V"": 3.576, ""Exti_pin_level"": ""Low"", ""Exti_status"": ""False"", ""IDC_intput_mA"": 4.203, ""IN1_pin_level"": ""Low"", ""IN2_pin_level"": ""Low"", ""Node_type"": ""PS-LB"", ""Probe_mod"": 0, ""VDC_intput_V"": 0, ""Water_deep_cm"": 2.538}"
2025-10-25 06:24:57.991894030+00:00,ps-lb-09,2,-92,4.25,"{""Bat_V"": 3.576, ""Exti_pin_level"": ""Low"", ""Exti_status"": ""False"", ""IDC_intput_mA"": 4.203, ""IN1_pin_level"": ""Low"", ""IN2_pin_level"": ""Low"", ""Node_type"": ""PS-LB"", ""Probe_mod"": 0, ""VDC_intput_V"": 0, ""Water_deep_cm"": 2.538}"
2025-10-25 07:24:57.261875844+00:00,ps-lb-09,2,-120,-4.5,"{""Bat_V"": 3.576, ""Exti_pin_level"": ""Low"", ""Exti_status"": ""False"", ""IDC_intput_mA"": 4.202, ""IN1_pin_level"": ""Low"", ""IN2_pin_level"": ""Low"", ""Node_type"": ""PS-LB"", ""Probe_mod"": 0, ""VDC_intput_V"": 0, ""Water_deep_cm"": 2.525}"
2025-10-25 08:24:56.534282639+00:00,ps-lb-09,2,-89,6.25,"{""Bat_V"": 3.576, ""Exti_pin_level"": ""Low"", ""Exti_status"": ""False"", ""IDC_intput_mA"": 4.202, ""IN1_pin_level"": ""Low"", ""IN2_pin_level"": ""Low"", ""Node_type"": ""PS-LB"", ""Probe_mod"": 0, ""VDC_intput_V"": 0, ""Water_deep_cm"": 2.525}"
2025-10-25 09:24:55.808803875+00:00,ps-lb-09,2,-93,4.25,"{""Bat_V"": 3.576, ""Exti_pin_level"": ""Low"", ""Exti_status"": ""False"", ""IDC_intput_mA"": 4.202, ""IN1_pin_level"": ""Low"", ""IN2_pin_level"": ""Low"", ""Node_type"": ""PS-LB"", ""Probe_mod"": 0, ""VDC_intput_V"": 0, ""Water_deep_cm"": 2.525}"
2025-10-25 10:24:55.084689007+00:00,ps-lb-09,2,-90,6.75,"{""Bat_V"": 3.576, ""Exti_pin_level"": ""Low"", ""Exti_status"": ""False"", ""IDC_intput_mA"": 4.202, ""IN1_pin_level"": ""Low"", ""IN2_pin_level"": ""Low"", ""Node_type"": ""PS-LB"", ""Probe_mod"": 0, ""VDC_intput_V"": 0, ""Water_deep_cm"": 2.525}"
2025-10-25 11:24:54.354776884+00:00,ps-lb-09,2,-123,-6.75,"{""Bat_V"": 3.576, ""Exti_pin_level"": ""Low"", ""Exti_status"": ""False"", ""IDC_intput_mA"": 4.2, ""IN1_pin_level"": ""Low"", ""IN2_pin_level"": ""Low"", ""Node_type"": ""PS-LB"", ""Probe_mod"": 0, ""VDC_intput_V"": 0, ""Water_deep_cm"": 2.5}"
2025-10-25 12:24:53.616589079+00:00,ps-lb-09,2,-90,8.0,"{""Bat_V"": 3.582, ""Exti_pin_level"": ""Low"", ""Exti_status"": ""False"", ""IDC_intput_mA"": 4.2, ""IN1_pin_level"": ""Low"", ""IN2_pin_level"": ""Low"", ""Node_type"": ""PS-LB"", ""Probe_mod"": 0, ""VDC_intput_V"": 0, ""Water_deep_cm"": 2.5}"
2025-10-25 13:24:52.905952689+00:00,ps-lb-09,2,-93,5.5,"{""Bat_V"": 3.576, ""Exti_pin_level"": ""Low"", ""Exti_status"": ""False"", ""IDC_intput_mA"": 4.2, ""IN1_pin_level"": ""Low"", ""IN2_pin_level"": ""Low"", ""Node_type"": ""PS-LB"", ""Probe_mod"": 0, ""VDC_intput_V"": 0, ""Water_deep_cm"": 2.5}"
2025-10-25 14:24:52.189494290+00:00,ps-lb-09,2,-91,4.75,"{""Bat_V"": 3.576, ""Exti_pin_level"": ""Low"", ""Exti_status"": ""False"", ""IDC_intput_mA"": 4.2, ""IN1_pin_level"": ""Low"", ""IN2_pin_level"": ""Low"", ""Node_type"": ""PS-LB"", ""Probe_mod"": 0, ""VDC_intput_V"": 0, ""Water_deep_cm"": 2.5}"
2025-10-25 15:24:51.452238500+00:00,ps-lb-09,2,-90,6.5,"{""Bat_V"": 3.576, ""Exti_pin_level"": ""Low"", ""Exti_status"": ""False"", ""IDC_intput_mA"": 4.2, ""IN1_pin_level"": ""Low"", ""IN2_pin_level"": ""Low"", ""Node_type"": ""PS-LB"", ""Probe_mod"": 0, ""VDC_intput_V"": 0, ""Water_deep_cm"": 2.5}"
2025-10-25 16:24:50.715419731+00:00,ps-lb-09,2,-90,6.75,"{""Bat_V"": 3.582, ""Exti_pin_level"": ""Low"", ""Exti_status"": ""False"", ""IDC_intput_mA"": 4.2, ""IN1_pin_level"": ""Low"", ""IN2_pin_level"": ""Low"", ""Node_type"": ""PS-LB"", ""Probe_mod"": 0, ""VDC_intput_V"": 0, ""Water_deep_cm"": 2.5}"
2025-10-25 17:24:50.005468819+00:00,ps-lb-09,2,-90,6.5,"{""Bat_V"": 3.576, ""Exti_pin_level"": ""Low"", ""Exti_status"": ""False"", ""IDC_intput_mA"": 4.2, ""IN1_pin_level"": ""Low"", ""IN2_pin_level"": ""Low"", ""Node_type"": ""PS-LB"", ""Probe_mod"": 0, ""VDC_intput_V"": 0, ""Water_deep_cm"": 2.5}"
2025-10-25 18:24:49.279901760+00:00,ps-lb-09,2,-88,6.25,"{""Bat_V"": 3.576, ""Exti_pin_level"": ""Low"", ""Exti_status"": ""False"", ""IDC_intput_mA"": 4.199, ""IN1_pin_level"": ""Low"", ""IN2_pin_level"": ""Low"", ""Node_type"": ""PS-LB"", ""Probe_mod"": 0, ""VDC_intput_V"": 0, ""Water_deep_cm"": 2.487}"
2025-10-25 19:24:48.565713805+00:00,ps-lb-09,2,-90,6.75,"{""Bat_V"": 3.576, ""Exti_pin_level"": ""Low"", ""Exti_status"": ""False"", ""IDC_intput_mA"": 4.199, ""IN1_pin_level"": ""Low"", ""IN2_pin_level"": ""Low"", ""Node_type"": ""PS-LB"", ""Probe_mod"": 0, ""VDC_intput_V"": 0, ""Water_deep_cm"": 2.487}"
2025-10-25 20:24:47.848278099+00:00,ps-lb-09,2,-91,6.75,"{""Bat_V"": 3.576, ""Exti_pin_level"": ""Low"", ""Exti_status"": ""False"", ""IDC_intput_mA"": 4.198, ""IN1_pin_level"": ""Low"", ""IN2_pin_level"": ""Low"", ""Node_type"": ""PS-LB"", ""Probe_mod"": 0, ""VDC_intput_V"": 0, ""Water_deep_cm"": 2.475}"
2025-10-25 22:24:46.392612981+00:00,ps-lb-09,2,-89,6.25,"{""Bat_V"": 3.576, ""Exti_pin_level"": ""Low"", ""Exti_status"": ""False"", ""IDC_intput_mA"": 4.198, ""IN1_pin_level"": ""Low"", ""IN2_pin_level"": ""Low"", ""Node_type"": ""PS-LB"", ""Probe_mod"": 0, ""VDC_intput_V"": 0, ""Water_deep_cm"": 2.475}"
2025-10-25 23:24:45.644486697+00:00,ps-lb-09,2,-124,-8.5,"{""Bat_V"": 3.576, ""Exti_pin_level"": ""Low"", ""Exti_status"": ""False"", ""IDC_intput_mA"": 4.198, ""IN1_pin_level"": ""Low"", ""IN2_pin_level"": ""Low"", ""Node_type"": ""PS-LB"", ""Probe_mod"": 0, ""VDC_intput_V"": 0, ""Water_deep_cm"": 2.475}"
2025-10-26 00:24:44.937856694+00:00,ps-lb-09,2,-92,4.25,"{""Bat_V"": 3.576, ""Exti_pin_level"": ""Low"", ""Exti_status"": ""False"", ""IDC_intput_mA"": 4.197, ""IN1_pin_level"": ""Low"", ""IN2_pin_level"": ""Low"", ""Node_type"": ""PS-LB"", ""Probe_mod"": 0, ""VDC_intput_V"": 0, ""Water_deep_cm"": 2.463}"
2025-10-26 01:24:44.195798380+00:00,ps-lb-09,2,-91,3.25,"{""Bat_V"": 3.576, ""Exti_pin_level"": ""Low"", ""Exti_status"": ""False"", ""IDC_intput_mA"": 4.196, ""IN1_pin_level"": ""Low"", ""IN2_pin_level"": ""Low"", ""Node_type"": ""PS-LB"", ""Probe_mod"": 0, ""VDC_intput_V"": 0, ""Water_deep_cm"": 2.45}"
2025-10-26 02:24:43.482335611+00:00,ps-lb-09,2,-92,3.5,"{""Bat_V"": 3.576, ""Exti_pin_level"": ""Low"", ""Exti_status"": ""False"", ""IDC_intput_mA"": 4.196, ""IN1_pin_level"": ""Low"", ""IN2_pin_level"": ""Low"", ""Node_type"": ""PS-LB"", ""Probe_mod"": 0, ""VDC_intput_V"": 0, ""Water_deep_cm"": 2.45}"
2025-10-26 03:24:42.751261635+00:00,ps-lb-09,2,-92,6.25,"{""Bat_V"": 3.576, ""Exti_pin_level"": ""Low"", ""Exti_status"": ""False"", ""IDC_intput_mA"": 4.196, ""IN1_pin_level"": ""Low"", ""IN2_pin_level"": ""Low"", ""Node_type"": ""PS-LB"", ""Probe_mod"": 0, ""VDC_intput_V"": 0, ""Water_deep_cm"": 2.45}"
2025-10-26 04:24:42.026882151+00:00,ps-lb-09,2,-93,4.0,"{""Bat_V"": 3.582, ""Exti_pin_level"": ""Low"", ""Exti_status"": ""False"", ""IDC_intput_mA"": 4.196, ""IN1_pin_level"": ""Low"", ""IN2_pin_level"": ""Low"", ""Node_type"": ""PS-LB"", ""Probe_mod"": 0, ""VDC_intput_V"": 0, ""Water_deep_cm"": 2.45}"
2025-10-26 05:24:41.290610352+00:00,ps-lb-09,2,-93,6.25,"{""Bat_V"": 3.576, ""Exti_pin_level"": ""Low"", ""Exti_status"": ""False"", ""IDC_intput_mA"": 4.197, ""IN1_pin_level"": ""Low"", ""IN2_pin_level"": ""Low"", ""Node_type"": ""PS-LB"", ""Probe_mod"": 0, ""VDC_intput_V"": 0, ""Water_deep_cm"": 2.463}"
2025-10-26 06:24:40.564270798+00:00,ps-lb-09,2,-89,7.5,"{""Bat_V"": 3.576, ""Exti_pin_level"": ""Low"", ""Exti_status"": ""False"", ""IDC_intput_mA"": 4.198, ""IN1_pin_level"": ""Low"", ""IN2_pin_level"": ""Low"", ""Node_type"": ""PS-LB"", ""Probe_mod"": 0, ""VDC_intput_V"": 0, ""Water_deep_cm"": 2.475}"
2025-10-26 09:24:38.397884311+00:00,ps-lb-09,2,-126,-10.25,"{""Bat_V"": 3.576, ""Exti_pin_level"": ""Low"", ""Exti_status"": ""False"", ""IDC_intput_mA"": 4.198, ""IN1_pin_level"": ""Low"", ""IN2_pin_level"": ""Low"", ""Node_type"": ""PS-LB"", ""Probe_mod"": 0, ""VDC_intput_V"": 0, ""Water_deep_cm"": 2.475}"
2025-10-26 15:24:34.044091429+00:00,ps-lb-09,2,-122,-7.25,"{""Bat_V"": 3.576, ""Exti_pin_level"": ""Low"", ""Exti_status"": ""False"", ""IDC_intput_mA"": 4.198, ""IN1_pin_level"": ""Low"", ""IN2_pin_level"": ""Low"", ""Node_type"": ""PS-LB"", ""Probe_mod"": 0, ""VDC_intput_V"": 0, ""Water_deep_cm"": 2.475}"
2025-10-26 16:24:33.301954387+00:00,ps-lb-09,2,-122,-4.75,"{""Bat_V"": 3.576, ""Exti_pin_level"": ""Low"", ""Exti_status"": ""False"", ""IDC_intput_mA"": 4.197, ""IN1_pin_level"": ""Low"", ""IN2_pin_level"": ""Low"", ""Node_type"": ""PS-LB"", ""Probe_mod"": 0, ""VDC_intput_V"": 0, ""Water_deep_cm"": 2.463}"
2025-10-26 20:24:30.404673245+00:00,ps-lb-09,2,-124,-7.5,"{""Bat_V"": 3.576, ""Exti_pin_level"": ""Low"", ""Exti_status"": ""False"", ""IDC_intput_mA"": 4.197, ""IN1_pin_level"": ""Low"", ""IN2_pin_level"": ""Low"", ""Node_type"": ""PS-LB"", ""Probe_mod"": 0, ""VDC_intput_V"": 0, ""Water_deep_cm"": 2.463}"
2025-10-26 21:24:29.676669942+00:00,ps-lb-09,2,-125,-9.25,"{""Bat_V"": 3.576, ""Exti_pin_level"": ""Low"", ""Exti_status"": ""False"", ""IDC_intput_mA"": 4.197, ""IN1_pin_level"": ""Low"", ""IN2_pin_level"": ""Low"", ""Node_type"": ""PS-LB"", ""Probe_mod"": 0, ""VDC_intput_V"": 0, ""Water_deep_cm"": 2.463}"
2025-10-26 22:24:28.937098610+00:00,ps-lb-09,2,-122,-6.0,"{""Bat_V"": 3.582, ""Exti_pin_level"": ""Low"", ""Exti_status"": ""False"", ""IDC_intput_mA"": 4.197, ""IN1_pin_level"": ""Low"", ""IN2_pin_level"": ""Low"", ""Node_type"": ""PS-LB"", ""Probe_mod"": 0, ""VDC_intput_V"": 0, ""Water_deep_cm"": 2.463}"
2025-10-27 05:24:23.848514100+00:00,ps-lb-09,2,-120,-4.75,"{""Bat_V"": 3.576, ""Exti_pin_level"": ""Low"", ""Exti_status"": ""False"", ""IDC_intput_mA"": 4.198, ""IN1_pin_level"": ""Low"", ""IN2_pin_level"": ""Low"", ""Node_type"": ""PS-LB"", ""Probe_mod"": 0, ""VDC_intput_V"": 0, ""Water_deep_cm"": 2.475}"
2025-10-27 08:24:21.667729474+00:00,ps-lb-09,2,-123,-6.25,"{""Bat_V"": 3.576, ""Exti_pin_level"": ""Low"", ""Exti_status"": ""False"", ""IDC_intput_mA"": 4.199, ""IN1_pin_level"": ""Low"", ""IN2_pin_level"": ""Low"", ""Node_type"": ""PS-LB"", ""Probe_mod"": 0, ""VDC_intput_V"": 0, ""Water_deep_cm"": 2.487}"
2025-10-27 11:24:19.438537648+00:00,ps-lb-09,2,-122,-5.75,"{""Bat_V"": 3.582, ""Exti_pin_level"": ""Low"", ""Exti_status"": ""False"", ""IDC_intput_mA"": 4.199, ""IN1_pin_level"": ""Low"", ""IN2_pin_level"": ""Low"", ""Node_type"": ""PS-LB"", ""Probe_mod"": 0, ""VDC_intput_V"": 0, ""Water_deep_cm"": 2.487}"
2025-10-27 16:25:53.242603178+00:00,ps-lb-09,5,-115,-19.0,"{""BAT"": 3.576, ""FIRMWARE_VERSION"": ""1.2.0"", ""FREQUENCY_BAND"": ""EU868"", ""SENSOR_MODEL"": ""PS-LB"", ""SUB_BAND"": ""NULL""}"
2025-10-27 16:26:10.592548599+00:00,ps-lb-09,2,-129,-14.0,"{""Bat_V"": 3.576, ""Exti_pin_level"": ""Low"", ""Exti_status"": ""False"", ""IDC_intput_mA"": 4.201, ""IN1_pin_level"": ""Low"", ""IN2_pin_level"": ""Low"", ""Node_type"": ""PS-LB"", ""Probe_mod"": 0, ""VDC_intput_V"": 0, ""Water_deep_cm"": 2.512}"
2025-10-27 18:26:01.096637636+00:00,ps-lb-09,2,-126,-11.75,"{""Bat_V"": 3.576, ""Exti_pin_level"": ""Low"", ""Exti_status"": ""False"", ""IDC_intput_mA"": 4.201, ""IN1_pin_level"": ""Low"", ""IN2_pin_level"": ""Low"", ""Node_type"": ""PS-LB"", ""Probe_mod"": 0, ""VDC_intput_V"": 0, ""Water_deep_cm"": 2.512}"
2025-10-27 19:26:00.431516742+00:00,ps-lb-09,2,-119,-11.25,"{""Bat_V"": 3.576, ""Exti_pin_level"": ""Low"", ""Exti_status"": ""False"", ""IDC_intput_mA"": 4.202, ""IN1_pin_level"": ""Low"", ""IN2_pin_level"": ""Low"", ""Node_type"": ""PS-LB"", ""Probe_mod"": 0, ""VDC_intput_V"": 0, ""Water_deep_cm"": 2.525}"
2025-10-27 20:25:59.640744170+00:00,ps-lb-09,2,-124,-15.5,"{""Bat_V"": 3.576, ""Exti_pin_level"": ""Low"", ""Exti_status"": ""False"", ""IDC_intput_mA"": 4.201, ""IN1_pin_level"": ""Low"", ""IN2_pin_level"": ""Low"", ""Node_type"": ""PS-LB"", ""Probe_mod"": 0, ""VDC_intput_V"": 0, ""Water_deep_cm"": 2.512}"
2025-10-27 21:25:58.925435524+00:00,ps-lb-09,2,-127,-11.25,"{""Bat_V"": 3.576, ""Exti_pin_level"": ""Low"", ""Exti_status"": ""False"", ""IDC_intput_mA"": 4.202, ""IN1_pin_level"": ""Low"", ""IN2_pin_level"": ""Low"", ""Node_type"": ""PS-LB"", ""Probe_mod"": 0, ""VDC_intput_V"": 0, ""Water_deep_cm"": 2.525}"
2025-10-27 22:25:58.199772203+00:00,ps-lb-09,2,-133,-18.25,"{""Bat_V"": 3.576, ""Exti_pin_level"": ""Low"", ""Exti_status"": ""False"", ""IDC_intput_mA"": 4.201, ""IN1_pin_level"": ""Low"", ""IN2_pin_level"": ""Low"", ""Node_type"": ""PS-LB"", ""Probe_mod"": 0, ""VDC_intput_V"": 0, ""Water_deep_cm"": 2.512}"
2025-10-27 23:25:57.553159233+00:00,ps-lb-09,2,-119,-15.75,"{""Bat_V"": 3.576, ""Exti_pin_level"": ""Low"", ""Exti_status"": ""False"", ""IDC_intput_mA"": 4.201, ""IN1_pin_level"": ""Low"", ""IN2_pin_level"": ""Low"", ""Node_type"": ""PS-LB"", ""Probe_mod"": 0, ""VDC_intput_V"": 0, ""Water_deep_cm"": 2.512}"
2025-10-28 00:25:56.736744976+00:00,ps-lb-09,2,-119,-8.75,"{""Bat_V"": 3.576, ""Exti_pin_level"": ""Low"", ""Exti_status"": ""False"", ""IDC_intput_mA"": 4.201, ""IN1_pin_level"": ""Low"", ""IN2_pin_level"": ""Low"", ""Node_type"": ""PS-LB"", ""Probe_mod"": 0, ""VDC_intput_V"": 0, ""Water_deep_cm"": 2.512}"
2025-10-28 01:25:56.009477201+00:00,ps-lb-09,2,-134,-18.25,"{""Bat_V"": 3.576, ""Exti_pin_level"": ""Low"", ""Exti_status"": ""False"", ""IDC_intput_mA"": 4.201, ""IN1_pin_level"": ""Low"", ""IN2_pin_level"": ""Low"", ""Node_type"": ""PS-LB"", ""Probe_mod"": 0, ""VDC_intput_V"": 0, ""Water_deep_cm"": 2.512}"
2025-10-28 02:25:55.288693047+00:00,ps-lb-09,2,-129,-14.0,"{""Bat_V"": 3.576, ""Exti_pin_level"": ""Low"", ""Exti_status"": ""False"", ""IDC_intput_mA"": 4.2, ""IN1_pin_level"": ""Low"", ""IN2_pin_level"": ""Low"", ""Node_type"": ""PS-LB"", ""Probe_mod"": 0, ""VDC_intput_V"": 0, ""Water_deep_cm"": 2.5}"
2025-10-28 03:25:54.604679879+00:00,ps-lb-09,2,-119,-10.75,"{""Bat_V"": 3.576, ""Exti_pin_level"": ""Low"", ""Exti_status"": ""False"", ""IDC_intput_mA"": 4.2, ""IN1_pin_level"": ""Low"", ""IN2_pin_level"": ""Low"", ""Node_type"": ""PS-LB"", ""Probe_mod"": 0, ""VDC_intput_V"": 0, ""Water_deep_cm"": 2.5}"
2025-10-28 04:25:53.828598633+00:00,ps-lb-09,2,-127,-12.0,"{""Bat_V"": 3.576, ""Exti_pin_level"": ""Low"", ""Exti_status"": ""False"", ""IDC_intput_mA"": 4.2, ""IN1_pin_level"": ""Low"", ""IN2_pin_level"": ""Low"", ""Node_type"": ""PS-LB"", ""Probe_mod"": 0, ""VDC_intput_V"": 0, ""Water_deep_cm"": 2.5}"
2025-10-28 05:25:53.109250981+00:00,ps-lb-09,2,-121,-5.25,"{""Bat_V"": 3.576, ""Exti_pin_level"": ""Low"", ""Exti_status"": ""False"", ""IDC_intput_mA"": 4.2, ""IN1_pin_level"": ""Low"", ""IN2_pin_level"": ""Low"", ""Node_type"": ""PS-LB"", ""Probe_mod"": 0, ""VDC_intput_V"": 0, ""Water_deep_cm"": 2.5}"
2025-10-28 06:25:52.452890161+00:00,ps-lb-09,2,-119,-14.25,"{""Bat_V"": 3.576, ""Exti_pin_level"": ""Low"", ""Exti_status"": ""False"", ""IDC_intput_mA"": 4.2, ""IN1_pin_level"": ""Low"", ""IN2_pin_level"": ""Low"", ""Node_type"": ""PS-LB"", ""Probe_mod"": 0, ""VDC_intput_V"": 0, ""Water_deep_cm"": 2.5}"
2025-10-28 07:25:51.630209899+00:00,ps-lb-09,2,-128,-17.75,"{""Bat_V"": 3.576, ""Exti_pin_level"": ""Low"", ""Exti_status"": ""False"", ""IDC_intput_mA"": 4.2, ""IN1_pin_level"": ""Low"", ""IN2_pin_level"": ""Low"", ""Node_type"": ""PS-LB"", ""Probe_mod"": 0, ""VDC_intput_V"": 0, ""Water_deep_cm"": 2.5}"
2025-10-28 08:25:50.952212394+00:00,ps-lb-09,2,-118,-7.25,"{""Bat_V"": 3.576, ""Exti_pin_level"": ""Low"", ""Exti_status"": ""False"", ""IDC_intput_mA"": 4.2, ""IN1_pin_level"": ""Low"", ""IN2_pin_level"": ""Low"", ""Node_type"": ""PS-LB"", ""Probe_mod"": 0, ""VDC_intput_V"": 0, ""Water_deep_cm"": 2.5}"
2025-10-28 09:25:50.152956838+00:00,ps-lb-09,2,-124,-9.0,"{""Bat_V"": 3.576, ""Exti_pin_level"": ""Low"", ""Exti_status"": ""False"", ""IDC_intput_mA"": 4.2, ""IN1_pin_level"": ""Low"", ""IN2_pin_level"": ""Low"", ""Node_type"": ""PS-LB"", ""Probe_mod"": 0, ""VDC_intput_V"": 0, ""Water_deep_cm"": 2.5}"
2025-10-28 10:25:49.447618612+00:00,ps-lb-09,2,-122,-7.0,"{""Bat_V"": 3.576, ""Exti_pin_level"": ""Low"", ""Exti_status"": ""False"", ""IDC_intput_mA"": 4.203, ""IN1_pin_level"": ""Low"", ""IN2_pin_level"": ""Low"", ""Node_type"": ""PS-LB"", ""Probe_mod"": 0, ""VDC_intput_V"": 0, ""Water_deep_cm"": 2.538}"
2025-10-28 11:25:48.710074754+00:00,ps-lb-09,2,-124,-9.25,"{""Bat_V"": 3.576, ""Exti_pin_level"": ""Low"", ""Exti_status"": ""False"", ""IDC_intput_mA"": 4.201, ""IN1_pin_level"": ""Low"", ""IN2_pin_level"": ""Low"", ""Node_type"": ""PS-LB"", ""Probe_mod"": 0, ""VDC_intput_V"": 0, ""Water_deep_cm"": 2.512}"
2025-10-28 12:25:47.991723111+00:00,ps-lb-09,2,-124,-9.25,"{""Bat_V"": 3.576, ""Exti_pin_level"": ""Low"", ""Exti_status"": ""False"", ""IDC_intput_mA"": 4.201, ""IN1_pin_level"": ""Low"", ""IN2_pin_level"": ""Low"", ""Node_type"": ""PS-LB"", ""Probe_mod"": 0, ""VDC_intput_V"": 0, ""Water_deep_cm"": 2.512}"
2025-10-28 13:25:47.260373490+00:00,ps-lb-09,2,-127,-10.75,"{""Bat_V"": 3.576, ""Exti_pin_level"": ""Low"", ""Exti_status"": ""False"", ""IDC_intput_mA"": 4.202, ""IN1_pin_level"": ""Low"", ""IN2_pin_level"": ""Low"", ""Node_type"": ""PS-LB"", ""Probe_mod"": 0, ""VDC_intput_V"": 0, ""Water_deep_cm"": 2.525}"
2025-10-28 14:25:46.537505743+00:00,ps-lb-09,2,-127,-11.25,"{""Bat_V"": 3.576, ""Exti_pin_level"": ""Low"", ""Exti_status"": ""False"", ""IDC_intput_mA"": 4.202, ""IN1_pin_level"": ""Low"", ""IN2_pin_level"": ""Low"", ""Node_type"": ""PS-LB"", ""Probe_mod"": 0, ""VDC_intput_V"": 0, ""Water_deep_cm"": 2.525}"
2025-10-28 15:25:45.887635940+00:00,ps-lb-09,2,-117,-11.25,"{""Bat_V"": 3.576, ""Exti_pin_level"": ""Low"", ""Exti_status"": ""False"", ""IDC_intput_mA"": 4.202, ""IN1_pin_level"": ""Low"", ""IN2_pin_level"": ""Low"", ""Node_type"": ""PS-LB"", ""Probe_mod"": 0, ""VDC_intput_V"": 0, ""Water_deep_cm"": 2.525}"
2025-10-28 16:25:45.059543469+00:00,ps-lb-09,2,-126,-10.0,"{""Bat_V"": 3.576, ""Exti_pin_level"": ""Low"", ""Exti_status"": ""False"", ""IDC_intput_mA"": 4.202, ""IN1_pin_level"": ""Low"", ""IN2_pin_level"": ""Low"", ""Node_type"": ""PS-LB"", ""Probe_mod"": 0, ""VDC_intput_V"": 0, ""Water_deep_cm"": 2.525}"
2025-10-28 17:25:44.333259987+00:00,ps-lb-09,2,-134,-19.75,"{""Bat_V"": 3.576, ""Exti_pin_level"": ""Low"", ""Exti_status"": ""False"", ""IDC_intput_mA"": 4.202, ""IN1_pin_level"": ""Low"", ""IN2_pin_level"": ""Low"", ""Node_type"": ""PS-LB"", ""Probe_mod"": 0, ""VDC_intput_V"": 0, ""Water_deep_cm"": 2.525}"
2025-10-28 18:25:43.913451843+00:00,ps-lb-09,2,-118,-11.5,"{""Bat_V"": 3.576, ""Exti_pin_level"": ""Low"", ""Exti_status"": ""False"", ""IDC_intput_mA"": 4.202, ""IN1_pin_level"": ""Low"", ""IN2_pin_level"": ""Low"", ""Node_type"": ""PS-LB"", ""Probe_mod"": 0, ""VDC_intput_V"": 0, ""Water_deep_cm"": 2.525}"
2025-10-28 20:25:42.138595664+00:00,ps-lb-09,2,-131,-15.75,"{""Bat_V"": 3.576, ""Exti_pin_level"": ""Low"", ""Exti_status"": ""False"", ""IDC_intput_mA"": 4.202, ""IN1_pin_level"": ""Low"", ""IN2_pin_level"": ""Low"", ""Node_type"": ""PS-LB"", ""Probe_mod"": 0, ""VDC_intput_V"": 0, ""Water_deep_cm"": 2.525}"
2025-10-28 21:25:41.418722470+00:00,ps-lb-09,2,-128,-12.5,"{""Bat_V"": 3.576, ""Exti_pin_level"": ""Low"", ""Exti_status"": ""False"", ""IDC_intput_mA"": 4.202, ""IN1_pin_level"": ""Low"", ""IN2_pin_level"": ""Low"", ""Node_type"": ""PS-LB"", ""Probe_mod"": 0, ""VDC_intput_V"": 0, ""Water_deep_cm"": 2.525}"
2025-10-28 22:25:40.678692411+00:00,ps-lb-09,2,-129,-14.0,"{""Bat_V"": 3.576, ""Exti_pin_level"": ""Low"", ""Exti_status"": ""False"", ""IDC_intput_mA"": 4.202, ""IN1_pin_level"": ""Low"", ""IN2_pin_level"": ""Low"", ""Node_type"": ""PS-LB"", ""Probe_mod"": 0, ""VDC_intput_V"": 0, ""Water_deep_cm"": 2.525}"
2025-10-28 23:25:40.002874726+00:00,ps-lb-09,2,-119,-10.75,"{""Bat_V"": 3.576, ""Exti_pin_level"": ""Low"", ""Exti_status"": ""False"", ""IDC_intput_mA"": 4.202, ""IN1_pin_level"": ""Low"", ""IN2_pin_level"": ""Low"", ""Node_type"": ""PS-LB"", ""Probe_mod"": 0, ""VDC_intput_V"": 0, ""Water_deep_cm"": 2.525}"
2025-10-29 00:25:39.290832142+00:00,ps-lb-09,2,-120,-10.0,"{""Bat_V"": 3.576, ""Exti_pin_level"": ""Low"", ""Exti_status"": ""False"", ""IDC_intput_mA"": 4.202, ""IN1_pin_level"": ""Low"", ""IN2_pin_level"": ""Low"", ""Node_type"": ""PS-LB"", ""Probe_mod"": 0, ""VDC_intput_V"": 0, ""Water_deep_cm"": 2.525}"
2025-10-29 01:25:38.519900243+00:00,ps-lb-09,2,-134,-19.0,"{""Bat_V"": 3.576, ""Exti_pin_level"": ""Low"", ""Exti_status"": ""False"", ""IDC_intput_mA"": 4.201, ""IN1_pin_level"": ""Low"", ""IN2_pin_level"": ""Low"", ""Node_type"": ""PS-LB"", ""Probe_mod"": 0, ""VDC_intput_V"": 0, ""Water_deep_cm"": 2.512}"
2025-10-29 02:25:37.773136234+00:00,ps-lb-09,2,-124,-9.25,"{""Bat_V"": 3.576, ""Exti_pin_level"": ""Low"", ""Exti_status"": ""False"", ""IDC_intput_mA"": 4.2, ""IN1_pin_level"": ""Low"", ""IN2_pin_level"": ""Low"", ""Node_type"": ""PS-LB"", ""Probe_mod"": 0, ""VDC_intput_V"": 0, ""Water_deep_cm"": 2.5}"
2025-10-29 03:25:37.021278331+00:00,ps-lb-09,2,-126,-11.25,"{""Bat_V"": 3.576, ""Exti_pin_level"": ""Low"", ""Exti_status"": ""False"", ""IDC_intput_mA"": 4.2, ""IN1_pin_level"": ""Low"", ""IN2_pin_level"": ""Low"", ""Node_type"": ""PS-LB"", ""Probe_mod"": 0, ""VDC_intput_V"": 0, ""Water_deep_cm"": 2.5}"
2025-10-29 04:25:36.306143149+00:00,ps-lb-09,2,-127,-11.5,"{""Bat_V"": 3.576, ""Exti_pin_level"": ""Low"", ""Exti_status"": ""False"", ""IDC_intput_mA"": 4.2, ""IN1_pin_level"": ""Low"", ""IN2_pin_level"": ""Low"", ""Node_type"": ""PS-LB"", ""Probe_mod"": 0, ""VDC_intput_V"": 0, ""Water_deep_cm"": 2.5}"
2025-10-29 05:25:35.571865835+00:00,ps-lb-09,2,-119,-4.25,"{""Bat_V"": 3.576, ""Exti_pin_level"": ""Low"", ""Exti_status"": ""False"", ""IDC_intput_mA"": 4.199, ""IN1_pin_level"": ""Low"", ""IN2_pin_level"": ""Low"", ""Node_type"": ""PS-LB"", ""Probe_mod"": 0, ""VDC_intput_V"": 0, ""Water_deep_cm"": 2.487}"
2025-10-29 06:25:34.904751991+00:00,ps-lb-09,2,-119,-12.75,"{""Bat_V"": 3.576, ""Exti_pin_level"": ""Low"", ""Exti_status"": ""False"", ""IDC_intput_mA"": 4.199, ""IN1_pin_level"": ""Low"", ""IN2_pin_level"": ""Low"", ""Node_type"": ""PS-LB"", ""Probe_mod"": 0, ""VDC_intput_V"": 0, ""Water_deep_cm"": 2.487}"
2025-10-29 07:25:34.122946385+00:00,ps-lb-09,2,-133,-17.5,"{""Bat_V"": 3.576, ""Exti_pin_level"": ""Low"", ""Exti_status"": ""False"", ""IDC_intput_mA"": 4.2, ""IN1_pin_level"": ""Low"", ""IN2_pin_level"": ""Low"", ""Node_type"": ""PS-LB"", ""Probe_mod"": 0, ""VDC_intput_V"": 0, ""Water_deep_cm"": 2.5}"
2025-10-29 08:25:33.393613693+00:00,ps-lb-09,2,-133,-18.25,"{""Bat_V"": 3.576, ""Exti_pin_level"": ""Low"", ""Exti_status"": ""False"", ""IDC_intput_mA"": 4.2, ""IN1_pin_level"": ""Low"", ""IN2_pin_level"": ""Low"", ""Node_type"": ""PS-LB"", ""Probe_mod"": 0, ""VDC_intput_V"": 0, ""Water_deep_cm"": 2.5}"
2025-10-29 09:25:32.652738155+00:00,ps-lb-09,2,-136,-20.25,"{""Bat_V"": 3.576, ""Exti_pin_level"": ""Low"", ""Exti_status"": ""False"", ""IDC_intput_mA"": 4.2, ""IN1_pin_level"": ""Low"", ""IN2_pin_level"": ""Low"", ""Node_type"": ""PS-LB"", ""Probe_mod"": 0, ""VDC_intput_V"": 0, ""Water_deep_cm"": 2.5}"
2025-10-29 10:25:31.924543486+00:00,ps-lb-09,2,-124,-8.75,"{""Bat_V"": 3.576, ""Exti_pin_level"": ""Low"", ""Exti_status"": ""False"", ""IDC_intput_mA"": 4.201, ""IN1_pin_level"": ""Low"", ""IN2_pin_level"": ""Low"", ""Node_type"": ""PS-LB"", ""Probe_mod"": 0, ""VDC_intput_V"": 0, ""Water_deep_cm"": 2.512}"
2025-10-29 11:25:31.207004331+00:00,ps-lb-09,2,-119,-5.25,"{""Bat_V"": 3.576, ""Exti_pin_level"": ""Low"", ""Exti_status"": ""False"", ""IDC_intput_mA"": 4.201, ""IN1_pin_level"": ""Low"", ""IN2_pin_level"": ""Low"", ""Node_type"": ""PS-LB"", ""Probe_mod"": 0, ""VDC_intput_V"": 0, ""Water_deep_cm"": 2.512}"
2025-10-29 12:25:30.458876808+00:00,ps-lb-09,2,-125,-12.25,"{""Bat_V"": 3.576, ""Exti_pin_level"": ""Low"", ""Exti_status"": ""False"", ""IDC_intput_mA"": 4.201, ""IN1_pin_level"": ""Low"", ""IN2_pin_level"": ""Low"", ""Node_type"": ""PS-LB"", ""Probe_mod"": 0, ""VDC_intput_V"": 0, ""Water_deep_cm"": 2.512}"
2025-10-29 13:25:29.737104797+00:00,ps-lb-09,2,-134,-18.75,"{""Bat_V"": 3.576, ""Exti_pin_level"": ""Low"", ""Exti_status"": ""False"", ""IDC_intput_mA"": 4.202, ""IN1_pin_level"": ""Low"", ""IN2_pin_level"": ""Low"", ""Node_type"": ""PS-LB"", ""Probe_mod"": 0, ""VDC_intput_V"": 0, ""Water_deep_cm"": 2.525}"
2025-10-29 14:25:29.006027223+00:00,ps-lb-09,2,-125,-12.75,"{""Bat_V"": 3.57, ""Exti_pin_level"": ""Low"", ""Exti_status"": ""False"", ""IDC_intput_mA"": 4.202, ""IN1_pin_level"": ""Low"", ""IN2_pin_level"": ""Low"", ""Node_type"": ""PS-LB"", ""Probe_mod"": 0, ""VDC_intput_V"": 0, ""Water_deep_cm"": 2.525}"
2025-10-29 15:25:28.283242803+00:00,ps-lb-09,2,-126,-10.5,"{""Bat_V"": 3.576, ""Exti_pin_level"": ""Low"", ""Exti_status"": ""False"", ""IDC_intput_mA"": 4.202, ""IN1_pin_level"": ""Low"", ""IN2_pin_level"": ""Low"", ""Node_type"": ""PS-LB"", ""Probe_mod"": 0, ""VDC_intput_V"": 0, ""Water_deep_cm"": 2.525}"
2025-10-29 16:25:27.545770779+00:00,ps-lb-09,2,-130,-15.25,"{""Bat_V"": 3.576, ""Exti_pin_level"": ""Low"", ""Exti_status"": ""False"", ""IDC_intput_mA"": 4.203, ""IN1_pin_level"": ""Low"", ""IN2_pin_level"": ""Low"", ""Node_type"": ""PS-LB"", ""Probe_mod"": 0, ""VDC_intput_V"": 0, ""Water_deep_cm"": 2.538}"
2025-10-29 17:25:26.822426518+00:00,ps-lb-09,2,-134,-19.0,"{""Bat_V"": 3.576, ""Exti_pin_level"": ""Low"", ""Exti_status"": ""False"", ""IDC_intput_mA"": 4.203, ""IN1_pin_level"": ""Low"", ""IN2_pin_level"": ""Low"", ""Node_type"": ""PS-LB"", ""Probe_mod"": 0, ""VDC_intput_V"": 0, ""Water_deep_cm"": 2.538}"
2025-10-29 18:25:26.070669675+00:00,ps-lb-09,2,-122,-12.25,"{""Bat_V"": 3.576, ""Exti_pin_level"": ""Low"", ""Exti_status"": ""False"", ""IDC_intput_mA"": 4.203, ""IN1_pin_level"": ""Low"", ""IN2_pin_level"": ""Low"", ""Node_type"": ""PS-LB"", ""Probe_mod"": 0, ""VDC_intput_V"": 0, ""Water_deep_cm"": 2.538}"
2025-10-29 20:25:24.622550829+00:00,ps-lb-09,2,-127,-12.0,"{""Bat_V"": 3.576, ""Exti_pin_level"": ""Low"", ""Exti_status"": ""False"", ""IDC_intput_mA"": 4.202, ""IN1_pin_level"": ""Low"", ""IN2_pin_level"": ""Low"", ""Node_type"": ""PS-LB"", ""Probe_mod"": 0, ""VDC_intput_V"": 0, ""Water_deep_cm"": 2.525}"
2025-10-29 21:25:23.898739922+00:00,ps-lb-09,2,-126,-10.5,"{""Bat_V"": 3.576, ""Exti_pin_level"": ""Low"", ""Exti_status"": ""False"", ""IDC_intput_mA"": 4.203, ""IN1_pin_level"": ""Low"", ""IN2_pin_level"": ""Low"", ""Node_type"": ""PS-LB"", ""Probe_mod"": 0, ""VDC_intput_V"": 0, ""Water_deep_cm"": 2.538}"
2025-10-29 22:25:23.249346291+00:00,ps-lb-09,2,-118,-17.75,"{""Bat_V"": 3.57, ""Exti_pin_level"": ""Low"", ""Exti_status"": ""False"", ""IDC_intput_mA"": 4.202, ""IN1_pin_level"": ""Low"", ""IN2_pin_level"": ""Low"", ""Node_type"": ""PS-LB"", ""Probe_mod"": 0, ""VDC_intput_V"": 0, ""Water_deep_cm"": 2.525}"
2025-10-29 23:25:22.456702132+00:00,ps-lb-09,2,-130,-18.75,"{""Bat_V"": 3.57, ""Exti_pin_level"": ""Low"", ""Exti_status"": ""False"", ""IDC_intput_mA"": 4.202, ""IN1_pin_level"": ""Low"", ""IN2_pin_level"": ""Low"", ""Node_type"": ""PS-LB"", ""Probe_mod"": 0, ""VDC_intput_V"": 0, ""Water_deep_cm"": 2.525}"
2025-10-30 00:25:21.700460687+00:00,ps-lb-09,2,-127,-11.75,"{""Bat_V"": 3.576, ""Exti_pin_level"": ""Low"", ""Exti_status"": ""False"", ""IDC_intput_mA"": 4.202, ""IN1_pin_level"": ""Low"", ""IN2_pin_level"": ""Low"", ""Node_type"": ""PS-LB"", ""Probe_mod"": 0, ""VDC_intput_V"": 0, ""Water_deep_cm"": 2.525}"
2025-10-30 01:25:20.993455172+00:00,ps-lb-09,2,-118,-10.5,"{""Bat_V"": 3.576, ""Exti_pin_level"": ""Low"", ""Exti_status"": ""False"", ""IDC_intput_mA"": 4.202, ""IN1_pin_level"": ""Low"", ""IN2_pin_level"": ""Low"", ""Node_type"": ""PS-LB"", ""Probe_mod"": 0, ""VDC_intput_V"": 0, ""Water_deep_cm"": 2.525}"
2025-10-30 02:25:20.254285769+00:00,ps-lb-09,2,-125,-10.5,"{""Bat_V"": 3.57, ""Exti_pin_level"": ""Low"", ""Exti_status"": ""False"", ""IDC_intput_mA"": 4.201, ""IN1_pin_level"": ""Low"", ""IN2_pin_level"": ""Low"", ""Node_type"": ""PS-LB"", ""Probe_mod"": 0, ""VDC_intput_V"": 0, ""Water_deep_cm"": 2.512}"
2025-10-30 03:25:19.544355859+00:00,ps-lb-09,2,-118,-10.25,"{""Bat_V"": 3.57, ""Exti_pin_level"": ""Low"", ""Exti_status"": ""False"", ""IDC_intput_mA"": 4.201, ""IN1_pin_level"": ""Low"", ""IN2_pin_level"": ""Low"", ""Node_type"": ""PS-LB"", ""Probe_mod"": 0, ""VDC_intput_V"": 0, ""Water_deep_cm"": 2.512}"
2025-10-30 04:25:18.837165585+00:00,ps-lb-09,2,-119,-11.0,"{""Bat_V"": 3.576, ""Exti_pin_level"": ""Low"", ""Exti_status"": ""False"", ""IDC_intput_mA"": 4.201, ""IN1_pin_level"": ""Low"", ""IN2_pin_level"": ""Low"", ""Node_type"": ""PS-LB"", ""Probe_mod"": 0, ""VDC_intput_V"": 0, ""Water_deep_cm"": 2.512}"
2025-10-30 05:25:18.063201688+00:00,ps-lb-09,2,-122,-8.25,"{""Bat_V"": 3.576, ""Exti_pin_level"": ""Low"", ""Exti_status"": ""False"", ""IDC_intput_mA"": 4.2, ""IN1_pin_level"": ""Low"", ""IN2_pin_level"": ""Low"", ""Node_type"": ""PS-LB"", ""Probe_mod"": 0, ""VDC_intput_V"": 0, ""Water_deep_cm"": 2.5}"
2025-10-30 07:25:16.603356574+00:00,ps-lb-09,2,-127,-11.75,"{""Bat_V"": 3.57, ""Exti_pin_level"": ""Low"", ""Exti_status"": ""False"", ""IDC_intput_mA"": 4.201, ""IN1_pin_level"": ""Low"", ""IN2_pin_level"": ""Low"", ""Node_type"": ""PS-LB"", ""Probe_mod"": 0, ""VDC_intput_V"": 0, ""Water_deep_cm"": 2.512}"
2025-10-30 08:25:16.008589929+00:00,ps-lb-09,2,-119,-11.0,"{""Bat_V"": 3.57, ""Exti_pin_level"": ""Low"", ""Exti_status"": ""False"", ""IDC_intput_mA"": 4.201, ""IN1_pin_level"": ""Low"", ""IN2_pin_level"": ""Low"", ""Node_type"": ""PS-LB"", ""Probe_mod"": 0, ""VDC_intput_V"": 0, ""Water_deep_cm"": 2.512}"
2025-10-30 09:25:15.133167002+00:00,ps-lb-09,2,-127,-12.0,"{""Bat_V"": 3.576, ""Exti_pin_level"": ""Low"", ""Exti_status"": ""False"", ""IDC_intput_mA"": 4.202, ""IN1_pin_level"": ""Low"", ""IN2_pin_level"": ""Low"", ""Node_type"": ""PS-LB"", ""Probe_mod"": 0, ""VDC_intput_V"": 0, ""Water_deep_cm"": 2.525}"
2025-10-30 10:25:14.489131173+00:00,ps-lb-09,2,-120,-17.75,"{""Bat_V"": 3.57, ""Exti_pin_level"": ""Low"", ""Exti_status"": ""False"", ""IDC_intput_mA"": 4.202, ""IN1_pin_level"": ""Low"", ""IN2_pin_level"": ""Low"", ""Node_type"": ""PS-LB"", ""Probe_mod"": 0, ""VDC_intput_V"": 0, ""Water_deep_cm"": 2.525}"
2025-10-30 11:25:13.681713768+00:00,ps-lb-09,2,-124,-9.25,"{""Bat_V"": 3.57, ""Exti_pin_level"": ""Low"", ""Exti_status"": ""False"", ""IDC_intput_mA"": 4.202, ""IN1_pin_level"": ""Low"", ""IN2_pin_level"": ""Low"", ""Node_type"": ""PS-LB"", ""Probe_mod"": 0, ""VDC_intput_V"": 0, ""Water_deep_cm"": 2.525}"
2025-10-30 12:25:12.949666461+00:00,ps-lb-09,2,-126,-10.0,"{""Bat_V"": 3.57, ""Exti_pin_level"": ""Low"", ""Exti_status"": ""False"", ""IDC_intput_mA"": 4.202, ""IN1_pin_level"": ""Low"", ""IN2_pin_level"": ""Low"", ""Node_type"": ""PS-LB"", ""Probe_mod"": 0, ""VDC_intput_V"": 0, ""Water_deep_cm"": 2.525}"
2025-10-30 14:25:11.511526719+00:00,ps-lb-09,2,-128,-19.25,"{""Bat_V"": 3.57, ""Exti_pin_level"": ""Low"", ""Exti_status"": ""False"", ""IDC_intput_mA"": 25.46, ""IN1_pin_level"": ""Low"", ""IN2_pin_level"": ""Low"", ""Node_type"": ""PS-LB"", ""Probe_mod"": 0, ""VDC_intput_V"": 0, ""Water_deep_cm"": 268.25}"
2025-10-30 16:25:10.039954143+00:00,ps-lb-09,2,-128,-13.0,"{""Bat_V"": 3.576, ""Exti_pin_level"": ""Low"", ""Exti_status"": ""False"", ""IDC_intput_mA"": 4.203, ""IN1_pin_level"": ""Low"", ""IN2_pin_level"": ""Low"", ""Node_type"": ""PS-LB"", ""Probe_mod"": 0, ""VDC_intput_V"": 0, ""Water_deep_cm"": 2.538}"
2025-10-30 17:25:09.303467583+00:00,ps-lb-09,2,-130,-14.5,"{""Bat_V"": 3.57, ""Exti_pin_level"": ""Low"", ""Exti_status"": ""False"", ""IDC_intput_mA"": 4.202, ""IN1_pin_level"": ""Low"", ""IN2_pin_level"": ""Low"", ""Node_type"": ""PS-LB"", ""Probe_mod"": 0, ""VDC_intput_V"": 0, ""Water_deep_cm"": 2.525}"
2025-10-30 20:25:07.123583970+00:00,ps-lb-09,2,-126,-12.0,"{""Bat_V"": 3.576, ""Exti_pin_level"": ""Low"", ""Exti_status"": ""False"", ""IDC_intput_mA"": 4.202, ""IN1_pin_level"": ""Low"", ""IN2_pin_level"": ""Low"", ""Node_type"": ""PS-LB"", ""Probe_mod"": 0, ""VDC_intput_V"": 0, ""Water_deep_cm"": 2.525}"
2025-10-30 21:25:06.394781215+00:00,ps-lb-09,2,-120,-4.75,"{""Bat_V"": 3.576, ""Exti_pin_level"": ""Low"", ""Exti_status"": ""False"", ""IDC_intput_mA"": 4.202, ""IN1_pin_level"": ""Low"", ""IN2_pin_level"": ""Low"", ""Node_type"": ""PS-LB"", ""Probe_mod"": 0, ""VDC_intput_V"": 0, ""Water_deep_cm"": 2.525}"
2025-10-30 23:25:04.927983140+00:00,ps-lb-09,2,-127,-12.25,"{""Bat_V"": 3.57, ""Exti_pin_level"": ""Low"", ""Exti_status"": ""False"", ""IDC_intput_mA"": 4.202, ""IN1_pin_level"": ""Low"", ""IN2_pin_level"": ""Low"", ""Node_type"": ""PS-LB"", ""Probe_mod"": 0, ""VDC_intput_V"": 0, ""Water_deep_cm"": 2.525}"
